Date,a120,a135,a150,a180,a30,a45,a60,a90,MEJU,MEMA,MENE,MEPL,MESA,MESU,MEUR,MEVS,MOJU,MOMA,MONE,MOPL,MOSA,MOSU,MOUR,MOVS,SUJU,SUMA,SUNE,SUPL,SUSA,SUUR,SUVS,VEJU,VEMA,VENE,VEPL,VESA,VESU,VEUR,VEVS,DiffPred1,DiffPred2,DiffPred3,DiffPred4,DiffPred5,EffPred
2010-01-01,2,1,3,0,1,4,0,0,0,1,0,0,0,0,0,0,2,1,1,0,0,0,1,1,1,0,1,0,0,0,0,0,0,1,0,0,0,0,1,-0.00544464,-0.00540369,-0.0041809,-0.00293615,-0.00293615,sell
2010-01-02,0,1,4,0,1,4,1,0,0,1,0,0,0,0,0,0,1,0,0,1,1,1,1,1,1,0,1,0,0,0,0,1,0,1,0,0,0,0,0,-0.00415886,-0.00003165,-0.0002664,-0.00026638,-0.00026638,buy
2010-01-03,0,2,3,2,0,4,0,0,0,1,0,0,0,1,0,0,1,1,1,1,1,2,1,0,1,0,0,0,0,0,0,1,0,1,0,0,1,0,0, 0.00367031, 0.00148076, 0.0014808,-0.00107938, 0.00050451,buy
2010-01-04,1,1,0,1,1,4,0,0,1,0,0,0,0,1,0,0,1,0,0,1,1,1,0,1,1,0,0,0,0,0,0,1,0,1,0,0,1,0,0, 0.00344587, 0.00092067, 0.0008586,-0.00169981, 0.00086312,buy
2010-01-05,1,0,2,1,1,2,0,0,1,0,0,0,0,1,0,0,1,1,1,0,0,1,1,0,0,0,0,0,0,0,0,1,0,0,0,0,1,0,0, 0.00374712, 0.00306058, 0.0031868, 0.00306058, 0.00189700,buy
2010-01-06,0,1,2,0,1,4,0,1,1,0,1,0,0,0,0,0,1,1,1,1,1,0,0,1,0,1,0,0,0,0,0,1,0,0,0,0,1,0,0,-0.00041298, 0.00173790, 0.0025700, 0.00219504, 0.00247086,buy
2010-01-07,1,2,3,0,0,3,1,1,1,0,1,0,0,0,0,0,1,1,2,0,0,1,1,1,0,1,0,0,0,0,0,0,1,0,0,0,1,0,0,-0.00440700,-0.00584036,-0.0046171,-0.00483737,-0.00520213,sell
2010-01-08,2,1,3,0,1,1,2,0,0,0,1,0,0,0,0,0,1,0,1,1,1,0,2,1,0,1,0,0,0,0,0,0,1,0,0,0,1,0,0,-0.00157329,-0.00168485,-0.0011957,-0.00169129, 0.00434763,sell
2010-01-09,1,2,2,0,0,3,2,1,0,0,1,0,0,0,0,1,0,1,0,1,1,1,1,1,0,1,0,0,0,0,1,0,1,0,0,0,1,0,0,-0.00246913,-0.00184011, 0.0035005,-0.00193203, 0.00421514,buy
2010-01-10,2,2,0,0,1,3,1,2,0,0,1,0,0,0,0,1,1,0,1,2,1,1,1,0,0,0,0,0,0,0,1,0,0,0,0,0,1,0,1, 0.00282488, 0.00401908, 0.0024086, 0.00282488, 0.00287839,buy
2010-01-11,2,2,0,0,1,1,3,2,0,0,0,0,1,0,0,1,0,1,0,1,1,1,0,1,0,0,0,0,0,1,1,0,0,0,0,0,1,1,1,-0.00269109,-0.00409004,-0.0032660,-0.00409004,-0.00349162,sell
2010-01-12,2,2,0,0,1,0,4,2,0,0,0,0,1,0,0,1,1,1,1,0,0,1,1,0,0,0,0,0,0,1,1,0,0,0,0,0,1,1,1,-0.00338567,-0.00445276,-0.0040252,-0.00445276,-0.00403680,sell
2010-01-13,2,3,0,0,2,1,3,2,0,0,0,0,1,0,0,1,1,1,1,1,1,0,0,1,0,0,1,0,0,1,1,0,0,1,0,0,1,1,1,-0.00327197,-0.00131989,-0.0032720,-0.00448881,-0.00327197,sell
2010-01-14,1,1,1,0,2,2,2,1,0,0,0,1,1,0,0,1,1,1,1,0,0,0,0,1,0,0,1,0,0,1,0,0,0,1,0,0,1,1,0,-0.00455015,-0.00313097,-0.0045501,-0.00455015,-0.00455015,sell
2010-01-15,2,1,0,0,5,0,3,1,0,0,0,1,1,0,0,1,1,0,1,1,1,1,1,1,0,0,1,0,0,1,0,0,0,1,0,0,1,1,0,-0.00302813,-0.00093281,-0.0030161,-0.00258852,-0.00301609,sell
2010-01-16,2,0,1,1,4,1,0,1,0,0,0,1,1,0,0,1,0,1,0,1,1,0,1,1,0,0,1,0,0,0,0,1,0,1,0,0,1,0,0,-0.00530314,-0.00084020,-0.0049123,-0.00530314,-0.00572204,sell
2010-01-17,1,1,0,1,4,1,0,1,0,0,0,1,1,0,0,1,0,1,1,1,1,1,1,0,0,0,1,0,0,0,0,1,0,0,0,0,1,0,0,-0.00226712, 0.00038252,-0.0010752, 0.00357424, 0.00088987,buy
2010-01-18,1,0,1,1,3,0,1,1,0,0,0,1,1,0,0,1,1,0,1,1,1,1,0,1,1,0,0,0,0,0,0,1,0,0,0,0,1,0,0, 0.00172847, 0.00436981, 0.0031328, 0.00342373, 0.00304924,buy
2010-01-19,1,0,1,0,2,1,0,1,0,0,0,0,1,0,0,1,0,1,0,0,0,1,0,0,1,0,0,0,0,0,0,1,0,0,0,0,1,0,0,-0.00287829,-0.00798328,-0.0064374,-0.00250843,-0.00798328,sell
2010-01-20,2,1,0,0,5,0,1,1,0,0,0,0,0,0,0,1,1,1,1,1,0,1,1,0,1,0,0,0,0,0,0,1,0,0,1,1,1,0,0,-0.00417215,-0.00540630,-0.0066463,-0.00634026,-0.00962348,sell
2010-01-21,3,0,2,1,2,2,1,1,0,0,0,0,0,0,0,1,1,1,1,1,1,1,0,1,1,0,0,0,0,0,0,0,0,0,1,1,0,0,1, 0.00472153, 0.00430823, 0.0047215, 0.00472153, 0.00544156,buy
2010-01-22,2,1,1,0,4,2,1,0,0,0,1,0,0,0,0,0,1,0,1,0,0,0,1,1,1,0,0,1,1,0,0,0,0,0,1,1,0,0,1,-0.00316872,-0.00303870,-0.0029196, 0.00116410,-0.00273188,sell
2010-01-23,4,0,3,0,3,2,1,1,0,0,1,0,0,0,0,0,1,0,0,1,1,1,1,1,1,0,0,1,1,0,1,0,0,0,1,1,0,0,1, 0.00254684, 0.00301486, 0.0049496, 0.00284895, 0.00304027,buy
2010-01-24,1,2,3,0,1,3,1,1,0,1,1,0,0,0,0,0,0,1,0,1,1,0,2,0,0,0,0,1,1,0,1,0,0,0,0,0,0,1,1,-0.00747771,-0.00606906,-0.0062171,-0.00706369,-0.00715218,sell
2010-01-25,3,0,3,0,1,2,1,3,0,1,1,0,0,0,0,0,1,0,1,1,1,1,1,1,0,0,0,1,1,0,1,0,0,0,0,0,0,1,0, 0.00266228, 0.00159121, 0.0013732, 0.00235540, 0.00238466,buy
2010-01-26,2,1,2,1,1,2,1,0,0,1,1,0,0,0,0,0,0,1,0,0,0,2,0,0,0,0,0,1,1,0,1,0,1,0,0,0,0,1,0,-0.00718270,-0.00737084,-0.0005649,-0.00628116,-0.00776883,sell
2010-01-27,2,1,1,2,0,4,1,2,0,1,1,0,0,0,0,0,1,1,1,1,1,1,1,1,0,0,0,0,0,1,0,0,1,0,0,0,0,1,0,-0.00790916,-0.00058677,-0.0084845,-0.00848450,-0.00830085,sell
2010-01-28,0,2,1,3,1,2,1,1,0,0,0,0,0,0,0,0,1,1,1,1,1,1,0,2,0,1,0,0,0,1,0,0,1,0,0,0,0,0,0,-0.00322683,-0.00441738,-0.0012007,-0.00328853,-0.00543980,sell
2010-01-29,1,0,3,1,1,2,1,0,0,0,0,0,0,0,0,0,1,0,1,1,1,0,1,2,0,1,0,0,0,1,0,0,0,0,0,0,0,0,0,-0.00686765,-0.00652465,-0.0063660,-0.00720814,-0.00533526,sell
2010-01-30,0,2,1,2,0,3,1,0,1,0,0,0,0,0,0,0,0,1,0,2,2,1,1,0,0,1,0,0,0,1,0,0,0,0,0,0,0,0,0, 0.00063345, 0.00158301, 0.0015830, 0.00074774,-0.00231973,buy
2010-01-31,1,1,1,3,1,2,0,0,1,0,0,0,0,0,0,1,1,0,1,1,1,0,1,1,0,1,0,0,0,1,0,0,0,0,0,0,0,0,0, 0.00067021, 0.00059577, 0.0014363, 0.00090899, 0.00302800,buy
2010-02-01,0,2,1,0,1,2,0,0,1,0,0,0,0,0,0,1,0,1,0,0,0,1,0,0,0,0,0,0,0,0,0,0,0,0,1,1,0,0,0, 0.00357243, 0.00563672, 0.0077050, 0.00556637, 0.00587719,buy
2010-02-02,0,3,2,1,1,3,0,1,1,0,0,0,0,0,0,1,1,1,1,1,1,1,1,1,0,0,0,0,0,0,0,0,0,0,1,1,0,0,0, 0.00696399, 0.00913241, 0.0096356, 0.00938644, 0.00840333,buy
2010-02-03,1,4,0,0,0,3,1,1,1,0,0,0,0,0,0,1,1,1,1,1,1,1,0,1,0,0,0,0,0,0,0,0,0,0,1,1,0,0,0, 0.00455782, 0.00780227, 0.0082751, 0.00780227, 0.00825141,buy
2010-02-04,2,2,1,0,1,1,3,0,0,0,0,0,0,0,1,0,2,0,1,1,1,0,1,1,0,0,0,0,0,0,0,0,0,0,1,1,0,0,0,-0.00315101,-0.00291965,-0.0040295, 0.00173903,-0.00200137,sell
2010-02-05,1,1,0,0,3,0,3,2,0,0,1,0,0,0,1,0,1,1,0,1,1,1,1,1,0,0,0,0,0,0,0,0,0,0,0,0,0,1,0,-0.00608546,-0.00514178,-0.0051418,-0.00334121,-0.00420428,sell
2010-02-06,1,1,0,0,2,3,1,2,0,0,1,0,0,0,1,0,0,0,1,1,1,1,1,0,0,0,0,1,1,0,0,0,0,1,0,0,0,1,0,-0.00604949,-0.00771206,-0.0061174,-0.00604949,-0.00588464,sell
2010-02-07,1,1,0,0,3,1,2,2,0,0,1,0,0,0,1,0,1,1,0,1,1,0,0,1,0,0,0,1,1,0,0,0,0,1,0,0,0,1,0,-0.00702853,-0.00328215,-0.0061157,-0.00459909,-0.00333155,sell
2010-02-08,0,2,0,0,2,1,2,1,0,0,1,0,0,0,0,0,0,1,1,0,0,1,1,0,0,0,0,1,1,0,0,0,0,1,0,0,0,1,0,-0.00348691,-0.00206051,-0.0023872,-0.00200260,-0.00206051,sell
2010-02-09,1,1,1,0,0,2,2,2,0,0,0,0,0,0,0,0,1,1,1,1,1,1,1,1,0,0,0,1,1,0,0,0,0,1,0,0,0,0,0, 0.00339118, 0.00060969,-0.0004702, 0.00435723, 0.00114259,buy
2010-02-10,0,1,2,0,0,3,1,0,0,0,0,0,0,0,0,1,1,1,1,1,0,1,0,1,0,0,0,1,0,0,0,0,0,0,0,0,0,0,0, 0.00896254, 0.00843146, 0.0085723, 0.00884763, 0.00829943,buy
2010-02-11,1,0,2,1,3,1,1,0,0,0,0,0,1,0,0,1,1,0,1,0,0,1,1,1,0,0,0,0,0,1,0,0,0,0,0,0,0,0,1, 0.00577622, 0.00577622, 0.0076613, 0.00577622, 0.00577622,buy
2010-02-12,2,0,2,3,4,1,0,0,0,1,0,1,1,0,0,1,1,1,0,1,1,0,1,1,0,0,1,0,0,1,0,0,0,0,0,0,0,0,1, 0.00630228, 0.01062399, 0.0073906, 0.01095872, 0.01192351,buy
2010-02-13,1,1,2,2,4,1,1,0,1,1,0,1,1,0,0,0,0,0,0,1,1,1,1,0,0,0,1,0,0,1,0,0,1,0,1,1,0,0,1, 0.00379707, 0.00346663, 0.0029749, 0.00493519, 0.00368278,buy
2010-02-14,1,0,4,2,4,0,2,0,1,1,0,1,1,0,0,0,1,1,1,1,1,1,1,1,0,0,1,0,0,1,0,0,1,0,1,1,0,0,0, 0.00514327, 0.00425003, 0.0052749, 0.00336366, 0.00368161,buy
2010-02-15,0,1,3,0,3,1,2,0,1,0,0,1,0,0,1,0,1,2,0,1,0,0,0,0,0,0,1,0,0,1,0,1,1,0,1,1,0,0,0, 0.01072918, 0.00977353, 0.0107292, 0.00628940, 0.01155499,buy
2010-02-16,0,1,2,1,3,1,1,0,1,0,0,0,0,0,1,0,0,1,1,0,0,1,1,1,0,0,1,0,0,0,1,1,0,0,1,1,0,0,0, 0.00976668, 0.00708224, 0.0094732, 0.00759987, 0.00976668,buy
2010-02-17,1,0,1,2,2,2,0,1,0,0,0,0,0,0,1,0,1,1,1,1,1,1,0,1,0,0,1,0,0,0,1,1,0,0,0,0,0,0,0, 0.00894587, 0.00523901, 0.0068352, 0.00026729, 0.00533062,buy
2010-02-18,0,1,0,1,1,4,0,0,0,0,0,0,0,0,1,0,1,0,1,0,0,1,1,1,0,0,0,0,0,0,1,1,0,0,0,0,0,0,0, 0.00304002, 0.00285100, 0.0033758, 0.00192760,-0.00466263,buy
2010-02-19,2,0,2,1,1,1,3,1,0,0,0,0,0,0,0,0,2,1,1,1,1,1,1,1,0,1,0,0,0,0,1,1,0,0,0,0,0,0,0, 0.00448132, 0.00187350, 0.0040956, 0.00448132, 0.00399574,buy
2010-02-20,0,2,2,0,0,1,1,0,0,0,0,0,0,0,0,0,1,0,0,1,1,0,1,0,0,1,0,0,1,0,0,0,0,0,0,0,0,0,0, 0.00159717, 0.00159362, 0.0015431, 0.00078293, 0.00158265,buy
2010-02-21,1,3,2,0,0,0,3,3,0,0,0,0,1,0,0,0,0,1,1,1,2,1,1,1,0,1,0,1,1,0,0,0,0,0,0,0,0,0,0, 0.00177421, 0.00144387,-0.0011280, 0.00144387, 0.00172260,buy
2010-02-22,1,1,3,0,0,2,2,2,0,0,0,1,1,0,0,0,1,2,0,1,1,1,0,0,0,1,0,1,1,0,0,0,0,0,0,0,0,0,0, 0.00092078, 0.00082398, 0.0008253, 0.00095298, 0.00004980,buy
2010-02-23,1,2,1,0,1,2,2,1,0,0,0,1,1,0,0,0,0,2,1,0,0,0,1,1,0,0,0,1,1,0,0,0,1,0,0,0,0,0,0, 0.00051677,-0.00322576,-0.0035573, 0.00046160, 0.00611408,sell
2010-02-24,2,2,0,1,1,2,1,1,0,0,0,1,0,0,0,0,1,1,1,1,1,1,0,1,0,0,0,1,0,0,0,0,1,0,0,0,0,0,0, 0.00653871, 0.00384521, 0.0032578, 0.00325784, 0.00325784,buy
2010-02-25,1,3,1,0,2,1,1,0,0,0,0,0,0,0,1,0,1,0,1,0,0,1,1,2,1,0,0,1,0,0,0,0,1,0,0,0,0,0,0,-0.00636922,-0.00568147,-0.0026434,-0.00330569,-0.00473654,sell
2010-02-26,0,2,3,1,2,0,1,0,0,0,1,0,0,0,1,1,1,1,0,1,1,1,1,1,1,0,0,0,0,0,0,0,1,0,0,0,0,0,0, 0.00074440,-0.00080432, 0.0003482,-0.00331513,-0.00035679,sell
2010-02-27,0,1,1,2,1,1,0,0,0,0,1,0,0,0,1,1,0,0,1,1,1,0,1,1,1,0,0,0,0,0,0,0,0,0,0,0,0,0,0, 0.00223037, 0.00553322, 0.0027211, 0.00438295, 0.00430302,buy
2010-02-28,1,0,1,3,3,1,0,0,0,1,1,0,0,0,1,1,1,2,0,1,1,1,0,0,1,0,0,0,0,0,0,0,0,0,0,0,0,0,0, 0.00058595, 0.00074709, 0.0010266,-0.00009379,-0.00012773,buy
2010-03-01,0,0,2,1,1,1,1,0,0,1,0,0,0,0,0,0,0,2,1,0,0,0,1,1,1,0,0,0,0,0,0,0,0,0,0,0,0,0,0, 0.00182248, 0.00131502, 0.0009147, 0.00192510, 0.00003261,buy
2010-03-02,0,1,5,0,0,1,1,1,0,1,0,0,1,0,0,0,1,1,1,1,1,1,0,1,1,0,0,0,0,0,0,0,0,0,0,0,0,1,1, 0.00394004, 0.00864051, 0.0085376, 0.00864051, 0.00731310,buy
2010-03-03,1,2,4,0,1,0,2,0,0,1,0,1,1,0,0,0,1,0,1,0,0,1,1,1,1,0,0,0,0,0,0,0,0,1,0,0,0,1,1, 0.00699845, 0.00980249, 0.0101573, 0.01015726, 0.00642589,buy
2010-03-04,2,3,2,0,2,0,2,1,0,0,0,1,1,0,0,0,1,1,1,1,1,1,1,0,0,1,0,0,0,0,0,0,0,1,0,0,0,1,1, 0.00523882, 0.00146180, 0.0050730, 0.00494732, 0.00278985,buy
2010-03-05,3,2,1,0,1,2,1,2,0,0,0,1,0,0,0,0,1,0,1,1,1,1,2,1,0,1,0,0,0,0,0,0,0,1,0,0,0,1,1, 0.00440079, 0.00411471, 0.0039222, 0.00522652, 0.00268718,buy
2010-03-06,3,1,0,0,2,0,1,2,1,0,0,0,0,0,0,0,0,1,1,1,1,0,1,1,0,1,0,0,0,0,0,0,1,1,0,0,0,0,0, 0.00310107, 0.00368372, 0.0032568, 0.00339445, 0.00424217,buy
2010-03-07,1,2,0,1,0,0,0,2,1,0,0,0,0,0,0,0,1,1,0,0,0,1,0,0,0,1,0,0,0,0,0,0,1,0,0,1,0,0,0, 0.00456030, 0.00412760, 0.0039089, 0.00390887, 0.00394986,buy
2010-03-08,2,1,1,1,0,0,1,2,1,0,0,0,0,0,0,0,0,1,1,0,1,0,1,1,0,1,0,0,0,0,0,0,1,0,0,1,0,0,0,-0.00146374,-0.00199674,-0.0014637, 0.00236805,-0.00105819,sell
2010-03-09,1,2,0,1,0,1,1,1,1,1,0,0,0,0,0,0,1,0,1,1,1,0,0,1,0,0,0,0,0,0,0,0,1,0,0,1,0,0,0, 0.00428960, 0.00420714, 0.0036885, 0.00488718, 0.00428960,buy
2010-03-10,0,1,1,1,1,1,2,1,0,1,0,0,0,0,0,0,1,0,1,0,0,1,1,1,0,0,0,0,0,0,0,0,0,0,1,1,0,0,0,-0.00253095,-0.00019290,-0.0004824,-0.00019290, 0.00345960,buy
2010-03-11,1,1,0,1,2,2,1,1,0,1,0,0,0,0,0,0,1,1,1,1,1,1,1,0,0,0,0,0,0,0,0,0,0,0,1,0,0,0,0,-0.00461852,-0.00081657,-0.0009336,-0.00020015, 0.00008170,buy
2010-03-12,0,1,1,0,2,2,0,1,0,0,0,0,0,1,0,0,1,0,0,1,1,1,1,0,0,0,0,0,0,0,1,0,0,0,1,0,0,0,0, 0.00352674, 0.00107971, 0.0018581, 0.00185807, 0.00288821,buy
2010-03-13,0,1,4,1,2,1,0,1,0,0,0,0,0,1,0,1,0,1,1,1,1,1,1,1,0,0,0,0,0,0,1,0,0,0,1,0,0,0,1,-0.00467349,-0.00270723,-0.0047254,-0.00291144,-0.00350678,sell
2010-03-14,0,2,3,0,0,0,1,0,0,0,0,0,0,1,1,1,1,1,0,1,1,0,0,0,0,0,0,0,0,0,1,0,0,0,0,0,0,0,1, 0.00104409, 0.00096822, 0.0007503,-0.00251387, 0.00095839,buy
2010-03-15,0,2,3,0,3,1,0,0,0,0,1,0,0,1,1,1,1,1,1,0,0,1,1,1,0,0,1,0,0,1,1,0,0,1,0,0,0,0,1, 0.00048844,-0.00119725,-0.0023175,-0.00263606,-0.00218554,sell
2010-03-16,2,1,1,1,4,1,0,1,0,1,1,0,0,1,1,0,0,1,1,1,1,1,1,1,0,0,1,0,0,1,1,1,0,1,0,0,0,0,0,-0.00028478,-0.00065762,-0.0008724,-0.00087240,-0.00461227,sell
2010-03-17,1,1,0,1,4,2,0,0,0,1,1,0,1,0,0,0,1,0,1,0,0,0,0,1,0,0,1,0,0,1,0,1,0,1,0,0,0,0,0, 0.00239715, 0.00258528, 0.0024819, 0.00248191, 0.00248187,buy
2010-03-18,3,0,1,1,4,2,1,1,0,1,0,0,1,0,0,0,1,1,1,1,1,1,1,1,0,0,1,0,0,1,0,1,0,1,0,0,0,0,0, 0.00187510, 0.00218641, 0.0021864, 0.00097597, 0.00266624,buy
2010-03-19,3,1,0,1,2,3,1,1,0,1,0,1,1,0,0,0,1,0,0,1,1,1,1,0,0,1,1,0,0,1,0,1,0,1,0,0,0,0,0, 0.00184587, 0.00193303, 0.0019330, 0.00072906, 0.00184587,buy
2010-03-20,1,3,0,1,2,0,3,3,0,0,0,1,0,0,0,1,0,1,1,1,1,1,1,1,0,1,1,0,1,0,0,1,0,0,0,0,0,0,0,-0.00202571, 0.00016137,-0.0022029, 0.00379884,-0.00286776,buy
2010-03-21,2,1,1,1,0,0,2,1,0,0,0,1,0,0,0,1,0,1,0,1,1,1,0,0,0,1,0,0,1,0,0,0,0,0,0,0,0,0,0, 0.00751148, 0.00389625, 0.0053227, 0.00474526, 0.00502640,buy
2010-03-22,2,1,0,1,0,2,1,2,0,0,1,0,0,0,0,1,1,1,1,0,0,0,1,1,0,1,0,0,1,0,0,0,0,0,0,0,0,0,0, 0.00425207, 0.00054868,-0.0006240,-0.00083011,-0.00017501,buy
2010-03-23,3,0,0,2,1,2,0,3,0,0,1,0,0,0,0,0,0,1,1,1,1,1,1,1,0,1,0,0,1,0,0,0,0,0,0,0,0,0,1, 0.00678234, 0.00357787, 0.0014483, 0.00357787, 0.00467633,buy
2010-03-24,3,1,0,0,2,1,0,1,1,0,1,0,0,0,0,0,1,0,1,0,0,0,0,1,0,1,0,1,0,0,0,0,0,0,0,0,0,0,1,-0.00004013,-0.00039432,-0.0038206,-0.00124539,-0.00118714,sell
2010-03-25,3,2,2,0,1,0,1,1,1,0,0,0,0,0,0,0,1,1,1,1,1,1,1,0,0,0,0,1,0,0,1,0,0,0,0,0,0,0,1, 0.00046658,-0.00078803,-0.0007343,-0.00085231,-0.00375714,sell
2010-03-26,1,4,1,0,1,1,0,1,1,0,0,0,0,0,0,0,1,0,0,1,1,1,1,1,0,0,0,1,0,0,1,0,0,0,0,0,0,0,1,-0.00088065,-0.00150488,-0.0015049,-0.00113172,-0.00410166,sell
2010-03-27,2,1,2,1,3,0,0,1,0,0,0,0,0,0,0,1,0,1,1,1,1,1,1,1,0,0,0,1,0,0,1,0,0,0,0,0,0,1,0, 0.00316624, 0.00241965, 0.0028607, 0.00405096, 0.00347326,buy
2010-03-28,1,1,1,1,2,1,1,1,0,0,0,0,0,0,0,1,1,1,0,0,0,1,0,1,0,0,0,1,0,0,1,0,0,1,0,0,0,1,0, 0.00232277, 0.00241227, 0.0079392, 0.00811757, 0.00244919,buy
2010-03-29,1,1,1,2,2,1,2,1,0,0,0,0,0,0,0,1,0,1,1,1,1,1,1,2,0,0,0,0,0,0,1,0,0,1,0,0,0,1,0, 0.00380211, 0.00107538, 0.0049123, 0.00427937, 0.00258937,buy
2010-03-30,0,1,2,1,2,1,3,0,0,0,1,0,0,0,1,0,1,0,1,0,0,1,0,2,0,0,0,0,0,0,0,0,0,1,0,1,0,1,0,-0.00472112,-0.00553855,-0.0004419,-0.00435667,-0.00431684,sell
2010-03-31,1,1,2,0,3,2,4,1,0,0,1,0,0,0,1,0,1,1,1,1,1,0,1,1,0,0,1,0,0,0,0,1,0,1,0,1,0,1,0,-0.00124214, 0.00085968, 0.0006084,-0.00057731,-0.00057731,buy
2010-04-01,1,1,3,0,1,4,2,2,0,0,1,0,1,0,1,0,1,0,0,2,1,1,1,1,0,0,1,0,0,0,0,1,1,0,0,1,0,0,0,-0.00027415,-0.00034338, 0.0006166,-0.00027415,-0.00034338,buy
2010-04-02,2,1,2,0,1,3,2,3,0,0,1,0,1,0,1,0,0,1,1,1,1,1,1,1,0,0,1,0,0,0,0,1,1,0,0,1,0,0,0,-0.00187085, 0.00634859, 0.0063486, 0.00508427, 0.00336040,buy
2010-04-03,3,0,1,0,1,3,0,3,1,1,0,0,1,0,0,0,1,1,0,1,0,1,0,0,0,0,1,0,0,0,0,1,1,0,1,0,0,0,0,-0.00359378,-0.00302900,-0.0034440,-0.00344405,-0.00300959,sell
2010-04-04,3,1,1,0,0,3,1,5,1,1,0,1,1,0,0,0,1,1,1,0,1,0,1,1,0,0,1,0,0,0,0,1,1,0,1,0,0,0,0, 0.00246876, 0.00429876, 0.0043607, 0.00410910, 0.00507866,buy
2010-04-05,2,1,1,0,0,2,1,4,1,1,0,1,0,0,0,0,0,1,2,1,1,0,1,1,0,0,0,0,0,0,0,0,1,0,1,0,0,0,0, 0.00019500, 0.00317179, 0.0013448, 0.00188950,-0.00015194,buy
2010-04-06,2,0,1,0,1,2,1,2,1,1,0,1,0,0,0,0,1,0,1,0,0,1,0,1,1,0,0,0,0,0,0,0,0,0,1,0,0,0,0, 0.00575367, 0.00391891, 0.0059620, 0.00577752, 0.00664262,buy
2010-04-07,2,0,0,1,3,1,1,1,0,1,0,1,0,0,0,0,1,1,1,1,1,0,1,0,1,0,0,0,0,0,0,0,0,0,0,0,0,0,0,-0.00104595, 0.00173054, 0.0026986, 0.00173054, 0.00173054,buy
2010-04-08,1,1,0,1,2,2,0,0,0,0,0,1,0,0,0,0,1,1,0,1,1,0,1,0,1,0,0,0,0,0,0,0,0,0,0,0,0,0,0,-0.00322571,-0.00159565,-0.0013082,-0.00170629,-0.00004869,sell
2010-04-09,1,0,1,1,3,2,1,0,0,0,0,0,0,0,0,0,1,0,1,1,1,1,1,1,1,0,0,0,0,0,1,0,0,0,0,0,0,1,0,-0.00205754,-0.00389974,-0.0025440,-0.00156861,-0.00321815,sell
2010-04-10,1,0,2,0,2,2,1,0,0,0,0,0,0,0,0,0,0,1,1,1,1,1,1,0,1,0,0,0,0,0,1,0,0,0,0,0,0,1,0,-0.00502068,-0.00439212,-0.0044692,-0.00551021,-0.00406024,sell
2010-04-11,1,2,1,0,2,1,0,0,0,0,0,0,0,0,0,0,1,1,0,0,0,1,0,1,1,0,0,0,0,0,1,0,0,0,0,1,0,1,0, 0.00283879,-0.00578253,-0.0057825,-0.00976112,-0.00370498,sell
2010-04-12,2,2,1,1,2,2,0,1,0,0,0,0,0,0,1,0,0,1,1,1,1,1,1,2,0,0,0,0,0,0,1,0,0,0,0,1,0,1,0, 0.00246044, 0.00246044, 0.0006153, 0.00009491, 0.00173707,buy
2010-04-13,2,2,0,0,0,2,0,1,0,0,0,0,0,0,1,0,0,1,1,1,0,0,0,1,0,0,0,0,0,0,1,0,0,0,0,1,0,0,0, 0.00405614, 0.00351329, 0.0042134, 0.00427731, 0.00166728,buy
2010-04-14,1,1,1,0,2,1,1,0,0,0,0,0,0,0,1,0,1,0,1,0,1,1,1,1,0,0,0,0,0,0,0,0,0,0,0,1,0,0,0,-0.00265871,-0.00432090,-0.0022027,-0.00229134,-0.00117039,sell
2010-04-15,1,2,1,0,0,3,1,1,0,0,0,0,0,0,1,0,1,1,0,1,2,0,1,0,0,0,0,0,0,0,0,1,0,0,1,0,0,0,0, 0.00126549, 0.00126549, 0.0012655, 0.00126549,-0.00017335,buy
2010-04-16,0,4,0,0,2,2,3,1,0,0,0,0,1,0,1,0,1,0,0,1,1,1,1,1,0,0,1,0,0,1,0,1,0,0,1,0,0,0,0,-0.00196854,-0.00156329,-0.0029391,-0.00223447,-0.00103310,sell
2010-04-17,1,2,2,0,2,1,4,2,0,0,0,0,1,0,1,0,0,1,1,1,1,1,1,0,0,0,1,0,1,1,0,1,0,0,1,0,0,0,1, 0.00056509,-0.00186466,-0.0048014,-0.00186466,-0.00186466,sell
2010-04-18,0,2,1,0,1,3,3,2,0,0,0,0,1,0,1,0,1,1,0,0,0,1,0,1,0,0,1,0,1,1,0,1,0,0,1,0,0,0,1,-0.00330951,-0.00340988,-0.0037014,-0.00352362,-0.00352362,sell
2010-04-19,1,1,1,1,2,3,4,3,0,0,0,0,1,0,1,0,0,2,1,1,1,1,1,2,0,0,1,0,1,1,0,1,0,0,0,0,0,0,1,-0.00482154,-0.00559179,-0.0046923,-0.00473062,-0.00573050,sell
2010-04-20,1,2,1,1,2,2,1,1,0,0,0,0,1,0,1,0,1,1,1,1,0,0,0,1,0,0,1,0,1,1,0,0,0,0,0,0,0,0,1,-0.00474639,-0.00437908,-0.0043822,-0.00323021,-0.00502904,sell
2010-04-21,2,1,3,0,1,1,1,1,0,0,0,0,1,0,1,0,1,0,1,1,1,1,1,1,0,0,0,0,1,0,0,0,0,0,0,0,0,0,0,-0.00112327,-0.00091718,-0.0004981,-0.00101043,-0.00212064,sell
2010-04-22,1,3,1,0,0,2,1,1,0,0,0,0,0,0,1,0,1,1,0,2,1,0,1,0,0,0,0,0,0,0,0,0,0,1,0,1,0,1,0,-0.00497822,-0.00747219,-0.0084225,-0.00838202,-0.00497822,sell
2010-04-23,3,1,2,1,1,0,1,2,0,1,0,0,0,0,0,0,1,0,1,1,1,1,1,1,0,0,0,1,0,0,0,0,0,1,0,1,0,1,0,-0.00568362,-0.00623353, 0.0014080,-0.00610630,-0.00489125,sell
2010-04-24,4,0,0,0,1,0,1,2,0,1,0,0,0,0,0,0,0,1,0,1,0,1,0,0,0,0,0,1,0,0,0,0,0,1,0,1,0,1,0,-0.00410024,-0.00439209,-0.0024540,-0.00438141,-0.00477642,sell
2010-04-25,2,1,1,2,1,1,1,2,0,1,0,0,0,0,0,0,1,1,1,0,1,1,1,1,0,0,0,1,0,0,0,0,0,1,0,1,0,1,0,-0.00359213,-0.00394937,-0.0033682,-0.00501331,-0.00182839,sell
2010-04-26,1,1,1,0,0,3,1,2,1,1,0,0,0,0,0,0,0,1,1,1,0,1,0,1,1,0,0,1,0,0,0,0,0,0,0,0,0,0,0,-0.00017024,-0.00048273,-0.0002374,-0.00255128,-0.00145065,sell
2010-04-27,2,0,3,0,1,2,1,1,1,1,0,0,0,1,0,0,1,0,1,0,1,0,1,1,1,0,0,1,0,0,0,0,0,0,1,0,0,0,0,-0.00140568,-0.00470686,-0.0051383,-0.00381180,-0.00381180,sell
2010-04-28,0,2,1,1,0,3,1,1,1,0,0,0,0,1,0,0,1,1,0,1,1,1,1,0,1,0,0,0,0,0,0,0,0,0,1,0,0,0,0,-0.00321497,-0.00416461,-0.0040943,-0.00416461,-0.00509560,sell
2010-04-29,2,1,1,0,0,4,1,2,1,0,0,0,0,1,0,0,1,0,1,1,2,0,2,1,1,0,0,0,0,0,0,0,0,0,1,0,0,0,0,-0.00645110,-0.00861023,-0.0079175,-0.00902748,-0.00902748,sell
2010-04-30,3,0,2,0,1,2,1,2,1,0,0,1,0,0,0,0,0,1,1,1,1,1,1,0,1,1,0,0,0,0,0,0,0,0,1,0,0,0,0,-0.00337161, 0.00114124,-0.0037303,-0.00312850,-0.00300474,sell
2010-05-01,3,0,2,0,0,1,0,2,0,0,0,1,0,0,0,0,1,1,0,0,0,1,0,1,1,1,0,0,0,0,0,0,0,0,1,0,0,0,0, 0.00196733, 0.00140981, 0.0024456, 0.00244557, 0.00244557,buy
2010-05-02,2,3,0,0,0,1,1,4,0,0,0,1,0,0,0,0,1,1,1,1,1,1,1,1,0,1,0,0,1,1,0,0,0,0,0,0,0,0,0,-0.00001034,-0.00017091, 0.0074931,-0.00017091,-0.00102712,buy
2010-05-03,2,2,1,0,0,2,0,1,0,0,0,1,0,0,0,0,0,1,1,0,0,1,0,1,0,1,0,0,1,1,0,0,0,0,0,0,0,0,0, 0.00013552,-0.00646807, 0.0059009,-0.00646807,-0.00835522,sell
2010-05-04,2,1,1,0,1,1,2,1,0,0,0,1,0,0,0,0,1,0,1,0,1,0,1,1,0,1,0,0,1,1,0,0,0,0,0,0,0,0,0,-0.00766896,-0.00708365,-0.0030215,-0.00766896,-0.00662017,sell
2010-05-05,1,2,0,1,1,3,1,1,0,0,0,1,0,0,0,0,1,1,0,1,1,0,1,0,0,1,0,0,1,1,0,0,1,0,0,0,0,0,0,-0.00827650,-0.00601850,-0.0075703,-0.00581348,-0.00844176,sell
2010-05-06,1,1,0,2,1,3,1,2,0,0,0,1,0,0,0,0,1,1,0,1,1,1,1,1,0,1,0,0,0,1,0,0,1,0,0,0,0,0,0, 0.00161374, 0.00107010, 0.0064173, 0.00132125, 0.00107010,buy
2010-05-07,1,0,1,1,3,0,2,1,0,0,0,1,0,0,0,0,1,0,1,1,1,0,1,1,0,1,0,0,0,0,0,0,1,0,0,0,1,0,0, 0.00096741, 0.00293788,-0.0003842, 0.00356953,-0.00026513,buy
2010-05-08,1,1,1,0,1,0,3,1,0,0,0,1,0,0,0,0,0,1,0,1,0,1,0,0,0,1,0,1,0,0,0,0,1,0,0,0,1,0,0,-0.00782913,-0.00117556,-0.0073960,-0.00103532,-0.00760283,sell
2010-05-09,0,2,1,1,2,0,2,0,0,0,0,0,0,0,0,0,1,1,1,0,1,1,1,1,0,0,0,1,0,0,0,0,1,0,0,0,1,0,0,-0.00328386,-0.00342646,-0.0032839,-0.00041827,-0.00197384,sell
2010-05-10,0,3,0,0,1,2,1,1,0,0,0,0,0,0,0,0,0,1,1,1,0,1,1,1,0,0,0,1,0,0,0,0,1,0,0,0,1,0,0,-0.00682254,-0.00517391,-0.0040816,-0.00551963,-0.00548907,sell
2010-05-11,2,1,0,0,3,1,0,0,0,0,0,0,0,0,0,0,1,1,1,0,0,1,0,1,0,0,0,1,0,0,0,0,0,0,0,0,1,0,0,-0.00421221,-0.00076384, 0.0006226,-0.00424000, 0.00062256,buy
2010-05-12,2,1,1,0,3,0,1,0,0,0,0,0,0,0,0,0,1,0,1,1,1,0,1,1,0,0,0,1,0,0,0,0,0,0,0,0,1,0,0, 0.00903553, 0.00739250, 0.0092037, 0.00848675, 0.00931518,buy
2010-05-13,0,2,0,0,1,2,0,1,0,0,0,0,0,0,0,0,1,1,0,1,1,1,1,0,0,0,0,0,0,0,0,0,0,0,0,0,1,0,0,-0.00155882,-0.00343294,-0.0016525,-0.00049574,-0.00165249,sell
2010-05-14,1,0,1,0,1,0,2,2,0,0,0,0,0,0,0,0,1,0,1,1,1,1,1,1,0,0,0,0,0,0,0,0,0,0,0,0,1,0,0, 0.00131731,-0.00002586, 0.0003052, 0.00058742, 0.00119585,buy
2010-05-15,1,0,1,0,1,0,3,1,0,0,0,1,0,0,0,0,0,1,0,1,0,0,0,0,1,0,0,0,0,0,0,1,0,0,0,0,1,0,1,-0.00098750,-0.00164417,-0.0020650,-0.00300812,-0.00120416,sell
2010-05-16,2,0,0,1,2,1,4,6,0,0,0,1,0,0,0,0,1,2,1,1,1,1,1,1,1,0,0,0,0,0,1,1,0,0,0,1,1,0,1,-0.00029474,-0.00082120,-0.0004804, 0.00079854,-0.00058928,buy
2010-05-17,3,1,0,1,1,3,2,4,0,0,0,1,0,0,0,0,0,1,1,1,0,1,0,1,1,0,1,0,1,0,1,1,0,1,0,1,1,0,1,-0.00098904,-0.00105391,-0.0011279,-0.00027827,-0.00055526,buy
2010-05-18,5,0,1,0,3,0,5,5,0,0,0,1,0,0,0,0,1,1,1,0,1,1,1,1,1,0,1,0,1,1,1,1,0,1,0,1,1,1,1, 0.00081465, 0.00153875, 0.0013807, 0.00109221, 0.00081465,buy
2010-05-19,4,2,1,0,1,1,3,5,0,0,0,1,0,0,0,0,1,0,0,1,1,0,2,0,1,0,1,0,1,1,1,1,0,1,0,1,1,1,1, 0.00129405, 0.00042998, 0.0012941, 0.00207231, 0.00163329,buy
2010-05-20,3,2,2,1,2,0,3,4,0,0,0,1,0,0,0,0,1,1,1,1,1,1,2,1,1,0,1,0,1,1,1,0,0,1,0,0,1,1,1, 0.00192091, 0.00123131, 0.0019209,-0.00078032, 0.00192091,buy
2010-05-21,3,0,1,1,1,0,1,4,0,0,0,1,0,0,0,0,0,0,1,1,0,1,1,1,0,0,1,0,1,1,1,0,0,0,0,0,1,1,0,-0.00303217,-0.00084718,-0.0041037,-0.00269645,-0.00303217,sell
2010-05-22,1,0,1,2,3,0,1,0,0,0,0,1,0,0,0,0,1,1,1,0,1,0,0,1,0,0,0,0,0,1,0,0,0,0,1,0,1,0,0, 0.00014409,-0.00080987, 0.0002303,-0.00036589, 0.00064625,buy
2010-05-23,1,1,1,3,2,1,1,1,0,0,0,0,0,0,0,0,1,1,2,1,1,1,1,1,0,0,0,0,0,1,0,0,0,0,1,0,1,0,0, 0.00060050, 0.00150256, 0.0013899, 0.00147915,-0.00428286,buy
2010-05-24,0,2,1,1,1,1,1,0,0,0,0,0,0,0,0,0,0,1,1,0,0,1,0,1,0,0,0,1,0,0,0,0,0,0,1,0,1,0,0,-0.00988352,-0.00957515,-0.0047459,-0.01208083,-0.00325227,sell
2010-05-25,1,0,4,1,1,1,2,0,0,0,0,0,0,0,0,0,1,0,1,1,1,1,1,1,0,0,0,1,0,0,0,0,1,0,1,0,0,0,0,-0.00534005,-0.00553819,-0.0056691,-0.00492881,-0.00534005,sell
2010-05-26,0,2,1,0,0,3,0,1,0,0,0,0,0,0,0,0,1,1,0,1,1,0,1,0,0,0,0,1,0,0,0,0,1,0,0,0,0,0,0, 0.00180301, 0.00264744, 0.0026474, 0.00124850, 0.00264744,buy
2010-05-27,2,1,1,1,1,2,1,3,1,0,0,0,1,0,0,0,1,1,1,1,1,1,1,1,0,0,0,1,0,0,0,0,1,0,0,0,0,0,0,-0.00136014, 0.00424895, 0.0037481, 0.00440377,-0.00008773,buy
2010-05-28,0,1,1,1,0,2,0,0,1,0,0,0,1,0,0,0,0,0,0,0,0,1,0,0,0,0,0,1,0,0,0,0,1,0,0,0,0,0,0,-0.00082216, 0.00003997,-0.0001480,-0.00109668, 0.00023884,buy
2010-05-29,2,2,0,0,0,3,1,3,1,0,0,0,1,0,1,0,1,1,1,0,1,0,1,1,0,0,0,0,0,0,0,0,1,1,0,0,0,0,0,-0.00397754, 0.00370578, 0.0038881, 0.00321692,-0.00058430,buy
2010-05-30,1,4,1,0,0,4,0,0,1,0,0,0,1,0,1,0,0,1,1,1,0,1,0,2,0,0,0,0,0,0,0,0,1,1,0,0,0,0,0,-0.00551721,-0.00171100,-0.0011358,-0.00580420,-0.00490704,sell
2010-05-31,1,3,1,0,1,4,0,0,1,0,0,0,0,0,1,0,0,1,2,0,1,1,0,1,0,0,0,0,0,0,0,0,1,1,0,0,0,0,0,-0.00009714,-0.00092235,-0.0002149, 0.00003634, 0.00405620,buy
2010-06-01,1,2,2,0,2,2,2,0,0,0,0,0,0,0,1,0,1,1,1,1,1,1,1,1,0,0,0,0,0,0,0,0,0,1,0,0,0,0,1,-0.00005787, 0.00197781,-0.0003459,-0.00013046,-0.00005787,buy
2010-06-02,1,3,0,0,0,4,0,0,0,0,0,1,0,0,0,0,1,0,0,1,1,1,1,0,0,0,0,0,0,0,0,0,0,1,0,0,0,0,1,-0.00233417, 0.00570349,-0.0016060, 0.00433407,-0.00209959,buy
2010-06-03,0,1,1,2,2,2,1,0,0,0,0,1,0,0,0,0,1,1,1,2,1,0,1,1,0,0,0,0,0,0,0,0,0,0,0,0,0,0,1,-0.00131156, 0.00018138, 0.0042909,-0.00131156, 0.00262806,buy
2010-06-04,0,1,0,1,0,1,1,1,0,0,0,1,0,0,0,0,0,0,0,1,0,1,0,1,0,0,0,0,0,0,0,0,0,0,0,0,0,0,1,-0.00175795,-0.00292305,-0.0019857,-0.00198570, 0.00360652,sell
2010-06-05,0,0,0,1,0,1,0,1,0,0,0,0,0,0,0,0,0,0,0,0,1,1,0,0,0,0,0,0,0,0,0,0,0,0,0,0,0,0,1, 0.00258440,-0.00201079, 0.0027434, 0.00266172, 0.00411241,buy
2010-06-06,0,0,2,1,1,1,0,1,0,0,0,0,0,0,0,0,1,1,1,1,1,0,1,1,0,0,0,0,0,0,0,0,0,0,0,0,0,0,1,-0.00049314,-0.00058807, 0.0030196,-0.00049314, 0.00093181,buy
2010-06-07,1,2,0,0,0,1,1,0,0,0,0,0,1,0,0,0,0,1,1,0,0,1,0,1,0,0,0,0,0,0,0,0,0,0,0,0,0,0,0,-0.00469703, 0.00104785, 0.0013124,-0.00469703,-0.00445429,sell
2010-06-08,4,0,1,0,2,1,1,1,0,0,1,0,1,0,0,0,1,1,1,1,1,1,1,1,0,0,0,0,0,0,0,0,0,0,0,0,0,0,0, 0.00054809, 0.00054809, 0.0010261, 0.00063518,-0.00089390,buy
2010-06-09,3,1,0,0,1,3,2,2,1,1,1,0,1,0,1,0,1,0,0,1,1,2,1,1,0,0,0,0,0,0,0,0,0,0,0,0,0,0,0,-0.00621011,-0.00529227,-0.0065318,-0.00470697,-0.00536077,sell
2010-06-10,2,1,0,0,1,0,5,4,1,1,1,0,1,0,1,0,1,1,1,1,1,1,1,0,0,0,0,0,0,0,0,0,0,0,0,1,0,0,0,-0.00077942, 0.00136892, 0.0030058, 0.00210957, 0.00576543,buy
2010-06-11,0,0,3,0,0,0,5,3,1,1,0,1,0,0,1,0,1,1,0,1,0,0,1,1,0,0,0,0,0,0,0,0,0,1,0,1,0,0,0, 0.00258412, 0.00231489, 0.0020054, 0.00189998, 0.00160341,buy
2010-06-12,1,0,2,0,0,0,1,3,0,1,0,1,0,0,0,1,0,0,1,0,1,1,0,0,0,0,0,0,0,0,0,0,0,1,0,1,0,0,0,-0.00374955,-0.00367680,-0.0037495,-0.00370529, 0.00330416,sell
2010-06-13,3,1,2,1,0,0,3,5,0,1,0,1,0,0,0,1,1,1,2,1,1,0,1,1,0,0,0,0,0,0,0,1,0,1,0,1,0,1,0, 0.00257141, 0.00327007, 0.0050999, 0.00327007, 0.00430001,buy
2010-06-14,2,1,2,0,1,2,2,1,0,0,0,0,0,0,0,1,0,1,2,0,1,1,0,1,0,0,0,0,0,0,0,1,0,1,0,1,0,1,0, 0.00480834, 0.00551229, 0.0055123, 0.00551229, 0.00544063,buy
2010-06-15,4,0,2,0,2,2,1,0,0,0,0,0,0,0,0,0,1,1,1,1,2,1,1,1,0,0,0,0,0,0,0,1,0,0,0,0,0,1,0,-0.00261746,-0.00107768,-0.0009314,-0.00097774,-0.00042621,buy
2010-06-16,2,3,1,0,0,1,1,0,0,0,0,0,0,0,0,0,1,0,0,1,1,1,1,0,0,0,0,0,0,0,0,1,0,0,1,0,0,1,0,-0.00112488,-0.00112488,-0.0011249,-0.00066700,-0.00298693,sell
2010-06-17,3,0,3,1,2,0,1,1,0,0,0,0,0,0,0,0,1,1,1,1,1,1,1,1,0,0,1,0,1,0,0,1,1,0,1,0,0,0,0, 0.00006421, 0.00345599,-0.0020959, 0.00505671,-0.00209593,buy
2010-06-18,1,0,1,0,1,0,0,1,0,0,0,0,0,0,0,0,0,0,0,0,0,0,0,0,0,0,1,0,1,0,0,0,1,0,1,0,0,0,0, 0.00531818, 0.00531818, 0.0051719, 0.00467331, 0.00587022,buy
2010-06-19,1,0,2,2,4,0,0,4,0,0,0,0,0,0,0,0,1,1,1,1,1,1,1,1,0,0,1,0,1,1,0,0,1,0,1,0,0,0,1, 0.00683319, 0.00667926, 0.0077759, 0.00775073, 0.00328150,buy
2010-06-20,1,1,0,0,3,2,0,2,0,0,0,0,0,0,0,0,0,1,1,0,0,0,0,2,0,0,1,0,1,1,0,0,1,0,0,0,0,0,1,-0.00204676, 0.00006445,-0.0009419,-0.00204676,-0.00204676,sell
2010-06-21,3,0,2,0,3,2,2,3,0,0,0,0,0,0,0,0,1,2,1,1,1,1,1,1,1,0,1,0,1,1,0,0,1,0,0,0,0,0,1, 0.00837568, 0.00873993, 0.0099532, 0.00828318, 0.00483651,buy
2010-06-22,1,3,0,0,2,2,2,2,0,0,0,0,0,0,0,0,1,1,0,1,1,1,1,1,1,0,1,0,0,1,0,0,1,0,0,0,0,0,1, 0.00677100, 0.00591817, 0.0060143, 0.00471511, 0.00495404,buy
2010-06-23,3,0,1,1,3,1,1,4,0,0,1,0,1,0,0,0,1,0,1,2,1,1,1,0,1,0,0,1,0,1,0,0,1,0,0,0,0,0,1, 0.00021053,-0.00002249, 0.0073136,-0.00002249,-0.00005741,buy
2010-06-24,2,0,1,1,2,1,0,6,0,0,1,0,1,0,1,0,1,1,0,1,0,1,0,1,1,0,0,1,0,1,0,0,0,0,0,1,0,0,1,-0.00297039,-0.00280174, 0.0042106,-0.00248928,-0.00280174,sell
2010-06-25,1,0,0,1,0,1,1,5,1,0,1,0,1,0,1,0,0,0,1,0,1,0,0,0,1,0,0,1,0,0,0,0,0,0,0,1,0,0,0, 0.00115579, 0.00042470, 0.0007258, 0.00464530, 0.00101372,buy
2010-06-26,2,1,0,3,0,1,1,5,1,0,0,1,0,1,1,0,1,1,1,1,1,1,1,1,0,0,0,1,0,0,0,0,0,0,0,1,0,1,0, 0.00017986,-0.00001124, 0.0003271, 0.00017986,-0.00102960,buy
2010-06-27,2,2,0,2,0,2,0,1,1,0,0,1,0,1,0,0,0,1,1,0,0,0,0,1,0,0,0,1,0,0,0,1,0,0,0,1,0,1,0,-0.00322398,-0.00350528,-0.0035600,-0.00358580,-0.00122835,sell
2010-06-28,1,4,0,1,2,0,2,0,0,0,0,1,0,1,0,0,1,1,1,1,1,0,1,1,0,0,0,0,0,0,0,1,0,0,0,0,0,1,0,-0.00334712,-0.00334712,-0.0019520,-0.00409258,-0.00280006,sell
2010-06-29,0,4,3,0,1,3,0,0,0,0,0,0,0,1,0,0,1,1,0,2,1,1,1,1,0,0,0,0,0,0,0,1,0,0,1,0,0,1,0,-0.00569925,-0.00520752,-0.0006555,-0.00521906,-0.00484113,sell
2010-06-30,0,4,1,0,1,3,2,0,0,1,1,0,0,1,0,1,1,0,1,1,1,1,2,0,0,0,0,0,0,0,0,1,0,0,1,0,0,0,0,-0.00341492, 0.00108440,-0.0038162, 0.00228933,-0.00422201,buy
2010-07-01,1,3,1,0,2,0,3,0,0,1,1,0,0,0,0,1,1,0,1,1,1,1,1,0,0,0,0,0,0,0,0,1,0,0,1,0,0,0,0,-0.00797675,-0.00217929,-0.0077707,-0.00197331,-0.00785720,sell
2010-07-02,1,2,0,2,0,0,2,0,0,1,1,0,0,0,0,1,0,1,0,0,0,1,0,1,0,0,0,0,0,0,0,0,0,0,1,0,0,0,0,-0.00219012,-0.00458269,-0.0031774,-0.00240873,-0.00024430,sell
2010-07-03,0,1,0,1,1,0,1,1,0,0,0,0,0,0,0,0,1,0,1,1,1,0,1,0,0,0,1,0,0,0,1,0,0,0,0,0,0,0,0, 0.00070068, 0.00117125, 0.0007831, 0.00070068, 0.00147492,buy
2010-07-04,0,1,2,0,0,1,1,2,0,0,0,0,0,0,0,0,0,1,1,1,0,1,0,1,0,0,1,0,0,0,1,0,0,0,0,0,0,0,0,-0.00633691,-0.00563042,-0.0067335,-0.00673352,-0.00570635,sell
2010-07-05,0,3,1,0,1,0,3,0,0,0,0,0,0,0,0,0,0,1,1,0,1,0,1,1,0,1,1,0,0,0,1,0,0,0,0,0,0,0,0,-0.00636292,-0.00491224,-0.0057589,-0.00365775,-0.00623814,sell
2010-07-06,1,3,1,0,2,0,3,0,0,0,0,0,0,0,0,0,1,1,1,1,1,0,1,1,0,1,1,0,0,0,1,0,0,0,0,0,0,0,0,-0.00120563,-0.00141819,-0.0014935,-0.00082742,-0.00052482,sell
2010-07-07,2,3,1,1,1,2,3,0,0,0,1,0,0,0,0,0,1,1,0,1,1,1,1,1,0,1,1,0,0,0,1,0,0,1,0,1,0,0,0, 0.00221298, 0.00182897, 0.0019570, 0.00272073, 0.00308495,buy
2010-07-08,1,0,2,1,1,1,5,1,0,0,1,0,1,0,0,0,1,0,1,1,1,1,1,0,0,1,0,0,0,0,1,0,0,1,0,1,0,0,0, 0.00063183, 0.00158490, 0.0015849, 0.00015600, 0.00090303,buy
2010-07-09,1,0,2,1,2,1,3,2,0,0,1,0,1,0,1,1,0,1,0,0,0,1,0,1,0,1,0,0,0,0,1,0,0,1,0,1,0,1,0,-0.00065180, 0.00116686, 0.0035182, 0.00335153, 0.00051150,buy
2010-07-10,3,0,2,2,1,2,3,3,1,1,0,1,1,0,1,1,1,0,1,1,1,0,1,0,0,1,0,0,0,0,1,0,0,1,0,1,0,1,0, 0.00086731,-0.00000944, 0.0044416,-0.00000944,-0.00023210,buy
2010-07-11,2,1,3,0,1,2,4,0,1,1,0,1,0,0,1,1,0,1,1,0,0,1,0,1,0,1,0,0,0,0,1,1,0,0,0,1,0,1,0, 0.00228649,-0.00021863, 0.0023018,-0.00021863, 0.00156116,buy
2010-07-12,4,0,5,0,0,3,2,0,1,1,0,1,0,0,0,0,1,1,1,1,1,0,1,1,0,1,0,0,0,0,0,1,0,0,1,0,0,1,0, 0.00483033,-0.00093546, 0.0049283, 0.00584236, 0.00537837,buy
2010-07-13,1,3,1,0,3,2,1,0,0,1,0,0,0,0,0,0,1,1,0,1,1,1,1,1,0,1,0,0,0,0,0,1,0,0,1,0,0,0,0,-0.00903982, 0.00144353, 0.0000669, 0.00272334, 0.00254427,buy
2010-07-14,2,0,3,1,3,1,1,0,0,0,0,0,0,0,0,0,1,1,1,1,1,2,1,0,0,1,0,0,0,0,0,1,0,0,1,0,0,0,0, 0.00252746, 0.00371193,-0.0001011, 0.00808972, 0.00282174,buy
2010-07-15,1,0,1,0,0,1,1,0,0,0,0,0,0,0,0,0,0,1,0,0,0,1,0,1,0,1,0,0,0,0,0,1,0,0,1,0,0,0,0,-0.00365774,-0.00365774,-0.0036577,-0.00216547,-0.00318913,sell
2010-07-16,0,0,1,2,0,1,2,1,0,0,0,0,1,0,0,0,1,1,1,1,1,1,1,0,0,1,0,0,0,0,0,0,0,0,0,0,0,0,0, 0.00390807,-0.00131992, 0.0007576, 0.00124015,-0.00194700,buy
2010-07-17,0,2,0,0,1,2,0,0,0,0,0,0,1,0,1,0,0,0,1,0,0,0,0,1,0,0,0,0,0,0,0,0,0,0,0,0,1,0,0,-0.00384926,-0.00010350, 0.0034350,-0.00417530,-0.00304486,sell
2010-07-18,1,3,3,0,3,2,1,1,1,0,0,1,1,0,1,0,1,1,1,1,1,1,1,1,0,0,1,0,0,0,0,0,0,0,0,0,1,0,0,-0.00181406,-0.00216225,-0.0016142,-0.00361568,-0.00238715,sell
2010-07-19,0,5,2,0,0,5,1,0,1,0,0,1,1,0,1,0,2,1,0,1,1,0,1,1,0,0,1,0,0,0,0,0,0,0,0,0,1,0,0, 0.00525069, 0.00139689, 0.0013969,-0.00045426, 0.00153158,buy
2010-07-20,2,4,1,0,1,2,4,1,1,0,0,1,0,0,0,1,1,1,1,1,1,1,2,1,0,0,1,0,1,0,0,0,0,0,0,0,1,0,0,-0.00104828, 0.00094150,-0.0010483,-0.00104828,-0.00104828,buy
2010-07-21,4,3,1,0,2,1,2,0,1,0,0,1,0,0,0,1,1,0,0,1,1,2,1,0,0,0,1,0,1,1,0,0,0,0,0,0,1,0,0,-0.00156990, 0.00193569,-0.0015699,-0.00156990,-0.00156394,buy
2010-07-22,1,1,1,0,1,1,1,2,0,0,0,0,0,0,0,1,0,1,0,0,0,1,0,1,0,0,1,0,1,1,0,0,0,0,0,0,1,0,0, 0.00516814, 0.00382619, 0.0049132, 0.00299475, 0.00284673,buy
2010-07-23,1,0,1,0,2,1,2,4,0,1,0,0,0,0,0,1,1,1,1,1,1,1,1,0,0,0,0,0,1,1,0,0,0,0,0,0,1,0,0, 0.00471130, 0.00518750, 0.0018108, 0.00471130, 0.00439261,buy
2010-07-24,2,0,1,0,2,2,1,0,0,1,0,0,0,0,0,1,0,0,1,0,0,0,0,0,1,0,0,1,1,1,0,0,0,0,0,0,1,0,0, 0.00311828, 0.00293832, 0.0029383, 0.00399521, 0.00311828,buy
2010-07-25,5,0,1,2,3,1,3,0,0,1,1,0,0,0,0,0,1,1,1,1,1,1,1,1,1,0,0,1,1,1,0,0,0,0,0,0,1,0,0, 0.00457532, 0.00151486, 0.0037903, 0.00215325, 0.00070950,buy
2010-07-26,2,3,2,2,3,2,2,0,0,1,1,0,1,0,1,0,1,1,0,1,2,1,2,1,1,0,0,1,0,0,0,0,0,0,0,0,1,0,0, 0.00380420, 0.00651205, 0.0063466, 0.00736698, 0.00430485,buy
2010-07-27,1,2,3,1,2,4,0,0,0,1,1,0,1,0,1,0,1,1,0,1,1,0,1,1,1,0,0,1,0,0,0,0,0,0,0,0,1,0,0, 0.00458863, 0.00418896, 0.0041135, 0.00524920, 0.00390270,buy
2010-07-28,2,0,7,0,4,1,1,0,1,1,0,1,1,0,1,0,1,1,1,1,1,1,1,1,1,0,0,1,0,0,0,0,0,0,0,0,1,0,0, 0.00092487,-0.00061105, 0.0001946, 0.00159571, 0.00052206,buy
2010-07-29,1,0,2,0,1,1,0,0,1,0,0,1,1,0,1,0,0,0,0,0,0,0,0,0,0,0,0,0,0,0,0,0,0,0,0,0,1,0,0, 0.00266104, 0.00155736, 0.0026932, 0.00202488, 0.00124443,buy
2010-07-30,1,1,1,3,1,1,0,0,1,0,0,1,0,0,0,0,0,1,1,0,1,1,1,1,0,0,0,0,0,0,0,0,0,0,0,0,1,0,0,-0.00400661,-0.00469818,-0.0037617,-0.00403115,-0.00490841,sell
2010-07-31,2,0,1,2,0,2,0,1,1,0,0,1,0,0,0,0,1,1,1,1,1,1,1,0,0,0,0,0,0,0,0,0,0,0,0,0,1,0,0,-0.00425410,-0.00325932,-0.0040415,-0.00325932,-0.00593775,sell
2010-08-01,1,0,2,0,0,2,0,0,1,0,0,1,0,0,0,0,0,0,1,0,0,0,0,1,0,0,0,0,0,0,0,0,0,0,0,0,1,0,0, 0.00265419, 0.00223433, 0.0059073, 0.00207771, 0.00212834,buy
2010-08-02,1,0,3,0,2,2,1,0,0,0,0,0,0,0,0,0,1,1,1,1,1,0,1,1,0,0,0,0,0,0,1,0,0,0,0,0,1,0,1, 0.00245798,-0.00090756, 0.0033096, 0.00363725, 0.00274083,buy
2010-08-03,0,4,1,0,0,4,0,1,0,0,0,0,0,0,0,0,1,1,0,1,1,1,1,1,0,0,0,0,0,0,1,0,0,1,0,0,1,0,1,-0.00443539, 0.00230854, 0.0002737, 0.00225223, 0.00141466,buy
2010-08-04,3,0,2,0,0,2,2,1,0,0,0,0,0,0,0,0,1,1,1,1,1,0,1,1,0,0,0,0,0,0,1,0,0,1,0,0,1,0,1, 0.00224003,-0.00236955, 0.0020731, 0.00224003, 0.00044228,buy
2010-08-05,1,1,2,1,0,2,2,0,0,0,0,0,0,0,0,0,1,1,0,1,0,1,0,0,0,0,0,0,0,1,1,0,0,1,0,0,1,1,1,-0.00302295,-0.00121082,-0.0014367,-0.00136682,-0.00136682,sell
2010-08-06,1,1,1,1,0,3,0,3,0,0,0,0,0,0,0,0,0,0,1,0,1,1,1,1,0,0,0,0,0,1,1,0,0,1,0,1,1,1,1,-0.00542554,-0.00614724,-0.0064322,-0.00542554,-0.00542554,sell
2010-08-07,0,2,0,2,1,4,0,4,0,0,0,0,0,0,0,0,1,1,1,1,1,2,1,0,0,0,0,0,1,1,1,0,0,0,0,1,1,1,1, 0.00248000,-0.00028759, 0.0024800, 0.00248000,-0.00146513,buy
2010-08-08,1,3,1,2,1,3,2,1,0,0,0,0,0,0,0,0,0,0,1,0,1,1,1,1,1,0,0,1,1,1,1,1,0,0,1,1,1,1,1,-0.00013231,-0.00139560,-0.0001323,-0.00005575,-0.00271114,sell
2010-08-09,2,4,1,2,0,5,3,1,0,0,0,0,0,0,0,0,1,1,0,1,2,0,2,2,1,0,0,1,1,1,1,1,0,0,1,1,1,1,0,-0.00000068,-0.00035595,-0.0006992,-0.00042225,-0.00288638,sell
2010-08-10,0,5,1,2,2,6,0,1,0,0,0,0,0,0,0,0,1,1,1,1,2,1,2,2,1,0,0,1,1,0,1,1,0,0,1,1,1,0,0,-0.00131288,-0.00134076,-0.0019687,-0.00131288,-0.00291672,sell
2010-08-11,1,2,2,1,3,2,0,1,0,0,0,0,0,0,0,0,1,1,0,1,1,0,1,1,1,0,0,1,1,0,0,1,0,0,1,0,1,0,0, 0.00489601, 0.00507758,-0.0006221, 0.00305283,-0.00143044,buy
2010-08-12,0,2,1,1,1,1,0,1,0,0,0,0,0,0,0,0,0,0,1,0,1,1,1,1,1,0,0,1,0,0,0,0,0,0,1,0,1,0,0,-0.01583478,-0.01426069,-0.0115408,-0.01467623,-0.01166366,sell
2010-08-13,0,1,0,2,0,2,0,1,0,0,0,0,0,0,0,0,1,1,1,1,1,1,1,1,0,0,0,0,0,0,0,0,0,0,0,0,1,0,0,-0.00199352, 0.00194371,-0.0020177, 0.00156101,-0.00233015,buy
2010-08-14,1,0,1,0,0,1,1,0,0,0,0,0,0,0,0,0,0,0,1,0,0,1,1,0,0,0,0,0,0,0,0,0,1,0,0,0,1,0,0, 0.00248453,-0.00273487, 0.0027883, 0.00601176, 0.00253819,buy
2010-08-15,0,1,2,0,3,1,1,0,0,0,0,0,0,0,0,0,1,1,0,1,1,0,2,1,0,0,0,0,0,0,0,0,1,0,0,0,1,0,0,-0.00087941,-0.00087941,-0.0007595,-0.00063036,-0.00075951,buy
2010-08-16,0,2,0,0,0,5,0,2,0,0,0,0,0,0,0,0,1,1,1,1,1,1,1,1,0,0,0,0,0,0,0,0,1,0,0,0,1,0,0,-0.00072308,-0.00096573,-0.0021654,-0.00142535,-0.00116805,buy
2010-08-17,2,1,0,0,1,3,2,1,0,0,0,0,0,0,0,0,1,1,1,1,1,0,1,1,0,1,0,0,0,0,0,0,1,1,0,0,1,0,0,-0.00039815, 0.00007687, 0.0004427, 0.00073792, 0.00071223,buy
2010-08-18,0,1,0,1,0,2,1,0,0,0,0,0,0,0,0,0,0,1,0,0,0,0,0,0,0,1,1,0,0,0,0,0,1,1,0,0,1,0,0,-0.00672597,-0.00317617,-0.0064951,-0.00649505,-0.00649505,sell
2010-08-19,1,1,0,1,0,2,1,4,0,0,0,0,0,0,0,0,1,0,1,1,1,1,1,1,0,1,1,0,0,0,0,0,1,1,0,0,1,0,0,-0.00300871,-0.00281036,-0.0026459,-0.00264594,-0.00285892,sell
2010-08-20,0,2,1,1,0,3,0,2,0,0,0,0,0,0,0,0,0,1,1,0,0,1,0,1,0,1,1,0,0,1,0,0,1,1,0,0,1,0,0,-0.00936148,-0.00407234,-0.0098128,-0.00981275,-0.00994537,sell
2010-08-21,0,1,2,1,1,2,1,0,0,0,0,0,0,0,0,0,0,0,1,0,0,1,1,0,0,1,1,0,0,1,0,0,1,1,0,0,1,0,0,-0.00959224,-0.00369802,-0.0095922,-0.00959224,-0.00959224,sell
2010-08-22,2,0,2,1,2,2,2,0,0,0,0,0,0,0,0,0,1,0,1,1,1,1,1,1,0,1,1,0,0,1,0,0,1,0,0,0,1,0,0,-0.00593663,-0.00620259,-0.0060378,-0.00603785,-0.00403340,sell
2010-08-23,1,2,2,0,0,5,0,0,0,0,0,0,0,0,0,0,1,1,0,1,1,0,1,1,1,1,0,0,0,1,0,0,1,0,0,0,1,0,0,-0.00581087, 0.00043012,-0.0054067,-0.00371734,-0.00574209,sell
2010-08-24,1,2,3,1,4,2,1,0,0,1,0,0,0,0,0,0,1,1,1,1,1,1,1,1,1,1,0,1,1,1,0,0,1,0,0,0,1,0,0,-0.00465262,-0.00465262,-0.0020512,-0.00423307,-0.00456738,sell
2010-08-25,1,0,4,0,2,2,1,0,0,1,0,0,0,0,0,0,0,1,0,1,1,0,0,1,1,1,0,1,1,0,0,0,1,0,0,0,1,0,0,-0.00694511,-0.00703887,-0.0027548,-0.00468118,-0.00531824,sell
2010-08-26,1,0,2,0,3,2,0,0,0,1,0,0,0,0,0,0,0,1,1,0,0,0,1,0,1,1,0,1,1,0,0,0,1,0,0,0,1,0,0,-0.00687682,-0.00687682,-0.0013629,-0.00384527,-0.00444371,sell
2010-08-27,1,0,1,2,3,2,0,1,0,1,0,0,0,0,0,0,1,0,1,1,1,1,1,1,0,1,0,1,1,0,0,0,1,0,0,0,1,0,0,-0.00136162,-0.00174142,-0.0002126,-0.00329397,-0.00434377,sell
2010-08-28,1,1,0,2,2,3,0,0,0,1,0,0,0,0,0,0,0,1,1,0,0,1,0,1,0,1,0,1,1,0,0,0,0,0,0,0,1,0,0,-0.00315884,-0.00560177, 0.0015146,-0.00355268, 0.00123902,sell
2010-08-29,1,0,1,0,3,2,1,0,0,0,0,0,0,0,0,0,1,0,1,1,1,0,1,0,0,1,0,0,1,0,0,0,0,0,0,0,1,0,0,-0.00143104,-0.00135548, 0.0011232,-0.00104710, 0.00283565,buy
2010-08-30,2,1,2,0,0,3,0,0,0,0,0,0,0,0,0,0,1,0,0,2,1,1,1,1,0,0,0,0,0,0,0,0,0,0,0,0,1,0,0,-0.00625106,-0.00525681,-0.0101101,-0.00625106,-0.00625106,sell
2010-08-31,0,3,1,0,0,2,2,1,0,0,0,0,0,0,0,0,2,1,1,1,1,0,1,1,0,0,0,0,0,0,0,0,0,0,0,0,1,0,0, 0.00123249, 0.00123249,-0.0017680, 0.00099351,-0.00042222,buy
2010-09-01,2,1,1,0,1,1,2,1,0,0,0,0,0,0,0,1,1,1,0,1,1,1,1,1,0,0,0,0,0,0,0,0,0,0,0,0,1,0,0,-0.00069566, 0.00129912,-0.0006957, 0.00071766,-0.00069566,buy
2010-09-02,4,0,0,0,2,1,0,0,0,0,0,0,0,1,0,1,0,1,1,0,0,0,0,1,0,0,0,0,0,0,1,0,0,1,0,0,1,0,0, 0.00058136, 0.00238319, 0.0035166,-0.00184259,-0.00111997,buy
2010-09-03,2,0,0,1,2,1,0,3,0,0,0,0,0,1,0,1,1,0,1,1,1,0,1,0,0,0,0,0,0,0,1,0,0,1,0,0,1,0,0, 0.00786654, 0.00744926, 0.0064576, 0.00744926, 0.00240474,buy
2010-09-04,1,1,0,0,1,2,1,2,0,1,0,0,0,1,0,0,0,1,1,0,0,1,0,1,0,0,0,0,0,0,1,0,0,1,0,0,1,0,0, 0.00107477,-0.00091593, 0.0011606,-0.00657166, 0.00107477,buy
2010-09-05,3,0,3,0,1,3,1,1,0,1,0,0,0,0,0,0,1,1,1,1,1,1,1,0,0,0,0,0,0,0,1,0,0,1,0,0,1,1,0, 0.00149980, 0.00248542, 0.0033361, 0.00235689, 0.00364377,buy
2010-09-06,1,3,2,0,2,3,2,0,0,1,0,0,0,0,0,0,1,1,0,1,1,1,1,1,0,0,0,0,0,0,1,1,0,1,0,0,1,1,0, 0.00133561,-0.00193785, 0.0040212,-0.00176201, 0.00102000,buy
2010-09-07,2,0,4,1,2,3,1,0,0,1,0,0,0,0,0,0,1,1,1,1,1,0,1,1,0,0,0,0,0,0,1,1,0,1,0,0,1,1,0, 0.00383863, 0.00267128, 0.0046424, 0.00414818, 0.00432027,buy
2010-09-08,0,0,2,0,3,2,0,0,0,0,0,0,1,0,0,0,0,1,0,0,0,1,0,1,0,0,0,0,0,0,1,1,0,0,0,0,1,1,0,-0.00074730,-0.00413575,-0.0024593, 0.00208046,-0.00375233,sell
2010-09-09,0,0,3,2,3,1,1,1,0,0,0,0,1,0,0,0,1,1,1,1,1,0,1,0,0,0,0,0,0,0,1,1,0,0,1,0,1,1,0,-0.00040632,-0.00247161, 0.0026713,-0.00178281,-0.00073588,sell
2010-09-10,0,1,2,0,3,1,1,0,0,0,0,0,1,0,0,0,0,0,1,0,0,1,0,1,0,0,0,0,0,0,1,1,0,0,1,0,1,1,0,-0.00274824,-0.00341316,-0.0020738,-0.00046307,-0.00348008,sell
2010-09-11,1,0,3,0,2,2,2,0,0,0,0,0,1,0,0,0,1,1,1,1,1,1,1,0,0,0,0,0,0,0,0,1,0,0,1,0,1,0,0, 0.00230289, 0.00230289, 0.0037309, 0.00202088, 0.00051803,buy
2010-09-12,0,2,0,0,2,3,2,0,0,0,0,0,1,0,0,0,1,0,0,1,1,1,1,1,0,0,0,0,0,0,0,0,0,0,1,0,1,0,0,-0.00662935,-0.00512167,-0.0052376,-0.00607437,-0.00607437,sell
2010-09-13,2,0,0,0,4,2,2,1,0,0,0,0,1,0,0,0,1,1,1,1,1,0,1,1,0,0,0,0,0,0,0,0,0,0,1,1,1,0,0, 0.00188291, 0.00282742, 0.0018829, 0.00250584, 0.00039877,buy
2010-09-14,0,0,0,0,2,1,3,0,0,0,0,0,1,0,0,0,0,1,0,0,1,0,0,1,0,0,0,0,0,0,0,0,0,0,1,1,0,0,0, 0.00481736, 0.00040845, 0.0002207, 0.00118033, 0.00021207,buy
2010-09-15,0,0,0,0,2,0,4,3,0,0,0,0,1,0,0,0,1,1,1,1,0,1,1,1,0,0,0,0,0,0,0,0,0,0,1,1,0,0,0, 0.00193235, 0.00320488, 0.0008947, 0.00193235, 0.00337870,buy
2010-09-16,0,0,0,0,2,1,1,1,0,0,0,0,1,0,0,0,0,1,1,1,1,0,0,0,0,0,0,0,0,0,0,0,0,0,0,1,0,0,0,-0.00119794,-0.00404668,-0.0040467,-0.00416223,-0.00404668,sell
2010-09-17,1,0,1,0,3,0,0,1,0,0,0,0,1,0,0,0,0,0,1,0,0,1,0,1,0,0,1,0,0,0,0,0,0,0,0,1,0,0,0, 0.00181850, 0.00099367, 0.0032218,-0.00066950,-0.00066950,buy
2010-09-18,2,0,1,0,4,0,2,1,0,0,0,0,1,0,0,0,1,1,1,1,1,1,1,0,0,0,1,0,0,0,0,0,0,0,0,1,0,0,0, 0.00125062, 0.00030887, 0.0003891, 0.00026939, 0.00124048,buy
2010-09-19,2,2,1,2,2,3,0,0,0,0,0,0,1,0,0,0,1,0,0,1,2,1,1,1,1,0,1,0,0,1,0,0,0,0,0,1,0,0,0, 0.00493030, 0.00513117, 0.0051019, 0.00513117, 0.00942050,buy
2010-09-20,1,1,2,2,3,0,1,0,0,0,0,0,0,0,0,0,1,0,1,1,1,1,1,1,1,0,1,0,0,1,0,0,0,0,0,1,0,0,0, 0.00670157, 0.00631837, 0.0059176, 0.00611222, 0.00751246,buy
2010-09-21,1,1,2,2,1,0,1,0,0,0,0,0,0,0,0,0,0,1,0,1,1,0,0,1,1,0,1,0,0,1,0,0,0,0,0,1,0,0,0, 0.01033223, 0.01031179, 0.0102294, 0.01011226, 0.01072221,buy
2010-09-22,0,1,1,2,1,0,0,0,0,0,0,0,0,0,0,0,0,1,1,0,0,0,0,1,1,0,0,0,0,1,0,0,0,0,0,0,0,0,0, 0.00097892, 0.00668916, 0.0012261, 0.00140585, 0.00593823,buy
2010-09-23,0,0,1,4,1,0,0,2,0,0,0,0,0,0,0,0,1,1,1,1,1,1,1,0,1,0,0,1,0,1,0,0,0,0,0,0,0,0,0,-0.00240978,-0.00594495,-0.0040659,-0.00315365,-0.00481888,sell
2010-09-24,0,0,1,1,0,1,0,1,0,0,0,0,0,0,0,0,0,1,1,0,1,0,0,0,0,0,0,1,0,0,0,0,0,0,0,0,0,0,0,-0.00454526,-0.00454526,-0.0047066,-0.00544388,-0.00334508,sell
2010-09-25,1,0,1,1,2,0,1,1,0,0,0,0,0,0,0,0,1,0,1,1,0,1,1,1,0,0,0,1,0,0,0,0,0,0,0,0,0,0,0, 0.00728325, 0.01015363, 0.0060986, 0.00592461, 0.00754763,buy
2010-09-26,1,1,2,1,0,2,0,1,0,0,0,0,0,0,0,0,1,1,0,1,1,1,1,0,0,0,0,1,0,0,0,1,0,0,0,0,0,0,0,-0.00526475,-0.00526475,-0.0049244,-0.00526475,-0.00728174,sell
2010-09-27,0,4,1,0,0,2,1,2,0,0,0,0,0,0,0,0,2,0,1,1,1,1,1,1,0,0,0,1,0,0,0,1,0,0,0,0,0,0,0,-0.00124885,-0.00142041, 0.0002454,-0.00203876,-0.00159209,sell
2010-09-28,2,3,3,0,0,0,2,2,0,0,0,0,0,0,0,0,1,1,1,1,1,1,1,2,0,0,0,1,1,0,0,1,0,0,0,0,0,1,0,-0.00142416,-0.00054160,-0.0004168,-0.00049194, 0.00120243,buy
2010-09-29,1,3,1,0,0,1,0,0,0,1,0,0,0,0,0,0,0,1,0,0,1,0,0,1,0,0,0,0,1,0,0,1,1,0,0,0,0,1,0,-0.00106087, 0.00079374,-0.0011169,-0.00037654,-0.00101241,buy
2010-09-30,2,3,1,2,1,1,0,2,1,1,1,0,0,0,0,1,1,1,1,1,0,0,1,1,0,0,0,0,1,0,0,1,1,0,0,0,0,1,0, 0.00713849, 0.00734565, 0.0071385, 0.00713849, 0.00713849,buy
2010-10-01,1,3,1,2,1,1,0,2,1,1,1,0,0,0,1,1,0,1,1,0,1,1,0,0,0,0,0,0,1,0,0,1,1,0,0,0,0,1,0, 0.00803534, 0.00759760, 0.0079104, 0.00791044, 0.00791044,buy
2010-10-02,2,3,3,2,1,1,0,1,1,1,1,0,0,0,1,1,1,0,1,1,0,0,1,1,0,0,1,0,1,0,0,1,1,0,0,0,0,1,0, 0.00678184, 0.00685186, 0.0071105, 0.00711053, 0.00711053,buy
2010-10-03,0,6,1,2,1,1,2,1,1,1,0,0,0,0,1,1,1,1,0,2,1,1,1,0,0,0,1,0,1,0,0,1,1,0,0,0,0,1,0, 0.00941411, 0.00946544, 0.0094654, 0.00946544, 0.00946544,buy
2010-10-04,1,4,2,1,2,2,1,1,0,0,0,1,0,0,0,0,1,0,1,2,1,1,1,1,0,1,1,0,0,0,0,1,1,0,0,0,1,1,0, 0.00762134, 0.00720262, 0.0072026, 0.00758098, 0.00758098,buy
2010-10-05,1,3,0,0,4,1,1,1,0,0,0,1,0,0,0,0,0,1,0,1,1,1,0,1,0,1,1,0,0,0,0,1,1,0,0,0,1,1,0, 0.00423142, 0.00434536, 0.0053028, 0.00298329, 0.00225018,buy
2010-10-06,0,3,1,2,3,1,0,2,0,0,0,1,0,0,0,0,1,1,1,1,0,0,1,1,0,1,1,0,0,0,0,1,1,0,0,0,1,1,0, 0.00583656, 0.00583656, 0.0056730, 0.00489841, 0.00468318,buy
2010-10-07,0,3,0,0,3,0,0,1,0,0,0,0,1,0,0,0,0,1,1,1,1,1,0,0,0,1,0,0,0,0,0,1,1,0,0,0,1,1,0, 0.00095462, 0.00307967, 0.0039346, 0.00087427,-0.00204097,buy
2010-10-08,1,3,2,0,3,0,1,0,0,0,1,0,1,0,0,0,1,1,1,1,0,0,1,1,0,1,0,0,0,0,0,1,0,0,0,0,1,1,0,-0.00134372,-0.00134372,-0.0000272,-0.00134372,-0.00009411,sell
2010-10-09,0,4,0,0,3,1,1,0,0,0,1,0,1,0,0,0,1,1,0,2,1,1,1,0,0,1,0,0,0,0,0,0,0,0,0,0,0,1,0,-0.00287827,-0.00415158,-0.0042626,-0.00415158,-0.00338071,sell
2010-10-10,2,2,0,0,3,2,0,1,0,0,1,0,0,0,0,0,1,1,1,1,1,1,1,1,0,1,0,0,0,0,0,0,0,0,0,0,0,1,0,-0.00260833,-0.00509581,-0.0051347,-0.00224397,-0.00379849,sell
2010-10-11,0,2,0,0,3,1,1,0,0,0,1,0,0,0,0,0,0,0,0,1,1,1,0,1,0,1,0,0,0,0,0,0,0,0,0,0,0,1,0,-0.00447895,-0.00436559,-0.0043656,-0.00421366,-0.00421366,sell
2010-10-12,0,1,0,0,2,1,2,2,0,0,0,0,0,0,0,0,1,1,1,0,0,1,1,1,0,1,0,0,0,0,0,0,0,0,0,0,0,1,0,-0.00420628,-0.00357805,-0.0048105,-0.00207504,-0.00351289,sell
2010-10-13,0,1,0,0,2,2,2,2,0,1,0,0,0,0,0,0,0,1,2,1,1,0,1,1,0,1,0,0,0,0,0,0,0,0,0,0,0,1,0,-0.00250285,-0.00167626,-0.0030952,-0.00213642,-0.00232049,sell
2010-10-14,0,2,0,0,2,1,1,2,0,1,0,0,0,1,0,0,0,1,1,0,1,1,0,0,0,1,0,0,0,0,0,1,0,0,0,0,0,1,0,-0.00310114,-0.00217323,-0.0034611,-0.00357203,-0.00077739,sell
2010-10-15,0,2,0,0,4,0,2,2,0,1,0,0,0,1,0,0,1,0,1,1,0,1,1,1,0,1,0,0,0,0,0,1,0,0,0,0,0,1,0,-0.00129738,-0.00139757,-0.0001403,-0.00091798,-0.00084716,sell
2010-10-16,1,2,2,0,3,3,0,1,1,1,0,0,0,1,0,0,1,0,0,2,1,0,1,1,1,1,0,0,0,0,0,1,0,0,0,0,0,1,0,-0.00740293,-0.00761391,-0.0039469,-0.00977887,-0.00731453,sell
2010-10-17,3,3,2,0,5,1,0,1,1,1,1,0,0,1,0,0,1,1,1,1,1,1,1,0,1,1,1,0,0,0,0,1,0,0,0,1,0,1,0, 0.00187842, 0.00138625,-0.0009019,-0.00067936,-0.00065174,buy
2010-10-18,3,3,4,0,3,0,1,0,1,0,1,0,0,1,1,0,0,0,0,1,1,1,1,1,1,1,1,0,0,0,0,1,0,0,0,1,0,1,0,-0.00109411,-0.00247604,-0.0018341,-0.00286884,-0.00273929,sell
2010-10-19,2,4,5,0,1,0,0,0,1,0,1,0,0,1,1,0,0,0,0,0,1,1,0,1,1,0,1,0,0,1,0,1,0,0,0,1,0,1,0, 0.00149319, 0.00155729, 0.0008181,-0.00132954,-0.00188435,buy
2010-10-20,2,2,4,0,2,0,0,1,0,0,0,0,0,0,1,0,1,1,1,1,0,1,1,1,1,0,1,0,0,1,0,1,0,0,0,1,0,0,0, 0.00511198, 0.00339665, 0.0056738, 0.00567384, 0.00567384,buy
2010-10-21,1,2,2,1,1,1,1,1,0,0,0,1,0,0,0,0,0,1,1,1,1,0,0,1,0,0,1,0,0,1,0,1,0,0,0,1,0,0,0, 0.00626445, 0.00657985, 0.0062323, 0.00819532, 0.00623233,buy
2010-10-22,0,1,2,1,3,0,2,0,0,0,0,1,0,0,0,0,1,1,1,0,0,1,1,0,0,0,0,0,0,1,0,1,0,0,0,1,0,0,1,-0.00150552,-0.00073207, 0.0025439,-0.00807353,-0.00150552,sell
2010-10-23,1,1,1,2,2,2,1,0,0,0,0,1,0,0,0,0,1,0,0,1,1,1,2,1,0,0,0,0,0,0,0,1,0,0,0,1,0,0,1,-0.00769888,-0.00775863, 0.0058741,-0.00759174,-0.00421952,sell
2010-10-24,0,2,1,0,0,2,3,0,0,0,0,1,0,0,0,0,2,0,0,1,1,0,1,0,0,0,0,1,0,0,0,1,0,0,0,0,0,0,1,-0.00243875,-0.00134172,-0.0010954,-0.00262692,-0.00043715,sell
2010-10-25,0,3,2,1,0,0,3,1,1,0,0,0,0,0,0,1,1,1,1,1,1,1,1,0,0,0,0,1,0,0,0,1,0,0,0,0,0,0,1, 0.00250604, 0.00291308, 0.0014619, 0.00059076, 0.00067159,buy
2010-10-26,1,2,1,0,1,0,1,0,1,0,0,0,1,0,0,1,0,0,0,0,1,1,0,1,0,0,0,1,0,0,0,0,0,0,0,0,0,0,0,-0.00015269, 0.00015563, 0.0004326,-0.00070663,-0.00006814,buy
2010-10-27,1,4,1,1,1,0,1,2,1,0,0,0,1,0,1,1,1,1,1,1,0,1,1,1,0,0,0,1,0,0,0,0,0,0,0,0,1,0,0,-0.00342129,-0.00427956,-0.0053101,-0.00512408,-0.00471392,sell
2010-10-28,2,3,0,1,1,0,1,1,0,0,0,0,1,0,1,1,0,1,1,1,1,1,0,1,0,0,0,1,0,0,0,0,0,0,0,0,1,0,0,-0.00278494,-0.00323316,-0.0013478,-0.00278494,-0.00271397,sell
2010-10-29,2,2,1,0,1,0,1,0,0,0,0,0,1,0,1,0,1,1,1,0,0,0,1,0,0,0,0,0,0,0,0,0,0,0,1,0,1,0,0,-0.00001940,-0.00015109,-0.0003216,-0.00026909,-0.00008474,buy
2010-10-30,1,3,1,0,0,0,2,2,0,0,0,0,0,0,0,0,1,1,0,1,1,1,1,1,1,0,0,0,0,0,0,0,0,0,1,0,1,0,0,-0.01036123,-0.01036123,-0.0103612,-0.01104791,-0.01023713,sell
2010-10-31,0,3,2,1,1,2,1,1,0,0,0,1,0,0,0,0,1,0,1,1,1,0,2,1,1,0,0,0,0,0,0,0,1,0,1,0,0,0,0, 0.00263758, 0.00262917, 0.0026084, 0.00306055, 0.00093523,buy
2010-11-01,1,1,1,1,2,2,3,1,0,0,0,1,0,0,0,0,0,1,1,1,2,1,1,1,1,0,0,0,0,0,0,0,1,0,1,0,0,0,0, 0.00210918, 0.00210918, 0.0021092, 0.00210918, 0.00295391,buy
2010-11-02,0,2,1,2,3,2,2,0,0,0,0,1,0,0,0,0,1,0,1,0,1,1,1,1,1,0,0,0,1,1,0,0,1,0,1,0,0,0,0, 0.00386388, 0.00322993, 0.0038392, 0.00322993, 0.00122100,buy
2010-11-03,1,3,1,1,3,2,2,1,1,0,0,0,0,0,0,0,0,1,2,1,1,2,1,1,1,0,0,0,1,1,0,0,1,0,1,0,0,0,0, 0.00673032, 0.00549140, 0.0064323, 0.00711831, 0.00591560,buy
2010-11-04,2,2,2,0,3,1,1,0,1,0,0,0,0,0,0,0,1,1,2,0,1,1,1,1,0,0,0,0,1,1,0,0,0,0,1,0,0,0,0, 0.00400050, 0.00126330, 0.0055506, 0.00419841, 0.00550140,buy
2010-11-05,3,3,1,0,3,1,2,1,1,0,1,0,1,0,1,0,1,1,1,1,1,0,2,0,0,0,0,0,1,1,1,0,0,0,1,0,0,0,0, 0.00571949, 0.00447454,-0.0031058, 0.00485310, 0.00164715,buy
2010-11-06,3,3,0,0,2,2,0,2,1,0,1,0,1,0,1,0,2,0,1,1,1,1,1,1,0,0,0,0,1,1,1,0,0,0,0,0,0,0,0,-0.00028839, 0.00280126,-0.0014192,-0.00141004,-0.00162735,buy
2010-11-07,3,0,0,0,1,2,0,2,0,0,1,0,1,0,1,0,1,1,1,1,1,0,1,0,0,0,0,0,0,0,1,0,0,0,0,0,0,0,0, 0.00083492, 0.00083492, 0.0004082, 0.00130142, 0.00028605,buy
2010-11-08,1,0,0,0,2,1,1,1,0,0,0,0,1,0,1,0,1,1,0,0,1,1,0,1,0,0,0,0,0,0,1,0,0,0,0,0,0,0,0, 0.00374839, 0.00315417,-0.0005627, 0.00374839, 0.00454247,buy
2010-11-09,0,0,0,0,0,3,1,2,0,0,0,0,0,0,0,0,1,0,1,1,0,1,1,1,0,0,0,1,0,0,1,0,0,0,0,0,0,0,0, 0.00393249, 0.00416140, 0.0038152, 0.00318507, 0.00138451,buy
2010-11-10,0,0,0,0,2,2,2,1,0,0,0,1,0,0,0,0,0,1,1,0,1,1,0,1,0,0,0,1,0,0,1,0,0,0,0,0,0,0,0,-0.00215146,-0.00167817, 0.0007395,-0.00054806,-0.00125598,sell
2010-11-11,0,0,1,0,2,2,4,0,0,0,0,1,0,0,0,0,1,1,1,0,0,1,1,1,0,0,0,1,0,0,1,0,0,0,0,0,0,1,0,-0.00071312,-0.00022358, 0.0004967, 0.00057237,-0.00037603,buy
2010-11-12,1,0,1,0,2,3,1,0,0,0,0,1,0,0,0,0,1,1,0,1,1,0,1,0,0,0,0,1,0,0,1,0,0,0,0,0,0,1,0,-0.00234648, 0.00150898,-0.0022837,-0.00234648,-0.00419087,sell
2010-11-13,1,0,1,0,1,4,1,2,0,0,0,0,0,0,0,0,1,1,1,1,1,1,1,1,0,0,0,1,0,0,1,0,1,0,0,0,0,1,0, 0.00340740, 0.00273089, 0.0026543, 0.00340740, 0.00130080,buy
2010-11-14,1,1,1,0,2,1,1,0,0,0,0,0,0,0,0,0,1,0,1,1,1,0,1,0,1,0,0,0,0,0,1,0,1,0,0,0,0,1,0,-0.00248890,-0.00241185,-0.0024889,-0.00288859,-0.00248890,sell
2010-11-15,2,0,2,0,0,1,0,1,0,0,0,0,0,0,0,0,0,1,0,0,1,0,0,0,1,0,0,0,0,0,0,0,1,1,0,0,0,1,0, 0.00069190, 0.00077080,-0.0037321,-0.00361793,-0.00326980,sell
2010-11-16,4,0,1,0,1,1,1,1,0,0,0,0,1,0,0,0,1,0,1,0,0,1,1,1,1,0,1,0,0,0,0,0,1,1,0,0,0,1,0, 0.00228481,-0.00097844,-0.0023928,-0.00136545, 0.00232750,buy
2010-11-17,3,2,1,1,0,2,1,2,0,1,0,0,1,0,0,0,0,0,1,1,1,1,0,1,1,0,1,0,0,1,0,0,1,1,0,0,0,1,0,-0.00485075,-0.00700660,-0.0007271,-0.00374307,-0.00485075,sell
2010-11-18,3,0,2,1,2,2,2,1,0,1,0,0,1,0,0,0,1,1,2,0,1,0,0,1,0,0,1,0,1,1,0,0,0,1,0,0,1,1,0, 0.00206930, 0.00360392, 0.0056181, 0.00248882, 0.00287365,buy
2010-11-19,3,1,2,0,3,2,2,1,0,1,0,0,1,0,0,0,2,1,1,1,0,1,1,0,0,0,1,0,1,1,0,0,0,1,0,0,1,1,0, 0.00348592, 0.00291912, 0.0048225, 0.00296442, 0.00291912,buy
2010-11-20,2,1,3,0,1,3,0,1,0,1,0,0,0,0,0,0,1,1,0,1,1,0,1,0,0,0,1,0,1,1,0,0,0,1,0,0,1,1,0,-0.00065995, 0.00167520,-0.0019275,-0.00163237,-0.00176298,buy
2010-11-21,2,2,2,2,1,1,2,1,0,1,0,0,0,0,0,0,1,0,1,2,1,1,1,1,0,0,0,0,1,1,0,0,0,1,0,0,1,1,0, 0.00173700,-0.00262208,-0.0010673,-0.00221919,-0.00217598,sell
2010-11-22,2,0,2,0,1,1,0,0,0,1,0,0,0,0,0,0,0,0,0,1,1,0,0,0,0,0,0,0,1,0,0,0,0,1,0,0,1,1,0,-0.00345595,-0.00350972,-0.0046186,-0.00488013,-0.00536670,sell
2010-11-23,1,0,2,1,0,1,0,2,0,1,0,0,0,0,0,0,1,1,1,0,0,0,1,1,0,0,0,0,1,0,0,0,0,0,0,0,0,1,0,-0.00042555,-0.00066175,-0.0002876,-0.00042555,-0.00078415,buy
2010-11-24,0,2,2,1,1,0,0,2,1,1,0,0,0,0,0,0,0,0,1,1,1,1,0,1,0,0,0,1,0,0,0,0,0,0,0,0,0,1,0,-0.00374184,-0.00419893,-0.0008333,-0.00419893,-0.00423325,sell
2010-11-25,3,2,3,0,1,0,1,2,1,0,1,0,0,0,0,0,1,1,2,0,1,1,1,1,0,0,0,1,0,0,0,0,0,0,0,0,0,1,0, 0.00096685, 0.00109028, 0.0002554, 0.00098436, 0.00109028,buy
2010-11-26,3,3,3,0,2,0,1,2,1,0,1,0,0,0,1,1,1,1,1,1,0,1,2,1,0,0,0,1,0,0,0,0,0,0,0,0,0,1,0, 0.00139612, 0.00145717, 0.0002801, 0.00145717, 0.00139612,buy
2010-11-27,1,3,1,0,2,0,2,2,1,0,1,0,0,0,1,1,2,1,0,1,1,0,1,0,0,0,0,1,0,0,0,0,0,0,0,0,0,0,0,-0.00280547,-0.00272876,-0.0041753,-0.00343999,-0.00291961,sell
2010-11-28,2,0,2,1,3,1,1,3,0,0,1,0,0,0,1,1,1,1,1,1,1,1,1,1,0,0,0,1,0,0,0,0,0,0,0,0,0,0,1,-0.00955031,-0.00779051,-0.0069705,-0.00767071,-0.00862063,sell
2010-11-29,0,0,0,1,3,0,1,3,0,0,1,0,0,0,1,1,1,1,0,0,1,1,0,0,0,0,0,0,0,0,0,0,0,0,0,0,0,0,1,-0.00708333,-0.00581772,-0.0073596,-0.00737111,-0.00728619,sell
2010-11-30,0,0,1,2,2,0,1,2,0,0,0,0,0,0,0,1,1,1,1,1,0,0,1,1,0,0,0,0,0,0,0,0,0,0,0,0,0,0,1,-0.00145982,-0.00272384, 0.0063388,-0.00145982,-0.00183663,buy
2010-12-01,0,1,0,0,2,1,1,0,0,0,0,0,0,0,0,1,0,0,1,0,1,1,0,1,0,0,0,0,0,0,0,0,0,0,0,0,0,0,1, 0.00121766, 0.00290634, 0.0013990, 0.00080691, 0.00106663,buy
2010-12-02,1,0,2,0,3,1,2,0,0,0,0,0,0,0,0,1,1,1,1,1,0,1,1,1,0,0,0,0,0,0,0,0,0,0,0,0,0,0,1,-0.00107531, 0.00051501, 0.0036004,-0.00045383,-0.00127171,buy
2010-12-03,0,2,0,0,3,2,1,0,0,0,0,1,0,0,0,0,1,1,0,2,1,1,1,0,0,0,0,0,0,0,0,0,0,0,0,0,0,0,1, 0.00355157, 0.00376776, 0.0050332, 0.00295821, 0.00415695,buy
2010-12-04,2,0,0,0,3,2,0,1,0,0,0,1,0,0,0,0,1,1,1,2,1,0,1,1,0,0,0,0,0,0,0,0,0,0,0,0,0,0,1, 0.00020707, 0.00018940, 0.0052829,-0.00045408, 0.00348836,buy
2010-12-05,0,0,0,0,2,0,3,0,0,0,0,1,0,0,0,0,0,0,0,1,1,1,0,0,0,0,0,0,1,0,0,0,0,0,1,0,0,0,1, 0.00222222, 0.00346855, 0.0034685, 0.00346855, 0.00471448,buy
2010-12-06,0,0,0,0,1,0,3,2,0,0,0,1,0,0,0,0,1,1,1,0,0,0,1,0,0,0,0,0,1,0,0,0,0,0,1,0,0,0,1, 0.00225347, 0.00419384, 0.0041938, 0.00641666, 0.00254606,buy
2010-12-07,0,0,0,0,2,1,2,0,0,0,0,1,0,0,0,0,0,1,1,1,0,0,0,1,0,0,0,0,1,0,0,0,0,0,1,0,0,0,1, 0.00361549, 0.00431424, 0.0040574, 0.00667441, 0.00215948,buy
2010-12-08,0,0,0,0,3,1,4,1,0,0,0,1,0,0,0,0,1,0,1,0,1,1,1,1,0,0,0,0,1,0,0,0,0,0,1,0,0,0,1, 0.00487143, 0.00447183, 0.0044718, 0.00447183, 0.00390086,buy
2010-12-09,0,0,0,0,4,2,5,0,0,0,0,1,0,0,0,0,2,1,1,1,0,1,1,1,0,0,0,0,1,0,0,0,0,0,1,0,0,0,1, 0.00459042, 0.00559855, 0.0053149, 0.00531489, 0.00341310,buy
2010-12-10,1,0,0,0,2,4,2,0,0,0,0,1,0,0,0,1,1,1,0,1,1,1,1,0,0,0,0,0,0,0,0,0,0,0,1,0,0,0,1, 0.00368314, 0.00342149, 0.0041814, 0.00419248, 0.00172696,buy
2010-12-11,0,1,0,0,4,2,3,0,0,0,0,1,0,0,0,1,1,1,1,1,1,1,1,0,0,0,0,0,0,0,0,0,0,0,1,0,1,0,1, 0.00455188, 0.00401895, 0.0040189, 0.00388998, 0.00377391,buy
2010-12-12,0,0,1,0,1,1,2,1,0,1,0,1,0,0,0,1,0,1,0,1,1,0,0,1,0,0,0,0,0,0,0,0,0,0,0,0,1,0,0, 0.00388932, 0.00437664, 0.0041105, 0.00388932, 0.00493248,buy
2010-12-13,0,1,1,0,2,1,0,1,0,1,0,1,0,0,0,1,1,0,1,0,1,1,1,0,0,0,0,0,0,0,0,1,0,0,0,0,1,0,0, 0.00421630, 0.00569219, 0.0057406, 0.00647061, 0.00576297,buy
2010-12-14,1,1,0,0,2,1,0,3,0,1,0,1,0,0,0,1,1,1,1,1,0,0,1,1,1,0,0,0,0,0,0,1,0,0,0,0,1,0,0, 0.00251384, 0.00579508, 0.0059706, 0.00603782, 0.00538379,buy
2010-12-15,0,2,0,1,0,2,0,1,0,1,0,1,0,0,0,0,0,0,1,0,1,0,0,1,1,0,0,0,0,0,0,1,0,0,0,0,1,0,0, 0.00034043, 0.00223309, 0.0021076, 0.00023098, 0.00095776,buy
2010-12-16,1,3,0,0,2,1,2,2,0,0,0,1,0,0,0,0,1,0,1,0,0,1,1,1,1,0,1,0,0,1,0,1,0,0,0,0,1,1,0,-0.00070069,-0.00090339,-0.0009914,-0.00345745,-0.00416971,sell
2010-12-17,2,3,2,0,0,3,1,2,0,0,0,0,0,0,0,0,1,1,0,1,1,1,1,1,1,0,1,0,0,1,0,1,0,0,0,0,1,1,0,-0.00053247, 0.00076004,-0.0003359,-0.00117659, 0.00050301,buy
2010-12-18,0,4,2,0,0,1,3,3,0,0,0,0,0,0,0,0,1,1,1,1,1,1,1,0,1,0,1,0,0,1,0,1,0,0,0,0,1,1,0,-0.00071934, 0.00041367,-0.0003874,-0.00193781, 0.00025752,buy
2010-12-19,0,3,3,1,0,1,3,4,0,0,1,0,0,1,1,0,0,1,1,1,1,1,1,1,1,0,1,0,0,1,0,1,0,0,0,0,1,1,0,-0.00105190, 0.00009646,-0.0000281, 0.00002342, 0.00072155,buy
2010-12-20,1,1,0,0,0,1,2,4,1,0,1,0,0,1,1,0,1,0,0,0,1,0,0,0,0,0,1,0,0,1,0,0,0,0,0,0,1,1,0,-0.00024104,-0.00253666,-0.0025430, 0.00076619, 0.00172383,sell
2010-12-21,1,1,0,2,1,1,1,4,1,0,1,0,0,0,1,0,1,0,1,1,0,1,1,0,0,0,0,0,0,0,0,0,0,0,0,1,1,1,0, 0.00367930, 0.00340589, 0.0017201, 0.00288741, 0.00404208,buy
2010-12-22,0,1,1,1,1,1,1,3,1,0,1,0,0,0,1,0,0,1,1,0,1,0,0,1,0,0,0,0,0,0,0,0,0,0,0,1,1,0,0, 0.00057980, 0.00057980, 0.0005798, 0.00344553, 0.00073530,buy
2010-12-23,2,1,3,0,1,1,0,1,1,0,0,0,0,0,0,0,1,0,1,1,0,1,1,1,0,0,0,0,0,0,0,0,0,0,0,1,1,0,0, 0.00372071,-0.00385221, 0.0011511, 0.00493195, 0.00372071,buy
2010-12-24,1,4,2,0,1,1,1,0,0,0,0,0,0,0,0,0,1,1,0,2,1,1,1,1,0,0,0,0,0,0,0,0,0,0,0,1,1,0,0,-0.00214797,-0.00239840,-0.0026368,-0.00024131,-0.00214797,sell
2010-12-25,2,2,2,1,1,2,0,0,0,0,0,0,0,0,0,0,1,1,1,2,1,1,1,0,0,0,0,1,0,0,0,0,0,0,0,1,1,0,0, 0.00528476, 0.00238174, 0.0031232, 0.00449184, 0.00451149,buy
2010-12-26,3,0,0,0,2,2,0,1,0,0,0,0,0,0,0,0,0,1,0,1,1,1,0,1,0,0,0,1,0,0,0,0,0,0,1,1,1,0,0,-0.00106024,-0.00050640,-0.0010602,-0.00021365,-0.00117626,buy
2010-12-27,0,0,1,2,0,2,0,0,0,0,0,0,0,0,0,0,1,0,1,0,0,0,1,0,0,0,0,1,0,0,0,0,0,0,1,0,1,0,0,-0.00959954,-0.00658289, 0.0011321,-0.00909718,-0.00205679,sell
2010-12-28,0,1,0,0,0,2,1,3,0,0,0,0,0,0,0,0,0,1,1,1,1,1,0,1,0,0,0,1,0,0,0,0,0,0,1,0,1,0,0,-0.00930701,-0.00779672,-0.0075431,-0.01481709,-0.00572675,sell
2010-12-29,1,0,2,0,0,3,0,1,0,0,0,0,0,0,0,0,1,1,1,0,1,0,1,1,0,0,0,1,0,0,0,0,0,0,1,0,1,0,0, 0.00455605, 0.00032231,-0.0001410, 0.00411337, 0.00115829,buy
2010-12-30,0,2,0,0,2,2,2,0,0,0,0,0,0,0,0,0,1,0,0,1,1,1,1,1,0,0,0,0,0,0,0,0,0,0,1,0,1,0,0,-0.00763677,-0.00671207,-0.0072087,-0.00683258,-0.00720870,sell
2010-12-31,2,0,0,0,3,4,1,1,0,1,0,0,0,0,0,0,1,1,1,1,1,1,1,1,0,0,1,0,0,0,0,0,0,0,0,0,1,0,0,-0.00470203,-0.00470203,-0.0035947,-0.00075913,-0.00340887,sell
2011-01-01,0,0,0,0,3,4,0,0,0,1,0,0,0,0,0,0,0,1,0,1,1,1,0,0,0,0,1,0,0,0,0,0,0,0,0,0,1,0,0,-0.00379641,-0.00379641, 0.0031134, 0.00048805,-0.00398048,sell
2011-01-02,2,0,0,0,3,2,2,3,0,1,0,0,0,0,0,0,1,1,1,0,1,1,1,1,0,0,1,0,0,0,0,1,0,1,0,0,1,1,0,-0.00035115,-0.00035115, 0.0002950, 0.00056054,-0.00034965,buy
2011-01-03,2,0,0,0,1,2,1,3,0,1,0,0,0,0,0,0,1,0,1,1,0,0,1,0,0,0,1,0,0,0,0,1,0,1,0,0,1,1,0, 0.00088326, 0.00145304, 0.0023076, 0.00150499, 0.00078463,buy
2011-01-04,2,0,0,0,2,3,0,2,0,1,0,0,0,0,0,0,0,1,1,0,1,1,0,1,0,0,1,0,0,0,0,1,0,1,0,0,1,1,0, 0.00189684, 0.00189684, 0.0029020, 0.00123845, 0.00123845,buy
2011-01-05,2,0,0,0,3,2,2,2,0,1,0,0,0,0,0,0,1,1,1,1,0,0,1,1,0,0,0,0,1,0,0,1,0,1,0,0,1,1,0, 0.00047220,-0.00143913, 0.0024506, 0.00078688, 0.00065295,buy
2011-01-06,3,0,0,0,3,4,0,2,0,1,0,0,0,0,0,0,1,0,0,1,1,1,1,1,0,0,0,0,1,0,0,1,0,1,0,0,1,1,0, 0.00551974, 0.00071802, 0.0057181, 0.00522427, 0.00500810,buy
2011-01-07,1,0,0,0,6,3,1,1,0,1,0,0,0,0,0,0,1,1,1,1,1,1,1,1,0,0,0,0,1,0,1,0,0,0,0,1,1,0,0, 0.00014875, 0.00027886, 0.0036362, 0.00139888,-0.00028372,buy
2011-01-08,0,1,0,0,4,4,2,1,0,1,1,0,0,0,0,0,1,1,1,1,1,1,1,0,0,0,0,0,1,0,1,0,0,0,0,1,1,0,0, 0.00027949, 0.00027949, 0.0024012, 0.00039885,-0.00025495,buy
2011-01-09,0,0,1,0,2,3,2,4,1,1,1,0,0,0,1,0,0,1,0,0,1,1,0,1,0,0,0,0,1,0,1,0,0,0,0,1,1,0,0,-0.00139831, 0.00347549, 0.0036886, 0.00404566,-0.00139831,buy
2011-01-10,0,0,0,0,3,2,2,3,1,1,1,0,0,0,1,0,1,1,1,1,0,0,1,0,0,0,0,0,0,0,1,0,0,0,0,1,1,0,0, 0.00072195, 0.00000089, 0.0010417,-0.00172206, 0.00072195,buy
2011-01-11,0,0,0,1,3,3,1,3,1,1,1,0,0,0,1,0,0,0,1,1,1,0,0,0,0,0,0,0,0,0,1,0,0,0,1,1,1,0,0, 0.00134809, 0.00167742, 0.0015220, 0.00291082, 0.00152195,buy
2011-01-12,1,0,0,1,5,1,2,4,1,1,1,0,0,0,1,0,1,1,1,0,1,1,1,1,0,0,0,0,0,0,1,0,0,0,1,0,1,0,0, 0.00228769, 0.00182322, 0.0023740, 0.00237510, 0.00134253,buy
2011-01-13,1,1,0,0,5,1,1,2,1,1,0,0,0,0,0,0,1,1,1,1,0,0,1,1,0,0,0,0,0,0,1,0,0,0,1,0,1,0,0, 0.00365112, 0.00050557, 0.0039167, 0.00150324, 0.00285007,buy
2011-01-14,0,1,2,0,2,3,0,0,0,0,0,0,0,0,0,0,1,0,0,1,1,0,1,1,0,0,0,0,0,0,1,0,0,0,1,0,1,0,0,-0.00175805,-0.00410177,-0.0032389,-0.00320752,-0.00375081,sell
2011-01-15,2,1,2,0,3,1,3,1,0,0,0,0,0,0,0,0,1,1,1,1,1,1,1,1,0,0,1,0,0,1,1,0,0,0,1,0,1,0,0,-0.00045823, 0.00017222,-0.0009539,-0.00176104,-0.00137155,sell
2011-01-16,1,2,1,0,1,1,1,0,0,0,0,1,0,0,0,0,0,1,0,1,1,1,0,0,0,0,1,0,0,1,0,0,0,0,0,0,1,0,0,-0.00594816,-0.00591107, 0.0003671,-0.00482639,-0.00409847,sell
2011-01-17,2,0,2,1,1,1,2,2,0,0,0,1,0,0,0,0,1,1,1,0,1,1,1,1,1,0,1,0,0,1,0,0,0,0,0,0,1,0,0,-0.00514654,-0.00451409,-0.0042887,-0.00450838,-0.00616507,sell
2011-01-18,0,1,1,1,1,1,2,1,0,0,0,1,0,0,0,0,0,1,1,1,1,0,0,0,1,0,1,0,0,1,0,0,0,0,0,0,1,0,0,-0.00339790,-0.00339790,-0.0027810,-0.00269603,-0.00254502,sell
2011-01-19,2,0,2,1,1,1,2,1,0,0,0,1,0,0,0,0,1,0,1,0,1,1,1,1,1,0,1,0,0,1,0,0,0,0,0,0,1,0,0,-0.00185070,-0.00151312,-0.0028736,-0.00287356,-0.00321028,sell
2011-01-20,1,3,1,2,0,1,1,0,0,0,0,0,0,0,0,0,2,1,0,1,0,1,1,1,1,0,0,0,0,0,0,0,0,0,0,0,1,0,0,-0.00535777,-0.00719244,-0.0070316,-0.00572534,-0.00692282,sell
2011-01-21,1,2,3,1,0,2,2,0,0,0,1,0,0,0,0,0,2,0,1,1,1,1,1,1,1,0,0,0,0,0,0,0,0,0,0,0,1,0,0, 0.00144972,-0.00435721,-0.0047374,-0.00388825,-0.00500796,sell
2011-01-22,1,0,3,0,0,3,2,0,0,0,1,0,0,0,0,0,1,1,0,1,1,1,0,0,1,0,0,0,0,0,0,0,0,0,0,1,1,0,0, 0.00303283, 0.00179135, 0.0010321, 0.00283818, 0.00338829,buy
2011-01-23,0,2,1,2,1,2,1,1,0,0,1,0,0,0,0,0,1,1,1,0,1,1,1,1,0,0,0,0,0,0,0,0,0,0,0,1,1,0,0,-0.00091758,-0.00266062,-0.0009176,-0.00007180, 0.00086739,sell
2011-01-24,2,1,0,1,1,2,1,1,0,0,1,0,0,0,0,0,1,1,1,1,0,1,0,0,0,0,0,1,0,0,0,0,0,0,0,1,1,0,0,-0.00262477, 0.00023060,-0.0050099,-0.00330965,-0.00044840,sell
2011-01-25,1,1,1,0,1,1,2,1,0,0,0,0,1,0,0,0,0,0,2,0,1,0,1,1,0,0,0,1,0,0,0,0,0,0,0,1,1,0,0,-0.00031164, 0.00149964, 0.0005971, 0.00048930,-0.00027651,buy
2011-01-26,1,1,2,0,1,2,2,3,0,0,0,0,1,0,0,0,1,1,1,1,0,1,2,2,0,1,0,1,0,0,0,0,0,0,0,0,1,0,0, 0.00225717, 0.00281200, 0.0014992, 0.00248992, 0.00143577,buy
2011-01-27,0,2,0,0,2,3,0,1,0,0,0,0,1,0,0,0,1,0,0,1,1,0,1,1,0,1,0,1,0,0,0,0,0,0,0,0,1,0,0, 0.00111845,-0.00110420,-0.0013263, 0.00111845, 0.00281837,buy
2011-01-28,2,0,0,0,3,2,2,1,0,0,0,0,0,0,0,0,1,1,1,1,1,1,1,1,0,1,0,1,0,0,0,0,0,0,0,0,1,0,0, 0.00203853, 0.00148177, 0.0036463, 0.00198235, 0.00134102,buy
2011-01-29,0,0,0,0,0,2,3,0,0,0,0,0,0,0,0,0,0,1,0,0,1,1,0,0,0,1,0,0,0,0,0,0,1,0,0,0,1,0,0,-0.00612799,-0.00427451,-0.0060106,-0.00515620,-0.00666791,sell
2011-01-30,0,0,0,0,0,4,1,2,0,0,0,0,0,0,0,0,1,1,1,1,0,1,1,1,0,1,0,0,0,0,0,0,1,0,0,0,1,0,0,-0.00539330,-0.00567504,-0.0041591,-0.00363811,-0.00470184,sell
2011-01-31,0,0,0,0,2,4,1,2,0,0,0,0,0,0,0,0,0,1,1,1,1,1,0,0,0,1,0,0,0,1,0,0,1,1,0,0,1,1,0,-0.00603751,-0.00428736,-0.0076407,-0.00659646,-0.00659646,sell
2011-02-01,0,0,0,0,2,3,3,2,0,0,1,0,0,0,1,0,0,0,1,0,1,0,1,0,0,1,0,0,0,1,0,0,1,1,0,0,1,1,0,-0.00014437,-0.00007793, 0.0008382,-0.00263483,-0.00263483,sell
2011-02-02,0,0,0,0,3,4,3,1,0,0,1,0,0,0,1,0,1,0,0,1,0,1,1,1,0,1,0,0,0,1,0,0,1,1,0,0,1,1,0, 0.00374784, 0.00256739,-0.0000412, 0.00062667, 0.00163061,buy
2011-02-03,1,0,0,0,1,7,2,1,0,0,1,0,0,0,1,0,1,1,0,1,1,1,1,1,0,1,0,0,0,1,0,0,1,1,0,0,1,1,0, 0.00415746, 0.00305534, 0.0014086, 0.00096891,-0.00037027,buy
2011-02-04,1,1,0,0,3,4,5,2,1,0,0,0,0,0,1,1,1,0,1,1,1,0,1,1,1,1,0,0,1,1,0,1,1,1,0,0,1,1,0, 0.00049880, 0.00252400, 0.0023471, 0.00107323, 0.00131004,buy
2011-02-05,1,0,1,0,3,3,2,1,1,0,0,0,0,0,0,1,0,1,0,1,1,1,0,0,1,1,0,0,1,0,0,1,1,0,0,0,1,0,0,-0.00689675,-0.00764762,-0.0066837,-0.00721838,-0.00670405,sell
2011-02-06,1,0,1,0,4,4,1,1,1,0,0,1,0,0,0,1,0,0,1,0,1,1,1,0,1,1,0,0,1,0,1,1,1,0,0,0,1,0,1, 0.00418125, 0.00641850, 0.0073213, 0.00644601, 0.00654428,buy
2011-02-07,1,0,0,0,2,7,1,3,1,0,0,1,0,0,0,1,1,1,1,1,0,1,0,1,1,1,0,0,1,0,1,1,1,0,0,0,1,0,1, 0.00353582, 0.00508307, 0.0069973, 0.00494721, 0.00506825,buy
2011-02-08,1,0,0,1,2,6,2,1,0,0,0,1,0,0,0,1,0,1,1,0,1,1,0,0,1,1,0,1,1,0,1,1,1,0,1,0,1,0,1, 0.00482832, 0.00375504, 0.0030484, 0.00556478, 0.00375504,buy
2011-02-09,2,0,0,0,3,5,1,0,0,0,0,1,0,0,0,0,1,0,1,1,0,0,1,1,1,1,0,1,0,0,1,0,1,0,1,0,1,0,1,-0.00284966, 0.00039470, 0.0003558, 0.00067253, 0.00027957,buy
2011-02-10,2,0,1,0,0,6,0,0,0,0,0,0,0,0,0,0,1,0,0,1,1,0,1,1,0,1,0,1,0,0,1,0,1,0,1,0,1,0,1,-0.00268856,-0.00051165,-0.0008932, 0.00039836,-0.00121387,sell
2011-02-11,0,3,1,0,0,5,1,3,0,0,0,0,0,0,1,0,1,1,1,1,2,1,1,1,0,1,0,1,0,0,1,0,0,0,1,0,1,0,1, 0.00182881, 0.00256567, 0.0025657, 0.00245332, 0.00196700,buy
2011-02-12,0,1,2,0,0,4,1,0,0,0,0,0,0,0,1,0,1,0,0,1,1,0,0,1,0,1,0,1,0,0,1,0,0,0,0,0,1,0,1,-0.00138081,-0.00416858,-0.0037550,-0.00475998,-0.00389164,sell
2011-02-13,4,0,0,0,0,3,0,0,0,0,0,0,1,0,1,0,0,1,0,0,1,1,0,0,0,1,0,0,0,0,1,0,0,0,0,0,1,0,0, 0.00351754, 0.00149734, 0.0013460, 0.00241532, 0.00271055,buy
2011-02-14,3,2,0,2,0,4,0,2,1,0,0,0,1,0,0,0,1,1,1,1,0,2,1,1,0,0,0,0,0,0,1,0,0,1,0,0,1,0,0, 0.00443371, 0.00155688, 0.0004170, 0.00039792, 0.00113811,buy
2011-02-15,1,3,1,1,1,3,0,1,1,0,0,0,1,0,0,0,0,2,1,0,1,1,0,1,0,0,1,0,0,1,0,0,0,1,0,0,1,0,0,-0.00128080, 0.00296046,-0.0013640,-0.00001413,-0.00671270,sell
2011-02-16,2,0,5,0,1,4,0,0,1,0,0,1,0,0,0,0,1,1,1,1,0,1,1,1,0,0,1,0,0,1,0,0,0,1,0,0,1,0,0,-0.00102263, 0.00155637, 0.0015564,-0.00178487, 0.00142277,buy
2011-02-17,0,4,1,0,1,5,1,1,1,0,0,1,0,0,0,1,1,0,0,1,1,0,1,2,0,0,1,0,0,1,0,0,0,1,0,1,1,0,0, 0.00180981, 0.00015809, 0.0005462, 0.00204980, 0.00277476,buy
2011-02-18,1,2,2,3,1,4,0,1,0,1,0,1,0,0,0,1,1,1,1,1,1,1,1,1,0,0,1,0,1,1,0,0,0,0,0,1,1,0,0, 0.00161111, 0.00233406, 0.0016831, 0.00141402,-0.00060251,buy
2011-02-19,1,1,0,0,2,2,0,1,0,1,1,0,0,0,0,1,0,0,0,0,1,0,0,1,0,0,1,0,1,1,0,0,0,0,0,1,1,0,0, 0.00230504,-0.00022997, 0.0005206,-0.00151951, 0.00179517,buy
2011-02-20,0,1,3,2,1,1,0,2,0,1,1,0,0,0,1,1,1,1,1,1,0,1,1,0,0,0,0,0,1,0,0,0,0,0,0,1,0,0,0,-0.00632120,-0.00400426,-0.0008432,-0.00425678,-0.00108512,sell
2011-02-21,0,5,0,0,1,1,0,1,0,1,1,0,1,0,1,1,0,1,1,0,1,1,0,1,0,0,0,0,1,0,0,0,0,0,0,0,0,0,0,-0.00443655,-0.00409151,-0.0015795,-0.00388200,-0.00392468,sell
2011-02-22,3,2,2,0,1,0,1,0,0,1,1,0,1,1,1,0,1,1,1,1,0,1,1,0,0,0,0,0,1,0,0,0,0,0,0,0,0,0,0,-0.00285584, 0.00657995,-0.0032500, 0.00004450,-0.00285584,sell
2011-02-23,0,3,0,0,2,1,2,0,0,0,0,0,1,1,0,0,1,0,0,2,1,0,1,1,1,0,0,0,0,0,0,0,0,0,0,0,0,0,0, 0.00333220,-0.00499268,-0.0003831,-0.00469923, 0.00146788,sell
2011-02-24,2,1,0,0,3,3,2,3,1,0,0,1,0,1,0,0,2,1,1,2,1,1,1,1,1,0,0,1,0,0,0,0,0,0,0,0,0,0,0,-0.00712052,-0.00586812,-0.0061387,-0.00703760,-0.00133434,sell
2011-02-25,1,0,0,0,4,0,3,1,1,0,0,1,0,1,0,0,1,0,0,1,1,1,0,1,1,0,0,1,0,0,0,0,0,0,0,0,0,0,0,-0.00483222,-0.00724159,-0.0064043,-0.00482953,-0.00183724,sell
2011-02-26,0,0,0,0,2,0,4,1,1,0,0,1,0,1,0,0,0,1,1,0,0,0,1,0,1,0,0,1,0,0,0,0,0,0,0,0,0,0,0, 0.00365632, 0.00503345, 0.0050335, 0.00352826, 0.00370281,buy
2011-02-27,0,0,0,0,2,1,4,2,0,0,0,0,0,1,0,0,1,1,1,1,1,1,0,1,1,0,0,1,0,0,0,0,0,1,0,0,0,1,0, 0.00188100, 0.00129552, 0.0015894, 0.00100913, 0.00105112,buy
2011-02-28,0,0,0,0,2,3,2,1,0,0,0,0,0,0,0,0,0,1,1,0,1,1,0,1,1,0,0,1,0,0,0,0,0,1,0,0,0,1,0,-0.00141393,-0.00215287,-0.0017189,-0.00182860,-0.00215287,sell
2011-03-01,0,0,1,0,5,0,4,0,0,0,0,0,1,0,0,1,1,1,1,1,0,1,1,0,0,0,0,0,0,0,0,0,0,1,0,0,0,1,0,-0.00541556,-0.00387653,-0.0037844,-0.00015124,-0.00440243,sell
2011-03-02,1,0,1,0,3,2,3,0,0,0,0,0,1,0,0,1,1,0,0,1,1,1,1,1,0,0,0,0,0,0,0,0,0,1,0,0,0,1,0,-0.00891151,-0.00662947,-0.0084139,-0.00435230,-0.00893699,sell
2011-03-03,0,1,1,0,1,3,2,0,0,0,0,0,1,0,0,1,1,0,1,1,1,0,1,1,0,0,0,0,0,0,0,0,0,0,0,0,0,1,0,-0.00599837,-0.00631984,-0.0069146,-0.00379799,-0.00590932,sell
2011-03-04,0,0,1,0,1,1,1,0,0,0,0,0,0,0,0,0,1,1,0,1,1,1,0,1,0,0,0,0,0,0,0,0,0,0,0,0,0,0,0,-0.00034906,-0.00026017,-0.0002966, 0.00096194,-0.00026017,buy
2011-03-05,0,0,2,0,0,0,1,0,0,0,0,0,0,0,0,0,0,0,0,0,1,1,0,1,0,0,0,0,1,0,0,0,0,0,0,0,0,0,0,-0.00012393, 0.00043353, 0.0004351, 0.00043353,-0.00101040,buy
2011-03-06,0,0,1,0,3,0,0,1,0,0,0,0,0,0,0,0,1,1,1,1,0,0,1,0,0,0,0,0,1,0,0,0,0,0,1,0,0,0,0,-0.00103436,-0.00099441,-0.0027030, 0.00288484,-0.00128280,buy
2011-03-07,0,0,1,1,3,1,1,1,0,0,0,0,0,0,0,0,1,1,1,0,1,1,0,1,0,0,0,0,1,0,1,0,0,0,1,0,0,0,0, 0.00533572, 0.00355701, 0.0047288, 0.00347746, 0.00361415,buy
2011-03-08,0,0,1,0,3,2,3,0,0,0,1,0,0,0,1,0,0,1,1,0,0,1,1,0,0,0,0,0,1,0,1,1,0,0,1,0,0,0,0, 0.00135129, 0.00183294,-0.0006686,-0.00064390,-0.00049663,buy
2011-03-09,1,0,1,0,3,2,3,0,0,0,1,0,0,0,1,0,1,1,0,1,1,1,1,0,0,0,0,0,0,0,1,1,0,0,1,0,0,0,0,-0.00517167,-0.00517167,-0.0057195,-0.00727723,-0.00598972,sell
2011-03-10,1,1,1,0,1,2,3,0,0,0,1,0,0,0,1,0,1,0,0,1,1,1,1,1,0,0,0,0,0,0,1,1,0,0,0,0,0,0,0,-0.00925273,-0.00925273,-0.0082201,-0.00924085,-0.00925273,sell
2011-03-11,0,2,1,0,1,0,4,1,0,0,0,0,0,0,0,0,1,0,1,1,1,0,1,1,0,0,0,0,0,0,1,1,1,0,0,0,0,0,0,-0.00887473,-0.00402416,-0.0073331,-0.00711609,-0.00894561,sell
2011-03-12,1,0,1,0,1,0,3,3,0,0,0,1,0,0,0,0,1,1,0,0,1,1,0,1,0,0,0,0,0,0,1,1,1,0,0,0,0,0,0,-0.00031680, 0.00121008, 0.0023021,-0.00041829,-0.00031680,buy
2011-03-13,2,0,1,0,1,1,1,3,0,0,0,1,0,0,0,0,0,0,1,0,0,1,1,1,0,0,0,0,0,0,1,0,1,0,0,1,0,1,0,-0.00584529,-0.00877626,-0.0086447,-0.00864465,-0.00791725,sell
2011-03-14,2,1,0,1,1,1,1,3,1,0,0,1,0,0,0,0,1,1,1,1,1,0,0,0,0,0,0,0,0,0,1,0,1,0,0,1,0,1,0,-0.00229601,-0.00671019,-0.0069708,-0.00700343,-0.00697080,sell
2011-03-15,3,1,1,1,1,1,0,0,1,0,0,0,0,0,0,0,0,1,1,0,0,1,1,1,0,0,0,0,0,0,0,0,1,0,0,1,0,1,0, 0.00006020,-0.00062043, 0.0000602, 0.00186707, 0.00027586,buy
2011-03-16,2,3,2,0,1,2,1,0,1,0,1,0,0,0,0,0,1,2,0,1,1,1,1,0,0,0,0,0,0,0,0,0,1,0,0,1,0,1,0, 0.00031874, 0.00073780, 0.0005226, 0.00058856, 0.00043457,buy
2011-03-17,0,3,4,2,1,2,1,0,1,0,1,0,1,0,0,0,1,1,1,1,2,1,2,1,0,0,0,0,0,0,0,0,1,0,0,0,0,0,0,-0.00732826,-0.00788290,-0.0072891,-0.00788290,-0.00732826,sell
2011-03-18,1,1,2,1,3,2,0,0,0,0,1,0,1,0,0,0,1,0,0,1,2,0,1,1,0,0,1,0,0,0,0,0,1,0,0,0,0,0,0, 0.00417356, 0.00418077, 0.0044977, 0.00014598, 0.00406229,buy
2011-03-19,1,0,1,4,2,2,0,0,0,0,1,0,1,0,0,0,0,1,1,0,0,1,1,1,0,0,1,0,0,1,0,0,1,0,1,0,0,0,0, 0.00173569, 0.00321946, 0.0048404,-0.00331716, 0.00141078,buy
2011-03-20,0,1,0,1,2,1,0,1,0,0,0,0,0,0,0,0,1,0,1,1,1,0,0,0,0,0,1,0,0,1,0,0,1,0,1,0,0,0,0, 0.00304920, 0.00459416, 0.0045067,-0.00008236, 0.00722238,buy
2011-03-21,1,0,3,0,3,1,0,1,0,1,0,0,0,0,0,0,0,1,1,0,0,1,1,1,0,0,1,0,0,1,0,0,0,0,1,0,0,0,1, 0.00911889, 0.00951168, 0.0087766, 0.00911889, 0.00816752,buy
2011-03-22,0,3,2,0,4,1,1,0,0,1,0,0,0,0,0,0,1,1,0,1,1,2,1,0,0,0,1,0,0,1,0,0,0,0,1,0,0,0,1, 0.00655161, 0.00687532, 0.0066409, 0.00632056, 0.00687532,buy
2011-03-23,3,2,0,0,2,2,1,1,0,1,0,0,0,0,0,0,1,1,1,1,1,2,1,1,0,0,0,0,0,1,0,0,0,0,0,0,0,0,1, 0.00162258, 0.00191422,-0.0013074, 0.00183773, 0.00416396,buy
2011-03-24,3,0,0,0,3,2,1,0,0,1,0,0,0,0,0,0,1,0,0,1,1,1,1,1,0,0,0,0,0,0,0,1,0,0,0,0,0,0,1, 0.00327203, 0.00178474, 0.0029125, 0.00348235, 0.00106615,buy
2011-03-25,0,1,0,0,3,1,2,1,0,1,0,0,0,0,0,0,0,1,1,0,1,0,0,1,0,0,0,0,0,0,0,1,0,1,0,1,0,0,1,-0.00769891,-0.00843237, 0.0057264,-0.00788630, 0.00037896,sell
2011-03-26,0,1,0,0,3,1,1,3,0,1,0,0,0,0,0,0,0,0,1,1,0,1,1,0,0,0,0,1,0,0,0,1,0,1,0,1,0,1,1,-0.00993349,-0.00149413, 0.0043892,-0.00095873, 0.00416342,buy
2011-03-27,0,1,0,0,2,2,0,3,0,1,0,0,0,0,0,0,1,0,1,0,1,0,0,0,0,0,0,1,0,0,0,1,0,1,0,1,0,1,0,-0.00347790,-0.00524392,-0.0022882,-0.00347790,-0.00239988,sell
2011-03-28,0,1,0,0,3,1,3,1,0,0,0,0,0,0,0,0,0,1,1,1,0,1,1,1,0,0,0,1,0,0,0,1,0,1,0,1,0,1,0,-0.00566295, 0.00090341, 0.0010096, 0.00090341, 0.00090341,buy
2011-03-29,1,0,0,0,2,2,2,1,0,0,0,0,0,0,0,0,1,1,0,1,1,1,1,0,0,0,0,1,0,0,0,0,0,0,0,0,0,1,0, 0.00028293, 0.00193756, 0.0005326, 0.00091588,-0.00385968,buy
2011-03-30,0,1,0,0,3,3,0,1,0,0,0,0,0,0,0,0,1,1,1,1,1,1,1,1,0,0,0,1,0,0,0,0,0,0,0,0,0,0,0, 0.00465671, 0.00206439, 0.0032306, 0.00245154, 0.00303765,buy
2011-03-31,0,1,0,0,3,1,2,0,0,0,0,0,0,0,0,0,1,0,1,1,1,1,1,1,0,0,0,0,0,0,0,0,0,0,1,0,0,0,0,-0.00216956,-0.00036905,-0.0011490,-0.00015271,-0.00129732,sell
2011-04-01,0,0,1,0,2,1,1,0,0,0,0,0,0,0,0,0,1,0,0,0,1,1,0,1,0,0,0,0,0,0,0,0,0,0,1,0,0,0,0, 0.00089887, 0.00176013,-0.0004340, 0.00173210,-0.00043402,buy
2011-04-02,0,0,0,1,1,0,2,1,0,0,0,0,0,0,0,0,0,1,1,1,0,0,1,1,0,0,0,0,1,0,0,0,0,0,1,0,0,0,0, 0.00217945, 0.00217945,-0.0033618, 0.00217945, 0.00758424,buy
2011-04-03,0,0,0,2,0,2,1,1,0,0,0,0,0,0,0,0,1,0,1,1,1,1,0,0,1,0,1,0,1,0,0,0,0,0,1,0,0,0,0, 0.00238605, 0.00323268,-0.0025789, 0.00307019, 0.00209639,buy
2011-04-04,0,0,0,1,1,1,2,1,0,0,0,0,0,0,0,0,0,0,1,0,0,0,1,1,1,0,1,0,1,0,0,0,0,0,1,0,0,0,0, 0.00150446, 0.00205306,-0.0046790, 0.00208750, 0.00206451,buy
2011-04-05,1,0,0,1,2,1,1,1,0,0,0,0,0,0,0,0,0,1,1,1,0,0,1,1,1,0,1,0,1,0,0,0,0,0,0,0,0,0,0, 0.00318681, 0.00318681,-0.0017280, 0.00321489, 0.00420376,buy
2011-04-06,0,1,2,0,2,3,0,0,0,0,0,0,0,0,0,0,1,1,0,1,1,1,1,0,1,0,1,0,0,0,0,0,0,0,0,1,0,0,0,-0.00494953,-0.00133036,-0.0011000, 0.00101396, 0.00069627,buy
2011-04-07,1,2,2,0,0,3,2,1,0,0,0,0,0,0,0,0,1,1,1,2,1,1,1,1,1,0,1,0,0,0,0,0,0,0,0,1,0,0,0,-0.00285767,-0.00242695,-0.0023139, 0.00065368, 0.00065368,sell
2011-04-08,1,1,2,0,1,0,3,0,0,0,0,0,0,1,0,0,1,1,0,1,1,1,0,1,1,0,0,0,0,0,0,1,0,0,0,1,0,0,0,-0.00019323,-0.00461155, 0.0006997,-0.00315483, 0.00013231,sell
2011-04-09,1,1,2,0,1,1,2,1,0,0,0,0,0,1,0,0,1,0,1,0,0,1,1,2,1,0,0,0,0,0,0,1,0,0,0,1,0,0,1, 0.00186667, 0.00192673, 0.0031084, 0.00274379, 0.00273833,buy
2011-04-10,1,1,1,1,1,1,0,3,1,0,0,0,0,1,0,0,0,1,2,1,1,0,1,1,0,0,0,0,0,0,0,1,0,0,0,0,0,0,1, 0.00215463, 0.00215463, 0.0026195,-0.00131104,-0.00056491,buy
2011-04-11,0,1,0,0,1,1,0,3,1,0,0,0,0,0,0,0,1,0,1,0,1,1,0,0,0,0,0,0,0,0,0,1,0,0,0,0,0,0,1, 0.00345495, 0.00134717, 0.0034550, 0.00168600, 0.00134717,buy
2011-04-12,2,0,2,1,1,2,0,0,1,0,1,0,0,0,0,0,0,1,1,1,0,0,1,1,0,0,0,0,0,0,0,1,0,0,0,0,0,0,1,-0.00219800,-0.00118525,-0.0011856,-0.00160082,-0.00184389,sell
2011-04-13,2,3,0,0,0,2,1,0,1,0,1,0,0,0,0,0,1,1,0,1,1,1,1,0,0,0,0,0,0,0,0,0,0,0,0,0,0,0,1,-0.00410166,-0.00385829,-0.0041017,-0.00343671,-0.00722261,sell
2011-04-14,1,3,3,1,0,3,0,0,1,0,1,0,0,0,0,0,1,2,1,1,1,1,1,1,0,0,0,0,0,0,0,0,0,0,0,0,0,0,1,-0.00144944,-0.00284099,-0.0028410,-0.00353686,-0.00315895,sell
2011-04-15,0,2,3,0,2,1,0,0,0,0,1,0,0,0,0,0,1,1,0,0,1,2,0,1,0,0,0,0,0,0,0,0,0,0,0,0,1,0,0,-0.00426512,-0.00069237,-0.0022721,-0.00179175,-0.00090506,buy
2011-04-16,1,0,2,3,1,1,0,1,0,0,1,0,1,0,0,0,0,1,1,1,0,1,1,1,0,0,0,0,0,0,0,0,0,0,0,0,1,0,0, 0.00849883,-0.00059478, 0.0085786, 0.00364887,-0.00232547,buy
2011-04-17,0,1,0,3,1,1,0,0,0,1,1,0,1,0,0,0,1,1,1,0,1,0,0,0,0,0,0,0,0,0,0,0,0,0,0,0,1,0,0, 0.00085933, 0.00067971,-0.0010735, 0.00067971,-0.00107346,buy
2011-04-18,1,0,1,2,1,1,2,1,0,1,1,0,1,0,0,0,0,0,1,1,0,1,1,1,0,0,1,0,0,0,0,0,0,0,0,0,1,0,0,-0.00285967,-0.00473080,-0.0004730,-0.00600593,-0.00597206,sell
2011-04-19,0,1,2,1,3,2,1,0,0,1,1,0,1,0,0,0,1,1,0,1,1,0,1,0,0,0,1,0,0,0,0,0,0,1,0,0,1,0,0,-0.00110522, 0.00061939, 0.0004868, 0.00048677, 0.00048677,buy
2011-04-20,1,2,1,1,4,1,2,1,0,1,0,0,1,0,0,0,1,1,1,1,1,1,1,1,0,0,1,0,0,1,0,0,0,1,0,0,1,0,0, 0.00488838, 0.00400661, 0.0042532, 0.00425325, 0.00425325,buy
2011-04-21,2,1,0,1,3,1,2,0,0,1,0,0,1,0,0,0,1,1,0,0,1,1,0,1,0,0,1,0,0,1,0,0,0,1,0,0,1,1,0, 0.00572290, 0.00667610, 0.0064308, 0.00646035, 0.00646035,buy
2011-04-22,1,0,0,1,4,1,2,1,0,0,0,0,1,0,0,0,0,0,1,1,0,1,1,2,0,0,1,0,0,1,0,0,0,1,0,0,1,1,0,-0.00254735,-0.00276650,-0.0000205,-0.00195791,-0.00187866,sell
2011-04-23,0,0,0,1,4,1,0,3,0,0,0,0,1,0,0,0,1,1,1,1,1,0,0,1,0,0,0,0,0,1,0,0,0,1,0,0,1,1,0,-0.00421783,-0.00407507,-0.0026769,-0.00457589,-0.00415804,sell
2011-04-24,0,0,0,1,3,0,1,2,0,0,0,0,1,0,0,0,1,0,1,0,0,1,1,0,0,0,0,0,0,1,0,0,0,0,0,0,1,1,0,-0.00191948,-0.00292576,-0.0015884, 0.00430301,-0.00191948,sell
2011-04-25,1,0,0,1,2,0,1,2,0,0,0,0,1,0,0,0,0,0,0,1,1,1,1,1,0,0,0,0,0,0,0,0,0,0,1,0,1,0,0, 0.00008012,-0.00016032,-0.0001603,-0.00557390,-0.00415987,sell
2011-04-26,1,1,0,1,1,2,2,1,0,0,0,0,1,0,0,0,1,1,0,1,1,0,1,0,0,0,0,1,0,0,0,0,0,0,1,0,1,0,0, 0.00819189, 0.00834192, 0.0083395, 0.00731704, 0.00207262,buy
2011-04-27,1,1,0,1,3,3,3,1,0,0,1,0,1,0,0,0,1,1,1,1,1,1,1,1,0,0,0,1,0,0,0,0,0,0,1,0,1,0,1, 0.00257865, 0.00063627, 0.0021840, 0.00198701, 0.00018445,buy
2011-04-28,1,0,1,1,4,1,1,2,0,0,1,0,1,0,0,0,1,1,0,0,1,0,0,1,0,0,0,1,0,0,1,0,0,0,1,0,1,0,1, 0.00115774,-0.00197488, 0.0011577, 0.00066207,-0.00020675,sell
2011-04-29,1,0,0,1,4,3,1,1,0,0,1,0,0,0,0,0,1,1,1,0,0,1,1,1,0,0,0,1,0,0,1,0,0,0,0,1,1,0,1, 0.00031479,-0.00120864, 0.0047752, 0.00010608, 0.00030811,buy
2011-04-30,1,0,1,2,2,2,2,2,0,0,1,0,0,0,0,0,0,0,1,1,1,1,1,1,0,0,0,1,1,0,1,0,0,0,0,1,1,0,1, 0.00290436, 0.00023754, 0.0040377, 0.00205017, 0.00178321,buy
2011-05-01,0,0,1,1,1,2,1,1,0,0,1,0,0,0,0,0,1,1,1,0,0,0,0,0,0,0,0,0,1,0,1,0,0,0,0,1,1,0,1, 0.00379103, 0.00283126, 0.0035297, 0.00379103, 0.00330308,buy
2011-05-02,1,0,1,1,2,2,1,1,0,0,1,0,0,0,0,0,0,0,1,1,0,0,1,0,0,0,0,0,1,0,1,0,0,1,0,1,1,0,0, 0.00117839,-0.00098768, 0.0015781, 0.00043186, 0.00117839,buy
2011-05-03,1,1,2,0,0,3,0,2,0,0,1,0,0,0,0,0,0,0,0,2,1,1,1,1,0,0,0,0,1,0,1,0,0,1,0,0,0,0,0, 0.00304106, 0.00324893, 0.0004784, 0.00395727, 0.00304106,buy
2011-05-04,0,2,1,0,2,2,1,2,0,0,1,0,0,0,0,0,1,1,1,1,1,0,1,0,0,0,0,0,1,0,1,0,0,1,0,0,0,0,0,-0.00006840,-0.00006840,-0.0014757,-0.00089942,-0.00089942,buy
2011-05-05,2,0,1,0,1,3,1,0,0,0,0,0,0,0,0,0,1,1,0,1,1,1,1,1,0,0,0,0,0,0,0,0,0,1,0,0,0,0,0,-0.00677107,-0.00630112,-0.0071384,-0.00175731,-0.00677107,sell
2011-05-06,0,1,0,0,1,1,2,0,0,0,0,0,0,0,0,0,1,1,0,0,0,1,0,1,0,0,0,0,0,1,0,0,0,0,0,0,0,0,0,-0.00439162,-0.00335151,-0.0023251,-0.00424969,-0.00401965,sell
2011-05-07,1,1,1,1,0,2,1,2,0,0,0,0,0,0,0,0,0,1,1,1,1,1,1,2,0,0,0,0,0,1,0,0,0,0,0,0,0,0,0,-0.00485460,-0.00461767,-0.0046177,-0.00461767,-0.00426254,sell
2011-05-08,0,1,1,0,0,1,1,2,0,0,0,0,0,0,0,0,1,0,1,0,1,1,0,1,0,0,0,0,0,1,0,0,0,0,0,0,0,0,0,-0.00172710,-0.00172933,-0.0012180,-0.00172933,-0.00172710,sell
2011-05-09,1,0,2,0,0,1,0,2,1,0,0,0,0,0,0,0,1,1,1,1,0,0,1,0,0,0,0,0,0,1,0,1,0,0,0,0,0,0,0,-0.00194071,-0.00138559,-0.0004624,-0.00089998,-0.00089998,sell
2011-05-10,0,2,1,1,0,1,1,1,1,0,0,0,0,0,0,0,0,0,0,2,1,1,1,1,0,0,0,0,0,1,0,1,0,0,0,0,0,0,0, 0.00168665, 0.00212114, 0.0020344, 0.00212114,-0.00206636,buy
2011-05-11,3,2,1,1,0,2,0,1,1,0,0,0,0,0,0,0,1,1,1,2,1,1,1,0,0,0,0,1,0,1,0,1,0,0,0,0,0,0,0,-0.00306326,-0.00275661,-0.0026096,-0.00306326,-0.00360077,sell
2011-05-12,1,3,1,0,1,0,0,0,1,0,0,0,0,0,0,0,1,1,0,1,1,0,0,1,0,0,0,1,0,0,0,1,0,0,0,0,0,0,0,-0.00117616,-0.00321208,-0.0034523,-0.00305336,-0.00120927,sell
2011-05-13,1,2,3,1,0,0,0,0,1,0,0,0,0,0,0,0,1,1,1,0,0,1,1,1,0,0,0,1,0,0,0,1,0,0,0,0,0,0,0,-0.00418311,-0.00466194,-0.0045427,-0.00454268,-0.00388047,sell
2011-05-14,1,3,0,1,1,0,1,1,0,0,0,0,0,0,0,0,0,0,1,1,1,1,1,1,1,0,0,1,0,0,0,0,0,1,0,0,0,0,0,-0.00209798, 0.00248431, 0.0019608,-0.00411737, 0.00026088,buy
2011-05-15,1,2,2,2,1,0,2,0,0,0,1,0,0,0,0,0,1,1,1,0,0,1,1,0,1,0,0,1,1,0,0,0,0,1,0,0,0,0,0,-0.00455859,-0.00185941,-0.0014440,-0.00442664,-0.00172835,sell
2011-05-16,0,2,1,1,2,0,3,1,0,0,1,0,0,0,0,0,0,1,0,1,1,0,2,1,1,0,0,0,1,0,0,0,0,1,0,0,0,0,0,-0.00213057,-0.00219222,-0.0004590,-0.00338179,-0.00015844,sell
2011-05-17,1,2,2,1,3,2,2,1,0,0,1,0,0,0,1,0,1,1,1,1,1,1,2,0,1,0,0,0,1,0,0,0,0,1,0,0,0,1,0,-0.00342950,-0.00353538,-0.0034802,-0.00364914,-0.00336221,sell
2011-05-18,1,2,1,0,4,0,4,0,0,1,1,0,0,0,1,0,1,1,0,1,1,0,1,1,1,0,0,0,1,0,0,0,0,1,0,0,0,1,0,-0.00249735,-0.00352662,-0.0027532,-0.00352662,-0.00261475,sell
2011-05-19,2,2,1,0,3,1,1,1,0,1,0,1,0,0,1,0,1,1,1,0,0,1,1,1,1,0,0,0,1,0,0,0,1,0,0,0,0,1,0,-0.00269686, 0.00013820, 0.0018196,-0.00079640, 0.00127847,buy
2011-05-20,3,1,0,0,3,2,1,3,0,1,0,1,0,0,0,0,0,1,2,1,1,1,1,2,1,0,1,0,0,0,0,0,1,0,1,0,0,1,0, 0.00523827, 0.00049306, 0.0048146, 0.00523827, 0.00618072,buy
2011-05-21,2,1,0,0,1,1,0,2,0,1,0,1,0,0,0,0,1,0,1,0,0,1,0,1,0,0,1,0,0,0,0,0,1,0,1,0,0,0,0, 0.00716343, 0.00563781, 0.0059540, 0.00675347, 0.00559607,buy
2011-05-22,4,0,1,0,2,0,1,3,0,1,0,1,1,0,0,0,1,1,1,1,1,1,1,0,0,0,1,0,0,0,0,0,1,0,1,0,0,0,0,-0.00617289,-0.00178430,-0.0024390,-0.00197370,-0.00265299,sell
2011-05-23,2,0,2,0,0,2,1,1,0,1,0,0,1,0,0,0,0,0,0,1,1,0,1,1,0,0,1,0,0,1,0,0,1,0,1,1,0,0,0, 0.00390737, 0.00337018, 0.0033748, 0.00198465, 0.00410298,buy
2011-05-24,0,1,2,0,1,1,3,2,0,0,0,0,1,0,0,0,1,0,1,2,1,1,1,0,0,0,1,0,0,1,0,0,1,0,0,1,0,0,0, 0.00201177, 0.00339017, 0.0033902, 0.00013406, 0.00427092,buy
2011-05-25,0,0,2,0,1,1,3,1,0,0,0,0,0,0,0,1,1,1,0,1,1,0,0,1,0,0,0,0,0,1,0,0,1,0,0,1,0,0,0, 0.00328361,-0.00170178, 0.0035173,-0.00162913,-0.00176025,buy
2011-05-26,0,0,2,0,3,2,1,1,0,0,0,0,0,0,1,1,1,1,1,0,0,0,0,1,0,0,0,1,0,1,0,0,1,0,0,1,0,0,0, 0.00267940, 0.00064537, 0.0028253, 0.00040423, 0.00079163,buy
2011-05-27,0,0,1,1,3,2,2,2,0,0,0,0,0,0,1,1,1,1,1,1,1,1,1,1,0,0,0,1,0,1,0,0,1,0,0,0,0,0,0, 0.00063644, 0.00157849, 0.0013014, 0.00263313, 0.00130138,buy
2011-05-28,0,1,1,1,1,3,1,2,0,0,0,1,0,0,1,1,0,1,1,0,1,1,0,1,0,0,0,1,0,0,0,0,0,0,0,0,0,0,1, 0.00281659, 0.00367252, 0.0054653, 0.00356640, 0.00390386,buy
2011-05-29,1,1,1,0,1,3,1,1,0,0,0,1,0,0,1,0,1,0,1,1,0,1,1,0,0,0,0,1,0,0,0,0,0,0,0,0,0,1,1,-0.00417370,-0.00144914,-0.0058651,-0.00131985,-0.00721512,sell
2011-05-30,2,2,2,0,2,2,0,2,0,0,0,1,1,0,0,0,0,1,0,1,1,1,2,1,0,0,0,1,1,0,0,0,0,0,0,0,0,1,1, 0.00207956, 0.00206791, 0.0020796, 0.00214910, 0.00096499,buy
2011-05-31,1,3,0,0,1,2,0,3,0,0,0,0,1,0,0,0,1,0,1,1,1,0,1,1,0,0,0,0,1,0,0,0,0,0,0,0,0,1,1, 0.00235117, 0.00248819, 0.0031576, 0.00482511,-0.00582294,buy
2011-06-01,2,2,1,0,2,1,1,2,1,0,0,0,1,0,0,0,1,0,1,1,1,1,1,0,0,0,0,0,1,0,0,0,0,0,1,0,0,1,1, 0.00245206, 0.00210347, 0.0025394, 0.00226226,-0.00456576,buy
2011-06-02,2,1,0,0,2,2,0,1,1,0,1,0,0,0,0,0,1,1,0,0,0,1,0,1,0,0,0,0,1,0,0,0,0,0,1,0,0,1,0,-0.00261455,-0.00245715,-0.0029349, 0.00003246,-0.00678448,sell
2011-06-03,2,2,0,1,1,2,2,2,1,0,1,0,0,0,1,0,1,1,1,1,0,0,1,1,1,0,0,0,1,0,0,0,0,0,1,0,0,0,0,-0.00201400, 0.00081162,-0.0068637,-0.00162877,-0.00187042,sell
2011-06-04,0,3,1,1,1,1,2,2,0,0,1,0,0,0,1,0,0,1,1,1,1,1,0,1,1,0,0,0,0,0,0,0,0,0,1,1,0,0,0,-0.00158314,-0.00171005,-0.0016821,-0.00069433, 0.00385902,sell
2011-06-05,1,1,2,0,0,2,1,1,0,0,0,1,0,0,1,0,1,0,1,0,0,1,1,0,1,0,0,0,0,0,0,0,0,0,0,1,0,0,0,-0.00054551,-0.00370054, 0.0009875, 0.00092589, 0.00314143,sell
2011-06-06,2,2,2,1,0,1,2,1,0,0,0,1,1,0,0,0,0,1,0,1,1,1,2,1,1,0,0,0,0,0,0,0,0,0,0,1,0,0,0, 0.00321614, 0.00342538,-0.0001328,-0.00504074,-0.00335996,sell
2011-06-07,2,3,1,2,0,2,0,1,0,0,0,1,1,0,0,0,1,1,1,1,1,0,1,1,1,0,0,0,0,0,0,0,0,0,0,1,0,0,0,-0.00189426,-0.00205836,-0.0033040,-0.00541589,-0.00643372,sell
2011-06-08,4,1,1,1,2,1,0,2,0,0,0,0,1,0,0,0,2,0,1,1,1,1,1,0,1,0,0,0,0,0,1,1,0,1,0,0,0,0,0,-0.00053303,-0.00192036, 0.0005224, 0.00029951,-0.00063215,sell
2011-06-09,2,1,3,0,1,2,0,2,1,0,0,0,0,0,0,0,2,1,1,0,0,1,0,1,1,0,0,0,0,0,1,1,0,1,0,0,0,0,0,-0.00061320,-0.00126717,-0.0006692, 0.00216581, 0.00101216,buy
2011-06-10,1,3,2,1,1,1,0,2,1,0,0,0,0,0,0,0,1,1,2,1,1,0,1,1,0,0,0,0,0,0,1,1,0,1,0,0,0,0,0,-0.00088051,-0.00106973,-0.0008805, 0.00368674, 0.00397003,buy
2011-06-11,5,1,1,0,1,1,1,1,1,0,0,0,0,1,0,1,0,1,2,0,0,1,0,1,0,0,0,0,0,0,1,1,0,1,0,0,0,1,0,-0.00071514, 0.00439252, 0.0043925, 0.00072537,-0.00062326,buy
2011-06-12,3,1,1,1,2,0,2,0,0,0,0,0,0,1,0,1,1,0,1,1,1,1,1,0,0,0,0,0,0,0,1,1,0,0,0,0,0,1,0,-0.00068976,-0.00348246,-0.0011749,-0.00221120,-0.00145150,sell
2011-06-13,0,1,2,1,1,2,1,1,0,1,0,0,0,1,0,0,0,1,0,1,1,1,1,1,0,0,0,0,0,0,0,0,0,0,1,0,0,1,0,-0.00013036,-0.00362565,-0.0004693,-0.00209711,-0.00011881,sell
2011-06-14,1,0,2,0,2,0,2,1,0,1,0,0,0,1,0,0,1,0,1,1,1,0,1,0,0,0,0,0,0,0,0,0,0,0,1,0,0,1,0,-0.00045703,-0.00157223,-0.0010275,-0.00158970, 0.00029059,sell
2011-06-15,0,1,2,1,2,0,1,0,0,1,0,0,0,0,0,0,1,1,0,0,0,1,0,1,0,1,0,0,0,0,0,0,0,0,1,0,0,0,0, 0.00052069, 0.00304297, 0.0004022, 0.00234388, 0.00243026,buy
2011-06-16,3,0,2,0,2,1,1,2,0,1,1,0,0,0,0,0,1,1,1,1,1,0,1,1,0,1,0,0,0,0,0,0,0,0,1,1,0,0,0,-0.00153373,-0.00407239,-0.0040201,-0.00048361,-0.00047036,sell
2011-06-17,2,1,0,0,2,1,1,2,1,0,1,0,0,0,1,0,0,1,1,0,1,0,0,1,0,1,0,0,0,0,0,0,0,0,0,1,0,0,0,-0.00430517,-0.00394903,-0.0039490, 0.00532144,-0.00394903,sell
2011-06-18,3,1,1,1,3,0,2,2,1,0,1,1,0,0,1,1,1,1,1,1,0,1,1,0,0,1,0,0,0,0,0,0,0,0,0,1,0,0,0,-0.00022663,-0.00043443,-0.0005810, 0.00228232,-0.00292035,buy
2011-06-19,2,2,0,1,2,1,1,1,1,0,0,1,0,0,1,1,0,0,0,1,1,1,1,1,0,1,0,0,0,0,0,0,0,0,0,1,0,0,0,-0.00086094, 0.00015118,-0.0008105, 0.00162774, 0.00107498,buy
2011-06-20,2,1,0,1,1,2,0,2,0,0,0,1,1,0,0,0,0,1,1,1,1,1,1,1,0,1,1,0,0,0,0,0,0,0,0,0,0,0,0,-0.00682397,-0.00749820,-0.0069554,-0.00093337,-0.00755569,sell
2011-06-21,1,0,1,0,2,0,2,2,0,0,0,0,1,0,0,0,1,1,1,1,1,0,1,0,0,1,1,0,0,0,0,0,0,0,0,0,0,0,0,-0.00498476,-0.00460359,-0.0010696,-0.00496728,-0.00496728,sell
2011-06-22,1,0,0,0,2,1,0,1,0,0,0,0,1,0,0,0,1,0,0,0,0,0,0,1,0,1,1,0,0,0,0,0,0,0,0,0,0,0,0, 0.00151048, 0.00017731, 0.0013907,-0.00101652, 0.00420058,buy
2011-06-23,1,1,0,0,3,2,2,2,0,0,1,0,0,0,0,0,1,1,1,1,0,1,1,1,1,1,1,0,0,0,0,1,0,0,0,0,0,0,0,-0.00546055,-0.00229627,-0.0055026,-0.00232077,-0.00265908,sell
2011-06-24,2,2,0,1,1,4,2,2,0,1,1,0,0,0,0,0,0,1,1,1,1,0,0,1,1,1,1,0,0,1,1,1,0,0,0,0,0,0,1,-0.00101843,-0.00165348,-0.0009645,-0.00101843,-0.00101843,sell
2011-06-25,1,2,1,0,1,3,3,1,0,1,1,0,0,0,0,1,0,1,1,0,0,0,0,1,1,1,0,0,0,1,1,1,0,0,0,0,0,0,1,-0.00192126,-0.00252218,-0.0006947,-0.00103685,-0.00112886,sell
2011-06-26,2,1,2,1,3,2,3,1,0,1,0,0,0,0,0,1,1,1,1,1,1,1,1,0,1,1,0,1,0,1,1,1,0,0,0,0,0,0,1, 0.00282649, 0.00628696,-0.0003967, 0.00437345, 0.00394949,buy
2011-06-27,1,3,1,1,1,4,1,2,0,1,0,0,0,0,0,1,0,0,0,1,1,1,1,1,1,1,0,1,0,1,1,1,0,0,0,0,0,0,1,-0.00051679,-0.00224579,-0.0002114,-0.00032042,-0.00053836,sell
2011-06-28,0,2,1,1,3,0,2,2,0,0,0,0,0,0,0,0,1,1,1,1,1,1,1,0,1,1,0,1,0,1,1,0,0,0,0,0,0,0,0, 0.00471845, 0.00367094,-0.0037071, 0.00471845, 0.00314513,buy
2011-06-29,2,0,0,1,2,1,0,0,0,0,0,0,0,0,0,0,1,0,0,0,1,1,0,1,0,1,0,1,0,0,0,0,0,0,0,0,0,0,0, 0.00501912, 0.00696685, 0.0045917, 0.00577729, 0.00385317,buy
2011-06-30,2,1,0,1,1,1,1,2,0,0,0,0,0,0,0,0,2,0,1,0,0,0,1,2,0,1,0,1,1,0,0,0,0,0,0,0,0,0,0, 0.00595957, 0.00595957, 0.0070395,-0.00113618, 0.00595957,buy
2011-07-01,0,2,1,1,2,0,1,3,0,0,1,0,0,0,0,0,1,1,1,1,1,1,1,1,0,1,0,0,1,0,0,0,0,0,0,0,0,0,0, 0.00586125, 0.00591991,-0.0022505, 0.00601893, 0.00557085,buy
2011-07-02,0,1,3,0,0,1,0,1,0,0,1,0,0,0,0,0,0,1,2,0,0,0,0,1,0,0,0,0,1,0,0,0,0,0,0,0,0,0,0,-0.00204175,-0.00619367,-0.0051193,-0.00319393,-0.00332028,sell
2011-07-03,3,0,3,0,1,0,2,2,0,0,1,0,0,0,1,0,1,1,1,1,1,1,1,0,0,0,0,0,1,0,0,0,0,1,0,0,0,0,0,-0.00501624,-0.00501624,-0.0032758,-0.00501624,-0.00507425,sell
2011-07-04,2,2,1,2,0,2,0,2,1,0,0,1,0,0,1,0,0,0,1,1,1,1,1,1,0,0,0,0,1,0,0,0,0,1,0,0,0,0,0, 0.00754450, 0.00754450, 0.0035154,-0.00240095,-0.00341696,buy
2011-07-05,4,1,2,1,1,1,1,3,1,0,0,1,0,0,1,0,1,1,1,1,1,2,1,0,0,0,0,0,1,0,0,0,0,1,0,0,0,0,1, 0.00781324, 0.00789893, 0.0029133, 0.00269259, 0.00256288,buy
2011-07-06,2,3,2,0,0,0,1,2,1,0,0,1,0,0,1,0,1,0,0,0,0,1,0,1,0,0,1,0,0,0,0,0,0,1,0,0,0,1,1, 0.00356034, 0.00234699, 0.0045130,-0.00013772,-0.00043724,buy
2011-07-07,1,3,3,2,0,0,2,3,1,0,0,1,1,0,0,0,1,1,1,1,1,0,1,1,0,0,1,0,0,0,0,1,0,0,1,0,0,1,1, 0.00014029, 0.00043547, 0.0000957, 0.00131288,-0.00050334,buy
2011-07-08,2,3,0,1,0,0,2,2,0,0,0,0,1,0,0,0,0,1,1,0,1,1,0,1,0,0,1,0,0,0,0,1,0,0,1,0,0,1,1,-0.00238456,-0.00403582,-0.0026008,-0.00102820,-0.00304323,sell
2011-07-09,1,2,2,2,1,0,4,1,0,1,0,0,1,0,0,0,1,1,1,1,1,0,1,0,0,0,1,0,0,0,1,1,0,0,1,0,0,1,0,-0.00350943,-0.00350943,-0.0030910,-0.00255436,-0.00350943,sell
2011-07-10,1,2,2,1,1,1,3,1,0,1,0,0,1,0,0,0,0,1,0,1,1,1,1,1,0,0,1,0,0,0,1,1,0,0,1,0,0,0,0,-0.00542769,-0.00950050,-0.0007201,-0.00347021,-0.00473227,sell
2011-07-11,1,1,2,0,1,1,2,2,0,1,0,0,0,0,0,0,1,0,1,1,1,1,1,0,0,0,0,0,0,0,1,1,0,0,0,1,0,0,0,-0.00306683,-0.00235934, 0.0022907,-0.00523214,-0.00235934,sell
2011-07-12,0,1,3,2,0,0,3,1,0,1,0,0,0,0,0,1,2,1,0,0,1,1,0,1,0,0,0,0,0,0,1,0,0,0,0,1,0,0,0,-0.00392327,-0.00328569,-0.0023998,-0.00258348, 0.00296090,sell
2011-07-13,1,1,1,1,0,1,2,2,0,1,0,0,0,0,0,1,2,0,1,1,0,1,1,1,0,0,0,0,0,0,0,0,0,0,0,1,0,0,0,-0.00419909,-0.00391222,-0.0025387,-0.00391222, 0.00488882,sell
2011-07-14,1,1,1,1,1,1,1,3,0,1,0,0,0,0,1,1,1,1,1,1,1,0,1,1,0,0,0,0,0,0,0,0,0,0,0,1,0,0,0,-0.00674766,-0.00591132,-0.0052633,-0.00679560,-0.00318794,sell
2011-07-15,0,4,0,2,2,0,1,1,0,1,0,1,0,0,1,1,0,1,1,0,0,1,0,1,0,0,0,0,0,0,0,0,0,1,0,1,0,0,0,-0.00030421,-0.00143048,-0.0007898,-0.00068546,-0.00049496,sell
2011-07-16,1,4,1,0,2,0,1,1,0,0,0,1,0,0,1,0,1,1,1,1,1,0,1,0,0,0,0,0,0,0,0,0,0,1,0,0,0,0,1, 0.00470355, 0.00065493, 0.0054631, 0.00509134, 0.00065493,buy
2011-07-17,1,4,2,0,1,2,0,0,0,0,0,1,0,0,1,0,0,1,0,1,1,1,1,1,0,0,0,0,0,0,0,0,1,1,0,0,0,0,1,-0.00116490,-0.00191130,-0.0011649,-0.00061932,-0.00252398,sell
2011-07-18,0,4,1,0,2,0,2,0,0,0,0,1,0,0,0,0,1,0,1,1,1,1,1,0,0,0,0,0,0,0,0,0,1,1,0,0,0,0,1, 0.00170581,-0.00411615, 0.0016475, 0.00782039,-0.00491338,sell
2011-07-19,0,1,2,0,2,1,0,1,0,0,0,0,0,0,0,0,1,1,0,0,1,1,0,1,0,0,0,0,0,0,0,0,1,0,0,0,0,0,1, 0.00506462, 0.00001591,-0.0000124,-0.00069085,-0.00001237,buy
2011-07-20,1,0,0,0,2,3,0,1,0,0,0,0,1,0,0,0,1,1,1,0,0,1,1,1,0,0,0,0,0,0,0,0,1,0,0,0,0,0,0, 0.00251639, 0.00413010, 0.0024883, 0.00145413, 0.00234569,buy
2011-07-21,0,0,1,1,2,2,1,1,0,0,0,0,1,0,0,0,1,0,1,1,1,0,1,1,0,0,1,0,0,0,0,0,1,0,0,0,0,0,0, 0.00659615, 0.00827284, 0.0065961, 0.00044717, 0.00659615,buy
2011-07-22,0,0,1,0,1,2,2,0,0,0,0,0,1,0,0,0,0,1,1,0,0,0,0,1,0,0,1,0,0,0,0,0,1,0,0,0,0,0,0, 0.00702445, 0.01078382, 0.0105590, 0.00427532, 0.00703379,buy
2011-07-23,1,0,1,0,2,2,1,1,0,0,0,0,1,0,0,0,1,1,1,1,0,1,1,0,0,0,1,0,0,0,0,0,1,0,0,0,0,0,0, 0.00498897, 0.00772936, 0.0041210,-0.00058573, 0.00445796,buy
2011-07-24,0,1,2,0,1,3,0,1,0,0,0,0,1,0,0,0,1,1,0,1,1,0,1,1,0,0,1,0,0,0,0,0,1,0,0,0,0,0,0, 0.00687799, 0.00687799, 0.0068780,-0.00128996, 0.00693043,buy
2011-07-25,1,2,1,1,2,1,2,1,0,0,1,0,1,0,0,0,0,1,1,1,1,1,1,0,0,0,1,0,0,1,0,0,1,0,0,0,0,0,0, 0.00138734, 0.00505334, 0.0074522, 0.00262849, 0.00306980,buy
2011-07-26,3,0,2,1,1,1,2,0,0,0,1,0,1,0,0,0,1,0,0,1,1,1,1,1,0,0,0,1,0,1,0,0,0,0,0,0,0,0,0,-0.00248583,-0.00266596,-0.0004700,-0.00246023,-0.00263534,sell
2011-07-27,3,1,2,1,0,2,0,0,0,0,1,0,0,0,0,0,1,1,1,0,0,1,0,2,0,0,0,1,0,1,0,0,0,1,0,0,0,0,0,-0.00967767,-0.00939610,-0.0093149,-0.00991190,-0.00991190,sell
2011-07-28,2,1,2,2,1,0,1,2,0,0,1,0,0,0,0,0,1,0,1,1,1,1,1,1,0,0,0,1,0,1,0,0,0,1,0,0,0,0,0,-0.00687402,-0.00627006, 0.0004004,-0.00523381,-0.00806788,sell
2011-07-29,1,1,3,1,1,0,0,1,0,0,1,0,0,0,0,0,0,1,1,0,1,0,0,1,0,0,0,1,0,1,0,0,0,1,0,0,0,0,0,-0.01108102,-0.01259790,-0.0108037,-0.01164084,-0.01152397,sell
2011-07-30,2,0,4,1,1,0,0,2,0,0,1,0,0,0,0,0,1,1,1,1,0,1,1,0,1,0,0,1,0,0,0,0,0,1,0,0,0,1,0,-0.00180589,-0.00020699,-0.0007095,-0.00150184,-0.00109353,buy
2011-07-31,1,2,1,2,0,1,1,2,0,0,1,0,0,0,0,0,1,1,0,1,1,0,1,1,1,0,0,0,0,0,0,0,0,0,1,0,0,1,0,-0.00080248, 0.00098690, 0.0001062, 0.00136846,-0.00311868,buy
2011-08-01,3,0,2,2,1,1,1,1,0,0,1,0,0,0,0,0,1,1,1,1,1,1,1,0,1,0,0,0,0,0,0,0,0,0,1,0,0,1,0,-0.00052130, 0.00171375,-0.0002519, 0.00093459,-0.00258009,buy
2011-08-02,2,1,2,1,2,0,1,1,0,1,1,0,0,0,0,0,2,0,0,0,1,1,0,1,1,0,0,0,0,0,0,0,0,0,1,0,0,1,0,-0.00134039,-0.00077991,-0.0011478,-0.00134039,-0.00189388,sell
2011-08-03,0,2,3,3,0,1,2,4,0,1,1,0,0,0,0,0,2,1,1,1,0,1,1,1,1,0,0,0,1,0,1,1,0,0,1,0,0,0,0,-0.00701867,-0.00488094,-0.0070187,-0.00507524,-0.00488094,sell
2011-08-04,1,1,1,2,0,0,3,1,0,1,1,0,0,0,0,0,1,0,1,0,1,1,0,1,0,0,0,0,1,0,1,1,0,0,0,0,0,0,0,-0.00219814,-0.00590886,-0.0035342,-0.00392150,-0.00287516,sell
2011-08-05,2,0,1,2,0,0,3,1,0,1,1,0,0,0,0,0,0,1,1,1,0,0,1,0,0,0,0,0,1,0,1,1,0,0,0,0,0,0,0, 0.00208753, 0.00207822, 0.0019833, 0.00207822, 0.00277097,buy
2011-08-06,0,2,0,4,1,1,4,3,0,1,1,0,0,0,0,0,1,1,0,2,1,1,1,1,0,0,0,0,1,0,1,1,0,0,0,1,0,0,1,-0.00234204,-0.00199698,-0.0019970,-0.00265208,-0.00219276,sell
2011-08-07,1,1,1,3,1,2,3,1,0,1,1,0,0,0,0,0,0,1,1,2,1,0,2,0,0,0,0,0,1,0,1,0,0,0,0,1,0,0,1,-0.00081115,-0.00152738,-0.0015274,-0.00058670,-0.00040637,sell
2011-08-08,2,0,2,2,1,1,3,0,0,0,1,0,1,0,0,0,1,1,0,1,1,1,1,1,0,0,0,0,0,0,0,0,0,0,0,1,0,0,1,-0.00542936,-0.00662674,-0.0054294,-0.00157899,-0.00568755,sell
2011-08-09,0,2,0,1,0,2,2,0,0,0,1,0,1,0,0,0,1,0,1,0,0,1,0,1,0,0,0,0,0,0,0,0,0,0,0,1,1,0,0, 0.00034081, 0.00288162, 0.0023344,-0.00423904, 0.00062008,buy
2011-08-10,1,2,0,2,1,2,1,2,0,0,1,0,1,0,0,0,1,1,2,1,1,1,1,1,0,0,0,0,0,1,0,0,0,0,0,0,1,0,0,-0.00312266,-0.00091923,-0.0027367, 0.00022571,-0.00308739,sell
2011-08-11,0,3,1,1,0,3,0,1,0,0,1,0,1,0,0,0,0,0,1,0,1,1,0,0,0,1,0,1,0,1,0,0,0,0,0,0,1,1,0, 0.00467808, 0.00380464, 0.0009424, 0.00196239, 0.00171892,buy
2011-08-12,0,4,1,1,2,2,1,1,0,0,1,0,1,0,0,0,1,1,1,1,0,0,1,1,0,1,0,1,0,1,0,0,0,0,1,0,1,1,0, 0.00450081, 0.00492682, 0.0047015, 0.00435778, 0.00486396,buy
2011-08-13,1,5,0,1,0,5,0,1,0,0,0,0,1,0,0,0,1,1,0,1,1,1,1,1,0,1,0,1,0,1,0,0,1,0,1,0,1,1,0, 0.00321870, 0.00578261, 0.0040365, 0.00398868, 0.00398868,buy
2011-08-14,0,6,0,0,1,2,1,0,0,0,0,0,0,0,0,0,0,1,1,1,1,0,1,0,0,1,0,1,0,1,0,0,1,0,1,0,1,1,0, 0.00483919, 0.00567880, 0.0052817, 0.00533554, 0.00715257,buy
2011-08-15,1,2,1,0,2,3,2,0,0,1,0,0,0,1,0,0,1,1,0,1,1,0,1,1,0,1,0,1,0,0,0,0,1,0,1,0,1,0,0,-0.00207470,-0.00246399,-0.0003785,-0.00246399,-0.00213172,sell
2011-08-16,0,0,1,0,1,5,0,0,0,1,0,0,0,1,0,0,1,0,1,0,0,1,0,1,0,1,0,0,0,0,0,0,1,0,0,0,1,0,0, 0.00144412, 0.00272730, 0.0012034, 0.00201303, 0.00410845,buy
2011-08-17,0,1,0,0,2,3,1,2,0,1,0,0,0,1,0,0,1,1,1,1,0,1,1,1,0,1,0,0,0,0,0,0,1,0,0,0,1,0,0, 0.00018383, 0.00018383, 0.0006453, 0.00003693, 0.00018383,buy
2011-08-18,0,0,0,1,1,4,0,0,0,1,0,0,0,1,0,0,1,0,1,0,1,0,0,0,0,1,0,0,0,0,0,0,1,0,0,0,1,0,0, 0.00190994, 0.00211008, 0.0016770, 0.00167698, 0.00319258,buy
2011-08-19,2,1,0,0,1,3,1,0,0,0,0,1,0,0,0,0,0,0,1,1,0,1,1,0,0,1,0,0,0,0,0,0,1,0,0,1,1,0,0,-0.00446156,-0.00592978,-0.0043254,-0.00048020,-0.00729994,sell
2011-08-20,1,2,1,2,1,5,1,1,0,0,0,1,0,0,1,0,1,1,0,1,1,0,2,1,0,1,1,0,1,0,0,0,1,1,0,1,1,0,0, 0.00130327, 0.00087618, 0.0023675, 0.00396862, 0.00134017,buy
2011-08-21,0,4,0,2,0,5,0,2,0,0,0,1,0,0,1,0,0,1,1,1,1,1,1,0,0,1,1,0,1,0,0,0,0,1,0,1,1,0,0, 0.00359060, 0.00162540, 0.0024352, 0.00153399,-0.00128557,buy
2011-08-22,1,3,1,2,2,3,1,2,0,0,0,1,0,0,1,0,1,1,1,1,1,1,1,1,0,1,1,0,1,0,0,0,0,1,0,1,1,0,0, 0.00168069, 0.00091796,-0.0001205, 0.00033332,-0.00013382,buy
2011-08-23,1,3,1,2,2,3,0,0,0,0,0,1,0,0,1,0,2,1,0,0,1,0,0,1,0,1,1,0,1,0,0,0,0,1,0,0,1,1,0,-0.00262161, 0.00208515, 0.0034199, 0.00276476, 0.00208515,buy
2011-08-24,2,3,2,2,0,3,1,1,0,0,0,1,0,0,1,0,1,0,1,1,0,1,1,2,0,1,1,0,1,0,0,0,0,0,1,0,0,1,0,-0.00398699,-0.00474256,-0.0034793,-0.00275237,-0.00422553,sell
2011-08-25,1,3,3,1,0,1,1,1,0,0,0,1,0,0,1,0,1,1,1,0,1,1,0,1,0,0,1,0,0,1,0,0,0,0,1,0,0,1,0, 0.00292872, 0.00111622, 0.0046051, 0.00331655, 0.00391082,buy
2011-08-26,3,2,5,0,1,0,0,0,0,0,0,1,0,0,1,0,0,0,1,1,0,1,1,0,0,0,0,1,0,1,0,0,0,0,1,0,0,1,1,-0.00212953,-0.00366409,-0.0040861,-0.00263188,-0.00396705,sell
2011-08-27,3,4,3,1,2,0,1,1,0,0,0,1,0,0,1,0,1,1,0,2,1,1,2,1,0,0,0,1,0,1,0,0,0,0,1,0,0,0,1, 0.00399042,-0.00293814,-0.0029381,-0.00289442,-0.00363293,sell
2011-08-28,2,4,3,1,0,2,0,0,0,0,0,1,0,0,1,0,0,1,1,1,1,0,2,0,0,0,0,1,0,1,0,1,0,0,0,0,0,0,1, 0.00044822,-0.00126240,-0.0060060,-0.00242277,-0.00237556,sell
2011-08-29,4,2,5,0,2,1,1,0,0,1,0,1,0,0,1,0,1,2,0,1,1,1,1,1,0,0,0,1,0,1,1,1,0,0,0,0,0,0,1, 0.00613751, 0.00575205, 0.0042014, 0.00338369,-0.00064829,buy
2011-08-30,2,4,2,1,1,0,1,0,0,1,0,1,0,0,1,0,1,1,1,0,0,0,1,1,0,0,0,1,0,0,1,1,0,0,0,0,0,0,0, 0.00788287, 0.00511246, 0.0000495,-0.00065531,-0.00137262,buy
2011-08-31,2,3,2,1,2,0,0,2,0,1,0,1,0,0,1,0,1,1,1,1,1,1,1,1,0,0,0,0,0,0,1,1,0,0,0,0,0,0,0, 0.00229615, 0.00197580, 0.0010316, 0.00157466,-0.00645682,sell
2011-09-01,2,2,2,0,2,1,0,1,0,1,0,1,0,0,1,0,0,1,1,0,0,1,1,0,1,0,0,0,0,0,1,0,0,0,0,1,0,0,0, 0.00335629, 0.00503835, 0.0035029, 0.00488141, 0.00253532,buy
2011-09-02,1,2,1,1,3,0,2,1,0,1,0,1,0,0,0,0,1,0,0,1,1,1,2,1,1,0,0,0,0,0,0,0,0,0,0,1,0,0,0, 0.00489910, 0.00408587, 0.0058632, 0.00309549, 0.00307209,buy
2011-09-03,2,1,0,0,1,2,0,1,0,0,0,0,0,0,0,0,0,1,1,1,1,0,1,0,1,0,0,0,0,0,0,0,0,0,0,1,0,0,0,-0.00321759,-0.00543645,-0.0049333,-0.00023790, 0.00302368,sell
2011-09-04,2,1,1,0,2,1,2,1,0,0,0,0,0,0,0,0,1,1,0,1,2,1,1,1,1,0,0,0,0,0,0,0,0,0,0,1,0,0,0,-0.00446979,-0.00639055,-0.0062662,-0.00287733,-0.00340982,sell
2011-09-05,1,1,1,0,1,1,2,0,0,0,0,0,0,0,0,0,1,1,1,0,1,0,0,1,1,0,0,0,0,0,0,0,0,0,0,1,0,0,0,-0.00099621,-0.00749198,-0.0072626,-0.00630641, 0.00226321,sell
2011-09-06,1,1,0,0,2,0,1,1,0,0,0,0,0,0,0,0,1,0,1,1,0,0,1,1,0,0,0,0,1,0,0,0,0,0,0,0,0,0,1,-0.00492863,-0.00492863,-0.0050008, 0.00374238,-0.00702243,sell
2011-09-07,2,1,0,2,1,1,1,1,0,0,1,0,0,0,0,0,1,1,1,0,1,1,0,0,0,0,0,0,1,0,0,0,1,0,0,0,0,0,1, 0.00380249, 0.00363380, 0.0025542, 0.00255417, 0.00393459,buy
2011-09-08,0,2,0,2,3,1,2,0,0,0,1,0,1,0,0,0,0,1,1,1,0,1,1,1,0,0,0,0,1,0,0,0,1,0,0,0,0,0,1, 0.00137058, 0.00222905,-0.0007406, 0.00252608,-0.00165166,buy
2011-09-09,1,2,1,1,1,3,1,1,0,0,1,0,1,0,0,0,1,0,0,1,1,1,1,1,0,0,0,0,1,0,0,1,1,0,0,0,0,0,1, 0.00356169, 0.00771803, 0.0065523, 0.00756322,-0.00330244,buy
2011-09-10,0,2,2,0,2,3,1,0,0,0,0,0,1,0,1,0,0,1,1,1,1,0,2,0,0,0,0,0,1,0,0,1,1,0,0,0,0,0,0,-0.00843737,-0.00164577,-0.0031881,-0.00217984,-0.00345460,sell
2011-09-11,1,3,2,0,3,1,3,0,0,0,0,1,1,0,1,1,1,1,0,1,1,0,1,1,0,0,0,0,1,0,0,1,1,0,0,0,0,0,0,-0.00477799,-0.00055054,-0.0047312, 0.00035498,-0.00183811,sell
2011-09-12,2,2,4,1,0,2,1,0,0,0,0,1,0,0,1,1,1,1,0,0,1,1,0,1,0,0,0,0,0,0,1,1,1,1,0,0,0,0,0,-0.00417681,-0.00533678,-0.0041791,-0.00477194,-0.00436002,sell
2011-09-13,2,1,2,0,2,1,2,1,0,0,0,1,0,0,0,1,2,1,1,1,0,0,1,1,0,0,0,0,0,0,1,0,1,1,0,0,0,0,0, 0.00467085,-0.00431086, 0.0038084,-0.00309258,-0.00267980,sell
2011-09-14,1,1,3,1,1,1,1,0,1,0,0,0,0,0,0,1,1,0,1,0,1,1,0,0,0,0,0,0,0,0,1,0,1,1,0,0,0,0,0, 0.00537198, 0.00537486, 0.0053749, 0.00537198, 0.00537198,buy
2011-09-15,1,1,2,1,1,1,1,1,1,1,0,0,0,0,0,0,0,1,1,0,0,1,1,0,0,0,0,0,0,0,1,0,0,1,0,0,0,1,0, 0.00193486, 0.00260274, 0.0022712, 0.00167804, 0.00384026,buy
2011-09-16,2,3,0,1,1,1,0,1,1,1,0,0,0,0,0,0,1,0,0,1,0,1,1,1,1,0,0,0,0,0,1,0,0,0,0,0,0,1,0,-0.00336610,-0.00237258,-0.0016984,-0.00156925,-0.00192148,sell
2011-09-17,1,2,1,1,1,2,0,1,0,1,0,0,1,0,0,0,0,0,0,1,1,1,1,0,1,0,0,0,0,0,0,0,0,0,1,0,0,1,0,-0.00685213,-0.00634424, 0.0018135, 0.00044170,-0.00408132,sell
2011-09-18,3,2,1,1,1,1,2,2,0,1,0,0,1,0,0,0,0,1,1,1,1,1,1,1,1,0,0,0,0,0,0,0,0,0,1,0,0,1,1,-0.00359291,-0.00095342, 0.0044721, 0.00406553,-0.00008031,buy
2011-09-19,3,2,0,1,2,1,0,1,0,0,0,0,1,0,0,0,1,1,0,0,1,0,0,2,1,0,0,0,0,0,0,0,0,0,1,0,0,1,1, 0.00566115, 0.00339593, 0.0030339, 0.00390174, 0.00339593,buy
2011-09-20,2,2,1,0,2,1,0,3,0,0,0,0,1,0,0,1,1,1,1,0,0,1,1,1,0,0,1,0,0,0,0,0,0,0,1,0,0,0,1, 0.00240428, 0.00261597, 0.0019477, 0.00286140, 0.00010658,buy
2011-09-21,1,3,3,1,1,0,1,1,1,0,0,0,0,0,0,1,1,1,1,1,0,0,1,1,0,0,1,0,0,0,0,1,0,0,0,0,0,0,1,-0.00168635, 0.00086220,-0.0010546,-0.00163650,-0.00163650,buy
2011-09-22,0,3,3,0,0,0,1,1,1,0,0,0,0,0,0,1,0,0,2,0,1,1,0,0,0,0,1,0,0,0,0,1,0,0,0,0,0,0,0,-0.00478965,-0.00351332,-0.0043106,-0.00468985,-0.00422534,sell
2011-09-23,1,1,4,1,0,0,1,1,1,0,0,0,0,0,0,0,1,1,1,1,0,1,1,1,0,0,1,0,0,0,0,1,0,0,0,0,0,0,0,-0.00055368,-0.00106729,-0.0034169,-0.00315535,-0.00220172,sell
2011-09-24,0,3,3,1,0,1,1,0,0,0,1,0,0,0,0,0,0,0,0,1,1,1,1,0,0,0,1,0,0,1,0,1,0,1,0,0,0,0,0,-0.00016487, 0.00325335, 0.0054693, 0.00088613, 0.00546929,buy
2011-09-25,2,1,3,2,2,1,1,0,0,0,1,0,0,0,0,0,1,1,1,1,1,1,1,1,0,1,0,0,0,1,0,0,0,1,0,0,0,0,0,-0.00188057,-0.00223177, 0.0000977,-0.00199113,-0.00860871,sell
2011-09-26,0,3,1,2,1,1,1,1,0,0,1,0,0,1,1,0,1,1,0,0,1,0,0,1,0,1,0,1,0,1,0,0,0,1,0,0,0,0,0,-0.00625391,-0.00726762,-0.0066266,-0.00681484,-0.00632981,sell
2011-09-27,1,1,2,3,0,0,3,3,0,1,0,1,0,1,1,0,1,1,1,1,0,1,1,1,0,1,0,1,0,1,0,0,0,1,0,0,0,0,0, 0.00189362,-0.00211543,-0.0021519,-0.00177166,-0.00205389,sell
2011-09-28,3,1,0,1,0,0,2,2,0,1,0,1,0,1,1,1,0,0,2,0,1,0,0,0,0,1,0,1,0,0,1,0,0,0,0,1,0,0,0,-0.00301243,-0.00420841,-0.0030730,-0.00565823,-0.00026331,sell
2011-09-29,3,0,2,1,1,0,3,4,1,1,0,1,0,1,0,1,1,1,1,1,0,1,1,1,0,1,0,1,0,0,1,0,0,0,0,1,0,0,0,-0.00173749,-0.00584562,-0.0035725,-0.00342128,-0.00181270,sell
2011-09-30,2,1,2,0,1,2,2,2,1,1,0,0,0,1,0,1,0,0,1,1,1,1,1,0,1,1,0,1,0,0,1,0,0,0,0,1,0,0,0,-0.00429858,-0.00632155,-0.0029062,-0.00718688,-0.00288639,sell
2011-10-01,3,0,3,0,1,1,4,1,1,1,0,0,0,1,0,0,1,1,1,1,1,1,1,1,1,1,0,0,0,0,1,0,0,0,0,1,0,0,0, 0.00235587, 0.00380328, 0.0026542, 0.00378563, 0.00235587,buy
2011-10-02,1,3,1,0,0,1,2,0,0,0,1,0,0,0,0,0,1,1,0,0,1,0,0,1,1,1,0,0,0,0,1,0,0,0,0,0,0,0,0,-0.00440500,-0.00625812,-0.0065132,-0.00594092, 0.00016986,sell
2011-10-03,1,3,2,0,1,0,2,1,0,0,1,0,0,0,0,0,2,2,1,1,0,0,1,1,1,1,0,0,0,0,0,0,0,0,0,0,0,0,0,-0.00589407, 0.00116117,-0.0097615, 0.00017465,-0.00293581,sell
2011-10-04,1,1,2,0,1,1,1,2,0,0,1,0,0,0,0,0,1,1,1,0,1,1,0,1,1,1,0,0,0,0,0,0,0,0,0,0,0,0,0,-0.00506329,-0.00210912,-0.0079618,-0.00210912, 0.00207520,sell
2011-10-05,0,1,0,0,2,0,2,0,0,0,0,0,1,0,0,0,0,0,1,1,0,0,1,0,0,1,1,0,0,0,0,0,0,0,0,0,0,0,0,-0.00569548,-0.00573328,-0.0003166,-0.00636975,-0.00545024,sell
2011-10-06,2,1,0,1,1,1,0,1,0,0,0,0,1,0,0,0,1,1,0,1,0,1,1,1,0,0,1,0,0,0,0,0,0,1,0,0,0,0,0, 0.00589628, 0.00551301,-0.0005922, 0.00367347, 0.00598574,buy
2011-10-07,2,2,0,0,0,2,0,0,0,0,0,0,1,0,0,0,0,0,1,1,1,1,1,0,0,0,1,0,0,0,0,0,0,1,0,0,0,0,0, 0.00450037, 0.00440471, 0.0023936, 0.00546288, 0.00475901,buy
2011-10-08,1,3,1,0,2,0,2,0,0,0,0,0,1,0,0,0,1,1,1,1,1,1,1,1,0,0,1,0,0,0,0,0,0,1,0,0,0,0,0, 0.00368836, 0.00446226, 0.0025480, 0.00419006, 0.00456193,buy
2011-10-09,1,1,4,0,0,2,0,0,0,0,0,0,0,0,0,0,1,1,0,0,1,1,0,1,0,0,1,0,0,0,0,0,0,1,0,0,0,1,0,-0.00172220,-0.00383108,-0.0016874,-0.00168736,-0.00182290,sell
2011-10-10,0,1,1,0,1,2,0,1,0,0,0,0,0,0,0,0,1,1,1,1,0,0,1,1,0,0,0,0,0,0,0,0,0,0,0,0,0,1,0,-0.00103159,-0.00190443,-0.0019032,-0.00128292,-0.00048415,sell
2011-10-11,2,0,1,1,1,1,2,1,0,0,1,0,0,0,0,0,1,1,1,1,0,1,0,1,0,0,0,0,1,0,0,0,0,0,1,0,0,1,0, 0.00050762, 0.00026624, 0.0003848, 0.00120246,-0.01029317,sell
2011-10-12,1,0,1,2,0,0,2,0,0,0,1,0,0,0,0,0,0,0,1,0,1,1,0,0,0,0,0,0,1,0,0,0,0,0,1,0,0,1,0, 0.00541887, 0.00571339, 0.0056845, 0.00559232,-0.00208853,buy
2011-10-13,2,0,1,1,1,0,2,1,0,0,1,0,0,0,1,0,1,0,1,1,0,0,1,1,0,0,0,0,1,0,0,1,0,0,1,0,0,0,0,-0.00156782, 0.00148751,-0.0015678,-0.00156782,-0.00095601,buy
2011-10-14,0,1,3,1,0,1,1,2,0,0,0,0,0,0,1,0,0,1,0,1,1,1,1,0,0,0,0,0,1,0,0,1,0,0,1,0,0,0,1, 0.00239689, 0.00239689,-0.0024334, 0.00382846, 0.00105160,buy
2011-10-15,0,1,3,1,0,0,2,2,0,0,0,1,0,0,1,0,0,0,1,1,1,1,1,0,0,0,0,0,1,0,0,1,0,0,0,0,0,0,1,-0.00136606,-0.00162729,-0.0039367, 0.00184483, 0.00137744,buy
2011-10-16,1,2,1,2,1,0,2,1,1,0,0,1,0,0,0,0,1,1,0,1,1,1,0,1,0,0,0,0,1,0,0,1,0,0,0,0,0,0,1, 0.00464442, 0.00426064, 0.0007155, 0.00495257, 0.00297647,buy
2011-10-17,3,1,0,1,0,1,2,1,1,0,0,1,0,0,0,0,1,1,1,0,1,1,0,1,0,0,0,0,0,0,0,0,0,0,0,0,0,0,1, 0.00465465, 0.00464490, 0.0007022, 0.00449558, 0.00350198,buy
2011-10-18,1,0,1,2,0,1,2,3,1,0,0,1,0,0,0,1,1,1,1,1,0,0,1,1,0,0,0,0,0,0,0,0,0,0,0,0,0,0,1, 0.00208033,-0.00506629, 0.0040847, 0.00248892, 0.00334335,buy
2011-10-19,0,1,0,0,1,0,0,2,0,0,0,0,0,0,0,1,0,1,1,0,1,0,0,0,0,0,0,0,0,0,0,0,0,0,0,0,0,0,0, 0.00216468, 0.00216468, 0.0021647,-0.00203267, 0.00370838,buy
2011-10-20,2,0,2,0,0,0,0,3,0,0,0,0,0,0,0,1,1,0,1,1,0,1,1,0,0,0,1,0,0,0,0,0,0,0,0,0,0,0,0,-0.00491626,-0.00294133,-0.0049944,-0.00509296,-0.00491626,sell
2011-10-21,1,3,0,1,0,0,1,2,0,0,0,0,0,0,0,1,1,1,0,1,1,0,1,1,0,0,1,0,0,0,0,0,0,0,0,0,0,1,0, 0.00188768, 0.00133534, 0.0015975, 0.00146442, 0.00207179,buy
2011-10-22,3,3,1,1,0,1,2,0,0,0,0,0,0,0,1,0,1,0,1,2,2,1,1,0,0,0,1,0,0,0,0,0,0,0,0,0,0,1,0,-0.00218852, 0.00091302,-0.0020052, 0.00012938,-0.00218852,sell
2011-10-23,3,3,2,0,2,3,0,0,0,0,0,0,0,0,1,0,2,1,0,1,2,1,0,1,0,0,1,0,0,1,0,0,0,0,1,0,0,1,0, 0.00479652, 0.00274921, 0.0048187, 0.00481875, 0.00481261,buy
2011-10-24,0,4,3,1,4,2,0,2,0,0,0,0,0,0,1,0,2,2,1,1,1,1,1,1,0,0,0,0,0,1,0,0,1,0,1,1,0,1,0, 0.00492832, 0.00502288, 0.0047433, 0.00542477, 0.00546365,buy
2011-10-25,1,2,2,0,1,3,1,2,0,0,0,1,0,0,1,0,1,2,1,1,1,0,0,1,0,0,0,0,0,1,0,0,1,0,1,1,0,0,0, 0.00538944, 0.00523333, 0.0052333, 0.00538944, 0.00423133,buy
2011-10-26,1,0,2,1,2,2,2,2,0,1,0,1,1,0,0,0,1,1,1,1,1,1,1,0,0,0,0,0,0,1,0,0,1,0,1,1,0,0,0, 0.00122947, 0.00189523, 0.0018952, 0.00210980, 0.00207112,buy
2011-10-27,0,1,1,2,3,3,2,3,0,1,0,1,1,0,0,0,1,0,0,2,1,0,1,1,1,0,0,1,0,1,0,0,1,0,1,1,0,0,0, 0.00596406, 0.00574094, 0.0057906, 0.00579062, 0.00236700,buy
2011-10-28,1,0,1,1,5,3,1,4,0,1,0,1,1,0,0,0,1,1,1,2,2,1,1,0,1,0,0,1,0,0,0,0,1,0,0,1,0,0,0, 0.00234173, 0.00549859, 0.0057815, 0.00542520, 0.00082495,buy
2011-10-29,0,1,1,1,3,2,2,2,0,1,0,0,1,0,0,0,2,0,0,1,1,2,0,1,1,0,0,1,0,0,0,0,1,0,0,0,0,0,0,-0.00280993,-0.00464750,-0.0037241,-0.00432597,-0.00369761,sell
2011-10-30,2,1,0,1,0,2,3,4,0,1,1,0,0,0,0,0,2,1,1,1,1,1,1,1,1,0,0,1,0,0,0,0,0,1,0,0,0,0,0, 0.00257500, 0.00381639, 0.0015691, 0.00338710, 0.00384257,buy
2011-10-31,1,1,0,0,1,1,2,2,0,0,1,0,0,0,0,0,1,1,1,1,0,1,0,1,0,0,0,1,0,0,0,0,0,1,0,0,0,0,0,-0.00206865, 0.00107886, 0.0012653, 0.00059237, 0.00210109,buy
2011-11-01,1,0,1,0,1,0,1,3,0,0,1,0,0,0,0,0,0,1,1,0,1,0,1,0,0,0,0,0,0,0,0,0,0,1,0,0,0,1,0,-0.00180942,-0.00207653, 0.0016449,-0.00339366,-0.00180942,sell
2011-11-02,2,0,0,0,1,0,1,4,0,0,1,0,0,0,1,0,1,0,0,1,0,1,1,1,0,0,0,0,0,0,0,0,0,1,0,0,0,1,0,-0.00949467,-0.00859676,-0.0084787,-0.00399863,-0.00399863,sell
2011-11-03,3,0,0,1,0,2,0,0,0,0,0,0,0,0,1,0,0,1,0,1,1,0,1,1,0,0,0,0,0,0,0,0,0,0,0,0,0,1,0,-0.00719157,-0.00787178,-0.0096943,-0.00969434,-0.00919707,sell
2011-11-04,2,1,2,1,1,0,2,1,1,0,0,0,0,0,1,0,1,1,1,1,1,0,1,0,0,0,0,0,0,0,1,1,0,0,0,0,0,1,0, 0.00135927, 0.00168379, 0.0017438, 0.00185270, 0.00086354,buy
2011-11-05,2,1,2,0,3,1,0,1,1,0,0,1,0,0,1,0,1,0,0,0,1,1,0,1,0,0,0,0,0,0,1,1,0,0,1,0,0,0,0,-0.00105396, 0.00003130,-0.0013303,-0.00105396,-0.00174285,sell
2011-11-06,0,2,4,0,3,2,0,1,1,0,0,1,0,0,0,0,1,1,1,0,1,1,1,1,0,0,0,0,0,1,1,1,0,0,1,0,0,0,0,-0.00329220,-0.00498973,-0.0032922, 0.00371678, 0.00130308,sell
2011-11-07,0,2,3,0,3,3,1,2,1,0,0,1,1,0,0,0,1,1,1,1,0,1,1,1,0,0,0,0,0,1,1,1,0,0,1,1,0,0,0,-0.00236021,-0.00307656,-0.0030766, 0.00468963, 0.00435759,sell
2011-11-08,0,2,1,1,2,3,1,1,0,0,0,1,1,0,0,0,0,1,1,0,1,1,0,1,0,0,0,0,0,1,1,0,0,0,1,1,0,0,0, 0.00147170,-0.00056359,-0.0002735, 0.00274415, 0.00244158,buy
2011-11-09,2,1,0,0,1,2,1,1,0,0,0,0,1,0,0,0,1,1,1,1,0,0,1,0,0,0,0,0,0,1,1,0,0,0,0,1,0,0,0,-0.00773340,-0.00763949,-0.0039862,-0.00766139,-0.00772647,sell
2011-11-10,0,2,0,1,0,3,0,2,0,0,0,0,1,0,0,0,0,0,0,1,0,1,1,1,0,0,0,0,0,1,1,0,0,0,0,1,0,0,0,-0.00866430,-0.00860443,-0.0074267,-0.00931950,-0.00772519,sell
2011-11-11,0,1,1,1,0,1,1,2,0,0,0,0,0,0,0,0,0,1,1,1,1,1,1,0,0,0,0,1,0,0,0,0,0,0,0,0,0,0,0,-0.00763170,-0.00791082,-0.0075993,-0.00812722,-0.00727644,sell
2011-11-12,0,1,1,0,1,1,1,1,0,0,0,0,0,0,0,0,1,1,0,1,1,0,1,0,0,0,0,1,0,0,0,0,0,0,0,0,0,0,0, 0.00247296, 0.00247296, 0.0024730, 0.00247296, 0.00060502,buy
2011-11-13,2,0,1,0,0,2,0,0,0,0,0,0,0,0,0,0,1,0,0,0,1,1,0,1,0,0,0,1,0,0,0,0,0,0,0,0,0,0,0, 0.00520004, 0.00572633, 0.0049562, 0.00544954, 0.00572260,buy
2011-11-14,1,2,0,1,1,1,3,1,0,0,0,0,0,0,0,0,1,1,1,1,0,1,1,1,0,0,0,1,1,0,0,0,0,0,0,0,0,0,1,-0.00299822,-0.00290860,-0.0023949,-0.00169277,-0.00651337,sell
2011-11-15,0,3,1,0,1,2,2,0,0,0,0,0,0,0,0,1,0,1,1,0,0,1,0,1,0,0,0,1,1,0,0,1,0,0,0,0,0,0,1,-0.00329776,-0.00377446,-0.0031372,-0.00410226,-0.00437161,sell
2011-11-16,2,2,1,0,2,0,2,2,1,0,0,0,0,0,0,1,1,1,1,0,1,1,1,0,0,0,0,0,1,0,0,1,0,0,0,0,0,0,1, 0.00125200, 0.00228967, 0.0012955, 0.00083795, 0.00125200,buy
2011-11-17,0,3,1,1,2,0,2,1,1,0,0,0,0,0,0,1,1,1,0,1,0,0,1,1,0,0,0,0,1,0,0,1,0,0,0,0,0,0,1,-0.00372635,-0.00276781,-0.0023412,-0.00377485,-0.00372635,sell
2011-11-18,0,4,1,2,1,0,3,2,1,0,0,0,0,0,0,1,0,0,1,1,1,1,2,1,0,0,1,0,1,0,0,1,0,0,0,0,0,0,1,-0.00277843,-0.00012929,-0.0027360,-0.00236516,-0.00273597,sell
2011-11-19,2,1,1,0,1,1,1,1,1,0,0,0,0,0,0,1,1,1,0,1,1,0,1,0,0,0,1,0,1,0,0,0,0,0,0,0,0,0,0,-0.00176186,-0.00218848,-0.0003489, 0.00239685,-0.00057720,sell
2011-11-20,0,2,2,0,1,0,3,1,1,0,0,0,0,0,0,1,1,0,1,0,1,1,0,1,0,0,1,0,0,0,0,0,0,0,0,1,0,0,0, 0.00105179,-0.00043590, 0.0010518,-0.00299630,-0.00290540,sell
2011-11-21,1,3,2,1,1,1,3,2,1,0,0,0,0,0,0,1,1,1,2,1,0,2,1,1,0,0,1,0,0,1,0,0,0,0,0,1,0,0,0, 0.00556605, 0.00674996, 0.0067500, 0.00674809, 0.00674996,buy
2011-11-22,3,1,1,0,0,2,2,1,0,0,0,0,0,0,0,1,0,1,2,0,1,1,0,1,1,0,1,0,0,1,0,0,0,0,0,1,0,0,0,-0.00193695,-0.00638567,-0.0049066,-0.00527423,-0.00168267,sell
2011-11-23,2,0,2,1,1,0,5,0,0,0,0,0,0,0,0,1,1,1,1,1,0,1,1,0,1,0,0,0,0,1,0,0,0,1,0,1,0,0,0, 0.00639561, 0.00672153,-0.0012275, 0.00429728,-0.00022000,buy
2011-11-24,1,1,1,0,1,1,3,2,0,0,0,0,0,0,0,1,0,0,1,1,1,0,1,1,1,0,0,0,0,1,0,0,0,1,0,1,0,0,0, 0.00368077, 0.00256103, 0.0007377, 0.00174906, 0.00075137,buy
2011-11-25,2,0,2,0,1,1,2,3,0,0,0,0,0,0,0,1,1,1,1,1,1,1,1,0,1,0,0,0,0,1,0,0,0,1,0,0,0,1,0, 0.00309815, 0.00250923, 0.0026269, 0.00193879, 0.00300362,buy
2011-11-26,1,1,1,0,1,0,5,1,0,0,0,0,0,0,0,1,1,0,1,0,1,0,0,1,1,0,0,1,0,0,0,1,0,1,0,0,0,1,0, 0.00964701, 0.00256104, 0.0036894, 0.00260077, 0.00467018,buy
2011-11-27,3,0,0,0,2,2,2,2,0,0,0,0,0,0,0,1,1,1,2,1,0,1,1,1,0,0,0,1,0,0,0,1,0,0,0,0,0,1,0,-0.00450215, 0.00410408,-0.0036170, 0.00552600,-0.00420156,buy
2011-11-28,1,2,0,0,2,2,0,2,1,0,0,0,0,0,0,0,0,1,1,0,1,1,0,1,0,0,0,1,0,0,0,1,0,0,0,0,0,1,0, 0.00037173, 0.00145434, 0.0033864,-0.00063249, 0.00189042,buy
2011-11-29,1,1,1,0,3,0,2,3,1,0,0,0,0,0,0,0,1,1,1,1,1,1,1,0,0,1,0,1,0,0,0,1,0,0,1,0,0,0,0, 0.00372903, 0.00308140,-0.0051951, 0.00480103, 0.00308140,buy
2011-11-30,0,1,1,0,1,3,1,1,1,0,0,0,0,0,0,0,0,1,0,1,0,1,1,1,0,1,0,1,0,0,0,0,0,0,1,0,0,0,1,-0.00053339,-0.00081436,-0.0013424,-0.00107647,-0.00199379,sell
2011-12-01,1,1,0,0,1,3,2,1,1,0,0,0,0,0,0,0,1,0,1,2,1,0,1,1,0,1,0,0,1,0,0,0,0,0,1,0,0,0,1, 0.00760891, 0.00760891, 0.0077682, 0.00921470, 0.00736937,buy
2011-12-02,0,2,0,1,0,3,1,2,1,0,0,0,0,0,0,0,1,1,0,1,1,1,0,0,0,1,0,0,1,0,0,0,0,0,1,0,0,0,1, 0.00488334, 0.00488334, 0.0065625, 0.00540646, 0.00251280,buy
2011-12-03,1,0,1,0,2,4,0,2,0,1,0,0,1,1,0,0,1,0,1,0,1,0,0,1,0,1,0,0,1,0,0,0,1,0,1,0,0,0,1, 0.00114807, 0.00580994, 0.0006610, 0.00712776, 0.00672403,buy
2011-12-04,2,0,1,0,3,4,0,3,0,1,0,0,1,1,0,0,1,1,1,1,0,1,1,1,0,1,0,0,1,0,0,0,1,0,0,0,1,0,1,-0.00647797, 0.00275005,-0.0078965, 0.00303768, 0.00163763,buy
2011-12-05,2,0,1,0,1,5,1,2,0,1,0,0,1,1,0,0,0,1,1,0,0,1,0,1,0,1,0,0,1,0,0,0,1,1,0,0,1,0,1,-0.00064424, 0.00555244,-0.0006442, 0.00602706, 0.00558353,buy
2011-12-06,1,3,0,1,3,2,2,1,0,1,0,1,1,0,0,0,1,1,1,0,1,1,1,1,1,0,0,0,0,0,0,0,1,1,0,0,1,0,0, 0.00294081, 0.00330876, 0.0028142, 0.00283038, 0.00281420,buy
2011-12-07,3,1,1,0,2,2,0,0,0,0,0,1,0,0,0,0,0,1,0,1,0,1,1,0,1,0,0,0,0,0,0,0,1,1,0,0,1,0,0,-0.00661773,-0.00800779,-0.0065669,-0.00026709,-0.00778483,sell
2011-12-08,1,2,2,0,2,2,0,2,0,0,0,1,0,0,0,0,0,0,1,1,1,1,1,1,1,0,0,0,0,0,0,0,1,1,0,0,1,0,0,-0.00034276,-0.00222122,-0.0002606, 0.00569288,-0.00038540,sell
2011-12-09,0,2,1,0,3,0,1,1,0,0,0,1,0,0,0,0,1,0,1,1,1,0,1,0,1,0,0,0,0,0,0,0,0,0,0,0,1,0,0,-0.00425607,-0.00449029,-0.0044903,-0.00449029, 0.00212736,sell
2011-12-10,0,2,0,1,2,1,0,1,0,0,0,1,0,0,0,0,1,1,0,0,1,1,0,0,1,0,0,0,0,0,0,0,0,0,0,0,1,0,0,-0.00260772,-0.00090673,-0.0009067,-0.00278382,-0.00242168,sell
2011-12-11,3,0,0,1,2,0,1,1,0,0,0,1,0,0,0,0,1,0,1,1,1,0,1,1,0,0,0,0,0,0,0,0,0,0,0,0,1,0,0, 0.00428599, 0.00381896, 0.0042860, 0.00434479, 0.00951612,buy
2011-12-12,0,2,0,1,1,0,1,0,0,0,0,0,0,0,0,0,0,1,1,1,0,0,0,1,0,0,0,0,0,0,0,0,0,0,0,0,1,0,0,-0.00362048,-0.00091646,-0.0017168,-0.00434753,-0.00097947,sell
2011-12-13,1,0,3,0,1,1,0,2,0,0,0,0,0,0,0,0,1,1,1,0,1,1,1,1,0,0,0,0,0,0,0,0,0,0,0,0,1,0,0, 0.00265204,-0.00474410,-0.0003571, 0.00190976, 0.00269580,buy
2011-12-14,1,2,1,0,2,1,0,1,0,0,0,0,0,0,0,0,1,2,0,1,0,1,2,0,0,0,0,0,0,0,0,0,0,0,0,0,1,0,0,-0.00162891,-0.00172555, 0.0028998,-0.00037544, 0.00289977,buy
2011-12-15,1,2,0,2,2,0,1,0,0,0,0,0,0,0,0,0,0,1,1,1,1,1,1,1,0,0,0,0,0,0,0,0,0,0,0,0,1,0,0,-0.00155411,-0.00123413,-0.0015541,-0.00308657,-0.00323131,sell
2011-12-16,2,0,1,2,1,1,1,1,0,0,0,0,0,0,0,0,1,0,1,1,2,0,1,1,0,0,0,0,0,0,0,0,0,0,0,1,1,0,0,-0.00013166,-0.00087030,-0.0001701, 0.00020048, 0.00051925,buy
2011-12-17,0,1,0,0,2,1,1,2,0,0,0,1,0,0,0,0,1,1,0,0,1,1,0,0,0,0,0,0,1,0,0,0,0,0,0,1,1,0,0,-0.00413625,-0.00258280,-0.0041362,-0.00039575,-0.00428102,sell
2011-12-18,0,0,3,1,5,0,2,3,0,0,0,1,0,0,0,0,1,0,1,1,1,1,1,1,0,0,1,0,1,0,0,0,0,1,0,1,1,0,1,-0.00306320,-0.00042864,-0.0036684,-0.00366845,-0.00366845,sell
2011-12-19,0,2,0,0,5,0,3,2,0,0,0,1,0,0,0,0,0,1,1,0,0,0,0,1,0,0,1,0,1,0,0,1,0,1,0,1,1,1,1, 0.00174948, 0.00092306, 0.0042726, 0.00011205, 0.00412286,buy
2011-12-20,3,1,1,1,4,1,6,3,0,0,0,1,0,0,0,0,1,1,1,1,1,1,1,1,1,0,1,0,1,1,1,1,1,1,0,1,1,1,1, 0.00239075, 0.00154956, 0.0038436, 0.00310651, 0.00239075,buy
2011-12-21,1,2,0,0,4,2,6,2,0,0,0,1,0,0,0,0,0,1,0,2,0,1,1,0,1,0,1,0,1,1,1,1,1,1,0,0,1,1,1, 0.00342747, 0.00329848, 0.0056853, 0.00459563, 0.00342747,buy
2011-12-22,2,1,1,0,6,1,3,4,0,0,0,1,0,0,0,0,1,0,1,2,1,1,1,1,1,0,1,0,0,1,1,1,1,0,0,0,1,1,1, 0.00254725,-0.00120099, 0.0039020, 0.00041485, 0.00057533,buy
2011-12-23,1,2,0,0,3,1,1,2,0,0,0,0,0,0,0,0,1,1,0,1,1,0,0,0,1,0,0,0,0,1,1,0,1,0,0,0,1,0,1, 0.00430805, 0.00566901,-0.0045892,-0.00231895, 0.00468502,buy
2011-12-24,2,1,0,0,1,1,4,2,0,0,0,0,1,0,0,0,1,0,1,1,1,1,1,1,1,0,0,0,0,1,1,0,1,0,1,0,0,0,0, 0.00218270, 0.00218270, 0.0021528, 0.00325733, 0.00189670,buy
2011-12-25,1,1,0,0,1,3,1,0,0,0,0,0,1,0,0,0,0,1,1,1,0,0,0,1,0,0,0,0,0,0,1,0,1,0,1,0,0,0,0, 0.01019478, 0.01123768, 0.0110622, 0.00953340, 0.00659286,buy
2011-12-26,1,2,0,0,4,1,2,2,1,0,0,0,1,0,0,0,1,2,1,0,1,1,1,1,0,0,0,0,0,0,1,0,0,0,1,0,0,0,0, 0.00384115, 0.00547439, 0.0038411, 0.00367520, 0.00375949,buy
2011-12-27,0,2,0,0,4,2,0,0,1,0,0,0,1,0,0,0,0,1,0,1,0,1,1,1,0,0,0,1,0,0,0,0,0,0,1,0,0,0,0, 0.00795002, 0.00485178, 0.0084655, 0.00827735, 0.00838166,buy
2011-12-28,1,1,1,0,2,4,1,0,1,0,0,0,1,0,0,0,1,1,1,1,1,1,2,0,0,0,0,1,0,0,0,0,0,0,1,0,0,0,0, 0.00826340, 0.00357260, 0.0078509, 0.00785094, 0.00764054,buy
2011-12-29,0,2,0,0,1,0,3,0,1,0,0,0,0,0,0,0,1,0,1,1,1,1,1,1,0,0,0,1,0,0,0,0,0,0,0,0,0,0,0, 0.00526316, 0.00170257, 0.0063628, 0.00603377, 0.00597884,buy
2011-12-30,0,2,0,1,0,1,0,1,1,1,0,0,0,0,0,0,1,1,0,0,1,0,0,0,0,0,0,1,0,0,0,0,0,0,0,0,0,0,0,-0.00035977, 0.00117954,-0.0021998, 0.00117954,-0.00131229,buy
2011-12-31,0,0,1,0,3,0,0,2,0,1,0,0,0,0,0,0,1,0,1,1,1,0,1,1,0,0,0,1,0,0,0,0,0,0,0,0,0,0,0,-0.00094433, 0.00619073,-0.0011701,-0.00121896,-0.00117013,buy
2012-01-01,0,0,1,0,0,3,0,3,0,1,0,0,0,0,0,0,0,1,1,1,0,1,0,1,0,0,0,0,0,0,0,0,0,0,0,0,0,1,0, 0.00179222,-0.00079194,-0.0016505,-0.00168597,-0.00202634,sell
2012-01-02,0,0,1,1,1,3,1,1,0,1,0,0,0,0,0,0,1,1,1,0,1,0,1,1,0,0,1,0,0,0,0,0,0,0,0,0,0,1,0, 0.00172344, 0.00091119,-0.0018387, 0.00091119,-0.00006389,buy
2012-01-03,2,1,0,0,1,2,2,1,0,1,0,0,0,0,0,0,1,1,1,1,0,1,1,1,0,0,1,0,0,0,0,0,0,0,0,0,0,1,0, 0.00391721, 0.00375898,-0.0004573, 0.00364672, 0.00470189,buy
2012-01-04,2,1,0,0,0,3,0,0,0,0,0,0,0,0,0,0,0,1,0,1,0,1,1,0,0,0,1,0,0,0,0,0,0,0,0,0,0,1,0, 0.00168938, 0.00168938, 0.0011056, 0.00116953, 0.00130224,buy
2012-01-05,0,1,3,0,1,1,2,2,0,0,0,0,1,0,0,0,1,0,1,1,1,1,1,1,0,0,1,0,0,0,0,0,1,0,0,0,0,0,0, 0.00127216, 0.00165404, 0.0015708,-0.00235441, 0.00146372,buy
2012-01-06,0,1,3,0,0,3,2,1,0,0,1,0,1,0,0,0,1,0,0,1,1,1,0,1,0,0,1,0,0,0,0,0,1,0,1,0,0,0,0,-0.00162598,-0.00162598, 0.0012597,-0.00242149,-0.00162598,sell
2012-01-07,3,0,1,0,0,1,3,3,1,0,1,0,1,0,1,0,1,1,1,0,1,0,1,0,0,0,0,0,0,0,0,0,1,0,1,0,0,0,0,-0.00129115,-0.00052025,-0.0007095, 0.00021088, 0.00222024,buy
2012-01-08,2,1,1,1,0,1,3,2,1,0,1,0,1,0,1,0,1,0,1,1,0,0,1,1,0,0,0,0,0,0,0,0,1,0,1,0,0,0,0,-0.00182627,-0.00038806,-0.0041986,-0.00180404, 0.00139127,buy
2012-01-09,1,2,1,1,0,1,2,2,1,0,1,0,0,0,1,0,0,1,1,0,1,1,0,1,0,0,0,0,0,0,0,0,1,0,1,0,0,0,0,-0.00082277,-0.00112108, 0.0012274,-0.00112108, 0.00257521,buy
2012-01-10,3,0,3,0,0,1,0,3,1,0,0,0,0,0,1,0,1,1,1,1,1,0,1,1,0,1,0,0,0,0,0,0,0,0,0,0,0,0,0, 0.00191614, 0.00191614, 0.0019161, 0.00197469,-0.00099754,buy
2012-01-11,2,2,2,0,1,0,0,0,0,0,0,0,0,0,0,0,0,1,0,1,0,1,1,1,0,1,0,0,0,0,0,0,0,1,0,1,0,0,0,-0.00313726,-0.00322202,-0.0034191,-0.00410699,-0.00335017,sell
2012-01-12,4,2,1,1,0,0,1,0,0,0,0,1,0,0,0,0,1,0,1,2,1,1,1,0,0,1,0,0,0,0,0,0,0,1,0,1,0,0,0,-0.00252921,-0.00358149,-0.0020131, 0.00032736,-0.00271049,sell
2012-01-13,4,2,0,1,1,1,1,0,0,0,0,1,0,0,0,0,1,1,0,1,1,2,0,1,0,1,0,0,0,0,0,1,0,1,0,1,0,1,0,-0.00657746,-0.00563626,-0.0058457,-0.00007952,-0.00657746,sell
2012-01-14,3,0,2,1,2,1,2,0,0,0,0,1,0,0,0,1,1,1,1,0,1,1,1,0,0,1,0,0,0,0,1,1,0,1,0,1,0,1,0,-0.00595476,-0.00945929,-0.0070934,-0.00657661,-0.00487422,sell
2012-01-15,2,1,1,0,1,1,2,1,0,0,0,0,0,0,0,1,0,0,1,1,0,0,0,1,0,1,0,0,0,0,1,1,0,1,0,1,0,1,0, 0.00644014, 0.00679065, 0.0084745, 0.00847451, 0.00681603,buy
2012-01-16,1,1,1,1,2,2,2,1,0,0,1,0,0,0,0,1,1,1,1,0,1,1,1,1,0,0,0,0,0,0,1,1,0,0,0,0,0,1,0, 0.00579780,-0.00311485,-0.0031680,-0.00388326, 0.00568213,sell
2012-01-17,1,1,0,0,0,3,2,1,0,0,1,0,0,0,0,1,0,1,0,1,0,0,1,1,0,0,0,0,1,0,1,0,0,0,0,0,0,0,0,-0.00215678,-0.00252628,-0.0016484,-0.00252628,-0.00252628,sell
2012-01-18,1,0,1,0,2,3,2,2,0,0,1,0,0,0,0,0,1,1,1,1,1,1,1,0,0,0,1,0,1,0,1,0,0,0,0,0,0,0,0,-0.00115117,-0.00041116,-0.0012181,-0.00126030,-0.00171071,sell
2012-01-19,1,1,1,0,2,4,1,2,0,0,1,0,0,0,0,0,2,0,0,1,1,1,1,1,0,0,1,0,1,0,1,0,0,0,1,0,0,0,0, 0.00008524, 0.00021461,-0.0003704,-0.00036666,-0.00042245,buy
2012-01-20,1,1,0,0,2,1,4,4,0,0,0,0,0,0,0,0,2,1,1,0,1,1,1,0,1,0,1,0,1,1,1,0,0,0,1,0,0,0,0,-0.00180373,-0.00169830,-0.0026202,-0.00141151,-0.00180373,sell
2012-01-21,1,0,0,0,2,2,5,3,0,0,0,0,0,0,0,0,1,0,2,1,1,1,1,1,1,0,1,0,1,1,1,0,0,0,1,0,0,0,0,-0.00056640,-0.00008762,-0.0007228,-0.00028189,-0.00028958,buy
2012-01-22,2,0,0,0,2,2,3,2,0,1,0,0,0,0,0,0,0,1,2,0,1,0,0,2,1,0,1,0,0,1,0,0,0,0,1,0,0,0,0,-0.00116477, 0.00113470,-0.0063519,-0.00416407,-0.00144952,sell
2012-01-23,1,1,0,0,2,1,2,3,0,1,0,0,0,0,0,0,1,1,1,1,1,1,1,1,1,0,0,0,0,1,0,0,0,0,0,0,0,0,0,-0.00019920, 0.00002396,-0.0035954,-0.00023413, 0.00159380,buy
2012-01-24,1,1,1,0,1,2,1,1,0,1,0,0,0,0,0,0,0,1,0,1,0,0,1,1,1,0,0,0,0,1,0,0,0,0,0,1,0,0,0,-0.00207864,-0.00046711,-0.0012556, 0.00362738, 0.00232070,buy
2012-01-25,1,1,1,0,2,1,2,0,0,0,0,0,0,0,0,0,1,1,1,2,1,1,1,0,0,0,0,0,0,0,0,0,0,0,0,1,0,0,1, 0.00431616, 0.00460426, 0.0043162, 0.00059954, 0.00008981,buy
2012-01-26,0,3,0,0,2,3,1,1,0,0,1,0,1,0,0,0,1,0,0,1,1,1,0,1,0,1,0,1,0,0,0,1,0,0,0,1,0,0,1,-0.00007027,-0.00398925, 0.0027971,-0.00027175,-0.00205922,sell
2012-01-27,0,2,1,1,4,3,1,2,1,0,1,0,1,0,1,1,1,1,1,0,1,1,1,0,0,1,0,1,0,0,0,1,0,0,0,1,0,0,1,-0.00336370,-0.00263982,-0.0020264,-0.00470092,-0.00336370,sell
2012-01-28,0,1,0,0,3,3,2,3,1,0,1,0,1,0,1,1,1,0,1,1,0,1,1,0,0,1,0,1,0,0,0,1,0,0,0,0,0,0,1,-0.00229203,-0.00229203,-0.0011208,-0.00248133,-0.00229203,sell
2012-01-29,0,1,1,0,2,3,1,1,1,0,0,0,0,0,1,1,0,1,1,0,0,0,0,1,0,1,0,1,0,0,0,1,0,0,0,0,0,0,1,-0.00318906,-0.00318906,-0.0045167,-0.00403658,-0.00440131,sell
2012-01-30,1,2,0,1,2,3,2,1,1,0,0,0,0,0,1,1,1,1,1,1,1,0,1,1,0,1,0,1,0,0,0,1,0,0,0,0,0,0,1,-0.00149415,-0.00115901, 0.0002196,-0.00149415,-0.00110025,sell
2012-01-31,1,2,0,1,1,1,1,1,0,1,0,1,0,0,0,0,0,1,0,1,0,1,1,1,0,0,0,0,0,0,0,0,1,0,0,0,0,0,0, 0.00068011,-0.00013037, 0.0009685, 0.00068011, 0.00068011,buy
2012-02-01,1,2,1,1,2,0,2,1,0,1,0,1,0,0,0,0,1,1,1,1,1,0,1,1,0,0,0,0,0,0,0,0,1,0,0,0,0,0,0, 0.00355872, 0.00253548, 0.0037654, 0.00355872, 0.00376536,buy
2012-02-02,1,2,1,1,2,0,1,0,0,1,0,1,0,0,0,0,1,0,0,1,1,1,1,0,0,0,0,0,0,0,0,0,1,0,0,0,0,0,0, 0.00348614, 0.00027907, 0.0034114, 0.00325022, 0.00339076,buy
2012-02-03,1,1,0,1,1,1,0,2,0,0,0,1,0,0,0,0,1,1,0,0,1,1,0,1,0,0,0,0,0,0,0,0,1,0,0,0,0,0,0, 0.00132740, 0.00225405, 0.0040825, 0.00206119, 0.00225405,buy
2012-02-04,2,1,0,1,0,1,1,1,0,0,0,0,0,1,0,0,1,0,1,1,1,1,1,0,0,0,0,0,0,1,0,0,0,0,0,0,0,0,0, 0.00506533, 0.00364680, 0.0042088, 0.00426587, 0.00334791,buy
2012-02-05,1,1,1,1,0,2,1,0,0,0,0,0,0,1,1,0,0,1,1,1,0,1,0,1,0,0,0,0,0,1,0,0,0,0,0,0,0,0,0, 0.00353027, 0.00266372, 0.0006419,-0.00052739, 0.00323975,buy
2012-02-06,2,1,2,0,1,3,1,2,0,0,0,0,0,1,1,0,1,2,1,0,1,0,1,2,0,0,0,0,0,1,0,0,0,1,0,1,0,0,0,-0.00030521,-0.00030521,-0.0006150,-0.00058048,-0.00038237,buy
2012-02-07,0,2,2,1,1,3,0,0,0,0,0,0,0,1,1,0,0,1,0,1,0,1,1,1,0,0,0,0,0,1,0,0,0,1,0,1,0,0,0,-0.00061307, 0.00137602, 0.0013760, 0.00062004, 0.00081999,buy
2012-02-08,1,1,5,2,3,2,1,0,0,1,0,0,0,1,1,1,1,1,1,1,1,1,1,1,0,1,0,0,0,1,0,0,0,1,0,1,0,1,0,-0.00155518,-0.00192845,-0.0012740,-0.00155518,-0.00149776,sell
2012-02-09,2,1,4,0,3,2,0,0,0,1,0,1,0,1,0,1,2,0,0,1,1,0,1,0,0,1,0,0,0,0,0,1,0,1,0,1,0,1,0,-0.00017197, 0.00098435,-0.0002364, 0.00158993, 0.00154852,buy
2012-02-10,0,1,4,2,5,1,0,0,0,1,0,1,0,1,0,1,1,1,1,0,1,1,1,1,0,1,0,0,0,0,1,1,0,1,0,0,0,1,0, 0.00022540,-0.00100337,-0.0003569,-0.00038683, 0.00086341,buy
2012-02-11,0,2,2,1,3,2,0,1,0,0,0,1,0,0,0,1,1,0,1,1,0,1,1,0,0,1,0,1,0,0,1,1,0,0,0,0,0,1,0,-0.00505648,-0.00406409, 0.0001611,-0.00429069, 0.00016106,sell
2012-02-12,3,1,3,0,3,1,0,0,0,0,0,0,1,0,0,0,0,1,2,0,1,1,1,1,0,1,0,1,0,0,1,1,0,0,0,0,0,0,0,-0.00204790,-0.00158658,-0.0008958,-0.00088133,-0.00635449,sell
2012-02-13,2,1,1,1,2,2,1,0,0,0,1,0,1,0,0,0,1,1,1,1,1,0,1,1,0,0,0,1,0,0,1,1,0,0,0,0,0,0,0,-0.00152661,-0.00114882,-0.0023298,-0.00178845,-0.00538787,sell
2012-02-14,2,1,0,0,3,2,1,3,0,0,1,0,1,0,1,0,0,1,1,1,1,1,1,1,0,0,0,1,0,0,1,0,0,0,1,0,0,0,0,-0.00221505,-0.00168920,-0.0015343,-0.00153433,-0.00217430,sell
2012-02-15,1,0,1,0,4,2,1,2,1,0,1,0,0,0,1,0,1,0,1,1,2,0,1,0,0,0,0,1,0,0,1,0,0,0,1,0,0,0,0, 0.00149886, 0.00403102,-0.0004140, 0.00279880, 0.00131089,buy
2012-02-16,1,1,0,0,2,1,2,3,1,0,0,0,0,0,1,0,1,1,0,0,1,1,0,1,0,0,0,0,1,0,1,0,0,0,1,0,0,0,0, 0.00190815, 0.00605266, 0.0005881, 0.00180238, 0.00174007,buy
2012-02-17,2,0,0,0,1,0,5,3,1,0,0,1,0,0,0,0,1,0,1,1,1,1,1,1,0,0,1,0,1,0,1,0,0,0,1,0,0,0,0, 0.00012646,-0.00128007, 0.0012654, 0.00172293,-0.00056238,buy
2012-02-18,2,0,0,0,0,2,1,0,0,0,0,1,0,0,0,0,0,1,1,1,0,1,0,0,0,0,1,0,1,0,0,0,0,0,0,0,0,0,0, 0.00134667, 0.00751986,-0.0018370, 0.00169635, 0.00121130,buy
2012-02-19,1,1,0,0,4,1,3,2,0,0,0,1,0,0,0,0,1,1,1,1,1,1,1,1,0,0,1,0,1,1,0,0,0,1,0,0,0,0,0,-0.00019034,-0.00010939,-0.0000660,-0.00003860,-0.00085838,buy
2012-02-20,1,1,1,0,2,4,0,0,0,0,0,0,1,0,0,0,0,1,0,1,0,0,1,1,0,0,1,0,1,1,0,0,0,1,0,0,1,0,0, 0.00187480, 0.00239007, 0.0011655, 0.00214062, 0.00336955,buy
2012-02-21,1,1,1,0,3,3,0,0,0,0,0,0,1,0,0,0,0,0,1,1,1,1,1,1,0,0,1,0,0,1,0,0,1,1,0,0,1,0,0, 0.00366822, 0.00351001, 0.0034526, 0.00115706, 0.00327700,buy
2012-02-22,0,2,1,2,2,2,2,0,0,1,0,0,1,0,0,0,1,1,0,1,1,1,1,0,0,0,0,0,0,1,0,0,1,1,0,0,1,0,0,-0.00163924,-0.00050855,-0.0005086,-0.00040265,-0.00030645,buy
2012-02-23,0,1,2,2,1,3,1,0,0,1,0,0,0,0,0,0,1,1,0,0,2,0,0,1,1,0,0,0,0,1,0,0,1,1,0,0,1,0,0,-0.00117760,-0.00164172,-0.0017586,-0.00413464,-0.00204052,sell
2012-02-24,0,0,2,1,4,2,1,1,1,1,0,0,0,0,0,0,1,0,1,1,1,1,1,1,1,0,0,0,0,1,0,0,1,0,0,0,1,0,0, 0.00129217, 0.00183477, 0.0015956, 0.00129217, 0.00171275,buy
2012-02-25,0,0,1,0,0,4,1,1,1,0,0,0,0,0,0,0,0,1,1,1,0,1,0,0,1,0,0,0,0,0,0,0,0,0,0,0,1,0,0, 0.00380930, 0.00378564, 0.0034406, 0.00569785, 0.00442745,buy
2012-02-26,0,1,0,1,2,3,3,0,1,0,0,0,0,0,0,0,0,1,1,0,1,1,1,1,1,0,0,1,0,0,0,0,0,0,0,0,1,0,0,-0.00089626, 0.00025781, 0.0007414,-0.00087841,-0.00142235,sell
2012-02-27,2,0,0,0,1,3,3,0,1,0,0,0,0,0,0,0,1,1,0,1,0,1,1,1,1,0,0,1,0,0,0,0,0,0,0,0,1,0,0,-0.00273871,-0.00322678,-0.0032268, 0.00207839,-0.00570697,sell
2012-02-28,1,1,1,0,0,3,1,0,0,0,0,0,0,0,0,0,0,1,0,1,1,0,1,1,0,0,0,1,0,0,0,0,0,0,0,0,1,0,0, 0.00214442, 0.00213049, 0.0021501, 0.00225177, 0.00232050,buy
2012-02-29,0,0,3,0,1,1,3,2,0,0,0,0,1,0,0,0,1,0,1,1,1,1,1,1,0,0,0,1,0,0,0,0,0,0,0,0,1,0,0,-0.00210710,-0.00055250,-0.0024895, 0.00212417,-0.00256619,buy
2012-03-01,0,1,2,0,1,2,1,2,0,0,1,0,1,0,0,0,1,1,0,1,1,1,0,0,0,0,0,1,0,0,0,0,0,0,0,0,1,0,0, 0.00126162, 0.00365568,-0.0000862, 0.00365568,-0.00323820,buy
2012-03-02,2,2,1,2,1,2,0,2,0,0,1,0,1,0,0,0,1,0,1,0,1,0,1,1,0,1,0,0,1,0,0,0,1,0,0,1,1,0,0,-0.00032657,-0.00082581,-0.0007718,-0.00019249, 0.00041726,buy
2012-03-03,1,3,1,3,1,1,2,2,0,0,1,0,1,0,1,1,1,1,1,1,0,1,1,1,0,1,0,0,1,0,0,0,1,0,0,1,1,0,0, 0.00059694, 0.00081404, 0.0002674, 0.00059694, 0.00183358,buy
2012-03-04,0,4,1,2,1,2,1,1,0,0,1,0,0,0,1,1,0,1,2,0,1,1,0,0,0,1,0,0,1,0,0,0,1,1,0,1,1,0,0, 0.00153287, 0.00049546, 0.0027967, 0.00153287, 0.00153287,buy
2012-03-05,2,3,2,2,2,1,1,2,0,0,1,0,0,0,1,1,1,1,1,1,1,1,1,1,0,1,0,0,1,0,0,0,1,1,0,1,1,0,0,-0.00116805,-0.00442075,-0.0022960,-0.00116805,-0.00116805,sell
2012-03-06,0,4,1,1,2,1,2,0,0,0,0,0,0,0,1,1,0,1,0,1,1,1,1,1,0,0,0,0,1,0,0,0,0,1,0,1,1,1,0,-0.00877245,-0.00877245,-0.0084754,-0.00742156,-0.00641120,sell
2012-03-07,2,0,2,1,1,1,2,0,0,0,0,0,0,0,1,1,1,1,1,1,1,0,1,1,0,0,0,0,0,0,0,0,0,1,0,0,1,1,0,-0.00128158,-0.00272571,-0.0020684,-0.00308264,-0.00168448,sell
2012-03-08,0,1,0,1,2,2,1,0,0,0,0,0,0,0,1,1,1,1,0,0,1,1,0,0,0,0,0,0,0,0,0,0,0,1,0,0,1,1,1,-0.00407613,-0.00770354,-0.0037722,-0.00429458,-0.00215638,sell
2012-03-09,0,0,2,2,4,1,0,1,0,0,0,0,0,0,0,1,1,1,1,1,1,0,1,1,0,0,0,0,0,0,0,0,0,0,0,0,1,1,1, 0.00217933, 0.00169315, 0.0051152, 0.00193271, 0.00210411,buy
2012-03-10,0,1,1,0,3,2,0,0,0,0,0,0,0,0,0,1,0,2,1,0,0,1,0,0,0,0,0,0,0,0,0,0,0,0,0,0,1,1,1,-0.00183048,-0.00518400,-0.0018305, 0.00318138,-0.00115438,sell
2012-03-11,1,1,2,1,1,2,2,0,0,0,0,0,0,0,0,1,1,2,1,1,1,1,1,1,0,0,0,0,0,0,0,1,0,0,0,0,1,0,1, 0.00000224,-0.00027716,-0.0003978, 0.00043018,-0.00128652,buy
2012-03-12,3,2,0,0,1,3,1,0,0,0,0,0,0,0,0,1,0,1,0,1,0,1,1,1,1,0,0,0,0,0,0,1,1,0,1,0,1,0,1, 0.00341081, 0.00482402, 0.0048240, 0.00506502, 0.00482402,buy
2012-03-13,4,0,1,0,3,3,0,2,0,0,0,0,0,0,0,1,1,1,1,2,1,0,1,1,1,0,0,0,0,0,0,1,1,0,1,0,1,0,1, 0.00073892, 0.00398870, 0.0033477, 0.00396042, 0.00347056,buy
2012-03-14,2,1,1,0,2,3,0,2,0,0,0,0,0,0,0,1,2,1,0,1,1,1,0,0,1,0,0,0,0,0,0,1,1,0,1,0,1,0,1, 0.00445599, 0.00460665, 0.0046067, 0.00467648, 0.00443221,buy
2012-03-15,3,1,0,0,1,2,2,3,0,0,0,0,0,0,1,0,1,1,1,0,1,1,1,1,1,0,0,0,0,0,0,1,1,0,1,0,1,0,1, 0.00118796, 0.00159666, 0.0014769, 0.00353646, 0.00065216,buy
2012-03-16,2,0,1,0,0,3,0,1,0,0,0,0,0,0,1,0,1,1,1,1,0,0,0,1,1,0,0,0,1,0,0,1,0,0,0,0,1,0,0, 0.00213441, 0.00130314, 0.0020457, 0.00296731, 0.00350009,buy
2012-03-17,0,1,1,0,1,2,2,1,0,0,0,0,0,0,1,0,0,1,1,0,1,1,1,0,1,0,0,0,1,0,0,0,0,0,0,0,1,0,0, 0.00141370, 0.00455248, 0.0025372, 0.00112478, 0.00455248,buy
2012-03-18,0,0,2,0,1,2,2,1,0,0,0,0,0,0,1,0,1,1,0,1,0,1,1,1,0,0,0,0,1,0,0,0,0,0,0,0,1,0,0, 0.00339072, 0.00484919, 0.0048386, 0.00320249, 0.00175887,buy
2012-03-19,1,0,1,0,3,4,0,0,0,0,1,0,0,0,1,0,0,0,0,1,1,1,1,1,0,0,1,0,1,0,0,0,0,0,0,0,1,0,0,-0.00163623,-0.00031877,-0.0011068,-0.00031877,-0.00215195,sell
2012-03-20,1,1,1,1,5,1,2,0,0,0,1,0,0,1,1,0,1,1,1,1,2,1,1,1,0,0,1,0,1,0,0,0,0,0,0,0,1,0,0,-0.00404227,-0.00335727,-0.0058996,-0.00510415,-0.00406183,sell
2012-03-21,0,1,0,0,3,3,1,0,0,0,1,0,0,1,0,0,2,0,0,0,1,0,0,1,0,0,1,0,0,0,0,0,0,0,0,0,1,1,0, 0.00356522, 0.00274767, 0.0028582, 0.00793695,-0.00043163,buy
2012-03-22,0,0,2,0,3,3,0,0,0,0,1,0,0,1,0,0,1,1,1,0,1,1,1,0,0,0,1,0,0,1,0,0,0,0,0,0,1,1,0, 0.00384266, 0.00421911, 0.0001591, 0.00009300,-0.00219642,buy
2012-03-23,0,0,2,0,3,3,0,1,0,0,1,0,1,0,0,0,1,1,1,1,0,0,0,1,0,0,1,0,0,1,0,0,0,0,0,0,1,1,0,-0.00508748,-0.00386025,-0.0050875,-0.00508748,-0.00548723,sell
2012-03-24,0,1,2,1,1,3,1,0,1,0,0,0,1,0,0,0,0,1,1,0,1,0,0,0,0,1,1,0,0,1,0,0,0,0,0,0,1,1,0,-0.00063354,-0.00043708,-0.0005602, 0.00042231,-0.00438142,sell
2012-03-25,2,0,2,0,3,3,1,0,1,0,0,0,1,0,0,0,1,1,1,1,0,1,1,1,0,1,0,0,0,1,0,0,0,0,0,0,1,1,0,-0.00322871,-0.00364646,-0.0032287,-0.00307885,-0.00263698,sell
2012-03-26,0,2,2,0,1,4,0,0,1,0,0,0,1,0,0,0,1,0,0,1,0,1,1,1,0,1,0,0,0,1,0,0,0,0,1,0,1,0,0,-0.00213161,-0.00226022,-0.0021447,-0.00225610,-0.00026519,sell
2012-03-27,0,2,3,0,0,3,2,3,1,0,0,0,1,0,0,0,0,1,1,1,1,1,1,1,0,1,0,1,0,0,0,0,0,0,1,0,1,0,0, 0.00188143, 0.00270663, 0.0027764, 0.00179113, 0.00243533,buy
2012-03-28,0,2,2,0,1,2,3,2,1,0,0,0,1,0,0,0,1,1,0,1,1,1,1,1,0,0,0,1,0,0,0,0,0,0,1,0,1,0,0, 0.00432968, 0.00470270, 0.0039352, 0.00470299, 0.00256062,buy
2012-03-29,1,1,2,0,0,3,0,1,1,0,0,0,1,0,0,0,1,0,0,0,1,0,0,0,0,0,0,1,0,0,0,0,0,0,1,1,1,0,0, 0.00154157, 0.00141839, 0.0021658, 0.00168428,-0.00156033,buy
2012-03-30,1,1,1,1,0,1,2,3,0,0,0,0,0,0,0,0,1,1,1,1,0,1,1,0,0,0,0,1,0,0,0,0,0,0,1,1,1,0,0,-0.00468283,-0.00366346,-0.0051008,-0.00510081,-0.00501400,sell
2012-03-31,0,1,1,0,1,2,1,2,0,0,0,0,0,0,0,0,1,1,1,0,0,0,0,1,1,0,0,1,0,0,0,0,0,0,0,1,1,0,0,-0.00579386,-0.01053707,-0.0103324,-0.00972342,-0.00384580,sell
2012-04-01,1,0,3,0,2,1,0,1,0,0,0,0,0,0,0,0,0,1,1,1,1,0,1,0,1,0,0,0,0,0,0,0,0,0,0,1,1,0,0, 0.00121480,-0.00002128, 0.0009068, 0.00495173, 0.00384057,buy
2012-04-02,2,1,2,0,1,1,0,1,0,0,0,0,0,0,0,0,1,0,0,1,0,1,1,1,1,0,0,0,0,0,0,0,0,0,0,1,1,0,0, 0.00314049,-0.00181595, 0.0022350, 0.00484191, 0.00419598,buy
2012-04-03,0,4,1,1,1,1,1,1,0,0,0,0,0,0,0,0,0,1,1,1,1,1,2,1,1,0,0,0,0,0,0,0,0,1,0,0,1,0,0, 0.00434558, 0.00462310, 0.0040183, 0.00147593, 0.00475267,buy
2012-04-04,2,0,3,0,1,4,0,1,0,0,0,0,0,0,0,0,1,1,0,1,1,1,1,1,1,0,1,0,0,0,0,0,0,1,0,0,1,0,1,-0.00514578,-0.00295580,-0.0045758,-0.00457578,-0.00445564,sell
2012-04-05,0,1,1,1,3,3,0,2,0,0,0,0,0,0,0,0,1,1,1,0,1,0,1,0,1,0,1,0,0,0,0,0,1,1,0,0,1,0,1,-0.01011238,-0.00928419,-0.0098312,-0.00983123,-0.00956904,sell
2012-04-06,0,2,1,3,1,4,0,3,0,0,0,0,0,0,0,0,1,2,1,1,0,1,1,1,0,1,1,0,0,0,1,0,1,1,0,0,1,0,1,-0.00590900,-0.00328326,-0.0046098,-0.01010631,-0.00486233,sell
2012-04-07,1,1,1,1,0,4,2,2,0,0,0,0,0,0,0,0,0,2,1,0,1,0,1,1,0,1,1,0,0,0,1,0,1,1,0,0,1,1,1,-0.00089333, 0.00659898, 0.0058870, 0.00588695, 0.00588695,buy
2012-04-08,0,2,4,1,0,3,3,2,0,0,0,0,1,0,0,0,1,1,0,1,0,1,2,1,0,1,1,0,0,0,1,0,1,1,0,0,1,1,1, 0.00079250, 0.00278496, 0.0016695, 0.00242812, 0.00268959,buy
2012-04-09,1,4,3,0,1,3,1,3,0,0,0,0,1,0,0,0,0,1,1,1,1,2,2,2,0,1,0,0,0,0,1,0,1,0,0,0,1,1,1, 0.00244919, 0.00233920, 0.0025342, 0.00253417, 0.00344116,buy
2012-04-10,2,3,2,0,1,3,1,2,0,0,0,0,1,0,0,0,1,1,0,1,1,1,1,2,0,1,0,0,0,0,1,0,1,0,0,0,1,1,1, 0.00173489, 0.00125364, 0.0028263, 0.00262935, 0.00167813,buy
2012-04-11,3,1,1,0,0,2,3,0,0,0,0,0,1,0,0,0,1,1,1,0,1,1,0,1,0,0,0,0,0,0,1,0,0,0,0,0,1,1,1,-0.00223573,-0.00438725,-0.0042364,-0.00438725,-0.00423635,sell
2012-04-12,2,1,2,0,0,3,2,1,0,0,0,0,1,0,0,0,1,2,2,1,0,0,1,0,0,0,0,0,0,0,1,0,0,0,1,0,1,1,1, 0.00186799, 0.00386010, 0.0022183, 0.00278876, 0.00354562,buy
2012-04-13,1,1,2,1,1,3,0,3,0,0,0,0,1,0,0,0,1,1,2,0,1,1,0,1,0,0,0,0,1,0,1,0,0,0,1,0,1,0,1, 0.00614858, 0.00600600, 0.0060878, 0.00751453, 0.00600600,buy
2012-04-14,0,1,3,1,2,2,1,0,0,0,0,0,1,0,0,0,0,1,1,1,0,0,1,0,0,0,0,0,1,0,0,0,0,0,1,1,1,0,1, 0.00826507, 0.00838455, 0.0071972, 0.00598871, 0.00805622,buy
2012-04-15,1,1,1,1,0,4,2,1,0,0,0,0,0,0,0,0,1,0,0,1,1,1,1,1,0,0,0,0,1,0,0,0,0,0,1,1,1,0,1, 0.00512874, 0.00512874, 0.0034694, 0.00396199, 0.00260682,buy
2012-04-16,1,1,1,2,1,3,2,0,1,0,0,0,0,0,0,0,0,1,1,1,1,1,1,1,0,0,0,0,1,0,0,0,0,0,1,1,1,0,0, 0.00385618, 0.00475491, 0.0032569, 0.00607926, 0.00339599,buy
2012-04-17,0,2,1,1,1,4,2,0,1,0,1,0,0,0,0,0,1,0,0,1,1,1,0,1,0,0,0,0,1,0,0,0,0,0,1,1,1,0,0, 0.00325902, 0.00325902, 0.0002304, 0.00164418, 0.00079534,buy
2012-04-18,0,1,3,0,4,3,0,0,1,1,1,0,0,0,0,0,1,1,1,0,1,1,0,1,0,0,0,0,0,0,0,0,0,0,0,1,1,0,0, 0.00548318, 0.00609927, 0.0061572, 0.00461991, 0.00425463,buy
2012-04-19,0,1,2,0,2,3,0,1,1,1,1,0,0,0,0,0,1,1,1,1,0,0,1,0,0,0,0,0,0,0,0,0,0,0,0,1,1,0,0, 0.00607478, 0.00656431, 0.0063861, 0.00720029, 0.00592987,buy
2012-04-20,0,1,1,1,2,3,1,0,1,1,1,0,0,0,0,0,1,1,1,0,1,0,0,1,0,0,1,0,0,0,0,0,0,0,0,0,1,0,0, 0.00276606, 0.00276606, 0.0027661, 0.00276606, 0.00230254,buy
2012-04-21,3,0,1,0,2,1,2,0,1,1,1,0,0,0,1,0,0,1,1,1,0,1,1,0,0,1,1,0,0,0,0,0,0,0,0,0,0,0,0,-0.00109142,-0.00100481,-0.0008316, 0.00118321,-0.00021097,buy
2012-04-22,2,0,1,0,0,1,1,0,0,1,0,0,0,0,1,0,1,0,0,1,0,0,1,0,0,1,1,0,0,0,0,0,0,0,0,0,0,0,0, 0.00395608, 0.00360175, 0.0033630, 0.00262870, 0.00319051,buy
2012-04-23,1,1,1,0,2,1,1,2,0,0,0,0,0,0,1,0,0,1,1,1,1,1,1,1,0,1,1,0,0,0,0,0,0,0,0,0,0,0,0,-0.00217640,-0.00229943,-0.0026000,-0.00175768,-0.00186792,sell
2012-04-24,1,1,1,0,3,1,2,3,0,0,0,1,0,0,1,0,0,1,1,1,1,1,1,1,0,1,1,0,0,1,0,1,0,0,0,0,0,0,0,-0.00067470,-0.00050167,-0.0032289,-0.00084513,-0.00061273,buy
2012-04-25,2,0,0,0,3,1,1,1,0,0,0,1,0,0,0,0,1,0,0,0,1,1,0,1,0,1,0,0,0,1,0,1,0,0,0,0,0,0,0, 0.00148012, 0.00412939,-0.0004310, 0.00154535, 0.00148012,buy
2012-04-26,3,0,0,1,2,1,3,2,0,0,0,1,0,0,0,0,1,1,1,1,1,1,1,1,0,1,0,0,0,1,0,1,0,0,0,0,0,0,0, 0.00655235, 0.00426136, 0.0043411, 0.00655235, 0.00655235,buy
2012-04-27,1,1,0,1,2,1,1,1,0,0,0,1,0,0,0,0,1,1,1,1,0,0,0,0,0,0,0,1,0,1,0,1,0,0,0,0,0,0,0,-0.00040687, 0.00150484,-0.0009672,-0.00299527,-0.00138906,sell
2012-04-28,1,0,1,0,3,1,0,2,0,0,0,0,0,0,0,0,0,2,1,0,1,0,0,1,0,0,0,1,0,1,0,1,0,0,0,0,0,0,0,-0.00548046,-0.00534914,-0.0062767,-0.00566869,-0.00454168,sell
2012-04-29,2,0,2,0,2,0,0,1,0,0,0,0,0,0,0,0,0,1,1,1,0,1,1,0,0,0,0,1,0,0,0,1,0,0,0,0,0,0,0,-0.00589075,-0.00788771,-0.0051759,-0.00560723,-0.00529973,sell
2012-04-30,2,2,0,0,1,1,1,1,0,0,1,0,0,0,0,0,1,0,0,1,1,0,1,1,0,0,0,1,0,0,0,1,0,0,0,0,0,0,0,-0.00177099, 0.00217965,-0.0005988,-0.00107714,-0.00006398,buy
2012-05-01,4,1,1,1,1,2,0,0,0,0,1,0,0,0,0,0,0,1,1,1,1,1,1,2,0,0,0,1,0,0,0,1,0,0,0,0,0,0,0,-0.00168967,-0.00221272,-0.0029629,-0.00294026,-0.00306047,sell
2012-05-02,1,3,0,0,3,1,0,0,1,1,1,0,0,0,0,0,1,0,0,0,1,1,0,1,0,0,0,0,0,0,0,1,0,0,0,0,0,0,0,-0.00666263,-0.00122154,-0.0012215,-0.00110792,-0.00091892,sell
2012-05-03,0,3,3,1,3,0,0,1,1,1,0,0,0,0,0,0,1,1,1,1,0,2,1,1,0,0,0,0,0,0,0,1,0,0,0,0,0,0,0, 0.00118046,-0.00135903,-0.0013590,-0.00135903,-0.00393608,sell
2012-05-04,0,2,2,1,2,1,0,0,1,1,0,0,1,0,0,0,1,1,1,0,1,1,0,0,0,0,0,0,0,0,0,1,0,0,0,0,0,0,0,-0.00458482,-0.00397734,-0.0039812,-0.00508106,-0.00146753,sell
2012-05-05,1,1,1,2,2,0,2,0,1,1,0,0,1,0,0,0,0,1,1,1,0,0,1,1,0,0,0,0,0,0,0,1,0,0,0,0,0,0,0,-0.00207295,-0.00106194,-0.0022422,-0.00244344, 0.00050628,buy
2012-05-06,1,1,0,3,2,1,0,0,0,0,0,0,1,0,0,0,1,0,0,1,1,1,1,0,0,0,0,0,0,0,0,1,0,0,0,1,0,0,0, 0.00259290, 0.00194457, 0.0024819, 0.00046894, 0.00083361,buy
2012-05-07,2,0,1,1,2,1,0,2,0,0,0,0,1,0,0,0,0,1,1,1,1,0,1,1,0,0,0,0,0,0,0,1,0,0,0,1,0,0,0,-0.00021522,-0.00073199,-0.0005208,-0.00627420,-0.00608980,sell
2012-05-08,1,1,2,0,1,0,1,0,0,0,0,0,0,0,0,0,1,0,0,0,1,1,0,1,0,0,0,0,0,0,0,1,0,0,0,1,0,0,0,-0.00252719,-0.00315033,-0.0031930,-0.00533276,-0.00389437,sell
2012-05-09,3,2,0,0,1,0,2,1,0,0,1,0,0,0,0,0,1,1,1,1,0,1,1,1,0,0,0,0,0,0,0,1,0,0,0,1,0,0,0,-0.00068942,-0.00070847, 0.0000541,-0.00146227,-0.00068942,buy
2012-05-10,3,1,0,0,1,2,1,1,0,0,1,0,0,0,0,1,1,1,1,0,1,1,0,0,1,0,0,0,0,1,0,1,0,0,0,1,0,0,0,-0.00781130,-0.00664170,-0.0078113,-0.00620858,-0.00620858,sell
2012-05-11,1,0,1,0,3,1,2,1,0,0,1,0,0,0,0,1,0,1,1,1,0,0,1,1,1,0,0,0,0,1,0,1,0,0,0,1,0,0,0,-0.00503188,-0.00584725,-0.0075845,-0.00635255,-0.00515968,sell
2012-05-12,3,1,1,0,4,3,1,2,0,1,1,0,0,0,1,1,1,0,0,2,1,1,1,0,1,0,0,1,1,1,0,1,0,0,0,1,1,0,0,-0.00249984,-0.00231147,-0.0023115,-0.00231147, 0.00043455,sell
2012-05-13,4,1,1,0,4,3,1,2,0,1,0,1,0,0,1,1,1,0,1,1,1,1,2,1,1,0,0,1,1,1,0,1,0,0,0,1,1,0,0,-0.00562688,-0.00562688,-0.0056269,-0.00408933,-0.00470672,sell
2012-05-14,3,2,1,1,4,1,2,0,0,1,0,1,0,0,1,0,0,1,0,1,1,0,1,1,1,0,0,1,1,1,0,1,0,0,0,1,1,0,0,-0.00381098,-0.00224726,-0.0050240,-0.00364915,-0.00392267,sell
2012-05-15,3,1,2,0,2,1,2,0,0,1,0,1,0,0,0,0,1,0,0,0,1,1,0,1,1,0,0,1,1,0,0,1,0,0,0,1,1,0,0,-0.00399524,-0.00494839,-0.0055257,-0.00549129,-0.00549129,sell
2012-05-16,1,1,2,0,4,3,0,1,0,0,0,0,0,0,0,0,1,1,1,1,0,1,1,1,1,0,0,1,1,0,0,1,0,0,0,1,1,0,1,-0.00190786,-0.00179012,-0.0030332,-0.00131406,-0.00625638,sell
2012-05-17,1,1,0,1,2,3,0,0,0,0,0,0,0,0,0,0,1,1,1,0,1,1,0,0,0,0,0,0,0,0,0,1,0,0,0,1,0,0,1,-0.01133107,-0.00964370,-0.0003163,-0.01029948,-0.01029948,sell
2012-05-18,1,1,0,1,4,1,1,0,0,0,0,0,0,0,0,0,1,1,1,0,1,1,1,1,0,0,0,0,0,0,0,1,0,0,0,1,0,0,1,-0.00733148,-0.00812781, 0.0052139,-0.01126241,-0.00689111,sell
2012-05-19,3,0,0,0,2,2,0,0,0,0,0,0,0,0,1,0,0,1,0,1,0,0,1,1,0,0,0,0,0,0,0,1,0,0,0,1,0,0,1, 0.00098431,-0.00156011, 0.0008870,-0.00184255,-0.00166575,sell
2012-05-20,1,2,2,0,1,3,0,0,0,0,0,1,1,0,1,0,1,0,0,1,1,1,1,0,0,0,0,0,0,0,0,1,0,0,0,1,0,0,1,-0.00414732,-0.00012438,-0.0035253,-0.00073639,-0.00226636,sell
2012-05-21,1,2,2,0,2,2,1,3,1,0,0,1,1,0,1,0,0,1,1,1,1,1,1,1,0,0,1,0,0,0,0,1,0,0,0,1,0,0,1,-0.00255701,-0.00255701,-0.0024987,-0.00257155, 0.00147226,sell
2012-05-22,2,1,1,0,2,2,0,2,1,0,0,1,1,0,0,0,1,1,0,0,1,0,0,1,0,0,1,0,0,0,0,1,0,0,0,1,0,0,1, 0.00155203, 0.00142222, 0.0016420, 0.00156142, 0.00377179,buy
2012-05-23,3,0,0,0,2,1,0,2,1,0,0,0,0,0,0,0,1,0,1,0,1,1,1,1,0,0,1,0,0,0,0,0,0,0,0,1,0,0,0, 0.00314429, 0.00284507, 0.0028791, 0.00268805, 0.00283100,buy
2012-05-24,1,1,0,1,0,2,2,2,0,0,0,0,0,0,0,0,1,1,1,1,0,1,1,1,0,0,1,0,0,0,0,0,0,0,0,1,0,0,0, 0.00232334, 0.00353671, 0.0001236, 0.00034956, 0.00227483,buy
2012-05-25,1,1,0,0,0,2,1,3,0,0,1,0,0,1,0,0,1,1,1,0,1,1,0,0,0,0,1,0,0,0,0,0,0,0,0,1,0,0,0,-0.00095621,-0.00095621,-0.0009562,-0.00154375, 0.00222594,buy
2012-05-26,2,0,2,0,1,0,2,2,0,0,1,0,0,1,0,0,0,1,1,1,0,1,1,1,0,0,0,0,0,1,0,0,0,0,0,1,0,0,0,-0.00213607,-0.00213607,-0.0038687,-0.00519417, 0.00014798,sell
2012-05-27,0,4,2,0,1,0,3,2,0,0,0,1,1,1,1,0,1,1,0,1,1,0,1,1,0,0,0,1,1,1,0,0,0,0,0,0,0,0,0, 0.00455202, 0.00389486,-0.0044390, 0.00366547, 0.00427823,buy
2012-05-28,1,2,3,1,0,1,2,2,0,0,0,1,1,1,1,0,1,0,1,1,1,1,1,0,0,0,0,1,1,1,0,0,0,0,0,0,0,0,0,-0.00476194,-0.00465148,-0.0043299, 0.00247065,-0.00272017,sell
2012-05-29,2,2,2,0,2,1,1,2,0,1,0,1,1,1,0,1,0,1,0,1,2,1,0,1,0,0,0,1,1,1,0,0,0,0,0,0,0,0,0, 0.00115452, 0.00166157, 0.0015935, 0.00256924, 0.00412936,buy
2012-05-30,1,2,2,1,2,0,1,2,0,1,0,0,0,0,0,1,1,0,1,1,1,0,1,1,0,0,0,1,1,1,0,0,0,0,0,0,0,0,0,-0.00243905,-0.00268414,-0.0030225,-0.00302248, 0.00106369,sell
2012-05-31,1,3,2,1,2,0,0,2,0,1,0,0,0,0,0,1,1,1,1,1,1,1,1,1,0,0,0,1,1,0,0,0,0,0,0,0,0,0,0, 0.00120879, 0.00093053,-0.0016585, 0.00093053, 0.00342480,buy
2012-06-01,1,1,3,0,0,1,0,1,0,1,0,0,0,0,0,0,1,1,1,0,1,1,1,0,0,0,0,1,0,0,0,0,0,0,0,0,0,0,0,-0.00420757,-0.00475780,-0.0047578,-0.00719908,-0.00414770,sell
2012-06-02,0,1,2,1,2,0,2,0,0,0,0,0,0,0,0,0,0,1,0,1,1,1,2,1,0,0,0,0,0,0,1,0,0,0,0,0,0,0,0, 0.00532197, 0.00555025, 0.0057159, 0.00533470, 0.00562817,buy
2012-06-03,2,1,0,1,3,2,0,2,0,0,0,0,1,0,0,0,1,0,1,1,2,0,2,0,0,0,0,0,0,0,1,0,1,0,0,0,0,0,1, 0.00547627, 0.00547627, 0.0055477, 0.00228160, 0.00701898,buy
2012-06-04,2,0,1,1,3,1,1,3,0,0,0,0,1,0,0,0,0,1,0,1,2,1,1,1,0,1,0,0,0,0,1,0,1,0,0,0,1,0,1,-0.00366471,-0.00303606,-0.0023167,-0.00231665,-0.00324910,sell
2012-06-05,1,1,1,0,3,0,2,3,1,0,0,0,1,0,0,0,1,0,1,0,1,0,1,1,0,1,0,0,0,0,1,0,1,0,0,0,1,0,1,-0.00367826, 0.00055271, 0.0012700, 0.00187219, 0.00244227,buy
2012-06-06,2,1,1,0,3,1,0,3,1,0,0,0,0,0,0,0,1,1,1,1,0,1,1,1,0,1,0,0,0,0,1,0,1,0,0,0,1,0,1,-0.00668106,-0.00206977, 0.0030382, 0.00188710, 0.00218634,buy
2012-06-07,1,2,0,0,4,1,0,2,1,0,0,0,0,0,0,1,1,1,1,0,1,1,0,0,0,1,0,0,0,0,1,0,0,0,0,0,1,0,1,-0.00253232,-0.00153377, 0.0028657, 0.00329339, 0.00223685,buy
2012-06-08,2,0,1,0,3,1,1,2,1,0,1,0,0,0,0,1,0,1,0,1,0,1,1,1,0,1,0,0,0,0,1,0,0,0,0,0,0,0,0, 0.00443300, 0.00401190, 0.0043441, 0.00617576,-0.00226250,buy
2012-06-09,3,0,1,0,1,3,0,3,0,0,1,0,0,0,0,1,1,1,1,1,1,1,1,1,0,1,0,0,0,0,1,0,0,0,0,0,0,0,0, 0.00526667, 0.00546606,-0.0000667, 0.00011608,-0.00315843,buy
2012-06-10,1,1,0,0,2,0,1,2,0,0,1,0,0,0,1,0,0,0,1,1,1,0,1,0,0,1,0,0,0,0,1,0,0,0,0,0,0,0,0,-0.00187852,-0.00210022,-0.0021002,-0.00210022,-0.00210022,sell
2012-06-11,1,0,1,2,0,0,1,3,0,0,0,1,0,0,1,0,0,1,0,0,1,1,0,1,0,1,0,0,1,0,0,0,0,0,0,0,0,0,0, 0.00646634, 0.00646634, 0.0064663, 0.00628691, 0.00663717,buy
2012-06-12,1,0,0,1,1,1,1,3,0,0,0,1,0,0,1,0,1,0,1,1,0,0,1,1,0,1,0,0,1,0,0,0,0,0,0,0,0,0,0, 0.00198885, 0.00209162, 0.0023030, 0.00212529, 0.00083541,buy
2012-06-13,1,0,1,2,1,2,1,1,0,0,0,1,0,0,0,0,1,1,1,1,1,1,1,1,0,0,0,0,1,0,0,0,0,0,0,0,0,0,0, 0.00594700, 0.00594700, 0.0014258, 0.00488394, 0.00553561,buy
2012-06-14,1,0,2,1,1,1,2,0,1,0,0,0,0,0,0,0,1,1,1,0,1,1,0,0,0,0,0,0,1,0,0,0,0,0,1,0,0,0,0, 0.00103435, 0.00070064, 0.0046055,-0.00052092, 0.00374146,buy
2012-06-15,2,1,1,0,1,2,2,0,1,0,0,0,0,0,0,0,0,1,1,1,0,1,1,0,0,0,0,0,1,0,0,0,0,0,1,0,0,1,0,-0.00638066,-0.00638066,-0.0041560,-0.00526984,-0.00554888,sell
2012-06-16,1,3,2,0,1,2,1,0,1,0,1,0,0,0,0,0,0,1,0,1,1,1,1,1,0,0,0,0,0,0,0,0,0,0,1,1,0,1,0, 0.00200473, 0.00410349, 0.0075277, 0.00434214, 0.00673356,buy
2012-06-17,0,3,2,0,1,1,2,1,1,0,1,0,0,0,0,0,1,0,1,1,1,1,1,0,0,0,0,0,0,0,0,0,0,0,1,1,0,1,0,-0.00048382, 0.00098471, 0.0048088, 0.00250934, 0.00470371,buy
2012-06-18,0,3,2,0,1,0,3,0,0,0,1,0,0,0,0,1,0,0,0,1,1,0,1,1,0,0,0,0,0,0,0,0,0,0,1,1,0,1,0, 0.00278644, 0.00123848, 0.0040730, 0.00559587, 0.00407303,buy
2012-06-19,2,1,1,0,2,0,3,2,0,1,0,0,1,0,0,1,1,1,1,0,1,1,0,1,0,0,0,0,0,0,0,0,0,0,1,1,0,1,0, 0.01057963, 0.01060194, 0.0075946, 0.00983965, 0.00562415,buy
2012-06-20,1,1,1,1,1,1,3,2,0,1,0,0,1,0,0,1,1,0,1,1,0,0,1,1,0,0,0,0,0,0,0,0,0,0,1,1,0,1,0, 0.01044797, 0.01161033, 0.0081000, 0.01007758, 0.00754107,buy
2012-06-21,0,2,1,0,1,1,5,2,0,1,0,0,1,0,0,1,1,1,1,0,1,0,0,1,1,0,0,0,0,0,0,0,0,0,1,1,0,1,0, 0.00873647, 0.00819038, 0.0051914, 0.00861613, 0.00600567,buy
2012-06-22,2,1,3,0,2,1,4,1,0,1,0,0,1,0,0,1,1,1,1,1,0,1,1,0,1,0,1,0,0,0,0,0,0,0,1,1,0,1,0, 0.00233671, 0.00823502, 0.0033653, 0.00740470, 0.00312939,buy
2012-06-23,1,3,1,0,1,2,3,1,0,1,0,0,0,0,0,0,0,1,0,1,1,1,1,1,1,0,1,0,0,0,0,0,0,0,1,1,0,1,0,-0.00501289,-0.00774097,-0.0051761,-0.00291764,-0.00560465,sell
2012-06-24,1,3,1,1,2,1,3,2,0,0,0,0,0,0,0,0,1,1,1,1,2,1,1,1,1,0,1,0,0,0,0,0,0,0,1,1,0,1,0,-0.00137891,-0.00090592,-0.0009059, 0.00022304,-0.00090592,buy
2012-06-25,2,1,2,0,1,1,1,0,0,0,0,0,0,0,0,0,0,0,0,1,1,0,1,0,1,0,1,0,0,0,0,0,0,0,1,1,0,1,0,-0.00807929,-0.00812990,-0.0081299,-0.00590463,-0.00689136,sell
2012-06-26,3,1,3,0,3,0,1,0,0,0,1,0,0,0,0,0,1,1,1,0,1,0,0,1,1,0,1,0,0,0,0,0,0,0,1,1,1,1,0,-0.00470704,-0.00532509,-0.0044522,-0.00545400,-0.00470704,sell
2012-06-27,1,4,3,2,1,0,2,3,1,0,1,0,0,0,0,0,2,0,2,1,0,1,1,1,0,0,0,1,0,1,0,0,0,0,1,1,1,1,0, 0.00376586, 0.00288776, 0.0012499, 0.00273056, 0.00273056,buy
2012-06-28,1,3,3,1,2,0,2,1,1,0,1,0,0,0,0,0,1,1,2,0,1,0,0,1,0,0,0,1,0,1,0,0,0,0,1,1,1,1,0, 0.00279196, 0.00218428, 0.0010608, 0.00218428, 0.00220421,buy
2012-06-29,2,1,4,1,1,1,3,1,1,0,1,0,0,0,0,0,1,1,1,1,0,1,1,0,0,0,0,1,0,1,0,0,0,0,1,1,1,1,0, 0.00206999, 0.00288404, 0.0001023, 0.00288404, 0.00289727,buy
2012-06-30,0,3,2,2,2,2,3,1,1,0,1,0,0,0,0,0,0,1,0,1,1,1,1,1,0,0,0,1,0,1,1,0,0,0,1,1,1,1,0, 0.00376956, 0.00307712, 0.0000477, 0.00293539, 0.00294912,buy
2012-07-01,1,1,3,2,2,2,2,2,1,0,0,1,0,0,0,0,1,0,1,1,1,1,1,0,0,0,0,1,0,1,1,0,0,0,1,1,1,1,0, 0.00331857, 0.00408308, 0.0007817, 0.00291612, 0.00291612,buy
2012-07-02,1,1,3,0,0,1,3,1,1,0,0,1,0,0,1,0,0,1,0,0,1,0,0,1,0,0,0,0,0,0,1,0,0,0,1,1,0,1,0, 0.00496061, 0.00384702, 0.0047852, 0.00520844, 0.00462906,buy
2012-07-03,1,2,3,1,0,1,2,2,0,0,0,1,0,0,1,0,1,1,1,1,0,1,1,1,0,0,0,0,0,0,1,0,0,0,1,1,0,1,0, 0.00741884, 0.00819491, 0.0081949, 0.00936277, 0.00824772,buy
2012-07-04,3,2,2,0,0,2,1,1,0,0,0,1,0,0,1,0,1,1,1,0,1,0,0,1,0,0,0,0,0,0,1,0,0,0,1,1,0,1,0, 0.00497477, 0.00487499, 0.0045061, 0.00668339, 0.00487499,buy
2012-07-05,4,1,3,0,2,1,2,0,0,0,0,1,0,0,1,0,1,1,1,1,0,1,1,1,0,0,0,0,0,0,1,0,0,0,1,1,0,1,0, 0.00631253, 0.00570775, 0.0057078, 0.00574372, 0.00570775,buy
2012-07-06,2,2,3,0,0,3,1,1,0,0,0,1,0,0,1,0,0,1,0,1,1,1,1,1,0,0,0,0,0,0,1,0,0,0,1,1,0,1,0, 0.00468709, 0.00462521, 0.0048033, 0.00870582, 0.00453106,buy
2012-07-07,1,4,3,0,1,1,2,2,0,0,0,1,0,0,1,0,1,1,1,1,1,1,1,1,0,0,1,0,0,0,1,0,0,0,1,1,0,1,0, 0.00790509, 0.00752880, 0.0082462, 0.00948716, 0.00814023,buy
2012-07-08,1,2,2,0,0,1,1,0,0,0,0,0,0,0,0,0,0,0,0,0,1,1,0,0,0,0,1,0,0,0,1,0,0,0,1,1,0,1,0,-0.00614860,-0.00611150,-0.0061115,-0.00553152,-0.00614860,sell
2012-07-09,0,2,2,1,1,0,3,0,0,0,0,0,0,0,0,0,1,1,1,0,1,0,0,1,0,0,1,0,0,0,0,0,0,0,1,1,0,1,0,-0.00139233,-0.00422344,-0.0051509,-0.00471120,-0.00190337,sell
2012-07-10,0,1,0,0,0,2,2,2,0,0,0,0,0,0,0,0,1,0,1,1,0,1,1,1,0,0,1,0,0,0,0,0,0,0,0,0,0,1,0, 0.00020417, 0.00062336,-0.0017587, 0.00020417,-0.00216927,sell
2012-07-11,0,1,0,1,1,3,0,1,0,0,0,0,0,0,0,0,1,0,1,0,1,1,0,1,1,0,1,0,0,0,0,0,0,0,0,0,0,0,0,-0.00080403,-0.00079425,-0.0008040,-0.00101559,-0.00092009,buy
2012-07-12,1,0,1,0,3,1,1,0,0,0,0,0,0,0,0,0,1,1,1,1,0,0,1,1,1,0,0,0,0,0,0,0,0,0,0,0,0,0,0, 0.00172257, 0.00172257, 0.0018228, 0.00105875, 0.00177098,buy
2012-07-13,0,2,1,0,0,2,1,1,0,0,0,0,0,0,0,0,0,1,0,1,1,1,1,0,1,0,0,0,1,0,0,0,0,0,0,0,0,0,0,-0.00189569,-0.00114546,-0.0003398,-0.00197149,-0.00114546,sell
2012-07-14,1,1,1,0,0,2,1,2,0,0,0,0,0,0,0,0,1,1,1,1,1,1,1,1,1,0,0,0,1,0,0,0,0,0,0,0,0,0,0, 0.00363640, 0.00474880,-0.0024656, 0.00587145, 0.00764294,buy
2012-07-15,1,1,1,0,0,2,1,1,0,0,0,0,0,0,0,0,1,1,0,1,1,1,1,0,1,0,0,0,1,0,0,0,0,0,0,0,0,0,0,-0.00244735,-0.00299472,-0.0023205,-0.00182520,-0.00114524,sell
2012-07-16,1,0,0,0,1,1,0,1,0,0,0,0,0,0,0,0,0,0,0,0,1,1,0,0,1,0,0,0,1,0,0,0,0,0,0,0,0,0,0,-0.00079516, 0.00062368, 0.0035246,-0.00047429, 0.00155754,buy
2012-07-17,1,0,0,1,2,0,0,3,0,0,0,0,0,0,0,0,1,1,1,1,0,0,1,1,0,0,0,0,1,0,0,0,0,0,0,0,0,0,0,-0.00492348,-0.00471902,-0.0045301,-0.00163213,-0.00425526,sell
2012-07-18,0,1,0,0,0,2,0,1,0,0,0,0,0,0,0,0,1,0,1,0,1,0,0,1,0,0,0,0,0,0,0,0,0,0,0,0,0,0,0, 0.00093255, 0.00142582, 0.0017613, 0.00142582, 0.00176130,buy
2012-07-19,1,0,2,0,0,1,2,1,0,0,0,0,0,0,0,0,2,0,1,1,1,1,1,1,0,0,0,0,0,0,0,0,0,0,0,0,0,0,0, 0.00081659, 0.00104734, 0.0008953, 0.00085375, 0.00110770,buy
2012-07-20,1,0,1,0,0,0,3,0,0,1,0,0,0,0,0,0,1,1,0,1,0,0,1,0,0,0,0,0,0,0,0,0,0,0,0,0,0,0,0, 0.00157587, 0.00157587, 0.0016384, 0.00157587, 0.00138306,buy
2012-07-21,0,2,0,1,1,1,2,1,0,1,0,0,0,0,0,0,0,1,1,1,1,1,1,1,0,0,0,0,0,0,0,0,0,0,0,0,0,0,0,-0.00218240,-0.00274129,-0.0021386,-0.00356659,-0.00354401,sell
2012-07-22,2,0,1,1,1,3,2,2,1,1,0,0,0,0,1,0,1,1,1,1,1,1,1,1,0,0,0,0,0,0,0,0,0,0,0,0,1,0,0,-0.00760245,-0.01018080,-0.0084491,-0.00727555,-0.00979487,sell
2012-07-23,1,0,2,0,1,2,3,0,1,1,0,1,0,0,1,0,0,0,0,0,1,2,0,0,0,0,1,0,0,0,0,0,0,0,0,0,1,0,0,-0.00589417,-0.00512714,-0.0027769,-0.00455285, 0.00019587,sell
2012-07-24,3,0,3,1,0,1,3,1,1,1,0,1,0,0,1,0,1,1,1,1,0,1,1,1,0,0,1,0,0,0,0,0,0,0,0,0,1,0,0,-0.00562992,-0.00582281,-0.0049274,-0.00499629,-0.00532002,sell
2012-07-25,1,3,2,0,0,1,1,0,1,0,0,1,0,0,1,0,1,0,1,0,1,0,0,1,0,0,1,0,0,0,0,0,0,0,0,0,1,0,0,-0.00099357,-0.00159702,-0.0007874,-0.00415595,-0.00471581,sell
2012-07-26,2,0,5,0,1,1,3,1,1,0,0,1,0,0,1,1,1,1,1,1,0,1,1,1,0,0,1,0,0,0,0,0,0,0,0,0,1,0,0,-0.00632484, 0.00165149,-0.0011802,-0.00153919, 0.00123104,buy
2012-07-27,1,1,2,0,2,2,3,0,1,0,0,1,0,1,1,1,0,1,0,1,1,0,1,0,0,0,1,0,0,0,1,0,0,0,0,0,1,0,0, 0.00555863, 0.00311824, 0.0026037, 0.00739269, 0.00786569,buy
2012-07-28,4,0,2,2,1,3,2,1,0,0,0,1,0,1,1,1,1,1,1,1,1,1,1,1,0,0,0,1,0,0,1,0,0,0,0,1,1,0,0, 0.00279340, 0.00179616, 0.0026286, 0.00151722, 0.00274187,buy
2012-07-29,2,1,2,1,0,1,4,0,0,0,0,1,0,1,0,1,1,1,0,0,1,1,0,0,0,0,0,1,0,1,1,0,0,0,0,1,1,0,0, 0.00822906, 0.00694990, 0.0079532, 0.00733965, 0.00795324,buy
2012-07-30,2,0,4,0,0,1,4,1,0,0,0,0,0,1,0,0,1,0,1,1,1,1,1,1,1,0,0,1,0,1,1,0,0,0,0,1,1,0,0, 0.00707406, 0.00575523, 0.0071645, 0.00755365, 0.00734421,buy
2012-07-31,2,2,5,0,0,2,2,3,0,0,1,0,0,0,0,0,2,1,1,0,1,1,1,2,1,0,0,1,0,1,1,0,0,0,0,1,1,0,0, 0.00606438, 0.00230979, 0.0044424, 0.00465226, 0.00477252,buy
2012-08-01,3,2,2,0,2,1,3,1,0,0,1,0,0,0,0,0,1,0,1,1,1,0,1,2,1,0,0,1,0,1,1,0,0,0,0,1,1,0,0, 0.00535305, 0.00364987, 0.0061144, 0.00533711, 0.00588684,buy
2012-08-02,5,0,1,1,1,3,3,0,0,0,1,0,0,0,0,0,1,1,0,2,0,1,2,1,1,0,0,0,0,1,1,0,0,0,0,1,1,0,0,-0.00117577,-0.00147176,-0.0011452, 0.00264586,-0.00033942,sell
2012-08-03,1,1,1,0,0,3,1,0,0,0,1,0,0,0,0,0,0,1,1,1,1,0,1,0,1,0,0,0,0,0,0,0,0,0,0,0,1,0,0, 0.00240416, 0.00245015, 0.0047954, 0.00240416, 0.00240416,buy
2012-08-04,0,1,3,0,1,1,2,2,0,0,1,0,0,0,0,0,1,1,0,1,1,1,1,1,1,0,0,0,0,0,0,0,0,0,0,0,1,0,0, 0.00201840,-0.00263735,-0.0023813,-0.00217825,-0.00208426,sell
2012-08-05,0,1,3,0,1,1,0,0,0,0,1,0,0,0,0,0,0,1,1,0,1,1,0,0,0,0,0,0,0,0,0,0,0,0,0,0,1,0,0, 0.00325426,-0.00383236, 0.0035278, 0.00170270, 0.00170270,buy
2012-08-06,1,0,1,0,1,1,2,1,0,0,1,0,0,0,0,0,1,0,1,1,0,1,1,1,0,0,0,0,0,0,0,0,0,0,0,0,1,0,0,-0.00008524,-0.00002592,-0.0001601,-0.00605391,-0.00008524,sell
2012-08-07,2,0,1,2,0,4,0,0,0,0,1,0,0,0,0,0,1,1,1,0,1,1,0,1,0,0,0,0,0,0,0,0,0,1,0,0,1,0,0, 0.00749342, 0.00777694, 0.0073450, 0.00667617, 0.00738550,buy
2012-08-08,2,0,1,1,1,3,1,0,0,0,1,0,0,0,0,0,1,0,1,1,1,0,1,1,0,0,0,0,0,0,0,0,0,1,0,0,1,0,0, 0.00507422, 0.00614975, 0.0060211, 0.00732439, 0.00557311,buy
2012-08-09,2,0,2,0,3,1,0,1,0,0,1,0,0,0,0,0,1,1,0,1,0,1,1,1,0,0,0,0,0,0,0,0,0,1,0,0,1,0,0,-0.00120442, 0.00192101,-0.0012044,-0.00113909,-0.00145856,buy
2012-08-10,1,1,3,0,0,2,0,1,0,0,1,0,0,0,0,0,0,1,1,1,1,0,1,0,0,0,0,0,0,0,0,0,0,1,0,0,1,0,0,-0.00012745, 0.00006731, 0.0052658, 0.00023184, 0.00014137,buy
2012-08-11,1,2,2,0,0,1,1,1,0,0,1,0,0,0,0,0,1,1,1,1,1,0,1,1,0,0,0,0,0,0,0,0,0,1,0,0,1,0,0, 0.00186266, 0.00279248, 0.0041619, 0.00117366, 0.00165050,buy
2012-08-12,3,1,1,0,0,1,1,0,0,0,1,0,0,0,0,0,1,1,0,0,1,1,0,1,0,0,0,1,0,0,0,0,0,1,0,0,1,0,0, 0.00077688, 0.00200098,-0.0017715, 0.00089741, 0.00071757,buy
2012-08-13,2,2,1,2,0,2,0,1,0,0,1,0,0,0,0,0,0,0,1,1,1,1,1,0,0,0,0,1,0,1,0,0,0,0,1,0,1,0,0,-0.00950836,-0.00579633,-0.0060388,-0.00585636,-0.00524549,sell
2012-08-14,0,3,1,2,2,2,1,2,0,0,1,0,0,0,0,0,1,0,1,1,0,1,1,1,0,1,0,1,0,1,0,0,0,0,1,0,1,1,0, 0.00332954, 0.00331782, 0.0008838, 0.00129515, 0.00088381,buy
2012-08-15,0,2,1,1,1,3,2,3,0,0,0,0,0,0,0,0,1,1,1,0,1,1,0,1,0,1,0,1,1,1,0,0,0,0,1,0,1,1,0,-0.00101996,-0.00124802,-0.0014087,-0.00092848,-0.00132032,sell
2012-08-16,1,2,3,1,0,1,4,1,0,0,0,1,0,0,0,0,1,0,1,1,0,0,1,1,0,1,0,1,1,1,0,0,0,0,1,0,1,1,0,-0.00271379,-0.00332225,-0.0018127,-0.00329186,-0.00233642,sell
2012-08-17,1,3,1,1,0,1,4,1,0,0,0,1,0,0,1,0,0,1,0,1,1,1,1,0,0,1,0,0,1,1,0,0,0,0,1,0,1,1,0,-0.00062569,-0.00023963, 0.0003236,-0.00024515, 0.00092909,buy
2012-08-18,2,0,2,1,0,3,2,3,0,0,0,1,0,0,1,0,1,1,1,1,1,0,1,1,0,1,0,0,1,0,0,0,0,0,0,0,1,1,0, 0.00050917, 0.00050917, 0.0005092, 0.00111952, 0.00077643,buy
2012-08-19,1,0,1,0,4,2,2,2,0,0,0,1,0,0,1,0,1,2,0,0,1,1,0,1,0,1,0,0,1,0,0,1,0,0,0,0,1,0,0,-0.00087216,-0.00003397, 0.0000447, 0.00648095,-0.00153619,buy
2012-08-20,1,0,1,1,3,1,1,1,0,0,0,0,0,0,1,0,0,1,1,1,0,1,1,0,0,1,0,0,0,0,0,1,0,0,0,0,1,0,0,-0.00019136,-0.00139835,-0.0001914,-0.00037684,-0.00019136,sell
2012-08-21,2,1,0,0,2,2,2,0,1,0,0,0,0,0,0,0,1,0,1,0,1,1,0,1,0,1,0,0,0,0,0,1,0,0,0,0,1,0,1, 0.00246765, 0.00027839, 0.0013613,-0.00049267, 0.00220572,buy
2012-08-22,1,2,1,1,2,1,5,0,1,0,0,0,0,0,0,1,1,1,1,1,1,1,1,1,0,1,1,0,0,0,0,1,0,0,0,0,1,0,1,-0.00179899,-0.00164143, 0.0012572,-0.00133317,-0.00156581,sell
2012-08-23,0,2,3,1,2,2,3,0,1,0,0,0,0,0,0,1,1,0,0,1,0,0,2,1,0,1,1,0,0,0,0,1,0,1,0,0,1,0,1,-0.00362061,-0.00028082,-0.0013723,-0.00118861,-0.00117268,buy
2012-08-24,1,2,0,1,4,2,3,2,1,0,0,0,0,0,0,1,0,1,1,2,1,1,2,0,0,1,1,0,0,0,0,0,0,1,0,0,1,0,1,-0.00492861,-0.00482175,-0.0044656,-0.00458100,-0.00374690,sell
2012-08-25,1,1,0,3,2,3,2,0,0,0,0,0,0,0,0,1,1,1,0,1,1,0,1,1,0,1,1,0,0,0,0,0,0,1,0,0,1,0,1,-0.00314303,-0.00266620,-0.0026662,-0.00151278,-0.00144113,sell
2012-08-26,1,2,0,1,1,1,4,0,0,0,0,1,0,0,0,0,0,1,1,1,1,1,0,0,0,1,1,0,0,0,0,0,0,1,0,0,1,0,1, 0.00129310, 0.00111641, 0.0009101, 0.00042033, 0.00125976,buy
2012-08-27,1,3,2,0,0,2,1,1,0,0,0,1,0,0,1,0,1,0,1,1,0,2,1,1,0,1,0,0,0,0,0,0,0,0,0,0,1,0,0, 0.00414975, 0.00134109, 0.0042379, 0.00427633, 0.00394165,buy
2012-08-28,1,5,1,0,1,1,1,2,0,0,0,1,1,0,1,0,1,1,1,0,1,1,0,1,0,0,0,1,0,1,0,0,0,0,0,0,1,0,0,-0.00205938,-0.00421144,-0.0032151,-0.00489633,-0.00327747,sell
2012-08-29,3,3,2,0,1,1,2,1,0,0,0,1,1,0,1,0,1,1,0,1,0,1,1,2,0,0,0,1,0,1,0,0,0,0,0,0,1,0,0,-0.00034311,-0.00368386,-0.0038299,-0.00256635,-0.00305772,sell
2012-08-30,3,0,1,0,0,3,1,0,0,0,0,0,1,0,0,0,0,0,1,1,1,0,1,1,0,0,0,1,0,1,0,0,0,0,0,0,1,0,0,-0.00196980,-0.00206908,-0.0028220,-0.00189169,-0.00218615,sell
2012-08-31,2,1,1,2,1,1,2,1,0,0,1,0,1,0,0,0,1,1,1,1,1,1,1,0,0,0,0,1,0,1,0,0,0,0,0,0,1,0,0,-0.00265222,-0.00276908,-0.0012381,-0.00212164,-0.00226706,sell
2012-09-01,1,1,2,1,0,2,0,3,0,0,1,0,0,0,0,0,1,1,0,0,1,0,0,1,0,0,0,1,1,1,0,0,0,0,0,1,1,0,0,-0.00571012,-0.00567410,-0.0059871,-0.00513728,-0.00594394,sell
2012-09-02,0,0,3,1,1,2,0,2,0,0,1,0,0,0,0,0,0,1,1,1,1,1,1,0,0,0,0,0,1,0,0,0,0,0,0,1,1,0,0, 0.00187583, 0.00055010, 0.0043455, 0.00210601, 0.00118883,buy
2012-09-03,1,0,2,0,0,3,3,1,0,1,0,1,0,0,1,0,1,0,1,0,0,1,0,1,0,0,0,0,1,0,0,0,0,0,0,1,1,0,0, 0.00185136, 0.00213498, 0.0013534, 0.00213498, 0.00015102,buy
2012-09-04,1,1,1,1,0,5,2,1,0,1,0,1,0,0,1,0,1,0,1,0,1,1,0,1,0,0,0,0,1,0,0,1,0,0,0,1,1,0,0, 0.00026507, 0.00026507, 0.0002117, 0.00026507,-0.00143788,sell
2012-09-05,3,0,1,1,2,4,1,2,0,1,0,1,0,0,1,0,1,1,0,1,0,1,1,1,1,0,0,0,1,0,0,1,0,0,0,1,1,0,0,-0.00361737,-0.00364764,-0.0041789,-0.00283828,-0.00364764,sell
2012-09-06,0,1,2,0,2,4,1,1,0,1,0,0,1,0,0,0,1,0,0,1,1,0,1,1,1,0,0,0,0,0,0,1,0,1,0,0,1,0,0,-0.00343955,-0.00216214,-0.0017709,-0.00201493, 0.00214957,sell
2012-09-07,0,0,4,0,0,3,1,3,1,0,0,0,1,0,0,0,0,1,1,1,1,0,1,0,1,0,0,0,0,0,0,1,0,1,0,0,1,0,0,-0.00460617, 0.00116604, 0.0022107,-0.00393823,-0.00421819,sell
2012-09-08,0,1,2,0,0,3,0,3,1,0,0,0,1,1,0,0,1,1,0,0,1,1,0,1,1,0,0,0,0,0,0,1,0,1,0,0,1,0,0, 0.00321873, 0.00285238, 0.0026655, 0.00142074, 0.00056133,buy
2012-09-09,2,1,1,0,0,2,0,2,1,0,0,0,0,1,0,0,0,1,1,0,1,0,0,1,1,0,0,0,0,0,0,0,0,1,0,0,1,0,1,-0.00583359,-0.00153001,-0.0018637,-0.00426039,-0.00633371,sell
2012-09-10,1,1,0,1,1,2,0,4,1,0,0,0,0,1,0,1,1,1,1,1,0,0,1,0,0,0,0,0,0,0,1,0,0,0,0,0,1,0,1, 0.00443915, 0.00551539, 0.0023643, 0.00518167,-0.00502518,buy
2012-09-11,1,1,1,0,2,2,1,3,0,0,0,0,0,1,0,1,1,0,1,0,1,1,0,1,0,0,0,0,0,0,1,0,0,0,1,0,1,1,1,-0.00395110,-0.00209096,-0.0027891,-0.00167325,-0.00372014,sell
2012-09-12,2,0,3,0,0,5,0,3,0,0,0,0,0,1,0,1,1,0,1,1,1,1,1,1,0,0,0,0,0,0,1,0,0,0,1,0,1,1,1,-0.00114594, 0.00127118,-0.0012003, 0.00127118,-0.00384785,buy
2012-09-13,1,2,1,0,1,2,2,3,0,0,0,0,0,0,0,1,1,1,0,1,0,1,1,1,0,0,0,0,0,0,1,0,0,0,1,0,1,1,1,-0.00073002, 0.00120964,-0.0008532, 0.00068015,-0.00105504,buy
2012-09-14,2,0,2,1,1,2,1,1,0,0,0,0,1,0,0,0,0,0,1,1,1,0,1,0,0,0,0,0,0,0,1,0,0,0,1,0,1,1,1, 0.00281240, 0.00119667, 0.0022695,-0.00209831, 0.00267157,buy
2012-09-15,1,0,1,0,1,2,1,3,0,0,0,0,1,0,0,0,1,1,0,1,1,1,1,1,0,0,0,0,0,0,1,0,0,0,0,0,1,0,0, 0.00225053, 0.00216428, 0.0011475, 0.00307785, 0.00212042,buy
2012-09-16,0,0,2,1,2,3,0,3,0,1,1,0,1,0,0,0,0,1,1,1,1,1,1,1,0,0,0,0,0,0,1,0,0,0,0,0,1,0,0,-0.00143833,-0.00210705,-0.0030941,-0.00154882,-0.00332054,sell
2012-09-17,2,1,1,1,1,2,0,1,0,1,1,0,0,0,0,0,1,1,1,1,0,0,1,1,0,0,0,0,0,0,0,0,0,0,0,0,1,0,0, 0.00288371, 0.00357651, 0.0035765, 0.00356612, 0.00396557,buy
2012-09-18,2,1,2,0,2,1,1,0,0,1,1,0,0,0,0,0,1,0,1,1,1,1,1,1,0,0,0,0,1,0,0,0,0,0,0,0,0,0,0, 0.00134951, 0.00106377, 0.0012347, 0.00106377,-0.00101901,buy
2012-09-19,0,1,2,1,1,2,2,1,0,1,0,1,0,0,1,0,1,1,0,1,0,1,1,1,0,0,0,0,1,0,0,1,0,0,0,0,0,0,0,-0.00194820,-0.00206155,-0.0019482,-0.00093690,-0.00280298,sell
2012-09-20,0,1,1,1,2,1,2,2,0,0,0,1,0,0,1,0,0,1,1,1,1,1,1,1,0,0,0,0,1,0,0,1,0,0,0,0,0,0,0,-0.00233024,-0.00233024,-0.0023302, 0.00042251,-0.00178549,sell
2012-09-21,1,0,1,2,3,1,1,1,0,0,0,1,0,0,1,0,1,1,0,1,1,0,1,0,0,0,1,0,1,0,0,1,0,0,0,0,0,0,0, 0.00096102,-0.00013891, 0.0000211, 0.00084525,-0.00013614,buy
2012-09-22,0,0,1,2,2,0,3,3,0,0,0,1,0,0,1,0,0,1,1,0,1,1,0,1,0,0,1,0,1,0,0,1,1,0,0,0,0,0,0,-0.00097175,-0.00120156,-0.0012016, 0.00141296,-0.00019034,sell
2012-09-23,0,0,2,0,1,2,1,2,0,0,0,0,0,0,0,0,1,1,2,1,0,0,1,0,0,0,1,0,1,0,0,0,1,0,0,0,0,0,0, 0.00390545, 0.00733177,-0.0011648,-0.00294421, 0.00477613,buy
2012-09-24,0,3,3,0,1,1,1,2,0,0,0,0,0,0,0,0,2,1,2,0,1,0,0,1,0,0,1,0,0,0,0,0,1,0,1,0,0,1,0,-0.00346411,-0.00418179,-0.0030680, 0.00014064,-0.00337138,sell
2012-09-25,2,5,1,0,2,0,2,2,1,0,1,0,0,0,0,0,1,0,1,1,1,1,1,1,0,0,1,0,0,0,0,0,1,0,1,0,0,1,1,-0.00035805,-0.00010417,-0.0002962,-0.00008520,-0.00027265,buy
2012-09-26,3,4,0,0,0,2,1,2,1,0,1,0,0,0,0,0,1,1,0,1,0,1,1,1,0,0,0,0,0,0,0,0,1,0,1,0,0,1,1,-0.00297914,-0.00199057,-0.0029791,-0.00229519,-0.00243079,sell
2012-09-27,2,3,1,1,1,0,2,2,1,0,1,0,0,0,0,0,0,0,1,1,1,1,1,0,0,0,0,1,0,1,0,0,1,0,1,0,0,1,1,-0.00031651,-0.00133721,-0.0013372,-0.00081536,-0.00133721,sell
2012-09-28,1,2,0,1,0,0,1,4,0,0,0,0,0,0,0,0,1,1,0,0,1,0,0,1,0,0,0,1,0,1,0,0,1,0,1,0,0,0,1, 0.00024918,-0.00108659,-0.0008818,-0.00108659,-0.00108659,buy
2012-09-29,1,0,1,1,1,0,1,4,0,0,0,0,0,0,0,0,0,1,1,1,1,0,1,1,0,0,0,1,0,1,0,0,1,0,0,0,0,0,1,-0.00870815,-0.00587735,-0.0059280,-0.00761337,-0.00651295,sell
2012-09-30,1,1,0,2,0,1,1,3,0,0,0,0,0,0,0,1,1,1,1,1,0,1,1,0,0,0,0,1,0,1,0,0,1,0,0,0,0,0,0,-0.00090755,-0.00095248,-0.0019740,-0.00258770,-0.00099987,buy
2012-10-01,1,0,1,2,1,1,4,2,0,1,0,0,0,0,0,1,2,1,1,0,1,0,0,1,0,0,0,1,0,1,0,0,1,0,0,1,0,0,0, 0.00337524,-0.00351392, 0.0032701, 0.00157610, 0.00036427,buy
2012-10-02,2,0,1,2,2,3,2,0,0,1,0,0,0,0,0,1,1,0,1,1,1,1,1,1,0,1,0,0,0,0,0,0,0,1,0,1,0,0,0,-0.00136497,-0.00181883,-0.0019770,-0.00132279,-0.00068281,sell
2012-10-03,1,1,0,1,3,2,1,0,0,1,0,0,1,0,0,1,1,0,0,1,0,0,1,1,0,1,0,0,0,0,0,0,0,1,0,1,0,0,0,-0.00092834,-0.00033625,-0.0007558,-0.00004838,-0.00131806,sell
2012-10-04,1,1,2,2,2,1,2,1,0,1,1,0,1,0,0,0,0,1,1,1,1,1,1,1,0,1,0,0,0,0,0,0,0,1,0,1,0,0,0,-0.00095932, 0.00083755, 0.0014183,-0.00116614,-0.00051586,buy
2012-10-05,2,2,1,1,1,1,1,0,1,1,1,0,1,0,0,0,1,0,0,1,1,1,1,0,0,1,0,0,0,0,0,0,0,1,0,0,0,0,0, 0.00194258, 0.00286882, 0.0028688, 0.00168898, 0.00151986,buy
2012-10-06,3,2,2,0,1,1,0,0,1,1,1,0,1,0,0,0,1,1,1,0,1,0,0,1,0,1,1,0,0,0,0,0,0,0,0,0,0,1,0, 0.00619595, 0.00619595, 0.0015552, 0.00623121, 0.00619595,buy
2012-10-07,5,2,2,1,0,1,0,1,1,0,1,0,0,0,0,0,0,1,1,1,1,0,1,0,1,1,1,0,0,0,0,0,0,0,1,0,0,1,0,-0.00429007, 0.00072714,-0.0026504,-0.00265043,-0.00170443,buy
2012-10-08,2,3,2,0,2,1,1,1,0,0,0,1,0,0,1,0,1,1,1,0,0,1,0,1,1,1,1,0,0,0,0,0,0,0,1,0,0,1,0,-0.00381327,-0.00145107,-0.0006352,-0.00063521,-0.00063521,sell
2012-10-09,4,1,4,0,1,2,1,1,0,0,0,1,0,0,1,0,1,1,1,1,1,0,1,1,1,1,1,0,0,0,0,0,0,0,1,0,0,1,0,-0.00184835,-0.00254278,-0.0019738,-0.00197379,-0.00157972,sell
2012-10-10,3,1,3,0,0,2,3,0,0,0,0,1,0,0,1,0,1,0,0,1,0,1,1,1,1,1,1,0,0,0,0,0,0,0,1,0,0,1,0,-0.00454190,-0.00332303,-0.0036726,-0.00332303,-0.00371181,sell
2012-10-11,2,3,1,1,0,2,4,1,0,0,0,1,0,0,1,1,0,1,1,1,1,2,1,1,1,1,0,0,0,0,0,0,0,0,1,0,0,0,0,-0.00012268, 0.00248645, 0.0023980, 0.00193760,-0.00000516,buy
2012-10-12,1,1,1,1,0,3,1,2,0,0,0,0,0,0,0,1,1,1,1,1,2,1,1,0,0,1,0,0,0,0,0,0,0,0,0,0,0,0,0, 0.00138616, 0.00129471,-0.0008876,-0.00246119,-0.00259131,sell
2012-10-13,0,1,1,0,2,2,0,2,0,0,0,0,0,0,0,1,1,0,1,0,2,1,0,1,0,1,0,0,0,0,0,0,0,0,0,0,0,0,0, 0.00087507, 0.00072711, 0.0007271, 0.00106739, 0.00087507,buy
2012-10-14,1,2,1,1,1,1,1,1,0,0,0,0,0,0,0,1,1,1,2,1,1,0,1,0,0,1,0,0,0,0,0,0,0,0,0,0,0,0,0, 0.00164998, 0.00108487, 0.0003364, 0.00249192, 0.00196353,buy
2012-10-15,3,2,1,0,0,3,0,1,1,0,0,0,0,0,0,0,2,1,2,0,1,1,0,1,0,1,0,0,0,0,0,1,0,0,0,1,0,0,0, 0.00356484, 0.00255461, 0.0035327, 0.00347562, 0.00353270,buy
2012-10-16,2,2,3,0,1,2,1,1,1,0,0,0,0,0,0,0,2,1,1,1,1,0,1,1,0,1,0,0,0,0,1,1,0,0,0,1,0,0,0, 0.00517885, 0.00552146, 0.0051788, 0.00514315, 0.00514315,buy
2012-10-17,1,1,3,0,1,3,0,2,1,0,0,0,0,0,0,0,1,0,1,1,0,1,1,1,0,1,0,0,0,0,1,1,0,0,0,1,0,0,0, 0.00705921, 0.00499365, 0.0064082, 0.00669587, 0.00640819,buy
2012-10-18,2,0,1,0,2,2,0,2,1,0,0,0,0,0,0,0,0,1,1,1,1,1,1,0,0,0,0,0,0,0,1,1,0,0,0,1,0,0,0, 0.00364055, 0.00382309, 0.0065968,-0.00071294, 0.00382309,buy
2012-10-19,1,1,0,2,0,2,1,0,0,0,0,0,0,0,1,0,1,0,0,0,1,1,0,1,0,0,0,0,0,0,1,0,0,0,0,1,0,0,0,-0.00050199,-0.00282816, 0.0011366,-0.00198756, 0.00022338,sell
2012-10-20,1,1,0,0,1,1,3,1,0,0,0,1,0,0,1,0,0,1,1,1,1,1,1,0,0,0,0,0,0,0,1,0,0,0,0,0,0,0,0,-0.00601069,-0.00617665,-0.0056410,-0.00568401,-0.00601069,sell
2012-10-21,1,2,2,0,0,3,0,0,0,0,0,1,0,0,1,0,1,1,1,0,0,0,0,1,1,0,1,0,0,0,0,0,0,0,0,0,0,0,0,-0.00721800,-0.00537611,-0.0043760,-0.00659704,-0.00713820,sell
2012-10-22,1,4,1,0,2,2,2,2,0,0,0,1,0,0,1,0,1,2,1,1,1,1,1,2,1,0,1,0,0,0,0,0,0,0,0,0,0,0,0,-0.00565048,-0.00564779,-0.0050132,-0.00712777,-0.00753043,sell
2012-10-23,2,2,1,0,0,3,1,1,0,0,0,1,0,0,0,1,1,1,0,1,0,0,1,1,1,0,1,0,1,0,0,0,0,0,0,0,0,0,1,-0.00614543,-0.00663135,-0.0079191,-0.00669349,-0.00614543,sell
2012-10-24,4,1,1,0,1,1,1,1,0,0,0,0,0,0,0,1,0,0,1,2,1,1,1,1,1,0,1,0,1,0,0,0,0,0,0,0,0,0,1, 0.00177836,-0.00162867,-0.0033782,-0.00162867, 0.00177836,sell
2012-10-25,1,3,1,0,1,0,1,3,0,0,0,0,0,0,0,1,1,1,0,1,1,1,1,0,1,0,1,0,1,0,0,0,0,0,0,0,0,0,1,-0.00233192,-0.00186106,-0.0036160,-0.00197501,-0.00182862,sell
2012-10-26,0,1,3,0,1,0,0,2,0,0,0,0,0,0,0,1,0,0,1,0,1,1,0,1,0,0,0,0,1,1,0,0,0,0,0,0,0,0,1, 0.00134743, 0.00247572, 0.0001218, 0.00104342, 0.00044210,buy
2012-10-27,1,0,4,0,1,1,1,2,0,0,1,0,0,0,0,0,1,1,2,1,1,1,1,0,0,0,0,0,1,1,0,0,0,1,0,0,0,0,0, 0.00002652,-0.00559146, 0.0000882,-0.00458638, 0.00002652,sell
2012-10-28,1,0,2,0,0,1,3,1,0,0,1,0,0,0,0,0,1,1,1,0,0,0,0,1,0,0,0,1,0,1,0,0,0,1,0,0,0,0,0,-0.00921654,-0.00811587,-0.0110893,-0.00818776,-0.00818776,sell
2012-10-29,1,1,2,2,2,2,3,1,0,0,1,0,0,0,0,0,1,1,1,1,1,1,1,2,0,0,0,1,0,1,0,0,0,1,0,1,0,0,0,-0.00462790,-0.00498933,-0.0019561,-0.00507228,-0.00556298,sell
2012-10-30,1,0,3,1,3,2,1,1,0,0,1,0,1,0,0,0,1,1,0,1,0,1,1,1,0,0,0,1,0,1,0,0,0,1,0,1,0,0,0,-0.00470332,-0.00382703,-0.0038270,-0.00323268,-0.00490468,sell
2012-10-31,0,2,1,1,3,1,1,2,0,0,1,0,1,0,0,0,0,0,1,1,1,0,1,1,0,0,0,1,0,0,1,0,0,0,0,1,0,1,0, 0.00098918,-0.00137097,-0.0023231, 0.00004354,-0.00040290,sell
2012-11-01,0,1,3,1,2,0,2,1,0,0,1,0,1,0,0,0,1,0,0,1,1,1,1,0,0,0,0,1,0,0,1,0,0,0,0,1,0,1,0,-0.00038501,-0.00060991,-0.0041908, 0.00052093,-0.00052537,buy
2012-11-02,0,3,0,2,1,0,0,1,0,0,0,0,1,0,0,0,1,1,0,0,1,1,0,1,0,0,0,0,0,0,1,0,0,0,1,0,0,1,0, 0.00333467, 0.00356693, 0.0032942, 0.00294456, 0.00364299,buy
2012-11-03,3,2,0,2,1,0,0,2,0,0,0,0,1,0,1,0,0,0,1,1,1,1,1,1,0,0,0,0,0,0,1,0,0,0,1,0,0,1,0, 0.00037371,-0.00092582,-0.0000112,-0.00287311, 0.00037371,buy
2012-11-04,2,1,2,1,2,0,0,1,0,0,0,0,1,0,1,0,1,1,1,1,0,1,0,0,1,0,0,0,0,0,0,0,0,0,1,0,0,0,0, 0.00155668, 0.00306726, 0.0011180, 0.00333774, 0.00274167,buy
2012-11-05,1,0,3,0,2,1,0,1,0,0,0,0,1,0,1,0,1,1,1,0,0,0,0,1,1,0,0,0,0,0,0,0,0,0,1,0,0,0,0,-0.00055956, 0.00200466,-0.0003528, 0.00202802, 0.00089950,buy
2012-11-06,2,1,3,0,1,1,1,2,0,0,0,0,1,0,1,0,1,1,1,1,1,1,1,1,1,0,0,0,0,0,0,0,0,0,0,0,0,0,0, 0.00038636,-0.00017907,-0.0001682, 0.00038636,-0.00155533,buy
2012-11-07,3,2,1,0,1,0,2,1,0,0,0,0,1,0,1,0,1,1,0,1,0,1,1,1,1,0,0,0,0,0,0,1,0,0,0,0,0,0,0, 0.00010251,-0.00284767,-0.0027422,-0.00116850,-0.00134038,sell
2012-11-08,3,1,2,1,1,0,1,0,0,0,0,0,1,0,1,0,0,0,1,1,1,0,1,0,1,0,0,0,0,0,0,1,0,1,0,0,0,0,0,-0.00164858,-0.00324614,-0.0017104,-0.00181029,-0.00161454,sell
2012-11-09,2,1,0,0,1,1,1,3,0,0,0,0,1,0,1,0,1,1,0,0,1,1,0,1,0,0,0,0,0,0,0,1,0,1,0,0,0,0,0,-0.00121417,-0.00322501,-0.0050377,-0.00121417,-0.00125328,sell
2012-11-10,2,2,1,1,2,1,0,3,0,0,0,0,1,0,1,0,0,1,1,1,1,1,1,1,0,0,0,0,0,1,0,1,0,1,0,0,0,0,0,-0.00372879,-0.00367069,-0.0035169,-0.00425956,-0.00467570,sell
2012-11-11,2,3,0,0,2,0,0,2,0,0,1,0,1,0,0,0,1,0,1,1,0,1,0,1,0,0,0,0,0,1,0,0,0,1,0,0,0,0,0,-0.00590733,-0.00167573,-0.0025771,-0.00242338,-0.00100543,sell
2012-11-12,2,3,1,0,0,1,2,1,0,0,1,0,0,0,0,0,1,1,1,1,1,0,1,2,0,0,0,1,0,1,0,0,0,0,0,0,0,0,0,-0.00292255,-0.00277913,-0.0054942,-0.00292255,-0.00208793,sell
2012-11-13,0,3,3,0,1,3,1,1,0,0,1,0,0,0,0,0,1,1,0,2,0,1,1,2,0,0,0,1,0,1,1,0,0,0,0,0,1,0,0,-0.00350554,-0.00265223, 0.0000647,-0.00281673, 0.00078683,sell
2012-11-14,1,0,2,0,5,2,0,2,0,1,1,0,0,0,0,0,0,1,1,2,1,1,1,1,0,0,0,1,0,0,1,0,0,0,0,0,1,0,0,-0.00176957,-0.00235782,-0.0015202,-0.00358024,-0.00521510,sell
2012-11-15,1,0,1,2,4,2,0,1,0,1,1,0,0,0,0,0,1,0,0,1,1,1,0,1,0,0,0,1,0,0,1,0,0,0,0,0,1,0,1, 0.00135437,-0.00489335, 0.0009454,-0.00425638,-0.00441257,sell
2012-11-16,1,0,1,1,3,1,2,1,0,1,0,0,0,1,0,0,0,1,1,1,1,1,1,1,0,0,0,1,0,0,1,0,0,0,0,0,1,0,1,-0.00293627,-0.00293627,-0.0033182,-0.00303768,-0.00390368,sell
2012-11-17,1,0,2,0,1,2,0,0,0,0,0,0,0,1,0,0,1,0,1,1,0,1,0,1,0,0,0,0,0,0,0,0,0,0,0,0,1,0,1, 0.00047347, 0.00007205, 0.0005542,-0.00049122, 0.00001136,buy
2012-11-18,0,3,2,0,4,1,2,1,0,0,0,1,0,1,0,1,1,1,1,1,1,1,1,2,0,0,0,0,0,0,0,1,0,0,0,0,1,0,0,-0.00393176,-0.00241404,-0.0024140, 0.00026686,-0.00009139,sell
2012-11-19,1,2,1,0,2,3,0,1,0,0,0,1,0,0,0,1,1,1,0,1,1,0,1,1,0,0,0,0,0,0,0,1,0,0,0,0,1,0,0, 0.00284737, 0.00290722, 0.0038007, 0.00386574, 0.00621011,buy
2012-11-20,2,2,1,0,2,3,1,2,0,0,0,1,0,0,1,1,0,1,1,1,0,1,2,1,0,0,1,0,0,0,0,1,0,1,0,0,1,0,0,-0.00085812, 0.00145003,-0.0003449,-0.00034492,-0.00050690,buy
2012-11-21,2,2,1,0,2,2,2,2,0,1,0,1,0,0,1,1,1,1,0,1,1,0,1,0,0,0,1,0,0,0,0,1,0,1,0,0,1,0,0,-0.00023508, 0.00268818,-0.0001691,-0.00016909,-0.00014356,buy
2012-11-22,1,2,1,0,2,1,0,2,0,1,0,0,0,0,1,1,0,0,1,0,1,0,0,1,0,0,1,0,0,0,0,0,0,1,0,0,1,0,0,-0.00119630,-0.00139230, 0.0002509,-0.00121197,-0.00119630,sell
2012-11-23,2,1,1,0,2,1,1,3,0,1,0,0,0,0,1,0,1,1,1,1,1,1,1,0,0,0,1,0,0,0,0,0,0,1,0,0,1,0,0, 0.00246619, 0.00241486, 0.0026506, 0.00265063, 0.00265063,buy
2012-11-24,2,2,1,0,1,2,2,1,0,1,0,0,0,0,1,0,1,0,1,0,0,1,0,1,0,0,1,0,0,1,0,0,0,1,0,0,1,1,0, 0.00397286, 0.00701463, 0.0032858, 0.00395583, 0.00334889,buy
2012-11-25,2,2,2,1,3,2,2,0,0,0,0,0,0,0,1,0,1,1,1,0,1,1,1,1,0,0,0,0,1,1,0,0,1,0,0,1,1,1,1,-0.00024519,-0.00017741,-0.0015397,-0.00168066, 0.00046092,buy
2012-11-26,3,2,2,1,4,1,1,0,0,0,0,0,0,0,1,0,1,1,0,1,1,1,1,1,0,0,0,0,1,1,0,0,1,0,0,1,1,1,1,-0.00056805,-0.00081454,-0.0041056, 0.00072902,-0.00254285,sell
2012-11-27,1,4,1,0,3,1,2,1,0,0,0,0,0,0,1,0,0,1,1,1,0,0,1,1,0,0,0,0,1,1,0,0,1,0,1,1,1,1,1, 0.00152510, 0.00207618, 0.0019730, 0.00245947, 0.00094850,buy
2012-11-28,1,2,4,1,4,0,3,1,0,0,0,0,0,0,1,1,1,1,1,1,1,1,1,0,0,1,0,1,1,1,0,0,1,0,1,1,1,0,1,-0.00186330,-0.00087893,-0.0000612,-0.00098711,-0.00186330,sell
2012-11-29,0,2,2,0,4,0,2,0,0,0,0,0,0,0,1,1,1,0,0,0,1,0,0,1,0,1,0,1,1,0,0,1,1,0,1,0,1,0,0, 0.00206459, 0.00342907, 0.0033602, 0.00360312, 0.00312842,buy
2012-11-30,1,2,2,0,4,0,2,1,0,0,0,0,0,0,1,1,0,0,1,0,1,0,1,0,0,1,0,1,1,0,0,1,1,0,1,0,1,0,0,-0.00009257, 0.00276637, 0.0028301, 0.00269028, 0.00152657,buy
2012-12-01,1,2,3,3,4,0,1,1,0,0,0,0,0,0,1,1,1,1,1,1,1,1,1,0,1,1,0,1,0,0,0,1,1,0,0,0,1,0,0,-0.00463087,-0.00097115,-0.0036959,-0.00081427,-0.00416138,sell
2012-12-02,0,3,3,1,3,1,1,0,0,0,0,0,0,0,1,1,1,0,2,0,0,1,0,1,1,1,0,1,0,0,0,1,1,0,0,0,0,0,0,-0.00333147,-0.00212075, 0.0016465, 0.00331104,-0.00333147,sell
2012-12-03,2,1,3,1,1,2,2,1,0,0,0,1,0,0,1,1,1,0,1,1,1,1,1,1,1,1,0,0,0,0,0,0,1,0,0,0,0,0,0,-0.00022920, 0.00416187, 0.0000962, 0.00416187, 0.00009990,buy
2012-12-04,1,2,1,1,1,1,3,0,0,0,0,1,0,0,0,0,1,1,0,1,0,1,1,1,1,1,0,0,0,0,0,0,1,0,0,0,0,0,0,-0.00159167,-0.00031004,-0.0022543,-0.00031004,-0.00159167,sell
2012-12-05,0,2,2,1,1,1,1,0,0,0,0,1,0,0,0,0,0,1,1,1,1,0,1,0,0,1,0,0,0,0,0,0,0,0,0,0,0,0,1, 0.00070140,-0.00053560,-0.0000622,-0.00042346, 0.00190064,buy
2012-12-06,2,1,2,0,1,1,1,3,0,0,0,1,0,0,0,0,1,1,0,1,1,1,1,1,0,1,0,0,0,0,0,0,0,0,0,0,0,1,1, 0.00470900, 0.00394644, 0.0043052, 0.00622135, 0.00385410,buy
2012-12-07,0,1,2,1,1,2,0,1,0,0,0,1,0,0,0,0,0,0,1,0,1,0,0,1,0,1,0,0,0,0,1,0,0,0,0,0,0,1,1, 0.00105763,-0.00237844,-0.0065158, 0.00083630, 0.00181221,sell
2012-12-08,2,2,1,2,2,0,1,2,0,0,0,0,0,0,0,0,1,1,1,1,1,1,1,1,0,1,0,0,0,0,1,0,0,0,0,0,0,1,1, 0.00038425, 0.00038425, 0.0004584, 0.00142856,-0.00048734,buy
2012-12-09,2,4,0,1,1,1,1,1,0,0,0,0,0,0,0,0,1,1,2,0,0,1,0,2,0,1,0,0,0,0,1,0,0,0,1,0,0,1,0,-0.00268629,-0.00260579,-0.0026058,-0.00092740,-0.00260579,sell
2012-12-10,1,1,3,1,1,2,1,1,0,0,1,0,0,0,0,0,1,0,1,1,1,1,1,2,0,1,0,0,0,0,1,0,0,0,1,0,0,0,0,-0.00042928, 0.00016256,-0.0023483,-0.00010041,-0.00131567,sell
2012-12-11,0,1,1,0,2,2,1,2,0,0,1,0,0,0,0,0,0,1,1,1,0,1,1,1,0,1,0,0,0,0,0,0,0,0,1,0,0,0,0,-0.00177796, 0.00019168,-0.0020129,-0.00146956,-0.00435214,sell
2012-12-12,1,0,0,2,3,3,0,2,0,0,1,0,0,0,0,0,1,1,1,1,1,0,1,1,0,1,0,0,1,0,0,0,0,0,1,0,0,0,0, 0.00684929, 0.00448338, 0.0015107, 0.00441397, 0.00633035,buy
2012-12-13,1,0,0,1,2,3,1,1,0,1,1,0,0,0,1,0,0,1,1,0,1,1,0,1,0,1,0,0,1,0,0,0,0,0,0,0,0,0,0, 0.00188623, 0.00124406, 0.0013874, 0.00143675,-0.00003452,buy
2012-12-14,1,0,2,0,1,3,2,1,0,1,0,0,0,0,1,0,1,0,2,1,1,0,1,1,0,1,0,0,1,0,0,0,0,0,0,0,0,0,0, 0.00188028, 0.00260098, 0.0025081, 0.00191859, 0.00269337,buy
2012-12-15,1,2,1,0,3,3,0,1,0,1,0,0,1,0,1,0,1,1,2,0,0,1,0,2,0,0,0,0,1,0,0,0,0,1,0,0,0,0,0,-0.00185034, 0.00027716, 0.0000873, 0.00027716, 0.00082778,buy
2012-12-16,2,1,0,1,4,3,1,2,1,1,0,1,1,0,0,0,1,0,1,1,1,1,1,2,0,0,0,0,1,0,0,0,0,1,0,0,0,0,0,-0.00047993,-0.00047993,-0.0023356,-0.00306287,-0.00340569,sell
2012-12-17,1,0,0,1,3,3,1,1,1,1,0,1,1,0,0,0,0,1,1,1,0,1,1,1,0,0,0,0,0,0,0,0,0,1,0,0,0,0,0,-0.00051742,-0.00050665,-0.0013746,-0.00056749,-0.00116397,buy
2012-12-18,2,0,0,1,3,2,1,2,1,1,0,1,1,0,0,0,1,1,1,1,1,0,1,0,0,0,0,0,0,0,0,0,0,1,0,0,0,1,0,-0.00115042, 0.00029249,-0.0010581, 0.00029249,-0.00017048,buy
2012-12-19,1,1,0,1,0,1,1,1,1,1,0,0,0,0,0,0,0,1,0,0,1,0,0,1,0,0,0,0,0,0,0,0,0,0,0,0,0,1,0,-0.00334547,-0.00078609,-0.0044358,-0.00047259,-0.00266871,sell
2012-12-20,1,0,1,1,1,0,3,2,0,0,0,0,0,0,0,1,1,1,1,1,1,1,1,0,0,0,1,0,0,0,0,0,0,0,0,0,0,1,0, 0.00276020, 0.00276020, 0.0027602, 0.00257522, 0.00308987,buy
2012-12-21,1,0,1,2,2,1,3,1,0,0,0,0,0,0,0,1,1,0,1,1,1,0,0,1,0,0,1,0,0,0,0,1,0,0,1,1,0,1,0,-0.00119795,-0.00053287,-0.0007090, 0.00078169,-0.00029956,buy
2012-12-22,1,0,0,2,2,2,2,1,0,0,0,0,0,0,0,1,1,1,1,0,0,1,0,1,0,0,1,0,0,0,0,1,0,0,1,1,0,0,0,-0.00004221,-0.00167203, 0.0033310, 0.00023174, 0.00072245,buy
2012-12-23,2,0,0,2,5,0,2,0,0,0,0,0,0,0,0,0,1,0,1,1,1,1,1,1,0,0,1,0,0,0,0,1,0,0,1,1,0,0,0,-0.00317654,-0.00451126,-0.0001249,-0.00395778,-0.00207485,sell
2012-12-24,0,2,0,1,3,1,1,1,0,0,0,0,0,0,0,0,0,0,0,1,0,1,1,1,0,0,1,0,0,1,0,1,0,0,1,1,0,0,0,-0.00527906,-0.00479137,-0.0046987,-0.00352531,-0.00668091,sell
2012-12-25,1,0,3,1,1,0,1,2,0,0,0,0,0,0,0,0,1,1,1,1,1,1,1,0,0,0,0,0,0,1,0,0,0,0,1,0,0,0,1,-0.00299623,-0.00304330,-0.0029738,-0.00309860,-0.00338483,sell
2012-12-26,0,1,2,1,0,1,0,1,0,0,0,0,1,0,0,0,1,1,0,1,1,0,0,1,0,0,0,0,0,1,0,0,0,0,0,0,0,0,1, 0.00180479, 0.00198380, 0.0019838, 0.00194013, 0.00239309,buy
2012-12-27,1,1,2,1,0,2,0,1,0,0,0,0,1,0,0,0,0,1,1,0,1,0,0,0,1,0,0,0,0,1,0,0,1,0,0,0,0,0,1, 0.00073723, 0.00251327, 0.0021074, 0.00026893, 0.00122059,buy
2012-12-28,2,0,2,3,2,2,1,2,0,0,0,0,1,0,0,0,1,1,1,1,1,1,1,1,1,0,0,1,1,1,0,0,1,0,0,0,0,0,1, 0.00105144, 0.00108488, 0.0019062, 0.00105144, 0.00055891,buy
2012-12-29,0,1,1,0,1,3,1,0,0,0,0,0,1,0,0,0,1,0,1,0,0,0,0,1,1,0,0,1,1,0,0,0,1,0,0,0,0,0,0, 0.00280567, 0.00341223, 0.0028217, 0.00273403, 0.00173859,buy
2012-12-30,1,0,4,1,0,2,3,1,0,0,1,0,0,0,0,0,1,1,1,1,1,1,1,1,1,0,0,1,1,0,0,0,1,0,0,0,0,0,0,-0.00258720,-0.00122315,-0.0024516,-0.00236168,-0.00266825,sell
2012-12-31,0,1,4,0,0,1,4,1,0,0,1,0,0,0,0,0,1,0,0,1,1,1,1,1,1,0,0,1,1,0,1,0,1,0,0,0,0,0,0, 0.00007535, 0.00228139, 0.0016864,-0.00034854,-0.00075029,buy
2013-01-01,0,3,2,1,0,1,2,0,0,0,1,0,0,0,0,0,0,0,1,1,0,1,2,0,0,0,0,1,1,0,1,0,1,0,0,0,0,0,0,-0.00220450,-0.00037247,-0.0019930,-0.00188618,-0.00205338,sell
2013-01-02,2,0,3,0,0,1,2,3,0,0,1,0,0,0,1,0,1,1,0,1,1,1,1,1,0,0,0,0,0,0,1,0,1,0,0,0,0,0,0,-0.00043358,-0.00100905,-0.0011709,-0.00352619,-0.00188971,sell
2013-01-03,0,1,1,0,1,3,0,1,0,1,0,0,0,0,1,0,0,1,0,0,1,0,0,0,0,0,0,0,0,0,1,0,1,0,0,1,0,0,0, 0.00293597, 0.00284131, 0.0013410, 0.00006161, 0.00293597,buy
2013-01-04,3,0,2,1,2,3,0,2,1,1,0,0,0,0,1,0,1,1,1,1,1,0,1,1,0,0,1,0,0,0,0,0,1,0,0,1,0,0,0, 0.00444770, 0.00462821,-0.0000978,-0.00387968, 0.00649532,buy
2013-01-05,1,3,1,0,1,3,1,1,1,1,0,1,1,0,0,0,1,0,1,0,0,1,0,2,0,0,1,0,0,0,0,0,1,0,0,1,0,0,0, 0.00368308, 0.00318419, 0.0020672, 0.00656629, 0.00245297,buy
2013-01-06,1,1,5,0,1,2,2,1,1,1,0,1,1,0,0,1,1,1,1,1,1,0,1,2,0,0,1,0,0,0,0,0,0,0,0,1,0,0,0, 0.00043468,-0.00216433, 0.0017961, 0.00122371, 0.00430443,sell
2013-01-07,0,1,2,0,1,2,3,1,0,1,0,1,1,0,0,1,0,1,0,2,1,1,1,1,0,0,1,0,0,0,0,0,0,0,0,0,0,0,0,-0.00017627,-0.00120987,-0.0005853, 0.00121653, 0.00039107,buy
2013-01-08,1,0,1,1,3,3,2,1,0,1,0,0,1,0,0,1,1,0,1,2,1,1,1,0,0,0,1,0,0,0,0,0,0,1,0,0,0,0,0,-0.00540158,-0.00203619,-0.0016615,-0.00181917,-0.00142251,sell
2013-01-09,0,0,0,1,3,2,2,0,0,0,1,0,0,0,0,0,0,1,0,1,2,1,0,1,0,0,0,0,0,0,0,0,0,1,0,0,0,0,0,-0.00344024, 0.00048498,-0.0034402,-0.00044825,-0.00020857,buy
2013-01-10,0,1,2,0,0,3,3,1,0,0,1,0,0,0,0,0,1,1,1,1,2,0,1,1,1,0,0,0,0,0,0,0,0,1,0,0,0,0,0, 0.00310659, 0.00538875, 0.0044531, 0.00061392, 0.00445307,buy
2013-01-11,0,3,1,0,1,2,2,1,0,0,1,0,0,0,0,0,1,1,1,1,1,1,0,2,1,0,0,0,0,0,0,0,0,1,0,0,0,1,0, 0.00593799, 0.00636959, 0.0061139, 0.00641962, 0.00654179,buy
2013-01-12,2,2,0,0,2,1,1,2,0,0,1,0,0,0,0,0,1,0,1,1,1,0,1,2,1,0,0,0,0,0,0,0,0,0,0,0,0,1,0, 0.00305417, 0.00316573, 0.0026392, 0.00306369, 0.00305417,buy
2013-01-13,1,3,1,0,2,2,0,2,1,0,0,0,0,0,0,0,0,1,0,2,1,1,1,1,1,0,0,0,0,0,1,1,0,0,0,0,0,1,0,-0.00644453,-0.00276800, 0.0010514,-0.00377755,-0.00375399,sell
2013-01-14,0,2,1,0,2,1,0,2,1,0,0,0,0,0,0,0,1,0,1,1,0,1,1,0,0,0,0,0,0,0,1,1,0,0,0,0,0,1,0, 0.00159861, 0.00313906, 0.0014754, 0.00143123, 0.00190673,buy
2013-01-15,1,3,2,0,1,1,1,2,1,0,0,0,0,1,0,1,1,1,0,1,1,1,0,1,0,0,0,0,0,0,1,1,0,0,1,0,0,0,1,-0.00075948,-0.00189065,-0.0017661,-0.00167393, 0.00032760,sell
2013-01-16,0,3,2,0,1,1,2,0,0,0,0,0,0,1,0,1,0,1,1,0,1,1,1,0,0,0,0,0,0,0,1,1,0,0,1,1,0,0,1,-0.00114919,-0.00149490,-0.0012535,-0.00247254, 0.00071588,sell
2013-01-17,0,2,2,0,0,2,4,1,0,0,0,0,0,1,0,1,1,2,1,1,1,0,1,1,0,0,0,0,0,0,1,0,0,0,1,1,0,0,1,-0.00220918,-0.00176314,-0.0026267,-0.00149662,-0.00012134,sell
2013-01-18,0,0,1,0,0,3,2,1,0,0,0,0,0,1,0,0,1,1,1,0,0,1,0,1,0,0,0,0,0,0,0,0,0,0,1,1,0,0,1, 0.00081324, 0.00105480, 0.0021266, 0.00166875, 0.00222014,buy
2013-01-19,1,0,0,1,5,0,2,1,0,0,1,0,0,1,0,0,1,0,1,1,1,1,1,1,0,0,1,0,0,0,0,0,0,0,0,1,0,0,0, 0.00286541,-0.00086724,-0.0011254,-0.00062416,-0.00024536,buy
2013-01-20,1,0,0,1,3,2,0,1,0,0,1,0,0,1,0,0,0,1,0,1,1,0,1,1,0,0,1,0,0,0,0,0,0,1,0,0,0,0,0,-0.00032553,-0.00032553,-0.0003164,-0.00046234,-0.00016071,buy
2013-01-21,2,1,0,0,2,1,2,1,1,0,1,0,0,1,1,0,0,0,1,1,0,1,1,0,0,0,1,0,0,0,0,0,0,1,0,0,0,0,0, 0.00321009, 0.00362977, 0.0042175, 0.00502870, 0.00328902,buy
2013-01-22,1,1,2,0,1,1,2,0,1,0,0,0,0,0,1,0,1,0,0,1,1,1,1,1,0,0,1,0,0,0,0,0,0,1,0,0,0,0,0,-0.00263099, 0.00147626,-0.0013896, 0.00355463,-0.00013881,buy
2013-01-23,3,2,0,0,1,1,2,0,1,0,0,0,0,0,1,1,0,1,0,0,1,1,0,0,0,0,1,0,0,1,0,0,0,1,0,0,0,0,0, 0.00287175, 0.00365421, 0.0027409, 0.00289669, 0.00029640,buy
2013-01-24,5,2,1,1,3,1,1,2,1,0,0,1,1,0,0,1,1,1,1,1,1,1,1,1,1,0,0,0,0,1,0,1,0,1,0,0,0,0,0, 0.00171479, 0.00171479, 0.0042791, 0.00415690, 0.00352198,buy
2013-01-25,3,3,0,1,2,1,1,1,0,0,0,1,1,0,0,1,1,1,1,1,1,0,0,1,1,0,0,0,0,1,0,1,0,0,0,0,0,0,0, 0.00096871, 0.00052635, 0.0038673, 0.00328658, 0.00365412,buy
2013-01-26,3,1,2,0,1,2,2,1,0,0,0,1,1,0,0,1,2,1,1,0,0,0,1,1,1,0,0,0,0,1,0,1,0,0,0,0,0,0,0,-0.00061097,-0.00298154, 0.0016805, 0.00196434, 0.00183927,buy
2013-01-27,3,2,1,1,0,0,3,1,0,0,0,0,0,0,0,0,1,0,0,1,1,1,1,1,1,0,0,0,0,1,1,1,0,0,0,0,0,0,1, 0.00052942, 0.00012307, 0.0001294, 0.00002642,-0.00197341,sell
2013-01-28,2,3,0,1,2,0,0,1,0,0,0,0,0,0,0,0,0,1,0,1,0,0,1,0,1,0,0,1,1,0,1,0,1,0,0,0,0,0,1, 0.00300585, 0.00678968, 0.0032034, 0.00414767, 0.00443011,buy
2013-01-29,2,1,2,1,2,0,1,3,0,0,0,0,0,0,0,0,1,0,1,1,1,1,1,1,0,0,0,1,1,0,1,0,1,0,0,0,0,0,1, 0.00154482, 0.00152312, 0.0023258, 0.00154482, 0.00146877,buy
2013-01-30,1,2,0,0,2,2,0,1,0,0,0,0,0,0,1,0,0,0,0,0,1,1,0,0,0,0,0,1,1,0,1,0,1,0,0,0,0,0,1, 0.00305623, 0.00325344, 0.0036840, 0.00226196, 0.00232767,buy
2013-01-31,3,1,2,1,2,2,0,2,0,0,0,0,0,0,1,0,1,1,1,1,1,1,1,1,0,0,0,1,1,0,1,0,1,0,0,0,0,0,0,-0.00137713,-0.00137422,-0.0008464,-0.00061676,-0.00061676,sell
2013-02-01,2,3,0,0,3,2,0,2,0,0,0,1,0,0,1,0,1,1,1,1,1,1,0,1,0,0,0,1,1,0,0,0,1,0,0,0,0,0,0,-0.00332609,-0.00159932,-0.0012126,-0.00087340,-0.00125887,sell
2013-02-02,2,2,2,0,2,1,0,0,0,0,0,1,0,0,0,0,2,1,1,0,0,0,1,1,0,0,0,0,0,0,0,0,1,1,0,0,0,0,0, 0.00343917,-0.00402532, 0.0034392,-0.00273847,-0.00377155,sell
2013-02-03,0,1,3,0,2,1,1,1,0,0,0,1,0,0,0,0,1,0,0,1,1,1,2,1,0,0,0,0,0,0,0,0,1,1,0,0,0,0,0,-0.00071164,-0.00375957,-0.0007116,-0.00066200,-0.00203132,sell
2013-02-04,1,1,0,0,2,2,0,2,0,0,0,1,0,0,0,0,0,1,1,1,0,0,2,0,0,0,0,0,0,0,0,0,1,1,0,0,0,0,0,-0.00237756,-0.00332803,-0.0023971,-0.00213899,-0.00541100,sell
2013-02-05,2,0,0,2,4,0,2,0,0,0,1,0,0,0,0,0,1,0,0,1,1,1,1,1,0,0,0,0,0,0,0,1,1,1,0,0,0,1,0,-0.00055352,-0.00124210,-0.0012421,-0.00108031,-0.00223150,sell
2013-02-06,1,0,0,0,1,2,4,0,0,1,1,0,0,0,0,0,0,1,1,0,1,2,0,0,0,0,0,0,0,0,0,1,1,0,0,0,0,1,0, 0.00058607, 0.00092914, 0.0009291, 0.00092914, 0.00148361,buy
2013-02-07,1,0,2,0,2,4,4,1,0,1,1,0,0,0,1,0,1,2,2,1,1,2,1,1,0,0,0,0,0,1,0,1,0,0,0,0,0,1,0,-0.00175455,-0.00182215,-0.0040130,-0.00154415,-0.00183101,sell
2013-02-08,2,2,0,0,3,3,1,1,1,1,1,0,0,0,1,0,1,1,2,0,0,1,0,1,0,0,0,0,0,1,0,1,0,0,0,0,0,1,1, 0.00204388, 0.00179887, 0.0018571, 0.00179619, 0.00179887,buy
2013-02-09,3,0,0,0,5,1,1,3,1,1,0,0,0,0,1,0,1,1,1,1,1,0,1,1,0,0,0,0,0,1,0,0,0,0,1,1,0,0,1,-0.00299722,-0.00327728,-0.0032957,-0.00301303,-0.00189823,sell
2013-02-10,1,0,0,0,2,3,1,3,1,1,0,1,0,0,1,1,0,0,1,1,0,1,1,0,0,0,0,0,0,1,0,0,0,0,1,1,0,0,1,-0.00332891,-0.00276189,-0.0031169,-0.00276189,-0.00274282,sell
2013-02-11,3,0,0,0,2,1,2,4,0,1,0,1,1,0,0,1,1,1,1,1,1,0,1,1,0,0,0,0,0,1,0,0,0,0,1,1,0,0,1, 0.00006692, 0.00062798, 0.0039795, 0.00068521,-0.00025320,buy
2013-02-12,2,1,0,0,2,1,1,2,0,0,0,1,1,0,0,1,0,0,0,0,1,1,0,0,0,0,0,1,0,0,0,0,0,0,1,1,0,0,1, 0.00542548, 0.00435827,-0.0008758, 0.00422807, 0.00520315,buy
2013-02-13,1,0,1,0,2,2,3,2,0,0,0,1,1,0,0,1,1,1,1,1,1,1,1,1,0,0,0,1,0,0,0,0,0,0,0,0,0,0,0,-0.00214949, 0.00449154,-0.0023511, 0.00453155,-0.00202009,buy
2013-02-14,1,0,1,0,0,6,1,1,0,0,0,0,1,0,0,0,1,1,1,1,1,1,0,2,0,0,0,1,0,0,0,0,0,0,0,0,0,0,0, 0.00649767, 0.00579974, 0.0068126, 0.00632951, 0.00653762,buy
2013-02-15,0,0,0,0,2,3,2,0,0,0,0,0,0,0,0,0,1,1,1,0,0,1,1,1,0,0,0,1,0,0,0,0,0,0,0,0,0,0,0, 0.00369484, 0.00460519, 0.0036834, 0.00369484, 0.00309492,buy
2013-02-16,1,0,0,1,3,1,1,0,0,0,0,0,0,0,0,0,1,1,0,1,1,0,1,1,0,0,0,1,0,0,0,0,0,0,0,0,0,0,0, 0.00548685, 0.00635670, 0.0062276, 0.00632244, 0.00595932,buy
2013-02-17,0,1,0,0,0,2,0,1,0,0,0,0,0,0,0,0,0,0,0,1,0,1,1,0,0,0,0,0,0,0,0,0,0,0,0,0,0,1,0, 0.00170599,-0.00158597,-0.0015860,-0.00158597, 0.00124254,sell
2013-02-18,0,0,2,0,0,1,1,3,0,0,0,0,0,0,0,0,1,1,1,1,1,1,1,1,0,0,0,0,0,0,0,0,0,0,0,0,0,1,0,-0.00320923,-0.00389968,-0.0041775,-0.00384404,-0.00487195,sell
2013-02-19,0,0,2,0,0,1,0,1,0,0,0,0,0,0,0,0,0,1,0,1,1,0,0,1,0,0,1,0,0,0,0,0,0,0,0,0,0,1,0, 0.00320703,-0.00033934, 0.0022671, 0.00226712, 0.00333971,buy
2013-02-20,2,1,0,0,1,1,0,1,0,0,0,0,0,0,0,0,1,0,1,0,1,1,1,0,0,0,1,0,0,0,0,0,0,0,0,0,0,1,0, 0.00239734, 0.00239734, 0.0024630, 0.00246303, 0.00330181,buy
2013-02-21,2,2,0,1,2,1,0,1,0,0,0,0,0,0,0,0,1,1,1,1,1,1,1,1,0,0,1,0,0,0,0,0,0,0,1,0,0,0,0,-0.00148860,-0.00031346,-0.0031654,-0.00393310,-0.00031346,sell
2013-02-22,0,3,0,0,0,3,0,0,0,0,0,0,0,0,0,0,1,1,1,0,0,1,0,1,0,0,1,0,0,0,0,0,0,0,1,0,0,0,0,-0.00135893,-0.00079890, 0.0000384,-0.00040669,-0.00094729,buy
2013-02-23,1,1,3,0,1,1,2,2,0,0,0,0,0,0,0,0,1,1,1,1,1,1,1,1,1,0,1,0,0,1,0,0,0,0,1,0,0,0,0,-0.00359550,-0.00407870,-0.0049318,-0.00346970,-0.00346970,sell
2013-02-24,0,2,1,0,1,1,1,2,0,1,0,0,0,0,0,0,0,1,0,1,1,0,1,1,1,0,0,0,0,1,0,0,0,0,1,0,0,0,0, 0.00028397,-0.00081597,-0.0044267,-0.00144634,-0.00052599,buy
2013-02-25,0,1,1,2,1,0,0,2,0,1,0,0,0,0,0,0,1,0,1,1,0,1,1,0,1,0,0,0,0,1,0,0,0,0,0,0,0,0,0, 0.00105462, 0.00201973, 0.0022663, 0.00105462, 0.00086218,buy
2013-02-26,1,0,0,2,1,0,1,3,0,1,0,0,0,0,0,0,1,1,0,1,1,1,0,1,1,0,0,0,0,1,0,0,0,1,0,0,0,0,0, 0.00226684, 0.00113502,-0.0004338, 0.00226684, 0.00094775,buy
2013-02-27,1,0,1,1,1,1,1,1,0,1,0,0,0,0,0,0,0,0,1,0,1,0,1,0,1,0,0,1,1,1,0,0,0,1,0,0,0,0,0, 0.00240583, 0.00235363, 0.0011561, 0.00037360, 0.00235363,buy
2013-02-28,3,1,2,1,1,0,1,2,0,0,0,0,0,0,0,0,1,1,1,1,1,1,1,1,1,0,0,1,1,0,0,0,0,1,0,0,0,0,0,-0.00124624,-0.00219741,-0.0007885,-0.00124624,-0.00005723,sell
2013-03-01,2,4,1,0,0,0,1,0,0,0,0,0,0,0,0,0,1,1,2,0,0,1,0,1,0,0,0,1,1,0,0,0,0,1,0,0,0,0,0, 0.00095788, 0.00147015, 0.0010026, 0.00132039, 0.00167930,buy
2013-03-02,3,1,3,0,1,0,2,3,0,0,0,0,0,0,0,1,1,1,1,1,1,1,1,1,0,0,0,1,1,0,1,1,0,1,0,0,0,1,0,-0.00086759,-0.00130252,-0.0003809,-0.00136723,-0.00014394,sell
2013-03-03,2,1,0,0,1,1,1,3,0,0,0,0,0,1,0,1,0,1,0,1,0,0,1,0,0,0,0,1,1,0,1,1,0,0,0,0,0,1,0, 0.00392510, 0.00388201, 0.0043267, 0.00392510, 0.00378175,buy
2013-03-04,1,0,0,2,3,0,0,5,0,0,0,0,0,1,0,1,1,0,1,1,1,1,1,1,0,0,0,0,0,0,1,1,0,0,0,0,0,1,0, 0.00125172, 0.00107191, 0.0057494, 0.00125172, 0.00073512,buy
2013-03-05,2,0,0,1,1,1,2,5,0,0,0,1,1,1,0,1,0,1,0,0,1,1,0,1,0,0,0,0,0,0,1,1,0,0,1,1,0,1,0,-0.00066783,-0.00128304, 0.0011363,-0.00091402, 0.00034676,buy
2013-03-06,2,0,2,0,0,0,4,4,0,0,0,1,1,0,0,1,1,0,1,1,1,0,1,1,0,0,0,0,0,0,1,1,0,0,1,1,0,0,0, 0.00362791, 0.00357102, 0.0023534, 0.00208477, 0.00579028,buy
2013-03-07,2,1,1,0,0,1,4,1,0,0,0,1,1,0,0,0,1,1,1,0,0,1,0,1,0,0,0,0,0,0,1,0,0,0,1,1,0,0,0, 0.00465743, 0.00574634, 0.0046022, 0.00465743, 0.00548201,buy
2013-03-08,3,1,0,0,2,2,4,3,1,0,0,1,1,0,0,0,1,2,1,1,1,1,1,1,0,0,0,0,0,0,0,0,0,0,1,1,0,0,1, 0.00368579, 0.00712940, 0.0021635, 0.00529817, 0.00683169,buy
2013-03-09,2,0,0,0,3,3,1,3,1,0,0,1,1,0,1,0,0,1,0,2,1,1,1,1,0,0,0,0,0,0,0,0,0,0,0,0,0,0,1,-0.00117636,-0.00187009,-0.0015305,-0.00095285,-0.00125148,sell
2013-03-10,1,0,0,0,3,1,1,3,1,0,0,0,0,0,1,0,1,1,1,2,1,0,1,0,0,0,0,0,0,0,0,0,0,0,0,0,0,0,1, 0.00242271, 0.00238140, 0.0023714, 0.00250294, 0.00239557,buy
2013-03-11,1,0,0,0,1,0,1,4,1,0,0,0,0,0,1,0,1,0,0,1,1,1,0,1,0,0,0,0,0,0,0,0,0,0,0,0,0,0,1, 0.00149508, 0.00085268, 0.0011556, 0.00184462, 0.00149508,buy
2013-03-12,0,1,0,0,2,0,0,2,1,0,0,0,0,0,1,0,0,1,1,0,1,0,1,0,0,0,0,0,0,0,0,0,0,0,0,0,0,0,1, 0.00311669, 0.00302451, 0.0031167, 0.00335380, 0.00447869,buy
2013-03-13,0,0,1,0,1,1,2,1,0,0,0,0,0,0,1,0,1,0,1,1,1,0,1,1,0,0,0,0,0,0,0,0,0,0,0,0,0,0,0,-0.00012794,-0.00046828,-0.0005426,-0.00012003, 0.00190981,buy
2013-03-14,0,1,0,0,3,3,1,0,0,0,0,0,0,0,1,0,1,1,2,0,0,1,0,1,0,0,0,0,1,0,0,0,0,0,0,0,0,0,0,-0.00427632,-0.00216759,-0.0050634,-0.01174724,-0.00326344,sell
2013-03-15,1,1,0,1,4,2,1,0,0,0,0,0,0,0,1,0,1,1,1,1,1,1,1,1,0,0,0,0,1,0,0,0,0,0,0,0,0,0,0,-0.00301646,-0.00118236,-0.0019235, 0.00779916,-0.00233466,sell
2013-03-16,0,2,0,0,2,2,1,0,0,0,1,0,0,0,1,0,0,1,0,1,0,1,1,1,0,0,0,0,1,0,0,0,0,0,0,0,0,0,0,-0.00011891, 0.00106373,-0.0030907, 0.00725498,-0.00097098,buy
2013-03-17,0,3,0,0,1,0,3,1,0,1,1,0,0,0,0,0,1,1,1,1,0,1,1,0,0,0,0,0,1,0,0,0,0,0,0,1,0,0,0,-0.00154927,-0.00142640,-0.0069875,-0.00135856,-0.00120903,sell
2013-03-18,0,2,2,0,1,0,1,0,0,1,1,0,0,0,0,0,1,0,0,1,1,0,1,1,0,0,0,0,1,0,0,0,0,0,0,1,0,0,0,-0.00192220,-0.00259240,-0.0030756, 0.00024268,-0.00339261,sell
2013-03-19,1,2,0,0,1,0,0,1,0,1,1,0,0,0,0,0,0,0,1,0,1,1,0,0,0,0,0,0,0,0,0,0,0,0,0,1,0,0,0,-0.00606145,-0.00606145,-0.0060614,-0.00606145,-0.00087849,sell
2013-03-20,2,1,0,1,3,0,0,2,0,1,0,0,0,0,1,0,1,1,1,1,1,0,1,0,0,0,0,0,0,0,0,0,0,0,0,1,1,0,0,-0.00377046,-0.00292744,-0.0012529,-0.00366481,-0.00108077,sell
2013-03-21,0,1,0,0,3,1,0,0,0,1,0,0,0,0,1,0,1,0,1,0,0,0,0,1,0,0,0,0,0,0,0,0,0,0,0,0,1,0,0, 0.00037714, 0.00009255, 0.0041071, 0.00002647,-0.00012264,buy
2013-03-22,3,0,1,0,3,2,0,0,0,1,0,0,0,0,1,0,1,1,1,0,0,1,1,1,0,0,1,0,0,0,0,0,0,0,0,0,1,0,0, 0.00004717, 0.00004717, 0.0041310, 0.00281511, 0.00004841,buy
2013-03-23,2,1,1,0,4,0,2,1,0,1,0,0,0,0,1,0,1,1,0,1,1,1,1,1,0,0,1,0,0,0,0,0,0,1,0,0,1,0,0, 0.00247918, 0.00238992, 0.0034349, 0.00304481, 0.00299317,buy
2013-03-24,0,3,1,1,4,0,0,0,0,1,0,0,0,0,1,0,0,1,1,1,0,1,1,0,0,0,1,0,0,0,0,0,0,1,0,0,1,0,0, 0.00329297, 0.00328385, 0.0019042, 0.00190418, 0.00422769,buy
2013-03-25,2,0,3,1,4,0,1,1,0,1,0,0,1,0,1,0,1,1,1,1,1,1,1,0,0,0,1,0,0,0,0,0,0,1,0,0,1,0,0, 0.00290275, 0.00281349, 0.0031500, 0.00315000, 0.00315000,buy
2013-03-26,1,0,0,0,3,1,0,2,1,0,0,0,1,0,1,0,0,0,0,0,1,0,0,1,0,0,1,0,0,1,0,0,0,1,0,0,1,0,0,-0.00208552, 0.00295055, 0.0056056, 0.00310158, 0.00310158,buy
2013-03-27,2,0,1,3,3,0,1,2,1,0,0,1,1,0,1,0,1,1,1,1,1,1,1,0,0,0,0,0,0,1,0,0,0,1,0,0,1,1,0, 0.00266560,-0.00061552, 0.0024011, 0.00082536, 0.00208827,buy
2013-03-28,2,2,2,0,1,0,1,1,1,0,0,1,1,0,1,0,1,0,1,0,0,0,0,1,0,0,0,0,1,1,0,0,0,0,0,1,1,1,0, 0.00098854, 0.00180889, 0.0017650,-0.00183215,-0.00144109,buy
2013-03-29,2,1,6,0,1,0,3,2,1,1,0,1,1,0,0,0,1,1,1,1,1,1,1,1,0,0,0,0,1,1,0,1,0,0,1,1,1,1,0,-0.00031963,-0.00014653,-0.0003650, 0.00062801, 0.00062801,buy
2013-03-30,1,3,4,0,1,1,3,3,1,1,0,1,1,0,0,0,0,2,0,1,0,1,1,1,1,0,0,1,1,1,0,1,0,0,1,1,1,1,0, 0.00812490, 0.00812490, 0.0024359, 0.00179302, 0.00140096,buy
2013-03-31,2,1,2,1,3,1,3,4,1,1,0,1,0,0,0,0,1,1,1,2,1,1,1,0,1,0,0,1,1,1,0,1,0,0,1,1,1,0,0,-0.00631890,-0.00534192,-0.0069161,-0.00515890,-0.00515890,sell
2013-04-01,2,0,1,2,2,1,2,3,1,1,0,0,0,0,0,0,1,1,0,1,1,1,0,1,1,0,0,1,1,0,0,1,0,0,1,0,1,0,0,-0.00443537,-0.00283095,-0.0049107,-0.00381259,-0.00500116,sell
2013-04-02,0,0,1,0,1,1,4,3,0,1,0,0,0,0,0,0,1,0,1,1,2,0,1,0,1,0,0,1,0,0,0,1,0,0,1,0,1,0,0,-0.00058667, 0.00382397,-0.0009414, 0.00249109, 0.00249109,buy
2013-04-03,0,0,2,0,1,1,2,3,0,1,0,0,0,0,0,0,1,1,1,1,1,1,0,1,1,0,0,1,0,0,0,0,1,0,0,0,1,0,0, 0.00430988, 0.00626074,-0.0009250, 0.00430988, 0.00430988,buy
2013-04-04,0,2,0,0,2,0,1,1,0,1,0,0,0,0,0,0,1,0,1,0,1,0,1,1,0,0,0,0,0,0,0,0,1,0,0,0,1,0,0, 0.00146565, 0.00009472, 0.0025753,-0.00158816, 0.00146565,buy
2013-04-05,2,1,0,0,2,2,3,1,0,1,0,0,0,0,0,0,1,1,0,1,1,1,2,2,0,0,0,0,0,0,0,0,1,1,0,0,1,0,0,-0.00186500,-0.00711010,-0.0083005,-0.00713762,-0.00097361,sell
2013-04-06,1,0,0,0,1,5,0,0,0,1,0,0,0,0,0,0,0,1,1,1,0,1,1,1,0,0,0,0,0,0,0,0,1,1,0,0,0,0,0,-0.00582055,-0.00552974,-0.0061663,-0.00269745,-0.00611030,sell
2013-04-07,1,0,0,0,4,3,1,1,0,1,0,0,0,0,0,0,1,2,1,1,1,1,1,0,0,0,1,0,0,0,0,0,1,1,0,0,0,0,0,-0.00638899,-0.00638899,-0.0039123,-0.00159365,-0.00576912,sell
2013-04-08,0,2,0,0,3,2,0,2,0,1,0,0,1,0,0,1,0,1,0,0,1,1,0,1,0,0,1,0,0,0,0,0,1,1,0,0,0,0,0,-0.00350408,-0.00361383,-0.0013913,-0.00350408,-0.00350408,sell
2013-04-09,0,1,1,0,2,1,2,2,0,1,0,0,1,0,0,1,1,0,1,1,1,0,1,0,0,1,1,0,0,0,0,0,1,0,0,0,0,0,1, 0.00210906, 0.00210906, 0.0021927,-0.00025411, 0.00210906,buy
2013-04-10,0,1,0,0,0,3,2,1,0,0,0,0,1,0,0,1,1,1,1,0,0,1,0,1,0,1,1,0,0,0,0,0,1,0,0,0,0,0,1, 0.00711348, 0.00777298, 0.0060102, 0.00631996, 0.00748230,buy
2013-04-11,1,1,0,1,1,3,2,1,0,0,0,0,1,0,0,1,1,0,1,1,1,0,1,1,0,1,1,0,0,0,0,0,1,0,0,0,0,0,1, 0.00701589, 0.00702631, 0.0063985, 0.00391110, 0.00679675,buy
2013-04-12,1,0,0,1,4,3,1,1,0,0,0,0,0,0,0,1,1,1,0,1,1,1,2,1,0,1,0,0,0,0,0,1,0,0,0,0,0,0,1,-0.00630041,-0.00188890, 0.0004826,-0.00684110,-0.00733973,sell
2013-04-13,0,1,0,0,3,2,2,1,0,0,0,0,0,0,0,0,0,1,1,1,0,1,1,1,0,1,0,0,0,0,1,1,0,0,0,0,0,0,1,-0.00561135, 0.00076772, 0.0015660, 0.00065463, 0.00041371,buy
2013-04-14,0,0,2,0,0,3,2,1,0,0,0,0,0,0,0,0,1,1,1,1,1,1,1,0,0,1,0,0,0,0,1,1,0,0,0,0,0,0,0,-0.00132380, 0.00184709, 0.0011141, 0.00209677, 0.00188579,buy
2013-04-15,0,1,0,0,1,1,3,0,0,0,1,0,0,0,0,0,0,1,0,0,1,1,0,1,0,1,0,0,0,0,1,1,0,0,0,0,0,0,0,-0.00644003,-0.00624118,-0.0059608,-0.00644003,-0.00791453,sell
2013-04-16,2,0,0,1,1,1,2,1,0,0,1,0,0,0,0,0,0,1,1,1,1,0,1,1,0,1,0,0,0,0,1,1,0,0,0,0,0,0,0,-0.00553565,-0.00561113,-0.0056111,-0.00559823,-0.00648732,sell
2013-04-17,1,1,0,1,2,1,2,1,0,0,1,0,0,0,0,0,1,0,1,1,1,0,1,0,1,1,0,0,0,0,1,0,0,1,0,0,0,0,0,-0.00696189,-0.00746377,-0.0074518,-0.00623481,-0.00612542,sell
2013-04-18,0,0,2,0,2,2,2,2,0,0,1,0,1,0,0,0,1,1,1,0,0,1,0,1,1,1,0,0,0,0,1,0,0,1,0,0,0,0,0,-0.00482539,-0.00369879,-0.0029708,-0.00345938,-0.00070144,sell
2013-04-19,1,0,3,0,0,2,3,1,0,0,0,0,1,0,1,0,1,0,1,1,1,0,1,1,1,1,0,0,0,0,1,0,0,1,0,0,0,0,0,-0.00309885,-0.00042881,-0.0004288,-0.00039186,-0.00029008,buy
2013-04-20,1,2,1,1,0,1,4,1,0,0,0,1,1,0,1,0,1,1,0,1,0,0,1,1,1,1,0,0,0,0,1,0,0,1,0,1,0,0,0, 0.00038462,-0.00047948, 0.0010385, 0.00059576, 0.00000830,buy
2013-04-21,3,0,2,2,1,1,2,1,0,0,0,1,1,0,1,0,0,1,1,1,1,1,1,1,1,1,0,0,0,0,0,0,0,0,0,1,0,1,0,-0.00119707, 0.00037149, 0.0001334,-0.00078414,-0.00311157,sell
2013-04-22,1,2,0,1,1,2,2,2,1,0,0,1,0,0,0,0,1,1,0,1,1,1,0,0,1,1,1,0,0,0,0,0,0,0,0,1,0,1,0, 0.00462780, 0.00283435, 0.0037622, 0.00372179, 0.00242022,buy
2013-04-23,1,0,3,2,2,0,2,1,1,0,0,0,0,0,0,0,0,1,1,0,1,1,1,1,0,1,1,0,0,0,0,0,0,0,1,1,0,1,0, 0.00699431, 0.00845349, 0.0076027, 0.00824541, 0.00870462,buy
2013-04-24,2,1,0,1,2,0,2,1,1,0,0,0,0,0,0,0,1,0,1,1,1,0,1,0,0,1,1,0,0,0,0,0,0,0,1,0,0,1,0, 0.00426218, 0.00875074, 0.0055226, 0.00882356, 0.00758792,buy
2013-04-25,3,1,0,2,1,1,2,0,1,0,1,0,0,0,0,0,1,1,1,0,1,1,0,1,0,1,1,0,0,0,0,0,0,0,1,0,0,1,0, 0.00971086, 0.01115879, 0.0104736, 0.00992394, 0.01034873,buy
2013-04-26,1,1,2,1,0,2,2,0,0,0,1,0,0,0,0,0,1,0,0,1,1,0,1,1,0,1,1,0,1,0,0,0,0,0,1,0,0,0,1, 0.00610576, 0.00600189, 0.0044903, 0.00669796, 0.00189872,buy
2013-04-27,0,1,3,1,2,3,1,1,0,0,1,0,0,0,0,0,0,1,1,1,1,1,1,1,0,0,1,0,1,0,0,1,0,0,0,0,0,0,1,-0.00618703, 0.00033586, 0.0001278, 0.00012778,-0.00430642,sell
2013-04-28,1,2,1,2,4,2,0,0,0,0,0,0,0,0,0,0,1,1,0,1,2,2,1,0,0,0,0,0,1,1,0,1,0,0,0,0,0,0,1,-0.00220996,-0.00220996,-0.0022100,-0.00246218,-0.00220996,sell
2013-04-29,2,2,0,2,2,2,2,0,0,0,0,0,0,0,0,0,0,2,1,0,2,1,0,1,0,0,0,1,1,1,0,1,0,0,0,0,0,0,1,-0.00049268,-0.00008623,-0.0002604,-0.00036230,-0.00009818,buy
2013-04-30,3,0,1,1,2,2,1,1,0,0,0,0,0,0,0,0,1,1,1,1,1,1,1,0,0,0,0,1,1,1,0,1,0,0,0,0,0,0,1,-0.00218077,-0.00218077,-0.0042937,-0.00218077,-0.00251558,sell
2013-05-01,1,1,1,0,3,1,1,0,0,0,0,0,0,0,0,1,1,0,2,0,0,0,0,1,0,0,0,1,0,1,0,1,0,0,0,0,0,0,0, 0.00239973, 0.00342175, 0.0024493, 0.00376705, 0.00117500,buy
2013-05-02,2,1,0,0,3,1,2,3,1,0,0,0,0,0,0,1,1,1,1,1,1,1,1,1,0,0,0,1,0,1,0,0,0,0,0,0,0,0,0,-0.00552550,-0.00312134,-0.0040727,-0.00338150,-0.00476518,sell
2013-05-03,3,1,0,0,0,3,2,0,1,0,1,0,0,0,0,1,1,0,0,1,0,0,1,2,0,0,0,1,0,0,0,0,0,0,0,0,0,0,0, 0.00057170, 0.00154357, 0.0005285, 0.00058504, 0.00041676,buy
2013-05-04,2,0,0,1,1,2,5,0,1,0,1,0,1,0,0,1,0,1,1,1,1,1,1,1,0,0,0,0,0,0,0,0,0,0,0,0,0,1,0, 0.00374258, 0.00371898,-0.0026366, 0.00064398, 0.00033878,buy
2013-05-05,0,2,0,1,1,3,2,1,0,0,1,0,1,0,1,0,1,1,0,0,1,2,0,0,0,0,0,0,0,0,0,0,0,0,1,0,0,1,0, 0.00173184, 0.00205030, 0.0017318,-0.00017859, 0.00029636,buy
2013-05-06,1,1,1,1,3,2,0,2,0,1,0,1,1,0,1,0,0,1,1,1,1,1,1,1,0,0,0,0,0,0,0,0,0,0,1,0,0,1,0,-0.00137056,-0.00038863, 0.0006660, 0.00066600,-0.00055911,buy
2013-05-07,1,1,0,0,4,2,1,1,0,1,0,1,0,0,1,0,1,1,1,1,0,1,1,0,1,0,0,0,0,0,0,0,0,0,1,0,0,1,0,-0.00038124, 0.00156609, 0.0015661,-0.00000064, 0.00156609,buy
2013-05-08,1,1,0,1,1,2,2,0,0,1,0,1,0,0,0,0,1,0,1,0,1,0,0,1,1,0,0,0,0,0,1,0,0,0,1,0,0,0,0, 0.00429636, 0.00497896, 0.0060921, 0.00548825, 0.00622058,buy
2013-05-09,1,0,0,1,3,2,2,0,0,1,0,0,0,0,0,0,1,1,1,1,1,1,1,2,1,0,0,0,0,0,1,0,0,0,0,0,0,0,0, 0.00266362, 0.00025353, 0.0016997, 0.00645030, 0.00275632,buy
2013-05-10,0,1,0,0,3,4,0,0,1,0,0,0,0,1,0,1,1,0,0,1,0,1,1,1,1,0,0,0,0,0,1,0,0,0,0,0,0,0,0, 0.00551342, 0.00539065, 0.0039593, 0.00431378, 0.00481838,buy
2013-05-11,0,0,2,0,3,2,1,1,1,0,0,0,0,1,0,1,0,0,1,1,1,0,1,1,1,0,0,0,0,0,1,0,0,0,0,0,0,0,0, 0.00445839, 0.00679695, 0.0043549, 0.00643726, 0.00431523,buy
2013-05-12,0,1,1,0,4,2,0,1,1,0,0,0,0,1,0,1,1,1,0,1,1,1,0,0,1,0,0,0,0,0,1,0,0,1,0,0,0,0,0, 0.00463634, 0.00487501, 0.0031495, 0.00361390, 0.00394129,buy
2013-05-13,2,1,1,0,1,5,0,1,0,0,0,1,0,1,1,1,0,1,1,0,1,1,0,1,0,0,0,0,0,0,1,0,0,1,0,1,0,0,1, 0.00333565, 0.00357493, 0.0042163, 0.00314323, 0.00333565,buy
2013-05-14,2,2,1,1,1,4,1,2,0,0,0,1,0,0,1,0,0,1,2,1,1,1,1,1,0,0,0,0,0,1,1,0,0,1,0,1,0,0,1,-0.00117064,-0.00072240,-0.0011706,-0.00117064,-0.00133025,sell
2013-05-15,0,3,1,0,2,2,2,1,0,0,0,1,0,0,0,0,1,1,1,0,0,1,0,0,0,0,0,1,0,1,1,0,0,1,0,1,0,0,1,-0.00367295,-0.00172549,-0.0034111,-0.00419414,-0.00579800,sell
2013-05-16,1,1,3,0,2,2,0,1,0,0,0,0,0,0,0,0,1,0,1,1,1,0,1,1,0,0,0,1,0,1,0,0,0,0,0,1,0,0,1,-0.00007074, 0.00084896, 0.0009343, 0.00135656, 0.00090421,buy
2013-05-17,1,3,2,0,1,2,2,2,0,0,1,0,0,0,0,0,1,1,0,2,0,0,2,1,0,0,0,1,0,1,0,0,0,0,1,0,0,1,1, 0.00289575, 0.00124945, 0.0026843, 0.00240448, 0.00511822,buy
2013-05-18,0,3,2,1,1,2,2,2,0,0,1,0,1,0,0,0,0,0,1,1,1,1,1,1,0,0,0,1,0,1,0,0,0,0,1,0,0,1,1,-0.00087598,-0.00087598,-0.0012381,-0.00123808,-0.00029215,buy
2013-05-19,2,1,3,0,1,1,3,2,0,0,1,0,1,0,0,1,1,1,0,1,2,0,1,1,0,0,0,1,0,0,0,0,0,0,1,0,0,1,0, 0.00702379, 0.00274625, 0.0068942, 0.00689418, 0.00628950,buy
2013-05-20,2,0,3,0,1,1,2,1,0,0,0,1,0,0,1,1,1,1,1,0,1,1,0,0,0,0,0,0,0,0,0,0,0,0,1,0,0,1,0, 0.00506131, 0.00399435, 0.0039944, 0.00064678, 0.00319221,buy
2013-05-21,0,2,2,1,2,0,1,2,0,0,0,1,0,0,1,1,0,1,1,1,1,1,1,1,0,0,0,0,0,0,0,0,0,0,0,0,0,0,0, 0.00249058, 0.00258550, 0.0027953, 0.00374054, 0.00307981,buy
2013-05-22,1,2,3,0,0,0,1,0,0,0,0,1,0,0,1,0,1,1,1,0,0,2,0,0,0,0,0,0,0,0,0,0,0,0,0,0,0,0,0, 0.00300361, 0.00312000, 0.0029419, 0.00356492, 0.00312000,buy
2013-05-23,2,1,2,0,0,0,1,0,0,0,0,0,0,0,0,0,1,0,1,1,1,1,1,1,0,0,0,0,0,0,0,0,0,0,0,0,0,0,0,-0.00185735,-0.00203706,-0.0056103,-0.00315640,-0.00203706,sell
2013-05-24,0,2,1,1,0,1,0,1,0,0,0,0,0,0,0,0,1,1,0,1,0,0,1,1,0,0,1,0,0,0,0,0,0,0,0,0,0,0,0,-0.00181155,-0.00184970,-0.0029461,-0.00267759,-0.00213744,sell
2013-05-25,1,2,2,1,2,0,0,2,0,0,0,0,1,0,0,0,0,0,1,1,1,1,1,1,0,0,1,0,1,0,0,0,0,0,0,1,0,0,0,-0.00472266, 0.00104015,-0.0045240, 0.00081402,-0.00233272,buy
2013-05-26,0,2,2,1,0,1,0,1,1,0,0,0,1,0,0,0,1,1,0,0,1,0,0,0,0,0,1,0,1,0,0,1,0,0,0,1,0,0,0,-0.00266174,-0.00262705,-0.0027774,-0.00282849,-0.00108411,sell
2013-05-27,0,3,2,1,0,0,2,2,1,0,0,0,1,0,0,0,0,1,1,1,1,1,1,1,0,0,1,0,1,0,0,1,0,0,0,1,0,0,0,-0.00682450,-0.00617819,-0.0068245,-0.00684700,-0.00586599,sell
2013-05-28,1,2,2,0,0,1,0,1,1,0,0,0,0,0,0,0,1,1,1,0,0,1,0,0,0,0,1,0,1,0,0,1,0,0,0,1,0,0,0,-0.00275036,-0.00441643,-0.0041259,-0.00518735,-0.00424677,sell
2013-05-29,1,1,2,0,3,0,1,1,0,1,0,0,0,0,0,0,1,0,1,1,1,1,1,1,0,0,0,0,1,0,0,1,0,0,0,0,0,0,0, 0.00047072,-0.00151530,-0.0034844,-0.00151530,-0.00467140,sell
2013-05-30,1,1,2,0,1,2,1,1,0,1,0,0,0,0,0,0,1,1,0,1,0,0,1,2,0,0,0,1,0,1,0,1,0,0,0,0,0,0,0,-0.00104921,-0.00170934,-0.0019078,-0.00502903, 0.00073568,sell
2013-05-31,2,1,1,0,2,0,2,2,0,1,0,0,0,0,0,0,0,1,1,1,1,1,1,2,0,0,0,1,0,1,0,0,0,0,0,0,0,0,0,-0.00535663,-0.00255701,-0.0058646,-0.00564760,-0.00297336,sell
2013-06-01,1,1,1,0,2,0,1,1,0,1,0,0,0,0,0,0,1,0,0,0,1,0,1,1,0,0,0,1,0,1,0,0,0,0,0,0,0,0,0, 0.00059925,-0.00211881,-0.0002963,-0.00220436, 0.00670791,sell
2013-06-02,2,0,2,0,3,0,2,1,0,1,1,0,1,0,0,0,1,1,1,0,1,0,0,0,0,0,0,1,0,1,0,0,1,0,0,0,0,0,0, 0.00002882,-0.00076489, 0.0000095,-0.00031114,-0.00193279,sell
2013-06-03,2,0,1,0,1,2,2,2,0,0,1,0,1,0,0,0,0,1,1,1,0,1,1,1,0,0,0,1,0,1,0,0,1,0,0,0,0,0,0,-0.00223266, 0.00098700, 0.0060518,-0.00034203,-0.00051589,buy
2013-06-04,2,0,0,0,3,2,3,0,0,0,1,0,1,0,0,0,1,1,2,0,0,1,0,0,0,0,0,0,0,1,1,0,1,0,0,0,0,0,0, 0.00018426,-0.00269322,-0.0023606,-0.00278031,-0.00365448,sell
2013-06-05,4,0,0,1,5,1,2,0,0,0,1,0,1,0,0,0,1,1,1,1,1,1,1,1,0,0,0,0,0,0,1,0,1,1,0,0,0,0,0,-0.00216299,-0.00499363,-0.0041795,-0.00461978,-0.00581544,sell
2013-06-06,2,1,0,1,4,1,1,0,0,0,0,1,0,0,0,0,1,0,0,1,0,1,1,1,0,0,0,0,0,0,1,0,1,1,0,1,0,0,0,-0.00088461,-0.00543623, 0.0065379, 0.00435033,-0.00374208,buy
2013-06-07,2,0,2,1,2,2,0,2,0,0,0,1,0,0,1,0,0,1,1,1,1,0,1,1,0,0,0,0,0,0,1,0,1,1,0,1,0,0,0,-0.00037955, 0.00140603,-0.0003795,-0.00046678,-0.00220557,sell
2013-06-08,2,1,1,1,3,0,1,1,0,0,0,1,0,0,1,0,0,0,0,1,1,1,1,1,0,0,0,0,0,0,1,0,1,1,0,1,0,0,0,-0.00622685,-0.00482091,-0.0034734,-0.00300736,-0.00622685,sell
2013-06-09,2,2,0,1,2,0,0,1,0,0,0,1,0,0,1,0,1,0,0,0,1,0,0,0,0,0,0,0,1,0,1,0,1,1,0,1,0,0,0,-0.00424095,-0.00136507,-0.0008615,-0.00040773,-0.00493840,sell
2013-06-10,2,1,0,2,3,0,0,2,0,0,0,0,0,0,1,0,0,1,1,1,1,0,1,0,0,0,0,0,1,0,1,0,1,0,1,0,0,0,0,-0.00105706,-0.00096146,-0.0002235,-0.00096146,-0.00093263,buy
2013-06-11,0,2,0,1,3,1,0,1,0,0,0,0,0,0,0,0,1,1,1,0,0,1,0,1,0,0,0,0,1,0,1,0,0,0,1,0,0,1,0, 0.00080405,-0.00146265, 0.0008041,-0.00088675,-0.00048026,sell
2013-06-12,0,1,2,1,2,1,1,2,0,0,0,0,0,0,0,0,1,1,1,1,1,1,0,0,0,0,0,0,1,0,1,0,0,0,1,0,0,1,0, 0.00312034,-0.00439222, 0.0031240,-0.00439222,-0.00447133,sell
2013-06-13,1,1,1,1,1,1,2,1,0,0,0,0,0,0,0,0,1,1,0,1,0,1,1,1,0,0,0,0,1,0,0,0,0,0,1,0,0,1,0,-0.00593109,-0.00676143,-0.0062089,-0.00655905,-0.01005949,sell
2013-06-14,0,2,0,1,1,0,3,1,0,0,0,0,0,0,0,0,1,0,1,1,1,1,1,1,0,0,0,0,0,0,0,0,0,0,0,0,0,1,0,-0.00538134,-0.00533326,-0.0053333,-0.00524310,-0.00565835,sell
2013-06-15,1,1,1,1,0,1,1,1,0,0,1,0,0,0,0,0,0,1,1,1,1,0,1,1,0,0,0,0,0,0,0,0,0,0,0,0,0,0,0, 0.00087746, 0.00286873, 0.0030654, 0.00409999, 0.00087746,buy
2013-06-16,0,1,0,0,0,1,1,2,0,0,1,0,0,0,0,1,1,0,0,0,1,1,0,1,1,0,0,0,0,0,0,0,0,0,0,0,0,0,0, 0.00279764, 0.00440758, 0.0033945, 0.00272652, 0.00280277,buy
2013-06-17,1,1,1,1,1,0,0,2,0,0,1,0,0,0,0,1,1,1,1,1,1,0,1,0,1,0,0,0,0,0,0,0,0,0,0,0,0,0,0, 0.00264162, 0.00764003,-0.0001254, 0.00380524, 0.00397683,buy
2013-06-18,1,3,0,1,0,0,0,2,0,0,1,0,0,0,0,1,0,1,1,1,0,0,1,1,1,0,0,0,0,0,0,0,0,1,0,0,0,0,0, 0.00110865, 0.00568365, 0.0011087, 0.00531429, 0.00540630,buy
2013-06-19,3,3,0,0,0,0,1,0,0,0,1,0,0,0,0,1,1,1,1,1,1,1,0,0,1,0,0,0,0,0,0,0,0,1,0,0,0,0,0, 0.00130086, 0.00352529, 0.0015026, 0.00324236, 0.00324236,buy
2013-06-20,1,4,2,0,0,1,1,0,0,0,1,0,0,0,0,1,1,1,0,2,0,1,1,1,1,0,0,0,0,0,0,0,0,1,0,0,0,0,1,-0.00504910,-0.00130028,-0.0046498,-0.00403583,-0.00388397,sell
2013-06-21,1,4,2,0,2,1,0,1,0,0,1,0,0,0,0,1,1,0,1,2,1,1,1,2,1,0,0,0,0,0,0,0,0,1,0,0,0,0,1,-0.00365290,-0.00119471,-0.0041037,-0.00366046,-0.00352708,sell
2013-06-22,1,1,1,1,1,1,0,0,0,0,0,0,0,0,0,1,0,1,0,1,1,0,1,2,1,0,0,0,0,0,0,0,0,0,0,0,0,0,1,-0.00257350,-0.00326623,-0.0041782,-0.00317538,-0.00326623,sell
2013-06-23,0,0,1,2,0,0,2,0,0,0,0,0,0,0,0,1,1,0,1,1,1,1,0,1,0,0,0,0,0,0,0,0,0,0,0,0,0,0,1, 0.00210255, 0.00291675, 0.0014427, 0.00260962, 0.00261611,buy
2013-06-24,2,0,1,1,0,1,0,1,0,0,0,0,0,0,0,1,0,1,1,1,0,0,1,1,0,0,1,0,1,0,0,0,0,0,0,0,0,0,1,-0.00298222,-0.00312582,-0.0077660,-0.00310664,-0.00282628,sell
2013-06-25,2,1,2,1,2,0,0,1,0,0,0,0,0,0,0,1,1,1,1,1,1,1,0,1,0,0,1,0,1,0,0,0,0,0,0,0,0,0,1,-0.00159804,-0.00112391,-0.0069802,-0.00159804,-0.00159804,sell
2013-06-26,3,2,1,0,2,1,1,0,0,0,0,0,0,0,0,0,1,1,0,2,0,1,1,1,0,0,1,0,1,0,0,1,0,0,0,0,0,0,0, 0.00821439, 0.00717863, 0.0073562, 0.00529336, 0.00708344,buy
2013-06-27,5,0,1,0,1,2,1,0,0,0,0,0,0,0,0,0,1,0,1,2,1,1,1,1,0,0,1,0,1,0,0,1,0,0,0,0,0,0,0, 0.00273487, 0.00635362, 0.0028674, 0.00635362, 0.00545441,buy
2013-06-28,2,2,0,0,2,0,1,1,0,0,0,0,0,0,0,0,0,1,0,1,1,0,1,1,0,0,1,0,1,0,0,1,0,0,0,0,0,0,0, 0.00083087, 0.00122013, 0.0008309, 0.00273960,-0.00094151,buy
2013-06-29,1,0,1,1,3,0,0,1,0,1,0,0,0,0,0,0,1,0,1,0,1,0,0,1,0,0,0,1,0,0,0,1,0,0,0,0,0,0,0, 0.00413495, 0.00162937, 0.0012625, 0.00294176, 0.00144878,buy
2013-06-30,0,0,2,1,3,0,0,3,0,1,0,0,0,0,0,0,0,0,1,1,1,1,1,0,0,0,0,1,0,0,0,1,0,1,0,1,0,0,0,-0.00582948,-0.00600498,-0.0045933,-0.00724615,-0.00562242,sell
2013-07-01,0,1,1,1,1,2,2,2,0,1,1,0,0,0,0,0,1,1,1,0,0,0,0,1,0,0,0,1,0,0,0,0,1,1,0,1,0,0,0, 0.00282939,-0.00183760, 0.0022345, 0.00250020,-0.00183760,buy
2013-07-02,1,1,1,2,2,2,3,2,0,1,1,0,0,0,0,0,1,1,1,1,1,1,1,0,0,0,0,1,0,1,0,0,1,1,0,1,0,0,0,-0.00019110,-0.00257342,-0.0000909,-0.00057781,-0.00257342,sell
2013-07-03,0,2,1,1,3,2,0,2,0,1,1,0,0,0,0,0,1,1,0,1,0,0,1,0,0,0,0,1,0,1,0,0,1,1,0,1,0,0,0, 0.00172474,-0.00217583,-0.0008516,-0.00085159,-0.00221708,sell
2013-07-04,0,2,2,1,2,3,1,2,0,0,1,0,0,0,0,0,1,1,1,1,1,1,1,1,0,0,0,1,0,1,0,0,1,0,1,0,0,0,0, 0.00201850, 0.00311034, 0.0031964, 0.00060735, 0.00242272,buy
2013-07-05,0,2,2,0,1,2,1,1,0,0,1,0,0,0,0,0,0,0,0,1,1,1,1,1,0,0,0,0,0,1,0,0,1,0,1,0,0,0,0, 0.00446573, 0.00493897, 0.0083366, 0.00461928, 0.00482845,buy
2013-07-06,1,2,1,0,1,1,0,1,0,0,1,0,0,0,0,0,0,1,0,0,1,0,0,1,0,0,0,0,0,1,0,0,1,0,1,0,0,1,0, 0.00887357, 0.00833157, 0.0064592, 0.00746381, 0.00636251,buy
2013-07-07,3,1,1,1,1,1,0,1,0,0,1,0,0,0,0,0,1,0,1,1,1,0,1,1,0,0,0,0,0,0,0,0,1,0,1,0,0,1,0,-0.00056353,-0.00053985,-0.0025754,-0.00067748,-0.00282931,sell
2013-07-08,1,2,0,0,0,1,0,1,0,0,1,0,0,1,0,0,0,0,1,0,0,1,1,0,0,0,0,0,0,0,0,0,1,0,0,0,0,1,0, 0.00969915, 0.01036217, 0.0090679, 0.00989060, 0.00548579,buy
2013-07-09,1,1,1,0,2,1,0,1,0,0,1,0,0,1,0,0,1,1,1,0,1,0,0,1,0,0,0,0,0,0,0,0,1,0,0,0,0,1,0, 0.00841713, 0.00853391, 0.0088496, 0.00775784, 0.00149902,buy
2013-07-10,1,1,2,0,1,2,0,1,0,0,0,0,0,1,0,0,1,1,1,1,1,1,1,0,0,0,1,0,0,0,0,0,0,0,0,0,0,0,0, 0.00581067, 0.00581376, 0.0050797, 0.00533830, 0.00534746,buy
2013-07-11,0,3,0,0,1,2,1,0,0,0,0,0,0,1,0,0,1,1,0,1,0,1,1,0,0,0,1,0,0,0,0,1,0,0,0,0,0,0,0, 0.00382738, 0.00375704, 0.0031293, 0.00391952, 0.00335298,buy
2013-07-12,1,1,1,1,1,2,3,0,0,0,0,0,0,0,0,0,1,1,1,1,1,1,1,1,0,0,1,0,0,0,0,1,0,0,0,0,0,0,0, 0.00581922, 0.00268026, 0.0023166,-0.00085815, 0.00290200,buy
2013-07-13,0,1,1,0,0,3,1,0,0,0,0,0,0,0,0,0,0,0,0,0,1,1,1,1,0,0,1,0,0,0,0,1,0,0,0,0,0,0,0,-0.00528586,-0.00648546,-0.0011823,-0.00118229,-0.00254700,sell
2013-07-14,0,1,1,0,2,1,1,3,0,0,0,0,0,0,0,0,1,1,1,1,1,0,0,1,0,0,1,0,0,0,0,1,0,0,0,0,1,0,0, 0.00067828,-0.00535610,-0.0005571,-0.00503844,-0.00123360,sell
2013-07-15,0,1,0,1,1,1,0,2,0,0,0,0,0,0,1,0,0,0,1,1,0,0,1,0,0,0,0,0,0,0,0,1,0,0,0,0,1,0,0, 0.00411306, 0.00411306, 0.0041131, 0.00411306, 0.00487530,buy
2013-07-16,3,2,0,0,1,0,0,3,0,0,0,0,0,0,1,0,1,1,2,0,1,1,0,1,0,0,0,0,0,0,0,0,0,0,1,0,1,0,0, 0.00323248, 0.00293146, 0.0016660, 0.00239902, 0.00302067,buy
2013-07-17,2,3,1,0,1,0,1,2,0,0,0,0,0,0,1,0,2,1,1,1,1,0,1,1,0,0,0,0,0,0,0,0,0,0,1,0,1,0,0, 0.00257947, 0.00335557, 0.0009958, 0.00275160, 0.00185344,buy
2013-07-18,1,5,1,0,2,1,0,2,0,0,0,0,0,0,1,0,1,2,1,1,1,1,1,0,0,0,0,0,0,0,0,0,0,0,1,0,1,1,0, 0.00549594, 0.00609062, 0.0063166, 0.00609062, 0.00623484,buy
2013-07-19,2,3,2,0,3,0,0,2,0,0,0,0,0,0,1,0,1,1,1,1,1,1,1,1,0,0,0,0,0,0,0,0,0,0,1,0,1,1,0, 0.00437301, 0.00638474, 0.0048825, 0.00638474, 0.00638474,buy
2013-07-20,0,2,1,0,1,1,0,1,0,0,0,0,0,0,1,0,0,0,0,0,1,1,0,1,0,0,0,0,0,0,0,0,0,0,0,0,1,1,0,-0.00003159,-0.00268616,-0.0000316,-0.00052894, 0.00006931,sell
2013-07-21,0,1,1,2,1,1,2,2,0,0,0,0,0,0,1,0,1,1,2,1,1,0,1,1,0,0,0,0,0,0,0,0,0,0,0,0,1,1,0,-0.00282016,-0.00432032,-0.0029141,-0.00188341,-0.00354205,sell
2013-07-22,0,1,0,1,2,1,0,2,0,0,0,0,0,0,1,0,0,0,2,0,1,1,0,0,0,0,0,0,0,0,0,0,0,0,0,0,1,1,0, 0.00455849, 0.00452811, 0.0045585, 0.00369154, 0.00272090,buy
2013-07-23,0,0,2,1,3,0,1,2,0,0,0,0,0,0,1,0,1,1,1,1,1,0,1,1,0,0,0,0,0,0,0,0,0,0,0,0,1,0,0, 0.00060072,-0.00063286,-0.0009217, 0.00035973, 0.00030593,buy
2013-07-24,0,2,1,1,1,2,0,1,0,0,0,0,0,0,1,0,1,1,1,1,0,1,1,0,0,0,0,0,0,0,0,0,0,1,0,0,1,0,0,-0.00228590,-0.00323590,-0.0077403,-0.00256629,-0.00237987,sell
2013-07-25,3,1,3,1,2,0,2,2,0,0,0,0,0,0,1,0,1,1,1,1,1,2,1,1,0,0,1,0,1,0,0,0,0,1,0,1,1,0,0, 0.00176530, 0.00129136, 0.0012914, 0.00161347, 0.00068929,buy
2013-07-26,0,3,1,1,1,0,2,1,0,0,0,0,0,0,0,0,0,0,0,0,1,1,0,1,0,0,1,0,1,0,0,1,0,1,0,1,1,0,0,-0.00394191,-0.00417146,-0.0039895,-0.00042450,-0.00168799,sell
2013-07-27,2,0,2,1,2,0,2,4,0,0,0,0,0,0,0,0,1,1,1,1,1,1,1,1,0,0,1,0,1,0,0,1,0,1,0,1,1,0,0,-0.00050916, 0.00144694, 0.0006085, 0.00133222, 0.00059288,buy
2013-07-28,1,0,1,1,2,1,2,1,0,0,0,0,0,0,0,0,0,0,1,0,0,0,0,0,1,0,1,0,1,0,0,1,0,1,1,1,1,0,0, 0.00236943,-0.00033904,-0.0025202, 0.00319850, 0.00219258,buy
2013-07-29,2,0,1,1,3,0,4,3,0,0,0,0,0,0,0,0,1,1,1,1,1,1,0,1,1,0,1,0,1,0,0,1,0,0,1,0,1,0,1,-0.00502883,-0.00289079,-0.0040552,-0.00283633,-0.00483458,sell
2013-07-30,2,1,1,0,4,1,3,2,0,0,1,0,0,0,0,0,1,1,0,1,0,0,1,1,1,0,0,1,1,0,0,1,1,0,1,0,1,0,1, 0.00107546, 0.00021422, 0.0012938, 0.00071629,-0.00090203,buy
2013-07-31,1,2,3,0,2,3,1,1,0,0,1,0,0,0,0,0,1,1,1,1,1,0,1,0,1,0,0,1,0,0,0,0,1,0,1,0,0,1,1, 0.00766429, 0.00190276, 0.0076643, 0.00551868, 0.00760449,buy
2013-08-01,1,1,4,0,4,0,4,1,0,0,1,0,0,0,0,0,1,1,1,1,1,1,1,1,1,0,0,1,0,0,0,0,1,0,1,0,0,1,1, 0.00504953,-0.00726596, 0.0050958, 0.00086764, 0.00533058,buy
2013-08-02,1,2,2,0,2,2,1,0,0,0,1,0,0,0,0,0,0,0,0,0,1,1,0,1,1,0,0,1,0,1,1,0,1,0,0,0,0,1,1, 0.00423626, 0.00398853, 0.0032029, 0.00344880, 0.00400922,buy
2013-08-03,3,0,2,1,1,2,1,0,0,0,0,0,0,0,0,0,1,0,1,1,1,1,0,1,0,0,0,1,0,1,1,0,1,0,0,0,0,1,1, 0.00058194, 0.00143332,-0.0027718, 0.00238497, 0.00097797,buy
2013-08-04,1,1,0,1,2,0,1,1,0,0,0,0,0,0,0,0,1,1,1,1,0,1,1,1,0,0,0,0,0,1,1,0,1,0,0,0,0,0,0,-0.00963336,-0.00963336,-0.0076763,-0.00773344,-0.00968548,sell
2013-08-05,1,1,1,0,1,0,1,0,0,0,0,0,0,0,0,0,0,0,2,0,0,0,0,0,0,1,0,0,0,1,1,0,1,0,0,0,0,0,0,-0.00233094,-0.00177955,-0.0017795,-0.00233094,-0.00469835,sell
2013-08-06,2,0,2,0,3,0,1,1,0,0,0,0,0,0,0,0,1,1,1,1,1,1,1,1,0,1,0,0,0,1,1,0,1,0,0,0,0,0,0,-0.00587814,-0.00468665, 0.0023187,-0.00468665,-0.00548679,sell
2013-08-07,0,2,0,0,2,2,0,0,0,0,0,0,0,0,0,0,1,1,0,1,0,1,1,1,0,1,0,0,0,0,1,0,0,0,0,1,0,0,0,-0.00108543,-0.00754509,-0.0076283,-0.00681074,-0.00681074,sell
2013-08-08,1,1,0,1,1,2,2,0,0,0,0,0,0,0,0,0,1,1,1,1,1,0,1,0,0,1,0,0,0,0,1,0,0,0,0,1,0,0,0,-0.00385313,-0.00396906,-0.0023173,-0.00479073,-0.00637556,sell
2013-08-09,1,0,2,0,3,2,2,0,0,0,1,0,0,0,0,0,1,1,0,1,1,1,1,1,0,1,0,0,0,0,1,0,0,0,0,1,0,0,0, 0.00060806,-0.00140408,-0.0014232,-0.00049619,-0.00275888,sell
2013-08-10,0,0,2,0,2,3,0,1,0,0,1,0,1,0,0,0,0,0,1,0,1,1,0,1,0,1,0,0,0,0,1,0,0,0,0,1,0,0,0, 0.00212160, 0.00210214,-0.0001194, 0.00210214, 0.00202484,buy
2013-08-11,0,1,2,1,2,0,2,4,0,0,1,0,1,0,0,0,1,1,2,1,1,1,1,1,0,1,0,0,0,0,0,0,0,0,0,0,0,0,0, 0.00662539, 0.00722829, 0.0015256, 0.00722870, 0.00646595,buy
2013-08-12,0,1,2,0,1,0,1,2,0,0,1,1,1,0,0,0,0,1,1,0,0,1,0,0,0,1,0,0,0,0,0,0,0,0,0,0,0,0,0,-0.00073583, 0.00196984, 0.0025015,-0.00072215,-0.00034031,buy
2013-08-13,2,0,2,0,2,0,1,0,1,0,0,1,0,0,0,0,1,0,1,1,1,0,1,0,0,1,0,0,0,0,0,0,0,0,0,0,0,0,0, 0.00270322, 0.00167487, 0.0043769, 0.00326152, 0.00253169,buy
2013-08-14,2,2,1,0,2,1,0,2,1,0,0,1,0,0,1,0,1,1,0,1,0,1,1,1,0,1,0,0,0,0,0,0,0,0,0,0,0,0,0,-0.00125807,-0.00146462,-0.0012581, 0.00150811,-0.00164784,sell
2013-08-15,2,2,1,0,4,0,0,1,1,0,0,0,0,0,1,0,1,1,1,1,1,0,1,0,0,1,0,1,0,0,0,0,0,0,0,0,0,0,0,-0.00339389,-0.00372859,-0.0031725,-0.00396071,-0.00377990,sell
2013-08-16,4,1,1,0,1,2,0,0,0,0,0,0,0,0,1,0,0,1,0,0,1,1,1,1,1,1,0,1,0,0,0,0,0,0,0,0,0,0,0,-0.00136558,-0.00161186,-0.0016572,-0.00166966, 0.00590826,sell
2013-08-17,0,4,0,1,1,1,2,1,0,0,0,0,0,0,0,1,1,0,1,1,1,1,1,1,1,1,0,1,0,1,0,0,0,0,0,0,0,0,0, 0.00559745, 0.00517648, 0.0008589, 0.00609220, 0.00690644,buy
2013-08-18,0,2,3,2,1,2,0,1,0,0,0,0,0,0,0,1,1,1,1,0,0,1,1,1,1,1,0,1,0,1,0,0,0,1,0,0,0,0,0,-0.00184020,-0.00537988,-0.0022978,-0.00318171,-0.00479301,sell
2013-08-19,0,2,3,0,2,2,1,1,0,0,0,0,0,0,0,1,1,0,1,1,1,1,1,0,1,0,0,1,0,1,0,0,0,1,0,0,0,0,1,-0.00348512,-0.00348512,-0.0034851,-0.00348512, 0.00005432,sell
2013-08-20,0,3,3,2,2,4,1,0,0,1,0,1,0,0,0,1,2,1,0,1,0,1,2,1,1,0,0,0,0,1,0,0,0,1,0,1,0,0,1,-0.00791499,-0.00846184,-0.0084618,-0.00839337,-0.00823388,sell
2013-08-21,2,5,2,1,3,4,1,0,1,1,0,1,0,0,1,0,2,2,1,1,1,1,2,0,1,0,0,0,0,1,0,0,0,1,0,1,0,0,1,-0.00492238,-0.00649928,-0.0074713,-0.00747127,-0.00747127,sell
2013-08-22,2,4,1,0,3,3,0,1,1,1,0,1,0,1,1,0,1,2,0,0,1,0,1,1,1,0,0,0,0,0,0,0,0,0,1,1,0,0,1,-0.00003607,-0.00188810,-0.0021931,-0.00003607,-0.00170250,sell
2013-08-23,1,2,2,0,3,2,0,2,1,1,0,0,0,1,1,0,0,1,1,1,1,1,0,1,0,0,0,0,0,0,0,0,0,0,1,1,0,0,1, 0.00039675,-0.00483412,-0.0038966, 0.00039675, 0.00078461,sell
2013-08-24,1,1,0,0,0,2,0,3,0,0,0,0,0,1,0,0,1,0,1,1,0,1,1,1,0,0,0,0,0,0,0,0,0,0,1,0,0,0,1, 0.00113860,-0.00043201, 0.0029071, 0.00113860, 0.00113860,buy
2013-08-25,2,0,0,4,0,0,1,3,0,0,1,0,0,1,0,0,0,1,1,0,1,1,0,1,0,0,1,0,0,0,0,1,0,0,1,0,0,1,0, 0.00478930, 0.00444172,-0.0015770, 0.00488016,-0.00193216,buy
2013-08-26,1,0,0,4,1,0,3,2,0,0,1,0,1,1,0,0,1,0,1,1,1,0,1,0,0,0,1,0,0,0,0,1,0,0,1,0,0,1,0, 0.00286542, 0.00270116, 0.0031720,-0.00105534,-0.00205139,buy
2013-08-27,1,1,0,2,0,2,2,2,0,0,0,1,1,0,0,0,1,1,0,1,0,0,1,1,0,0,1,0,0,0,0,1,0,0,0,0,0,1,0, 0.00132002, 0.00104619, 0.0010462, 0.00108310, 0.00135531,buy
2013-08-28,1,0,2,2,1,0,4,3,0,0,0,1,1,0,0,0,1,1,1,1,1,1,1,0,0,0,1,0,1,0,0,1,0,0,0,0,0,1,0, 0.00113236, 0.00113236, 0.0010766, 0.00178489, 0.00107656,buy
2013-08-29,1,1,1,1,1,1,4,1,1,0,0,1,0,0,1,0,1,1,0,0,1,0,1,1,0,0,1,0,1,0,0,1,0,0,0,0,0,0,0, 0.00110196,-0.00178371,-0.0006325,-0.00082532,-0.00063249,sell
2013-08-30,3,0,1,0,1,0,3,0,1,0,0,0,0,0,1,0,0,1,1,0,1,0,0,1,0,0,0,1,1,0,0,0,0,0,0,0,0,0,0,-0.00249116,-0.00248351,-0.0018832,-0.00138124,-0.00339174,sell
2013-08-31,2,2,1,1,0,1,3,1,1,0,0,0,0,0,1,0,1,0,1,1,1,1,1,1,0,0,0,1,1,0,0,0,0,1,0,0,0,0,0, 0.00242237, 0.00350745, 0.0031607, 0.00031978, 0.00070990,buy
2013-09-01,1,2,0,0,1,2,2,0,1,1,0,0,0,0,0,0,0,0,1,0,0,1,0,1,0,0,0,1,1,0,0,0,0,1,0,0,0,0,0, 0.00058179, 0.00104898,-0.0005847,-0.00129924, 0.00108160,buy
2013-09-02,2,1,3,0,1,1,0,1,0,1,0,0,0,0,0,0,0,1,1,1,1,1,1,0,0,0,0,1,0,1,0,0,0,1,0,0,0,0,0,-0.00193307,-0.00185228,-0.0018863,-0.00795055,-0.00200284,sell
2013-09-03,2,2,1,0,2,2,0,0,0,1,0,0,1,0,0,0,1,0,0,1,0,1,1,0,0,0,0,1,0,1,0,0,0,1,0,0,0,0,0,-0.00055941,-0.00058818,-0.0005882,-0.00241262,-0.00044217,buy
2013-09-04,0,2,1,1,1,3,1,0,0,1,0,0,1,0,0,0,1,1,1,1,1,0,1,1,0,0,0,0,0,1,0,0,0,0,0,0,0,0,0,-0.00362664,-0.00168430,-0.0024693,-0.00199822,-0.00172953,sell
2013-09-05,1,0,2,0,1,2,3,0,0,0,0,0,1,0,0,0,1,2,0,1,1,1,1,0,1,0,0,0,0,1,0,0,0,0,0,0,0,0,0, 0.00002417, 0.00182213, 0.0018663, 0.00062267, 0.00165913,buy
2013-09-06,0,0,2,0,1,3,1,0,0,0,0,0,1,0,0,0,0,1,1,0,1,0,0,1,1,0,0,0,0,1,0,0,0,0,0,0,0,0,0,-0.00069378, 0.00043706, 0.0011028, 0.00161567, 0.00083788,buy
2013-09-07,0,0,1,1,3,1,2,2,0,0,0,0,0,0,0,1,1,1,1,1,1,1,1,1,1,0,0,0,0,0,0,0,0,0,0,0,0,0,0,-0.00501136,-0.00474106,-0.0048867,-0.00132347,-0.00132347,sell
2013-09-08,0,1,0,0,2,1,2,1,0,0,0,0,0,0,0,1,1,0,1,0,0,1,0,2,1,0,0,0,0,0,0,0,0,0,0,0,0,0,0,-0.00050158,-0.00115300,-0.0013125,-0.00115300,-0.00037460,sell
2013-09-09,1,0,1,0,1,1,4,1,0,0,0,0,0,0,0,1,0,1,1,1,1,1,1,1,1,0,0,0,0,0,0,0,0,0,0,0,0,0,1, 0.00215660, 0.00267672, 0.0021566, 0.00215660, 0.00251421,buy
2013-09-10,1,1,2,0,1,1,3,0,0,0,1,0,0,0,0,1,1,0,0,1,0,1,2,0,1,0,0,0,0,0,0,0,0,0,0,0,0,0,1,-0.00284640,-0.00201757,-0.0028464,-0.00284640,-0.00284640,sell
2013-09-11,2,2,1,0,2,0,1,2,0,0,1,0,0,0,0,0,1,1,1,1,1,0,2,1,0,0,0,0,0,0,0,0,0,0,0,0,0,0,1,-0.00435404,-0.00124123,-0.0042830,-0.00005543,-0.00661210,sell
2013-09-12,3,1,2,0,2,1,1,1,0,0,1,0,0,0,0,0,1,2,0,1,2,1,1,0,0,0,0,0,0,0,0,0,0,1,0,0,0,0,1,-0.00184791, 0.00057904,-0.0019573,-0.00360350,-0.00198897,sell
2013-09-13,2,1,0,0,1,2,3,1,0,0,0,1,1,0,0,0,0,1,1,1,2,0,0,1,0,0,0,0,1,0,0,0,0,1,0,0,0,0,1,-0.00155847,-0.00155847,-0.0014418, 0.00154583,-0.00221781,sell
2013-09-14,2,1,1,1,1,2,2,2,0,0,0,1,1,0,0,0,1,1,1,1,1,1,1,1,0,0,0,0,1,0,0,0,0,1,0,0,0,0,1, 0.00137576, 0.00239357, 0.0023364, 0.00822966, 0.00274028,buy
2013-09-15,2,1,1,1,2,1,1,2,0,1,0,1,1,0,1,0,0,0,1,0,1,2,0,1,0,0,0,0,1,0,0,0,0,1,0,0,0,0,0, 0.00385917, 0.00391124, 0.0035337, 0.00109918, 0.00087596,buy
2013-09-16,0,1,1,2,1,1,2,2,0,1,0,1,0,0,1,0,1,1,0,1,1,1,1,0,0,0,0,0,1,0,0,0,0,0,0,0,0,0,0, 0.00030740, 0.00030740, 0.0003074, 0.00033341,-0.00132802,buy
2013-09-17,0,1,1,2,0,3,2,0,0,1,0,0,0,0,1,0,1,0,1,1,0,1,1,1,0,0,0,0,1,0,0,0,0,0,1,1,0,0,0, 0.00071278, 0.00012058,-0.0009783,-0.00126841, 0.00032708,buy
2013-09-18,2,0,1,0,1,1,3,1,1,1,0,0,0,0,0,0,1,1,0,1,1,0,1,0,0,0,0,0,1,0,0,0,0,0,1,1,0,0,0,-0.00131440,-0.00389015,-0.0044851, 0.00040235,-0.00360915,sell
2013-09-19,0,3,2,1,1,0,2,1,1,1,1,0,0,0,0,0,0,1,1,0,1,1,0,1,0,0,0,0,0,0,0,0,0,0,1,1,0,1,0,-0.00734388,-0.00339935,-0.0062883,-0.00430830,-0.00256725,sell
2013-09-20,1,1,3,0,1,4,1,3,1,0,1,0,0,0,0,1,1,1,2,1,1,0,1,1,0,1,0,0,0,0,0,0,0,0,1,1,1,1,0,-0.00124095, 0.00161414, 0.0027445, 0.00274450, 0.00352804,buy
2013-09-21,0,2,2,0,0,4,0,2,1,0,1,0,0,0,0,1,1,0,1,0,0,1,0,1,0,1,0,0,0,0,0,0,0,0,0,0,1,1,0,-0.00217093,-0.00184310,-0.0045899, 0.00040674,-0.00171764,sell
2013-09-22,2,2,2,1,1,3,1,0,0,0,1,0,0,0,0,1,0,0,1,1,1,2,1,1,0,1,0,0,0,0,0,0,0,0,0,0,1,1,0,-0.00499306,-0.00485853,-0.0049931,-0.00499306,-0.00499306,sell
2013-09-23,0,2,0,0,0,4,1,1,0,0,0,0,0,0,0,1,1,1,0,1,0,1,1,0,0,1,0,0,0,0,0,0,0,0,0,0,1,0,0, 0.00012954, 0.00025237, 0.0002592, 0.00032917, 0.00008735,buy
2013-09-24,2,0,3,0,0,5,0,3,0,0,0,0,0,0,0,1,1,0,1,1,1,1,1,1,0,1,1,0,0,0,0,1,1,0,0,0,1,0,0,-0.00469305,-0.00351639,-0.0029378,-0.00336067,-0.00336067,sell
2013-09-25,1,0,3,0,1,2,2,2,0,0,0,0,0,0,0,0,1,1,0,1,1,0,1,1,0,1,1,0,0,0,0,1,1,0,0,0,1,0,0,-0.00335688,-0.00275959,-0.0023126,-0.00365394,-0.00326510,sell
2013-09-26,2,1,1,0,0,3,0,1,0,0,0,0,0,0,0,0,0,1,1,0,1,0,0,0,0,1,1,0,0,0,0,1,1,0,0,0,1,0,0,-0.00487181,-0.00219298,-0.0021722,-0.00198808,-0.00219840,sell
2013-09-27,3,0,1,1,0,3,1,3,0,0,0,0,0,0,0,0,0,1,1,1,1,1,1,1,0,1,1,0,0,0,0,1,1,0,0,0,1,0,0,-0.00332960,-0.00278596,-0.0016230,-0.00312654,-0.00351263,sell
2013-09-28,1,1,1,0,1,3,0,1,0,0,0,0,0,0,0,0,1,1,1,0,0,0,0,1,0,1,1,0,0,0,0,1,1,0,0,0,1,0,0,-0.00447226,-0.00211518,-0.0019248,-0.00192477,-0.00192477,sell
2013-09-29,0,0,2,0,1,2,1,1,0,0,0,0,0,0,0,0,0,0,1,1,0,1,0,1,0,1,0,0,0,0,0,0,1,0,0,0,1,0,0,-0.00449876,-0.00302665,-0.0053245,-0.00272891,-0.00449876,sell
2013-09-30,2,0,1,0,3,3,1,3,0,0,1,0,0,0,0,0,1,1,0,1,1,1,1,1,0,1,0,1,0,0,1,0,1,0,1,0,1,0,0,-0.00334685,-0.00137755,-0.0036081,-0.00334685,-0.00358861,sell
2013-10-01,1,2,0,2,3,5,0,2,0,0,1,0,0,0,0,0,2,1,1,1,0,1,1,0,0,1,0,1,1,1,1,0,1,0,1,0,1,0,0,-0.00592199,-0.00481780,-0.0077474,-0.00572228,-0.00774736,sell
2013-10-02,2,1,1,2,3,3,1,2,0,0,1,0,0,0,0,0,1,0,1,1,1,1,1,1,0,0,0,1,1,1,1,0,1,0,1,0,1,1,0,-0.00511819,-0.00580268,-0.0062061,-0.00243129,-0.00620606,sell
2013-10-03,1,1,0,1,3,3,1,1,0,0,1,0,0,0,0,0,1,1,0,0,1,0,0,0,0,0,0,1,1,1,1,0,0,0,1,0,1,1,0,-0.00398010,-0.00246247,-0.0039801,-0.00024993,-0.00412268,sell
2013-10-04,0,1,1,2,4,3,0,2,0,0,0,0,0,0,0,0,0,1,1,1,1,1,1,1,0,0,0,1,1,1,1,0,0,0,1,0,1,1,0,-0.00292948,-0.00454000,-0.0029295,-0.00153792,-0.00408342,sell
2013-10-05,0,2,0,2,4,1,2,1,0,0,0,1,0,0,0,0,1,1,1,0,1,1,1,1,0,0,0,0,1,1,1,0,0,0,0,0,1,1,0, 0.00123443, 0.00158623, 0.0017001, 0.00095043, 0.00164405,buy
2013-10-06,1,0,1,0,1,2,3,0,0,0,0,1,1,0,1,0,0,1,1,1,0,0,0,1,0,0,0,0,0,0,1,0,0,0,0,0,1,0,0,-0.00240846,-0.00233189,-0.0024085,-0.00240846,-0.00464783,sell
2013-10-07,1,0,2,0,2,2,3,0,0,0,0,1,1,0,1,0,1,0,0,2,1,1,1,1,0,0,0,0,0,0,1,0,0,0,0,0,1,0,0,-0.00049015,-0.00049015,-0.0019079,-0.00237288,-0.00165662,sell
2013-10-08,0,2,1,0,0,3,1,3,0,0,0,1,1,0,1,0,1,1,1,1,0,1,1,0,0,0,0,0,0,0,0,0,0,1,0,0,1,0,0,-0.00088913, 0.00172784,-0.0033636,-0.00127995,-0.00085376,buy
2013-10-09,1,2,2,0,2,1,3,2,0,0,0,1,1,0,1,1,1,0,0,1,1,1,1,1,0,0,1,0,0,0,0,1,0,1,0,0,1,0,0,-0.00434249, 0.00259334,-0.0043463,-0.00286449,-0.00286449,sell
2013-10-10,1,2,2,0,0,2,2,2,0,0,0,0,1,0,1,1,1,1,1,0,1,0,0,0,1,0,1,0,0,0,0,1,0,1,0,0,1,0,0,-0.00364198,-0.00028753,-0.0003082,-0.00115156,-0.00115156,buy
2013-10-11,1,3,0,1,0,2,2,4,0,0,0,0,1,0,0,1,1,1,1,1,1,1,1,1,1,0,1,0,0,0,0,1,0,1,0,0,1,0,0,-0.00147201, 0.00344246, 0.0014954, 0.00323941, 0.00293803,buy
2013-10-12,0,3,1,1,1,2,1,3,0,0,0,0,0,0,0,1,1,1,2,0,0,1,0,1,1,0,1,0,0,0,0,1,0,1,0,0,1,0,0,-0.00063489, 0.00064168,-0.0002954, 0.00064168, 0.00064168,buy
2013-10-13,0,2,1,0,2,1,2,2,0,0,0,0,0,0,0,1,0,0,1,1,1,0,1,1,1,0,1,0,0,0,0,1,0,0,0,0,1,0,0,-0.00546915,-0.00547075,-0.0047294,-0.00523471,-0.00059511,sell
2013-10-14,1,0,1,1,1,3,1,1,0,0,0,0,0,0,0,1,1,1,1,1,0,1,1,0,1,0,0,0,0,0,0,0,0,0,1,0,1,0,0, 0.00155264, 0.00245215, 0.0019455, 0.00371778,-0.00231719,buy
2013-10-15,2,2,0,2,2,1,2,0,0,0,0,0,0,0,0,1,1,1,1,1,1,1,1,1,0,0,0,0,0,0,0,0,0,0,1,0,1,1,0,-0.00146589,-0.00150167,-0.0014659,-0.00146589,-0.00150167,sell
2013-10-16,2,1,1,1,2,1,1,0,0,0,0,0,0,0,0,1,1,0,0,0,1,1,0,1,0,0,0,0,0,0,0,0,0,0,1,1,1,1,0,-0.00186615,-0.00186615,-0.0019664,-0.00186615,-0.00253416,sell
2013-10-17,1,0,2,0,3,1,1,1,0,0,0,0,0,0,0,1,0,1,1,1,1,0,1,0,0,0,0,0,0,0,0,0,0,0,1,1,1,1,0,-0.00078391,-0.00125441, 0.0034745, 0.00347449, 0.00018757,buy
2013-10-18,2,1,2,1,2,2,1,1,1,0,0,0,0,0,0,1,1,1,1,0,1,1,0,1,0,0,0,0,0,0,0,0,0,0,1,1,1,1,0,-0.00235182,-0.00008728, 0.0000627, 0.00006270,-0.00006900,buy
2013-10-19,3,1,0,1,2,1,2,0,1,0,0,0,0,0,0,1,0,1,1,1,0,1,1,1,0,0,0,0,0,0,0,0,0,0,0,1,1,0,0, 0.00256698, 0.00201095, 0.0022139, 0.00580177, 0.00277396,buy
2013-10-20,3,0,0,1,2,1,2,0,1,0,0,0,0,0,0,1,1,0,0,1,1,0,1,1,0,0,0,0,0,0,0,0,0,0,0,1,1,0,0, 0.00607106, 0.00327360, 0.0058435, 0.00342884, 0.00311431,buy
2013-10-21,1,1,1,0,0,3,2,2,1,0,0,0,0,0,0,1,2,1,1,1,0,1,1,0,0,0,0,0,0,0,0,0,0,0,0,0,1,0,0, 0.00055977, 0.00421939,-0.0017794, 0.00119843, 0.00063822,buy
2013-10-22,1,1,2,0,0,2,2,2,1,0,0,0,0,0,0,1,1,1,1,1,1,1,1,0,0,0,0,0,0,0,0,0,0,0,0,0,1,0,0, 0.00038892, 0.00308692,-0.0008561, 0.00114663, 0.00024924,buy
2013-10-23,2,2,0,0,1,1,1,1,1,0,0,0,0,0,0,1,1,0,0,0,1,1,0,1,0,0,1,0,0,0,0,0,0,0,0,0,1,0,0, 0.00274241, 0.00409665, 0.0037612, 0.00382069, 0.00141626,buy
2013-10-24,3,1,1,1,0,1,1,2,0,0,0,0,0,0,0,0,0,1,1,1,1,1,1,0,0,0,1,0,0,0,0,1,0,0,0,0,1,0,1, 0.00046741, 0.00046741,-0.0026909, 0.00082237,-0.00049483,buy
2013-10-25,2,1,1,1,0,2,1,2,0,0,0,0,0,0,0,0,1,1,1,1,1,0,1,1,0,0,1,0,0,0,0,1,0,0,0,0,1,0,1, 0.00198390, 0.00067131, 0.0017369, 0.00185574, 0.00243786,buy
2013-10-26,1,0,2,0,0,2,1,2,0,0,0,0,0,0,0,0,1,1,1,0,0,1,0,1,0,0,1,0,0,0,0,1,0,0,0,0,1,0,1, 0.00180353, 0.00088389, 0.0005064, 0.00170945, 0.00134367,buy
2013-10-27,2,0,3,0,1,2,0,3,0,0,0,0,0,0,0,0,0,1,1,1,1,1,1,1,0,0,1,0,0,0,0,1,0,0,0,0,1,0,1, 0.00158530, 0.00101028,-0.0022643, 0.00181627, 0.00023293,buy
2013-10-28,0,2,1,0,2,2,0,1,0,0,0,0,1,0,0,0,1,0,0,1,0,0,1,1,0,0,0,0,0,0,1,1,0,0,0,0,1,0,1, 0.00404082, 0.00342109, 0.0025527, 0.00240882, 0.00384386,buy
2013-10-29,1,0,1,1,0,3,2,1,0,0,0,0,1,0,0,0,1,1,1,1,0,1,1,0,0,1,0,0,0,0,1,0,0,0,0,0,1,0,1, 0.00474580, 0.00305767, 0.0015718, 0.00320702, 0.00382003,buy
2013-10-30,1,0,2,0,0,3,4,1,0,0,0,0,1,0,0,0,1,1,0,1,1,1,1,1,0,1,0,1,0,1,1,0,0,0,0,0,1,0,1, 0.00525629, 0.00464715, 0.0052369, 0.00471685, 0.00586515,buy
2013-10-31,0,0,3,0,0,4,4,1,0,1,0,1,1,0,1,0,0,0,1,0,1,1,0,1,0,1,0,1,0,1,1,0,0,0,0,0,1,0,1, 0.00195847, 0.00270049, 0.0019206, 0.00243122, 0.00179499,buy
2013-11-01,0,1,2,1,3,3,4,2,0,1,0,1,0,1,1,1,1,1,1,1,1,1,1,0,0,1,0,1,0,1,1,0,0,0,0,0,1,0,0, 0.00092627,-0.00922955,-0.0039522, 0.00067295, 0.00090476,sell
2013-11-02,1,0,2,0,1,5,4,1,0,1,0,1,0,1,1,1,1,1,1,0,0,0,0,1,0,1,0,1,0,1,1,0,0,0,0,1,1,0,0, 0.00006774,-0.00122718,-0.0007864, 0.00000663,-0.00081224,sell
2013-11-03,1,0,3,0,0,5,5,0,0,0,0,1,0,0,1,1,0,1,1,1,1,1,1,1,0,1,0,1,0,1,1,0,0,0,0,1,1,0,0, 0.00167485,-0.00041865, 0.0014536,-0.00013057, 0.00120822,buy
2013-11-04,1,1,0,0,0,4,2,1,0,0,0,0,0,0,0,0,1,0,1,1,0,0,1,1,0,1,0,0,1,0,1,0,0,0,0,1,1,0,0,-0.00172771,-0.00542545,-0.0023213,-0.00172771,-0.00437103,sell
2013-11-05,1,1,0,0,3,2,1,2,0,0,0,0,0,0,0,0,1,1,1,1,1,1,1,0,0,1,0,0,1,0,0,0,0,0,0,1,1,0,0,-0.00161997,-0.00119586,-0.0005175, 0.00052468,-0.00161997,sell
2013-11-06,1,0,1,0,0,4,3,1,0,0,1,0,0,0,0,0,1,0,1,0,1,1,0,1,0,1,0,0,1,0,0,0,0,1,0,1,1,0,0,-0.00123687,-0.00101806,-0.0012369, 0.00315444,-0.00065668,buy
2013-11-07,2,0,0,0,0,2,5,1,0,0,1,0,0,0,0,0,0,1,1,1,1,2,1,0,0,1,0,0,1,0,0,0,0,1,0,0,1,0,0,-0.00416716,-0.00446975,-0.0041820, 0.00067051,-0.00453283,sell
2013-11-08,2,1,0,1,0,2,4,0,0,0,1,0,0,0,0,0,1,1,1,0,1,1,0,1,0,1,0,0,1,0,0,0,0,1,0,0,1,0,0,-0.00294181,-0.00287877,-0.0029418, 0.00431026,-0.00294181,sell
2013-11-09,1,2,1,0,2,1,2,1,0,0,1,0,0,0,0,0,0,2,1,1,1,0,1,1,0,0,0,0,0,0,0,0,0,1,0,0,1,0,0,-0.00183585,-0.00101045, 0.0028189,-0.00124468, 0.00008993,buy
2013-11-10,2,1,3,0,0,3,1,2,0,0,1,0,0,0,0,0,1,1,0,1,1,1,1,2,1,0,0,0,0,0,0,0,0,1,0,0,1,0,0,-0.00271339,-0.00186674,-0.0026022,-0.00345599,-0.00353718,sell
2013-11-11,2,1,1,0,1,2,1,0,0,1,1,0,0,0,0,0,1,0,1,1,0,0,1,1,1,0,0,0,0,0,0,0,0,0,0,0,1,0,0,-0.00008726,-0.00008726, 0.0004993,-0.00062654,-0.00008726,buy
2013-11-12,5,0,0,1,0,2,0,1,0,1,1,0,0,0,0,0,1,1,0,0,1,1,0,0,1,0,0,0,0,0,0,0,0,0,0,0,1,1,0,-0.00250119,-0.00260030,-0.0008962,-0.00267059,-0.00267059,sell
2013-11-13,2,2,0,1,1,2,0,2,0,1,1,0,0,0,0,0,0,0,1,1,1,1,1,1,1,0,0,0,0,0,0,0,0,0,1,0,1,1,0,-0.00529737,-0.00514788,-0.0053366,-0.00529737,-0.00497764,sell
2013-11-14,2,1,3,0,0,3,0,3,0,1,1,0,0,0,0,0,1,1,1,1,1,1,1,0,1,0,0,0,0,1,0,0,0,0,1,0,1,1,0,-0.00315212,-0.00188405,-0.0032408,-0.00315212,-0.00243234,sell
2013-11-15,1,2,2,0,0,3,1,2,0,1,1,0,0,0,0,0,1,1,1,0,0,1,0,1,0,0,0,1,0,1,0,0,0,0,1,0,1,1,0,-0.00100266,-0.00139198,-0.0018736,-0.00071219,-0.00077923,sell
2013-11-16,2,3,0,1,1,3,0,1,0,1,0,0,0,0,0,0,0,2,0,1,1,0,1,1,0,0,0,1,0,1,0,0,0,0,1,0,1,1,0,-0.00046181, 0.00034280, 0.0017141, 0.00058214, 0.00170772,buy
2013-11-17,2,3,0,1,0,4,1,1,0,1,0,0,0,0,0,0,1,1,0,1,0,1,1,2,0,0,0,1,0,1,0,0,0,0,1,0,1,1,0, 0.00060211, 0.00051891, 0.0024749, 0.00035610, 0.00094987,buy
2013-11-18,1,1,2,0,0,3,1,1,0,0,0,0,0,0,1,0,1,0,1,1,0,0,1,1,0,0,0,1,0,1,0,0,0,0,1,0,1,0,0, 0.00273581, 0.00252223,-0.0018572, 0.00243499, 0.00223896,buy
2013-11-19,0,0,2,0,1,2,1,1,0,0,0,1,0,0,1,0,1,1,0,0,1,0,0,0,0,0,0,1,0,0,0,0,0,0,0,0,1,0,0,-0.00253064,-0.00151269,-0.0054982,-0.00536272,-0.00557155,sell
2013-11-20,1,1,2,0,0,1,2,1,0,0,0,1,0,0,1,0,0,0,1,0,1,1,0,1,0,0,0,0,0,0,0,0,0,0,0,1,1,0,0,-0.00095857,-0.00290841,-0.0000218,-0.00095857,-0.00052914,sell
2013-11-21,1,2,1,1,0,1,2,1,0,0,0,1,0,0,1,0,0,0,1,1,1,1,1,0,0,0,0,0,0,0,0,0,0,0,0,1,1,0,0,-0.00044960,-0.00339785, 0.0000781,-0.00018648, 0.00210763,sell
2013-11-22,1,1,0,0,0,2,3,1,0,0,0,1,0,0,0,0,1,1,1,0,0,1,0,0,0,0,1,0,0,0,0,0,0,1,0,1,1,0,0,-0.00284978, 0.00025607,-0.0034826,-0.00201807,-0.00348259,sell
2013-11-23,2,0,2,0,0,3,3,1,0,0,0,0,0,0,0,0,0,1,1,1,0,1,1,1,0,0,1,0,0,0,1,0,0,1,0,1,1,0,0, 0.00085610, 0.00098022, 0.0009802, 0.00096217, 0.00096217,buy
2013-11-24,0,2,1,0,2,3,2,2,0,0,0,0,1,0,0,0,1,1,0,2,1,0,1,1,0,0,1,0,0,0,1,0,0,1,0,1,1,0,0,-0.00152909,-0.00043076,-0.0008084,-0.00128433,-0.00011611,buy
2013-11-25,0,3,0,2,2,3,2,2,0,0,0,0,1,0,0,0,1,1,1,1,0,1,1,1,1,0,1,0,0,0,1,1,0,1,0,1,1,0,0, 0.00258122, 0.00248072, 0.0026170, 0.00216239, 0.00216239,buy
2013-11-26,1,1,1,1,1,4,3,1,0,0,0,0,1,0,0,1,1,0,0,1,1,0,1,1,1,0,1,0,0,0,1,1,0,1,0,1,1,0,0,-0.00006880, 0.00108005, 0.0004057, 0.00092304, 0.00092304,buy
2013-11-27,1,1,0,1,0,4,3,0,1,0,0,0,1,0,0,1,1,1,0,0,2,0,0,0,1,0,0,0,0,0,1,1,0,1,0,0,1,0,0, 0.00033418, 0.00059443, 0.0007084, 0.00033418, 0.00041761,buy
2013-11-28,2,1,1,2,0,4,2,1,1,0,0,0,0,0,0,1,0,0,1,1,1,1,1,1,1,0,0,0,0,1,1,1,0,1,0,0,1,0,0, 0.00055126, 0.00013741, 0.0012263, 0.00013697, 0.00036798,buy
2013-11-29,2,2,0,1,2,3,1,1,1,0,0,0,0,0,1,1,1,1,1,0,1,1,0,0,0,0,0,0,0,1,1,1,0,0,0,0,1,0,0, 0.00448569, 0.00480113, 0.0054998, 0.00549981, 0.00534080,buy
2013-11-30,2,1,1,1,4,3,2,0,0,0,0,1,0,0,1,1,0,2,1,1,0,1,1,1,0,0,0,1,0,1,1,1,0,0,0,0,0,0,0, 0.00186501, 0.00143165, 0.0014316, 0.00262874, 0.00127955,buy
2013-12-01,2,2,0,1,1,4,3,0,0,1,0,1,0,0,1,0,1,2,0,2,1,0,1,1,0,0,0,1,0,1,0,1,0,0,0,0,0,0,0, 0.00005239, 0.00022407, 0.0000674,-0.00430129, 0.00022407,buy
2013-12-02,2,2,0,0,2,2,3,1,0,1,0,1,0,0,1,0,1,1,1,2,0,1,1,1,0,0,0,1,0,1,0,0,0,0,0,0,0,0,0,-0.00129014,-0.00244375,-0.0027573,-0.00495685,-0.00069783,sell
2013-12-03,0,0,1,0,3,1,1,0,0,1,0,1,0,0,0,0,1,0,0,1,1,1,0,0,0,0,0,1,0,0,0,0,0,0,0,0,0,0,0,-0.00115153,-0.00377224,-0.0017010,-0.00064852,-0.00097457,sell
2013-12-04,0,0,0,0,1,1,2,3,0,1,0,0,0,0,0,0,0,1,1,1,1,0,1,1,0,0,0,1,0,0,0,0,0,0,0,0,0,0,0,-0.00779327,-0.00695054,-0.0078569,-0.00833276,-0.00628130,sell
2013-12-05,0,0,0,1,1,1,2,1,0,1,1,0,0,0,0,0,1,0,1,1,1,1,0,0,0,0,0,0,0,0,0,0,0,0,0,0,0,0,0,-0.00633321,-0.00605501,-0.0066193,-0.00633321,-0.00607270,sell
2013-12-06,2,1,0,0,2,1,1,1,1,0,1,0,0,0,0,0,0,1,1,1,0,1,1,1,0,0,0,0,0,0,0,0,0,0,0,0,0,0,0,-0.00334850,-0.00335999,-0.0042357, 0.00203094,-0.00362925,sell
2013-12-07,1,3,1,0,2,2,2,2,1,0,1,0,0,0,0,0,1,1,0,2,1,1,2,2,0,0,0,0,1,0,0,0,0,0,0,0,0,0,0,-0.00721374,-0.00624081,-0.0087330, 0.00217946,-0.00721374,sell
2013-12-08,0,3,3,0,2,2,0,1,1,0,1,0,0,0,0,0,1,1,1,1,0,0,2,2,1,0,0,0,1,0,0,0,0,0,0,0,0,0,0,-0.00053583,-0.00053583,-0.0012891, 0.00060123, 0.00060123,buy
2013-12-09,3,0,2,0,2,0,1,1,0,0,0,0,0,0,1,0,1,0,0,1,1,1,1,1,1,0,0,0,1,0,0,0,0,0,0,0,0,0,0,-0.00002161,-0.00002161, 0.0000519,-0.00002161,-0.00100385,buy
2013-12-10,1,1,1,1,3,0,1,0,0,0,0,1,0,0,1,1,0,1,1,0,1,0,0,0,1,0,0,0,1,0,0,0,0,0,0,0,0,0,0,-0.00003352,-0.00173596,-0.0017360,-0.00173596,-0.00174516,sell
2013-12-11,2,0,2,1,2,1,1,2,0,0,0,1,0,0,1,1,1,0,1,1,1,1,1,1,1,0,0,0,1,0,0,0,0,0,0,0,0,0,0,-0.00221112,-0.00130660,-0.0030744,-0.00053525,-0.00258532,sell
2013-12-12,2,0,3,0,2,1,2,1,0,0,0,1,0,0,1,1,1,1,2,0,1,1,0,0,1,0,0,0,1,0,0,0,0,0,0,0,0,0,0,-0.00130450,-0.00250726,-0.0025073,-0.00367876,-0.00250726,sell
2013-12-13,1,1,2,0,2,0,2,0,0,0,0,1,0,0,0,1,0,1,1,1,0,1,1,1,0,0,0,0,0,0,0,0,0,0,0,0,0,0,0, 0.00730780, 0.00449421, 0.0042561, 0.00425606, 0.00450607,buy
2013-12-14,0,3,1,1,0,1,1,0,0,0,0,0,0,0,0,0,1,1,0,1,1,1,1,1,0,0,0,0,0,0,0,0,0,0,0,0,0,0,0,-0.01198188,-0.01198188,-0.0119819,-0.00738242,-0.01072114,sell
2013-12-15,1,2,1,0,0,1,1,1,1,0,0,0,0,0,0,0,1,1,1,1,0,0,1,1,0,0,0,0,0,0,0,0,0,0,0,0,0,0,0,-0.01015499,-0.00936100,-0.0101550,-0.00334459,-0.01015499,sell
2013-12-16,1,0,3,0,2,0,1,0,1,0,0,0,1,0,0,0,1,0,0,1,1,0,1,1,0,0,0,0,0,0,0,0,0,0,0,0,0,0,0,-0.00060831,-0.00251431,-0.0004517, 0.00243834,-0.00311040,sell
2013-12-17,1,1,2,1,1,0,0,0,1,0,0,0,1,0,0,0,0,0,1,0,2,1,0,0,0,0,0,0,0,0,0,0,0,0,0,0,0,0,0, 0.00005514, 0.00169959, 0.0016996,-0.00095479, 0.00071351,buy
2013-12-18,1,1,0,1,2,0,0,3,0,0,0,0,1,0,0,0,0,1,1,1,1,0,1,1,0,0,0,0,0,0,0,0,0,0,0,0,1,0,0, 0.00258636, 0.00290809, 0.0024053,-0.00067335, 0.00082489,buy
2013-12-19,1,1,0,0,1,0,0,1,0,0,0,0,0,0,0,0,1,0,1,0,1,0,0,1,0,0,0,0,0,0,0,0,0,0,0,0,1,0,0, 0.00218151,-0.00006955, 0.0021815, 0.00052145, 0.00218151,buy
2013-12-20,1,0,2,0,1,0,1,0,0,0,0,0,0,0,0,0,0,1,1,0,0,1,1,0,0,0,0,0,0,0,0,0,0,0,0,0,1,0,0, 0.00697757, 0.00148491, 0.0055350, 0.00552203, 0.00481869,buy
2013-12-21,1,1,1,0,2,0,2,1,0,0,0,0,0,0,0,0,1,1,0,1,1,1,1,1,0,0,0,0,0,0,0,0,0,0,0,0,1,0,0, 0.00110409, 0.00110409, 0.0011041, 0.00161773, 0.00110409,buy
2013-12-22,1,2,0,1,1,3,1,1,0,0,0,0,0,0,0,0,1,1,1,1,1,1,1,1,0,0,1,0,0,0,0,0,0,0,0,0,1,0,0,-0.00073902,-0.00207268, 0.0019999, 0.00199993,-0.00252748,sell
2013-12-23,2,0,1,1,2,1,1,0,0,0,0,0,0,0,0,0,1,1,1,1,0,1,1,1,0,0,1,0,0,0,0,0,0,0,0,0,0,0,0, 0.00273162, 0.00317104,-0.0027240,-0.00170374, 0.00331382,buy
2013-12-24,0,0,0,0,1,1,3,0,0,0,0,0,0,0,0,0,1,0,0,0,1,0,0,1,0,0,1,0,1,0,0,0,0,0,0,0,0,0,0,-0.00347393,-0.00306059,-0.0044626,-0.00304153,-0.00385763,sell
2013-12-25,0,0,1,1,0,2,2,1,0,0,1,0,0,1,0,0,0,1,1,0,1,1,1,0,0,0,1,0,1,0,0,0,0,0,0,0,0,0,0, 0.00523980, 0.00523980, 0.0049958, 0.00566592, 0.00688078,buy
2013-12-26,0,1,0,1,1,2,2,2,0,0,1,0,1,1,0,0,1,1,1,1,1,0,1,1,0,0,1,0,1,0,0,0,0,0,0,0,0,0,0, 0.00119548, 0.00026514,-0.0006533, 0.00026514, 0.00005377,buy
2013-12-27,1,0,0,0,0,2,2,0,0,0,1,0,1,1,0,0,0,0,1,0,0,1,0,0,0,0,0,0,1,0,0,0,0,0,0,0,0,0,0, 0.00439025, 0.00457626, 0.0043929, 0.00439025, 0.00560253,buy
2013-12-28,1,0,1,0,2,2,2,2,0,0,0,0,1,1,1,0,1,1,0,1,1,1,1,1,0,0,0,0,1,1,0,0,0,0,0,0,0,0,0,-0.00323781,-0.00413553,-0.0051533, 0.00098707,-0.00313484,sell
2013-12-29,0,2,0,0,0,4,0,4,0,1,0,0,0,1,1,0,1,1,1,1,1,1,1,1,0,0,0,0,0,1,0,0,0,0,0,0,0,0,0, 0.00626231, 0.00320183, 0.0029492, 0.00320183, 0.00618343,buy
2013-12-30,1,0,1,0,2,1,2,5,0,1,0,1,0,1,1,0,1,1,1,1,0,1,1,2,0,1,0,1,0,1,0,0,0,0,0,0,0,0,0, 0.00016208,-0.00625978,-0.0054391,-0.00176045,-0.00140863,sell
2013-12-31,0,0,0,0,1,0,2,4,0,1,0,1,0,1,1,0,0,0,1,0,1,0,0,1,0,1,0,1,0,1,0,0,0,0,0,0,0,0,0, 0.00027182,-0.00323568,-0.0034929,-0.00102636, 0.00094129,sell
2014-01-01,0,0,0,1,0,2,2,6,0,1,0,1,0,1,0,0,1,1,2,1,2,1,1,1,0,1,0,1,0,1,0,0,0,0,0,0,0,0,0, 0.00007839,-0.00225186,-0.0022519, 0.00104217, 0.00092851,sell
2014-01-02,0,0,0,1,1,1,1,3,1,1,0,0,0,0,0,0,0,0,2,0,1,0,0,1,0,1,0,1,0,0,0,0,0,0,0,0,0,0,0,-0.00435687,-0.00310860,-0.0049850,-0.00404806,-0.00391459,sell
2014-01-03,2,0,1,1,3,1,1,2,1,0,1,0,0,0,0,0,1,1,1,1,1,1,1,1,0,1,0,1,0,0,0,0,0,0,0,0,0,0,0, 0.00104691,-0.00100344,-0.0010563, 0.00222124,-0.00100344,buy
2014-01-04,1,3,0,2,0,4,0,3,1,0,1,0,0,0,0,1,1,1,1,1,1,1,1,2,1,1,0,0,0,0,0,0,0,0,0,0,0,0,0,-0.00389951,-0.00279258,-0.0030031,-0.00290972,-0.00315496,sell
2014-01-05,1,1,2,1,1,1,3,2,0,0,1,0,1,0,0,1,1,1,1,1,0,1,1,2,1,1,0,0,0,0,0,0,0,0,0,0,0,0,0,-0.00576797, 0.00231719,-0.0074498, 0.00224212, 0.00416787,buy
2014-01-06,1,0,1,1,1,2,1,2,0,0,1,0,1,0,0,1,0,0,1,0,1,0,0,1,1,1,1,0,0,0,0,0,0,0,0,0,0,0,0, 0.00015631,-0.00097339,-0.0023160,-0.00015601,-0.00000613,buy
2014-01-07,0,1,0,2,1,1,1,3,0,0,0,0,1,0,0,1,1,1,1,1,1,0,1,0,1,0,1,0,0,0,0,0,0,0,0,0,0,0,0, 0.00015667, 0.00383653,-0.0003905, 0.00237167, 0.00017437,buy
2014-01-08,0,0,1,2,0,2,1,3,0,0,0,0,0,0,0,0,1,1,1,0,1,1,0,1,0,0,1,0,0,0,0,0,0,0,0,1,0,0,1, 0.00130006, 0.00153880, 0.0013001, 0.00139649, 0.00130006,buy
2014-01-09,1,0,0,0,1,1,3,2,0,0,0,0,0,0,0,0,0,0,1,1,0,0,1,0,0,0,1,0,1,0,1,0,0,0,0,1,0,0,1,-0.00565770,-0.00537066,-0.0053707,-0.00064783,-0.00472464,sell
2014-01-10,2,0,2,1,0,2,3,2,0,0,0,0,0,0,0,0,1,1,0,1,1,1,1,1,0,0,1,0,1,0,1,0,0,0,0,1,1,0,1,-0.00033001,-0.00040453,-0.0001038, 0.00739663,-0.00036774,buy
2014-01-11,0,4,0,0,0,2,2,3,0,0,0,0,0,0,0,0,1,1,1,1,0,1,1,1,0,0,0,0,1,0,1,0,0,0,0,1,1,0,1, 0.00131742, 0.00363945, 0.0043330, 0.00258343, 0.00161867,buy
2014-01-12,1,2,1,0,2,1,3,2,0,0,1,0,0,0,0,0,1,1,0,1,0,1,1,1,0,0,0,0,1,0,1,0,0,1,0,1,1,0,1,-0.00362379,-0.00296205,-0.0034726,-0.00596070,-0.00287635,sell
2014-01-13,2,0,2,0,1,1,2,2,0,0,1,0,0,0,0,0,0,1,0,0,1,1,0,1,0,0,0,0,1,0,1,0,0,1,0,1,0,0,1, 0.00001882,-0.00186643,-0.0006571,-0.00042517,-0.00001935,sell
2014-01-14,1,1,0,1,1,1,1,3,0,0,1,0,0,0,0,0,0,0,1,1,1,0,1,0,0,0,0,0,0,0,1,0,1,1,0,1,0,0,0, 0.00086361,-0.00142402, 0.0004804,-0.00018002, 0.00111968,sell
2014-01-15,1,1,0,1,1,1,0,3,0,0,1,0,0,0,0,0,1,1,1,1,1,0,0,1,0,0,0,0,0,0,0,0,1,1,0,0,0,0,0, 0.00036373, 0.00222143, 0.0000433, 0.00041144, 0.00146199,buy
2014-01-16,1,0,1,1,0,1,1,2,0,0,0,0,0,0,1,0,0,0,1,0,1,1,0,1,0,0,0,0,0,0,0,0,1,1,0,0,0,0,0, 0.00178075, 0.00117494, 0.0017807, 0.00106833, 0.00360314,buy
2014-01-17,1,0,2,0,2,1,2,1,0,0,0,1,0,0,1,0,1,1,1,1,0,0,1,0,0,0,0,0,0,0,0,0,1,1,0,0,0,0,0,-0.00028533,-0.00545694,-0.0002853, 0.00020618,-0.00872249,sell
2014-01-18,0,2,2,0,1,2,3,2,1,0,0,1,0,0,1,0,1,1,0,1,1,1,1,1,0,0,0,0,0,0,0,0,1,1,0,0,0,0,0,-0.00156091,-0.00360475,-0.0015609, 0.00082473,-0.00875605,sell
2014-01-19,1,0,3,1,1,4,0,0,1,0,0,1,0,0,0,0,1,1,1,1,0,1,1,1,0,0,0,0,0,0,0,0,0,1,0,0,0,0,0,-0.00025438, 0.00015978,-0.0002544,-0.00032971,-0.00042717,buy
2014-01-20,1,1,1,0,3,0,2,0,1,0,0,1,0,0,0,0,1,1,0,1,1,1,0,1,0,0,0,0,0,0,0,0,0,0,0,0,0,0,0,-0.00417351,-0.00873376,-0.0039184,-0.00010961,-0.00393664,sell
2014-01-21,1,0,2,0,1,1,1,0,1,0,0,0,0,0,0,0,0,0,1,0,2,1,0,1,0,0,0,0,0,0,0,0,0,0,0,0,0,0,0, 0.00182326, 0.00212708, 0.0026829, 0.00143299,-0.00013208,buy
2014-01-22,0,1,1,2,1,1,0,2,0,0,0,0,0,0,0,0,1,0,2,1,1,0,1,0,0,0,1,0,0,0,0,1,0,0,0,0,0,0,0,-0.00061921, 0.00457289, 0.0016040, 0.00363078, 0.00117706,buy
2014-01-23,1,1,0,1,2,0,0,0,0,1,0,0,0,0,0,0,0,1,1,0,1,0,0,1,0,0,1,0,0,0,0,1,0,0,0,0,0,0,0,-0.00019523,-0.00325258, 0.0003723,-0.00047570,-0.00059752,sell
2014-01-24,3,0,1,1,1,0,1,2,0,1,0,0,1,0,0,0,1,0,1,1,0,1,1,0,0,0,1,0,0,0,0,1,0,0,0,0,0,0,0,-0.00729662,-0.00552433,-0.0076911,-0.00534741,-0.00635325,sell
2014-01-25,2,2,0,1,3,2,0,1,0,1,0,0,1,0,1,0,2,1,0,1,1,0,1,1,0,0,1,0,0,0,0,1,0,0,0,0,0,0,0, 0.00071475, 0.00096470, 0.0007753, 0.00024332, 0.00275483,buy
2014-01-26,3,1,1,1,2,4,1,2,0,1,0,0,1,0,1,1,2,1,1,2,0,1,1,1,0,0,1,0,0,0,0,1,0,0,1,0,0,0,0,-0.00634181,-0.00416765, 0.0007909,-0.00064436,-0.00046633,sell
2014-01-27,1,1,1,1,2,4,3,0,1,0,0,1,0,0,1,1,1,1,0,1,1,1,0,2,0,0,0,0,0,1,0,1,0,0,1,0,0,0,0,-0.00927843,-0.01144318,-0.0128508,-0.01285083,-0.01285083,sell
2014-01-28,1,1,0,2,1,3,3,1,1,0,0,1,0,0,1,1,1,0,1,1,1,1,1,1,0,0,0,0,0,1,0,1,0,0,1,0,0,0,0,-0.00993665,-0.01078902,-0.0115682,-0.01151245,-0.01148335,sell
2014-01-29,1,1,0,2,0,2,2,2,1,0,0,1,0,0,0,1,1,1,1,1,1,0,0,1,0,0,0,0,0,1,0,1,0,0,1,0,0,0,0,-0.00809565,-0.00722885,-0.0097392,-0.00973920,-0.00922779,sell
2014-01-30,1,1,2,1,3,1,2,1,1,0,0,1,0,0,0,1,1,0,1,1,0,1,1,1,1,0,0,1,0,1,0,1,0,0,1,0,0,0,0,-0.00647966,-0.00612663,-0.0072031,-0.00694009,-0.00694009,sell
2014-01-31,2,1,2,1,3,2,1,1,0,0,0,0,0,0,0,0,2,1,0,2,1,1,1,1,1,0,0,1,0,1,0,1,0,0,1,0,1,0,0, 0.00139905, 0.00312493,-0.0020634, 0.00129818,-0.00338909,buy
2014-02-01,2,3,1,1,4,1,1,0,0,0,0,0,0,0,0,0,2,1,1,2,0,1,1,2,1,0,0,1,0,0,0,1,0,0,1,0,1,0,0,-0.00503016,-0.00374704,-0.0048693,-0.00025675,-0.00581850,sell
2014-02-02,2,1,3,1,3,0,1,0,0,0,0,0,0,0,0,0,1,1,0,1,1,1,0,2,1,0,0,1,0,0,0,1,0,0,1,0,1,0,0, 0.00349344, 0.00622103, 0.0019150, 0.00299549,-0.00155750,buy
2014-02-03,0,1,1,1,3,1,0,2,0,0,1,0,0,0,0,0,1,0,1,1,1,1,1,1,0,0,0,1,0,0,0,1,0,0,1,0,1,0,0,-0.00904788,-0.01152986,-0.0093110,-0.00957783,-0.01184248,sell
2014-02-04,0,0,1,2,1,1,1,2,0,0,1,0,0,0,0,0,1,1,1,1,1,1,1,0,0,0,0,0,0,0,0,1,0,0,1,0,1,0,0,-0.00813433,-0.00948738,-0.0079445,-0.00650709,-0.01135059,sell
2014-02-05,0,0,1,2,0,0,1,0,0,0,1,0,0,0,0,0,0,1,1,0,1,0,0,1,0,0,0,0,0,0,0,0,0,0,1,0,0,0,0, 0.00145477, 0.00131026, 0.0014548, 0.00131026,-0.00429063,buy
2014-02-06,1,0,0,0,1,0,1,1,0,0,1,0,0,0,0,0,1,0,0,1,0,1,1,0,0,0,0,0,0,0,0,0,0,0,1,0,0,0,0, 0.00571960, 0.00526372, 0.0045892, 0.00557697, 0.00320698,buy
2014-02-07,0,1,2,1,0,2,0,0,0,0,1,0,0,0,0,0,1,1,0,1,1,0,1,1,0,0,0,0,0,0,0,0,0,0,1,0,0,0,0, 0.00551473, 0.00551473, 0.0055147, 0.00621822, 0.00078728,buy
2014-02-08,0,2,1,0,1,0,1,1,0,0,1,0,0,0,0,0,1,1,1,1,0,0,1,1,0,0,0,0,0,0,0,0,0,0,0,0,0,0,0, 0.00357604, 0.00347993, 0.0025865, 0.00264858, 0.00357604,buy
2014-02-09,2,1,1,0,0,0,0,1,0,0,1,0,0,0,0,0,0,1,0,0,1,1,0,1,0,0,0,0,1,0,0,0,0,0,0,0,0,0,0, 0.00496474, 0.00321088, 0.0051219, 0.00307805,-0.00241092,buy
2014-02-10,3,2,0,0,0,0,0,2,0,0,0,0,0,0,0,0,0,1,1,0,1,1,1,1,0,0,0,0,1,0,0,0,0,0,0,0,0,0,0, 0.00408030, 0.00391378, 0.0061465, 0.00398394,-0.00060635,buy
2014-02-11,0,3,0,1,0,1,0,2,0,0,0,0,0,0,0,0,1,0,1,1,1,1,1,0,0,0,0,0,1,1,0,0,0,0,0,0,0,0,0, 0.00394393, 0.00442746, 0.0039439, 0.00387856,-0.00015733,buy
2014-02-12,3,1,1,0,0,1,0,3,0,0,0,0,0,0,0,1,0,1,1,0,1,1,0,1,0,1,0,0,1,1,0,0,0,0,0,0,0,0,0, 0.00767279, 0.00738466, 0.0075159, 0.00688685, 0.00520030,buy
2014-02-13,3,1,2,0,1,2,0,1,0,0,0,1,0,0,0,1,1,0,1,1,0,0,1,0,1,1,0,0,1,1,0,0,0,0,0,0,0,0,0,-0.00263919,-0.00302328,-0.0033273,-0.00263919,-0.00758271,sell
2014-02-14,3,3,1,1,0,4,1,1,0,1,0,1,0,1,0,1,1,1,0,2,1,1,1,0,1,1,0,1,0,1,0,0,0,0,0,0,0,0,0,-0.00333342,-0.00371382,-0.0055602,-0.00346252,-0.00365953,sell
2014-02-15,3,4,0,2,0,5,2,0,1,1,0,1,0,1,1,1,1,1,1,1,0,1,1,1,1,1,0,1,0,1,0,0,0,0,0,0,0,0,0,-0.00328236,-0.00450004,-0.0045719,-0.00494103,-0.00453260,sell
2014-02-16,4,2,1,0,0,6,1,0,1,1,0,1,0,1,1,0,1,1,0,1,0,0,1,1,1,1,0,1,0,0,1,0,0,1,0,0,0,0,0,-0.00163928,-0.00163928,-0.0013717,-0.00188219,-0.00440731,sell
2014-02-17,3,1,1,0,2,3,1,1,1,1,0,0,1,0,1,0,0,1,0,0,1,1,0,1,0,1,0,1,0,0,1,0,0,1,0,0,0,0,0, 0.00062164, 0.00078171, 0.0014891, 0.00167265, 0.00346678,buy
2014-02-18,1,2,1,1,0,4,0,3,1,0,0,0,1,0,1,0,1,0,1,1,1,1,1,0,0,0,0,1,0,0,1,0,0,1,0,0,0,0,0, 0.00457261, 0.00519659, 0.0041575, 0.00358699, 0.00457261,buy
2014-02-19,1,2,0,0,1,2,0,1,0,0,0,0,1,0,1,0,0,1,1,0,1,1,0,0,0,0,0,0,0,0,1,0,0,1,0,0,0,0,0, 0.00211346, 0.00119839,-0.0013686, 0.00217571, 0.00267769,buy
2014-02-20,4,0,1,0,0,1,0,1,0,0,0,0,1,0,0,0,1,1,1,0,0,1,1,1,0,0,0,0,0,0,1,0,0,1,0,0,0,0,0, 0.00070586, 0.00384901,-0.0008642, 0.00109772, 0.00079849,buy
2014-02-21,1,2,1,0,0,1,1,1,0,0,0,0,1,0,0,0,2,0,0,1,1,0,2,0,0,0,1,0,0,0,0,0,0,1,0,0,0,0,0,-0.00033407,-0.00033407,-0.0021588,-0.00000015, 0.00008872,buy
2014-02-22,0,2,0,0,2,2,1,2,0,0,0,0,0,0,0,0,1,1,1,1,1,1,1,1,0,0,1,0,0,0,0,0,0,1,0,1,0,0,0,-0.00420956,-0.00380313,-0.0032303,-0.00253063,-0.00243385,sell
2014-02-23,1,0,1,0,1,3,1,0,0,0,0,0,0,0,0,0,1,1,0,1,0,0,1,1,0,0,1,0,0,0,0,0,0,1,0,1,0,0,0,-0.00531549,-0.00261749,-0.0054201,-0.00531549,-0.00542014,sell
2014-02-24,0,0,0,0,1,1,5,0,0,0,0,0,0,0,0,0,0,1,1,0,1,1,0,1,0,0,1,0,0,0,0,0,0,0,0,1,1,0,0,-0.00472279,-0.00585836,-0.0047228,-0.00491436,-0.00571682,sell
2014-02-25,0,0,0,1,0,3,3,1,0,0,0,0,0,0,0,0,1,0,2,1,1,1,1,0,0,0,1,0,0,0,0,0,0,0,0,1,1,0,0,-0.00317320,-0.00187209,-0.0032045,-0.00332740,-0.00233542,sell
2014-02-26,0,0,0,0,1,3,2,2,0,0,0,0,0,0,0,0,0,1,2,0,1,1,0,1,0,0,0,0,0,0,0,0,0,0,0,1,1,0,0,-0.00593195,-0.00639102,-0.0056706,-0.00710917,-0.00684046,sell
2014-02-27,1,0,1,0,4,1,2,0,0,0,0,0,0,0,0,0,1,0,1,1,0,1,1,0,1,0,0,0,0,1,0,0,0,0,0,1,1,0,0, 0.00151666,-0.00122147,-0.0043072,-0.00302367, 0.00351004,sell
2014-02-28,3,1,0,0,1,3,0,2,0,0,0,0,0,0,0,0,1,1,1,1,1,0,1,1,1,0,0,0,0,1,0,0,1,0,0,0,1,0,0,-0.00657641, 0.00030353,-0.0068893,-0.00494129,-0.00642284,sell
2014-03-01,2,3,0,0,2,1,2,1,0,0,0,0,0,0,0,0,1,1,1,1,0,1,1,1,1,1,0,1,0,1,0,0,1,0,0,0,1,0,0,-0.00333731,-0.00227418,-0.0015610,-0.00227418, 0.00087973,sell
2014-03-02,2,1,2,0,2,1,1,1,0,0,0,0,0,0,0,0,0,1,1,0,1,0,0,1,1,1,0,1,0,1,0,0,1,0,0,0,1,0,0,-0.00821726,-0.00060595,-0.0027104,-0.00186998,-0.00258818,sell
2014-03-03,1,3,0,0,3,2,1,4,0,0,0,0,0,0,0,0,1,0,2,1,1,1,1,0,1,1,0,1,0,1,1,0,1,0,0,0,1,0,1,-0.00333067, 0.01031606, 0.0003139,-0.00426361,-0.00322682,sell
2014-03-04,0,2,1,2,0,3,1,2,0,0,0,0,0,0,0,0,0,1,1,0,1,1,0,1,0,1,0,1,0,0,1,0,1,0,0,0,1,0,1,-0.00397839,-0.00344162,-0.0034416,-0.00344162,-0.00344162,sell
2014-03-05,1,2,0,0,1,1,4,2,0,0,0,0,0,0,0,0,1,0,1,1,0,1,1,0,0,1,0,1,0,0,1,0,1,0,0,0,1,0,1,-0.00667453,-0.00402431,-0.0049836,-0.00555709,-0.00585816,sell
2014-03-06,0,2,2,1,0,3,1,1,0,0,0,0,0,0,0,0,1,1,0,1,1,1,1,1,0,0,0,0,0,0,1,0,0,0,0,0,1,0,1, 0.00083802, 0.00186559, 0.0031174, 0.00321035, 0.00279839,buy
2014-03-07,0,3,2,0,1,1,1,2,0,0,0,0,0,0,0,0,1,2,1,1,0,0,1,1,0,0,0,0,0,0,1,0,0,0,0,0,1,0,1,-0.00064587, 0.00248885, 0.0032274,-0.00009020,-0.00019150,buy
2014-03-08,0,2,2,0,1,1,1,3,0,0,0,0,1,0,0,0,1,1,0,1,1,1,1,1,0,0,0,0,0,0,0,0,0,0,0,0,1,0,1, 0.00410001, 0.00425442, 0.0037640, 0.00428211, 0.00428211,buy
2014-03-09,3,0,1,0,0,1,0,1,0,0,0,0,1,0,0,0,0,1,1,0,1,0,0,1,0,0,0,0,0,0,0,0,0,0,0,0,1,0,0,-0.00020834,-0.00064229, 0.0026366,-0.00673688,-0.00185407,sell
2014-03-10,1,1,0,1,1,1,0,2,0,0,0,0,1,0,0,0,1,0,1,1,1,0,1,0,0,0,0,0,0,0,0,0,0,1,0,0,1,0,0,-0.00040562, 0.00079681, 0.0012525,-0.00033967, 0.00192422,buy
2014-03-11,3,2,0,0,1,1,0,3,1,0,0,0,1,0,0,0,0,1,1,0,1,1,0,1,0,0,0,0,1,0,0,0,0,1,0,0,1,0,0, 0.00075685, 0.00091158, 0.0008487, 0.00413346,-0.00084875,buy
2014-03-12,3,2,1,0,2,2,0,2,1,1,0,0,1,0,1,0,1,0,1,0,0,1,1,1,0,0,0,0,1,0,0,0,0,1,0,0,1,0,0,-0.00484917,-0.00247514,-0.0056988,-0.00600837,-0.00570438,sell
2014-03-13,3,1,2,0,2,2,0,2,1,1,0,0,1,0,1,0,1,0,0,1,1,1,1,0,0,0,0,0,1,0,0,0,0,1,0,0,1,0,0,-0.00624125,-0.00206358,-0.0066339,-0.00663390,-0.00647732,sell
2014-03-14,2,3,1,1,1,4,2,1,1,1,0,1,0,0,1,0,1,1,1,1,1,1,1,1,0,0,0,0,1,0,0,0,0,1,0,0,1,0,0, 0.00473470, 0.00497235,-0.0026042,-0.00641164,-0.00501976,sell
2014-03-15,4,1,3,1,0,5,1,0,1,1,0,1,0,0,1,1,1,1,1,1,0,0,1,1,0,1,0,0,1,0,0,1,0,0,0,0,1,0,0, 0.00437055,-0.00081115, 0.0016672, 0.00166716, 0.00166716,buy
2014-03-16,2,0,2,1,2,3,2,0,0,1,0,1,0,0,1,1,0,1,0,0,1,1,0,1,0,1,0,0,0,0,0,1,0,0,0,0,1,1,0, 0.00145417, 0.00145417, 0.0013833,-0.00203152, 0.00137986,buy
2014-03-17,1,0,4,1,1,3,1,2,0,0,0,1,0,0,0,1,1,0,1,1,1,0,1,1,0,1,0,0,0,0,1,1,0,0,0,0,1,1,0,-0.00185896, 0.00200891, 0.0045514,-0.00006377, 0.00220938,buy
2014-03-18,1,1,3,1,2,2,1,2,0,0,0,1,0,0,0,1,1,1,1,1,1,0,1,0,0,1,0,0,0,0,1,1,0,0,1,0,1,1,0,-0.00373564,-0.00371189,-0.0005139,-0.00386877,-0.00047612,sell
2014-03-19,1,0,3,0,2,1,1,0,0,0,0,0,0,0,0,0,0,1,1,0,1,1,0,1,0,0,0,0,0,0,1,1,0,0,1,0,1,1,0, 0.00120188,-0.00219532, 0.0007550, 0.00243617,-0.00219532,sell
2014-03-20,1,1,2,0,1,1,2,0,0,0,0,0,0,0,0,0,1,0,0,1,0,1,1,0,0,0,0,0,0,0,1,0,0,0,1,0,1,1,0,-0.00350417,-0.00350417,-0.0031208,-0.00460060,-0.00336709,sell
2014-03-21,1,2,1,0,3,2,0,1,0,0,1,0,0,0,0,0,1,1,1,1,1,1,1,1,0,0,0,0,0,0,1,0,0,0,1,0,1,0,0,-0.00498686,-0.00496229,-0.0031665,-0.00415060,-0.00572173,sell
2014-03-22,1,0,1,0,2,3,0,1,0,0,1,0,0,0,0,0,1,1,1,1,0,0,1,1,0,0,0,0,0,0,0,0,0,0,1,0,1,0,0, 0.00448589, 0.00437177, 0.0044859, 0.00462378, 0.00326203,buy
2014-03-23,0,1,0,0,1,1,2,1,0,1,1,0,0,0,0,0,0,1,0,0,1,1,0,1,0,0,0,0,0,0,0,0,0,0,0,0,1,0,0,-0.00497809,-0.00533245,-0.0051011,-0.00517089,-0.00386508,sell
2014-03-24,0,1,0,1,1,2,1,2,0,1,1,0,0,0,0,0,1,0,1,1,1,1,1,0,0,0,1,0,0,0,0,0,0,0,0,0,1,0,0,-0.00507831,-0.00619291,-0.0046409,-0.00560661,-0.00597034,sell
2014-03-25,1,1,0,0,2,2,1,2,1,1,0,0,0,0,1,0,0,1,1,0,1,0,0,1,0,0,1,0,0,0,0,0,0,0,0,0,1,0,0, 0.00229788, 0.00247287, 0.0022979, 0.00231756, 0.00231756,buy
2014-03-26,1,3,1,0,4,1,3,0,1,1,0,1,0,0,1,1,1,0,1,1,0,1,1,0,0,0,1,0,1,0,0,0,0,0,0,0,1,0,0, 0.00069973, 0.00082202, 0.0011673, 0.00195453, 0.00195453,buy
2014-03-27,3,3,0,0,3,4,1,1,1,0,0,1,0,0,1,1,1,1,0,2,1,1,1,1,0,0,1,0,1,0,0,0,0,0,0,0,1,0,0, 0.00085090, 0.00201508, 0.0015446, 0.00154463, 0.00154463,buy
2014-03-28,3,4,0,0,4,2,2,1,1,0,0,1,0,0,1,1,1,1,1,2,0,1,1,1,0,0,1,0,1,0,0,0,1,0,0,1,1,0,0, 0.00182686, 0.00103487, 0.0021429, 0.00214664, 0.00214287,buy
2014-03-29,2,1,2,0,1,1,2,1,0,0,0,1,0,0,0,0,0,1,0,1,1,0,0,1,0,0,1,0,1,0,0,0,1,0,0,1,1,0,0, 0.00723058, 0.00815398, 0.0081540, 0.00732272, 0.00815398,buy
2014-03-30,1,2,1,0,1,1,0,4,0,0,0,0,0,0,0,0,1,0,1,1,1,1,1,1,1,0,0,0,1,0,0,0,1,0,0,1,1,0,0,-0.00593044,-0.00658623,-0.0054672,-0.00332264,-0.00540819,sell
2014-03-31,2,1,1,2,0,2,0,4,0,0,0,0,0,0,0,0,1,1,1,1,1,0,1,1,1,0,0,0,0,1,0,1,1,0,0,1,1,0,1, 0.00097921, 0.00367034, 0.0011459, 0.00309913,-0.00159143,buy
2014-04-01,2,1,1,1,0,2,2,2,0,1,0,0,1,0,0,0,1,0,1,0,0,0,0,1,1,0,0,1,0,1,0,1,0,0,0,0,1,1,1, 0.00311884, 0.00578049, 0.0061317, 0.00038592, 0.00578049,buy
2014-04-02,3,1,2,1,2,3,1,2,0,1,0,0,1,0,0,0,1,1,0,1,1,1,1,0,1,0,0,1,0,1,0,1,0,0,1,0,1,1,1, 0.00534198, 0.00740497, 0.0066548, 0.00505035, 0.00762128,buy
2014-04-03,2,3,3,1,0,6,0,3,0,1,0,0,1,0,0,1,1,1,1,1,1,1,1,1,1,0,0,1,0,1,0,1,0,0,1,0,1,1,1, 0.00642042, 0.00624396, 0.0064744, 0.00358687, 0.00647442,buy
2014-04-04,2,3,2,0,1,3,2,2,0,0,0,0,1,0,0,1,1,2,1,1,0,1,1,1,0,0,0,1,0,1,0,1,0,0,1,0,1,1,0, 0.00630349, 0.00611346, 0.0063341, 0.00579456, 0.00630349,buy
2014-04-05,2,0,2,0,0,3,0,1,0,0,0,0,0,0,0,1,0,1,0,0,1,0,0,1,0,0,0,1,0,0,0,0,0,0,1,0,1,1,0, 0.00062393,-0.00118219, 0.0006239, 0.00056405,-0.00020463,buy
2014-04-06,1,1,1,1,0,2,0,1,0,0,0,0,0,0,0,1,1,0,1,1,1,0,1,0,0,0,0,0,0,0,0,0,0,0,1,0,1,0,0,-0.00526889,-0.00509190,-0.0051913,-0.00542482,-0.00650007,sell
2014-04-07,1,1,0,2,0,1,0,4,0,0,0,0,0,0,0,0,1,1,1,1,1,1,1,1,0,1,0,0,0,0,0,0,0,0,0,0,1,0,0,-0.00014478, 0.00078470,-0.0003514, 0.00078470,-0.00014478,buy
2014-04-08,0,1,1,1,0,1,0,1,0,0,0,0,0,0,0,0,0,0,1,0,0,0,0,1,0,1,0,0,0,0,0,0,1,0,0,0,1,0,0,-0.00070221,-0.00046497,-0.0007022,-0.00140703, 0.00047657,buy
2014-04-09,2,1,2,1,1,2,1,0,0,0,0,0,0,0,0,0,1,1,1,1,0,1,1,0,0,1,1,0,0,0,0,0,1,0,0,0,1,0,0,-0.00295986,-0.00244855,-0.0044055,-0.00417042,-0.00295986,sell
2014-04-10,1,4,1,1,1,3,2,1,0,0,1,0,1,0,0,0,1,1,0,1,1,1,1,1,0,1,1,0,1,0,0,0,1,1,0,0,1,0,0, 0.00178246, 0.00251223, 0.0022124, 0.00229503, 0.00229503,buy
2014-04-11,1,2,2,2,1,4,1,0,0,0,1,0,1,0,0,0,1,1,1,1,0,1,1,1,0,0,1,0,1,0,1,0,0,1,0,0,1,0,0, 0.00512972, 0.00512972, 0.0023311, 0.00367696, 0.00359630,buy
2014-04-12,1,2,3,1,3,2,2,0,0,0,1,0,1,0,0,0,1,1,0,1,1,1,1,1,0,0,1,0,1,0,1,0,0,1,0,0,1,0,1, 0.00365450, 0.00365450, 0.0012845, 0.00248697, 0.00261638,buy
2014-04-13,0,1,2,1,1,3,0,1,1,0,0,0,0,0,1,0,0,0,1,0,1,0,0,1,0,0,1,0,1,0,1,0,0,1,0,0,1,0,1, 0.00061454, 0.00092859, 0.0032746,-0.00109820, 0.00007172,buy
2014-04-14,0,2,1,2,1,2,0,4,1,0,0,1,0,0,1,0,1,1,2,1,2,0,1,0,0,0,0,0,0,0,1,0,0,0,0,0,1,0,1,-0.00163267,-0.00392858,-0.0039286,-0.00392858, 0.00078934,sell
2014-04-15,0,2,0,3,1,1,0,2,1,1,0,1,0,0,1,0,0,0,1,0,1,1,0,1,0,0,0,0,0,0,1,0,0,0,0,0,1,0,1,-0.00473095,-0.00866652,-0.0086665,-0.00862423,-0.00382361,sell
2014-04-16,3,0,1,1,2,1,2,1,0,1,0,1,0,0,1,0,1,1,1,1,0,0,1,0,0,0,0,0,0,0,0,1,0,0,1,0,1,1,0,-0.00301835,-0.00332357,-0.0036997,-0.00301835,-0.00332357,sell
2014-04-17,1,2,1,1,3,3,1,0,0,1,0,0,0,0,0,0,1,2,0,1,1,1,1,1,0,0,0,0,0,0,0,1,0,0,1,0,1,1,0,-0.00610483,-0.00354251, 0.0028319,-0.00030957, 0.00006082,sell
2014-04-18,2,1,3,1,2,4,2,1,0,0,1,0,1,0,0,1,1,2,1,1,0,1,1,1,0,0,0,0,0,0,0,1,1,0,1,0,1,1,0, 0.00102781, 0.00146807, 0.0025055,-0.00193660, 0.00104557,buy
2014-04-19,3,1,3,1,3,2,3,0,0,0,1,0,1,0,0,1,1,1,0,1,1,2,1,1,0,0,0,0,0,0,0,1,1,0,1,0,1,1,0,-0.00074273,-0.00200490,-0.0011622,-0.00205613,-0.00205613,sell
2014-04-20,2,0,2,2,1,3,2,2,0,0,1,0,1,0,0,1,1,1,1,1,1,1,1,0,0,0,0,0,0,0,0,1,1,0,1,0,1,1,0,-0.00047923,-0.00740725,-0.0053719,-0.00682105,-0.00682105,sell
2014-04-21,0,0,0,1,0,2,1,3,0,0,0,0,0,0,0,0,1,1,1,1,1,0,1,1,0,0,0,0,0,0,0,0,0,0,0,0,1,0,0,-0.00245959, 0.00105680,-0.0024140, 0.00038234,-0.00413053,sell
2014-04-22,0,0,0,0,1,1,0,1,0,0,0,0,0,0,0,0,0,0,1,0,0,1,0,0,0,0,0,0,0,0,0,0,0,0,0,0,1,0,0, 0.00740239, 0.00294513, 0.0074024, 0.00711278, 0.00641677,buy
2014-04-23,3,0,2,0,1,1,1,1,0,0,0,0,0,0,0,0,1,1,0,1,1,0,1,1,0,0,0,0,0,0,0,0,0,0,0,1,1,0,1, 0.00562701, 0.00180698, 0.0054380, 0.00612598, 0.00518371,buy
2014-04-24,1,3,1,0,0,3,1,0,0,0,0,0,0,1,0,0,1,1,1,1,0,1,1,1,0,0,0,0,0,0,0,0,0,0,0,1,1,0,1, 0.00276726, 0.00311944, 0.0041142, 0.00413783, 0.00419927,buy
2014-04-25,3,0,3,0,1,2,3,0,0,0,1,0,0,1,0,0,1,1,0,1,1,1,1,1,0,0,1,0,0,0,0,0,0,0,0,1,1,0,1,-0.00028480,-0.00159641, 0.0019513, 0.00020782, 0.00080507,buy
2014-04-26,1,1,1,0,2,1,2,0,0,0,1,0,0,1,0,0,0,0,1,0,1,1,0,0,0,0,1,0,0,0,0,0,0,0,0,1,1,0,1,-0.00337470,-0.00452669,-0.0033860,-0.00527215, 0.00022882,sell
2014-04-27,0,0,1,2,2,2,2,2,0,0,1,0,0,1,0,0,1,1,2,1,1,1,1,1,0,0,1,0,0,0,0,0,0,0,0,0,1,0,0, 0.00407531, 0.00389247, 0.0038672, 0.00401727, 0.00146487,buy
2014-04-28,1,0,2,1,0,2,1,0,0,1,0,1,0,0,0,0,0,0,1,0,1,0,0,1,0,0,1,0,0,0,0,0,0,0,0,0,1,0,0, 0.00012318,-0.00106365, 0.0017996,-0.00007333,-0.00062277,buy
2014-04-29,2,0,3,0,2,1,4,0,1,1,0,1,0,0,1,0,1,1,1,1,0,1,1,1,0,0,1,0,0,0,0,0,0,0,0,0,1,0,0,-0.00844119,-0.00217159,-0.0055015,-0.00279690,-0.00127943,sell
2014-04-30,1,2,2,1,1,3,1,0,1,0,0,1,0,0,1,0,1,1,0,1,1,0,1,1,0,1,0,0,0,0,0,0,0,0,0,0,1,0,0, 0.00198462, 0.00198462, 0.0019846, 0.00243219, 0.00198462,buy
2014-05-01,1,1,3,0,2,1,2,1,1,0,0,0,0,0,0,1,2,1,1,1,0,1,1,1,0,1,0,0,0,0,0,0,0,0,0,0,0,0,0, 0.00067873, 0.00189841,-0.0062260, 0.00249667, 0.00055471,buy
2014-05-02,2,0,4,1,2,1,1,0,0,0,0,0,1,0,0,1,1,0,0,1,1,1,1,1,0,1,0,1,0,1,0,0,0,0,0,0,0,0,0, 0.00112548, 0.00169437, 0.0024007, 0.00169437, 0.00267166,buy
2014-05-03,2,1,2,1,1,1,1,0,0,0,0,0,1,0,0,1,0,0,1,0,1,1,0,0,1,1,0,1,0,1,0,0,0,0,0,0,0,0,0, 0.00559113, 0.00660233, 0.0056571, 0.00724193, 0.00559364,buy
2014-05-04,3,2,0,1,1,0,2,3,0,1,0,0,0,0,0,0,1,1,2,1,1,1,1,1,1,0,0,1,0,1,0,0,0,0,0,0,0,0,0, 0.00035251, 0.00095588,-0.0027139, 0.00083818, 0.00328747,buy
2014-05-05,2,3,0,0,1,0,1,0,0,1,0,1,0,0,0,0,0,0,1,0,1,0,0,0,1,0,0,1,0,1,0,0,0,0,0,0,0,0,0, 0.00200020, 0.00573123, 0.0026291, 0.00623373, 0.00083055,buy
2014-05-06,2,3,3,0,2,1,2,1,0,1,0,1,0,0,1,0,1,1,1,1,0,1,1,0,1,0,0,1,0,1,1,0,0,0,0,1,0,0,0, 0.00132368, 0.00116588,-0.0004727,-0.00040312,-0.00019446,buy
2014-05-07,1,2,2,0,3,3,2,2,1,0,0,1,0,0,1,0,1,1,0,1,1,1,1,1,1,0,0,0,0,1,1,0,0,1,0,1,0,0,0,-0.00212686,-0.00084622,-0.0008932,-0.00084622,-0.00084622,buy
2014-05-08,0,4,1,2,2,5,1,0,1,0,0,0,0,0,1,1,1,2,1,1,0,0,1,1,1,0,0,0,1,0,1,0,0,1,0,1,0,0,0,-0.00007369, 0.00099476, 0.0021862, 0.00099476, 0.00095827,buy
2014-05-09,2,2,2,3,3,1,2,0,1,0,0,0,0,0,0,1,1,1,1,1,1,1,1,1,0,0,0,0,1,0,1,0,1,1,0,1,0,0,0, 0.00240125, 0.00190767, 0.0046520, 0.00240125, 0.00240125,buy
2014-05-10,1,1,1,2,1,0,1,1,0,0,1,0,0,0,0,1,0,0,0,0,1,1,0,0,0,0,0,0,1,0,1,0,1,1,0,0,0,0,0, 0.00556386, 0.00610282, 0.0056726, 0.00605662, 0.00562638,buy
2014-05-11,1,1,1,3,1,1,0,3,0,1,1,0,0,0,0,0,1,1,1,1,1,1,1,1,0,0,0,0,1,0,0,0,1,1,0,0,0,0,0, 0.00204066, 0.00219359, 0.0016111, 0.00223920, 0.00223920,buy
2014-05-12,1,1,1,3,1,0,0,2,0,1,1,0,0,0,0,0,1,0,1,0,1,1,1,1,0,0,0,0,1,0,0,0,1,0,0,0,0,0,0, 0.00274581, 0.00385938, 0.0020559, 0.00292899, 0.00209448,buy
2014-05-13,2,1,1,0,1,0,1,1,0,1,0,1,0,0,0,0,0,1,1,1,0,0,0,0,0,1,0,0,0,0,0,0,0,0,1,0,0,0,0,-0.00206722,-0.00491255,-0.0012215,-0.00114424,-0.00122151,sell
2014-05-14,1,1,2,1,1,1,2,1,0,0,0,1,0,0,1,0,1,1,0,1,1,1,1,1,0,1,0,0,0,0,0,0,0,0,1,0,0,1,0, 0.00049422, 0.00130271, 0.0013027, 0.00272661, 0.00049422,buy
2014-05-15,0,3,1,0,0,2,2,2,0,0,0,1,0,0,1,0,1,1,1,1,0,0,1,1,0,1,0,0,0,0,0,0,0,0,1,0,0,1,0, 0.00102234, 0.00045348, 0.0004535, 0.00356193, 0.00096526,buy
2014-05-16,2,1,3,1,3,0,3,2,1,0,0,1,0,0,1,1,1,1,0,1,1,1,1,1,0,1,0,0,0,0,0,1,0,0,1,0,0,1,1,-0.00338776,-0.00322505,-0.0028095,-0.00326392,-0.00123720,sell
2014-05-17,1,2,2,1,1,1,2,2,1,0,0,0,1,0,1,1,0,1,1,0,1,1,0,0,0,1,0,1,0,0,0,1,0,0,0,0,0,1,1,-0.00117593,-0.00133775, 0.0009159,-0.00117593,-0.00117593,sell
2014-05-18,1,2,2,2,1,1,1,4,1,0,0,0,1,0,0,1,1,1,1,1,1,1,1,1,0,0,0,1,0,0,0,1,0,0,0,1,0,0,1, 0.00413413, 0.00574447, 0.0057445, 0.00589236, 0.00461668,buy
2014-05-19,2,1,2,1,2,2,0,1,1,0,0,0,1,0,0,0,0,1,2,0,0,1,0,0,0,0,0,1,0,1,0,1,0,0,0,1,0,0,1,-0.00161456,-0.00087390,-0.0017016,-0.00206954, 0.00484747,buy
2014-05-20,2,3,3,0,2,2,1,2,0,0,0,0,1,0,0,0,1,2,1,1,1,0,1,1,0,0,0,1,0,1,1,1,0,1,0,1,0,0,0,-0.00591730,-0.00635289,-0.0063529,-0.00629940,-0.00591874,sell
2014-05-21,0,5,1,0,0,4,0,1,0,0,0,0,0,0,0,0,1,1,1,1,0,1,1,1,0,0,0,1,0,1,1,0,0,1,0,1,0,0,0,-0.00374050,-0.00295486,-0.0029549,-0.00382349, 0.00018276,sell
2014-05-22,2,1,2,0,1,3,1,0,0,0,0,0,0,0,0,0,1,1,1,1,1,0,1,1,1,0,0,0,0,1,1,0,0,1,0,0,0,0,0,-0.00116925,-0.00026867,-0.0002687,-0.00026218,-0.00112359,buy
2014-05-23,1,2,0,0,0,3,1,0,0,0,0,0,0,0,0,0,0,0,0,0,2,1,0,0,1,0,0,0,0,1,1,0,0,1,0,0,0,0,0,-0.00338703,-0.00360692,-0.0021217,-0.00283668,-0.00269488,sell
2014-05-24,0,2,1,2,1,3,1,2,0,0,0,0,0,0,0,0,1,1,1,1,2,2,1,1,1,0,0,0,0,0,1,0,0,1,0,0,0,0,0,-0.00248785,-0.00248785,-0.0024451,-0.00229274,-0.00191986,sell
2014-05-25,0,0,1,1,0,3,0,1,0,0,0,0,0,0,0,0,1,0,1,0,1,1,0,1,1,0,0,0,0,0,0,0,0,0,0,0,0,0,0,-0.00190061,-0.00192745,-0.0019274,-0.00192745,-0.00140820,sell
2014-05-26,1,0,1,0,2,1,1,1,0,0,0,0,0,0,0,0,0,1,1,1,0,1,1,0,1,0,1,0,0,0,0,0,0,0,0,0,0,0,0, 0.00784290, 0.00613474, 0.0066442, 0.00536126, 0.00784290,buy
2014-05-27,1,2,1,1,1,1,1,1,0,0,0,0,0,0,0,0,1,1,0,2,1,0,1,1,1,0,1,0,0,0,0,0,0,0,0,0,0,0,0,-0.00374766,-0.00374766,-0.0009430,-0.00116439,-0.00073562,sell
2014-05-28,2,2,0,0,0,2,0,2,0,0,0,0,0,0,0,0,1,1,1,1,0,1,1,1,0,1,1,0,0,0,0,0,0,0,0,0,0,0,0, 0.00118901, 0.00158308, 0.0003294, 0.00010109, 0.00118901,buy
2014-05-29,3,0,2,0,1,0,1,1,0,0,0,0,0,0,0,0,1,1,0,1,1,0,1,1,0,1,1,0,0,0,0,0,0,0,0,0,0,0,0, 0.00168017, 0.00119429,-0.0001273, 0.00013140, 0.00168017,buy
2014-05-30,1,1,0,0,0,0,0,1,0,0,0,0,0,0,0,0,0,0,0,0,1,0,0,0,0,1,1,0,0,0,0,0,0,0,0,0,0,0,0,-0.00023217,-0.00121149,-0.0009025,-0.00078551,-0.00077404,sell
2014-05-31,3,2,0,1,1,0,0,4,0,0,0,0,1,0,0,0,0,1,1,1,2,1,1,1,0,1,1,0,0,0,0,0,0,0,0,0,0,0,0,-0.00682700,-0.00569806,-0.0065283,-0.00109223,-0.00812860,sell
2014-06-01,2,2,1,0,0,1,0,2,0,0,0,0,1,0,0,0,1,0,1,0,1,1,1,1,0,1,0,1,0,0,0,0,0,0,0,0,0,0,0, 0.00194705, 0.00205356, 0.0012814, 0.00187403, 0.00479628,buy
2014-06-02,1,1,2,0,0,0,3,0,0,0,0,0,1,0,0,0,0,1,1,0,0,1,0,0,0,1,0,1,0,0,0,0,0,1,0,0,0,0,0,-0.00146293,-0.00017223, 0.0001130,-0.00294071,-0.00493293,sell
2014-06-03,1,1,2,0,1,0,4,1,0,0,0,0,1,0,0,0,1,1,0,1,1,1,1,1,0,0,0,1,0,0,0,0,0,1,0,0,0,0,0,-0.00405961,-0.00163404,-0.0032550,-0.00298036,-0.00398112,sell
2014-06-04,0,3,1,0,1,3,2,0,0,0,0,0,1,0,0,0,2,1,0,1,0,0,1,1,0,0,0,1,0,1,0,0,0,1,0,0,0,0,0,-0.00316009,-0.00245503,-0.0032215,-0.00322154,-0.00313963,sell
2014-06-05,2,1,3,1,2,1,3,1,0,0,0,0,1,0,0,0,1,1,1,1,1,1,1,1,0,0,0,1,0,1,1,0,1,1,0,0,0,0,0,-0.00070840,-0.00009267,-0.0000927, 0.00048594,-0.00248607,sell
2014-06-06,1,1,3,0,1,0,4,1,0,0,0,0,1,0,0,0,1,0,0,0,1,1,1,1,0,0,0,0,1,1,1,0,1,1,0,0,0,0,0, 0.00138953, 0.00116485, 0.0011476, 0.00114270, 0.00116485,buy
2014-06-07,2,1,3,0,0,1,1,0,0,0,0,0,1,0,0,0,0,1,1,0,1,0,0,0,0,0,0,0,1,1,1,0,1,0,1,0,0,0,0, 0.00116907, 0.00351269, 0.0014961, 0.00211104, 0.00351269,buy
2014-06-08,3,2,2,1,1,0,1,2,0,0,0,0,1,0,0,0,1,1,1,1,1,1,1,1,0,0,0,0,1,1,1,0,1,0,1,0,0,0,0, 0.00385477, 0.00399103, 0.0050979, 0.00308133, 0.00255147,buy
2014-06-09,3,3,2,0,1,0,0,0,0,0,0,0,1,0,0,0,0,0,2,0,0,1,0,0,0,0,0,0,1,0,1,0,1,0,1,0,0,1,0,-0.00132792, 0.00204818,-0.0004693,-0.00356728, 0.00204818,buy
2014-06-10,4,1,3,0,3,0,1,0,0,0,0,0,1,0,0,0,1,1,1,1,1,1,1,1,0,0,0,0,1,0,1,0,0,0,1,0,0,1,0, 0.00150674, 0.00152633, 0.0024217,-0.00065849, 0.00152633,buy
2014-06-11,1,2,2,1,2,3,0,0,0,0,0,0,1,0,0,0,1,1,0,1,0,1,1,1,1,0,0,0,0,0,0,0,0,0,0,1,0,1,1, 0.00142056,-0.00178251,-0.0027212, 0.00077270,-0.00128511,sell
2014-06-12,1,2,1,1,4,0,2,1,0,0,0,0,1,0,0,0,1,1,1,1,1,0,1,1,1,0,0,0,0,0,0,0,0,0,0,1,0,1,1,-0.00185311,-0.00200343,-0.0028321,-0.00242451,-0.00283212,sell
2014-06-13,0,1,2,2,3,1,0,0,0,0,0,0,1,0,0,0,1,0,0,0,2,1,0,0,1,0,0,0,0,0,0,0,0,0,0,1,0,1,1,-0.00054016,-0.00250865,-0.0025087,-0.00403615,-0.00301644,sell
2014-06-14,0,1,1,1,1,1,2,3,0,0,0,0,1,0,0,0,0,1,1,1,2,0,1,1,1,0,0,0,0,0,0,0,0,0,0,1,0,0,1,-0.00504561,-0.00309749,-0.0056400,-0.00436185,-0.00436185,sell
2014-06-15,0,1,1,1,1,1,1,1,0,0,0,0,1,0,0,0,1,0,1,0,1,1,0,1,1,0,0,0,0,0,0,0,0,0,0,0,0,0,0, 0.00235931, 0.00198976, 0.0019898, 0.00184771, 0.00235931,buy
2014-06-16,2,2,0,0,3,0,2,1,0,0,0,0,1,0,0,0,0,1,1,1,1,1,1,1,1,0,0,0,0,0,0,1,0,0,0,0,0,0,0,-0.00250393,-0.00334967,-0.0034559,-0.00143282,-0.00136413,sell
2014-06-17,2,2,1,0,0,2,1,1,0,0,0,0,0,0,0,0,1,1,0,1,1,1,1,2,0,0,0,0,0,0,0,1,0,0,0,0,0,0,0,-0.00987613,-0.00745485,-0.0073765,-0.00544766,-0.01164143,sell
2014-06-18,1,2,2,0,1,0,2,0,0,0,0,0,0,1,0,0,1,1,1,1,1,0,1,2,0,0,0,0,0,0,0,1,0,0,0,0,0,0,0,-0.00323261,-0.00370015,-0.0048972,-0.00168962,-0.00175724,sell
2014-06-19,2,2,1,0,1,0,1,1,0,0,0,0,0,1,0,0,1,0,0,0,2,1,1,1,0,0,0,0,0,0,0,1,0,0,1,0,0,0,0, 0.00212318, 0.00212318, 0.0023265, 0.00177780, 0.00186424,buy
2014-06-20,0,2,0,1,1,0,1,1,0,0,0,0,0,1,0,0,0,1,1,1,1,0,1,0,0,0,0,0,0,0,0,1,0,0,1,0,0,0,0, 0.00425783, 0.00425783, 0.0042061, 0.00125671, 0.00352442,buy
2014-06-21,0,3,1,2,0,1,0,1,0,0,0,0,0,1,0,0,1,1,1,0,1,0,1,1,0,0,0,0,1,0,0,0,1,0,1,0,0,0,0, 0.00144133,-0.00112014, 0.0014413,-0.00003985,-0.00202884,buy
2014-06-22,1,3,0,0,0,1,2,0,0,0,0,0,0,0,0,0,0,0,1,1,0,1,0,0,0,0,0,0,1,0,0,0,1,0,1,0,0,1,0,-0.00015004, 0.00124244,-0.0027645,-0.00234702,-0.00168345,buy
2014-06-23,1,3,2,1,3,2,1,0,1,0,0,0,0,0,0,0,1,1,0,1,1,1,1,1,0,0,0,0,1,0,0,0,1,0,1,0,1,1,0,-0.00605000, 0.00049835,-0.0002785, 0.00017361,-0.00223710,sell
2014-06-24,0,5,0,0,3,2,1,1,1,0,0,0,0,0,0,0,1,1,1,1,0,1,1,1,0,0,0,0,1,0,0,0,1,0,0,0,1,1,0,-0.00467373, 0.00010720, 0.0005348, 0.00010515,-0.00121200,sell
2014-06-25,2,3,2,0,2,2,1,1,1,0,0,0,0,0,0,0,1,1,1,1,1,0,1,1,0,0,0,0,1,0,0,0,1,0,0,0,1,1,1,-0.00330608, 0.00143791,-0.0009446, 0.00103199,-0.00205424,buy
2014-06-26,1,3,0,0,3,1,0,0,1,0,0,0,0,0,0,0,1,0,0,0,1,0,0,1,0,0,0,0,0,0,0,0,1,0,0,0,1,1,1,-0.00122457,-0.00163234,-0.0027894,-0.00163234,-0.00278939,sell
2014-06-27,2,2,0,1,2,0,0,0,1,0,0,0,0,0,0,0,0,0,1,1,1,1,0,0,0,0,1,0,0,0,0,0,0,0,0,0,1,0,1,-0.00398349,-0.00397813,-0.0042256,-0.00266357,-0.00341827,sell
2014-06-28,2,2,0,1,2,0,0,4,1,0,0,0,0,0,0,0,1,1,1,1,1,0,1,1,0,0,1,0,0,0,0,0,0,1,0,0,1,0,1,-0.00321400,-0.00152914,-0.0040885,-0.00234027,-0.00095937,sell
2014-06-29,1,1,1,0,3,0,0,1,1,0,0,0,0,0,0,0,1,0,1,0,0,1,0,0,0,0,1,0,0,0,0,0,0,1,0,0,1,0,1,-0.00111106,-0.00210206,-0.0011111,-0.00036569,-0.00139412,sell
2014-06-30,2,0,2,0,3,0,2,2,1,0,0,0,0,0,0,0,0,1,1,1,1,1,1,1,0,0,1,0,0,0,0,0,0,1,0,0,1,0,0,-0.00343045,-0.00274271,-0.0030697,-0.00220321,-0.00310465,sell
2014-07-01,1,2,0,0,2,2,2,1,0,0,0,0,0,0,0,0,1,1,0,1,0,1,1,1,0,0,1,0,0,0,0,1,0,1,0,0,1,0,0,-0.00179224, 0.00051933, 0.0010584, 0.00092804, 0.00092804,buy
2014-07-02,1,1,1,2,1,4,1,0,0,0,0,0,0,0,0,0,1,1,1,1,0,1,1,1,0,0,0,1,0,0,0,1,0,0,1,0,1,0,0,-0.00034617,-0.00037236, 0.0037072,-0.00392173, 0.00113297,buy
2014-07-03,1,0,2,1,3,2,1,0,0,0,0,0,0,0,0,0,1,1,0,1,1,0,1,1,0,0,0,1,0,0,0,1,0,0,1,0,1,0,0, 0.00609751, 0.00641137, 0.0027418, 0.00540097,-0.00083665,buy
2014-07-04,0,0,2,1,1,2,1,0,0,0,0,0,0,0,0,0,1,0,1,0,1,0,0,0,0,0,0,1,0,0,0,1,0,0,1,0,1,0,0, 0.00250301, 0.00264999, 0.0039827,-0.00108434, 0.00077684,buy
2014-07-05,0,0,3,2,2,1,1,2,0,0,0,0,0,0,0,0,0,1,1,1,1,1,1,0,0,0,0,1,0,0,0,1,0,0,1,1,1,1,0,-0.00311509,-0.00496031,-0.0066948,-0.00631883,-0.00505770,sell
2014-07-06,0,1,1,1,1,0,1,2,0,0,0,0,0,0,0,0,1,1,1,0,0,0,0,1,0,0,0,1,0,1,0,0,0,0,0,1,1,1,0, 0.00686855,-0.00190107,-0.0022326, 0.00501777,-0.00503164,sell
2014-07-07,3,0,2,0,1,0,2,1,0,0,0,0,0,0,0,0,0,0,1,1,1,1,1,0,0,0,0,0,1,1,0,0,0,0,0,1,1,1,0,-0.00257650,-0.00285499,-0.0026314,-0.00301535,-0.00295011,sell
2014-07-08,3,0,2,0,4,1,1,1,1,0,0,0,0,0,0,0,1,1,0,1,1,1,1,1,0,0,0,0,1,1,0,0,0,0,0,1,1,1,0,-0.00559674,-0.00537121,-0.0064632,-0.00299238,-0.00533114,sell
2014-07-09,2,3,1,0,3,2,0,2,1,0,0,0,0,0,0,0,2,1,1,1,0,1,1,1,0,0,0,0,1,1,0,0,0,0,0,1,1,0,0,-0.00435401,-0.00552916,-0.0044206,-0.00378394,-0.00230259,sell
2014-07-10,3,1,2,0,4,0,2,1,1,0,0,0,0,0,0,0,2,1,0,1,1,1,1,1,0,0,0,0,1,1,0,0,1,0,0,0,1,0,0,-0.00738655,-0.00725777,-0.0077149,-0.00479974,-0.00713813,sell
2014-07-11,3,0,1,0,1,1,1,0,1,0,0,0,0,0,0,0,1,0,1,1,1,0,0,0,0,0,0,0,1,0,0,0,1,0,0,0,0,0,1,-0.00722293,-0.00728270,-0.0078338,-0.00429001,-0.00662960,sell
2014-07-12,2,2,0,2,1,1,1,3,1,0,0,0,1,0,0,0,1,1,1,1,1,1,1,1,0,0,1,0,0,0,0,0,1,0,0,0,0,0,1, 0.00092132, 0.00342137, 0.0034214, 0.00342137,-0.00078066,buy
2014-07-13,2,2,0,1,3,0,0,0,1,0,0,0,1,0,0,0,1,0,1,1,0,0,0,0,0,0,1,0,0,0,0,0,1,0,0,0,0,0,1,-0.00136817,-0.00183412,-0.0018341,-0.00326518,-0.00168997,sell
2014-07-14,4,2,2,0,2,1,1,1,1,0,0,0,1,0,0,0,1,1,0,2,1,1,1,1,0,0,1,0,0,0,0,0,1,0,0,0,0,0,1, 0.00124794, 0.00107537, 0.0012528, 0.00135049,-0.00091942,buy
2014-07-15,2,5,1,0,0,2,1,2,0,0,0,0,1,0,0,0,1,1,1,2,0,1,1,1,0,1,1,0,0,0,1,0,1,0,0,0,0,0,1, 0.00237763, 0.00220417, 0.0039456, 0.00274504, 0.00268285,buy
2014-07-16,4,3,2,0,1,0,1,2,0,0,0,0,1,0,0,0,1,1,0,1,1,1,1,1,0,1,1,0,0,0,1,0,1,0,0,0,0,0,1, 0.00338205, 0.00197928, 0.0034626, 0.00326139, 0.00258238,buy
2014-07-17,2,1,0,0,2,0,0,3,0,0,1,0,0,0,0,0,1,0,1,1,1,0,0,0,0,1,0,0,0,0,1,1,0,0,0,0,0,0,0,-0.00117298,-0.00140505,-0.0014050,-0.00073740,-0.00140505,sell
2014-07-18,1,1,1,2,1,1,0,4,0,0,1,0,0,0,0,0,0,1,1,1,1,1,1,1,0,1,0,0,0,0,1,1,0,0,0,1,0,0,0,-0.00106083,-0.00160076,-0.0017150,-0.00160076,-0.00052042,sell
2014-07-19,1,1,0,2,1,0,1,4,0,0,1,0,0,0,0,0,1,1,1,0,0,1,0,1,0,1,0,0,0,0,1,1,0,0,0,1,0,0,0,-0.00089291,-0.00300202,-0.0030020,-0.00091860,-0.00406066,sell
2014-07-20,2,1,0,1,2,0,1,2,0,0,1,0,0,0,0,0,0,0,1,1,1,0,1,0,0,1,0,0,0,0,1,1,0,0,0,1,0,0,0,-0.00353851,-0.00365784,-0.0028438,-0.00353741,-0.00349394,sell
2014-07-21,0,2,2,1,1,1,2,2,0,0,0,1,0,0,0,0,1,1,0,1,0,1,1,1,0,1,0,0,0,0,1,1,0,0,0,1,0,0,0, 0.00267840,-0.00221190,-0.0022119, 0.00267840,-0.00228938,sell
2014-07-22,1,2,2,1,0,2,1,2,0,0,0,1,0,0,0,0,1,1,1,1,1,1,1,1,1,1,0,0,0,0,0,0,0,1,0,0,0,0,0, 0.00189118, 0.00046149, 0.0039557, 0.00154697, 0.00074526,buy
2014-07-23,4,0,1,1,0,2,1,2,0,0,0,1,1,0,1,0,1,1,0,0,1,1,1,1,1,1,0,0,0,0,0,0,0,1,0,0,0,0,0, 0.00111201, 0.00181277, 0.0019924, 0.00181277, 0.00184707,buy
2014-07-24,5,1,0,1,2,0,0,1,0,0,0,0,1,0,1,0,1,1,1,1,1,1,0,1,1,0,0,0,0,0,0,0,0,1,0,0,0,0,0, 0.00100408, 0.00100408, 0.0024900, 0.00100408, 0.00039226,buy
2014-07-25,3,1,0,1,0,0,0,2,0,0,0,0,1,0,1,0,0,0,1,1,1,0,1,0,1,0,0,0,0,0,0,0,0,1,0,0,0,0,0,-0.00124504,-0.00092222,-0.0001134,-0.00125109,-0.00139007,sell
2014-07-26,2,2,0,1,0,0,0,3,0,0,1,0,1,0,1,0,1,1,1,0,0,1,0,1,1,0,0,0,0,0,0,0,0,1,1,0,0,0,0,-0.00164387, 0.00033037, 0.0000828, 0.00266607, 0.00044611,buy
2014-07-27,1,1,2,1,0,0,0,1,0,0,1,0,0,0,0,0,0,0,1,1,1,1,1,0,1,0,0,0,0,0,0,0,0,0,1,0,0,0,0, 0.00240130, 0.00155131, 0.0025753, 0.00240130, 0.00257525,buy
2014-07-28,1,2,1,1,0,0,1,1,0,0,1,0,0,0,0,0,0,0,0,1,1,0,1,1,0,0,1,0,0,0,0,0,0,0,1,0,0,0,0,-0.00350690,-0.00217090,-0.0033840, 0.00283297,-0.00506652,sell
2014-07-29,0,2,1,2,2,0,2,0,0,0,0,0,0,0,0,0,1,1,1,1,0,1,1,1,0,0,1,0,0,0,0,0,0,0,1,0,0,0,0,-0.00009691,-0.00041782,-0.0025194,-0.00209841, 0.00046981,buy
2014-07-30,2,0,2,0,0,4,1,1,0,0,0,0,0,0,0,0,1,1,0,1,1,1,1,1,0,0,1,0,0,0,0,0,0,0,0,1,0,1,0,-0.00150987,-0.00155695,-0.0015569,-0.00150987,-0.00072504,sell
2014-07-31,1,0,1,0,2,2,1,2,0,0,0,0,0,0,0,1,1,1,0,0,1,1,0,1,0,0,1,0,0,0,0,0,0,0,0,1,0,1,0,-0.00280075,-0.00295634,-0.0029563,-0.00306874,-0.00190803,sell
2014-08-01,1,0,3,1,2,0,2,4,1,1,0,0,0,0,0,1,1,1,1,1,1,1,1,0,0,0,1,1,0,0,0,0,0,0,0,1,0,1,0,-0.00668231,-0.00152385,-0.0046491,-0.00835545,-0.00063528,sell
2014-08-02,1,1,1,1,1,0,0,3,1,1,0,0,0,0,0,1,0,0,1,0,1,0,1,0,0,0,0,1,0,0,0,0,0,0,0,1,0,1,0,-0.00851773,-0.00546976,-0.0064597,-0.00836011,-0.00419608,sell
2014-08-03,2,0,2,0,0,0,1,3,1,1,1,0,0,0,0,0,1,1,1,1,0,1,0,1,0,0,0,1,0,0,0,0,0,0,0,1,0,0,0, 0.00257418, 0.00063631,-0.0027320, 0.00253982, 0.00077511,buy
2014-08-04,0,1,3,0,0,0,1,2,0,1,1,0,0,0,0,0,0,0,0,1,1,1,1,0,0,0,0,1,0,0,0,0,0,1,0,0,0,0,0,-0.00500433,-0.00500433,-0.0048510,-0.00821607,-0.00500433,sell
2014-08-05,1,2,3,0,2,1,0,1,0,0,1,1,0,0,0,0,1,1,1,1,0,0,1,1,0,0,0,1,0,0,0,0,0,1,0,0,0,0,0,-0.00139945, 0.00045658,-0.0010966,-0.00103378,-0.00028385,buy
2014-08-06,2,2,2,0,3,2,0,1,0,0,0,1,0,1,0,0,1,2,1,1,1,1,1,1,0,0,0,1,0,0,0,0,0,1,0,0,0,0,0, 0.00091713, 0.00091713, 0.0008561, 0.00095200, 0.00176594,buy
2014-08-07,2,2,2,0,0,2,3,1,0,0,0,1,0,1,1,0,1,2,1,0,1,1,0,1,0,0,0,0,1,1,0,0,0,1,0,0,0,0,0,-0.00073561,-0.00100361,-0.0013820, 0.00101768,-0.00073561,buy
2014-08-08,2,0,2,0,0,1,3,3,0,0,0,0,1,1,1,0,1,1,2,1,1,1,1,0,0,0,0,0,1,1,0,0,0,0,0,0,0,0,0,-0.00402374,-0.00286929,-0.0063583,-0.00463560,-0.00392826,sell
2014-08-09,2,0,0,1,1,1,0,3,0,0,0,0,1,1,1,0,1,0,2,0,0,0,0,1,0,0,0,0,1,1,0,0,0,0,0,0,0,0,0,-0.00626606,-0.00510729,-0.0052931,-0.00187110,-0.00612999,sell
2014-08-10,1,0,0,2,2,0,1,4,0,0,0,0,1,1,0,0,1,1,1,1,1,1,1,0,0,0,0,0,1,1,0,0,0,0,0,0,0,0,0,-0.00182759,-0.00453186,-0.0023617, 0.00121168,-0.00486305,sell
2014-08-11,2,0,1,0,0,2,0,1,0,0,0,0,0,0,0,0,1,0,1,1,0,0,1,1,0,0,0,0,1,1,0,0,0,0,0,0,0,0,0,-0.00496859,-0.00647765,-0.0049017,-0.00286540,-0.00545151,sell
2014-08-12,2,3,2,0,1,0,1,0,0,0,0,1,0,0,0,0,2,1,1,1,1,1,1,1,0,0,0,0,0,0,0,0,0,0,0,0,0,0,0, 0.00025622, 0.00055916, 0.0013884, 0.00162498, 0.00057184,buy
2014-08-13,1,6,2,0,1,0,0,0,0,0,0,1,0,0,0,0,2,1,1,0,1,2,0,2,0,0,0,0,0,0,0,0,0,0,0,0,0,0,0, 0.00212675, 0.00191424, 0.0024221, 0.00222689, 0.00242212,buy
2014-08-14,2,2,3,0,1,1,0,1,0,0,0,1,0,0,0,0,1,1,2,1,1,2,1,1,0,0,0,0,0,0,0,0,0,0,0,0,0,0,0,-0.00077927, 0.00087198, 0.0029555, 0.00045828, 0.00082407,buy
2014-08-15,1,1,0,0,0,1,0,1,0,0,0,0,0,0,1,0,0,0,1,0,0,1,0,0,0,0,0,0,0,0,0,0,0,0,0,0,0,0,1, 0.00423796, 0.00216652, 0.0042380, 0.00423796, 0.00270070,buy
2014-08-16,1,1,1,3,1,0,1,2,0,0,0,0,0,0,1,0,1,1,1,1,1,0,1,1,0,0,0,0,0,0,0,1,0,1,0,0,0,0,1,-0.00037442,-0.00362963, 0.0028621,-0.00381551,-0.00357115,sell
2014-08-17,0,3,1,1,1,1,0,2,0,0,0,0,0,0,1,0,0,0,0,1,1,1,2,0,0,0,0,1,0,0,0,1,0,1,0,0,0,0,1,-0.00125795, 0.00076273,-0.0032923,-0.00125795,-0.00092253,buy
2014-08-18,0,1,4,1,1,1,2,2,1,0,1,0,0,0,0,1,1,1,1,1,0,0,1,1,0,0,0,1,0,0,0,1,0,1,0,0,0,0,1, 0.00548294, 0.00654895, 0.0033321, 0.00547817, 0.00545734,buy
2014-08-19,0,2,5,1,1,1,3,1,1,0,1,0,0,0,0,1,1,1,0,1,1,1,1,1,0,0,0,1,0,0,0,1,0,1,1,0,0,0,1, 0.00598660, 0.00694794, 0.0057058, 0.00691722, 0.00589277,buy
2014-08-20,3,3,1,1,2,0,2,1,1,0,1,1,0,0,0,1,1,1,1,0,1,1,0,1,0,0,0,1,0,0,0,1,0,0,1,0,0,0,1, 0.00471154, 0.00409094, 0.0038714, 0.00409094, 0.00471154,buy
2014-08-21,5,1,1,1,2,1,1,1,1,0,0,1,0,0,0,1,1,1,1,1,1,1,1,1,0,0,0,1,0,0,0,0,0,0,1,0,0,0,0, 0.00061513, 0.00062758,-0.0007174, 0.00087157, 0.00059708,buy
2014-08-22,1,2,1,0,1,0,0,0,0,0,0,1,0,0,0,0,0,0,1,0,0,1,0,0,0,0,0,0,0,1,0,0,0,0,1,0,0,0,0, 0.00149086, 0.00453299, 0.0016756, 0.00646694, 0.00140239,buy
2014-08-23,1,1,4,0,1,0,1,1,0,1,0,0,0,0,1,0,1,0,1,1,0,1,0,1,0,0,0,0,0,1,0,0,0,0,1,0,0,1,0, 0.00017587,-0.00036980,-0.0002902, 0.00017587, 0.00017587,buy
2014-08-24,2,2,1,0,0,0,2,3,0,1,0,0,1,0,1,0,0,1,0,1,1,0,1,0,0,0,0,0,0,1,0,0,1,0,0,0,0,1,0, 0.00084012,-0.00118888,-0.0010508,-0.00387885, 0.00084012,sell
2014-08-25,1,3,1,1,0,0,2,2,0,1,0,0,1,0,1,0,0,0,1,1,0,1,1,0,0,0,0,0,0,1,0,0,1,0,0,1,0,1,0, 0.00293845, 0.00048340, 0.0002379, 0.00274455, 0.00414419,buy
2014-08-26,2,1,1,1,1,0,5,2,0,1,0,0,1,0,0,0,1,1,1,1,1,0,1,1,0,0,0,0,0,1,0,0,1,0,0,1,0,1,0, 0.00585332, 0.00693858, 0.0025568, 0.00585332, 0.00520685,buy
2014-08-27,0,0,0,1,0,2,3,2,0,1,0,0,0,0,0,0,1,1,0,0,1,0,0,1,0,0,1,0,0,0,0,0,1,0,0,1,0,0,0, 0.00040715, 0.00001230, 0.0011600, 0.00240352, 0.00004260,buy
2014-08-28,0,0,1,1,2,3,1,3,1,0,0,0,0,0,0,0,1,1,1,1,1,1,0,1,0,0,1,0,0,0,0,0,1,0,0,1,0,0,0, 0.00063793,-0.00062856,-0.0006919,-0.00150211,-0.00069190,buy
2014-08-29,0,1,0,2,3,2,0,2,1,0,0,0,0,0,0,0,0,1,1,1,1,1,1,1,0,0,1,0,0,0,0,0,1,0,0,0,0,0,0, 0.00119896,-0.00256314,-0.0026101,-0.00367508,-0.00256314,sell
2014-08-30,1,0,0,1,0,2,1,1,1,0,0,0,0,0,0,1,0,0,1,0,0,1,0,0,0,0,1,0,0,0,0,0,1,0,0,0,0,0,0, 0.00715841, 0.00871168, 0.0066866, 0.00723836, 0.00737597,buy
2014-08-31,1,1,1,1,1,2,2,1,1,0,0,0,0,0,0,1,1,1,1,1,1,1,1,1,1,0,1,0,0,0,0,0,0,0,1,0,0,0,0, 0.00650122, 0.00662985, 0.0065992, 0.00662985, 0.00672669,buy
2014-09-01,1,2,0,0,1,2,0,0,0,0,0,0,0,0,0,1,0,1,0,1,0,0,1,0,1,0,0,1,0,0,0,0,0,0,1,0,0,0,0,-0.00014914,-0.00014914, 0.0027647,-0.00027141,-0.00172348,buy
2014-09-02,3,1,0,0,4,1,0,2,0,0,0,0,0,0,0,1,1,0,1,1,1,1,1,1,1,0,0,1,0,0,0,0,0,0,1,0,0,0,0, 0.00451679, 0.00344808, 0.0013857, 0.00226558, 0.00184457,buy
2014-09-03,2,2,0,0,3,2,0,0,0,0,0,0,1,0,0,0,1,1,0,0,1,0,1,1,1,0,0,1,0,0,0,0,0,0,1,0,0,0,0, 0.00590512, 0.00649353, 0.0079212, 0.00649353, 0.00384050,buy
2014-09-04,2,2,2,0,1,4,2,1,0,0,1,0,1,0,0,0,1,1,1,1,1,1,1,2,1,0,0,1,0,0,0,0,0,0,1,0,0,1,0, 0.00363426, 0.00136201, 0.0037089, 0.00361249, 0.00378638,buy
2014-09-05,1,2,1,0,1,2,3,1,0,0,1,0,1,0,0,0,0,1,1,0,1,1,1,1,1,0,0,1,0,0,0,0,0,0,0,0,0,1,0, 0.00188797,-0.00005597, 0.0022539, 0.00197789, 0.00216119,buy
2014-09-06,0,2,3,1,2,0,2,1,0,0,1,0,0,0,0,0,1,0,1,1,0,2,1,1,0,0,0,0,0,1,1,0,0,0,0,0,0,1,0,-0.00109711,-0.00109711,-0.0010971,-0.00158948,-0.00109711,buy
2014-09-07,0,1,3,0,0,2,2,3,0,0,1,0,0,0,0,0,0,1,0,1,1,1,2,1,0,0,0,0,0,1,1,0,0,0,0,0,0,1,0, 0.00147170, 0.00136460, 0.0014717,-0.00072219, 0.00273638,buy
2014-09-08,0,0,2,2,1,1,2,1,0,0,0,1,0,0,0,0,1,0,1,1,0,1,2,0,0,0,0,0,0,1,1,0,0,1,0,0,0,0,0,-0.00063759,-0.00074528,-0.0008449,-0.00100983,-0.00121719,sell
2014-09-09,3,1,1,2,1,1,3,1,1,1,0,1,0,0,0,0,1,1,0,0,1,1,1,1,0,0,0,0,1,1,1,0,0,1,0,0,0,0,0,-0.00366740,-0.00292452,-0.0030542,-0.00503604, 0.00146102,sell
2014-09-10,1,3,1,1,1,1,3,2,1,1,0,1,0,0,0,0,1,1,1,1,1,0,1,1,0,0,0,0,1,1,1,0,0,1,0,0,0,0,0,-0.00377678,-0.00251262,-0.0055341,-0.00678076,-0.00370341,sell
2014-09-11,0,1,4,2,0,2,3,1,1,1,0,1,0,0,1,0,0,2,1,0,1,1,1,1,0,0,0,0,1,0,1,0,0,1,0,0,0,0,0,-0.00507864,-0.00678377,-0.0060451,-0.00625082,-0.00504387,sell
2014-09-12,1,1,1,2,0,1,4,1,1,1,0,0,0,0,1,0,1,1,1,1,0,1,0,0,0,0,0,0,1,0,1,0,0,1,0,0,0,0,0,-0.00360569,-0.00457002,-0.0042220,-0.00427219,-0.00473383,sell
2014-09-13,2,1,0,3,1,1,2,1,0,1,0,0,0,0,1,0,1,0,0,1,1,1,1,1,0,0,0,0,1,0,1,0,0,0,1,0,0,0,0,-0.00161938,-0.00248491,-0.0011187,-0.00248491,-0.00476562,sell
2014-09-14,1,1,0,2,2,2,0,1,0,1,0,0,1,0,1,0,0,1,1,1,0,0,1,0,0,0,0,0,0,0,0,1,0,0,1,0,0,0,0, 0.00471319, 0.00566401, 0.0046553, 0.00180190, 0.00322321,buy
2014-09-15,1,0,3,0,3,1,2,1,0,1,0,0,1,0,0,1,1,0,0,1,1,1,1,1,0,0,0,0,0,0,0,1,0,0,1,0,0,0,0,-0.00040093,-0.00461748,-0.0064544,-0.00461748,-0.00495058,sell
2014-09-16,2,3,2,0,3,1,0,1,0,0,1,0,1,0,0,1,1,1,1,0,1,1,0,1,0,0,0,0,0,0,0,1,0,0,1,0,0,1,0,-0.00111826,-0.00330026,-0.0028173,-0.00330026,-0.00234419,sell
2014-09-17,1,4,1,1,4,0,0,1,0,0,1,0,1,0,0,1,1,1,1,1,1,0,1,1,0,0,0,0,0,0,0,1,0,0,0,0,0,1,0,-0.00193047,-0.00207122,-0.0022848,-0.00207122,-0.00185814,sell
2014-09-18,2,3,1,0,3,0,1,1,0,0,1,0,1,0,0,1,0,1,1,0,1,1,1,1,0,0,0,0,0,0,0,1,0,0,0,0,0,1,0,-0.00080711,-0.00200366,-0.0017554,-0.00200366,-0.00080711,sell
2014-09-19,1,1,3,0,1,0,1,0,0,0,1,0,0,0,0,1,0,1,1,1,0,0,0,0,0,0,0,0,0,0,0,0,0,0,0,1,0,1,0, 0.00427651, 0.00152326, 0.0052069, 0.00589052, 0.00394249,buy
2014-09-20,1,0,1,0,1,2,1,2,0,0,0,0,0,0,0,1,1,0,0,1,1,1,1,1,1,0,0,0,0,0,0,0,0,0,0,1,0,0,0,-0.00345519,-0.00403449,-0.0040854, 0.00330485, 0.00356017,sell
2014-09-21,0,2,0,0,2,1,1,2,0,0,0,0,0,0,0,1,0,1,0,1,0,1,1,1,1,0,0,0,0,0,0,0,0,0,0,1,0,0,0,-0.00355768,-0.00407697,-0.0041276, 0.00191403, 0.00108798,sell
2014-09-22,1,0,1,1,1,1,2,1,0,0,0,0,0,0,0,0,1,1,1,1,0,0,1,0,1,0,0,0,0,0,0,0,0,0,0,1,0,0,1,-0.00137796,-0.00047807,-0.0045379,-0.00177985,-0.00129181,sell
2014-09-23,0,0,1,0,1,1,4,0,0,0,0,0,0,0,0,0,1,0,0,0,1,0,1,1,1,0,0,0,0,0,0,0,0,0,0,1,0,0,1,-0.00157562,-0.00695526,-0.0083918,-0.00746312,-0.00372386,sell
2014-09-24,0,0,1,0,0,4,2,1,0,0,0,0,0,0,0,0,1,1,1,1,1,1,0,1,1,0,0,0,0,0,0,0,0,0,0,0,0,0,1,-0.00263733, 0.00092031,-0.0026373,-0.00219108, 0.00109980,buy
2014-09-25,0,1,0,1,1,3,2,1,0,0,0,0,0,0,0,0,1,1,1,1,1,0,1,1,1,0,0,0,0,0,0,0,0,0,0,0,0,0,1,-0.00652517,-0.00424274,-0.0061565,-0.00589060,-0.00413727,sell
2014-09-26,1,0,1,0,2,2,1,0,0,0,0,0,0,0,0,0,0,1,1,0,0,1,0,1,0,0,1,0,1,0,0,0,0,0,0,0,0,0,1, 0.00058840, 0.00676058,-0.0002500,-0.00086275,-0.00074791,buy
2014-09-27,1,0,2,0,2,1,2,1,0,0,0,0,0,0,0,0,1,1,1,1,0,1,1,0,0,0,1,0,1,0,0,0,0,0,0,0,0,0,1, 0.00360202, 0.00447690, 0.0004162, 0.00199905,-0.00323091,buy
2014-09-28,0,1,1,0,0,4,1,0,0,0,0,0,0,0,0,0,0,0,0,1,1,1,1,1,0,0,1,0,1,0,0,1,0,0,0,0,0,0,1,-0.00273614, 0.00362015,-0.0060167,-0.00273614,-0.00361138,sell
2014-09-29,1,1,1,0,1,2,1,1,0,0,0,0,0,0,0,0,0,1,1,1,0,1,2,0,0,0,1,0,1,0,0,1,0,0,0,0,0,0,0, 0.00000978, 0.00639299,-0.0033463,-0.00088603,-0.00110044,buy
2014-09-30,2,0,1,0,2,2,0,0,0,0,0,0,0,0,0,0,1,0,0,0,1,0,1,1,0,0,1,0,1,0,0,1,0,0,0,0,0,0,0,-0.00414566,-0.00461996,-0.0041457,-0.00267858,-0.00701601,sell
2014-10-01,0,1,0,0,2,2,1,1,0,0,0,0,0,0,0,0,1,1,1,1,1,1,0,1,0,0,0,0,0,0,0,1,0,0,0,0,0,0,0, 0.00351330,-0.00262774, 0.0030580,-0.00223447,-0.00258713,sell
2014-10-02,0,0,2,0,1,4,1,2,0,0,0,0,0,0,0,0,1,1,1,1,1,0,1,1,0,0,0,1,0,0,0,1,0,1,0,1,0,0,0,-0.00538038,-0.00414823,-0.0044465,-0.00464756,-0.00464756,sell
2014-10-03,1,0,1,0,1,2,1,1,0,0,0,0,0,0,0,0,0,1,1,0,0,1,0,1,0,0,0,1,0,0,0,0,0,1,0,1,0,0,0,-0.00648630,-0.00152210,-0.0031838,-0.00248974,-0.00146671,sell
2014-10-04,1,0,1,1,1,1,2,2,0,0,0,0,0,0,0,0,1,1,0,1,1,1,1,0,0,0,0,1,0,0,0,0,0,1,0,1,0,0,0,-0.00171539,-0.00141056,-0.0017395,-0.00173953,-0.00876539,sell
2014-10-05,0,1,1,1,0,3,0,2,0,0,0,0,0,0,0,0,0,0,1,1,0,1,1,1,0,0,0,1,0,1,0,0,0,1,0,1,0,0,0,-0.00756601,-0.00783371,-0.0060953,-0.00696211,-0.00749803,sell
2014-10-06,1,0,2,1,2,3,1,2,0,1,0,0,0,0,0,1,1,1,0,1,1,1,1,0,0,0,0,1,0,1,1,0,0,0,0,1,0,0,0,-0.00132716, 0.00059471, 0.0002560, 0.00059471,-0.00428732,sell
2014-10-07,1,2,0,1,2,2,1,1,0,1,0,0,0,0,0,1,1,0,1,0,1,0,0,1,0,1,0,0,0,1,1,0,0,0,1,0,0,0,0, 0.00123159, 0.00056492, 0.0010336, 0.00081604,-0.00207285,buy
2014-10-08,2,1,1,2,1,3,2,2,0,1,0,0,0,0,0,1,1,1,1,1,1,1,1,1,1,1,0,0,0,1,1,0,0,0,1,0,0,0,0, 0.00195788,-0.00099444,-0.0022559,-0.00244201,-0.00293865,sell
2014-10-09,0,1,2,2,1,2,3,1,0,1,0,0,0,0,0,1,0,1,1,0,1,0,0,1,1,1,0,0,0,1,1,0,0,0,1,0,0,1,0, 0.00108581,-0.00074637,-0.0000991,-0.00042429,-0.00074637,buy
2014-10-10,1,0,2,2,2,1,2,2,0,0,0,0,0,0,0,1,1,1,0,1,1,1,1,0,1,1,0,0,0,0,1,0,0,0,1,0,0,1,0,-0.00502603,-0.00507324,-0.0055047,-0.00381779,-0.00430434,sell
2014-10-11,0,3,0,3,0,2,2,1,0,0,0,0,0,0,0,0,0,0,1,1,1,1,1,1,1,1,1,0,0,0,1,0,0,0,0,0,0,1,0,-0.00215402,-0.00294769,-0.0041533,-0.00457361,-0.00203164,sell
2014-10-12,0,2,1,2,0,2,5,1,0,0,0,0,0,0,0,0,1,0,1,1,0,1,1,1,1,1,1,0,0,0,1,1,0,0,0,0,0,1,1, 0.00052552, 0.00250115, 0.0049282, 0.00492822, 0.00486371,buy
2014-10-13,1,1,1,1,1,2,4,0,0,0,0,0,0,0,0,0,1,1,0,0,1,1,0,0,1,1,1,0,1,0,1,1,0,0,0,0,0,0,1, 0.00018407,-0.00437888, 0.0005378, 0.00130800, 0.00088881,sell
2014-10-14,1,3,1,1,1,3,2,0,0,0,0,0,0,0,0,0,1,0,1,1,1,0,0,1,0,1,1,0,1,0,1,1,0,1,0,0,0,0,1,-0.00087870,-0.00154458,-0.0007075,-0.00047937,-0.00087780,sell
2014-10-15,1,4,1,1,3,1,2,2,0,0,0,0,0,1,0,0,1,1,1,1,1,1,1,1,0,1,1,0,1,0,0,1,0,1,0,1,0,0,1,-0.00511368,-0.00584456,-0.0057223,-0.00572258,-0.00584456,sell
2014-10-16,1,2,1,0,3,1,4,0,0,1,0,0,1,1,0,0,0,1,1,0,0,0,0,1,0,1,0,0,1,0,0,1,1,1,0,1,0,0,1,-0.01088177,-0.00424232,-0.0049296,-0.00446169,-0.00204328,sell
2014-10-17,2,2,2,0,3,2,3,0,0,1,0,0,1,1,0,1,1,1,1,1,0,0,1,1,0,1,0,0,1,0,0,0,1,1,0,1,1,0,1,-0.00925029,-0.00477095,-0.0086155,-0.00446416,-0.00477509,sell
2014-10-18,1,3,0,0,2,2,4,1,0,1,1,0,1,0,0,1,1,1,0,1,1,1,1,0,0,1,0,0,0,0,0,0,1,0,0,1,1,0,1,-0.00560129,-0.00560129,-0.0022033,-0.00562242,-0.00105753,sell
2014-10-19,1,2,0,1,2,2,3,1,1,0,1,0,1,0,0,1,0,0,1,1,0,1,1,1,0,1,0,0,0,0,0,0,1,0,0,1,1,0,0,-0.00510151,-0.00466818,-0.0020669,-0.00524571, 0.00092134,sell
2014-10-20,1,1,1,0,1,2,4,0,1,0,1,0,0,0,0,1,1,0,0,1,1,1,1,0,0,1,0,0,0,0,0,0,1,0,0,0,1,0,0,-0.00482605,-0.00222158, 0.0000512,-0.00220500, 0.00098982,sell
2014-10-21,0,1,1,0,1,2,5,1,1,0,1,0,0,0,0,0,1,1,1,0,2,1,0,1,0,1,0,0,0,0,0,0,1,0,0,0,1,0,0, 0.00317536, 0.00317536, 0.0031648, 0.00321906, 0.00402848,buy
2014-10-22,0,2,1,1,0,1,5,1,1,0,1,0,0,0,0,0,1,0,2,1,1,0,1,1,0,1,0,0,0,0,0,0,1,0,0,0,1,0,0, 0.00019302, 0.00017506, 0.0026425, 0.00183265, 0.00408580,buy
2014-10-23,0,1,0,0,1,1,4,0,1,0,0,0,0,0,0,0,1,1,1,0,1,1,0,1,0,0,0,0,0,0,0,0,1,0,0,0,1,0,0, 0.00012447, 0.00012202,-0.0004208, 0.00423642, 0.00234512,buy
2014-10-24,1,0,1,0,1,1,2,0,0,0,0,0,0,0,0,0,0,1,1,1,0,1,1,1,0,0,0,0,0,0,0,0,1,0,0,0,1,0,0,-0.00447722,-0.00523459,-0.0044772, 0.00176536,-0.00174206,sell
2014-10-25,0,1,1,0,0,2,0,1,0,0,0,0,0,0,0,0,1,1,0,1,1,0,2,0,0,0,0,0,0,0,0,0,0,0,0,0,1,0,0, 0.00014434, 0.00074886, 0.0007427, 0.00074886, 0.00104037,buy
2014-10-26,2,1,0,0,3,1,0,1,0,0,0,0,0,0,0,0,0,1,1,2,0,1,1,1,0,0,1,0,0,0,0,0,0,1,0,0,1,0,0,-0.00040394,-0.00054668,-0.0031535,-0.00148220,-0.00135743,sell
2014-10-27,4,0,0,0,2,1,0,0,0,0,0,0,0,0,0,0,1,0,0,1,1,1,1,1,0,0,1,0,0,0,0,0,0,1,0,0,1,0,0, 0.00065109, 0.00305968,-0.0013761, 0.00208894, 0.00065109,buy
2014-10-28,2,1,0,0,1,1,2,0,0,0,0,0,0,0,0,0,1,1,1,0,2,1,0,0,0,0,1,0,0,0,0,0,0,1,0,0,1,0,0, 0.00087882, 0.00133422, 0.0012301, 0.00043163, 0.00065695,buy
2014-10-29,2,1,1,0,1,2,1,1,1,0,1,0,0,0,0,0,1,0,1,1,1,0,1,1,0,0,1,0,0,0,0,0,0,1,0,0,1,0,0, 0.00259138, 0.00687074, 0.0032504, 0.00700696, 0.00325036,buy
2014-10-30,1,1,1,0,2,1,2,0,1,0,1,0,0,0,0,0,1,1,1,0,1,0,0,1,0,0,1,0,0,0,0,0,0,0,0,0,1,0,0, 0.00222608, 0.00338793, 0.0022747, 0.00303713, 0.00220839,buy
2014-10-31,0,1,0,1,2,1,4,1,1,0,1,0,0,0,0,0,1,1,1,1,0,1,1,1,0,0,0,0,0,0,0,0,0,0,1,0,1,0,0, 0.00173543, 0.00225021, 0.0013223,-0.00004212, 0.00225021,buy
2014-11-01,0,1,0,1,0,3,4,1,1,0,1,0,0,0,0,0,1,2,1,1,1,0,1,0,0,0,0,1,0,0,0,0,0,0,1,0,1,0,0, 0.00564120, 0.00524044, 0.0069584, 0.00495412, 0.00150237,buy
2014-11-02,1,1,1,0,2,0,5,1,1,0,1,0,0,0,0,0,0,1,1,1,0,1,1,1,0,0,0,1,0,0,0,0,0,0,1,0,1,1,1, 0.00229559, 0.00156845, 0.0015136, 0.00240489, 0.00306599,buy
2014-11-03,1,1,2,0,2,0,3,0,1,0,0,0,1,0,0,0,1,0,0,0,1,1,0,0,0,0,0,1,0,0,0,0,0,0,1,0,0,1,1,-0.00308602,-0.00308602,-0.0030860,-0.00308602,-0.00415201,sell
2014-11-04,1,2,3,0,3,0,1,2,0,0,0,0,1,0,0,0,1,1,1,1,1,1,1,1,0,0,0,1,0,1,0,0,0,0,0,0,0,1,1,-0.00200101,-0.00340659,-0.0015085,-0.00340659,-0.00336313,sell
2014-11-05,1,1,3,0,2,1,1,0,0,0,0,0,1,0,0,0,1,0,1,0,1,0,0,1,0,0,0,1,0,1,0,0,0,0,0,0,0,1,1,-0.00263769,-0.00171702,-0.0023317,-0.00147611,-0.00204039,sell
2014-11-06,2,1,2,1,4,0,1,0,0,0,0,0,1,0,0,0,0,1,1,1,0,1,1,2,0,0,0,0,0,1,1,0,0,0,0,0,0,0,1, 0.00751979, 0.00753241, 0.0074948, 0.00737370, 0.00871728,buy
2014-11-07,0,2,2,2,3,1,0,1,0,0,0,0,0,0,0,0,1,1,0,1,1,1,2,1,0,0,0,0,0,1,1,0,0,0,0,0,0,0,1, 0.00545484, 0.00637381, 0.0063738, 0.00662855, 0.00637381,buy
2014-11-08,0,0,2,0,1,1,1,2,0,0,0,0,0,0,0,0,0,1,1,1,0,0,2,0,0,0,0,0,0,0,1,1,0,0,0,0,0,0,0,-0.00460059,-0.00080809,-0.0045931,-0.00466202,-0.00456381,sell
2014-11-09,0,0,3,1,1,1,2,1,0,0,0,0,0,0,0,1,1,0,0,1,1,1,1,1,0,0,0,0,0,0,1,1,0,0,0,0,0,0,0,-0.00664341,-0.00685290,-0.0063763,-0.00906523,-0.00657475,sell
2014-11-10,2,1,1,0,1,2,0,1,0,0,1,0,0,0,0,1,1,0,1,0,1,1,0,0,0,0,0,0,0,0,1,1,0,0,0,0,0,0,0, 0.00695775, 0.00455583, 0.0045558, 0.00455583, 0.00707685,buy
2014-11-11,2,2,1,2,2,2,0,2,0,0,1,0,0,0,0,1,2,1,1,1,1,1,1,1,0,0,0,0,0,0,1,1,0,0,0,1,0,0,0, 0.00365420,-0.00009584,-0.0000958,-0.00508095, 0.00435211,buy
2014-11-12,3,2,1,0,2,2,0,1,0,0,1,0,0,0,0,1,1,0,1,0,1,1,0,2,1,0,0,0,0,0,1,0,0,0,1,1,0,0,0, 0.00398888, 0.00635487, 0.0035611, 0.00136325, 0.00122847,buy
2014-11-13,2,2,3,0,1,2,0,1,0,0,1,0,0,0,0,1,0,1,1,1,0,0,1,1,1,0,0,0,0,0,1,0,0,0,1,1,0,1,0, 0.00353439, 0.00014467, 0.0033170, 0.00331705, 0.00268801,buy
2014-11-14,2,2,1,0,1,2,0,3,0,0,0,0,0,0,0,0,1,1,0,1,1,1,1,1,1,0,0,0,0,0,1,0,1,0,1,1,0,1,0,-0.00211710,-0.00529659,-0.0032728,-0.00412580,-0.00124442,sell
2014-11-15,0,4,0,1,0,2,1,2,0,0,0,1,0,0,0,0,0,1,1,1,1,0,1,0,1,0,0,0,0,0,0,0,1,0,1,0,0,1,0, 0.00050326, 0.00051381,-0.0001555, 0.00007066, 0.00052136,buy
2014-11-16,2,1,2,0,0,1,1,2,0,0,0,1,0,0,1,0,0,1,0,1,0,0,1,1,1,0,0,0,1,0,0,0,1,0,0,0,0,1,0,-0.00161702, 0.00095436, 0.0002134,-0.00192641, 0.00048795,buy
2014-11-17,0,0,1,0,1,2,3,1,0,0,0,1,0,0,1,0,1,0,0,0,1,1,0,1,0,0,0,1,1,0,0,0,1,0,0,0,0,0,0,-0.00221611,-0.00145479,-0.0015470,-0.00154698,-0.00135526,sell
2014-11-18,0,1,2,1,0,5,0,1,0,0,0,0,0,0,1,0,1,0,1,1,1,1,1,0,0,0,0,1,1,1,0,0,1,0,0,0,0,0,0, 0.00163002, 0.00136372,-0.0003650,-0.00036501,-0.00136383,buy
2014-11-19,0,2,0,1,2,2,3,2,0,1,0,0,0,0,0,0,1,1,1,0,1,1,1,1,0,0,0,1,1,1,0,0,1,1,0,0,0,0,0, 0.00090412,-0.00182188,-0.0013855,-0.00184187,-0.00161151,sell
2014-11-20,1,1,0,0,2,3,1,1,0,1,0,0,0,0,0,0,0,0,1,0,1,1,0,1,0,0,0,1,1,1,0,0,1,1,0,0,0,0,0, 0.00239893,-0.00121656,-0.0009905,-0.00144112,-0.00121656,sell
2014-11-21,0,1,1,0,1,3,3,3,1,1,0,0,0,0,0,0,1,1,0,1,0,0,1,2,0,0,0,1,0,1,0,0,1,1,0,0,0,0,0,-0.00026500,-0.00051247,-0.0002650,-0.00124834,-0.00043432,buy
2014-11-22,0,2,0,0,1,3,1,4,1,1,0,0,0,0,0,0,1,1,1,1,1,1,1,1,0,0,0,0,0,1,0,0,1,1,0,0,0,0,0, 0.00023924, 0.00047288,-0.0035367, 0.00152535, 0.00047288,buy
2014-11-23,1,0,0,0,3,1,1,2,1,1,0,0,0,0,0,1,0,2,1,1,0,0,1,0,0,0,0,0,0,0,0,0,0,0,0,0,0,0,0,-0.00116638, 0.00042958,-0.0003593,-0.00413065,-0.00035930,sell
2014-11-24,1,0,0,0,5,1,2,1,1,1,0,1,1,0,0,1,1,1,1,0,1,1,0,1,0,0,0,0,0,0,0,0,0,0,1,0,0,0,0, 0.00303245, 0.00322806, 0.0031370, 0.00322806,-0.00168841,buy
2014-11-25,1,2,0,0,3,4,1,2,0,0,0,1,1,0,1,1,1,0,2,1,1,2,1,0,0,0,1,0,0,0,0,0,0,0,1,0,0,1,0, 0.00228331, 0.00326449, 0.0021830, 0.00326449, 0.00326449,buy
2014-11-26,1,1,1,0,3,3,1,1,0,0,0,1,1,0,1,1,1,1,1,0,1,1,0,1,0,0,1,0,0,0,0,0,0,0,1,0,0,1,0, 0.00252029, 0.00327174, 0.0026407, 0.00303689, 0.00312824,buy
2014-11-27,1,1,0,0,4,2,2,1,0,0,0,1,1,0,1,1,0,0,1,1,0,1,1,1,0,0,1,0,0,0,0,0,0,0,1,0,0,1,0, 0.00035704, 0.00299575, 0.0013671, 0.00299575, 0.00299575,buy
2014-11-28,1,0,0,1,1,2,1,2,0,0,0,0,0,0,0,0,1,1,0,1,1,0,1,1,0,0,1,0,0,0,0,0,0,0,0,0,0,1,0,-0.00085154,-0.00132577,-0.0013258,-0.00049039,-0.00119776,sell
2014-11-29,0,0,0,0,1,1,1,3,0,0,1,0,0,0,0,0,0,1,1,1,0,1,1,0,0,0,1,0,0,0,0,0,0,0,0,0,0,0,0,-0.00070355, 0.00005535,-0.0018592,-0.00278647,-0.00247142,sell
2014-11-30,1,0,1,0,0,0,1,2,0,0,1,0,0,0,0,0,1,1,0,0,1,0,0,1,0,0,0,0,0,0,0,0,0,0,0,0,0,0,0,-0.00090215,-0.00047206,-0.0004570,-0.00097578, 0.00101521,buy
2014-12-01,2,2,0,0,1,0,0,3,0,0,1,0,0,0,0,0,1,0,1,1,2,1,1,1,0,0,0,0,0,0,0,0,0,0,0,0,0,0,0,-0.00335308,-0.00162665,-0.0043813,-0.00152256,-0.00334073,sell
2014-12-02,1,2,1,0,1,1,0,3,0,0,1,0,0,0,0,0,1,1,1,1,2,1,1,0,0,0,0,1,0,0,0,0,0,0,0,0,0,0,0,-0.00422362,-0.00386049,-0.0045434,-0.00386049,-0.00433101,sell
2014-12-03,3,1,2,0,1,0,1,1,0,0,0,0,0,0,0,0,0,1,1,0,1,2,0,1,0,0,0,1,0,1,0,1,0,0,0,0,0,0,0, 0.00021087, 0.00118202,-0.0008324,-0.00083240, 0.00112300,buy
2014-12-04,4,1,1,0,3,0,0,1,0,0,0,1,0,1,1,0,1,0,0,1,0,1,1,1,0,0,0,1,0,1,0,1,0,0,0,0,0,0,0,-0.00127084,-0.00117876,-0.0013431,-0.00111776,-0.00222829,sell
2014-12-05,4,1,1,1,2,1,0,2,0,0,0,1,0,1,1,0,1,1,1,1,1,0,1,1,0,0,0,1,0,1,0,1,0,0,0,0,0,0,0,-0.00049005,-0.00049005,-0.0004290,-0.00005584,-0.00020743,buy
2014-12-06,3,1,1,1,2,1,1,0,0,0,0,1,0,1,1,0,0,1,0,1,0,1,1,0,0,1,0,1,0,1,0,1,0,0,0,0,0,0,0,-0.00112087,-0.00112087,-0.0011209,-0.00051716, 0.00048682,buy
2014-12-07,1,0,2,1,2,2,1,0,0,1,0,1,0,1,1,0,1,1,0,0,1,0,0,1,0,1,0,0,0,0,0,0,0,0,0,1,0,0,0,-0.00642699,-0.00304143,-0.0051343,-0.00548126,-0.00130847,sell
2014-12-08,1,1,2,2,1,3,0,1,0,1,0,0,0,1,0,0,1,1,1,1,1,1,1,1,0,1,0,0,0,0,0,0,0,0,0,1,0,0,0,-0.00509859,-0.00385430,-0.0058658,-0.00531567,-0.00528845,sell
2014-12-09,1,1,1,0,2,2,0,0,0,1,0,0,0,1,0,0,1,0,1,0,1,1,0,0,0,1,0,0,0,0,0,0,0,0,0,1,0,0,0,-0.00648128,-0.00488587,-0.0066194,-0.00648128,-0.00369635,sell
2014-12-10,1,1,2,1,1,2,0,0,0,1,0,0,0,1,0,0,0,1,1,0,1,1,0,1,0,1,0,0,0,0,0,0,0,0,0,1,0,0,0,-0.00548572,-0.00427989,-0.0056050,-0.00585465,-0.00286214,sell
2014-12-11,3,1,1,0,1,2,0,0,1,1,0,0,0,1,0,0,1,0,0,1,0,1,1,1,0,1,0,0,0,0,0,0,0,0,0,1,0,0,0,-0.00757856,-0.00709050,-0.0070471,-0.00757856,-0.00671609,sell
2014-12-12,3,2,0,1,0,2,0,1,1,1,0,0,0,1,0,0,1,0,1,1,1,0,1,1,1,1,0,0,0,0,0,0,0,0,0,0,0,0,0,-0.00702464,-0.00831067,-0.0078567,-0.00840610,-0.00827604,sell
2014-12-13,4,0,2,1,0,1,1,0,1,0,0,0,0,0,0,0,0,1,1,1,0,0,1,1,1,1,0,0,0,0,0,0,0,1,0,0,0,0,1,-0.00113123, 0.00126712,-0.0012738,-0.00066495,-0.00051633,buy
2014-12-14,1,1,0,0,1,1,2,1,0,0,0,0,0,0,0,0,1,1,0,0,1,1,0,0,1,1,0,0,0,0,0,0,0,1,0,0,0,0,1,-0.00306663,-0.00153045,-0.0021684,-0.00199915,-0.00196351,sell
2014-12-15,2,1,1,0,2,2,2,1,0,0,0,0,1,0,0,0,1,1,1,0,1,0,0,1,1,1,0,0,0,0,0,1,1,1,0,0,0,0,1,-0.00234548,-0.00282889,-0.0005130,-0.00267093,-0.00015552,sell
2014-12-16,2,2,0,1,2,2,2,1,0,0,0,0,1,0,0,0,1,1,1,1,1,0,1,0,1,1,0,0,0,0,0,1,1,1,0,0,0,0,1,-0.00350988,-0.00154800,-0.0000522,-0.00154800,-0.00005225,sell
2014-12-17,1,1,0,0,3,1,2,0,0,0,0,0,1,0,0,0,1,0,1,0,1,1,0,0,0,1,0,0,0,0,0,1,1,0,0,0,0,0,1, 0.00122572, 0.00021243, 0.0046233,-0.00033591, 0.00453275,buy
2014-12-18,1,1,1,0,2,2,2,1,0,0,0,0,1,0,0,0,0,1,1,1,0,1,1,1,0,1,0,0,0,0,0,1,1,0,0,0,0,0,1,-0.00432967, 0.00092704, 0.0025799, 0.00184952, 0.00236877,buy
2014-12-19,0,1,0,0,3,3,1,2,0,0,1,0,0,0,0,0,1,0,0,1,1,1,1,1,0,1,0,0,1,0,0,0,1,0,1,0,0,1,0, 0.00411616, 0.00341393, 0.0026835, 0.00422930, 0.00411616,buy
2014-12-20,1,1,0,0,4,2,2,2,1,0,1,0,0,0,0,0,0,1,1,1,1,0,1,1,0,1,0,0,1,0,0,0,1,0,1,1,0,1,0, 0.00360635, 0.00356787, 0.0035873, 0.00358731, 0.00357007,buy
2014-12-21,1,1,0,0,3,3,1,1,1,0,1,0,0,0,0,0,1,1,0,0,1,1,0,0,0,1,0,0,1,0,0,0,1,0,1,1,0,1,0, 0.00214654, 0.00308517, 0.0022886, 0.00550825, 0.00228857,buy
2014-12-22,0,2,0,0,4,4,1,2,1,0,0,0,0,0,0,1,1,2,1,1,2,1,1,1,0,1,0,0,1,0,0,0,1,0,1,1,0,1,0, 0.01045228, 0.01001429, 0.0114043, 0.01149507, 0.01149507,buy
2014-12-23,0,1,1,0,3,3,0,2,1,0,0,0,0,0,1,1,1,1,1,1,1,0,1,0,0,0,0,0,1,0,0,0,1,0,0,1,0,0,0, 0.00098852,-0.00337831, 0.0039893, 0.00469651, 0.00398930,buy
2014-12-24,0,0,0,0,5,1,2,1,0,0,0,1,0,0,1,1,0,0,1,1,1,1,1,1,0,0,0,0,0,0,0,0,1,0,0,1,0,0,0,-0.00073568, 0.00084806,-0.0005274,-0.00063724,-0.00052743,buy
2014-12-25,0,0,0,1,2,6,2,1,0,0,0,1,1,0,1,1,1,1,0,2,0,1,2,2,0,0,1,0,0,0,0,0,0,1,0,0,0,0,0, 0.00322265, 0.00601093, 0.0010438, 0.00216374, 0.00407272,buy
2014-12-26,0,1,1,0,2,5,4,2,0,1,0,1,1,0,1,0,0,0,1,2,1,1,2,2,1,0,1,0,0,0,0,1,0,1,0,0,0,0,0,-0.00040545, 0.00271847,-0.0003741,-0.00037405,-0.00312689,sell
2014-12-27,0,1,2,0,3,2,3,0,0,1,0,0,1,0,0,0,1,1,0,1,0,0,1,1,1,0,1,0,0,0,0,1,0,1,0,0,0,0,0,-0.00192300,-0.00076666,-0.0004734,-0.00019626,-0.00076666,buy
2014-12-28,1,2,1,0,2,4,1,1,0,1,1,0,1,0,0,0,1,1,1,0,1,1,0,0,1,0,1,0,0,0,0,1,0,1,0,0,0,0,0, 0.00965569, 0.00178824, 0.0095333, 0.00397295, 0.00965569,buy
2014-12-29,1,2,2,0,1,2,2,2,1,1,1,0,0,0,0,0,1,1,1,1,1,0,1,1,1,0,1,0,0,0,0,1,0,0,0,0,0,0,0, 0.00480377, 0.00466107, 0.0048045, 0.00493087, 0.00493118,buy
2014-12-30,1,1,2,0,1,1,1,0,1,1,1,0,0,0,0,0,1,0,1,0,1,0,0,0,1,0,0,0,0,0,0,0,0,0,0,0,0,0,0,-0.00172481,-0.00172481,-0.0017248,-0.00314157,-0.00473065,sell
2014-12-31,3,0,1,0,2,1,1,2,1,1,1,0,0,0,0,0,1,1,1,1,0,1,1,1,0,0,0,0,0,0,0,0,0,0,0,0,0,0,0,-0.00095795,-0.00108215,-0.0015703, 0.00336133,-0.00108215,buy
2015-01-01,0,3,1,1,0,1,0,3,1,0,0,0,0,0,0,0,1,1,0,1,1,1,1,1,0,0,0,1,0,1,0,0,0,0,0,0,0,0,0,-0.00892335,-0.01013368,-0.0089127,-0.00131710,-0.00831480,sell
2015-01-02,0,0,3,0,0,0,2,2,0,0,0,0,0,0,0,0,0,0,1,1,0,1,1,1,0,0,0,1,0,1,0,0,0,0,0,1,0,0,0,-0.00525543,-0.00454015,-0.0041464,-0.00413095,-0.00248960,sell
2015-01-03,1,0,1,0,0,0,2,1,0,0,0,0,0,0,0,0,1,1,0,0,0,0,0,1,0,0,0,1,0,1,0,0,0,0,0,1,0,0,0,-0.00532876,-0.00873981,-0.0090585,-0.00666557,-0.00783792,sell
2015-01-04,1,1,1,1,0,2,2,2,0,0,0,0,1,0,0,0,1,1,1,1,1,0,1,0,0,0,0,1,1,1,0,0,0,0,0,1,0,0,0,-0.00463428,-0.00557614, 0.0007414,-0.00557614,-0.00557614,sell
2015-01-05,0,2,1,3,1,1,2,2,0,0,0,0,1,0,0,0,1,1,1,1,1,1,1,1,0,0,0,1,1,1,0,0,0,0,0,1,0,0,0, 0.00463956, 0.00259809, 0.0025981, 0.00428203, 0.00361649,buy
2015-01-06,1,0,2,0,1,1,2,0,0,0,0,0,1,0,0,0,0,1,1,0,1,0,0,0,0,0,0,1,1,0,0,0,0,1,0,1,0,0,0,-0.00334887,-0.00454854,-0.0045485,-0.00454854,-0.00332219,sell
2015-01-07,1,0,4,0,2,1,1,0,0,0,1,0,1,0,0,0,0,0,1,1,0,1,1,1,0,0,0,0,1,0,1,0,0,1,0,0,0,0,0,-0.00207047,-0.00165882,-0.0030125, 0.00413830,-0.00216477,sell
2015-01-08,0,2,2,1,2,1,0,1,0,0,1,0,0,0,0,0,1,1,0,1,1,1,1,1,0,0,0,0,1,0,1,0,0,1,0,0,0,0,0, 0.00456317, 0.00532794, 0.0034897, 0.00456317, 0.00456317,buy
2015-01-09,1,2,2,1,2,2,0,1,0,0,1,0,0,0,0,0,0,0,1,1,1,1,1,1,1,0,1,0,1,0,1,0,0,1,0,0,0,0,0, 0.00475145, 0.00375632, 0.0012967, 0.00581911, 0.00475145,buy
2015-01-10,3,0,2,0,2,1,0,0,0,0,1,0,0,0,0,0,1,0,0,1,0,1,1,1,1,0,1,0,0,0,1,0,0,0,0,0,0,0,0, 0.00473840, 0.00409670, 0.0001286, 0.00023009, 0.00473840,buy
2015-01-11,0,0,3,0,0,2,1,0,0,0,0,0,0,0,0,0,1,1,1,0,1,0,0,0,1,0,1,0,0,0,1,0,0,0,0,0,0,0,0,-0.00189341,-0.00262677,-0.0026268,-0.00262842, 0.00093784,sell
2015-01-12,0,1,2,1,1,3,2,1,0,0,0,0,0,0,1,0,1,1,1,1,1,0,1,0,1,0,1,0,0,0,1,0,0,0,1,0,0,1,0,-0.00150994,-0.00170541,-0.0015707,-0.00196727,-0.00170541,sell
2015-01-13,1,1,1,0,2,2,3,2,0,0,0,1,0,0,1,0,1,1,1,0,1,1,0,1,1,0,1,0,0,0,1,0,0,0,1,0,0,1,0,-0.00162050,-0.00134822,-0.0013154,-0.00111841,-0.00111841,sell
2015-01-14,2,0,1,0,3,0,3,0,0,0,0,1,0,0,1,0,0,1,1,1,1,0,1,0,0,0,0,0,0,0,1,0,0,0,1,0,0,1,0,-0.00464579,-0.00400840,-0.0041521,-0.00376968,-0.00376968,sell
2015-01-15,0,0,1,0,2,0,5,1,0,0,0,1,0,0,1,0,1,0,0,1,0,1,1,1,0,0,0,0,0,0,1,0,0,0,1,0,0,1,0, 0.00026631,-0.00337045,-0.0038522, 0.00103193, 0.00016598,sell
2015-01-16,0,1,0,0,2,2,2,2,0,0,0,1,0,0,1,0,0,1,1,1,1,1,1,1,0,0,0,0,0,0,0,0,0,0,1,0,0,0,0,-0.00188484,-0.00197003,-0.0019573, 0.00069436,-0.00193688,sell
2015-01-17,2,0,0,0,3,2,0,0,0,0,0,1,0,0,0,0,1,0,0,1,0,1,1,2,0,0,0,0,0,0,0,0,0,0,0,0,0,0,0,-0.00370446,-0.00284992,-0.0068507,-0.00288182,-0.00373474,sell
2015-01-18,0,1,0,1,3,0,2,0,0,0,0,0,0,0,0,0,1,1,1,0,1,1,0,1,0,0,0,0,0,0,0,1,0,0,0,0,0,0,0,-0.00670455,-0.00831633,-0.0018248,-0.00900916,-0.00726113,sell
2015-01-19,0,0,1,1,0,3,1,1,0,0,0,0,0,0,0,0,1,1,2,1,1,0,1,0,0,0,0,0,0,0,0,1,0,0,0,0,0,0,0, 0.00171582, 0.00274086, 0.0044149, 0.00304521, 0.00149581,buy
2015-01-20,0,0,1,1,2,2,1,0,0,0,0,0,0,0,0,0,1,2,2,0,1,1,0,1,0,0,0,0,0,0,0,1,0,0,0,0,0,0,0,-0.00059059,-0.00131596, 0.0017457,-0.00314182,-0.00131596,sell
2015-01-21,0,0,0,2,3,0,2,0,0,0,0,0,0,0,0,0,1,1,1,1,0,0,1,0,0,0,0,0,1,0,0,1,0,0,0,0,0,0,0, 0.00526604, 0.00526604, 0.0040793, 0.00391618, 0.00534772,buy
2015-01-22,0,0,0,0,2,2,1,1,0,0,0,0,0,0,0,0,0,1,1,1,1,1,1,1,0,0,0,0,1,0,0,0,0,0,0,0,0,0,0, 0.01012274, 0.01012274, 0.0085322, 0.01012274, 0.00853642,buy
2015-01-23,0,0,1,0,2,2,2,0,0,0,0,0,0,0,0,0,1,1,1,1,0,1,1,1,0,0,0,0,1,0,0,0,0,0,0,0,0,0,1, 0.00275738, 0.00302266, 0.0003353, 0.00716618,-0.00522296,buy
2015-01-24,1,1,0,0,3,1,3,0,0,0,0,0,0,0,0,0,1,0,1,0,1,1,0,1,0,0,1,0,1,0,0,0,0,0,0,0,0,1,1,-0.00232572, 0.00066843,-0.0023257,-0.00369645,-0.00065559,buy
2015-01-25,1,2,0,0,5,3,2,1,0,0,0,1,0,0,0,0,2,1,2,1,1,1,1,0,0,0,1,0,1,0,0,0,0,0,1,0,0,1,1, 0.00414214, 0.00008380, 0.0000838,-0.00166430,-0.00130442,buy
2015-01-26,1,0,1,0,3,4,1,1,0,0,0,1,0,0,1,0,1,1,1,0,1,0,0,1,0,0,1,0,0,0,0,0,0,0,1,0,0,1,1, 0.00047857, 0.00028222, 0.0002565,-0.00200878,-0.00172232,sell
2015-01-27,1,0,1,0,5,2,3,2,0,1,0,1,0,0,1,0,1,1,1,1,1,1,1,0,0,0,1,0,0,0,0,0,0,0,1,0,0,1,1, 0.00061502,-0.00204571,-0.0020457,-0.00334604,-0.00356306,sell
2015-01-28,1,1,0,0,4,2,1,2,0,1,0,1,0,0,1,0,1,0,0,1,0,0,1,1,0,0,1,0,0,0,0,0,0,0,1,1,0,0,1, 0.00007371,-0.00404579,-0.0051811,-0.00266895,-0.00143392,sell
2015-01-29,2,1,1,1,3,0,2,3,0,1,0,1,0,1,1,0,0,1,1,2,1,1,1,1,0,0,0,0,0,0,0,0,0,0,0,1,0,0,1,-0.00227681,-0.00481091,-0.0039053,-0.00299029,-0.00197181,sell
2015-01-30,0,2,1,0,0,0,2,2,0,0,0,0,0,1,0,0,1,1,0,1,0,1,1,1,0,0,0,0,0,0,0,0,0,0,0,1,0,0,0, 0.00037334, 0.00078988, 0.0009003, 0.00491021, 0.00066455,buy
2015-01-31,1,1,2,0,0,1,1,1,0,0,0,0,0,1,0,0,1,0,1,0,1,1,0,1,0,0,0,0,0,1,0,0,0,1,0,1,0,0,0,-0.00030510,-0.00104002,-0.0021382,-0.00106287,-0.00281728,sell
2015-02-01,1,2,1,1,3,0,1,2,0,0,1,0,0,0,0,0,1,1,1,1,1,1,1,0,0,0,0,1,0,1,0,0,0,1,0,1,0,0,0,-0.00540548,-0.00619953,-0.0007088,-0.00619953,-0.00705933,sell
2015-02-02,1,2,0,1,2,0,1,0,0,0,1,0,0,0,0,0,0,1,1,0,1,0,0,1,0,0,0,1,0,1,0,0,0,1,0,0,0,0,0,-0.00545409,-0.00583370,-0.0074681,-0.00588062,-0.00544224,sell
2015-02-03,2,1,2,2,2,0,2,0,0,0,1,0,1,0,0,1,0,1,1,1,1,1,1,1,0,0,0,1,0,1,0,0,0,1,0,0,0,0,0,-0.00669069,-0.00046284,-0.0013636,-0.00108491,-0.00111724,buy
2015-02-04,1,1,2,1,2,1,2,0,0,1,1,0,1,0,0,1,1,1,0,1,0,1,2,0,0,0,0,1,0,1,0,0,0,0,0,0,0,0,0, 0.00080249, 0.00216847, 0.0008153,-0.00053028, 0.00176813,buy
2015-02-05,0,2,1,2,2,1,1,1,0,1,0,0,1,0,0,1,0,0,1,1,1,0,1,1,1,0,0,1,0,0,0,0,0,0,0,0,0,1,0,-0.00741285,-0.00415588,-0.0035148,-0.00484525,-0.00185877,sell
2015-02-06,1,1,2,2,2,1,2,0,0,1,0,0,1,0,0,1,1,1,0,1,0,1,1,1,1,0,0,0,0,0,0,0,0,0,1,0,0,1,0,-0.00217963,-0.00172790,-0.0035073,-0.00398727, 0.00276010,sell
2015-02-07,0,2,0,2,2,1,3,0,0,0,0,0,1,0,0,0,1,1,0,0,1,1,0,1,1,1,0,0,0,0,0,0,0,0,1,0,0,1,0,-0.00159948,-0.00449879, 0.0011780,-0.00371920, 0.00096170,sell
2015-02-08,1,1,1,2,2,1,3,1,0,0,0,0,1,0,0,0,1,0,1,1,1,1,1,1,1,1,0,0,0,0,0,0,0,0,1,0,0,1,0,-0.00706706,-0.00706706,-0.0071059,-0.00578031,-0.00695430,sell
2015-02-09,1,1,2,1,2,1,2,1,0,0,0,0,0,0,0,0,1,1,1,1,1,1,1,0,0,1,0,0,0,0,0,1,0,0,1,0,0,1,0,-0.00172211,-0.00172211,-0.0027770, 0.00460942,-0.00085971,sell
2015-02-10,1,1,1,0,2,0,0,1,0,0,0,0,0,0,0,0,0,1,1,0,1,0,0,1,0,1,0,0,0,0,0,1,0,0,0,0,0,0,0,-0.00604227,-0.00711609,-0.0058898,-0.00550987,-0.00711609,sell
2015-02-11,1,1,2,0,1,0,1,2,0,0,0,0,0,0,0,0,1,1,1,1,0,0,1,1,0,1,0,0,0,0,0,1,0,0,0,0,0,0,0,-0.00482576,-0.00668465,-0.0048258,-0.00360465,-0.00308410,sell
2015-02-12,1,1,0,0,1,1,0,1,0,0,0,0,0,0,0,0,0,1,0,1,1,1,1,0,0,1,0,0,0,0,0,0,0,0,0,0,0,0,0,-0.00064801,-0.00101647,-0.0012789,-0.00210290,-0.00210290,sell
2015-02-13,2,0,0,0,2,1,1,1,0,0,0,0,0,0,0,0,1,0,1,1,1,0,1,1,0,1,0,0,0,0,0,0,0,0,0,0,0,0,1,-0.00236176,-0.00225640,-0.0056477, 0.00175020,-0.00664690,sell
2015-02-14,1,1,0,0,1,2,1,1,0,0,0,0,0,0,0,0,2,1,0,0,0,1,0,1,0,1,0,0,0,0,0,0,0,0,0,0,0,0,1,-0.00204740,-0.00380739,-0.0032811,-0.00288449,-0.00380739,sell
2015-02-15,0,1,1,0,3,3,2,1,0,0,0,0,1,0,0,0,2,0,1,1,1,1,1,1,0,1,0,0,0,1,0,0,0,0,0,0,0,0,1, 0.00421257, 0.00378178, 0.0029256, 0.00375134, 0.00440612,buy
2015-02-16,0,0,1,0,2,5,2,1,0,0,0,0,1,0,0,0,1,1,1,1,1,1,1,0,0,1,0,1,0,1,0,0,0,0,0,0,0,0,1, 0.00214247, 0.00424758, 0.0029766, 0.00436789, 0.00306055,buy
2015-02-17,0,0,0,1,4,4,3,0,0,0,0,0,1,0,0,0,1,1,1,1,1,1,1,1,0,1,0,1,0,1,0,0,1,0,0,0,0,0,1, 0.00349770, 0.00362085, 0.0047948, 0.00395326, 0.00402434,buy
2015-02-18,0,0,0,1,3,6,2,0,0,0,0,0,1,0,0,0,1,2,0,2,0,1,2,0,0,1,0,1,0,1,0,0,1,0,0,0,0,0,1, 0.00473314, 0.00457711, 0.0049871, 0.00470410, 0.00449863,buy
2015-02-19,0,1,1,0,4,5,2,1,0,0,0,0,1,0,0,0,1,1,1,2,1,1,2,1,0,1,0,1,0,1,0,1,1,0,0,0,0,0,1, 0.00371484, 0.00456098, 0.0045419, 0.00470902, 0.00449288,buy
2015-02-20,0,2,1,0,4,3,2,0,0,0,1,0,1,0,0,0,2,1,0,1,0,0,1,1,0,1,0,1,0,1,0,1,1,0,0,0,1,0,0, 0.00233163, 0.00240668, 0.0053065, 0.00238514, 0.00392526,buy
2015-02-21,2,2,0,0,5,0,2,2,0,0,1,0,1,0,0,0,2,1,1,1,1,1,1,1,0,1,0,0,1,0,0,1,1,0,0,0,1,0,0,-0.00077304,-0.00065182,-0.0013684,-0.00060724, 0.00108197,buy
2015-02-22,2,2,0,0,3,2,1,2,0,0,1,0,1,0,0,0,1,0,1,1,1,1,1,0,0,1,0,0,1,0,0,1,1,0,0,1,1,0,0, 0.00045118,-0.00055526, 0.0004512,-0.00003681, 0.00006723,buy
2015-02-23,2,0,1,0,5,0,2,2,0,0,1,0,0,0,0,0,0,1,1,1,1,1,1,1,0,1,0,0,1,0,0,0,1,0,0,1,1,0,0, 0.00064978, 0.00030050,-0.0004830, 0.00082223, 0.00030050,buy
2015-02-24,2,0,0,0,4,1,0,3,0,0,1,0,0,0,0,0,1,1,0,1,0,0,1,1,0,1,1,0,1,0,0,0,1,0,0,1,1,0,0,-0.00554181,-0.00244314,-0.0055418,-0.00372020,-0.00104223,sell
2015-02-25,1,1,0,1,2,1,1,3,0,0,0,0,0,0,0,0,0,1,1,1,1,1,1,0,0,0,1,0,1,0,0,0,1,1,0,1,1,0,0,-0.00019185,-0.00301407,-0.0011510,-0.00259082, 0.00029557,sell
2015-02-26,2,0,1,0,2,0,2,0,0,0,0,0,0,0,0,0,1,0,0,1,0,0,1,1,0,0,1,0,0,0,0,0,1,1,0,1,1,0,0,-0.00166604,-0.00159341,-0.0005050,-0.00019440,-0.00168602,sell
2015-02-27,0,1,1,0,2,1,1,1,0,0,0,0,0,0,1,0,1,1,0,0,1,0,0,1,0,0,1,0,0,0,0,0,0,1,0,0,1,0,0,-0.00336230,-0.00503853,-0.0013425,-0.00336230,-0.00366797,sell
2015-02-28,2,0,2,2,4,0,1,2,1,0,0,1,0,0,1,0,1,1,1,1,1,1,1,1,0,0,1,0,0,0,0,0,0,1,0,0,1,0,0, 0.00377336, 0.00116388, 0.0003523,-0.00082293, 0.00052408,buy
2015-03-01,0,3,1,1,2,0,1,0,1,0,0,1,0,0,1,1,0,0,1,0,1,1,0,1,0,0,0,0,0,0,0,0,0,0,0,0,1,0,0, 0.00098867, 0.00073981, 0.0009887,-0.00189587,-0.00174975,buy
2015-03-02,2,0,2,1,2,0,1,0,1,0,0,1,0,0,1,1,0,1,1,0,1,1,0,0,0,0,0,0,0,0,0,0,0,0,0,0,1,0,0,-0.00171226,-0.00211748,-0.0015578,-0.00221165,-0.00224260,sell
2015-03-03,2,1,3,2,3,0,1,1,1,0,0,1,0,0,1,1,1,1,0,1,0,1,1,1,1,0,0,0,0,1,0,1,0,0,1,0,1,1,0,-0.00805755,-0.00587891,-0.0037366,-0.00365768,-0.00356524,sell
2015-03-04,1,3,1,0,2,0,1,2,0,0,0,0,0,0,0,1,0,1,0,1,1,0,1,0,1,0,0,1,0,1,0,1,0,0,1,0,1,1,0, 0.00004656,-0.00137798, 0.0014896,-0.00105117,-0.00040792,sell
2015-03-05,2,0,4,2,3,0,1,2,0,0,0,0,0,0,0,1,1,1,1,1,1,1,1,1,1,0,0,1,0,1,0,1,0,0,1,0,1,1,0,-0.00264940,-0.00225110,-0.0010051,-0.00112129,-0.00112129,sell
2015-03-06,1,0,2,0,2,1,2,1,0,0,0,0,0,0,0,1,1,0,0,0,0,0,0,1,1,0,0,1,0,1,0,1,0,0,1,0,1,1,1, 0.00031828, 0.00084342, 0.0034506, 0.00106844, 0.00345064,buy
2015-03-07,0,2,2,1,2,1,3,0,0,0,0,0,0,0,0,0,1,1,1,0,1,0,0,1,1,0,0,1,0,1,0,0,0,0,0,1,1,0,1, 0.00355855,-0.00514978,-0.0047611,-0.00481971, 0.00196200,sell
2015-03-08,1,2,1,2,1,1,3,1,0,0,0,0,0,0,0,0,1,1,1,1,1,1,1,1,0,0,0,1,0,0,0,0,0,0,0,1,1,0,1, 0.00072361,-0.00644218,-0.0051124, 0.00082327, 0.00127532,sell
2015-03-09,0,3,0,0,3,1,1,0,0,0,0,0,0,0,0,0,0,0,1,0,1,1,0,0,0,0,0,0,0,0,1,0,0,1,0,1,1,0,1,-0.00505491, 0.00044696,-0.0070222,-0.00334772,-0.00656778,sell
2015-03-10,1,2,2,0,3,1,2,1,0,0,0,0,0,0,0,0,1,1,1,1,1,1,1,0,0,0,0,0,0,0,1,0,0,1,0,1,1,0,1,-0.00658648,-0.00154308,-0.0058735,-0.00667016,-0.00370410,sell
2015-03-11,1,2,0,0,1,5,1,1,0,1,0,1,0,0,1,0,0,1,0,1,0,1,1,1,0,0,0,0,0,0,1,0,0,1,0,0,0,0,1,-0.00448838,-0.00334404,-0.0045246,-0.00334404,-0.00315767,sell
2015-03-12,1,2,0,0,1,5,1,1,0,1,0,1,0,0,1,0,1,1,1,1,1,0,1,0,0,0,0,0,0,0,1,0,0,1,0,0,0,0,1,-0.00382596,-0.00327622,-0.0038260,-0.00327622,-0.00313813,sell
2015-03-13,3,0,0,0,2,4,1,1,0,1,0,1,0,0,1,0,1,1,0,1,0,1,1,1,0,0,0,0,0,0,1,0,0,1,0,0,0,0,0,-0.00208945,-0.00158298,-0.0020895,-0.00201780,-0.00428248,sell
2015-03-14,0,1,0,0,2,4,1,0,0,1,0,1,0,0,1,0,1,0,1,0,1,0,0,1,0,0,0,0,0,0,1,0,0,0,0,0,0,0,0,-0.00166141, 0.00334459, 0.0006468,-0.00116682, 0.00223203,buy
2015-03-15,0,0,1,0,2,4,2,3,0,1,0,0,1,0,0,0,1,1,2,1,1,1,1,2,0,0,0,0,0,0,1,0,0,0,0,0,0,0,0,-0.00063471,-0.00053356,-0.0009472,-0.00061344, 0.00111568,buy
2015-03-16,0,0,0,0,3,2,2,1,0,1,0,0,1,0,0,0,0,0,2,0,1,1,0,1,0,0,0,0,0,0,1,0,0,0,0,0,0,0,0,-0.00655880,-0.00186142,-0.0081789,-0.00302071,-0.00655880,sell
2015-03-17,0,1,0,1,3,2,2,1,0,1,1,0,1,0,0,0,1,1,1,1,0,1,1,0,1,0,0,0,0,0,1,0,0,0,0,0,0,0,0,-0.00254384,-0.00042430,-0.0039142, 0.00008138,-0.00042430,sell
2015-03-18,0,1,0,0,1,3,0,1,0,0,1,0,0,0,0,0,0,1,1,1,1,1,1,1,1,0,0,0,0,0,0,0,0,0,0,0,0,0,0, 0.00599724, 0.00608895, 0.0047859, 0.00661090, 0.00614643,buy
2015-03-19,0,1,2,0,2,0,1,0,0,0,1,0,0,0,0,0,1,1,1,1,0,0,1,0,1,0,0,0,0,0,0,0,0,0,0,1,0,0,0, 0.00424259, 0.00285313,-0.0010388, 0.00470257, 0.00500178,buy
2015-03-20,1,2,2,0,2,0,0,0,1,0,0,0,0,0,0,0,1,0,1,0,1,1,0,1,1,0,0,0,0,0,0,0,0,0,0,1,0,0,0, 0.00276524, 0.00030916, 0.0012667,-0.00820594, 0.00121449,buy
2015-03-21,1,2,2,0,2,2,1,1,1,0,0,1,0,0,1,0,1,1,2,1,1,0,1,1,1,0,0,0,0,0,0,0,0,0,0,1,0,0,0,-0.00164098,-0.00186097,-0.0015865,-0.00150035,-0.00000797,sell
2015-03-22,0,0,3,0,2,1,4,0,1,0,0,1,0,0,1,0,0,1,2,0,1,1,0,1,0,0,0,0,0,0,0,0,0,1,0,1,0,0,0, 0.00030481,-0.00071061, 0.0003577,-0.00076779, 0.00014454,buy
2015-03-23,2,0,1,0,2,1,3,1,0,0,0,1,0,0,1,0,1,0,1,1,0,1,1,0,0,0,0,0,1,0,0,0,0,1,0,1,0,0,0, 0.00359549, 0.00219620, 0.0036980, 0.00338112, 0.00248557,buy
2015-03-24,1,1,0,1,2,1,3,1,0,0,0,1,0,0,1,0,0,1,0,1,1,1,1,1,0,0,0,0,1,0,0,0,0,1,0,0,0,0,0,-0.00064443,-0.00049933,-0.0006444, 0.00147462,-0.00130576,buy
2015-03-25,1,0,1,1,0,1,3,1,0,0,0,0,0,0,0,0,1,1,1,1,1,0,1,0,0,0,0,0,1,0,0,0,0,1,0,0,0,0,0, 0.00017689, 0.00079576, 0.0014614, 0.00044140,-0.00025373,buy
2015-03-26,2,0,0,0,0,1,1,1,0,0,0,0,0,0,0,0,1,1,0,0,0,0,0,1,0,0,0,0,1,0,0,1,0,0,0,0,0,0,0,-0.00400851,-0.00398890,-0.0035679,-0.00261726,-0.00392303,sell
2015-03-27,2,1,1,1,2,0,0,3,0,0,0,0,0,0,0,0,1,0,1,1,1,1,1,1,0,0,1,0,1,0,0,1,0,0,0,0,0,0,0,-0.00410022,-0.00256372,-0.0056297,-0.00089332,-0.00657538,sell
2015-03-28,1,4,0,1,3,0,0,3,1,1,0,0,0,0,0,0,1,1,1,1,1,0,1,1,0,0,1,0,0,0,0,1,0,0,1,0,0,0,0,-0.00226232,-0.00304833,-0.0031035,-0.00226243,-0.00176709,sell
2015-03-29,3,1,2,0,3,0,0,2,1,1,0,0,0,0,0,0,0,1,1,0,1,1,0,1,0,0,1,0,0,0,0,1,0,0,1,0,0,1,0,-0.00147389,-0.00147389,-0.0030267,-0.00147389,-0.00147389,sell
2015-03-30,3,1,2,0,4,0,0,0,1,1,0,0,0,0,0,1,1,0,1,1,0,1,1,0,0,0,1,0,0,0,0,0,0,0,1,0,0,1,0,-0.00271260, 0.00157958,-0.0022684,-0.00149632,-0.00182023,buy
2015-03-31,3,3,0,1,4,0,0,0,0,1,0,0,0,0,0,1,0,1,0,1,0,1,1,1,1,0,1,0,0,0,0,0,0,0,1,0,0,1,0,-0.00498381,-0.00642886,-0.0038840,-0.00516631,-0.00388396,sell
2015-04-01,4,2,1,2,4,0,0,1,0,1,0,0,1,0,0,1,1,1,1,1,1,1,1,1,1,0,0,0,0,0,0,0,0,0,1,0,0,1,0,-0.00273332,-0.00003986,-0.0001049,-0.00230984,-0.00138704,sell
2015-04-02,3,1,1,0,2,1,0,0,0,0,0,0,1,0,0,1,2,1,0,1,0,0,1,0,1,0,0,0,0,0,0,0,0,0,0,0,0,0,0,-0.00089252,-0.00089252, 0.0007161,-0.00085267,-0.00089252,buy
2015-04-03,2,0,3,0,1,1,1,1,0,0,1,0,1,0,0,0,1,1,1,0,1,0,0,1,1,0,0,1,0,0,0,0,0,0,0,0,0,0,0,-0.00378768,-0.00031720,-0.0034345, 0.00062853, 0.00042603,buy
2015-04-04,1,1,1,2,1,1,1,2,0,0,1,0,0,0,0,0,1,0,1,1,1,1,1,1,1,0,0,1,0,1,0,0,0,0,0,0,0,0,0,-0.00954289,-0.00972409,-0.0036568,-0.00749335,-0.00844377,sell
2015-04-05,2,2,0,1,1,1,0,1,1,0,1,0,0,0,0,0,0,1,1,0,1,0,0,2,0,0,0,1,0,1,0,0,0,0,0,0,0,0,0,-0.00504793,-0.00569181,-0.0082425,-0.00571666,-0.00587287,sell
2015-04-06,3,0,0,1,1,0,1,2,1,0,0,0,0,0,0,0,1,1,1,1,1,0,0,1,0,0,0,1,0,1,0,0,0,0,0,0,0,0,0,-0.00241730,-0.00310748,-0.0028100,-0.00215082,-0.00318081,sell
2015-04-07,1,1,2,0,0,0,1,2,1,0,0,1,0,0,1,0,0,0,0,1,0,1,1,0,0,0,0,1,1,1,0,0,0,0,0,0,0,0,0,-0.00165122,-0.00041758, 0.0052650,-0.00229263, 0.00602467,buy
2015-04-08,0,4,1,0,0,2,0,3,0,0,0,1,1,1,1,0,0,1,1,1,1,1,1,1,0,0,0,0,1,1,1,0,0,0,0,0,0,0,0, 0.00829516, 0.00776865, 0.0045351, 0.00992591, 0.00837917,buy
2015-04-09,3,3,0,0,1,2,0,1,0,0,0,0,1,1,1,1,1,1,1,1,0,1,1,0,0,0,0,0,1,0,1,0,0,0,0,0,0,0,0, 0.00597392, 0.01084507, 0.0038515, 0.00547920, 0.00607802,buy
2015-04-10,1,5,0,0,1,2,1,0,0,0,0,0,1,1,0,1,1,2,0,0,1,0,0,1,0,0,0,0,1,0,1,0,0,0,1,0,0,0,0, 0.00929863, 0.00658612, 0.0069129, 0.00621859, 0.00666118,buy
2015-04-11,1,2,1,0,1,5,2,1,0,0,1,0,0,1,0,1,1,1,1,1,2,0,1,1,0,0,0,0,1,0,1,0,0,0,1,0,0,1,0, 0.00203820, 0.00271053,-0.0000445, 0.00218061, 0.00060024,buy
2015-04-12,0,1,0,0,0,7,1,1,0,0,1,0,0,0,0,0,0,0,1,0,2,1,0,1,0,0,1,0,0,0,1,0,0,0,1,0,0,1,0,-0.00074113, 0.00426944, 0.0043827, 0.00497687,-0.00088257,buy
2015-04-13,0,1,0,2,3,3,2,1,0,0,0,0,0,0,0,0,1,1,1,1,1,0,1,1,0,0,1,0,0,0,1,0,0,0,1,1,0,1,0, 0.00117899, 0.00003091, 0.0002160, 0.00023975, 0.00117899,buy
2015-04-14,0,0,0,1,0,5,2,0,0,0,0,0,0,0,0,0,0,0,0,1,0,1,2,0,0,0,1,0,0,0,1,0,0,0,0,1,0,1,0, 0.00096335, 0.00145264, 0.0010071, 0.00106793, 0.00188623,buy
2015-04-15,0,0,2,1,1,6,2,1,0,0,0,0,1,0,0,0,1,1,1,2,1,1,2,1,0,0,1,0,0,0,1,0,0,0,0,1,0,1,0,-0.00091643, 0.00103072, 0.0006324, 0.00063243, 0.00110653,buy
2015-04-16,0,1,1,1,2,2,1,0,0,0,0,0,1,0,0,0,1,1,0,1,0,1,1,0,0,0,1,0,0,0,0,0,0,0,0,1,0,0,0, 0.00294199, 0.00376331, 0.0020527, 0.00221399, 0.00376331,buy
2015-04-17,2,0,1,0,3,0,0,2,0,0,0,0,1,0,0,0,1,1,1,1,1,0,1,1,0,0,0,0,0,0,0,0,0,1,0,0,0,0,0,-0.00230349,-0.00230349, 0.0011217,-0.00202264,-0.00099941,sell
2015-04-18,0,1,0,0,0,2,2,3,0,0,1,0,0,0,0,1,0,0,1,1,1,1,1,1,0,0,0,0,0,0,0,0,0,1,0,0,0,0,1,-0.00170540,-0.00170540,-0.0023081,-0.00170540,-0.00170540,sell
2015-04-19,1,0,1,0,1,0,4,3,0,0,1,0,0,0,0,1,1,1,1,1,1,0,1,1,0,0,0,0,0,0,0,0,0,1,0,0,0,0,1,-0.00171077,-0.00211526,-0.0003936,-0.00115094,-0.00319087,sell
2015-04-20,1,1,0,0,2,0,2,3,1,0,1,0,0,0,0,1,0,1,0,2,0,1,1,0,0,0,0,0,0,0,0,0,0,1,0,0,0,0,1,-0.00113357,-0.00113357,-0.0011336, 0.00094540,-0.00267525,sell
2015-04-21,1,1,1,1,2,1,3,5,1,1,0,1,0,0,0,1,1,1,1,2,1,1,1,1,0,0,0,0,0,0,0,1,0,1,0,0,0,0,1, 0.00094262,-0.00083202, 0.0009426, 0.00094262, 0.00240222,buy
2015-04-22,1,0,2,0,2,2,3,2,1,1,0,1,0,0,1,0,2,1,0,1,0,1,1,0,0,0,0,0,1,0,0,1,0,0,0,0,0,0,1, 0.00194496,-0.00155167, 0.0007085, 0.00070854, 0.00148925,buy
2015-04-23,2,0,3,0,1,2,2,1,0,1,0,1,0,0,1,0,1,1,1,0,1,1,0,0,0,0,0,0,1,0,0,1,0,0,1,0,0,0,1, 0.00277349, 0.00235183,-0.0012357,-0.00052756, 0.00278822,buy
2015-04-24,2,2,2,1,2,0,2,1,0,1,0,0,0,0,1,0,1,1,2,1,1,0,1,1,0,0,0,0,1,0,0,1,0,0,1,0,0,0,0,-0.00135489,-0.00077965,-0.0036332,-0.00310081,-0.00220147,sell
2015-04-25,1,2,2,0,1,0,1,1,0,0,0,0,0,0,0,0,0,0,1,0,1,1,0,1,0,0,0,0,1,0,0,0,1,0,1,0,0,1,0, 0.00460407, 0.00501796, 0.0039579, 0.00451651, 0.00224212,buy
2015-04-26,2,0,5,0,1,0,1,1,0,0,0,0,0,0,0,0,1,0,1,1,1,1,1,1,0,0,0,0,1,0,0,0,1,0,1,0,0,1,0,-0.00632148,-0.00632148,-0.0082709,-0.00864667,-0.00708611,sell
2015-04-27,1,1,0,0,1,0,2,1,0,0,0,0,0,0,0,0,0,1,0,1,0,0,1,0,0,0,1,0,0,0,0,0,1,0,0,0,0,1,0, 0.00166372, 0.00190630, 0.0007834,-0.00244690, 0.00166372,buy
2015-04-28,1,2,0,1,1,0,2,1,0,0,0,0,0,0,0,0,0,0,1,1,1,1,1,0,0,0,1,0,0,0,0,0,1,0,0,0,0,1,0, 0.00124827, 0.00105482, 0.0010118,-0.00238335, 0.00118546,buy
2015-04-29,2,1,1,2,2,0,1,0,0,0,0,0,0,0,0,0,1,1,1,1,0,1,1,1,0,0,1,0,0,0,0,0,1,0,0,0,0,0,0,-0.00116170,-0.00116382,-0.0039276,-0.00348547,-0.00118254,sell
2015-04-30,1,2,0,0,1,1,2,0,0,0,0,1,0,0,0,0,1,1,0,0,1,1,0,0,0,0,1,0,0,0,0,0,1,0,0,0,0,0,0,-0.00440710,-0.00500317, 0.0035178,-0.00481240,-0.00481240,sell
2015-05-01,0,2,3,2,1,2,3,1,0,0,0,1,1,0,1,0,1,1,1,1,2,1,1,1,0,0,1,0,0,0,0,0,1,0,0,0,0,0,0,-0.00450236,-0.00506374,-0.0045024,-0.00678202,-0.00358183,sell
2015-05-02,0,2,2,2,1,2,1,2,0,0,0,1,1,0,1,0,0,1,1,1,1,0,1,1,1,0,1,0,0,0,0,0,1,0,0,0,0,0,0,-0.00228853,-0.00112335,-0.0030937,-0.00674944,-0.00186979,sell
2015-05-03,1,1,0,1,2,1,0,1,0,0,0,0,1,0,1,0,0,0,1,0,1,0,0,1,1,0,0,0,0,0,0,0,1,0,0,0,0,0,0, 0.00012922, 0.00010434, 0.0008588,-0.00000442, 0.00138771,buy
2015-05-04,2,0,1,3,1,2,1,2,0,0,0,0,1,0,1,0,1,1,0,1,0,1,1,1,1,0,0,1,0,0,0,1,1,0,0,0,0,0,0,-0.00024679, 0.00093782, 0.0006791, 0.00213104, 0.00149998,buy
2015-05-05,1,1,0,1,1,3,0,1,0,0,0,0,0,0,1,0,0,1,0,1,1,0,1,0,1,0,0,1,0,0,0,1,1,0,0,0,0,0,0,-0.00133008, 0.00030200, 0.0003020,-0.00174658, 0.00113347,buy
2015-05-06,3,0,1,0,1,1,1,3,0,0,0,0,0,0,0,0,1,0,1,1,0,1,1,1,1,0,0,1,0,0,1,1,0,0,0,0,0,0,0, 0.00279539,-0.00184744,-0.0006643,-0.00066427, 0.00006257,sell
2015-05-07,2,2,1,0,2,1,1,2,0,0,1,0,0,0,0,0,1,1,0,0,1,1,1,1,0,0,0,1,0,1,1,1,0,0,0,0,0,0,0,-0.00027363,-0.00037638,-0.0009183,-0.00096480,-0.00016730,buy
2015-05-08,2,2,2,0,2,3,2,1,0,0,1,0,0,0,0,0,1,1,1,1,2,2,0,0,0,0,0,1,0,1,1,1,0,0,0,1,1,0,0, 0.00212248, 0.00280543, 0.0024531, 0.00245310, 0.00280543,buy
2015-05-09,2,0,1,0,1,3,2,2,0,0,1,0,0,0,0,0,0,1,1,1,1,1,1,1,0,0,0,0,0,1,1,0,0,0,0,1,1,0,0, 0.00252898, 0.00189210, 0.0028324, 0.00253560, 0.00186397,buy
2015-05-10,1,0,1,1,3,2,2,1,0,0,1,0,0,0,0,0,1,1,1,1,1,0,0,1,0,0,0,0,0,1,1,0,0,0,0,1,1,0,0, 0.00274886, 0.00270013, 0.0027001, 0.00179000, 0.00183722,buy
2015-05-11,0,0,1,1,3,1,2,2,0,0,1,0,0,0,0,0,1,0,0,1,0,1,1,1,0,0,0,0,0,1,1,0,0,0,0,1,1,0,0, 0.00160808, 0.00160808, 0.0010257,-0.00247202, 0.00160808,buy
2015-05-12,0,0,1,0,0,3,1,3,0,0,1,0,0,0,0,0,0,1,1,1,1,0,1,0,0,0,0,0,0,0,1,0,0,0,0,1,1,0,0, 0.00145452, 0.00000800, 0.0036759, 0.00139657, 0.00155922,buy
2015-05-13,0,0,1,0,1,1,3,0,0,0,0,0,0,0,0,0,1,0,0,1,0,1,1,1,0,0,0,0,0,0,1,0,0,0,0,0,1,0,0,-0.00222444,-0.00222444,-0.0025079,-0.00665988,-0.00229663,sell
2015-05-14,2,1,0,0,1,2,1,0,0,0,0,0,0,0,0,0,1,1,1,0,1,1,0,0,0,0,0,0,0,0,0,0,0,1,0,0,1,0,0,-0.00284881, 0.00298244,-0.0028488,-0.00087382,-0.00284881,sell
2015-05-15,2,1,0,0,3,3,1,1,1,0,0,0,0,0,0,0,1,1,2,1,1,1,1,1,0,0,0,0,0,0,0,0,0,1,0,0,1,0,0, 0.00035689, 0.00231832,-0.0009450, 0.00073752,-0.00115515,buy
2015-05-16,1,0,1,0,2,3,2,0,1,0,0,0,0,0,0,0,0,1,2,0,1,1,0,1,0,0,0,0,0,0,0,0,0,1,0,0,1,0,0,-0.00218564,-0.00100258,-0.0053222,-0.00079385,-0.00311047,sell
2015-05-17,2,0,0,0,1,1,3,1,1,0,0,0,0,0,0,0,1,0,1,1,0,0,1,1,0,0,0,0,0,0,0,0,0,1,0,0,1,0,0, 0.00595944, 0.00608433, 0.0059594, 0.00716471, 0.00591624,buy
2015-05-18,1,1,0,1,0,2,2,1,1,0,0,0,0,0,0,0,0,1,1,1,1,1,1,1,0,0,0,0,0,0,0,0,0,1,0,0,1,0,0, 0.00124062, 0.00213373, 0.0000336, 0.00179657,-0.00036946,buy
2015-05-19,0,1,1,0,0,1,3,2,1,0,0,0,0,0,0,0,1,0,1,1,0,0,1,1,0,0,0,1,0,0,0,0,0,0,0,0,1,0,0, 0.00365158, 0.00202528, 0.0013867, 0.00237460, 0.00138673,buy
2015-05-20,0,1,1,1,3,2,1,1,1,0,0,0,0,0,0,0,1,1,0,0,1,1,0,1,0,0,0,1,0,0,0,1,0,0,1,0,1,0,0, 0.00092397, 0.00109405, 0.0043335,-0.00171957, 0.00174259,buy
2015-05-21,1,3,0,3,3,2,0,1,0,0,0,0,0,0,0,0,1,1,1,1,1,1,1,0,0,0,0,1,1,0,0,1,0,0,1,1,1,0,0, 0.00208415, 0.00195545, 0.0001348, 0.00036621, 0.00062226,buy
2015-05-22,2,4,0,2,1,2,1,1,0,0,0,0,0,0,0,0,0,1,1,0,2,1,1,1,0,0,0,1,1,0,0,1,0,0,1,1,1,0,0, 0.00167131, 0.00293630, 0.0011462, 0.00198965, 0.00222854,buy
2015-05-23,1,3,1,2,1,2,2,1,0,0,0,0,0,0,0,0,0,1,1,0,1,1,0,1,0,0,0,1,1,1,0,1,0,0,1,1,1,1,0,-0.00133793,-0.00209610, 0.0003900,-0.00170571, 0.00057887,sell
2015-05-24,1,1,2,1,1,2,0,1,0,0,0,0,0,0,0,0,1,0,0,1,0,0,1,1,0,0,0,0,1,1,0,1,0,0,0,1,1,1,0, 0.00094311, 0.00038312, 0.0016789, 0.00131459, 0.00219647,buy
2015-05-25,0,3,1,0,0,2,0,4,0,1,1,0,0,0,0,0,0,0,0,1,1,1,1,1,0,0,0,0,0,1,0,0,0,0,0,1,1,1,0,-0.00038002,-0.00031475,-0.0047490,-0.00282142,-0.00049910,sell
2015-05-26,1,0,1,1,1,2,0,3,0,1,1,0,0,0,0,0,1,1,1,1,0,0,1,0,0,0,0,0,0,1,0,0,0,0,0,0,1,1,0, 0.00003547, 0.00018599,-0.0009213,-0.00092134, 0.00189478,buy
2015-05-27,0,0,1,1,0,3,1,2,0,1,1,0,0,0,0,0,1,0,0,0,1,0,1,1,0,0,0,0,0,1,0,0,0,0,0,0,1,1,0,-0.00123882, 0.00151859,-0.0036671,-0.00363908,-0.00207696,sell
2015-05-28,2,0,1,0,0,2,1,1,0,1,1,0,0,0,0,0,1,1,1,0,1,1,0,0,0,0,0,0,0,0,0,0,0,0,0,0,1,0,0,-0.00351524,-0.00253994,-0.0035152,-0.00232064,-0.00340879,sell
2015-05-29,1,3,0,1,0,2,1,3,0,1,1,0,0,1,0,0,1,1,1,1,1,1,1,0,0,0,1,0,0,0,0,0,0,1,0,0,1,0,0,-0.00176871,-0.00079597,-0.0020248,-0.00202477,-0.00186929,sell
2015-05-30,0,4,1,0,1,1,0,2,0,0,1,0,0,1,0,0,0,1,1,0,1,1,0,1,0,0,1,0,0,0,0,0,0,1,0,0,1,0,0,-0.00220364,-0.00220456,-0.0022036,-0.00268146, 0.00105014,sell
2015-05-31,1,2,3,0,0,1,1,3,0,0,1,0,0,1,0,0,1,1,1,1,0,1,1,1,0,0,1,0,0,0,0,0,0,1,0,0,1,0,0,-0.00026827,-0.00063076,-0.0004330,-0.00044184,-0.00213541,sell
2015-06-01,2,2,1,0,0,2,0,2,0,0,1,0,0,1,0,0,0,0,0,1,1,0,2,1,0,0,1,0,0,0,0,0,0,1,0,0,1,0,1,-0.00131626, 0.00059420,-0.0031002, 0.00093815,-0.00373228,buy
2015-06-02,2,2,0,2,1,1,0,2,0,0,0,0,0,0,0,0,1,1,1,1,1,1,1,0,0,0,1,0,0,0,0,0,0,1,0,0,1,0,1,-0.00121326,-0.00096232,-0.0011985,-0.00036170, 0.00204532,buy
2015-06-03,3,0,1,1,2,1,0,1,0,0,0,0,0,0,0,0,1,1,0,1,1,0,1,1,0,0,0,1,0,0,0,0,0,0,0,0,1,0,1, 0.00542529, 0.00968801, 0.0054253, 0.00676464, 0.00582237,buy
2015-06-04,2,1,2,0,1,2,1,1,0,0,0,0,0,0,1,0,1,0,1,0,1,1,0,1,0,0,0,1,0,0,0,0,0,0,0,1,1,0,1,-0.00030402,-0.00360881,-0.0026092,-0.00064056,-0.00129160,sell
2015-06-05,2,0,4,0,0,4,0,1,0,0,0,0,0,0,1,0,1,1,1,1,1,1,1,0,0,0,0,1,0,0,0,0,0,0,0,1,1,0,1, 0.00191758,-0.00424828,-0.0006990,-0.00130065,-0.00362111,sell
2015-06-06,2,2,1,0,1,3,3,0,0,0,0,0,0,0,1,0,0,1,1,0,1,1,0,1,1,0,0,1,0,0,0,0,1,0,0,1,1,0,1, 0.00203697,-0.00291754,-0.0042800, 0.00021254,-0.00406190,sell
2015-06-07,4,0,1,1,2,4,2,0,0,0,0,0,0,0,1,0,1,1,1,1,0,1,1,1,1,1,0,1,0,0,0,0,1,0,0,1,1,0,1,-0.00546066,-0.00594327,-0.0057978,-0.00576643,-0.00488485,sell
2015-06-08,2,0,1,0,1,5,2,1,0,0,0,0,0,0,1,0,0,0,1,1,1,0,1,1,1,1,0,1,0,1,0,0,1,0,0,1,1,0,1,-0.00763031,-0.00519148,-0.0055556,-0.00555562,-0.00523301,sell
2015-06-09,0,0,1,0,1,3,3,2,0,0,0,0,0,0,1,0,1,1,1,1,0,1,1,0,1,1,0,0,0,1,0,0,1,0,0,0,1,0,0, 0.00008670,-0.00227886,-0.0026405,-0.00225589, 0.00204577,sell
2015-06-10,1,1,0,0,0,3,2,0,0,0,0,0,0,0,1,0,1,0,0,0,1,0,0,1,1,1,0,0,0,1,0,0,1,0,0,0,1,0,0,-0.00591483,-0.00079997,-0.0009518,-0.00095176,-0.00080285,buy
2015-06-11,1,1,0,0,1,3,4,1,0,0,0,0,0,0,1,0,1,1,1,1,1,1,1,0,1,1,0,0,0,1,0,0,1,0,0,0,1,0,0,-0.00088297, 0.00070530, 0.0004391, 0.00045080, 0.00094560,buy
2015-06-12,0,0,1,0,1,5,3,0,0,0,0,0,0,0,1,0,0,1,1,0,1,2,1,1,0,1,0,0,0,1,0,0,1,0,0,0,1,0,0, 0.00074148, 0.00087513,-0.0009526, 0.00087513,-0.00014740,buy
2015-06-13,1,0,0,0,1,6,2,1,0,0,0,0,0,0,1,0,1,1,1,1,0,1,1,1,0,1,0,0,0,1,0,0,1,0,0,0,1,0,0, 0.00267542,-0.00185230,-0.0035614,-0.00200834, 0.00301007,buy
2015-06-14,0,1,1,1,3,4,1,1,0,0,0,0,0,0,1,0,1,1,0,1,1,1,2,1,0,1,0,0,0,0,0,0,1,1,0,0,1,0,0,-0.00507150,-0.00603536,-0.0050715,-0.00637748,-0.00609906,sell
2015-06-15,0,0,2,0,0,4,1,1,0,0,0,0,0,0,1,0,0,0,1,1,0,0,1,1,0,1,0,0,0,0,0,0,1,1,0,0,1,0,0,-0.00302859,-0.00513295,-0.0048146,-0.00347418,-0.00347418,sell
2015-06-16,0,0,2,0,0,3,2,0,0,0,0,0,0,0,1,0,1,1,0,0,1,1,1,0,0,1,0,0,0,0,0,0,1,1,0,0,1,0,0,-0.00632579,-0.00754938,-0.0064186,-0.00741445,-0.00840564,sell
2015-06-17,1,1,2,1,0,4,0,1,0,0,0,0,0,0,1,0,1,0,1,1,2,0,0,1,0,1,0,0,0,0,0,0,1,1,0,0,1,0,0,-0.00269532,-0.00509818,-0.0061327,-0.00604927,-0.00605970,sell
2015-06-18,0,2,1,1,3,3,0,1,0,0,0,0,0,0,1,0,1,1,1,1,1,1,1,0,0,1,0,0,0,0,0,0,1,1,0,0,1,0,0,-0.00652795,-0.00663090,-0.0074263,-0.00671831,-0.00663090,sell
2015-06-19,2,1,3,0,2,3,0,0,0,0,0,0,0,0,1,0,0,1,2,0,1,1,0,1,0,1,0,0,1,0,0,0,1,0,1,0,1,0,0,-0.00203984, 0.00003860, 0.0008253,-0.00258311,-0.00208584,sell
2015-06-20,1,1,4,0,0,4,0,0,0,0,0,0,0,0,0,0,1,1,1,1,0,1,1,1,0,1,0,0,1,0,0,0,1,0,1,0,1,0,0,-0.00145864, 0.00169074, 0.0012816,-0.00140985,-0.00018525,buy
2015-06-21,1,2,3,0,0,2,2,2,0,0,1,0,0,0,0,0,1,1,0,1,1,1,1,2,0,1,0,0,1,0,0,0,1,0,1,0,1,0,0, 0.00254304, 0.00336818, 0.0016879, 0.00320593, 0.00497731,buy
2015-06-22,1,1,3,1,0,2,0,1,0,0,1,0,0,0,0,0,0,0,1,1,0,0,1,1,0,0,0,0,1,0,0,0,1,0,1,0,1,0,0, 0.00620629, 0.00541564, 0.0054156, 0.00269300, 0.00603601,buy
2015-06-23,1,0,3,0,1,2,0,1,0,0,1,0,0,0,0,0,1,0,0,1,0,0,1,0,0,0,0,0,1,0,0,0,1,0,1,0,1,0,0, 0.00861867, 0.00861867, 0.0079856, 0.00569466, 0.00798561,buy
2015-06-24,0,0,2,1,0,3,1,3,0,0,1,0,0,0,0,0,1,1,1,0,1,1,0,1,0,0,0,0,0,0,0,0,1,0,1,0,1,0,0, 0.00379538, 0.00240087,-0.0032219, 0.00424888, 0.00518559,buy
2015-06-25,0,0,1,1,0,4,1,3,0,0,1,0,0,0,0,0,1,0,1,1,1,0,1,0,1,0,0,0,0,0,1,0,1,0,0,0,1,0,0, 0.00149495, 0.00109747, 0.0013010, 0.00167138, 0.00284189,buy
2015-06-26,2,1,1,1,1,3,1,1,0,0,0,1,0,0,0,0,1,1,1,0,1,0,1,0,1,0,0,0,0,0,1,0,1,0,0,0,1,1,0,-0.00428431,-0.00189323,-0.0018250,-0.00182499,-0.00250940,sell
2015-06-27,4,0,2,0,0,3,1,1,0,0,0,1,0,0,0,0,0,1,1,1,0,1,0,1,1,0,0,0,0,0,1,1,1,0,0,0,1,1,0,-0.00985742,-0.00985015,-0.0098501,-0.00185393,-0.00985015,sell
2015-06-28,1,4,2,0,0,4,1,2,0,0,0,1,0,0,0,0,1,1,0,2,1,1,1,1,1,0,0,0,0,0,1,1,1,0,0,0,1,1,1,-0.00625834,-0.00503071,-0.0058599, 0.00261658,-0.00509885,sell
2015-06-29,3,2,3,0,0,3,0,2,0,0,0,1,0,0,0,0,0,1,1,1,1,1,1,1,1,0,1,0,0,0,1,1,0,0,0,0,1,1,1,-0.00743684,-0.00730650,-0.0096255,-0.00038008,-0.00740011,sell
2015-06-30,4,1,0,0,1,1,0,2,0,0,0,0,0,0,0,0,1,0,1,1,0,0,1,0,1,0,1,0,0,0,1,1,0,0,0,0,0,1,1,-0.00670277,-0.00726567,-0.0094248,-0.00063865,-0.00645126,sell
2015-07-01,2,2,0,2,1,0,2,2,0,0,0,0,0,0,1,0,1,1,1,0,1,1,0,1,0,0,1,0,0,0,1,1,0,0,0,0,0,1,1, 0.00383950,-0.00119722,-0.0011972,-0.00159913, 0.00400490,buy
2015-07-02,2,2,1,1,0,1,3,2,1,0,0,0,0,0,1,0,2,0,1,1,1,1,1,1,0,0,1,0,0,0,0,1,0,0,0,0,0,1,1, 0.00326161, 0.00039968, 0.0008147, 0.00039968, 0.00338985,buy
2015-07-03,1,1,2,0,0,1,4,0,1,0,0,0,0,0,1,0,1,1,1,0,1,0,0,1,0,0,1,0,0,0,0,1,0,0,0,0,0,0,1, 0.00318334,-0.00007082, 0.0025720,-0.00040544, 0.00257671,buy
2015-07-04,0,3,2,2,2,1,4,0,1,0,0,0,0,0,1,0,1,2,1,1,0,1,1,1,0,0,0,1,1,0,0,1,1,0,0,0,0,0,1,-0.00149015,-0.00158571,-0.0022769,-0.00158571,-0.00223472,sell
2015-07-05,0,4,0,2,0,4,2,1,1,0,0,0,0,0,0,0,1,1,0,1,1,1,2,1,0,0,0,1,1,0,0,1,1,0,0,0,0,0,1, 0.00352617, 0.00085651,-0.0002220, 0.00376720,-0.00180721,buy
2015-07-06,2,2,0,1,2,2,1,0,0,0,0,0,0,0,0,0,0,1,1,1,0,1,2,1,0,0,0,1,1,0,0,0,1,0,0,0,0,0,1,-0.00420132,-0.00185035,-0.0029501,-0.00157680,-0.00333844,sell
2015-07-07,1,2,2,1,1,1,0,0,0,0,0,0,1,0,0,0,1,0,0,0,1,0,1,0,0,0,0,1,1,0,0,0,1,0,0,0,0,0,1, 0.00300752, 0.00352298,-0.0037155,-0.00371550,-0.00401496,sell
2015-07-08,0,4,1,1,1,1,0,3,0,0,0,0,1,0,0,0,1,1,1,1,1,1,0,1,0,0,0,1,1,0,0,0,1,0,0,0,0,0,1,-0.00140194,-0.00142001, 0.0021659, 0.00071131,-0.00156758,sell
2015-07-09,1,1,2,0,0,2,0,1,0,0,0,0,1,0,0,0,1,0,1,0,1,1,1,0,0,0,0,0,0,0,0,0,1,0,0,0,0,0,1, 0.00264707, 0.00113677,-0.0001605,-0.00169676,-0.00300324,buy
2015-07-10,1,1,0,0,1,1,2,1,0,0,0,0,0,0,0,0,0,1,1,1,0,0,0,1,0,0,0,0,0,0,0,0,1,0,1,1,0,0,0, 0.00562847, 0.00635730, 0.0056285, 0.00562847,-0.00038703,buy
2015-07-11,0,2,0,1,1,3,1,3,0,0,0,0,0,0,0,0,1,1,0,1,1,1,1,1,0,0,0,0,0,1,0,0,1,0,1,1,0,0,0, 0.00627060, 0.00570681, 0.0057068, 0.00463469, 0.00563772,buy
2015-07-12,1,2,1,1,1,4,1,3,1,0,1,0,0,0,0,0,0,1,1,2,1,1,1,1,0,0,0,0,0,1,0,0,1,0,1,1,0,0,0, 0.00558645, 0.00641491, 0.0064596, 0.00547219, 0.00641491,buy
2015-07-13,1,1,1,0,2,2,2,3,1,0,1,0,0,0,0,1,1,1,0,1,0,1,1,0,0,0,0,0,0,1,0,0,1,0,1,1,0,0,0, 0.00892770, 0.00877159, 0.0091689, 0.00751590, 0.00877159,buy
2015-07-14,2,2,1,0,0,3,0,4,1,1,1,0,1,0,0,1,1,0,1,0,1,0,0,1,0,0,0,0,0,1,0,0,1,0,1,1,0,0,0, 0.00744787, 0.00912716, 0.0065975, 0.01025057, 0.00754615,buy
2015-07-15,1,4,0,2,1,2,0,5,0,1,0,1,1,0,0,1,1,1,1,1,1,1,1,1,1,0,1,0,0,1,0,0,1,0,1,1,0,0,0,-0.00093715, 0.00222932,-0.0000124, 0.00009517,-0.00033415,buy
2015-07-16,1,4,0,1,2,1,0,1,0,1,0,1,1,0,0,0,1,0,1,0,1,1,0,0,1,0,1,0,0,0,0,0,1,0,1,1,0,0,0,-0.00005057, 0.00112965, 0.0001422,-0.00046332,-0.00058475,buy
2015-07-17,1,2,2,0,2,1,0,1,0,1,0,0,0,0,0,0,0,1,1,1,0,0,0,1,1,0,1,0,0,0,0,0,1,0,1,1,0,0,0, 0.00171623, 0.00080477, 0.0013388, 0.00338593,-0.00115047,buy
2015-07-18,1,4,0,0,3,1,0,3,0,0,0,0,0,0,1,0,1,1,0,1,1,1,1,1,1,0,1,0,0,0,0,0,1,0,1,1,0,0,0, 0.00081338, 0.00128268, 0.0008761, 0.00128268, 0.00032606,buy
2015-07-19,1,4,1,1,1,3,0,3,0,0,0,0,0,0,1,0,0,1,1,1,1,1,1,1,1,0,1,0,1,0,0,0,1,0,1,1,0,0,0, 0.00410868, 0.00512040, 0.0045237, 0.00452368, 0.00357333,buy
2015-07-20,2,2,2,0,2,2,1,1,1,0,1,0,0,0,0,0,0,1,0,1,0,1,1,1,1,0,0,0,1,0,0,0,1,0,1,1,0,0,0, 0.00534318, 0.00655483, 0.0030635, 0.00502616, 0.00566323,buy
2015-07-21,2,2,0,0,3,0,2,0,1,0,1,0,1,0,0,0,1,0,0,0,1,1,0,0,0,0,0,0,1,0,0,0,0,0,1,0,1,0,0,-0.00207040,-0.00187976,-0.0009637,-0.00003750,-0.00227216,sell
2015-07-22,2,1,1,1,2,2,0,1,1,0,0,0,1,1,0,0,1,0,1,1,1,0,0,1,0,0,0,0,1,0,0,0,0,0,1,0,1,0,0,-0.00504300,-0.00491100,-0.0049304,-0.00551758,-0.00435943,sell
2015-07-23,2,2,0,1,2,0,1,1,0,0,0,0,1,1,0,0,1,1,1,0,1,0,1,0,0,0,0,0,1,0,0,0,0,0,1,0,1,0,0,-0.00193748,-0.00251529,-0.0000885,-0.00403038,-0.00351142,sell
2015-07-24,1,1,1,0,2,0,0,1,0,0,0,0,0,1,0,0,0,0,1,0,1,1,0,1,0,0,0,0,0,0,0,0,0,0,1,0,1,0,0,-0.00139648,-0.00361147,-0.0031619,-0.00337165,-0.00139648,sell
2015-07-25,2,1,2,0,1,0,1,0,0,0,0,0,0,1,0,0,0,1,1,1,0,0,1,1,0,0,0,0,0,0,0,0,0,0,1,0,1,0,0, 0.00006962,-0.00064291,-0.0000610,-0.00085073,-0.00014283,buy
2015-07-26,1,4,0,0,1,1,0,1,0,0,0,0,0,0,0,0,1,1,0,1,1,1,1,1,0,0,0,0,0,0,0,0,0,0,1,0,1,0,0,-0.00211248,-0.00366869,-0.0021442,-0.00214416,-0.00478691,sell
2015-07-27,2,4,1,0,1,0,0,1,0,0,1,0,0,0,0,0,0,1,1,1,0,1,2,1,0,0,0,0,0,0,0,0,0,0,1,0,0,0,0,-0.00376021,-0.00066089,-0.0036552,-0.00345821,-0.00416584,sell
2015-07-28,3,2,2,0,1,0,0,0,0,0,1,0,0,0,0,1,1,1,0,0,1,1,1,0,0,0,0,0,0,0,0,0,0,0,1,0,0,0,0, 0.00325712, 0.00127051,-0.0015251,-0.00083225,-0.00152515,buy
2015-07-29,1,2,2,0,0,1,1,1,0,0,0,1,0,0,0,1,1,0,1,1,1,1,0,1,0,0,0,0,0,0,0,0,0,0,1,0,0,0,0, 0.00091593, 0.00060732, 0.0005185, 0.00012379, 0.00091593,buy
2015-07-30,1,1,3,1,0,1,1,2,0,0,0,1,0,0,0,1,1,1,1,0,1,0,1,0,0,0,1,0,0,0,0,0,0,0,1,1,0,0,0, 0.00527520, 0.00506645, 0.0051061, 0.00621822, 0.00191997,buy
2015-07-31,0,2,2,1,2,0,1,1,0,0,0,1,0,0,0,0,0,0,1,1,0,1,0,1,0,0,1,0,0,0,0,0,0,0,1,1,0,0,1, 0.00221723, 0.00216310,-0.0046174, 0.00311285, 0.00435180,buy
2015-08-01,1,2,2,1,0,2,1,2,0,0,0,0,0,0,1,0,1,1,0,1,1,0,1,1,0,0,1,0,0,0,0,1,0,0,1,1,0,0,1, 0.00299932, 0.00167500, 0.0010498, 0.00295322, 0.00272775,buy
2015-08-02,1,3,2,0,1,1,1,1,0,0,0,0,0,0,1,0,0,1,1,1,0,1,1,1,0,0,1,0,0,0,0,1,0,0,1,1,0,0,1, 0.00193330, 0.00199030, 0.0012629, 0.00658134, 0.00956056,buy
2015-08-03,4,3,2,0,1,0,0,1,0,0,0,0,0,0,1,0,1,1,0,0,1,1,1,0,0,0,1,0,0,0,1,1,0,0,1,1,0,0,1, 0.00064352,-0.00381966,-0.0004449, 0.00050585,-0.00022325,sell
2015-08-04,2,4,2,0,2,0,0,2,0,0,0,0,0,0,0,0,2,0,1,1,1,1,0,1,0,0,0,1,0,0,1,1,1,0,1,1,0,0,1,-0.00227157,-0.00145445,-0.0002704,-0.00083528,-0.00227157,sell
2015-08-05,2,6,2,0,2,1,0,4,0,1,0,1,1,0,0,1,2,1,1,1,2,0,1,1,0,0,0,1,0,0,1,1,1,0,1,1,0,0,1,-0.00174143,-0.00184727,-0.0018198,-0.00173036,-0.00192498,sell
2015-08-06,3,4,2,0,3,0,1,4,1,1,0,1,1,0,0,1,1,1,1,1,1,1,0,1,0,0,0,1,0,0,1,1,1,0,1,1,0,0,1,-0.00087651,-0.00115192,-0.0000892,-0.00031973,-0.00098080,sell
2015-08-07,2,4,1,0,4,0,0,3,1,1,0,1,1,0,0,1,0,0,0,1,0,1,1,1,0,0,0,1,0,0,1,1,1,0,1,1,0,0,1, 0.00057844,-0.00072964, 0.0008317,-0.00049848, 0.00095559,buy
2015-08-08,1,4,1,1,1,2,1,3,1,1,0,1,0,0,0,0,1,1,1,1,1,0,1,1,0,0,0,1,0,0,1,0,0,0,1,1,0,0,1,-0.00334801,-0.00176193,-0.0019357,-0.00185500,-0.00176193,sell
2015-08-09,0,3,1,0,0,1,3,2,0,0,0,0,0,0,1,0,0,1,1,1,0,1,1,1,0,0,0,0,0,0,0,0,0,0,1,1,0,0,1, 0.00061209, 0.00078276, 0.0013771, 0.00116221,-0.00133404,buy
2015-08-10,0,1,1,0,1,1,1,0,0,0,0,0,0,0,1,0,1,1,0,0,1,1,0,0,0,0,0,0,0,0,0,0,0,0,0,0,0,0,0,-0.00274049,-0.00275046,-0.0024901,-0.00260129,-0.00214205,sell
2015-08-11,2,2,0,2,1,1,0,2,0,0,1,0,0,0,1,0,1,0,1,1,1,1,1,1,0,0,0,0,0,1,0,0,0,0,0,0,0,0,0,-0.01079529,-0.01021340,-0.0088854,-0.00963305,-0.01079529,sell
2015-08-12,2,2,0,1,2,0,0,1,0,0,1,0,0,0,1,0,1,1,1,0,1,1,1,0,0,0,0,0,0,1,0,0,0,0,0,0,0,0,0,-0.01086506,-0.00881718,-0.0100799,-0.00887289,-0.01027764,sell
2015-08-13,2,0,2,1,1,0,0,0,0,0,1,0,0,0,0,0,1,1,1,1,0,0,0,1,0,0,0,0,0,1,0,0,0,0,0,0,0,0,0,-0.00311199,-0.00266633,-0.0031120,-0.00483639,-0.00316124,sell
2015-08-14,4,0,2,1,0,0,0,0,0,0,1,1,0,0,0,1,0,0,0,1,0,1,1,1,0,0,0,0,0,1,0,0,0,0,0,0,1,0,0, 0.00171761, 0.00150696, 0.0007563, 0.00115504, 0.00227321,buy
2015-08-15,2,3,1,1,1,0,0,1,0,0,0,1,0,0,0,1,1,1,1,1,1,0,1,1,0,0,0,0,0,1,0,0,0,0,0,0,1,0,0,-0.00191621,-0.00356582,-0.0016172,-0.00144355,-0.00221617,sell
2015-08-16,3,0,3,1,0,1,0,0,0,0,0,1,0,0,0,1,0,1,1,1,0,0,1,1,0,0,0,0,0,0,0,0,0,0,0,0,1,1,0,-0.00180107,-0.00117784,-0.0009278,-0.00223039,-0.00176526,sell
2015-08-17,2,0,2,0,2,1,1,0,0,0,0,1,0,0,0,1,1,1,0,0,1,1,1,0,0,0,0,0,0,0,0,0,0,0,0,0,1,1,0, 0.00339795, 0.00297003, 0.0039003, 0.00038801, 0.00306597,buy
2015-08-18,1,0,1,1,1,2,1,1,0,0,0,0,0,0,0,0,1,1,1,1,1,1,0,1,0,0,0,0,0,0,0,0,0,0,0,0,0,1,0,-0.00206583,-0.00416744,-0.0030081,-0.00426655,-0.00468374,sell
2015-08-19,1,3,1,2,0,2,1,2,0,0,0,0,0,0,1,0,1,0,1,1,1,1,1,1,0,0,0,1,1,0,1,0,0,0,0,0,0,1,0,-0.00850394,-0.00595019,-0.0063445,-0.00634451,-0.00651504,sell
2015-08-20,2,3,1,0,1,1,2,2,0,1,0,0,0,0,1,0,1,1,2,0,1,1,0,0,0,0,0,1,1,0,1,0,0,0,0,0,0,1,0,-0.00877632,-0.00805506,-0.0084873,-0.01062388,-0.00988924,sell
2015-08-21,2,2,3,0,0,1,1,2,0,1,0,0,0,0,1,0,0,1,1,1,0,0,1,1,0,0,0,1,1,0,1,0,0,0,0,0,0,1,0,-0.00782244,-0.00591602,-0.0095152,-0.00910210,-0.00910210,sell
2015-08-22,1,3,1,0,0,2,0,3,0,1,0,0,0,0,0,0,1,0,0,1,1,1,1,1,0,0,0,1,1,0,1,0,0,0,0,0,0,1,0,-0.00760590,-0.00708408,-0.0049755,-0.00690987,-0.00708408,sell
2015-08-23,3,3,0,0,1,1,0,3,0,1,0,0,0,0,0,0,1,1,1,1,0,0,1,1,0,0,0,1,1,0,1,0,0,0,0,0,0,1,0,-0.00427832,-0.00121923,-0.0064806,-0.00728785,-0.00610334,sell
2015-08-24,2,1,0,0,2,1,0,1,0,1,0,0,0,0,0,0,0,1,0,1,1,0,1,1,1,0,0,0,1,0,0,0,0,0,0,0,0,0,0, 0.00510029, 0.00602474, 0.0047781, 0.00536887, 0.00559626,buy
2015-08-25,2,0,1,0,1,1,2,0,0,1,0,0,1,0,0,0,1,1,1,0,1,1,0,0,1,0,0,0,0,0,0,0,0,0,0,0,0,0,0, 0.00860876, 0.00374291, 0.0066421, 0.00783110, 0.00836832,buy
2015-08-26,0,3,1,0,0,3,1,2,0,1,0,0,1,0,0,0,1,1,1,1,1,1,1,1,1,0,0,0,0,1,0,0,0,0,0,0,0,0,0, 0.00195784, 0.00062749,-0.0006129, 0.00153825, 0.00344050,buy
2015-08-27,0,1,2,0,1,1,2,0,0,0,0,0,1,0,0,0,1,0,2,0,1,1,0,0,1,0,0,0,0,1,0,0,0,0,0,0,0,0,0, 0.00810100, 0.00866055, 0.0086605, 0.00738691, 0.00640920,buy
2015-08-28,0,1,0,1,2,0,3,0,0,0,0,0,1,0,0,0,0,1,1,1,0,0,1,1,1,0,0,0,0,1,0,0,0,0,0,0,0,0,0, 0.00049502, 0.00538035, 0.0023133, 0.00049502, 0.00483082,buy
2015-08-29,0,1,0,2,1,3,0,1,1,0,0,0,0,0,0,0,1,0,1,1,1,1,1,1,1,0,0,0,0,1,0,0,0,0,0,0,0,0,0,-0.00200669,-0.00049177,-0.0018909,-0.00107712,-0.00228751,sell
2015-08-30,0,1,1,1,3,0,1,0,1,0,0,0,0,0,0,0,0,1,1,1,0,0,1,1,0,0,1,0,0,1,0,0,1,0,0,0,0,0,0,-0.00228239,-0.00140950,-0.0015005,-0.00282718,-0.00140950,sell
2015-08-31,1,1,3,1,2,0,0,0,1,0,0,0,0,0,0,0,1,1,1,0,1,1,0,0,0,0,1,0,0,0,0,0,1,0,1,0,0,0,0,-0.00343782,-0.00124769,-0.0007403,-0.00141787, 0.00111909,sell
2015-09-01,1,3,2,1,2,1,0,1,1,0,0,0,0,0,0,0,1,1,2,1,1,2,1,1,0,0,1,0,0,0,0,0,1,0,1,0,0,0,0, 0.00599646, 0.00522184, 0.0038560, 0.00513358, 0.00540795,buy
2015-09-02,2,1,4,1,1,1,1,0,1,0,1,0,0,0,0,0,1,0,2,0,1,2,0,0,0,0,1,0,0,0,1,0,1,0,1,0,0,0,0, 0.00300562, 0.00368901, 0.0032572, 0.00577972, 0.00368901,buy
2015-09-03,3,0,3,1,2,0,1,1,0,0,1,0,0,0,0,0,0,1,1,1,0,1,1,1,0,0,1,1,0,0,1,0,1,0,1,0,0,0,0, 0.00008747,-0.00038946, 0.0002838,-0.00214178,-0.00041029,buy
2015-09-04,1,1,3,1,0,2,0,2,0,0,1,0,0,0,0,0,1,0,1,1,1,0,1,1,0,0,0,1,0,0,1,0,0,0,1,0,0,0,0, 0.00257578, 0.00126927,-0.0004747, 0.00277085,-0.00126772,buy
2015-09-05,1,0,4,1,1,0,3,3,0,0,1,0,0,0,0,1,1,1,1,1,0,1,1,1,0,0,0,1,0,0,1,0,0,0,1,0,1,0,0, 0.00298886, 0.00091723,-0.0030122, 0.00051326, 0.00165583,buy
2015-09-06,1,0,3,1,1,1,1,0,0,0,1,0,0,0,0,1,0,1,0,0,1,0,1,0,0,0,0,1,0,0,0,0,0,0,1,0,1,0,0, 0.00319871,-0.00043190,-0.0017552,-0.00235106,-0.00319286,sell
2015-09-07,2,1,1,2,1,1,2,2,0,0,0,1,0,0,0,1,1,1,1,1,1,1,0,1,0,0,0,1,0,0,0,0,0,0,1,0,1,0,0, 0.00277363, 0.00208914, 0.0018255, 0.00208914, 0.00269874,buy
2015-09-08,2,2,1,1,2,2,1,2,0,0,0,1,1,0,0,1,1,1,1,0,2,1,1,0,0,0,0,1,0,0,0,0,0,0,1,0,1,0,0, 0.00351066, 0.00336411, 0.0028857, 0.00336411, 0.00236789,buy
2015-09-09,2,0,2,1,2,2,0,1,0,0,0,1,1,0,0,1,1,0,1,0,1,1,0,1,0,0,0,0,0,0,0,0,0,0,1,0,1,0,0, 0.00059759, 0.00143880,-0.0017763,-0.00028646, 0.00022609,buy
2015-09-10,2,0,3,0,1,1,0,1,0,0,0,1,1,0,0,0,0,1,0,1,0,1,1,1,0,0,0,0,0,1,0,0,0,0,1,0,0,0,0,-0.00432924,-0.00484626, 0.0022709,-0.00254921, 0.00111829,sell
2015-09-11,0,3,2,0,0,1,0,2,0,0,0,1,1,0,0,0,0,1,0,1,1,0,1,1,0,0,0,0,0,1,0,0,0,0,1,0,0,0,0,-0.00003605, 0.00039123, 0.0011252,-0.00180684, 0.00112524,buy
2015-09-12,1,1,3,1,0,1,0,1,0,0,0,1,1,0,0,0,1,0,1,1,0,0,1,1,0,0,0,0,0,1,0,0,0,0,1,0,0,0,0,-0.00208438,-0.00085064, 0.0024518,-0.00199661, 0.00279241,buy
2015-09-13,0,0,2,0,1,1,1,1,0,0,0,1,1,0,0,0,0,1,0,0,1,1,1,0,0,0,0,0,0,1,0,0,0,0,0,0,0,0,0,-0.00294843, 0.00020959, 0.0039470,-0.00025699, 0.00394704,buy
2015-09-14,0,0,2,1,2,2,1,0,0,0,0,0,1,0,0,0,1,1,1,0,1,0,0,1,0,1,0,0,0,1,0,0,0,0,0,0,0,0,0,-0.00177920,-0.00106129,-0.0020794,-0.00253735, 0.00041360,buy
2015-09-15,0,1,0,2,2,4,0,1,0,0,0,0,1,0,0,0,1,1,1,1,1,1,1,1,0,1,0,0,0,0,0,0,0,0,0,0,0,0,0, 0.00292607,-0.00177685, 0.0035645, 0.00331616,-0.00329988,buy
2015-09-16,0,1,0,0,3,2,1,0,0,0,0,0,1,0,0,0,1,1,1,0,1,1,0,0,0,1,0,0,0,0,0,0,0,0,0,0,0,0,0, 0.00207057,-0.00035083, 0.0001257, 0.00123740,-0.00073498,buy
2015-09-17,1,0,1,0,1,2,2,0,0,0,0,0,1,0,0,0,1,0,1,1,0,1,0,1,0,1,0,0,0,0,0,0,0,0,0,0,0,0,0, 0.00328415, 0.00448654,-0.0012006,-0.00400603, 0.00356680,buy
2015-09-18,0,1,1,0,1,2,1,1,0,0,0,0,1,0,0,0,0,1,0,1,0,1,1,1,0,1,0,0,0,0,0,0,0,0,0,0,0,0,0,-0.00108413, 0.00036968,-0.0017185,-0.00420905,-0.00220924,sell
2015-09-19,2,1,0,0,1,2,0,2,0,0,0,0,1,0,0,0,1,0,1,1,1,0,1,1,0,1,0,0,0,0,0,0,0,0,0,0,0,1,0, 0.00134559, 0.00228189, 0.0015977, 0.00111022,-0.00150410,buy
2015-09-20,2,0,0,0,2,1,0,0,0,0,0,0,1,0,0,0,0,0,0,1,0,0,1,0,0,1,0,0,0,0,0,0,0,0,0,0,0,1,0,-0.00478554,-0.00551335,-0.0010184,-0.00644349,-0.00606547,sell
2015-09-21,2,0,0,0,2,2,1,3,0,1,0,1,1,0,0,0,0,1,0,0,1,1,0,1,0,1,0,0,1,0,0,0,0,0,0,0,0,1,0,-0.00247150,-0.00246223,-0.0023044,-0.00246441,-0.00230441,sell
2015-09-22,2,1,0,0,1,3,2,3,0,1,0,1,1,0,0,0,1,1,1,1,1,0,1,1,0,1,0,0,1,0,0,0,0,0,0,0,0,1,0,-0.00653819,-0.00768468,-0.0065382,-0.00768468,-0.00653819,sell
2015-09-23,2,1,1,0,1,3,2,2,0,1,0,1,1,0,0,0,1,1,1,0,1,1,1,0,0,1,0,0,1,0,0,0,0,0,0,0,0,1,0,-0.00355883,-0.00709102,-0.0029104,-0.00697817,-0.00286050,sell
2015-09-24,1,2,1,0,3,2,3,1,0,1,0,1,1,0,0,0,1,0,1,1,0,1,1,1,0,1,0,0,1,0,0,0,0,0,0,0,0,1,1,-0.00578289,-0.00773106,-0.0039124,-0.00753381,-0.00579944,sell
2015-09-25,1,2,1,1,1,2,2,2,0,0,0,1,0,0,0,0,0,1,0,1,1,2,1,1,0,1,0,0,1,0,0,0,0,0,0,0,0,1,1, 0.00571090, 0.00502065, 0.0057109, 0.00440240, 0.00514983,buy
2015-09-26,1,1,1,1,2,1,1,1,1,0,0,1,0,0,0,0,1,0,1,1,0,1,1,1,0,0,0,0,0,0,0,0,0,0,0,0,0,1,1, 0.00117379,-0.00151269,-0.0015127,-0.00142601, 0.00311797,sell
2015-09-27,1,1,1,1,2,0,0,1,1,0,0,1,0,0,0,0,0,1,0,0,1,0,1,0,0,0,0,0,0,0,1,0,0,0,0,0,0,0,1, 0.00347053, 0.00217649, 0.0023283, 0.00223757, 0.00276312,buy
2015-09-28,0,3,3,2,2,0,0,1,1,0,1,0,0,0,0,0,1,2,1,1,1,1,1,1,0,0,0,0,0,0,1,0,0,0,0,0,0,0,1,-0.00121818,-0.00306647,-0.0031873,-0.00306647,-0.00306647,sell
2015-09-29,1,2,3,1,1,2,0,0,1,0,1,0,0,1,0,0,1,2,1,0,1,0,1,0,0,0,1,0,0,0,1,0,0,0,0,0,1,0,0, 0.00082261, 0.00047743, 0.0001334, 0.00051951,-0.00185336,buy
2015-09-30,3,0,3,2,2,1,1,0,0,0,1,0,0,1,0,1,1,1,1,1,0,1,1,1,0,0,1,0,0,0,1,0,0,0,0,0,1,0,0,-0.00166289, 0.00126515,-0.0024961,-0.00168769,-0.00168769,buy
2015-10-01,0,2,2,2,2,2,0,0,0,1,1,0,0,1,0,1,0,0,0,1,1,1,1,1,0,0,1,0,0,0,0,0,0,0,0,0,1,0,0,-0.00115297, 0.00247091,-0.0026839, 0.00292682, 0.00203090,buy
2015-10-02,1,0,2,2,2,2,1,3,0,1,0,0,0,0,0,1,1,1,1,1,1,1,1,1,1,0,1,0,0,0,0,0,0,0,0,0,1,0,0, 0.00248038, 0.00409149, 0.0000194, 0.00786137, 0.00524857,buy
2015-10-03,0,1,1,1,2,1,1,0,0,1,0,0,0,0,0,1,0,0,0,0,0,0,1,0,1,0,1,0,0,0,0,0,0,0,1,0,1,0,0, 0.00241311, 0.00135992, 0.0001546, 0.00171986, 0.00127292,buy
2015-10-04,1,1,1,2,2,1,3,3,0,1,0,0,1,0,0,1,1,1,1,1,1,1,0,1,1,0,0,1,0,0,0,0,0,0,1,0,1,0,0, 0.00159009, 0.00491501,-0.0025089, 0.00350980, 0.00606964,buy
2015-10-05,0,3,0,2,1,3,2,3,0,0,0,0,1,0,0,1,2,1,1,1,1,1,1,0,1,0,0,1,0,0,0,0,0,0,1,0,1,0,0, 0.00398042, 0.00918645, 0.0034837, 0.00700277, 0.00201491,buy
2015-10-06,2,1,1,1,2,2,1,1,0,0,0,0,1,0,0,1,1,1,1,0,1,0,0,1,1,0,0,1,0,0,0,0,0,0,1,0,1,0,0, 0.00457800, 0.00543047, 0.0056806, 0.00543047, 0.00373743,buy
2015-10-07,1,2,2,0,3,1,2,1,0,0,0,0,1,0,0,0,1,1,1,1,0,1,1,1,1,0,0,1,0,0,0,0,0,0,1,0,1,0,0, 0.00105899, 0.00240638, 0.0000704, 0.00240638, 0.00235421,buy
2015-10-08,1,3,1,0,0,3,1,3,0,0,0,0,1,0,0,0,0,0,0,1,1,1,1,2,0,0,0,1,1,0,0,0,0,0,1,1,1,0,0, 0.00809751, 0.00796294, 0.0079816, 0.00804638, 0.00725701,buy
2015-10-09,1,1,2,1,0,3,1,2,0,0,0,0,1,0,0,0,1,1,1,1,1,1,1,1,0,0,0,0,1,0,0,0,0,0,0,1,1,0,1, 0.00479575, 0.00498513, 0.0049851, 0.00810532, 0.00432205,buy
2015-10-10,1,1,2,2,1,2,1,1,0,0,0,0,1,0,0,1,1,0,0,1,0,1,1,0,0,0,0,0,1,1,0,0,0,0,0,1,1,1,1, 0.00108882,-0.00000321, 0.0010230, 0.00108882,-0.00239026,sell
2015-10-11,0,1,2,3,0,2,2,1,0,0,0,0,1,0,0,1,0,0,1,0,1,0,0,1,0,0,0,0,1,1,0,0,0,0,0,1,1,1,1,-0.00246342,-0.00398544,-0.0013488,-0.00134877,-0.00339921,sell
2015-10-12,0,1,2,3,2,3,1,2,0,0,0,0,1,0,0,1,1,1,1,1,1,1,1,0,0,0,0,0,1,1,0,0,0,0,0,1,1,1,1, 0.00108673,-0.00199407, 0.0010867, 0.00108673,-0.00160598,sell
2015-10-13,0,2,2,3,1,3,1,1,0,0,0,0,1,0,0,1,1,1,1,0,1,1,1,1,0,0,0,0,0,1,0,0,0,0,0,1,1,1,1,-0.00145013,-0.00237188,-0.0014501,-0.00145013,-0.00273564,sell
2015-10-14,1,2,1,3,1,1,4,0,0,0,0,0,1,0,0,1,1,1,1,1,1,0,0,1,0,0,1,0,0,1,0,0,0,1,0,0,1,1,0,-0.00642738,-0.00015570,-0.0065085,-0.00564891,-0.00633527,sell
2015-10-15,0,3,1,2,1,1,4,0,0,0,0,0,1,0,0,1,1,1,0,1,0,1,1,1,0,0,1,0,0,0,0,0,0,1,0,0,1,1,0,-0.00488045,-0.00362603,-0.0055190,-0.00270260,-0.00533446,sell
2015-10-16,1,2,0,1,0,3,1,1,0,0,0,0,1,0,0,0,0,0,1,1,1,1,1,1,0,0,1,0,0,0,0,0,0,1,0,0,1,0,0,-0.00095937,-0.00095937, 0.0018213,-0.00463131,-0.00067088,sell
2015-10-17,1,1,1,1,1,2,0,3,0,0,1,0,0,0,0,0,1,1,1,1,0,1,1,0,0,0,1,0,0,0,0,0,0,1,0,0,1,0,0,-0.00392875,-0.00371811,-0.0052686,-0.00289674,-0.00220295,sell
2015-10-18,1,1,1,1,1,1,1,1,0,0,1,0,0,0,0,0,0,0,0,0,1,1,1,1,0,0,1,0,0,0,0,0,0,1,0,0,1,0,0, 0.00018073,-0.00075469, 0.0001906,-0.00208856,-0.00075034,buy
2015-10-19,2,0,1,1,1,1,1,1,0,0,1,0,0,0,0,0,1,1,1,1,1,0,0,1,0,0,0,0,0,0,0,0,0,1,0,0,1,0,0, 0.00388226, 0.00409432, 0.0045835, 0.00434624, 0.00388226,buy
2015-10-20,2,1,1,0,0,3,0,2,0,0,1,0,0,0,0,0,2,1,1,0,1,1,1,0,0,0,0,0,0,0,0,0,0,0,0,0,1,0,0,-0.00051863,-0.00195820,-0.0023845,-0.00084896,-0.00158304,sell
2015-10-21,1,2,0,0,2,2,2,2,0,0,0,1,0,0,0,0,1,1,1,1,1,1,0,1,1,0,0,0,0,0,0,0,0,0,1,0,1,0,0,-0.00359360,-0.00283016,-0.0028302,-0.00408293,-0.00364820,sell
2015-10-22,1,0,3,0,2,4,1,1,1,0,0,1,0,0,0,0,1,1,0,2,0,0,1,1,1,0,0,0,0,0,1,0,0,0,1,0,1,0,0,-0.00006042, 0.00044986, 0.0009656, 0.00096556, 0.00096556,buy
2015-10-23,2,0,1,0,2,4,0,2,1,0,0,1,0,0,0,0,0,0,1,1,1,1,1,1,1,0,0,0,0,0,1,1,0,0,1,0,1,0,0, 0.00263413, 0.00549210, 0.0064295, 0.00494766, 0.00642952,buy
2015-10-24,1,1,1,3,2,3,1,1,1,0,0,1,1,0,1,0,1,1,0,1,0,1,1,0,1,0,0,0,0,0,1,1,0,0,1,0,1,0,0,-0.00118240,-0.00144149, 0.0020492,-0.00156012,-0.00171103,sell
2015-10-25,2,0,2,1,4,4,0,0,1,1,0,0,1,0,1,0,0,0,1,0,1,1,0,1,1,1,0,0,1,0,1,1,0,0,1,0,1,0,0, 0.00240800, 0.00624232, 0.0077919, 0.00742135, 0.00742135,buy
2015-10-26,0,1,3,1,2,5,0,1,0,1,0,0,1,0,1,0,1,1,1,1,1,0,1,0,1,1,0,0,1,0,0,1,0,0,0,0,1,1,0, 0.00549118, 0.00340107, 0.0051624, 0.00508339, 0.00342526,buy
2015-10-27,0,3,2,2,3,3,1,0,0,1,1,0,1,0,1,0,1,1,1,0,1,1,0,1,0,1,0,0,1,0,0,1,0,0,0,0,1,1,0, 0.00235037, 0.00047215, 0.0023662, 0.00235037, 0.00165587,buy
2015-10-28,4,1,1,0,3,3,0,0,0,1,1,0,0,0,0,0,1,1,0,1,0,0,1,1,0,1,1,0,1,0,0,1,0,0,0,0,1,1,0, 0.00145953, 0.00065444, 0.0026285, 0.00220614, 0.00155715,buy
2015-10-29,1,2,2,1,2,3,1,1,0,1,1,0,0,0,0,0,0,0,1,1,1,1,1,1,0,1,1,0,1,0,0,0,1,0,0,0,1,1,0, 0.00167108, 0.00167108, 0.0008667, 0.00188467, 0.00029354,buy
2015-10-30,1,1,1,0,0,2,1,2,0,0,0,0,0,0,0,0,1,1,0,1,0,1,1,0,0,1,1,0,0,0,0,0,1,0,0,0,1,0,0,-0.00305437,-0.00280836,-0.0030730,-0.00305437,-0.00302079,sell
2015-10-31,3,0,2,0,0,2,0,1,0,0,0,0,0,0,0,1,0,0,1,0,1,1,0,1,0,1,1,0,0,0,0,0,1,0,0,0,1,0,0,-0.00636981,-0.00263868,-0.0023237,-0.00123395,-0.00263868,sell
2015-11-01,3,2,1,1,0,2,1,1,0,0,0,0,0,0,0,1,1,0,2,1,1,1,1,0,0,1,1,0,0,0,0,0,1,0,0,0,1,0,0,-0.00454339,-0.00468828,-0.0046592,-0.00487215,-0.00438156,sell
2015-11-02,2,1,1,0,0,4,1,0,1,0,0,0,0,0,0,1,1,1,1,0,1,0,0,1,0,1,0,0,0,0,0,0,1,0,0,0,1,0,0,-0.00536428,-0.00473844,-0.0045798,-0.00090264,-0.00259530,sell
2015-11-03,2,1,2,0,2,4,0,1,1,0,0,0,1,0,0,0,1,1,1,1,1,1,1,1,0,1,0,0,0,0,0,0,1,0,0,0,1,0,0,-0.00400309,-0.00068476,-0.0020925,-0.00082356,-0.00307153,sell
2015-11-04,1,2,1,0,3,3,1,0,1,0,0,0,1,0,0,0,1,1,0,1,0,0,1,1,0,1,0,1,0,0,1,0,1,0,0,0,1,0,0,-0.00110156, 0.00015906,-0.0003935, 0.00103258, 0.00181970,buy
2015-11-05,1,3,1,2,1,1,1,1,0,0,1,0,1,0,0,0,0,0,1,1,1,0,1,1,0,0,0,1,0,0,1,0,1,0,0,0,1,0,1, 0.00182615, 0.00213369, 0.0022150, 0.00270547, 0.00346785,buy
2015-11-06,2,1,1,1,1,1,2,0,0,0,1,0,1,0,0,0,1,0,0,1,0,1,1,0,0,0,0,1,0,0,1,0,1,0,0,0,1,0,1,-0.00040657, 0.00061203, 0.0013680,-0.00038147, 0.00153487,buy
2015-11-07,1,1,0,2,0,2,2,0,0,0,1,0,0,0,0,0,0,1,0,0,1,1,0,1,0,0,0,1,0,0,1,0,1,0,0,0,1,0,1,-0.00203653,-0.00139946,-0.0009596,-0.00150065,-0.00090145,sell
2015-11-08,0,1,2,2,1,2,3,1,0,1,0,0,0,0,0,0,0,0,1,1,1,1,1,0,1,0,0,1,0,1,1,0,0,0,0,0,1,0,1, 0.00287210, 0.00752102, 0.0005672, 0.00623970, 0.00561344,buy
2015-11-09,0,2,2,2,3,3,2,0,0,1,0,1,0,0,0,1,1,1,1,0,1,1,1,1,1,0,0,0,0,1,0,0,0,0,0,0,1,0,1,-0.00655800,-0.00762129,-0.0085382,-0.00664395,-0.00762129,sell
2015-11-10,1,1,2,0,2,3,2,0,0,1,0,1,0,0,0,1,1,1,1,0,1,0,0,1,1,0,0,0,0,1,0,0,0,0,0,0,1,0,0,-0.00772158,-0.00742216,-0.0093851,-0.00734762,-0.00742216,sell
2015-11-11,0,2,3,0,0,3,5,0,0,1,0,1,0,0,1,1,1,1,0,1,0,1,1,1,1,0,0,0,0,1,0,0,0,0,0,1,1,0,0,-0.00532798,-0.00448467,-0.0060111,-0.00580944,-0.00577507,sell
2015-11-12,1,1,2,0,0,3,4,0,1,1,0,0,0,0,1,0,0,1,0,1,1,0,1,1,1,0,0,0,0,1,0,0,0,0,0,1,1,0,0,-0.00465653,-0.00332801,-0.0055582,-0.00602585,-0.00531621,sell
2015-11-13,1,0,2,0,1,1,3,1,1,0,0,0,0,0,1,0,0,0,1,1,1,0,1,0,1,0,0,0,0,0,0,0,0,1,0,1,1,0,0,-0.00470010,-0.00483575,-0.0043813,-0.00495277,-0.00463644,sell
2015-11-14,1,0,2,0,1,1,2,3,1,0,0,0,0,1,1,0,1,1,0,0,0,1,1,1,0,0,0,0,0,0,0,0,0,1,0,1,1,0,0,-0.00199927,-0.00199927,-0.0019993, 0.00152268,-0.00184050,sell
2015-11-15,0,0,1,0,1,2,3,2,1,0,0,0,0,1,0,0,0,1,1,1,1,1,0,1,0,0,0,0,0,0,0,0,0,1,0,1,1,0,0, 0.00342044, 0.00083249, 0.0021225, 0.00083249, 0.00208100,buy
2015-11-16,1,0,1,0,0,3,1,1,0,0,0,0,0,1,0,0,1,0,1,1,1,1,1,0,0,0,0,0,0,0,0,0,0,1,0,0,1,0,0, 0.00527841,-0.00062006,-0.0016384,-0.00074434,-0.00226867,sell
2015-11-17,1,1,0,0,1,1,3,0,0,0,0,0,0,1,0,0,1,1,1,0,1,1,0,1,0,0,0,0,0,0,0,0,0,0,0,0,1,0,0, 0.00452158,-0.00004555, 0.0030457,-0.00061972, 0.00452158,buy
2015-11-18,1,1,1,0,1,3,1,0,0,0,0,1,0,1,0,1,1,1,0,1,0,0,1,1,0,0,0,0,0,0,0,0,0,0,0,0,1,0,0, 0.00482767, 0.00637182, 0.0060180, 0.00616249, 0.00761714,buy
2015-11-19,2,0,1,0,1,5,0,3,0,0,0,1,0,1,0,1,0,1,1,1,1,1,1,1,0,0,0,1,0,0,1,0,0,0,1,0,1,0,0, 0.00449286, 0.00650277, 0.0045707, 0.00603091, 0.00337500,buy
2015-11-20,2,1,0,1,1,3,1,2,0,0,0,1,0,1,1,1,1,0,1,1,1,0,1,0,0,0,0,1,0,0,1,0,0,0,1,0,1,0,0, 0.00476189, 0.00646094, 0.0047619, 0.00646094, 0.00257329,buy
2015-11-21,4,1,0,2,0,3,0,1,0,0,0,1,0,1,1,1,1,1,0,0,1,1,0,1,0,0,0,1,0,0,1,0,0,0,1,0,1,0,0, 0.00407536, 0.00466129, 0.0039412, 0.00479702, 0.00499564,buy
2015-11-22,2,3,1,2,1,2,0,2,0,0,0,0,0,0,1,0,1,1,1,1,1,1,1,0,0,0,0,1,0,1,1,0,0,0,1,0,1,1,0,-0.00421508,-0.00525098,-0.0056739,-0.00378874,-0.00567385,sell
2015-11-23,1,4,2,1,1,3,1,0,0,1,0,0,1,0,1,0,2,0,1,0,1,1,0,1,0,0,0,1,0,1,1,0,0,0,0,0,1,1,0, 0.00058292,-0.00028647,-0.0014170, 0.00063291,-0.00236740,sell
2015-11-24,2,2,2,1,1,2,2,1,0,1,1,0,1,0,0,0,2,1,1,1,1,0,1,1,0,0,0,0,0,1,0,0,0,0,0,0,1,1,0,-0.00219876,-0.00064543,-0.0023550,-0.00300527,-0.00242921,sell
2015-11-25,1,3,0,2,1,2,2,1,0,1,1,0,1,0,0,0,1,1,0,1,0,1,1,1,0,0,0,0,0,1,0,1,0,0,0,0,1,1,0,-0.00262861,-0.00210399,-0.0021867,-0.00305233,-0.00304120,sell
2015-11-26,1,2,1,2,1,2,2,2,0,1,1,0,1,0,0,0,0,1,1,1,1,1,1,0,0,0,0,0,0,1,0,1,0,1,0,1,1,0,0, 0.00101279, 0.00086695, 0.0014435, 0.00070041,-0.00042115,buy
2015-11-27,0,1,0,0,1,2,2,3,0,1,0,0,0,0,0,0,1,0,0,0,0,0,1,1,0,0,1,0,1,0,0,1,0,1,0,1,1,0,0,-0.00275093,-0.00222960,-0.0019831, 0.00206747, 0.00178806,sell
2015-11-28,1,1,2,1,2,2,0,3,0,0,0,1,0,0,0,0,0,1,1,1,1,1,1,0,0,0,1,0,1,0,0,1,0,1,0,1,1,0,0,-0.00240416,-0.00156854,-0.0023458,-0.00233970,-0.00241596,sell
2015-11-29,1,4,0,0,1,2,1,2,0,0,0,1,0,0,0,0,1,0,1,0,1,1,1,1,0,0,1,0,1,0,0,0,0,1,0,1,1,0,0,-0.00137942,-0.00214433,-0.0022217,-0.00062256,-0.00119764,sell
2015-11-30,4,1,1,0,1,3,1,1,0,0,0,1,0,0,1,0,1,1,1,0,1,1,0,1,0,0,1,0,1,0,0,0,0,1,0,1,1,0,0, 0.00214710,-0.00071903, 0.0002650, 0.00026499,-0.00101321,buy
2015-12-01,2,1,1,0,2,1,2,1,0,0,0,1,0,0,1,0,1,1,0,1,0,0,1,1,0,1,1,0,1,0,0,0,0,0,0,0,1,0,0, 0.00015324, 0.00030520, 0.0003052, 0.00316220, 0.00030520,buy
2015-12-02,1,2,1,1,0,2,1,1,0,0,0,0,0,0,1,0,0,1,1,1,1,0,1,1,0,1,0,0,1,0,0,0,0,0,0,0,1,0,0, 0.00278841, 0.00310099, 0.0027884, 0.00453568, 0.00136475,buy
2015-12-03,1,0,2,1,1,1,1,3,1,0,0,0,0,0,0,0,0,1,1,1,1,1,1,0,0,1,0,0,0,0,0,0,0,0,0,0,1,0,1,-0.00280348,-0.00009725,-0.0026422,-0.00176066,-0.00330578,sell
2015-12-04,0,0,1,1,1,0,1,1,1,0,0,0,0,0,0,0,1,0,0,0,0,0,0,1,0,1,0,1,0,0,0,0,0,0,0,0,0,0,1, 0.00198649, 0.00039002,-0.0040174,-0.00144784, 0.00070229,buy
2015-12-05,0,0,2,1,1,0,3,1,1,0,0,0,0,0,0,0,0,1,1,0,1,1,0,1,0,1,0,1,0,0,0,0,0,0,0,0,0,0,1,-0.00391643,-0.00299094,-0.0054201,-0.00602082,-0.00367734,sell
2015-12-06,0,1,1,1,2,1,2,1,0,0,0,0,0,0,0,0,1,1,1,1,1,1,1,0,0,1,0,1,0,0,0,0,0,0,0,0,0,0,1,-0.00452938,-0.00510958,-0.0047865,-0.00509615,-0.00492000,sell
2015-12-07,2,0,2,0,1,3,1,0,0,0,0,0,0,0,0,0,1,0,1,0,1,1,0,1,0,1,0,1,0,1,0,0,0,0,0,0,0,0,1,-0.00211106, 0.00338204,-0.0018343, 0.00334558,-0.00211106,buy
2015-12-08,2,1,1,0,4,1,2,0,0,0,0,0,0,0,0,0,1,1,1,1,1,1,1,1,0,1,0,1,0,1,0,0,0,0,0,0,0,0,0,-0.00194122,-0.00223907, 0.0004284,-0.00194122,-0.00223907,sell
2015-12-09,3,1,1,0,1,3,2,1,0,0,0,0,0,0,0,1,1,1,0,1,0,1,2,1,0,1,0,0,0,1,0,1,0,1,0,0,0,0,0, 0.00023768, 0.00136654, 0.0046074, 0.00023768, 0.00197093,buy
2015-12-10,3,1,0,0,2,3,1,2,0,0,0,0,0,0,0,1,0,1,1,2,1,0,1,1,0,1,0,0,0,1,0,1,0,1,0,1,0,0,0,-0.00310569,-0.00298988,-0.0015930,-0.00321702,-0.00230789,sell
2015-12-11,3,0,0,0,2,1,2,2,0,0,0,0,0,0,0,1,1,1,0,1,0,1,1,0,0,1,0,0,0,1,0,1,0,1,0,1,0,0,0,-0.00174507,-0.00228679, 0.0015170,-0.00174507,-0.00174507,sell
2015-12-12,1,0,0,0,2,1,1,3,0,0,0,0,0,0,0,1,0,0,1,0,1,0,0,1,1,0,0,0,0,0,0,1,0,1,0,1,0,0,0, 0.00746120, 0.00653764, 0.0078205, 0.00442266, 0.00829908,buy
2015-12-13,1,0,0,0,3,2,1,3,0,0,1,0,0,0,0,0,1,1,1,1,2,1,1,0,1,0,0,0,0,0,0,0,0,0,0,1,0,0,0,-0.00546871,-0.00511177,-0.0054150,-0.00125989,-0.00196664,sell
2015-12-14,1,1,0,0,4,3,2,1,0,0,1,0,1,0,0,0,2,0,2,0,1,2,0,1,1,0,0,0,0,0,0,0,0,0,0,1,0,0,0,-0.00304565,-0.00350849,-0.0030457,-0.00127290,-0.00044711,sell
2015-12-15,1,1,0,0,3,2,4,1,0,0,1,0,1,0,0,0,1,1,1,1,1,1,1,1,1,0,0,0,0,0,0,0,0,0,1,0,0,0,0,-0.00196195,-0.00232915,-0.0027691,-0.00183920,-0.00183920,sell
2015-12-16,1,0,1,0,2,2,3,1,0,0,1,0,1,0,0,0,1,1,0,1,0,1,1,1,1,0,0,0,0,0,0,0,0,0,1,0,0,0,0, 0.00011638, 0.00147138,-0.0021369, 0.00143267, 0.00152927,buy
2015-12-17,0,1,1,0,3,0,2,1,0,0,0,0,1,0,0,0,0,1,1,1,1,0,1,1,0,0,0,0,0,0,0,0,0,0,1,0,0,1,0,-0.00523073,-0.00524499,-0.0055845,-0.00584421,-0.00570263,sell
2015-12-18,0,1,2,1,1,0,1,1,0,0,0,1,0,0,0,0,1,1,0,0,0,1,1,1,0,0,0,0,0,0,0,0,0,0,1,0,0,1,1, 0.00111544, 0.00184849, 0.0018485, 0.00184849, 0.00188782,buy
2015-12-19,1,1,1,0,1,0,1,2,0,0,0,1,0,0,1,0,0,0,1,1,1,0,1,1,0,0,0,0,0,0,0,0,0,0,1,0,0,1,1,-0.00458795,-0.00440744,-0.0045071,-0.00440744,-0.00495658,sell
2015-12-20,1,2,2,1,0,1,0,2,0,0,0,1,0,0,1,0,1,1,1,1,1,1,1,0,0,0,0,0,0,0,0,0,0,0,0,0,0,1,1, 0.00136731, 0.00015834, 0.0014329, 0.00134687, 0.00373731,buy
2015-12-21,2,3,1,0,1,0,1,1,0,0,0,1,0,0,1,0,1,0,1,1,1,2,0,1,0,0,0,0,0,0,0,0,0,0,0,0,0,0,1, 0.00454793, 0.00277093, 0.0046120, 0.00516605, 0.00459632,buy
2015-12-22,2,3,1,0,1,1,1,1,0,0,0,0,0,0,1,0,1,1,0,2,0,1,1,1,0,0,0,0,0,0,0,1,0,0,0,0,0,0,1, 0.00295352, 0.00030482, 0.0000689,-0.00046657, 0.00334122,buy
2015-12-23,0,2,1,1,1,2,2,1,0,0,1,0,0,0,0,0,0,1,1,1,1,1,1,1,0,0,0,0,0,0,0,1,1,0,0,0,0,0,0, 0.00267308, 0.00865078, 0.0105285, 0.00847508, 0.00328687,buy
2015-12-24,2,0,1,0,1,1,2,2,1,0,1,0,0,0,0,0,1,1,0,1,0,0,1,0,0,0,0,0,0,0,1,1,1,0,0,0,0,0,0, 0.00438832, 0.00288426, 0.0038786, 0.00238664, 0.00392839,buy
2015-12-25,2,0,1,1,1,1,1,2,1,0,1,0,0,0,0,0,0,0,1,0,1,1,0,1,0,0,0,0,0,0,1,1,1,0,0,0,0,0,0, 0.00578420, 0.00870129, 0.0087251, 0.00870129, 0.00768822,buy
2015-12-26,1,2,1,1,1,2,2,3,1,1,1,0,1,0,0,0,1,0,1,1,2,0,1,0,0,0,0,0,0,0,1,1,1,0,0,0,0,0,0, 0.00147686, 0.00402564, 0.0025964, 0.00162056, 0.00211044,buy
2015-12-27,2,2,2,0,1,3,2,3,1,1,1,0,1,0,0,0,2,1,2,0,1,1,0,1,0,0,1,0,0,0,1,0,1,0,0,0,0,0,0,-0.00551079,-0.00421963,-0.0042196, 0.00027616,-0.00573332,sell
2015-12-28,2,1,3,0,1,3,1,2,0,1,0,0,1,0,0,0,1,0,1,1,1,1,1,1,0,0,1,0,0,0,1,0,1,0,1,0,0,0,0,-0.00110924,-0.00110924, 0.0011601,-0.00154012, 0.00054742,buy
2015-12-29,0,5,0,0,2,2,2,2,0,1,0,0,1,0,0,0,1,1,0,1,0,1,1,1,0,0,1,0,0,0,1,0,1,0,1,0,0,1,0, 0.00400045, 0.00405593, 0.0096438, 0.00493462, 0.00442353,buy
2015-12-30,2,2,1,1,0,3,1,2,0,1,0,0,1,0,0,0,0,1,1,1,1,1,1,1,0,0,1,0,0,0,0,0,0,0,1,0,0,1,0,-0.00324307,-0.00309360, 0.0007566, 0.00300623,-0.00801535,sell
2015-12-31,1,1,1,0,1,2,1,1,0,1,0,0,0,0,0,0,1,1,0,1,0,0,1,0,0,0,1,0,1,0,0,0,0,0,1,0,0,1,0,-0.00472961,-0.00798996,-0.0098343,-0.00554180,-0.00754282,sell
2016-01-01,0,1,1,1,2,0,0,1,0,1,0,0,0,0,0,0,0,1,1,0,0,0,0,1,0,0,0,0,1,0,0,0,0,0,0,0,0,1,0,-0.00096691, 0.00082482, 0.0003767, 0.00037667,-0.00064478,buy
2016-01-02,0,1,1,1,1,0,1,3,0,1,0,0,0,0,0,0,0,0,1,1,1,1,1,0,0,0,0,0,1,0,0,0,0,0,0,0,0,1,0,-0.00384450,-0.00384450,-0.0029681,-0.00415068,-0.00453544,sell
2016-01-03,1,1,0,0,2,1,0,2,0,1,0,0,0,0,0,0,1,1,1,0,1,0,0,0,0,0,0,0,1,0,0,0,0,1,0,0,0,0,1,-0.00512485,-0.00179598, 0.0004582, 0.00108549, 0.00064667,sell
2016-01-04,2,0,1,0,2,1,2,2,0,1,0,0,0,0,0,0,1,1,1,1,1,1,0,1,0,0,0,1,1,0,0,0,0,1,0,0,0,0,1, 0.00104078,-0.00257302,-0.0027555, 0.00228254,-0.00305431,sell
2016-01-05,1,1,1,0,0,0,3,3,0,1,0,0,0,0,0,0,1,0,0,1,0,1,1,1,0,0,0,1,0,1,0,0,0,1,0,0,0,0,1,-0.00791282,-0.00935199,-0.0072895,-0.00751950,-0.00756275,sell
2016-01-06,2,1,0,0,1,2,0,4,0,1,0,0,0,0,0,0,0,1,1,1,0,1,1,1,0,0,0,1,0,1,0,0,0,1,0,0,0,0,1,-0.00908944,-0.00827173,-0.0047130,-0.01019437,-0.00836527,sell
2016-01-07,3,0,0,0,2,1,0,4,0,1,0,0,0,0,0,0,0,1,1,1,1,1,1,1,0,0,0,1,0,1,0,0,0,1,0,1,0,0,1,-0.00936711,-0.01001862,-0.0057189,-0.01051581,-0.00880325,sell
2016-01-08,0,0,0,0,0,0,1,3,0,1,0,0,0,0,0,0,1,1,0,0,0,0,0,0,0,0,0,1,0,1,0,0,0,0,0,1,0,0,0, 0.00123070,-0.00363706,-0.0058425, 0.00006484,-0.00573545,sell
2016-01-09,0,0,0,0,1,0,2,3,0,0,0,0,0,0,0,0,0,1,1,1,1,1,1,1,0,0,0,0,0,1,0,0,0,0,0,1,0,0,0, 0.00343090, 0.00377842,-0.0049779, 0.00329875, 0.00479613,buy
2016-01-10,1,0,0,0,1,3,0,1,0,0,0,0,1,0,0,0,1,0,1,0,1,1,1,0,0,0,0,0,0,0,0,0,0,0,1,1,0,0,0, 0.00341755, 0.00206404, 0.0028581, 0.00193668, 0.00183644,buy
2016-01-11,1,1,0,0,3,2,3,1,0,0,0,0,1,0,0,0,1,1,1,1,1,0,1,1,0,0,1,0,0,0,0,0,0,0,1,0,0,1,0,-0.00264333,-0.00267536,-0.0028942,-0.00267536,-0.00264333,sell
2016-01-12,2,0,1,0,3,4,1,0,0,0,0,0,1,0,0,0,1,0,0,2,0,1,1,1,1,0,1,0,0,0,0,0,0,0,1,0,0,1,0, 0.00212377, 0.00280884,-0.0075682, 0.00216554, 0.00289102,buy
2016-01-13,4,0,0,0,2,6,1,1,1,0,1,0,1,1,0,0,0,1,1,2,1,1,1,1,1,0,1,0,0,0,0,0,0,0,1,0,0,1,0, 0.00489723, 0.00299355, 0.0039737, 0.00564410, 0.00466468,buy
2016-01-14,3,1,0,1,1,2,2,1,1,0,1,0,0,1,0,0,1,1,0,1,1,1,1,0,1,0,1,0,0,0,0,0,0,0,0,0,0,1,0,-0.00211670, 0.00070445, 0.0007044, 0.00059065, 0.00045670,buy
2016-01-15,3,0,1,0,1,3,0,0,1,0,1,0,0,1,0,0,0,1,1,0,1,0,0,1,1,0,1,0,0,0,0,0,1,0,0,0,0,0,0,-0.00155310, 0.00822042, 0.0088017, 0.00819708,-0.00498208,buy
2016-01-16,2,1,1,0,0,4,0,3,1,0,1,0,0,0,0,0,1,0,1,1,2,1,1,0,0,0,0,0,1,0,0,1,1,0,0,0,0,0,0,-0.00021218,-0.00675371,-0.0002122,-0.00027054,-0.00562093,sell
2016-01-17,0,2,0,1,1,2,1,2,0,0,0,0,0,0,0,0,1,1,1,0,1,1,0,1,0,0,0,0,1,0,0,1,1,0,0,0,0,0,0, 0.00441099, 0.00095146, 0.0083915, 0.00095146,-0.00152865,buy
2016-01-18,2,0,1,0,2,2,0,2,0,0,0,0,0,0,1,0,1,0,0,1,1,0,1,1,0,0,0,0,1,0,0,1,1,0,0,0,0,0,0,-0.00758251,-0.00758251,-0.0084400,-0.00785785,-0.00770757,sell
2016-01-19,2,1,1,0,0,4,0,3,0,0,0,1,0,0,1,0,1,1,1,1,0,1,1,1,0,0,0,0,1,0,0,1,1,0,0,0,0,0,0,-0.00110825,-0.00111229,-0.0042689,-0.00336627,-0.00232301,sell
2016-01-20,0,1,2,1,0,2,2,3,0,0,0,1,0,0,1,0,1,1,1,1,1,1,1,1,0,0,0,0,1,0,0,0,1,0,0,0,0,0,0, 0.00107102, 0.00060255, 0.0001321, 0.00029457,-0.00131911,buy
2016-01-21,0,1,1,0,0,0,0,2,0,0,0,1,0,0,1,0,1,1,0,0,0,1,0,0,0,0,0,0,0,0,0,0,0,0,0,0,0,0,0,-0.00049160, 0.00046484,-0.0004176, 0.00046484, 0.00085581,buy
2016-01-22,2,0,1,1,0,0,0,3,0,0,0,1,0,0,1,0,0,1,1,1,1,0,1,1,0,0,0,0,0,0,0,0,0,0,0,0,0,0,0, 0.00138027, 0.00136402, 0.0016296, 0.00138027,-0.00016796,buy
2016-01-23,0,2,0,1,1,0,1,1,0,0,0,1,1,0,1,0,1,0,1,0,1,1,0,0,0,0,0,0,0,0,0,0,0,0,0,0,0,0,0,-0.00200111,-0.00222673,-0.0015423,-0.00029227,-0.00148546,sell
2016-01-24,2,0,2,1,1,1,0,3,0,0,0,1,1,0,1,1,1,1,1,1,1,1,0,1,0,0,0,0,0,0,0,0,0,0,0,0,0,0,0, 0.00571643, 0.00622341, 0.0037353, 0.00596222, 0.00509667,buy
2016-01-25,3,1,1,0,2,0,0,2,0,0,0,1,1,0,1,1,1,0,0,1,1,0,1,2,0,0,0,0,0,0,0,0,0,0,0,0,0,0,0, 0.00281671, 0.00281671,-0.0041492, 0.00281671, 0.00284287,buy
2016-01-26,0,4,1,1,2,0,0,1,0,0,0,1,1,0,0,1,0,0,1,1,0,1,1,1,1,0,1,0,0,0,0,0,0,0,0,0,0,0,0,-0.00362214,-0.00334806,-0.0037512,-0.00301371,-0.00251246,sell
2016-01-27,1,2,2,0,2,0,1,3,0,0,0,1,1,0,1,1,1,1,0,1,1,1,1,1,1,0,1,0,0,0,0,0,0,0,0,0,0,0,0,-0.00410852,-0.00363423,-0.0057702,-0.00169122,-0.00422233,sell
2016-01-28,0,2,0,0,2,1,0,2,0,0,0,1,1,0,1,1,1,1,0,0,0,1,0,0,1,0,1,0,0,0,0,0,0,0,0,0,0,0,0,-0.00572511,-0.00555406,-0.0062208,-0.00245751,-0.00557421,sell
2016-01-29,1,1,1,2,4,0,3,3,0,1,0,1,1,0,1,1,0,1,1,1,1,1,1,1,1,0,1,0,0,0,0,0,0,1,0,0,1,0,0, 0.00302210, 0.00406412, 0.0033519, 0.00331585, 0.00335187,buy
2016-01-30,0,1,0,2,4,1,2,3,0,1,0,1,1,0,1,1,1,0,1,1,1,0,1,1,0,0,1,0,0,0,0,0,0,1,0,0,1,0,0, 0.00172959, 0.00470366, 0.0018342, 0.00163321, 0.00183378,buy
2016-01-31,1,0,0,0,1,2,2,2,0,1,0,1,0,0,1,1,1,0,1,0,1,0,0,0,0,0,0,0,0,0,0,0,0,1,0,0,1,0,0,-0.00054821, 0.00031656, 0.0005329, 0.00033049, 0.00033049,buy
2016-02-01,1,0,2,0,2,0,4,3,0,0,0,1,0,0,1,1,1,1,1,1,1,1,1,1,0,0,0,0,1,0,0,0,0,1,0,0,1,0,0,-0.00281903,-0.00281903,-0.0010301,-0.00284529,-0.00344109,sell
2016-02-02,0,2,0,0,2,1,2,2,0,0,0,1,0,0,1,1,1,0,0,1,0,0,1,1,0,0,0,0,1,0,0,0,0,0,0,1,1,0,0,-0.00358056,-0.00358056,-0.0001391,-0.00206325,-0.00353466,sell
2016-02-03,2,1,0,0,5,0,2,4,0,0,0,0,0,0,1,1,0,1,1,1,1,1,2,1,0,1,0,1,1,0,0,0,0,0,0,1,1,0,0,-0.00086925,-0.00079255,-0.0006643,-0.00066628,-0.00066628,buy
2016-02-04,3,0,0,0,5,1,4,2,1,0,0,0,0,0,0,0,1,1,0,1,0,1,1,1,0,1,0,1,1,1,1,0,1,0,1,1,1,0,0,-0.00882542,-0.00688918,-0.0050779,-0.00636837,-0.00665855,sell
2016-02-05,1,0,0,0,3,2,5,3,1,0,0,0,0,0,0,0,0,1,1,0,0,1,0,0,0,1,0,1,1,1,1,0,1,0,1,1,1,1,1,-0.00690184,-0.00671495,-0.0063738,-0.00837771,-0.00831314,sell
2016-02-06,2,0,0,0,5,2,4,5,1,0,1,0,0,0,0,0,1,1,1,1,1,1,1,1,0,1,0,1,0,1,1,0,1,0,1,1,1,1,1,-0.00888356,-0.00829436,-0.0075588,-0.00960920,-0.00960920,sell
2016-02-07,1,1,0,0,3,2,3,3,1,0,1,0,0,0,0,0,1,0,1,0,1,0,0,0,0,1,0,1,0,1,1,0,1,0,1,0,1,1,1,-0.00667099,-0.00696464,-0.0053819,-0.00704367,-0.00696464,sell
2016-02-08,2,0,1,0,3,1,6,4,1,0,1,0,0,0,0,0,1,1,1,1,1,1,1,1,0,1,0,0,0,1,1,1,1,0,0,0,1,1,1,-0.00500077,-0.00754334,-0.0042687,-0.00781833,-0.00737140,sell
2016-02-09,1,0,1,0,1,4,2,2,0,0,1,0,0,0,0,0,0,0,1,1,0,0,1,1,1,1,0,0,0,0,1,1,1,0,0,0,1,0,1,-0.00904875,-0.00635507,-0.0065214,-0.00652143,-0.00656934,sell
2016-02-10,2,0,1,1,4,2,3,3,0,0,1,0,0,0,0,0,1,1,1,1,1,1,1,1,1,1,0,0,0,0,1,1,1,1,0,0,1,0,1,-0.01133604,-0.01202720,-0.0108879,-0.01257132,-0.01198531,sell
2016-02-11,1,1,1,0,2,2,0,1,0,0,0,0,0,0,0,0,0,1,1,0,0,1,0,0,1,1,0,0,0,0,0,1,0,1,0,0,1,0,0,-0.00277477,-0.00606171,-0.0066051,-0.00546430,-0.00574246,sell
2016-02-12,1,0,3,0,2,4,1,1,0,0,0,0,1,0,0,0,1,1,2,1,1,2,1,1,1,0,0,0,0,0,0,0,0,1,0,0,1,0,0, 0.00120870, 0.00123730,-0.0004386,-0.00019344, 0.00176864,buy
2016-02-13,0,2,1,0,1,3,1,0,0,0,0,0,1,0,0,0,2,0,1,0,1,1,0,0,0,0,0,0,0,0,0,0,0,1,0,0,1,0,0,-0.00287396, 0.00032684,-0.0026721,-0.00029095,-0.00351431,sell
2016-02-14,2,1,1,1,3,1,1,0,0,0,0,0,1,0,0,0,2,1,1,1,1,0,1,1,0,0,0,0,0,0,0,0,0,0,0,0,1,0,0, 0.00793587, 0.00851285, 0.0065454, 0.00844829, 0.00825119,buy
2016-02-15,1,1,0,1,2,4,0,1,0,0,0,0,1,0,0,0,1,1,0,1,0,1,1,2,0,0,0,0,0,0,0,0,0,0,0,1,1,0,0, 0.00627454, 0.00338129, 0.0042949, 0.00691622, 0.00234482,buy
2016-02-16,0,1,1,1,1,2,1,1,1,0,0,0,0,0,0,0,0,0,1,1,1,0,1,1,0,0,0,0,0,0,0,0,0,0,0,1,1,0,0, 0.00634698, 0.00290637, 0.0061649, 0.00354684, 0.00394071,buy
2016-02-17,1,1,1,0,0,1,2,1,1,0,0,0,0,0,0,0,1,1,0,0,0,1,1,1,0,0,0,0,0,0,0,0,0,0,0,1,0,0,0,-0.00778313,-0.00878390,-0.0079167, 0.00280918,-0.00655074,sell
2016-02-18,1,3,1,1,0,2,0,0,1,0,0,0,0,0,0,0,0,1,1,1,1,1,0,0,0,0,0,1,0,0,0,0,0,0,0,1,0,0,0, 0.00325840, 0.00273673, 0.0028228, 0.00281286, 0.00163741,buy
2016-02-19,1,3,1,1,1,2,1,2,1,0,1,0,0,0,0,0,1,1,1,1,1,1,1,1,0,0,0,1,0,0,0,0,0,0,0,1,0,0,0, 0.00263824, 0.00146571, 0.0014410, 0.00293010, 0.00222805,buy
2016-02-20,0,2,2,0,1,3,0,0,0,0,1,0,0,0,0,0,1,0,1,0,1,1,0,0,0,0,0,1,0,1,0,1,0,0,0,0,0,0,0, 0.00733011, 0.00922800, 0.0096172, 0.00885630, 0.00737433,buy
2016-02-21,3,1,1,0,2,2,0,1,0,0,1,0,0,0,0,0,1,1,0,1,1,0,1,1,0,0,0,1,0,1,0,1,0,0,0,0,0,0,0,-0.00163448, 0.00068148,-0.0017775,-0.00188606,-0.00163448,buy
2016-02-22,1,3,0,1,1,2,0,1,0,0,1,0,0,0,0,0,0,1,0,1,0,1,1,1,0,0,0,1,0,1,0,1,0,0,0,0,0,0,0,-0.00163022, 0.00269277, 0.0006247,-0.00003909,-0.00029383,buy
2016-02-23,1,1,1,1,1,1,1,1,0,0,0,0,1,0,0,0,1,0,1,1,1,0,1,1,0,0,0,0,0,1,0,0,0,1,0,0,0,0,0,-0.00116838,-0.00129981, 0.0002683,-0.00166393,-0.00063242,sell
2016-02-24,1,0,2,0,2,1,2,0,0,0,0,1,1,0,0,0,1,1,0,1,0,0,1,1,0,0,0,0,0,1,0,0,0,1,0,0,0,0,0,-0.00401665,-0.00284648,-0.0018489,-0.00384668,-0.00137185,sell
2016-02-25,0,0,2,0,2,1,2,0,0,0,0,1,1,0,1,0,0,1,1,0,0,1,0,0,0,0,0,0,0,0,0,0,0,1,0,0,0,0,0, 0.00613657, 0.00131301, 0.0065956, 0.00611765, 0.00205360,buy
2016-02-26,0,2,1,1,3,1,3,1,1,0,0,1,1,0,1,0,1,1,1,1,1,1,1,0,0,0,1,0,0,0,0,0,0,1,0,0,0,0,0, 0.00360399, 0.00012728, 0.0036040, 0.00001470, 0.00200101,buy
2016-02-27,0,2,1,1,2,2,1,0,1,0,0,1,0,0,1,0,1,1,1,0,1,1,0,1,0,0,1,0,0,0,0,0,0,0,0,0,0,0,0, 0.00355145,-0.00559598, 0.0023718,-0.00306424,-0.00215002,sell
2016-02-28,2,0,2,0,1,2,4,0,1,0,0,0,0,0,1,0,2,0,1,1,1,1,1,0,0,0,1,0,0,0,1,0,0,0,0,1,0,0,0,-0.00159112, 0.00042948, 0.0007263, 0.00109411, 0.00055731,buy
2016-02-29,0,0,3,0,1,1,3,0,1,0,0,0,0,0,0,0,1,1,0,1,0,0,1,1,0,0,1,0,0,0,1,0,0,0,1,1,0,0,0, 0.00922073, 0.00615686, 0.0080493, 0.00816375, 0.00909154,buy
2016-03-01,0,2,0,0,1,2,2,2,0,0,0,0,0,0,0,0,0,1,1,1,0,1,1,1,0,0,1,0,0,0,1,0,0,0,1,1,0,1,0, 0.00410669, 0.00196297, 0.0007205, 0.00257274, 0.00461766,buy
2016-03-02,1,1,1,0,2,1,3,2,0,0,0,0,0,0,0,1,1,0,0,1,1,1,1,1,0,0,0,0,0,0,1,1,0,0,1,1,0,1,0,-0.00708798,-0.00863983,-0.0058274,-0.00878532,-0.00951666,sell
2016-03-03,1,0,1,0,2,1,2,1,0,1,0,0,0,0,0,1,0,1,0,0,0,0,0,1,0,0,0,0,0,0,1,1,0,0,1,0,0,1,0,-0.00572397,-0.00715270,-0.0034399,-0.00564377,-0.00703293,sell
2016-03-04,1,0,1,0,1,2,4,3,0,1,0,0,0,0,0,1,1,1,1,1,1,1,1,0,0,0,0,0,1,0,1,1,0,0,0,0,0,1,0,-0.00148444,-0.00175432, 0.0012200,-0.00240954,-0.00148444,sell
2016-03-05,1,1,0,0,0,5,3,3,0,1,0,1,0,0,0,1,2,1,1,0,1,1,0,1,0,0,0,1,1,0,1,0,0,0,0,0,0,0,0,-0.00212960, 0.00350330, 0.0037692, 0.00443215,-0.00251194,buy
2016-03-06,0,1,1,1,4,3,4,2,0,1,0,1,0,0,1,1,2,0,1,1,1,1,1,0,1,0,0,1,1,1,1,0,0,0,0,0,0,0,0,-0.00180721,-0.00216465,-0.0021487,-0.00023964, 0.00177480,sell
2016-03-07,0,0,1,1,3,4,3,2,0,0,0,1,0,0,1,0,1,1,0,2,0,1,2,1,1,0,0,1,1,1,0,0,0,0,0,0,0,0,0,-0.00395304,-0.00376554,-0.0041818,-0.00303525,-0.00338047,sell
2016-03-08,0,0,0,2,2,4,2,2,0,0,0,0,0,0,1,0,1,0,1,2,1,1,2,1,1,0,0,1,1,1,0,0,0,0,0,0,0,0,0,-0.00346624,-0.00444941,-0.0044368,-0.00406480,-0.00399372,sell
2016-03-09,1,0,0,2,3,0,2,1,0,0,0,0,0,0,0,0,1,1,0,1,1,1,1,1,1,0,0,1,0,1,0,0,0,0,0,0,0,0,0,-0.00150428,-0.00348127,-0.0017669,-0.00144663,-0.00419691,sell
2016-03-10,2,1,1,1,3,0,0,1,0,0,1,0,0,0,0,0,1,2,1,1,1,0,1,1,1,0,0,0,0,1,0,0,0,0,0,0,0,0,0,-0.00500803,-0.00560853,-0.0060050,-0.00500803,-0.00500803,sell
2016-03-11,1,3,2,0,1,1,0,1,0,0,1,0,0,0,0,0,2,2,1,1,2,1,1,1,0,0,0,0,0,0,0,0,0,0,0,0,0,0,0,-0.00119418,-0.00057134,-0.0011942,-0.00170221,-0.00144044,sell
2016-03-12,2,2,2,0,0,2,2,1,0,0,1,0,0,0,0,0,2,1,1,1,2,1,0,1,0,0,0,0,0,0,0,0,1,0,1,0,0,0,1, 0.00071105, 0.00575597, 0.0042178, 0.00597737, 0.00588324,buy
2016-03-13,2,1,1,1,2,1,2,2,0,0,0,0,1,0,0,0,1,1,0,2,1,1,1,1,0,0,0,0,0,0,0,0,1,0,1,0,0,0,1,-0.00093761, 0.00249082, 0.0004329, 0.00230393, 0.00005180,buy
2016-03-14,0,1,1,3,1,4,2,3,1,0,0,1,1,0,0,1,0,1,1,2,1,0,1,1,0,0,0,0,0,0,0,0,1,0,1,0,0,1,1, 0.00250696, 0.00056188, 0.0047564, 0.00243122, 0.00243122,buy
2016-03-15,0,0,1,2,1,4,3,4,1,0,0,1,1,0,1,1,1,0,0,1,1,1,1,1,0,0,0,0,0,0,0,0,1,0,1,0,0,1,1, 0.00405527, 0.00333506, 0.0003876, 0.00145118, 0.00333506,buy
2016-03-16,1,0,1,1,1,2,3,1,1,0,0,1,0,0,1,1,0,1,1,0,0,0,0,1,0,0,0,0,0,0,0,0,1,0,0,0,0,1,1, 0.00229355, 0.00303608, 0.0083069, 0.00314866, 0.00444335,buy
2016-03-17,0,2,1,1,1,2,2,2,0,0,0,0,0,0,1,1,1,1,1,1,1,0,1,0,0,0,0,0,0,0,0,0,1,0,0,0,0,1,1,-0.00389787,-0.00441621,-0.0016038,-0.00408458,-0.00476512,sell
2016-03-18,2,2,0,0,0,1,0,1,0,0,0,0,0,0,0,0,1,1,1,0,1,1,0,1,0,0,0,0,0,0,0,0,0,0,0,0,0,0,0,-0.00035423, 0.00081455, 0.0016343,-0.00048768,-0.00144963,buy
2016-03-19,2,1,2,0,1,0,0,0,0,0,0,0,0,0,0,0,1,0,1,1,1,1,1,0,0,0,0,0,0,0,0,0,0,1,0,0,0,0,0,-0.00142744, 0.00010931,-0.0045569,-0.00128038,-0.00142744,sell
2016-03-20,1,2,1,0,0,0,0,0,0,0,0,0,0,0,0,0,0,0,0,1,0,1,2,0,0,0,0,0,0,0,0,0,0,1,0,0,0,0,0, 0.00081304, 0.00008270, 0.0006939,-0.00003067, 0.00029787,buy
2016-03-21,1,2,0,1,0,0,0,2,0,0,0,0,0,1,0,0,1,1,1,1,1,0,1,1,0,0,0,0,0,0,0,0,0,1,0,0,0,0,0,-0.00131732,-0.00131732,-0.0024969,-0.00201183,-0.00257304,sell
2016-03-22,1,1,1,0,0,0,0,1,0,0,0,0,0,1,0,0,1,0,0,1,1,0,1,1,0,0,0,0,0,0,0,0,0,1,0,0,0,0,0,-0.00352226,-0.00440870,-0.0049274,-0.00437062,-0.00460359,sell
2016-03-23,2,0,2,1,0,0,1,0,0,1,0,0,0,1,0,0,0,1,1,0,0,1,0,1,0,1,0,0,0,0,0,0,0,0,0,0,0,0,0,-0.00563000,-0.00435351,-0.0052195,-0.00554623,-0.00252413,sell
2016-03-24,2,0,1,2,2,1,2,2,0,1,0,0,0,1,0,1,1,1,1,1,1,0,1,0,0,1,0,0,0,0,0,1,0,0,1,1,0,0,0,-0.00091676,-0.00333007,-0.0019248,-0.00413274,-0.00552520,sell
2016-03-25,2,1,0,2,2,3,1,1,0,1,0,0,0,1,0,1,1,1,1,0,1,0,1,0,0,1,0,0,0,0,1,1,0,0,1,1,0,0,0,-0.00385164,-0.00543925,-0.0038843,-0.00473667,-0.00570005,sell
2016-03-26,3,0,1,2,5,2,2,1,0,1,1,0,0,0,0,1,2,1,1,0,1,1,0,1,0,1,0,0,0,0,1,1,0,0,1,1,0,1,0, 0.00558424,-0.00298391,-0.0031403,-0.00386498, 0.00026602,sell
2016-03-27,1,1,1,0,4,0,3,1,0,0,1,0,0,0,0,0,1,0,0,1,1,1,1,0,0,1,0,0,0,0,1,0,0,0,1,1,0,1,0,-0.00087128,-0.00087128,-0.0020902,-0.00079098,-0.00014985,buy
2016-03-28,2,1,2,0,4,1,1,0,1,0,1,0,0,0,0,0,0,1,0,1,0,1,1,1,0,1,1,0,0,0,1,0,0,0,1,0,0,1,0, 0.00520502, 0.00549448, 0.0053902, 0.00552816, 0.00113240,buy
2016-03-29,4,0,2,0,4,0,0,3,1,0,0,1,1,0,0,0,1,1,1,1,1,1,1,1,0,1,1,0,0,0,1,0,0,0,0,0,0,1,0, 0.00020312, 0.00015216, 0.0002381, 0.00227448, 0.00022944,buy
2016-03-30,2,1,1,0,3,1,0,1,1,0,0,1,1,0,1,0,0,0,0,0,0,0,1,1,0,0,1,0,0,0,1,0,0,0,0,0,0,1,1, 0.00207721, 0.00494482, 0.0045701, 0.00494482, 0.00556946,buy
2016-03-31,3,0,0,0,4,1,1,2,0,0,0,1,1,0,1,0,1,1,1,1,1,1,0,1,0,0,1,0,0,0,1,0,0,0,0,0,0,0,1, 0.00598340, 0.00622776, 0.0041517, 0.00566954, 0.00598340,buy
2016-04-01,1,2,0,0,3,3,0,1,0,1,0,0,0,0,1,0,2,1,1,1,1,0,1,0,0,0,1,0,0,0,1,0,0,0,0,0,0,0,1,-0.00104778,-0.00133598,-0.0011796,-0.00136484,-0.00169246,sell
2016-04-02,0,2,1,0,2,3,2,1,0,1,1,0,0,0,0,0,1,1,1,0,1,1,0,1,1,0,1,0,0,0,0,0,0,0,0,0,0,0,1,-0.00462495,-0.00434404,-0.0046249,-0.00465610,-0.00365048,sell
2016-04-03,1,1,2,0,2,2,3,1,0,1,1,0,0,0,0,0,1,0,1,1,1,1,1,1,1,0,0,0,1,0,0,0,0,0,0,0,0,0,1, 0.00084629, 0.00036931,-0.0003706, 0.00036931,-0.00020731,buy
2016-04-04,1,1,1,0,0,5,1,2,1,0,1,0,0,0,0,0,0,1,1,1,0,1,1,1,1,0,0,1,1,0,0,0,0,0,0,0,0,0,1,-0.00046044,-0.00046044,-0.0005879,-0.00051078, 0.00012739,buy
2016-04-05,1,2,1,1,2,0,2,2,1,0,0,0,1,0,0,0,1,0,1,1,1,1,1,1,1,0,0,1,1,0,0,0,0,0,0,0,0,0,0,-0.00428607,-0.00234565,-0.0026902,-0.00246545, 0.00079527,sell
2016-04-06,2,2,1,0,1,1,0,1,1,0,0,0,1,0,0,0,0,1,1,0,0,0,0,1,1,0,0,1,1,0,0,0,0,0,0,0,0,0,0,-0.00187525,-0.00045921,-0.0022148,-0.00313476,-0.00426803,sell
2016-04-07,2,2,1,0,2,1,0,2,0,0,0,0,1,0,0,0,1,1,2,1,1,1,1,1,0,0,0,1,1,1,0,0,0,0,0,0,0,0,0, 0.00125870, 0.00179432, 0.0018895, 0.00184476, 0.00289332,buy
2016-04-08,0,2,1,0,0,1,1,1,0,0,0,0,0,0,0,0,1,1,2,0,1,0,0,0,0,0,0,1,0,1,0,0,0,0,0,0,0,0,0, 0.00459642, 0.00484223, 0.0040518, 0.00435517, 0.00090870,buy
2016-04-09,2,0,2,0,2,0,1,0,0,1,0,0,0,0,0,0,1,0,1,1,1,1,1,1,0,0,0,0,0,1,0,0,0,0,0,0,0,0,0,-0.00132450,-0.00152996,-0.0044272,-0.00190075,-0.00179434,sell
2016-04-10,0,1,1,1,0,2,0,1,0,1,0,0,0,0,0,0,0,1,1,1,0,1,1,0,0,0,0,0,0,1,0,0,0,0,0,0,0,0,0,-0.00220568,-0.00240604,-0.0027969,-0.00262391,-0.00325844,sell
2016-04-11,1,1,2,1,1,0,3,2,0,1,1,0,0,0,0,0,1,0,1,1,1,1,1,1,0,1,0,0,0,1,0,0,1,0,0,0,0,0,0,-0.00173997,-0.00513854,-0.0017297,-0.00173997,-0.00123777,sell
2016-04-12,1,1,2,0,0,1,1,0,0,1,1,0,0,0,0,0,0,1,0,0,0,0,0,1,0,1,0,0,0,1,0,0,1,0,0,0,0,0,0,-0.00293940, 0.00003406, 0.0002250,-0.00305841, 0.00030888,buy
2016-04-13,3,2,2,1,1,1,3,1,1,0,1,0,0,0,0,0,1,2,1,1,1,0,1,1,0,1,1,0,0,0,0,0,1,1,0,0,0,0,0, 0.00375831, 0.00501622, 0.0051231, 0.00491858, 0.00488721,buy
2016-04-14,2,4,1,0,1,2,0,2,1,0,0,0,1,0,0,1,1,1,1,0,1,1,1,0,0,1,1,0,0,0,0,0,1,1,0,0,0,0,0,-0.00344902, 0.00160109, 0.0020477,-0.00344902,-0.00044055,buy
2016-04-15,4,1,4,0,2,1,0,1,1,0,0,1,1,0,0,1,1,1,1,1,1,0,0,1,0,1,1,0,0,0,0,1,0,1,0,0,0,0,0, 0.00266834, 0.00257344, 0.0026683, 0.00281735, 0.00307917,buy
2016-04-16,5,1,3,0,1,1,0,1,1,0,0,1,1,0,0,1,0,0,0,1,1,1,1,1,1,0,1,0,0,0,0,1,0,1,0,0,0,0,0, 0.00006780, 0.00235097, 0.0000678, 0.00097494,-0.00048889,buy
2016-04-17,2,4,2,1,0,1,0,1,0,0,0,1,1,0,0,1,0,1,1,1,0,1,1,0,1,0,1,0,0,0,0,1,0,0,0,1,0,0,0,-0.00009600,-0.00178972,-0.0017410,-0.00354983,-0.00283572,sell
2016-04-18,4,3,2,1,2,0,0,2,0,0,0,1,0,0,1,1,1,0,1,1,1,1,1,1,1,0,0,0,1,0,0,1,0,0,1,1,0,0,1,-0.00616479,-0.00623835,-0.0062383,-0.00374926,-0.00589189,sell
2016-04-19,2,3,1,0,2,0,0,1,0,0,0,1,0,0,1,1,0,0,0,0,0,1,0,1,1,0,0,0,1,0,0,0,0,0,1,1,0,0,1,-0.00435192,-0.00437831,-0.0053661,-0.00236599,-0.00365153,sell
2016-04-20,1,2,2,0,3,0,2,2,0,0,0,0,0,0,1,1,1,1,1,1,1,0,0,1,1,0,0,0,1,0,0,0,0,0,1,1,0,0,1,-0.00590404,-0.00571278,-0.0055411,-0.00505429,-0.00595669,sell
2016-04-21,0,2,1,1,2,3,0,2,0,0,0,0,0,0,1,0,1,1,1,1,1,0,1,1,0,0,0,0,1,0,0,0,0,0,1,0,0,1,1,-0.00395123,-0.00449881,-0.0056599,-0.00449881,-0.00522748,sell
2016-04-22,1,1,0,1,3,2,0,0,0,0,0,0,0,0,1,0,1,1,1,0,1,1,0,0,0,0,0,0,1,0,0,0,0,0,0,0,0,1,1,-0.00701619,-0.00745818,-0.0077176,-0.00750091,-0.00280629,sell
2016-04-23,1,1,1,1,3,0,2,0,0,0,0,0,0,0,1,0,1,0,1,1,1,0,1,1,0,0,0,0,0,0,0,0,1,0,0,0,0,1,1,-0.00397072,-0.00484548,-0.0055790,-0.00293274,-0.00572708,sell
2016-04-24,0,2,1,0,1,1,0,0,0,0,0,0,0,0,1,0,0,0,0,1,0,1,1,0,0,0,0,0,0,0,0,0,1,0,0,0,0,1,0,-0.00116943,-0.00139778,-0.0022449,-0.00366877,-0.00127368,sell
2016-04-25,0,2,1,0,2,1,0,2,0,0,0,0,0,0,1,0,1,1,1,1,1,1,1,0,0,0,0,0,0,0,0,0,1,1,0,0,0,0,0,-0.00663976,-0.00669672,-0.0066137,-0.00253708,-0.00662488,sell
2016-04-26,1,2,2,0,2,1,0,0,0,0,0,0,0,0,1,0,0,0,0,1,0,1,1,1,0,1,0,0,0,0,0,0,1,1,0,0,0,0,0,-0.00519552,-0.00504097,-0.0051465,-0.00545850,-0.00511573,sell
2016-04-27,2,2,1,0,1,1,1,0,0,0,0,0,0,0,0,1,1,1,1,0,0,1,0,1,0,1,0,0,0,0,0,1,0,1,0,0,0,0,0,-0.00068704,-0.00022246, 0.0011750, 0.00084212, 0.00065693,buy
2016-04-28,2,2,1,0,1,3,1,1,0,0,0,0,0,0,0,1,1,1,2,1,1,0,1,1,0,1,0,0,0,0,0,1,0,1,0,1,0,0,0,-0.00216034,-0.00139973,-0.0015586,-0.00139973,-0.00139973,sell
2016-04-29,0,3,1,0,1,2,2,0,0,0,0,0,0,0,1,1,1,1,1,0,1,0,0,0,0,1,1,0,0,0,0,1,0,0,0,1,0,0,0,-0.00195641,-0.00256576,-0.0019870,-0.00251009,-0.00216506,sell
2016-04-30,0,2,1,0,3,0,4,2,0,0,0,0,0,0,1,1,1,1,1,1,1,1,1,1,0,0,1,0,0,0,0,1,0,0,0,1,0,0,0,-0.00357328,-0.00354914, 0.0005854, 0.00002124, 0.00073857,sell
2016-05-01,1,1,0,0,1,2,2,1,0,0,0,0,0,0,1,1,0,0,0,1,0,0,2,1,1,0,1,0,0,0,0,0,0,0,0,1,0,0,0,-0.00781587,-0.00604674,-0.0067368,-0.00507218,-0.00586047,sell
2016-05-02,1,0,0,1,1,1,3,2,0,0,0,0,0,0,1,1,1,1,1,1,1,1,1,0,1,0,1,0,0,0,0,0,0,0,0,0,0,0,0, 0.00353197, 0.00340563, 0.0042089, 0.00582641, 0.00420885,buy
2016-05-03,1,0,1,0,2,1,2,0,0,0,0,0,0,0,1,1,0,0,0,0,0,1,1,1,1,0,1,0,1,0,0,0,0,0,0,0,0,0,0,-0.00676195,-0.00676195,-0.0080554,-0.00676195,-0.00705621,sell
2016-05-04,3,0,3,0,3,1,0,1,0,0,0,0,0,0,1,1,1,1,1,1,1,1,0,1,1,0,0,0,1,0,0,0,1,0,0,0,0,0,0,-0.00849216,-0.00853359,-0.0087131,-0.00853359,-0.00853359,sell
2016-05-05,2,3,2,0,2,1,0,1,0,0,0,0,0,0,1,0,1,1,1,1,1,0,1,1,1,0,0,1,1,0,0,0,1,0,0,0,0,0,0,-0.00686588,-0.00661088,-0.0052351,-0.00554872,-0.00543635,sell
2016-05-06,3,0,4,0,1,0,1,0,0,0,0,0,0,0,1,0,1,1,1,1,1,1,0,0,0,0,0,1,1,0,0,0,1,0,0,0,0,0,0,-0.00740580,-0.00738600,-0.0086490,-0.00741637,-0.00740580,sell
2016-05-07,1,1,1,0,2,0,1,0,0,0,0,0,0,0,1,0,0,0,0,1,0,0,1,1,0,0,0,1,1,0,0,0,0,1,0,0,0,0,0,-0.00416108,-0.00099155,-0.0042933, 0.00048956,-0.00153475,sell
2016-05-08,1,0,1,2,2,1,1,2,0,0,0,0,0,1,1,0,1,1,1,1,1,1,1,0,0,0,0,1,0,0,0,0,0,1,0,0,0,0,0,-0.00117632,-0.00202630,-0.0020263,-0.00202630,-0.00204311,sell
2016-05-09,3,0,0,0,2,1,2,0,0,0,0,1,0,1,0,0,0,0,0,0,0,2,1,1,0,0,0,1,0,0,0,1,0,1,0,0,0,0,0, 0.00084528, 0.00087314, 0.0008453, 0.00084528, 0.00205750,buy
2016-05-10,3,0,3,1,1,2,2,0,0,0,0,1,0,1,0,0,1,1,1,1,1,1,0,1,0,0,0,0,0,1,0,1,0,1,0,1,0,0,0, 0.00255864, 0.00196548, 0.0027490, 0.00371240, 0.00276553,buy
2016-05-11,2,3,1,1,1,1,3,1,0,0,0,1,0,0,0,0,1,1,1,1,1,1,1,1,0,0,0,0,0,1,0,1,0,1,0,1,0,0,0, 0.00581733, 0.00570727, 0.0055166, 0.00609568, 0.00568979,buy
2016-05-12,5,1,2,0,2,0,0,0,0,0,0,1,0,0,0,0,1,1,1,0,2,0,0,0,0,0,0,0,0,1,0,1,0,0,1,1,0,0,0,-0.00333058,-0.00327525,-0.0032752, 0.00390573,-0.00327525,sell
2016-05-13,4,0,2,0,2,0,0,1,0,0,0,1,0,0,0,0,1,0,0,1,1,1,1,0,0,0,0,0,0,1,0,0,0,0,1,1,0,0,0,-0.00573054,-0.00553386,-0.0046964, 0.00112435,-0.00469644,sell
2016-05-14,2,2,1,0,1,0,0,2,0,0,0,1,1,0,0,0,0,1,0,1,0,0,1,1,0,0,0,0,0,1,0,0,0,0,1,0,0,0,0,-0.00344768,-0.00345509,-0.0004447,-0.00332211,-0.00027745,sell
2016-05-15,3,1,2,1,0,0,0,1,0,0,0,1,1,0,0,0,1,0,1,1,1,0,2,0,0,0,0,0,0,0,0,0,0,0,1,0,0,0,0,-0.00795452,-0.00802178,-0.0083572,-0.00798587,-0.00736930,sell
2016-05-16,3,0,2,0,1,0,1,0,0,0,0,1,1,0,0,0,0,1,0,0,0,1,1,1,0,0,0,0,0,0,0,0,0,0,0,0,0,1,0,-0.00838956,-0.00720073, 0.0035936,-0.00376614,-0.00492866,sell
2016-05-17,2,2,2,0,2,0,2,0,1,0,0,1,1,0,0,0,1,1,1,0,1,1,0,1,0,0,0,0,0,0,0,0,0,0,0,0,0,1,0,-0.00348737,-0.00472948,-0.0032792,-0.00264315,-0.00348737,sell
2016-05-18,1,2,1,1,2,1,1,1,1,0,0,0,1,0,0,0,1,1,1,1,1,0,1,1,0,0,0,0,0,0,0,0,0,0,0,0,0,1,0,-0.00285270,-0.00443587,-0.0028527,-0.00291488,-0.00354619,sell
2016-05-19,1,1,3,0,2,2,0,0,1,0,0,0,1,0,0,0,1,1,1,0,1,1,0,1,0,0,0,0,0,0,0,0,0,0,0,0,0,1,0,-0.00382817,-0.00362462,-0.0042691,-0.00402049,-0.00400898,sell
2016-05-20,2,1,1,1,2,0,2,0,1,0,0,0,1,0,0,0,1,0,1,1,1,0,0,0,0,1,0,1,0,0,1,0,0,0,0,0,0,1,0,-0.00249987, 0.00161817,-0.0005843,-0.00007806,-0.00062240,buy
2016-05-21,1,1,2,3,0,1,0,0,1,0,0,0,1,0,0,0,0,1,0,1,0,1,1,1,0,1,0,1,0,0,1,0,0,0,0,0,0,0,0, 0.00050875, 0.00324414, 0.0001883, 0.00033136, 0.00033136,buy
2016-05-22,1,2,1,3,0,1,0,2,1,0,0,0,1,0,0,0,1,1,1,1,1,1,1,1,0,1,0,1,0,0,1,0,0,0,0,0,0,0,0, 0.00041572, 0.00077546,-0.0007453,-0.00077131,-0.00107495,buy
2016-05-23,2,1,1,2,1,0,0,1,1,0,0,0,1,0,0,0,1,0,0,1,1,0,1,0,0,1,0,1,0,0,1,0,1,0,0,0,0,0,0,-0.00028334, 0.00183680,-0.0004113,-0.00041130,-0.00059487,buy
2016-05-24,1,2,3,1,1,0,0,0,1,0,0,0,1,0,0,0,0,1,0,0,0,1,0,1,0,0,0,1,0,0,1,0,1,0,1,0,0,0,0, 0.00399349, 0.00377401, 0.0054230, 0.00377401, 0.00552261,buy
2016-05-25,2,3,1,1,1,1,1,1,1,0,0,0,1,0,0,0,1,1,1,1,1,1,1,1,0,0,0,0,0,0,1,0,1,0,1,0,0,0,0, 0.00558503, 0.00697051, 0.0069589, 0.00697051, 0.00566928,buy
2016-05-26,3,2,1,1,0,3,1,1,1,0,0,0,1,0,0,0,1,1,1,0,1,1,1,1,0,0,0,0,0,1,1,0,1,0,1,0,0,0,1, 0.00466885, 0.00600758, 0.0046141, 0.00476120, 0.00239723,buy
2016-05-27,4,1,2,0,2,1,1,0,1,0,0,1,1,0,0,0,1,0,1,1,1,1,0,1,0,0,0,0,0,1,1,0,0,0,1,0,0,0,1, 0.00113042, 0.00573520, 0.0012536, 0.00113042, 0.00078940,buy
2016-05-28,2,0,1,0,1,2,1,1,1,0,0,1,1,0,0,0,0,1,0,2,0,0,1,0,0,0,0,0,0,1,0,0,0,0,0,0,0,0,1,-0.00102793, 0.00286250, 0.0008413,-0.00067758, 0.00094958,buy
2016-05-29,1,0,0,1,0,4,0,3,0,0,0,1,0,0,0,0,1,0,1,1,1,1,1,1,0,0,0,0,0,1,0,0,0,0,0,0,0,1,1,-0.00039912, 0.00072176,-0.0003991,-0.00039912,-0.00122133,buy
2016-05-30,2,0,0,1,1,2,1,1,0,0,0,1,0,0,0,0,1,1,0,1,1,0,1,0,0,0,0,0,0,1,0,0,0,0,0,0,1,1,1,-0.00305502,-0.00382630,-0.0041478,-0.00412683,-0.00305502,sell
2016-05-31,3,1,1,0,1,2,2,1,0,0,0,1,0,0,0,0,1,2,1,0,1,1,0,1,0,0,1,0,0,1,0,0,0,0,0,0,1,1,1,-0.00656773,-0.00587229,-0.0064326,-0.00636928,-0.00652260,sell
2016-06-01,2,3,2,1,1,4,0,3,0,0,0,1,0,0,0,0,2,2,2,1,2,1,1,1,0,0,1,0,1,0,0,0,0,1,0,0,1,1,0,-0.00073645, 0.00006359,-0.0037687,-0.00376869,-0.00376869,sell
2016-06-02,2,2,2,2,2,2,1,3,0,0,0,1,0,0,0,0,2,1,2,0,2,2,0,1,1,0,1,0,1,0,0,0,0,1,0,1,1,0,0, 0.00065293,-0.00275424,-0.0044940,-0.00449398,-0.00449398,sell
2016-06-03,2,0,1,3,2,0,1,4,0,0,0,0,0,0,0,0,1,1,1,1,1,1,1,0,1,0,1,0,1,0,0,1,0,1,0,1,1,0,0,-0.00316403,-0.00097512,-0.0019684,-0.00075451,-0.00183501,sell
2016-06-04,0,1,0,4,0,1,0,6,0,0,0,0,0,0,0,0,1,1,1,1,1,0,1,1,1,0,1,0,1,0,0,1,0,1,0,1,1,0,0, 0.00150197, 0.00319862, 0.0026791, 0.00262707, 0.00295557,buy
2016-06-05,0,0,4,3,1,0,1,4,0,0,0,0,0,0,1,0,1,1,1,1,1,1,1,0,1,0,0,1,1,0,0,1,0,0,1,1,1,0,0, 0.00187077,-0.00209858,-0.0025553,-0.00103036,-0.00137968,sell
2016-06-06,1,1,4,0,2,0,0,2,0,0,0,0,0,0,1,0,0,2,1,0,1,0,0,1,1,0,0,1,0,0,0,1,0,0,1,0,1,0,0, 0.00286424, 0.00737611, 0.0015110, 0.00867543, 0.00703193,buy
2016-06-07,2,2,3,1,2,1,1,1,0,0,0,0,0,0,1,0,1,2,2,1,1,1,1,1,0,0,0,1,0,0,0,0,0,0,1,0,1,0,0, 0.00679787, 0.00693688, 0.0056840, 0.00837731, 0.00693688,buy
2016-06-08,1,2,2,1,1,3,1,0,0,1,0,0,0,0,1,0,1,1,1,0,1,1,0,2,0,0,0,1,0,0,0,0,0,0,1,0,1,0,0,-0.00025459,-0.00038258, 0.0045905, 0.00026737, 0.00456944,buy
2016-06-09,2,0,3,1,2,0,2,0,0,1,0,0,0,0,1,0,1,0,1,1,1,1,1,1,0,0,0,1,0,0,0,0,0,0,0,0,1,0,0, 0.00170733, 0.00203268, 0.0018496, 0.00569720, 0.00180466,buy
2016-06-10,1,1,0,1,0,0,1,1,0,1,0,0,0,0,0,0,0,1,0,1,0,0,1,0,0,0,0,0,0,0,0,0,0,0,0,0,1,1,0,-0.00516429,-0.00874204,-0.0087701,-0.00900093,-0.00303420,sell
2016-06-11,1,1,0,2,0,0,1,2,0,1,0,0,0,0,0,0,1,0,1,1,1,0,1,1,0,0,0,0,0,0,0,0,0,0,0,0,1,1,0,-0.00817269,-0.00732567,-0.0085217,-0.00757172,-0.00817269,sell
2016-06-12,1,1,2,0,0,0,3,1,0,0,0,1,0,0,0,0,0,1,0,1,0,1,1,0,0,0,0,0,0,1,0,0,1,0,0,0,1,1,0,-0.00959912,-0.00980303,-0.0064227,-0.00588093,-0.00959912,sell
2016-06-13,1,1,3,0,0,1,3,0,0,0,0,1,0,0,0,0,0,1,1,0,1,0,0,1,0,1,0,0,0,1,0,0,1,0,0,0,1,1,0,-0.00919728,-0.00812485, 0.0009810,-0.00346597,-0.00812485,sell
2016-06-14,2,1,3,1,2,1,3,1,0,0,0,1,0,0,0,0,1,2,1,1,1,1,1,1,0,1,0,0,0,1,0,0,1,0,0,0,1,1,0,-0.00835576,-0.00792442,-0.0014664,-0.00297558,-0.00835576,sell
2016-06-15,1,3,2,1,1,2,1,0,0,0,0,1,0,0,0,0,1,1,1,0,1,1,1,1,0,1,0,0,0,1,0,0,1,0,0,0,0,0,0,-0.00445235,-0.00471276,-0.0005870,-0.00471276,-0.00471276,sell
2016-06-16,1,1,2,0,1,0,3,0,0,0,0,0,0,0,0,0,1,0,1,1,1,1,0,1,0,1,0,0,0,1,0,0,0,0,0,0,0,0,0,-0.00187577,-0.00187577,-0.0041240,-0.00529304,-0.00091990,sell
2016-06-17,0,0,2,0,0,1,2,0,0,0,0,0,0,0,1,0,1,1,0,1,0,1,1,0,0,0,0,0,0,0,0,0,0,0,0,0,0,0,0, 0.00139797, 0.00162762, 0.0013095, 0.00157879, 0.00192767,buy
2016-06-18,0,1,0,0,0,2,0,1,0,0,0,0,0,0,1,0,0,0,1,1,1,0,1,0,0,0,0,0,0,0,0,0,0,0,0,0,0,0,0, 0.00377946, 0.00494093, 0.0035138, 0.00377946, 0.00332789,buy
2016-06-19,1,0,0,2,2,1,0,3,0,0,1,0,1,0,1,0,1,1,1,1,1,0,1,1,0,0,0,0,0,0,0,0,0,0,0,0,0,0,0, 0.00174647, 0.00174647, 0.0012810, 0.00286376,-0.00063492,buy
2016-06-20,1,0,0,2,1,1,0,1,0,0,1,0,1,0,1,0,0,1,0,0,0,1,1,0,0,0,0,0,0,0,0,0,0,0,0,0,0,0,0, 0.00364201, 0.00468831, 0.0046883,-0.00171168,-0.00272493,buy
2016-06-21,1,0,1,1,1,1,1,2,1,0,1,0,1,0,0,1,1,1,1,1,1,0,0,1,0,0,0,0,0,0,0,0,0,0,0,0,0,0,0, 0.00536193, 0.00624550,-0.0007556, 0.00570918, 0.00536193,buy
2016-06-22,0,2,2,0,0,2,1,2,1,0,0,1,0,0,0,1,1,1,1,0,1,1,1,1,0,0,0,0,0,0,0,0,0,0,0,0,0,0,0, 0.00297709,-0.00096060, 0.0031872, 0.00446267, 0.00284002,buy
2016-06-23,1,3,3,0,2,0,1,1,1,0,0,1,0,0,0,1,2,0,1,1,1,1,0,2,0,0,0,0,0,0,0,0,1,0,0,0,0,0,0, 0.00452814, 0.00263073, 0.0043060, 0.00575704, 0.00434162,buy
2016-06-24,1,2,2,0,1,0,1,2,1,0,0,1,0,0,0,1,1,1,0,1,0,1,1,1,0,0,0,0,0,0,0,0,1,0,0,0,0,0,0, 0.00362582,-0.00023930, 0.0049587, 0.00620526, 0.00495198,buy
2016-06-25,2,1,2,0,0,2,0,1,0,1,0,0,0,0,0,0,0,0,1,1,1,1,1,0,0,0,0,0,0,0,0,0,1,1,0,1,0,0,0,-0.00105038,-0.00069865, 0.0005918,-0.00367055, 0.00324603,buy
2016-06-26,2,1,2,1,1,0,2,2,0,1,0,0,0,0,1,0,1,1,1,1,1,0,1,1,0,0,0,0,0,0,0,0,1,1,0,1,0,0,0,-0.00271830,-0.00172411,-0.0003198,-0.00375548, 0.00141299,sell
2016-06-27,1,2,2,0,1,0,1,1,0,1,0,0,0,0,1,0,0,1,0,0,0,1,1,0,0,1,0,0,0,0,0,0,0,1,0,1,0,0,0,-0.00247152,-0.00303579,-0.0026871,-0.00302538,-0.00302538,sell
2016-06-28,2,2,3,0,1,0,2,1,0,0,0,0,0,0,1,0,1,2,1,1,1,0,1,1,0,1,0,0,0,0,0,0,0,1,0,1,0,0,0, 0.00146734, 0.00109955, 0.0010996, 0.00111962, 0.00099043,buy
2016-06-29,1,3,1,1,0,2,1,0,0,0,0,0,0,0,0,0,1,1,1,0,1,1,1,1,0,1,0,0,0,0,0,0,0,1,1,0,0,0,0, 0.00235735, 0.00235623, 0.0013891, 0.00187604, 0.00187604,buy
2016-06-30,2,1,2,2,2,0,3,0,0,0,0,0,0,0,0,0,1,1,1,1,1,1,1,1,0,1,0,0,1,0,0,1,0,0,1,0,0,0,0,-0.00305084,-0.00293050,-0.0025973, 0.00258857,-0.00272890,sell
2016-07-01,1,2,1,2,1,1,1,0,0,0,0,0,0,0,0,0,0,1,0,1,0,1,1,0,0,1,1,0,1,0,0,1,0,0,1,0,0,0,0, 0.00151509,-0.00341422, 0.0016472, 0.00282508, 0.00158672,buy
2016-07-02,1,1,3,2,2,1,1,2,0,1,0,0,0,0,0,0,1,1,1,1,1,1,1,1,0,0,1,0,1,0,0,1,0,0,1,0,0,0,1,-0.00226387,-0.00012439,-0.0076071,-0.00255035,-0.00560663,sell
2016-07-03,1,1,2,0,1,0,2,0,0,1,0,0,0,0,0,0,0,1,0,0,0,0,1,1,0,0,1,0,1,0,0,1,0,0,0,0,0,0,1, 0.00243038, 0.00009231, 0.0010947, 0.00243038,-0.00222929,buy
2016-07-04,3,2,3,1,2,0,1,0,0,1,1,0,1,0,0,0,1,1,1,1,1,1,0,1,0,0,1,0,1,0,0,0,0,0,0,0,0,0,1, 0.00623940, 0.00622203, 0.0043992, 0.00302911, 0.00512431,buy
2016-07-05,4,2,1,1,2,1,0,2,0,0,1,0,1,1,0,0,1,1,1,0,1,0,1,1,0,0,1,1,0,0,0,0,1,0,0,0,0,1,1,-0.00065049,-0.00065049,-0.0006505,-0.00065049,-0.00568543,sell
2016-07-06,3,0,2,2,3,2,0,1,0,0,1,1,0,1,0,0,2,0,1,1,1,1,0,1,0,0,0,1,0,0,0,0,1,0,0,0,0,1,1,-0.00500710,-0.00500710,-0.0050071,-0.00500710,-0.00646257,sell
2016-07-07,2,2,1,2,2,1,3,2,1,0,0,1,0,1,0,0,1,1,0,2,0,1,1,1,1,0,0,1,0,0,0,0,1,0,0,1,0,1,1,-0.00347044,-0.00609865,-0.0034747,-0.00347044,-0.00096523,sell
2016-07-08,1,4,0,3,0,1,2,2,1,0,0,1,0,1,0,0,0,0,1,1,1,1,1,0,1,0,0,1,0,0,0,0,1,1,0,1,0,1,0, 0.00037467,-0.00181790, 0.0003747, 0.00119062,-0.00181790,sell
2016-07-09,1,2,1,2,1,0,4,2,1,0,0,0,0,0,0,1,1,1,1,1,0,1,1,1,1,0,0,1,0,0,0,0,0,1,0,1,0,1,0, 0.00376936, 0.00307403, 0.0031406, 0.00496069, 0.00361645,buy
2016-07-10,1,2,1,0,1,1,2,1,0,1,0,0,0,0,1,1,0,2,0,0,0,0,1,0,1,0,0,0,0,0,0,0,0,1,0,1,0,0,0, 0.00010584,-0.00137026, 0.0004430, 0.00138268, 0.00057995,buy
2016-07-11,1,3,1,0,2,1,2,3,0,1,1,0,1,0,1,1,1,1,1,1,1,1,0,0,1,0,0,0,0,0,0,0,0,1,0,0,0,0,0, 0.00406469, 0.00227858, 0.0080726, 0.00543137, 0.00370009,buy
2016-07-12,2,3,0,1,3,1,1,2,0,1,1,0,1,0,1,1,1,1,1,0,1,1,1,1,1,0,0,0,0,0,0,0,0,0,0,0,0,0,0, 0.00696376, 0.00491260, 0.0092344, 0.00517765, 0.00610491,buy
2016-07-13,1,2,0,0,1,2,0,0,0,0,1,0,0,0,0,0,1,0,1,0,1,0,0,1,0,0,0,0,0,0,0,1,0,0,0,0,0,0,0,-0.00054134, 0.00340323, 0.0043127, 0.00300063, 0.00368688,buy
2016-07-14,3,0,2,0,0,1,2,1,0,0,0,0,0,0,0,0,1,1,1,1,0,1,1,1,0,1,0,0,0,1,0,1,0,0,0,0,0,0,0, 0.00405486,-0.00147560, 0.0025722, 0.00405486, 0.00405486,buy
2016-07-15,1,2,2,0,0,3,0,1,1,0,0,0,0,0,0,0,0,1,0,1,0,1,1,1,0,1,0,0,1,1,0,1,0,0,0,0,0,0,0, 0.00506211, 0.00529234, 0.0067002, 0.00497318, 0.00602381,buy
2016-07-16,1,4,0,0,2,2,0,3,1,0,0,0,0,0,0,0,1,0,1,1,1,1,1,0,0,1,1,0,1,1,1,1,0,0,0,0,0,0,0, 0.00375010, 0.00520220, 0.0032746, 0.00520220, 0.00057224,buy
2016-07-17,2,2,1,1,2,2,0,2,1,0,0,0,0,0,0,0,1,1,0,0,0,1,1,1,0,1,1,0,1,1,1,1,0,0,0,0,0,0,0, 0.00075812, 0.00292401, 0.0027982, 0.00353368, 0.00293226,buy
2016-07-18,2,2,0,0,2,1,1,1,0,0,0,0,1,0,0,0,0,1,1,1,1,0,0,0,0,1,1,0,1,1,1,0,0,0,0,0,0,0,0, 0.00121898, 0.00086034,-0.0000738, 0.00121898,-0.00084117,buy
2016-07-19,4,2,2,1,1,3,1,1,0,0,1,0,1,0,0,1,1,1,1,1,1,1,1,1,0,1,1,0,1,0,1,0,0,0,0,1,0,0,0, 0.00081811, 0.00089681, 0.0012638, 0.00252642, 0.00389192,buy
2016-07-20,2,3,3,1,2,2,1,0,0,0,1,0,1,0,0,1,1,0,2,0,1,1,0,2,0,0,1,0,0,0,1,0,0,1,0,1,0,0,0, 0.00098051, 0.00104416, 0.0012377, 0.00181480, 0.00107253,buy
2016-07-21,1,2,4,0,3,2,2,1,0,0,1,1,0,0,0,1,1,1,1,1,1,0,1,1,0,0,1,0,0,0,1,0,0,1,0,1,0,0,1,-0.00540413,-0.00328471,-0.0041620,-0.00457785,-0.00479034,sell
2016-07-22,2,0,3,0,1,4,1,2,0,0,0,1,0,0,0,1,0,1,0,1,1,1,2,1,0,0,0,0,0,0,1,0,0,1,0,1,0,0,1,-0.00142725,-0.00200235,-0.0022622,-0.00255771,-0.00361155,sell
2016-07-23,0,1,3,1,2,2,1,1,1,0,0,1,0,0,0,0,1,0,1,1,1,1,1,0,0,0,0,0,0,0,1,0,0,1,1,0,0,0,1,-0.00378905,-0.00336081,-0.0037890,-0.00366221,-0.00378905,sell
2016-07-24,2,0,1,0,2,1,0,1,1,0,0,0,0,0,0,0,0,1,0,0,0,1,1,1,0,0,0,0,0,0,0,0,0,0,1,0,0,0,1,-0.00961253,-0.00965892,-0.0099212,-0.00397108,-0.00994824,sell
2016-07-25,1,1,2,0,2,1,0,1,1,0,0,0,0,0,0,0,1,1,1,1,1,0,0,0,0,0,0,0,0,0,0,0,0,0,1,0,0,0,1,-0.00451923,-0.00423227,-0.0039391,-0.00447596,-0.00436200,sell
2016-07-26,1,2,3,0,1,3,1,1,1,0,0,0,0,0,1,0,2,1,1,0,1,1,1,1,1,0,0,0,0,0,0,0,0,0,1,0,0,0,1,-0.00126315,-0.00098111, 0.0021819,-0.00098111, 0.00152355,buy
2016-07-27,2,1,1,0,0,2,1,1,0,0,0,0,0,0,1,0,1,0,1,1,1,1,0,1,1,0,0,0,0,0,0,0,0,0,0,0,0,0,0, 0.00120052, 0.00122129, 0.0022208, 0.00103230, 0.00079461,buy
2016-07-28,2,1,0,1,3,1,0,1,0,1,0,0,0,0,1,0,1,1,0,1,0,0,1,1,1,0,0,0,0,0,0,1,0,0,0,0,0,0,0,-0.00177567,-0.00043654, 0.0012485, 0.00259209, 0.00237615,buy
2016-07-29,0,1,1,1,1,2,1,2,0,1,0,1,0,0,0,0,0,0,1,1,1,1,1,0,1,0,0,0,0,0,0,1,0,0,0,0,0,0,0,-0.00010646, 0.00108115, 0.0014622, 0.00289086, 0.00086673,buy
2016-07-30,2,1,2,0,1,2,2,2,0,1,0,1,0,0,0,1,1,1,0,1,0,1,1,1,1,0,0,0,1,0,0,1,0,0,0,0,0,1,0,-0.00290380,-0.00290380,-0.0023876,-0.00348625,-0.00476367,sell
2016-07-31,3,2,1,1,2,1,1,1,0,1,0,1,0,0,0,1,0,1,1,1,1,1,0,1,1,0,0,0,1,0,0,1,0,0,0,0,0,1,0,-0.00194872,-0.00157829, 0.0024335, 0.00246895, 0.00242306,buy
2016-08-01,3,4,1,1,0,0,2,1,0,0,0,1,0,0,0,1,1,2,1,1,1,0,1,0,0,0,1,0,1,0,0,0,0,0,0,0,0,1,0,-0.00268766, 0.00231925,-0.0026877,-0.00468114,-0.00268766,sell
2016-08-02,4,0,2,0,1,1,1,0,0,0,0,0,0,0,0,1,1,1,1,0,1,1,0,1,0,0,1,0,1,0,0,0,0,0,0,0,0,1,0,-0.00498114,-0.00519494,-0.0057920,-0.00498114,-0.00482817,sell
2016-08-03,2,0,3,0,1,1,1,0,0,0,0,0,0,0,0,1,1,0,1,1,0,1,1,1,0,0,1,0,1,0,0,0,0,0,0,0,0,0,0,-0.00224191,-0.00224191,-0.0061240,-0.00408188,-0.00224191,sell
2016-08-04,1,4,1,0,0,0,1,3,0,0,0,0,0,0,1,0,0,1,0,1,1,0,2,1,0,0,1,0,0,0,0,0,1,0,1,0,0,0,0, 0.00180759, 0.00279578, 0.0018076, 0.00511869,-0.00086466,buy
2016-08-05,1,3,2,1,1,0,0,3,0,0,0,0,1,0,1,0,0,0,1,1,1,1,1,0,0,0,1,1,0,0,0,0,1,0,1,0,0,0,0, 0.00624347, 0.00624347, 0.0052087, 0.00597322, 0.00377916,buy
2016-08-06,0,2,2,1,0,1,1,3,0,0,1,0,1,0,1,0,1,1,0,0,0,1,1,1,0,0,0,1,0,0,0,0,1,0,1,0,0,0,0,-0.00568987,-0.00016850, 0.0038502,-0.00004092, 0.00175758,buy
2016-08-07,0,2,2,1,0,1,3,4,0,0,1,0,1,0,1,0,0,2,1,1,1,1,0,1,0,0,0,1,0,0,0,0,1,0,1,0,0,0,0,-0.00592910,-0.00576171,-0.0036180,-0.00290884,-0.00649623,sell
2016-08-08,0,1,1,2,1,2,2,3,0,0,1,0,1,0,0,0,1,1,1,1,1,1,1,0,0,0,0,1,0,0,0,0,1,0,0,0,0,0,1, 0.00018303, 0.00264347, 0.0027812, 0.00608302, 0.00078839,buy
2016-08-09,2,1,1,1,2,1,1,1,0,0,1,1,0,0,0,0,1,1,1,0,1,0,0,1,0,0,0,1,0,0,0,0,1,0,0,0,0,0,1, 0.00654570, 0.00512988, 0.0051299, 0.00512988, 0.00512988,buy
2016-08-10,2,1,0,0,1,1,2,1,0,0,0,1,0,0,0,0,1,0,1,1,1,1,0,1,0,0,0,0,0,0,0,0,0,0,0,0,0,0,1, 0.00401611, 0.00317251, 0.0025793, 0.00401611, 0.00698225,buy
2016-08-11,1,2,1,0,0,1,2,0,0,0,0,1,0,0,0,0,1,1,0,1,0,0,1,1,0,0,0,0,0,0,0,0,0,0,0,0,0,1,1, 0.00193788,-0.00102492,-0.0010249,-0.00206956, 0.00276327,buy
2016-08-12,1,2,1,0,1,1,1,2,0,0,0,1,0,0,0,0,0,1,1,1,1,0,1,1,0,0,0,0,0,0,1,0,0,0,0,1,0,1,1,-0.00299098,-0.00512430,-0.0051243,-0.00492630,-0.00374817,sell
2016-08-13,2,1,0,1,1,1,1,2,0,0,0,0,0,0,0,0,1,0,0,1,0,1,1,0,0,0,0,0,0,0,1,0,0,1,0,1,0,1,1,-0.00583605,-0.00474712,-0.0053730,-0.00543706,-0.00766992,sell
2016-08-14,1,2,0,2,2,1,1,1,0,0,0,0,0,0,0,0,0,1,1,0,1,1,0,1,0,0,0,0,0,1,1,0,0,1,0,1,0,1,0, 0.00432353, 0.00328974, 0.0032897, 0.00377803, 0.00230207,buy
2016-08-15,1,0,1,1,2,3,1,2,0,0,0,0,0,0,0,0,0,1,1,1,2,1,1,0,1,0,0,0,0,1,1,0,0,1,0,1,0,0,0,-0.00488810,-0.00488810,-0.0048881,-0.00431581,-0.00295512,sell
2016-08-16,3,0,1,1,1,3,1,1,0,0,0,0,0,0,0,0,1,1,1,0,1,1,1,0,1,0,0,0,0,1,1,0,0,1,1,0,0,0,0,-0.00228233,-0.00172810,-0.0018793,-0.00172060,-0.00217813,sell
2016-08-17,2,1,2,0,3,1,2,0,0,0,0,0,0,0,1,0,1,1,1,1,1,0,0,1,1,0,0,0,0,1,1,0,0,0,1,0,0,0,0,-0.00238065,-0.00156756,-0.0016910,-0.00022141,-0.00142455,sell
2016-08-18,2,1,2,1,1,2,1,0,1,0,0,0,0,0,1,0,1,0,0,1,0,1,1,1,1,0,0,0,0,1,1,0,0,0,1,0,0,0,0,-0.00183676,-0.00303882,-0.0019456,-0.00160874,-0.00215044,sell
2016-08-19,2,0,1,0,1,2,1,2,1,0,0,0,0,0,1,0,0,1,1,1,1,0,1,1,1,0,0,0,0,0,1,0,0,0,1,0,0,0,0,-0.00323877,-0.00062220,-0.0016308,-0.00154440,-0.00163139,sell
2016-08-20,0,1,2,1,2,0,0,0,1,0,0,0,0,0,1,0,1,0,0,0,0,1,1,0,1,0,0,1,0,0,0,0,0,0,0,0,0,0,0,-0.00189308,-0.00094554,-0.0019426,-0.00268202,-0.00268202,sell
2016-08-21,2,2,1,0,1,0,0,2,1,0,0,0,0,0,1,0,0,1,1,1,1,1,0,1,0,0,0,1,0,0,0,0,0,0,0,0,0,0,0,-0.00135918,-0.00234293,-0.0012980,-0.00235762,-0.00249632,sell
2016-08-22,1,3,2,0,0,1,0,1,1,0,0,0,0,0,1,0,1,1,1,1,1,1,1,0,0,0,0,1,0,0,0,0,0,0,0,0,0,0,0,-0.00051192,-0.00091917,-0.0005374,-0.00302782,-0.00236806,sell
2016-08-23,2,2,3,0,0,0,2,0,1,0,0,0,0,0,0,0,1,1,1,1,1,1,0,1,0,0,0,1,0,0,0,0,0,0,0,0,0,1,0,-0.00124333,-0.00229941,-0.0012105,-0.00211269,-0.00229941,sell
2016-08-24,2,2,1,0,1,1,0,0,1,0,0,0,0,0,0,0,1,0,0,2,0,0,1,1,0,0,0,1,0,0,0,0,0,0,0,0,0,1,0,-0.00235925,-0.00492137,-0.0034471,-0.00298842,-0.00255465,sell
2016-08-25,0,1,2,2,1,1,0,2,1,0,0,0,0,0,0,0,0,1,1,2,1,1,1,1,0,0,0,0,0,0,0,0,0,0,0,0,0,1,0,-0.00495569,-0.00375748,-0.0035288,-0.00356181,-0.00390994,sell
2016-08-26,0,0,2,0,1,0,1,1,1,0,0,0,0,0,0,0,1,0,0,1,0,0,1,1,0,0,0,0,0,0,0,1,0,0,0,0,0,1,0,-0.00167800,-0.00076255,-0.0014691,-0.00146912,-0.00149778,sell
2016-08-27,1,0,2,0,0,0,1,1,1,0,0,0,0,0,0,0,1,1,1,0,1,1,0,1,0,0,0,0,0,0,0,1,0,0,0,0,0,0,0, 0.00149662,-0.00206315,-0.0013963,-0.00276605,-0.00254088,sell
2016-08-28,1,2,2,1,0,1,0,1,1,0,0,0,0,0,0,0,0,1,2,1,2,1,1,1,0,0,0,0,0,0,0,1,0,0,0,0,0,0,0,-0.00277036,-0.00205896,-0.0023400, 0.00228900,-0.00077492,sell
2016-08-29,1,3,0,0,1,0,1,1,1,0,0,0,0,0,0,0,1,1,1,0,2,1,1,0,0,0,0,0,0,0,0,1,0,0,0,0,0,0,0,-0.00163827,-0.00306188,-0.0016383,-0.00738161,-0.00185962,sell
2016-08-30,2,1,2,0,2,1,0,0,1,0,0,0,0,0,0,0,1,1,1,1,1,1,0,1,0,0,0,0,0,1,0,0,0,0,0,0,0,0,0,-0.00479763,-0.00689571,-0.0049703,-0.00283214,-0.00664256,sell
2016-08-31,1,2,0,1,1,1,0,1,1,0,0,0,0,0,0,0,1,0,0,1,0,0,1,1,0,0,1,0,1,1,0,0,0,0,0,0,0,0,0,-0.00028960,-0.00060605, 0.0002022,-0.00083027,-0.00083027,buy
2016-09-01,1,2,0,2,0,0,1,3,1,0,0,0,0,0,0,0,0,1,1,1,1,1,1,1,0,0,1,0,1,1,0,0,0,0,0,0,0,0,0,-0.00313808,-0.00367583,-0.0030510,-0.00408532,-0.00493741,sell
2016-09-02,0,1,1,1,0,0,0,1,1,0,0,0,0,0,0,0,1,0,0,0,0,0,1,0,0,0,1,0,1,1,0,0,0,0,0,0,0,0,0, 0.00102050, 0.00139190, 0.0021383, 0.00073740, 0.00004073,buy
2016-09-03,0,1,1,1,1,0,1,1,1,0,0,0,0,0,0,0,1,0,1,0,1,1,0,0,0,0,1,0,1,1,0,0,0,0,0,0,0,0,0, 0.00227093, 0.00227093, 0.0022046, 0.00288872, 0.00071292,buy
2016-09-04,0,0,1,2,1,1,2,3,1,0,0,0,0,0,0,0,0,1,1,1,2,1,1,1,0,0,1,0,1,0,0,0,0,0,0,0,0,0,0,-0.00090889,-0.00356518,-0.0054087,-0.00356518,-0.00387312,sell
2016-09-05,1,1,0,1,1,3,1,0,1,0,0,0,0,0,0,0,1,1,1,0,1,1,1,0,0,0,0,1,0,0,0,0,0,0,0,1,0,0,0, 0.00225029, 0.00304645, 0.0030465, 0.00262285, 0.00368177,buy
2016-09-06,3,0,1,0,2,1,4,0,0,0,0,0,0,0,0,0,1,1,1,1,1,1,0,1,0,0,0,1,0,0,1,0,0,1,0,1,0,0,0,-0.00037246,-0.00008340,-0.0000697,-0.00008340,-0.00008340,buy
2016-09-07,2,0,3,0,1,1,3,0,0,0,0,0,0,0,1,0,1,1,0,1,0,0,1,1,0,0,0,1,0,0,1,0,0,1,0,1,0,0,0,-0.00098440,-0.00077264, 0.0016345,-0.00094775,-0.00077264,buy
2016-09-08,1,2,2,0,0,1,3,2,0,0,0,0,0,0,1,0,1,0,1,1,1,0,1,1,0,1,0,1,0,0,1,0,0,1,0,1,0,0,0,-0.00192509,-0.00053514,-0.0002252,-0.00011144,-0.00005904,buy
2016-09-09,2,0,3,0,1,0,2,4,0,0,0,0,0,0,1,0,0,1,1,1,1,1,1,1,0,1,0,1,0,0,1,0,0,1,1,1,0,0,0, 0.00151866, 0.00154281, 0.0016185, 0.00161846, 0.00115418,buy
2016-09-10,1,0,1,0,0,0,1,3,0,0,0,0,0,0,1,0,1,0,0,0,0,0,1,0,0,1,0,0,0,0,1,0,0,0,1,0,0,0,0,-0.00639427,-0.00249932,-0.0062359,-0.00650533,-0.00116417,sell
2016-09-11,1,0,1,1,1,0,2,3,0,1,0,0,0,0,1,0,0,0,1,1,1,1,0,1,0,1,0,0,0,0,1,0,0,0,1,0,0,0,0,-0.00190321,-0.00241924,-0.0016448,-0.00246578,-0.00203308,sell
2016-09-12,2,0,0,1,1,2,2,5,0,1,0,0,0,1,0,1,1,1,1,0,1,1,1,1,0,1,0,0,0,0,1,0,0,0,1,0,0,0,1,-0.00653624,-0.00713190,-0.0071576,-0.00433453,-0.00584258,sell
2016-09-13,1,2,0,0,2,1,3,3,0,1,0,0,0,1,0,1,2,1,1,1,1,1,0,0,0,1,0,0,0,0,1,0,0,0,0,0,0,0,1,-0.00635357,-0.00665739,-0.0062146,-0.00016380,-0.00088109,sell
2016-09-14,0,1,3,0,1,1,3,3,0,1,0,0,0,0,0,1,1,1,0,2,0,1,1,1,0,1,0,0,0,1,0,0,0,0,0,0,0,0,1,-0.00245558,-0.00046481,-0.0028284,-0.00219750,-0.00080253,buy
2016-09-15,0,1,2,0,0,2,1,3,0,0,0,0,0,0,0,1,1,0,1,1,1,0,1,1,0,1,0,0,0,1,0,0,0,0,0,0,0,0,1, 0.00024465,-0.00125539,-0.0007595, 0.00024465,-0.00019518,sell
2016-09-16,1,0,1,2,1,0,2,3,0,0,0,0,0,0,0,0,0,1,0,1,0,1,1,1,0,1,0,0,0,1,0,0,1,0,0,0,0,1,1, 0.00288408, 0.00293482, 0.0038943, 0.00508123, 0.00371763,buy
2016-09-17,2,0,1,2,1,0,1,2,0,0,0,1,0,0,0,0,1,0,1,0,1,0,0,0,0,1,0,0,0,1,0,0,1,0,0,0,0,1,1, 0.00336423,-0.00518182, 0.0025225, 0.00374510, 0.00355585,buy
2016-09-18,3,2,2,1,1,2,1,3,0,0,0,1,0,0,0,0,0,1,2,1,2,1,1,1,0,1,0,0,0,1,0,0,1,1,0,1,0,1,0, 0.00662614, 0.00091283, 0.0077813, 0.00662614, 0.00324133,buy
2016-09-19,1,4,3,1,1,2,2,1,0,0,0,1,0,0,0,0,1,1,2,0,2,2,0,0,0,1,0,0,0,0,0,0,1,1,0,1,1,1,0, 0.00474692,-0.00053353, 0.0062564, 0.00572727, 0.00241948,buy
2016-09-20,2,4,2,0,2,1,3,0,0,0,0,1,0,0,0,0,1,2,1,1,1,1,1,1,0,0,0,0,0,0,0,0,1,1,0,1,1,0,0, 0.00660643, 0.00431950, 0.0062820, 0.00596918, 0.00431950,buy
2016-09-21,3,2,1,1,1,3,1,1,0,0,0,1,0,0,0,0,1,1,1,1,1,1,1,1,0,0,0,0,0,0,0,0,1,1,0,1,1,0,0, 0.00530859, 0.00401005, 0.0061435, 0.00615738, 0.00401005,buy
2016-09-22,1,0,1,1,2,0,2,1,0,0,0,1,0,0,0,0,0,0,1,1,1,0,1,1,0,0,0,0,0,0,0,0,1,0,0,0,1,0,0, 0.00375835, 0.00682450, 0.0040985, 0.00375990, 0.00390831,buy
2016-09-23,2,0,0,1,1,0,1,2,0,0,0,1,0,0,0,0,1,1,1,0,0,1,1,0,1,0,0,0,0,0,0,0,0,0,0,0,1,0,0,-0.00527242,-0.00110957, 0.0002700, 0.00000377,-0.00664229,sell
2016-09-24,2,0,1,1,2,0,0,1,0,0,0,1,0,0,0,0,0,0,1,1,1,0,1,1,1,0,0,0,0,0,0,1,0,0,0,0,1,0,0,-0.00118334, 0.00247207, 0.0024168, 0.00052224, 0.00304592,buy
2016-09-25,1,2,1,0,2,0,2,1,0,0,0,1,0,0,0,0,1,1,1,0,1,1,1,1,1,0,0,0,0,0,0,1,0,0,0,0,1,0,0,-0.00637829,-0.00280103,-0.0024338,-0.00232103,-0.00612564,sell
2016-09-26,2,1,2,0,2,2,0,0,0,0,0,1,0,0,0,0,1,1,1,1,1,1,0,0,1,0,0,0,0,0,0,1,0,0,0,0,1,0,0,-0.00615730,-0.00537268,-0.0061573,-0.00531818,-0.00643931,sell
2016-09-27,3,1,0,0,3,2,0,0,0,0,0,1,0,0,0,0,1,1,0,1,0,1,1,1,1,0,0,0,0,0,0,1,0,0,0,0,1,0,0,-0.00718987,-0.00651068,-0.0070699,-0.00240673,-0.00787254,sell
2016-09-28,2,2,0,1,4,1,0,1,0,0,0,0,0,0,0,0,1,1,1,2,1,1,1,1,1,0,0,0,0,0,0,1,0,0,0,0,1,0,0,-0.00622058,-0.00721998,-0.0055666,-0.00345523,-0.00721998,sell
2016-09-29,1,0,1,0,1,0,1,0,0,0,0,0,0,0,0,0,0,0,0,1,0,0,1,1,0,0,0,0,0,0,0,0,0,0,0,0,1,0,0,-0.00111139,-0.00033038,-0.0009657,-0.00096572,-0.00121861,sell
2016-09-30,1,0,1,0,1,0,1,1,0,0,0,0,0,0,0,0,1,1,0,0,0,1,0,1,0,0,1,0,0,0,0,0,0,1,0,0,1,0,0, 0.00151992, 0.00019497, 0.0017049, 0.00155820, 0.00155820,buy
2016-10-01,1,0,3,0,2,0,1,1,0,0,0,0,0,0,1,0,0,0,1,1,1,1,0,0,0,0,1,0,0,0,0,0,0,1,0,1,1,0,0,-0.00371627,-0.00330276,-0.0035963,-0.00359630,-0.00314052,sell
2016-10-02,1,1,2,1,2,1,1,1,0,0,0,0,0,0,1,0,0,0,1,0,1,0,1,1,0,0,1,0,1,0,0,0,0,1,0,1,1,0,0,-0.00250878,-0.00250878,-0.0014755,-0.00000966, 0.00003674,sell
2016-10-03,2,0,2,0,5,0,4,0,0,0,0,0,0,0,1,1,1,1,1,1,1,1,0,0,0,0,1,0,1,0,0,0,0,1,0,1,1,0,0, 0.00263985, 0.00369083, 0.0015414, 0.00341915, 0.00170263,buy
2016-10-04,1,0,3,0,2,3,4,0,0,0,0,0,0,0,1,1,1,1,0,1,0,1,1,1,0,0,1,0,1,0,0,0,0,0,1,1,1,0,0, 0.00184162, 0.00271458, 0.0038427, 0.00413031, 0.00445581,buy
2016-10-05,1,1,0,0,3,2,4,1,0,0,0,0,0,0,0,1,1,1,0,1,0,1,1,1,0,0,0,1,1,0,0,0,0,0,1,1,1,0,0, 0.00127677, 0.00131576, 0.0045072, 0.00568733, 0.00480317,buy
2016-10-06,0,2,0,0,3,0,5,2,0,0,0,0,0,0,0,1,1,1,1,1,1,1,1,1,0,0,0,1,1,0,0,0,0,0,1,0,1,0,0, 0.00379018, 0.00337674, 0.0043624, 0.00445173, 0.00324508,buy
2016-10-07,1,0,1,0,0,0,1,1,0,0,0,0,0,0,0,0,0,0,0,0,0,0,1,1,0,0,0,1,0,0,0,0,0,0,1,0,0,0,0,-0.00065164,-0.00019533,-0.0002002,-0.00076667,-0.00058836,buy
2016-10-08,0,0,0,0,1,0,1,2,0,0,0,0,0,0,0,0,1,1,1,1,1,0,0,0,0,0,0,1,0,0,0,0,0,0,0,0,0,0,0,-0.00211093,-0.00349712,-0.0026977,-0.00360479,-0.00478652,sell
2016-10-09,0,0,0,1,1,3,0,3,0,0,0,0,0,0,0,0,0,0,1,1,2,1,1,1,0,0,0,1,0,0,0,1,0,0,0,0,0,0,0,-0.00569265,-0.00572984,-0.0048843,-0.00660461,-0.00593606,sell
2016-10-10,1,0,1,1,2,3,0,0,1,0,0,0,0,0,0,0,1,1,2,0,1,0,0,1,0,0,0,0,0,0,0,1,0,0,0,0,0,1,0, 0.00110760, 0.00131107, 0.0014993, 0.00082828, 0.00131107,buy
2016-10-11,1,1,2,0,3,1,2,1,1,1,1,0,0,0,0,0,1,1,1,1,1,1,1,0,0,0,0,0,0,0,0,1,0,0,0,0,0,1,0, 0.00212226, 0.00236327, 0.0025231, 0.00236327, 0.00252310,buy
2016-10-12,0,2,4,0,0,5,1,1,1,1,1,0,0,0,0,0,2,1,0,1,0,1,2,1,0,0,0,0,0,0,0,1,1,0,0,0,0,1,0,-0.00426863,-0.00280104,-0.0037639,-0.00544675,-0.00354917,sell
2016-10-13,0,2,4,1,0,3,3,2,0,1,1,0,1,0,0,0,1,1,1,1,1,2,1,1,0,0,0,0,0,1,0,1,1,0,0,0,0,1,0,-0.00766718,-0.00350253,-0.0060466,-0.00702573,-0.00846027,sell
2016-10-14,1,0,2,1,1,1,1,2,0,1,1,1,1,0,0,0,0,0,0,0,0,1,1,1,0,0,0,0,0,1,0,0,1,0,0,0,0,0,0,-0.00128193,-0.00138371,-0.0003576,-0.00137263,-0.00138371,sell
2016-10-15,2,1,0,2,1,1,1,4,0,1,0,1,1,0,0,0,1,1,1,1,1,0,0,0,0,0,1,0,0,1,0,0,1,0,0,0,0,0,1, 0.00529231, 0.00063644, 0.0008180, 0.00543387, 0.00063644,buy
2016-10-16,1,2,0,2,0,3,1,2,0,0,0,1,1,0,0,0,0,0,1,0,1,1,1,1,0,0,1,0,0,1,0,0,1,0,1,0,0,0,1, 0.00218138, 0.00285174, 0.0028517, 0.00397567, 0.00029578,buy
2016-10-17,3,1,2,1,0,2,1,1,0,0,0,1,0,0,0,0,1,1,1,1,1,0,0,0,0,0,1,0,0,1,0,0,1,0,1,0,0,0,1, 0.00308924,-0.00036632,-0.0002492, 0.00269298,-0.00078962,buy
2016-10-18,1,4,1,0,1,2,1,0,0,0,0,0,0,0,0,0,1,1,0,1,0,1,1,1,0,0,1,0,0,0,0,0,1,0,1,0,0,0,1,-0.00191586, 0.00193569,-0.0026755, 0.00149319, 0.00193569,buy
2016-10-19,2,2,2,2,0,5,0,1,0,0,0,0,0,0,1,0,1,1,1,1,1,1,1,1,0,0,1,0,1,0,0,0,1,0,1,0,0,0,1, 0.00040256, 0.00006055, 0.0023191, 0.00201175, 0.00008264,buy
2016-10-20,1,1,0,1,1,3,1,0,0,0,1,0,0,0,1,0,0,0,0,0,0,1,1,1,0,0,0,0,1,0,0,0,1,0,1,0,0,0,0, 0.00678079, 0.00714109, 0.0064227, 0.00443323, 0.00451838,buy
2016-10-21,1,1,1,3,0,1,0,2,0,0,1,0,0,0,1,0,1,1,1,1,1,0,0,0,0,0,0,0,1,0,1,0,0,0,0,0,0,0,0, 0.00522255, 0.00611240, 0.0057745, 0.00568566, 0.00612344,buy
2016-10-22,0,4,0,0,0,2,0,3,0,0,1,0,1,0,0,0,0,0,1,0,1,1,1,1,0,0,0,0,1,0,1,0,0,0,0,0,0,1,0, 0.00673923, 0.00706492, 0.0078773, 0.00786961, 0.00447591,buy
2016-10-23,1,1,2,0,0,2,1,1,0,0,0,0,1,0,0,0,1,0,1,1,1,0,0,1,0,0,0,0,1,0,1,0,0,0,0,0,0,1,0, 0.00122536, 0.00197645, 0.0020563,-0.00283448,-0.00017869,buy
2016-10-24,2,1,2,0,0,2,1,3,0,0,0,0,1,1,0,1,1,1,0,1,1,0,1,0,0,0,0,0,0,0,1,1,0,1,0,0,0,1,0, 0.00722717, 0.00502118, 0.0059242, 0.00701963, 0.00523882,buy
2016-10-25,0,4,0,1,2,1,2,3,0,0,0,0,1,1,0,1,1,1,1,1,0,1,1,1,0,0,0,0,0,0,1,1,0,1,0,0,0,1,0, 0.00658843, 0.00114566, 0.0052367, 0.00658843, 0.00221682,buy
2016-10-26,2,0,1,1,1,2,1,4,0,0,0,0,0,1,0,1,1,1,1,1,1,1,1,1,0,0,0,0,0,0,1,1,0,1,0,0,0,0,0, 0.00430217, 0.00375510, 0.0049859, 0.00291328, 0.00002914,buy
2016-10-27,0,0,1,0,1,0,2,2,0,0,0,0,0,1,0,1,0,0,0,0,0,1,1,1,0,0,0,0,0,0,0,1,0,1,0,0,0,0,0, 0.00234611, 0.00235411, 0.0023541, 0.00226574, 0.00411143,buy
2016-10-28,0,0,1,0,1,0,2,1,0,0,0,0,0,1,0,0,1,0,1,1,1,1,0,0,0,0,0,0,0,0,0,1,0,0,0,1,0,0,0,-0.00173857,-0.00258654, 0.0018142,-0.00268080,-0.00103848,sell
2016-10-29,1,1,0,1,1,1,0,2,0,0,1,0,0,1,0,0,0,1,1,1,1,0,1,0,0,0,0,0,0,0,0,0,0,0,1,1,0,0,0, 0.00325355, 0.00325355, 0.0038293, 0.00009876, 0.00265742,buy
2016-10-30,3,0,0,0,3,1,0,1,1,0,1,0,0,1,0,0,1,0,1,0,1,1,0,1,0,0,1,0,0,0,0,0,0,0,1,1,0,0,0,-0.00279809,-0.00107202,-0.0002620,-0.00115995,-0.00281331,sell
2016-10-31,3,1,1,0,4,0,2,0,1,0,1,0,0,0,0,0,1,1,1,1,1,0,1,0,0,0,1,0,0,0,0,0,0,0,1,1,0,0,1,-0.00430121,-0.00448143,-0.0044814,-0.00256539,-0.00285502,sell
2016-11-01,2,1,1,0,4,2,2,0,1,0,0,1,1,0,0,0,1,1,0,1,0,0,1,1,1,0,1,0,0,0,0,0,0,0,1,0,0,0,1,-0.00639775,-0.00625474,-0.0087321,-0.00819890,-0.00819890,sell
2016-11-02,2,3,0,0,5,1,2,1,1,0,0,1,1,0,0,0,1,1,1,1,1,1,1,2,1,0,1,0,0,0,0,0,0,0,0,0,0,0,1,-0.00823305,-0.00781070,-0.0076199,-0.00854867,-0.00908948,sell
2016-11-03,3,2,0,0,4,1,1,0,0,0,0,1,1,0,0,0,0,1,0,1,1,1,1,1,1,0,1,0,0,0,0,0,0,0,0,0,0,1,1,-0.00915818,-0.00869875,-0.0083236,-0.00973685,-0.00973685,sell
2016-11-04,1,0,1,0,3,1,2,1,0,0,0,1,1,0,0,0,1,0,1,0,0,1,0,1,1,0,0,0,1,0,0,0,0,0,0,0,0,1,0,-0.00742309,-0.00742309,-0.0022870,-0.00729680,-0.00742309,sell
2016-11-05,1,0,0,0,3,0,3,2,0,0,0,0,0,0,0,0,1,0,1,1,1,1,1,0,1,0,0,1,1,0,0,0,0,0,0,0,0,1,0,-0.00425690,-0.00405109,-0.0042932,-0.00429322,-0.00526205,sell
2016-11-06,1,0,1,1,2,2,1,1,0,0,0,0,0,0,1,0,0,1,1,0,1,0,1,1,1,0,0,1,1,0,0,0,0,0,0,0,0,1,0,-0.00318043,-0.00298473,-0.0045329,-0.00296847,-0.00298473,sell
2016-11-07,1,0,1,1,3,0,2,1,0,0,0,0,0,0,1,0,1,0,1,1,1,1,0,1,0,0,0,1,1,0,0,0,0,0,0,0,0,0,0,-0.00351563,-0.00380766,-0.0030647, 0.00110492,-0.00351563,sell
2016-11-08,0,1,1,0,2,1,2,0,0,0,0,0,0,0,1,0,1,1,0,1,0,0,1,0,0,0,0,1,1,0,0,0,0,0,0,0,0,0,0,-0.00203297, 0.00019830,-0.0023150, 0.00209800, 0.00019830,buy
2016-11-09,0,0,2,0,2,3,2,1,0,0,0,0,0,0,0,0,1,2,1,2,1,0,1,1,0,0,0,1,1,0,0,0,0,0,0,0,0,0,0, 0.00206107, 0.00280965, 0.0012422, 0.00206107, 0.00206107,buy
2016-11-10,1,1,1,0,1,2,1,1,1,0,0,0,0,0,0,0,1,1,0,1,1,1,1,1,0,0,0,0,0,0,0,0,0,0,0,0,0,0,0,-0.00909296,-0.00670558,-0.0091139,-0.00258238,-0.00936096,sell
2016-11-11,1,1,1,1,1,2,1,0,1,0,0,1,0,0,0,0,1,1,1,0,0,1,0,1,0,0,0,0,0,1,0,0,0,0,0,0,0,0,0,-0.00135104,-0.00111077,-0.0015709,-0.00146917,-0.00039815,buy
2016-11-12,1,0,2,1,1,3,0,1,1,0,0,1,0,0,0,0,1,0,1,1,1,1,1,0,0,0,0,0,0,1,0,0,1,0,0,0,0,0,0,-0.00447752,-0.00016886,-0.0027790,-0.00230133,-0.00304936,sell
2016-11-13,0,1,2,0,1,1,2,2,0,1,0,1,0,0,0,0,1,1,1,0,1,0,0,1,0,0,0,0,0,1,0,0,1,0,0,0,0,0,0, 0.00261763, 0.00261763, 0.0024165, 0.00272959, 0.00261763,buy
2016-11-14,2,1,4,1,2,1,1,0,0,1,0,1,0,0,0,1,2,0,0,1,1,1,1,0,0,0,0,0,0,1,0,0,1,0,0,0,0,0,1,-0.00268636,-0.00345910,-0.0031647,-0.00274228,-0.00307083,sell
2016-11-15,3,3,3,0,1,1,2,1,0,1,0,0,0,0,1,1,2,1,1,2,0,0,1,1,0,0,0,0,0,1,0,0,1,0,0,0,0,0,1,-0.00103819,-0.00206234,-0.0026664,-0.00025853,-0.00025853,sell
2016-11-16,2,2,3,1,1,1,2,0,0,1,0,0,0,0,1,1,1,1,0,1,1,1,1,1,0,0,0,0,0,0,0,0,1,0,0,0,0,0,1,-0.00103035,-0.00050635,-0.0002887, 0.00135322, 0.00135322,buy
2016-11-17,2,2,2,0,2,0,1,2,0,1,1,0,0,0,1,1,1,1,1,0,0,1,0,1,0,0,0,0,0,0,0,0,1,0,0,0,0,0,1,-0.00097431, 0.00127699, 0.0012770, 0.00234733, 0.00245896,buy
2016-11-18,1,2,2,1,1,0,2,3,0,1,1,0,0,0,1,0,1,0,1,1,1,1,1,0,0,0,0,0,0,0,0,0,1,1,0,0,0,0,1,-0.00554487,-0.00403505,-0.0034427,-0.00065195,-0.00344265,sell
2016-11-19,1,1,1,1,1,1,1,1,0,0,1,0,0,0,0,0,0,1,1,0,1,1,0,1,1,0,0,0,0,0,0,0,1,1,0,0,0,0,0, 0.00087590, 0.00069188, 0.0016273, 0.00019879, 0.00006615,buy
2016-11-20,2,0,1,0,1,2,2,0,0,0,0,0,0,0,0,0,1,0,0,1,1,0,1,0,1,0,0,1,0,0,0,0,1,1,0,0,0,0,0,-0.00175357,-0.00090239,-0.0015617,-0.00255310,-0.00133588,sell
2016-11-21,0,2,0,0,3,3,2,1,1,0,0,1,0,0,0,0,1,0,0,1,0,1,1,1,1,0,0,1,0,0,0,0,1,1,0,0,0,0,0,-0.00039769,-0.00036797,-0.0003977,-0.00079758, 0.00007064,buy
2016-11-22,1,1,2,1,2,3,1,1,1,0,0,1,1,0,0,0,1,1,1,1,1,0,2,1,1,0,0,1,0,0,0,0,0,0,0,0,0,0,0, 0.00325199, 0.00214505, 0.0032381, 0.00389137, 0.00362395,buy
2016-11-23,0,1,1,0,1,3,2,1,1,0,0,1,1,0,0,0,0,1,0,0,0,1,1,1,1,0,0,1,0,0,0,1,0,0,1,0,0,0,0, 0.00665883, 0.00665883, 0.0048300, 0.00665883, 0.00222701,buy
2016-11-24,1,1,1,0,2,2,3,1,1,0,0,1,1,0,0,1,0,1,1,0,0,1,0,1,1,0,0,1,0,0,0,1,0,0,1,1,0,0,0, 0.00508760, 0.00511174, 0.0039635, 0.00511174, 0.00199861,buy
2016-11-25,2,3,0,1,1,1,1,2,0,0,0,0,1,0,1,1,1,0,1,1,1,1,1,0,0,0,0,0,0,1,1,1,0,0,1,1,0,0,0,-0.00097998,-0.00547015,-0.0010220,-0.00104713,-0.00143913,sell
2016-11-26,3,3,0,0,2,1,0,2,0,0,0,0,0,0,1,1,0,0,2,0,1,1,0,1,0,0,0,0,0,1,1,1,0,0,1,1,0,0,0, 0.00265541, 0.00366895, 0.0038297, 0.00332161, 0.00309568,buy
2016-11-27,3,2,1,0,3,0,1,2,0,0,0,0,0,0,1,1,1,1,1,1,1,0,1,0,0,0,0,0,0,1,1,1,0,0,1,1,0,0,0,-0.00089260,-0.00569853,-0.0000608,-0.00137417,-0.00101514,sell
2016-11-28,1,1,1,0,1,2,0,1,0,0,0,0,0,0,0,0,1,0,0,1,0,0,1,0,0,0,0,0,0,1,1,0,0,0,0,1,0,1,0,-0.00672940,-0.00817502,-0.0047069,-0.00672940,-0.00874343,sell
2016-11-29,2,2,0,0,0,2,0,3,0,0,0,0,0,0,0,0,1,0,1,1,0,1,1,1,0,0,1,0,0,1,1,0,0,0,0,0,0,1,0,-0.00220809, 0.00061755,-0.0023494,-0.00220809,-0.00130290,buy
2016-11-30,1,1,0,0,1,1,2,2,0,0,0,0,0,0,0,0,1,1,0,1,1,0,1,1,0,0,1,0,0,0,0,0,0,0,0,0,1,1,0, 0.00205389,-0.00046994,-0.0001889,-0.00018893, 0.00251959,buy
2016-12-01,0,0,1,0,0,3,0,2,0,0,0,0,0,0,0,0,0,1,0,0,0,0,0,1,0,0,1,0,0,0,0,0,0,1,0,0,1,1,0,-0.00098706,-0.00397423,-0.0007461,-0.00111360,-0.00098706,sell
2016-12-02,0,0,1,0,3,2,1,3,0,0,0,0,0,0,0,0,1,1,1,1,1,1,1,1,0,0,1,0,0,0,0,0,0,1,0,0,1,0,0,-0.00229168,-0.00202085,-0.0021848,-0.00201199,-0.00236785,sell
2016-12-03,0,0,0,0,1,6,0,2,0,1,0,0,0,0,0,0,0,0,1,0,2,1,1,0,0,0,1,0,0,0,0,0,0,1,0,0,1,0,0,-0.00330863,-0.00414632, 0.0005611,-0.00175387,-0.00414632,sell
2016-12-04,0,0,0,1,2,4,1,0,0,1,0,0,0,0,0,0,0,0,1,1,1,1,0,1,0,0,0,0,0,0,0,0,0,1,0,0,1,0,0,-0.00092604, 0.00086958, 0.0016596, 0.00198937, 0.00069199,buy
2016-12-05,1,0,1,0,2,2,3,0,0,1,0,0,0,0,0,1,1,1,0,1,1,1,1,0,0,0,0,1,0,0,0,0,0,0,0,0,1,0,0, 0.00393784, 0.00389328, 0.0020948, 0.00393784, 0.00378199,buy
2016-12-06,0,1,2,0,1,4,0,0,0,1,0,0,0,0,0,1,1,0,1,1,0,0,1,1,0,0,0,1,0,0,0,0,0,0,0,0,1,0,0, 0.00670741, 0.00610191, 0.0051567, 0.00670741, 0.00610191,buy
2016-12-07,0,1,2,0,3,2,2,2,0,1,0,0,0,0,0,1,1,1,1,1,1,1,1,1,1,0,0,1,0,0,0,0,0,0,0,0,1,0,0, 0.00660710, 0.00569408,-0.0011338, 0.00660710, 0.00639762,buy
2016-12-08,1,0,1,0,2,3,2,0,0,1,1,0,0,0,0,1,0,1,1,0,0,0,0,1,1,0,0,1,1,0,0,0,0,0,0,0,1,0,0, 0.00441449, 0.00421968, 0.0021805, 0.00449085, 0.00315122,buy
2016-12-09,2,0,0,1,2,4,3,1,0,1,1,0,0,0,0,0,1,2,1,1,1,1,1,0,1,0,0,1,1,0,0,0,0,0,0,1,1,0,0, 0.00609788, 0.00552907, 0.0057664, 0.00549383, 0.00520647,buy
2016-12-10,1,3,0,1,0,4,3,1,0,1,1,0,0,0,0,0,0,1,1,0,1,1,1,1,1,0,0,0,1,1,1,0,0,0,0,1,1,0,1, 0.00182106, 0.00001911, 0.0005403, 0.00181189,-0.00409916,buy
2016-12-11,2,1,3,1,1,3,3,1,0,1,1,0,0,0,0,0,1,0,1,1,1,1,1,1,1,0,0,0,1,1,1,0,0,0,0,1,1,0,1, 0.00058783,-0.00060574, 0.0005004, 0.00051504, 0.00300600,buy
2016-12-12,1,3,1,1,1,4,3,1,0,1,1,0,0,0,0,0,1,1,0,1,0,1,2,1,1,0,0,0,1,1,1,0,0,0,0,1,1,0,1,-0.00147796,-0.00130175,-0.0024120,-0.00035206,-0.00113373,sell
2016-12-13,2,1,1,3,0,4,2,1,0,1,0,0,0,0,0,0,1,0,1,1,1,1,2,2,0,0,0,0,0,1,1,0,0,0,0,0,1,0,1, 0.00243891, 0.00248989, 0.0024899, 0.00490171, 0.00248989,buy
2016-12-14,2,0,0,1,2,2,1,0,0,1,0,0,0,0,0,0,0,1,0,0,0,1,1,1,0,0,0,0,0,1,0,0,0,1,0,0,1,0,0,-0.00285455,-0.00141368,-0.0046166,-0.00263219,-0.00294108,sell
2016-12-15,1,1,1,1,1,2,0,2,0,1,0,0,0,0,0,0,1,1,1,1,1,0,1,0,0,0,0,0,0,0,0,0,0,1,0,0,1,0,0, 0.00235920, 0.00499433, 0.0057066, 0.00506604, 0.00499433,buy
2016-12-16,0,2,2,0,1,2,0,1,0,1,0,1,0,0,0,0,0,1,1,0,1,1,1,1,0,0,0,0,0,0,0,0,0,1,0,0,1,0,0, 0.00102479, 0.00125898, 0.0049214,-0.00264193, 0.00106197,buy
2016-12-17,2,2,2,0,1,2,1,0,0,1,0,1,0,0,0,0,1,0,1,1,2,1,1,1,0,0,0,0,0,0,0,0,0,1,0,0,1,0,0, 0.00069505, 0.00022829, 0.0022696,-0.00150258, 0.00069505,buy
2016-12-18,3,1,0,1,1,3,1,0,0,1,0,1,0,0,0,0,2,1,0,1,1,1,1,1,0,0,0,0,0,0,0,0,0,0,0,0,1,0,0,-0.00361000,-0.00361657, 0.0005517, 0.00257170,-0.00361000,sell
2016-12-19,1,2,0,1,1,3,1,0,0,1,0,1,0,0,0,0,1,0,1,2,0,0,1,1,0,1,0,0,0,0,0,0,0,0,0,0,1,0,0, 0.00329682, 0.00227859, 0.0032968, 0.00307371, 0.00331058,buy
2016-12-20,1,0,1,0,2,3,1,2,0,1,0,1,0,0,0,0,1,0,0,1,1,1,1,1,0,1,0,0,0,0,0,0,0,0,1,0,1,0,0, 0.00001393, 0.00134649, 0.0002992, 0.00039739, 0.00136747,buy
2016-12-21,0,0,2,0,1,2,2,1,0,1,0,1,0,0,0,0,0,1,1,0,0,1,0,1,0,1,0,0,0,0,0,0,0,0,1,0,1,0,0, 0.00138260, 0.00088395, 0.0003405,-0.00103093, 0.00034048,buy
2016-12-22,0,1,1,1,1,1,2,1,0,0,0,0,0,0,0,0,1,1,1,1,1,0,1,0,0,1,0,0,0,0,0,0,0,0,1,0,1,0,0,-0.00148588,-0.00084824,-0.0028578,-0.00149542,-0.00549205,sell
2016-12-23,2,1,1,0,1,2,4,1,0,0,0,0,0,0,0,0,0,1,1,0,1,1,0,1,0,1,0,0,0,0,1,1,0,0,1,1,1,1,0,-0.00097650,-0.00383471,-0.0035705, 0.00060060,-0.00195414,sell
2016-12-24,3,0,1,0,0,2,4,1,0,0,0,0,0,0,0,0,0,1,1,1,1,0,0,1,0,1,0,0,0,0,1,1,0,0,0,1,1,1,0,-0.00182118,-0.00301601,-0.0024369,-0.00195110,-0.00195110,sell
2016-12-25,1,0,2,0,2,2,5,0,0,0,1,0,0,0,0,0,1,0,0,1,1,1,1,0,0,1,0,0,0,0,1,1,0,0,0,1,1,1,0,-0.00039415,-0.00029840,-0.0002984,-0.00039415,-0.00029840,buy
2016-12-26,2,1,1,0,1,3,4,2,0,0,1,0,0,0,0,0,1,1,1,1,0,1,1,1,0,1,0,0,0,0,1,1,0,0,0,1,1,1,0,-0.00033428,-0.00134598,-0.0013460,-0.00098791,-0.00123811,sell
2016-12-27,2,1,0,0,1,1,5,1,0,0,1,0,0,1,0,0,1,0,1,1,1,0,1,1,0,1,0,0,0,0,0,1,0,0,0,1,1,1,0,-0.00190019,-0.00040443, 0.0009457, 0.00055125, 0.00073731,buy
2016-12-28,1,0,1,0,0,1,4,0,0,1,1,0,0,1,0,0,1,0,0,0,1,0,1,1,0,1,0,0,0,0,0,0,0,0,0,0,1,0,0, 0.00182588, 0.00130048, 0.0019817, 0.00074554, 0.00250563,buy
2016-12-29,0,0,1,0,0,1,5,0,0,1,0,0,0,1,0,0,0,1,1,1,0,1,0,1,0,1,1,0,0,0,0,0,0,0,0,0,1,0,0,-0.00152259,-0.00100647,-0.0016581,-0.00191620,-0.00072145,buy
2016-12-30,0,0,0,0,1,3,2,2,0,0,0,0,0,0,0,0,1,1,1,1,1,0,1,0,0,1,1,0,0,0,0,0,0,0,0,0,1,0,0,-0.00191696,-0.00161735,-0.0003424,-0.00284826,-0.00256781,sell
2016-12-31,0,0,1,1,3,2,2,0,0,0,0,0,0,0,0,1,0,1,1,0,1,1,0,1,0,1,1,0,0,0,0,0,0,0,0,0,1,0,0,-0.00058148,-0.00047730,-0.0004674,-0.00104747,-0.00295245,sell
2017-01-01,1,0,1,0,2,1,4,0,0,0,0,0,0,0,0,1,1,0,0,1,1,1,1,0,0,1,1,0,0,0,0,0,0,0,0,0,1,0,0, 0.00094296, 0.00088592, 0.0003236, 0.00044920, 0.00206271,buy
2017-01-02,0,1,2,0,0,4,1,0,0,0,0,0,0,0,0,1,1,0,0,1,0,1,1,1,0,1,0,0,0,0,0,0,0,0,0,0,1,0,0, 0.00272103, 0.00461237, 0.0039126, 0.00303443, 0.00508524,buy
2017-01-03,0,2,3,0,1,2,3,1,0,0,0,0,0,0,0,1,2,1,1,1,1,1,1,1,0,1,0,0,0,0,0,0,0,0,1,0,1,0,1, 0.00048926, 0.00021968,-0.0016313,-0.00177565,-0.00136199,sell
2017-01-04,1,0,3,0,1,2,0,1,0,0,0,0,0,0,0,1,1,0,0,0,1,0,1,1,0,0,0,0,0,0,0,0,0,0,1,0,1,0,1, 0.00403534, 0.00178827, 0.0009609, 0.00123150, 0.00109543,buy
2017-01-05,0,0,2,0,2,2,0,2,0,0,0,0,0,0,0,1,0,1,1,1,0,1,0,0,0,0,0,1,0,0,0,0,0,0,1,0,1,0,1, 0.00173623, 0.00005006, 0.0036794, 0.00191223, 0.00307396,buy
2017-01-06,1,0,2,1,0,5,0,2,0,0,0,0,0,0,0,1,1,1,1,1,1,0,1,1,0,0,0,1,0,0,0,0,0,0,1,0,1,1,1, 0.00519601, 0.00271820, 0.0053469, 0.00519601, 0.00307318,buy
2017-01-07,2,2,1,0,0,2,2,1,0,0,0,0,0,0,0,1,0,1,1,1,1,1,0,1,0,0,0,1,0,0,0,1,0,0,1,0,0,1,0, 0.00605216, 0.00783949, 0.0068231, 0.00644150, 0.00614836,buy
2017-01-08,2,2,3,0,1,1,2,1,0,0,0,0,0,0,0,1,1,1,0,2,1,1,1,1,0,0,0,1,0,1,0,1,0,0,0,0,0,1,0, 0.00104411, 0.00110094, 0.0011922, 0.00013200, 0.00105456,buy
2017-01-09,0,4,2,0,0,3,1,3,0,0,0,0,0,0,0,1,1,1,1,2,0,1,1,2,0,0,0,1,0,1,0,1,0,0,0,0,0,1,0, 0.00316123, 0.00316123, 0.0043662, 0.00124149, 0.00520920,buy
2017-01-10,1,1,3,1,2,2,1,3,0,0,0,0,0,0,0,1,1,1,0,1,1,1,1,2,1,0,0,0,1,1,0,1,0,1,0,0,0,1,0, 0.00170880, 0.00253597, 0.0014246, 0.00251917, 0.00133250,buy
2017-01-11,1,1,1,0,2,0,0,2,0,0,0,0,0,0,0,1,0,0,1,0,0,0,0,1,1,0,0,0,1,1,0,1,0,1,0,0,0,0,0, 0.00461712, 0.00462583, 0.0048003, 0.00469511, 0.00462583,buy
2017-01-12,1,2,2,2,1,0,0,4,0,0,0,0,0,0,0,1,1,1,1,1,1,1,1,1,1,0,0,0,1,1,0,1,0,1,0,0,0,0,0, 0.00453805, 0.00320805, 0.0031990, 0.00353433, 0.00249003,buy
2017-01-13,0,2,2,0,1,1,0,1,0,0,0,0,0,0,0,1,0,1,1,0,1,0,0,1,1,0,1,0,1,0,0,0,0,1,0,0,0,0,0, 0.00465423, 0.00470211, 0.0046073, 0.00470211, 0.00470211,buy
2017-01-14,2,1,4,0,2,1,1,1,0,0,0,0,0,0,0,1,1,1,0,1,1,1,1,1,1,0,1,0,1,0,0,0,0,1,0,0,0,0,1,-0.00167844,-0.00199771,-0.0040911,-0.00167844,-0.00199771,sell
2017-01-15,0,4,0,1,1,2,0,0,0,0,0,0,0,0,0,0,1,0,1,1,0,1,1,1,0,0,1,0,0,0,0,0,0,0,0,0,0,0,1,-0.00368252,-0.00307185,-0.0042819,-0.00314592,-0.00307185,sell
2017-01-16,1,2,1,3,1,2,0,1,0,0,0,0,0,0,0,0,1,1,1,1,1,1,1,1,0,0,1,0,0,0,1,0,0,0,0,0,0,0,1, 0.00113767, 0.00200806, 0.0020081, 0.00541352, 0.00200806,buy
2017-01-17,1,1,0,1,1,1,1,1,0,0,0,0,0,0,0,0,1,0,0,0,1,1,0,1,0,0,1,0,0,0,1,0,0,0,0,0,0,0,1,-0.00222879,-0.00224203,-0.0022110, 0.00035600,-0.00221004,sell
2017-01-18,0,0,1,1,0,1,1,1,0,0,0,0,0,0,0,0,0,0,1,1,0,0,0,0,0,0,0,0,0,0,1,0,0,0,1,0,1,0,0,-0.00432328,-0.00373325,-0.0041852,-0.00408987,-0.00371217,sell
2017-01-19,0,1,1,2,0,1,2,3,0,0,0,0,0,0,0,0,1,1,1,1,1,1,1,1,0,0,0,0,0,0,1,0,0,0,1,0,1,0,0,-0.00805584,-0.00722508,-0.0077591,-0.00730472,-0.00817355,sell
2017-01-20,1,1,0,0,0,2,1,1,0,0,0,0,0,0,0,0,0,1,1,0,1,1,0,0,0,0,0,0,0,0,0,0,0,0,1,0,1,0,0,-0.00109124,-0.00079548, 0.0007082, 0.00085372, 0.00089279,buy
2017-01-21,1,0,1,0,3,1,2,0,0,0,0,0,0,0,0,0,1,1,0,1,1,0,1,0,0,0,0,0,0,0,0,0,0,0,1,0,1,1,0,-0.00047571,-0.00047571, 0.0008449, 0.00079214,-0.00212126,buy
2017-01-22,2,1,0,0,3,3,3,0,0,0,1,0,0,0,0,0,2,1,0,1,1,1,1,1,0,0,0,0,0,0,0,0,0,0,1,0,1,1,0,-0.00389220,-0.00344884,-0.0034488,-0.00344884,-0.00350027,sell
2017-01-23,0,2,0,0,2,3,1,1,0,0,1,0,0,0,0,0,1,0,1,1,0,1,1,1,0,0,0,0,0,0,0,0,0,0,0,0,1,1,0,-0.00324294,-0.00324294,-0.0032429,-0.00558790,-0.00378825,sell
2017-01-24,1,0,2,0,2,2,2,1,0,0,1,0,0,0,0,0,1,1,0,1,1,1,1,1,0,0,0,0,0,0,0,1,0,0,0,0,1,1,0,-0.00088055,-0.00091004,-0.0010793,-0.00278849,-0.00091445,buy
2017-01-25,0,0,1,0,2,1,2,1,0,0,1,0,0,0,0,0,0,0,1,0,0,1,0,0,0,0,0,0,0,0,0,1,0,0,0,1,1,1,0, 0.00350235, 0.00318091, 0.0023242, 0.00352923, 0.00232422,buy
2017-01-26,0,0,1,1,2,3,0,3,0,0,0,0,0,0,0,0,1,0,1,1,1,0,1,1,0,0,0,0,1,0,0,1,0,0,0,1,1,1,0, 0.00222783, 0.00226881, 0.0017008, 0.00226881, 0.00249196,buy
2017-01-27,1,0,1,1,1,4,1,1,0,0,0,0,0,0,0,0,0,1,1,0,2,1,0,1,0,0,0,0,1,0,0,1,0,0,0,1,1,0,1, 0.00248977, 0.00255313, 0.0046557, 0.00365316, 0.00365316,buy
2017-01-28,1,0,1,0,3,4,1,1,0,0,0,1,0,0,0,0,0,1,1,1,1,1,1,0,0,0,1,0,1,0,0,1,0,0,0,1,1,0,1,-0.00713460, 0.00251094, 0.0000015,-0.00136123, 0.00000151,buy
2017-01-29,2,0,1,0,2,3,2,1,0,0,0,1,0,0,0,0,1,1,0,1,1,0,1,1,0,0,1,0,1,0,0,0,0,0,0,1,1,0,1, 0.00074360,-0.00077679, 0.0000269, 0.00327519,-0.00033164,buy
2017-01-30,1,2,0,0,2,4,1,2,0,0,0,1,0,0,1,0,1,0,1,2,0,1,1,1,0,0,1,0,1,0,0,0,0,0,0,1,1,0,1,-0.00257985,-0.00189173,-0.0011388,-0.00225033,-0.00045439,sell
2017-01-31,1,0,1,0,2,3,1,2,0,0,0,1,0,0,1,0,1,0,0,1,1,1,1,1,0,0,1,0,1,0,0,0,0,0,0,0,1,0,0,-0.00156589,-0.00124692,-0.0012469,-0.00160902,-0.00096442,sell
2017-02-01,0,0,0,0,2,1,1,2,1,0,0,0,0,0,1,0,0,1,1,0,0,1,0,0,0,0,1,0,0,0,0,0,0,0,0,0,1,0,0, 0.00478199, 0.00520096, 0.0032749, 0.00327491, 0.00389435,buy
2017-02-02,1,0,0,2,1,2,1,4,1,0,0,0,1,0,1,1,1,0,1,1,1,1,1,1,0,0,0,0,0,0,0,0,0,0,0,0,1,0,0, 0.00438931, 0.00531949,-0.0026280, 0.00074826, 0.00632453,buy
2017-02-03,0,1,0,1,2,2,1,1,1,0,1,0,1,0,0,1,0,1,1,0,1,0,0,0,0,0,0,0,0,0,0,0,0,0,0,0,1,0,0, 0.00813715, 0.00892588, 0.0048441, 0.00704299, 0.00813715,buy
2017-02-04,1,0,2,1,3,3,1,2,1,0,1,0,1,0,0,1,1,1,0,1,1,1,1,1,0,0,0,1,0,0,0,0,0,0,0,0,1,0,0, 0.00211366, 0.00198681, 0.0016272, 0.00323673, 0.00287128,buy
2017-02-05,0,2,0,0,2,4,1,1,0,0,1,0,1,0,0,0,1,1,1,1,0,0,1,1,0,0,0,1,0,0,0,0,0,0,0,0,1,0,0, 0.00070390, 0.00077413, 0.0009284, 0.00070390,-0.00158220,buy
2017-02-06,2,0,1,1,2,1,1,1,0,0,0,0,0,0,0,0,1,0,1,1,1,1,1,1,0,0,0,1,0,0,0,0,0,0,0,0,1,0,0, 0.00513853, 0.00587516, 0.0055573, 0.00516899, 0.00555732,buy
2017-02-07,1,1,0,1,1,1,1,1,0,0,0,0,0,0,0,0,0,1,1,0,1,1,0,0,0,0,0,1,0,1,0,0,0,0,0,0,1,0,0,-0.00068145,-0.00068145,-0.0036214,-0.00521040, 0.00007723,sell
2017-02-08,1,0,2,1,1,1,1,2,0,0,0,0,0,0,0,0,1,0,1,1,1,1,1,1,0,0,0,1,0,1,0,0,0,0,0,0,1,0,0, 0.00036974,-0.00162800, 0.0005392, 0.00038056,-0.00058306,sell
2017-02-09,2,1,2,0,0,1,1,1,0,0,0,0,0,0,0,0,1,1,1,0,1,0,0,1,1,0,0,0,0,1,1,0,0,0,0,0,1,0,0,-0.00066438, 0.00020888, 0.0003331, 0.00021604, 0.00000512,buy
2017-02-10,3,1,3,1,1,1,2,0,0,0,0,0,0,0,0,0,1,1,1,1,1,1,1,1,1,0,0,0,0,1,1,0,0,0,0,0,1,0,0,-0.00138404, 0.00036127, 0.0003587, 0.00053605,-0.00090894,buy
2017-02-11,3,3,1,1,1,0,2,0,0,0,0,0,0,0,0,0,1,1,0,1,1,1,2,1,1,0,0,0,0,1,1,0,0,0,0,0,0,0,0, 0.00061257, 0.00043549, 0.0002951, 0.00061257,-0.00213661,buy
2017-02-12,2,1,2,1,0,2,1,0,0,0,0,0,0,0,0,0,1,1,1,1,0,0,1,1,1,0,0,0,1,0,1,0,0,0,0,0,0,0,0,-0.00227493,-0.00223820,-0.0024592,-0.00226106,-0.00168347,sell
2017-02-13,2,0,2,0,2,2,2,1,0,0,1,0,1,0,0,0,1,0,0,1,1,1,1,1,1,1,0,0,1,0,0,0,0,0,0,0,0,0,0, 0.00014269, 0.00375255,-0.0002241, 0.00368982, 0.00388164,buy
2017-02-14,0,1,1,1,1,2,2,0,0,1,1,0,1,0,0,0,0,1,1,0,0,1,0,0,0,1,0,0,1,0,0,0,0,0,0,0,0,0,0, 0.00151218, 0.00155238, 0.0022818, 0.00059448, 0.00021657,buy
2017-02-15,1,1,0,2,1,2,3,2,0,1,1,0,1,0,0,0,1,1,1,1,1,1,1,1,0,1,0,0,1,0,0,0,0,0,0,0,0,0,0, 0.00420439, 0.00369290, 0.0015583, 0.00383520, 0.00290985,buy
2017-02-16,1,1,0,0,0,1,3,0,0,1,0,0,0,0,0,0,0,0,1,0,1,1,0,0,0,1,0,0,1,0,0,0,0,0,0,0,0,0,0, 0.00091882,-0.00056860, 0.0008672,-0.00016587,-0.00170667,sell
2017-02-17,2,0,2,0,1,2,2,0,0,1,0,0,0,0,0,0,0,1,1,1,1,0,1,1,0,1,0,0,0,0,0,0,0,1,0,0,0,0,0, 0.00027643, 0.00445112,-0.0014437, 0.00059693, 0.00059693,buy
2017-02-18,1,1,1,0,4,2,1,1,0,1,0,1,0,0,0,0,1,1,0,1,1,1,1,1,0,1,0,0,0,0,0,0,0,1,0,0,0,0,0,-0.00022250, 0.00471370, 0.0000818,-0.00024126, 0.00175232,buy
2017-02-19,0,3,1,0,2,3,1,1,0,0,0,1,0,0,1,1,1,1,1,1,0,0,1,1,0,1,0,0,0,0,0,0,0,1,0,0,0,0,0, 0.00192041,-0.00102342, 0.0019204, 0.00204552,-0.00102342,buy
2017-02-20,3,0,2,0,3,2,2,0,1,0,0,1,0,0,1,1,1,1,0,1,1,0,1,1,0,1,0,1,0,0,0,0,0,1,0,0,0,0,0, 0.00224425, 0.00270704, 0.0025898, 0.00270704, 0.00258979,buy
2017-02-21,1,0,1,0,1,2,2,0,1,0,0,0,0,0,1,1,0,0,0,0,1,1,0,0,0,1,0,1,0,0,0,0,0,1,0,0,0,0,0, 0.00064590, 0.00176410, 0.0006459, 0.00033978, 0.00100199,buy
2017-02-22,1,1,0,1,1,3,3,2,1,0,0,0,1,0,1,0,0,1,1,1,0,1,1,1,0,1,0,1,0,0,1,0,0,1,0,0,0,0,0, 0.00154274, 0.00154274, 0.0000098,-0.00091669, 0.00119946,buy
2017-02-23,0,1,0,1,2,5,1,3,0,0,0,0,1,0,0,0,1,1,1,0,1,1,1,1,0,1,0,1,0,1,1,0,0,1,0,0,0,0,0, 0.00001291,-0.00118262, 0.0026870, 0.00313672,-0.00095734,buy
2017-02-24,0,2,0,0,3,4,1,0,0,0,0,0,1,0,0,0,0,0,1,0,1,1,0,0,1,1,0,1,0,1,1,0,0,1,0,0,0,0,0,-0.00027108, 0.00000741,-0.0000505, 0.00110844,-0.00207754,buy
2017-02-25,1,2,1,0,2,2,4,0,0,0,0,0,1,0,0,0,1,1,0,1,1,0,1,1,1,1,0,0,0,1,1,0,0,1,0,0,0,0,0,-0.00295727,-0.00258137,-0.0023196,-0.00156912,-0.00143143,sell
2017-02-26,0,3,0,0,1,6,0,0,0,0,0,1,0,0,0,0,1,1,1,1,0,1,1,1,1,1,0,0,0,1,0,0,0,1,0,0,0,0,0,-0.00076718,-0.00161897,-0.0006248,-0.00258739,-0.00217402,sell
2017-02-27,1,2,1,0,3,3,1,1,0,0,0,1,0,0,0,1,1,1,1,1,1,0,1,1,1,1,0,0,0,1,0,0,0,1,0,0,0,0,0,-0.00169716,-0.00281753,-0.0035121,-0.00214054,-0.00328975,sell
2017-02-28,0,2,0,0,3,3,0,1,1,0,0,1,0,0,1,1,0,0,1,0,1,1,0,0,0,1,1,0,0,0,0,0,0,1,0,0,0,0,0, 0.00178923, 0.00296428, 0.0017892, 0.00178923, 0.00178923,buy
2017-03-01,1,2,0,1,4,5,0,2,1,1,0,1,0,0,1,1,1,1,2,1,1,2,1,1,0,0,1,0,0,0,0,0,0,1,0,0,1,0,0, 0.00629316, 0.00635262, 0.0065414, 0.00662926, 0.00640519,buy
2017-03-02,1,1,0,0,2,4,0,0,1,1,0,0,0,0,1,0,0,1,1,0,1,1,0,0,0,0,1,0,0,0,0,0,0,1,0,0,1,0,0, 0.00483946, 0.00452768, 0.0048197, 0.00497893, 0.00497893,buy
2017-03-03,1,2,1,0,3,2,3,0,1,1,1,0,0,0,1,0,1,0,1,1,1,1,1,1,0,0,1,0,0,0,0,0,0,1,0,0,1,0,0, 0.00122067, 0.00624138, 0.0030413, 0.00579929, 0.00329931,buy
2017-03-04,0,2,2,0,4,3,0,0,0,1,1,0,0,1,0,0,2,1,0,1,1,0,2,1,0,0,1,0,0,0,0,0,0,1,0,0,1,0,0,-0.00116348,-0.00146558,-0.0034132,-0.00169157,-0.00240462,sell
2017-03-05,1,1,1,0,3,3,1,2,0,1,1,0,0,1,0,0,2,1,1,1,0,1,2,1,0,0,0,0,0,0,0,0,0,1,0,0,1,0,0, 0.00194214, 0.00111438,-0.0035417, 0.00111438,-0.00083825,buy
2017-03-06,1,0,0,1,1,0,2,0,0,0,0,0,0,1,0,0,1,1,0,0,1,0,1,0,0,0,0,0,0,0,0,0,0,1,0,0,0,0,0,-0.00223900,-0.00290225,-0.0029895,-0.00334387,-0.00229109,sell
2017-03-07,3,0,0,1,1,0,2,1,0,0,0,1,0,1,0,1,1,0,1,1,0,1,0,1,0,0,0,1,0,0,0,0,0,1,0,0,0,0,0,-0.00211720,-0.00211720,-0.0018189,-0.00211720, 0.00119393,sell
2017-03-08,2,2,2,1,1,0,2,3,1,0,0,1,0,1,0,1,1,1,1,1,1,1,1,1,0,0,0,1,0,0,1,0,0,1,0,0,0,0,0,-0.00191380,-0.00160407,-0.0016548,-0.00204663,-0.00133982,sell
2017-03-09,2,2,3,0,2,0,2,0,1,0,0,1,0,1,1,1,0,0,1,1,1,1,0,0,0,0,0,1,0,0,1,0,0,1,0,0,0,0,0,-0.00215965,-0.00258592,-0.0044800,-0.00215965, 0.00111784,sell
2017-03-10,4,0,4,0,3,0,2,0,1,0,0,0,0,0,1,0,1,1,0,1,1,1,1,1,1,0,0,1,0,0,1,0,0,1,0,0,0,0,0,-0.00071864,-0.00162503, 0.0001664,-0.00149979,-0.00162503,sell
2017-03-11,2,2,1,1,3,2,1,1,0,0,0,0,1,0,1,0,1,1,1,1,0,0,1,1,1,0,0,1,0,1,1,0,0,1,0,0,0,0,0,-0.00274302,-0.00274302,-0.0027430,-0.00298323,-0.00305491,sell
2017-03-12,2,1,2,1,3,0,1,2,0,0,0,0,1,0,0,0,1,1,0,1,1,1,1,1,1,0,0,0,0,1,1,0,0,1,0,0,0,0,0, 0.00194722, 0.00194722, 0.0021493, 0.00194722,-0.00261026,buy
2017-03-13,0,0,2,0,2,0,0,2,0,0,0,0,1,0,0,0,0,1,0,0,1,0,0,0,1,0,0,0,0,1,0,0,0,1,0,0,0,0,0,-0.00063157,-0.00054016,-0.0044901,-0.00425539,-0.00190282,sell
2017-03-14,0,0,1,1,3,0,0,2,0,1,0,0,0,0,0,0,1,0,1,1,0,0,1,1,0,0,0,0,0,1,0,0,0,1,0,0,0,0,0, 0.00060151, 0.00017168, 0.0008069, 0.00080688, 0.00160693,buy
2017-03-15,0,1,1,2,3,0,1,2,0,1,0,0,0,0,0,0,1,1,1,0,1,1,1,1,0,0,0,0,1,1,0,0,0,1,0,0,0,0,0, 0.00243467, 0.00166947, 0.0024347, 0.00167295, 0.00013643,buy
2017-03-16,1,1,0,1,2,1,0,1,0,1,0,0,0,0,0,0,0,1,1,0,1,1,0,0,0,0,0,0,1,0,0,0,0,1,0,0,0,0,0, 0.00035782, 0.00108121, 0.0009136, 0.00108121,-0.00010197,buy
2017-03-17,2,0,1,0,3,0,1,1,0,1,0,0,0,0,0,0,1,0,0,1,1,1,1,1,0,0,0,0,1,0,0,0,0,0,0,0,0,0,0, 0.00355394, 0.00228630, 0.0027123, 0.00228630,-0.00134843,buy
2017-03-18,1,2,1,0,1,2,0,1,0,0,0,0,0,0,0,0,1,1,0,1,1,1,1,1,0,0,0,0,1,0,0,0,0,0,0,0,0,0,0,-0.00912581,-0.00784127,-0.0089557,-0.00196390,-0.00857092,sell
2017-03-19,1,1,1,0,3,0,1,2,0,0,1,0,0,0,0,0,1,1,1,1,0,0,1,1,0,0,0,0,1,0,0,0,1,0,0,0,0,0,0,-0.00235657,-0.00176142,-0.0025781, 0.00061046,-0.00176142,sell
2017-03-20,1,1,1,0,2,0,1,1,0,0,1,0,0,0,0,0,1,1,0,0,1,1,1,1,0,0,0,0,0,0,0,0,1,0,0,0,0,0,0, 0.00310659, 0.00132583, 0.0014923, 0.00082251, 0.00132583,buy
2017-03-21,1,0,0,0,2,0,1,0,0,0,1,0,0,0,0,0,0,1,1,0,0,0,0,0,0,0,0,0,0,0,0,0,1,0,0,0,0,0,0, 0.00054510, 0.00054510, 0.0001225, 0.00092602, 0.00074003,buy
2017-03-22,0,0,0,1,2,1,0,3,0,0,0,1,0,0,0,0,1,0,1,1,1,0,1,1,0,0,0,0,0,0,0,0,1,0,0,0,0,0,0, 0.00181490, 0.00941724, 0.0013528, 0.00030023, 0.00191673,buy
2017-03-23,0,0,0,1,2,2,1,2,1,0,0,1,0,0,0,0,0,1,2,0,2,1,0,0,0,0,0,0,0,0,0,0,0,0,0,0,0,0,0,-0.00387270,-0.00246426,-0.0025010,-0.00334404,-0.00363129,sell
2017-03-24,1,0,1,1,2,2,1,3,1,0,0,1,0,0,0,1,1,1,1,1,1,1,1,1,0,0,0,0,0,0,0,0,0,0,0,0,1,0,0, 0.00206548, 0.00120782, 0.0020603, 0.00405585, 0.00688640,buy
2017-03-25,0,2,0,1,1,2,2,2,1,0,0,1,0,0,1,1,1,0,0,1,1,1,2,1,0,0,0,0,0,0,0,0,0,0,0,0,1,0,0, 0.00140403,-0.00109437, 0.0004385,-0.00062573, 0.00509147,buy
2017-03-26,1,1,1,0,0,1,2,1,0,0,0,0,0,0,1,1,1,1,1,1,0,0,1,2,0,0,0,0,0,0,0,0,0,0,0,0,1,0,0,-0.00301111,-0.00423478,-0.0032383,-0.00301111,-0.00496364,sell
2017-03-27,1,0,1,0,1,1,0,1,0,0,0,0,0,0,1,0,1,1,0,0,1,0,1,1,0,0,0,0,0,0,0,0,0,0,0,0,0,0,0,-0.00117942,-0.00163760,-0.0015103,-0.00132767,-0.00008828,sell
2017-03-28,1,0,0,1,2,1,0,1,0,0,1,0,1,0,1,0,1,1,1,1,0,1,0,0,0,0,0,0,0,0,0,0,0,0,0,0,0,0,0, 0.00187558, 0.00187558, 0.0024380, 0.00052881,-0.00193833,buy
2017-03-29,2,0,0,1,0,2,0,2,0,0,1,0,1,0,0,0,1,0,1,1,1,0,1,1,0,0,0,0,0,0,0,0,0,0,0,0,0,0,0, 0.00085679, 0.00197248, 0.0005859, 0.00241933, 0.00095257,buy
2017-03-30,2,1,1,0,1,2,1,0,0,0,1,0,1,0,0,0,1,1,1,1,1,1,0,0,0,0,0,0,0,0,0,0,1,0,0,0,0,0,0, 0.00083116, 0.00232565, 0.0009903, 0.00122319,-0.00131757,buy
2017-03-31,2,2,2,0,2,3,1,0,0,0,1,0,1,0,0,0,2,0,0,2,1,1,1,1,0,0,1,0,0,0,0,0,1,0,0,0,0,0,0,-0.00059109,-0.00059109, 0.0003654,-0.00059109,-0.00038516,buy
2017-04-01,1,2,1,0,2,3,1,1,0,0,0,0,0,0,0,0,2,1,1,2,0,1,1,1,0,0,1,0,0,0,0,0,1,0,0,0,0,0,0, 0.00006020, 0.00006020,-0.0023997,-0.00232572, 0.00013399,buy
2017-04-02,1,0,1,1,2,2,1,0,0,0,0,0,0,0,0,0,1,1,0,1,1,0,1,1,0,0,1,0,0,0,0,0,1,0,0,0,0,0,0, 0.00512895, 0.00512895, 0.0048400, 0.00001752, 0.00512895,buy
2017-04-03,1,0,0,0,1,1,1,2,0,0,0,0,0,0,0,0,0,2,1,0,0,1,0,0,0,0,1,0,0,0,0,0,0,0,0,1,0,0,0, 0.00123964,-0.00082275,-0.0026262,-0.00262621,-0.00328339,sell
2017-04-04,0,1,1,1,1,0,1,3,0,0,0,0,0,0,0,0,1,1,1,1,1,0,1,1,0,0,1,0,0,0,0,0,0,0,0,1,0,0,0,-0.00140204, 0.00054876,-0.0015066,-0.00140204,-0.00140204,buy
2017-04-05,0,1,1,0,0,0,0,1,0,0,0,0,0,0,0,0,0,0,1,0,1,0,0,0,0,0,0,0,0,0,0,0,0,0,0,1,0,0,0, 0.00114420, 0.00114420, 0.0011442,-0.00033735, 0.00144850,buy
2017-04-06,3,1,2,1,1,0,1,2,0,0,0,0,0,0,0,0,1,1,1,1,2,1,1,1,1,0,0,0,0,0,0,0,0,0,0,1,0,0,0,-0.00191345,-0.00257583,-0.0033759,-0.00088480, 0.00021241,sell
2017-04-07,1,3,0,1,0,2,0,2,0,0,0,0,0,0,0,0,1,0,0,1,1,1,1,1,1,0,0,1,0,0,0,0,0,0,0,1,0,0,0,-0.00033450,-0.00129052,-0.0012905, 0.00038465, 0.00038465,buy
2017-04-08,2,1,2,2,1,0,1,2,0,0,0,0,0,0,0,0,1,1,1,1,0,1,2,1,1,0,0,1,0,0,0,0,0,0,0,1,0,0,0, 0.00287609, 0.00137831, 0.0013783, 0.00279624, 0.00274444,buy
2017-04-09,0,1,1,1,1,0,1,3,0,0,0,0,0,0,0,0,0,1,0,0,1,0,1,1,1,1,0,1,0,0,0,0,0,0,0,1,0,0,0, 0.00266691, 0.00266215, 0.0027064, 0.00294788, 0.00294788,buy
2017-04-10,0,1,1,0,1,0,0,3,0,0,0,0,0,0,0,0,1,1,1,1,0,0,0,0,0,1,0,1,0,0,0,0,0,0,0,1,0,0,0,-0.00099349,-0.00211838,-0.0020541,-0.00144222,-0.00207559,sell
2017-04-11,0,1,1,2,1,0,1,4,0,0,0,0,0,0,0,0,1,1,1,1,1,1,1,1,0,1,0,1,0,0,0,0,0,0,0,1,0,0,0, 0.00338622, 0.00307891, 0.0014600, 0.00265763, 0.00272257,buy
2017-04-12,1,0,0,0,1,1,0,2,0,0,0,0,0,0,0,0,0,0,1,0,1,0,0,0,0,1,0,0,0,1,1,0,0,0,0,1,0,0,0, 0.00090734, 0.00111434, 0.0015586, 0.00090734,-0.00223536,buy
2017-04-13,2,0,2,1,2,1,1,2,0,0,0,0,0,0,0,0,1,1,1,1,1,1,1,1,0,1,0,0,0,1,1,0,0,0,0,1,0,0,0,-0.00116711,-0.00189134, 0.0013331,-0.00141815,-0.00506398,sell
2017-04-14,2,0,2,1,3,2,1,2,0,0,0,0,0,0,0,0,1,1,0,1,1,1,1,1,0,1,0,0,0,1,1,0,1,0,0,1,1,0,1,-0.00203745,-0.00097549, 0.0019880,-0.00105778,-0.00498388,sell
2017-04-15,2,3,0,0,3,0,2,3,0,0,0,0,0,0,0,0,1,0,1,1,0,1,1,1,0,1,0,0,1,1,1,0,1,0,0,1,1,0,1,-0.00577967,-0.00126413,-0.0022336, 0.00022788, 0.00000338,sell
2017-04-16,4,0,2,0,3,1,2,2,0,0,0,0,0,0,0,0,1,1,0,1,1,1,1,1,0,1,1,0,1,1,1,0,1,0,0,1,1,0,1,-0.00383127,-0.00391633,-0.0012713,-0.00290163,-0.00424952,sell
2017-04-17,2,1,0,0,2,1,2,2,0,0,0,0,0,0,0,0,0,1,1,0,0,0,0,0,0,1,1,0,1,0,1,0,1,0,0,1,1,0,1,-0.00482765,-0.00467999,-0.0046867,-0.00254057,-0.00200401,sell
2017-04-18,2,1,0,0,2,1,2,3,0,0,0,0,0,0,0,0,1,1,1,1,0,0,1,0,0,1,1,0,1,0,0,0,1,0,0,1,1,0,1,-0.00430680,-0.00350914,-0.0042972,-0.00097263, 0.00019278,sell
2017-04-19,3,0,0,1,4,2,1,3,0,1,0,0,0,1,0,0,0,1,1,0,1,1,1,1,0,1,1,0,1,0,0,0,1,0,0,1,1,0,1,-0.01003238,-0.00715205,-0.0103549, 0.00383609,-0.00672311,sell
2017-04-20,2,0,0,0,4,3,1,1,0,1,1,0,0,1,0,0,1,0,1,1,1,0,0,0,0,1,1,0,0,0,0,0,1,0,0,1,0,0,1,-0.00872066,-0.00848948,-0.0093572,-0.00526883,-0.00834221,sell
2017-04-21,2,1,1,0,3,1,3,2,0,1,1,0,1,1,0,0,1,1,0,1,1,1,1,1,0,1,0,0,0,0,0,0,0,0,0,1,0,0,1,-0.00033060, 0.00010500,-0.0048069, 0.00194754, 0.00066298,buy
2017-04-22,2,2,1,0,2,3,1,3,0,1,1,0,1,0,0,1,2,1,1,1,0,1,1,1,0,1,0,0,0,0,0,0,0,0,0,1,0,0,1,-0.00347064,-0.00076547,-0.0010627,-0.00033657, 0.00052134,buy
2017-04-23,3,0,1,0,2,2,1,3,0,0,1,0,1,0,0,1,1,0,0,1,1,1,1,1,0,1,0,0,0,0,0,0,0,0,0,1,0,0,1, 0.00405666, 0.00492254, 0.0025414, 0.00550157, 0.00462347,buy
2017-04-24,2,0,0,0,2,1,1,2,0,0,1,0,1,0,0,1,0,1,1,0,0,1,0,0,0,0,0,0,0,0,0,0,0,0,0,1,0,0,1, 0.00479294, 0.00271020,-0.0054463, 0.00130374, 0.00130374,buy
2017-04-25,3,0,0,1,1,3,0,4,0,0,1,0,1,0,1,1,1,1,2,1,1,0,1,1,0,0,0,0,0,0,0,0,0,0,0,1,0,0,1, 0.00517105, 0.00681765, 0.0075326, 0.00738924, 0.00676804,buy
2017-04-26,3,1,0,0,1,1,1,3,0,0,0,0,1,0,1,1,0,1,2,0,2,1,0,1,0,0,0,0,0,0,0,0,0,0,0,1,0,0,1, 0.00469483, 0.00731132, 0.0069923, 0.00731132, 0.00470476,buy
2017-04-27,3,1,2,0,1,0,2,1,0,0,0,0,1,0,1,0,1,0,1,1,2,0,1,1,0,0,0,0,0,0,0,0,0,0,0,1,0,0,1,-0.00099572,-0.00195045,-0.0006341,-0.00058193,-0.00119735,sell
2017-04-28,2,2,1,0,1,2,1,1,0,0,0,0,1,0,1,0,1,1,1,1,1,1,1,2,0,0,0,0,0,0,0,0,0,0,0,0,0,0,1, 0.00017525, 0.00004792, 0.0001752, 0.00017525,-0.00015481,buy
2017-04-29,2,0,1,1,1,2,1,1,0,0,0,0,0,0,1,0,1,0,1,1,1,1,1,2,0,0,0,0,0,0,0,0,0,0,0,0,0,0,1,-0.00214722,-0.00193307,-0.0010536,-0.00214722,-0.00181984,sell
2017-04-30,2,1,0,1,2,0,1,0,0,0,0,0,0,0,1,0,0,1,1,0,1,1,0,1,0,0,0,0,1,0,0,0,0,0,0,0,0,0,1,-0.00609502,-0.00282870,-0.0058221,-0.00429217,-0.00319605,sell
2017-05-01,2,2,1,1,0,1,1,2,0,0,0,0,0,0,1,0,1,1,2,1,1,0,1,0,0,0,1,0,1,0,0,0,0,0,0,0,0,0,1,-0.00102160,-0.00102160,-0.0027921,-0.00052216,-0.00235827,sell
2017-05-02,1,3,1,0,0,1,2,1,0,1,0,0,0,0,1,0,0,1,1,0,2,1,0,1,0,0,1,0,1,0,0,0,0,0,0,0,0,0,1,-0.00108356,-0.00134841,-0.0019850,-0.00108356,-0.00184530,sell
2017-05-03,1,2,3,0,0,1,2,1,0,1,0,0,0,0,1,0,1,0,1,1,1,1,1,0,1,0,1,0,1,0,0,0,0,0,0,0,0,0,0, 0.00053373,-0.00050384, 0.0010796, 0.00107964, 0.00107964,buy
2017-05-04,2,2,1,0,1,2,1,0,0,1,0,0,0,0,1,0,1,0,0,1,1,0,1,1,1,0,1,0,1,0,0,0,0,0,0,0,0,0,0, 0.00175279, 0.00175279, 0.0024712, 0.00209517, 0.00201458,buy
2017-05-05,2,1,1,1,1,2,1,1,0,1,0,0,0,0,1,0,1,1,1,1,0,1,1,1,1,0,1,0,0,0,0,0,0,0,0,0,0,0,0, 0.00827296, 0.00702743, 0.0044319, 0.00576976, 0.00625358,buy
2017-05-06,1,1,2,0,0,1,2,1,0,1,0,0,0,0,1,0,0,0,0,1,1,1,1,1,1,0,1,0,0,0,0,0,0,0,0,0,0,0,0,-0.00021292,-0.00019062, 0.0008820, 0.00088203, 0.00088203,buy
2017-05-07,2,1,2,0,0,1,1,0,0,1,0,0,0,0,1,0,1,1,1,0,0,1,0,1,1,0,0,1,0,0,0,0,0,0,0,0,0,0,0,-0.00345106,-0.00345106, 0.0005325, 0.00119823, 0.00045557,sell
2017-05-08,2,2,2,1,0,1,1,1,0,1,0,0,1,0,1,0,1,1,2,1,1,1,1,0,0,0,0,1,0,0,0,0,0,0,0,0,0,0,0, 0.00357741, 0.00407589, 0.0052677, 0.00210776, 0.00357741,buy
2017-05-09,2,2,0,1,0,1,1,1,0,1,0,0,1,0,1,0,0,1,1,0,1,0,1,1,0,0,0,1,0,0,0,0,0,0,0,0,0,0,0, 0.00273912,-0.00029753, 0.0029319, 0.00067057, 0.00328951,buy
2017-05-10,3,0,1,1,1,3,1,0,0,1,0,0,1,0,1,0,1,1,1,1,1,1,0,0,0,0,0,1,0,0,0,0,0,0,0,0,1,0,0, 0.00404446, 0.00566937, 0.0053493, 0.00303732, 0.00280994,buy
2017-05-11,3,0,1,1,1,3,0,0,0,0,0,0,1,0,1,0,1,0,0,1,1,1,1,1,0,0,0,1,0,0,0,0,0,0,0,0,1,0,0, 0.00230377, 0.00304553, 0.0036592, 0.00246866, 0.00022055,buy
2017-05-12,2,1,0,1,0,3,1,1,0,0,1,0,1,0,1,0,1,1,1,1,0,0,1,1,0,0,0,0,0,0,0,0,0,0,0,0,1,0,0, 0.00323686, 0.00323686, 0.0033206, 0.00316330, 0.00226993,buy
2017-05-13,2,1,1,1,1,2,1,1,0,0,1,0,1,0,1,0,1,1,1,1,1,1,1,1,0,0,0,0,0,0,0,0,0,0,0,0,1,0,0, 0.00128321, 0.00128321, 0.0005989, 0.00184073,-0.00146780,buy
2017-05-14,2,1,1,0,1,2,0,0,0,0,1,0,1,0,0,0,0,0,0,0,1,1,1,1,0,0,0,0,0,1,0,0,0,0,0,0,1,0,0,-0.00473056,-0.00473056,-0.0035099,-0.00498569,-0.00473056,sell
2017-05-15,0,1,2,0,1,3,1,1,0,1,1,0,0,0,0,0,1,1,1,1,0,1,0,0,0,0,0,0,1,1,0,0,0,0,0,0,1,0,0, 0.00280336, 0.00361434, 0.0012792, 0.00256590, 0.00198711,buy
2017-05-16,1,1,1,1,2,4,0,1,0,1,1,0,0,0,0,0,0,1,1,1,1,1,1,1,0,0,0,0,1,1,0,0,0,0,0,0,1,0,0, 0.00576297, 0.00596749, 0.0030388, 0.00576297, 0.00322576,buy
2017-05-17,1,2,1,2,3,4,0,0,0,1,1,0,0,0,0,0,1,1,1,0,1,0,0,1,1,0,0,0,1,1,0,1,0,1,0,0,1,0,0, 0.00146665, 0.00357896, 0.0026156, 0.00780133, 0.00261560,buy
2017-05-18,2,2,1,1,4,2,2,1,0,1,0,0,0,0,0,0,2,1,1,1,1,1,1,0,1,0,0,0,1,1,0,1,0,1,0,0,1,0,0,-0.00488179,-0.00545146,-0.0055847,-0.00609453,-0.00446950,sell
2017-05-19,0,2,2,1,2,4,2,2,0,1,0,0,0,0,0,1,1,0,0,1,1,1,2,1,1,0,0,0,1,1,0,1,0,1,0,0,1,0,0,-0.00374581,-0.00293195,-0.0029319,-0.00273754,-0.00174235,sell
2017-05-20,0,2,1,1,1,3,1,2,0,1,0,0,0,0,0,1,1,1,1,1,0,0,1,1,1,0,0,0,0,0,0,1,0,1,0,0,1,0,0, 0.00057919, 0.00244463, 0.0015133, 0.00119953, 0.00152919,buy
2017-05-21,1,1,0,1,2,2,1,2,0,1,0,0,0,0,0,1,0,0,0,0,1,1,1,1,1,0,0,0,0,0,0,1,0,1,0,0,1,0,0,-0.00337388,-0.00363722,-0.0030473,-0.00354102,-0.00194766,sell
2017-05-22,1,0,0,1,2,3,1,2,0,1,0,0,0,0,0,1,1,1,1,1,0,1,0,1,0,0,0,0,0,0,0,0,0,1,0,0,1,0,0,-0.00272667, 0.00017938, 0.0014705, 0.00224782, 0.00007788,buy
2017-05-23,1,1,0,0,1,4,1,3,0,1,0,0,0,0,0,1,0,2,1,0,1,1,1,1,0,0,0,1,0,0,0,0,0,0,1,0,1,0,0, 0.00510976, 0.00258568, 0.0005905, 0.00006294, 0.00524013,buy
2017-05-24,1,3,1,0,1,3,1,3,0,1,0,0,1,0,0,1,1,2,1,1,1,0,0,1,0,0,0,1,0,0,0,0,0,0,1,0,1,0,0, 0.00735633, 0.00592450, 0.0059245, 0.00626005, 0.00529047,buy
2017-05-25,0,4,1,0,2,2,1,1,0,1,0,0,1,0,0,0,1,1,0,1,1,1,1,1,0,0,0,1,0,0,0,0,0,0,1,0,1,0,0, 0.00657148, 0.00365213, 0.0037549, 0.00367589, 0.00196512,buy
2017-05-26,1,2,2,0,0,3,2,2,1,0,1,0,1,0,0,0,1,0,1,1,0,0,1,2,0,0,0,1,0,0,0,0,0,0,1,0,1,0,0, 0.00347096, 0.00435710, 0.0039085, 0.00521022, 0.00634412,buy
2017-05-27,0,2,1,1,2,2,3,1,1,0,1,0,1,0,0,0,0,1,0,0,1,1,1,2,0,0,0,1,0,0,1,0,0,0,1,0,1,0,0, 0.00253229, 0.00261693, 0.0031385, 0.00294752, 0.00258774,buy
2017-05-28,1,0,1,1,2,2,2,1,1,0,1,0,0,0,0,0,1,0,1,1,0,2,0,1,0,0,0,0,0,0,1,0,0,0,0,0,1,0,0,-0.00379230,-0.00485386,-0.0048756,-0.00684939,-0.00495242,sell
2017-05-29,0,1,2,0,1,2,2,1,1,0,1,0,0,0,0,0,0,1,1,0,1,1,1,0,0,0,0,0,0,0,1,0,0,0,0,0,1,0,0,-0.00042008,-0.00185302,-0.0003549,-0.00031537,-0.00043060,sell
2017-05-30,2,1,2,0,0,2,3,0,0,0,0,1,0,0,0,0,1,1,1,1,1,1,0,1,0,0,0,0,0,0,1,0,0,0,0,1,1,0,0,-0.00448289,-0.00448289,-0.0040314,-0.00448289,-0.00396123,sell
2017-05-31,4,1,1,0,0,3,2,0,0,0,0,1,0,0,0,0,1,1,0,2,1,0,1,0,0,0,0,0,0,1,1,0,0,0,0,1,1,0,0,-0.00150886,-0.00516172, 0.0002644,-0.00086799,-0.00231921,sell
2017-06-01,3,2,0,1,2,2,1,1,0,0,0,1,0,0,0,0,1,0,1,1,0,1,1,1,1,0,0,0,0,1,1,0,0,0,0,1,1,1,0, 0.00138142, 0.00088332,-0.0021965,-0.00072001, 0.00035014,buy
2017-06-02,3,0,1,0,0,3,1,3,0,0,0,0,0,0,0,0,0,1,0,1,1,0,1,1,1,0,1,0,0,1,1,0,0,0,0,1,1,1,0, 0.00146723,-0.00199673, 0.0021883, 0.00195383, 0.00205580,buy
2017-06-03,3,0,1,0,0,3,3,2,0,0,0,0,1,0,0,0,1,1,0,0,0,1,0,1,1,0,1,0,0,1,1,0,1,1,0,1,1,1,0, 0.00545505,-0.00396519, 0.0011741, 0.00117408, 0.00490390,sell
2017-06-04,2,1,2,0,1,3,3,2,1,0,0,0,1,0,1,0,1,0,1,1,1,1,0,1,1,0,1,0,0,1,0,0,1,1,0,0,1,1,0, 0.00306533, 0.00057482,-0.0017599, 0.00158724, 0.00596951,buy
2017-06-05,2,3,1,1,1,2,2,1,1,0,0,0,1,0,1,0,0,1,1,0,1,1,1,0,1,0,1,0,0,0,0,0,1,1,0,0,1,1,0, 0.00430113, 0.00375247, 0.0063288, 0.00139180, 0.00368051,buy
2017-06-06,1,2,1,0,3,3,2,2,1,1,0,0,0,0,1,0,1,1,1,1,1,1,0,1,0,0,1,0,0,0,0,0,1,1,0,0,1,0,0, 0.00150763, 0.00129611, 0.0019159, 0.00339233, 0.00310700,buy
2017-06-07,0,2,2,0,2,3,2,0,1,1,0,1,0,0,0,0,1,0,0,1,1,0,1,0,0,0,0,1,0,0,0,0,1,1,0,0,1,0,0,-0.00395284,-0.00422264,-0.0023102,-0.00395284,-0.00190915,sell
2017-06-08,1,2,2,0,1,2,2,0,0,1,0,1,0,0,0,0,1,1,0,1,0,0,1,1,0,0,0,1,0,0,0,0,1,0,0,0,1,0,0,-0.00323890,-0.00306511,-0.0006491,-0.00323890,-0.00276723,sell
2017-06-09,1,2,1,1,2,1,2,1,0,1,0,1,0,0,0,0,1,0,1,1,1,1,1,1,0,0,0,1,0,0,0,0,1,0,0,0,1,0,0, 0.00162522, 0.00158166, 0.0022530, 0.00131824, 0.00053226,buy
2017-06-10,1,1,1,1,0,1,1,0,0,0,0,0,0,0,0,0,0,1,0,0,1,0,1,1,0,0,0,1,0,0,0,0,1,0,0,0,1,0,0,-0.00157383, 0.00020641, 0.0002064,-0.00080942, 0.00052476,buy
2017-06-11,0,0,2,1,0,1,2,1,0,0,0,0,0,0,0,0,1,1,1,1,0,0,0,1,0,0,0,1,0,0,0,0,1,0,0,0,1,0,0,-0.00377831,-0.00279293,-0.0037571, 0.00012105,-0.00177077,sell
2017-06-12,1,0,1,0,1,3,1,1,1,0,0,0,0,0,1,0,0,0,1,1,1,1,1,0,0,0,0,0,0,0,0,0,1,0,0,0,1,0,0,-0.00393865,-0.00159817,-0.0023987,-0.00053240,-0.00358155,sell
2017-06-13,2,2,1,1,0,4,2,1,1,0,1,0,0,0,1,1,1,1,1,0,1,1,0,0,0,0,0,0,1,0,0,0,1,0,0,1,1,0,0, 0.00141998,-0.00178468, 0.0013839, 0.00237128, 0.00197504,buy
2017-06-14,3,2,0,2,2,2,3,1,1,0,1,0,0,0,1,1,1,1,1,1,1,1,0,1,0,0,0,0,1,0,0,0,1,0,0,1,1,0,0, 0.00255141,-0.00065910, 0.0023542, 0.00255141, 0.00255141,buy
2017-06-15,2,2,1,1,0,2,4,1,0,0,1,1,0,0,0,1,1,1,0,1,1,1,1,0,0,0,0,0,1,0,0,0,1,0,0,1,1,0,0, 0.00067422,-0.00187011, 0.0016436, 0.00159575, 0.00078650,buy
2017-06-16,1,1,3,1,0,2,2,0,0,0,0,1,0,0,0,0,1,1,1,1,0,0,1,1,0,0,0,0,1,1,0,0,0,0,0,1,1,0,0,-0.00247183,-0.00381489,-0.0008732,-0.00139796,-0.00219891,sell
2017-06-17,0,2,2,2,1,1,2,2,0,0,0,1,1,0,0,0,0,0,0,1,1,1,1,1,0,0,0,0,1,1,0,1,0,0,0,1,1,0,0,-0.00482061,-0.00482061,-0.0048580,-0.00320465,-0.00440822,sell
2017-06-18,1,1,1,2,1,1,2,1,0,0,0,0,1,0,0,0,1,1,1,0,0,0,0,2,0,0,0,0,0,1,0,1,0,1,0,0,1,0,0, 0.00026161, 0.00049051, 0.0000224, 0.00013733,-0.00120445,buy
2017-06-19,2,0,1,1,0,2,4,1,0,0,0,0,1,0,1,0,0,0,1,1,1,1,1,1,0,0,0,0,0,1,0,1,0,1,0,0,1,0,0,-0.00066135,-0.00028726,-0.0000570,-0.00270585,-0.00079154,buy
2017-06-20,0,1,2,0,0,2,5,0,0,0,0,0,0,1,1,0,1,1,1,0,1,1,0,0,0,0,0,0,0,1,0,1,0,1,0,0,1,0,0,-0.00230886,-0.00617599, 0.0001409,-0.00063867,-0.00274122,sell
2017-06-21,1,1,2,0,2,3,3,1,0,0,0,0,0,1,1,0,1,1,1,1,1,2,1,1,0,0,0,0,0,0,0,1,0,1,0,0,1,0,0, 0.00212582,-0.00156030,-0.0010397, 0.00085461,-0.00102700,sell
2017-06-22,2,1,0,0,2,3,1,2,0,0,0,0,0,1,0,1,1,1,1,1,0,1,1,0,0,0,0,0,0,0,0,0,0,1,1,0,1,0,1,-0.00110821,-0.00463951,-0.0046681,-0.00524591,-0.00496971,sell
2017-06-23,1,0,1,1,0,3,2,2,0,0,0,0,0,1,0,1,0,0,1,1,1,0,1,1,0,0,0,0,0,0,1,0,0,0,1,0,1,0,1,-0.00005491, 0.00282752,-0.0017607, 0.00307765,-0.00435616,buy
2017-06-24,2,0,0,0,0,4,0,2,0,0,0,0,0,0,0,1,1,1,1,0,0,1,0,1,0,0,0,0,0,0,1,0,0,0,1,0,1,0,1, 0.00242244, 0.00401005, 0.0012198, 0.00394682, 0.00219425,buy
2017-06-25,1,1,1,1,1,2,0,2,0,0,0,0,0,0,0,0,0,0,1,1,1,0,1,1,0,0,0,0,0,0,1,0,0,0,1,0,1,0,1,-0.00108256,-0.00128043,-0.0002738,-0.00511005,-0.00054682,sell
2017-06-26,1,2,1,0,2,2,1,2,1,0,0,0,0,0,0,0,1,1,2,0,1,1,0,0,0,0,0,0,0,0,1,0,0,0,1,0,1,0,1,-0.00163571,-0.00163571,-0.0010957,-0.00093308,-0.00109572,sell
2017-06-27,3,0,3,0,1,5,1,2,1,1,1,0,0,0,0,0,2,2,1,1,1,1,1,1,0,0,0,0,0,0,1,0,0,0,0,1,1,0,1,-0.00019480,-0.00039179,-0.0000249,-0.00176453,-0.00002488,buy
2017-06-28,2,2,1,1,1,4,1,2,1,1,1,0,0,0,0,0,2,1,1,1,0,1,2,0,0,0,0,0,0,0,1,0,0,0,0,1,1,0,1,-0.00052205,-0.00031422,-0.0003142,-0.00079301,-0.00042612,buy
2017-06-29,1,1,1,2,2,2,1,2,0,1,0,1,0,0,0,0,1,1,1,1,1,0,1,1,0,0,0,0,0,0,1,0,0,0,0,1,1,0,1,-0.00468272,-0.00325690,-0.0011249,-0.00233301,-0.00112488,sell
2017-06-30,0,0,2,1,0,3,0,1,0,1,0,1,0,0,0,0,0,0,0,0,0,1,1,1,0,0,0,0,0,0,1,0,0,0,0,1,1,0,0, 0.00059333, 0.00048980, 0.0013841,-0.00075198, 0.00060915,buy
2017-07-01,0,0,2,1,2,3,0,3,0,0,0,1,1,0,0,1,1,1,1,1,0,1,0,1,0,0,0,0,0,0,1,0,0,0,0,0,1,1,0, 0.00053828, 0.00148083, 0.0009118, 0.00016730, 0.00335318,buy
2017-07-02,0,2,1,1,2,1,2,0,0,0,0,0,1,0,0,1,0,0,1,0,1,0,1,1,0,0,0,0,0,0,0,1,0,0,0,0,1,1,0,-0.00202386,-0.00053258, 0.0003192,-0.00200749,-0.00252382,sell
2017-07-03,3,1,1,0,3,2,0,1,0,0,0,0,1,0,0,1,1,0,1,0,1,1,0,0,1,0,1,0,0,0,0,1,0,0,0,0,1,1,0, 0.00365389, 0.00132089,-0.0016029, 0.00359476, 0.00083545,buy
2017-07-04,3,3,1,0,3,1,1,3,0,0,1,0,0,0,1,0,1,1,1,1,1,1,1,1,1,0,1,0,0,0,0,1,0,0,0,0,1,1,0,-0.00076010,-0.00039073,-0.0002708, 0.00076203, 0.00084298,buy
2017-07-05,1,4,1,0,1,3,0,2,0,0,1,0,0,0,1,0,1,1,0,1,0,1,1,0,1,0,1,0,0,0,0,1,0,0,0,0,1,1,0, 0.00035814,-0.00024024, 0.0010834, 0.00108642, 0.00227156,buy
2017-07-06,1,4,2,0,1,1,1,3,0,0,1,0,0,0,1,0,1,1,1,1,0,1,1,0,1,0,1,0,0,0,0,1,0,0,1,0,1,0,0,-0.00038264,-0.00081575, 0.0019597, 0.00109793, 0.00269581,buy
2017-07-07,3,1,1,0,0,0,0,1,0,0,0,0,0,0,0,0,0,1,0,0,1,0,1,1,1,0,1,0,0,0,0,0,0,0,1,0,0,0,0,-0.00418637,-0.00299188,-0.0042519,-0.00102716,-0.00299188,sell
2017-07-08,1,2,0,1,0,0,1,2,0,0,0,0,0,0,0,0,1,0,1,0,0,0,0,1,1,0,1,1,0,0,0,0,0,0,1,0,0,0,0, 0.00068617, 0.00153497, 0.0002659, 0.00050420, 0.00236041,buy
2017-07-09,0,2,1,3,1,0,1,2,0,0,0,0,1,0,0,0,1,1,1,1,1,1,1,1,0,0,0,1,0,0,0,0,0,0,1,0,0,0,0,-0.00279834,-0.00351856,-0.0035186,-0.00289540,-0.00372217,sell
2017-07-10,0,1,1,1,0,2,0,1,0,0,0,0,1,0,0,0,0,0,1,0,1,0,1,1,0,0,0,1,0,0,0,0,0,0,0,0,0,0,0,-0.00270003,-0.00216820,-0.0021682,-0.00270003, 0.00269934,sell
2017-07-11,1,1,1,1,2,2,1,0,0,0,0,0,1,0,0,0,1,0,1,1,2,1,0,0,0,0,0,1,0,0,0,0,1,0,0,0,0,0,0, 0.00039485, 0.00313933,-0.0000677,-0.00002712,-0.00032015,buy
2017-07-12,0,1,3,2,0,2,2,0,0,0,0,0,0,0,0,0,1,1,0,1,1,1,1,1,0,0,0,1,1,0,0,0,1,0,0,0,0,0,0,-0.00215723,-0.00215723,-0.0021572,-0.00081212,-0.00303290,sell
2017-07-13,0,2,3,0,0,3,2,0,1,0,1,0,0,0,0,0,1,1,1,2,0,1,1,0,0,0,0,0,1,0,0,0,1,0,0,0,0,0,0, 0.00101235, 0.00262187, 0.0011914, 0.00106683,-0.00015021,buy
2017-07-14,2,0,3,0,1,1,2,1,1,0,1,0,0,0,0,0,0,1,0,1,1,1,1,1,0,0,0,0,1,0,0,0,1,0,0,0,0,0,0, 0.00091690, 0.00202225, 0.0020467, 0.00268508, 0.00132263,buy
2017-07-15,0,1,4,0,2,2,1,1,1,0,1,1,0,0,0,0,0,0,1,0,0,0,1,2,0,0,0,0,1,0,0,0,1,1,0,0,0,1,0, 0.00044938, 0.00038964,-0.0001230, 0.00082516, 0.00014522,buy
2017-07-16,2,1,2,1,1,2,1,4,1,0,0,1,0,0,0,0,1,1,1,1,1,1,1,1,0,0,0,0,1,0,0,1,1,1,0,0,0,1,0, 0.00341622, 0.00112800, 0.0016694, 0.00231403, 0.00257817,buy
2017-07-17,2,1,1,0,0,3,0,2,0,0,0,1,0,0,0,0,0,1,1,0,1,0,1,1,0,0,0,0,0,0,0,1,1,1,0,0,0,1,0,-0.00367182,-0.00277455,-0.0025393,-0.00329972,-0.00354226,sell
2017-07-18,3,0,3,0,0,2,2,2,0,0,0,1,1,0,0,0,1,0,1,1,1,1,0,0,0,0,0,0,0,1,0,1,1,1,0,0,0,1,0, 0.00169690,-0.00084010,-0.0004323, 0.00200347, 0.00056610,buy
2017-07-19,2,3,1,0,1,1,2,3,0,0,0,0,1,0,0,0,1,1,0,1,0,1,1,1,0,0,1,0,0,1,0,1,1,1,1,0,0,0,0, 0.00396704, 0.00249956, 0.0036561, 0.00231428, 0.00231428,buy
2017-07-20,3,1,2,1,0,3,0,2,0,0,0,0,1,0,0,0,1,1,1,1,1,1,1,0,0,1,1,0,0,1,0,1,0,0,1,0,0,0,0, 0.00195767,-0.00151421, 0.0012343, 0.00461736, 0.00267692,buy
2017-07-21,1,1,1,0,2,0,2,1,0,0,0,0,1,0,0,0,0,1,0,0,0,1,1,1,0,1,1,0,0,1,0,0,0,0,1,0,0,0,0,-0.00142801,-0.00160544, 0.0023365,-0.00142801,-0.00203532,sell
2017-07-22,1,1,2,2,1,1,0,2,0,0,0,0,0,0,0,0,1,0,1,1,1,0,0,1,0,1,1,0,0,1,1,0,0,0,1,1,0,0,0,-0.00370783,-0.00339014,-0.0026146,-0.00343160,-0.00100711,sell
2017-07-23,1,3,0,1,2,0,0,2,0,0,0,0,0,0,1,0,0,1,1,0,1,1,1,1,0,1,1,0,0,1,1,0,0,0,0,1,0,0,0,-0.00094783,-0.00164171,-0.0004217,-0.00244979,-0.00263329,sell
2017-07-24,2,0,2,1,1,0,1,0,0,0,0,0,0,0,1,0,1,0,1,1,1,0,0,0,0,1,0,0,0,0,1,0,0,0,0,1,0,0,0,-0.00015504,-0.00249559,-0.0009304,-0.00023383,-0.00066041,sell
2017-07-25,3,1,0,1,3,2,0,0,1,0,0,0,0,0,1,0,1,1,0,1,1,1,1,1,0,1,0,0,0,0,1,0,0,0,0,1,0,0,0,-0.00165744,-0.00256389,-0.0038570,-0.00638620,-0.00255976,sell
2017-07-26,2,2,0,2,2,3,0,1,1,0,0,1,0,0,1,0,1,1,1,1,1,1,1,0,0,1,0,0,0,0,1,0,0,0,0,1,0,0,0,-0.00061119,-0.00112894,-0.0011859,-0.00017794, 0.00061346,buy
2017-07-27,0,2,1,0,2,1,2,1,1,0,0,1,0,0,0,0,0,1,0,0,1,1,1,1,0,1,0,0,1,0,1,0,0,0,0,0,0,0,0,-0.00028132,-0.00327111, 0.0001247,-0.00323201,-0.00028132,sell
2017-07-28,0,2,1,0,2,1,3,1,1,0,0,1,0,0,0,1,1,1,1,1,0,1,0,1,0,1,0,0,1,0,1,0,0,0,0,0,0,1,0,-0.00226340,-0.00298502,-0.0021670,-0.00264838,-0.00029771,sell
2017-07-29,0,3,0,1,2,2,2,1,1,1,0,1,0,0,0,1,1,0,1,1,1,0,1,1,0,1,0,0,1,0,1,0,0,0,0,0,0,1,0,-0.00352476,-0.00436752,-0.0033991,-0.00434493,-0.00389403,sell
2017-07-30,0,3,0,1,2,1,2,2,0,1,0,1,0,0,0,1,0,1,1,0,1,1,1,1,0,1,0,0,1,0,1,0,0,0,0,0,0,1,0,-0.00056600,-0.00399884,-0.0003376,-0.00399884, 0.00018857,sell
2017-07-31,1,1,0,0,4,0,2,0,0,1,0,0,0,0,0,1,1,0,1,1,1,0,0,0,0,1,0,0,1,0,1,0,0,0,0,0,0,1,0,-0.00056526,-0.00102328,-0.0005653,-0.00056526,-0.00028054,buy
2017-08-01,0,0,1,0,1,2,1,1,0,1,0,0,0,0,0,1,1,0,0,1,0,0,1,1,0,1,0,0,0,0,0,0,0,0,0,0,0,1,0,-0.00035984, 0.00225732, 0.0009802, 0.00075053, 0.00082872,buy
2017-08-02,2,1,0,0,2,0,1,2,0,1,0,0,0,0,0,1,1,1,1,1,0,1,1,1,0,1,0,0,0,0,0,0,0,0,0,0,0,0,0,-0.00070286, 0.00082332, 0.0003975, 0.00112152, 0.00133157,buy
2017-08-03,1,2,1,0,2,0,1,0,0,1,0,0,0,0,0,1,1,1,0,1,1,1,1,0,0,0,1,0,0,0,0,0,0,0,0,0,0,0,0, 0.00363949, 0.00362688, 0.0027736, 0.00389419, 0.00362688,buy
2017-08-04,2,0,3,0,1,0,0,0,0,1,0,0,0,0,0,1,0,1,0,0,0,1,1,1,0,0,1,0,0,0,0,0,0,0,0,0,0,0,0, 0.00447263, 0.00394396, 0.0037249, 0.00403292, 0.00444920,buy
2017-08-05,0,1,3,0,2,0,1,1,0,1,0,0,0,0,0,1,1,1,1,1,1,1,0,1,0,0,1,0,0,0,0,0,0,0,0,0,0,0,0, 0.00495155, 0.00495155, 0.0039951, 0.00495155, 0.00584272,buy
2017-08-06,0,1,1,0,1,2,1,1,0,1,0,0,0,0,0,1,0,0,1,0,1,0,1,1,0,0,1,0,0,0,0,0,0,0,0,0,0,0,1, 0.00180515, 0.00157217, 0.0018052, 0.00180515, 0.00150898,buy
2017-08-07,1,0,3,2,3,1,1,0,0,1,0,0,0,0,0,1,1,1,1,1,1,1,0,1,0,0,1,1,0,0,0,0,0,0,0,0,0,0,1, 0.00341697, 0.00494265, 0.0024330, 0.00364648, 0.00318908,buy
2017-08-08,1,0,1,0,2,1,4,0,0,1,0,0,0,0,0,1,1,0,0,2,1,0,1,0,1,0,0,1,0,0,0,0,0,0,0,0,0,0,1, 0.00131440, 0.00160329, 0.0016033, 0.00131440, 0.00160329,buy
2017-08-09,0,1,2,1,1,2,2,0,0,1,0,0,0,0,0,1,1,1,1,1,0,0,1,1,1,0,0,1,0,0,0,0,0,0,0,0,0,0,1, 0.00759616, 0.00369563, 0.0024024, 0.00813554, 0.00405380,buy
2017-08-10,1,0,4,0,2,1,3,1,0,1,0,0,0,0,0,1,1,1,1,1,1,1,1,0,1,0,0,1,0,0,0,0,1,1,0,0,0,0,1,-0.00434210,-0.00519459,-0.0056657,-0.00434210,-0.00250067,sell
2017-08-11,2,3,2,1,2,0,2,0,0,0,1,0,0,0,1,1,0,1,0,0,0,1,1,1,1,0,0,1,1,0,0,0,1,1,0,0,0,0,1,-0.00690250,-0.00604809,-0.0064792,-0.00017690,-0.00723145,sell
2017-08-12,5,1,1,2,2,0,2,1,0,0,1,0,0,0,1,1,1,1,1,1,1,1,0,1,1,0,0,0,1,0,0,0,1,1,0,0,0,0,1,-0.00780939,-0.00794096,-0.0078798,-0.00549102,-0.00780939,sell
2017-08-13,2,3,0,2,1,1,1,0,0,0,1,0,0,0,1,1,0,0,1,0,1,0,1,1,1,0,0,0,1,0,0,0,1,1,1,0,0,0,0,-0.00444751,-0.00254584,-0.0050830, 0.00575811,-0.00407199,sell
2017-08-14,3,2,2,2,1,0,1,2,0,0,1,0,0,0,1,1,1,1,1,1,2,1,0,1,0,0,0,0,1,0,0,0,1,0,1,0,0,0,0,-0.00400090,-0.00540689,-0.0039595,-0.00400090,-0.00471282,sell
2017-08-15,1,3,1,2,2,0,0,2,0,0,1,0,0,0,1,1,1,0,0,1,1,1,1,0,0,0,0,0,1,0,0,1,1,0,1,0,0,0,0,-0.00090422,-0.00194288,-0.0015135,-0.00105746,-0.00200111,sell
2017-08-16,1,1,1,2,1,1,1,3,0,0,0,0,0,0,0,0,2,1,1,1,1,0,1,1,0,0,0,0,0,0,0,1,1,0,1,0,0,0,0, 0.00247773, 0.00343021, 0.0023019,-0.00160761, 0.00230194,buy
2017-08-17,1,0,1,2,1,1,2,1,0,0,0,0,0,0,0,0,1,1,0,0,1,1,1,0,0,0,0,0,0,0,0,1,1,0,1,1,0,0,0, 0.00238855, 0.00238855, 0.0023886, 0.00095150, 0.00238855,buy
2017-08-18,1,0,1,1,1,2,1,2,0,0,0,0,0,0,0,0,1,2,1,1,0,1,0,1,0,0,0,0,0,0,0,1,0,0,0,1,0,0,0,-0.00287907,-0.00365984,-0.0029961,-0.00450685,-0.00450685,sell
2017-08-19,1,1,2,1,2,1,0,3,0,0,0,0,0,0,0,0,1,1,1,1,1,1,1,1,0,0,0,0,0,1,0,1,0,0,0,1,0,0,0,-0.00106492,-0.00094199,-0.0010649,-0.00128723,-0.00271670,sell
2017-08-20,1,1,3,0,1,0,0,0,0,0,0,0,0,0,0,0,0,0,1,1,1,0,0,1,0,0,0,0,0,1,0,0,0,0,0,1,0,0,0, 0.00024644, 0.00121168, 0.0007114, 0.00031053, 0.00053495,buy
2017-08-21,3,1,1,0,1,0,1,0,0,0,0,0,0,0,0,0,1,1,0,2,1,1,1,1,0,0,0,0,0,1,0,0,0,0,0,0,0,0,0,-0.00379715,-0.00352388,-0.0039401,-0.00366050,-0.00378934,sell
2017-08-22,2,2,0,1,0,2,0,0,1,0,0,0,0,0,0,0,1,0,1,2,0,0,1,1,0,0,0,0,0,1,0,0,0,0,0,0,0,0,0,-0.00242637,-0.00159985,-0.0022421,-0.00242637,-0.00246051,sell
2017-08-23,2,2,1,0,2,1,0,2,1,0,0,0,0,0,0,0,1,1,0,1,1,0,1,1,0,0,0,1,0,1,0,0,0,1,0,0,0,1,0,-0.00254054,-0.00612638,-0.0025405,-0.00255044,-0.00255479,sell
2017-08-24,0,2,2,0,1,2,0,1,1,0,0,0,0,0,0,0,0,1,1,0,0,1,1,0,0,0,0,1,0,0,0,0,0,1,0,0,0,1,0,-0.00515137,-0.00082843,-0.0025588,-0.00543116,-0.00086308,sell
2017-08-25,0,2,1,0,1,2,2,2,1,0,0,0,0,1,0,0,1,1,1,1,1,1,0,1,0,0,0,1,0,0,0,0,0,1,0,0,0,1,0, 0.00084347, 0.00097465, 0.0006476, 0.00097465, 0.00119038,buy
2017-08-26,0,4,0,1,0,3,2,1,1,0,0,1,0,1,0,0,0,1,1,0,1,1,1,1,0,0,0,1,0,0,0,0,0,1,0,0,0,1,0, 0.00070613, 0.00040544, 0.0014688, 0.00070130, 0.00145106,buy
2017-08-27,1,2,0,0,2,2,2,0,0,0,0,1,0,1,0,0,1,0,1,1,2,0,0,1,1,0,0,1,0,0,0,0,0,0,0,0,0,0,0,-0.00127007,-0.00753817, 0.0014129,-0.00558654, 0.00084241,sell
2017-08-28,0,1,1,0,2,3,1,1,0,0,0,1,0,0,0,0,1,1,0,1,1,0,1,1,1,0,0,0,0,0,0,0,0,0,0,0,0,0,1,-0.00397870,-0.00038638,-0.0039792,-0.00397870,-0.00389710,sell
2017-08-29,0,3,0,0,0,4,0,2,0,0,0,1,0,0,0,0,1,0,1,1,0,1,1,0,1,0,0,0,0,0,0,0,0,0,0,1,0,0,1,-0.00319533,-0.00216569,-0.0031953,-0.00093434,-0.00230443,sell
2017-08-30,1,3,0,0,1,2,1,2,0,0,0,1,0,0,0,0,1,1,1,1,1,0,1,1,1,0,0,0,0,0,0,0,0,0,0,1,0,0,1,-0.00423830,-0.00333001,-0.0041798,-0.00372710,-0.00368646,sell
2017-08-31,4,2,0,0,1,2,0,0,0,0,0,1,0,0,1,0,0,1,0,0,0,1,1,0,1,0,0,0,0,0,0,0,0,0,0,1,1,0,1,-0.00324352,-0.00635569,-0.0032435, 0.00351368,-0.00452510,sell
2017-09-01,2,2,0,0,2,2,1,0,0,1,0,0,0,0,1,0,0,1,1,1,1,1,0,0,1,0,0,0,0,0,0,0,0,0,0,1,1,0,1, 0.00188897, 0.00125971, 0.0020589, 0.00168419,-0.00389177,buy
2017-09-02,2,2,1,0,2,2,0,2,0,1,0,0,0,0,1,0,1,1,1,0,1,1,1,1,0,0,0,0,0,0,0,0,0,0,0,1,1,0,1,-0.00137636,-0.00408850,-0.0030735,-0.00173941,-0.00263457,sell
2017-09-03,1,2,1,1,2,2,0,0,0,1,0,0,0,0,1,0,0,0,1,0,1,1,0,1,0,0,1,0,0,1,0,0,0,0,0,0,1,0,1,-0.00028564,-0.00044375,-0.0000418,-0.00028564,-0.00123752,sell
2017-09-04,2,1,2,1,3,0,2,0,0,1,0,0,0,0,1,0,1,0,1,1,1,0,1,1,0,0,1,0,0,1,0,0,0,1,0,0,1,0,0, 0.00120677,-0.00271631,-0.0002108, 0.00024086, 0.00053494,sell
2017-09-05,1,2,1,2,1,1,1,0,0,1,0,0,0,0,1,0,1,1,0,1,0,0,1,0,0,0,1,0,0,1,0,0,0,1,0,0,1,0,0,-0.00010496,-0.00172348,-0.0011218,-0.00102072, 0.00126180,sell
2017-09-06,1,1,2,3,1,1,1,1,0,1,0,0,0,0,1,0,1,0,1,1,1,1,1,1,0,0,1,0,0,1,0,0,0,1,0,0,1,0,0, 0.00046814,-0.00355327,-0.0021732,-0.00245419,-0.00315469,sell
2017-09-07,2,1,4,2,2,0,0,1,0,0,0,0,0,0,1,0,1,1,0,0,1,0,1,1,0,0,1,1,0,1,0,0,0,1,1,0,1,0,0,-0.00213531,-0.00413556,-0.0019994,-0.00235189,-0.00306091,sell
2017-09-08,3,1,2,0,2,0,0,1,0,0,0,0,0,0,1,0,0,1,1,1,1,1,0,0,0,0,0,1,0,0,0,0,0,0,1,0,1,0,0, 0.00224076, 0.00276931, 0.0025811, 0.00635576, 0.00255504,buy
2017-09-09,4,1,2,1,1,1,0,0,0,0,0,0,0,0,1,0,1,1,1,0,1,1,1,1,0,0,0,1,0,0,0,0,0,0,1,0,1,0,0, 0.00461145, 0.00441224, 0.0037433, 0.00608441, 0.00493339,buy
2017-09-10,5,4,1,0,1,0,1,0,0,0,0,1,0,0,1,0,0,1,1,1,1,2,0,1,0,0,0,1,0,0,0,0,0,0,1,0,1,0,0, 0.00134993, 0.00054341, 0.0021879, 0.00407337, 0.00085145,buy
2017-09-11,5,2,2,0,2,0,0,0,0,0,0,1,0,0,0,0,1,0,0,2,1,1,1,1,0,0,0,1,0,0,0,0,0,0,0,1,1,0,0, 0.00435027, 0.00425242, 0.0043682, 0.00979964, 0.00435027,buy
2017-09-12,1,3,1,0,1,1,0,3,0,0,0,1,0,0,0,0,1,1,1,2,0,0,1,0,0,0,0,0,1,0,0,0,0,0,0,1,1,0,0,-0.00204004,-0.00170476,-0.0017291,-0.00234546,-0.00199364,sell
2017-09-13,2,1,1,1,1,0,2,3,0,1,0,1,0,0,0,0,1,0,0,1,1,1,1,1,0,0,0,0,1,0,0,1,0,0,0,1,1,0,0,-0.00464855,-0.00469382,-0.0046938,-0.00364092,-0.00520980,sell
2017-09-14,2,1,0,0,1,0,2,1,0,1,0,1,0,0,0,0,0,1,1,0,0,0,0,0,0,0,0,0,1,0,0,1,0,0,0,1,1,0,0,-0.00508268,-0.00387163,-0.0071697,-0.00666142,-0.00670301,sell
2017-09-15,0,1,1,1,2,1,3,3,0,1,0,0,0,0,0,0,1,1,1,1,1,1,1,1,1,0,0,0,1,0,0,1,0,0,0,0,1,0,0,-0.00184699,-0.00436105,-0.0060454,-0.00436105,-0.00436105,sell
2017-09-16,1,2,1,0,3,2,2,2,0,1,0,0,0,0,0,0,0,1,2,0,1,1,1,2,1,0,0,0,1,0,0,1,0,0,0,0,1,1,0,-0.00613630,-0.00679020,-0.0058654,-0.00679020,-0.00679020,sell
2017-09-17,3,0,2,0,3,2,2,0,1,1,0,0,0,0,0,0,1,0,1,1,1,1,1,1,1,0,0,0,0,0,0,1,0,0,0,0,1,1,0, 0.00129514, 0.00144738, 0.0014474, 0.00184612, 0.00158501,buy
2017-09-18,2,1,1,1,4,2,1,0,1,1,1,0,0,0,0,0,2,1,0,1,0,1,1,1,1,0,0,0,0,1,0,0,0,0,0,0,0,1,1,-0.00347317,-0.00498890,-0.0034732,-0.00357109,-0.00357109,sell
2017-09-19,2,3,1,2,3,2,0,1,1,1,1,0,0,0,1,0,2,0,1,1,1,0,1,0,1,0,0,0,0,1,0,0,0,0,1,0,0,1,1,-0.00244093,-0.00593745,-0.0027452,-0.00236033,-0.00244093,sell
2017-09-20,0,2,2,1,3,1,0,0,1,0,1,0,0,0,1,0,1,0,0,0,0,1,1,1,1,0,0,0,0,1,0,0,0,0,1,0,0,0,1,-0.00124748,-0.00445354,-0.0010281,-0.00124748,-0.00102811,sell
2017-09-21,1,2,2,1,2,0,1,1,0,0,1,1,0,0,1,0,0,1,1,1,1,0,0,0,0,0,0,0,0,1,0,0,0,0,1,0,0,0,1, 0.00066100, 0.00056507,-0.0006262, 0.00024735, 0.00066348,buy
2017-09-22,1,2,1,1,3,1,1,0,0,0,0,1,0,0,0,0,1,1,1,0,1,1,1,1,0,0,0,0,0,1,0,0,0,0,1,0,0,0,1, 0.00469320, 0.00429359, 0.0045335, 0.00420307, 0.00369359,buy
2017-09-23,2,1,0,0,2,2,2,0,0,0,0,1,0,0,0,0,0,1,1,1,1,1,0,1,0,0,0,0,0,0,1,0,0,0,1,0,0,0,1, 0.00014245, 0.00014245, 0.0011930, 0.00119299,-0.00177251,buy
2017-09-24,0,0,1,0,3,2,1,1,0,0,0,0,1,0,0,0,1,0,0,1,1,1,1,1,0,0,0,0,0,0,1,0,0,0,0,0,0,0,1, 0.00438818, 0.00403233, 0.0036459, 0.00631791, 0.00384430,buy
2017-09-25,0,0,1,0,1,1,2,1,0,0,0,0,1,0,0,0,1,0,0,1,0,1,1,1,0,0,0,0,0,0,1,0,0,0,0,0,0,0,0, 0.00027751, 0.00048386,-0.0019501,-0.00403035, 0.00026792,buy
2017-09-26,0,1,0,0,1,1,0,3,0,0,0,0,1,0,0,0,1,1,1,1,1,0,1,0,0,0,0,0,0,0,1,0,0,0,0,0,0,0,0,-0.00347778,-0.00381330,-0.0013916,-0.00474954,-0.00376778,sell
2017-09-27,1,0,1,0,1,0,1,2,1,0,0,0,0,0,1,0,1,0,0,0,1,1,1,1,0,0,0,0,0,0,1,0,0,0,0,0,0,0,0, 0.00089376, 0.00091756,-0.0010983, 0.00089376, 0.00163274,buy
2017-09-28,1,1,1,1,1,1,1,2,1,0,0,0,0,0,1,0,0,1,1,1,0,1,0,1,0,0,0,0,0,0,1,1,0,1,0,0,0,1,0, 0.00146425, 0.00065867, 0.0006587, 0.00039670, 0.00135287,buy
2017-09-29,1,1,1,1,2,2,0,2,1,0,0,0,0,0,1,0,1,1,1,1,1,0,1,0,0,0,0,0,0,0,1,1,0,1,0,0,0,1,0, 0.00194039, 0.00155463, 0.0015546, 0.00263539, 0.00436776,buy
2017-09-30,2,2,0,1,0,3,0,2,0,0,0,0,0,0,0,0,1,1,1,0,1,1,1,1,0,0,0,0,0,0,1,1,0,1,0,0,0,1,0,-0.00260583,-0.00385366,-0.0049234,-0.00420233, 0.00229812,sell
2017-10-01,1,2,1,1,2,1,1,0,0,0,0,0,0,0,0,0,0,1,1,1,1,1,0,1,0,0,0,0,0,0,1,1,0,1,0,0,0,1,0, 0.00153132,-0.00162183, 0.0014870,-0.00077463,-0.00012752,sell
2017-10-02,2,2,0,0,0,2,2,0,0,0,0,0,0,0,0,0,1,0,0,1,1,1,1,1,0,0,0,0,0,0,0,1,1,0,1,0,0,0,0, 0.00044639, 0.00074734, 0.0007473, 0.00036990,-0.00073915,buy
2017-10-03,1,1,3,1,0,1,1,0,0,0,0,0,0,0,0,1,1,1,1,1,0,1,1,1,0,0,1,0,0,0,0,0,1,0,1,0,0,0,0, 0.00299890, 0.00472122, 0.0038995, 0.00243672, 0.00460753,buy
2017-10-04,1,0,2,1,1,0,1,1,0,0,0,0,0,0,0,1,1,1,0,1,1,0,1,0,0,0,1,0,0,0,0,0,1,0,1,0,0,0,0, 0.00588212, 0.00493408, 0.0049341, 0.00734234, 0.00480688,buy
2017-10-05,1,0,2,2,1,0,0,1,0,0,1,0,0,0,0,1,0,0,1,1,0,1,0,1,0,0,1,0,0,0,0,0,1,0,1,0,0,0,0, 0.00140420, 0.00184934, 0.0018493, 0.00274097, 0.00184934,buy
2017-10-06,1,0,3,1,0,1,0,2,0,0,1,0,0,1,0,1,1,1,1,1,1,0,1,0,0,0,1,0,0,0,0,0,1,0,0,1,0,0,0, 0.00199013, 0.00306207, 0.0031314, 0.00306238, 0.00242504,buy
2017-10-07,0,2,4,1,0,0,1,1,0,0,1,0,0,1,0,0,1,1,1,0,1,1,0,1,0,0,1,0,0,0,0,0,1,0,0,1,0,0,0, 0.00159175, 0.00159175, 0.0015917, 0.00073786,-0.00276263,buy
2017-10-08,2,1,3,0,1,0,0,3,0,0,0,1,0,1,0,0,1,1,0,1,1,1,1,1,0,0,0,1,0,0,0,0,1,0,0,1,0,0,0, 0.00017429, 0.00017429, 0.0001743, 0.00084223,-0.00072463,buy
2017-10-09,1,2,1,0,1,1,0,4,0,0,0,1,0,1,0,0,1,0,1,1,0,1,2,1,0,0,0,1,0,0,0,0,1,0,0,1,0,0,0, 0.00003048,-0.00001798,-0.0009559, 0.00020446,-0.00260940,sell
2017-10-10,1,1,2,1,0,1,1,5,0,0,0,1,0,1,0,0,1,1,1,1,1,1,2,0,0,0,0,1,0,0,0,0,0,0,0,1,0,1,0, 0.00143855, 0.00103016, 0.0010302, 0.00146680,-0.00083954,buy
2017-10-11,2,0,1,0,0,0,2,2,0,0,0,0,1,1,0,0,1,0,1,0,0,0,1,1,0,0,0,1,0,0,0,0,0,0,0,0,0,1,0, 0.00015947, 0.00014937,-0.0003399, 0.00015947, 0.00079179,buy
2017-10-12,1,1,2,1,1,0,2,4,0,1,0,0,1,0,0,0,0,1,2,1,1,1,1,1,0,0,0,1,0,0,0,0,0,0,0,0,0,1,0,-0.00947348,-0.00341181,-0.0036751,-0.00389950,-0.00891251,sell
2017-10-13,0,2,1,0,2,1,1,2,0,1,0,0,1,0,0,0,1,1,1,0,1,0,1,0,0,0,0,0,0,0,0,1,0,0,0,0,0,1,0,-0.00318875,-0.00189536,-0.0025133,-0.00203437,-0.00140837,sell
2017-10-14,1,2,2,1,3,1,4,0,0,1,1,0,1,0,1,0,0,2,1,1,2,1,0,1,0,0,0,0,1,0,0,1,0,0,0,0,0,0,0,-0.00243178,-0.00002003,-0.0024318,-0.00005171,-0.00074596,buy
2017-10-15,2,2,0,1,3,2,3,0,0,1,1,0,0,0,1,0,1,1,0,1,1,2,1,1,0,0,0,0,1,0,0,1,0,0,0,0,0,0,0,-0.00462706,-0.00311597,-0.0038023,-0.00444037,-0.00462706,sell
2017-10-16,1,2,0,2,2,2,1,0,1,0,1,0,0,0,1,0,1,0,1,1,0,1,1,1,0,0,0,0,1,0,0,1,0,0,0,0,0,0,0,-0.00043078, 0.00104746,-0.0017409, 0.00022145,-0.00147487,buy
2017-10-17,0,0,1,1,3,0,1,1,1,0,0,0,0,0,0,0,1,1,0,0,1,1,1,0,0,0,0,0,1,1,0,1,0,0,0,0,0,0,0,-0.00057913,-0.00057913,-0.0005791,-0.00113119,-0.00113119,buy
2017-10-18,0,1,1,1,2,0,1,1,1,0,0,0,0,0,0,0,1,0,1,1,0,0,0,1,0,1,1,0,1,1,0,0,0,0,0,0,0,0,0, 0.00222922, 0.00216054, 0.0029526, 0.00223947, 0.00219701,buy
2017-10-19,0,2,0,2,2,0,1,1,1,0,0,0,0,0,0,0,0,1,1,1,1,1,1,1,0,1,1,0,0,1,0,0,0,0,0,0,0,0,0,-0.00475090,-0.00268168,-0.0020499,-0.00380639,-0.00204995,sell
2017-10-20,1,1,0,1,2,1,0,0,0,0,0,0,0,0,0,0,1,1,1,0,1,0,0,0,0,1,1,0,0,1,0,0,0,0,0,0,0,0,0,-0.00013277,-0.00008621,-0.0008379, 0.00084966,-0.00226771,sell
2017-10-21,1,1,0,1,3,2,1,0,0,0,0,0,1,0,0,0,0,1,1,1,1,0,0,1,0,1,1,0,0,1,0,0,0,0,0,0,0,0,0,-0.00097114,-0.00116981,-0.0009641, 0.00006393,-0.00256115,sell
2017-10-22,0,0,2,0,4,3,1,0,0,0,0,0,1,0,0,0,1,1,0,1,1,1,1,1,0,1,0,0,0,0,0,0,0,1,0,0,0,0,0,-0.00384252,-0.00140153,-0.0025792,-0.00358760,-0.00541824,sell
2017-10-23,1,1,1,0,2,3,1,1,0,0,1,0,1,0,0,0,1,0,1,1,0,1,1,1,0,1,0,0,0,0,0,0,0,1,0,0,0,0,0, 0.00397327, 0.00370978, 0.0023482,-0.00137607, 0.00217924,buy
2017-10-24,2,0,1,0,2,2,1,1,0,0,1,0,1,0,0,0,1,1,0,1,1,0,1,1,1,1,0,0,0,0,0,0,0,1,0,0,0,0,0,-0.00567795, 0.00112922,-0.0009420, 0.00016975, 0.00112922,buy
2017-10-25,1,0,1,0,1,0,3,1,0,0,1,0,0,0,0,0,1,1,1,0,0,1,0,0,1,1,0,0,0,0,0,0,0,1,0,0,0,0,0,-0.00493195,-0.00335954,-0.0063852,-0.00335954,-0.00128576,sell
2017-10-26,0,0,0,0,2,0,2,2,0,0,0,1,0,0,0,0,0,0,1,1,1,0,0,1,1,1,0,0,0,0,0,0,0,0,1,0,0,0,0,-0.00435187,-0.00435775,-0.0043930,-0.00439297,-0.00445871,sell
2017-10-27,1,0,0,0,2,2,1,4,0,1,0,1,0,0,0,0,1,1,1,0,1,1,1,0,1,1,0,0,0,0,0,0,0,0,1,0,0,0,0,-0.00064953, 0.00199213,-0.0003491,-0.00101612, 0.00092626,buy
2017-10-28,0,1,0,0,3,2,1,3,0,1,0,1,0,0,0,0,1,1,1,1,1,1,0,0,1,1,0,0,0,0,0,0,0,0,1,0,0,0,0,-0.00137216,-0.00104221,-0.0012481,-0.00173117, 0.00177543,buy
2017-10-29,1,1,0,0,3,1,3,1,0,1,0,1,0,0,0,1,0,1,0,1,1,0,1,1,1,1,0,0,0,0,0,0,0,0,1,0,0,0,1,-0.00182407,-0.00191143,-0.0017204,-0.00136819,-0.00096281,sell
2017-10-30,2,1,1,0,1,4,0,0,0,1,0,0,0,0,0,1,1,1,1,1,0,1,1,1,0,0,0,0,1,0,0,0,0,0,0,0,0,0,1, 0.00329331, 0.00317183, 0.0039187, 0.00329331, 0.00023147,buy
2017-10-31,0,2,1,0,3,3,1,1,0,1,0,0,1,0,0,1,1,0,1,1,1,1,2,1,0,0,0,0,1,0,0,0,0,0,0,0,0,0,1, 0.00248470, 0.00319503, 0.0021342, 0.00229734, 0.00065912,buy
2017-11-01,1,0,3,1,3,1,1,1,0,0,0,0,1,0,1,1,1,1,0,0,1,1,1,0,0,0,1,0,1,0,0,0,0,0,0,1,0,0,1, 0.00224788, 0.00210527, 0.0034390, 0.00355695, 0.00340194,buy
2017-11-02,2,0,2,2,3,1,1,1,0,0,0,0,1,0,1,1,0,0,1,1,1,1,0,1,0,0,1,0,1,0,0,0,0,0,0,1,0,1,1, 0.00315857, 0.00009901, 0.0046715, 0.00473763, 0.00526126,buy
2017-11-03,2,2,2,3,1,2,1,0,0,0,0,0,1,0,1,0,1,1,1,0,2,0,1,1,0,0,1,0,1,0,0,0,0,1,0,1,0,1,1, 0.00393520, 0.00194692, 0.0055398, 0.00535951, 0.00614658,buy
2017-11-04,2,3,3,2,0,1,2,0,0,0,0,0,0,0,1,0,0,2,1,1,1,1,0,1,0,0,1,0,1,0,0,0,0,1,0,1,0,1,1, 0.00360976, 0.00252352, 0.0048627, 0.00477089, 0.00562969,buy
2017-11-05,2,4,3,1,1,1,1,0,0,0,0,1,0,0,0,0,1,2,0,1,1,0,1,2,0,0,1,0,0,0,0,0,0,1,0,1,0,1,0, 0.00329284, 0.00364442, 0.0036444, 0.00304661, 0.00387066,buy
2017-11-06,1,3,2,0,0,2,0,1,0,0,0,1,0,0,0,0,1,1,1,1,0,1,1,1,0,0,0,0,0,0,0,0,0,1,0,0,0,0,0, 0.00111062, 0.00160422, 0.0015003,-0.00090088, 0.00136736,buy
2017-11-07,2,1,0,1,0,1,2,0,0,0,0,1,0,0,0,0,1,0,0,0,1,1,1,1,0,0,0,1,0,0,0,0,0,0,0,0,0,0,0, 0.00188088, 0.00499098, 0.0019389, 0.00184278, 0.00597135,buy
2017-11-08,3,0,0,1,1,1,1,1,1,0,0,1,0,0,0,0,1,1,1,1,0,1,0,0,0,0,0,1,0,0,0,0,0,0,0,0,0,0,0, 0.00487649,-0.00029141,-0.0010503,-0.00030562,-0.00029141,buy
2017-11-09,0,1,1,0,1,0,1,3,1,0,0,0,0,0,0,0,1,0,1,0,1,0,1,1,0,0,0,1,0,0,0,0,0,0,0,0,0,0,0, 0.00345186,-0.00068644, 0.0000371,-0.00089622,-0.00028845,buy
2017-11-10,0,1,2,0,1,0,2,2,1,0,0,0,0,0,0,0,1,1,1,1,1,1,0,0,0,0,0,1,0,0,0,0,0,0,0,0,0,0,0,-0.00963940,-0.00676905,-0.0090437,-0.00621394,-0.00692926,sell
2017-11-11,2,2,0,0,1,1,2,1,1,0,0,0,0,0,1,0,0,1,0,1,1,1,1,1,0,0,0,1,0,0,0,1,0,0,0,0,0,0,0,-0.00720310,-0.00705532,-0.0073476,-0.00384782,-0.00934071,sell
2017-11-12,1,3,0,1,2,1,1,1,1,0,1,0,0,0,1,0,1,1,1,2,0,0,1,1,0,0,0,0,0,0,0,1,0,0,0,0,0,0,0, 0.00057555, 0.00051339,-0.0000210,-0.00055504, 0.00051706,buy
2017-11-13,1,1,1,0,1,1,1,2,0,0,1,0,0,0,1,0,1,0,0,1,1,1,1,1,0,0,0,0,0,0,0,1,0,0,0,0,0,0,0,-0.00567237,-0.00555139,-0.0061184,-0.00557010,-0.00592276,sell
2017-11-14,0,1,1,0,2,3,1,1,0,1,1,0,0,0,1,1,1,0,1,0,0,1,0,1,0,0,0,0,0,0,0,1,0,0,0,1,0,0,0,-0.00067597,-0.00452370, 0.0022268, 0.00152701,-0.00074262,sell
2017-11-15,1,1,2,1,1,2,2,2,0,1,1,0,0,0,0,1,0,1,2,1,1,1,1,0,0,0,0,0,0,1,0,1,0,1,0,1,0,0,0, 0.00018143, 0.00023365, 0.0002336,-0.00096932,-0.00099054,buy
2017-11-16,1,1,1,1,3,2,2,0,0,1,0,1,0,0,0,1,1,0,1,0,1,1,1,1,0,0,0,0,1,1,0,0,0,1,0,1,0,0,0,-0.00020800,-0.00104558,-0.0011758,-0.00087615,-0.00087615,buy
2017-11-17,2,0,1,0,3,3,2,0,0,1,0,1,0,0,0,1,1,1,1,1,1,0,0,0,0,0,0,0,1,1,0,0,0,1,0,1,0,0,0,-0.00219324,-0.00368503,-0.0026090,-0.00322952,-0.00389394,sell
2017-11-18,1,0,2,0,4,4,1,0,0,1,0,1,0,0,0,1,0,1,0,1,1,1,1,1,0,0,0,0,1,1,0,0,0,1,0,1,0,0,0, 0.00202041,-0.00164141,-0.0043177,-0.00164141,-0.00223137,sell
2017-11-19,0,1,1,0,4,3,2,1,0,1,0,1,0,0,0,1,1,1,1,1,0,0,1,1,0,0,0,0,1,1,0,0,0,0,1,0,0,0,0, 0.00023136, 0.00239754,-0.0001649, 0.00014092,-0.00194623,buy
2017-11-20,1,0,0,0,4,2,3,0,0,1,0,1,0,0,0,0,1,1,0,1,1,0,1,1,0,0,0,0,1,0,0,0,1,0,1,0,0,0,0, 0.00007061, 0.00293602, 0.0000706, 0.00060118,-0.00007064,buy
2017-11-21,1,0,0,0,2,0,3,0,0,0,0,0,0,0,0,0,1,0,0,0,1,1,1,1,0,0,0,0,0,0,0,0,1,0,1,0,0,0,0, 0.00091722, 0.00091681, 0.0002178, 0.00269140, 0.00021777,buy
2017-11-22,0,0,0,0,1,3,3,1,1,0,0,0,0,0,0,0,1,1,1,1,0,1,0,0,0,0,0,1,0,0,0,0,1,0,1,0,0,0,0, 0.00355885, 0.00170797, 0.0020851, 0.00192905,-0.00171653,buy
2017-11-23,1,0,0,0,2,3,2,2,1,0,0,0,0,0,1,0,0,1,1,0,1,1,1,0,0,0,0,1,0,0,0,0,1,0,1,0,0,0,0, 0.00081107, 0.00125520, 0.0011560, 0.00030044,-0.00147507,buy
2017-11-24,1,0,0,0,3,3,1,2,1,0,0,0,0,0,1,0,1,0,1,0,1,1,0,1,0,0,0,1,0,0,1,0,1,0,0,0,0,0,0,-0.00068445,-0.00053776, 0.0005973,-0.00039514,-0.00146674,sell
2017-11-25,2,0,1,0,3,3,2,0,1,0,0,0,1,0,1,0,0,1,0,1,2,0,1,0,0,0,0,1,0,0,1,0,1,0,0,0,0,1,0,-0.00245215, 0.00332148,-0.0020950,-0.00292508,-0.00254742,sell
2017-11-26,2,1,1,0,2,3,2,1,1,0,0,0,1,0,1,0,0,1,0,1,1,1,1,1,0,0,0,1,0,0,1,0,1,0,0,0,0,1,0,-0.00019885, 0.00459246, 0.0031121, 0.00272187,-0.00284260,buy
2017-11-27,2,2,1,0,2,3,1,0,1,0,0,0,1,0,1,0,1,1,1,1,0,0,1,1,0,1,0,0,0,0,1,0,0,0,0,1,0,1,0, 0.00026223,-0.00383646,-0.0012716,-0.00208860,-0.00712541,sell
2017-11-28,0,2,2,0,3,2,0,1,1,0,0,0,1,0,0,0,1,1,0,0,1,0,1,1,0,1,0,0,0,0,1,0,0,0,0,1,0,1,0, 0.00222872, 0.00206777, 0.0024305,-0.00041667,-0.00042637,buy
2017-11-29,1,0,3,0,3,1,0,1,0,0,0,0,1,0,0,0,1,0,1,1,0,1,0,1,0,1,0,0,0,0,1,0,0,0,0,1,0,1,0, 0.00559689, 0.00555512, 0.0045106, 0.00365396, 0.00723628,buy
2017-11-30,1,2,0,1,2,2,0,1,0,0,0,0,1,0,0,0,0,1,1,1,1,1,1,0,0,1,0,0,0,1,1,0,0,0,0,1,0,0,0,-0.00275577,-0.00417615,-0.0013091,-0.00415216,-0.00578561,sell
2017-12-01,1,2,1,2,3,1,1,1,0,0,0,0,1,0,0,0,1,0,1,1,1,1,0,1,1,1,1,0,0,1,1,0,0,0,0,1,0,0,0,-0.00151720,-0.00151720,-0.0000366,-0.00151720, 0.00729754,sell
2017-12-02,1,2,2,0,3,2,0,1,0,0,0,0,1,0,0,0,0,1,0,2,1,0,1,0,1,1,1,0,0,1,1,0,0,0,1,0,0,0,0, 0.00064673, 0.00064673,-0.0006056, 0.00165537, 0.00091559,buy
2017-12-03,0,3,3,1,1,3,0,2,0,0,0,0,1,0,0,0,1,1,1,2,0,1,1,1,1,1,1,0,0,1,0,0,0,0,1,0,0,0,0,-0.00007857,-0.00036108, 0.0002134, 0.00057195, 0.00002758,buy
2017-12-04,1,2,1,1,1,2,2,1,0,1,0,0,1,0,0,0,1,1,0,1,1,0,1,1,1,1,1,0,0,0,0,0,0,0,1,0,0,0,0,-0.00355034,-0.00319644,-0.0003845, 0.00090359,-0.00063357,sell
2017-12-05,3,0,1,1,1,3,1,1,1,1,0,0,1,0,0,0,1,0,1,1,0,1,0,1,1,1,1,0,0,0,0,0,0,0,1,0,0,0,0, 0.00483305, 0.00154130, 0.0038661, 0.00386611, 0.00390104,buy
2017-12-06,0,2,1,1,1,2,1,2,1,1,0,0,1,0,0,0,0,1,1,1,1,1,1,0,1,1,0,0,0,0,0,0,0,0,0,0,0,0,0, 0.00333548, 0.00290831, 0.0040393, 0.00296757, 0.00230633,buy
2017-12-07,1,3,1,0,1,3,1,2,1,1,0,0,1,0,0,1,1,0,1,0,1,2,0,1,0,1,0,1,0,0,0,0,0,0,0,0,0,1,0,-0.00036820,-0.00033666, 0.0008260,-0.00036820,-0.00033666,buy
2017-12-08,4,1,1,0,1,3,2,0,1,1,0,0,1,0,1,1,0,1,0,1,1,1,1,0,0,1,0,1,0,0,0,0,0,0,0,0,0,1,0, 0.00027074, 0.00347184, 0.0033792, 0.00053400, 0.00309243,buy
2017-12-09,2,3,0,1,2,3,3,1,1,0,0,0,0,0,1,1,1,2,1,1,1,0,1,1,0,0,0,1,0,0,0,0,0,1,0,0,0,1,1,-0.00244459,-0.00274817,-0.0011866,-0.00270284,-0.00231378,sell
2017-12-10,2,1,1,0,3,4,2,2,0,0,0,0,0,0,1,1,2,1,0,1,0,1,1,2,0,0,0,1,0,0,0,1,0,1,0,0,0,1,1, 0.00270387, 0.00422667, 0.0027039, 0.00330225, 0.00314796,buy
2017-12-11,1,0,1,0,4,2,0,2,0,0,0,0,0,0,1,0,1,1,1,0,1,0,0,1,0,0,0,1,0,0,0,1,0,1,0,0,0,0,1, 0.00384983, 0.00384983, 0.0035198, 0.00384983, 0.00301041,buy
2017-12-12,0,0,1,0,4,0,1,2,0,0,0,0,0,1,0,0,1,0,1,1,0,1,0,1,0,0,0,0,0,0,0,1,0,1,0,0,0,0,1, 0.00541104, 0.00532037, 0.0068672, 0.00520909, 0.00541104,buy
2017-12-13,0,1,0,1,3,0,2,0,0,0,0,1,0,1,0,0,0,1,1,0,1,1,1,0,0,0,0,0,0,0,0,1,0,0,0,0,0,0,1, 0.00345497, 0.00345497, 0.0038174,-0.00090747, 0.00078689,buy
2017-12-14,2,0,0,0,3,4,1,0,0,1,0,1,0,0,0,0,1,0,1,1,1,1,0,1,0,0,0,0,0,1,0,0,1,0,1,0,0,0,1, 0.00131836, 0.00235233, 0.0017270, 0.00142790, 0.00150547,buy
2017-12-15,1,0,1,0,4,2,1,0,0,1,0,1,0,0,0,0,0,0,0,1,1,1,1,0,0,0,0,0,0,1,0,0,1,0,1,0,0,0,0, 0.00264191, 0.00192230, 0.0026090, 0.00266011, 0.00260238,buy
2017-12-16,1,1,0,0,5,3,0,1,0,1,0,1,0,0,0,1,0,1,1,1,1,0,1,0,0,0,0,0,0,1,0,0,1,0,1,0,0,0,0,-0.00042140, 0.00142178,-0.0002191,-0.00054921, 0.00069492,buy
2017-12-17,2,1,0,0,6,2,0,1,1,0,0,0,0,0,0,1,1,1,1,1,0,0,2,1,0,0,0,0,0,1,0,0,1,0,1,0,0,0,0, 0.00211407, 0.00220912, 0.0024492, 0.00394381, 0.00047153,buy
2017-12-18,2,0,0,0,2,3,1,0,1,0,0,0,0,0,0,1,1,1,0,0,1,1,1,1,0,0,0,0,0,1,0,0,1,0,0,0,0,0,0,-0.00230182,-0.00209687,-0.0057076, 0.00030539,-0.00169939,sell
2017-12-19,1,0,0,0,1,2,4,0,1,0,0,0,0,0,0,0,1,1,1,1,0,0,0,1,1,0,0,0,1,0,0,0,1,0,0,0,0,1,0, 0.00311191, 0.00361135, 0.0031119, 0.00501897, 0.00346693,buy
2017-12-20,1,0,0,0,3,3,1,2,1,0,1,0,0,0,0,0,0,0,1,1,1,1,1,1,1,0,0,0,1,0,0,0,1,0,0,0,0,1,0, 0.00225795, 0.00225795, 0.0022579, 0.00225795, 0.00225795,buy
2017-12-21,1,0,0,0,4,1,0,2,1,0,1,0,0,0,0,0,0,1,1,0,1,1,0,0,1,0,0,0,1,0,0,0,0,0,0,0,0,1,0, 0.00161370, 0.00161370, 0.0014728, 0.00202766, 0.00161370,buy
2017-12-22,1,0,0,0,2,3,0,3,0,0,1,0,0,0,0,0,1,0,1,1,1,1,0,1,1,0,0,0,1,0,0,0,0,0,0,0,0,1,0, 0.00036392, 0.00086303, 0.0003144, 0.00043752, 0.00086303,buy
2017-12-23,0,0,0,0,0,3,3,1,0,0,1,0,0,0,0,0,0,0,0,1,1,1,1,0,1,0,0,0,1,0,1,0,0,0,0,0,0,0,0,-0.00186595,-0.00248371,-0.0018150,-0.00318592,-0.00251212,sell
2017-12-24,2,0,0,0,0,5,1,1,0,0,1,0,0,0,0,0,1,1,1,2,0,0,1,0,1,0,0,0,1,0,1,1,0,0,0,1,0,0,0, 0.00294429, 0.00319829, 0.0029208, 0.00321093, 0.00344829,buy
2017-12-25,2,2,0,0,1,2,1,2,0,0,1,0,0,0,0,0,2,1,0,1,1,0,1,1,0,0,0,0,0,0,1,1,0,0,0,1,0,0,0, 0.00124801, 0.00081638, 0.0019710,-0.00323024, 0.00187949,buy
2017-12-26,0,2,1,0,2,2,0,3,1,0,1,0,0,0,0,0,1,1,1,0,1,1,0,1,0,0,0,0,0,0,1,1,0,0,0,1,0,0,0, 0.00291875, 0.00145491, 0.0027535,-0.00160980, 0.00158136,buy
2017-12-27,0,0,3,0,2,3,0,1,1,0,0,0,0,0,0,0,1,1,2,1,0,0,1,1,0,0,0,0,0,0,1,1,0,0,0,1,0,0,0, 0.00544663, 0.00497724, 0.0054466, 0.00488730, 0.00577602,buy
2017-12-28,2,0,0,0,1,3,0,0,1,0,0,0,0,0,0,0,0,0,1,0,1,1,1,0,0,0,0,0,0,0,1,0,0,0,0,0,0,0,1, 0.00033758, 0.00327687, 0.0042899,-0.00074194, 0.00052706,buy
2017-12-29,1,2,0,3,2,2,1,0,1,0,0,0,0,0,0,0,1,1,1,1,1,1,1,1,0,0,0,0,0,0,1,0,0,0,0,0,0,0,1, 0.00432438, 0.00455279, 0.0045528, 0.00585569, 0.00455279,buy
2017-12-30,0,2,2,0,3,3,0,0,1,0,0,1,0,0,0,0,0,0,0,1,1,2,2,0,0,0,0,0,0,0,1,0,0,0,0,0,0,0,1, 0.00378158, 0.00434461, 0.0028197, 0.00654470, 0.00276216,buy
2017-12-31,0,0,5,0,2,3,2,1,1,0,0,1,0,0,0,0,1,1,1,1,0,1,2,1,0,0,1,0,0,0,1,0,0,0,0,0,1,0,1, 0.00363153, 0.00292341, 0.0048166, 0.00498349, 0.00554379,buy
2018-01-01,0,3,1,1,2,1,2,0,1,0,0,1,0,0,0,0,1,1,0,0,1,0,1,2,0,0,1,0,0,0,0,0,0,0,0,0,1,0,1, 0.00260985, 0.00400051, 0.0040638,-0.00198082,-0.00188544,buy
2018-01-02,4,1,0,2,2,1,2,1,1,0,0,1,0,0,0,0,1,1,1,1,0,1,1,2,0,0,1,0,0,0,0,0,0,1,0,0,1,0,1, 0.00357979, 0.00232181,-0.0051062, 0.00046423, 0.00520517,buy
2018-01-03,1,1,1,0,1,1,2,1,0,0,0,1,0,0,0,0,0,0,1,0,1,0,1,1,0,0,1,0,0,0,0,0,0,1,0,0,1,0,1, 0.00031105,-0.00068917, 0.0022479, 0.00069575, 0.00056596,buy
2018-01-04,1,1,3,0,0,0,2,3,0,0,0,0,0,0,0,0,1,1,1,1,1,1,1,1,0,0,1,0,0,0,0,0,0,1,0,0,1,0,0,-0.00091148,-0.00062108,-0.0012448,-0.00050755,-0.00094383,buy
2018-01-05,3,3,0,0,0,0,2,1,0,0,0,0,0,0,1,0,0,0,0,1,1,1,2,1,0,1,0,0,0,0,0,0,0,1,0,0,1,0,0,-0.00140193,-0.00155722,-0.0015572,-0.00155722,-0.00155722,sell
2018-01-06,3,1,0,1,1,0,6,0,0,0,0,0,0,0,1,1,1,1,1,1,0,1,1,0,1,1,0,0,0,0,0,1,1,0,0,0,1,0,0, 0.00123228, 0.00153012, 0.0017678, 0.00165111, 0.00348156,buy
2018-01-07,1,0,1,0,1,2,5,1,0,0,0,0,0,0,1,1,1,1,0,0,1,0,1,1,1,1,0,1,0,0,0,1,1,0,1,0,1,0,0, 0.00167214, 0.00186893, 0.0023168, 0.00205372, 0.00183243,buy
2018-01-08,1,0,1,0,3,1,4,2,0,0,0,0,0,0,1,1,1,1,1,1,0,1,0,1,1,1,0,1,0,0,0,1,1,0,1,0,1,0,0, 0.00132301,-0.00136656,-0.0036576, 0.00085440,-0.00109300,sell
2018-01-09,0,1,0,1,4,0,5,2,0,0,0,0,0,0,0,1,1,1,1,1,1,1,1,1,1,1,0,1,0,0,0,1,1,0,1,0,1,0,0, 0.00175155, 0.00327708, 0.0006213, 0.00327708, 0.00251674,buy
2018-01-10,1,0,0,0,1,0,5,0,0,0,0,0,0,0,0,1,0,0,1,0,1,0,0,0,1,1,0,1,0,0,0,1,1,0,1,0,1,0,0, 0.00170415, 0.00215021, 0.0023412, 0.00202886, 0.00214944,buy
2018-01-11,0,0,1,0,1,1,4,0,0,0,0,0,1,0,0,1,1,1,0,1,1,1,1,0,0,1,0,1,0,0,0,0,1,0,1,0,1,0,0, 0.00268254, 0.00216308, 0.0040263, 0.00073937,-0.00037736,buy
2018-01-12,0,1,1,0,1,3,2,2,1,0,0,0,1,0,0,0,0,0,0,1,1,1,2,1,0,1,0,0,0,1,0,0,1,0,0,0,1,1,0, 0.00112689, 0.00119039, 0.0011269,-0.00223830, 0.00161466,buy
2018-01-13,0,1,0,0,2,2,2,3,1,0,0,0,1,0,0,0,1,0,1,1,0,1,1,0,0,1,0,0,0,1,0,0,1,0,0,0,1,1,0, 0.00032007,-0.00106847,-0.0007681,-0.00520711, 0.00010968,sell
2018-01-14,1,0,0,0,5,2,1,2,1,0,0,0,1,0,0,0,1,1,0,1,1,1,1,1,0,1,0,0,0,1,0,0,0,1,0,0,1,1,0, 0.00430493, 0.00260721, 0.0026883, 0.00102842, 0.00290090,buy
2018-01-15,0,0,0,0,0,7,2,2,1,1,0,0,0,0,0,0,1,1,1,0,1,0,0,1,0,1,1,0,0,1,0,0,0,1,0,0,1,1,0, 0.00065246,-0.00145845, 0.0003710, 0.00022961, 0.00022961,sell
2018-01-16,0,0,0,0,0,4,3,2,0,1,0,0,0,0,0,0,1,1,1,1,0,1,1,1,0,0,1,0,0,1,0,0,0,1,0,0,1,0,0,-0.00207749,-0.00195633,-0.0046058,-0.00207749,-0.00293979,sell
2018-01-17,0,0,0,0,1,4,3,1,0,1,0,0,0,0,0,0,0,1,1,0,1,1,1,1,0,0,1,0,0,0,0,0,0,1,0,0,1,0,1,-0.00193999,-0.00210685,-0.0010598,-0.00251798,-0.00172943,sell
2018-01-18,0,0,0,0,2,3,2,1,0,1,1,0,0,0,0,0,1,0,1,1,1,0,0,0,0,0,1,0,0,0,0,0,0,0,0,0,0,0,1,-0.00579860,-0.00486491,-0.0057986,-0.00529073,-0.00579860,sell
2018-01-19,0,0,0,0,3,3,3,3,0,1,1,0,0,0,0,0,1,1,0,1,1,1,1,1,0,0,1,0,0,0,0,0,0,0,0,1,0,0,1,-0.00431846,-0.00524968,-0.0048218,-0.00446999,-0.00377190,sell
2018-01-20,0,0,0,0,2,3,4,1,0,1,1,0,0,0,0,0,0,0,1,1,1,1,1,1,0,0,0,0,0,0,1,0,0,0,0,1,0,0,1,-0.00461439,-0.00384498,-0.0039033,-0.00461059,-0.00363039,sell
2018-01-21,2,0,0,0,3,1,4,0,0,0,1,0,0,0,0,0,1,1,1,1,0,1,1,0,0,0,0,0,1,0,1,0,0,0,0,1,0,0,1, 0.00066980, 0.00066980, 0.0006698, 0.00058208,-0.00296281,buy
2018-01-22,2,1,0,0,3,1,3,1,0,0,0,0,0,0,0,1,1,1,0,0,1,1,1,1,0,0,0,0,1,0,1,0,0,0,0,1,0,0,1,-0.00170367,-0.00254751,-0.0005622,-0.00171012,-0.00316584,sell
2018-01-23,0,2,1,0,2,1,1,1,0,0,0,1,0,0,0,1,1,1,1,1,0,0,0,1,0,0,0,0,1,0,1,0,0,0,0,0,0,0,0,-0.00154103,-0.00058989,-0.0003332,-0.00058989,-0.00063974,buy
2018-01-24,1,0,2,0,1,2,2,1,1,0,0,1,0,0,0,1,0,1,1,0,1,1,1,1,0,0,0,0,1,0,1,0,0,0,0,0,0,0,0, 0.00046133,-0.00304187, 0.0006384, 0.00166147, 0.00046133,sell
2018-01-25,2,1,1,1,1,1,3,1,1,0,0,1,0,0,0,1,1,0,1,1,2,1,0,1,0,0,0,0,1,0,1,0,0,0,0,0,0,0,0,-0.00282700,-0.00293757,-0.0013477,-0.00134769,-0.00311283,sell
2018-01-26,1,2,1,2,3,1,2,0,1,0,0,1,0,0,0,1,1,1,0,2,2,0,1,0,0,0,0,0,1,0,1,0,0,1,0,0,0,0,0,-0.00252344,-0.00252344,-0.0010379,-0.00271040,-0.00252344,sell
2018-01-27,1,1,2,1,1,1,1,2,0,0,0,0,0,0,1,0,0,0,1,2,1,1,1,1,0,0,0,0,0,0,1,0,0,1,0,0,0,0,0, 0.00150590, 0.00096602, 0.0013980, 0.00131366, 0.00158775,buy
2018-01-28,0,1,3,0,1,1,1,1,0,0,1,0,0,0,1,0,1,1,0,1,0,1,1,0,0,0,0,0,0,0,0,0,0,1,0,0,0,0,0, 0.00032923, 0.00032923, 0.0002259,-0.00110200,-0.00002963,buy
2018-01-29,1,2,3,1,1,1,0,1,0,0,1,0,0,0,1,0,1,2,1,0,1,1,0,1,0,0,0,0,0,0,0,0,0,1,0,0,0,0,0,-0.00368561,-0.00459128,-0.0021388,-0.00772713,-0.00386053,sell
2018-01-30,2,3,0,1,1,1,0,1,0,0,1,0,0,0,0,0,1,2,1,1,0,0,1,1,0,0,1,0,0,0,0,0,0,0,0,0,0,0,0, 0.00018951, 0.00012906,-0.0008142,-0.00187443, 0.00016339,buy
2018-01-31,2,0,2,1,1,1,0,0,0,0,1,0,0,0,0,0,0,1,1,0,1,1,0,1,0,0,1,0,0,0,0,0,0,0,0,0,0,0,0, 0.00265621,-0.00014069,-0.0000259,-0.00287910,-0.00071544,buy
2018-02-01,1,1,1,0,2,1,1,2,0,1,0,0,0,0,0,0,1,1,0,1,1,0,1,0,0,0,1,0,0,0,0,0,0,0,1,1,0,0,0,-0.00363352,-0.00577556,-0.0059114,-0.00106190,-0.00169594,sell
2018-02-02,1,2,1,1,3,1,1,3,0,1,0,0,1,0,0,0,0,1,1,1,1,1,1,1,0,0,1,0,0,0,0,1,0,0,1,1,0,0,0,-0.00589790,-0.00760571,-0.0041745,-0.00289290,-0.00588145,sell
2018-02-03,1,1,1,0,3,1,2,1,0,1,0,0,1,0,0,0,1,0,0,1,0,1,1,0,0,0,1,0,0,0,0,1,0,0,1,1,0,0,0,-0.00728063,-0.00890132,-0.0084542,-0.00649421,-0.00730168,sell
2018-02-04,1,1,1,0,2,2,3,2,0,1,0,0,1,0,0,0,1,1,1,0,1,2,0,1,0,0,0,0,0,0,0,1,0,0,1,1,0,0,0, 0.00542434, 0.00434051, 0.0051406, 0.00470988,-0.00496303,buy
2018-02-05,1,1,1,1,2,2,3,2,0,1,0,0,1,0,0,1,1,1,2,1,0,1,1,1,0,0,0,0,0,0,0,1,0,0,0,0,0,1,0,-0.00096989, 0.00756517,-0.0011646, 0.00770662,-0.00227396,buy
2018-02-06,0,1,0,0,3,0,3,0,0,0,0,0,0,0,0,1,0,1,1,0,1,0,0,1,0,0,0,1,0,0,0,0,0,0,0,0,0,1,0, 0.00188549, 0.00280057, 0.0023313,-0.00168723, 0.00304510,buy
2018-02-07,1,0,0,0,3,2,3,1,0,0,1,0,0,0,0,1,1,0,1,1,1,1,0,1,0,0,0,1,1,0,0,0,0,0,0,0,0,1,0,-0.00589849,-0.00347809,-0.0049325,-0.00479326,-0.00434902,sell
2018-02-08,0,0,1,0,3,2,2,1,0,0,1,0,0,0,0,1,1,0,0,1,1,0,1,0,1,0,0,1,1,0,0,0,0,0,0,0,0,1,0,-0.00627513,-0.00404499,-0.0062751,-0.00627513,-0.00519313,sell
2018-02-09,0,1,0,0,3,2,0,2,0,0,1,0,0,0,0,0,0,1,1,1,1,0,1,1,1,0,0,1,1,0,0,0,0,0,0,0,0,0,0, 0.00439933, 0.00439933, 0.0021499, 0.00439933, 0.00439933,buy
2018-02-10,1,0,0,0,3,1,1,1,0,0,0,0,0,0,0,0,1,0,0,1,0,1,1,0,1,0,0,1,1,0,0,0,0,0,0,0,0,0,0,-0.00151479,-0.00113920,-0.0001791,-0.00084319,-0.00188923,sell
2018-02-11,0,0,0,0,2,4,0,1,0,0,0,1,1,0,0,0,1,1,0,0,1,1,0,0,1,0,0,0,1,0,0,0,0,0,0,0,0,0,0,-0.00466792,-0.00474272,-0.0030865,-0.00366714,-0.00421123,sell
2018-02-12,0,0,0,0,3,1,3,2,1,0,0,1,1,0,0,0,1,1,1,1,0,0,0,1,1,0,0,0,0,1,0,0,0,0,0,0,0,0,0,-0.00227168, 0.00544367, 0.0002402,-0.00227168,-0.00028250,buy
2018-02-13,0,0,0,0,2,5,2,3,1,0,0,1,1,0,0,0,1,1,1,0,0,1,1,1,1,0,0,0,0,1,0,0,0,0,1,0,0,0,0, 0.00264562, 0.00369188, 0.0024252, 0.00264562, 0.00075399,buy
2018-02-14,0,0,0,0,2,2,5,1,1,0,0,0,1,0,1,0,0,1,1,0,1,0,0,1,0,0,0,0,0,1,0,0,0,0,1,1,0,0,0, 0.00565128, 0.00049425,-0.0012658, 0.00440380, 0.00429503,buy
2018-02-15,0,0,0,0,1,2,4,2,1,0,0,0,0,1,1,0,1,0,0,1,1,1,1,0,0,0,0,0,0,1,0,0,0,0,1,1,0,0,0, 0.00460876, 0.00460876, 0.0049653,-0.00526600, 0.00460876,buy
2018-02-16,0,0,0,0,0,3,4,0,0,0,0,0,0,1,1,0,0,0,0,1,1,1,1,0,0,0,0,0,0,1,0,0,0,0,1,1,0,0,0, 0.00802502, 0.00781395, 0.0079270, 0.00267516, 0.00767923,buy
2018-02-17,1,0,0,0,0,2,2,2,0,0,0,0,0,1,0,0,1,1,1,1,0,0,1,1,0,0,0,0,0,0,0,0,0,0,0,1,0,1,0,-0.00150177,-0.00169163,-0.0015038, 0.00097097,-0.00133901,sell
2018-02-18,1,1,0,0,2,1,0,1,0,0,0,0,0,1,0,0,2,0,0,0,1,1,1,0,0,0,0,0,0,0,0,0,0,0,0,0,0,1,0, 0.00363200, 0.00350205, 0.0037946, 0.00363200, 0.00370387,buy
2018-02-19,2,1,0,0,1,2,0,2,0,0,0,0,0,1,0,0,1,1,1,1,1,1,0,1,0,0,0,0,0,0,0,0,0,0,0,0,0,1,0, 0.00481054, 0.00380476, 0.0043657, 0.00400573, 0.00373763,buy
2018-02-20,0,2,1,0,0,3,2,1,0,0,0,1,1,0,0,0,1,1,1,1,0,1,1,1,0,0,0,0,0,0,0,0,0,1,0,0,0,1,0,-0.00112519, 0.00298947, 0.0002777, 0.00137203, 0.00151559,buy
2018-02-21,1,1,2,0,0,2,3,0,0,0,0,1,1,0,0,0,0,1,1,0,1,1,0,2,0,0,0,0,0,0,0,0,0,1,0,0,0,1,0,-0.00419265,-0.00484395,-0.0034793,-0.00416112,-0.00530488,sell
2018-02-22,1,1,2,1,1,3,1,1,0,0,0,1,1,0,1,0,1,1,0,1,1,0,1,1,0,0,0,1,0,0,0,0,1,1,0,0,0,0,0,-0.00041480, 0.00065821,-0.0006425,-0.00064253,-0.00236751,sell
2018-02-23,0,1,1,0,0,3,1,4,0,0,0,0,0,0,1,0,0,0,1,1,1,1,1,0,0,0,0,1,1,0,0,0,1,1,0,0,0,0,1,-0.00295265,-0.00511441,-0.0029263,-0.00160568,-0.00297999,sell
2018-02-24,0,0,2,2,0,2,2,3,0,0,1,0,0,0,1,0,1,1,1,1,0,0,1,1,0,0,0,1,1,0,0,0,1,0,0,0,0,0,1,-0.00114799,-0.00055720, 0.0025464,-0.00002876, 0.00003179,buy
2018-02-25,2,1,0,1,0,2,2,2,0,0,1,0,0,0,1,0,1,0,1,0,1,1,0,0,0,0,0,1,1,0,0,0,1,0,1,0,0,0,1, 0.00115528, 0.00115387, 0.0025988, 0.00243281, 0.00032128,buy
2018-02-26,2,1,2,1,0,1,2,3,0,0,1,0,0,0,0,0,1,1,1,1,0,1,1,1,0,0,0,1,1,0,0,0,1,0,1,0,0,0,1,-0.00046746,-0.00035562, 0.0015508,-0.00035562, 0.00088886,buy
2018-02-27,1,3,2,0,0,1,2,5,0,1,0,0,0,0,0,1,0,1,1,0,1,1,1,1,0,0,0,0,1,1,0,1,1,0,1,0,0,0,1, 0.00215432, 0.00287237, 0.0039052, 0.00248260, 0.00311485,buy
2018-02-28,4,1,2,0,0,1,2,4,0,1,0,1,0,0,0,1,1,1,1,1,1,0,1,1,0,0,0,0,0,1,0,1,1,0,1,0,0,0,0, 0.00292566, 0.00250883, 0.0025677, 0.00246523, 0.00264698,buy
2018-03-01,4,2,0,1,0,1,2,2,1,1,0,1,0,0,0,1,0,0,0,1,1,1,2,0,0,0,0,0,0,1,0,1,0,0,1,0,0,0,0,-0.00436630,-0.00343820,-0.0040068,-0.00286003,-0.00229558,sell
2018-03-02,3,1,1,2,1,1,2,3,1,1,0,1,0,0,0,0,1,1,1,1,0,1,2,1,0,0,1,0,0,1,0,1,0,0,0,0,0,1,0, 0.00115878,-0.00492178,-0.0095699, 0.00115878,-0.00593014,sell
2018-03-03,2,0,1,0,2,2,1,1,1,0,0,0,0,0,1,0,2,0,0,0,1,0,1,0,0,0,1,0,0,1,0,1,0,0,0,0,0,1,0, 0.00035023, 0.00084201, 0.0011224, 0.00121955, 0.00112237,buy
2018-03-04,0,0,2,0,3,1,2,2,0,0,0,0,0,0,1,0,2,1,1,1,1,1,0,1,0,0,1,0,0,0,0,0,0,0,0,0,0,1,0,-0.00097953,-0.00398377,-0.0039624,-0.00437713,-0.00400090,sell
2018-03-05,0,2,0,1,3,1,2,1,0,0,0,0,0,0,1,0,1,1,1,1,0,1,1,2,0,0,1,0,0,0,0,0,0,0,0,0,0,1,0, 0.00194374,-0.00132456,-0.0044782,-0.00282665,-0.00145143,sell
2018-03-06,2,0,0,0,0,2,1,0,0,0,0,0,0,0,0,0,0,1,1,0,1,1,0,1,0,0,1,0,0,0,0,0,0,0,0,0,0,0,0,-0.00075560,-0.00219320,-0.0006629,-0.00202379,-0.00403982,sell
2018-03-07,0,0,1,0,2,1,1,0,0,0,0,0,0,0,0,0,1,1,0,1,1,0,1,1,0,0,0,0,0,0,0,0,0,0,0,0,0,0,0, 0.00051069, 0.00042603, 0.0001664, 0.00189510,-0.00067159,buy
2018-03-08,0,1,0,0,1,1,0,1,0,0,0,0,0,0,0,0,0,0,1,1,1,0,1,0,0,0,0,0,0,0,0,0,0,0,0,0,0,0,0, 0.00071571, 0.00139131, 0.0013913, 0.00028761, 0.00139131,buy
2018-03-09,1,1,0,0,2,0,1,3,0,0,0,0,1,0,0,0,1,1,1,1,0,1,2,1,0,0,0,1,0,0,0,0,0,0,0,0,0,0,0, 0.00244032, 0.00362513, 0.0044634, 0.00392549, 0.00391355,buy
2018-03-10,1,1,0,0,1,1,1,1,1,0,0,0,1,0,0,0,2,1,0,0,1,0,1,0,0,0,0,1,0,0,0,0,0,0,0,0,0,0,0, 0.00445460, 0.00278919, 0.0024131, 0.00384653, 0.00170633,buy
2018-03-11,1,1,0,0,0,1,2,2,1,0,0,0,1,0,0,0,1,0,1,0,1,0,0,0,1,0,0,1,0,0,0,0,0,0,0,1,0,0,0, 0.00010301,-0.00573937,-0.0049447,-0.00634492,-0.00234714,sell
2018-03-12,1,2,0,0,2,1,3,4,1,0,0,0,1,0,0,0,1,1,1,1,0,1,1,1,1,0,0,1,0,0,1,1,0,0,0,1,0,0,0, 0.00364508, 0.00042724, 0.0003326, 0.00039653, 0.00333453,buy
2018-03-13,1,1,0,0,1,4,1,2,0,0,0,0,0,0,0,0,0,1,1,0,1,1,0,1,1,0,0,1,0,0,1,1,0,0,0,1,0,0,0,-0.00169021,-0.00169021,-0.0022000,-0.00392140,-0.00231861,sell
2018-03-14,1,1,0,0,4,2,1,3,0,0,1,0,0,0,0,0,1,1,1,1,1,1,0,1,1,0,0,0,0,0,1,1,0,0,0,1,0,0,0,-0.00144130,-0.00136355,-0.0009380,-0.00226415,-0.00092062,sell
2018-03-15,1,1,0,0,3,2,4,3,0,0,1,0,0,0,0,0,1,1,0,1,2,1,1,1,1,0,0,0,0,1,1,1,0,0,0,1,0,0,0, 0.00058233, 0.00024703, 0.0002112, 0.00014850, 0.00024703,buy
2018-03-16,0,0,0,0,2,2,2,1,0,0,1,0,0,0,0,0,0,0,1,2,1,0,1,0,0,0,0,0,0,1,1,0,0,0,0,0,0,0,0, 0.00255568, 0.00161634, 0.0022911, 0.00255568, 0.00240249,buy
2018-03-17,1,0,0,0,4,0,1,3,0,0,1,0,0,0,0,0,1,1,0,1,0,1,1,1,0,0,0,0,0,1,1,0,0,1,0,0,0,0,0, 0.00089985, 0.00214941, 0.0015011, 0.00193847, 0.00375159,buy
2018-03-18,0,1,0,0,4,0,0,2,0,0,1,0,0,0,0,0,1,0,1,0,1,0,0,0,0,0,0,0,0,1,1,0,0,1,0,0,0,0,0,-0.00119467,-0.00068512,-0.0002295,-0.00076708,-0.00080774,buy
2018-03-19,1,0,1,0,5,1,0,2,0,0,1,0,0,0,0,0,1,0,2,1,0,1,1,1,0,1,0,0,0,1,0,0,0,1,0,0,0,0,0,-0.00057180,-0.00015219, 0.0008188,-0.00057180,-0.00045128,buy
2018-03-20,2,1,0,0,3,1,0,1,0,0,1,0,0,0,0,0,0,1,1,0,1,1,0,1,0,1,0,0,0,0,0,0,0,1,0,0,0,0,0,-0.00502792,-0.00533166,-0.0050279,-0.00216073,-0.00365963,sell
2018-03-21,1,3,1,1,1,1,1,1,0,0,0,0,0,0,0,0,1,1,1,1,1,1,1,2,0,1,0,0,0,0,0,0,0,0,0,0,0,0,0, 0.00059068,-0.00211418,-0.0009177,-0.00194950, 0.00002440,sell
2018-03-22,0,1,3,0,1,1,1,2,0,0,0,0,0,0,0,0,0,1,0,1,1,1,2,1,0,1,0,0,0,0,0,0,0,0,1,0,0,0,0,-0.00348609,-0.00386974,-0.0032648,-0.00347219,-0.00454235,sell
2018-03-23,0,0,3,0,0,1,0,3,0,0,0,0,0,0,0,0,1,0,1,1,0,0,1,0,0,1,0,0,0,0,0,1,0,0,1,0,0,0,0,-0.00868451,-0.00606883,-0.0086845,-0.00811475,-0.00682028,sell
2018-03-24,0,1,2,3,1,0,1,3,0,0,1,0,0,0,0,0,2,1,0,0,1,1,1,1,0,1,0,0,0,0,0,1,0,0,1,0,0,0,0, 0.00502570, 0.00503783,-0.0011746, 0.00499818, 0.00506354,buy
2018-03-25,2,1,1,2,1,0,0,2,0,0,1,0,0,0,0,0,2,0,1,1,1,0,0,0,0,1,0,0,0,0,0,1,0,0,1,0,0,0,0,-0.00034980, 0.00017588,-0.0013225,-0.00226483, 0.00029819,buy
2018-03-26,2,2,3,1,1,0,0,2,0,0,1,0,0,0,0,0,1,1,1,1,0,1,1,1,1,1,0,0,0,0,0,1,0,0,0,0,0,0,0,-0.00757435,-0.00372400,-0.0085529,-0.00262688,-0.00262688,sell
2018-03-27,1,4,4,0,1,0,0,3,0,0,1,0,0,0,0,0,1,2,1,1,1,2,0,1,1,1,0,0,1,0,0,0,0,0,0,0,0,1,0, 0.00000144, 0.00856546,-0.0032963, 0.00426205, 0.00196276,buy
2018-03-28,4,5,1,0,1,0,0,3,0,0,1,0,0,0,0,0,1,2,0,2,1,1,1,1,1,1,0,0,1,0,0,0,0,0,0,0,0,1,1, 0.00006897, 0.00478389, 0.0011871, 0.00353796, 0.00047020,buy
2018-03-29,3,3,1,1,1,1,0,2,0,0,1,0,0,0,0,0,0,1,1,1,1,1,1,0,1,1,0,0,1,0,0,0,0,1,0,0,0,1,1, 0.00199655, 0.00294856, 0.0025851, 0.00318529, 0.00212959,buy
2018-03-30,2,1,1,0,1,1,1,2,0,0,1,0,0,0,0,0,1,0,0,1,0,0,1,1,1,0,0,0,1,0,0,0,0,1,0,0,0,1,1,-0.00979180,-0.01025405,-0.0102540, 0.00190039,-0.00643337,sell
2018-03-31,1,0,1,1,1,2,0,3,0,0,1,0,0,1,0,0,1,1,1,0,1,1,0,0,0,0,0,0,1,0,0,0,0,1,0,0,0,0,1,-0.00063887,-0.00169107,-0.0016911,-0.00169107, 0.00260155,sell
2018-04-01,1,1,0,1,1,1,1,1,0,0,0,0,0,1,0,0,1,0,1,1,0,0,1,1,0,0,0,0,0,0,0,0,0,1,0,0,0,0,1,-0.00256561,-0.00256561,-0.0033846,-0.00242990,-0.00321983,sell
2018-04-02,1,1,1,0,1,0,3,2,0,1,0,0,1,1,0,0,0,1,2,0,1,1,0,1,0,0,1,0,0,0,0,0,0,0,0,0,0,0,0, 0.00180005, 0.00113616, 0.0017706,-0.00256979, 0.00152344,buy
2018-04-03,1,0,2,0,1,3,1,2,0,1,0,0,1,0,0,0,1,1,1,1,1,1,1,1,0,0,1,0,0,0,0,0,0,0,0,0,0,0,0,-0.00368593,-0.00391592,-0.0007016,-0.00064683,-0.00438100,sell
2018-04-04,0,1,1,0,4,2,0,2,0,1,0,0,1,0,0,0,0,2,0,1,1,1,1,1,0,0,1,0,0,0,0,0,0,0,0,0,0,0,0,-0.00591661,-0.00583002,-0.0060348,-0.00556815,-0.00642975,sell
2018-04-05,2,2,0,0,5,0,0,3,1,1,0,0,1,0,0,0,1,1,1,1,1,1,1,0,0,0,1,0,0,0,0,0,0,0,0,1,0,0,0,-0.00246082,-0.00241038,-0.0055803,-0.00189162,-0.00454047,sell
2018-04-06,2,1,0,0,3,0,0,1,1,0,0,0,1,0,0,0,1,0,0,1,0,0,1,1,0,0,1,0,0,0,0,0,0,0,0,1,0,0,0, 0.00226375, 0.00151646, 0.0020973, 0.00208350, 0.00193245,buy
2018-04-07,1,1,0,0,1,1,1,1,1,0,0,0,1,0,0,0,1,1,1,0,1,0,0,1,0,0,1,0,0,0,0,0,0,0,0,1,0,0,0, 0.00234942, 0.00136763, 0.0011309, 0.00113088, 0.00113088,buy
2018-04-08,2,1,0,0,0,0,2,3,1,0,0,0,1,0,0,0,1,0,1,1,0,1,1,0,0,0,0,0,0,0,0,0,1,0,0,1,0,0,0, 0.00129519, 0.00563852, 0.0046684, 0.00364300, 0.00365340,buy
2018-04-09,2,1,1,0,2,1,0,2,1,0,0,0,0,0,0,0,0,0,1,0,1,0,1,1,1,0,0,1,0,0,0,0,1,0,0,1,0,0,0, 0.00396417, 0.00290775, 0.0018903, 0.00146842, 0.00181422,buy
2018-04-10,1,1,1,0,4,1,1,2,1,0,0,0,0,0,0,0,1,1,1,1,1,1,0,1,1,0,0,1,0,0,0,0,1,0,0,0,0,0,0,-0.00121367, 0.00066797, 0.0011439,-0.00007246,-0.00097638,buy
2018-04-11,1,1,1,0,1,2,4,2,1,0,0,0,0,0,0,0,1,1,0,1,1,1,1,1,1,0,0,1,0,0,0,0,1,1,0,0,0,0,0,-0.00009234,-0.00007438,-0.0003380, 0.00071872,-0.00167033,buy
2018-04-12,1,2,1,0,0,3,4,1,1,0,0,0,0,0,0,0,0,1,1,1,1,1,1,1,1,0,0,1,0,0,0,0,1,1,0,0,0,0,1,-0.00011076,-0.00011076,-0.0010734,-0.00026318,-0.00160484,sell
2018-04-13,2,2,1,0,2,0,3,1,1,0,0,0,0,0,0,0,1,1,1,1,0,1,1,0,1,0,0,1,0,0,0,0,1,1,0,0,0,0,1,-0.00062482,-0.00050813,-0.0011024,-0.00052057,-0.00298454,sell
2018-04-14,1,3,0,0,1,0,1,2,1,0,0,0,0,0,0,0,1,0,0,0,1,0,1,1,0,0,0,0,0,0,0,0,1,1,0,0,0,0,1,-0.00205876,-0.00476536,-0.0035934,-0.00359338,-0.00476536,sell
2018-04-15,1,2,1,1,1,0,0,3,1,0,0,0,0,0,0,1,1,1,1,1,0,1,0,0,0,0,0,0,0,0,0,1,0,0,1,0,0,0,1,-0.00135350,-0.00056326,-0.0013535,-0.00428250,-0.00135350,sell
2018-04-16,3,2,0,1,0,1,0,1,1,0,0,0,0,0,0,1,0,0,1,0,1,1,1,1,0,0,0,0,0,1,0,1,0,0,1,0,0,0,1,-0.00390837,-0.00074714,-0.0038549,-0.00390837,-0.00464447,sell
2018-04-17,4,3,0,2,0,0,1,1,1,0,0,0,0,0,0,1,1,1,1,1,2,0,0,1,0,0,0,0,0,1,0,1,0,0,1,0,0,0,0,-0.00262994, 0.00135783,-0.0014385,-0.00248434,-0.00143852,buy
2018-04-18,2,5,1,2,2,1,0,1,1,0,0,0,0,0,0,1,1,1,0,2,1,1,1,1,0,0,1,0,0,1,0,1,0,0,1,1,0,0,0, 0.00682605, 0.00723875, 0.0072388, 0.00746410, 0.00746410,buy
2018-04-19,1,3,4,0,0,3,0,2,1,0,0,0,0,0,0,1,1,1,1,2,1,1,1,0,0,0,1,0,0,1,0,0,0,0,1,1,0,0,0, 0.00651279, 0.00919445, 0.0091944, 0.00919445, 0.00870168,buy
2018-04-20,0,3,2,1,0,1,2,0,1,0,0,0,0,0,0,0,2,0,0,1,0,1,1,1,0,0,1,0,0,1,0,0,0,0,0,1,0,0,0, 0.00185579, 0.00185579, 0.0008235, 0.00286270, 0.00133001,buy
2018-04-21,2,3,0,4,0,1,0,0,1,0,0,0,0,0,0,0,2,1,1,1,1,0,0,1,0,0,1,0,0,0,0,0,0,0,0,1,0,0,0, 0.00070071, 0.00037940, 0.0005674, 0.00211076, 0.00032230,buy
2018-04-22,2,2,1,2,1,1,0,2,1,0,0,0,0,0,0,0,1,1,1,1,0,1,1,1,0,0,1,0,0,0,1,0,0,0,0,0,0,1,0,-0.00057103,-0.00225434,-0.0046288,-0.00454208,-0.00385581,sell
2018-04-23,1,2,3,0,1,0,0,2,1,0,0,0,1,0,0,0,0,0,1,0,1,1,0,2,0,0,0,0,0,0,1,0,0,0,0,0,0,1,0, 0.00072182, 0.00100946, 0.0012047, 0.00042309, 0.00072182,buy
2018-04-24,2,2,2,0,1,0,0,2,0,0,0,0,1,0,0,0,1,1,0,1,1,0,1,1,0,0,0,0,0,0,1,0,0,0,0,0,0,1,0, 0.00229730, 0.00187005, 0.0023175,-0.00107234, 0.00229730,buy
2018-04-25,4,3,0,1,1,0,0,1,0,0,0,0,1,0,0,0,0,1,1,1,1,1,1,1,0,0,0,0,0,0,1,0,0,0,0,0,0,1,0, 0.00352378, 0.00475171, 0.0013198, 0.00220612, 0.00250790,buy
2018-04-26,3,2,2,1,0,0,1,1,0,0,0,0,1,0,0,0,1,1,1,1,0,1,2,0,0,0,0,0,0,0,1,0,0,0,0,0,0,0,1, 0.00083556, 0.00231053, 0.0018105, 0.00137617, 0.00155551,buy
2018-04-27,1,0,3,0,0,1,0,3,0,0,0,0,1,0,0,0,1,0,0,0,1,1,1,1,0,0,0,0,1,0,0,0,0,0,0,0,0,0,1, 0.00096746, 0.00154077, 0.0017099, 0.00178242, 0.00166975,buy
2018-04-28,1,1,2,0,1,0,0,3,0,0,0,0,1,0,0,0,1,1,1,1,0,0,0,0,0,0,0,0,1,0,0,0,0,0,1,0,0,0,1,-0.00560221,-0.00560221,-0.0056022,-0.00425651,-0.00603679,sell
2018-04-29,1,3,1,2,0,0,2,0,0,0,0,0,0,0,0,0,0,0,1,0,1,1,1,1,0,0,0,0,1,0,0,0,1,0,1,0,0,0,1,-0.00010419, 0.00371722, 0.0037540, 0.00371722, 0.00206280,buy
2018-04-30,2,2,2,1,0,1,3,0,0,0,0,0,0,0,0,0,1,1,1,1,1,1,0,1,0,0,0,0,1,0,0,0,1,0,1,1,0,0,1, 0.00685828, 0.00598480, 0.0075044, 0.00832439, 0.00419294,buy
2018-05-01,1,2,2,0,2,1,2,0,0,0,1,0,0,0,0,0,0,1,0,1,1,0,1,1,0,0,0,0,1,0,0,0,1,0,1,1,0,0,0, 0.00749585, 0.00870750, 0.0072804, 0.00698522, 0.00669687,buy
2018-05-02,0,2,2,0,3,2,0,1,0,0,1,0,0,0,0,0,0,1,1,1,1,1,1,1,0,0,0,0,0,0,0,0,1,0,0,1,0,0,0, 0.00231290, 0.00765341, 0.0078260, 0.00805166, 0.00525433,buy
2018-05-03,1,2,2,0,4,0,0,1,1,0,1,0,0,0,0,0,1,1,1,1,0,1,1,0,0,0,0,0,0,0,0,0,1,0,0,1,0,0,0, 0.00216022, 0.00291810, 0.0040033, 0.00429273, 0.00313550,buy
2018-05-04,1,2,1,0,2,2,1,0,1,0,1,0,0,0,0,0,1,0,0,0,1,1,1,1,0,0,1,0,0,0,0,0,1,0,0,0,1,1,0, 0.00035538, 0.00278073, 0.0013446, 0.00305809, 0.00130999,buy
2018-05-05,1,0,1,0,1,1,3,1,1,0,0,1,0,0,0,0,1,0,1,1,1,1,0,0,0,0,1,0,0,0,0,0,0,0,0,0,1,1,0, 0.00972355, 0.00934333, 0.0086815, 0.00712211, 0.00920792,buy
2018-05-06,0,0,1,0,2,2,1,3,1,0,0,1,0,0,0,0,0,1,1,1,0,0,1,1,0,0,1,0,0,0,0,0,0,1,0,0,1,1,0,-0.00277726,-0.00309400,-0.0038137,-0.00381367,-0.00284317,sell
2018-05-07,0,0,0,1,4,1,1,3,0,0,0,1,0,0,0,0,0,0,1,0,1,1,0,1,1,0,1,0,0,0,0,0,0,1,0,0,1,1,0, 0.00391523, 0.00518884, 0.0036641, 0.00368715, 0.00368715,buy
2018-05-08,0,1,1,1,4,3,2,4,0,0,0,1,0,0,0,0,1,1,1,1,1,1,1,1,1,0,1,0,0,0,1,1,0,1,0,0,1,1,0, 0.00052601,-0.00130697,-0.0000721, 0.00049801, 0.00045664,buy
2018-05-09,1,1,1,1,2,1,3,1,0,0,0,0,0,0,0,0,0,1,0,1,1,0,1,1,1,0,0,1,0,0,1,1,0,1,0,0,1,0,0, 0.00531233, 0.00655506, 0.0025887, 0.00554717, 0.00418524,buy
2018-05-10,2,1,2,1,1,2,3,1,0,1,0,0,0,0,0,0,1,1,1,1,1,1,1,0,1,0,0,1,0,0,1,1,0,0,1,0,1,0,0, 0.00495262, 0.00510975, 0.0046956, 0.00510975, 0.00634965,buy
2018-05-11,1,2,2,0,2,1,2,2,0,1,0,0,0,0,0,0,1,1,0,1,0,1,1,1,0,0,0,1,0,0,1,1,0,0,1,0,1,0,0, 0.00185422, 0.00120289, 0.0051769, 0.00069438, 0.00374741,buy
2018-05-12,1,2,2,0,2,2,0,3,0,1,1,0,0,0,1,0,1,0,1,0,1,1,0,1,0,0,0,1,1,0,1,0,0,0,1,0,1,0,0, 0.00065506, 0.00139091,-0.0016016, 0.00139091, 0.00065506,buy
2018-05-13,1,1,2,0,2,2,0,3,0,1,1,0,0,0,1,0,1,1,1,1,0,1,1,0,0,0,0,1,1,0,0,0,0,0,1,0,1,0,0,-0.00000741,-0.00311197, 0.0026714, 0.00106866,-0.00117473,sell
2018-05-14,3,1,0,1,1,1,1,1,0,1,1,0,0,0,1,0,1,0,1,0,1,0,0,1,0,0,0,1,1,0,0,0,0,0,0,0,1,0,0, 0.00018028, 0.00018028, 0.0007276, 0.00165898, 0.00021180,buy
2018-05-15,3,3,0,1,2,1,1,0,0,0,1,0,0,0,0,1,1,1,1,1,1,1,1,1,0,0,0,0,1,0,0,0,0,0,0,0,1,0,0, 0.00321957, 0.00606509, 0.0046199, 0.00511724, 0.00461995,buy
2018-05-16,1,3,3,0,2,1,0,1,0,0,0,0,0,0,0,1,1,1,1,1,1,0,2,1,0,0,0,0,1,0,0,0,0,0,0,0,1,0,0, 0.00338058, 0.00225029, 0.0025968, 0.00257461, 0.00280781,buy
2018-05-17,2,2,3,0,2,1,1,1,0,0,0,0,1,0,0,1,2,2,1,1,0,1,2,0,0,0,0,0,0,0,0,0,0,0,0,0,1,0,0, 0.00133268, 0.00193950, 0.0028449,-0.00352003, 0.00281075,buy
2018-05-18,3,1,2,2,1,1,2,0,0,0,0,0,1,0,0,0,2,1,1,0,1,1,1,1,0,0,0,0,0,0,0,0,1,0,0,0,1,1,0,-0.00111058,-0.00141408,-0.0012573,-0.00156544,-0.00174918,sell
2018-05-19,3,2,1,2,2,0,2,1,0,0,0,0,1,0,0,0,1,1,2,1,0,1,1,0,0,0,0,0,0,1,0,1,1,0,0,0,1,1,0,-0.00034018, 0.00174049, 0.0007290, 0.00101815, 0.00067929,buy
2018-05-20,1,2,3,1,2,0,2,1,0,0,0,0,0,0,0,0,0,1,1,0,1,1,1,1,0,1,0,0,0,1,0,1,1,0,0,0,1,1,0,-0.00287308,-0.00950752,-0.0029462, 0.00326270,-0.00287308,sell
2018-05-21,1,3,3,1,2,0,1,1,0,0,0,0,0,0,0,0,1,0,1,1,1,0,0,1,0,1,0,0,0,1,0,1,1,0,0,0,1,1,1, 0.00173027,-0.00035276, 0.0015607, 0.00322529, 0.00173027,buy
2018-05-22,4,2,2,2,1,0,1,1,1,0,1,0,0,0,0,0,0,1,0,1,1,1,1,1,0,1,0,0,0,1,0,1,1,0,0,0,0,0,1, 0.00209392, 0.00143732, 0.0032937, 0.00366190, 0.00271612,buy
2018-05-23,2,3,2,3,1,0,2,0,1,0,1,0,0,0,0,1,1,1,1,1,0,0,1,0,0,1,0,0,0,1,1,0,1,0,0,0,0,0,1, 0.00122412, 0.00122412, 0.0024945, 0.00276164, 0.00122412,buy
2018-05-24,4,1,2,3,0,1,1,2,1,0,1,1,0,0,0,1,1,1,0,0,1,1,1,1,0,1,0,0,0,0,1,0,0,0,0,1,0,0,1,-0.00068796, 0.00259723,-0.0012244, 0.00115742,-0.00103481,buy
2018-05-25,2,4,2,1,1,0,0,2,0,0,0,1,1,0,0,1,1,0,1,1,1,1,0,0,0,1,0,1,0,0,1,0,0,0,0,1,0,0,0,-0.00011450, 0.00014557,-0.0000996, 0.00016887,-0.00098277,buy
2018-05-26,2,3,2,2,0,0,1,2,0,0,0,1,1,0,0,0,0,1,1,1,0,1,1,1,0,1,0,1,0,0,1,0,0,0,0,1,0,0,0,-0.00229943,-0.00486994,-0.0047356,-0.00423489,-0.00542668,sell
2018-05-27,2,2,2,1,0,1,1,1,0,0,0,0,1,0,0,0,1,1,1,0,1,1,0,1,0,1,0,1,1,0,0,0,0,0,0,1,0,0,0, 0.00249133, 0.00271732, 0.0033645, 0.00271732, 0.00389590,buy
2018-05-28,1,1,2,0,0,2,1,0,0,0,0,0,0,0,0,0,0,0,1,1,1,0,1,1,0,0,0,1,1,0,0,0,0,0,0,0,0,0,0,-0.00231564,-0.00130219,-0.0013190,-0.00231564, 0.00191421,sell
2018-05-29,0,1,2,1,3,1,1,0,0,0,0,0,0,0,1,0,0,1,0,1,1,1,1,1,0,0,0,1,1,0,0,0,0,0,0,0,0,0,0,-0.00490575,-0.00239503,-0.0034222, 0.00158820,-0.00423986,sell
2018-05-30,0,1,2,0,3,1,0,1,0,0,0,0,0,0,1,1,1,1,1,1,0,0,1,0,0,0,0,0,1,0,0,0,0,0,0,0,0,0,0,-0.00181406, 0.00095527,-0.0007154, 0.00067045, 0.00001491,buy
2018-05-31,4,1,2,0,2,1,0,0,0,1,0,1,0,0,1,1,1,1,0,0,1,0,1,1,0,0,0,0,1,0,0,1,0,1,0,0,0,0,0,-0.00179127,-0.00188318,-0.0017913,-0.00134386,-0.00179127,sell
2018-06-01,3,1,3,0,1,0,2,0,0,1,0,1,1,0,0,1,1,1,1,0,1,1,0,0,0,0,0,0,0,0,0,1,0,1,0,0,0,0,0,-0.00024322,-0.00114511, 0.0005469,-0.00117146, 0.00093987,buy
2018-06-02,3,2,1,0,1,1,0,1,0,1,0,1,1,0,0,0,0,0,1,1,0,1,1,1,0,0,0,0,0,0,0,1,0,1,0,0,0,0,0,-0.00006485,-0.00099080,-0.0000648,-0.00188694,-0.00006485,buy
2018-06-03,3,0,2,0,2,1,0,1,0,0,0,0,1,0,0,0,0,1,1,0,1,1,1,1,1,0,0,0,0,0,0,1,0,1,0,0,0,0,0,-0.00336395,-0.00204258, 0.0004163,-0.00264392,-0.00333848,sell
2018-06-04,2,0,1,1,2,3,0,1,0,0,0,0,0,1,0,0,1,0,1,1,1,1,0,1,1,0,0,0,0,1,0,0,0,1,1,0,0,0,0, 0.00179956, 0.00013579, 0.0008555, 0.00077212, 0.00095603,buy
2018-06-05,0,0,2,1,1,3,3,2,1,0,1,0,0,1,1,0,0,1,0,1,1,0,1,1,1,0,1,0,0,1,0,0,0,0,1,0,0,0,0, 0.00175458, 0.00219065, 0.0014626, 0.00193963, 0.00219065,buy
2018-06-06,1,0,2,1,1,4,1,3,1,0,1,0,0,1,1,0,1,1,1,1,1,1,1,0,1,0,1,0,0,1,0,0,0,0,1,0,0,0,0, 0.00145455, 0.00186816, 0.0011495, 0.00186816, 0.00191370,buy
2018-06-07,0,1,2,1,1,3,1,3,0,0,1,1,0,1,1,0,1,1,0,1,0,0,1,1,1,0,1,0,0,1,0,0,0,0,1,0,0,0,0, 0.00044222, 0.00176375, 0.0011290, 0.00176375, 0.00176375,buy
2018-06-08,0,2,2,0,1,1,1,3,0,1,0,1,0,0,0,0,2,1,0,0,1,0,1,1,0,0,1,0,0,1,0,0,0,0,0,0,0,0,0,-0.00141391,-0.00085030,-0.0035478,-0.00070190,-0.00062194,buy
2018-06-09,0,1,3,0,1,1,1,2,0,1,0,1,0,0,0,0,1,0,1,1,0,1,0,0,0,0,1,1,0,1,0,0,0,0,0,0,0,0,0,-0.00318079,-0.00374587,-0.0034656,-0.00364665,-0.00350231,sell
2018-06-10,2,1,1,0,0,2,0,1,0,1,0,0,0,0,0,0,0,1,1,0,1,1,1,1,0,0,0,1,0,0,0,0,0,0,0,0,0,0,0,-0.00575051,-0.00959338,-0.0056098,-0.00575051,-0.00560924,sell
2018-06-11,1,4,1,1,1,0,1,0,1,0,0,0,0,0,0,0,1,0,1,1,1,1,0,1,0,1,0,1,0,0,0,0,0,0,0,0,0,0,0, 0.00052393,-0.00005349, 0.0005239,-0.00005349,-0.00005349,buy
2018-06-12,1,3,4,1,1,0,1,0,1,0,0,0,0,0,1,1,0,1,0,1,1,0,1,1,0,1,0,1,0,0,0,0,0,0,0,0,0,0,1,-0.00007539,-0.00115258,-0.0005915,-0.00007539,-0.00007539,sell
2018-06-13,0,4,4,1,0,1,1,2,1,0,0,0,0,0,1,1,1,1,1,1,0,1,1,0,0,1,0,1,0,0,0,0,0,1,0,0,0,1,1, 0.00230727, 0.00223619, 0.0019850, 0.00170286, 0.00222783,buy
2018-06-14,0,3,2,2,0,0,2,1,0,0,0,0,0,0,1,0,1,1,0,0,1,0,1,1,0,1,0,0,0,0,0,0,0,1,0,0,0,1,1, 0.00037778, 0.00341666, 0.0034167, 0.00424315, 0.00341666,buy
2018-06-15,2,2,1,2,1,0,0,1,0,0,0,0,1,0,0,0,1,0,1,1,0,1,0,0,0,1,0,0,0,0,0,0,0,1,0,0,0,1,1, 0.00455391, 0.00471566, 0.0027540, 0.00198904, 0.00389790,buy
2018-06-16,0,3,3,2,1,1,0,2,0,1,0,0,1,0,0,0,0,1,1,0,1,2,1,1,0,1,0,0,0,0,0,0,0,1,0,0,0,1,0,-0.00280727, 0.00327282, 0.0055677,-0.00002044,-0.00280727,buy
2018-06-17,0,2,4,2,0,1,0,1,0,1,0,0,1,0,0,0,1,1,1,1,1,1,0,1,0,0,0,0,0,0,0,0,0,0,0,1,0,0,0,-0.00028928,-0.00414750,-0.0040114, 0.00107314, 0.00183093,sell
2018-06-18,4,2,3,1,0,0,1,0,1,1,0,0,0,0,0,0,0,1,0,1,1,1,1,1,1,0,0,0,0,0,1,0,0,0,0,1,0,0,0,-0.00069814, 0.00058567,-0.0007097,-0.00176883,-0.00279719,sell
2018-06-19,2,3,2,3,0,0,1,0,1,0,0,0,0,0,0,0,1,2,1,1,0,0,1,0,1,0,0,0,0,0,1,0,1,0,0,1,0,0,0,-0.00558458,-0.00558458,-0.0055846,-0.00472051,-0.00558458,sell
2018-06-20,2,2,2,2,0,1,0,3,1,0,1,0,0,0,0,0,1,1,0,0,1,1,1,1,1,0,0,0,0,0,1,0,1,0,0,1,0,0,0,-0.00282674,-0.00268431,-0.0026843,-0.00387617,-0.00268431,sell
2018-06-21,2,1,2,2,1,0,1,2,0,0,1,0,0,0,0,0,1,1,1,1,1,0,0,0,1,0,0,0,0,1,1,0,1,0,0,1,0,0,0, 0.00002905,-0.00019016,-0.0003053,-0.00111493, 0.00002905,buy
2018-06-22,2,2,0,3,0,0,2,1,0,0,1,1,0,0,0,0,0,0,1,1,0,1,1,1,1,0,0,0,0,1,0,0,1,0,0,0,0,0,0,-0.00453619,-0.00028171,-0.0004451,-0.00126061,-0.00075321,buy
2018-06-23,2,2,0,3,0,1,2,1,0,0,0,1,0,0,0,0,1,1,2,0,1,1,1,1,0,0,0,0,0,1,0,0,1,0,0,0,0,0,1,-0.00021787,-0.00031155, 0.0013566,-0.00020256,-0.00031155,buy
2018-06-24,1,2,0,1,1,1,2,1,0,0,0,1,0,0,0,0,1,0,1,1,1,1,0,1,0,0,0,0,0,1,0,1,0,0,0,0,0,0,1, 0.00220327,-0.00163834, 0.0020805,-0.00054745,-0.00122289,sell
2018-06-25,0,1,2,1,2,1,2,1,0,0,0,0,0,0,0,0,0,1,0,1,1,1,1,1,0,0,0,0,1,1,0,1,0,0,0,0,0,0,1,-0.00275006,-0.00275006,-0.0052909,-0.00113837,-0.00260497,sell
2018-06-26,0,2,2,1,2,0,1,2,0,0,0,0,0,0,0,1,1,1,1,1,0,0,1,0,0,0,0,0,1,0,0,1,0,1,0,0,0,0,1,-0.00068565,-0.00090498, 0.0010422,-0.00168786,-0.00094508,buy
2018-06-27,1,0,2,1,1,2,0,1,0,0,0,0,0,0,0,1,1,1,0,1,0,0,1,1,0,0,0,0,1,0,0,1,0,1,0,0,0,0,0,-0.00151431,-0.00000937,-0.0014801,-0.00198941,-0.00123000,sell
2018-06-28,0,1,3,2,1,0,2,0,0,0,1,0,0,0,0,1,1,1,1,0,1,1,0,0,0,1,0,0,1,0,0,0,0,1,0,0,0,0,0, 0.00147280, 0.00147280, 0.0009451, 0.00359795, 0.00287383,buy
2018-06-29,0,1,3,1,1,0,1,1,0,0,1,0,0,0,1,0,0,0,1,1,0,0,0,1,0,1,0,0,1,0,0,0,0,1,1,0,0,0,0,-0.00589603, 0.00069829, 0.0031096, 0.00003997, 0.00021604,buy
2018-06-30,0,2,3,0,2,2,0,2,0,0,1,0,0,0,1,0,0,1,1,0,1,1,1,2,0,1,0,0,0,0,0,0,0,0,1,1,0,0,0,-0.00056993, 0.00006213, 0.0012876, 0.00156934, 0.00000971,buy
2018-07-01,0,2,4,0,2,2,0,2,0,0,1,0,1,0,1,0,1,1,1,1,1,1,0,1,0,1,0,0,0,0,0,0,0,0,1,1,0,0,0,-0.00074070,-0.00054062,-0.0017116,-0.00171163,-0.00293100,sell
2018-07-02,0,2,3,0,1,1,2,0,0,0,0,0,1,0,0,0,0,0,0,1,1,1,1,1,0,1,0,0,0,0,0,0,0,0,1,1,0,0,0,-0.00379501,-0.00265962,-0.0030425,-0.00354986,-0.00346514,sell
2018-07-03,3,1,2,0,1,1,2,0,0,0,0,0,1,0,0,0,1,1,1,1,1,1,1,0,1,0,0,0,0,0,0,0,0,0,1,1,0,0,0, 0.00123429, 0.00123429, 0.0012343, 0.00208834, 0.00065646,buy
2018-07-04,3,2,1,1,0,2,1,1,0,1,0,0,1,0,0,1,2,1,1,1,0,0,1,1,1,0,0,0,0,0,0,0,0,0,0,0,0,0,1,-0.00037806,-0.00180525,-0.0003301,-0.00057986,-0.00057936,sell
2018-07-05,2,2,0,1,1,0,1,1,0,1,0,0,0,0,0,1,1,1,0,0,1,0,1,0,1,0,0,0,0,0,0,0,0,0,0,0,0,0,1, 0.00206609, 0.00018792, 0.0027649, 0.00340483, 0.00206609,buy
2018-07-06,3,1,1,1,1,0,1,2,0,1,0,0,0,0,0,1,1,1,1,1,0,1,0,0,1,0,1,0,0,0,0,0,0,0,0,0,0,0,1,-0.00113476,-0.00247002,-0.0004341, 0.00074730,-0.00023853,sell
2018-07-07,5,1,0,0,0,1,0,1,1,0,0,0,0,0,0,1,0,0,1,0,1,0,1,1,1,0,1,0,0,0,0,0,0,0,0,0,0,0,1,-0.00277460,-0.00344395,-0.0040897,-0.00408969,-0.00277460,sell
2018-07-08,3,2,0,1,0,0,2,2,1,0,0,0,0,0,0,0,1,1,1,1,2,1,0,1,0,0,1,0,0,0,0,0,0,0,0,0,0,0,0, 0.00299719, 0.00141924, 0.0004329, 0.00361067, 0.00133330,buy
2018-07-09,2,2,2,0,1,1,0,1,1,0,0,0,0,0,0,0,0,0,0,2,2,1,1,1,0,0,1,0,0,0,0,0,0,0,0,0,0,0,0,-0.00290368,-0.00289530,-0.0025595, 0.00202820,-0.00272224,sell
2018-07-10,3,1,4,1,2,2,0,2,1,0,1,0,0,0,0,0,1,1,1,2,1,2,2,0,0,0,1,1,0,0,0,0,0,0,0,0,0,1,0, 0.00189099, 0.00171622, 0.0012581, 0.00183896, 0.00199488,buy
2018-07-11,1,2,2,3,1,1,1,1,1,0,1,0,0,0,0,0,1,1,0,1,1,1,2,1,0,0,0,1,0,0,0,0,0,0,0,0,0,1,0,-0.00242548,-0.00063591,-0.0014173,-0.00068238,-0.00141732,sell
2018-07-12,4,1,2,3,0,0,1,0,0,0,1,0,0,0,0,0,1,1,1,1,1,0,1,0,0,0,0,1,0,0,0,0,0,0,1,1,0,1,0,-0.00033030, 0.00035394,-0.0019021,-0.00060998,-0.00052001,buy
2018-07-13,2,3,3,2,0,0,0,1,0,0,1,0,1,0,0,0,0,0,1,1,1,1,1,1,0,0,0,1,0,0,0,0,0,0,1,1,0,1,0, 0.00088486,-0.00084944,-0.0018053, 0.00114222,-0.00014058,buy
2018-07-14,1,4,7,2,0,0,0,2,0,0,1,1,1,0,0,0,1,1,1,1,2,0,1,1,0,0,0,1,0,0,1,0,1,0,1,1,0,0,0, 0.00035067, 0.00111332,-0.0016110, 0.00103565, 0.00035067,buy
2018-07-15,4,4,4,0,1,1,0,0,0,0,0,1,1,0,0,0,0,0,0,2,2,1,1,1,0,0,0,0,0,0,1,0,1,0,1,1,1,0,0, 0.00184987, 0.00193478, 0.0015733, 0.00190878, 0.00163848,buy
2018-07-16,2,4,4,1,0,2,1,0,0,0,0,1,1,0,0,0,1,1,1,1,1,1,2,0,0,0,0,0,0,0,1,0,1,0,1,0,1,0,0, 0.00173521, 0.00173521, 0.0011574, 0.00109974, 0.00173521,buy
2018-07-17,1,3,4,0,0,2,1,1,0,0,0,1,1,0,0,0,1,1,0,1,0,1,2,1,0,0,0,0,0,0,1,0,1,0,0,0,1,0,0, 0.00057648, 0.00067278, 0.0017247, 0.00018776, 0.00067278,buy
2018-07-18,2,1,3,0,1,1,0,1,0,0,0,1,1,0,0,1,1,1,1,0,1,0,1,0,0,0,0,0,0,0,0,0,0,0,0,0,1,0,0,-0.00210860,-0.00119969,-0.0008526,-0.00181374,-0.00072229,sell
2018-07-19,1,0,2,0,0,1,1,2,0,0,0,1,0,0,0,1,0,0,1,1,0,1,0,1,0,0,0,0,0,0,0,0,0,0,0,0,1,0,0, 0.00141351, 0.00215655, 0.0012187, 0.00121869, 0.00163851,buy
2018-07-20,1,1,0,1,0,2,2,1,0,0,0,0,0,0,0,1,1,1,1,0,1,0,1,1,0,0,0,0,0,0,0,1,0,0,0,0,1,0,0, 0.00204793, 0.00449342, 0.0022872, 0.00226563, 0.00487739,buy
2018-07-21,2,0,0,0,1,2,2,0,0,0,0,0,0,0,0,1,1,0,1,1,1,0,0,1,0,0,0,0,0,0,0,1,0,0,0,0,1,0,0, 0.00048552,-0.00371331, 0.0004855,-0.00129289,-0.00241659,sell
2018-07-22,2,1,1,0,1,2,2,0,0,0,0,0,0,0,0,1,0,1,0,1,1,1,1,0,0,0,1,0,0,0,0,1,0,0,0,0,1,0,0, 0.00666948, 0.00533225, 0.0072445, 0.00678025, 0.00702588,buy
2018-07-23,1,3,0,1,2,2,2,2,0,0,0,0,0,0,0,1,1,2,1,1,0,1,1,0,0,0,1,0,0,1,0,1,0,1,0,0,1,0,0,-0.00406993,-0.00243470,-0.0026887,-0.00062399,-0.00252069,sell
2018-07-24,2,3,2,1,1,3,1,1,0,0,0,0,0,0,0,1,1,1,0,1,0,1,2,1,0,0,1,0,1,1,0,1,0,1,0,0,1,1,0,-0.00101303,-0.00120840,-0.0017425,-0.00154137,-0.00138720,sell
2018-07-25,2,2,2,2,1,1,1,1,0,0,0,0,0,0,0,1,1,1,0,0,1,1,1,0,0,1,1,0,1,1,0,0,0,1,0,0,1,1,0,-0.00022825,-0.00022825,-0.0002282, 0.00114513,-0.00022825,buy
2018-07-26,2,3,1,2,1,1,2,1,0,0,0,0,0,0,0,1,1,0,1,1,0,0,0,1,0,1,1,0,1,1,0,0,1,1,1,0,1,1,0, 0.00007851, 0.00170681, 0.0000993, 0.00007851, 0.00009929,buy
2018-07-27,2,2,1,2,1,3,0,2,0,0,0,0,0,0,0,1,0,1,1,0,1,1,1,1,0,1,0,0,1,1,0,0,1,0,1,0,1,1,0, 0.00073195, 0.00018574, 0.0007319, 0.00094540, 0.00028437,buy
2018-07-28,2,2,1,2,2,3,0,2,0,0,0,0,0,0,0,1,1,0,1,1,1,1,0,1,0,1,0,0,1,0,1,0,1,0,1,0,1,0,1, 0.00145801, 0.00141003,-0.0005962,-0.00059622,-0.00055623,buy
2018-07-29,2,2,0,0,1,2,1,1,0,0,0,0,0,0,0,1,0,0,0,1,1,0,0,1,0,0,0,0,0,0,1,0,1,0,1,0,1,0,1,-0.00385870,-0.00379887,-0.0042337,-0.00401301,-0.00549372,sell
2018-07-30,1,1,1,0,1,2,2,1,0,0,0,0,0,0,0,1,0,1,0,1,1,1,1,0,0,0,0,0,0,0,1,0,0,0,0,0,1,0,1, 0.00027418, 0.00149682, 0.0018213, 0.00082929,-0.00013483,buy
2018-07-31,2,2,0,0,0,3,1,2,0,0,0,0,0,0,0,1,1,1,1,1,0,1,1,1,0,0,0,0,0,0,1,0,0,0,0,0,1,0,1, 0.00018104, 0.00189195,-0.0007556, 0.00063548, 0.00034672,buy
2018-08-01,1,3,0,0,1,1,1,2,0,0,0,0,0,0,0,1,1,1,0,0,1,1,1,0,0,0,0,0,0,0,1,0,0,0,0,0,1,0,1, 0.00074237, 0.00114989, 0.0054693, 0.00096994, 0.00205662,buy
2018-08-02,2,0,2,0,1,1,0,1,0,0,0,1,0,0,0,1,1,0,1,1,0,1,0,0,0,0,0,0,0,0,0,0,0,0,0,0,1,0,0,-0.00158496, 0.00267387,-0.0015850,-0.00158496,-0.00173717,buy
2018-08-03,3,1,1,0,0,2,0,2,0,0,0,1,1,0,0,1,0,1,1,1,1,0,1,1,0,0,0,0,0,0,0,0,0,0,0,0,1,0,0,-0.00334757,-0.00329753,-0.0006147,-0.00308255,-0.00281010,sell
2018-08-04,2,2,1,1,0,3,1,3,0,0,0,1,1,0,0,1,1,1,2,0,1,1,1,1,1,0,0,0,0,0,0,1,0,0,0,0,1,0,0,-0.00206852, 0.00061876, 0.0024475, 0.00232745, 0.00171727,buy
2018-08-05,1,2,2,1,0,2,1,1,0,0,0,1,1,0,0,0,1,0,1,1,1,0,0,1,1,0,0,0,0,0,0,1,0,0,0,0,1,0,0,-0.00355925,-0.00214922,-0.0018607,-0.00289205,-0.00028569,sell
2018-08-06,2,2,4,0,1,2,1,1,0,0,0,1,1,0,0,0,1,1,0,1,1,1,1,0,1,0,1,0,0,0,0,1,1,0,0,0,1,0,0,-0.00023933,-0.00030054,-0.0002393,-0.00153151,-0.00030054,buy
2018-08-07,1,2,6,1,0,3,1,2,0,0,1,1,1,1,0,0,1,1,1,1,0,1,1,1,1,0,1,0,0,0,0,1,1,0,0,0,1,1,0, 0.00563869, 0.00674376, 0.0042411, 0.00634602,-0.00051764,buy
2018-08-08,1,3,4,1,0,3,1,3,1,0,1,0,1,1,0,0,1,1,0,0,1,1,1,0,1,0,1,0,1,0,0,1,1,0,0,1,1,1,0, 0.00603609, 0.00670236, 0.0050342, 0.00670535, 0.00182066,buy
2018-08-09,3,2,4,1,1,1,0,3,1,0,1,0,1,1,0,0,1,0,1,1,0,1,0,1,1,0,1,0,1,0,0,0,1,0,0,1,1,1,0, 0.00519919, 0.00533432, 0.0036312, 0.00521253, 0.00024062,buy
2018-08-10,0,3,5,1,0,1,0,3,1,0,1,0,0,1,0,0,0,1,1,0,1,0,1,1,0,0,1,1,1,0,0,0,0,0,0,1,1,1,0, 0.00110318, 0.00090335, 0.0001784, 0.00100077,-0.00110675,buy
2018-08-11,1,2,5,0,0,1,0,3,1,0,1,0,0,0,0,0,1,0,1,1,1,1,0,1,0,0,0,1,1,0,0,0,0,0,0,1,1,1,0, 0.00088994,-0.00124871, 0.0036796, 0.00302148, 0.00302148,buy
2018-08-12,2,2,3,0,0,1,0,1,1,0,1,0,0,0,0,0,0,1,0,1,1,0,1,0,0,0,0,1,1,0,0,0,0,0,0,0,1,0,0,-0.00202221,-0.00146056, 0.0012249,-0.00197283,-0.00190904,sell
2018-08-13,2,2,1,1,1,1,1,2,1,0,0,0,0,0,0,0,1,1,1,1,0,1,1,1,0,0,0,1,0,0,1,0,0,0,0,0,1,0,0, 0.00449591,-0.00242489,-0.0014308,-0.00135007,-0.00221239,sell
2018-08-14,2,0,2,0,0,3,0,1,0,0,0,0,0,0,0,0,1,1,0,0,1,1,1,0,0,0,0,1,0,0,1,0,0,0,0,0,1,0,0,-0.00352865,-0.00605553,-0.0024655,-0.00361569,-0.00361569,sell
2018-08-15,1,0,1,0,1,1,2,1,0,0,0,0,0,0,0,0,1,0,1,1,0,1,0,1,0,0,0,0,0,0,1,0,0,0,0,0,1,0,0,-0.00639982,-0.00639982,-0.0065179,-0.00646478,-0.00639982,sell
2018-08-16,1,1,0,1,0,2,2,1,0,0,0,0,0,0,0,0,0,1,1,0,1,1,1,1,0,0,0,0,0,0,1,0,0,0,0,0,1,0,0,-0.00464156,-0.00452099,-0.0035939,-0.00466349,-0.00464156,sell
2018-08-17,2,0,0,0,0,3,1,0,0,0,0,0,0,0,0,0,1,0,1,1,1,0,0,1,0,0,0,0,0,0,1,0,0,0,0,0,1,0,0,-0.00486521,-0.00594094,-0.0048652,-0.00519554,-0.00486521,sell
2018-08-18,1,0,1,0,2,2,1,1,0,0,0,0,0,0,0,0,0,1,0,1,1,1,1,1,0,0,0,0,0,0,1,0,0,0,0,0,1,0,0,-0.00174740,-0.00188622,-0.0018720,-0.00103386,-0.00161862,sell
2018-08-19,0,0,1,0,2,3,0,1,0,0,0,0,0,0,0,0,1,1,1,1,1,0,1,0,0,0,0,0,0,0,0,0,0,0,0,0,1,0,0, 0.00244661, 0.00291344, 0.0032136, 0.00337719, 0.00337719,buy
2018-08-20,1,1,2,0,3,2,0,1,0,0,0,0,0,0,0,0,1,2,1,1,0,1,1,1,0,1,0,0,0,0,0,0,0,1,0,0,1,0,0, 0.00074342, 0.00074342, 0.0001879,-0.00220003, 0.00054813,buy
2018-08-21,2,0,2,0,2,2,0,0,0,0,0,0,0,0,0,0,1,1,0,0,1,1,1,0,0,1,0,0,0,0,0,1,0,1,0,0,1,0,0,-0.00161004,-0.00176825,-0.0027282,-0.00233869,-0.00272815,sell
2018-08-22,0,1,2,0,1,1,2,0,0,0,0,0,0,0,0,0,1,0,1,1,0,1,0,0,0,1,0,0,0,0,0,1,0,1,0,0,1,0,0,-0.00062416,-0.00115475,-0.0021683,-0.00196039,-0.00115475,sell
2018-08-23,2,0,3,0,3,2,0,1,0,0,0,0,0,0,0,0,0,1,1,0,1,1,1,1,0,1,0,0,1,1,0,1,0,1,0,0,1,0,0, 0.00091702, 0.00157286, 0.0013562, 0.00108605, 0.00135623,buy
2018-08-24,2,0,2,0,3,2,0,3,0,0,1,0,0,0,0,0,1,0,1,0,1,0,1,1,0,0,0,0,1,1,0,1,0,1,1,0,1,0,0, 0.00186749, 0.00384737, 0.0036786, 0.00371845, 0.00396174,buy
2018-08-25,2,1,2,0,4,2,1,3,1,0,1,0,0,0,0,0,1,1,1,1,1,0,0,1,0,0,0,1,1,1,0,1,0,1,1,0,1,0,0, 0.00334471, 0.00493538, 0.0025261, 0.00366742, 0.00191991,buy
2018-08-26,2,1,1,1,2,2,2,2,1,0,1,0,0,0,0,0,0,1,0,1,1,1,1,0,0,0,0,1,1,1,0,1,0,0,1,0,1,0,0, 0.00050782,-0.00263503,-0.0028507,-0.00026240,-0.00305176,sell
2018-08-27,3,2,1,0,0,3,1,2,1,0,1,0,1,0,0,0,1,1,1,1,0,0,1,0,0,0,0,1,1,1,0,0,0,0,1,0,1,0,0, 0.00577594, 0.00381260, 0.0025470, 0.00411610, 0.00085386,buy
2018-08-28,0,3,2,0,1,1,1,4,1,0,1,1,1,0,0,0,1,1,0,0,1,0,1,1,0,0,0,1,0,0,0,0,0,0,1,0,1,0,0, 0.00332884, 0.00339552, 0.0034556, 0.00310394, 0.00321569,buy
2018-08-29,0,2,3,0,2,1,0,3,1,0,0,1,1,0,0,0,1,0,1,0,1,1,1,0,0,0,0,1,0,0,0,0,0,0,1,0,1,0,0, 0.00142532, 0.00117639, 0.0017988, 0.00117950, 0.00179882,buy
2018-08-30,1,2,2,0,1,2,0,3,1,0,0,1,1,0,0,0,1,1,2,1,0,1,0,1,0,0,0,0,0,0,0,0,0,0,0,0,1,0,0,-0.00250878, 0.00027271,-0.0027231,-0.00131106,-0.00168085,sell
2018-08-31,2,1,1,0,0,2,0,1,0,0,0,1,0,0,0,0,0,1,1,0,1,1,1,1,0,0,0,0,0,0,0,0,0,0,0,0,1,0,0,-0.00344897,-0.00538409, 0.0002401,-0.00467996,-0.00344897,sell
2018-09-01,1,2,1,1,0,1,2,0,0,0,0,0,0,0,0,0,1,0,1,1,1,0,0,2,0,0,0,0,0,0,0,0,0,0,0,0,1,0,1,-0.00043913,-0.00427313,-0.0004391,-0.00393869,-0.00418021,sell
2018-09-02,2,1,2,0,1,1,1,1,0,0,0,0,0,0,0,1,0,1,0,1,1,1,1,1,0,0,0,0,0,0,0,0,0,0,0,0,1,0,1, 0.00406452, 0.00346824, 0.0040645, 0.00406452, 0.00240633,buy
2018-09-03,1,1,2,0,0,2,1,2,0,0,0,0,0,0,0,1,1,1,1,1,0,1,1,0,0,0,0,0,0,0,0,0,0,0,0,0,1,0,1,-0.00080378, 0.00361144,-0.0025094, 0.00022710,-0.00068086,buy
2018-09-04,1,2,2,2,0,1,2,0,0,1,0,0,0,0,0,1,1,1,0,0,1,0,1,1,0,1,0,0,0,0,0,0,0,0,0,0,1,0,1, 0.00020548, 0.00072126, 0.0003233, 0.00414206, 0.00070071,buy
2018-09-05,3,1,1,2,0,1,2,1,0,1,0,0,0,0,0,1,1,0,1,1,0,1,0,0,0,1,1,0,0,0,0,0,1,0,0,0,1,0,1,-0.00425358,-0.00346945,-0.0040100,-0.00434139,-0.00308764,sell
2018-09-06,2,3,3,2,0,2,1,2,0,1,0,0,1,0,1,0,0,1,1,0,1,1,1,1,0,1,1,0,0,0,0,0,1,1,0,0,1,0,1,-0.00719875,-0.00476112,-0.0067832,-0.00988585,-0.00719875,sell
2018-09-07,2,6,2,1,1,1,1,2,0,0,0,1,1,0,1,0,1,0,1,1,1,1,0,1,0,1,1,0,0,1,0,0,1,1,0,0,1,0,1,-0.00483831,-0.00509590, 0.0003188,-0.00757507,-0.00564752,sell
2018-09-08,5,5,1,1,0,1,1,1,0,0,0,1,1,0,1,0,0,1,0,1,1,0,1,1,0,1,1,0,0,1,0,0,1,1,0,0,1,0,1,-0.00345188,-0.00532308, 0.0027282,-0.00795936,-0.00522643,sell
2018-09-09,2,6,0,3,0,1,2,1,0,0,0,1,0,0,0,0,1,1,1,1,0,1,1,0,1,1,1,1,0,1,0,0,1,1,0,0,1,1,0, 0.00201884, 0.00199462, 0.0029401, 0.00121652, 0.00296970,buy
2018-09-10,3,2,1,1,0,2,2,3,0,0,0,0,0,0,0,0,1,1,0,1,1,0,1,1,1,0,0,1,0,1,0,0,1,1,0,1,1,1,0,-0.00118047,-0.00273621,-0.0030564,-0.00228029,-0.00136761,sell
2018-09-11,1,2,1,1,2,1,2,2,0,0,0,0,0,0,0,0,2,0,1,1,0,1,0,0,1,0,0,1,0,1,0,0,1,1,0,1,0,1,0,-0.00023116,-0.00272833, 0.0024575,-0.00152686,-0.00141131,sell
2018-09-12,1,2,0,2,2,0,4,3,0,0,0,0,0,0,0,0,1,1,1,1,1,1,1,1,1,0,0,1,0,0,0,0,1,1,0,1,0,1,0, 0.00228170,-0.00096449, 0.0021193, 0.00179315, 0.00220652,buy
2018-09-13,2,1,0,3,0,3,3,0,0,1,1,0,0,0,0,0,0,0,1,0,2,1,1,1,1,0,0,1,0,0,0,0,0,0,0,1,0,1,0,-0.00181458, 0.00133512, 0.0002447, 0.00002444, 0.00032580,buy
2018-09-14,1,2,0,2,1,1,4,0,0,1,1,0,0,0,1,0,1,1,1,1,1,1,0,1,0,0,0,0,0,0,0,0,0,0,0,1,0,1,0,-0.00125815,-0.00149574, 0.0003511, 0.00075970,-0.00190523,sell
2018-09-15,1,2,1,2,2,1,3,0,1,1,1,1,0,0,1,0,0,1,0,1,1,0,1,1,0,0,0,0,0,0,0,0,0,0,0,1,0,1,0, 0.00433684, 0.00273423, 0.0036299, 0.00273423, 0.00490330,buy
2018-09-16,1,2,0,0,2,1,2,2,1,0,0,1,0,0,1,0,1,1,1,1,0,1,1,0,0,0,0,0,0,0,0,0,0,0,0,1,0,0,0,-0.00191085,-0.00044652,-0.0023557,-0.00242444,-0.00192884,sell
2018-09-17,2,0,0,0,1,1,1,1,1,0,0,1,0,0,0,0,1,1,0,0,1,1,1,1,0,0,0,0,0,0,0,0,0,0,0,0,0,0,0,-0.00528059,-0.00575673,-0.0036980,-0.00068874,-0.00430877,sell
2018-09-18,0,0,0,0,0,1,1,0,0,0,0,0,0,1,0,0,1,0,1,1,0,0,0,0,0,0,0,0,0,0,0,0,0,0,0,0,0,0,0,-0.00053601,-0.00135742,-0.0000804,-0.00135742,-0.00111316,sell
2018-09-19,1,0,0,0,1,1,1,0,0,0,0,0,0,1,0,0,1,0,1,1,0,1,0,1,0,0,0,0,0,0,0,0,0,0,0,0,0,0,0, 0.00142845, 0.00102835, 0.0031052, 0.00082272, 0.00340003,buy
2018-09-20,0,1,0,0,2,1,0,1,0,0,0,0,0,1,0,0,0,1,1,0,1,1,1,1,0,0,0,0,0,0,0,0,0,0,0,0,0,0,0, 0.00290711, 0.00275382, 0.0034304, 0.00299302, 0.00290711,buy
2018-09-21,0,1,0,0,2,2,0,2,0,0,0,0,0,1,0,1,1,0,1,1,1,1,0,1,0,0,0,0,0,0,0,0,0,0,0,0,0,0,0, 0.00578306, 0.00578306, 0.0066481, 0.00584696, 0.00569284,buy
2018-09-22,1,0,3,0,1,1,3,3,0,1,0,0,1,1,1,1,0,1,0,1,1,1,1,1,0,0,0,0,0,1,1,0,0,0,0,0,0,0,0, 0.00022112, 0.00018489,-0.0028816,-0.00065846, 0.00032026,buy
2018-09-23,1,0,2,0,0,2,1,4,0,1,0,0,1,1,1,1,0,1,1,1,0,0,1,0,0,0,0,0,1,1,1,0,0,0,0,0,0,0,0, 0.00007083, 0.00007083,-0.0005895, 0.01165580, 0.00007083,buy
2018-09-24,3,0,2,1,1,3,1,4,1,1,0,0,1,0,1,1,1,1,0,1,0,1,2,0,0,1,0,0,1,1,1,0,0,0,0,0,0,0,0, 0.00281848, 0.00626560, 0.0035492, 0.00354918, 0.00354827,buy
2018-09-25,2,1,1,1,2,1,1,4,1,1,0,0,0,0,0,0,1,1,1,0,1,1,1,1,0,1,0,0,1,1,1,0,0,0,0,0,0,0,0, 0.00073629, 0.00351118, 0.0035112, 0.00351118, 0.00536923,buy
2018-09-26,1,0,2,0,1,1,0,3,1,0,0,0,0,0,0,0,1,0,1,1,0,0,0,0,0,1,0,0,1,1,1,0,0,0,0,0,0,0,0, 0.00098562, 0.00209408, 0.0012948, 0.00129478, 0.00242350,buy
2018-09-27,3,0,1,0,0,2,0,3,0,0,0,0,0,0,0,0,0,1,1,0,1,1,1,1,1,1,0,0,1,0,1,0,0,0,0,0,0,0,0, 0.00416329, 0.00462972, 0.0056416, 0.00350511, 0.00037700,buy
2018-09-28,2,3,0,1,0,1,1,2,0,0,0,0,0,0,0,0,1,0,1,1,1,1,0,1,1,1,0,0,1,0,1,0,0,0,0,0,0,0,0,-0.00011955, 0.00191758, 0.0010962,-0.00011955,-0.00011955,buy
2018-09-29,3,2,3,1,1,1,0,0,0,0,1,0,0,0,0,0,1,1,0,1,1,2,1,1,1,1,0,0,0,0,0,0,0,0,0,0,0,0,0,-0.00891062, 0.00002905,-0.0089806, 0.00030997, 0.00030997,buy
2018-09-30,3,1,2,0,0,2,0,1,0,0,1,0,0,0,0,0,0,2,1,1,0,1,1,0,1,1,0,0,0,0,0,0,0,0,0,0,0,0,0,-0.00560422, 0.00189665,-0.0057520, 0.00123420, 0.00024848,buy
2018-10-01,1,1,3,2,1,1,1,1,0,0,1,1,0,0,0,0,1,1,0,1,1,0,1,1,1,1,0,0,0,0,0,0,0,0,0,0,1,0,0,-0.00081787,-0.00129584,-0.0018291,-0.00129584,-0.00129584,sell
2018-10-02,1,1,1,3,1,1,0,2,0,0,0,1,0,0,0,0,1,1,1,1,1,1,0,1,1,0,0,0,0,0,0,0,0,0,0,0,1,0,0, 0.00173236,-0.00193989,-0.0019399,-0.00224677,-0.00411505,sell
2018-10-03,1,1,0,1,1,0,0,2,0,0,0,1,0,0,0,0,1,0,1,1,0,0,1,0,0,0,0,0,0,0,0,0,0,0,0,0,1,0,0,-0.00348096,-0.00176309,-0.0028144,-0.00281443,-0.00096892,sell
2018-10-04,0,0,3,1,2,0,1,2,1,0,0,1,0,0,0,0,0,1,1,0,1,1,1,1,0,0,0,0,0,0,0,0,0,0,0,0,1,0,0,-0.00319284,-0.00485774,-0.0025841,-0.00197756,-0.00279182,sell
2018-10-05,1,2,3,0,2,1,0,1,1,0,0,0,0,0,0,0,1,0,1,1,1,1,1,1,0,0,1,0,0,0,0,0,0,0,0,0,1,0,0,-0.00109067,-0.00545352,-0.0020253, 0.00420065,-0.00105880,sell
2018-10-06,3,2,2,1,3,0,0,0,1,0,0,0,0,0,0,0,0,1,1,1,1,1,2,1,0,0,1,0,0,0,0,0,0,0,0,0,1,0,0,-0.00177906,-0.00045203,-0.0035624,-0.00103780,-0.00223098,sell
2018-10-07,1,2,1,1,1,0,1,1,0,0,0,0,0,0,0,0,1,1,1,1,0,1,1,0,0,0,1,0,0,0,0,0,1,0,0,0,0,0,0,-0.00149094,-0.00149094,-0.0052307,-0.00535685,-0.00149094,sell
2018-10-08,1,1,3,0,0,1,0,3,0,0,1,0,0,0,0,0,1,1,1,0,1,0,1,1,0,0,1,0,0,0,0,0,1,0,0,0,0,0,0,-0.00453188,-0.00524210,-0.0053788, 0.00057625,-0.00457241,sell
2018-10-09,0,1,2,1,1,0,0,2,0,0,1,0,0,0,1,0,1,0,1,1,0,1,0,0,0,0,1,0,0,0,0,0,1,0,0,0,0,0,0,-0.00819942,-0.00689857,-0.0046437,-0.00179963,-0.00689857,sell
2018-10-10,0,2,0,2,0,0,2,3,0,0,1,0,0,0,1,0,0,1,1,0,1,0,1,1,0,0,0,1,0,0,0,0,1,0,0,0,0,0,0,-0.00729200,-0.00437881, 0.0010264,-0.00431906,-0.00476221,sell
2018-10-11,1,0,0,1,1,2,3,3,0,0,0,0,1,0,1,0,1,1,1,1,1,1,0,1,0,0,0,1,0,0,0,0,1,0,0,0,0,0,1,-0.00460350,-0.00593803,-0.0057780, 0.00014305,-0.00711497,sell
2018-10-12,0,0,1,1,2,3,2,2,0,0,0,0,1,0,1,0,1,0,0,1,1,1,1,2,0,0,0,1,0,0,0,0,1,0,0,0,0,0,1,-0.00668218,-0.00608881,-0.0068786,-0.00387586,-0.00698392,sell
2018-10-13,0,1,0,0,2,0,4,3,0,0,0,0,1,0,0,0,0,1,1,1,0,1,1,1,0,0,0,1,0,0,0,0,1,0,0,0,0,0,1,-0.00779006,-0.00492712,-0.0041585, 0.00342105,-0.00478690,sell
2018-10-14,1,0,0,0,2,1,3,1,0,0,0,0,0,0,0,1,1,1,0,1,1,1,1,0,0,0,0,1,0,0,0,0,0,0,0,0,0,0,1, 0.00065975, 0.00120129, 0.0007559, 0.00065975, 0.00074263,buy
2018-10-15,1,0,0,0,1,1,3,0,0,0,0,0,0,0,0,1,1,1,1,0,1,0,1,1,0,0,0,0,0,0,0,0,0,0,0,0,0,0,1, 0.00034245, 0.00088456, 0.0004885, 0.00034245,-0.00079681,buy
2018-10-16,0,0,0,0,2,0,4,1,0,0,0,0,0,0,0,1,1,1,1,1,0,1,0,0,1,0,0,0,0,0,0,0,0,0,0,0,0,0,1, 0.00627714, 0.00615904, 0.0062771, 0.00573261, 0.00624175,buy
2018-10-17,0,0,0,0,2,1,3,2,0,1,0,0,0,0,0,1,1,0,1,0,1,0,1,0,1,0,0,0,0,0,0,0,0,0,0,0,0,0,1, 0.00400664, 0.00314889, 0.0040066, 0.00376753, 0.00315399,buy
2018-10-18,1,0,0,0,4,1,1,1,0,1,1,0,0,0,0,1,0,1,1,1,1,0,0,1,1,0,0,0,0,0,0,0,0,0,0,0,0,0,0, 0.00215250, 0.00082534, 0.0007414, 0.00053791,-0.00007831,buy
2018-10-19,2,0,0,0,2,2,1,2,0,1,1,0,0,0,0,0,1,0,0,1,1,1,1,1,1,0,0,0,0,0,0,0,0,0,0,0,0,0,0,-0.00032396,-0.00032396,-0.0002537,-0.00032396,-0.00239959,sell
2018-10-20,1,2,0,0,2,1,3,1,0,1,1,0,0,0,0,0,0,1,1,1,1,1,1,1,1,0,1,0,0,0,0,0,0,0,0,0,0,0,0, 0.00636205, 0.00474438, 0.0044517, 0.00489717, 0.00401829,buy
2018-10-21,1,2,0,0,2,2,3,1,0,1,0,1,1,0,0,0,1,1,1,1,0,1,1,0,1,0,1,0,0,0,0,0,0,0,0,1,0,0,0, 0.00067272, 0.00303642, 0.0020551, 0.00243706, 0.00206398,buy
2018-10-22,1,1,1,1,1,2,2,1,0,0,0,1,1,0,0,0,1,1,0,0,1,1,1,0,0,0,1,0,0,1,0,0,0,0,0,1,0,0,0, 0.00033093, 0.00060844, 0.0021279, 0.00168270, 0.00060844,buy
2018-10-23,0,2,0,1,1,1,3,2,0,0,0,1,1,0,0,0,1,1,1,1,0,0,0,1,0,0,1,0,0,1,0,0,0,0,0,1,0,0,0, 0.00306200, 0.00350419, 0.0033758, 0.00296986, 0.00341438,buy
2018-10-24,1,1,1,2,0,2,2,0,0,0,0,1,1,0,0,0,1,0,1,0,1,1,1,0,0,0,1,0,0,1,0,0,0,0,0,1,0,0,0, 0.00101691, 0.00198783, 0.0017783, 0.00177831, 0.00191420,buy
2018-10-25,3,1,0,1,0,0,3,1,0,0,0,0,0,0,0,0,0,1,1,1,2,0,0,1,0,0,0,0,1,1,0,0,0,0,0,1,1,0,0,-0.00300169,-0.00333159,-0.0030017,-0.00137988,-0.00300806,sell
2018-10-26,1,2,1,1,1,0,2,1,0,0,0,0,0,0,0,0,1,1,0,1,1,1,1,1,0,0,0,0,1,0,0,0,0,0,0,1,1,0,0,-0.00382730,-0.00412233,-0.0038090, 0.00028128,-0.00382730,sell
2018-10-27,0,1,3,1,0,1,2,1,1,0,0,0,0,0,0,0,0,0,1,1,1,1,1,1,0,0,0,0,1,0,0,0,0,0,0,1,1,1,0, 0.00333947, 0.00242213,-0.0008210, 0.00210245, 0.00265795,buy
2018-10-28,1,1,3,1,0,1,2,0,1,0,0,0,0,0,0,0,1,1,0,1,0,1,2,1,0,0,0,0,1,0,0,0,0,0,0,0,0,1,0,-0.01117117,-0.01074157,-0.0118756,-0.00811786,-0.01172414,sell
2018-10-29,2,2,1,3,0,1,2,0,1,0,0,0,0,0,1,1,1,1,1,0,1,1,1,1,0,0,0,0,1,0,0,0,0,0,0,0,0,1,0,-0.00391861,-0.00280602,-0.0028700,-0.00391751,-0.00295229,sell
2018-10-30,2,3,2,3,0,1,1,0,1,0,0,0,0,0,1,1,2,1,2,1,0,0,0,1,0,0,0,0,1,0,0,0,0,1,0,0,0,1,0,-0.00355198,-0.00410845,-0.0041085,-0.00417311,-0.00410845,sell
2018-10-31,1,2,3,1,1,1,0,2,1,0,0,0,0,0,1,1,1,0,2,0,1,1,1,0,0,0,0,0,0,0,0,1,0,1,0,0,0,1,0, 0.00316290, 0.00315783, 0.0028004, 0.00328089, 0.00234915,buy
2018-11-01,0,2,4,2,1,2,0,0,0,0,0,1,0,0,1,1,0,1,1,1,1,0,0,1,0,0,0,0,0,0,0,1,0,1,0,0,0,1,0, 0.00095070, 0.00060033, 0.0035398, 0.00060033, 0.00081824,buy
2018-11-02,2,3,1,1,2,2,1,1,0,0,0,1,1,0,1,1,1,0,0,1,1,1,1,1,0,0,0,0,0,0,0,1,0,1,0,0,0,1,0,-0.00689283, 0.00074361,-0.0091614, 0.00166801,-0.00072099,buy
2018-11-03,2,2,1,2,2,2,1,0,0,0,0,1,1,0,0,1,0,1,1,1,0,1,1,1,0,0,0,0,0,0,0,1,0,1,0,0,0,1,0,-0.00270192, 0.00342926, 0.0015176, 0.00316254, 0.00055140,buy
2018-11-04,1,2,2,1,2,2,1,1,0,0,0,1,1,0,0,0,1,2,0,0,1,1,1,0,0,0,1,0,0,0,0,1,0,1,0,0,0,1,0, 0.00327078, 0.00334009, 0.0035866, 0.00354819, 0.00358664,buy
2018-11-05,1,2,1,0,3,2,0,2,0,0,0,1,1,0,0,0,1,1,1,1,0,1,0,1,0,0,1,0,0,0,0,1,0,1,0,0,0,0,0, 0.00328052, 0.00106788, 0.0020397, 0.00124836, 0.00244170,buy
2018-11-06,2,2,0,1,3,0,1,0,0,0,0,0,1,0,0,0,1,1,1,0,1,0,1,0,0,0,1,0,0,0,0,1,0,1,0,0,0,0,0, 0.00079609,-0.00217974, 0.0027537,-0.00186434, 0.00082749,sell
2018-11-07,3,1,0,0,0,1,3,0,0,0,0,0,0,0,0,0,0,0,1,1,2,1,0,1,0,0,1,0,0,0,0,0,1,1,0,0,0,0,0, 0.00280032, 0.00317075, 0.0028426, 0.00151636, 0.00332069,buy
2018-11-08,2,0,1,0,0,2,2,1,0,0,0,0,0,0,0,0,1,1,0,2,1,0,1,1,0,0,1,0,0,0,0,0,1,0,0,0,0,0,0, 0.00278244, 0.00225401, 0.0023211, 0.00159554, 0.00259074,buy
2018-11-09,1,1,0,0,1,2,1,1,0,0,0,0,0,0,0,0,0,0,1,1,1,0,1,1,0,0,0,1,0,0,0,0,1,0,0,0,0,0,0, 0.00234831, 0.00282360, 0.0028236, 0.00215292, 0.00436921,buy
2018-11-10,1,1,0,0,3,0,3,1,0,0,0,0,0,0,0,0,0,1,1,1,0,1,1,1,0,0,0,1,0,0,1,0,1,0,0,0,0,0,0,-0.00432583,-0.00279854,-0.0018545,-0.00688833, 0.00032627,sell
2018-11-11,2,0,0,0,1,2,3,1,0,0,1,0,0,0,0,0,1,1,0,0,1,1,1,0,0,0,0,1,1,0,1,0,1,0,0,0,0,0,0, 0.00404377, 0.00408199, 0.0045974, 0.00323915, 0.00278328,buy
2018-11-12,1,0,0,0,0,3,4,1,0,0,1,0,0,0,0,0,1,1,1,1,0,1,0,1,0,0,0,1,1,0,1,0,1,0,0,0,0,0,0, 0.00429431, 0.00451172, 0.0042943, 0.00449979, 0.00427338,buy
2018-11-13,0,1,0,0,1,2,4,2,0,0,1,0,0,0,1,0,1,1,1,0,0,1,1,1,0,0,0,1,1,0,1,0,0,0,0,0,0,0,0, 0.00148564, 0.00226616, 0.0044489, 0.00145874,-0.00090684,buy
2018-11-14,0,1,0,0,2,1,1,1,0,0,1,0,0,0,1,0,0,0,1,0,1,0,0,0,0,0,0,0,1,0,1,0,0,0,0,0,0,0,0, 0.00032914, 0.00269833, 0.0041175, 0.00279803, 0.00066084,buy
2018-11-15,0,1,0,0,3,2,1,2,0,0,1,0,0,0,1,0,0,0,0,1,1,1,0,1,0,0,0,0,1,0,1,0,0,0,0,0,1,0,0,-0.00518657,-0.00201492,-0.0018154,-0.00326384,-0.00518657,sell
2018-11-16,0,1,0,0,1,2,3,2,0,0,1,0,0,0,1,0,1,1,0,1,1,0,1,1,0,0,0,0,0,0,1,0,0,0,0,0,1,0,0,-0.01157554,-0.01207732,-0.0078344,-0.01167430,-0.01210554,sell
2018-11-17,0,1,0,0,1,2,2,2,0,0,1,0,0,0,1,0,0,0,1,1,0,0,1,1,0,0,0,0,0,0,1,0,0,0,0,0,1,0,1,-0.00785239,-0.00914313,-0.0000797,-0.01033714,-0.00838449,sell
2018-11-18,2,1,0,0,3,0,2,2,0,0,1,0,0,0,1,0,1,1,0,0,0,1,1,1,0,0,0,0,0,0,1,0,0,0,0,0,1,0,1,-0.00370100,-0.01094386,-0.0016453,-0.01060163,-0.00401062,sell
2018-11-19,1,3,1,0,2,1,0,3,0,0,1,0,0,0,1,0,2,1,1,0,1,1,0,0,0,0,0,0,0,1,0,0,0,0,0,0,1,0,1,-0.00902079,-0.00970441,-0.0088643,-0.00834473,-0.00834473,sell
2018-11-20,0,2,2,0,0,2,0,4,0,0,1,0,0,0,1,0,1,1,1,1,0,1,1,1,0,0,0,0,0,1,0,0,0,0,0,0,0,0,1,-0.00773291,-0.00703171,-0.0057741,-0.00747180,-0.00651124,sell
2018-11-21,1,0,3,0,0,2,2,2,0,0,1,0,0,0,0,1,1,1,2,0,1,1,1,0,0,0,0,0,0,1,0,0,0,0,0,0,0,0,1, 0.00121662,-0.00101008, 0.0022058,-0.00092008, 0.00098696,buy
2018-11-22,2,1,1,0,0,1,1,1,0,0,0,0,0,0,0,1,0,0,1,1,1,0,0,1,0,0,0,0,0,1,0,0,0,0,0,0,0,0,1,-0.00160941, 0.00244678,-0.0014644,-0.00202617,-0.00160941,buy
2018-11-23,1,2,2,2,1,1,0,2,0,0,0,0,0,0,0,1,1,1,0,1,1,1,1,2,1,0,0,0,0,1,0,0,0,0,0,0,0,0,1, 0.00336999,-0.00085045, 0.0008393, 0.00025187,-0.00089497,buy
2018-11-24,0,1,2,0,1,3,0,2,0,0,0,0,1,0,0,1,0,0,1,1,0,0,1,2,1,0,0,1,0,0,0,0,0,0,0,0,0,0,1,-0.00259044, 0.00050180,-0.0038113,-0.00335282, 0.00247546,buy
2018-11-25,1,1,3,1,1,1,1,2,0,1,0,0,1,0,0,0,1,1,0,0,1,1,1,1,1,0,0,1,0,0,0,0,0,1,0,0,0,0,1,-0.00248713,-0.00438096,-0.0026513,-0.00248901,-0.00411818,sell
2018-11-26,1,4,0,2,1,2,0,2,1,1,0,1,1,1,0,0,1,1,1,1,0,1,0,0,1,0,0,1,0,0,0,0,0,1,0,0,0,1,1,-0.00176660,-0.00176964,-0.0016611, 0.00236450,-0.00194764,sell
2018-11-27,2,2,2,2,2,2,0,4,1,1,0,1,1,1,0,0,1,1,1,0,1,1,1,1,1,1,0,1,1,0,0,0,0,1,0,0,0,1,1,-0.00105038,-0.00189179,-0.0014551, 0.00117990,-0.00072833,sell
2018-11-28,0,2,4,1,1,2,0,2,1,0,0,1,0,1,0,0,0,1,1,1,2,0,0,0,1,1,0,1,1,0,0,0,0,1,0,0,0,1,1, 0.00279743, 0.00074589, 0.0007459, 0.00448185, 0.00279743,buy
2018-11-29,2,3,1,2,1,1,0,4,1,0,0,1,0,0,0,0,1,1,0,1,2,1,1,1,0,1,0,0,1,0,0,0,0,1,0,0,0,1,1, 0.00513280, 0.00513280, 0.0051328, 0.00676040, 0.00513280,buy
2018-11-30,2,3,1,3,1,0,1,3,0,0,0,0,0,0,1,1,0,1,1,1,1,1,1,1,0,1,0,0,1,0,0,0,0,1,0,0,0,1,1, 0.00418822, 0.00394345, 0.0041000, 0.00300270, 0.00481354,buy
2018-12-01,2,1,2,1,1,0,2,2,0,0,0,0,0,0,1,1,1,0,0,1,0,0,1,1,0,1,0,0,1,0,0,0,0,1,0,0,0,1,1, 0.00195945, 0.00348776, 0.0034878, 0.00090434, 0.00293324,buy
2018-12-02,0,1,3,1,1,0,3,4,0,0,0,0,0,0,1,1,1,1,1,1,1,1,0,0,0,1,0,0,1,0,0,0,0,1,0,0,0,1,1, 0.00309464, 0.00030978, 0.0020135,-0.00001912, 0.00321907,buy
2018-12-03,0,3,1,2,0,2,1,5,0,0,0,0,0,0,1,1,1,1,1,1,0,1,1,1,0,1,1,0,0,0,0,0,0,1,0,0,0,1,1, 0.00297787, 0.00042200, 0.0007529,-0.00358722, 0.00476463,buy
2018-12-04,2,2,1,1,2,0,1,4,0,0,0,0,0,0,1,0,1,1,1,0,1,1,0,1,0,1,1,0,0,1,0,0,0,1,0,0,0,1,1, 0.00098460,-0.00318917,-0.0031892,-0.00633087, 0.00165830,sell
2018-12-05,1,1,2,0,0,1,1,3,0,0,0,0,0,0,1,0,0,0,1,1,1,0,1,0,0,1,1,0,0,1,0,0,0,0,0,0,0,0,1,-0.00278973,-0.00309994,-0.0027897,-0.00278973,-0.00033624,sell
2018-12-06,0,1,2,0,1,1,1,3,0,0,0,0,0,0,1,0,1,0,0,1,1,0,1,1,0,1,1,0,0,1,0,0,0,0,0,0,0,0,1,-0.00128497,-0.00265876,-0.0011722,-0.00128497,-0.00027877,sell
2018-12-07,0,2,1,0,1,1,0,5,0,0,0,0,0,0,1,0,0,1,1,1,0,1,1,1,0,1,1,0,0,1,0,0,0,0,0,0,0,0,1,-0.00594840,-0.00587867,-0.0049304,-0.00594840,-0.00298047,sell
2018-12-08,1,1,1,0,2,1,0,2,0,0,0,0,0,0,1,0,1,0,0,0,0,0,1,1,0,1,0,0,0,1,1,0,0,0,0,0,0,0,1, 0.00011717,-0.00014356,-0.0016436, 0.00009937,-0.00007747,buy
2018-12-09,0,0,1,0,2,2,2,1,0,0,0,0,0,0,1,0,1,1,1,0,1,1,0,0,0,0,0,0,0,0,1,0,0,0,0,0,1,0,1,-0.00601284,-0.00096036,-0.0060465,-0.00552064,-0.00601284,sell
2018-12-10,0,0,1,0,3,5,0,2,0,0,0,0,0,0,1,0,1,1,1,1,0,1,1,0,0,0,0,1,0,0,1,1,0,0,0,0,1,0,1, 0.00683288,-0.00054916, 0.0000053,-0.00054916,-0.00132145,buy
2018-12-11,0,0,1,0,3,5,1,2,0,0,0,0,0,0,1,0,1,1,1,0,1,1,1,1,0,0,0,1,0,0,1,1,0,0,0,0,1,0,1, 0.00575288, 0.00313647, 0.0044978, 0.00313647, 0.00308402,buy
2018-12-12,0,0,1,0,5,3,1,1,0,0,0,0,0,0,1,0,0,1,1,1,1,1,0,0,0,0,0,1,0,0,1,1,0,0,0,0,1,0,1, 0.00422375, 0.00335953, 0.0031292, 0.00312916, 0.00053922,buy
2018-12-13,0,0,1,0,3,4,2,1,0,0,0,0,0,0,1,0,0,0,0,1,1,0,1,1,0,0,0,1,0,0,1,1,0,0,0,1,1,0,1, 0.00318006, 0.00471538, 0.0058994, 0.00471538, 0.00091771,buy
2018-12-14,0,0,0,0,3,4,2,2,0,0,0,0,0,0,0,0,1,1,1,1,1,0,1,1,0,0,0,1,0,0,1,1,0,0,0,1,1,0,1, 0.00012024, 0.00106778, 0.0042599, 0.00106778,-0.00083197,buy
2018-12-15,0,0,0,0,2,3,2,1,0,0,0,0,0,0,0,0,0,1,0,1,0,1,1,1,0,0,0,0,0,0,1,1,0,0,0,1,1,0,0, 0.00108717, 0.00139183, 0.0007221,-0.00236177, 0.00014989,buy
2018-12-16,1,0,0,0,2,2,2,1,0,0,0,1,0,0,0,0,1,0,0,0,1,0,1,1,0,0,0,0,0,0,0,1,0,0,0,1,1,0,0,-0.00412301,-0.00430630,-0.0041230,-0.00412301,-0.00867239,sell
2018-12-17,1,1,0,0,3,2,1,1,0,0,0,1,0,0,0,0,1,1,1,1,0,1,0,0,0,0,0,0,0,0,0,1,0,0,0,1,1,0,0,-0.00658857,-0.00298253,-0.0066833,-0.00765298,-0.00684081,sell
2018-12-18,2,1,1,0,1,4,1,1,0,0,0,1,0,0,0,0,2,1,1,0,0,1,1,1,0,0,0,0,0,1,0,1,0,0,0,1,1,0,0,-0.00628296,-0.00658110,-0.0081358,-0.00823613,-0.00789840,sell
2018-12-19,4,1,1,0,0,3,4,1,1,0,0,1,0,0,0,1,1,2,1,1,1,1,0,1,0,0,0,0,0,1,0,0,0,1,0,1,1,0,0, 0.00336577,-0.00072484, 0.0000756, 0.00230871, 0.00014357,buy
2018-12-20,3,2,1,0,2,1,2,0,1,0,0,0,1,0,0,1,0,1,0,2,1,1,1,0,0,0,0,0,0,1,0,0,0,1,0,0,1,0,0,-0.00294133,-0.00283508,-0.0012481,-0.00130258,-0.00301692,sell
2018-12-21,3,1,2,1,1,2,1,1,1,0,0,0,1,0,0,1,1,0,1,2,1,0,1,1,0,0,0,0,0,1,0,0,0,1,0,0,1,0,0,-0.00426066,-0.00426066,-0.0032790,-0.00348071,-0.00421701,sell
2018-12-22,2,1,1,1,1,1,2,1,1,0,0,0,1,0,0,1,0,1,0,1,0,1,1,1,0,0,0,0,0,1,0,0,0,1,0,0,1,0,0,-0.00229572,-0.00278869, 0.0001358,-0.00075596,-0.00185312,sell
2018-12-23,2,1,2,2,1,1,1,1,1,0,1,0,1,0,1,1,1,0,1,1,1,0,0,1,0,0,0,0,0,0,0,0,0,1,0,0,1,0,0, 0.00499189, 0.00465214, 0.0002156, 0.00603232, 0.00465214,buy
2018-12-24,2,3,1,1,0,1,1,2,0,0,1,0,0,0,1,1,1,1,1,1,0,1,1,0,0,0,0,0,0,0,0,0,0,1,0,0,1,0,0,-0.00542916,-0.00513633,-0.0060172,-0.00377588,-0.00556738,sell
2018-12-25,1,3,4,1,0,1,0,1,0,0,1,0,0,0,1,0,1,1,1,1,1,2,0,1,0,0,0,0,0,0,0,0,0,0,0,0,1,0,0,-0.00332825,-0.00160143,-0.0018497,-0.00291547,-0.00085533,sell
2018-12-26,2,3,2,0,0,1,1,1,0,0,1,0,0,0,1,0,0,1,0,1,1,2,1,0,0,0,0,0,0,0,0,0,0,0,1,0,1,0,0,-0.00414502,-0.00461754,-0.0039898,-0.00523740,-0.00406877,sell
2018-12-27,2,2,1,1,0,1,1,1,0,0,0,0,0,0,0,0,1,0,1,1,1,1,1,1,0,0,0,0,0,0,0,0,0,0,1,0,1,0,0,-0.00985275,-0.00991597,-0.0100602,-0.01010323,-0.00985275,sell
2018-12-28,1,1,1,1,1,1,1,0,0,0,0,1,0,0,0,0,0,1,0,1,0,0,1,1,0,0,0,0,0,0,0,0,0,0,1,0,1,0,0,-0.00246360,-0.00116264,-0.0024636,-0.00246360,-0.00103208,sell
2018-12-29,1,0,1,0,1,1,2,2,0,0,0,1,0,0,0,0,1,0,1,0,1,1,0,1,0,0,0,0,0,0,0,0,0,0,1,0,1,0,0,-0.00172911,-0.00188075,-0.0038544,-0.00231946,-0.00392774,sell
2018-12-30,0,1,2,1,1,2,1,1,0,0,0,1,0,0,0,0,1,1,2,1,0,0,1,0,0,0,0,0,0,0,0,0,0,0,1,0,1,0,0,-0.00159051,-0.00031062,-0.0003106,-0.00169667,-0.00388467,sell
2018-12-31,0,1,1,1,3,1,3,0,0,0,0,1,0,0,0,0,1,1,1,0,1,1,1,0,1,0,0,0,1,0,0,0,0,0,1,0,1,0,0,-0.00002498, 0.00075503, 0.0007550, 0.00075503, 0.00484143,buy
2019-01-01,1,1,0,0,2,3,2,1,0,0,0,0,0,0,0,0,1,1,1,1,2,1,0,1,1,0,0,0,1,0,0,0,0,0,0,0,1,0,0,-0.00390009,-0.00109997,-0.0051564,-0.00234887, 0.00259310,buy
2019-01-02,2,0,1,0,1,5,1,0,0,0,0,0,0,0,1,0,0,1,0,1,1,1,1,0,1,0,1,0,1,0,0,0,0,0,0,1,1,0,0,-0.00110703, 0.00037780,-0.0001189,-0.00011893, 0.00053022,buy
2019-01-03,1,1,0,0,4,2,2,1,0,0,0,0,0,0,1,0,1,0,1,1,1,1,1,1,1,0,1,0,1,0,0,0,0,0,0,1,1,0,0,-0.00554285,-0.00546304,-0.0048912,-0.00370321, 0.00077596,sell
2019-01-04,2,0,1,0,2,4,1,1,0,0,0,0,0,0,1,1,0,1,0,1,0,0,1,1,1,0,1,0,1,0,0,0,0,0,0,1,1,1,0,-0.00106136,-0.00179665,-0.0031560,-0.00261574,-0.00235837,sell
2019-01-05,1,0,1,0,3,4,2,1,0,0,0,0,0,0,1,1,1,1,1,0,1,1,0,1,1,0,1,0,0,0,1,0,0,0,0,1,1,1,0,-0.00297788,-0.00297788,-0.0035494,-0.00354937,-0.00186895,sell
2019-01-06,0,0,1,0,3,4,2,1,0,1,0,0,0,0,0,1,2,0,1,1,0,1,0,1,0,0,1,0,0,0,1,0,0,0,0,1,1,1,0, 0.00154015, 0.00236349, 0.0001140, 0.00154015, 0.00102121,buy
2019-01-07,0,0,1,0,1,4,1,2,0,1,0,0,0,0,0,1,1,1,1,0,0,0,1,0,0,0,0,0,0,0,1,0,0,0,0,0,1,1,0,-0.00070236,-0.00070236,-0.0008180, 0.00206485,-0.00047343,buy
2019-01-08,0,0,1,0,5,3,1,1,0,1,0,0,0,0,0,1,1,1,1,1,1,1,0,1,0,0,0,0,0,0,1,0,0,0,0,0,1,1,0, 0.00339838, 0.00319221, 0.0037097, 0.00351731, 0.00330600,buy
2019-01-09,0,0,0,0,3,3,1,1,0,1,0,0,0,0,0,0,0,1,0,1,1,1,1,1,0,0,0,1,0,0,1,0,0,0,0,0,1,0,0, 0.00198641, 0.00238285, 0.0013027, 0.00053845,-0.00238686,buy
2019-01-10,0,0,0,0,2,4,1,2,0,1,0,0,0,0,0,0,1,1,1,1,1,1,1,0,0,0,0,1,0,0,1,0,0,0,0,0,1,0,0, 0.00384997, 0.00410766, 0.0040433, 0.00375063, 0.00201064,buy
2019-01-11,0,0,0,0,2,3,3,1,0,0,0,0,0,0,0,0,1,0,1,1,1,1,1,1,0,0,0,1,0,0,1,0,0,0,1,0,1,0,0, 0.00246144, 0.00349290, 0.0034929, 0.00230687,-0.00065363,buy
2019-01-12,0,0,0,0,2,3,0,0,0,0,0,0,1,0,0,0,0,1,0,0,0,0,1,1,0,0,0,1,0,0,1,0,0,0,1,0,1,0,0, 0.00007251, 0.00017905, 0.0028033, 0.00286829,-0.00058090,buy
2019-01-13,2,0,0,0,2,2,2,2,1,0,1,0,1,0,0,0,1,1,1,1,1,0,0,1,0,0,0,1,0,0,0,0,1,0,1,0,1,0,0, 0.00233990, 0.00604245, 0.0008128, 0.00217635, 0.00727851,buy
2019-01-14,1,1,0,0,1,3,2,2,1,0,1,0,1,0,0,0,1,0,1,1,0,1,1,1,0,0,0,0,0,0,0,0,1,0,1,0,1,0,0, 0.00064624, 0.00339990, 0.0008128,-0.00026404, 0.00390278,buy
2019-01-15,2,0,1,0,2,2,2,0,1,0,1,0,0,0,0,0,1,1,1,0,1,0,0,0,0,0,0,0,0,0,0,0,1,0,1,0,1,0,0,-0.00087967, 0.00225732, 0.0011396, 0.00153932, 0.00215988,buy
2019-01-16,3,1,1,0,2,2,1,1,1,0,0,0,0,0,0,0,1,1,1,1,1,1,1,1,0,0,0,0,0,0,0,0,1,0,0,0,1,0,0,-0.00484531,-0.00472510,-0.0043891,-0.00140376,-0.00685001,sell
2019-01-17,1,3,1,0,1,3,1,2,0,0,0,1,0,0,0,0,0,1,1,1,2,1,2,0,0,0,1,0,0,1,0,0,1,0,0,0,1,0,0,-0.00514837,-0.00115396, 0.0001000,-0.00440981, 0.00152767,sell
2019-01-18,2,2,3,1,2,4,2,2,0,0,0,1,0,0,0,1,1,1,1,1,1,2,2,1,1,0,1,0,0,1,0,0,1,0,0,1,1,1,0,-0.00144213,-0.00250088,-0.0052041,-0.00144213,-0.00113806,sell
2019-01-19,1,2,1,1,2,3,1,3,0,0,0,1,0,0,0,1,0,1,0,0,1,1,1,1,1,0,1,0,0,1,0,0,1,1,0,1,1,1,0, 0.00371670, 0.00036450, 0.0014912, 0.00313016, 0.00345373,buy
2019-01-20,2,1,2,2,2,3,0,4,0,0,0,1,0,0,0,1,1,1,1,1,1,0,1,1,1,0,1,0,0,1,0,1,1,1,0,1,1,1,0, 0.00426911, 0.00236360, 0.0024158, 0.00237755, 0.00393791,buy
2019-01-21,1,3,1,1,2,3,0,3,0,0,0,0,0,0,0,1,1,0,1,0,1,1,1,0,1,0,1,0,0,1,0,1,1,1,0,1,1,1,0, 0.00333321, 0.00120959,-0.0005875, 0.00263926, 0.00254893,buy
2019-01-22,4,2,3,1,2,3,0,2,0,0,1,0,0,0,1,1,1,1,1,1,2,0,1,1,1,0,0,0,0,0,0,1,1,1,0,1,1,1,0, 0.00183189, 0.00087052,-0.0001279,-0.00197593, 0.00183189,buy
2019-01-23,3,4,1,0,0,4,0,2,1,0,1,0,0,0,1,0,0,1,0,1,2,1,2,0,1,0,0,0,0,0,0,1,1,1,0,0,1,0,0,-0.00454540, 0.00187566,-0.0047710,-0.00495815,-0.00119680,sell
2019-01-24,2,2,3,1,0,3,0,2,1,0,1,0,0,0,1,0,1,1,1,1,1,1,2,1,0,0,0,0,0,0,0,1,0,0,0,0,1,0,0,-0.00663700,-0.00218738,-0.0067721,-0.00629857,-0.00372984,sell
2019-01-25,1,1,2,0,1,3,0,0,1,0,1,0,0,0,0,0,0,0,0,0,0,1,1,2,0,0,0,0,0,0,0,0,0,0,1,0,1,0,0,-0.00151638,-0.00166325,-0.0015164,-0.00302805,-0.00184823,sell
2019-01-26,0,1,1,1,1,2,1,2,1,0,0,0,0,0,0,0,1,1,1,1,1,0,0,1,0,0,0,0,0,0,0,0,0,0,1,0,1,0,0,-0.00765995,-0.00750133,-0.0076599,-0.00789609,-0.01111338,sell
2019-01-27,1,1,0,1,1,2,0,1,0,0,0,0,0,1,0,0,1,0,1,0,0,1,1,1,0,0,0,0,0,0,0,0,0,0,1,0,1,0,0,-0.00179601,-0.00274131,-0.0015909,-0.00304808,-0.00182734,sell
2019-01-28,1,0,1,0,2,1,2,1,0,0,0,0,0,1,0,0,1,1,1,1,1,1,0,0,0,0,0,0,0,0,0,0,0,0,1,0,1,0,0, 0.00420294,-0.00036419, 0.0004775,-0.00036419, 0.00375120,buy
2019-01-29,0,1,1,0,1,2,1,1,0,0,0,0,0,1,0,0,0,1,0,1,1,0,1,1,0,0,0,0,0,0,0,0,0,0,1,0,1,0,0, 0.00208318, 0.00091876, 0.0009188, 0.00097000, 0.00198624,buy
2019-01-30,0,2,0,0,1,2,1,1,0,0,0,0,0,1,0,0,1,1,1,1,1,1,1,0,0,0,0,0,0,0,0,0,0,0,0,0,1,0,0, 0.00656420, 0.00279211, 0.0029500, 0.00279243, 0.00347704,buy
2019-01-31,2,0,0,0,3,2,1,0,0,0,1,0,1,1,0,0,1,1,0,1,0,1,1,1,0,0,0,0,0,0,0,0,0,0,0,0,1,0,0, 0.01033939, 0.01046435, 0.0069263, 0.01036353, 0.01047657,buy
2019-02-01,2,0,0,0,3,1,1,0,0,0,1,0,1,1,0,0,0,0,0,0,0,1,1,1,0,0,0,0,0,0,0,0,0,0,0,0,1,1,0, 0.00930379, 0.00930379, 0.0023710, 0.00923678, 0.00930379,buy
2019-02-02,1,0,0,0,6,2,3,1,1,0,1,0,1,0,0,0,1,1,1,1,1,1,0,1,0,0,1,0,1,0,0,0,0,0,0,0,1,1,1, 0.00274123, 0.00247244, 0.0027412,-0.00022625, 0.00293383,buy
2019-02-03,1,0,0,0,5,3,2,2,1,0,1,0,1,0,0,0,1,1,1,1,0,0,1,1,0,0,1,0,1,0,0,0,0,0,0,0,1,1,1,-0.00417137,-0.00422907,-0.0043174,-0.00551739,-0.00382086,sell
2019-02-04,1,0,0,0,5,1,3,0,1,0,0,1,0,0,0,0,1,0,1,0,1,1,0,0,0,0,1,0,1,0,0,0,0,0,0,0,1,1,1, 0.00575063, 0.00575063, 0.0057506, 0.00484876, 0.00619927,buy
2019-02-05,0,0,0,0,5,2,6,0,1,0,0,1,0,0,0,0,1,1,0,1,2,1,1,0,1,0,1,0,1,0,0,0,0,0,0,0,1,0,1, 0.00847809, 0.00823912, 0.0075203, 0.00741125, 0.00822649,buy
2019-02-06,0,0,0,0,3,4,4,0,0,1,0,1,0,0,0,0,0,1,0,1,1,0,1,1,1,0,1,0,1,0,0,0,0,0,0,0,1,0,1, 0.00427498, 0.00375854,-0.0003386, 0.00375854, 0.00375854,buy
2019-02-07,0,0,0,0,2,3,5,1,0,1,0,1,0,0,0,0,1,1,1,1,1,1,1,0,1,0,0,0,0,0,0,0,0,0,0,0,1,0,1, 0.00108256, 0.00115910,-0.0029360, 0.00115910, 0.00150138,buy
2019-02-08,0,0,0,0,4,2,5,0,0,1,0,0,0,0,1,0,0,1,0,1,0,1,1,1,1,0,0,1,0,0,0,0,0,0,0,0,1,0,1,-0.00243268,-0.00370405,-0.0044543,-0.00370405,-0.00367349,sell
2019-02-09,0,0,0,0,3,3,3,1,0,1,0,0,1,0,1,0,0,0,1,0,1,1,0,1,1,0,0,1,0,0,0,0,0,0,0,0,1,0,0,-0.00238729, 0.00106986,-0.0034441, 0.00024354,-0.00281401,sell
2019-02-10,1,0,0,0,2,4,3,2,0,0,0,0,1,0,1,0,1,1,2,1,1,1,1,1,1,0,0,1,0,0,0,0,0,0,0,0,1,0,0, 0.00121132, 0.00101978,-0.0002191, 0.00118744, 0.00094447,buy
2019-02-11,0,1,0,0,1,3,2,0,0,0,0,0,1,0,1,0,1,1,1,0,0,0,1,1,0,0,0,1,0,0,0,0,0,0,0,0,1,0,0, 0.00005857,-0.00043885, 0.0001105, 0.00005857,-0.00116447,buy
2019-02-12,2,0,1,0,1,2,1,1,0,0,0,0,1,0,0,1,1,0,1,1,1,1,0,0,0,0,0,1,0,0,0,0,0,0,0,0,1,0,0, 0.00124092, 0.00479241, 0.0020737, 0.00192521,-0.00059086,buy
2019-02-13,0,2,0,0,3,2,0,2,0,0,0,1,0,0,0,1,0,1,0,1,1,1,1,1,0,0,0,1,0,0,0,0,0,0,0,0,1,0,0, 0.00209557, 0.00522677, 0.0052268, 0.00209557, 0.00726645,buy
2019-02-14,0,1,2,1,0,4,0,2,0,0,0,1,0,0,0,1,1,1,1,2,1,0,1,1,0,0,0,0,0,0,0,0,0,0,0,0,1,0,0, 0.00207011,-0.00283017, 0.0022550, 0.00196236, 0.00132717,buy
2019-02-15,2,0,1,1,0,2,3,0,0,0,0,1,0,0,0,1,1,1,0,1,0,1,1,1,0,0,0,0,0,0,0,0,0,1,0,0,1,0,0, 0.00505067, 0.00533534, 0.0020405, 0.00250844, 0.00499383,buy
2019-02-16,2,1,1,1,0,1,2,0,0,0,0,0,0,0,0,0,1,0,1,0,1,1,0,1,0,0,0,0,0,1,0,0,0,1,0,1,1,0,0,-0.00166060, 0.00203740,-0.0015828, 0.00120803,-0.00185844,buy
2019-02-17,0,3,2,1,0,1,2,2,0,0,0,0,0,0,1,0,2,1,1,1,0,1,1,1,0,0,0,0,0,1,0,0,0,1,0,1,0,0,0, 0.00470918, 0.00470918, 0.0053327, 0.00281340, 0.00227452,buy
2019-02-18,1,1,3,0,0,2,3,0,0,0,1,0,1,0,1,0,2,0,1,0,1,0,0,1,0,0,0,0,1,1,0,0,0,1,0,1,0,0,0, 0.00148574, 0.00134747, 0.0013743, 0.00145994,-0.00017672,buy
2019-02-19,3,2,1,1,0,2,3,0,0,0,1,0,1,0,1,0,1,1,0,2,1,1,1,0,0,0,0,0,1,1,0,0,0,1,0,1,0,0,0,-0.00229747,-0.00283484,-0.0027835,-0.00308422,-0.00256978,sell
2019-02-20,2,3,0,2,1,2,2,1,0,1,1,0,1,0,0,0,1,1,1,2,1,0,1,1,0,0,0,0,1,1,0,1,0,0,0,1,0,0,0,-0.00007377, 0.00092774, 0.0010295,-0.00028618,-0.00021088,buy
2019-02-21,1,1,3,0,1,2,1,2,1,1,0,0,1,0,0,0,1,2,0,1,0,1,1,0,0,0,0,0,1,0,0,1,0,0,1,0,0,0,0,-0.00483858,-0.00360300,-0.0040701,-0.00447287,-0.00291222,sell
2019-02-22,0,1,3,0,1,2,3,2,1,1,0,1,0,0,0,0,1,1,1,0,1,1,0,1,0,1,0,0,1,0,0,1,0,0,1,0,0,0,0, 0.00033957,-0.00075903,-0.0010121,-0.00059051, 0.00101647,buy
2019-02-23,1,3,0,1,1,2,3,2,1,1,0,1,0,0,0,0,1,0,1,1,0,2,1,1,0,1,0,0,1,0,0,1,0,0,1,0,0,0,0,-0.00125691, 0.00131363,-0.0033746, 0.00109976, 0.00131363,buy
2019-02-24,3,0,0,1,0,3,3,1,1,1,0,1,0,0,0,0,1,1,1,0,1,1,0,1,0,1,0,1,0,0,0,0,0,0,1,0,0,0,0, 0.00671785, 0.00377591, 0.0033727, 0.00616520, 0.00616520,buy
2019-02-25,0,0,1,0,1,4,4,0,0,1,0,1,0,0,0,0,1,0,0,1,2,0,1,0,0,1,0,1,0,0,0,0,0,0,0,0,0,0,1,-0.00047943, 0.00121582,-0.0004451, 0.00171214,-0.00047943,buy
2019-02-26,0,1,2,0,0,4,1,2,0,0,0,0,0,0,0,0,0,1,0,1,1,1,2,1,0,1,0,1,0,0,0,0,0,0,0,0,0,0,1,-0.00256709,-0.00259305,-0.0025931,-0.00254152,-0.00254152,sell
2019-02-27,0,2,0,0,2,2,1,3,0,0,0,0,0,0,0,0,1,1,1,1,1,0,1,1,0,1,0,1,0,0,0,0,0,0,0,0,0,1,1,-0.00211405,-0.00211405,-0.0026225,-0.00019012,-0.00078392,sell
2019-02-28,2,0,0,0,1,3,2,1,0,0,0,0,0,0,1,0,0,1,0,0,0,1,1,0,0,1,0,1,0,0,0,0,0,1,0,0,0,1,1,-0.00472896,-0.00016238,-0.0051064,-0.00422569,-0.00102140,sell
2019-03-01,1,0,0,0,2,2,4,1,0,0,0,0,0,0,1,0,1,1,1,0,1,1,0,1,0,1,0,0,0,0,0,0,0,1,0,0,0,1,1,-0.00311125,-0.00225759,-0.0038521,-0.00291663,-0.00225759,sell
2019-03-02,0,0,0,0,2,5,1,2,0,0,0,0,0,0,1,0,1,0,1,1,0,1,1,1,0,1,0,0,0,0,0,0,0,1,0,0,0,1,1,-0.00379658,-0.00208991,-0.0037272,-0.00357013,-0.00208796,sell
2019-03-03,0,0,0,0,3,5,1,2,0,0,0,0,0,0,1,0,1,1,1,0,0,1,0,1,0,1,0,0,0,1,0,0,0,1,0,0,0,1,1,-0.00559532,-0.00380320,-0.0051004,-0.00629008,-0.00333400,sell
2019-03-04,0,0,0,0,6,2,2,0,0,0,0,0,0,0,1,0,1,0,1,1,1,1,0,1,0,1,0,0,0,1,1,0,0,1,0,0,0,0,0,-0.00184946,-0.00197124,-0.0042096,-0.00184946,-0.00184946,sell
2019-03-05,0,0,0,0,1,4,2,0,0,1,0,0,0,0,1,0,0,0,0,1,1,0,1,0,0,1,1,0,0,1,1,0,0,0,0,0,0,0,0, 0.00517981, 0.00524579, 0.0026092,-0.00098535, 0.00345341,buy
2019-03-06,0,0,0,0,1,5,3,0,0,1,0,0,0,0,1,0,0,1,1,1,1,1,1,1,0,1,1,0,0,1,1,1,0,0,0,0,0,0,0, 0.00555406, 0.00582113, 0.0045302, 0.00031542, 0.00439273,buy
2019-03-07,0,0,0,0,2,4,3,1,0,1,0,0,0,0,1,0,1,1,0,1,1,0,1,0,0,0,1,0,1,1,1,1,0,0,0,0,0,0,0, 0.00135087, 0.00141290,-0.0029424,-0.00383964, 0.00156430,buy
2019-03-08,0,0,0,0,3,2,1,0,0,1,0,0,0,0,1,0,0,1,0,0,0,0,1,0,0,0,1,0,1,0,1,1,0,0,0,0,0,0,0,-0.00174175,-0.00106566,-0.0032203,-0.00441333,-0.00131856,sell
2019-03-09,1,0,0,0,5,2,1,2,0,1,0,0,0,0,1,0,1,1,1,1,1,1,0,1,0,0,1,0,1,0,1,1,0,0,0,0,0,0,0, 0.00407067, 0.00380148, 0.0050917,-0.00401110, 0.00448260,buy
2019-03-10,0,1,0,0,1,3,1,0,0,0,0,0,0,0,1,0,1,0,1,0,0,1,1,1,0,0,0,0,1,0,1,0,0,0,0,0,0,0,0, 0.00830650, 0.00973173, 0.0089626, 0.00975811, 0.00385484,buy
2019-03-11,2,1,0,0,0,0,5,1,0,0,0,0,0,0,0,0,1,1,1,1,1,1,0,1,1,0,0,1,1,0,1,0,0,0,0,0,0,0,0, 0.00065576, 0.00065595, 0.0005577, 0.00016511, 0.00204020,buy
2019-03-12,1,1,1,0,1,0,2,1,0,0,0,0,0,0,0,0,1,0,0,1,1,1,1,0,1,0,0,1,0,0,0,0,0,0,0,0,0,0,0,-0.00109109,-0.00154525,-0.0012482,-0.00109109,-0.00331258,sell
2019-03-13,0,2,1,0,2,1,1,2,0,0,0,0,0,0,0,0,0,1,1,1,2,0,1,0,1,0,0,1,0,0,0,0,0,1,0,0,0,0,0,-0.00580870,-0.00205034,-0.0020503,-0.00224739,-0.00586373,sell
2019-03-14,0,0,2,1,2,0,3,5,1,0,0,1,0,1,0,0,1,1,1,1,1,1,1,1,1,0,0,1,0,0,0,0,0,1,0,0,0,0,0,-0.00189155,-0.00159173,-0.0015917,-0.00189155, 0.00343851,sell
2019-03-15,1,0,0,0,2,1,3,2,1,0,0,1,0,1,0,0,0,1,1,0,0,0,1,0,1,0,0,1,0,0,0,0,0,1,0,1,0,0,0, 0.00355551, 0.00407441, 0.0040744, 0.00355551, 0.00262169,buy
2019-03-16,3,0,1,2,2,0,3,3,1,1,0,1,0,1,0,1,1,1,1,1,1,1,1,1,1,0,0,0,0,0,0,0,0,1,0,1,0,0,0,-0.00239979,-0.00223873,-0.0023998,-0.00223873, 0.00011821,sell
2019-03-17,0,4,0,0,2,0,2,3,1,1,0,1,0,0,0,1,1,0,1,0,0,1,1,1,0,0,0,0,0,0,0,0,1,1,0,1,0,0,0, 0.00199437,-0.00047836, 0.0019944, 0.00004264, 0.00320567,buy
2019-03-18,1,1,5,0,2,0,3,2,0,1,0,1,1,0,0,1,1,1,1,1,1,2,0,1,0,0,0,0,0,0,0,0,1,0,0,1,0,0,1, 0.00486833, 0.00343896, 0.0046619, 0.00224847, 0.00188699,buy
2019-03-19,1,2,1,0,4,0,3,1,0,1,0,0,1,0,0,1,0,0,0,1,1,1,1,0,0,0,0,0,0,1,0,1,1,0,1,1,0,0,1, 0.00488047,-0.00143148, 0.0018843, 0.00257707, 0.00358624,buy
2019-03-20,3,1,0,3,3,0,2,2,0,0,0,0,1,0,0,0,1,1,1,1,1,1,1,1,0,0,0,0,0,1,0,1,1,0,1,0,0,0,1, 0.00365449, 0.00372267, 0.0042068, 0.00347906, 0.00388940,buy
2019-03-21,0,1,1,1,3,0,2,1,0,0,1,0,1,0,0,0,0,1,0,0,0,1,1,0,0,0,0,0,0,1,0,1,1,0,1,0,0,0,1, 0.00345353, 0.00713552, 0.0077237, 0.00362917, 0.00782137,buy
2019-03-22,0,0,3,0,3,1,3,3,0,0,1,0,1,0,1,0,1,1,1,1,1,0,0,1,0,0,0,0,0,1,0,1,1,0,1,0,0,0,1,-0.00386134,-0.00588905,-0.0058891,-0.00156310,-0.00607373,sell
2019-03-23,0,2,1,1,2,2,2,1,0,0,1,0,1,0,1,0,1,0,1,0,0,1,1,1,0,0,0,0,0,1,0,1,1,0,0,0,0,0,1, 0.00465047, 0.00837335, 0.0078731, 0.00527709, 0.00722602,buy
2019-03-24,2,1,0,1,2,1,2,1,0,0,1,0,0,0,1,0,1,1,1,1,1,1,0,1,0,0,0,0,0,0,0,0,1,0,0,0,0,0,1, 0.00008006, 0.00010451, 0.0001045, 0.00467080, 0.00022796,buy
2019-03-25,2,0,1,1,0,3,1,1,0,0,1,0,0,0,1,0,0,1,0,1,1,1,1,1,0,0,0,0,0,0,0,0,1,0,0,0,0,1,0,-0.00736841,-0.00594260,-0.0071703,-0.00719362,-0.00717030,sell
2019-03-26,0,1,0,0,2,2,1,1,0,0,1,0,0,0,1,0,1,0,1,2,1,0,1,0,0,0,0,0,0,0,0,0,0,0,0,0,0,1,0,-0.00074654,-0.00164680,-0.0034281,-0.00169775,-0.00315877,sell
2019-03-27,1,0,1,0,1,1,1,1,0,0,1,0,0,0,1,0,1,1,0,1,0,0,1,1,0,0,0,0,0,0,0,0,0,0,0,0,0,1,0,-0.00393311,-0.00470127,-0.0039011,-0.00385386,-0.00408961,sell
2019-03-28,0,1,0,0,0,1,2,1,0,0,1,0,0,0,1,0,0,1,1,0,0,1,0,0,0,0,0,0,0,0,0,0,0,0,0,0,0,1,0, 0.00222798,-0.00133618, 0.0019618, 0.00203508, 0.00004343,buy
2019-03-29,1,0,0,0,1,2,3,0,0,0,1,0,0,0,1,0,1,1,1,1,1,0,0,1,0,0,0,0,0,0,0,0,0,0,0,1,0,1,0, 0.00127752,-0.00086840, 0.0008394, 0.00099226, 0.00043217,buy
2019-03-30,1,0,0,0,0,4,2,1,0,0,1,0,0,0,1,0,1,1,1,0,0,1,1,1,0,0,0,0,0,0,0,0,0,0,0,1,0,0,0, 0.00665692,-0.00161121, 0.0064743, 0.00360833,-0.00171627,buy
2019-03-31,0,0,0,0,3,5,2,0,0,0,1,0,0,0,1,0,2,0,1,1,1,1,0,1,0,0,0,0,0,0,0,0,0,0,1,1,0,0,0, 0.00584314, 0.00741946, 0.0047484, 0.00671281, 0.00405392,buy
2019-04-01,0,0,0,0,2,5,2,1,0,0,1,0,0,0,1,0,1,1,0,1,1,1,1,1,0,0,0,0,0,0,0,0,0,0,1,1,0,0,0, 0.00457885, 0.00722839, 0.0052268, 0.00486437, 0.00226459,buy
2019-04-02,0,0,0,0,1,5,0,0,0,0,1,0,0,0,1,0,0,0,1,1,1,1,1,0,0,0,0,0,0,0,0,0,0,0,1,0,0,0,0, 0.00709800, 0.00876073, 0.0075893, 0.00740347, 0.00541764,buy
2019-04-03,0,0,0,0,0,3,2,1,0,0,1,0,0,0,1,0,1,0,1,1,1,0,1,0,0,0,0,0,0,0,0,0,0,0,1,0,0,0,0, 0.00339721, 0.00650455, 0.0051675, 0.00572206,-0.00057352,buy
2019-04-04,0,0,0,0,1,2,2,0,0,0,1,0,1,0,1,0,0,1,0,0,0,0,1,1,0,0,0,0,0,0,0,0,0,0,1,0,0,0,0, 0.00443894, 0.00242375, 0.0015206, 0.00111479, 0.00040798,buy
2019-04-05,1,0,0,0,2,2,1,2,0,0,1,0,1,0,1,0,1,1,1,1,1,1,0,0,0,0,1,0,0,0,0,0,0,0,0,0,0,0,0, 0.00151474, 0.00151474,-0.0018823, 0.00241241, 0.00077346,buy
2019-04-06,1,0,0,0,3,1,1,1,0,0,1,0,1,0,0,0,1,1,1,1,0,0,1,1,0,0,1,0,0,0,0,0,0,0,0,0,0,0,0, 0.00267672, 0.00267672, 0.0006870, 0.00080094, 0.00287892,buy
2019-04-07,0,1,0,0,3,1,2,0,0,0,0,0,1,0,0,0,1,1,1,0,0,1,0,1,0,0,1,0,0,0,0,0,0,0,0,0,0,0,0, 0.00069076, 0.00841526, 0.0079384,-0.00052548, 0.00070929,buy
2019-04-08,2,0,1,0,3,3,4,1,0,0,0,1,1,0,0,0,1,0,1,1,1,1,1,2,0,1,1,0,1,0,0,0,0,1,0,0,0,1,0,-0.00422190,-0.00568915,-0.0039853,-0.00274234,-0.00422190,sell
2019-04-09,0,2,0,0,2,3,3,1,0,0,0,1,1,0,0,0,0,1,0,1,1,1,1,1,0,1,1,0,1,0,0,0,0,1,0,0,0,1,0,-0.00276054,-0.00315380,-0.0027605,-0.00169492,-0.00284847,sell
2019-04-10,0,0,2,1,0,3,3,3,1,0,0,1,0,0,0,0,1,0,1,1,1,1,1,0,0,1,0,0,1,0,0,0,0,1,0,1,0,1,0,-0.00208640,-0.00278523, 0.0005415,-0.00396598,-0.00263933,sell
2019-04-11,0,0,0,0,1,2,3,4,1,0,0,1,0,0,0,0,0,1,0,0,0,0,1,1,0,1,0,1,1,0,0,0,0,1,0,1,0,1,0,-0.00353684,-0.00445196,-0.0018531,-0.00387401,-0.00353684,sell
2019-04-12,2,0,1,2,0,2,2,4,1,0,0,1,0,0,0,0,1,1,1,1,1,1,0,0,1,1,0,1,1,0,0,0,0,0,0,1,0,0,0, 0.00397428, 0.00066424, 0.0013778, 0.00050874, 0.00066424,buy
2019-04-13,2,2,1,0,1,1,3,3,1,0,0,0,0,0,0,0,2,1,1,0,0,0,1,1,1,1,0,1,0,0,0,0,0,0,1,1,1,0,0, 0.00953702,-0.00201202,-0.0016219,-0.00230103,-0.00162185,sell
2019-04-14,3,2,3,0,1,1,3,3,1,0,0,0,0,0,0,0,2,1,1,1,1,1,0,1,1,1,0,1,0,0,0,1,0,0,1,1,1,0,0, 0.00350277, 0.00672904, 0.0001020, 0.00314299, 0.00302658,buy
2019-04-15,4,2,2,0,1,1,1,2,0,0,0,0,0,0,0,0,1,0,0,2,1,1,1,1,1,1,0,1,0,0,0,1,0,0,1,0,1,0,0,-0.00242262,-0.00215229,-0.0027283,-0.00295199,-0.00264843,sell
2019-04-16,3,3,0,1,1,1,1,3,0,0,0,0,0,0,0,0,1,1,1,2,1,1,1,0,1,1,0,0,0,0,0,1,0,0,1,0,1,0,0,-0.00182864,-0.00307050,-0.0018286,-0.00161541,-0.00160503,sell
2019-04-17,1,0,2,1,2,1,0,2,0,0,0,0,0,0,1,0,1,0,0,1,0,1,1,1,0,1,0,0,0,0,0,1,0,0,0,0,1,0,0,-0.00235557,-0.00235557,-0.0023556,-0.00214954,-0.00235557,sell
2019-04-18,1,0,1,1,2,1,0,2,0,0,0,0,0,0,1,0,0,1,1,1,1,0,0,1,0,1,0,0,0,0,0,0,0,0,0,0,1,0,0,-0.00095587,-0.00107690,-0.0008784,-0.00092220,-0.00087838,buy
2019-04-19,0,2,1,2,2,1,1,2,0,0,0,0,0,0,1,0,1,1,1,1,1,1,1,1,0,1,0,0,0,0,0,0,0,0,0,0,1,0,0,-0.00186946,-0.00055422,-0.0003820,-0.00054630,-0.00141860,sell
2019-04-20,1,0,2,0,2,2,1,0,0,0,0,0,0,0,1,0,1,1,1,0,1,0,0,1,0,1,0,0,0,1,0,0,0,0,0,0,1,0,0,-0.00168431,-0.00137513,-0.0013751,-0.00187860,-0.00192671,sell
2019-04-21,0,1,2,0,3,3,2,0,0,0,0,0,0,0,0,0,1,0,0,1,2,1,1,1,0,1,1,0,0,1,0,0,0,0,0,0,1,1,0,-0.00414690,-0.00366007,-0.0040196,-0.00445650,-0.00463175,sell
2019-04-22,1,2,0,1,2,3,0,1,0,0,0,0,0,0,0,1,0,1,1,1,1,1,1,1,0,0,1,0,0,1,0,0,0,0,0,0,1,1,0, 0.00037155, 0.00057800, 0.0004653, 0.00011346, 0.00122786,buy
2019-04-23,0,2,0,0,4,1,0,1,0,0,0,0,0,0,0,1,1,0,1,1,1,1,1,0,0,0,1,0,0,1,0,0,0,0,0,0,1,1,0,-0.00090911,-0.00114862,-0.0011486,-0.00182083,-0.00090911,sell
2019-04-24,2,0,0,0,2,1,0,1,0,0,0,0,0,0,0,1,0,0,0,0,0,1,1,1,0,0,1,0,0,1,0,0,0,0,0,0,1,1,0, 0.00580872, 0.00225684, 0.0021676, 0.00301469, 0.00580872,buy
2019-04-25,0,0,1,0,2,1,1,0,0,0,0,0,0,0,0,1,1,1,1,1,1,0,0,0,0,0,1,0,0,1,0,0,0,0,0,0,1,0,0,-0.00035036,-0.00035036,-0.0007184,-0.00003946,-0.00032791,buy
2019-04-26,0,1,0,0,2,1,0,2,0,0,0,0,0,0,0,1,1,1,1,0,0,1,1,0,0,0,0,0,0,0,0,0,0,0,0,0,1,0,0,-0.00244501,-0.00190563,-0.0024450, 0.00036195,-0.00335703,sell
2019-04-27,1,1,0,0,3,1,1,1,0,0,0,0,0,0,0,0,1,1,1,0,1,1,0,1,1,0,0,0,0,0,0,0,0,0,0,0,1,0,0, 0.00306820, 0.00272394, 0.0023652, 0.00213921, 0.00363965,buy
2019-04-28,1,1,0,0,5,1,1,0,0,0,1,0,0,0,0,0,1,1,1,1,1,0,0,1,1,0,0,0,0,0,0,0,0,0,0,0,1,0,1, 0.00421309, 0.00454027, 0.0049854, 0.00454027, 0.00454027,buy
2019-04-29,0,1,0,0,3,2,3,0,0,1,1,0,0,0,0,0,0,0,0,1,1,1,1,1,1,0,0,0,0,0,0,0,0,0,0,0,1,0,1,-0.00456138,-0.00368014,-0.0040875,-0.00368014,-0.00368014,sell
2019-04-30,0,1,0,0,3,2,3,3,0,1,1,0,1,0,0,0,1,1,1,1,1,1,1,1,1,0,0,0,0,0,0,0,0,0,0,0,1,0,1,-0.00024156,-0.00116196,-0.0020935,-0.00102579,-0.00106798,sell
2019-05-01,0,1,0,0,3,1,2,3,0,1,1,1,1,0,0,0,1,0,0,1,0,1,1,0,1,0,0,0,0,0,1,0,0,0,0,0,0,0,1,-0.00179440,-0.00141326,-0.0035110,-0.00178750,-0.00141326,sell
2019-05-02,1,0,0,0,3,0,1,3,1,1,0,1,1,0,0,0,0,0,1,0,1,1,0,1,0,0,0,0,0,0,1,0,0,0,0,0,0,0,1,-0.00286448,-0.00301359,-0.0035744,-0.00254414,-0.00323269,sell
2019-05-03,2,0,0,0,3,1,2,3,1,1,0,1,0,0,0,0,1,1,2,1,1,0,1,0,0,0,0,0,0,0,1,0,0,1,0,0,0,0,1,-0.00179900,-0.00193314,-0.0029274,-0.00231087,-0.00130367,sell
2019-05-04,1,1,0,0,3,2,0,1,1,0,0,1,0,0,0,0,1,1,1,0,0,1,1,1,0,0,0,0,0,0,1,0,0,1,0,0,0,0,1,-0.00156018,-0.00157000,-0.0015700,-0.00153642,-0.00093924,sell
2019-05-05,2,0,1,0,4,0,1,1,0,0,0,0,0,0,0,0,1,1,1,1,1,1,0,1,0,0,0,0,0,0,1,0,0,1,0,1,0,0,0,-0.00224622, 0.00053140,-0.0006220,-0.00134097,-0.00158065,buy
2019-05-06,0,2,0,0,3,1,0,1,0,0,0,0,0,0,0,0,0,0,0,1,1,0,1,1,0,0,0,0,0,0,1,0,0,1,0,1,0,0,0, 0.00088389,-0.00020588, 0.0019891, 0.00104216, 0.00067897,buy
2019-05-07,0,0,2,1,3,2,2,2,0,0,1,0,0,0,1,0,1,1,1,1,1,1,1,1,0,0,1,0,0,0,1,0,0,1,0,1,0,0,0,-0.00408470,-0.00250509,-0.0026090,-0.00315213,-0.00399695,sell
2019-05-08,1,0,1,1,1,2,2,2,0,0,1,0,0,0,1,0,1,1,0,1,0,1,1,0,0,0,1,0,0,0,1,1,0,0,1,1,0,0,0,-0.00624676,-0.00579927,-0.0036691,-0.00596773,-0.00477319,sell
2019-05-09,3,0,1,2,1,1,2,3,0,0,1,0,0,0,1,0,1,0,1,1,1,1,0,1,0,0,1,0,1,0,1,1,0,0,1,1,0,0,0,-0.00667726,-0.00450429,-0.0023168,-0.00626024,-0.00231677,sell
2019-05-10,2,2,1,2,1,0,1,2,1,0,0,0,0,0,0,0,1,1,1,1,1,0,1,0,0,0,1,0,1,0,0,1,0,0,1,0,0,0,0,-0.00175451, 0.00034114,-0.0022467, 0.00181040,-0.00156062,buy
2019-05-11,3,2,3,0,0,1,2,2,1,0,0,0,0,0,0,0,1,1,1,0,1,1,0,1,1,0,1,0,1,0,0,1,1,0,1,0,0,0,0,-0.00038244,-0.00065089,-0.0007762,-0.00186897,-0.00100664,buy
2019-05-12,4,2,3,0,0,1,2,1,0,1,0,0,0,0,0,0,1,1,0,1,2,1,1,1,1,0,0,1,1,0,0,0,1,0,0,0,0,0,0,-0.00070515, 0.00118653, 0.0004803, 0.00025608, 0.00103171,buy
2019-05-13,3,4,2,1,0,1,1,0,0,1,0,0,0,0,0,0,0,0,1,1,1,0,2,2,1,0,0,1,1,0,0,0,1,0,0,0,0,0,0,-0.00237779, 0.00036520,-0.0014038,-0.00160864,-0.00159532,sell
2019-05-14,4,1,3,1,0,1,1,2,0,1,0,0,0,0,0,0,1,1,1,1,1,1,2,1,1,0,0,1,0,0,0,0,1,0,0,0,0,0,0, 0.00042811, 0.00174706, 0.0013040, 0.00163032, 0.00114187,buy
2019-05-15,1,1,3,0,1,1,2,0,0,1,1,0,0,0,0,1,0,0,1,0,0,1,1,0,1,0,0,1,0,0,0,0,1,0,0,0,0,0,0, 0.00199265, 0.00239141, 0.0023914, 0.00199265, 0.00227479,buy
2019-05-16,3,0,2,1,1,1,3,2,0,0,1,0,1,0,0,1,1,1,1,1,1,1,0,1,0,0,0,1,0,0,0,0,1,1,0,0,0,1,0, 0.00298107, 0.00292792, 0.0029892, 0.00554536, 0.00522228,buy
2019-05-17,3,2,1,1,1,2,2,0,1,0,1,1,1,0,0,1,1,2,1,0,0,0,1,0,0,0,0,0,0,0,0,0,1,1,0,0,0,1,0, 0.00477368, 0.00286819, 0.0047393, 0.00466934, 0.00503280,buy
2019-05-18,2,1,2,1,1,1,3,0,1,0,0,1,0,0,0,0,1,1,1,1,1,1,0,1,0,0,0,0,0,0,0,0,1,1,0,0,0,1,0,-0.00081862,-0.00168383,-0.0017376,-0.00173762,-0.00089610,sell
2019-05-19,1,2,2,1,0,3,0,0,0,0,0,1,0,1,0,0,0,1,0,1,1,1,1,1,0,0,0,0,0,0,0,1,0,1,0,0,0,1,0,-0.00923882,-0.00940862,-0.0061172,-0.00940862,-0.00943689,sell
2019-05-20,1,2,0,0,2,0,0,1,0,0,0,0,0,1,0,0,1,0,1,1,1,0,1,1,0,0,0,0,0,0,0,1,0,0,0,0,0,1,0,-0.00371398,-0.00371398,-0.0060147,-0.00251594,-0.00269861,sell
2019-05-21,1,1,1,1,0,0,0,0,0,0,0,0,0,1,0,0,0,1,0,0,0,1,1,0,0,0,0,0,0,0,0,1,0,0,0,0,0,0,0, 0.00107705, 0.00107705, 0.0007875, 0.00051070, 0.00325155,buy
2019-05-22,0,3,0,0,3,0,1,0,0,1,0,0,1,1,1,0,1,0,1,0,1,1,0,0,0,0,0,0,0,0,0,1,0,0,0,0,0,0,0,-0.00229770,-0.00097099,-0.0023150,-0.00112936,-0.00041752,buy
2019-05-23,1,1,0,0,4,1,0,2,0,1,0,0,1,1,1,0,1,0,1,1,1,1,1,1,0,0,0,0,0,1,0,0,0,0,0,0,0,0,0, 0.00286822, 0.00159713, 0.0022613, 0.00171732, 0.00349378,buy
2019-05-24,1,3,1,0,3,3,0,1,0,1,0,1,1,0,1,1,1,1,1,0,0,1,1,0,0,0,0,0,1,1,0,0,0,0,0,0,0,0,0, 0.00118068, 0.00167044, 0.0017672, 0.00220082, 0.00085912,buy
2019-05-25,0,3,0,0,5,1,2,0,0,0,0,1,0,0,0,1,1,1,1,1,1,0,0,1,0,1,0,0,1,1,0,0,0,0,0,0,0,0,0,-0.00185189,-0.00280694, 0.0000314,-0.00163757,-0.00281467,sell
2019-05-26,1,1,0,0,2,4,1,1,0,0,0,0,0,0,0,1,0,1,0,1,1,1,1,1,0,1,0,0,1,1,0,0,0,0,0,0,0,0,0, 0.00170504,-0.00067831,-0.0004052,-0.00091783,-0.00091783,buy
2019-05-27,1,2,0,0,2,3,1,1,0,0,0,0,0,0,0,0,1,1,1,1,1,0,1,1,0,1,0,1,1,1,0,0,0,0,0,0,0,0,0,-0.00061921,-0.00061921, 0.0019783,-0.00061921,-0.00061921,buy
2019-05-28,0,2,0,0,3,1,2,1,0,0,0,0,0,0,0,0,1,0,0,1,1,0,1,1,0,1,0,1,1,1,0,0,0,0,0,0,0,0,0,-0.00261792,-0.00304361, 0.0003246,-0.00261792,-0.00246409,sell
2019-05-29,0,1,1,0,2,1,2,2,0,0,1,0,1,0,1,0,0,1,0,0,0,1,1,0,0,1,0,1,0,0,0,0,0,1,0,0,0,0,0,-0.00039256, 0.00270466, 0.0015642,-0.00382080,-0.00184190,buy
2019-05-30,2,1,2,1,2,3,1,3,1,0,1,0,1,0,1,0,1,0,1,1,1,1,0,1,0,1,0,1,0,0,1,1,0,1,0,1,0,0,0,-0.00016367,-0.00012474,-0.0006520,-0.00131221,-0.00012474,buy
2019-05-31,1,2,3,1,2,3,2,1,1,0,1,1,1,0,1,0,1,1,1,0,0,1,1,1,0,1,0,1,0,0,1,1,0,1,0,1,0,0,0,-0.00359704,-0.00403584,-0.0038033,-0.00338122,-0.00359533,sell
2019-06-01,4,0,3,1,2,1,3,0,1,0,0,1,0,0,0,0,1,1,1,1,1,1,0,0,0,1,0,0,0,0,1,1,0,1,1,1,0,0,0, 0.00295526, 0.00309943, 0.0029553, 0.00295526, 0.00303583,buy
2019-06-02,3,2,2,0,3,2,1,0,0,0,0,1,0,0,0,1,0,1,0,2,1,0,1,1,0,1,0,0,0,0,1,1,0,0,1,1,0,0,0,-0.00233136,-0.00167040,-0.0037268,-0.00161387,-0.00261893,sell
2019-06-03,1,1,1,1,2,3,1,1,0,0,0,0,0,0,0,1,1,1,1,1,1,1,1,1,0,1,0,0,0,0,1,0,0,0,1,0,0,0,0,-0.00610647,-0.00230439,-0.0035978,-0.00646280,-0.00659641,sell
2019-06-04,1,0,2,1,1,2,3,1,0,0,0,0,0,0,0,1,1,0,1,1,1,0,2,1,0,1,0,0,0,0,1,0,0,0,1,0,0,0,0,-0.00552798, 0.00021330,-0.0026106,-0.00769599,-0.00786782,sell
2019-06-05,1,0,0,1,2,1,1,0,0,0,0,0,0,0,0,0,0,1,1,0,1,1,1,0,0,1,0,0,0,0,1,0,0,0,0,0,0,0,0,-0.00528528,-0.00485493,-0.0052970,-0.00554548,-0.00554548,sell
2019-06-06,1,1,1,2,2,3,1,1,0,0,0,0,0,0,1,0,1,0,2,1,1,1,0,1,0,1,0,0,0,0,1,0,1,0,0,0,0,0,1, 0.00006742,-0.00001939,-0.0004014, 0.00003043,-0.00001939,buy
2019-06-07,0,2,0,0,3,3,2,2,0,0,0,0,0,0,1,0,1,1,1,0,0,2,1,0,0,1,1,0,0,0,1,0,1,0,0,0,0,0,1, 0.00395845, 0.00224950, 0.0038414, 0.00313453, 0.00379352,buy
2019-06-08,2,0,4,1,1,2,2,1,0,0,0,0,0,0,1,0,1,1,1,1,1,1,0,1,1,0,1,0,1,0,0,0,1,0,0,0,0,0,1,-0.00396812,-0.00353966,-0.0021658,-0.00396812,-0.00749220,sell
2019-06-09,2,3,1,1,1,3,1,1,0,0,0,0,0,0,0,0,0,2,0,1,1,0,1,2,1,0,1,0,1,1,0,0,1,0,0,0,0,0,1, 0.00571702, 0.00545980, 0.0059905, 0.00611280, 0.00397644,buy
2019-06-10,2,3,2,2,1,2,1,3,0,0,0,0,0,0,0,0,1,1,1,1,1,1,1,2,1,0,1,0,1,1,0,0,1,0,0,1,0,0,1, 0.00758747, 0.00723497, 0.0066911, 0.00722329, 0.00472239,buy
2019-06-11,0,1,4,1,2,2,0,1,0,0,0,0,0,0,0,0,0,0,0,0,0,0,1,1,1,0,1,1,1,1,0,0,1,0,0,1,0,1,1, 0.00662283, 0.00400656, 0.0053553, 0.00339084, 0.00548844,buy
2019-06-12,1,1,3,1,1,2,1,3,0,0,0,0,0,0,0,0,1,1,1,1,1,1,0,0,1,0,0,1,1,1,0,0,1,0,0,1,0,1,0, 0.00070940, 0.00010087, 0.0046436,-0.00087236, 0.00020754,buy
2019-06-13,0,4,1,2,1,3,0,0,0,0,0,0,0,0,0,0,1,0,1,0,0,1,1,1,0,0,0,1,0,1,0,0,1,0,1,1,0,1,0,-0.00245532,-0.00050668, 0.0008110,-0.00031449, 0.00030186,buy
2019-06-14,2,2,2,0,2,0,2,0,0,0,0,0,0,0,0,0,1,1,1,1,1,1,0,0,0,0,0,1,0,0,0,0,0,0,1,1,0,1,0,-0.00176107,-0.00181966,-0.0013024,-0.00043584,-0.00224237,sell
2019-06-15,1,2,5,1,1,2,0,0,1,1,1,0,1,0,0,0,0,1,0,1,1,1,1,1,0,0,0,1,0,0,0,0,0,0,1,0,0,1,0,-0.00056802,-0.00149541, 0.0016014,-0.00090823,-0.00056802,sell
2019-06-16,1,3,2,1,2,1,0,1,1,1,1,0,1,0,0,0,1,1,1,2,1,0,1,1,0,0,0,0,0,0,0,0,0,0,1,0,0,0,0, 0.00591212, 0.00715600, 0.0044404, 0.00833697, 0.00074715,buy
2019-06-17,3,1,2,3,1,0,0,0,1,1,1,1,1,0,0,0,0,1,0,1,0,1,2,1,0,0,0,0,0,0,0,0,0,0,0,0,0,0,0,-0.00076612, 0.00044182, 0.0006087, 0.00085543, 0.00035985,buy
2019-06-18,3,0,0,2,0,0,0,0,0,1,1,1,1,0,0,0,0,0,0,0,0,0,1,1,0,0,0,0,0,0,0,0,0,0,0,0,0,0,0, 0.00247323, 0.00295334, 0.0039016, 0.00283842, 0.00174326,buy
2019-06-19,0,0,1,2,1,0,1,0,0,1,0,1,0,0,0,0,1,1,1,1,1,1,0,0,0,0,0,0,0,0,0,0,0,0,0,0,0,0,0, 0.00104235, 0.00107634, 0.0014565, 0.00110857, 0.00042260,buy
2019-06-20,0,0,1,1,0,2,0,2,0,1,0,1,0,0,0,0,1,0,1,0,0,1,1,1,0,0,0,0,0,0,0,0,0,0,0,0,0,0,0, 0.00254664, 0.00340296, 0.0037166, 0.00352768, 0.00221229,buy
2019-06-21,0,1,1,1,3,0,1,0,0,1,0,1,0,0,0,0,1,1,1,1,1,1,0,0,0,0,0,0,0,0,0,0,0,0,0,0,0,0,0, 0.00003700,-0.00084688, 0.0023091, 0.00097218, 0.00097218,buy
2019-06-22,1,0,2,1,1,1,2,1,0,1,0,0,0,0,0,0,0,1,0,1,1,1,1,1,0,0,0,0,0,0,0,1,0,1,0,1,0,0,0,-0.00403495,-0.00744802,-0.0030917,-0.00520292,-0.00290953,sell
2019-06-23,0,1,1,1,0,2,2,2,0,0,0,0,0,0,0,0,1,1,0,1,1,0,1,1,0,0,0,0,0,0,0,1,0,1,0,1,0,0,0,-0.00729653,-0.00653035,-0.0071862,-0.00695869,-0.00699519,sell
2019-06-24,1,0,1,1,0,4,2,2,0,0,0,0,0,0,0,0,1,1,1,1,1,0,1,1,0,0,0,0,0,0,0,1,0,1,0,1,0,1,1,-0.00224418,-0.00137303,-0.0013794,-0.00152554,-0.00152554,sell
2019-06-25,0,0,2,1,2,2,1,2,0,0,0,0,0,0,0,0,0,0,0,0,0,1,1,1,0,0,0,0,0,1,0,1,0,1,1,1,0,1,1,-0.00513224,-0.00294631,-0.0016600,-0.00459068,-0.00323194,sell
2019-06-26,1,0,1,0,1,2,2,3,0,0,0,0,0,0,0,0,1,0,1,1,1,0,0,0,0,0,0,0,0,1,1,0,0,1,1,0,0,1,1,-0.00311731,-0.00199195,-0.0028036,-0.00522608,-0.00310494,sell
2019-06-27,0,2,1,0,0,3,3,2,1,0,0,0,0,0,0,0,1,1,1,1,0,1,1,0,0,0,0,0,0,1,1,0,0,0,1,0,0,1,1,-0.00455270,-0.00206205,-0.0046459,-0.00464632,-0.00453298,sell
2019-06-28,1,1,2,0,0,2,4,0,1,0,0,0,0,0,0,0,1,0,2,0,1,1,1,1,0,0,0,0,0,1,1,0,0,0,1,0,0,0,1,-0.00083980, 0.00354724,-0.0008398,-0.00076624,-0.00289442,sell
2019-06-29,2,3,1,0,0,2,4,0,1,0,1,0,0,0,0,0,1,1,1,1,2,1,0,0,0,0,0,0,0,1,1,0,0,0,0,0,0,0,1, 0.00142215, 0.00256825,-0.0001030, 0.00172936, 0.00013648,buy
2019-06-30,0,4,0,0,3,1,1,0,1,0,1,0,0,0,0,0,0,1,0,1,1,1,1,1,0,0,0,0,0,0,1,0,0,0,0,0,0,0,0,-0.00094873,-0.00581460,-0.0009487,-0.00290088,-0.00094873,sell
2019-07-01,0,2,2,1,1,3,1,1,1,0,1,0,0,0,0,0,1,2,1,1,1,0,1,1,0,0,0,0,0,0,1,0,0,0,0,0,0,0,0,-0.00244735,-0.00204162,-0.0022298,-0.00065246,-0.00204162,sell
2019-07-02,0,2,0,0,2,0,3,0,1,0,1,0,0,0,0,0,0,1,0,0,0,1,1,1,0,0,0,0,0,0,1,0,1,0,0,0,0,0,0, 0.00431284, 0.00006515, 0.0042525,-0.00076483, 0.00470042,buy
2019-07-03,1,2,1,2,1,0,1,0,1,0,1,0,0,0,0,0,1,0,1,1,1,0,0,0,0,0,0,0,0,0,1,0,1,0,0,0,0,0,0, 0.00592027, 0.00629775, 0.0063812, 0.00629775, 0.00638125,buy
2019-07-04,0,3,0,0,2,0,0,3,0,0,1,0,0,0,1,0,1,1,1,0,0,1,1,1,0,0,0,0,0,0,0,0,1,0,0,0,0,0,0,-0.00514204,-0.00006842, 0.0000819,-0.00144103, 0.00008190,buy
2019-07-05,1,1,3,0,2,1,0,1,0,1,1,0,0,0,1,0,1,0,1,1,1,2,0,0,0,0,0,0,0,0,0,0,1,0,0,0,0,0,0,-0.00763901,-0.00376381,-0.0039813,-0.00175881,-0.00409362,sell
2019-07-06,2,3,1,0,2,1,0,1,0,1,1,0,0,0,1,0,0,1,0,1,1,1,1,1,1,0,0,0,0,0,0,0,1,0,0,0,0,0,0, 0.00049509, 0.00143243, 0.0013432,-0.00243690,-0.00002199,buy
2019-07-07,3,3,1,2,1,1,2,2,0,1,1,0,0,0,1,0,1,1,1,1,1,1,1,2,1,0,0,0,1,0,0,0,1,0,0,0,0,1,0,-0.00418092, 0.00023130,-0.0016786,-0.00366420,-0.00158452,sell
2019-07-08,0,2,3,1,1,0,2,1,0,1,1,0,0,0,1,0,0,1,0,0,0,0,1,2,1,0,0,0,1,0,0,0,1,0,0,0,0,1,0,-0.00272930, 0.00000052, 0.0010532,-0.00093240, 0.00006531,buy
2019-07-09,1,1,3,1,0,0,2,4,0,1,1,0,0,0,1,0,1,0,1,1,1,1,0,1,1,0,1,0,1,0,0,0,0,0,0,0,0,1,0,-0.00231310,-0.00231310,-0.0010214,-0.00096741,-0.00125278,sell
2019-07-10,1,2,1,2,0,1,1,2,0,1,1,0,0,0,1,0,1,1,1,0,0,0,1,0,1,0,1,0,1,0,0,0,0,0,0,0,0,1,0,-0.00080015,-0.00080015, 0.0006671, 0.00096749, 0.00086206,buy
2019-07-11,3,1,0,2,1,0,2,0,0,1,1,0,0,0,0,0,1,0,1,1,1,1,0,1,0,0,1,0,1,0,0,0,0,0,0,0,0,0,0, 0.00215914, 0.00159298, 0.0005661,-0.00044390, 0.00021413,buy
2019-07-12,1,2,1,1,0,1,2,0,0,0,1,0,0,0,0,0,0,0,0,1,1,1,1,0,0,0,1,1,0,0,0,0,0,0,0,0,0,0,1,-0.00308744,-0.00308744,-0.0064256,-0.00323908,-0.00678544,sell
2019-07-13,2,2,2,1,1,1,1,1,0,0,1,0,0,0,0,0,1,1,1,1,1,1,1,1,0,0,1,1,0,0,0,0,0,0,0,0,0,0,1, 0.00106847, 0.00099776,-0.0012473,-0.00003704,-0.00014608,buy
2019-07-14,0,5,2,1,2,0,1,1,1,0,1,0,0,0,0,0,0,1,1,1,1,1,1,1,0,0,0,1,0,0,0,1,0,0,0,0,0,0,1, 0.00032100, 0.00324812, 0.0033091, 0.00324812, 0.00031625,buy
2019-07-15,2,2,2,2,0,0,1,0,1,0,1,0,0,0,0,0,0,1,0,0,0,0,1,1,0,0,0,1,0,0,0,1,0,0,0,1,0,0,1, 0.00153120, 0.00143289, 0.0014329, 0.00194496, 0.00194496,buy
2019-07-16,1,2,1,3,1,0,2,0,1,0,1,0,0,0,0,0,1,0,1,1,1,1,0,1,0,0,0,1,0,0,0,1,0,0,0,1,0,0,1, 0.00451510, 0.00457033, 0.0045703, 0.00457033, 0.00456378,buy
2019-07-17,1,1,1,2,0,2,0,1,1,0,0,0,0,0,0,0,1,0,1,0,0,1,1,0,0,0,0,0,0,0,0,1,0,1,0,1,0,0,0, 0.00216058, 0.00194658, 0.0008453, 0.00230469, 0.00226324,buy
2019-07-18,1,1,0,2,2,0,1,2,1,0,0,0,0,0,0,0,1,1,1,0,1,0,1,1,0,0,0,0,0,0,0,0,0,1,0,1,0,0,0, 0.00098008, 0.00163867, 0.0010040, 0.00040124, 0.00011377,buy
2019-07-19,1,1,1,1,2,1,0,0,1,0,0,0,0,0,0,0,0,0,1,1,1,1,0,0,0,0,0,0,0,0,0,0,0,1,1,0,0,0,0,-0.00230230,-0.00079700,-0.0004659,-0.00263941,-0.00173973,sell
2019-07-20,1,2,1,1,0,2,1,0,1,0,0,0,0,1,0,0,0,1,0,1,1,1,1,0,0,0,0,0,0,0,0,0,0,1,1,0,0,0,0,-0.00369974,-0.00339729,-0.0033973,-0.00376435,-0.00440204,sell
2019-07-21,0,3,1,1,0,1,3,1,1,0,0,0,0,1,0,0,1,1,1,1,1,1,1,1,1,0,0,0,0,0,0,0,0,0,1,0,0,0,0,-0.00243870,-0.00377522,-0.0037752,-0.00386029,-0.00503238,sell
2019-07-22,1,3,0,1,1,1,0,0,1,0,0,0,0,1,0,0,0,1,0,0,0,1,1,1,1,0,0,0,0,0,0,0,0,0,1,0,0,0,0,-0.00108737,-0.00108737,-0.0010874,-0.00128510,-0.00443941,sell
2019-07-23,2,1,0,0,3,0,0,1,0,0,0,0,0,0,0,0,1,1,1,0,1,0,1,1,1,0,0,0,0,0,0,0,0,0,0,0,0,0,0, 0.00284805, 0.00093176, 0.0009433, 0.00138445, 0.00319459,buy
2019-07-24,0,3,0,0,1,0,0,2,0,0,0,0,0,0,0,0,1,0,1,1,0,1,0,0,1,0,1,0,0,0,0,0,0,0,0,0,0,0,0, 0.00102231, 0.00114087, 0.0011409,-0.00033398,-0.00118899,buy
2019-07-25,0,3,1,0,0,1,0,1,0,0,0,0,0,0,0,0,2,0,1,0,0,1,1,0,1,0,1,0,0,0,0,0,0,0,0,0,0,0,0, 0.00222342, 0.00238870, 0.0022234, 0.00157223, 0.00094561,buy
2019-07-26,2,2,1,0,0,0,1,1,0,0,0,0,0,0,0,0,1,1,1,1,1,0,0,1,0,0,1,0,0,0,0,1,0,0,0,0,0,0,0, 0.00278637,-0.00167940, 0.0031999, 0.00108294, 0.00150048,buy
2019-07-27,0,4,0,0,1,0,1,1,0,0,0,0,0,0,0,0,0,0,0,1,1,1,1,0,0,0,1,0,0,1,0,1,0,0,0,0,0,0,0, 0.00525599,-0.00040253, 0.0013548, 0.00451564,-0.00207028,buy
2019-07-28,0,2,2,1,1,2,1,2,0,0,0,0,0,0,0,0,1,1,1,1,1,1,1,1,0,0,1,0,0,1,0,1,0,0,0,0,0,0,0,-0.00050543,-0.00245559, 0.0015365,-0.00069742,-0.00128495,sell
2019-07-29,0,2,1,0,1,3,1,1,0,0,0,0,0,0,0,0,0,1,0,1,0,1,2,1,0,0,0,0,0,1,0,1,0,1,0,0,0,0,0,-0.00085849, 0.00631360, 0.0059316, 0.00000559, 0.00607040,buy
2019-07-30,1,1,1,2,2,0,2,1,0,0,0,0,0,0,0,0,1,1,1,1,1,1,1,1,0,0,0,0,0,1,0,0,0,1,0,0,0,0,0, 0.00056056, 0.00038712, 0.0022374, 0.00041544,-0.00589219,sell
2019-07-31,0,3,0,1,0,0,0,3,0,0,0,0,0,0,0,0,1,0,1,1,0,0,1,0,0,0,0,0,0,1,0,0,0,1,0,0,0,1,0, 0.00192763, 0.00159378, 0.0018212, 0.00306529, 0.00069831,buy
2019-08-01,1,1,3,0,0,0,0,4,0,0,0,0,0,0,0,0,1,1,1,1,1,1,1,1,0,0,0,0,0,1,0,0,0,1,0,0,0,1,0,-0.00394124,-0.00376492,-0.0037701,-0.00377014,-0.00250066,sell
2019-08-02,1,2,1,0,0,0,0,1,0,0,0,0,0,0,0,0,0,1,0,2,1,0,1,0,0,0,0,0,0,0,0,0,0,0,0,0,0,1,0,-0.00108708,-0.00953367,-0.0093484,-0.00934841,-0.00155580,sell
2019-08-03,4,2,0,1,2,0,0,2,0,0,0,0,0,0,0,0,1,1,1,2,1,1,2,1,0,0,0,0,0,0,0,0,0,0,0,0,0,1,0,-0.00315621,-0.00015774,-0.0002261,-0.00011147,-0.00031743,buy
2019-08-04,2,2,1,0,1,2,0,1,0,0,0,0,0,0,0,0,0,2,0,1,0,1,2,2,0,0,0,0,0,0,0,0,0,0,0,0,0,1,0,-0.00720791,-0.00601358,-0.0067013,-0.00522874,-0.00651111,sell
2019-08-05,1,1,3,0,0,1,3,2,0,0,0,0,0,0,0,0,1,2,1,1,1,1,1,2,1,0,0,0,0,0,0,0,0,0,0,0,0,0,0,-0.00074931,-0.00085959,-0.0008596, 0.00001488,-0.00139980,sell
2019-08-06,1,1,2,0,0,1,1,1,0,0,0,0,0,0,0,0,1,1,1,1,0,0,0,1,1,0,0,0,1,0,0,0,0,0,0,0,0,0,0,-0.00158765,-0.00515767,-0.0088591,-0.00521736,-0.00124567,sell
2019-08-07,3,1,2,1,1,0,1,1,0,0,0,0,0,0,0,0,1,0,2,0,1,1,1,0,1,0,0,0,1,0,0,1,0,0,0,1,1,0,0,-0.00282400,-0.00367038,-0.0027793,-0.00282400,-0.00282400,sell
2019-08-08,3,0,2,1,0,1,1,1,0,0,0,0,0,0,0,0,0,1,1,1,1,0,0,1,1,0,0,0,1,0,0,1,0,0,0,1,1,0,0,-0.00087501,-0.00432061,-0.0007253,-0.00123287,-0.00026501,sell
2019-08-09,2,1,4,0,1,2,0,0,1,0,0,0,0,0,0,0,1,0,0,1,2,0,1,0,1,0,1,0,1,0,0,1,0,0,0,1,1,0,0, 0.00216570, 0.00142826, 0.0029579, 0.00323123, 0.00295792,buy
2019-08-10,3,2,4,0,2,0,0,1,1,0,0,0,0,0,0,0,1,1,1,1,1,1,1,1,0,0,1,0,0,0,0,1,0,1,0,1,1,0,0,-0.00093669,-0.00218359,-0.0030237, 0.00043611,-0.00302370,sell
2019-08-11,1,4,2,0,0,0,0,0,1,0,0,0,0,0,0,0,0,1,0,0,0,1,1,1,0,0,1,0,0,0,0,0,0,1,0,0,1,0,0, 0.00062430,-0.00293766, 0.0006540, 0.00170721,-0.00013912,sell
2019-08-12,1,3,5,0,1,0,1,0,1,0,1,0,0,0,0,0,1,1,1,1,1,1,0,1,0,0,1,1,0,0,0,0,0,1,1,0,1,0,0, 0.00034383, 0.00284993, 0.0029771, 0.00274404,-0.00137679,buy
2019-08-13,1,2,5,0,0,2,0,2,1,0,1,0,0,0,0,0,1,1,1,1,0,0,0,1,0,0,1,1,0,0,1,0,0,1,1,0,1,0,1, 0.00205667, 0.00058221,-0.0003022, 0.00058221,-0.00006793,buy
2019-08-14,0,1,2,0,1,1,1,3,0,0,1,0,0,0,0,0,1,0,1,0,1,0,1,0,0,0,0,1,0,0,1,0,0,0,1,0,1,0,1,-0.00203564,-0.00234308,-0.0041817,-0.00274094,-0.00247827,sell
2019-08-15,0,1,2,2,3,0,1,4,0,0,1,0,0,0,1,0,1,1,1,1,1,1,0,1,0,0,0,1,0,0,1,0,0,0,1,0,1,0,1,-0.00158794,-0.00272613,-0.0015811,-0.00243940,-0.00243940,sell
2019-08-16,0,0,1,1,0,2,1,3,0,0,0,0,0,0,1,0,0,1,0,1,1,0,1,0,0,0,0,1,0,0,1,0,0,0,0,0,1,0,1,-0.00518429,-0.00585913,-0.0046541,-0.00585913,-0.00731737,sell
2019-08-17,0,0,0,0,0,1,3,4,0,0,0,0,0,0,1,0,1,0,1,1,1,0,1,1,0,0,0,0,0,0,1,0,0,0,0,0,1,0,1,-0.00785089,-0.01046125,-0.0052308,-0.00937020,-0.01046125,sell
2019-08-18,0,0,2,0,0,1,2,1,0,0,0,0,0,0,0,0,0,1,0,1,0,1,1,1,0,0,0,0,0,0,1,0,0,0,0,0,1,0,0,-0.00294344,-0.00337057,-0.0043593,-0.00460389,-0.00380301,sell
2019-08-19,1,3,0,0,1,1,0,1,0,0,0,0,0,0,0,0,1,1,0,0,1,1,1,1,0,0,0,0,0,0,0,0,0,0,0,1,1,0,0,-0.00117507,-0.00236846,-0.0011751,-0.00032111,-0.00117507,sell
2019-08-20,3,3,1,0,2,0,0,2,1,0,0,0,1,0,0,0,1,1,1,1,1,1,0,1,0,0,0,0,1,0,0,0,0,0,0,1,1,0,0,-0.00466616,-0.00194891,-0.0019489, 0.00057853,-0.00273941,sell
2019-08-21,3,3,1,0,0,1,0,0,1,0,0,0,1,0,0,0,1,1,1,0,0,1,1,0,0,0,0,0,1,0,0,0,1,0,0,1,1,0,0, 0.00025491, 0.00126545, 0.0010974,-0.00045806, 0.00187705,buy
2019-08-22,3,2,3,0,0,0,1,0,1,0,1,0,1,0,0,0,1,0,1,1,1,0,0,0,0,0,0,0,1,0,0,0,1,0,0,1,0,0,0,-0.00188746,-0.00228732,-0.0022873,-0.00198529, 0.00117486,sell
2019-08-23,1,3,2,0,0,0,0,2,0,0,1,1,0,0,0,0,0,1,0,2,1,1,0,1,0,0,0,0,1,0,0,0,1,0,0,0,0,0,0, 0.00207793, 0.00091541, 0.0013292, 0.00072576, 0.00261888,buy
2019-08-24,0,3,3,1,1,0,0,2,0,0,1,1,0,0,0,0,1,1,1,1,1,0,1,0,0,0,0,0,1,0,0,0,1,0,1,0,0,0,0, 0.00438374, 0.00493776, 0.0050481, 0.00468871, 0.00578187,buy
2019-08-25,1,1,2,0,1,1,1,2,0,0,0,1,0,0,0,1,0,0,1,1,0,1,1,1,0,0,0,0,0,0,0,0,1,0,1,0,0,1,0, 0.00369378, 0.00248557, 0.0024996, 0.00252799, 0.00243372,buy
2019-08-26,1,1,1,1,0,1,3,1,0,0,0,0,0,0,0,1,1,1,0,0,1,1,1,1,0,0,0,0,0,0,0,0,1,0,1,0,0,1,0,-0.00158850,-0.00142921,-0.0014292,-0.00014851,-0.00159275,sell
2019-08-27,2,4,1,2,0,2,1,1,0,0,0,0,1,0,0,1,2,1,1,1,1,1,0,1,0,1,0,1,0,0,0,0,1,0,1,0,0,1,0, 0.00150386, 0.00569146, 0.0019241, 0.00177934, 0.00177934,buy
2019-08-28,3,4,1,0,2,0,0,1,0,0,0,0,1,0,0,0,2,1,1,0,1,1,1,0,0,1,0,1,0,1,0,0,1,0,0,0,0,1,0,-0.00238830, 0.00577668, 0.0052308, 0.00497505, 0.00512630,buy
2019-08-29,2,3,3,0,0,0,0,1,0,0,0,0,1,0,0,0,1,0,1,1,2,0,0,1,0,1,0,1,0,1,0,0,0,0,0,0,0,0,0, 0.00095389, 0.00187168, 0.0018717,-0.00063123, 0.00148664,buy
2019-08-30,3,3,0,0,0,0,0,1,0,0,0,0,0,0,0,0,1,1,0,1,2,1,1,0,0,1,0,1,0,1,0,0,0,0,0,0,0,0,0,-0.00449908, 0.00307427, 0.0032363, 0.00307427, 0.00309652,buy
2019-08-31,6,3,0,1,0,0,0,1,0,0,0,1,0,0,1,0,1,0,1,1,1,0,1,1,0,1,0,1,0,1,0,0,0,0,0,1,0,0,0,-0.00138476, 0.00137706, 0.0021293,-0.00049702, 0.00050740,buy
2019-09-01,3,2,1,0,2,0,1,2,0,0,0,1,0,0,1,0,1,1,0,0,1,1,1,1,0,1,0,0,0,1,0,1,0,0,0,1,0,0,0, 0.00128513, 0.00421167,-0.0006806, 0.00128513, 0.00128513,buy
2019-09-02,2,1,2,1,0,3,1,3,0,1,0,1,0,1,1,0,2,1,1,1,1,1,0,1,0,1,0,0,0,0,0,1,0,1,0,1,0,0,0,-0.00082097, 0.00600016, 0.0061270, 0.00609815, 0.00423226,buy
2019-09-03,1,1,0,2,1,1,3,1,0,1,0,0,0,1,0,0,2,1,1,0,1,1,1,0,0,1,0,0,0,0,0,1,0,1,0,1,0,0,0,-0.00413446, 0.00338648, 0.0031994, 0.00330586, 0.00274407,buy
2019-09-04,3,0,0,2,1,1,2,1,0,1,0,0,1,1,0,0,1,0,1,1,2,0,0,1,0,1,0,0,1,0,0,1,0,1,0,0,0,0,0,-0.00512817, 0.00186801, 0.0020632, 0.00099192,-0.00081239,buy
2019-09-05,3,0,1,2,0,2,0,2,1,1,0,0,1,1,0,0,0,1,0,1,1,0,1,1,0,1,0,0,1,0,0,0,0,1,1,0,0,0,0,-0.00544745,-0.00254888,-0.0021620,-0.00263278,-0.00271788,sell
2019-09-06,3,2,0,2,2,0,0,5,1,0,1,0,1,1,0,0,1,1,1,1,1,1,1,0,1,1,0,0,1,0,0,0,0,1,1,0,0,1,0,-0.00147477,-0.00135712,-0.0004129,-0.00070748,-0.00039425,sell
2019-09-07,3,1,1,1,0,0,0,2,1,0,1,0,0,0,0,0,0,0,0,0,0,0,1,1,1,1,0,0,1,0,0,0,0,0,1,0,0,1,0,-0.00262215,-0.00242807,-0.0056974, 0.00005085,-0.00311082,sell
2019-09-08,6,3,0,2,1,0,1,1,0,0,1,1,0,0,1,0,1,1,1,0,1,1,1,1,1,1,1,0,1,0,0,0,0,0,1,0,0,1,0, 0.00422385, 0.00561857,-0.0004946, 0.00547771, 0.00479825,buy
2019-09-09,2,4,0,1,0,2,1,1,0,0,0,1,0,0,1,0,1,1,2,1,0,1,0,1,1,0,1,0,0,0,0,0,0,0,0,0,0,1,0,-0.00635223,-0.00578787,-0.0043376,-0.00369227,-0.00469995,sell
2019-09-10,2,3,0,1,1,2,0,2,0,0,0,1,0,0,1,0,1,1,1,0,1,1,1,0,1,0,1,0,0,0,0,0,0,0,0,0,0,0,1,-0.00676239,-0.00741586,-0.0066611,-0.00315179,-0.00630043,sell
2019-09-11,3,0,2,1,3,0,1,0,0,0,0,0,0,0,0,1,1,1,1,1,1,1,0,0,0,0,1,1,0,0,0,0,0,0,0,0,0,0,1, 0.00088045, 0.00620699, 0.0005586, 0.00164273, 0.00091445,buy
2019-09-12,3,1,0,1,0,2,1,1,0,0,0,0,0,0,0,1,0,0,0,1,1,0,1,1,0,0,1,1,0,1,0,0,0,0,0,0,0,0,1,-0.00162807, 0.00122815,-0.0021634,-0.00202123,-0.00179755,buy
2019-09-13,3,1,0,1,0,1,2,1,0,0,0,0,0,0,0,1,1,1,1,1,1,0,1,0,0,0,0,1,0,1,0,0,0,0,0,0,0,0,1,-0.00011031, 0.00128221,-0.0027850,-0.00024731,-0.00008250,buy
2019-09-14,2,1,0,2,0,1,2,0,0,0,0,0,0,0,0,0,0,1,1,1,0,1,1,1,0,0,0,1,0,1,0,0,0,0,0,0,0,0,1,-0.00342802,-0.00342802,-0.0052077,-0.00319771,-0.00379816,sell
2019-09-15,1,1,0,0,1,1,0,1,0,0,0,0,0,0,0,0,0,0,0,0,1,0,1,1,0,0,0,1,0,1,0,0,0,0,0,0,0,0,0,-0.00121087,-0.00029517,-0.0004778,-0.00100224, 0.00069275,buy
2019-09-16,1,1,3,0,1,1,0,2,0,0,0,0,0,0,1,0,1,1,1,1,1,1,0,1,0,0,0,0,0,1,0,0,0,0,0,0,0,0,0,-0.00093098,-0.00120649,-0.0015364,-0.00093098,-0.00069129,sell
2019-09-17,0,2,3,0,1,1,0,0,0,0,0,0,0,0,1,0,1,1,1,0,0,1,1,1,0,0,0,0,0,0,0,0,0,0,0,0,0,1,0,-0.00144200,-0.00164538,-0.0008080,-0.00064724,-0.00080459,sell
2019-09-18,3,1,3,0,0,0,1,0,0,0,0,0,0,0,1,0,1,1,1,0,1,1,1,0,0,0,0,0,0,0,1,0,0,0,0,0,0,1,0,-0.00058541,-0.00058541,-0.0007142,-0.00143031,-0.00118477,sell
2019-09-19,4,1,2,0,0,0,0,0,0,0,0,0,0,0,1,0,0,1,0,1,1,1,0,1,0,0,0,0,0,0,1,0,0,0,0,0,0,1,0,-0.00111534,-0.00108587,-0.0046773,-0.00543467,-0.00438205,sell
2019-09-20,1,2,2,0,1,0,0,0,0,0,0,0,0,0,0,1,0,0,0,1,1,0,1,0,0,0,0,0,0,0,1,0,0,0,0,0,0,1,0, 0.00629281, 0.00406028, 0.0037737, 0.00047009, 0.00583360,buy
2019-09-21,1,1,3,1,1,1,0,4,0,0,0,0,1,0,0,1,1,1,1,1,1,1,1,1,0,0,0,0,0,0,1,0,0,0,0,0,0,1,0, 0.00194088, 0.00168520, 0.0013145,-0.00158383, 0.00089265,buy
2019-09-22,1,1,0,0,1,0,1,2,0,0,0,0,1,0,0,1,0,0,0,0,0,1,1,1,0,0,0,0,0,0,1,0,0,0,0,0,0,0,0,-0.00248755,-0.00197802,-0.0063658,-0.00713043,-0.00292435,sell
2019-09-23,1,2,2,2,0,1,2,1,1,0,1,0,1,0,0,1,1,1,1,1,1,0,0,1,0,0,0,0,0,0,0,0,0,0,0,0,0,0,1, 0.00259285, 0.00235595, 0.0002004, 0.00571452, 0.00259285,buy
2019-09-24,0,3,1,0,0,1,4,2,1,0,1,0,0,0,0,0,1,2,1,0,0,1,1,1,0,0,0,0,0,0,0,0,0,0,0,1,0,0,1,-0.00612991,-0.00590620,-0.0058965,-0.00612991,-0.00438416,sell
2019-09-25,1,1,4,0,1,2,1,2,1,0,1,1,0,0,0,0,1,2,1,1,1,1,0,0,0,0,0,0,0,0,0,0,0,0,0,1,0,0,1,-0.00821215,-0.00603892,-0.0061551,-0.00802293,-0.00566288,sell
2019-09-26,1,3,1,0,2,0,1,3,1,0,0,1,0,0,0,0,0,1,0,1,1,1,1,1,0,0,0,0,0,0,0,0,0,1,0,1,0,0,1,-0.00155521,-0.00184071,-0.0016519,-0.00128398,-0.00165190,sell
2019-09-27,2,1,2,1,0,0,1,3,0,0,0,1,0,0,0,0,1,0,1,1,1,0,1,0,0,0,0,0,0,1,0,1,0,1,0,1,0,0,0, 0.00415490, 0.00410833, 0.0041549, 0.00304190, 0.00442684,buy
2019-09-28,1,0,3,0,0,0,1,1,0,0,0,1,0,0,0,0,0,1,0,0,0,1,1,1,0,0,0,0,0,1,0,1,0,1,0,0,0,0,0,-0.00063672, 0.00493103, 0.0026099,-0.00164764, 0.00260989,buy
2019-09-29,0,1,3,0,0,0,2,3,0,0,0,0,0,0,0,0,1,0,1,1,1,0,0,1,0,0,0,0,0,1,0,1,0,1,1,0,0,0,0,-0.00154216, 0.00068252,-0.0016863,-0.00127562, 0.00010828,buy
2019-09-30,0,1,3,1,3,1,1,1,0,1,0,0,0,0,0,1,1,1,1,0,0,1,1,1,0,0,0,0,0,1,0,1,0,0,1,0,0,0,0, 0.00796034, 0.00299154, 0.0028758, 0.00322072, 0.00237376,buy
2019-10-01,1,0,2,0,3,2,2,1,0,1,0,0,0,0,0,1,1,1,1,1,1,2,0,0,0,0,0,0,0,1,0,0,0,0,1,0,0,0,0, 0.00224071, 0.00109042,-0.0009373,-0.00026541, 0.00512695,buy
2019-10-02,0,0,2,1,1,3,1,1,0,1,0,0,0,0,0,1,0,1,0,1,1,1,1,1,0,0,0,0,0,0,0,0,0,0,1,0,0,0,0,-0.00279431,-0.00967900,-0.0091336,-0.00923139,-0.00423313,sell
2019-10-03,0,3,1,0,3,1,1,1,0,1,1,0,0,0,0,0,1,0,1,2,1,1,2,0,0,0,0,0,0,0,1,0,0,0,0,0,0,0,0, 0.00086449, 0.00168403, 0.0002364, 0.00201406, 0.00197064,buy
2019-10-04,0,3,2,0,2,1,0,1,1,1,1,0,0,0,0,0,1,1,0,1,0,0,1,1,0,0,0,0,0,0,1,0,0,0,0,0,0,0,1,-0.00556598,-0.00579184,-0.0057918,-0.00650937,-0.00632718,sell
2019-10-05,1,3,1,1,1,1,1,2,1,1,1,0,0,0,1,0,0,0,1,0,1,1,1,1,0,0,0,0,1,0,1,0,0,0,0,0,0,0,1,-0.00005732,-0.00258573,-0.0025838,-0.00616177,-0.00005732,sell
2019-10-06,1,1,1,1,1,1,1,1,1,0,0,0,0,0,1,0,1,0,1,1,1,0,0,1,0,0,0,0,1,0,1,0,0,0,0,0,0,0,1,-0.00278337,-0.00270393,-0.0022131,-0.00152559,-0.00270393,sell
2019-10-07,2,1,1,1,0,3,0,2,1,0,0,0,0,0,1,0,1,1,1,0,0,0,1,1,0,0,0,0,1,0,1,0,0,0,0,0,0,0,1, 0.00029121, 0.00045193,-0.0012432,-0.00061983,-0.00033366,buy
2019-10-08,1,2,1,1,3,0,1,1,0,0,0,0,0,0,1,0,1,1,1,1,1,1,0,0,0,0,1,0,1,0,0,0,0,1,0,0,0,0,0, 0.00102754, 0.00152592, 0.0011150, 0.00250467,-0.00138920,buy
2019-10-09,0,2,2,0,1,1,1,2,0,0,0,0,0,0,0,0,0,1,0,1,1,1,1,1,0,0,1,0,1,0,0,0,0,1,0,0,0,0,0, 0.00052289,-0.00008973, 0.0020460, 0.00064070,-0.00011507,buy
2019-10-10,0,1,2,0,1,2,2,0,0,0,0,0,0,0,0,0,0,1,1,1,1,0,1,0,0,0,1,0,0,0,0,1,1,1,0,0,0,0,0,-0.00229913, 0.00753823, 0.0048169, 0.00556049, 0.00367980,buy
2019-10-11,0,1,2,1,1,2,4,1,0,0,0,0,0,0,0,0,1,0,1,1,1,1,1,1,1,0,1,0,0,0,0,1,1,1,0,0,0,1,0,-0.00001177, 0.00579195, 0.0059340, 0.00597596, 0.00603316,buy
2019-10-12,0,0,1,2,2,1,3,1,0,0,0,0,1,0,0,0,0,1,0,0,0,0,1,1,1,0,1,1,0,0,0,1,1,0,0,0,0,1,0, 0.00706233, 0.00731837, 0.0080144, 0.00749779, 0.00731837,buy
2019-10-13,1,0,0,2,2,2,2,3,0,0,0,0,1,0,0,0,1,0,1,1,1,1,0,1,1,0,0,1,0,0,0,1,1,0,0,0,0,1,0, 0.00205639, 0.00366823, 0.0039691, 0.00501568, 0.00205639,buy
2019-10-14,2,1,0,2,2,2,2,2,0,0,1,0,1,0,0,0,2,0,1,1,0,1,1,1,1,0,0,1,0,0,0,1,1,0,0,0,0,1,0, 0.00624276, 0.00570545, 0.0063796, 0.00644241, 0.00709146,buy
2019-10-15,2,1,1,0,1,0,3,1,0,0,1,0,1,0,0,0,1,1,1,0,1,0,1,0,1,0,0,1,0,0,0,0,1,0,0,0,0,0,0,-0.00274512, 0.00088579,-0.0015962, 0.00092022, 0.00016103,buy
2019-10-16,3,2,2,0,1,0,3,1,0,0,1,0,1,0,0,0,1,1,1,1,2,1,0,1,1,0,0,1,0,0,0,0,1,0,0,0,0,0,0,-0.00168910, 0.00161694,-0.0027395, 0.00427246, 0.00189425,buy
2019-10-17,2,3,1,0,1,0,0,0,0,0,1,0,0,0,0,0,0,1,0,1,1,1,1,0,0,0,0,0,0,0,1,0,0,0,0,0,0,0,0, 0.00290776, 0.00825092, 0.0032146, 0.00309727, 0.00309727,buy
2019-10-18,1,0,3,1,2,1,2,1,1,0,0,1,0,0,0,0,1,0,1,1,1,1,1,1,0,0,0,0,0,0,1,0,0,0,0,1,0,0,0, 0.00078013,-0.00019167, 0.0007801, 0.00129309, 0.00078013,buy
2019-10-19,1,0,1,0,2,0,3,0,1,0,0,1,0,0,0,0,0,0,0,0,0,1,1,1,0,0,0,0,0,0,1,0,0,0,0,1,0,0,0, 0.00016143,-0.00055475, 0.0004448,-0.00094654, 0.00044477,buy
2019-10-20,2,0,2,2,1,1,2,1,1,0,0,1,0,0,0,0,1,1,1,1,1,0,0,1,0,0,0,0,0,0,1,0,0,1,0,1,0,0,0,-0.00061336,-0.00070885,-0.0007089,-0.00168412,-0.00070885,buy
2019-10-21,1,1,1,1,1,0,3,2,1,0,0,1,0,0,0,0,1,0,1,1,0,1,1,1,0,0,0,0,0,0,0,0,0,1,0,1,0,0,0, 0.00217020, 0.00213892, 0.0020790, 0.00069670, 0.00206618,buy
2019-10-22,1,1,2,1,1,0,3,1,1,0,0,1,0,0,0,1,1,1,1,0,1,0,1,0,0,0,0,0,0,0,0,0,0,1,0,1,0,0,0, 0.00354599, 0.00300015, 0.0035460, 0.00397145, 0.00295350,buy
2019-10-23,2,2,1,1,1,1,2,1,1,0,0,0,0,0,0,1,1,1,0,1,1,1,0,1,0,0,1,0,0,0,0,0,0,1,1,0,0,0,0, 0.00262096, 0.00256104, 0.0039474, 0.00585398,-0.00116892,buy
2019-10-24,2,2,0,2,2,1,1,0,0,0,0,0,0,0,0,1,0,1,1,1,1,1,1,0,0,0,1,0,0,0,0,1,0,0,1,0,0,0,0, 0.00498865,-0.00018623, 0.0062899, 0.00553523, 0.00628995,buy
2019-10-25,2,2,0,2,2,1,1,1,0,0,0,0,0,0,0,1,1,0,1,1,0,2,1,1,0,0,1,0,0,0,0,1,0,0,1,0,0,0,0, 0.00433259,-0.00045922, 0.0044253, 0.00414545, 0.00501515,buy
2019-10-26,0,2,2,3,2,0,1,1,0,0,0,0,0,0,0,1,0,1,1,0,1,1,1,1,0,0,1,0,0,1,0,1,0,0,1,0,0,0,1, 0.00588985, 0.00124055, 0.0058899, 0.00675518, 0.00467393,buy
2019-10-27,0,1,2,2,1,0,2,1,0,0,0,0,0,0,0,0,1,0,2,1,0,0,0,1,0,0,0,0,0,1,0,1,0,0,1,0,0,0,1,-0.00508464,-0.00508464,-0.0000981,-0.00469448,-0.00587692,sell
2019-10-28,1,1,0,3,2,1,1,0,0,0,0,0,0,0,0,0,1,1,2,0,1,1,1,0,0,0,0,0,0,1,0,1,0,0,0,0,0,0,1,-0.00401960,-0.00401960, 0.0007543,-0.00725915,-0.00401960,sell
2019-10-29,1,0,0,3,2,3,2,0,0,0,0,0,0,0,0,0,1,2,1,1,2,0,0,1,1,0,0,0,0,1,0,0,0,0,0,0,0,0,1,-0.00725411,-0.00611656,-0.0064380,-0.00725411,-0.00442350,sell
2019-10-30,0,0,1,1,2,4,0,1,0,0,0,0,0,0,0,0,0,1,1,1,2,1,1,0,1,0,0,0,0,1,0,0,0,0,0,0,0,0,0,-0.00692962,-0.00764184,-0.0078352,-0.00626702,-0.00565594,sell
2019-10-31,0,1,1,0,2,3,1,1,0,0,0,0,0,0,0,0,1,1,1,1,1,1,1,1,1,0,0,0,0,0,0,0,0,0,0,1,0,0,0,-0.00494025,-0.00527686,-0.0052769,-0.00231117, 0.00013703,sell
2019-11-01,1,1,0,0,0,2,1,0,0,0,0,0,0,0,0,0,0,0,0,0,0,1,1,1,1,0,0,0,0,0,0,0,0,0,0,1,0,0,0,-0.00146707,-0.00495930,-0.0061464,-0.00203098, 0.00146633,sell
2019-11-02,1,0,0,0,1,2,1,1,0,0,0,0,0,0,0,0,1,1,1,1,1,0,0,1,1,0,0,0,0,0,0,0,0,0,0,1,0,0,0,-0.00558345,-0.00991945,-0.0105306,-0.00789779, 0.00030533,sell
2019-11-03,0,0,1,0,1,3,0,1,0,0,0,0,0,0,0,0,1,0,1,0,0,0,1,0,1,0,0,0,0,0,0,0,0,0,0,1,0,1,0,-0.00288007,-0.00428628,-0.0036582,-0.00257495, 0.00105291,sell
2019-11-04,0,0,1,0,2,2,0,1,0,0,0,0,0,0,0,0,1,0,1,0,1,1,0,0,0,0,0,0,0,0,0,0,1,0,0,0,0,1,0, 0.00353137, 0.00081792, 0.0008179, 0.00081792, 0.00081792,buy
2019-11-05,1,0,1,0,2,3,1,1,1,0,0,0,0,0,0,0,1,1,0,1,1,0,0,1,0,0,0,0,0,0,0,0,1,0,1,0,0,1,0,-0.00373526, 0.00190499,-0.0089844, 0.00267439,-0.00354377,sell
2019-11-06,1,1,1,0,1,4,2,0,1,0,0,0,0,0,0,0,0,1,0,1,1,0,1,0,0,0,1,0,1,0,0,0,1,0,1,0,0,1,0, 0.00359339, 0.00478417,-0.0002744, 0.00343545, 0.00165565,buy
2019-11-07,2,0,1,0,2,3,4,1,1,1,0,0,0,0,0,0,1,1,1,1,1,1,1,1,0,0,1,0,1,0,0,0,1,0,1,0,0,0,0,-0.00067941,-0.00048912,-0.0009200,-0.00095659,-0.00079885,buy
2019-11-08,1,1,1,1,3,3,2,1,1,1,0,1,0,0,0,1,1,1,0,0,0,1,1,1,0,0,1,0,1,0,0,0,1,0,1,0,0,0,0,-0.00146826,-0.00280906,-0.0025570,-0.00157211,-0.00155892,sell
2019-11-09,1,0,1,1,3,2,2,1,0,1,0,1,0,0,0,1,0,0,1,0,1,1,1,1,0,0,1,0,1,0,0,0,1,0,0,0,0,0,0, 0.00251306, 0.00203568, 0.0026636, 0.00251306, 0.00251306,buy
2019-11-10,2,0,1,3,1,2,2,1,0,0,0,1,0,1,0,1,1,1,1,1,0,1,0,1,0,0,1,0,1,0,1,0,1,0,0,0,0,0,0,-0.00250573,-0.00251386,-0.0025139,-0.00251386,-0.00355254,sell
2019-11-11,0,1,0,2,0,2,2,0,0,0,0,1,0,1,0,1,1,0,1,0,0,0,1,0,0,0,0,1,0,0,1,0,1,0,0,0,0,0,0,-0.00235359,-0.00302643,-0.0018624,-0.00302643,-0.00054739,sell
2019-11-12,3,0,2,3,0,0,3,0,0,0,1,0,1,1,0,1,1,1,1,1,1,1,0,1,0,0,0,1,0,0,1,0,0,0,0,0,0,0,0,-0.00102741,-0.00176188,-0.0035077,-0.00229498,-0.00133261,sell
2019-11-13,1,2,2,1,2,0,2,1,0,0,1,0,1,0,0,0,1,1,0,1,1,0,1,0,0,0,0,1,0,0,1,0,0,1,0,1,0,0,0,-0.00059114,-0.00019552,-0.0033148,-0.00220381,-0.00064556,buy
2019-11-14,1,1,3,0,2,1,2,2,0,0,1,0,1,0,0,0,0,1,1,1,1,1,1,1,0,0,0,1,0,0,0,0,0,1,0,1,0,0,0,-0.00396907,-0.00367715,-0.0036772,-0.00313314,-0.00424504,sell
2019-11-15,2,1,3,1,1,1,3,1,0,0,1,0,1,0,0,0,1,1,0,1,0,1,1,1,0,0,0,1,0,0,0,0,0,1,0,1,0,1,1,-0.00464878,-0.00576314,-0.0061223,-0.00290442,-0.00553988,sell
2019-11-16,1,2,1,1,1,2,2,1,1,0,0,0,0,0,0,0,0,0,1,0,1,1,1,2,0,0,0,0,0,0,0,0,0,1,0,1,0,1,1,-0.00141475,-0.00109945,-0.0014147,-0.00266235,-0.00179329,sell
2019-11-17,2,2,2,2,2,1,1,1,1,0,0,0,0,0,0,0,1,1,2,1,1,1,0,1,1,0,0,0,0,0,0,0,0,0,1,0,0,1,1,-0.00067114,-0.00245349,-0.0029593,-0.00295932,-0.00299335,sell
2019-11-18,0,3,2,0,2,1,0,1,1,0,0,0,0,0,0,0,1,0,2,0,0,0,1,0,1,0,0,0,0,0,0,0,0,0,1,0,0,1,1,-0.00434438,-0.00434438,-0.0037152,-0.00402582,-0.00383184,sell
2019-11-19,1,0,3,0,2,1,0,2,1,0,0,0,0,0,0,0,1,0,1,1,1,1,0,1,1,0,0,0,0,0,0,0,0,0,1,0,0,0,0, 0.00426194, 0.00256374, 0.0041605, 0.00069223, 0.00182188,buy
2019-11-20,2,2,0,0,2,1,1,1,1,0,0,0,0,0,0,0,1,1,0,1,1,1,1,0,1,0,0,0,0,0,0,0,0,0,1,0,0,0,0,-0.00517138,-0.00538315,-0.0051714,-0.00159370,-0.01101602,sell
2019-11-21,3,1,0,1,1,2,0,1,1,0,0,0,0,0,0,0,1,1,1,1,1,0,1,1,1,0,0,0,0,0,0,0,0,0,0,0,0,0,0,-0.00233842,-0.00044609,-0.0023155,-0.00019873,-0.00276800,sell
2019-11-22,0,1,1,0,2,2,1,1,1,0,0,0,0,0,0,0,1,1,0,0,0,1,1,1,1,0,0,0,1,0,0,1,0,0,0,0,0,0,0,-0.00419050,-0.00362793,-0.0036580,-0.00150175,-0.00362793,sell
2019-11-23,0,0,2,0,1,3,0,2,1,0,0,0,0,0,0,0,0,0,1,1,1,1,0,1,0,1,0,0,1,0,0,1,0,0,0,0,0,0,0, 0.00570292, 0.00444385, 0.0050249, 0.00433914, 0.00433914,buy
2019-11-24,0,1,1,1,2,2,1,0,1,0,0,0,0,0,0,0,1,1,1,0,0,1,1,0,0,1,0,0,1,1,0,1,0,0,0,0,0,0,0, 0.00158999, 0.00158999, 0.0015900, 0.00158999, 0.00158999,buy
2019-11-25,1,1,1,1,1,3,2,0,1,0,0,0,0,0,0,0,1,0,1,1,1,0,0,1,0,1,0,0,1,1,0,1,0,0,0,0,0,0,1, 0.00357930, 0.00357930, 0.0045590, 0.00433866, 0.00362626,buy
2019-11-26,1,1,2,1,3,5,0,0,1,0,1,0,0,0,0,1,1,1,0,1,1,1,1,0,0,1,0,1,1,1,0,1,0,0,0,0,0,0,1, 0.00506547, 0.00505846, 0.0054978, 0.00168530, 0.00506547,buy
2019-11-27,2,2,2,1,3,4,0,1,1,0,1,0,0,0,0,1,0,1,1,1,1,0,1,1,0,1,0,1,1,1,0,0,0,0,0,0,0,1,1, 0.00522352, 0.00531789, 0.0052289, 0.00291764, 0.00540704,buy
2019-11-28,3,2,0,1,3,2,2,0,1,0,1,0,1,0,0,1,1,1,0,1,0,1,1,1,0,1,0,1,0,0,0,0,0,0,0,0,0,1,1, 0.00105255, 0.00105434, 0.0002844, 0.00204956, 0.00036391,buy
2019-11-29,3,0,0,1,2,1,3,0,0,0,1,0,1,0,0,1,0,1,1,0,1,1,0,1,0,1,0,1,0,0,0,0,0,0,0,0,0,1,0, 0.00521820, 0.00204589, 0.0013084, 0.00130841, 0.00186574,buy
2019-11-30,2,0,0,0,2,3,2,1,0,0,1,0,1,0,0,0,1,0,1,1,1,1,1,0,0,1,0,1,0,0,0,0,1,0,0,0,0,1,0, 0.00131364, 0.00291755, 0.0022593, 0.00145646,-0.00202977,buy
2019-12-01,0,0,0,0,1,2,4,3,0,0,0,1,1,0,0,0,1,1,1,0,0,1,1,1,0,1,0,0,0,0,0,0,1,0,0,0,0,0,0,-0.00225642,-0.00067161,-0.0016004, 0.00164054,-0.00225642,sell
2019-12-02,0,0,0,0,5,1,3,1,0,0,0,1,1,0,0,0,1,0,1,1,1,0,0,1,0,1,0,0,0,0,0,0,1,0,0,0,1,0,0,-0.00467142,-0.00075200,-0.0065017, 0.00265672,-0.00736900,sell
2019-12-03,1,0,0,0,2,2,4,0,0,0,0,1,0,0,0,0,1,1,0,1,1,0,1,0,0,1,0,0,0,0,0,0,1,0,0,0,1,0,0,-0.00674847,-0.00023586,-0.0076412, 0.00095773,-0.00764116,sell
2019-12-04,1,0,1,0,2,2,5,1,0,0,0,1,0,0,0,0,0,1,1,2,1,1,1,1,0,1,0,0,0,0,1,0,1,0,0,0,1,0,0,-0.00959140,-0.00626362,-0.0093931,-0.00309835,-0.00959140,sell
2019-12-05,1,1,1,0,2,1,3,1,0,0,0,0,0,0,0,0,1,1,0,1,1,0,1,1,0,0,0,0,0,0,1,0,1,0,0,0,1,0,1, 0.00058377, 0.00021753,-0.0003116,-0.00051021, 0.00036129,buy
2019-12-06,2,0,2,0,3,0,1,2,0,0,0,0,0,0,0,0,1,1,0,0,0,1,1,1,0,0,1,0,0,0,1,0,1,0,0,0,1,0,1,-0.00072914,-0.00524052,-0.0008082,-0.00414516,-0.00080822,sell
2019-12-07,2,0,1,0,3,0,2,3,0,0,0,0,0,0,0,0,0,0,1,1,1,1,0,1,0,0,1,0,0,0,1,0,1,1,0,0,1,0,1,-0.00157539,-0.00594518,-0.0006032,-0.00474584,-0.00076830,sell
2019-12-08,2,2,1,0,1,1,1,1,0,0,0,0,0,0,0,0,1,0,1,0,0,1,1,0,0,0,1,0,0,1,1,0,0,1,0,0,1,0,1,-0.00551121,-0.00340381,-0.0055112,-0.00577507,-0.00553130,sell
2019-12-09,2,2,1,1,3,0,2,1,1,0,0,0,0,0,0,0,1,1,1,1,1,1,0,1,0,0,1,0,1,1,0,0,0,1,0,1,1,0,0,-0.00121231, 0.00002674, 0.0000267, 0.00067726,-0.00090844,buy
2019-12-10,1,2,2,0,4,1,1,1,1,0,0,0,1,0,1,0,1,0,0,1,1,0,1,0,0,0,1,0,1,1,0,0,0,1,0,1,1,0,0,-0.00236285,-0.00051566,-0.0003475,-0.00101912,-0.00116799,buy
2019-12-11,0,3,2,0,5,2,0,1,1,0,0,0,1,0,1,0,0,1,1,1,1,0,2,1,0,0,0,0,1,1,0,0,0,0,0,1,1,0,0,-0.00274545,-0.00274545,-0.0027621,-0.00274545,-0.00097703,sell
2019-12-12,0,2,4,1,4,4,0,1,1,0,0,1,1,0,1,0,0,2,1,1,1,1,1,1,0,0,0,1,1,1,0,0,0,0,1,1,1,0,0,-0.00065373,-0.00018331,-0.0001563, 0.00220124, 0.00214208,buy
2019-12-13,0,1,0,1,3,2,2,0,0,0,0,1,1,0,0,0,1,1,0,0,0,0,1,1,0,0,0,1,1,0,0,0,0,0,1,1,1,0,0, 0.00240951, 0.00889765, 0.0105488, 0.01047649, 0.00953754,buy
2019-12-14,2,0,1,2,2,1,1,0,0,0,0,1,0,0,0,0,0,1,1,1,1,1,0,1,0,0,0,1,0,0,0,0,0,0,1,0,1,0,0,-0.00281010,-0.00321652,-0.0009901,-0.00288904, 0.00132583,sell
2019-12-15,0,2,1,0,2,1,0,2,0,0,0,1,0,0,0,0,1,0,1,0,0,1,1,1,0,0,0,1,0,0,0,0,0,0,1,0,1,0,0,-0.01080929,-0.01065629,-0.0090551,-0.01037665,-0.00909623,sell
2019-12-16,1,1,4,0,2,0,0,2,0,0,0,0,0,0,0,1,1,1,1,1,1,1,0,1,0,0,0,1,0,0,0,0,0,0,0,0,1,0,0, 0.00264563, 0.00995833,-0.0010063, 0.00264563, 0.00317203,buy
2019-12-17,3,3,1,0,1,0,0,0,0,0,0,0,0,0,0,1,1,0,0,1,1,1,1,0,0,0,0,0,0,0,1,0,0,0,0,0,1,0,0, 0.00796679, 0.00803461, 0.0088347, 0.00796679, 0.00796679,buy
2019-12-18,3,2,1,1,1,0,1,1,0,0,1,0,0,0,0,1,0,1,1,1,1,0,1,1,0,0,0,0,0,0,1,0,0,0,0,0,1,0,0, 0.00213072, 0.00692004, 0.0050163, 0.00501631, 0.00415205,buy
2019-12-19,0,2,2,0,1,2,0,3,0,0,1,0,0,0,0,1,1,1,0,0,0,1,1,1,0,0,0,0,0,0,1,0,0,1,0,0,1,0,0,-0.00112125,-0.00112125,-0.0016266, 0.00008080,-0.00190458,sell
2019-12-20,0,2,2,0,2,1,0,4,0,0,1,0,0,0,1,0,0,1,1,1,1,0,0,1,0,0,0,0,0,0,1,0,0,1,0,0,1,1,0, 0.00258236, 0.00390523, 0.0071823, 0.00698023, 0.00018195,buy
2019-12-21,0,3,0,1,2,1,2,3,0,0,1,0,1,0,1,0,1,1,1,1,0,1,1,0,0,0,0,0,0,0,1,0,0,1,0,0,0,1,0,-0.00075889,-0.00258336, 0.0002192, 0.00300195,-0.00066770,sell
2019-12-22,1,1,0,1,4,3,1,1,0,1,0,1,1,0,1,0,1,0,1,0,1,1,0,1,0,0,0,0,0,0,0,1,0,1,0,0,0,1,0,-0.00288475, 0.00121241,-0.0030823, 0.00175954, 0.00181162,buy
2019-12-23,1,0,1,0,6,2,2,1,0,1,0,1,1,0,0,0,2,1,0,1,2,1,1,0,0,0,0,0,0,1,0,1,0,0,0,0,0,1,0, 0.00415919, 0.00455636, 0.0044648, 0.00261100, 0.00261100,buy
2019-12-24,1,1,2,0,5,2,0,2,0,1,0,1,1,0,0,0,1,0,1,1,1,0,2,1,0,0,0,0,0,1,0,1,0,0,0,0,0,1,0, 0.00329771, 0.00266018, 0.0026742, 0.00084768, 0.00122639,buy
2019-12-25,1,2,0,0,6,0,0,1,0,1,0,1,0,0,0,0,0,1,1,1,1,0,1,1,1,0,0,0,0,1,0,1,0,0,0,0,0,0,0,-0.00150927, 0.00267111, 0.0020610, 0.00277915, 0.00267111,buy
2019-12-26,3,1,0,0,2,1,0,0,0,1,0,0,0,0,0,1,1,1,0,0,0,1,1,1,1,0,0,0,0,1,0,1,0,0,0,0,0,0,0,-0.00210529, 0.00024507,-0.0034520, 0.00430609,-0.00301676,buy
2019-12-27,0,1,0,0,1,0,2,0,0,1,0,0,0,0,0,1,0,1,1,1,1,0,0,0,1,0,0,0,0,0,0,0,0,0,0,0,0,0,0, 0.00390009, 0.00313491, 0.0009998, 0.00218989, 0.00212336,buy
2019-12-28,0,1,0,0,2,1,1,2,0,0,0,0,0,0,0,1,1,1,1,0,0,1,1,0,1,0,0,0,0,0,0,0,0,0,0,0,0,0,1, 0.00291301, 0.00305106, 0.0029130, 0.00479076, 0.00291301,buy
2019-12-29,1,0,0,0,3,2,0,2,0,0,0,0,0,0,1,0,1,0,1,1,1,1,0,1,1,0,0,0,0,0,0,0,0,0,0,0,0,0,1, 0.00084750, 0.00294287, 0.0008475, 0.00084750, 0.00124628,buy
2019-12-30,1,0,0,0,2,2,1,2,0,0,0,0,0,0,1,0,1,1,0,1,1,1,1,0,1,0,0,0,0,0,0,0,0,0,0,0,0,0,1,-0.00369782,-0.00214055,-0.0036978,-0.00369782,-0.00108581,sell
2019-12-31,1,0,0,0,1,2,4,1,0,0,0,0,0,0,1,0,1,0,1,1,1,1,1,1,0,0,0,0,0,0,0,0,0,1,0,0,0,0,1,-0.00029617,-0.00032826,-0.0006228,-0.00029617,-0.00081203,buy
2020-01-01,3,0,0,0,1,2,2,0,1,0,0,0,0,0,1,0,0,1,1,1,1,0,1,1,0,0,0,0,0,0,1,0,0,1,0,0,0,0,0, 0.00061270,-0.00078929,-0.0007893,-0.00181450,-0.00381551,sell
2020-01-02,2,0,0,0,2,1,0,1,1,0,0,0,0,0,0,0,1,1,0,0,0,0,1,1,0,0,0,0,0,0,1,0,0,1,0,0,0,0,0,-0.00258457,-0.00256335,-0.0033302,-0.00237827,-0.00371180,sell
2020-01-03,1,1,0,0,3,0,0,3,1,0,0,0,0,0,0,0,0,1,1,1,1,1,0,1,0,0,0,0,0,0,1,0,0,1,0,0,0,0,0,-0.00023063,-0.00099690,-0.0013816,-0.00219664,-0.00091916,buy
2020-01-04,2,0,1,0,1,1,0,2,1,0,0,0,0,0,0,1,0,1,1,1,1,0,1,0,0,0,0,0,0,0,1,0,0,1,0,0,0,0,0, 0.00199883, 0.00036282, 0.0003628,-0.00013503, 0.00052841,buy
2020-01-05,4,0,0,0,1,1,2,0,0,0,0,0,0,0,0,1,1,0,1,0,0,1,1,1,0,1,1,0,0,0,1,0,0,0,0,1,0,0,0,-0.00082163, 0.00078930,-0.0000856,-0.00053523, 0.00000647,buy
2020-01-06,4,1,0,0,2,2,2,0,0,0,0,0,0,0,0,1,1,0,1,1,1,1,0,0,0,1,1,0,0,0,0,1,0,0,1,1,0,0,0, 0.00008615,-0.00247527, 0.0011738, 0.00013221, 0.00073659,sell
2020-01-07,1,3,1,1,4,2,2,0,0,0,1,0,0,1,0,1,1,1,0,1,1,1,1,1,0,1,1,0,0,0,0,1,0,0,1,1,0,0,0,-0.00161899,-0.00550726,-0.0042519,-0.00518403,-0.00397175,sell
2020-01-08,0,0,3,0,3,4,2,1,0,1,1,0,0,1,0,0,0,0,1,1,1,1,1,1,0,1,1,0,0,0,0,1,0,0,1,1,0,0,0,-0.00288320,-0.00528681,-0.0032860,-0.00463387,-0.00254515,sell
2020-01-09,0,0,1,1,2,4,3,0,0,1,1,0,0,1,0,0,1,1,0,0,0,0,1,1,0,1,1,0,0,0,0,1,0,0,1,1,0,0,0,-0.00134286,-0.00457947,-0.0022264,-0.00457947,-0.00150000,sell
2020-01-10,1,1,0,4,0,3,1,0,0,1,0,0,0,1,0,0,1,1,1,1,1,1,0,1,0,1,0,0,0,0,0,1,0,0,0,0,0,0,0,-0.00271494,-0.00078992,-0.0015228,-0.00367263,-0.00372101,sell
2020-01-11,1,1,0,2,0,2,0,1,0,1,0,1,1,1,0,0,0,1,1,1,1,0,1,0,0,1,0,1,1,0,0,0,0,0,0,0,0,0,0, 0.00041225, 0.00178290, 0.0017829, 0.00267142, 0.00178290,buy
2020-01-12,1,0,5,0,0,2,0,1,0,1,0,1,1,1,0,0,1,1,1,1,1,1,0,1,0,1,0,1,1,0,0,0,0,0,0,0,0,0,0, 0.00189959, 0.00738806, 0.0027621, 0.00590344, 0.00609621,buy
2020-01-13,1,1,3,0,0,1,0,1,0,0,0,1,1,1,0,0,1,1,0,1,1,1,1,0,0,1,0,1,1,0,0,0,0,0,0,0,0,0,0, 0.00250571, 0.00755789, 0.0003242, 0.00250571, 0.00040132,buy
2020-01-14,2,4,0,1,0,1,1,1,0,0,0,0,0,0,0,0,1,1,1,1,1,1,1,1,0,1,0,1,1,0,0,0,0,0,0,0,0,1,0, 0.00086069, 0.00315831, 0.0036323, 0.00363227, 0.00347885,buy
2020-01-15,3,1,1,0,0,1,1,0,0,0,0,0,0,0,0,0,0,0,0,1,1,1,1,1,0,1,0,1,1,0,0,0,0,0,0,0,0,1,0, 0.00280150, 0.00435977, 0.0047963, 0.00435977, 0.00435977,buy
2020-01-16,0,0,2,0,0,2,2,1,0,0,1,0,0,0,0,0,1,1,1,0,0,0,0,1,0,1,0,0,0,0,0,0,0,0,0,0,0,1,0,-0.00068567,-0.00159279,-0.0044063,-0.00083915,-0.00138271,sell
2020-01-17,0,1,0,1,0,2,1,4,0,0,1,0,0,0,1,0,0,1,1,1,1,1,1,0,0,0,0,0,0,0,0,0,0,0,0,0,0,1,0, 0.00006968,-0.00174617,-0.0006974,-0.00090707,-0.00060271,sell
2020-01-18,1,1,0,2,1,2,1,1,0,0,1,0,0,0,1,0,1,1,2,0,0,0,1,1,0,0,0,0,0,0,0,0,0,0,1,0,0,0,0, 0.00160708, 0.00163792,-0.0015430, 0.00281234,-0.00237331,buy
2020-01-19,1,0,0,0,0,3,3,1,0,0,0,0,0,0,1,0,1,0,1,1,1,1,0,0,0,0,0,0,0,0,0,0,0,0,1,1,0,0,0,-0.00042033,-0.00046742,-0.0017434, 0.00368223,-0.00174339,buy
2020-01-20,0,0,2,0,1,6,1,0,0,0,0,0,0,0,0,0,1,1,0,1,1,2,1,1,0,0,1,0,0,0,0,0,0,0,1,1,0,0,0,-0.00066997, 0.00061998,-0.0000457,-0.00102696, 0.00047550,buy
2020-01-21,0,1,1,0,2,4,1,2,0,0,0,0,0,0,0,0,0,0,1,1,1,1,1,1,0,0,1,0,0,1,0,1,0,0,1,1,0,0,0,-0.00461817,-0.00443429,-0.0042383,-0.00336692,-0.00589067,sell
2020-01-22,1,1,0,0,2,3,1,1,1,0,0,0,0,0,0,0,1,0,0,0,0,1,1,1,0,0,1,0,0,1,0,1,0,0,1,1,0,0,0,-0.00405730,-0.00417143,-0.0049716, 0.00030831,-0.00273242,sell
2020-01-23,1,0,0,0,2,1,4,3,1,1,0,0,0,0,0,1,1,1,1,1,1,0,0,1,0,0,1,0,0,1,0,1,1,0,0,0,0,0,1,-0.00632710,-0.00220334,-0.0063685,-0.00684377,-0.00664177,sell
2020-01-24,0,0,0,0,1,3,3,4,1,1,0,0,0,0,0,1,0,1,1,1,1,1,1,0,0,0,1,0,0,1,0,1,1,0,0,0,0,0,1,-0.00213812, 0.00051731,-0.0021381,-0.00213812,-0.00213812,buy
2020-01-25,0,0,0,0,4,0,4,4,1,1,1,0,0,0,0,1,1,1,1,0,0,1,0,1,0,0,0,0,0,1,0,1,1,0,0,0,0,0,1,-0.00544321,-0.00127325,-0.0044102,-0.00590704,-0.00559871,sell
2020-01-26,0,0,0,0,4,2,2,2,0,1,1,0,0,0,0,1,1,0,1,1,1,0,0,0,0,0,0,0,0,0,0,0,1,1,0,0,0,1,1,-0.00474935,-0.00472174,-0.0046098,-0.00412463,-0.00400456,sell
2020-01-27,0,0,0,0,2,3,4,1,0,1,1,0,0,0,0,0,1,0,0,1,1,1,1,0,0,0,0,0,0,0,0,0,1,1,0,0,0,1,1,-0.00246486,-0.00344361,-0.0024649, 0.00046786, 0.00047291,sell
2020-01-28,0,0,0,0,0,3,4,2,0,0,0,0,0,0,0,0,1,1,1,1,1,1,1,1,0,0,0,0,0,0,0,0,1,1,0,0,0,1,0,-0.00061466, 0.00073962,-0.0006147,-0.00061466, 0.00108281,buy
2020-01-29,0,0,0,0,2,3,2,1,0,0,0,1,0,0,0,0,0,0,0,1,1,1,1,1,0,0,0,0,0,0,0,0,1,1,0,0,0,1,0,-0.00438779,-0.00260554,-0.0028255,-0.00226115,-0.00305139,sell
2020-01-30,1,0,0,0,4,1,1,2,0,0,0,1,1,0,0,0,1,1,1,0,0,1,0,1,0,0,0,0,0,0,0,0,1,0,0,0,0,1,0,-0.00045711,-0.00144976, 0.0020063,-0.00141432,-0.00045711,sell
2020-01-31,1,0,0,0,3,0,1,2,0,0,0,1,1,0,0,0,0,1,1,1,1,0,0,0,0,0,0,0,0,0,0,0,0,0,1,0,0,0,0,-0.00322884,-0.00525330,-0.0051452,-0.00583661,-0.00583661,sell
2020-02-01,0,1,0,0,2,2,1,1,1,0,0,0,1,0,0,0,0,1,1,0,0,1,1,0,1,0,0,0,0,0,0,0,0,0,1,0,0,0,0, 0.00467539, 0.00527354, 0.0057160, 0.00479487, 0.00472360,buy
2020-02-02,3,0,1,0,1,1,3,1,1,0,0,0,0,0,0,0,1,1,1,1,1,1,0,1,1,0,0,0,0,0,0,0,0,0,1,1,0,0,0, 0.00414327, 0.00081443, 0.0008144, 0.00081443, 0.00340567,buy
2020-02-03,2,1,0,0,2,1,2,1,1,0,0,0,0,0,0,0,1,0,0,1,1,0,1,0,1,0,0,0,0,0,1,0,0,0,1,1,0,0,0,-0.00493866,-0.00348558,-0.0035932,-0.00093619,-0.00439439,sell
2020-02-04,1,2,1,0,3,2,3,2,1,0,0,0,0,0,1,0,1,0,1,1,1,1,1,1,1,0,1,0,0,0,1,0,0,0,1,1,0,0,0,-0.00525667, 0.00149806, 0.0014981, 0.00319701, 0.00086098,buy
2020-02-05,0,1,2,1,2,2,3,1,0,0,0,0,0,0,1,0,0,1,0,1,1,1,2,1,1,0,1,0,0,0,1,0,0,0,0,1,0,0,0,-0.00296608, 0.00673430, 0.0067343, 0.00660410, 0.00660410,buy
2020-02-06,1,1,1,1,2,1,3,1,0,0,0,0,0,0,1,0,1,0,1,0,0,2,1,2,1,0,1,0,0,0,1,0,0,0,0,0,0,0,0, 0.00386568, 0.00435561, 0.0065308, 0.00533181, 0.00065001,buy
2020-02-07,1,0,2,3,1,0,1,1,0,0,0,0,0,0,0,0,1,1,1,1,1,1,0,1,0,0,1,0,0,0,1,0,0,0,0,0,0,0,0, 0.00386600, 0.00454833, 0.0025423,-0.00112650, 0.00454833,buy
2020-02-08,0,2,1,0,2,2,0,2,0,0,0,1,0,0,0,0,1,1,1,0,0,0,1,0,0,0,1,0,0,0,1,0,0,0,0,0,0,1,1,-0.00307899,-0.00253978,-0.0008749,-0.00258707,-0.00016081,sell
2020-02-09,1,1,4,1,1,2,0,1,0,0,0,1,0,0,0,0,2,1,1,1,1,1,0,1,0,0,0,0,0,0,0,0,0,0,0,0,0,1,1,-0.00000999,-0.00116681,-0.0011668,-0.00174841,-0.00169373,sell
2020-02-10,2,3,0,0,1,3,0,0,0,0,0,1,1,0,0,0,2,0,0,1,1,0,1,0,0,0,0,0,0,0,0,0,0,0,0,0,0,1,1,-0.00163970, 0.00093314,-0.0039634,-0.00042442,-0.00297460,sell
2020-02-11,4,1,1,1,2,3,0,1,0,0,0,1,1,0,0,0,1,1,1,1,1,1,1,1,0,0,0,1,0,0,0,0,0,0,0,0,0,1,1, 0.00011733, 0.00066585, 0.0003656, 0.00023361, 0.00037955,buy
2020-02-12,0,2,1,0,2,3,0,1,0,0,0,1,1,0,0,0,1,0,0,0,0,1,1,1,0,0,0,1,0,0,0,0,0,0,0,0,0,1,1,-0.00145469, 0.00058071,-0.0020103, 0.00066254,-0.00141523,buy
2020-02-13,1,0,2,0,2,1,1,3,0,0,0,0,1,0,0,0,1,1,1,1,1,1,0,1,0,0,0,1,1,0,0,0,0,0,0,0,0,0,0,-0.00198851,-0.00134345,-0.0010130,-0.00076821,-0.00232152,sell
2020-02-14,0,1,0,1,2,2,1,0,0,0,0,0,1,0,0,0,0,2,1,0,0,0,1,0,0,0,0,1,1,0,0,0,0,0,0,0,0,0,0,-0.00535221,-0.00558315,-0.0061067,-0.00437165,-0.00033794,sell
2020-02-15,1,0,0,1,2,2,3,1,0,0,0,0,1,0,0,0,1,1,1,1,1,1,0,1,0,0,0,1,1,0,0,0,0,0,0,0,0,0,0,-0.00153713,-0.00091386,-0.0011950,-0.00022553,-0.00208778,sell
2020-02-16,0,0,1,0,2,4,1,1,0,0,0,0,1,0,0,0,1,1,0,1,2,1,1,0,0,0,0,0,1,0,0,0,0,0,0,0,0,0,0,-0.00322070,-0.00197983,-0.0049741,-0.00224466, 0.00064238,sell
2020-02-17,0,1,1,0,3,3,0,1,0,0,0,0,1,0,0,0,1,0,1,1,1,0,1,1,0,0,0,0,1,0,0,0,0,0,0,0,1,0,0,-0.00063346,-0.00097959,-0.0007160,-0.00071832, 0.00302797,buy
2020-02-18,1,1,0,0,3,2,2,0,0,0,0,0,1,0,0,0,0,1,0,1,1,1,1,1,0,1,0,0,1,0,0,0,0,0,0,0,1,0,0,-0.00119039, 0.00071653,-0.0022195,-0.00147775,-0.00148525,buy
2020-02-19,1,0,0,0,0,4,2,0,0,0,0,0,1,0,0,0,1,0,1,0,0,1,0,1,1,1,0,0,0,0,0,0,0,0,0,0,1,0,0, 0.00250107, 0.00296097, 0.0000482,-0.00081409, 0.00242707,buy
2020-02-20,1,0,0,0,2,4,2,1,0,0,0,0,1,0,0,0,0,1,1,1,1,1,1,1,1,1,0,0,0,1,0,0,0,0,0,0,1,0,0, 0.00035793, 0.00066012, 0.0006601, 0.00046660, 0.00066012,buy
2020-02-21,0,0,0,0,3,5,2,2,0,0,0,1,1,0,0,0,0,1,1,0,0,1,1,0,1,1,0,0,0,1,0,1,0,1,0,0,1,0,0,-0.00057030,-0.00765288,-0.0029151,-0.00291514,-0.00322597,sell
2020-02-22,0,0,0,0,5,5,2,2,0,0,0,1,1,0,0,0,1,1,1,1,1,0,0,1,1,1,0,0,0,1,0,1,0,1,0,0,1,0,0,-0.00216664,-0.00815897,-0.0032269,-0.00238184,-0.00323929,sell
2020-02-23,0,0,0,0,2,5,4,1,0,0,0,1,0,0,0,0,1,1,0,1,1,1,1,0,1,1,0,0,0,1,0,1,0,1,0,0,1,0,0,-0.00705310,-0.00521090,-0.0058429,-0.00500076,-0.00575947,sell
2020-02-24,0,0,0,0,2,6,4,1,0,0,0,1,0,0,0,0,1,0,1,1,1,0,1,1,1,1,0,0,0,1,0,1,0,1,0,0,1,0,1,-0.00592879,-0.00671596,-0.0060599,-0.00592879,-0.00638864,sell
2020-02-25,0,0,0,0,3,2,5,1,0,1,0,1,0,1,0,0,0,0,0,1,1,0,1,1,0,1,0,0,0,0,0,1,0,1,0,0,1,0,1,-0.00484091,-0.00075594,-0.0040419,-0.00043696,-0.00089638,sell
2020-02-26,0,0,0,0,3,4,2,1,1,1,0,0,0,1,0,0,0,1,0,0,0,1,1,1,0,1,0,1,0,0,0,0,0,0,0,0,1,0,1,-0.00517775,-0.00414667,-0.0052976,-0.00395398,-0.00390277,sell
2020-02-27,0,0,0,0,3,4,3,3,1,1,0,0,0,1,1,0,1,0,1,1,0,1,0,1,0,1,0,1,0,0,0,0,0,0,1,0,1,0,1, 0.00254313,-0.00185265,-0.0016651, 0.00191742, 0.00213365,buy
2020-02-28,1,0,0,0,1,4,2,2,1,0,0,0,0,0,1,0,0,1,1,0,1,0,1,0,0,1,0,1,0,0,0,0,0,0,1,0,1,0,1, 0.00112570, 0.00009424, 0.0003019,-0.00014979,-0.00051842,buy
2020-02-29,2,0,0,0,1,3,4,1,1,0,0,0,0,0,1,0,1,1,1,0,0,1,0,0,0,1,0,1,0,0,0,0,0,0,1,0,1,0,1, 0.00001307, 0.00147921, 0.0006679,-0.00173251,-0.00071970,buy
2020-03-01,3,1,0,0,1,4,2,2,1,0,0,0,0,0,1,0,1,1,0,1,1,0,1,1,0,1,0,1,1,0,0,0,0,0,1,1,1,0,0, 0.00273469, 0.00050737, 0.0004267, 0.00280615, 0.00051550,buy
2020-03-02,0,3,1,0,1,2,2,2,0,0,0,0,0,0,1,0,1,1,0,1,1,1,1,0,0,1,0,0,1,0,0,0,0,0,0,1,1,0,0, 0.00495543, 0.00495543, 0.0049590, 0.00659356,-0.00072503,buy
2020-03-03,0,1,3,0,2,3,0,3,0,0,0,0,1,0,0,0,1,0,1,1,2,1,1,1,0,0,0,0,1,0,0,0,0,0,0,1,1,0,0, 0.00305411, 0.00314829, 0.0030541, 0.00314829, 0.00511501,buy
2020-03-04,0,0,1,1,1,3,1,1,0,0,0,0,1,0,0,0,0,1,0,0,1,0,1,1,0,0,0,0,1,0,0,0,0,0,0,1,1,0,0,-0.00397173,-0.00350608,-0.0042971,-0.00188609,-0.00243359,sell
2020-03-05,2,0,0,3,1,4,1,1,0,1,0,0,1,0,0,0,1,1,1,1,0,1,0,2,0,0,0,0,1,0,0,0,0,0,0,1,1,0,0, 0.00680023, 0.00583670, 0.0067109, 0.00727238, 0.00644543,buy
2020-03-06,0,2,0,2,1,3,1,1,0,1,0,0,1,0,0,0,0,0,1,1,1,1,1,1,0,0,1,0,0,0,0,0,0,1,0,0,1,1,0,-0.00532224,-0.00716469, 0.0036733,-0.00472461,-0.00740451,sell
2020-03-07,0,0,5,0,1,4,0,0,0,1,0,0,1,0,0,0,1,1,1,1,0,1,0,0,0,0,1,0,0,1,0,0,0,1,0,0,1,1,0,-0.00209000,-0.00269478,-0.0018602,-0.00153120,-0.00145330,sell
2020-03-08,1,3,2,0,1,4,0,1,0,1,0,0,1,0,0,0,1,1,0,2,1,0,1,1,0,0,1,0,0,1,0,0,0,1,0,0,1,1,0,-0.00403869,-0.00066357, 0.0001998,-0.00065767,-0.00254150,sell
2020-03-09,3,3,0,2,1,4,1,0,0,1,0,0,1,0,0,0,1,1,1,2,1,1,1,0,1,0,1,0,0,1,0,0,0,1,0,0,1,1,0,-0.00493060,-0.00800297,-0.0026862,-0.00710782,-0.00476960,sell
2020-03-10,3,0,1,0,1,3,1,1,0,0,0,0,1,0,0,1,0,0,0,1,1,0,1,1,1,0,1,0,0,1,0,0,0,1,0,0,1,1,0, 0.00199351,-0.00284611, 0.0004049, 0.00030752, 0.00072607,sell
2020-03-11,0,1,2,0,1,2,1,4,0,0,0,0,1,0,0,1,1,1,1,1,0,1,0,1,1,0,0,0,0,1,0,0,0,0,0,0,1,0,0,-0.00100886, 0.00382504,-0.0010806,-0.00100886, 0.00224333,buy
2020-03-12,0,2,1,1,1,1,2,3,0,0,0,0,1,0,0,1,0,0,1,1,1,1,1,1,1,0,0,1,0,0,0,0,0,0,0,0,1,0,0,-0.00379564, 0.00200742,-0.0061930,-0.00314602,-0.00279317,sell
2020-03-13,2,1,0,0,1,1,5,1,0,0,0,0,1,0,0,1,1,1,1,1,0,2,0,0,1,0,0,1,0,0,0,0,0,0,0,0,1,0,0, 0.00260413, 0.00441054, 0.0026041, 0.00323757, 0.00415142,buy
2020-03-14,1,0,1,1,1,3,4,1,0,0,0,0,1,0,0,1,2,1,0,1,1,1,1,1,0,0,0,1,0,0,0,0,0,0,0,0,1,0,0, 0.00329503, 0.00730336, 0.0033004, 0.00730872, 0.00210520,buy
2020-03-15,0,1,0,0,3,4,1,2,0,0,0,0,1,0,0,1,2,1,1,1,1,0,1,0,0,0,0,1,0,0,0,0,0,0,0,0,1,0,0, 0.00532871, 0.00623865, 0.0047533, 0.00567785, 0.00360586,buy
2020-03-16,1,1,1,0,5,1,2,2,0,0,0,0,1,0,0,1,1,1,0,1,1,1,2,1,0,0,0,1,0,0,1,0,0,0,0,0,1,0,0, 0.00698268, 0.00921922, 0.0055910, 0.00856703, 0.00803842,buy
2020-03-17,1,1,0,0,1,1,2,1,0,0,0,0,1,0,0,1,0,0,0,0,0,0,1,1,0,0,0,0,1,0,1,0,0,0,0,0,1,0,0, 0.00183050,-0.00204507,-0.0026104,-0.00332468,-0.00270328,sell
2020-03-18,1,0,0,0,1,1,4,0,0,0,0,0,1,0,0,0,1,1,1,1,1,1,0,1,0,0,0,0,1,0,1,0,0,0,0,0,1,0,0, 0.00279183, 0.00269794,-0.0014150, 0.00272485, 0.00686061,buy
2020-03-19,1,0,0,0,1,2,3,1,0,0,0,0,1,0,0,0,0,0,1,0,1,1,1,1,0,0,0,0,1,0,1,0,0,0,0,0,1,0,0,-0.00195721,-0.00170967,-0.0055962,-0.00315323,-0.00212463,sell
2020-03-20,0,0,0,0,4,2,3,0,0,0,0,0,0,0,1,0,1,1,1,1,0,1,0,0,0,0,0,0,1,0,1,0,0,0,0,0,1,0,0,-0.00977747,-0.00400864,-0.0100233,-0.01012296,-0.00972565,sell
2020-03-21,0,0,0,0,5,1,5,1,0,0,0,0,0,0,1,0,1,1,0,1,1,1,1,1,0,0,0,0,1,0,1,0,0,1,0,0,1,0,0,-0.00981532,-0.00396375,-0.0078532,-0.01000539,-0.00981532,sell
2020-03-22,0,0,0,0,1,5,5,0,0,0,0,0,0,0,1,0,1,1,1,1,1,0,1,0,0,0,0,0,1,1,1,0,0,1,0,0,1,0,0,-0.01092664,-0.00887953,-0.0081246,-0.01072165,-0.01079975,sell
2020-03-23,0,0,0,0,1,2,7,0,0,0,0,0,0,0,1,0,1,1,1,1,1,0,1,1,0,0,0,0,0,1,0,0,0,1,0,0,1,0,0,-0.00895198,-0.00847319,-0.0003522,-0.00213614,-0.00938576,sell
2020-03-24,0,0,0,0,2,2,4,0,1,0,0,0,0,0,1,0,0,0,0,0,1,1,1,1,0,0,0,0,0,1,0,0,0,1,0,0,1,0,0,-0.00665830,-0.00649302, 0.0021463, 0.00192394,-0.00680116,sell
2020-03-25,1,0,0,0,2,4,1,2,1,0,0,1,0,0,0,0,1,0,1,1,0,0,0,1,0,0,0,0,0,1,0,1,0,1,0,0,1,0,0,-0.00163764,-0.00293433,-0.0037914,-0.00771847,-0.00285051,sell
2020-03-26,1,0,0,0,2,4,0,4,1,0,0,1,0,0,0,0,1,1,1,1,1,0,1,1,0,0,0,0,0,1,0,1,0,0,0,0,1,0,0,-0.00238773,-0.00245555,-0.0035379,-0.00266966,-0.00575458,sell
2020-03-27,2,0,0,0,2,4,0,0,1,0,0,1,0,0,0,0,0,0,1,0,0,1,1,0,0,0,0,0,0,1,0,1,0,0,1,0,1,0,0,-0.00489125, 0.00089760, 0.0031816, 0.00187747, 0.00272861,buy
2020-03-28,6,0,0,0,0,4,1,0,1,0,0,1,0,0,0,0,1,1,1,1,1,1,0,0,0,0,0,0,0,0,0,1,0,0,1,0,1,0,0,-0.00077391,-0.00076053,-0.0026423,-0.00086506,-0.00139228,sell
2020-03-29,4,2,0,0,1,3,1,0,0,1,0,1,0,0,0,0,1,1,0,1,1,1,1,1,0,0,0,0,0,0,0,1,0,0,1,0,1,0,0,-0.00532535,-0.00182113,-0.0037393, 0.00373584,-0.00202597,sell
2020-03-30,2,3,2,0,0,4,1,1,0,1,0,0,1,0,0,0,1,1,1,2,1,1,1,0,0,0,0,0,0,0,0,1,0,0,1,0,1,0,0,-0.00440344, 0.00029079,-0.0020127, 0.00017923, 0.00028000,buy
2020-03-31,1,0,4,0,1,3,1,0,0,1,0,0,1,0,0,0,1,1,0,1,1,0,1,1,0,0,0,0,0,0,0,0,0,0,1,0,1,0,0, 0.00041696,-0.00747397,-0.0072534,-0.00728411,-0.00346931,sell
2020-04-01,1,0,0,0,0,4,1,1,0,1,0,0,1,0,0,0,0,0,1,0,0,1,1,1,0,0,0,0,0,0,0,0,0,0,0,0,1,0,0, 0.00356153, 0.00464485, 0.0060104, 0.00298727, 0.00356153,buy
2020-04-02,2,1,0,4,0,4,0,0,0,1,1,0,1,0,0,0,1,1,2,1,1,0,0,1,0,0,0,0,0,0,0,0,0,0,0,1,1,0,0, 0.00681979, 0.00646843, 0.0087486, 0.00672349, 0.00833850,buy
2020-04-03,2,1,0,1,0,3,1,1,0,1,1,0,0,0,1,0,0,1,1,0,0,1,1,1,0,0,0,0,0,0,0,0,0,0,0,1,1,0,0, 0.00465909,-0.00267802, 0.0046601, 0.00466011,-0.00317222,buy
2020-04-04,1,1,4,0,0,3,0,0,0,1,1,0,0,0,1,0,1,0,1,1,1,1,0,0,0,0,0,0,0,0,0,0,0,0,0,1,1,0,0, 0.00106789, 0.00012488, 0.0015096,-0.00041222,-0.00018972,buy
2020-04-05,2,4,3,0,0,2,0,1,0,0,1,0,0,0,1,0,1,1,0,1,2,2,1,1,0,0,0,0,0,0,0,0,0,0,0,1,1,0,0, 0.00108318, 0.00085135, 0.0011325, 0.00179688, 0.00158603,buy
2020-04-06,4,3,1,1,1,2,2,0,1,0,0,1,0,0,1,0,1,1,1,1,2,1,1,0,0,0,1,0,0,0,0,0,0,0,0,1,1,0,0, 0.00674191, 0.00521063, 0.0063643, 0.00803927, 0.00474947,buy
2020-04-07,5,0,1,0,2,1,2,0,1,0,0,1,0,0,0,0,0,1,0,0,1,0,1,1,0,0,1,0,0,0,0,0,1,0,0,1,1,1,0,-0.00351471, 0.00930239, 0.0111126, 0.00712692, 0.00947923,buy
2020-04-08,1,1,1,1,2,1,2,3,1,0,0,1,0,0,0,0,1,0,1,1,1,1,0,1,0,0,1,0,0,0,0,0,1,0,0,0,1,1,0, 0.00835335, 0.00936307, 0.0086551, 0.01111386, 0.00872221,buy
2020-04-09,1,1,1,1,2,2,2,2,1,0,0,1,0,0,0,0,0,1,1,0,1,0,1,1,0,0,1,0,0,0,1,0,1,0,0,0,1,1,1, 0.00494245, 0.00854783, 0.0085478, 0.00904581, 0.00920479,buy
2020-04-10,2,0,1,0,2,2,4,0,0,0,0,0,1,0,0,0,1,0,1,1,1,1,0,0,0,0,1,0,0,0,1,0,1,0,0,0,1,1,1,-0.00342293,-0.00482293,-0.0047136,-0.00663842,-0.00482806,sell
2020-04-11,1,1,1,1,2,5,3,0,0,0,0,0,1,0,0,0,1,1,0,1,2,1,1,1,0,0,1,0,0,0,1,0,1,0,0,0,1,1,1, 0.00071345,-0.00235415,-0.0023057,-0.00230567,-0.00210836,sell
2020-04-12,2,1,0,0,4,4,1,2,0,0,0,0,1,0,0,0,1,1,1,1,2,1,1,0,0,0,0,1,0,0,1,0,1,0,0,0,1,1,1, 0.00190520, 0.00333708, 0.0019052, 0.00190520,-0.00028994,buy
2020-04-13,2,1,1,0,3,2,1,2,0,0,0,0,1,0,1,0,0,1,0,0,1,0,1,1,1,0,0,1,0,0,1,0,1,0,1,0,1,0,1, 0.00241206,-0.00533946,-0.0062082, 0.00201665,-0.00524712,sell
2020-04-14,1,3,0,0,1,2,1,3,0,0,0,0,0,0,1,0,1,0,1,1,0,1,0,1,1,0,0,1,0,0,1,1,1,0,1,0,1,0,1,-0.00100945,-0.00735987,-0.0073599,-0.00365587,-0.00597406,sell
2020-04-15,2,3,0,0,1,3,1,4,0,0,0,0,0,0,1,1,1,0,1,1,1,1,1,2,1,0,0,1,0,0,1,1,1,0,1,0,1,0,1,-0.00044555,-0.00694411,-0.0069441,-0.00281826,-0.00706517,sell
2020-04-16,2,2,0,0,2,2,1,2,0,0,0,0,0,0,1,1,0,1,1,0,0,0,0,1,1,0,0,1,0,0,1,1,1,0,1,0,1,0,1, 0.00043978,-0.00643013,-0.0064301, 0.00081282,-0.00746756,sell
2020-04-17,1,2,0,0,4,1,3,1,0,1,0,0,0,0,0,1,1,0,1,1,1,1,0,0,1,0,0,0,0,0,0,1,1,0,1,0,1,0,1, 0.00045872, 0.00127675,-0.0012002,-0.00127433, 0.00091472,buy
2020-04-18,1,2,0,0,2,4,3,1,0,1,0,0,0,0,0,1,1,1,0,1,1,1,1,1,0,0,0,0,0,0,0,1,1,0,1,0,1,0,1, 0.00514546, 0.00490937, 0.0062913, 0.00587333, 0.00589258,buy
2020-04-19,1,1,0,0,1,3,3,1,0,1,0,0,0,0,0,0,1,1,1,1,1,1,1,0,0,0,0,0,1,0,0,1,1,0,0,0,0,0,1, 0.00819960, 0.00306509, 0.0067962, 0.00769220, 0.00379852,buy
2020-04-20,1,1,0,0,2,1,4,1,0,1,0,0,0,0,0,0,1,1,0,1,1,1,1,0,0,0,0,0,1,0,0,1,1,0,0,0,0,0,1, 0.00437106,-0.00348449, 0.0019983, 0.00467551, 0.00467551,buy
2020-04-21,1,0,0,0,2,0,2,1,0,0,1,0,0,0,0,0,0,1,1,0,0,0,0,1,0,0,0,0,1,0,0,0,1,0,0,0,0,0,1,-0.00316812,-0.00304248,-0.0031681,-0.00190994,-0.00316812,sell
2020-04-22,1,1,0,0,2,2,0,4,0,0,1,0,0,0,0,0,1,0,1,1,1,1,0,1,0,0,1,0,1,0,0,0,1,0,0,1,0,0,0,-0.00302336,-0.00383265,-0.0030234,-0.00356562,-0.00302336,sell
2020-04-23,1,1,0,0,2,2,0,2,0,0,1,0,0,0,0,0,0,0,1,0,1,1,1,1,0,0,1,0,1,0,0,0,1,0,0,1,0,0,0, 0.00148303,-0.00192741, 0.0007091,-0.00195749, 0.00163563,sell
2020-04-24,3,1,0,0,1,1,1,2,0,0,0,1,0,0,0,0,1,1,1,1,0,0,0,1,0,0,1,0,0,1,0,0,1,0,0,1,0,0,0, 0.00626743, 0.00582445, 0.0058244, 0.00688478, 0.00438572,buy
2020-04-25,4,2,0,0,2,1,0,2,1,0,0,1,0,0,0,0,1,0,0,2,1,1,1,0,0,0,1,0,0,1,0,0,1,0,0,1,0,0,0, 0.00144811, 0.00154644, 0.0015464, 0.00416328, 0.00141292,buy
2020-04-26,2,4,0,0,1,4,0,3,1,0,0,1,0,0,0,1,1,1,1,1,1,1,2,1,0,0,1,0,0,1,0,0,1,0,0,1,0,0,0, 0.00082492, 0.00104950, 0.0019211, 0.00138451, 0.00502021,buy
2020-04-27,2,2,3,0,0,3,0,3,1,0,0,0,1,0,0,1,1,2,1,1,1,1,1,0,0,0,0,0,0,1,0,0,1,0,0,1,0,0,0, 0.00775394, 0.00772320, 0.0082757, 0.00827568, 0.00877751,buy
2020-04-28,1,2,1,0,1,1,2,2,0,0,0,0,1,0,0,1,0,1,0,0,1,1,1,1,0,0,0,0,0,1,0,0,1,1,0,1,0,0,0, 0.00278642, 0.00063827, 0.0023958, 0.00084532, 0.00123007,buy
2020-04-29,1,1,1,2,1,2,0,2,0,0,1,0,1,0,0,0,1,1,1,1,0,0,0,2,0,0,0,0,0,0,0,0,0,1,0,1,0,0,0, 0.00116666, 0.00116666, 0.0012171,-0.00088391, 0.00029251,buy
2020-04-30,0,2,0,1,0,2,0,3,0,0,1,0,0,0,1,0,0,0,1,0,1,1,1,1,0,0,0,0,0,0,0,0,0,1,0,1,0,0,0, 0.00227187, 0.00138266, 0.0028056, 0.00233208, 0.00308977,buy
2020-05-01,0,0,3,1,0,1,1,2,0,0,1,0,0,0,1,0,1,1,1,1,0,1,0,1,0,0,0,0,0,0,0,0,0,1,0,0,0,0,0,-0.00493666,-0.00451975,-0.0003445,-0.00467134,-0.00451975,sell
2020-05-02,1,2,3,0,0,0,0,1,0,0,0,0,0,0,1,0,2,0,0,2,1,0,1,0,0,0,0,0,0,0,0,0,0,1,0,0,0,0,0,-0.00353415,-0.00315488,-0.0035565,-0.00353415,-0.00315488,sell
2020-05-03,2,4,1,1,0,1,0,2,0,0,0,0,0,1,0,0,1,1,1,2,1,1,1,1,0,0,0,0,0,0,0,0,0,1,0,0,0,1,0,-0.00311589,-0.00311589,-0.0020434,-0.00247295,-0.00311589,sell
2020-05-04,3,2,2,0,0,1,0,1,0,0,0,0,0,1,0,0,1,2,0,1,1,1,1,0,0,0,0,0,0,0,0,0,0,1,0,0,0,1,0, 0.00217437, 0.00248042, 0.0024804, 0.00223890, 0.00027086,buy
2020-05-05,2,1,2,0,2,1,0,2,0,0,0,0,0,1,0,1,0,2,1,1,0,1,0,1,0,0,0,0,0,0,1,0,0,1,0,0,0,1,0,-0.00215312, 0.00217322, 0.0048976, 0.00127682,-0.00214906,buy
2020-05-06,1,2,0,1,2,1,1,4,0,0,1,0,0,1,0,1,1,1,1,1,1,0,1,1,0,0,0,0,0,0,1,0,0,1,0,0,0,1,0, 0.00520683, 0.00395383, 0.0053055, 0.00520683,-0.00001315,buy
2020-05-07,1,0,1,1,2,1,2,2,0,0,1,0,0,0,0,1,0,1,1,1,0,1,0,1,0,0,0,0,0,0,1,0,0,1,0,0,0,1,0, 0.00158580,-0.00037341, 0.0059125, 0.00565833, 0.00259602,buy
2020-05-08,1,0,1,0,1,2,5,2,0,0,1,1,0,0,0,0,1,1,0,2,1,0,1,0,0,0,1,0,0,0,1,0,0,1,0,0,0,1,0,-0.00338637,-0.00233803,-0.0033651,-0.00367664,-0.00338637,sell
2020-05-09,2,1,1,1,3,4,1,3,1,1,0,1,0,0,0,0,1,0,1,2,1,1,1,1,0,0,1,0,0,0,1,0,0,1,0,0,1,1,0, 0.00329625, 0.00559102, 0.0037861, 0.00365420, 0.00275831,buy
2020-05-10,3,1,0,0,5,1,2,2,1,1,0,1,0,0,0,0,1,1,0,1,1,1,1,0,0,0,1,0,0,0,1,0,0,1,0,0,1,1,1, 0.00656747, 0.00582169, 0.0059870, 0.00552592, 0.00683912,buy
2020-05-11,4,0,1,0,2,2,2,2,1,1,0,0,1,0,0,0,0,1,1,0,0,1,1,1,0,0,1,0,0,0,1,0,0,1,0,0,1,1,1, 0.01024276, 0.00811797, 0.0069456, 0.00793519, 0.00793519,buy
2020-05-12,2,1,1,0,3,2,2,2,0,1,0,0,1,0,0,0,1,1,2,1,1,1,0,2,0,0,1,0,0,0,1,0,0,1,0,0,1,1,1, 0.00910558, 0.00879968, 0.0094718, 0.00894767, 0.00894767,buy
2020-05-13,2,1,0,0,2,2,0,2,0,0,0,0,1,0,0,0,0,0,1,0,0,0,1,1,0,0,0,1,0,0,1,0,0,1,0,0,1,1,1, 0.00537921, 0.00382032, 0.0045501, 0.00367312, 0.00537921,buy
2020-05-14,2,0,0,0,5,1,0,2,0,0,0,0,0,0,1,0,1,0,1,1,0,1,0,1,0,0,0,1,0,0,0,0,0,1,0,0,1,1,1,-0.00524399,-0.00672867,-0.0055708,-0.00535947,-0.00658885,sell
2020-05-15,2,1,0,0,2,3,1,1,0,0,0,1,0,0,1,0,1,1,0,1,1,0,1,0,1,0,0,1,0,0,0,0,0,1,0,0,0,1,1,-0.00874175,-0.00713012,-0.0087418,-0.00874175,-0.00863853,sell
2020-05-16,2,2,0,0,1,5,0,2,1,0,0,1,0,0,1,0,1,0,1,1,1,0,1,1,1,0,0,1,0,0,0,0,0,1,0,0,0,1,1,-0.00513647,-0.00521425,-0.0051365,-0.00513647,-0.00513647,sell
2020-05-17,2,2,0,0,1,2,4,2,1,0,0,1,0,0,0,0,1,1,0,1,1,1,1,1,1,0,0,1,0,0,0,0,0,1,0,0,0,1,1,-0.00230613,-0.00230613,-0.0037353,-0.00292510,-0.00565286,sell
2020-05-18,1,1,0,0,2,2,0,1,1,0,0,0,0,0,0,0,0,1,0,0,0,1,1,0,1,0,0,0,0,0,0,0,0,1,0,0,0,1,1, 0.00064996, 0.00526021, 0.0007694, 0.00096519, 0.00446088,buy
2020-05-19,1,2,0,0,2,2,1,3,1,0,0,0,1,0,0,0,1,1,1,1,0,1,0,1,1,0,0,0,0,0,0,0,0,1,0,0,0,1,0,-0.00309813, 0.00762756, 0.0061047, 0.00725056, 0.00589560,buy
2020-05-20,1,1,0,0,1,3,1,3,0,0,0,0,1,0,0,0,1,1,1,0,1,1,1,1,0,0,0,0,1,0,0,0,0,1,0,0,0,1,0, 0.00131461, 0.00888371, 0.0068259, 0.00655163, 0.00672163,buy
2020-05-21,1,1,0,0,1,1,1,2,0,0,1,0,1,0,0,0,0,0,1,0,0,0,0,2,0,0,0,0,1,0,0,0,0,1,0,0,0,0,0,-0.00611068,-0.00431123,-0.0045914,-0.00579599,-0.00589867,sell
2020-05-22,4,0,0,0,1,1,0,3,0,0,1,0,0,0,1,0,1,1,0,1,1,1,0,1,0,0,0,0,1,0,0,0,0,1,0,0,0,0,0,-0.00700072,-0.00701595,-0.0070007,-0.00417876,-0.00374761,sell
2020-05-23,1,3,1,0,1,1,0,3,0,0,1,1,0,0,1,0,1,1,0,1,1,0,1,0,0,0,0,0,1,0,0,0,0,1,0,0,0,0,0,-0.00054472,-0.00054472, 0.0001831,-0.00057304,-0.00075804,buy
2020-05-24,1,1,4,0,0,2,0,2,0,0,0,1,0,0,1,1,1,0,1,1,2,0,1,1,0,0,0,0,1,0,0,0,0,1,0,0,0,0,0,-0.00256538,-0.00223608,-0.0005302,-0.00270154,-0.00206959,sell
2020-05-25,1,1,3,0,1,1,1,1,1,0,0,1,0,0,1,1,0,1,0,0,1,1,1,0,0,0,0,0,0,0,0,0,0,1,0,1,0,0,0, 0.00417099, 0.00308694, 0.0043077, 0.00417099, 0.00417099,buy
2020-05-26,1,2,2,2,1,1,0,0,1,0,0,1,0,0,0,1,1,1,1,1,0,1,0,1,0,0,0,0,0,0,0,0,0,0,0,1,0,0,0, 0.00575246, 0.00175994, 0.0028452, 0.00284519, 0.00293008,buy
2020-05-27,0,2,2,3,2,0,1,1,1,0,0,0,0,0,0,1,1,1,1,1,1,1,1,1,0,0,0,0,0,1,0,0,0,0,0,1,0,0,0, 0.00588743, 0.00511479, 0.0051148, 0.00511479, 0.00485815,buy
2020-05-28,0,2,4,0,1,1,0,1,1,0,0,0,1,0,0,1,0,1,1,0,0,0,1,1,0,0,0,1,0,1,0,0,0,0,0,1,0,0,0,-0.00374570,-0.00116929,-0.0014092,-0.00140920,-0.00081196,sell
2020-05-29,1,2,4,0,1,0,1,0,0,0,0,0,1,0,0,0,1,0,0,1,1,0,1,1,0,0,0,1,0,1,0,0,0,0,0,1,0,0,0, 0.00293435, 0.00210151, 0.0023375, 0.00220903, 0.00237025,buy
2020-05-30,1,6,1,2,1,0,0,1,0,0,0,0,1,0,0,0,1,1,1,1,1,1,1,0,1,0,0,1,0,1,0,0,0,0,0,1,0,0,0, 0.00319171, 0.00234366,-0.0008731,-0.00020682, 0.00325417,buy
2020-05-31,3,4,1,1,1,0,0,2,0,0,0,0,1,0,0,0,1,0,1,1,1,0,1,1,1,1,0,1,0,1,0,0,0,0,0,1,0,0,0, 0.00070735, 0.00159889, 0.0015503,-0.00138967, 0.00212277,buy
2020-06-01,1,3,3,0,0,0,0,2,0,0,0,0,0,0,0,0,0,1,1,0,0,1,1,0,1,1,0,1,0,0,0,0,1,0,0,1,0,0,0,-0.00065137,-0.00029314,-0.0002931, 0.00058200, 0.00058200,buy
2020-06-02,1,5,1,0,0,0,0,5,0,0,0,0,0,0,0,0,1,1,2,1,1,1,0,1,1,1,0,0,0,0,0,0,1,0,0,1,1,0,0, 0.00096797, 0.00157870, 0.0014293, 0.00119026, 0.00114652,buy
2020-06-03,2,4,1,1,0,0,1,2,0,0,0,0,0,0,1,0,0,1,2,0,0,1,1,1,1,1,0,0,0,0,0,1,1,0,0,0,1,0,0,-0.00536318,-0.00024729,-0.0053632,-0.00024729,-0.00024729,sell
2020-06-04,1,2,1,0,0,0,4,2,0,0,0,0,0,0,1,0,1,0,1,1,1,0,0,1,0,1,0,0,1,0,0,1,1,0,0,0,1,0,0,-0.00110803, 0.00557276, 0.0030662, 0.00192457, 0.00139765,buy
2020-06-05,0,2,1,1,0,3,1,2,0,0,0,0,0,0,1,0,1,1,0,1,1,1,1,0,0,1,0,0,1,0,0,1,0,0,0,0,1,0,0, 0.00643851, 0.00647305, 0.0064385, 0.00643851, 0.00150299,buy
2020-06-06,0,4,0,1,3,1,1,2,0,0,0,0,0,0,1,0,1,0,1,1,2,0,1,1,0,1,0,0,1,0,0,1,0,0,1,0,0,0,0,-0.00260121, 0.00428027,-0.0013392,-0.00107185, 0.00073637,buy
2020-06-07,1,3,0,1,1,0,2,1,0,0,0,0,0,0,1,0,0,1,0,0,1,0,1,1,0,1,0,0,1,0,0,1,0,0,1,0,0,0,0, 0.00231478, 0.00067927, 0.0023148, 0.00574910,-0.00000077,buy
2020-06-08,0,3,1,0,1,0,3,1,0,0,0,0,0,0,1,0,1,1,1,1,0,1,0,0,0,1,0,0,1,0,0,1,0,0,1,0,0,1,0,-0.00281962,-0.00530864,-0.0027617, 0.00084122,-0.00441512,sell
2020-06-09,0,3,1,0,1,2,0,3,0,0,0,0,0,0,0,0,0,1,1,0,1,1,1,1,0,1,1,0,0,0,0,1,0,0,1,0,0,1,0,-0.00523434,-0.00618365,-0.0059110,-0.00343042,-0.00588416,sell
2020-06-10,1,3,0,0,5,0,0,2,0,0,0,0,0,0,0,0,1,1,1,1,0,1,0,1,0,1,1,0,0,0,0,1,0,0,1,0,0,1,0,-0.00968499,-0.00849699,-0.0048894,-0.00775414,-0.00835944,sell
2020-06-11,1,2,0,0,4,0,0,2,0,0,0,0,0,0,0,0,1,0,0,1,1,0,0,1,0,1,1,0,0,0,0,1,0,0,1,0,0,1,0,-0.01047443,-0.00802110,-0.0017177,-0.00471507,-0.00802110,sell
2020-06-12,0,1,0,0,1,4,1,2,0,0,0,0,0,0,0,0,1,1,1,1,1,0,1,0,0,1,1,0,0,1,0,0,0,0,1,0,0,1,0, 0.00058053, 0.00292634, 0.0029263, 0.00161137, 0.00194884,buy
2020-06-13,0,1,1,0,1,2,3,3,0,0,0,0,0,0,0,0,1,1,1,1,1,1,1,0,0,1,1,1,0,1,0,0,0,0,1,0,0,1,0, 0.00085363, 0.00003113,-0.0014218, 0.00171993, 0.00081059,buy
2020-06-14,0,1,2,0,2,1,1,1,0,0,0,0,0,0,0,0,0,0,0,0,1,0,1,1,1,0,0,1,0,1,0,0,0,0,1,0,0,1,0,-0.00865272,-0.01004902,-0.0066622,-0.00510228,-0.00510228,sell
2020-06-15,0,0,2,0,4,1,1,2,0,0,0,0,0,0,0,0,1,1,1,1,0,1,0,0,1,0,0,1,0,1,0,0,0,0,0,0,0,1,1, 0.00739123,-0.00125831, 0.0071995,-0.00187550,-0.00105314,buy
2020-06-16,0,0,2,0,1,3,2,3,0,0,0,0,0,0,0,0,1,1,1,1,1,1,0,1,1,0,0,1,0,1,0,0,0,0,0,0,0,0,1, 0.00576068, 0.00438036, 0.0058782, 0.00357446, 0.00472901,buy
2020-06-17,0,0,2,0,1,4,1,0,0,0,0,0,0,0,0,0,0,1,1,0,0,1,1,1,1,0,0,1,0,1,0,0,0,0,0,0,0,0,1, 0.00536763, 0.00671959, 0.0064739, 0.00548340, 0.00663065,buy
2020-06-18,3,0,1,0,2,1,2,0,0,0,0,0,0,0,0,0,1,1,1,1,1,1,0,1,1,0,0,0,0,0,0,0,0,0,0,0,0,0,1, 0.00376401, 0.00376401, 0.0037277, 0.00376401, 0.00443032,buy
2020-06-19,1,2,1,0,3,0,0,0,0,0,0,0,0,0,0,0,1,0,0,1,1,0,1,1,0,0,0,0,1,0,0,0,0,0,0,0,0,0,1,-0.00079966,-0.00079966,-0.0014213, 0.00327261,-0.00190667,buy
2020-06-20,0,1,3,0,1,1,0,2,0,0,0,0,0,0,0,0,1,1,1,1,1,0,1,0,0,0,0,0,1,0,0,0,0,0,0,0,0,0,1,-0.00357649,-0.00342462,-0.0033121,-0.00052764,-0.00342462,sell
2020-06-21,0,0,3,0,1,0,1,1,0,0,0,0,0,0,0,0,1,1,0,0,1,1,1,1,0,0,0,0,1,0,0,0,0,0,0,0,0,0,1, 0.00807047, 0.00626119, 0.0062612, 0.00649931, 0.00241126,buy
2020-06-22,1,0,1,1,0,0,1,0,0,0,0,0,0,0,0,0,0,0,1,1,0,0,1,1,0,0,0,0,1,0,0,0,0,0,0,0,0,0,0,-0.00450102,-0.00486105,-0.0048084,-0.00171887,-0.00401374,sell
2020-06-23,1,1,1,3,1,0,0,0,0,0,0,0,0,0,0,0,1,1,1,1,1,1,0,0,0,0,0,0,1,0,0,0,0,0,0,0,0,0,0, 0.00514296, 0.00574147, 0.0057882, 0.00511911, 0.00516348,buy
2020-06-24,0,2,1,0,2,1,0,1,0,0,0,0,0,0,0,0,0,1,2,0,0,1,1,1,0,0,0,0,0,0,0,0,0,0,0,0,1,0,0, 0.00635228,-0.00368508, 0.0046116,-0.00050163,-0.00052872,sell
2020-06-25,0,0,5,0,1,2,1,0,0,0,0,0,0,0,0,0,1,1,1,1,1,2,0,1,0,0,0,0,0,0,0,0,0,0,0,0,1,0,0,-0.00582301,-0.00015956,-0.0053755,-0.00577144,-0.00577144,sell
2020-06-26,1,3,0,0,1,0,2,0,0,0,0,0,0,0,0,0,1,0,0,1,1,1,1,1,0,0,0,0,0,0,0,0,0,0,0,0,1,0,0,-0.00638764,-0.00638764,-0.0063876,-0.00693531,-0.00638764,sell
2020-06-27,3,1,0,2,1,0,1,0,0,0,0,0,0,0,1,1,1,1,1,1,1,0,1,0,0,0,0,0,0,0,0,0,0,0,0,0,1,0,0,-0.00407452,-0.00242741,-0.0039948,-0.00254665,-0.00431206,sell
2020-06-28,1,0,1,0,1,0,1,2,0,0,0,0,0,0,1,1,0,0,0,0,1,1,1,1,0,0,0,0,0,0,0,0,0,0,0,0,1,0,0, 0.00312227, 0.00299905, 0.0030697, 0.00325893, 0.00404330,buy
2020-06-29,0,0,2,0,0,0,2,3,0,0,0,0,0,1,1,1,1,1,1,1,1,0,0,0,0,0,0,0,0,1,0,0,0,0,0,0,0,0,0, 0.00321295, 0.00321295, 0.0003950, 0.00049662, 0.00366387,buy
2020-06-30,2,1,1,1,0,0,2,1,0,0,0,0,0,1,1,1,0,1,1,0,1,1,1,1,0,0,0,0,0,1,0,0,0,0,0,0,0,0,0, 0.00584783, 0.00486748, 0.0030064,-0.00489454, 0.00521727,buy
2020-07-01,1,3,0,0,0,0,5,0,0,0,0,0,0,1,1,1,1,1,1,1,1,1,0,1,0,0,0,0,0,1,1,0,0,0,0,0,0,0,0, 0.00372574,-0.00040146,-0.0018539,-0.00336020,-0.00002874,buy
2020-07-02,1,1,3,0,0,2,3,0,0,0,0,0,0,1,1,0,1,1,0,1,1,1,1,2,0,0,0,0,0,1,1,0,0,0,0,0,0,0,0,-0.00136801,-0.00281773,-0.0038404,-0.00376548,-0.00295053,sell
2020-07-03,0,2,2,0,2,1,2,1,0,0,0,0,0,0,1,0,1,0,1,1,1,1,1,1,0,0,0,0,0,1,1,1,0,0,0,0,0,0,0,-0.00759998,-0.00702720,-0.0083294,-0.00791755,-0.00867506,sell
2020-07-04,1,2,0,0,1,0,1,1,0,0,0,0,0,0,1,0,0,1,0,0,1,0,1,0,0,0,0,0,0,0,1,1,0,0,1,0,0,0,0,-0.00038555,-0.00063997,-0.0005888,-0.00038555,-0.00435588,sell
2020-07-05,1,2,0,2,0,0,1,0,0,0,0,0,0,0,0,0,1,0,1,1,0,1,1,1,0,0,0,0,0,0,1,1,0,0,1,0,0,0,0, 0.00002631, 0.00083856, 0.0000263, 0.00100580,-0.00390574,sell
2020-07-06,0,2,0,0,0,1,1,1,0,1,0,0,0,0,0,0,1,1,1,1,1,0,0,0,0,0,0,0,0,0,1,1,0,0,1,0,0,0,0, 0.00236984, 0.00155068, 0.0041644, 0.00155068, 0.00155068,buy
2020-07-07,0,2,2,0,2,2,0,2,0,1,0,0,0,0,0,0,0,1,2,0,0,1,1,1,0,0,0,0,0,0,1,1,0,0,1,0,0,1,0,-0.00364168,-0.00680379,-0.0017532,-0.00192354,-0.00529374,sell
2020-07-08,0,4,0,0,5,1,0,1,0,1,0,0,0,0,0,0,1,1,1,1,1,1,0,1,0,0,0,0,0,0,1,1,0,0,1,0,0,1,0,-0.00829089,-0.00928602,-0.0021523,-0.00459324,-0.00590344,sell
2020-07-09,1,3,0,0,2,3,1,1,0,1,0,0,0,0,0,0,1,1,0,1,1,1,1,1,0,0,0,0,0,0,1,1,0,0,1,0,0,1,0,-0.00572516,-0.00478586, 0.0013322,-0.00602128,-0.00600297,sell
2020-07-10,3,2,0,0,1,2,3,1,0,1,0,0,0,0,0,0,1,0,1,1,1,1,1,1,0,0,1,0,0,0,0,1,1,0,1,0,0,1,0,-0.00070468,-0.00070468,-0.0005061,-0.00070468,-0.00355713,sell
2020-07-11,1,2,0,0,2,0,2,1,0,1,0,0,0,0,0,0,0,1,0,0,1,0,1,0,0,0,1,0,0,0,0,1,1,0,1,0,0,1,0, 0.00023392,-0.00041242,-0.0003373,-0.00279908, 0.00023392,buy
2020-07-12,1,1,0,1,3,0,1,3,0,0,0,0,0,0,0,0,1,1,1,0,0,1,1,1,1,0,1,0,0,0,0,0,1,0,1,0,0,1,0, 0.00035185, 0.00096657,-0.0000192, 0.00087518, 0.00096657,buy
2020-07-13,1,1,0,2,2,0,1,4,0,0,0,0,0,0,0,0,1,0,1,1,1,1,0,0,1,0,1,1,0,0,0,0,1,0,1,0,0,1,0, 0.00533401, 0.00533401, 0.0071728, 0.00690489, 0.00533401,buy
2020-07-14,1,0,0,2,2,1,1,0,0,0,0,0,0,0,0,0,0,1,1,0,0,0,1,0,1,0,1,1,0,0,0,0,1,0,0,0,0,1,0, 0.00442309, 0.00442309, 0.0000965, 0.00308590, 0.00464054,buy
2020-07-15,2,1,0,2,1,1,4,0,0,0,0,0,0,0,0,0,1,1,1,1,0,1,0,1,1,0,0,1,0,0,0,0,1,0,0,1,0,1,0, 0.00368475,-0.00010876, 0.0036970, 0.00336510, 0.00336510,buy
2020-07-16,1,3,0,2,1,3,1,0,0,0,0,0,0,0,0,0,1,2,0,1,1,1,1,1,1,0,0,1,0,0,0,0,0,0,0,1,0,0,0, 0.00020669,-0.00185602,-0.0021674, 0.00111494, 0.00062821,sell
2020-07-17,0,3,2,1,2,1,1,1,0,0,0,0,0,0,0,0,1,1,1,2,1,1,1,1,0,0,0,1,0,0,0,0,0,0,0,1,0,0,0, 0.00342101, 0.00035329,-0.0002176, 0.00388446, 0.00388446,buy
2020-07-18,0,1,3,0,1,1,0,1,0,0,0,0,0,0,0,0,1,0,1,1,1,1,1,0,0,0,0,0,0,0,0,0,0,0,0,1,0,0,0, 0.00042781,-0.00041674, 0.0024486, 0.00046736, 0.00055710,buy
2020-07-19,0,1,0,1,0,0,1,1,0,0,0,0,0,0,0,0,0,1,0,0,0,0,1,0,0,0,0,0,1,0,0,0,0,0,0,1,0,0,0,-0.00039743,-0.00038055,-0.0004484, 0.00031606, 0.00001252,buy
2020-07-20,1,1,0,4,0,1,1,0,0,0,0,0,0,0,1,0,1,0,1,1,1,1,0,1,0,0,0,0,1,0,0,0,0,0,0,1,1,0,0, 0.00107382,-0.00132600,-0.0031940,-0.00103420,-0.00129768,sell
2020-07-21,1,2,0,1,0,1,1,1,0,0,0,0,0,0,1,0,0,1,1,0,0,0,1,0,0,0,0,0,1,0,0,0,0,0,0,1,1,0,0, 0.00293455, 0.00095259, 0.0027392, 0.00363275, 0.00256362,buy
2020-07-22,0,1,4,1,2,1,1,0,0,0,0,0,0,0,1,0,1,1,1,1,1,1,0,1,0,0,0,0,1,0,0,0,0,0,0,0,1,0,0,-0.00625000,-0.00319366,-0.0070894,-0.00558435,-0.00579250,sell
2020-07-23,1,4,2,0,1,2,1,0,0,0,0,0,0,0,1,0,1,2,0,1,2,1,1,1,0,0,0,0,0,0,0,0,0,0,0,0,1,0,0, 0.00083761, 0.00314885, 0.0008065, 0.00314885, 0.00106315,buy
2020-07-24,3,2,1,1,0,2,2,0,0,0,0,0,0,0,1,0,1,1,1,1,2,1,1,1,0,0,0,0,0,0,0,0,0,0,0,0,1,0,0,-0.00363023,-0.00096144,-0.0035873,-0.00096144,-0.00363023,sell
2020-07-25,1,0,2,0,0,1,1,2,0,1,0,0,0,0,0,0,0,0,0,0,1,1,1,0,0,0,0,0,0,0,0,1,0,1,0,0,1,0,0,-0.00110256,-0.00335660,-0.0017469,-0.00238888,-0.00252090,sell
2020-07-26,0,1,2,1,0,1,0,6,0,1,0,0,0,0,0,0,1,1,1,1,1,0,0,1,0,0,1,0,0,0,0,1,0,1,0,0,1,0,0,-0.00269001,-0.00102067,-0.0011754,-0.00259300,-0.00256444,sell
2020-07-27,0,2,1,1,0,1,0,4,0,1,0,0,0,0,0,0,0,0,1,0,1,1,1,0,0,0,1,0,0,0,0,1,0,1,0,0,1,0,0, 0.00003640, 0.00004653, 0.0031734,-0.00031008,-0.00038119,buy
2020-07-28,2,1,3,1,0,1,2,2,0,1,0,0,0,0,0,0,1,1,1,1,0,0,1,1,0,0,1,0,0,0,0,1,0,1,1,0,1,0,0, 0.00002752, 0.00235728,-0.0001043,-0.00082683,-0.00082683,buy
2020-07-29,3,3,3,1,0,3,1,2,1,1,1,0,0,0,0,0,1,1,0,1,1,1,1,2,0,0,1,0,0,0,0,1,0,1,1,0,1,0,0,-0.00087174, 0.00233426,-0.0027910,-0.00087174, 0.00225255,buy
2020-07-30,2,3,2,1,3,3,0,2,1,0,1,0,0,0,0,0,1,1,1,2,1,1,1,1,0,0,1,0,0,0,0,0,0,1,1,0,1,0,1,-0.00424681,-0.00368395,-0.0054544,-0.00247634,-0.00007941,sell
2020-07-31,1,2,2,2,3,2,0,1,1,0,1,1,0,0,0,0,0,0,0,1,1,1,1,1,0,0,0,0,0,1,0,0,0,0,1,0,1,1,1, 0.00222998, 0.00118462, 0.0006675, 0.00031105, 0.00090051,buy
2020-08-01,1,0,2,1,1,2,1,2,0,0,0,1,0,0,0,1,1,1,1,0,0,1,1,0,0,0,0,0,0,1,0,0,0,0,1,0,1,1,1, 0.00366333, 0.00410058, 0.0036633, 0.00281752, 0.00285605,buy
2020-08-02,0,0,2,3,1,2,1,2,0,0,0,1,1,0,0,1,1,1,1,1,1,0,0,1,0,0,0,0,0,1,0,0,0,0,1,1,1,1,1,-0.00161688,-0.00076698,-0.0016169,-0.00161688,-0.00346054,sell
2020-08-03,0,0,1,2,1,3,0,2,0,0,0,0,1,0,0,1,0,0,1,0,0,1,1,0,0,0,0,0,0,1,0,0,0,0,0,1,1,1,1,-0.00473366,-0.00433858,-0.0047337,-0.00473366,-0.00526799,sell
2020-08-04,0,0,2,1,5,2,1,1,0,0,0,0,1,0,0,1,1,1,1,1,1,0,0,1,0,0,0,0,0,1,0,0,0,0,0,1,1,1,1, 0.00169944, 0.00065540, 0.0017982, 0.00179818, 0.00053972,buy
2020-08-05,0,1,2,0,2,6,1,0,0,0,0,0,0,0,0,0,1,1,0,1,2,0,1,2,0,0,0,0,0,0,0,0,0,0,0,1,1,1,1, 0.00476433,-0.00108699, 0.0051191, 0.00522816, 0.00071239,buy
2020-08-06,0,2,2,0,2,2,3,0,0,0,1,0,0,0,0,0,1,1,1,1,1,1,1,1,0,0,0,0,0,0,0,0,0,0,0,1,1,0,1,-0.00625045,-0.00438821,-0.0062504,-0.00590565,-0.00466420,sell
2020-08-07,1,2,0,0,1,2,2,0,0,0,1,0,0,0,0,0,0,0,0,1,1,1,1,1,0,0,0,0,0,0,0,0,0,0,0,0,1,0,1,-0.00589373,-0.00531473,-0.0052956,-0.00549909,-0.00530296,sell
2020-08-08,1,1,0,0,2,1,0,0,0,0,1,0,0,0,0,0,0,0,0,0,0,1,1,0,0,0,0,0,0,0,0,0,0,0,0,0,1,0,1, 0.00204509, 0.00110306, 0.0020451, 0.00199993, 0.00181325,buy
2020-08-09,1,0,1,0,1,1,0,5,0,0,0,0,0,0,1,0,1,1,1,1,1,1,0,1,1,0,0,0,0,0,0,0,0,0,0,0,1,0,0, 0.00310133, 0.00086778, 0.0047613, 0.00304836, 0.00236369,buy
2020-08-10,0,0,2,0,0,2,0,2,0,0,0,0,0,0,1,0,0,0,1,0,0,0,1,1,1,0,1,0,0,0,0,0,0,0,0,0,1,0,0, 0.00098056, 0.00017341, 0.0068581, 0.00664949, 0.00171238,buy
2020-08-11,2,0,2,0,1,1,1,2,0,0,0,0,0,0,1,0,1,1,1,1,0,1,1,0,1,0,1,0,0,0,0,0,0,0,0,0,1,0,0, 0.00441471, 0.00179885, 0.0065846, 0.00658457, 0.00603615,buy
2020-08-12,2,1,2,0,1,1,1,0,0,0,0,0,0,0,0,0,1,1,0,1,1,0,0,1,1,0,1,0,0,0,0,0,0,0,0,0,1,0,0, 0.00138076,-0.00227601, 0.0010396,-0.00046400, 0.00179544,sell
2020-08-13,1,3,5,0,1,3,0,0,1,0,0,0,0,0,0,0,2,1,0,1,1,0,1,1,1,1,1,1,0,0,0,0,0,0,0,0,1,0,0, 0.00301507, 0.00324659, 0.0030151,-0.00181198,-0.00378254,buy
2020-08-14,1,0,7,0,1,3,2,1,1,0,1,0,0,0,0,0,1,1,1,1,1,1,1,2,0,1,1,1,0,0,0,0,0,0,0,0,1,0,0,-0.00219584,-0.00002117,-0.0020840,-0.00431781,-0.00571597,sell
2020-08-15,1,0,4,0,1,2,1,0,1,0,1,1,0,1,0,0,0,0,0,0,0,1,1,1,0,1,0,1,0,0,0,0,0,0,0,0,1,0,0, 0.00074581, 0.00180215, 0.0000839, 0.00161115, 0.00147339,buy
2020-08-16,3,0,3,3,1,1,1,1,0,1,1,1,0,1,0,0,1,1,1,1,1,1,0,0,0,1,0,1,0,0,0,0,0,0,0,0,1,1,0,-0.01007432,-0.00950804,-0.0097338,-0.01027885,-0.01021486,sell
2020-08-17,2,1,4,1,0,1,1,1,0,1,0,1,1,1,0,0,0,0,1,0,1,0,1,1,0,1,0,1,1,0,0,0,0,0,0,0,1,1,0, 0.00040652, 0.00094418,-0.0000772, 0.00040551, 0.00055652,buy
2020-08-18,3,0,5,0,0,1,1,1,0,1,0,0,1,1,0,0,1,1,1,1,0,0,1,0,0,1,0,0,1,0,0,0,0,0,0,0,1,1,0,-0.00741289,-0.00285877,-0.0074129,-0.00748908,-0.00741289,sell
2020-08-19,3,3,4,0,1,1,1,0,0,0,0,0,1,1,0,0,1,2,0,2,1,1,1,1,0,1,0,0,1,0,0,0,0,0,0,0,1,1,0,-0.00578600,-0.00475339,-0.0005476,-0.00615283,-0.00643320,sell
2020-08-20,3,4,2,1,0,2,1,0,1,0,0,0,0,0,0,0,1,2,1,2,1,0,1,1,0,0,0,0,1,0,0,0,0,0,0,0,1,1,0,-0.00313137, 0.00258407,-0.0023693,-0.00004766,-0.00323786,sell
2020-08-21,2,2,2,0,2,1,1,0,1,0,0,0,0,0,0,1,0,1,0,1,1,1,1,1,0,0,0,0,1,0,0,0,0,0,0,0,1,0,0, 0.00026239, 0.00197695,-0.0001599, 0.00427146, 0.00026239,buy
2020-08-22,0,1,2,0,1,2,0,2,1,0,0,0,0,0,0,1,1,0,1,1,0,1,1,0,0,0,0,0,0,0,0,0,0,0,0,0,1,0,0,-0.00139202,-0.00019335,-0.0038903,-0.00225848,-0.00080746,buy
2020-08-23,0,3,0,1,1,1,1,3,0,0,0,1,0,0,0,1,0,1,1,1,1,1,0,1,1,0,0,0,0,0,0,0,0,0,0,0,1,0,0,-0.00005294,-0.00072065,-0.0021649,-0.00242749, 0.00036211,buy
2020-08-24,2,4,0,2,0,1,2,0,0,1,0,1,1,0,1,0,1,0,1,1,0,0,1,0,1,0,0,0,0,0,0,1,0,0,0,0,1,0,0,-0.00062979,-0.00342050,-0.0036494,-0.00376268,-0.00195265,sell
2020-08-25,2,4,1,1,0,3,2,1,0,1,0,1,1,0,1,0,1,1,0,2,1,1,0,1,1,0,0,0,0,0,0,1,0,0,0,0,1,0,0,-0.00233107,-0.00487010,-0.0051347,-0.00247854,-0.00154628,sell
2020-08-26,3,4,1,1,1,3,0,1,0,1,0,0,1,0,1,0,1,1,1,1,1,0,1,1,1,0,0,0,0,0,0,1,0,1,0,0,1,0,0, 0.00101325, 0.00134573, 0.0003392, 0.00176402, 0.00049581,buy
2020-08-27,2,5,0,1,2,1,0,1,0,1,0,0,1,0,0,0,0,1,1,1,1,0,1,1,1,0,0,0,0,0,0,1,0,1,0,0,1,0,0, 0.00245206, 0.00311121, 0.0040058,-0.00036395, 0.00278494,buy
2020-08-28,4,1,1,1,1,1,0,0,1,0,0,0,0,0,0,0,1,0,0,0,0,1,1,1,0,0,0,1,0,0,1,0,0,1,1,0,1,0,0,-0.00350017,-0.00514622,-0.0032914,-0.00679855,-0.00614623,sell
2020-08-29,2,2,0,2,1,1,1,1,1,0,1,0,0,0,0,0,1,1,1,1,1,1,0,0,0,0,0,1,0,0,1,0,0,1,1,0,1,0,0,-0.00120595,-0.00485787,-0.0050340,-0.00546528,-0.00535964,sell
2020-08-30,1,1,1,3,1,2,0,1,1,0,1,0,0,0,0,0,0,0,1,0,0,1,1,1,0,0,0,1,0,0,1,0,0,0,1,0,1,0,0,-0.00763796,-0.00699178,-0.0058952,-0.00825163,-0.00485136,sell
2020-08-31,2,2,0,3,5,2,0,1,0,0,1,1,0,0,0,1,1,0,1,1,1,0,1,0,0,0,0,1,1,1,1,0,0,0,1,1,1,0,0,-0.00461835,-0.00456920,-0.0054282,-0.00070752,-0.00527719,sell
2020-09-01,2,3,0,2,2,4,1,0,0,0,0,1,0,0,1,1,1,1,0,1,1,0,0,0,0,0,0,1,1,1,1,0,0,0,1,1,1,0,0,-0.00061972, 0.00045023,-0.0006531, 0.00225495,-0.00066999,buy
2020-09-02,3,3,1,2,1,5,2,1,0,0,0,1,1,0,1,1,1,1,1,1,1,1,1,1,0,1,0,0,1,1,1,0,1,0,0,1,1,0,0,-0.00023491,-0.00065759, 0.0013893, 0.00172867, 0.00051143,buy
2020-09-03,2,4,1,1,2,3,2,1,0,1,0,0,1,0,1,1,0,1,1,1,1,0,1,1,0,1,0,0,1,1,1,0,1,0,0,1,1,0,0, 0.00091178, 0.00091178, 0.0005078, 0.00081490, 0.00054845,buy
2020-09-04,3,3,2,1,2,2,0,1,0,1,0,0,1,0,1,1,0,0,0,0,0,1,1,1,0,1,0,0,1,1,1,0,1,0,0,1,1,0,0,-0.00014034,-0.00014034,-0.0001403,-0.00014034, 0.00068998,buy
2020-09-05,0,1,2,0,1,1,0,4,0,1,0,0,0,0,0,0,1,0,1,1,1,1,0,0,0,1,0,0,0,0,0,0,1,0,0,0,1,0,0,-0.00213962,-0.00198572,-0.0024385,-0.00194764,-0.00191248,sell
2020-09-06,0,2,0,0,0,2,0,2,0,0,0,0,0,0,0,0,0,1,1,0,1,1,0,0,0,1,0,0,0,0,0,0,1,0,0,0,1,0,0,-0.00226186,-0.00245209,-0.0024521,-0.00181594,-0.00245209,sell
2020-09-07,3,1,0,0,0,1,1,1,0,0,0,0,0,0,0,0,1,0,1,0,0,1,1,1,1,1,0,0,0,0,0,0,0,0,0,0,1,0,0, 0.00207115, 0.00211510, 0.0026092, 0.00244707, 0.00207115,buy
2020-09-08,4,2,0,0,1,1,1,0,0,0,0,0,0,0,0,0,2,1,1,1,1,0,0,0,1,0,0,0,0,0,0,0,0,1,0,0,1,0,0,-0.00166901, 0.00610103,-0.0016690, 0.00289030,-0.00166901,buy
2020-09-09,1,4,0,1,1,2,1,0,0,0,0,0,0,0,0,0,1,1,0,1,1,0,1,1,1,0,1,0,0,0,0,0,0,1,0,0,1,0,0,-0.00063574, 0.00107737, 0.0016127,-0.00064871, 0.00161269,buy
2020-09-10,1,1,3,1,0,3,1,2,0,0,0,0,0,0,0,0,1,1,1,1,1,1,1,1,1,0,1,0,0,0,0,0,0,1,0,0,1,0,0,-0.00303828,-0.00187598,-0.0013627,-0.00162579,-0.00162579,sell
2020-09-11,1,1,2,1,0,3,1,0,0,0,0,0,0,0,1,0,0,1,0,0,1,0,1,1,1,0,1,0,0,0,0,0,0,1,0,0,1,0,0,-0.00504626,-0.00504626,-0.0035335,-0.00450310,-0.00504945,sell
2020-09-12,2,1,1,3,1,1,2,0,0,0,0,0,0,0,1,0,1,0,1,1,0,1,1,1,0,0,1,1,0,0,0,0,0,1,0,0,1,0,0, 0.00342881,-0.00171041,-0.0030578,-0.00307857,-0.00105437,sell
2020-09-13,2,1,1,3,0,1,2,2,0,0,0,0,0,0,1,1,0,1,2,1,1,1,0,0,0,0,1,1,0,0,0,0,0,0,0,0,1,1,0, 0.00111939, 0.00049071,-0.0002576,-0.00060165, 0.00111939,buy
2020-09-14,1,1,2,0,0,2,1,2,0,0,0,0,0,0,0,1,1,0,2,0,0,1,1,1,0,0,0,1,0,0,0,0,0,0,0,0,1,1,0, 0.00638560, 0.00474328, 0.0043552, 0.00775633, 0.00623973,buy
2020-09-15,3,2,4,0,1,1,1,1,0,0,0,0,0,0,0,1,2,1,1,1,1,1,0,0,0,0,0,1,1,1,0,0,0,0,0,0,1,1,0,-0.00428332,-0.00369481,-0.0039931,-0.00428332,-0.00400348,sell
2020-09-16,4,5,0,1,1,0,1,2,1,0,0,0,0,0,0,1,2,1,1,1,1,0,1,1,0,0,0,1,1,1,0,0,0,0,0,0,0,1,0,-0.00290841,-0.00122279,-0.0011295,-0.00022918,-0.00072651,sell
2020-09-17,5,2,2,1,0,1,1,2,1,0,1,0,0,0,0,1,1,1,1,1,1,1,1,1,0,0,0,1,1,1,0,0,0,0,0,0,0,1,0, 0.00174143, 0.00158165, 0.0008037, 0.00257750, 0.00168640,buy
2020-09-18,1,1,4,0,0,0,1,2,1,0,1,0,0,0,0,0,1,0,1,0,0,0,1,1,0,1,0,0,1,1,0,0,0,0,0,0,0,0,0,-0.00366885,-0.00328948,-0.0011728,-0.00366885,-0.00597242,sell
2020-09-19,1,2,3,1,1,0,1,4,0,0,1,1,0,0,0,0,1,1,2,1,1,1,0,1,0,1,0,0,1,1,0,0,0,0,0,0,0,0,1, 0.00497366, 0.00466432, 0.0023702, 0.00515284, 0.00515284,buy
2020-09-20,1,1,3,1,0,1,1,2,0,0,1,1,0,0,0,0,1,0,2,0,0,1,1,1,0,1,0,0,0,0,0,1,0,0,0,0,0,0,1,-0.00671472,-0.00150555,-0.0068069,-0.00216122,-0.00056178,sell
2020-09-21,1,0,4,0,0,1,4,3,0,0,0,1,1,0,0,0,2,1,1,1,1,1,0,1,0,1,0,0,0,0,0,1,0,1,0,0,0,0,1, 0.00264959, 0.00078288, 0.0027154, 0.00248126, 0.00076573,buy
2020-09-22,0,1,3,0,1,3,0,2,0,0,0,1,1,0,0,0,2,1,0,1,1,0,1,0,0,0,0,0,0,0,0,1,0,1,0,0,0,0,1,-0.00498958,-0.00431442,-0.0064952,-0.00344763,-0.00519519,sell
2020-09-23,2,1,2,1,3,0,0,3,0,1,0,0,1,0,0,0,1,1,1,1,1,1,1,1,0,0,0,0,0,0,0,1,0,1,0,0,0,0,1,-0.00342466,-0.00391767,-0.0021668,-0.00381554,-0.00403959,sell
2020-09-24,1,1,2,1,0,1,0,2,0,1,0,0,1,0,0,0,0,0,0,0,0,1,1,1,0,0,0,0,0,0,1,0,0,1,1,0,0,0,1, 0.00157462, 0.00245981,-0.0000448, 0.00100187, 0.00137137,buy
2020-09-25,0,0,3,1,0,1,1,2,0,1,0,0,1,0,0,0,1,1,1,1,1,0,0,1,0,0,0,0,0,0,1,0,0,1,1,0,0,0,1, 0.00512129, 0.00633218, 0.0071951, 0.00745029, 0.00719511,buy
2020-09-26,1,0,1,0,0,2,0,2,0,0,0,0,0,0,0,0,0,1,1,0,1,1,1,0,0,0,0,0,0,0,1,0,0,0,1,0,0,0,0,-0.00526813,-0.00493880,-0.0036393,-0.00761084,-0.00470357,sell
2020-09-27,1,1,2,1,3,1,0,1,0,0,0,0,0,0,0,0,1,0,1,1,0,1,1,1,0,0,0,0,0,0,1,0,1,0,1,1,0,0,0,-0.00596291,-0.00527060, 0.0002219, 0.00015125,-0.00587001,sell
2020-09-28,1,1,2,1,2,2,1,0,0,0,0,0,0,0,0,0,1,1,0,1,1,1,0,1,0,0,0,0,0,0,1,0,1,0,1,1,0,0,0, 0.00972592, 0.00990228, 0.0099127, 0.00969841, 0.00455143,buy
2020-09-29,1,1,2,0,0,5,2,0,0,0,1,0,0,0,0,0,2,1,0,1,1,1,1,0,0,0,0,0,0,0,1,0,1,0,0,1,0,0,0, 0.00181761, 0.00160199, 0.0018176, 0.00160199, 0.00109784,buy
2020-09-30,1,1,3,0,1,2,3,0,0,0,1,0,0,0,0,0,1,1,1,1,1,0,1,1,0,0,0,0,0,1,1,0,1,0,0,1,0,0,0,-0.00081648,-0.00348549, 0.0001827,-0.00335836,-0.00351049,sell
2020-10-01,0,2,1,1,1,1,0,0,0,0,1,0,0,0,0,0,0,0,0,0,0,1,1,1,0,0,0,0,0,1,1,0,0,0,0,0,0,0,0,-0.00498346,-0.00661649,-0.0038692,-0.00511137,-0.00474764,sell
2020-10-02,1,1,1,1,2,0,0,2,0,0,1,0,0,0,0,0,1,0,1,1,0,1,1,1,0,0,0,0,0,1,0,0,0,0,0,0,0,0,0,-0.00517372,-0.00517372,-0.0037448,-0.00501962,-0.00555488,sell
2020-10-03,1,2,1,0,0,1,0,2,0,0,1,0,0,0,0,0,0,1,1,1,1,0,0,1,0,0,0,0,0,1,0,1,0,0,0,0,0,0,0,-0.00126178, 0.00111027, 0.0024237, 0.00184072, 0.00154593,buy
2020-10-04,0,1,2,0,0,1,0,0,0,0,0,0,0,0,0,0,0,0,1,0,0,1,1,0,0,0,0,0,0,1,0,1,0,0,0,0,0,0,0, 0.00469615, 0.00428991, 0.0047613, 0.00600240, 0.00473001,buy
2020-10-05,3,2,0,1,1,0,1,1,0,0,0,0,0,0,1,0,1,1,1,1,1,1,0,1,0,0,0,0,0,0,0,1,0,0,0,0,0,0,0, 0.00063691,-0.00205427, 0.0004169,-0.00255752,-0.00168245,sell
2020-10-06,0,5,0,1,1,1,0,0,0,0,0,0,0,0,1,0,1,1,0,1,1,1,1,0,0,0,0,0,0,0,0,1,0,0,0,0,0,0,0, 0.00212365, 0.00212365, 0.0021236, 0.00119005, 0.00064856,buy
2020-10-07,1,3,2,1,1,1,1,1,0,0,0,0,0,0,1,0,1,2,1,1,1,1,1,0,0,0,0,0,0,0,0,1,0,0,1,0,0,0,0, 0.00165481, 0.00350324, 0.0029775, 0.00613062, 0.00373687,buy
2020-10-08,0,2,2,1,0,1,2,0,0,0,0,0,0,0,1,0,0,1,0,1,1,0,1,1,0,0,0,0,0,0,0,0,1,0,1,0,0,0,0, 0.00653317, 0.00635618, 0.0068247, 0.00596379, 0.00507492,buy
2020-10-09,1,2,1,1,0,1,1,2,0,0,0,0,0,0,1,0,0,0,0,0,0,1,1,1,1,0,1,0,0,0,0,0,1,0,1,0,0,1,0, 0.00322823, 0.00322823, 0.0042354, 0.00422103,-0.00005379,buy
2020-10-10,2,3,1,4,1,0,0,3,0,0,0,0,0,0,1,0,1,1,1,1,1,1,0,1,1,0,1,0,0,0,0,0,1,0,1,1,0,1,0, 0.00309356, 0.00091637, 0.0009164, 0.00091637, 0.00091637,buy
2020-10-11,1,2,1,1,0,0,0,2,0,0,0,0,0,0,1,0,0,0,1,0,0,0,1,0,1,0,1,0,0,0,0,0,0,0,0,1,0,1,0,-0.00469717,-0.00481509,-0.0044923,-0.00421197,-0.00483470,sell
2020-10-12,2,1,5,2,0,0,1,1,0,0,0,0,0,0,1,0,1,1,1,1,1,1,0,1,1,1,1,0,0,0,0,0,0,0,0,1,0,1,0, 0.00308939, 0.00297249, 0.0029725, 0.00070119, 0.00285689,buy
2020-10-13,1,5,2,1,0,1,0,2,0,0,0,0,0,0,0,0,1,1,0,1,2,1,1,1,1,1,1,1,0,0,0,0,0,0,0,1,0,0,0, 0.00115395, 0.00060635, 0.0006751, 0.00107660, 0.00118236,buy
2020-10-14,3,2,1,2,2,0,0,1,0,0,0,0,0,0,0,0,1,1,1,1,2,1,1,1,0,1,0,1,0,0,0,0,0,0,0,0,0,0,0,-0.00131402,-0.00300873,-0.0015962,-0.00131345,-0.00325154,sell
2020-10-15,1,1,1,1,1,1,0,1,0,0,0,0,0,0,0,0,0,0,0,0,1,0,2,2,0,1,0,1,0,0,0,0,0,0,0,0,0,0,0, 0.00083050, 0.00148677, 0.0004332,-0.00043002, 0.00303001,buy
2020-10-16,0,0,1,2,0,1,1,5,0,0,0,0,0,0,1,0,1,1,1,1,1,1,0,2,0,0,0,1,1,0,0,0,0,0,0,0,0,0,0,-0.00069558,-0.00130408, 0.0000410, 0.00087871,-0.00067140,sell
2020-10-17,1,1,1,3,0,0,1,3,0,0,0,0,0,0,1,0,0,0,1,0,1,0,1,1,0,0,0,1,1,0,0,1,1,1,0,0,0,0,0,-0.00391124,-0.00489780, 0.0016111,-0.00611560,-0.00712798,sell
2020-10-18,2,0,2,2,1,0,3,1,0,0,0,0,0,0,1,0,1,1,1,1,1,1,0,0,0,0,0,0,1,0,0,1,1,1,0,0,0,0,0,-0.00059022,-0.00057173,-0.0003683,-0.00122925,-0.00208289,sell
2020-10-19,1,1,2,2,1,4,1,2,0,0,0,0,0,0,1,0,1,1,0,1,2,2,1,1,0,0,0,0,1,0,0,1,1,1,0,0,0,0,0, 0.00100350, 0.00087924, 0.0010035, 0.00082232,-0.00259178,buy
2020-10-20,3,1,1,2,3,2,1,2,0,0,0,0,0,0,1,0,1,1,1,1,2,1,1,0,0,0,0,0,1,0,1,1,1,1,1,0,0,0,0,-0.00157214,-0.00157214,-0.0015789,-0.00253403,-0.00193410,sell
2020-10-21,4,2,0,1,1,0,2,0,0,0,0,0,0,0,1,0,0,0,0,0,1,1,2,1,0,0,0,0,0,0,1,1,0,0,1,0,0,1,0,-0.00480650,-0.00384762,-0.0030084,-0.00425116,-0.01091561,sell
2020-10-22,3,2,0,1,0,0,2,1,0,0,0,0,0,0,1,0,1,1,1,1,0,0,1,1,0,0,0,0,0,0,1,0,0,0,1,1,0,1,0, 0.00899285, 0.00911289, 0.0085274, 0.00914759, 0.00933282,buy
2020-10-23,2,2,1,0,0,1,1,1,0,0,1,0,0,0,0,0,0,0,1,1,1,1,0,1,0,0,0,0,0,0,1,0,0,0,1,1,0,1,0, 0.00279359,-0.00007840, 0.0010391, 0.00058277, 0.00359872,buy
2020-10-24,1,3,0,0,2,0,2,1,0,0,1,0,0,1,0,0,1,1,1,0,0,0,1,0,0,0,1,0,0,0,1,0,0,0,0,1,0,1,0, 0.00097730, 0.00097730, 0.0008742, 0.00223721,-0.00025856,buy
2020-10-25,1,2,0,1,4,1,3,0,0,0,1,0,0,1,0,1,1,2,1,1,1,0,0,1,0,0,1,0,0,0,1,0,0,0,0,1,0,0,0, 0.00156514,-0.00326896,-0.0031275,-0.00326896,-0.00261885,sell
2020-10-26,2,2,0,1,0,4,3,0,0,0,1,0,0,1,0,1,1,1,0,1,1,1,1,1,0,0,1,0,0,0,1,0,0,0,0,1,0,0,0,-0.00258642,-0.00048713,-0.0004871, 0.00019463,-0.00061142,buy
2020-10-27,0,2,0,0,1,1,4,0,0,0,0,0,0,0,0,1,1,1,1,1,1,1,1,0,0,0,1,0,0,0,0,0,0,0,0,0,0,0,0, 0.00391420, 0.00515640, 0.0041895, 0.00439486, 0.00384367,buy
2020-10-28,0,1,2,0,2,1,1,0,0,0,0,0,0,0,0,0,0,0,0,0,1,1,2,1,0,0,1,0,0,0,0,0,0,0,0,0,0,0,1,-0.00180350,-0.00180350,-0.0013839,-0.00116085,-0.00138392,sell
2020-10-29,0,1,1,1,3,0,0,2,0,0,0,0,1,0,0,0,1,1,1,0,0,1,1,1,0,0,0,0,0,1,0,0,0,0,0,0,0,0,1, 0.00632087, 0.00587465, 0.0065828, 0.00587465, 0.00714214,buy
2020-10-30,0,1,0,1,2,0,0,4,0,0,0,0,1,0,0,0,1,0,1,1,1,0,0,1,0,0,0,0,0,1,0,0,0,0,0,0,0,0,1, 0.00131562, 0.00148461, 0.0012667, 0.00083919,-0.00164474,buy
2020-10-31,1,0,0,2,1,1,0,1,0,0,0,0,1,0,0,0,0,0,1,0,0,1,1,1,0,0,0,0,0,1,0,0,0,0,0,0,0,0,1, 0.00262288, 0.00308570, 0.0032262, 0.00262288, 0.00325476,buy
2020-11-01,3,0,0,1,2,0,1,1,0,0,0,0,1,0,0,0,1,1,1,1,1,0,0,0,0,0,0,0,0,1,0,0,0,0,0,0,0,0,1, 0.00294820, 0.00283536, 0.0026232, 0.00284221, 0.00255635,buy
2020-11-02,1,2,1,1,1,1,0,2,0,0,0,0,1,0,0,0,1,1,0,1,1,0,0,1,0,0,0,0,0,1,0,0,0,0,0,0,0,1,1, 0.00318591, 0.00234531, 0.0031231,-0.00067929, 0.00142669,buy
2020-11-03,0,3,2,0,1,0,1,2,0,0,0,0,1,0,0,0,1,1,1,1,1,1,1,0,0,0,0,0,0,0,0,0,0,0,0,0,0,1,0,-0.00076374,-0.00111714,-0.0015626,-0.00357192,-0.00100843,sell
2020-11-04,0,1,4,0,0,1,0,2,0,0,0,0,1,0,0,0,1,0,1,1,1,1,1,0,0,0,0,0,0,0,0,0,0,0,0,0,0,1,0,-0.00186093,-0.00173177,-0.0018507,-0.00173177,-0.00207265,sell
2020-11-05,1,0,2,0,0,0,2,1,0,0,0,0,1,0,0,0,0,0,0,0,0,1,1,1,0,1,0,0,0,0,0,0,0,0,0,0,0,1,0,-0.00425063,-0.00402410,-0.0027975,-0.00365824,-0.00415750,sell
2020-11-06,2,0,1,3,0,1,0,2,0,0,0,0,1,0,0,0,1,1,1,1,1,1,0,1,0,1,0,0,0,0,0,0,0,0,0,0,0,0,0, 0.00631532,-0.00005249, 0.0045884, 0.00426723,-0.00009902,buy
2020-11-07,0,1,1,1,1,0,0,2,0,0,0,0,1,0,0,0,0,0,1,0,1,0,1,1,0,1,0,0,0,0,0,0,0,0,0,0,0,0,0,-0.00141818,-0.00142667,-0.0014370,-0.00171213,-0.00443099,sell
2020-11-08,2,0,4,1,0,0,0,3,0,0,0,0,1,0,0,0,1,1,1,1,0,1,1,0,0,1,1,0,0,0,0,0,1,0,0,0,0,0,0,-0.00366969,-0.00413918,-0.0036697,-0.00366969,-0.00366969,sell
2020-11-09,1,2,4,1,0,0,0,1,0,0,0,0,1,0,0,0,2,1,0,1,1,0,0,1,0,1,1,0,0,0,0,0,1,0,0,0,0,0,0, 0.00111117, 0.00111117, 0.0011112,-0.00067208, 0.00111117,buy
2020-11-10,2,3,2,2,0,0,1,0,0,0,0,0,0,0,0,0,1,1,1,1,1,1,1,1,0,0,1,0,0,0,0,0,1,1,0,0,0,0,0,-0.00116254,-0.00128665,-0.0018249,-0.00181046,-0.00131698,sell
2020-11-11,4,1,1,2,1,1,1,0,0,0,0,0,0,0,0,0,1,0,1,1,1,2,1,0,0,0,1,0,0,0,0,0,1,1,0,0,1,0,0,-0.00400530,-0.00450790,-0.0040888,-0.00397601,-0.00363587,sell
2020-11-12,1,1,3,1,3,1,2,0,0,0,1,0,0,0,0,0,0,1,1,0,0,2,1,1,1,0,1,1,0,0,0,0,0,1,0,0,1,0,0, 0.00004443,-0.00336495, 0.0000107,-0.00203415,-0.00137314,sell
2020-11-13,0,2,2,0,2,1,2,3,0,0,1,0,0,0,0,0,1,0,2,1,1,1,0,1,1,0,0,1,0,0,0,0,0,1,0,0,1,0,0,-0.00597036,-0.00086184,-0.0053374,-0.00151854,-0.00123931,sell
2020-11-14,1,2,1,1,1,1,3,2,0,0,1,0,0,0,0,0,0,1,2,0,0,0,1,1,1,0,0,1,0,0,0,1,0,0,1,0,1,0,1,-0.00920596,-0.01088799,-0.0020017,-0.00885545,-0.00200169,sell
2020-11-15,1,2,0,1,1,1,5,2,0,0,1,0,0,0,1,0,1,1,1,1,1,1,0,0,1,0,0,1,0,0,0,1,0,0,1,0,1,0,1, 0.00062051, 0.00491692, 0.0023936, 0.00431479, 0.00346632,buy
2020-11-16,1,0,1,1,1,4,3,4,0,0,0,0,0,0,1,1,1,1,1,1,1,0,1,1,1,0,0,1,0,0,0,1,0,0,1,0,1,0,1, 0.00322986, 0.00595326, 0.0030718, 0.00307180, 0.00315615,buy
2020-11-17,0,1,0,1,5,1,3,4,0,0,0,0,0,0,1,1,1,0,1,1,1,1,1,0,1,0,0,0,1,0,0,1,0,0,1,1,1,0,1,-0.00419525,-0.00690729,-0.0071818,-0.00674479,-0.00553921,sell
2020-11-18,2,0,0,1,1,2,3,3,0,0,0,0,0,0,1,1,0,1,1,0,0,1,1,1,0,0,0,0,1,0,0,1,0,0,0,1,1,0,1, 0.00043181, 0.00107227, 0.0022275, 0.00227548, 0.00111755,buy
2020-11-19,0,1,0,0,1,2,4,1,0,0,0,0,0,0,0,1,1,0,2,1,1,1,0,1,0,0,0,0,1,0,0,0,0,0,0,1,1,0,1, 0.00220031, 0.00193020, 0.0022003, 0.00189616, 0.00493407,buy
2020-11-20,0,1,1,0,1,1,3,2,0,0,0,0,0,0,0,1,0,1,1,0,0,0,1,1,0,1,0,0,1,0,0,0,0,0,0,1,1,0,0, 0.00082854,-0.00078805,-0.0003163, 0.00086572, 0.00043285,buy
2020-11-21,0,1,1,0,5,0,2,1,0,1,0,0,0,0,0,0,1,1,1,1,1,0,0,0,0,1,0,0,1,0,0,0,0,0,0,1,1,0,0,-0.00141221,-0.00141919,-0.0014378,-0.00144542,-0.00144542,sell
2020-11-22,1,2,1,1,2,3,1,1,0,1,1,0,0,0,0,0,1,1,0,1,1,1,1,1,0,1,0,0,0,0,0,0,0,1,0,0,1,0,0, 0.00181070, 0.00302584, 0.0030497, 0.00239809, 0.00585003,buy
2020-11-23,1,2,1,1,2,3,1,0,0,1,1,0,0,0,0,0,1,1,1,1,1,0,1,1,0,1,0,0,0,0,0,0,0,1,0,0,1,0,0, 0.00565533, 0.00633511, 0.0063351, 0.00623474, 0.00628636,buy
2020-11-24,2,2,1,0,1,1,3,0,0,1,1,0,0,0,0,0,1,0,0,1,1,1,1,0,0,1,0,0,0,0,0,0,0,1,0,0,1,0,0,-0.00233379,-0.00229459,-0.0006584,-0.00233379,-0.00076738,sell
2020-11-25,2,1,1,0,2,0,0,0,0,0,1,0,0,0,0,0,0,1,0,0,0,1,1,1,0,0,0,0,0,0,0,0,0,1,0,0,1,0,0, 0.00177172,-0.00060937, 0.0020178, 0.00176007, 0.00445173,buy
2020-11-26,0,2,0,1,2,0,1,3,0,0,0,1,0,0,0,0,1,1,1,1,1,1,0,1,0,0,0,0,0,0,0,0,0,0,0,0,1,1,0,-0.00067911,-0.00400112,-0.0035166,-0.00400112,-0.00317161,sell
2020-11-27,0,1,2,1,1,1,2,1,1,0,0,1,0,0,0,0,0,0,1,0,1,1,1,1,0,0,0,0,0,1,0,0,0,0,0,0,1,1,0,-0.00467531,-0.00574151,-0.0034955,-0.00472432,-0.00490766,sell
2020-11-28,2,0,1,1,2,1,3,0,1,0,0,1,0,0,0,0,0,1,1,1,0,0,0,1,0,0,0,1,0,1,0,0,0,0,0,0,1,1,0, 0.00132205, 0.00029768,-0.0015616,-0.00233865, 0.00029768,buy
2020-11-29,3,0,1,1,1,2,2,0,1,0,0,0,1,0,0,0,1,1,0,1,1,0,0,0,0,0,0,1,0,1,0,0,0,0,0,0,1,1,0, 0.00464022, 0.00493544, 0.0046007, 0.00496525,-0.00274674,buy
2020-11-30,0,3,1,1,1,2,4,1,1,0,0,0,1,0,0,0,1,1,0,1,1,1,1,1,1,0,0,1,0,1,0,0,0,0,0,0,0,0,1, 0.00023183, 0.00228012, 0.0017800, 0.00246207, 0.00472076,buy
2020-12-01,0,0,4,0,0,3,3,1,0,0,0,0,1,0,0,0,1,1,1,1,1,0,1,0,1,0,0,1,0,1,0,0,0,0,0,0,0,0,1, 0.00700731, 0.00682154, 0.0068215, 0.00586376, 0.00682154,buy
2020-12-02,0,1,3,0,0,2,3,0,0,1,0,0,1,0,0,0,1,0,0,0,1,1,1,0,1,0,0,1,0,0,0,0,0,0,0,0,0,0,1,-0.00396130,-0.00500649,-0.0045010,-0.00500649,-0.00617772,sell
2020-12-03,1,1,1,1,0,2,2,1,0,1,0,0,0,0,0,0,0,1,1,1,0,1,0,1,1,0,0,0,1,0,0,0,0,0,0,0,0,0,1,-0.00362874,-0.00196900,-0.0036287,-0.00492312,-0.00037800,sell
2020-12-04,1,3,1,3,0,3,1,2,0,1,0,0,0,0,0,0,1,0,1,1,1,1,1,1,1,0,0,0,1,0,1,0,1,1,0,0,0,0,1, 0.00104833, 0.00251969, 0.0016618, 0.00458585, 0.00104833,buy
2020-12-05,3,1,3,0,1,3,0,2,0,1,0,1,0,0,1,0,0,1,1,0,0,1,1,1,1,0,0,0,1,0,1,0,1,1,0,0,0,0,0,-0.00008886, 0.00270107, 0.0014606,-0.00043524, 0.00041709,buy
2020-12-06,2,1,6,0,0,2,0,1,0,0,0,1,0,0,1,0,1,2,1,1,1,0,0,0,0,0,0,0,1,0,1,0,1,1,0,0,0,0,0,-0.00568171,-0.00597826,-0.0057745,-0.00568171,-0.00720508,sell
2020-12-07,2,4,2,0,0,2,0,3,0,0,0,1,0,0,1,0,1,1,0,1,1,1,1,1,0,0,1,0,1,0,1,0,1,1,0,0,0,0,0, 0.00045265, 0.00045265, 0.0000571,-0.00000401, 0.00180280,buy
2020-12-08,4,2,2,1,0,2,1,3,1,0,0,1,0,0,0,0,1,1,1,1,2,1,1,1,0,1,1,0,0,0,1,0,1,0,1,0,0,0,0, 0.00157205,-0.00003144, 0.0012961, 0.00263949,-0.00018106,buy
2020-12-09,2,0,1,0,0,2,1,2,1,0,0,0,1,0,0,0,0,0,0,0,1,0,1,0,0,1,1,0,0,0,1,0,0,0,1,0,0,0,0,-0.00195782, 0.00052838, 0.0017276, 0.00194935, 0.00387615,buy
2020-12-10,1,0,1,1,1,2,2,5,1,0,0,0,1,0,0,1,1,1,1,1,1,1,0,1,0,1,1,0,0,0,0,0,0,0,1,0,0,0,0, 0.00876805, 0.00876805, 0.0048310, 0.00695405, 0.00696283,buy
2020-12-11,1,2,0,1,0,4,1,4,1,0,0,0,1,0,0,1,1,0,1,0,1,1,1,1,0,1,1,0,0,1,0,0,0,0,1,0,0,0,0, 0.00475795, 0.00508825, 0.0045547, 0.00380824, 0.00469890,buy
2020-12-12,2,1,1,0,1,1,6,2,0,0,1,0,1,0,0,1,1,1,1,1,1,1,0,1,0,1,0,0,0,1,0,1,0,0,1,0,0,0,0,-0.00048951,-0.00148554,-0.0045327,-0.00029454,-0.00048951,sell
2020-12-13,2,2,1,0,1,2,4,2,0,1,1,0,0,0,0,1,2,1,0,1,1,0,1,0,0,1,0,1,0,1,0,1,0,0,0,1,0,0,0,-0.00346451,-0.00263168, 0.0003791,-0.00255703,-0.00332322,sell
2020-12-14,3,3,0,0,3,2,2,3,0,1,1,0,0,0,1,0,2,1,1,1,1,1,1,1,0,1,0,1,0,1,0,1,0,0,0,1,0,0,0,-0.00033628,-0.00052768,-0.0003085,-0.00025538,-0.00052768,buy
2020-12-15,2,2,0,0,4,0,2,0,0,1,0,1,0,0,1,0,1,0,0,0,1,0,1,0,0,0,0,1,0,1,0,1,0,0,0,1,0,0,0, 0.00176059, 0.00094944,-0.0011979,-0.00173146,-0.00037812,buy
2020-12-16,2,1,0,0,3,0,3,1,0,1,0,1,0,1,1,0,0,1,1,1,0,1,0,1,0,0,0,1,0,0,0,1,0,0,0,1,0,0,0,-0.00145943,-0.00204253,-0.0013377,-0.00215644,-0.00150454,sell
2020-12-17,0,2,0,0,3,1,1,1,0,0,0,1,0,1,1,0,1,0,1,0,1,1,1,1,0,0,0,1,0,0,0,0,0,0,0,1,0,0,0, 0.00160255, 0.00143366, 0.0031130, 0.00037523, 0.00209664,buy
2020-12-18,0,0,1,0,3,1,1,0,0,0,0,1,0,1,0,0,0,1,1,1,0,1,0,1,0,0,0,0,0,0,0,0,0,0,0,0,0,0,0, 0.00097845, 0.00048814, 0.0034463,-0.00004887, 0.00213614,buy
2020-12-19,0,0,1,0,7,0,3,0,1,0,0,0,1,1,0,0,1,1,0,1,1,1,1,0,1,0,0,0,1,0,0,0,0,0,0,0,0,1,0,-0.00056906,-0.00207532,-0.0007544,-0.00355207,-0.00018014,sell
2020-12-20,0,1,1,1,4,4,1,0,1,0,0,0,1,1,0,0,1,1,1,1,1,0,1,1,1,0,0,0,1,0,0,0,1,0,0,0,0,1,0, 0.00214257, 0.00377689, 0.0045658, 0.00233265, 0.00053723,buy
2020-12-21,0,1,1,1,5,2,3,1,1,0,0,0,1,1,0,0,1,1,1,1,1,1,1,1,1,0,0,0,1,0,0,0,1,0,1,0,0,1,0, 0.00136813, 0.00133696, 0.0017158, 0.00093680,-0.00038297,buy
2020-12-22,0,1,1,0,5,1,2,1,1,0,0,0,1,1,0,0,1,0,0,0,1,1,1,0,1,0,0,0,1,0,0,0,1,0,1,0,0,1,0, 0.00003028, 0.00056782, 0.0006460, 0.00122561,-0.00370590,buy
2020-12-23,0,1,1,0,3,1,0,1,0,0,0,0,0,1,0,0,0,1,1,1,0,0,0,1,1,0,0,0,1,0,0,0,1,0,1,0,0,0,0, 0.00290888, 0.00290888, 0.0033239, 0.00237358, 0.00139843,buy
2020-12-24,2,2,0,0,2,2,0,3,0,0,0,0,0,0,1,0,1,1,1,1,1,1,1,1,1,0,0,0,1,0,0,0,1,0,1,0,0,0,0,-0.00611519,-0.00597206,-0.0059491,-0.00504312,-0.00598611,sell
2020-12-25,2,1,0,0,0,0,1,0,0,0,0,0,0,0,1,0,0,0,1,0,0,1,1,1,0,0,0,0,0,0,0,0,0,0,0,0,0,0,0, 0.00120095,-0.00236476, 0.0036307, 0.00138522, 0.00094431,buy
2020-12-26,6,1,0,0,1,1,1,0,0,0,0,0,0,0,1,0,1,1,1,1,1,1,0,1,0,0,0,0,0,1,0,0,0,0,0,1,0,0,0,-0.00127411, 0.00040419,-0.0012741,-0.00034527,-0.00105692,buy
2020-12-27,3,1,1,0,1,3,0,0,0,0,0,0,0,0,0,0,1,1,0,1,1,1,1,0,0,0,0,0,0,1,0,1,0,0,0,1,0,0,0,-0.00900737,-0.00768182,-0.0087402,-0.00748580,-0.00900737,sell
2020-12-28,1,2,1,0,0,4,0,3,0,0,0,0,0,0,0,0,1,1,1,1,1,0,1,1,0,0,0,0,0,1,0,1,0,1,0,1,0,0,0,-0.00461885,-0.00367159,-0.0036716,-0.00449830,-0.00429136,sell
2020-12-29,1,0,3,0,0,2,2,1,0,0,0,0,0,0,0,0,1,1,0,1,1,0,1,0,0,0,0,0,0,1,0,1,0,1,0,1,0,0,0,-0.00151299, 0.00060610,-0.0013164,-0.00072835,-0.00151299,buy
2020-12-30,2,0,0,1,0,2,2,2,0,0,0,0,0,0,0,0,0,0,1,0,0,1,1,1,0,0,0,0,0,1,0,1,0,1,0,1,0,0,1,-0.00140659, 0.00110716,-0.0000060,-0.00140659,-0.00218727,sell
2020-12-31,1,2,0,3,0,1,2,3,0,0,1,0,0,0,0,0,1,1,2,1,1,0,0,1,0,0,0,0,0,0,0,1,0,1,0,0,0,1,1, 0.00102770, 0.00028597, 0.0002860,-0.00073603, 0.00072229,buy
2021-01-01,1,2,1,2,0,1,1,3,0,0,1,0,0,0,0,1,1,0,1,0,1,1,1,1,0,0,0,0,0,0,0,0,0,1,0,0,0,1,1,-0.00627675,-0.00811382,-0.0032645,-0.00752284,-0.00627675,sell
2021-01-02,2,2,2,0,2,0,1,1,0,0,1,0,0,0,0,1,0,1,1,1,0,1,0,1,0,0,0,0,0,0,0,0,0,0,1,0,0,1,1, 0.00504477, 0.00367620, 0.0078507, 0.00641228, 0.00250054,buy
2021-01-03,4,4,2,0,1,0,0,0,0,0,0,1,0,0,0,1,1,2,0,1,1,2,1,0,0,0,0,0,0,0,0,0,0,0,1,0,0,1,0, 0.00065599,-0.00192907,-0.0021305,-0.00229977,-0.00240796,sell
2021-01-04,2,4,0,1,1,0,0,0,0,0,0,1,0,0,0,0,1,1,1,1,1,1,1,1,0,0,0,0,0,0,0,0,0,0,1,0,0,0,0,-0.00145804,-0.00116539,-0.0011654,-0.00069834,-0.00133174,sell
2021-01-05,2,0,2,0,1,0,0,0,0,0,0,1,0,0,0,0,1,1,0,0,1,0,1,0,0,0,0,0,0,0,0,0,0,0,1,0,0,0,0,-0.00165211,-0.00193203,-0.0019320,-0.00198979,-0.00072285,sell
2021-01-06,0,0,1,0,1,0,1,2,0,0,0,1,0,0,0,0,0,0,1,1,0,1,0,1,0,0,1,0,0,0,0,0,0,0,0,0,0,0,0, 0.00189866, 0.00189866, 0.0014219, 0.00174408, 0.00652186,buy
2021-01-07,1,1,0,2,0,1,1,4,0,1,0,0,0,0,0,0,1,1,1,1,1,0,1,1,0,0,1,0,0,0,0,0,1,0,0,0,0,0,0,-0.00002227, 0.00236035,-0.0000223,-0.00125257,-0.00002227,buy
2021-01-08,2,0,0,0,0,0,4,1,0,1,0,0,1,0,0,0,0,0,1,1,0,1,0,1,0,0,1,0,0,0,0,0,1,0,0,0,0,0,0, 0.00766566, 0.00506547, 0.0058182, 0.00771094, 0.00417167,buy
2021-01-09,2,0,2,0,1,2,4,1,0,1,1,0,1,0,0,0,1,1,0,1,1,1,1,0,0,0,1,0,0,0,1,0,1,0,0,1,0,0,0, 0.00015943, 0.00027391,-0.0000320, 0.00015943, 0.00104656,buy
2021-01-10,2,2,1,0,2,4,1,3,1,1,1,0,1,0,0,0,1,1,1,1,1,1,2,1,0,0,1,0,0,0,1,0,1,0,0,1,0,0,0,-0.00063612,-0.00063612,-0.0017802, 0.00000061, 0.00324786,buy
2021-01-11,4,2,0,0,6,2,0,2,1,0,1,0,1,0,1,1,2,1,0,1,1,1,2,1,0,0,0,0,0,0,1,1,1,0,0,1,0,0,0, 0.00212304, 0.00107164, 0.0019780,-0.00301327, 0.00125944,buy
2021-01-12,5,1,0,0,3,1,1,1,1,0,1,0,0,0,1,1,1,0,1,0,0,0,1,1,0,0,0,1,0,0,1,1,1,0,0,1,0,1,0, 0.00161957,-0.00506669,-0.0055980,-0.00188030, 0.00243199,sell
2021-01-13,3,1,0,0,1,1,1,2,1,0,0,0,0,0,1,1,0,1,2,1,1,1,0,1,0,0,0,1,0,0,1,1,0,0,0,0,0,1,0,-0.00130658,-0.00127163, 0.0000952,-0.00127163,-0.00231197,sell
2021-01-14,1,1,0,0,2,1,0,2,0,0,0,0,0,0,0,0,1,1,2,0,1,0,1,1,0,0,0,1,0,0,0,1,0,0,0,0,0,1,0, 0.00342479, 0.00342479, 0.0034784, 0.00291453, 0.00328243,buy
2021-01-15,1,0,1,0,4,0,0,0,0,0,0,0,0,0,0,0,0,0,1,1,0,1,0,1,0,0,0,1,0,0,0,1,0,0,0,0,0,1,0, 0.00250515, 0.00480106, 0.0059487, 0.00215305, 0.00294559,buy
2021-01-16,0,0,0,0,2,2,2,0,0,0,0,0,0,0,0,0,1,1,0,1,1,1,1,0,0,0,0,1,0,0,0,0,0,0,0,0,0,0,0, 0.00528558, 0.00542075, 0.0054207, 0.00528558, 0.00400351,buy
2021-01-17,0,0,0,1,0,5,1,0,0,0,0,0,0,0,0,0,1,1,1,1,1,1,1,1,0,0,0,0,0,0,0,0,0,0,0,0,0,0,0,-0.00031495, 0.00040854,-0.0002216, 0.00042553, 0.00000359,buy
2021-01-18,0,0,0,0,2,0,4,0,0,0,0,0,0,0,0,0,1,1,0,1,1,1,1,0,0,0,0,0,0,0,0,0,0,0,0,0,0,0,0, 0.00395103, 0.00402656, 0.0039592, 0.00402656, 0.00262672,buy
2021-01-19,0,0,1,0,3,0,1,0,0,0,1,0,0,0,0,0,1,0,1,0,0,0,1,1,0,0,0,0,0,0,0,0,0,0,0,0,0,0,0, 0.00185036, 0.00236871, 0.0038257,-0.00026595, 0.00230088,buy
2021-01-20,0,0,1,0,2,1,0,3,0,0,1,0,0,0,0,0,0,0,2,1,1,1,0,1,0,0,0,0,0,0,0,0,0,0,0,0,0,0,0,-0.00259540,-0.00008542,-0.0025954, 0.00017993,-0.00287810,sell
2021-01-21,0,1,1,0,1,2,0,3,0,0,1,0,0,0,0,1,1,1,1,0,1,1,1,1,0,0,1,0,1,0,0,0,0,0,0,0,0,0,0, 0.00749820, 0.00966738, 0.0038589, 0.01085099, 0.00798578,buy
2021-01-22,2,0,1,0,1,1,2,0,0,0,1,0,0,0,0,1,0,0,1,1,0,0,0,1,0,0,1,0,1,0,0,0,0,1,0,0,0,0,0,-0.00450520,-0.00450520,-0.0047076,-0.00450520,-0.00392581,sell
2021-01-23,4,0,1,0,2,1,1,0,0,0,0,0,0,0,0,1,1,1,0,1,1,1,1,0,0,0,1,0,1,0,0,0,0,1,0,0,0,0,0,-0.00494435,-0.00357692,-0.0048955,-0.00494435,-0.00494435,sell
2021-01-24,2,4,1,0,3,2,1,3,0,0,0,1,0,0,0,1,1,1,1,1,1,1,2,1,0,0,1,0,1,1,1,0,0,1,0,0,0,0,1,-0.00174449,-0.00140221,-0.0015429,-0.00458743,-0.00151423,sell
2021-01-25,1,4,1,0,1,3,1,3,0,0,0,1,0,0,0,0,1,1,1,1,1,1,1,1,0,0,1,0,1,1,1,0,0,1,0,0,0,0,1, 0.00255893, 0.00295412, 0.0025803,-0.00246170, 0.00208142,buy
2021-01-26,1,1,3,0,1,0,2,1,0,0,0,1,0,0,0,0,1,1,0,0,1,1,1,0,1,0,0,0,1,1,1,0,0,0,0,0,0,0,1,-0.00478177,-0.00053020,-0.0005302,-0.00053020,-0.00053020,buy
2021-01-27,2,1,0,1,1,0,1,1,0,0,0,1,0,0,0,0,0,0,1,1,0,0,0,1,1,0,0,0,0,1,1,0,0,0,1,0,0,0,1,-0.00126407, 0.00314032,-0.0012641,-0.00153946, 0.00446811,buy
2021-01-28,0,1,0,3,1,1,0,4,0,0,0,1,0,0,0,0,1,1,1,0,1,1,1,1,1,1,0,0,0,1,0,0,0,0,1,0,0,0,0,-0.00224479,-0.00166700,-0.0006960,-0.00229099,-0.00509505,sell
2021-01-29,0,0,2,0,2,0,0,2,0,0,0,1,0,0,0,0,0,1,1,1,0,0,0,1,1,1,0,0,0,0,0,0,0,0,1,0,0,0,0,-0.00084971,-0.00142251,-0.0008938,-0.00089381, 0.00004621,sell
2021-01-30,1,1,3,0,1,0,0,1,0,0,0,1,0,0,0,0,1,0,0,2,1,0,1,0,1,1,0,0,0,0,0,0,0,0,1,0,0,0,0,-0.00079301,-0.00062233,-0.0038804,-0.00084369,-0.00402961,sell
2021-01-31,1,3,2,1,1,0,0,1,0,0,0,1,0,0,0,0,1,1,1,1,1,1,1,1,1,1,0,0,0,0,0,0,0,0,0,0,0,0,0,-0.00224900,-0.00139578,-0.0020706,-0.00160120,-0.00139578,sell
2021-02-01,2,4,1,0,1,0,0,1,0,0,0,1,0,0,0,0,1,1,0,1,1,1,2,0,0,1,0,0,0,0,0,0,0,0,0,0,0,0,0,-0.00171068,-0.00264280,-0.0017572,-0.00281436,-0.00178325,sell
2021-02-02,2,0,3,0,2,0,0,1,0,0,0,1,0,0,0,0,1,1,1,0,0,1,1,1,0,1,0,0,0,0,0,0,0,0,0,0,0,0,0, 0.00048506,-0.00429956,-0.0042218, 0.00103525, 0.00080388,sell
2021-02-03,0,1,0,1,2,2,0,3,0,0,0,1,0,0,0,0,0,0,1,1,1,0,1,2,0,1,0,0,0,0,0,0,0,1,0,0,0,0,0,-0.00452680, 0.00017648,-0.0042192,-0.00436803,-0.00439248,sell
2021-02-04,1,2,0,2,1,2,1,4,0,0,0,1,0,0,0,0,1,1,2,0,1,1,1,2,0,1,0,0,0,0,0,0,0,1,0,1,0,0,1, 0.00041614, 0.00071382, 0.0022116, 0.00071382, 0.00032993,buy
2021-02-05,1,1,0,0,1,1,2,2,0,0,0,1,0,0,0,0,0,0,1,1,0,0,0,1,0,1,0,0,0,0,0,0,0,1,0,1,0,1,1,-0.00356522,-0.00567765,-0.0052957,-0.00373845,-0.00113540,sell
2021-02-06,0,1,4,0,1,2,3,1,0,0,0,0,0,0,0,1,1,1,0,1,1,1,1,0,0,0,1,0,0,0,1,0,0,1,0,1,0,1,1,-0.00375328,-0.00136210,-0.0043806,-0.00449294,-0.00464962,sell
2021-02-07,0,3,2,0,3,2,1,3,0,0,1,0,0,1,0,1,1,1,1,1,1,1,1,1,0,0,1,0,0,0,1,0,0,0,0,1,0,1,1, 0.00098168, 0.00106809, 0.0009668, 0.00106809, 0.00171809,buy
2021-02-08,2,1,2,0,4,1,0,1,0,0,1,0,0,1,0,1,1,2,0,0,1,1,1,0,0,0,1,0,0,0,1,0,0,0,0,1,0,1,0,-0.00189115,-0.00161461,-0.0032731,-0.00320165,-0.00497259,sell
2021-02-09,2,0,2,0,3,0,1,1,0,1,1,0,0,1,0,1,0,1,1,1,0,1,0,1,0,0,1,0,0,0,1,1,0,0,0,0,0,0,0,-0.00242105,-0.00301490,-0.0035939,-0.00379509,-0.00586241,sell
2021-02-10,0,1,2,0,2,1,0,2,0,1,1,0,0,0,0,1,1,0,1,0,1,0,1,1,0,0,1,0,0,0,1,1,0,0,0,0,0,0,0, 0.00341504,-0.00300693,-0.0031775,-0.00317755, 0.00572019,sell
2021-02-11,0,0,1,0,2,0,0,2,0,1,0,0,0,0,0,0,1,1,1,1,0,1,0,1,0,0,0,0,0,0,0,1,0,0,0,0,0,0,0, 0.00273916,-0.00327400, 0.0020183,-0.00318999,-0.00327400,sell
2021-02-12,0,0,0,0,3,0,1,0,0,0,0,0,0,0,0,0,0,0,0,1,1,0,1,0,0,0,0,1,0,0,0,1,0,0,0,0,0,0,0, 0.00223428, 0.00357854, 0.0022457, 0.00223428, 0.00224573,buy
2021-02-13,0,0,0,1,2,3,2,0,1,0,0,0,0,0,0,0,1,1,1,1,1,0,2,1,0,0,0,1,0,0,0,1,0,0,0,0,0,0,0, 0.00900401, 0.00458363, 0.0096954, 0.00969537, 0.00921207,buy
2021-02-14,0,0,1,0,2,4,1,0,1,0,0,0,0,0,0,0,1,1,1,1,1,1,1,0,0,0,0,1,0,0,0,0,0,0,0,0,0,0,1, 0.00592452, 0.00407453, 0.0062370, 0.00610062, 0.00526191,buy
2021-02-15,0,0,1,0,3,2,2,0,1,0,0,0,0,0,0,0,1,1,0,0,1,1,1,0,0,0,0,1,0,0,0,0,0,1,0,0,0,0,1, 0.00126983, 0.00253063, 0.0007699, 0.00229945,-0.00017452,buy
2021-02-16,0,0,2,0,4,0,1,1,1,0,0,0,0,0,0,0,0,1,1,1,0,1,0,1,0,0,0,1,0,0,0,0,0,1,0,0,0,0,1,-0.00311135,-0.00274566,-0.0038292,-0.00248653,-0.00259710,sell
2021-02-17,0,1,1,0,1,1,1,2,1,0,0,0,0,0,0,0,0,0,1,0,1,1,1,1,0,0,0,0,0,0,0,0,1,1,0,0,0,0,1, 0.00196099, 0.00208550, 0.0020250, 0.00203997, 0.00253747,buy
2021-02-18,1,0,0,0,1,0,1,2,0,0,0,0,0,0,0,0,1,1,1,0,0,0,0,1,0,0,0,0,0,0,0,0,1,1,0,0,0,0,0, 0.00010698,-0.00026281, 0.0001460,-0.00017720, 0.00055618,buy
2021-02-19,1,0,0,0,1,0,0,2,0,0,0,0,0,0,0,0,0,1,0,1,0,1,0,0,0,0,0,0,0,0,0,0,1,1,0,0,0,0,0,-0.00692519,-0.00494052,-0.0049405,-0.00211528,-0.00467565,sell
2021-02-20,2,1,0,0,2,0,0,2,0,0,0,0,0,0,0,0,1,0,0,1,1,0,1,1,0,0,0,0,0,0,0,0,1,0,1,0,0,0,0,-0.00190009, 0.00006650,-0.0006879,-0.00200568,-0.00099322,buy
2021-02-21,1,1,1,0,2,1,0,3,0,0,0,0,0,0,0,0,1,1,1,1,1,0,1,1,0,0,0,0,0,0,0,0,1,0,1,0,0,0,0, 0.00383949, 0.00615219, 0.0029945,-0.00140635, 0.00164716,buy
2021-02-22,1,1,1,0,1,1,1,1,0,0,0,0,0,0,0,0,1,1,0,0,1,1,1,0,0,0,0,0,0,0,0,0,1,0,1,0,0,0,0, 0.00055469, 0.00041817,-0.0003990, 0.00109626,-0.00039896,buy
2021-02-23,1,1,1,0,1,1,2,0,0,0,0,0,0,0,0,0,1,1,1,0,0,1,0,1,0,0,0,0,0,1,0,0,0,0,1,0,0,0,0,-0.00232066,-0.00220173,-0.0017958,-0.00199798,-0.00343141,sell
2021-02-24,0,1,1,1,1,1,2,1,0,0,0,0,0,0,0,0,0,1,1,1,0,1,1,1,0,0,0,0,1,1,0,0,0,0,0,0,0,0,0,-0.00024773, 0.00015054,-0.0032602, 0.00013958, 0.00290214,buy
2021-02-25,0,1,2,2,2,0,1,1,0,0,0,0,0,0,0,0,1,0,2,0,1,1,1,1,0,0,0,0,1,1,0,0,0,0,0,0,0,0,0, 0.00416452, 0.00390453, 0.0041858, 0.00418585, 0.00007760,buy
2021-02-26,0,0,2,0,1,0,1,1,0,0,0,0,0,0,0,0,0,1,1,1,0,0,0,0,0,0,0,0,1,1,0,0,0,0,0,0,0,0,0,-0.00365691,-0.00360087,-0.0036569,-0.00365691,-0.00186432,sell
2021-02-27,1,1,2,1,1,1,1,0,0,0,0,0,0,0,0,0,1,0,0,1,1,1,1,1,0,0,0,1,1,1,0,0,0,0,0,0,0,0,0, 0.00037365, 0.00058150,-0.0003192,-0.00035927,-0.00031920,buy
2021-02-28,2,3,2,1,1,1,0,0,0,0,0,0,0,0,0,1,2,1,1,1,1,0,1,0,0,0,0,1,1,0,0,0,0,0,0,0,0,0,0, 0.00085142, 0.00057556, 0.0005396, 0.00063405, 0.00197280,buy
2021-03-01,2,2,3,0,1,1,0,0,0,0,0,0,0,0,0,1,2,1,0,0,1,1,1,1,0,0,0,1,0,0,0,0,0,0,0,0,0,0,0, 0.00304721, 0.00132754, 0.0010799, 0.00236013, 0.00145339,buy
2021-03-02,1,1,3,0,1,2,1,1,1,0,0,0,0,0,0,1,1,1,1,1,0,1,0,1,0,0,0,1,0,0,0,0,0,0,0,1,0,1,0, 0.00604031, 0.00458569, 0.0055000, 0.00458569, 0.00445554,buy
2021-03-03,1,1,1,2,1,1,2,2,1,0,0,0,0,0,0,1,1,0,1,0,1,1,1,1,0,0,0,1,0,0,1,0,0,0,0,1,0,1,0, 0.00000891,-0.00204537,-0.0020454,-0.00191592,-0.00152203,sell
2021-03-04,1,0,1,2,1,1,3,1,1,0,0,0,0,0,0,1,1,1,1,1,0,0,0,1,0,0,0,0,0,0,1,0,0,0,1,1,0,1,0, 0.00038741,-0.00041414, 0.0003850,-0.00041414, 0.00035619,buy
2021-03-05,0,0,1,2,1,2,2,2,1,0,0,0,0,0,0,0,0,1,0,1,1,1,1,1,0,0,0,0,0,0,1,0,0,0,1,1,0,1,0, 0.00526889, 0.00318568, 0.0002788,-0.00175884, 0.00190276,buy
2021-03-06,0,1,0,1,4,2,1,3,1,0,1,0,0,0,0,0,1,0,1,1,1,1,1,1,1,0,0,0,0,0,1,0,0,0,1,1,0,0,0,-0.00316604,-0.00057660,-0.0005766, 0.00103341,-0.00004679,buy
2021-03-07,2,0,1,1,3,2,0,0,1,0,1,0,0,0,0,0,1,1,0,0,1,0,1,1,1,0,0,0,0,0,0,0,0,0,1,0,0,0,1, 0.00110748, 0.00141759, 0.0011075,-0.00006140,-0.00029100,buy
2021-03-08,1,1,0,1,3,1,2,0,0,0,1,0,0,0,0,0,1,1,1,1,0,1,0,1,1,0,1,0,0,0,0,0,0,0,1,0,0,0,1, 0.00083157, 0.00010399, 0.0001816, 0.00256149, 0.00018105,buy
2021-03-09,1,1,0,1,2,2,0,1,0,0,1,0,0,0,0,0,0,1,1,1,1,1,1,1,1,0,1,0,0,0,0,0,0,0,0,0,0,0,1, 0.00679287, 0.00716665, 0.0034069, 0.00733404, 0.00716665,buy
2021-03-10,0,0,1,0,3,0,0,1,0,0,0,0,0,0,0,0,1,0,1,0,1,1,1,1,1,0,1,0,0,0,0,0,0,0,0,0,0,0,0, 0.00228136, 0.00228136, 0.0022814, 0.00245817, 0.00259268,buy
2021-03-11,0,0,0,0,6,1,0,1,0,0,0,1,0,0,0,0,0,1,1,1,0,1,0,0,1,0,1,0,0,1,0,1,0,0,0,0,0,0,0,-0.00498010,-0.00101073,-0.0052394,-0.00606028,-0.00523942,sell
2021-03-12,0,0,0,1,3,2,1,1,0,0,0,1,0,0,0,0,0,1,0,1,1,0,1,1,0,0,1,0,0,1,0,1,0,1,0,0,0,0,0, 0.00075041, 0.00324082, 0.0013059,-0.00156200, 0.00130594,buy
2021-03-13,0,0,0,0,3,4,1,0,0,0,0,1,0,0,0,0,1,0,1,1,1,1,1,0,0,0,1,0,1,1,0,1,0,1,0,0,0,0,0, 0.00357226, 0.00352987, 0.0016823, 0.00352015, 0.00357226,buy
2021-03-14,0,0,1,0,3,4,3,0,0,0,0,1,0,0,0,0,1,1,0,0,1,0,1,1,0,0,0,1,1,1,0,1,0,1,0,0,0,1,0,-0.00512833,-0.00567214,-0.0051251,-0.00543788,-0.00557931,sell
2021-03-15,0,0,1,0,2,5,2,0,0,0,0,0,0,0,0,0,1,1,1,0,0,1,0,1,0,0,0,1,1,1,0,0,0,1,0,1,0,1,0,-0.00436592,-0.00256946,-0.0027224,-0.00342342,-0.00259631,sell
2021-03-16,0,1,0,0,2,4,1,1,0,0,0,0,0,0,0,0,0,1,1,1,0,1,0,1,0,0,0,1,1,0,0,0,0,0,0,1,0,1,0, 0.00243600,-0.00041625,-0.0010140,-0.00020515,-0.00041625,buy
2021-03-17,1,0,0,0,1,5,2,1,0,0,0,0,0,0,0,0,0,1,1,0,1,1,1,1,0,0,0,1,1,0,0,0,0,0,1,1,0,1,0, 0.00675121, 0.00605544,-0.0006537, 0.00472710, 0.00572758,buy
2021-03-18,1,0,0,0,0,1,4,1,0,0,0,0,0,0,0,0,1,0,1,1,0,1,0,0,0,0,0,1,0,0,0,0,0,0,1,1,1,0,0,-0.00136782,-0.00216277,-0.0023958,-0.00553387,-0.00415956,sell
2021-03-19,1,1,0,0,1,1,2,1,0,0,0,0,0,0,0,0,0,1,0,1,1,1,1,1,0,0,0,0,0,0,0,0,0,0,1,1,1,0,0,-0.00217908,-0.00520882,-0.0024404,-0.00005347,-0.00223583,sell
2021-03-20,2,1,0,0,0,1,2,2,0,0,0,0,0,0,1,0,1,0,1,1,1,0,1,1,0,0,0,0,0,0,0,0,0,0,1,0,1,0,0,-0.00225686,-0.00223592,-0.0089740,-0.00073300,-0.00232810,sell
2021-03-21,0,2,1,1,0,1,1,2,0,1,0,0,0,0,1,1,1,0,0,1,1,1,1,0,0,0,0,0,0,0,0,0,0,0,0,0,1,0,0, 0.00067552, 0.00082324, 0.0032695, 0.00067552, 0.00335519,buy
2021-03-22,0,1,1,1,2,1,3,1,0,1,0,1,1,0,1,1,1,1,0,0,1,0,1,1,0,0,0,0,0,0,0,0,0,0,0,0,1,0,0,-0.00297395, 0.00116533, 0.0017189,-0.00024790, 0.00228572,buy
2021-03-23,1,0,1,2,1,3,1,1,0,1,0,1,1,0,1,1,1,1,1,1,0,0,0,1,0,0,0,0,0,0,0,0,0,0,0,0,1,0,0, 0.00079636, 0.00082965, 0.0033523, 0.00203669, 0.00141937,buy
2021-03-24,1,1,0,2,2,1,1,2,0,1,0,1,1,0,0,1,0,1,1,0,1,1,1,1,0,0,0,0,0,0,0,0,0,0,0,0,1,0,0,-0.00420239,-0.00420239,-0.0027867,-0.00494531,-0.00499000,sell
2021-03-25,0,1,2,1,0,3,0,1,0,1,0,1,0,0,0,0,1,0,1,1,0,1,0,0,1,0,0,0,0,0,0,1,0,0,0,0,1,0,0,-0.00113091,-0.00069443,-0.0004755,-0.00106210,-0.00113091,buy
2021-03-26,1,1,3,0,0,2,0,2,0,1,0,0,0,0,0,0,0,1,0,2,1,1,1,1,1,0,0,0,0,0,0,1,0,0,0,0,1,0,0,-0.00676468,-0.00676125,-0.0072366,-0.00657377,-0.00625406,sell
2021-03-27,1,3,4,1,2,2,0,1,0,0,0,0,0,0,0,0,1,1,1,2,2,0,1,0,1,0,0,0,0,1,1,1,0,0,0,0,1,1,1, 0.00395358,-0.00294642, 0.0016172, 0.00403515, 0.00291588,buy
2021-03-28,2,2,3,1,3,2,1,0,0,0,1,0,0,0,0,0,1,0,0,1,2,1,1,1,1,0,0,0,0,1,1,1,0,0,0,1,1,1,1, 0.00071257, 0.00070961,-0.0003324, 0.00086701, 0.00076377,buy
2021-03-29,3,0,3,0,3,3,2,1,1,0,1,0,0,0,0,0,1,1,1,1,1,0,0,1,1,0,0,0,1,1,1,1,0,0,0,1,1,1,1, 0.00352525,-0.00222675,-0.0000424, 0.00003617,-0.00077569,sell
2021-03-30,0,2,3,1,3,2,3,2,1,0,1,0,0,0,1,0,0,1,1,1,1,1,1,1,1,0,0,0,1,1,1,0,0,0,0,1,1,1,1,-0.00157617,-0.00161203,-0.0022436,-0.00217224,-0.00074419,sell
2021-03-31,1,1,2,0,2,2,3,2,1,0,1,0,1,0,1,0,1,1,1,1,1,2,0,0,0,0,0,0,1,1,0,0,0,0,0,1,1,0,0, 0.00186700, 0.00187379, 0.0018310, 0.00292758, 0.00186700,buy
2021-04-01,0,1,1,0,1,3,5,1,1,0,0,1,1,0,1,0,0,0,0,2,1,1,1,1,0,0,0,0,1,0,0,0,0,0,0,1,1,0,0,-0.00111646,-0.00234950, 0.0001201,-0.00135093,-0.00250471,sell
2021-04-02,1,1,1,1,0,3,4,1,0,0,0,1,1,0,0,0,1,1,1,1,2,1,2,0,0,0,0,0,1,0,0,0,0,0,0,0,1,0,0, 0.00481266, 0.00436781, 0.0052340, 0.00436781, 0.00443958,buy
2021-04-03,2,1,0,0,1,3,4,0,0,0,0,1,1,0,0,0,2,0,0,1,1,0,2,1,0,0,0,0,1,0,0,0,1,0,0,0,1,0,0,-0.00883340,-0.00287000,-0.0088334,-0.00330824,-0.00782027,sell
2021-04-04,2,1,1,0,2,1,2,1,0,0,0,0,0,0,0,0,2,1,1,0,1,1,1,2,0,0,0,0,0,0,0,0,1,0,0,0,0,0,0, 0.00129751, 0.00187431, 0.0008506,-0.00146243, 0.00233662,buy
2021-04-05,0,2,0,0,1,1,2,0,0,0,0,0,0,0,0,0,1,1,2,1,0,0,0,1,0,0,0,0,0,0,0,0,1,0,0,0,0,0,0, 0.00297117, 0.00298934, 0.0028175, 0.00400584,-0.00738831,buy
2021-04-06,1,1,1,0,1,1,2,1,0,0,0,0,0,0,0,0,0,2,1,0,1,1,1,1,0,0,0,0,0,0,0,0,1,1,0,0,0,0,0,-0.00580532,-0.00600986,-0.0058053,-0.00000418,-0.00580944,sell
2021-04-07,1,1,1,0,3,0,2,0,0,0,0,0,0,0,0,1,1,1,1,1,0,1,0,0,0,0,0,0,0,0,0,0,1,1,0,0,0,0,1, 0.00468752, 0.00256783, 0.0042789, 0.00411719, 0.00122475,buy
2021-04-08,0,1,1,1,3,3,4,0,1,0,0,0,0,0,1,1,0,0,0,1,1,1,1,1,0,1,0,0,0,0,0,1,1,1,0,0,0,0,1,-0.00367821,-0.00033309,-0.0008358,-0.00132029,-0.00154302,sell
2021-04-09,0,2,1,0,5,3,5,1,1,0,0,0,1,0,1,1,1,1,1,1,1,1,1,0,0,1,1,0,0,0,1,1,1,1,0,0,0,0,1,-0.00007817,-0.00197583, 0.0042127,-0.00200181,-0.00010861,sell
2021-04-10,0,2,1,0,4,3,4,1,1,0,0,0,1,0,1,0,2,0,0,1,1,0,1,1,0,1,1,0,0,0,1,1,0,0,1,0,0,0,1,-0.00687720,-0.00043014,-0.0022162,-0.00153773,-0.00153773,sell
2021-04-11,0,2,0,0,3,1,4,1,0,0,0,0,1,0,0,0,1,0,1,0,1,1,1,1,0,1,1,0,0,0,1,1,0,0,1,0,0,0,0,-0.00638239,-0.00037929,-0.0003933,-0.00072616,-0.00149218,sell
2021-04-12,0,2,0,0,2,0,4,2,0,0,0,0,0,0,0,0,1,1,1,1,0,1,0,1,0,1,1,0,0,0,1,1,0,0,1,0,0,0,0,-0.00159666,-0.00465832,-0.0042239,-0.00223071,-0.00441573,sell
2021-04-13,1,1,0,0,1,2,2,2,0,0,0,0,0,0,0,0,0,1,1,0,1,0,1,1,1,1,1,0,0,0,1,0,0,0,1,0,0,0,0,-0.00059671,-0.00018687,-0.0015787,-0.00022357,-0.00042459,buy
2021-04-14,1,1,0,0,3,0,3,2,0,0,1,0,0,0,0,1,1,1,1,1,0,1,0,0,1,1,0,1,0,0,0,0,0,0,0,0,0,0,0, 0.00123570, 0.00176690, 0.0042168, 0.00174294, 0.00640758,buy
2021-04-15,1,1,0,0,4,0,2,3,0,0,1,0,0,0,0,1,1,1,0,1,0,1,1,1,1,1,0,1,0,0,0,0,0,0,0,0,0,0,0, 0.00094779, 0.00039896, 0.0001917, 0.00086512,-0.00240343,sell
2021-04-16,1,2,0,0,2,1,4,3,1,1,1,1,0,0,0,1,0,0,0,1,1,1,1,1,1,1,0,1,0,0,0,0,0,0,0,0,0,0,0, 0.00085842, 0.00276702, 0.0016824, 0.00092921,-0.00048514,buy
2021-04-17,1,1,1,0,0,1,5,3,1,1,0,1,0,1,0,0,1,1,1,1,1,1,1,0,1,1,0,1,0,0,0,0,0,0,0,0,0,0,0,-0.00221274,-0.00228544,-0.0021468,-0.00214645, 0.00063412,sell
2021-04-18,1,1,1,0,0,1,6,2,1,1,0,1,0,1,0,0,1,0,0,0,1,0,1,1,1,1,0,1,0,0,0,0,0,1,0,0,0,0,1, 0.00367754, 0.00391934, 0.0038433, 0.00354583, 0.00294642,buy
2021-04-19,2,0,2,1,1,2,2,0,0,1,0,0,0,1,0,0,1,1,1,1,1,0,0,1,0,1,0,0,0,0,0,0,0,1,0,0,0,0,1,-0.00143529,-0.00307040,-0.0049495,-0.00143529,-0.00231338,sell
2021-04-20,1,1,1,1,2,1,0,2,0,0,0,0,0,1,0,0,1,1,1,1,0,1,1,1,0,0,0,0,0,0,0,0,0,1,0,0,0,0,1, 0.00202242, 0.00206821, 0.0022795, 0.00187263, 0.00202242,buy
2021-04-21,2,0,1,1,0,3,0,1,0,0,1,0,0,0,0,1,0,1,1,0,1,0,1,0,0,0,0,0,0,0,0,0,0,1,0,0,0,1,1,-0.00144709,-0.00065031, 0.0024409,-0.00180948,-0.00126204,buy
2021-04-22,2,0,2,1,0,2,1,0,0,0,1,0,0,0,0,1,1,1,1,1,0,1,0,1,0,0,0,0,0,0,0,0,0,1,0,0,0,1,0,-0.00336302,-0.00410058, 0.0085454, 0.00488278,-0.00547952,buy
2021-04-23,2,2,1,0,0,1,0,1,0,0,1,0,0,0,1,1,0,0,0,1,1,1,1,1,0,0,0,0,0,0,0,0,0,0,0,1,0,1,0,-0.00431946,-0.00436355,-0.0048283,-0.00479654,-0.00482831,sell
2021-04-24,2,3,2,1,0,0,0,3,0,0,0,0,1,0,1,0,1,1,1,1,1,2,1,0,0,0,0,0,0,0,1,0,0,0,0,1,0,1,0, 0.00354099, 0.00343431, 0.0027903, 0.00276408, 0.00354099,buy
2021-04-25,2,1,2,0,1,1,0,2,0,0,0,0,1,0,1,0,1,0,0,0,1,1,1,1,0,0,1,0,0,0,1,0,0,0,0,1,0,0,0, 0.00425186, 0.00394890, 0.0021089, 0.00343075, 0.00493841,buy
2021-04-26,3,0,1,0,0,3,0,3,0,1,0,0,1,0,0,0,1,1,1,1,0,0,0,1,0,0,1,0,0,0,1,0,0,0,0,1,0,0,0,-0.00432683,-0.00432683,-0.0026442,-0.00432683,-0.00423427,sell
2021-04-27,1,2,0,2,0,3,1,1,0,1,0,0,0,0,0,0,0,1,1,0,1,1,1,1,0,0,1,0,0,0,1,0,1,0,0,0,0,0,0,-0.00464938,-0.00486213,-0.0048398,-0.00534830,-0.00486213,sell
2021-04-28,2,0,1,0,0,3,1,1,0,1,0,0,0,0,0,0,1,1,1,1,0,0,0,0,0,0,1,0,0,1,1,0,1,0,0,0,0,0,0, 0.00165701, 0.00173735, 0.0028885, 0.00114954, 0.00042728,buy
2021-04-29,1,0,3,0,0,4,2,1,0,1,1,0,0,0,0,0,0,1,0,1,1,1,1,1,0,0,1,0,0,1,1,0,1,0,0,0,0,0,0, 0.00300148, 0.00528219, 0.0030537,-0.00375141, 0.00297468,buy
2021-04-30,0,2,0,1,1,2,2,1,0,0,1,0,0,0,0,0,1,1,1,1,1,1,1,0,0,0,0,0,0,1,0,0,1,0,0,0,0,0,0, 0.00144048, 0.00787659, 0.0078766, 0.00724545, 0.00291821,buy
2021-05-01,4,0,0,1,1,2,2,1,0,0,1,1,0,0,0,0,1,1,0,0,1,1,1,1,0,0,0,0,1,1,0,0,1,1,0,0,0,0,0,-0.00222780,-0.00243469,-0.0022278,-0.00232367, 0.00130182,sell
2021-05-02,1,1,0,0,1,1,2,2,1,0,0,1,0,0,0,0,1,0,1,1,0,0,0,1,0,0,0,0,1,1,0,0,1,1,0,0,0,0,0, 0.00064250, 0.00459223, 0.0003314, 0.00103494, 0.00238800,buy
2021-05-03,1,0,2,0,0,2,1,4,1,0,0,1,0,0,0,0,0,1,1,0,1,1,1,1,0,0,0,0,1,1,0,0,1,1,0,0,0,0,0,-0.00177200,-0.00309036,-0.0019450,-0.00194497,-0.00133714,sell
2021-05-04,1,1,0,0,2,0,1,2,1,0,0,0,0,0,0,0,1,1,1,1,0,0,0,0,0,0,0,0,1,0,0,0,0,1,1,0,0,0,0,-0.00559977,-0.00555891,-0.0051070,-0.00542535,-0.00516857,sell
2021-05-05,2,0,0,1,0,1,1,1,0,0,0,0,0,0,0,0,1,1,0,1,0,0,1,1,0,0,0,0,1,0,0,0,0,0,1,0,0,0,0,-0.00849224,-0.00703054,-0.0084922,-0.00771365,-0.00785538,sell
2021-05-06,1,0,0,0,1,1,2,1,0,0,0,0,0,0,0,0,0,0,1,1,1,1,1,0,0,0,0,0,0,0,0,1,0,0,1,0,0,0,0, 0.00319481, 0.00156331, 0.0025447, 0.00142372, 0.00156331,buy
2021-05-07,1,0,0,0,1,3,1,2,0,0,0,0,0,0,0,1,1,0,1,1,1,1,1,0,0,0,0,0,0,0,0,1,0,0,1,0,0,0,0, 0.00337658, 0.00038356, 0.0027698,-0.00196453,-0.00220612,buy
2021-05-08,1,0,1,0,3,1,1,3,0,1,0,0,0,0,0,1,1,1,0,0,1,1,1,1,0,0,0,0,0,0,0,1,0,0,1,0,0,0,0, 0.00303191,-0.00179371,-0.0033099,-0.00179371, 0.00121816,buy
2021-05-09,0,1,0,0,4,0,1,3,0,1,0,0,0,0,1,1,1,0,1,1,0,1,0,1,0,0,0,0,0,0,0,1,0,0,0,0,0,0,0,-0.00162855,-0.00385585,-0.0001531,-0.00459846,-0.00390732,sell
2021-05-10,1,1,0,0,2,1,2,3,0,1,0,1,0,0,1,1,1,1,1,0,1,0,1,1,0,0,0,0,0,0,0,1,0,0,0,0,0,0,0,-0.00196598,-0.00072397, 0.0029166,-0.00142741, 0.00178691,buy
2021-05-11,1,1,0,0,2,0,3,1,0,1,0,1,1,0,1,0,0,1,1,0,1,1,1,0,0,0,1,0,0,0,0,0,0,0,0,0,0,0,0, 0.00457958,-0.00141171, 0.0039697, 0.00156603, 0.00459878,buy
2021-05-12,2,1,0,0,2,1,2,1,0,1,0,1,1,0,1,0,1,1,1,1,0,0,0,0,0,0,1,0,0,0,0,0,0,0,0,0,0,0,0,-0.00059258, 0.00166680, 0.0024594, 0.00235842, 0.00249305,buy
2021-05-13,2,2,0,0,3,0,1,1,0,1,0,1,1,0,0,0,0,1,0,1,1,0,1,1,0,0,1,0,0,0,0,0,0,0,0,0,0,0,0,-0.00036448,-0.00269541, 0.0022303,-0.00065332,-0.00269541,sell
2021-05-14,2,1,1,0,1,1,1,2,0,0,0,0,1,0,0,0,1,0,1,1,1,1,1,0,0,0,1,0,0,0,0,0,0,0,0,0,0,0,1, 0.00145128, 0.00139041, 0.0013904, 0.00148549,-0.00092641,buy
2021-05-15,2,1,0,0,0,1,3,1,0,0,0,0,0,0,0,0,1,0,0,0,1,1,1,1,0,0,1,1,0,0,0,0,0,0,0,0,0,0,1,-0.00260880,-0.00255679,-0.0031686,-0.00180276,-0.00452807,sell
2021-05-16,2,1,1,0,1,2,1,1,0,0,0,0,0,0,0,0,1,1,1,0,1,1,1,1,0,0,0,1,0,0,0,0,0,0,0,0,0,1,1, 0.00218082, 0.00142017, 0.0014202, 0.00138425, 0.00084493,buy
2021-05-17,2,1,1,1,1,1,1,1,0,0,0,0,0,0,0,0,1,0,1,1,0,1,0,1,0,0,0,1,0,0,0,0,0,0,1,0,0,1,1,-0.00092186,-0.00181059,-0.0018106,-0.00181059,-0.00514882,sell
2021-05-18,2,2,0,1,3,0,0,2,0,0,0,0,0,0,0,0,0,1,1,0,1,0,1,1,0,0,0,1,0,0,0,0,0,0,1,1,0,1,1,-0.00587292,-0.00507612,-0.0035453,-0.00507612,-0.00535722,sell
2021-05-19,2,1,2,1,1,2,0,2,0,0,0,0,0,0,0,0,1,1,1,1,0,1,0,0,1,1,0,1,0,0,0,0,0,0,1,1,0,1,0,-0.00306642,-0.00361755,-0.0034680,-0.00300530,-0.00347909,sell
2021-05-20,2,2,1,1,1,2,0,2,0,0,1,0,0,0,0,0,1,1,0,1,1,0,1,1,1,1,0,0,0,0,0,0,0,0,1,1,0,1,0,-0.00292367,-0.00176786,-0.0024518,-0.00245183,-0.00342298,sell
2021-05-21,2,2,1,1,1,1,1,2,0,0,1,0,0,0,0,0,0,1,1,1,2,0,1,0,1,1,0,0,0,0,0,0,1,0,0,1,0,0,0, 0.00194588, 0.00227728, 0.0022550, 0.00238598, 0.00205142,buy
2021-05-22,2,1,2,0,2,1,0,2,0,0,1,0,0,0,0,0,1,0,0,0,2,1,1,1,1,1,0,0,0,0,0,0,1,0,0,0,0,0,0,-0.00071005, 0.00248050,-0.0018738, 0.00222909, 0.00169904,buy
2021-05-23,1,2,2,0,1,2,0,4,0,0,1,0,0,0,0,0,1,1,1,1,1,1,1,1,1,1,0,0,0,0,0,0,1,0,0,0,0,0,0,-0.00496813, 0.00340783,-0.0088955, 0.00680789, 0.00330895,buy
2021-05-24,1,1,1,1,1,1,1,3,0,0,1,0,0,0,0,0,1,0,1,1,1,1,1,1,0,1,0,0,0,0,0,0,1,0,0,0,0,0,0, 0.00491899, 0.00714208, 0.0010899, 0.00567340, 0.00491899,buy
2021-05-25,2,0,0,1,1,1,1,2,0,0,1,0,0,0,0,0,0,1,1,1,1,0,1,0,0,1,0,0,0,0,0,0,1,0,0,0,0,0,0,-0.00123252,-0.00211271,-0.0019133,-0.00191334,-0.00271631,sell
2021-05-26,0,1,1,1,1,2,2,4,0,0,1,0,0,0,0,0,1,1,0,2,1,1,1,1,0,1,0,0,0,0,0,0,1,1,0,0,0,0,0, 0.00335481, 0.00389939, 0.0012832, 0.00396870, 0.00335481,buy
2021-05-27,0,1,2,0,2,3,1,4,0,0,1,0,0,0,0,0,0,1,1,2,2,0,2,1,0,1,0,0,0,0,0,0,1,1,0,0,0,0,0, 0.00314114, 0.00451614, 0.0045146, 0.00331909, 0.00451614,buy
2021-05-28,2,1,2,0,2,2,1,2,0,0,1,1,0,0,0,0,1,0,0,1,2,1,2,1,0,1,0,0,0,0,0,0,0,1,0,0,0,0,0, 0.00105649, 0.00349721, 0.0003757, 0.00233590, 0.00102217,buy
2021-05-29,2,2,2,1,1,3,1,2,0,0,1,1,0,0,0,0,1,1,1,1,1,1,1,2,0,1,0,0,0,0,0,0,0,1,1,0,0,1,0, 0.00201290, 0.00204009, 0.0034555, 0.00161960, 0.00261188,buy
2021-05-30,1,3,3,0,2,3,0,2,0,1,1,1,0,0,0,0,1,0,1,1,0,1,1,2,0,1,0,1,0,0,0,0,0,0,1,1,0,1,0,-0.00024184,-0.00260039,-0.0007084,-0.00102289,-0.00168328,sell
2021-05-31,1,2,4,0,3,2,0,2,0,1,1,1,0,0,0,0,0,1,1,0,1,1,1,1,0,1,0,1,0,1,0,0,0,0,1,1,0,1,0,-0.00082925,-0.00153826,-0.0021085,-0.00153826,-0.00131219,sell
2021-06-01,1,3,3,0,4,1,0,2,0,1,1,1,0,0,0,0,1,2,1,1,0,0,0,0,0,0,0,1,1,1,1,0,0,0,1,1,0,1,0,-0.00071335,-0.00224527,-0.0010322,-0.00265892,-0.00231841,sell
2021-06-02,2,3,0,1,3,2,1,3,0,1,1,0,0,0,0,0,0,1,0,1,1,1,1,1,0,0,0,1,1,1,1,1,0,0,0,1,0,1,0,-0.00127664,-0.00233517,-0.0000168,-0.00185878,-0.00236559,sell
2021-06-03,3,1,0,0,3,2,1,2,0,1,1,0,0,0,0,0,1,1,1,1,1,0,1,0,0,0,0,1,1,1,1,1,0,0,0,0,0,0,0, 0.00059622, 0.00068972, 0.0003906, 0.00059622,-0.00020238,buy
2021-06-04,2,0,1,0,4,0,2,2,0,1,1,0,0,0,0,0,1,0,0,0,1,1,1,1,0,0,0,0,1,1,1,1,0,0,0,0,0,0,0, 0.00319434, 0.00232450, 0.0028741, 0.00232450, 0.00067031,buy
2021-06-05,2,0,1,0,2,1,2,4,0,0,1,0,0,0,0,0,1,1,1,1,1,1,0,1,0,0,0,0,1,1,1,1,0,0,0,0,0,0,0, 0.00018594, 0.00087040, 0.0006931, 0.00025380, 0.00069307,buy
2021-06-06,0,1,0,0,0,2,1,4,0,0,1,0,0,0,0,0,1,1,1,1,0,1,0,1,0,0,0,0,0,0,1,0,0,0,0,0,0,0,0,-0.00413861, 0.00096066,-0.0034917,-0.00071018, 0.00042437,buy
2021-06-07,1,0,0,0,1,1,0,3,0,0,1,0,0,0,0,0,0,0,1,0,1,1,1,1,0,0,0,0,0,0,1,0,0,0,0,0,0,0,0,-0.00384522,-0.00261937,-0.0032745,-0.00221293,-0.00407310,sell
2021-06-08,1,0,0,0,0,0,2,2,0,0,1,0,0,0,0,0,1,1,1,1,0,0,0,0,0,0,0,0,0,0,0,0,0,0,0,0,0,0,0,-0.00362429,-0.00156743,-0.0028813,-0.00175711,-0.00153551,sell
2021-06-09,1,1,0,0,1,1,0,3,0,0,1,0,0,1,0,0,1,1,0,1,1,0,1,1,0,0,0,0,0,0,0,0,0,0,0,0,0,0,0, 0.00061262,-0.00128103,-0.0023481, 0.00056720,-0.00234810,sell
2021-06-10,1,0,1,0,1,1,0,2,0,0,0,0,0,1,0,0,0,1,1,1,1,1,1,1,0,0,0,0,0,0,0,0,0,0,0,0,0,0,0, 0.00378109, 0.00403755, 0.0038025, 0.00388604, 0.00324814,buy
2021-06-11,1,1,2,0,1,1,1,1,0,0,0,0,0,1,0,0,1,1,0,1,1,0,1,0,0,0,1,0,0,0,0,0,0,0,0,1,0,1,0, 0.00156827, 0.00154653, 0.0015900, 0.00234372,-0.00199001,buy
2021-06-12,0,1,2,0,0,0,3,1,0,0,0,0,0,1,0,0,1,0,0,0,1,0,1,1,0,0,1,0,0,0,0,0,0,0,0,1,0,1,0,-0.00292856,-0.00276981,-0.0028217,-0.00167551,-0.00294093,sell
2021-06-13,1,0,2,1,1,1,1,1,0,0,0,0,0,0,0,0,1,1,1,1,0,1,0,1,0,0,1,0,0,0,0,0,0,0,0,1,0,1,0, 0.00349826, 0.00033419,-0.0016952, 0.00027060, 0.00207972,buy
2021-06-14,0,2,2,1,0,3,2,3,0,1,0,0,0,0,0,1,1,1,1,0,1,1,1,1,0,0,1,0,0,0,0,1,0,0,0,1,0,1,1, 0.00015679,-0.00004280, 0.0004458, 0.00011233, 0.00066806,buy
2021-06-15,0,1,3,0,1,1,2,2,0,1,0,0,0,0,0,1,0,0,1,1,0,1,0,1,0,0,1,1,0,0,0,1,0,0,0,0,0,0,1, 0.00414513, 0.00454751, 0.0041451, 0.00309031, 0.00414513,buy
2021-06-16,0,2,1,1,1,1,1,2,0,1,0,0,0,0,0,1,1,1,0,1,0,0,0,0,0,0,1,1,0,0,0,1,0,0,0,0,0,0,1,-0.00106346, 0.00014085,-0.0010635,-0.00091026,-0.00106346,buy
2021-06-17,2,3,2,1,0,3,1,1,0,1,0,0,0,0,0,1,0,1,1,2,1,0,1,1,0,0,0,1,1,1,0,1,0,0,0,0,0,0,1,-0.00351642,-0.00385965,-0.0045300,-0.00351642,-0.00082348,sell
2021-06-18,1,4,2,1,0,2,2,2,0,1,0,0,0,0,0,1,1,1,1,1,1,1,1,0,0,0,0,1,1,1,0,1,0,0,0,0,0,0,1,-0.00010205,-0.00010205,-0.0004268,-0.00010205, 0.00195482,buy
2021-06-19,2,2,3,0,1,1,1,1,0,0,0,0,0,0,0,1,1,0,1,0,1,0,1,1,0,0,0,1,1,1,0,0,0,1,0,0,0,0,1,-0.00561058,-0.00556635,-0.0059778,-0.00561058,-0.00456886,sell
2021-06-20,3,2,1,0,0,2,0,2,0,0,0,0,0,0,0,0,1,1,2,1,0,1,0,1,0,0,0,0,1,1,0,0,0,1,0,0,0,0,0, 0.00027275, 0.00239275, 0.0003624,-0.00042790,-0.00020720,buy
2021-06-21,3,3,0,1,0,1,1,2,0,0,0,0,0,0,0,0,0,1,2,0,1,1,1,1,1,0,0,0,1,1,0,0,0,1,0,0,0,0,0, 0.00777413, 0.00565859, 0.0063038, 0.00649358, 0.00131062,buy
2021-06-22,4,0,1,1,0,0,1,1,0,0,0,0,0,0,0,0,1,1,1,1,0,1,0,0,1,0,0,0,0,0,0,0,0,1,1,0,0,0,0, 0.00031675, 0.00216817, 0.0004528, 0.00046315, 0.00045276,buy
2021-06-23,3,1,1,1,0,1,1,2,0,0,0,0,0,0,0,0,0,2,1,1,1,0,1,1,1,0,0,0,0,0,0,0,0,1,1,0,0,0,0,-0.00153113,-0.00047160,-0.0017614,-0.00147939,-0.00176135,sell
2021-06-24,1,2,0,2,1,1,1,2,0,0,0,0,0,0,0,0,1,1,1,1,1,1,1,1,1,0,0,0,0,0,0,0,0,0,1,0,0,0,0,-0.00908078,-0.00431750,-0.0043997,-0.00498597,-0.00516874,sell
2021-06-25,3,0,1,1,1,1,0,0,0,0,0,0,0,0,0,0,1,1,0,0,1,0,1,1,1,0,0,0,0,0,0,0,0,0,1,0,0,0,0, 0.00073723, 0.00073977,-0.0003002, 0.00073723, 0.00072335,buy
2021-06-26,1,1,1,0,1,0,1,0,0,0,0,0,0,0,0,0,1,0,1,1,0,1,0,2,0,0,0,0,0,0,0,0,0,0,0,0,0,0,0,-0.00245456,-0.00073710,-0.0000537,-0.00252598,-0.00073710,buy
2021-06-27,0,1,2,1,0,1,0,1,0,0,0,0,0,0,0,0,0,1,1,0,1,1,1,1,0,0,0,0,0,0,0,1,0,0,0,0,0,0,0,-0.00207398,-0.00733320,-0.0043775,-0.00351971,-0.00565464,sell
2021-06-28,0,1,2,0,2,0,0,0,0,0,0,0,0,0,0,0,1,0,1,1,0,1,0,1,0,0,0,0,0,0,0,1,0,0,0,0,0,0,0,-0.00602375,-0.00677561,-0.0047386,-0.00677561,-0.00677561,sell
2021-06-29,1,0,2,0,1,1,1,0,0,0,0,0,0,0,0,0,1,1,0,1,1,1,1,0,0,0,0,0,0,0,0,1,0,0,0,0,0,0,0, 0.00209881, 0.00191601, 0.0019879, 0.00285959, 0.00261198,buy
2021-06-30,0,1,1,1,0,2,1,0,0,0,0,0,0,0,0,0,0,1,1,1,1,0,1,1,0,0,0,0,0,0,0,1,0,0,0,0,0,0,0, 0.00241849, 0.00327431, 0.0063041, 0.00277302, 0.00211357,buy
2021-07-01,1,0,0,0,1,2,1,1,0,0,0,0,0,0,0,0,1,1,0,0,2,1,1,0,0,0,0,0,0,0,0,0,0,0,0,0,0,0,0,-0.00664076,-0.00585796,-0.0066408,-0.00403460,-0.00679425,sell
2021-07-02,1,1,2,0,3,2,1,1,0,0,0,0,0,0,0,0,1,1,1,0,1,1,1,1,0,1,0,0,1,0,0,0,0,1,0,0,0,0,1, 0.00506618, 0.00583705, 0.0059906, 0.00596791, 0.00392365,buy
2021-07-03,0,1,2,0,2,1,2,1,0,0,0,0,0,0,0,0,1,0,1,1,0,0,0,1,0,1,0,0,1,1,0,0,0,1,0,0,0,0,1,-0.00747641,-0.00747641,-0.0072193,-0.00069009,-0.00747641,sell
2021-07-04,0,2,1,0,1,2,2,3,0,0,1,0,0,0,0,0,0,1,1,0,1,1,1,1,0,1,0,0,1,1,0,0,0,1,0,0,0,0,1, 0.00558750, 0.00623721, 0.0000110, 0.00623721, 0.00623721,buy
2021-07-05,2,1,1,1,1,2,2,2,0,0,1,0,0,0,0,1,0,0,1,1,0,1,0,1,0,1,0,0,1,1,0,0,0,1,0,1,0,0,1,-0.00012535, 0.00153347, 0.0001263,-0.00133012,-0.00135115,buy
2021-07-06,1,2,1,1,1,2,1,3,0,0,1,1,0,0,0,1,1,0,0,1,1,1,0,0,1,1,0,0,0,1,0,0,0,0,0,1,0,0,1, 0.00199043, 0.00204536, 0.0019693, 0.00200269, 0.00186873,buy
2021-07-07,1,3,1,1,3,1,2,4,0,0,1,1,1,0,0,1,0,1,1,1,1,1,1,0,1,1,0,0,0,1,0,0,0,0,0,1,0,1,1, 0.00559173, 0.00115173, 0.0012117, 0.00171380, 0.00094644,buy
2021-07-08,1,3,2,1,1,2,0,5,0,0,1,1,1,0,0,1,1,1,1,1,1,0,1,1,1,1,0,0,0,0,0,0,0,0,0,1,0,1,0,-0.00189888,-0.00230783,-0.0033787,-0.00296806,-0.00189888,sell
2021-07-09,0,3,2,0,2,1,1,2,0,0,0,1,1,0,1,1,1,1,0,0,1,1,1,0,1,1,0,0,0,0,0,0,0,0,0,0,0,1,0,-0.00343424,-0.00394863,-0.0037589,-0.00028578,-0.00351355,sell
2021-07-10,1,3,1,1,2,1,1,2,0,0,0,1,1,0,1,1,1,1,1,1,0,1,0,1,1,1,0,0,0,0,0,0,1,0,0,0,0,1,0,-0.00654607, 0.00065875,-0.0061108, 0.00154630,-0.00611076,sell
2021-07-11,1,1,1,1,2,2,0,0,1,0,0,0,0,0,1,0,1,0,1,0,1,0,0,1,0,1,0,0,0,0,0,0,1,0,0,0,1,0,0,-0.00530445,-0.00756889,-0.0073305,-0.00442716,-0.00733048,sell
2021-07-12,1,0,2,1,3,2,0,1,1,0,0,0,0,0,1,0,0,1,1,1,1,1,1,1,0,1,0,0,0,0,0,0,1,0,0,0,1,0,0,-0.00524171,-0.00339381,-0.0029639,-0.00315722,-0.00353658,sell
2021-07-13,2,0,1,1,3,2,0,0,1,1,0,0,0,0,0,0,1,0,0,1,0,1,0,1,0,1,1,0,0,0,0,0,1,0,0,0,1,0,0,-0.00425181,-0.00314071,-0.0031777,-0.00317773,-0.00340970,sell
2021-07-14,3,1,2,1,3,2,1,0,1,1,0,0,0,0,0,0,0,1,1,1,1,2,1,0,0,1,1,0,0,0,0,0,1,1,0,0,1,0,0,-0.00359322,-0.00337640,-0.0036799,-0.00427174,-0.00349121,sell
2021-07-15,2,2,2,2,2,2,1,0,0,1,0,0,0,0,0,0,1,2,1,1,1,1,1,1,0,0,1,1,0,0,0,0,1,1,0,0,1,0,0,-0.00340460,-0.00212789,-0.0014174,-0.00141742,-0.00005374,sell
2021-07-16,2,1,3,1,1,2,0,0,0,1,0,0,0,0,0,0,1,1,0,0,1,0,1,0,0,0,1,1,0,0,0,0,1,1,1,0,1,0,0,-0.00468968,-0.00106990,-0.0001333,-0.00138045,-0.00045545,buy
2021-07-17,2,0,4,1,2,1,1,2,0,1,0,0,1,0,0,0,1,1,1,1,0,1,0,1,0,0,1,1,0,0,0,0,1,1,1,0,1,0,0,-0.00207953, 0.00026681,-0.0025488,-0.00204333,-0.00204157,sell
2021-07-18,0,1,2,2,1,1,0,1,0,0,0,0,1,0,0,0,0,0,1,0,1,0,1,1,0,0,0,1,0,0,0,0,0,0,1,0,1,0,0,-0.00674252,-0.00674252,-0.0034301,-0.00684452,-0.00665245,sell
2021-07-19,2,0,2,1,1,0,3,2,0,0,0,0,1,0,1,0,1,1,1,1,0,1,0,1,0,0,0,1,0,0,0,0,0,0,1,0,1,0,0,-0.00068680,-0.00076491,-0.0015961,-0.00041555,-0.00161907,sell
2021-07-20,0,2,1,0,2,1,3,1,1,0,0,0,0,0,1,0,1,0,0,1,1,1,1,1,0,0,0,0,0,0,0,0,0,0,0,0,1,0,1,-0.00941035,-0.00941035,-0.0094103,-0.00674363,-0.01045080,sell
2021-07-21,1,2,3,1,3,1,3,2,1,0,0,0,0,0,1,0,1,1,1,1,1,1,2,1,1,0,0,0,0,0,1,1,0,0,0,0,1,0,1,-0.00524930,-0.00116705,-0.0052543,-0.00525432, 0.00129035,sell
2021-07-22,1,3,2,1,3,1,2,1,1,0,0,0,0,0,0,0,2,1,0,0,1,1,2,1,1,0,0,0,0,0,1,1,0,0,0,0,1,0,1, 0.00398364, 0.00431183, 0.0039711, 0.00434883, 0.00431183,buy
2021-07-23,2,0,2,1,3,1,2,0,0,0,1,0,0,0,0,0,2,1,1,1,0,0,1,0,1,0,0,0,0,0,1,1,0,0,0,0,1,0,1, 0.00418808, 0.00116111, 0.0032806, 0.00418808, 0.00417771,buy
2021-07-24,2,0,1,3,3,1,1,1,0,0,1,1,0,0,0,0,1,0,1,0,1,1,1,1,1,0,0,0,0,0,1,1,0,0,0,0,1,0,1,-0.01005044,-0.00717877,-0.0062691,-0.00671908,-0.00707235,sell
2021-07-25,1,1,1,2,5,0,1,1,0,1,1,1,0,0,0,0,0,1,1,1,0,0,1,1,1,0,0,0,0,0,1,0,0,0,0,0,1,0,1, 0.00254330, 0.00097114, 0.0019977, 0.00097114, 0.00178575,buy
2021-07-26,0,0,2,2,4,1,1,0,0,1,0,1,0,0,0,0,1,1,0,1,1,1,0,1,0,0,0,0,0,0,1,0,0,0,0,0,1,0,1, 0.00032594,-0.00521999, 0.0031342,-0.00452345,-0.00433324,sell
2021-07-27,0,1,1,0,3,2,3,0,1,1,0,0,0,0,0,0,0,0,1,2,2,1,1,0,0,0,0,0,0,0,1,0,0,0,0,0,1,0,0, 0.00267115, 0.00378858, 0.0041077, 0.00242978, 0.00129413,buy
2021-07-28,1,2,2,1,2,2,2,0,1,1,0,0,0,0,0,0,1,1,1,1,1,1,1,1,0,0,1,0,0,0,1,0,0,0,1,0,0,0,0,-0.00044041,-0.00011289,-0.0001676, 0.00067107, 0.00089384,buy
2021-07-29,1,3,1,0,1,1,3,0,0,0,0,0,0,0,0,1,1,1,0,0,1,1,1,0,0,0,1,0,0,0,1,0,0,0,1,1,0,0,0, 0.00023764,-0.00110371, 0.0020252,-0.00037766,-0.00333142,sell
2021-07-30,1,3,1,0,1,0,2,1,0,0,1,0,0,1,0,1,1,1,1,1,0,0,0,0,0,0,1,0,0,0,0,0,0,0,1,1,0,0,0,-0.00247836,-0.00497487,-0.0049749,-0.00407278,-0.00152700,sell
2021-07-31,1,3,2,1,0,1,1,2,0,0,1,0,0,1,0,1,0,1,1,0,1,1,1,1,0,0,1,0,1,0,0,0,0,0,1,1,0,0,0,-0.00140605,-0.00154885,-0.0033078,-0.00483908, 0.00409254,sell
2021-08-01,2,4,1,2,0,0,1,0,0,0,1,0,1,1,0,0,0,0,1,1,0,0,1,1,0,0,1,0,1,0,0,0,0,0,1,1,0,1,0,-0.00210436,-0.00099500,-0.0010467,-0.00224516,-0.00283453,sell
2021-08-02,3,0,0,2,0,0,0,2,0,0,0,0,1,1,0,0,1,1,0,1,0,0,0,1,0,0,0,0,1,0,0,0,0,0,0,0,0,1,0, 0.00021008, 0.00033156,-0.0003563, 0.00026297,-0.00000737,buy
2021-08-03,3,1,0,1,1,0,1,1,0,0,0,0,0,1,1,0,0,0,0,1,1,1,1,1,0,0,0,0,1,0,0,0,0,0,0,0,0,1,0,-0.00134557,-0.00095508,-0.0011739,-0.00183346,-0.00126964,sell
2021-08-04,2,1,1,1,0,2,0,3,0,0,0,0,0,0,1,0,1,0,1,1,1,1,1,0,0,0,0,0,1,1,0,0,0,0,0,0,0,1,0,-0.00075914,-0.00108281,-0.0007591, 0.00011032,-0.00814716,sell
2021-08-05,0,1,1,0,1,1,2,3,0,0,0,0,0,0,1,0,1,1,0,0,1,1,2,1,0,0,0,0,0,1,0,0,0,0,0,0,0,0,0,-0.00543764,-0.00523519,-0.0057383,-0.00087353,-0.00703605,sell
2021-08-06,1,1,0,1,1,1,1,1,0,0,0,0,0,0,0,0,1,1,1,1,0,1,1,0,0,0,0,0,0,1,0,0,0,0,0,0,0,0,0, 0.00333642, 0.00314635, 0.0027305, 0.00150580, 0.00138327,buy
2021-08-07,0,1,2,2,1,1,1,1,0,0,1,0,0,0,0,1,1,1,1,1,1,0,0,1,0,0,0,0,0,1,0,0,0,0,0,0,0,0,0,-0.00239952,-0.00206899,-0.0024312,-0.00165801,-0.00253774,sell
2021-08-08,0,1,3,2,0,1,1,2,0,0,1,1,0,0,0,1,0,0,2,0,1,1,1,1,0,0,0,0,0,1,0,0,0,1,0,0,0,0,0,-0.00661616,-0.00836725,-0.0004613,-0.00836725,-0.00640288,sell
2021-08-09,0,1,4,2,0,2,0,1,0,0,1,1,0,0,0,1,1,0,1,1,0,0,0,1,0,0,0,0,0,1,0,0,0,1,0,1,0,0,0,-0.00640103,-0.00547512,-0.0034188,-0.00547512,-0.00525393,sell
2021-08-10,2,2,2,2,2,1,0,0,1,0,0,1,0,0,0,1,0,1,0,1,1,1,1,1,0,0,0,0,0,0,0,0,0,1,1,1,0,0,0, 0.00458926, 0.00311895, 0.0031190, 0.00311895, 0.00172417,buy
2021-08-11,2,3,1,3,1,0,0,0,1,0,0,0,0,0,0,0,1,0,1,1,1,1,1,0,0,0,0,0,0,0,0,0,0,1,1,1,0,0,0,-0.00150414,-0.00102878,-0.0018424,-0.00102878,-0.00184235,sell
2021-08-12,2,2,2,1,1,1,0,0,1,0,0,0,0,0,0,0,1,1,0,0,1,1,1,1,0,0,0,0,0,0,0,1,0,0,1,1,0,0,0,-0.00743625,-0.00290477,-0.0027386,-0.00132885,-0.00273861,sell
2021-08-13,2,1,4,0,0,1,1,1,0,0,0,0,0,0,0,0,1,1,1,1,0,1,1,0,0,0,1,0,0,0,0,1,0,0,1,1,0,0,0, 0.00431691, 0.00668628, 0.0040590, 0.00405903, 0.00011098,buy
2021-08-14,1,2,2,1,1,0,1,1,0,0,0,0,0,0,0,0,1,1,1,0,1,0,1,1,0,0,1,0,0,0,0,1,0,0,0,0,0,1,0, 0.00130263, 0.00022324, 0.0021543, 0.00204868, 0.00215434,buy
2021-08-15,1,1,4,1,0,1,1,2,0,0,0,0,1,0,0,0,1,0,1,1,0,1,1,1,0,0,1,1,0,0,0,1,0,0,0,0,0,1,0,-0.00338569,-0.00277801,-0.0033857,-0.00264017,-0.00269122,sell
2021-08-16,0,2,3,0,0,2,2,2,0,0,0,1,1,0,0,0,1,1,0,1,1,0,0,2,0,0,1,1,0,0,0,0,0,0,0,0,0,1,0, 0.00326209, 0.00210863, 0.0036181, 0.00309174, 0.00385838,buy
2021-08-17,1,2,4,0,1,1,2,2,0,1,0,1,1,0,0,0,1,1,1,1,1,1,1,1,0,0,1,1,0,0,0,0,0,0,0,0,0,1,0,-0.00442237,-0.00213045,-0.0030098,-0.00128579,-0.00538404,sell
2021-08-18,1,3,2,1,3,0,1,0,0,1,0,1,1,0,0,1,1,0,0,1,1,2,1,0,1,0,0,1,0,0,0,0,0,0,0,0,0,0,0, 0.00392659,-0.00152314,-0.0000217, 0.00306765, 0.00363112,buy
2021-08-19,3,1,1,1,2,1,1,1,0,1,0,0,0,0,1,1,1,1,1,1,1,1,1,1,1,0,0,1,0,0,0,0,0,0,0,0,0,0,0, 0.00596019, 0.00598250, 0.0026836, 0.00489755, 0.00574861,buy
2021-08-20,1,1,1,1,2,2,0,0,0,1,0,0,0,0,1,1,1,1,1,1,1,1,0,0,1,0,0,0,0,0,1,0,0,0,0,0,0,0,0, 0.00498259, 0.00515920, 0.0056354, 0.00454421, 0.00464028,buy
2021-08-21,3,0,1,1,2,2,0,1,0,1,0,0,0,0,1,1,0,1,2,0,1,0,1,1,1,0,0,0,0,0,1,0,0,0,0,1,0,0,0,-0.00410030,-0.00465023,-0.0018349,-0.00578291,-0.00252153,sell
2021-08-22,1,1,0,1,2,1,0,0,0,0,0,0,0,0,0,0,1,0,1,1,0,1,0,1,0,0,0,0,0,0,1,0,0,0,0,1,0,0,0,-0.00420260,-0.00663927,-0.0058879,-0.00693255,-0.00462064,sell
2021-08-23,1,0,1,2,1,2,1,0,0,0,1,0,0,0,0,0,0,1,0,1,1,0,1,1,0,0,0,0,0,0,1,0,0,0,0,1,0,0,0, 0.00169594, 0.00003903,-0.0000556, 0.00236445, 0.00236445,buy
2021-08-24,1,2,1,1,1,3,1,0,0,0,1,0,1,0,0,0,1,0,1,1,1,1,1,0,0,0,0,0,0,0,1,1,0,0,0,1,0,0,0,-0.00126824,-0.00142456,-0.0003050,-0.00155853,-0.00484012,sell
2021-08-25,2,2,1,1,1,2,1,0,0,0,1,1,1,0,0,0,1,0,0,0,1,1,1,0,0,0,0,0,0,0,1,1,0,0,0,1,0,0,0,-0.00087779, 0.00195738, 0.0020293, 0.00195738, 0.00195738,buy
2021-08-26,1,3,2,2,2,1,1,1,1,0,1,1,1,0,0,0,1,1,1,1,0,1,1,1,0,0,0,0,0,0,1,1,0,0,0,0,0,0,0, 0.00058323, 0.00005827,-0.0008673, 0.00384081,-0.00171520,buy
2021-08-27,2,3,2,0,0,2,1,1,1,0,0,1,1,0,0,0,1,1,1,0,1,1,0,0,0,0,0,0,0,0,1,1,0,0,0,0,0,1,0,-0.00433315,-0.00425832,-0.0042820,-0.00425832,-0.00282207,sell
2021-08-28,1,1,3,0,0,1,1,1,1,0,0,0,0,0,1,0,0,1,1,0,1,0,1,1,0,0,0,0,0,0,1,0,0,0,0,0,0,1,0,-0.00086113,-0.00129657,-0.0005954,-0.00129657,-0.00116223,sell
2021-08-29,1,2,2,0,0,0,1,1,0,0,0,0,0,0,1,0,1,0,1,1,0,0,0,1,0,0,0,0,1,0,0,0,0,0,0,0,0,1,0,-0.00383975,-0.00447962,-0.0045919,-0.00311387,-0.00470994,sell
2021-08-30,1,4,2,0,1,0,0,1,0,0,0,0,0,0,1,0,0,0,0,1,1,1,1,1,0,0,0,1,1,0,0,0,0,0,0,0,0,1,0,-0.00575716,-0.00544865,-0.0054487,-0.00490161,-0.00532178,sell
2021-08-31,2,3,2,0,1,0,0,2,0,0,0,0,0,0,1,0,1,1,1,1,1,0,1,1,0,0,0,1,1,0,0,0,0,0,0,0,0,0,1,-0.00727373,-0.00723127,-0.0072737,-0.00365137,-0.00753350,sell
2021-09-01,1,2,2,0,1,1,1,0,0,0,0,0,0,0,0,0,2,0,0,0,1,1,1,0,0,0,0,1,1,0,0,0,1,0,0,0,0,0,1, 0.00388582, 0.00171488,-0.0050879,-0.00508789,-0.00587350,sell
2021-09-02,1,2,3,0,1,0,3,1,0,0,0,0,0,0,0,0,1,1,1,0,1,1,1,1,0,0,0,1,1,0,0,0,1,1,0,0,0,0,1, 0.00034741,-0.00437208,-0.0014272,-0.00067796,-0.00204007,sell
2021-09-03,2,1,2,1,1,1,1,1,0,0,0,0,1,0,0,0,1,1,1,1,0,1,0,1,0,0,0,1,0,0,0,0,1,1,0,0,0,0,1,-0.00677862,-0.00405218,-0.0035639, 0.00415040,-0.00598639,sell
2021-09-04,1,1,1,1,2,1,0,2,0,0,0,0,1,0,0,0,0,1,1,0,1,1,1,0,0,0,0,0,0,0,0,0,1,1,1,0,0,0,1,-0.00074129,-0.00201774,-0.0013024, 0.00155411,-0.00606442,sell
2021-09-05,3,1,3,1,2,0,1,1,1,0,0,0,1,0,0,0,1,1,1,1,0,0,0,1,0,0,0,0,0,1,0,1,1,1,1,0,0,0,1, 0.00073067,-0.00003457,-0.0029404, 0.00073067,-0.00045831,buy
2021-09-06,4,2,1,0,1,1,0,1,1,0,0,0,1,0,0,0,0,0,0,1,1,1,1,1,0,0,0,0,0,1,0,1,1,0,1,0,0,0,1, 0.00118891, 0.00550432, 0.0047539, 0.00107210, 0.00327530,buy
2021-09-07,4,2,1,1,2,0,0,1,1,0,0,0,0,0,0,0,1,1,1,1,1,1,1,1,0,0,0,0,0,1,0,1,1,0,1,0,0,0,0, 0.00247941, 0.00272425, 0.0022562, 0.00164600, 0.00244235,buy
2021-09-08,3,3,1,0,1,0,0,0,1,0,0,0,0,0,1,0,1,0,0,0,1,0,1,0,0,0,0,0,0,1,0,1,1,0,0,0,0,0,0,-0.00854972,-0.00867261,-0.0085382,-0.00854972,-0.00837687,sell
2021-09-09,2,0,3,0,3,0,0,1,0,0,0,0,0,0,1,0,1,1,1,1,0,1,1,1,0,0,0,0,0,1,0,0,1,0,0,0,0,0,0,-0.00454353,-0.00528049,-0.0026487,-0.00550340,-0.00482413,sell
2021-09-10,1,1,1,0,1,1,0,2,0,0,0,0,0,0,1,0,1,1,1,1,1,1,0,1,0,0,0,0,0,0,0,0,0,0,0,0,0,0,0,-0.00061487,-0.00160548,-0.0006770,-0.00160548,-0.00161713,sell
2021-09-11,1,0,1,1,1,1,2,1,0,0,0,0,0,0,1,0,1,1,1,1,0,1,1,1,0,0,0,0,0,0,0,0,0,0,0,0,0,0,0, 0.00506594, 0.00496551, 0.0017599, 0.00247999, 0.00462197,buy
2021-09-12,0,0,1,1,1,1,3,1,0,0,0,0,0,0,1,0,1,1,0,2,1,0,0,1,0,0,1,0,0,0,0,0,0,0,0,0,0,0,0, 0.00139757, 0.00140996, 0.0016810, 0.00109036, 0.00177714,buy
2021-09-13,0,1,1,1,1,3,2,2,0,0,0,0,0,0,0,0,1,0,1,2,2,1,1,1,0,0,1,0,1,0,0,0,0,0,0,0,0,0,0,-0.00363401, 0.00318747,-0.0035733, 0.00286076,-0.00452388,sell
2021-09-14,0,2,1,1,2,1,2,3,0,0,0,0,0,0,0,0,1,1,1,1,2,1,1,1,1,0,1,0,1,0,0,0,0,0,0,0,0,0,0,-0.00673400, 0.00002827,-0.0026325,-0.00042750,-0.00265532,sell
2021-09-15,2,2,2,1,1,1,1,1,0,0,1,0,0,0,0,0,1,0,1,0,1,0,1,0,1,0,1,1,1,0,0,0,0,1,0,1,0,0,0, 0.00117176, 0.00104299, 0.0015557, 0.00168228, 0.00087330,buy
2021-09-16,3,2,2,1,1,0,1,2,0,0,1,0,0,0,0,0,1,1,1,1,0,1,0,1,1,0,1,1,1,0,0,0,0,1,0,1,0,0,0, 0.00429311, 0.00259366, 0.0028769, 0.00435079, 0.00261407,buy
2021-09-17,1,4,2,0,0,1,0,2,0,0,1,0,0,0,0,0,0,1,1,0,1,1,1,0,1,0,0,1,1,0,0,0,0,1,0,1,0,0,0,-0.00504865,-0.00404560,-0.0040624,-0.00436394,-0.00406762,sell
2021-09-18,3,2,4,0,2,1,0,1,1,0,1,0,0,0,0,0,1,2,1,1,0,1,0,1,1,0,0,1,0,0,0,0,0,1,0,1,1,0,0,-0.00014914, 0.00091773, 0.0026721, 0.00111217, 0.00191786,buy
2021-09-19,2,1,2,0,1,2,1,1,1,0,1,1,0,0,0,0,0,1,0,1,1,0,1,1,0,0,0,1,0,0,0,0,0,0,0,0,1,0,0,-0.00522839,-0.00458666,-0.0047812,-0.00098398,-0.00427115,sell
2021-09-20,1,2,1,1,2,3,2,1,1,0,1,1,0,0,0,0,1,0,1,1,1,1,2,1,0,0,0,0,0,1,1,0,0,0,0,0,1,0,0,-0.00061571,-0.00105006,-0.0003148,-0.00196509,-0.00117833,buy
2021-09-21,1,1,2,3,1,3,1,1,1,0,1,1,0,0,0,0,1,1,0,0,1,1,1,1,0,0,0,0,0,1,1,0,0,0,0,0,1,1,0,-0.00315928,-0.00298229,-0.0043144,-0.00332383,-0.00135307,sell
2021-09-22,1,1,0,1,3,1,1,2,1,0,0,1,0,0,0,0,1,0,1,1,0,0,1,0,0,0,0,0,0,1,1,0,0,0,0,0,1,1,0,-0.00208916,-0.00208284,-0.0031311,-0.00145511,-0.00160559,sell
2021-09-23,1,1,2,2,2,2,1,3,1,0,0,1,0,0,0,0,1,1,2,1,1,1,0,1,0,0,0,0,0,1,1,0,0,0,0,0,1,1,0, 0.00500689, 0.00429535, 0.0045799, 0.00054832, 0.00399367,buy
2021-09-24,1,2,1,1,1,2,0,2,1,0,0,1,0,0,0,0,0,1,1,0,1,1,1,0,0,0,0,0,0,1,1,0,0,0,0,0,1,1,0,-0.00787778,-0.00716353,-0.0041446,-0.00635179,-0.00703579,sell
2021-09-25,2,2,0,1,1,1,1,2,1,0,0,1,0,0,0,0,1,1,1,1,0,1,0,0,0,0,0,0,0,0,1,0,0,0,0,0,1,1,0,-0.00374905,-0.00782441,-0.0078244,-0.00745982,-0.00716514,sell
2021-09-26,3,1,1,0,1,1,0,1,0,0,0,1,0,0,0,0,0,1,0,1,1,1,0,1,0,0,0,0,0,0,1,0,0,0,0,0,1,0,0,-0.00593387,-0.00593387,-0.0042005,-0.00748475,-0.00748475,sell
2021-09-27,3,2,1,0,2,1,0,2,0,0,0,1,0,0,0,0,1,0,1,1,1,0,1,1,0,0,0,0,1,0,1,0,0,1,0,0,1,0,0,-0.00129933,-0.00129933,-0.0003964, 0.00030865, 0.00163562,buy
2021-09-28,4,2,1,0,1,2,0,3,0,0,0,1,0,0,0,0,1,0,1,1,1,1,1,1,1,0,0,0,1,0,1,0,0,1,0,0,1,0,0,-0.00027002, 0.00050234, 0.0032646, 0.00092901,-0.00003803,buy
2021-09-29,3,2,1,0,1,1,1,4,0,0,0,1,0,0,0,0,1,1,0,0,1,1,1,1,1,0,0,0,1,0,1,1,0,1,0,0,1,0,0,-0.00072643,-0.00114248,-0.0004903,-0.00057677,-0.00049034,sell
2021-09-30,4,1,1,1,0,1,1,2,1,0,0,1,0,0,0,0,1,0,1,1,0,0,0,0,1,0,0,0,1,0,0,1,0,1,1,0,1,0,0, 0.00499815,-0.00203173, 0.0014258, 0.00146269, 0.00156887,buy
2021-10-01,3,2,0,1,0,1,3,3,1,0,0,1,0,0,0,0,0,1,1,0,1,1,0,1,1,0,0,0,1,0,0,1,0,1,1,0,1,0,0,-0.00178981,-0.00096367,-0.0014045, 0.00045719,-0.00077837,buy
2021-10-02,1,1,2,1,0,3,2,3,1,0,0,1,0,0,0,0,1,1,1,1,0,1,1,0,1,1,0,0,0,0,0,1,1,0,1,0,1,0,0,-0.00259346, 0.00033258,-0.0042963,-0.00340241,-0.00343885,sell
2021-10-03,1,1,3,0,0,4,2,1,1,0,1,1,0,0,0,0,0,1,0,2,1,1,0,1,0,1,0,0,0,0,0,0,1,0,1,0,1,0,0,-0.00045386, 0.00121034, 0.0036752,-0.00066971, 0.00294767,buy
2021-10-04,2,2,3,1,2,3,2,1,1,0,1,1,0,0,0,0,1,1,1,1,2,1,1,2,0,1,0,0,0,0,0,0,1,0,1,0,1,0,0,-0.00068737,-0.00016915,-0.0006874,-0.00068737, 0.00553041,buy
2021-10-05,3,3,3,1,1,3,0,0,1,0,1,0,0,0,0,0,2,0,1,1,2,0,1,2,0,1,0,0,0,1,0,0,1,0,0,0,1,0,0,-0.00771199,-0.00815774,-0.0079379,-0.00771086,-0.00855238,sell
2021-10-06,3,1,4,0,1,2,0,0,1,0,1,0,0,0,0,0,2,1,1,0,1,1,1,1,0,1,0,0,0,1,0,0,1,0,0,0,1,0,0,-0.00465286,-0.00651958,-0.0040580,-0.00612693,-0.00676666,sell
2021-10-07,1,1,3,0,0,2,0,2,0,0,1,0,0,0,0,0,1,0,2,1,1,0,0,0,0,1,0,0,0,1,0,0,1,0,0,0,1,0,0,-0.00442947,-0.00700454,-0.0044944,-0.00446736,-0.00059123,sell
2021-10-08,1,1,1,1,2,2,0,1,0,1,0,0,0,1,0,0,0,1,2,0,1,1,1,1,0,1,0,0,0,1,0,0,1,0,0,0,1,0,0,-0.00142236,-0.00143068,-0.0015491,-0.00284989,-0.00124197,sell
2021-10-09,1,0,0,0,0,4,1,1,0,1,0,0,0,1,0,0,1,1,1,1,0,1,0,0,0,1,0,0,0,0,0,0,1,0,0,0,1,0,0, 0.00009762,-0.00042344,-0.0004553,-0.00042344,-0.00040037,buy
2021-10-10,0,0,2,0,1,3,3,1,0,1,0,0,0,1,1,0,0,1,1,1,1,1,1,1,0,1,0,0,0,0,0,0,1,0,0,0,1,0,0,-0.00293702,-0.00145625,-0.0019555,-0.00145057,-0.00207955,sell
2021-10-11,0,1,1,0,1,4,3,1,0,1,0,0,0,0,1,0,1,0,1,1,1,1,1,1,0,1,0,0,0,0,0,0,1,0,0,1,1,0,0,-0.00326402, 0.00300157, 0.0000872, 0.00275420, 0.00231865,buy
2021-10-12,1,0,2,0,2,2,2,1,0,0,0,0,0,0,1,1,1,1,0,0,1,0,1,1,0,1,1,0,0,0,0,0,0,0,0,1,1,0,0,-0.00499847,-0.00499847,-0.0043457,-0.00479052,-0.00435815,sell
2021-10-13,1,0,2,0,2,1,2,2,0,0,0,0,0,0,1,1,1,1,1,1,0,1,0,0,1,1,1,0,0,0,0,0,0,0,0,1,1,0,0, 0.00377139,-0.00403873, 0.0019601, 0.00196008, 0.00308683,buy
2021-10-14,1,0,2,0,1,3,1,2,0,0,0,0,0,0,1,1,0,0,1,0,1,0,1,1,1,1,1,0,0,0,0,0,0,0,1,1,1,0,0,-0.00314685,-0.00533207,-0.0056068,-0.00221686,-0.00335314,sell
2021-10-15,3,0,1,0,3,2,1,2,0,0,0,0,0,0,0,1,1,1,1,1,0,1,1,0,1,0,1,1,0,0,0,0,0,0,1,1,1,0,0, 0.00593008,-0.00000297, 0.0010388, 0.00103877,-0.00453049,sell
2021-10-16,1,2,1,0,1,3,0,1,0,0,0,0,0,0,0,0,0,1,0,1,1,1,0,0,1,0,1,1,0,0,0,0,0,0,1,0,1,0,0,-0.00314705,-0.00305669,-0.0008483,-0.00510466,-0.00233404,sell
2021-10-17,2,0,2,0,1,3,2,1,0,0,0,0,0,0,0,0,1,1,1,1,1,1,1,1,1,0,0,1,0,0,0,0,0,0,1,0,1,0,0, 0.00446925, 0.00087001, 0.0041308, 0.00440159, 0.00135400,buy
2021-10-18,0,1,2,0,0,3,2,1,0,0,0,0,0,0,0,0,1,0,0,1,1,1,1,1,0,0,0,1,0,0,0,0,0,0,0,0,1,1,0, 0.00071759, 0.00081088, 0.0023952, 0.00176637,-0.00119882,buy
2021-10-19,0,0,2,0,3,2,1,1,0,0,0,0,0,0,0,0,1,0,1,0,1,0,1,1,0,0,0,1,0,0,0,0,0,0,0,0,1,1,1, 0.00810404, 0.00795541, 0.0081430, 0.00873925, 0.00814303,buy
2021-10-20,0,0,1,2,2,1,1,1,0,0,0,0,0,0,0,0,1,1,1,1,0,1,0,0,0,0,0,0,0,0,0,0,0,0,0,0,1,1,1, 0.00022140,-0.00226170,-0.0011374,-0.00188299,-0.00146638,sell
2021-10-21,0,0,1,0,1,2,0,1,0,0,0,0,0,0,0,0,0,0,1,0,1,0,1,0,0,0,0,0,0,0,0,0,0,0,0,0,1,1,1, 0.00561369, 0.00561019, 0.0056137, 0.00521118, 0.00561369,buy
2021-10-22,1,0,2,1,1,1,1,1,0,0,0,0,0,0,1,0,1,1,1,1,0,0,1,1,0,0,0,0,0,0,0,0,0,0,0,0,1,0,1, 0.00148570,-0.00475644, 0.0013999, 0.00016437,-0.00028081,sell
2021-10-23,2,1,3,0,1,1,0,0,0,0,0,0,0,0,1,0,0,1,0,2,1,1,0,0,0,0,0,0,0,0,0,0,0,0,0,0,1,0,1, 0.00086204, 0.00098443, 0.0016625, 0.00159224, 0.00041050,buy
2021-10-24,1,3,2,0,2,1,0,1,0,0,0,0,0,0,1,0,0,1,1,1,1,1,1,1,0,0,0,0,0,0,0,0,0,0,0,0,1,0,1, 0.00520788, 0.00430857, 0.0049265, 0.00436019, 0.00436019,buy
2021-10-25,3,1,3,0,1,2,0,2,0,0,0,0,0,0,1,0,1,1,1,1,1,1,1,1,0,0,0,0,0,0,0,0,0,1,0,0,1,0,1, 0.00297279, 0.00156531, 0.0021605, 0.00341252, 0.00289219,buy
2021-10-26,1,2,2,0,1,2,2,1,0,0,0,0,0,0,1,0,1,0,0,0,1,1,1,1,0,0,0,0,0,0,0,1,0,1,0,1,1,0,1,-0.00131926,-0.00369066,-0.0030269,-0.00095481, 0.00001892,sell
2021-10-27,2,1,1,1,1,2,2,1,0,0,0,0,0,0,0,0,1,0,1,1,0,0,1,1,0,0,1,0,0,0,0,1,0,1,0,1,1,0,1, 0.00076460, 0.00196043, 0.0010758, 0.00125817, 0.00120273,buy
2021-10-28,0,2,0,2,2,2,1,4,0,0,0,0,0,0,0,1,0,1,1,1,1,1,0,0,0,0,1,0,1,0,0,1,0,1,1,1,1,0,0, 0.00130414,-0.00211611,-0.0001882, 0.00037398, 0.00213790,sell
2021-10-29,0,2,2,1,2,2,1,5,0,0,1,0,0,0,0,1,0,0,2,0,1,1,1,1,0,0,1,0,1,0,0,1,0,1,1,1,1,0,0,-0.00261243, 0.00142716, 0.0016374, 0.00125293, 0.00093673,buy
2021-10-30,1,1,3,1,2,2,2,2,1,0,1,0,0,0,0,1,1,1,1,1,0,0,0,1,0,0,1,0,1,0,0,1,0,0,1,1,1,0,0,-0.00074304,-0.00018506,-0.0011398,-0.00149206,-0.00213601,sell
2021-10-31,2,1,2,0,2,2,1,1,1,0,1,0,0,0,0,1,0,1,0,1,1,1,1,0,0,0,0,0,1,0,0,0,0,0,1,0,1,0,0, 0.00311347,-0.00005607,-0.0027460,-0.00258370,-0.00084304,buy
2021-11-01,2,3,2,1,3,3,1,2,1,0,1,1,0,0,0,1,1,2,1,1,1,1,1,1,0,0,0,0,1,0,0,0,0,0,1,0,1,1,0, 0.00017127, 0.00037967, 0.0013638, 0.00136378, 0.00141291,buy
2021-11-02,2,2,1,0,3,2,0,1,1,0,0,1,0,0,0,1,1,1,0,0,1,1,1,1,0,0,0,0,0,0,0,0,0,0,0,0,1,1,0, 0.00225467, 0.00132901, 0.0022287, 0.00113568, 0.00507774,buy
2021-11-03,1,1,2,1,1,1,0,2,0,0,0,1,0,0,0,0,1,0,1,1,0,0,1,1,0,0,0,0,0,1,0,0,0,0,0,0,1,1,0,-0.00117184,-0.00075350,-0.0016933,-0.00129875,-0.00003660,buy
2021-11-04,0,2,0,2,0,1,0,1,0,0,0,0,0,0,0,0,0,1,1,0,1,1,1,0,0,0,0,0,0,1,0,0,0,0,0,0,1,1,0, 0.00153394, 0.00350132,-0.0015883, 0.00225154, 0.00027658,buy
2021-11-05,1,1,0,2,0,1,1,1,0,0,0,0,0,0,0,0,1,0,1,1,0,1,1,1,0,0,0,0,0,1,0,0,0,0,0,0,1,1,0,-0.00489372,-0.00400872,-0.0045772,-0.00418360,-0.00447254,sell
2021-11-06,0,0,1,1,2,2,1,0,0,0,0,0,0,0,0,0,0,1,0,1,1,1,1,0,0,0,0,0,0,1,0,0,0,0,0,0,1,0,0, 0.00168686, 0.00107672, 0.0003459, 0.00034593, 0.00334149,buy
2021-11-07,0,1,1,0,3,3,1,1,0,0,0,0,0,0,0,0,1,1,1,1,1,1,2,1,0,0,0,0,0,0,0,0,0,0,0,0,1,0,0, 0.00397255, 0.00195081, 0.0023929, 0.00351736, 0.00384074,buy
2021-11-08,1,2,0,0,1,4,1,0,0,1,1,0,0,0,0,0,1,1,0,0,1,1,2,1,0,0,0,0,0,0,0,0,0,0,0,0,1,0,0, 0.00251231, 0.00170309, 0.0025621, 0.00253761, 0.00228361,buy
2021-11-09,1,1,0,0,1,1,3,1,0,1,1,0,1,0,0,0,1,0,1,1,0,1,1,1,0,0,0,0,0,0,0,0,0,0,0,0,1,0,0,-0.00045294,-0.00137219,-0.0004529,-0.00565573,-0.00152118,sell
2021-11-10,1,1,0,0,0,2,1,3,0,1,1,0,1,0,0,0,0,1,1,0,1,0,1,1,0,0,1,0,0,0,0,0,0,0,0,0,1,0,0,-0.00374288,-0.00479280,-0.0035328,-0.00387192,-0.00454203,sell
2021-11-11,1,0,0,0,3,1,0,3,0,1,0,0,1,0,0,0,1,0,1,1,0,1,1,0,0,0,1,0,0,0,0,0,0,0,0,1,1,0,0,-0.00428266,-0.00274433,-0.0053753,-0.00404635,-0.00490847,sell
2021-11-12,2,0,0,1,3,3,0,1,0,1,0,0,0,0,1,0,0,1,0,2,1,0,0,1,0,0,1,0,0,0,0,1,0,0,0,1,1,0,0,-0.00328060,-0.00358514,-0.0002585,-0.00087059,-0.00317479,sell
2021-11-13,3,0,0,1,2,4,2,1,0,0,0,0,0,0,1,0,0,1,1,1,2,1,1,0,1,0,1,0,0,0,0,1,1,0,0,1,1,0,0,-0.00035413,-0.00041007, 0.0005078,-0.00041007, 0.00136152,buy
2021-11-14,3,1,0,1,2,4,3,1,0,0,0,0,0,0,1,0,1,1,1,1,1,1,1,1,1,0,1,1,0,0,0,1,1,0,0,1,1,0,0,-0.00380878,-0.00380878,-0.0034611,-0.00305984, 0.00276213,sell
2021-11-15,0,2,1,0,2,3,3,1,0,0,0,0,0,0,0,0,1,1,0,0,1,1,1,1,1,0,0,1,0,0,0,1,1,0,0,1,1,0,0,-0.00458929,-0.00480085,-0.0046104, 0.00035846, 0.00107796,sell
2021-11-16,1,1,2,0,2,2,3,2,0,0,0,0,0,0,0,0,1,0,1,1,0,1,0,2,1,0,0,1,0,0,0,1,1,0,0,1,1,1,0, 0.00442561, 0.00482258, 0.0068512, 0.00686843, 0.00617462,buy
2021-11-17,2,0,1,0,0,3,2,2,0,0,1,0,0,0,0,0,0,0,1,0,1,0,1,1,1,0,0,1,0,0,0,1,1,0,0,0,1,1,0, 0.00205284, 0.00238624, 0.0030821, 0.00167014, 0.00265323,buy
2021-11-18,2,0,0,1,0,1,3,2,0,0,1,0,0,0,0,0,1,1,1,0,0,0,1,0,1,0,0,1,0,0,0,0,1,0,0,0,1,1,0, 0.00333034, 0.00101618, 0.0001815, 0.00329254, 0.00117818,buy
2021-11-19,3,0,0,2,0,1,1,2,1,0,1,0,0,0,0,0,1,0,0,1,0,1,0,1,0,0,0,0,0,0,0,0,1,0,0,0,1,1,0, 0.00842088, 0.00881493, 0.0066985, 0.00643377, 0.00719158,buy
2021-11-20,2,1,1,0,1,1,2,1,1,0,0,1,0,0,0,0,0,1,0,1,1,0,1,0,0,0,0,0,0,0,0,0,1,0,0,0,1,1,0, 0.00290349, 0.00737154, 0.0050757, 0.00338246, 0.00645108,buy
2021-11-21,2,1,2,0,0,2,2,2,1,0,0,1,0,0,0,0,1,1,1,1,1,0,1,0,0,0,0,0,0,0,0,0,1,0,0,0,1,1,0,-0.00047387, 0.00116749,-0.0014583,-0.00120099, 0.00010533,buy
2021-11-22,0,2,3,0,0,2,2,1,1,0,0,1,0,0,0,0,1,1,0,0,1,1,1,1,0,0,0,0,0,0,0,0,1,0,0,0,1,0,0, 0.00183201,-0.00558652, 0.0017424, 0.00604175, 0.00271588,buy
2021-11-23,2,3,1,0,0,1,2,0,0,0,0,0,0,0,0,0,1,1,1,0,1,1,1,1,0,0,0,0,0,0,0,0,1,0,0,0,1,0,0,-0.00309778,-0.00325783,-0.0030978,-0.00325763,-0.00365981,sell
2021-11-24,3,1,1,1,0,1,1,0,0,0,0,0,0,0,0,0,1,0,2,1,0,1,0,1,0,0,0,0,0,0,1,0,1,0,0,0,1,0,0,-0.00966377,-0.00966377,-0.0101198,-0.00907359,-0.00966377,sell
2021-11-25,2,1,0,1,0,1,1,1,0,0,0,0,0,1,0,0,0,0,1,0,1,1,1,1,0,0,0,0,0,0,1,0,1,0,0,0,1,0,0,-0.00045111,-0.00102661, 0.0001974,-0.00485217, 0.00019744,sell
2021-11-26,0,0,2,1,0,1,1,1,0,0,0,0,0,1,0,1,1,1,1,1,0,0,0,0,0,0,0,0,0,0,1,0,1,0,0,0,1,0,0,-0.00070390,-0.00092841,-0.0008672, 0.00037261,-0.00001513,buy
2021-11-27,1,1,1,0,0,1,2,2,0,0,0,0,0,1,0,1,0,0,0,1,1,1,1,1,0,0,0,0,0,0,1,0,1,1,0,0,1,0,0, 0.00507148, 0.00019965,-0.0022074, 0.00019965,-0.00431687,sell
2021-11-28,2,2,1,1,0,0,4,0,0,0,0,0,0,1,0,1,1,1,1,2,1,0,1,0,0,0,0,0,1,0,1,0,1,1,0,0,0,0,0,-0.00321944,-0.00379340,-0.0045219,-0.00443653,-0.00369003,sell
2021-11-29,2,2,1,0,0,2,6,0,0,0,0,1,1,1,0,1,1,1,0,1,2,1,1,1,0,0,0,0,1,0,1,0,1,1,0,0,0,0,0,-0.00367747,-0.00385695,-0.0043889,-0.00312265,-0.00402469,sell
2021-11-30,1,1,3,0,1,4,6,0,0,0,0,1,1,1,1,1,1,1,1,0,1,2,1,2,0,0,0,1,1,0,1,0,1,1,0,0,0,0,0,-0.00510121,-0.00485693,-0.0051252,-0.00354873,-0.00501429,sell
2021-12-01,1,1,2,0,2,4,4,1,0,0,0,1,1,1,1,0,1,1,1,1,0,1,0,2,0,0,0,1,1,1,1,0,1,1,0,0,0,0,0,-0.00391696,-0.00362894,-0.0039170,-0.00254266,-0.00452239,sell
2021-12-02,1,1,2,1,2,2,3,1,0,0,0,1,0,1,1,0,0,1,2,0,1,1,1,1,0,0,0,1,1,1,1,0,1,1,0,0,0,0,0, 0.00033093, 0.00062833,-0.0058634, 0.00391367, 0.00046563,buy
2021-12-03,1,0,2,0,0,1,4,1,0,0,0,0,0,0,1,0,1,1,1,1,0,0,0,0,0,0,0,1,1,1,0,0,1,1,0,0,0,0,0, 0.00130362,-0.00249607, 0.0025002, 0.00132173,-0.00285085,sell
2021-12-04,0,0,2,0,0,2,3,1,0,0,0,0,0,0,0,0,0,0,1,1,1,1,1,1,0,0,0,1,0,1,0,0,1,1,0,0,0,0,0,-0.00359770,-0.00310586,-0.0022484,-0.00329949, 0.00140547,sell
2021-12-05,0,1,1,0,2,1,2,0,0,0,0,0,0,0,0,0,1,1,0,1,1,0,1,0,0,0,0,0,0,1,0,0,1,0,0,0,0,0,0, 0.00213101, 0.00114665, 0.0016823, 0.00088926, 0.00087564,buy
2021-12-06,1,0,0,0,3,2,2,1,0,0,1,0,0,0,0,0,1,1,1,0,1,1,1,1,0,0,0,0,0,0,0,0,1,0,1,0,0,0,0, 0.00140841, 0.00173434, 0.0017734, 0.00157276, 0.00141390,buy
2021-12-07,0,0,0,0,1,3,2,1,0,0,1,0,0,0,0,0,1,1,1,1,0,1,0,1,0,0,0,0,0,0,0,0,1,0,1,0,0,0,0, 0.00268736, 0.00526580, 0.0023592, 0.00249565, 0.00450250,buy
2021-12-08,0,0,0,0,1,1,2,2,0,0,1,0,0,0,0,0,0,0,2,0,1,1,1,1,0,0,0,0,0,0,0,0,0,0,1,0,0,0,0, 0.00415339, 0.00278110, 0.0008153, 0.00198094, 0.00117738,buy
2021-12-09,0,0,0,0,4,1,0,1,0,0,0,1,1,0,0,0,1,1,1,1,0,0,0,0,0,0,0,0,0,0,0,1,0,0,1,0,0,0,0,-0.00623806,-0.00678775,-0.0069287,-0.00862818,-0.00761543,sell
2021-12-10,0,1,0,0,3,2,2,3,1,0,0,1,1,0,1,0,0,0,0,1,1,1,1,1,0,0,1,0,0,0,0,1,0,0,1,0,0,0,0,-0.00522651,-0.00352938,-0.0035270,-0.00360670,-0.00186811,sell
2021-12-11,1,1,0,0,4,3,2,2,1,1,0,1,1,0,1,0,1,1,1,1,1,1,1,0,0,0,1,0,0,0,0,1,0,0,1,0,0,0,0, 0.00258021,-0.00306044, 0.0016563,-0.00346062, 0.00261391,sell
2021-12-12,1,2,0,0,4,1,2,1,1,1,0,1,0,0,1,0,1,1,0,0,1,0,1,1,0,0,1,0,0,0,0,1,0,0,1,0,0,0,0,-0.00093019,-0.00016215,-0.0017702,-0.00052042, 0.00128844,buy
2021-12-13,2,1,0,0,3,1,2,2,1,1,0,0,0,0,0,0,2,1,1,1,0,1,0,1,0,0,1,0,0,0,0,1,0,0,1,0,0,0,0, 0.00423475, 0.00237503, 0.0000458, 0.00280039,-0.00245036,buy
2021-12-14,0,2,1,0,2,2,1,2,0,1,0,0,0,0,0,0,1,1,1,1,0,1,0,1,0,0,1,0,1,0,0,1,0,0,1,0,0,0,0,-0.00017364,-0.00460950,-0.0045433,-0.00506922,-0.00497572,sell
2021-12-15,0,1,1,0,3,1,1,1,0,1,0,0,0,0,0,0,0,0,1,0,1,1,1,1,0,0,0,1,1,0,0,1,0,0,1,0,0,0,0,-0.00053570,-0.00257940,-0.0051885,-0.00115008,-0.00257940,sell
2021-12-16,1,1,1,1,4,1,1,1,0,1,0,0,0,0,0,0,1,1,1,1,0,1,0,0,0,0,0,1,1,1,0,1,0,0,1,0,1,0,0, 0.00167426, 0.00082489, 0.0019129, 0.00078457, 0.00173358,buy
2021-12-17,1,2,0,1,4,1,1,0,0,0,0,0,0,0,0,0,0,1,0,1,1,0,1,0,1,0,0,1,1,1,0,1,0,0,1,0,1,0,0, 0.00270409, 0.00260485,-0.0016725, 0.00165391,-0.00326247,buy
2021-12-18,0,2,1,1,3,2,1,1,0,0,0,0,0,0,0,0,0,0,1,1,1,0,1,1,1,0,0,1,1,1,0,1,0,0,1,0,1,0,0,-0.00572577,-0.00711855,-0.0058926,-0.00723805,-0.00705048,sell
2021-12-19,2,2,2,1,4,2,1,0,0,0,0,0,1,0,1,0,1,1,0,1,1,1,1,0,1,0,0,1,1,1,0,1,0,0,1,0,1,0,0, 0.00502748, 0.00593467, 0.0002345, 0.00187037,-0.00133606,buy
2021-12-20,2,2,2,0,3,0,2,0,0,0,0,0,1,0,1,0,1,1,1,0,1,0,1,1,1,0,0,0,0,0,0,1,0,0,1,0,1,0,0,-0.00143187,-0.00168331,-0.0022341,-0.00034823,-0.00001027,sell
2021-12-21,2,1,3,1,1,1,1,0,1,0,0,0,1,0,1,0,1,1,1,1,0,1,0,1,1,0,0,0,0,0,0,0,0,0,1,0,0,0,0, 0.00152119, 0.00319851, 0.0014851, 0.00319851, 0.00274728,buy
2021-12-22,2,2,1,1,0,1,1,1,1,0,0,0,0,0,1,0,0,1,1,0,1,1,1,1,1,0,0,0,0,0,0,0,0,0,1,0,0,0,0,-0.00297908,-0.00280296,-0.0027208,-0.00281912,-0.00337965,sell
2021-12-23,1,1,2,0,0,1,0,0,1,0,0,0,0,0,0,0,0,0,1,1,0,1,0,1,0,0,0,0,0,0,0,0,0,0,1,0,0,0,0,-0.00046567,-0.00027643,-0.0002134,-0.00027894,-0.00015304,buy
2021-12-24,1,0,1,1,0,0,0,1,0,0,0,0,0,0,0,0,1,1,0,1,0,1,0,0,0,0,0,0,0,0,0,0,0,0,1,0,0,0,0, 0.00425130, 0.00489219, 0.0029264, 0.00489219, 0.00383795,buy
2021-12-25,1,1,1,1,0,1,1,2,0,0,1,0,0,0,0,0,0,1,1,1,1,0,1,1,0,0,0,0,0,0,0,0,1,0,1,0,0,0,0, 0.00443937, 0.00960829, 0.0096083, 0.01038493,-0.00096983,buy
2021-12-26,1,2,1,1,1,1,1,2,0,0,1,0,0,0,0,1,1,0,1,1,1,1,1,1,0,0,0,0,0,0,0,0,1,0,1,0,0,0,0, 0.00344099, 0.00197551, 0.0011940,-0.00604367, 0.00317649,buy
2021-12-27,1,1,1,0,1,1,2,1,0,0,1,0,0,0,0,1,1,1,0,0,1,1,1,0,0,0,0,0,0,0,0,0,1,0,1,0,0,0,0, 0.00379477,-0.00169714,-0.0016971, 0.00102785,-0.00169714,sell
2021-12-28,1,0,1,0,2,2,2,1,0,0,1,0,0,0,0,1,1,1,1,1,0,0,0,1,0,0,0,0,0,0,0,0,1,0,1,0,0,0,1, 0.00069075,-0.00006512, 0.0014862, 0.00041650,-0.00464791,sell
2021-12-29,1,1,0,1,3,3,1,1,0,1,0,1,0,0,0,1,1,1,1,0,1,1,1,1,0,0,0,0,0,0,0,0,1,0,1,0,0,0,1, 0.00119721, 0.00114976, 0.0011972, 0.00118708, 0.00106635,buy
2021-12-30,2,0,0,0,3,2,1,1,0,1,0,1,0,0,0,1,1,0,1,1,0,1,0,1,0,0,0,0,0,1,0,0,0,0,1,0,0,0,1, 0.00188700, 0.00246567, 0.0013976, 0.00155431, 0.00192094,buy
2021-12-31,1,0,1,0,3,2,1,1,0,1,0,1,0,0,0,0,1,1,0,1,1,1,1,0,0,0,0,0,1,1,0,0,0,0,0,0,0,0,1, 0.00801016, 0.00859343, 0.0089442, 0.00801016, 0.00656653,buy
2022-01-01,1,1,0,0,4,2,1,1,1,1,0,0,0,0,0,0,1,0,1,1,1,0,1,1,0,0,0,0,1,1,0,0,0,0,0,0,0,0,1,-0.00461767,-0.00492881,-0.0049348, 0.00374251,-0.00591641,sell
2022-01-02,2,0,0,0,5,2,2,0,1,1,0,0,0,0,0,0,2,1,0,0,1,1,1,0,0,1,0,0,1,1,0,0,0,1,0,0,0,0,0,-0.00081544,-0.00024587, 0.0001970, 0.00167941,-0.00087619,buy
2022-01-03,1,0,0,0,6,3,2,0,1,1,0,0,0,0,0,0,2,2,1,1,0,0,0,1,0,1,0,0,1,1,0,0,0,1,0,0,0,0,0, 0.00066239,-0.00156939,-0.0003919,-0.00254796,-0.00156939,sell
2022-01-04,0,0,0,0,5,4,2,1,1,0,0,0,0,0,0,0,1,2,1,0,1,1,1,1,1,1,0,0,1,0,0,0,0,1,0,0,0,0,0,-0.00034910, 0.00025094,-0.0022633, 0.00111556,-0.00017684,buy
2022-01-05,0,0,0,0,4,3,3,0,0,0,1,0,0,0,0,0,0,1,1,1,0,2,0,1,1,1,0,0,0,0,0,0,0,1,0,0,0,0,0,-0.00310419,-0.00289176,-0.0020184,-0.00297549,-0.00120825,sell
2022-01-06,0,0,0,0,2,4,2,0,0,0,1,0,0,0,0,0,1,0,0,1,1,1,1,0,1,1,0,0,0,0,0,0,0,1,0,0,0,0,0,-0.00783067,-0.00476791,-0.0056623,-0.00490440,-0.00500560,sell
2022-01-07,0,0,0,0,3,4,3,2,0,0,1,0,0,0,0,0,0,1,1,1,2,1,1,1,1,1,0,0,0,0,0,0,1,1,0,0,1,0,0, 0.00182119, 0.00042580, 0.0004258, 0.00062704, 0.00042580,buy
2022-01-08,0,0,0,0,4,5,2,1,0,0,1,0,0,0,0,0,1,0,0,1,1,0,2,1,1,1,0,0,0,0,0,1,1,1,0,0,1,0,0,-0.00307704,-0.00113793,-0.0028656,-0.00256835,-0.00348014,sell
2022-01-09,1,0,0,0,4,4,2,1,0,0,1,0,0,0,0,0,1,1,1,0,1,1,1,0,1,1,1,0,0,0,0,1,1,0,0,0,1,0,0,-0.00607644,-0.00651913,-0.0065191,-0.00516729,-0.00516729,sell
2022-01-10,1,1,0,0,3,2,2,2,0,0,0,0,0,0,1,0,1,1,2,1,0,0,0,1,0,1,1,0,0,0,0,1,1,0,0,0,1,0,0,-0.00283723, 0.00272481, 0.0025855, 0.00248622, 0.00247433,buy
2022-01-11,0,2,0,0,1,2,1,2,0,0,0,0,0,0,1,0,0,1,1,0,1,0,1,1,0,1,1,0,0,0,0,1,0,0,0,0,0,0,0,-0.00401560,-0.00591204,-0.0040156,-0.00270552,-0.00401560,sell
2022-01-12,2,1,1,0,1,1,2,1,0,0,0,0,0,0,1,0,0,1,1,1,0,1,0,1,0,1,1,0,0,0,0,1,0,0,0,0,0,0,0,-0.00317907,-0.00445202,-0.0032222,-0.00317817,-0.00317907,sell
2022-01-13,0,2,1,0,2,1,1,2,0,0,0,0,0,0,1,0,1,0,0,1,0,1,1,1,0,1,1,0,0,0,0,1,0,0,0,0,0,0,0,-0.00203794,-0.00230142,-0.0018885,-0.00193709,-0.00193709,sell
2022-01-14,1,2,0,1,3,0,0,2,0,0,0,0,0,0,1,0,0,1,1,1,1,1,1,0,0,1,0,1,0,0,0,0,0,0,0,1,0,0,0,-0.00061198,-0.00038115, 0.0000550, 0.00005502, 0.00005502,buy
2022-01-15,1,1,2,2,2,2,0,2,0,1,0,0,0,0,1,0,1,1,1,1,1,1,1,1,0,1,0,1,0,0,0,0,0,0,0,1,0,0,0, 0.00045438,-0.00052640, 0.0010283, 0.00048247, 0.00229974,buy
2022-01-16,1,0,1,1,2,1,1,1,0,1,0,0,0,0,1,0,1,0,0,0,1,0,1,1,0,1,0,1,0,0,0,0,0,0,0,1,0,0,0, 0.00325770, 0.00300406, 0.0040622, 0.00353374, 0.00445422,buy
2022-01-17,1,1,1,2,1,1,0,1,0,1,0,0,0,0,1,0,1,1,1,1,0,1,0,0,0,0,0,1,0,0,0,0,0,0,0,1,0,0,0, 0.00115402, 0.00224092, 0.0034934,-0.00386453, 0.00096476,buy
2022-01-18,0,2,2,2,1,1,0,2,0,1,0,0,0,0,1,0,1,1,1,1,0,1,1,1,0,0,0,1,0,0,0,0,0,0,0,1,0,0,0,-0.00066142,-0.00148791, 0.0044859,-0.00081828, 0.00588865,buy
2022-01-19,0,2,1,1,1,1,0,1,0,0,1,0,0,0,0,0,0,1,1,0,1,0,1,1,0,0,0,0,0,0,0,0,0,0,0,1,0,0,0, 0.00252300, 0.00475134, 0.0043924, 0.00470461, 0.00439241,buy
2022-01-20,3,0,3,1,3,1,0,0,1,0,1,0,0,0,0,1,1,1,1,1,0,1,0,1,0,0,0,0,0,0,0,0,0,0,0,1,0,1,0, 0.00323182,-0.00338767, 0.0019746, 0.00226941, 0.00226941,buy
2022-01-21,3,2,1,1,3,1,0,0,1,0,1,0,0,0,0,1,1,0,0,1,1,1,1,1,0,0,0,0,0,0,0,0,0,0,0,1,0,1,0,-0.00413943,-0.00428990,-0.0041394,-0.00191862,-0.00406269,sell
2022-01-22,2,3,0,1,2,1,0,1,1,0,1,0,0,1,0,1,0,1,1,1,1,1,1,0,0,0,0,0,0,0,0,0,0,0,0,0,0,1,0, 0.00341920, 0.00351551, 0.0038667, 0.00457722, 0.00386674,buy
2022-01-23,3,1,2,0,2,0,0,1,1,0,0,0,0,1,0,0,1,0,0,0,2,1,1,1,1,0,0,0,0,0,0,0,0,0,0,0,0,1,0, 0.00455783, 0.00462159, 0.0037602, 0.00351779, 0.00371297,buy
2022-01-24,2,1,1,0,2,1,0,1,0,1,0,0,0,1,0,0,1,0,1,1,1,0,0,0,1,0,1,0,0,0,0,0,0,0,0,0,0,1,0, 0.00113268, 0.00245633, 0.0006750, 0.00113268, 0.00009837,buy
2022-01-25,2,1,0,1,3,1,2,2,0,1,0,0,0,0,0,0,1,1,1,1,0,1,1,1,1,0,1,0,0,0,1,0,0,0,0,0,0,1,0, 0.00528105, 0.00521734, 0.0004935, 0.00566154, 0.00348223,buy
2022-01-26,2,0,0,1,3,3,1,1,0,1,0,0,0,0,0,0,0,1,1,1,1,0,1,1,1,0,1,0,0,0,1,0,0,0,0,0,0,1,0,-0.00021387,-0.00022554, 0.0005247, 0.00413883,-0.00153142,buy
2022-01-27,1,0,1,0,4,1,2,1,0,0,0,1,0,0,0,0,1,1,0,1,0,1,1,1,1,0,1,0,0,0,1,0,0,0,0,0,0,1,0,-0.00329813,-0.00387083,-0.0036984,-0.00434201,-0.00293584,sell
2022-01-28,1,0,1,0,3,3,2,2,0,0,0,1,0,0,0,0,0,0,1,1,1,2,1,1,1,0,1,0,0,1,1,0,0,0,0,0,0,1,1,-0.00669779,-0.00657687,-0.0066978,-0.00560644,-0.00669779,sell
2022-01-29,1,1,0,0,4,2,1,1,0,0,0,1,0,0,0,0,1,1,0,1,1,2,1,1,0,0,0,0,0,1,1,0,0,0,0,0,1,1,1,-0.00050680,-0.00049204,-0.0004920, 0.00432211,-0.00049204,buy
2022-01-30,2,0,0,0,4,1,1,1,0,0,0,1,0,0,0,0,1,0,1,0,1,1,1,1,0,0,0,0,0,1,1,0,0,0,0,0,1,1,1, 0.00068851, 0.00056531,-0.0008809,-0.00008559, 0.00068851,buy
2022-01-31,1,0,0,0,4,1,0,1,0,0,0,1,0,0,0,0,1,1,1,1,0,0,0,0,0,0,0,0,0,1,1,0,0,0,0,0,1,1,1,-0.00604756,-0.00616077,-0.0060476,-0.00658477,-0.00556979,sell
2022-02-01,1,0,0,0,5,1,0,2,0,0,0,1,0,0,0,0,1,1,1,0,1,1,1,1,0,0,0,0,0,1,1,0,0,0,0,0,1,1,1,-0.00370740,-0.00370740,-0.0027737,-0.00232229,-0.00370740,sell
2022-02-02,1,0,0,0,4,2,1,0,1,0,0,0,0,0,0,0,1,1,1,1,0,0,0,1,0,0,0,0,1,0,1,0,0,0,0,0,1,1,1, 0.00542988, 0.00252497, 0.0051121, 0.00775427, 0.00100253,buy
2022-02-03,1,0,0,0,2,2,3,0,1,0,0,0,0,0,0,0,1,1,1,1,1,1,1,1,0,0,0,0,1,0,0,0,0,0,0,0,0,1,1, 0.01203116, 0.01076715, 0.0114672, 0.01203116, 0.01125871,buy
2022-02-04,1,0,0,0,0,4,1,0,1,0,0,0,0,0,0,0,0,0,1,1,1,1,1,0,0,0,0,0,1,0,0,0,0,0,0,0,0,1,1, 0.01075779, 0.00714042, 0.0056369, 0.01044256, 0.00546856,buy
2022-02-05,1,0,0,0,2,1,2,2,1,0,0,0,0,0,0,0,1,1,0,0,1,1,1,1,0,0,0,0,1,0,0,0,0,0,0,0,0,1,1,-0.00015192,-0.00005518,-0.0015771, 0.00384888,-0.00403095,sell
2022-02-06,1,0,0,0,1,2,2,1,1,0,0,0,0,0,0,0,1,0,1,1,1,1,0,0,0,0,0,0,1,0,0,0,0,0,0,0,0,1,1,-0.00219674,-0.00219674,-0.0021967,-0.00222161,-0.00385762,sell
2022-02-07,2,0,0,0,0,2,1,0,1,0,0,1,0,0,0,0,1,1,1,0,0,0,1,0,0,0,0,0,1,0,0,0,0,0,0,0,0,1,1, 0.00082990, 0.00277442, 0.0027744, 0.00277442, 0.00217763,buy
2022-02-08,2,1,0,0,1,1,1,2,1,0,0,1,0,0,0,0,0,1,1,0,1,1,1,1,0,0,1,0,0,0,0,0,1,0,0,0,0,1,1,-0.00338057, 0.00399609, 0.0044367, 0.00560807, 0.00443674,buy
2022-02-09,1,2,0,0,1,1,0,0,1,0,0,1,0,0,0,0,0,1,0,1,0,0,0,1,0,0,1,0,0,0,0,0,1,0,0,0,0,0,1, 0.00068135,-0.00227843,-0.0019096,-0.00002994, 0.00319993,sell
2022-02-10,1,1,2,0,2,1,0,1,1,0,0,1,0,0,0,0,1,1,0,1,1,0,1,1,0,0,1,0,0,0,0,0,1,0,0,0,0,0,0,-0.00081849, 0.00037624,-0.0008185,-0.00136143,-0.00081849,buy
2022-02-11,2,0,1,0,1,1,0,1,0,0,0,1,0,0,0,0,0,0,1,1,1,1,1,0,0,0,1,0,0,0,0,0,1,0,0,0,0,0,0, 0.00066153, 0.00153796, 0.0010035, 0.00096617, 0.00066153,buy
2022-02-12,1,2,0,0,2,0,1,0,0,0,0,1,0,0,0,0,1,0,0,0,1,1,1,0,0,0,1,0,0,0,0,0,1,0,0,1,0,0,0,-0.00381535,-0.00437255, 0.0048382,-0.00328093,-0.00377931,sell
2022-02-13,1,1,2,2,1,0,1,0,0,0,0,1,0,0,0,0,1,1,1,0,1,1,1,1,0,0,0,0,0,0,0,0,1,0,0,1,0,0,0, 0.00546791, 0.00546791, 0.0058829, 0.00530831, 0.00375303,buy
2022-02-14,0,2,1,1,2,0,0,0,0,0,0,1,0,0,0,0,1,0,1,1,0,1,0,0,0,0,0,1,0,0,0,0,1,0,0,1,0,0,0, 0.00057987,-0.00188528,-0.0007024,-0.00015981,-0.00015981,sell
2022-02-15,0,1,3,1,2,0,0,1,0,0,0,0,0,0,0,0,1,1,1,0,1,0,1,1,0,0,0,1,0,0,0,0,1,0,0,1,0,0,0, 0.00015939, 0.00203681, 0.0000684, 0.00005166, 0.00058235,buy
2022-02-16,0,1,3,2,2,0,0,0,0,0,0,0,0,0,0,0,0,1,1,1,1,1,0,1,0,0,0,1,0,0,0,0,1,0,0,1,0,0,0, 0.00372423, 0.00329800, 0.0032980, 0.00550551, 0.00550551,buy
2022-02-17,1,3,0,1,2,0,0,0,0,0,0,0,0,0,0,0,1,1,0,1,0,0,1,1,0,0,0,1,0,0,0,0,1,0,0,1,0,0,1,-0.00027643,-0.00083489,-0.0018203, 0.00131986, 0.00079245,buy
2022-02-18,3,1,1,1,2,0,0,0,0,0,0,0,0,0,0,0,0,1,1,1,1,0,1,1,0,0,0,1,0,0,0,0,1,0,0,1,0,0,1, 0.00496263, 0.00498906, 0.0004216, 0.00371173,-0.00077169,buy
2022-02-19,1,2,3,0,1,1,0,0,0,0,1,0,0,0,0,0,1,0,0,1,1,1,2,0,0,0,0,0,0,0,0,0,1,0,0,1,0,0,1, 0.00121703, 0.00293558, 0.0029356, 0.00048926,-0.00090699,buy
2022-02-20,1,1,3,0,1,1,0,2,0,0,1,0,0,0,0,0,1,1,1,0,1,1,1,1,0,0,0,0,0,0,0,0,1,0,0,1,0,0,1,-0.00104202, 0.00130489, 0.0013049, 0.00186013, 0.00161238,buy
2022-02-21,1,2,0,0,1,1,1,1,0,0,1,0,0,0,0,0,1,0,1,1,0,1,0,0,0,0,0,0,0,0,0,0,1,1,0,1,0,0,1,-0.00189009,-0.00452003,-0.0018901, 0.00111137,-0.00555088,sell
2022-02-22,2,1,0,1,0,2,3,1,0,0,1,0,0,0,0,0,1,1,2,0,1,0,1,1,0,0,0,0,0,0,0,0,1,1,0,0,1,0,1, 0.00363871, 0.00352688, 0.0033192, 0.00313943, 0.00352688,buy
2022-02-23,1,0,0,0,0,3,4,2,0,0,1,0,0,0,1,0,0,2,1,1,0,1,0,1,0,0,0,0,0,0,0,0,1,1,0,0,1,0,1,-0.00868288,-0.00625795,-0.0077044,-0.00071609,-0.00625795,sell
2022-02-24,0,0,1,0,1,6,2,3,1,0,0,0,0,0,1,0,1,1,0,1,1,1,1,1,0,1,0,0,0,0,1,0,1,1,0,0,1,0,1, 0.00143537,-0.00288154, 0.0009173,-0.00399056,-0.00274891,sell
2022-02-25,0,1,0,0,4,4,2,2,1,0,0,0,0,0,1,0,0,1,1,1,2,0,1,1,0,1,0,0,0,0,1,0,1,1,0,0,1,0,1,-0.00608752,-0.00371979,-0.0037198,-0.00371979,-0.00371979,sell
2022-02-26,1,0,0,0,2,4,3,1,1,0,0,0,0,0,1,0,1,0,0,0,2,1,1,0,0,1,0,0,0,0,1,0,1,1,0,0,1,0,1,-0.00666992,-0.00747257,-0.0026623,-0.00742068,-0.00687619,sell
2022-02-27,0,0,0,0,2,5,2,0,1,0,0,0,0,0,0,0,1,1,1,1,1,1,0,1,0,1,0,0,0,0,1,0,1,1,0,0,1,0,1, 0.00043840,-0.00151291, 0.0006589,-0.00058208,-0.00114363,sell
2022-02-28,0,0,0,0,3,4,1,1,1,0,0,0,0,0,0,0,1,0,1,0,1,1,1,0,0,1,0,0,0,1,1,0,1,0,0,0,1,0,1,-0.00416758, 0.00134842, 0.0040413, 0.00272319, 0.00276544,buy
2022-03-01,0,0,0,0,4,4,1,0,0,0,0,0,1,0,0,0,0,1,1,1,1,0,0,1,0,1,0,1,0,1,1,0,1,0,1,0,1,0,1, 0.00339549, 0.00325436, 0.0039043, 0.00412101, 0.00390432,buy
2022-03-02,0,0,0,0,0,7,2,0,0,0,0,0,1,0,0,0,1,1,0,1,0,1,1,1,1,1,0,1,0,1,1,0,1,0,1,0,1,0,1, 0.00269549, 0.00162104, 0.0018794, 0.00439793, 0.00211541,buy
2022-03-03,0,0,0,0,2,6,4,0,0,0,1,0,1,0,0,0,1,1,1,1,1,0,1,1,1,1,0,1,0,1,1,1,1,0,1,0,1,0,1, 0.00410993, 0.00365091, 0.0040739, 0.00429639, 0.00396549,buy
2022-03-04,0,0,0,0,2,6,3,0,0,0,1,0,1,0,0,0,0,1,0,1,1,0,1,0,1,1,0,1,0,1,1,1,1,0,1,0,1,0,1, 0.00500875, 0.00455390, 0.0048277, 0.00619358, 0.00482767,buy
2022-03-05,0,0,0,0,5,4,1,0,0,0,1,0,0,0,0,0,1,0,1,0,1,1,1,0,1,1,0,1,0,0,0,1,1,0,1,0,1,0,1,-0.00339819,-0.00026808, 0.0051610, 0.00395143, 0.00026675,buy
2022-03-06,0,0,0,0,1,6,0,3,0,0,1,0,0,0,0,0,1,1,1,1,0,1,0,1,1,1,0,0,0,0,0,1,1,0,1,0,1,0,0, 0.00203248, 0.00339032, 0.0015887, 0.00314045, 0.00339032,buy
2022-03-07,0,0,0,0,2,4,2,1,0,0,0,1,0,0,0,1,1,0,1,0,1,1,1,0,1,1,0,0,0,0,0,1,1,0,0,0,1,0,0, 0.00277970, 0.00393457, 0.0039236, 0.00424024, 0.00551144,buy
2022-03-08,3,0,0,0,3,3,1,1,0,0,0,1,0,0,0,1,0,1,1,1,1,0,0,1,1,1,0,0,1,0,0,1,1,0,0,0,1,0,0,-0.00195279,-0.00049323, 0.0012756, 0.00136355, 0.00127559,buy
2022-03-09,1,2,0,0,4,3,0,1,0,0,0,1,0,0,0,1,1,1,0,1,0,0,1,1,0,1,0,0,1,0,0,1,1,0,0,0,1,0,0,-0.00143601,-0.00143601,-0.0002967, 0.00008688,-0.00236654,sell
2022-03-10,1,3,0,0,3,3,0,3,0,0,0,1,0,0,0,1,1,1,1,1,1,1,1,1,0,1,0,0,1,0,0,0,1,0,0,0,1,0,0, 0.00078026, 0.00218496, 0.0022363,-0.00007062, 0.00291534,buy
2022-03-11,0,1,3,0,3,3,0,0,0,1,0,0,0,0,0,1,0,1,0,1,1,0,1,1,0,1,1,0,1,0,0,0,1,0,0,0,1,0,0,-0.00713607,-0.00713607,-0.0038258,-0.00619083,-0.00500966,sell
2022-03-12,1,0,1,0,2,2,1,0,0,1,0,0,0,0,0,0,1,0,0,0,1,0,1,0,0,0,1,0,1,0,0,0,1,1,0,0,1,0,0,-0.00295501,-0.00294188,-0.0033030,-0.00253430,-0.00253430,sell
2022-03-13,2,1,1,2,1,2,0,0,0,1,0,0,0,0,0,0,1,0,1,1,1,1,0,1,0,0,1,0,0,0,0,0,1,1,0,0,1,0,0,-0.00782157,-0.00701929,-0.0041605,-0.00792786,-0.00715487,sell
2022-03-14,0,3,0,2,1,2,0,1,0,1,0,0,0,0,0,0,1,1,1,0,0,1,1,1,0,0,1,0,0,0,0,0,1,1,0,0,1,0,0,-0.01081254,-0.00490153,-0.0091483,-0.01154744,-0.01036160,sell
2022-03-15,0,0,4,1,1,3,0,0,0,1,0,0,0,0,0,0,1,0,1,1,1,1,0,0,0,0,1,0,0,1,0,0,1,1,0,0,1,0,0, 0.00142439,-0.00313178,-0.0024385,-0.00210778,-0.00250012,sell
2022-03-16,0,0,4,0,0,4,2,0,0,0,0,1,0,0,1,0,0,1,0,1,0,1,0,1,0,0,0,1,0,1,0,0,1,1,0,0,1,0,0,-0.00303280, 0.00014430,-0.0026043,-0.00365977,-0.00362345,sell
2022-03-17,1,3,1,2,0,4,2,1,0,0,0,1,0,0,1,0,1,1,1,1,1,0,1,1,0,0,0,1,0,1,0,0,1,1,0,0,1,1,0, 0.00154483,-0.00252046,-0.0015200,-0.00152003,-0.00112861,sell
2022-03-18,2,3,0,2,0,3,2,1,0,0,0,1,0,0,1,0,0,1,1,1,1,1,1,1,0,0,0,1,0,1,0,0,0,0,0,0,1,1,0,-0.00382737,-0.00426310,-0.0051256,-0.00640807,-0.00329342,sell
2022-03-19,2,1,2,0,0,3,1,1,1,0,0,1,0,0,0,0,1,1,0,0,2,0,1,0,0,0,0,1,0,1,0,0,0,0,0,0,1,1,0,-0.00358838, 0.00048125,-0.0033577,-0.00527649,-0.00430880,sell
2022-03-20,1,1,2,0,0,2,1,3,1,0,0,0,0,0,0,1,1,0,1,1,1,1,0,1,0,0,0,1,0,0,0,0,0,0,0,0,1,1,0, 0.00095758, 0.00362361, 0.0023301, 0.00061851,-0.00146579,buy
2022-03-21,1,3,0,1,1,2,0,3,1,0,0,0,1,0,0,1,2,1,1,0,0,1,1,1,0,0,0,0,0,0,0,0,0,0,0,0,1,1,0,-0.00162083,-0.00269084,-0.0044933,-0.00053844,-0.00139467,sell
2022-03-22,3,0,0,0,1,2,1,1,1,0,1,0,1,0,0,1,1,0,1,1,1,1,0,0,0,0,0,0,0,0,0,0,0,0,0,0,1,0,0, 0.00509739, 0.00607795, 0.0023870, 0.00496550, 0.00610865,buy
2022-03-23,1,0,1,0,1,3,2,0,0,0,1,0,1,0,0,1,0,1,0,1,0,1,1,1,0,0,0,0,0,0,0,0,0,0,0,0,1,0,0, 0.00504417, 0.00579049, 0.0047260, 0.00350859, 0.00454612,buy
2022-03-24,0,1,0,0,2,3,1,2,0,0,1,0,0,0,0,0,1,1,1,1,1,0,1,1,0,0,0,0,0,0,0,1,0,0,0,0,1,0,0,-0.00180213,-0.00236447, 0.0016135,-0.00333677,-0.00243471,sell
2022-03-25,1,0,0,0,3,4,2,1,0,0,0,1,0,0,1,0,0,1,0,0,1,1,1,1,0,0,0,0,1,0,1,1,0,0,0,0,1,0,0,-0.00238754,-0.00088732,-0.0012042, 0.00112006,-0.00238754,sell
2022-03-26,0,0,0,0,3,4,4,0,0,1,0,1,0,0,1,0,1,1,1,1,1,0,0,0,0,0,0,0,1,0,1,1,0,0,0,1,1,0,0,-0.00412152,-0.00058045,-0.0121025,-0.01007353,-0.00449862,sell
2022-03-27,0,0,0,0,1,6,3,1,0,1,0,1,0,0,1,0,1,0,1,1,0,1,1,1,0,0,0,0,1,0,1,1,0,0,0,1,1,0,0, 0.00127075, 0.00088828, 0.0017294, 0.00121247,-0.00054783,buy
2022-03-28,0,0,0,0,5,4,1,1,0,1,0,0,0,0,0,0,1,1,1,1,1,1,1,0,0,0,0,0,1,0,1,1,0,1,0,1,1,0,0,-0.00038393,-0.00038393, 0.0034292,-0.00032120,-0.00120510,buy
2022-03-29,0,0,0,0,5,4,1,0,0,1,0,0,1,0,0,0,0,0,0,1,0,1,0,1,0,0,0,0,1,0,1,1,0,1,0,1,1,0,0,-0.00120455,-0.00250877, 0.0029207, 0.00058323,-0.00170688,sell
2022-03-30,0,0,0,0,4,4,2,0,0,0,0,0,1,0,0,0,1,1,1,1,1,1,1,1,0,0,0,0,0,0,1,0,0,1,0,1,1,0,0,-0.00145658,-0.00129151, 0.0034758,-0.00100160,-0.00056908,buy
2022-03-31,0,0,0,0,2,6,3,0,0,0,0,0,1,0,0,1,0,1,1,1,1,0,1,1,0,0,0,0,0,1,1,0,0,1,0,0,1,0,0,-0.00000490, 0.00009896, 0.0004685, 0.00022661,-0.00085537,buy
2022-04-01,0,0,0,0,5,2,5,0,0,0,0,0,0,1,1,1,1,1,0,0,2,1,1,1,0,0,0,0,0,1,1,0,0,1,0,0,1,0,0,-0.00533105,-0.00576882,-0.0026176,-0.00210390,-0.00483091,sell
2022-04-02,0,0,0,0,5,1,4,1,0,0,0,0,0,1,1,1,1,1,1,1,1,0,0,0,0,0,0,0,0,1,1,0,0,0,1,0,1,0,0,-0.00070647,-0.00057198,-0.0035000,-0.00353894,-0.00198754,sell
2022-04-03,0,0,0,0,4,3,0,1,0,0,0,0,0,1,1,0,1,0,1,0,0,1,1,1,0,0,0,0,0,1,0,0,0,0,1,0,1,0,0,-0.00226317,-0.00342996,-0.0032820,-0.00374740,-0.00229000,sell
2022-04-04,1,0,0,0,2,1,2,2,0,0,0,0,0,1,0,0,1,1,1,1,1,0,0,0,0,0,0,0,0,1,0,0,0,0,1,0,1,0,0, 0.00427396,-0.00007276, 0.0007159,-0.00055561, 0.00423835,buy
2022-04-05,1,0,0,0,1,2,0,0,0,0,0,0,0,0,0,0,0,0,0,1,0,1,0,0,0,0,0,0,0,0,0,0,0,0,1,0,1,0,0, 0.00420797, 0.00353007, 0.0033872, 0.00359540, 0.00301728,buy
2022-04-06,3,1,0,0,3,1,2,2,1,0,0,0,1,0,0,0,1,1,1,1,1,1,1,1,0,0,0,0,0,0,0,0,0,0,1,0,1,0,0, 0.00196539, 0.00378035, 0.0024217, 0.00256034, 0.00278405,buy
2022-04-07,2,1,1,0,2,2,2,2,1,1,1,0,1,0,0,0,1,1,1,1,1,0,1,1,0,0,0,0,0,0,0,0,0,0,0,0,1,0,0, 0.00233883, 0.00622243, 0.0026397, 0.00268742, 0.00282320,buy
2022-04-08,0,2,1,0,2,1,3,0,1,1,1,0,1,0,0,0,0,1,0,0,1,0,1,1,0,0,0,0,0,0,0,0,0,0,0,0,1,0,0, 0.00093247, 0.00523018, 0.0012710, 0.00127101, 0.00062234,buy
2022-04-09,2,0,2,1,1,1,1,2,0,1,1,1,0,0,0,0,1,1,1,1,1,1,0,0,0,0,0,0,0,0,0,0,0,0,0,0,1,0,0,-0.00221140,-0.00200547,-0.0016308,-0.00248428,-0.00254347,sell
2022-04-10,0,2,1,1,0,1,2,1,0,1,0,1,0,0,0,0,1,1,1,1,0,0,0,0,0,0,0,0,1,0,0,0,0,0,0,0,1,0,0,-0.00318391,-0.00412458,-0.0043352,-0.00415664,-0.00387296,sell
2022-04-11,1,2,2,2,2,1,1,2,0,0,0,1,0,0,0,0,2,0,2,0,1,1,1,1,1,0,1,0,1,0,0,0,0,0,0,0,1,0,0,-0.00325257,-0.00459945,-0.0045994,-0.00459945,-0.00493947,sell
2022-04-12,1,0,3,2,2,1,1,0,0,0,0,0,0,0,0,0,1,1,1,1,1,1,0,0,1,0,1,0,1,0,0,0,0,0,0,0,1,0,0, 0.00356750, 0.00395767, 0.0011611,-0.00148885, 0.00200454,buy
2022-04-13,1,2,1,0,2,1,1,0,0,0,0,0,0,0,0,0,0,0,0,1,0,1,1,1,1,0,1,0,1,0,0,0,0,0,0,0,1,0,0,-0.00006889,-0.00127220,-0.0078352,-0.00015511,-0.00093190,sell
2022-04-14,1,2,3,2,2,3,1,0,1,0,1,0,0,0,0,0,1,1,1,1,1,1,1,1,1,0,1,0,1,0,0,0,0,0,0,0,1,0,0,-0.00119902,-0.00369805,-0.0036590,-0.00116405,-0.00374388,sell
2022-04-15,1,3,2,0,2,3,1,0,1,0,1,0,0,0,0,0,0,2,0,0,1,0,1,2,1,0,1,0,1,0,0,0,0,0,0,0,1,0,0, 0.00174994, 0.00174994, 0.0018706, 0.00240265, 0.00177442,buy
2022-04-16,2,1,3,1,2,4,1,2,1,0,1,0,0,0,0,0,1,1,1,1,1,1,1,1,1,0,1,1,0,0,0,0,0,0,1,0,1,1,0, 0.00352046, 0.00002648, 0.0033155, 0.00352046, 0.00469890,buy
2022-04-17,1,2,0,1,1,3,1,2,1,0,0,0,0,0,1,0,1,1,1,1,0,0,1,0,1,0,0,1,0,0,0,0,0,0,1,0,1,1,0, 0.00511573, 0.00472313,-0.0045015, 0.00470287, 0.00193748,buy
2022-04-18,2,0,1,1,0,2,2,3,0,0,0,0,0,0,1,0,1,0,1,1,1,1,1,1,0,0,0,1,0,0,0,0,0,0,1,0,1,1,0,-0.00065038,-0.00602624,-0.0024622,-0.00154603,-0.00148285,sell
2022-04-19,0,0,2,0,0,3,2,3,0,0,0,0,0,0,1,1,0,1,0,2,0,1,1,0,0,0,0,1,0,0,0,0,0,0,1,0,1,1,0, 0.00333741,-0.00135717, 0.0013326, 0.00117659,-0.00014295,buy
2022-04-20,0,2,1,0,2,2,3,4,0,0,0,0,0,0,0,1,1,0,1,2,1,1,2,1,0,0,0,1,0,0,0,0,0,0,0,0,1,1,1,-0.00528518, 0.00033320,-0.0056010,-0.00384562,-0.00194205,sell
2022-04-21,1,1,0,0,2,3,1,2,0,0,0,0,0,0,0,1,1,1,0,1,1,1,1,1,0,0,0,0,0,0,0,0,0,0,0,0,1,0,1, 0.00400657, 0.00467453, 0.0043170, 0.00400657, 0.00353384,buy
2022-04-22,1,0,0,0,3,2,2,1,0,0,0,0,0,0,0,1,1,1,1,0,1,0,1,1,0,0,0,0,0,0,0,0,0,0,0,0,1,0,1, 0.00098435, 0.00105540, 0.0013211, 0.00100172, 0.00086554,buy
2022-04-23,0,0,0,0,2,3,3,2,0,0,1,0,1,0,0,0,2,1,2,1,0,1,0,0,0,0,0,0,0,0,0,0,0,0,0,0,1,0,1, 0.00042566, 0.00032962, 0.0005013, 0.00064702, 0.00062101,buy
2022-04-24,0,0,0,0,2,3,1,2,0,0,1,0,1,0,0,0,1,0,2,0,1,0,1,1,0,0,0,0,0,0,0,0,0,0,0,0,1,0,1, 0.00008736, 0.00003940,-0.0011386,-0.00003633, 0.00186770,buy
2022-04-25,0,0,0,0,5,1,3,1,1,0,1,0,1,0,0,0,1,1,1,1,1,1,0,0,0,0,0,0,0,0,0,0,0,0,0,1,1,0,1,-0.00235001,-0.00454940,-0.0036248,-0.00426416,-0.00260937,sell
2022-04-26,1,0,0,0,2,3,3,1,1,0,1,1,1,0,0,0,0,1,0,1,0,1,1,1,0,0,0,0,0,0,0,0,0,1,0,1,1,0,0, 0.00121811, 0.00027661,-0.0004988,-0.00136647, 0.00127103,buy
2022-04-27,1,0,0,0,3,4,2,0,1,0,0,1,0,0,0,0,1,0,1,1,1,1,1,1,0,0,1,0,0,0,0,0,0,1,0,1,1,0,0,-0.00048841, 0.00496094, 0.0006425, 0.00608348, 0.00157019,buy
2022-04-28,1,0,0,0,4,4,2,0,1,0,0,1,0,0,0,0,0,1,0,0,1,1,1,1,0,1,1,0,0,0,0,1,0,1,0,1,1,0,0,-0.00089586, 0.00036934,-0.0002179,-0.00083232,-0.00118238,sell
2022-04-29,1,0,0,0,3,2,5,1,1,0,0,1,0,0,0,0,1,1,1,1,1,0,0,1,0,1,1,0,0,0,0,1,0,1,1,1,0,0,0,-0.00039629,-0.00057722, 0.0006019,-0.00003393, 0.00138387,buy
2022-04-30,1,0,0,0,0,4,3,1,0,0,0,1,0,0,0,0,1,1,1,1,0,1,0,0,0,1,1,0,0,0,0,1,0,0,1,0,0,1,0,-0.00217518,-0.00207096,-0.0020822, 0.00009242,-0.00211677,sell
2022-05-01,0,0,0,0,0,4,4,2,0,0,0,0,0,0,0,0,1,1,1,0,1,1,1,1,1,1,1,0,0,0,0,1,0,0,1,0,0,1,0,-0.00137999,-0.00055229,-0.0005523, 0.00004154, 0.00011543,buy
2022-05-02,1,0,0,0,0,3,4,2,0,0,0,0,0,0,0,0,1,0,1,1,1,0,0,1,1,1,1,0,0,0,0,1,0,0,1,0,0,1,0,-0.00079321, 0.00157076, 0.0022720, 0.00087186, 0.00190020,buy
2022-05-03,0,1,0,0,2,2,2,1,0,0,0,0,0,0,0,0,0,1,0,1,0,1,1,0,1,1,0,0,0,1,0,1,0,0,1,0,0,1,0,-0.00448536,-0.00489669,-0.0049347,-0.00119003,-0.00478027,sell
2022-05-04,2,0,1,0,0,4,1,2,0,0,0,0,0,0,0,0,1,0,1,1,1,1,1,1,1,1,0,0,0,1,0,0,0,0,0,0,0,1,0,-0.00009743,-0.00063093,-0.0006309,-0.00043377, 0.00106632,buy
2022-05-05,0,2,1,0,0,3,1,1,0,0,0,0,0,0,0,0,1,0,0,1,1,1,1,1,1,1,0,0,0,1,0,0,0,0,0,0,0,0,0,-0.00687857,-0.00618674,-0.0072498,-0.00589983,-0.00543562,sell
2022-05-06,2,0,2,0,0,1,3,0,0,0,0,0,0,0,0,0,0,1,1,0,1,1,1,1,1,1,0,0,0,1,0,0,0,0,0,0,0,0,0,-0.00039738,-0.00256636,-0.0002762,-0.00039738,-0.00067479,sell
2022-05-07,2,1,2,1,0,0,1,0,0,0,0,0,0,0,0,0,1,1,1,1,1,0,0,1,0,1,0,0,0,1,0,0,0,0,0,0,0,0,0,-0.00554181,-0.00546977,-0.0055418,-0.00523631,-0.00335508,sell
2022-05-08,0,2,1,0,0,0,1,2,0,0,0,0,0,0,0,0,1,1,1,0,0,1,1,0,0,1,0,0,0,0,0,0,0,0,0,0,0,0,0,-0.00463993,-0.00593596,-0.0050635,-0.00417866,-0.00580853,sell
2022-05-09,0,0,4,2,0,1,1,1,0,0,0,0,0,0,0,0,1,1,1,1,1,1,0,1,0,1,0,0,0,0,0,0,0,0,0,1,0,0,0, 0.00038594, 0.00261211, 0.0008795, 0.00087953,-0.00047886,buy
2022-05-10,0,1,1,0,0,2,1,0,0,0,0,0,0,0,0,0,1,0,0,1,0,0,0,0,0,1,0,0,0,0,0,0,0,0,0,1,0,0,1, 0.00225499, 0.00209573,-0.0005746, 0.00056689, 0.00250276,buy
2022-05-11,2,1,2,2,0,2,1,0,0,0,0,0,0,0,0,0,0,1,1,1,1,1,1,1,0,1,0,0,0,0,0,0,0,0,0,1,0,0,1,-0.00070644,-0.00059779,-0.0033660,-0.00034507,-0.00005578,buy
2022-05-12,1,3,2,2,0,2,1,0,0,0,0,0,0,0,0,0,1,0,1,1,2,1,1,1,0,1,0,0,0,0,0,0,0,0,0,1,0,0,1,-0.00184107,-0.00254555,-0.0028193,-0.00182658,-0.00216259,sell
2022-05-13,1,2,4,0,0,1,2,1,0,0,0,0,0,0,0,0,0,1,1,0,2,1,1,1,0,1,1,0,1,0,0,0,0,0,0,0,0,0,1,-0.00083790,-0.00054041,-0.0017193,-0.00092146,-0.00109056,buy
2022-05-14,2,1,4,0,1,1,2,2,0,0,0,0,0,0,0,0,1,2,1,1,1,1,0,1,0,1,1,0,1,0,0,0,0,0,0,0,0,1,1, 0.00079037, 0.00085901,-0.0015739,-0.00004588, 0.00080480,buy
2022-05-15,1,3,0,1,1,0,2,1,0,0,0,0,0,0,0,0,1,2,1,0,0,0,1,0,0,1,1,0,1,0,0,0,0,0,0,0,0,1,0,-0.00476468,-0.00272489,-0.0052533,-0.00421634,-0.00495967,sell
2022-05-16,3,0,0,1,1,0,3,4,0,0,0,0,0,0,0,0,1,1,1,1,1,1,0,1,0,1,1,0,1,0,1,0,0,0,0,0,0,1,0,-0.00081091,-0.00222058,-0.0003891,-0.00384515,-0.00248247,sell
2022-05-17,1,0,1,0,1,1,2,2,1,0,0,0,0,0,0,0,0,0,0,1,0,0,1,0,0,0,1,1,1,0,1,0,0,0,0,0,0,1,0,-0.00007769,-0.00007769,-0.0007840,-0.00261114,-0.00108674,buy
2022-05-18,1,1,1,0,1,0,3,4,1,0,0,0,0,0,0,0,1,1,1,1,1,1,1,1,0,0,0,1,0,0,1,0,0,0,0,0,0,0,0,-0.00213265,-0.00579238,-0.0047231,-0.00477938,-0.00588121,sell
2022-05-19,2,1,0,0,0,2,1,1,1,0,0,0,0,0,0,0,0,0,0,0,1,1,1,1,0,0,0,1,0,0,1,0,0,0,0,0,0,0,0,-0.00657170,-0.00311165,-0.0021858,-0.00341404,-0.00311165,sell
2022-05-20,2,0,0,0,2,0,5,1,1,0,0,0,0,1,0,0,1,1,1,1,1,1,0,1,1,0,0,1,0,0,1,0,0,0,0,0,0,0,0,-0.00271610,-0.00483992,-0.0018918,-0.00368310, 0.00065062,sell
2022-05-21,1,0,0,0,0,3,2,3,1,0,0,0,0,1,0,1,1,1,1,0,0,0,1,0,1,0,0,1,0,0,1,0,0,0,0,0,0,0,0, 0.00562906, 0.00420776, 0.0013347, 0.00562906, 0.00366943,buy
2022-05-22,1,0,0,0,5,0,4,3,1,1,0,1,0,1,0,1,1,1,1,1,1,1,0,1,1,0,0,0,0,0,1,0,0,1,0,1,0,0,0,-0.00226739,-0.00080460,-0.0012080,-0.00199963,-0.00094351,buy
2022-05-23,1,0,0,0,1,1,4,1,0,1,0,1,0,1,0,1,0,0,0,1,0,0,1,0,1,0,0,0,0,0,0,0,0,1,0,1,0,0,0, 0.00489511, 0.00463938, 0.0055137, 0.00472834, 0.00551423,buy
2022-05-24,1,0,0,0,3,1,4,1,0,1,0,1,0,0,0,1,1,1,1,1,1,0,1,1,1,0,0,0,0,0,0,0,0,1,0,1,0,0,0, 0.00352267, 0.00137888,-0.0007719, 0.00184398, 0.00151379,buy
2022-05-25,1,0,0,0,2,3,4,2,0,1,0,1,0,0,0,1,1,1,0,0,1,1,1,2,1,0,0,0,0,0,0,0,0,1,1,1,0,0,0, 0.00362199, 0.00101434, 0.0010143, 0.00194754, 0.00417317,buy
2022-05-26,1,0,0,0,3,2,3,1,0,0,0,1,0,0,0,0,0,0,1,0,1,1,1,1,1,0,0,0,0,0,0,0,0,1,1,1,0,0,0, 0.00075263, 0.00073761, 0.0009999, 0.00124658, 0.00195954,buy
2022-05-27,1,0,0,0,4,1,3,2,0,0,0,1,0,0,0,0,1,1,2,1,1,1,0,1,0,0,0,0,0,0,0,0,0,0,1,0,0,0,1, 0.00165109, 0.00181283, 0.0018128, 0.00181283,-0.00100510,buy
2022-05-28,1,0,0,0,0,3,2,2,0,0,1,1,1,0,0,0,1,1,1,0,0,0,1,0,0,0,0,0,0,0,0,0,0,0,1,0,0,0,1, 0.00433858, 0.00567997, 0.0042389, 0.00566245, 0.00455013,buy
2022-05-29,2,0,0,0,1,0,5,3,0,0,1,1,1,0,0,0,1,1,1,1,1,0,0,1,0,0,0,0,0,0,0,1,0,0,0,0,0,0,1, 0.00263389, 0.00300186,-0.0009890, 0.00625463, 0.00156487,buy
2022-05-30,1,1,0,0,3,0,4,2,0,0,1,1,1,0,0,0,1,1,0,1,0,1,1,1,0,0,0,0,0,0,0,1,1,0,0,0,0,0,1, 0.00593469, 0.00647733, 0.0084596, 0.00808966, 0.00770698,buy
2022-05-31,2,1,1,0,3,0,2,2,0,0,1,1,1,0,0,0,0,0,1,2,1,0,1,0,0,0,0,0,0,0,0,1,1,0,0,0,0,0,1, 0.00241856, 0.00672428, 0.0069272, 0.00745874, 0.00586027,buy
2022-06-01,2,2,1,0,2,1,2,4,0,0,1,0,1,0,0,0,1,1,1,1,2,0,1,1,0,0,0,1,0,0,0,1,1,0,0,0,0,0,1, 0.00269898, 0.00589823, 0.0059824, 0.00640126, 0.00313159,buy
2022-06-02,0,3,0,0,3,0,2,1,0,0,1,0,1,0,0,0,0,0,0,0,1,1,1,1,0,0,0,1,0,0,0,1,1,0,0,0,0,0,0,-0.00112493, 0.00882618, 0.0074161, 0.00667775,-0.00062175,buy
2022-06-03,1,1,2,1,1,1,1,1,0,0,1,0,1,0,0,0,0,0,1,1,1,1,0,1,0,0,0,1,0,0,0,0,1,0,0,0,0,0,0,-0.00220174, 0.00218478,-0.0008756,-0.00122381,-0.00194761,buy
2022-06-04,2,2,1,0,1,1,2,1,0,0,1,0,1,0,0,0,1,1,1,0,0,1,0,1,0,0,0,1,0,0,0,0,1,1,0,0,0,0,0, 0.00418070, 0.00245607, 0.0053059, 0.00491118, 0.00378923,buy
2022-06-05,1,3,1,1,2,1,2,2,0,0,1,1,1,0,0,0,1,1,1,0,1,1,1,0,0,0,0,1,0,1,0,0,1,1,0,0,0,0,0, 0.00066735, 0.00422568, 0.0042257, 0.00118414, 0.00422568,buy
2022-06-06,1,0,4,2,2,2,1,1,0,1,1,1,1,0,0,0,1,1,1,1,1,0,0,1,0,0,0,0,0,1,0,0,1,1,0,0,0,0,0,-0.00104406,-0.00168947,-0.0017266,-0.00183394,-0.00218009,sell
2022-06-07,2,1,1,0,2,2,1,2,0,1,1,1,1,0,0,0,0,1,0,1,0,1,1,0,0,0,0,0,0,1,0,0,1,1,0,0,0,0,0,-0.00450173,-0.00354115,-0.0026847,-0.00421433,-0.00298375,sell
2022-06-08,2,1,2,2,2,2,1,1,0,1,1,1,1,0,0,0,1,0,1,1,1,0,1,1,0,0,0,0,0,1,0,0,1,1,0,0,0,0,0,-0.00316869,-0.00274403,-0.0021645,-0.00341750,-0.00243841,sell
2022-06-09,2,2,2,2,1,1,1,0,0,1,1,1,0,0,0,0,1,1,0,0,1,1,1,2,0,0,0,0,0,1,0,0,0,0,0,0,0,0,0,-0.00363793,-0.00320666,-0.0019689,-0.00412991,-0.00312535,sell
2022-06-10,3,1,2,0,0,1,0,1,0,1,0,1,0,0,0,0,0,0,1,1,1,1,1,1,0,0,0,0,0,0,0,0,0,0,0,0,0,1,0,-0.00232153,-0.00260407, 0.0028181,-0.00241979,-0.00272501,sell
2022-06-11,2,2,2,1,0,1,0,0,0,1,0,1,0,0,0,0,1,1,1,0,0,1,1,1,0,0,0,0,0,0,0,0,0,0,0,0,0,1,0, 0.00340054, 0.00340054, 0.0023736, 0.00213214, 0.00166989,buy
2022-06-12,2,2,1,1,0,1,1,1,0,1,0,1,0,0,0,0,1,1,1,1,1,1,1,0,0,0,0,0,0,0,0,0,0,0,0,0,0,1,0, 0.00044079, 0.00075749,-0.0000468, 0.00141476, 0.00046557,buy
2022-06-13,3,1,1,0,0,3,0,1,0,1,0,1,0,0,0,0,1,2,0,1,0,0,1,1,0,0,0,0,0,0,0,1,0,0,0,0,0,1,0, 0.00387412,-0.00018275,-0.0020324,-0.00089318, 0.00094857,buy
2022-06-14,2,1,1,1,1,2,1,2,0,1,0,0,0,0,0,0,0,1,1,1,1,1,2,0,0,0,1,0,1,0,0,1,0,0,0,0,0,0,0,-0.00644430,-0.00140927,-0.0062918,-0.00277052,-0.00773743,sell
2022-06-15,2,1,0,0,0,3,1,3,0,1,0,0,0,0,0,0,1,1,0,0,1,0,2,1,0,0,1,0,1,0,0,1,0,0,0,0,0,0,0,-0.00381136,-0.00392888,-0.0038114,-0.00153859,-0.00375229,sell
2022-06-16,2,0,1,0,1,3,1,2,0,1,0,0,0,0,0,0,0,1,1,1,1,1,1,1,0,0,1,0,1,0,0,1,0,0,0,0,0,0,0,-0.00490264,-0.00204708,-0.0071932,-0.00498866,-0.00517268,sell
2022-06-17,1,1,1,0,1,3,2,4,0,1,0,0,0,0,0,1,1,0,1,0,0,1,1,1,0,0,1,1,1,0,0,1,0,1,0,1,0,0,0,-0.00811211,-0.00803107,-0.0089211,-0.00242886,-0.00252547,sell
2022-06-18,2,0,1,0,2,2,3,4,1,1,0,0,0,0,0,1,1,1,1,1,1,1,1,0,0,0,1,1,1,0,0,0,0,1,0,1,0,0,0,-0.00218505, 0.00349905,-0.0035809,-0.00194738, 0.00380727,buy
2022-06-19,1,0,1,0,1,3,2,2,1,1,0,0,0,0,0,1,1,1,0,1,0,0,0,1,0,0,0,1,0,0,0,0,0,1,1,1,0,0,0, 0.00071486,-0.00012141, 0.0000683, 0.00158122,-0.00224476,sell
2022-06-20,1,0,1,0,2,2,4,2,1,1,0,0,0,0,0,1,0,1,1,2,1,0,1,0,0,0,0,1,0,0,0,0,0,1,1,1,0,0,0,-0.00655460,-0.00314854,-0.0053455,-0.00717946,-0.00394141,sell
2022-06-21,1,0,1,0,2,3,2,2,1,0,0,0,0,0,0,1,1,0,0,1,1,1,1,1,0,0,0,1,0,1,0,0,0,0,1,0,1,0,0,-0.00152691,-0.00048485,-0.0014775, 0.00019248,-0.00178364,sell
2022-06-22,1,0,0,0,2,3,2,0,1,0,0,0,0,0,0,0,0,1,0,0,2,0,1,1,0,0,0,0,0,1,0,0,0,0,1,0,1,0,0,-0.00388525,-0.00388525,-0.0054431,-0.00185140,-0.00388525,sell
2022-06-23,1,1,0,0,3,1,3,1,0,0,0,1,0,0,0,0,1,0,1,1,1,1,0,1,0,0,0,0,0,1,0,0,0,0,1,0,1,0,0,-0.00316269,-0.00181626,-0.0018163,-0.00242914,-0.00336600,sell
2022-06-24,0,1,0,0,2,3,1,0,0,0,0,1,0,0,0,0,1,0,1,0,0,1,1,1,0,0,0,0,0,1,0,0,0,0,0,0,1,0,0,-0.00516388,-0.00743458,-0.0034159,-0.00815408,-0.00792176,sell
2022-06-25,2,1,0,0,2,3,1,1,0,0,0,1,0,0,0,0,1,1,1,1,1,1,1,0,0,0,0,0,0,1,1,0,0,0,0,0,1,0,0,-0.00009848,-0.00209568, 0.0013579,-0.00009848,-0.00085544,sell
2022-06-26,1,2,0,0,2,2,1,3,0,0,0,1,0,0,0,0,1,1,0,1,0,1,0,1,1,0,0,0,0,1,1,0,0,0,0,0,1,0,1, 0.00734667, 0.00739179, 0.0018140, 0.00102663, 0.00902414,buy
2022-06-27,2,1,0,0,3,0,2,3,0,0,0,0,0,0,1,0,0,1,1,1,1,0,1,0,1,0,0,0,0,0,1,1,0,0,0,0,1,0,1, 0.00346131, 0.00775671, 0.0009660, 0.00283192, 0.00315373,buy
2022-06-28,3,0,1,0,2,1,2,4,0,0,0,0,0,0,1,0,1,1,1,1,1,1,1,1,1,0,0,0,0,0,1,1,0,0,0,0,1,0,1, 0.00195221,-0.00058042, 0.0004366, 0.00015945, 0.00182385,buy
2022-06-29,2,2,0,0,2,0,2,3,0,0,0,0,0,0,1,0,1,0,0,0,1,1,1,1,1,0,0,0,1,0,1,1,0,0,0,0,1,0,1, 0.00087659, 0.00042846,-0.0010113, 0.00087659, 0.00087659,buy
2022-06-30,2,2,1,1,1,0,2,3,0,0,0,0,0,0,0,0,0,1,1,1,1,0,1,1,1,0,0,0,1,0,1,1,0,0,0,0,1,0,1, 0.00093019,-0.00293328, 0.0000516, 0.00093714, 0.00046289,sell
2022-07-01,2,2,1,1,2,0,0,2,0,0,1,0,1,0,0,0,1,0,1,1,0,1,0,1,1,0,0,0,1,0,0,0,0,0,0,0,1,0,0, 0.00151140, 0.00180788, 0.0006367, 0.00127187, 0.00334397,buy
2022-07-02,1,4,0,1,2,1,0,2,0,0,1,0,1,0,0,0,1,0,1,0,1,1,1,0,0,0,0,0,1,0,0,0,1,0,1,0,1,0,0,-0.00237570,-0.00239549,-0.0023757,-0.00273665,-0.00281794,sell
2022-07-03,2,3,3,2,1,2,1,1,0,1,1,1,1,0,0,0,1,1,1,1,1,1,0,1,0,0,0,0,1,0,0,0,1,0,1,0,1,0,0, 0.00563266, 0.00567076, 0.0050010, 0.00248643, 0.00563266,buy
2022-07-04,1,3,2,1,1,1,2,0,0,1,0,1,0,0,0,0,1,1,0,1,0,1,1,1,0,0,0,0,0,0,0,0,1,0,1,0,1,0,0,-0.00391000,-0.00414149,-0.0018920,-0.00391000,-0.00391000,sell
2022-07-05,2,1,3,1,1,2,1,0,0,1,0,1,0,0,1,0,0,1,1,1,1,0,1,0,0,0,0,0,0,0,0,0,1,0,1,0,1,0,0, 0.00260170, 0.00196985, 0.0018675, 0.00260170, 0.00125213,buy
2022-07-06,0,2,2,1,2,2,1,1,0,1,0,0,0,0,1,0,1,1,0,0,1,1,1,1,0,0,0,0,0,0,0,0,1,0,0,0,1,1,0,-0.00014602,-0.00241677,-0.0032099,-0.00131268,-0.00124257,sell
2022-07-07,2,1,2,0,2,2,0,2,0,0,0,0,0,0,1,1,0,0,1,1,1,1,1,1,0,0,0,0,0,0,0,0,1,0,0,0,1,1,0, 0.00401243, 0.00350304, 0.0008040, 0.00080401, 0.00183472,buy
2022-07-08,2,2,2,1,1,1,1,2,1,0,0,0,1,0,0,1,1,1,2,1,0,0,0,1,0,0,0,0,0,1,0,0,1,0,0,0,0,1,0, 0.00069265, 0.00700081, 0.0004644, 0.00674569, 0.00069265,buy
2022-07-09,3,3,0,1,1,1,1,2,1,0,0,0,1,0,0,1,1,0,2,0,1,1,1,0,0,0,0,0,0,1,0,0,1,0,0,0,0,1,0, 0.00064705, 0.00721414, 0.0029512, 0.00686483, 0.00074308,buy
2022-07-10,2,3,1,0,0,1,2,3,1,0,0,0,1,0,0,0,2,1,1,1,1,1,0,1,0,0,0,0,0,1,0,0,1,0,0,0,0,0,0,-0.00112150, 0.00495783, 0.0037884, 0.00411370, 0.00173483,buy
2022-07-11,2,1,2,0,0,1,2,1,0,0,0,0,0,0,0,0,1,1,1,1,1,1,1,0,0,0,0,0,0,1,0,0,0,0,0,1,0,0,0,-0.00009466,-0.00009466, 0.0005672,-0.00021597,-0.00147769,sell
2022-07-12,2,2,0,0,1,1,3,3,0,0,0,0,0,0,0,0,1,1,1,1,2,0,1,1,0,0,0,0,0,1,1,0,0,1,0,1,0,0,0, 0.00306389, 0.00183576, 0.0024455, 0.00189504, 0.00282155,buy
2022-07-13,2,1,0,1,1,2,2,2,0,0,0,0,0,0,1,0,1,0,1,0,2,1,1,1,0,0,0,0,0,0,1,0,0,1,0,1,0,0,0, 0.00154671, 0.00168099, 0.0025486, 0.00175356, 0.00255811,buy
2022-07-14,1,2,2,0,2,1,3,2,0,0,0,0,0,0,1,1,1,1,2,1,1,0,0,1,0,0,0,0,1,0,1,0,0,1,1,1,0,0,0,-0.00253368,-0.00144689,-0.0011897,-0.00194945, 0.00218792,sell
2022-07-15,1,2,4,0,1,2,1,2,0,0,0,0,1,1,0,1,2,0,2,0,1,1,1,0,0,0,1,0,1,0,1,0,0,1,1,0,0,0,0, 0.00581816, 0.00469257, 0.0047369, 0.00507653, 0.00385594,buy
2022-07-16,2,3,4,0,3,1,1,0,0,0,1,0,1,1,0,1,2,1,1,1,1,2,0,1,0,0,1,0,1,0,1,0,0,0,1,0,0,0,0, 0.00410840, 0.00161622,-0.0000972,-0.00274498,-0.00179741,buy
2022-07-17,2,1,3,1,2,2,2,0,0,0,1,1,1,1,0,0,1,2,0,1,1,1,1,0,0,0,1,0,1,0,0,0,0,0,1,0,0,0,0, 0.00324168, 0.00372976,-0.0000218, 0.00249039,-0.00116332,buy
2022-07-18,3,0,1,2,2,2,1,0,0,0,1,1,0,1,0,0,1,1,1,1,1,1,1,1,0,0,1,1,1,0,0,0,0,0,0,0,0,0,0, 0.00254494,-0.00051972,-0.0005197,-0.00097852,-0.00495252,sell
2022-07-19,1,0,0,2,3,3,0,0,0,0,0,1,0,0,0,0,1,1,0,0,1,0,1,2,0,0,1,1,0,0,0,0,0,0,0,0,0,1,0,-0.00076444, 0.00205606,-0.0009150,-0.00091498,-0.00064429,buy
2022-07-20,1,0,0,1,2,2,1,2,0,0,0,0,0,0,0,0,0,0,1,1,1,1,1,1,0,0,1,1,0,0,0,0,0,0,0,0,0,1,0, 0.00097327, 0.00011491, 0.0004460, 0.00111250, 0.00055518,buy
2022-07-21,1,0,1,1,1,2,1,0,0,0,0,0,0,0,0,1,1,1,1,0,0,0,0,1,0,0,0,1,0,0,0,0,0,0,0,0,0,1,1, 0.00450999, 0.00319327, 0.0059998, 0.00424773, 0.00319327,buy
2022-07-22,3,0,1,1,0,2,1,1,1,0,0,0,0,0,0,1,1,0,1,1,1,0,1,0,0,0,0,1,0,0,0,0,0,0,0,0,0,1,1, 0.00201187, 0.00203239, 0.0008897, 0.00193769, 0.00095648,buy
2022-07-23,3,2,1,0,0,0,2,2,1,0,1,0,0,0,0,1,1,0,0,1,0,1,0,1,0,0,0,0,0,0,0,1,0,0,0,1,0,0,1,-0.00567531,-0.00455922,-0.0053659,-0.00562630,-0.00530104,sell
2022-07-24,2,3,0,0,2,1,1,1,1,0,1,0,0,0,0,0,1,1,0,1,0,1,1,0,0,0,0,0,0,0,0,1,0,0,0,1,0,0,1, 0.00095704, 0.00095704, 0.0003048,-0.00154034, 0.00102325,buy
2022-07-25,1,2,1,0,1,2,0,3,0,1,1,0,0,0,0,0,0,1,1,1,1,1,1,0,0,0,0,0,0,0,0,1,0,0,0,1,0,0,0,-0.00643703,-0.00447348,-0.0011827,-0.00476722,-0.00120846,sell
2022-07-26,1,2,1,0,1,1,1,3,0,1,0,0,0,0,0,0,1,1,0,0,1,1,1,1,0,0,0,0,0,0,1,1,0,0,0,1,0,0,0,-0.00705767,-0.00882443,-0.0033204,-0.00749165,-0.00660845,sell
2022-07-27,1,1,2,1,0,0,2,2,0,1,0,0,0,0,1,0,0,1,1,1,1,0,1,1,0,0,0,0,0,0,1,0,0,0,0,0,0,0,0,-0.00157008,-0.00069023,-0.0009467,-0.00178710,-0.00375394,sell
2022-07-28,2,0,2,1,0,0,0,2,0,1,0,0,0,0,1,0,1,0,1,1,0,1,0,1,0,0,0,0,0,0,1,0,0,0,0,0,0,0,0,-0.00455760,-0.00496283,-0.0038149,-0.00432518,-0.00401929,sell
2022-07-29,2,1,1,0,0,0,0,3,0,0,0,0,0,0,1,0,1,1,1,0,0,0,1,0,1,0,0,0,0,0,1,0,0,0,0,0,0,0,0, 0.00627552, 0.00449136, 0.0065136, 0.00651359, 0.00669420,buy
2022-07-30,1,2,3,2,0,0,1,0,1,0,0,0,1,0,0,0,1,0,1,1,1,0,0,0,1,0,0,0,0,0,1,0,1,0,0,0,0,0,0, 0.00480959, 0.00480487, 0.0048096, 0.00449479, 0.00480959,buy
2022-07-31,1,3,2,2,1,0,2,0,1,0,1,0,1,0,0,0,1,0,0,1,0,1,0,1,1,0,1,0,0,0,0,0,1,0,0,0,0,1,0,-0.00257359,-0.00014061, 0.0007516, 0.00008711,-0.00019300,buy
2022-08-01,4,3,3,2,0,1,2,0,1,0,1,1,1,0,0,0,0,1,1,1,1,1,1,0,1,0,1,0,0,0,0,0,1,0,0,0,0,1,1,-0.00044908, 0.00177017, 0.0007269,-0.00028435, 0.00142100,buy
2022-08-02,2,5,3,1,0,0,3,0,0,0,1,1,0,0,0,0,1,1,0,1,1,1,1,1,1,0,1,0,0,0,0,0,1,0,0,0,0,1,1, 0.00157106, 0.00237221, 0.0005137, 0.00237221, 0.00245027,buy
2022-08-03,2,3,3,1,0,0,3,0,0,0,0,1,0,0,0,0,1,1,0,0,1,1,1,1,1,0,1,0,0,0,0,0,1,0,0,0,0,1,1,-0.00087320,-0.00209916, 0.0013533,-0.00209916,-0.00084138,sell
2022-08-04,2,2,2,0,0,0,2,1,0,0,0,0,0,0,0,0,0,0,1,1,1,0,0,1,0,0,1,0,0,0,0,0,1,0,0,1,0,1,1, 0.00319274, 0.00201872, 0.0025497, 0.00425290, 0.00016632,buy
2022-08-05,0,1,2,3,0,0,1,1,0,0,0,0,0,0,0,1,1,1,1,0,0,1,1,0,0,0,0,0,0,0,0,0,1,0,0,1,0,0,0, 0.00082252, 0.00034584, 0.0006972, 0.00010464, 0.00034584,buy
2022-08-06,2,1,1,3,0,0,2,2,0,0,0,0,0,0,0,1,1,1,1,1,1,0,1,1,0,0,0,0,0,0,0,0,1,1,0,1,0,0,0,-0.00085864, 0.00010723, 0.0018121,-0.00054347,-0.00098525,buy
2022-08-07,3,0,2,2,0,1,0,1,0,0,0,0,0,0,0,1,1,0,0,1,0,1,1,1,0,0,0,0,0,0,0,0,0,1,1,1,0,0,0,-0.00609304,-0.00465242,-0.0071651,-0.00442444,-0.00541697,sell
2022-08-08,1,2,3,1,1,0,2,1,1,0,0,0,0,0,0,0,0,1,1,1,1,1,2,1,0,0,0,0,0,0,0,0,0,1,1,0,0,0,0,-0.00132874,-0.00132874,-0.0023212,-0.00282519,-0.00451005,sell
2022-08-09,2,3,2,1,0,2,1,2,1,0,0,0,0,0,0,0,1,1,0,0,1,2,2,2,0,0,0,0,0,1,0,0,0,1,1,0,0,0,0, 0.00071047, 0.00268308, 0.0024967, 0.00484353, 0.00249503,buy
2022-08-10,2,1,2,1,2,1,1,1,1,0,0,1,0,0,0,0,0,1,1,1,1,1,1,2,0,0,0,0,0,1,0,0,0,0,1,0,0,0,0, 0.00042258,-0.00146195, 0.0016709, 0.00035127, 0.00226329,buy
2022-08-11,0,1,0,1,1,1,1,2,0,0,0,1,0,0,0,0,1,0,1,0,0,1,1,1,0,0,0,0,0,1,0,0,0,0,0,0,0,0,0, 0.00033215,-0.00049000, 0.0010550,-0.00001976,-0.00045688,buy
2022-08-12,0,1,1,2,2,1,0,3,0,0,0,1,0,0,0,0,1,1,1,1,1,1,1,1,0,0,0,0,1,1,0,0,0,0,0,0,0,0,1, 0.00338784, 0.00338784, 0.0045841, 0.00338784,-0.00028955,buy
2022-08-13,0,1,1,1,1,1,1,1,0,0,0,1,0,0,0,0,1,0,0,1,0,0,1,1,0,0,0,0,1,1,0,0,0,0,0,0,0,0,1,-0.00816798,-0.00807064,-0.0083001,-0.00208283,-0.00795069,sell
2022-08-14,0,1,2,1,2,0,3,0,0,0,0,0,0,0,0,0,0,1,1,1,1,1,1,1,1,0,0,0,1,0,0,0,0,0,0,0,0,0,1, 0.00137025, 0.00233626, 0.0003575, 0.00137025,-0.00118316,buy
2022-08-15,1,2,1,1,1,4,0,0,0,0,0,0,0,0,1,0,1,1,0,0,1,1,1,2,1,0,1,0,1,0,0,0,0,0,0,0,0,0,0,-0.00192808,-0.00168725,-0.0000850, 0.00002890,-0.00002185,sell
2022-08-16,3,1,1,1,3,1,1,1,0,0,0,0,0,0,1,0,0,1,1,1,1,1,1,1,1,0,1,0,1,0,0,1,0,0,0,0,0,0,0, 0.00125541, 0.00191566,-0.0003192, 0.00459757,-0.00433758,buy
2022-08-17,2,1,3,0,2,1,1,1,0,0,0,0,1,0,1,0,1,1,1,1,0,0,0,1,1,0,1,1,0,0,0,1,0,0,0,0,0,0,0, 0.00362327, 0.00119673,-0.0010802, 0.00496401, 0.00502220,buy
2022-08-18,2,2,3,0,0,2,1,1,0,0,0,0,1,0,1,0,1,0,2,0,1,0,1,0,1,0,1,1,0,0,0,1,0,1,0,0,0,0,0,-0.00056863, 0.00036861, 0.0018419,-0.00070597,-0.00045250,buy
2022-08-19,2,1,3,1,0,1,1,2,0,0,1,0,1,0,0,0,1,1,1,1,0,1,0,1,0,0,1,1,0,0,0,1,0,1,0,0,0,0,0,-0.00338044,-0.00001910, 0.0003670, 0.00070884, 0.00051453,buy
2022-08-20,0,2,2,1,1,0,1,0,0,0,1,0,1,0,0,0,1,0,0,1,0,0,1,0,0,0,0,1,0,0,0,0,0,1,0,0,0,0,0,-0.00216776,-0.00216776,-0.0021678,-0.00348683,-0.00307309,sell
2022-08-21,3,1,2,2,2,0,1,1,0,0,1,1,0,0,0,0,0,1,1,1,1,1,1,1,0,0,0,1,0,0,1,0,0,1,0,0,0,0,0,-0.00878177,-0.00518700,-0.0010033,-0.00518700,-0.00475102,sell
2022-08-22,2,1,0,2,1,1,1,2,0,0,1,1,0,0,0,0,1,1,0,0,1,1,1,1,0,1,0,0,0,0,1,0,0,0,0,0,0,0,0, 0.00199312, 0.00268870, 0.0019923, 0.00173826, 0.00149973,buy
2022-08-23,2,1,2,1,0,2,1,1,0,0,0,1,0,0,0,1,0,1,1,0,1,1,1,1,0,1,0,0,0,0,1,0,0,0,0,0,0,0,0,-0.00585400,-0.00688909,-0.0044827,-0.00687430,-0.00687430,sell
2022-08-24,2,0,2,2,1,0,1,1,0,0,0,1,0,0,0,1,0,1,1,1,0,1,0,1,0,1,0,0,0,0,1,0,0,0,0,0,0,0,0, 0.00417547, 0.00255131, 0.0016947, 0.00169467, 0.00213396,buy
2022-08-25,1,1,1,0,0,0,0,3,0,0,0,0,0,0,0,1,1,0,1,0,0,0,1,0,0,1,0,0,0,0,0,0,0,0,0,0,0,1,0,-0.00366891,-0.00446447,-0.0036689,-0.00478082,-0.00446447,sell
2022-08-26,0,1,3,2,0,0,0,3,0,0,0,0,0,0,0,1,1,0,1,1,1,0,1,1,0,1,0,0,0,0,0,0,0,0,0,0,0,1,0,-0.00121327,-0.00510424, 0.0017868,-0.00103249,-0.00083890,sell
2022-08-27,0,1,1,2,0,0,0,3,0,0,0,0,0,0,0,0,1,1,0,1,0,1,0,1,0,1,0,0,0,0,0,0,0,0,0,1,0,1,0, 0.00011692, 0.00166164, 0.0016616, 0.00184506, 0.00062790,buy
2022-08-28,1,3,2,2,0,0,0,2,0,0,0,0,0,0,1,0,0,0,1,1,1,0,1,0,1,1,0,0,0,0,0,1,0,0,0,1,0,1,0,-0.00184457, 0.00057705, 0.0010514, 0.00298540, 0.00191501,buy
2022-08-29,3,4,2,3,1,0,0,1,0,1,0,0,0,0,1,0,1,1,1,1,1,1,1,1,1,1,0,0,0,0,0,1,0,0,0,1,0,0,0,-0.00429263, 0.00471840,-0.0045404, 0.00373756, 0.00027839,buy
2022-08-30,2,6,3,2,1,0,0,1,0,1,0,0,1,0,1,0,1,1,0,0,2,1,1,1,1,1,0,0,0,0,0,1,0,1,0,1,0,0,0,-0.00181093, 0.00856573, 0.0050034,-0.00232234,-0.00229517,buy
2022-08-31,3,4,5,1,0,1,0,2,1,1,0,0,1,0,1,0,0,1,1,1,1,1,1,1,1,1,0,0,0,0,0,1,0,1,1,0,0,0,0, 0.00120356, 0.00416242, 0.0021072, 0.00203487, 0.00201684,buy
2022-09-01,1,4,5,2,0,0,1,1,1,1,0,0,1,0,1,0,1,1,1,0,0,1,0,0,1,1,0,1,0,0,0,0,0,1,1,0,0,0,1,-0.00179113,-0.00046810, 0.0021867,-0.00179113,-0.00106803,buy
2022-09-02,2,3,2,3,0,0,1,2,1,1,0,0,1,0,0,0,1,0,1,1,1,0,1,1,0,0,0,1,0,0,0,0,0,1,1,0,0,0,1,-0.00467712,-0.00449231,-0.0009062,-0.00658637,-0.00481284,sell
2022-09-03,2,2,1,3,0,1,0,1,1,1,0,0,1,0,0,0,1,1,0,1,0,1,0,0,0,0,0,1,0,0,0,0,0,0,1,0,0,0,1, 0.00656672, 0.00358970, 0.0011073, 0.00358970, 0.00175053,buy
2022-09-04,1,2,1,2,1,0,2,1,1,1,0,0,1,0,0,0,0,0,1,1,1,0,1,1,0,0,0,1,0,0,0,0,0,0,0,0,0,0,1,-0.00129945,-0.00409093,-0.0005571,-0.00096647, 0.00173551,sell
2022-09-05,2,2,1,1,0,2,0,1,1,1,0,0,0,0,0,0,1,1,0,0,1,1,1,1,0,0,0,1,0,0,0,0,0,0,0,0,0,0,0,-0.00300773,-0.00276788,-0.0098738, 0.00059604,-0.00296240,sell
2022-09-06,3,1,0,1,2,1,1,0,1,1,0,0,0,0,0,0,0,1,1,1,1,1,1,2,0,0,0,0,0,0,0,0,0,0,0,0,0,0,0,-0.00575707,-0.00520834,-0.0054887,-0.00465732,-0.00538457,sell
2022-09-07,2,1,0,0,1,1,1,0,0,1,0,0,0,0,0,0,1,1,1,1,0,1,0,1,0,0,0,0,0,0,0,0,0,0,0,0,0,0,0, 0.00553678, 0.00532855, 0.0016027, 0.00461671, 0.00229319,buy
2022-09-08,1,1,2,0,2,1,0,1,0,1,0,0,0,0,0,1,1,0,1,1,1,1,1,1,0,0,0,0,0,0,0,1,0,0,0,0,0,0,0,-0.00048359,-0.00070981,-0.0004494,-0.00116221,-0.00116221,buy
2022-09-09,2,1,1,0,2,1,0,1,0,1,0,0,0,0,0,1,1,1,0,2,0,0,0,1,0,0,0,0,0,1,0,1,0,0,0,0,0,0,0,-0.00139203,-0.00079541,-0.0012761,-0.00529828,-0.00105897,sell
2022-09-10,1,1,2,1,2,1,2,1,0,0,0,0,0,0,0,1,0,1,1,2,1,1,1,1,0,0,0,0,1,1,0,1,0,0,0,0,0,0,0,-0.00205459,-0.00211658,-0.0038637, 0.00037344,-0.00279201,sell
2022-09-11,1,1,2,0,1,3,1,0,0,0,0,0,0,0,0,1,1,0,1,1,1,0,1,2,0,0,0,0,1,1,0,1,0,0,0,0,0,0,0,-0.00268762,-0.00243220,-0.0026783,-0.00373755,-0.00167666,sell
2022-09-12,1,2,2,0,2,1,3,0,0,0,0,0,0,0,0,1,0,1,1,0,1,1,1,2,0,0,0,0,1,1,0,0,0,0,1,0,0,0,0, 0.00575954, 0.00270934, 0.0055486, 0.00526839, 0.00069898,buy
2022-09-13,1,3,1,0,2,1,1,1,0,0,0,0,0,0,0,1,1,1,1,1,0,1,0,1,0,0,0,0,1,1,0,0,0,0,1,0,0,0,0,-0.00026728,-0.00213694,-0.0007421,-0.00155945,-0.00043850,sell
2022-09-14,0,3,1,1,2,2,0,2,0,0,0,0,0,0,0,1,2,1,1,0,1,1,1,0,0,0,1,0,1,0,0,0,1,0,1,0,0,0,0,-0.00119836, 0.00153247, 0.0008662, 0.00029817, 0.00088933,buy
2022-09-15,2,2,1,2,0,1,1,3,1,0,0,0,0,0,0,1,1,0,1,1,1,1,1,1,0,0,1,0,0,0,1,0,1,0,1,0,0,0,0, 0.00304392, 0.00359747, 0.0035975, 0.00308238, 0.00276114,buy
2022-09-16,0,2,1,2,0,0,1,1,1,0,0,0,1,0,0,0,1,1,0,1,0,0,0,0,0,0,1,0,0,0,1,0,1,0,0,0,0,0,0, 0.00352424, 0.00539423, 0.0036958, 0.00336369, 0.00352424,buy
2022-09-17,3,2,2,2,1,0,0,3,1,0,0,0,1,0,1,0,0,1,1,1,1,1,1,1,0,0,1,1,0,0,1,0,1,0,0,0,0,0,0, 0.00657328, 0.00717841, 0.0071784, 0.00717841, 0.00531902,buy
2022-09-18,3,4,2,2,0,1,0,3,1,0,0,0,1,0,1,0,1,0,0,1,1,1,1,2,0,0,1,1,0,0,1,0,1,0,0,0,0,1,0,-0.00348373,-0.00273433,-0.0024531,-0.00250884,-0.00358669,sell
2022-09-19,2,3,3,1,1,0,1,1,1,0,0,0,1,0,1,0,0,1,0,0,1,0,1,1,0,0,0,1,0,0,1,0,1,0,0,1,0,1,0, 0.00697338, 0.00572015, 0.0068911, 0.00670513, 0.00510545,buy
2022-09-20,3,2,3,2,0,1,2,0,1,0,0,0,1,0,1,0,0,1,1,1,1,1,1,1,0,0,0,1,0,0,0,0,0,0,0,1,0,1,0, 0.00092520, 0.00123468, 0.0009252, 0.00105709, 0.00092520,buy
2022-09-21,3,3,1,1,0,2,0,0,1,0,0,0,1,0,1,0,1,1,1,0,0,1,0,0,0,0,0,1,0,0,0,0,0,0,0,1,0,1,0, 0.00293788, 0.00306131, 0.0029379, 0.00293788, 0.00162334,buy
2022-09-22,0,2,4,3,0,1,1,1,0,0,0,0,0,1,1,0,1,1,1,1,1,1,1,1,0,0,0,0,0,0,0,0,0,1,0,1,0,0,1, 0.00010252, 0.00097222, 0.0016018, 0.00062658,-0.00036375,buy
2022-09-23,0,0,3,1,1,0,0,0,0,0,0,0,0,1,0,0,1,0,0,1,0,1,0,0,0,0,0,0,0,0,0,0,0,1,0,0,0,0,1, 0.00345962, 0.00323601, 0.0025345, 0.00314175, 0.00289153,buy
2022-09-24,2,2,2,1,0,0,0,1,0,0,0,0,0,1,0,0,0,1,0,1,1,0,1,0,0,0,0,0,0,1,0,0,0,1,1,0,0,0,1, 0.00255550, 0.00255550, 0.0024313, 0.00027668,-0.00025843,buy
2022-09-25,3,4,3,4,0,0,0,0,0,0,0,1,0,0,0,0,1,0,1,1,2,1,1,1,1,0,0,0,1,1,0,0,0,1,1,0,0,0,1, 0.00413532, 0.00328531, 0.0032853, 0.00253189,-0.00151065,buy
2022-09-26,2,5,1,2,0,0,0,0,0,0,0,1,0,0,0,0,1,0,0,0,1,1,2,1,1,0,0,0,1,1,0,0,0,0,1,0,0,0,0, 0.00317480, 0.00299301, 0.0031536, 0.00317480,-0.00388315,buy
2022-09-27,5,2,2,1,0,0,0,1,0,0,0,1,0,0,0,0,0,1,1,1,1,0,1,1,1,0,0,0,1,1,0,0,0,0,1,0,0,0,0, 0.00023335, 0.00045284, 0.0000430, 0.00023335,-0.00360180,sell
2022-09-28,1,4,1,2,1,0,0,0,0,0,1,1,0,0,0,0,1,1,1,0,0,1,0,0,1,0,0,0,1,1,0,0,0,0,0,0,0,0,0, 0.00148078, 0.00217405,-0.0055004, 0.00042828, 0.00129776,buy
2022-09-29,2,3,2,2,0,1,1,2,0,0,1,1,0,0,0,1,1,1,1,1,1,1,1,1,0,0,0,0,1,0,1,0,0,0,0,0,0,0,0, 0.00386382, 0.00503966, 0.0058219, 0.00574611, 0.00358757,buy
2022-09-30,2,3,1,2,0,1,2,0,0,0,1,1,0,0,0,1,1,0,0,2,0,1,0,0,0,0,0,0,0,0,1,1,0,0,0,1,0,1,0, 0.00347187,-0.00284566,-0.0026463,-0.00148571,-0.00139589,sell
2022-10-01,1,3,2,3,1,1,2,1,0,0,1,1,0,0,0,1,0,1,1,2,1,0,1,1,0,0,0,0,0,0,1,1,0,0,0,1,0,1,0, 0.00305433, 0.00509332, 0.0048697, 0.00190107, 0.00573151,buy
2022-10-02,1,4,1,2,1,2,0,3,0,0,1,1,0,0,0,1,1,0,1,1,1,1,1,1,0,0,0,0,0,0,1,1,0,0,0,1,0,1,0, 0.00226776,-0.00127812,-0.0013451,-0.00724770, 0.00210636,sell
2022-10-03,2,3,2,2,2,1,1,1,0,0,1,1,0,0,0,1,0,1,1,0,1,1,1,2,0,0,0,0,0,0,1,1,0,0,0,1,0,1,0, 0.00233163,-0.00479748,-0.0047975,-0.00426851, 0.00315429,sell
2022-10-04,1,3,1,1,1,1,2,0,0,0,1,1,0,0,0,1,1,1,2,1,0,0,0,1,0,0,0,0,0,0,0,0,0,0,0,1,0,0,1,-0.00176469,-0.00335895,-0.0031384,-0.00297013,-0.00220197,sell
2022-10-05,3,2,1,1,1,2,0,1,0,0,1,1,0,0,0,1,1,2,2,0,1,1,1,1,0,0,0,0,0,0,0,0,0,0,0,0,0,0,1,-0.00148874,-0.00196704, 0.0004544,-0.00203033,-0.00121798,sell
2022-10-06,2,2,0,1,3,0,0,0,0,0,1,1,0,0,0,0,1,1,1,1,0,1,0,1,0,0,0,0,0,0,0,0,0,0,0,0,0,0,1, 0.00282768, 0.00201524, 0.0038015, 0.00282768, 0.00424434,buy
2022-10-07,1,1,1,0,1,1,1,0,0,0,0,1,0,0,0,0,0,0,0,1,1,1,1,0,0,0,0,0,0,0,0,0,0,0,0,0,0,0,1,-0.00254828,-0.00138687,-0.0026309,-0.00138687, 0.00297431,sell
2022-10-08,1,0,0,0,2,2,1,1,0,0,0,1,0,0,0,0,1,1,1,1,2,0,1,1,0,0,0,0,0,0,0,0,0,0,0,0,0,0,0,-0.00014879, 0.00342299, 0.0000653,-0.00014879, 0.00058046,buy
2022-10-09,1,0,1,1,1,3,1,0,0,0,0,1,0,0,0,0,0,0,0,0,2,1,2,1,0,0,0,0,0,1,0,0,0,0,0,0,0,0,0,-0.00574316,-0.00760121,-0.0043260,-0.00574316,-0.00743913,sell
2022-10-10,1,0,1,2,3,0,3,1,1,0,0,0,0,0,0,0,1,1,1,1,1,1,1,1,0,0,0,0,1,1,0,0,0,0,0,0,0,0,0, 0.00409162, 0.00501865, 0.0041391, 0.00501932,-0.00144371,buy
2022-10-11,1,1,1,1,1,2,0,0,1,0,0,0,0,0,1,0,1,1,1,0,0,0,0,0,0,0,0,0,1,1,0,0,0,0,0,0,0,0,0,-0.00166121,-0.00185287,-0.0006813,-0.00320934,-0.00018656,sell
2022-10-12,3,2,3,1,1,1,1,2,1,0,0,0,1,0,1,0,1,1,1,1,1,1,1,1,0,0,0,0,1,1,0,0,0,0,0,1,0,1,0,-0.00176614,-0.00241872,-0.0027816,-0.00235239,-0.00337442,sell
2022-10-13,3,4,2,1,0,0,1,0,1,0,0,0,1,0,1,0,1,0,0,2,0,1,0,0,0,0,0,0,1,1,0,0,0,0,0,1,0,1,0,-0.00170424,-0.00113687,-0.0012605,-0.00194513,-0.00047067,buy
2022-10-14,6,3,2,0,1,0,0,1,0,0,0,0,1,0,1,0,0,0,1,1,1,1,1,1,0,0,1,0,1,0,1,0,0,0,0,1,0,1,0, 0.00139836, 0.00181916,-0.0001310, 0.00065030, 0.00058102,buy
2022-10-15,5,3,3,0,0,1,0,2,0,0,0,0,1,0,0,1,1,1,1,1,1,1,1,1,0,1,1,0,0,0,1,0,0,0,0,1,1,1,0, 0.00064825,-0.00043106, 0.0004855, 0.00158179, 0.00102797,buy
2022-10-16,3,3,2,0,0,1,0,0,0,0,0,0,0,0,0,1,0,0,0,0,1,0,1,1,0,1,1,0,0,0,1,0,0,1,0,0,1,0,1, 0.00486938, 0.00486938, 0.0051987, 0.00492916, 0.00476373,buy
2022-10-17,5,1,4,1,1,0,1,2,0,0,0,0,0,0,0,1,0,1,1,1,1,1,1,1,0,1,1,1,0,0,1,0,1,1,0,0,1,0,1, 0.00238847, 0.00223873, 0.0029424, 0.00238847, 0.00122857,buy
2022-10-18,5,2,2,1,0,1,0,2,0,0,0,0,0,0,0,1,1,1,1,1,0,0,0,0,0,1,1,1,0,0,1,0,1,1,1,0,1,0,1,-0.00256252,-0.00395928,-0.0035386,-0.00268853,-0.00305605,sell
2022-10-19,4,2,1,1,0,1,0,3,0,0,0,0,0,0,0,0,1,1,1,0,1,0,1,0,0,1,0,1,0,0,1,0,1,1,1,0,1,0,1,-0.00100690,-0.00099858,-0.0010069, 0.00013235,-0.00141403,sell
2022-10-20,2,0,3,1,0,0,2,2,0,0,0,0,0,0,0,0,1,1,1,1,0,1,0,1,0,1,0,1,0,0,0,0,1,0,1,0,1,0,0,-0.00833315,-0.00901831,-0.0089759,-0.00901831,-0.00876312,sell
2022-10-21,2,1,1,0,0,1,0,2,0,0,0,0,1,0,1,0,0,0,0,1,0,1,1,0,0,0,0,1,0,0,0,0,0,0,1,0,1,0,0, 0.00407298, 0.00407298, 0.0027314, 0.00520172,-0.00025687,buy
2022-10-22,3,0,5,2,1,0,0,1,0,0,0,0,1,0,1,0,1,1,1,1,1,1,1,1,1,0,0,0,0,0,0,1,0,0,0,0,1,0,0, 0.00030668,-0.00061674,-0.0000906, 0.00162787,-0.00032786,buy
2022-10-23,1,3,3,1,1,0,0,0,0,0,0,0,1,0,1,0,1,0,0,0,1,1,1,1,1,0,0,0,0,0,0,1,0,0,0,0,1,0,0,-0.00096153,-0.00435484,-0.0047414,-0.00142190,-0.00456437,sell
2022-10-24,4,0,5,0,0,0,0,1,0,0,1,0,1,0,0,0,0,1,1,1,1,0,1,1,1,0,0,0,0,0,0,1,0,0,0,0,1,0,0, 0.00013649, 0.00106983, 0.0009510, 0.00212544, 0.00081713,buy
2022-10-25,4,2,4,0,0,0,0,1,0,1,1,0,0,0,0,1,1,2,1,1,0,1,0,1,1,0,0,0,0,0,0,1,0,0,0,0,1,0,0,-0.00536667, 0.00117745,-0.0056736, 0.00121309, 0.00077081,buy
2022-10-26,3,3,1,1,0,0,0,3,0,1,1,1,0,0,0,1,1,1,2,0,1,0,1,1,0,0,0,0,0,0,0,0,0,0,0,0,1,0,0, 0.00078601, 0.00419768, 0.0050080, 0.00436324, 0.00436324,buy
2022-10-27,4,0,1,0,1,0,1,2,0,1,0,1,0,0,0,1,1,1,1,1,0,1,0,1,0,0,0,0,0,0,0,0,0,0,0,0,1,0,0,-0.00064955, 0.00436365,-0.0001724,-0.00017244,-0.00017244,buy
2022-10-28,1,1,2,0,0,2,1,2,1,1,0,1,0,0,0,0,0,0,1,1,1,1,1,0,0,0,0,0,0,0,0,0,0,1,0,0,1,0,0, 0.00082238, 0.00298208, 0.0038429, 0.00107317, 0.00223092,buy
2022-10-29,0,3,1,1,1,2,2,2,1,0,0,0,0,0,0,0,1,1,1,1,1,2,1,1,0,0,1,0,0,0,0,0,0,1,0,0,1,0,0,-0.00049956, 0.00029898, 0.0000201, 0.00050296,-0.00179028,buy
2022-10-30,1,3,1,0,1,1,1,0,1,0,0,0,0,0,0,0,0,0,0,0,1,1,1,1,0,0,1,0,0,0,0,0,1,1,0,0,1,0,0, 0.00070364, 0.00115984, 0.0015758, 0.00269562, 0.00135062,buy
2022-10-31,0,3,1,0,1,0,2,0,0,0,0,0,0,0,0,0,1,1,1,1,0,0,0,1,0,0,1,0,0,0,0,0,1,1,0,0,0,0,0, 0.00072805, 0.00090055, 0.0007339, 0.00061876, 0.00085887,buy
2022-11-01,0,4,0,0,0,2,0,2,0,0,0,0,0,0,0,0,1,1,1,0,1,1,1,0,0,1,1,0,0,0,0,0,1,0,0,0,0,0,0,-0.00317646,-0.00065116, 0.0001160,-0.00334262,-0.00372227,sell
2022-11-02,1,5,0,0,3,0,0,1,0,0,1,0,0,0,0,0,1,1,1,1,1,0,1,1,0,1,1,0,0,0,0,1,1,0,0,0,0,0,0,-0.00068948,-0.00093844, 0.0018653, 0.00038591, 0.00250611,buy
2022-11-03,1,4,0,0,0,1,1,0,0,1,1,0,0,0,0,0,0,0,0,1,0,1,1,0,0,1,0,0,0,0,0,1,0,0,0,0,0,0,0,-0.00485613, 0.00458292,-0.0044104, 0.00466017, 0.00406247,buy
2022-11-04,0,6,0,1,2,0,2,1,0,1,1,0,0,0,0,0,1,1,1,1,1,1,1,1,1,1,0,0,0,0,0,1,0,0,0,0,0,1,0,-0.00102040, 0.00504461, 0.0021567, 0.00339109, 0.00762324,buy
2022-11-05,0,3,1,1,0,3,0,1,0,1,0,0,0,1,0,0,1,0,0,0,1,1,1,1,1,0,0,0,0,0,0,1,0,0,0,1,0,1,0,-0.00161693,-0.00250992,-0.0000979,-0.00263896, 0.00114816,sell
2022-11-06,0,3,1,1,2,0,3,2,1,1,0,0,0,1,0,0,0,1,1,1,1,1,1,1,1,0,0,0,0,0,0,0,0,0,0,1,0,1,0,-0.00025103,-0.00201237,-0.0009651, 0.00089686,-0.00047269,sell
2022-11-07,0,2,0,3,1,2,2,2,1,0,0,0,0,1,1,0,1,2,1,1,0,0,0,1,1,0,0,0,0,1,0,0,0,0,0,1,0,1,0, 0.00162699, 0.00032852,-0.0022351, 0.00175967,-0.00029669,buy
2022-11-08,1,2,0,3,0,2,1,2,1,0,0,0,0,1,1,0,1,1,1,0,1,1,1,0,1,0,0,0,0,1,0,0,0,1,0,1,0,0,0,-0.00381758,-0.00372892,-0.0045989,-0.00459892,-0.00365670,sell
2022-11-09,2,0,0,2,1,0,2,3,0,0,0,0,1,1,1,0,1,1,1,1,0,0,0,1,0,0,0,0,1,1,0,0,0,1,0,0,0,0,0,-0.00666138,-0.00666138,-0.0061061,-0.00385589,-0.00631322,sell
2022-11-10,2,1,2,2,1,0,0,2,0,0,0,0,1,1,1,0,0,0,0,1,1,1,1,0,0,0,0,0,1,1,0,0,1,1,0,0,0,0,0, 0.00002538,-0.00119953,-0.0027453,-0.00067388,-0.00411384,sell
2022-11-11,4,0,3,1,1,0,1,4,0,0,1,0,1,1,0,0,1,1,1,1,1,1,1,1,0,0,0,0,1,1,0,0,1,1,1,0,0,0,0,-0.00669126,-0.00610346,-0.0061844,-0.00277725,-0.00668813,sell
2022-11-12,2,3,2,0,0,1,1,2,0,1,1,0,0,1,0,0,1,0,0,0,1,1,1,1,0,0,0,0,1,0,0,0,1,1,1,0,0,0,0, 0.00392832, 0.00445603, 0.0020652, 0.00409658, 0.00255867,buy
2022-11-13,5,1,3,0,1,0,3,2,0,1,1,1,0,0,0,0,0,1,1,0,1,1,1,1,0,0,1,0,1,0,0,1,1,0,1,0,0,0,1, 0.00236238, 0.00201047, 0.0005171,-0.00179109, 0.00371529,buy
2022-11-14,5,0,3,1,1,0,2,1,0,1,1,1,0,0,0,0,1,1,1,1,0,0,0,1,0,1,1,0,0,0,0,1,0,0,1,0,0,0,1, 0.00017577,-0.00289141,-0.0002885,-0.00002271,-0.00028851,sell
2022-11-15,3,2,1,0,0,1,2,3,1,0,0,1,0,0,0,1,1,1,1,0,0,0,1,0,0,1,1,0,0,0,0,1,0,0,1,0,0,0,1, 0.00125546, 0.00462647, 0.0015846, 0.00158463,-0.00114881,buy
2022-11-16,3,0,4,2,0,0,3,4,1,0,0,1,0,0,0,1,1,1,1,1,1,1,1,1,0,1,1,1,0,0,0,1,0,0,0,0,0,0,1, 0.00231900,-0.00136161, 0.0022873, 0.00231900, 0.00412134,buy
2022-11-17,2,1,2,1,0,0,1,2,1,0,0,0,0,0,0,1,1,0,0,1,0,0,0,1,0,1,1,1,0,0,0,0,0,0,0,0,0,0,1,-0.00363142,-0.00262188,-0.0063769,-0.00571450,-0.00360702,sell
2022-11-18,1,1,1,1,0,0,1,2,0,0,0,0,0,0,0,1,0,1,1,1,1,0,1,0,0,0,0,1,0,0,0,0,0,0,0,0,0,0,0,-0.00596138,-0.00575160,-0.0064118,-0.00712638,-0.00378168,sell
2022-11-19,2,2,1,2,0,0,2,1,0,0,0,0,0,0,0,0,1,1,1,1,1,1,1,1,1,0,0,1,0,0,0,0,0,0,0,0,0,0,0,-0.00332181,-0.00208398,-0.0020037,-0.00332181,-0.00200370,sell
2022-11-20,2,1,1,0,0,1,1,1,0,0,0,0,0,0,0,0,0,0,0,0,1,1,1,1,1,0,0,1,0,0,1,0,0,0,0,0,0,0,0,-0.00331132,-0.00514711,-0.0033915,-0.00402609,-0.00324421,sell
2022-11-21,4,0,2,0,1,0,0,2,0,0,0,0,0,0,0,0,1,1,1,1,1,1,0,1,1,0,0,0,0,0,1,0,0,0,0,0,0,0,0, 0.00602493, 0.00593176, 0.0059318, 0.00593176, 0.00602780,buy
2022-11-22,1,3,0,1,0,0,0,1,0,0,0,0,0,0,0,0,1,1,1,0,0,0,1,0,1,0,0,0,0,0,1,0,0,0,0,0,0,0,0, 0.00571036, 0.00571036, 0.0056237, 0.00587356, 0.00494033,buy
2022-11-23,3,0,1,1,0,2,1,3,0,0,0,1,0,0,0,0,1,1,1,1,1,1,1,1,1,0,0,0,0,0,1,0,0,0,1,0,0,0,0,-0.00424850,-0.00374105,-0.0041347,-0.00425601,-0.00435317,sell
2022-11-24,0,0,1,0,0,3,0,2,0,0,0,1,0,0,0,0,0,0,0,1,0,1,1,1,0,0,0,0,0,0,1,0,0,0,1,0,0,0,0, 0.00143456, 0.00143456,-0.0004042,-0.00038929,-0.00027761,buy
2022-11-25,0,1,1,1,1,2,2,3,0,0,0,1,0,0,0,0,1,1,1,1,1,0,2,1,0,0,0,0,0,0,1,0,0,0,1,0,0,0,0,-0.00680577,-0.00207243,-0.0052796,-0.00746050,-0.00746050,sell
2022-11-26,1,1,1,0,1,4,1,0,0,0,0,1,0,0,1,0,0,0,0,0,1,1,2,2,0,0,0,0,0,0,0,0,0,0,1,0,0,0,0,-0.00458690,-0.00455458,-0.0032273,-0.00458690,-0.00511141,sell
2022-11-27,1,0,3,0,2,3,2,0,0,0,0,0,0,0,1,0,1,1,1,1,1,1,1,2,0,0,0,0,0,0,0,0,0,0,1,0,0,1,0, 0.00018026,-0.00103205,-0.0010321,-0.00104958,-0.00123285,sell
2022-11-28,0,1,2,1,1,2,2,1,0,1,0,0,1,0,1,0,1,1,1,0,0,1,1,1,0,0,0,0,0,0,0,0,0,0,0,0,0,1,0,-0.00352116,-0.00102282,-0.0031561,-0.00091141,-0.00463788,sell
2022-11-29,1,0,2,1,3,1,1,1,0,1,0,0,1,0,1,0,2,1,1,1,1,0,1,0,0,0,0,0,0,0,0,0,0,0,0,0,0,1,0,-0.00102195, 0.00015848,-0.0012831,-0.00035063,-0.00080631,buy
2022-11-30,0,0,1,2,1,1,2,2,0,1,1,0,1,0,0,0,1,0,0,1,0,1,0,1,0,0,0,0,0,0,0,0,1,0,0,1,0,1,0, 0.00162296,-0.00245324,-0.0033381,-0.00218569,-0.00308457,sell
2022-12-01,0,0,0,1,1,1,4,2,0,0,1,0,1,0,0,0,0,1,1,2,1,0,1,0,0,0,0,0,0,0,0,0,1,0,0,1,0,0,0, 0.00354286, 0.00124334, 0.0002697, 0.00082739, 0.00008585,buy
2022-12-02,1,0,0,1,1,3,2,2,0,0,1,0,0,0,0,0,1,0,0,1,1,1,1,1,0,0,0,1,0,0,0,0,1,1,0,1,0,0,0, 0.00196155, 0.00076663, 0.0012845, 0.00198504, 0.00077593,buy
2022-12-03,1,0,0,0,3,2,3,2,0,0,1,1,0,0,0,0,0,1,1,0,1,1,1,1,0,0,0,1,0,0,0,0,0,1,0,1,0,0,0,-0.00313207,-0.00263815,-0.0029436,-0.00209324,-0.00257262,sell
2022-12-04,0,1,0,0,3,3,1,3,1,0,0,1,0,0,0,0,1,1,2,1,0,1,0,1,0,0,0,1,0,0,0,0,0,1,0,0,0,0,0,-0.00048823, 0.00375711,-0.0006668, 0.00210390, 0.00210390,buy
2022-12-05,0,0,1,0,2,3,0,3,1,0,0,1,0,0,0,0,1,1,1,0,1,1,1,0,0,0,0,1,0,0,0,0,0,1,0,0,0,0,0, 0.00650397, 0.00309310, 0.0050923, 0.00651599, 0.00494813,buy
2022-12-06,1,1,1,1,2,1,2,2,1,0,0,1,0,0,1,0,1,0,1,1,1,0,0,0,0,1,0,1,0,1,0,0,0,0,1,0,0,0,0,-0.00024671,-0.00035581,-0.0017636, 0.00002593,-0.00042151,buy
2022-12-07,0,2,1,1,1,0,0,3,1,0,0,0,0,0,1,0,0,0,0,1,0,0,0,1,0,1,0,0,0,1,0,1,0,0,1,0,0,0,0,-0.00096020, 0.00298425,-0.0009602,-0.00096020, 0.00175993,buy
2022-12-08,1,2,2,2,2,0,0,2,0,0,0,0,0,0,1,0,0,1,1,2,1,1,1,0,0,1,0,0,0,1,0,1,0,0,1,0,0,0,0,-0.00417047,-0.00417047,-0.0041705,-0.00011774,-0.00417047,sell
2022-12-09,1,2,2,1,1,2,1,2,0,0,0,0,1,0,0,1,1,0,0,1,1,0,1,1,0,1,0,0,0,1,0,1,0,0,1,0,0,1,0,-0.00408043,-0.00446722,-0.0032431,-0.00216698,-0.00533904,sell
2022-12-10,0,2,2,0,1,1,3,1,0,0,0,0,1,0,0,1,0,1,0,0,1,1,1,1,0,0,0,0,1,0,0,1,0,0,0,0,0,1,0,-0.00306190,-0.00391204,-0.0034636,-0.00262332,-0.00306190,sell
2022-12-11,2,2,2,1,0,2,2,1,0,0,0,0,1,0,0,1,1,1,1,1,1,1,0,1,0,0,0,0,1,0,0,1,0,0,0,0,0,1,0,-0.00761556,-0.00415457,-0.0039405,-0.00391080,-0.00658594,sell
2022-12-12,0,4,1,0,0,1,3,1,0,0,0,0,1,0,0,1,1,1,1,0,0,1,0,1,0,0,1,0,1,0,0,0,0,0,0,0,0,1,0,-0.00410045,-0.00046921,-0.0006111,-0.00328235,-0.00347265,sell
2022-12-13,1,1,2,1,0,1,3,2,0,0,0,0,0,0,0,1,1,1,1,1,1,1,1,0,0,0,1,0,1,0,0,0,0,0,0,1,0,0,0, 0.00269245, 0.00334106, 0.0026925, 0.00218422, 0.00123396,buy
2022-12-14,0,0,3,1,0,1,2,1,0,1,0,0,0,0,0,0,1,0,0,1,0,0,0,1,0,0,1,0,1,0,0,0,0,0,0,1,0,0,1,-0.00179662,-0.00179662,-0.0017966,-0.00362868,-0.00269308,sell
2022-12-15,1,1,2,1,0,1,1,2,0,1,0,0,0,0,0,0,0,1,0,1,1,0,1,1,0,0,1,0,0,0,0,0,0,0,0,1,0,0,1,-0.00098282,-0.00633959,-0.0038468,-0.00096875,-0.00308530,sell
2022-12-16,2,1,2,2,0,1,1,2,0,1,0,0,0,0,1,0,1,0,1,1,1,1,1,0,0,0,1,0,0,0,0,0,0,0,0,1,0,0,1,-0.00159114,-0.00127916, 0.0013826, 0.00060032, 0.00141987,buy
2022-12-17,2,2,3,0,1,0,1,0,0,1,0,0,0,0,1,0,0,1,0,0,1,0,2,1,0,0,0,1,0,0,0,0,0,0,0,0,0,0,1, 0.00172051,-0.00425488, 0.0015576, 0.00224334, 0.00261329,buy
2022-12-18,2,2,3,0,1,0,2,1,0,0,0,0,0,0,1,0,0,1,1,1,1,1,1,1,0,0,0,1,0,0,0,0,1,0,0,0,0,0,1, 0.00139453, 0.00012688, 0.0006777, 0.00094655, 0.00215794,buy
2022-12-19,2,2,3,0,1,1,2,2,0,0,0,0,0,0,1,0,1,2,1,1,0,2,0,1,1,0,0,1,0,0,0,0,1,0,0,0,0,0,1,-0.00095723,-0.00089114, 0.0015487, 0.00442047, 0.00476350,buy
2022-12-20,2,2,2,1,1,1,0,2,0,0,0,0,0,0,0,0,1,1,1,0,1,1,1,0,1,0,0,1,0,1,0,0,1,0,0,0,0,1,0, 0.00142942, 0.00205120, 0.0022769, 0.00211577, 0.00175735,buy
2022-12-21,2,1,1,1,3,0,1,2,0,0,0,0,1,0,0,0,1,1,0,1,0,1,0,1,1,0,0,1,0,1,0,0,1,0,0,0,0,1,0,-0.00154612,-0.00650271,-0.0030141,-0.00585821,-0.00618190,sell
2022-12-22,1,1,1,1,1,1,2,3,0,0,1,0,1,0,0,0,0,1,1,1,1,0,1,1,1,0,0,0,0,1,0,0,0,0,0,0,0,1,0, 0.00104737, 0.00411419, 0.0031620, 0.00001730, 0.00282290,buy
2022-12-23,1,2,1,0,2,1,2,2,0,0,1,0,1,0,0,0,1,1,0,1,1,1,1,1,1,0,0,0,0,1,0,0,0,0,0,0,0,1,0, 0.00172543, 0.00222272,-0.0011719, 0.00172543, 0.00161020,buy
2022-12-24,1,2,1,0,2,1,3,1,0,0,1,0,1,0,0,0,0,2,1,0,1,0,1,2,1,0,0,0,0,1,0,0,0,0,0,0,0,0,0,-0.00288147, 0.00291361, 0.0031631,-0.00288147, 0.00291361,buy
2022-12-25,1,2,0,0,3,2,2,0,0,1,1,0,1,0,0,0,1,2,1,1,0,1,0,2,0,0,0,0,0,0,0,0,0,0,0,0,0,0,0,-0.00248141, 0.00351853, 0.0022267,-0.00176455,-0.00211983,buy
2022-12-26,1,1,0,0,4,3,2,1,0,1,1,0,1,0,0,0,1,1,1,0,1,1,1,1,0,0,0,0,1,0,0,0,0,1,0,1,0,0,0,-0.00105856, 0.00557441, 0.0064098, 0.00484230, 0.00490446,buy
2022-12-27,0,1,0,0,4,1,3,1,0,1,1,0,1,0,0,0,1,1,0,1,0,1,0,0,0,0,0,0,1,0,0,0,0,1,0,1,0,0,0, 0.00091700, 0.00116975, 0.0009351, 0.00173395, 0.00024352,buy
2022-12-28,0,2,0,0,2,2,3,1,0,1,1,0,0,0,0,0,0,1,1,1,1,0,1,1,0,0,0,0,1,0,0,0,1,1,0,1,0,0,0, 0.00437519, 0.00342518, 0.0041357, 0.00390857, 0.00356305,buy
2022-12-29,0,2,1,0,2,3,3,1,0,1,1,0,0,0,0,0,1,0,1,1,2,1,1,0,0,1,0,0,1,0,0,0,1,1,0,1,0,0,0,-0.00015839,-0.00107966,-0.0003503, 0.00168324, 0.00156379,buy
2022-12-30,0,2,1,0,3,2,2,1,0,1,1,0,1,0,0,0,0,1,0,0,1,1,1,1,0,1,0,0,1,0,0,0,1,0,1,0,0,0,0, 0.00318648, 0.00318648, 0.0031865, 0.00315490, 0.00317024,buy
2022-12-31,0,2,1,0,3,4,2,1,0,1,1,0,1,0,0,0,1,1,1,1,1,0,0,1,0,1,0,0,1,0,0,0,1,0,1,0,0,0,1, 0.00260341, 0.00303591, 0.0030539, 0.00305391, 0.00183255,buy
