Date,a120,a135,a150,a180,a30,a45,a60,a90,DiffPred1,DiffPred2,DiffPred3,DiffPred4,DiffPred5,EffPred
2010-01-01,0,1.32,1.25,0,0,0.2,0,0.04,-0.0255882,-0.0027398,-0.0329858,-0.0296647,-0.0202086,sell
2010-01-02,0,1.49,0.65,0,0,0.21,0,0, 0.0140586, 0.0032641, 0.0089797, 0.0033512, 0.0047310,buy
2010-01-03,0,1.6,0.26,0,0,0.19,0,0, 0.0189960, 0.0200003, 0.0199647, 0.0189960, 0.0142122,buy
2010-01-04,0,1.42,0.14,0,0,0.21,0,0, 0.0118452, 0.0082416, 0.0072359, 0.0113398, 0.0030276,buy
2010-01-05,0,1.16,0.19,0,0,0.18,0,0, 0.0137795, 0.0029114, 0.0061760, 0.0131899, 0.0020890,buy
2010-01-06,0,0.93,0.62,0,0,0.17,0,0,-0.0007073,-0.0020767,-0.0258711,-0.0095710,-0.0095710,sell
2010-01-07,0,0.74,1.85,0,0,0.07,0,0,-0.0036942,-0.0027858,-0.0071496,-0.0071496,-0.0074720,sell
2010-01-08,0,0.69,2.33,0,0,0.04,0,0, 0.0057768, 0.0059987, 0.0008149, 0.0051852, 0.0059241,buy
2010-01-09,0,0.79,0.98,0,0,0.02,0.04,0.03, 0.0183090, 0.0098688, 0.0114611, 0.0155447, 0.0158506,buy
2010-01-10,0,1.34,0.28,0,0,0.02,0.2,0.07, 0.0155020, 0.0107010, 0.0091710, 0.0149373, 0.0036799,buy
2010-01-11,0,2.63,0.04,0,0,0.01,0.52,0.12,-0.0207725,-0.0159425,-0.0207413,-0.0161574,-0.0189845,sell
2010-01-12,0,2.08,0,0,0,0.01,1.4,0.19,-0.0271327,-0.0084188,-0.0236485,-0.0193928,-0.0176604,sell
2010-01-13,0,0.8,0,0,0,0.01,2.53,0.26,-0.0202418,-0.0198242,-0.0168324,-0.0276383,-0.0108653,sell
2010-01-14,0,0.33,0,0,0,0.01,1.72,0.31,-0.0010641, 0.0002915, 0.0010746, 0.0008352,-0.0004159,buy
2010-01-15,0,0.13,0,0,0,0,0.67,0.32,-0.0221809,-0.0154390,-0.0118801,-0.0157660,-0.0057503,sell
2010-01-16,0,0.05,0,0,0,0,0.26,0.32,-0.0118093,-0.0078200,-0.0019419,-0.0020642,-0.0059141,buy
2010-01-17,0,0,0,0,0,0,0.12,0.29, 0.0059093, 0.0014650, 0.0099622, 0.0062055, 0.0046674,buy
2010-01-18,0,0,0,0,0,0,0.05,0.23, 0.0162212,-0.0001488, 0.0272973, 0.0176114, 0.0162879,buy
2010-01-19,0,0,0.03,0,0,0,0.05,0.17, 0.0160638,-0.0047516, 0.0269579, 0.0226868, 0.0094684,buy
2010-01-20,0,0,0.16,0,0,0,0.06,0.11,-0.0006837,-0.0074543, 0.0143434, 0.0145461,-0.0025860,buy
2010-01-21,0,0,0.47,0,0,0,0.08,0.07,-0.0032920,-0.0089372, 0.0048677,-0.0058052,-0.0032920,buy
2010-01-22,0,0.06,1.29,0,0,0.01,0.09,0.04, 0.0031744,-0.0186611,-0.0098542, 0.0038266,-0.0026423,buy
2010-01-23,0,0.09,1.4,0,0,0.02,0.11,0, 0.0211058,-0.0086789, 0.0133714, 0.0207081, 0.0179278,buy
2010-01-24,0,0.13,1.69,0.04,0,0.07,0.13,0,-0.0037759,-0.0056460,-0.0037759,-0.0056460,-0.0056977,sell
2010-01-25,0,0.19,2.39,0.17,0,0.17,0.15,0, 0.0000397,-0.0078653,-0.0078653, 0.0000397,-0.0105452,buy
2010-01-26,0,0.28,1.81,0.75,0,0.14,0.18,0, 0.0341691, 0.0197067, 0.0329892, 0.0339845, 0.0341796,buy
2010-01-27,0,0.42,0.77,1.2,0,0.1,0.22,0,-0.0188766,-0.0191925,-0.0247539, 0.0010007,-0.0206004,sell
2010-01-28,0,0.62,0.44,0.74,0,0.16,0.26,0, 0.0026867, 0.0010946,-0.0072588,-0.0086802,-0.0069777,sell
2010-01-29,0,0.96,0.35,1.18,0,0.17,0.31,0,-0.0243695,-0.0229349,-0.0250730,-0.0008148,-0.0249114,sell
2010-01-30,0,1.57,0.44,0.9,0,0.11,0.37,0,-0.0080472,-0.0030482,-0.0080472,-0.0025316,-0.0054696,sell
2010-01-31,0,2.27,0.57,0.25,0,0.11,0.44,0,-0.0008280,-0.0054592,-0.0026507,-0.0041745, 0.0039643,buy
2010-02-01,0,3.01,0.71,0.07,0,0.16,0.53,0, 0.0064372, 0.0015638, 0.0064372, 0.0141739, 0.0082437,buy
2010-02-02,0,3.41,0.96,0,0,0.21,0.68,0,-0.0008758, 0.0001818,-0.0008758, 0.0047686, 0.0022266,buy
2010-02-03,0,2.5,1.26,0,0,0.19,0.91,0, 0.0051731, 0.0024888, 0.0051731, 0.0242693, 0.0153967,buy
2010-02-04,0,1.09,1.63,0,0,0.08,1.28,0,-0.0108127,-0.0024431, 0.0023679,-0.0082845,-0.0022874,sell
2010-02-05,0,0.7,1.84,0,0,0.04,2.06,0, 0.0132323, 0.0193388, 0.0190325, 0.0191062, 0.0150361,buy
2010-02-06,0,0.92,1.75,0,0,0.05,2.72,0, 0.0115617, 0.0166405, 0.0157045, 0.0169621, 0.0153685,buy
2010-02-07,0,1.87,1.64,0,0,0.1,2.01,0, 0.0193927, 0.0177840, 0.0178667, 0.0162880, 0.0188671,buy
2010-02-08,0,1.86,1.75,0,0,0.16,1.48,0, 0.0137060, 0.0141903, 0.0141903, 0.0100826, 0.0109324,buy
2010-02-09,0,0.75,2.15,0.04,0,0.1,1.26,0,-0.0046854,-0.0033597,-0.0031616,-0.0058428,-0.0047978,sell
2010-02-10,0,0.27,2.95,0.16,0,0.04,1.17,0,-0.0042445,-0.0075722,-0.0035455,-0.0066163,-0.0085716,sell
2010-02-11,0,0.1,3.39,0.71,0,0.02,1.18,0, 0.0096218, 0.0060888, 0.0126403, 0.0089692, 0.0026636,buy
2010-02-12,0,0,2.87,1.46,0,0.01,1.37,0, 0.0119724, 0.0140024, 0.0211926, 0.0171791, 0.0125183,buy
2010-02-13,0,0,3.08,1.47,0,0,1.68,0, 0.0121467, 0.0152815, 0.0226686, 0.0186550, 0.0144259,buy
2010-02-14,0,0,4.07,0.56,0,0.01,2.45,0, 0.0155070, 0.0096481, 0.0143096, 0.0111922, 0.0030822,buy
2010-02-15,0,0,2.64,0.16,0,0.03,2.97,0,-0.0017885, 0.0000780, 0.0000780, 0.0005471, 0.0001013,buy
2010-02-16,0,0,1.18,0.23,0,0.12,2.14,0, 0.0170373, 0.0201075, 0.0200852, 0.0170373, 0.0169804,buy
2010-02-17,0,0,0.67,0.7,0,0.16,1.47,0,-0.0080969,-0.0123728,-0.0077519,-0.0023199, 0.0003710,buy
2010-02-18,0,0,0.56,0.94,0,0.06,1.12,0, 0.0119599, 0.0030341, 0.0113542, 0.0136757, 0.0069334,buy
2010-02-19,0,0,0.86,0.4,0,0.01,0.93,0, 0.0083480, 0.0044771, 0.0024075, 0.0067540, 0.0062156,buy
2010-02-20,0,0.18,1.87,0.13,0,0,0.85,0,-0.0131305,-0.0142273,-0.0121138,-0.0090045,-0.0121138,sell
2010-02-21,0,0.79,2.83,0.04,0,0.02,0.9,0,-0.0139408,-0.0144665,-0.0126034,-0.0143672,-0.0100361,sell
2010-02-22,0,1.88,2.17,0,0,0.07,1.21,0, 0.0171609, 0.0158152, 0.0160555, 0.0036780, 0.0081195,buy
2010-02-23,0,1.39,0.91,0,0,0.16,1.73,0, 0.0006888,-0.0120181,-0.0086189,-0.0134073,-0.0137779,sell
2010-02-24,0,1.56,0.39,0,0,0.08,1.4,0, 0.0056001, 0.0117346, 0.0111011, 0.0132497, 0.0124966,buy
2010-02-25,0,0.99,0.16,0.04,0,0.02,0.78,0, 0.0119824, 0.0103609, 0.0098638, 0.0044842, 0.0092457,buy
2010-02-26,0,0.28,0.05,0.23,0,0,0.47,0,-0.0007225, 0.0090475, 0.0082001,-0.0009800, 0.0095121,buy
2010-02-27,0,0.08,0.09,0.94,0,0,0.35,0, 0.0175512, 0.0094321, 0.0176996, 0.0110025, 0.0082723,buy
2010-02-28,0,0,0.28,0.65,0,0,0.26,0, 0.0144848, 0.0109070, 0.0112402, 0.0143650, 0.0069973,buy
2010-03-01,0,0,1.44,0.11,0,0,0.25,0, 0.0096941, 0.0096941, 0.0023748, 0.0093166, 0.0064231,buy
2010-03-02,0,0.07,2.68,0,0,0,0.36,0,-0.0019057,-0.0022614,-0.0023009,-0.0019057, 0.0045844,buy
2010-03-03,0,0.18,2.61,0,0,0,0.78,0, 0.0090802, 0.0028708, 0.0005371, 0.0014105, 0.0007743,buy
2010-03-04,0,0.46,1.51,0,0,0,1.5,0,-0.0172201,-0.0051649,-0.0003774,-0.0074988,-0.0072980,sell
2010-03-05,0,1.19,0.46,0,0,0,0.81,0, 0.0020667, 0.0017860, 0.0004363, 0.0004363, 0.0003850,buy
2010-03-06,0,1.4,0.1,0.09,0,0,0.35,0,-0.0027096,-0.0033751,-0.0091583,-0.0032684,-0.0108235,buy
2010-03-07,0,0.69,0,0.28,0,0,0.24,0,-0.0011376,-0.0061589,-0.0087844,-0.0069238,-0.0128182,sell
2010-03-08,0,0.5,0,0.91,0,0,0.24,0.03, 0.0083699, 0.0070989, 0.0093157, 0.0062137, 0.0100771,buy
2010-03-09,0,1.29,0,1.41,0,0,0.26,0.09, 0.0140254, 0.0200111, 0.0178798, 0.0141123, 0.0047096,buy
2010-03-10,0,1.51,0,0.67,0,0,0.28,0.27,-0.0055950,-0.0081405,-0.0014761,-0.0083488,-0.0197370,sell
2010-03-11,0,0.43,0.08,0.21,0,0,0.3,0.63, 0.0074508, 0.0023593, 0.0013555, 0.0071948, 0.0107797,buy
2010-03-12,0,0.32,0.29,0.06,0,0,0.32,0.48,-0.0019571, 0.0038549,-0.0061087,-0.0017495, 0.0018548,buy
2010-03-13,0,0.7,1.06,0,0,0,0.36,0.16, 0.0083661, 0.0039748, 0.0039907, 0.0083041, 0.0082801,buy
2010-03-14,0,1.32,2.11,0,0,0,0.4,0.05, 0.0024409, 0.0020289,-0.0058785, 0.0035440, 0.0030072,buy
2010-03-15,0,0.83,1,0,0,0,0.45,0,-0.0135838,-0.0084146,-0.0154230,-0.0126746,-0.0160730,sell
2010-03-16,0,0.39,0.27,0.09,0,0,0.52,0,-0.0062180,-0.0088953,-0.0069208,-0.0086530,-0.0208736,sell
2010-03-17,0,0.28,0.07,0.56,0,0,0.59,0, 0.0061241,-0.0025859,-0.0006692,-0.0036634,-0.0023042,buy
2010-03-18,0,0.26,0,1.51,0,0,0.69,0.05,-0.0019743, 0.0159009, 0.0075782,-0.0009877, 0.0137511,buy
2010-03-19,0,0.35,0,0.73,0,0,0.81,0.32, 0.0010913,-0.0037559,-0.0003317,-0.0003317,-0.0006304,buy
2010-03-20,0,0.76,0,0.6,0,0,0.96,0.62,-0.0040094,-0.0088409,-0.0099603,-0.0055953,-0.0086019,sell
2010-03-21,0,1.55,0,1.35,0,0,1.15,0.2, 0.0091545, 0.0136639, 0.0052050, 0.0103255, 0.0107921,buy
2010-03-22,0,0.86,0,1.43,0,0,1.39,0.07, 0.0132990, 0.0077401, 0.0061123, 0.0137774, 0.0142617,buy
2010-03-23,0,0.5,0,0.57,0,0,1.44,0.09, 0.0153091, 0.0091613, 0.0070452, 0.0154647, 0.0129230,buy
2010-03-24,0,0.54,0.04,0.22,0,0,1.22,0.23, 0.0019696, 0.0019109, 0.0021283, 0.0106265, 0.0019696,buy
2010-03-25,0,0.7,0.05,0.08,0,0,0.99,0.54,-0.0041962,-0.0060781,-0.0002309,-0.0039729, 0.0062405,buy
2010-03-26,0,1.08,0.06,0,0,0,0.79,0.63, 0.0031678, 0.0098111, 0.0039457, 0.0079766, 0.0091483,buy
2010-03-27,0,1.74,0.07,0,0,0,0.64,0.31,-0.0132429,-0.0134168,-0.0135186,-0.0074616,-0.0132691,sell
2010-03-28,0,1.55,0.08,0,0,0,0.51,0.13, 0.0024504, 0.0007179, 0.0087864, 0.0054392, 0.0062569,buy
2010-03-29,0,0.97,0.23,0,0,0,0.4,0.05,-0.0066745,-0.0045346,-0.0001772,-0.0080881,-0.0018859,buy
2010-03-30,0,0.75,0.53,0,0,0.01,0.31,0.04,-0.0184333,-0.0142780,-0.0100342,-0.0178719,-0.0178719,sell
2010-03-31,0,0.67,1.57,0,0,0.02,0.24,0.06,-0.0005317, 0.0002040, 0.0002040, 0.0002040, 0.0002040,buy
2010-04-01,0,0.61,2.25,0,0,0.04,0.19,0.17,-0.0134838,-0.0123366,-0.0116374,-0.0106800,-0.0040028,sell
2010-04-02,0,0.61,2.41,0,0,0.12,0.14,0.4, 0.0009403, 0.0035497, 0.0074679, 0.0042776, 0.0012584,buy
2010-04-03,0,0.61,1.65,0,0,0.14,0.11,0.71,-0.0096594,-0.0037348,-0.0096594,-0.0108496,-0.0134151,sell
2010-04-04,0,0.6,0.68,0,0,0.14,0.08,0.81, 0.0050522,-0.0089504, 0.0096211,-0.0014866, 0.0110662,buy
2010-04-05,0,0.59,0.49,0,0,0.09,0.06,0.71, 0.0214069, 0.0171019, 0.0095699, 0.0146727, 0.0251581,buy
2010-04-06,0,0.58,0.52,0,0,0.04,0.05,0.32, 0.0034042, 0.0101933, 0.0092265, 0.0089041, 0.0072768,buy
2010-04-07,0,0.56,0.66,0,0,0.01,0,0.14,-0.0041889, 0.0015193,-0.0039678,-0.0051441,-0.0014278,buy
2010-04-08,0,0.54,0.84,0,0,0.02,0,0.05,-0.0016333,-0.0013127,-0.0112698,-0.0062908, 0.0084112,sell
2010-04-09,0,0.59,1.08,0,0,0.05,0,0.03,-0.0019901,-0.0030196,-0.0051518,-0.0022939,-0.0033728,buy
2010-04-10,0,0.75,1.4,0,0,0.13,0,0, 0.0177791, 0.0291781,-0.0217476,-0.0092211, 0.0173854,buy
2010-04-11,0,1.26,1.44,0,0,0.18,0,0,-0.0254123,-0.0077830,-0.0280049,-0.0237724,-0.0173159,sell
2010-04-12,0,2.28,1.1,0,0,0.11,0,0, 0.0108215, 0.0037459, 0.0068482, 0.0086754, 0.0108265,buy
2010-04-13,0,1.75,0.84,0,0,0.08,0.02,0,-0.0002067,-0.0007132,-0.0025258,-0.0002606, 0.0045670,buy
2010-04-14,0,1.08,0.64,0,0,0.07,0.06,0,-0.0037974, 0.0031605, 0.0013295, 0.0068331,-0.0010097,buy
2010-04-15,0,1.09,0.55,0,0,0.08,0.14,0.03,-0.0078989, 0.0049104, 0.0031503, 0.0041415, 0.0002070,buy
2010-04-16,0,1.72,0.53,0,0,0.08,0.36,0.07,-0.0193802,-0.0237406,-0.0216671,-0.0162436,-0.0187315,sell
2010-04-17,0,2.28,0.69,0,0,0.09,0.79,0.2,-0.0128880,-0.0214249,-0.0177234,-0.0078667,-0.0110402,sell
2010-04-18,0,1.44,1.28,0,0,0.09,0.71,0.47,-0.0040924, 0.0023492, 0.0030569, 0.0027192, 0.0014611,buy
2010-04-19,0,0.9,1.76,0,0,0.08,0.29,0.4,-0.0107596,-0.0017568,-0.0089252,-0.0096766,-0.0094266,sell
2010-04-20,0,0.68,1.01,0,0,0.07,0.17,0.17,-0.0107192,-0.0104238,-0.0063165,-0.0088501,-0.0029034,sell
2010-04-21,0,0.51,0.44,0,0,0.05,0.19,0.09,-0.0014850, 0.0040958,-0.0053433,-0.0009515,-0.0006902,buy
2010-04-22,0,0.42,0.19,0,0,0.04,0.39,0.1,-0.0028861, 0.0118206,-0.0001776, 0.0119797,-0.0016400,buy
2010-04-23,0,0.38,0.06,0,0,0.03,1.12,0.17, 0.0078921, 0.0116332, 0.0118176, 0.0165181, 0.0092898,buy
2010-04-24,0,0.32,0,0,0,0.05,1.28,0.37, 0.0022572, 0.0077004, 0.0071697, 0.0098933, 0.0070273,buy
2010-04-25,0,0.28,0,0,0,0.05,0.5,0.55, 0.0021455, 0.0022708, 0.0023512, 0.0023993, 0.0018283,buy
2010-04-26,0,0.26,0.08,0,0,0.08,0.17,0.35,-0.0103598,-0.0032727,-0.0106949, 0.0007571, 0.0009772,buy
2010-04-27,0,0.24,0.25,0,0,0.14,0.06,0.16,-0.0059950, 0.0079876,-0.0059967, 0.0150452,-0.0064926,buy
2010-04-28,0,0.29,0.74,0,0,0.23,0,0.09, 0.0111449, 0.0107068, 0.0010754,-0.0063187,-0.0052278,buy
2010-04-29,0,0.36,1.41,0,0,0.21,0,0.08,-0.0032941, 0.0106940, 0.0110138, 0.0148981, 0.0106940,buy
2010-04-30,0,0.59,0.9,0,0,0.16,0,0.09,-0.0055376,-0.0101336,-0.0281159,-0.0083084,-0.0127616,sell
2010-05-01,0,0.92,0.3,0,0,0.16,0,0.16, 0.0014526,-0.0094989,-0.0125825,-0.0051153,-0.0086736,sell
2010-05-02,0,1.56,0.1,0,0,0.21,0.03,0.26, 0.0052740,-0.0009719,-0.0009620, 0.0087600, 0.0046433,buy
2010-05-03,0,2.9,0,0,0,0.28,0.07,0.42, 0.0066450, 0.0066566, 0.0066566, 0.0104141,-0.0042016,buy
2010-05-04,0,3.38,0,0.05,0,0.3,0.14,0.56,-0.0038046,-0.0016402,-0.0016402,-0.0023842,-0.0052458,buy
2010-05-05,0,2.29,0,0.06,0,0.22,0.29,0.45, 0.0173129, 0.0163491, 0.0173129, 0.0162778, 0.0143815,buy
2010-05-06,0,1.47,0,0.07,0,0.12,0.58,0.28, 0.0165258, 0.0158933, 0.0107808, 0.0181889, 0.0112714,buy
2010-05-07,0,1.04,0,0.09,0,0.06,1.11,0.17, 0.0128288, 0.0066855, 0.0032920, 0.0041929, 0.0021409,buy
2010-05-08,0,0.85,0,0.11,0,0.05,1.05,0.11, 0.0137077, 0.0007361, 0.0044918, 0.0041954, 0.0043336,buy
2010-05-09,0,1.13,0,0.13,0,0.04,0.53,0.07, 0.0035841, 0.0089170, 0.0046820,-0.0011107, 0.0028322,buy
2010-05-10,0,1.95,0,0.16,0,0.03,0.27,0.04, 0.0246500, 0.0158417, 0.0152392, 0.0186234, 0.0229477,buy
2010-05-11,0,1.8,0,0.2,0,0.02,0.14,0.03, 0.0256886, 0.0199618, 0.0159415, 0.0233102, 0.0249001,buy
2010-05-12,0,0.94,0,0.24,0,0,0.09,0.02,-0.0028418,-0.0030015,-0.0143862,-0.0050807,-0.0030015,sell
2010-05-13,0,0.62,0,0.29,0,0,0.11,0.04,-0.0175433,-0.0175433,-0.0213859,-0.0135445,-0.0170815,sell
2010-05-14,0,0.58,0,0.35,0,0,0.16,0.08,-0.0185956,-0.0194001,-0.0207961,-0.0130533,-0.0178201,sell
2010-05-15,0,0.63,0,0.42,0,0,0.36,0.23,-0.0221983,-0.0214650,-0.0231977,-0.0183106,-0.0217510,sell
2010-05-16,0,0.97,0,0.5,0,0,0.81,0.59,-0.0082323,-0.0080602,-0.0034101,-0.0053643,-0.0055145,sell
2010-05-17,0,1.49,0,0.6,0,0,1.79,1.23,-0.0231198,-0.0255133,-0.0285809,-0.0206025,-0.0267512,sell
2010-05-18,0,1.6,0,0.71,0,0,1.98,1.69,-0.0226429,-0.0260547,-0.0263024,-0.0202864,-0.0266712,sell
2010-05-19,0,1.09,0,0.84,0,0,1.41,1.52,-0.0230782,-0.0266973,-0.0225630,-0.0234592,-0.0266973,sell
2010-05-20,0,0.7,0,1.04,0,0,1.66,0.93, 0.0073041,-0.0092448,-0.0078604,-0.0096509,-0.0072416,sell
2010-05-21,0,0.46,0,1.29,0,0,1.36,0.38, 0.0308206, 0.0214224, 0.0264872, 0.0294176, 0.0286672,buy
2010-05-22,0,0.29,0.08,1.75,0,0,0.62,0.14,-0.0174674,-0.0150174,-0.0070861,-0.0104120,-0.0150248,sell
2010-05-23,0,0.19,0.2,2.49,0,0.01,0.26,0.06,-0.0039956, 0.0040669, 0.0027454, 0.0086319, 0.0048066,buy
2010-05-24,0,0.12,0.49,2.54,0,0.02,0.11,0.02,-0.0015841, 0.0064784, 0.0027790, 0.0086319, 0.0034859,buy
2010-05-25,0,0.19,1.17,1.59,0,0.03,0.06,0, 0.0142728, 0.0142466,-0.0012402, 0.0193085, 0.0016888,buy
2010-05-26,0,0.32,1.43,1.11,0,0.07,0.02,0,-0.0131421,-0.0149066, 0.0021989,-0.0094566, 0.0039328,sell
2010-05-27,0,0.67,0.74,0.87,0,0.14,0.02,0, 0.0013305, 0.0013305,-0.0018634,-0.0026097,-0.0018634,buy
2010-05-28,0,1.75,0.34,0.7,0,0.2,0.02,0,-0.0040910,-0.0048068, 0.0067223, 0.0048443, 0.0011380,buy
2010-05-29,0,1.77,0.17,0.61,0,0.26,0.02,0,-0.0038815,-0.0005482, 0.0135466, 0.0101419, 0.0078486,buy
2010-05-30,0,0.64,0.17,0.53,0,0.32,0.02,0,-0.0004374,-0.0014450,-0.0067273,-0.0002250,-0.0067273,buy
2010-05-31,0,0.3,0.17,0.46,0,0.23,0.02,0,-0.0069077,-0.0055256,-0.0076926,-0.0076926,-0.0074267,sell
2010-06-01,0,0.32,0.25,0.41,0,0.11,0.02,0,-0.0021130,-0.0001547,-0.0016307,-0.0154198, 0.0011249,buy
2010-06-02,0,0.84,0.36,0.36,0,0.1,0.02,0, 0.0128967, 0.0016683,-0.0049418,-0.0050592, 0.0027914,buy
2010-06-03,0,1.56,0.52,0.32,0,0.13,0.02,0, 0.0040624,-0.0112990,-0.0175874,-0.0084543,-0.0121103,sell
2010-06-04,0,0.82,0.78,0.28,0,0.1,0.02,0, 0.0071458, 0.0019190,-0.0110424, 0.0013048, 0.0072337,buy
2010-06-05,0,0.23,1.15,0.25,0,0.05,0.01,0,-0.0116203,-0.0138730,-0.0172605,-0.0149598,-0.0191292,sell
2010-06-06,0,0.06,1.71,0.22,0,0.02,0.01,0, 0.0074007, 0.0021319,-0.0068366,-0.0015739,-0.0134670,buy
2010-06-07,0,0,2.33,0.2,0,0.01,0.07,0, 0.0011686, 0.0014339,-0.0136290,-0.0127755,-0.0143304,sell
2010-06-08,0,0,2.09,0.18,0,0.01,0.25,0.04, 0.0064482,-0.0019973,-0.0090841,-0.0090904,-0.0127851,sell
2010-06-09,0,0,1.39,0.16,0,0,1.06,0.1,-0.0106707,-0.0109972, 0.0043243,-0.0109972,-0.0122414,sell
2010-06-10,0,0,1.01,0.15,0,0,2.3,0.33,-0.0094679, 0.0061627, 0.0073423, 0.0110895, 0.0162372,buy
2010-06-11,0,0,0.99,0.13,0,0,1.71,0.63, 0.0047199, 0.0070285, 0.0142781, 0.0137563, 0.0177174,buy
2010-06-12,0,0,1.84,0.12,0,0,1.65,0.58, 0.0183219, 0.0118516, 0.0182983, 0.0114145, 0.0189481,buy
2010-06-13,0,0,1.3,0.11,0,0,1.01,0.61, 0.0232868, 0.0200832, 0.0228894, 0.0160147, 0.0228894,buy
2010-06-14,0,0,0.43,0.1,0,0,0.36,0.37, 0.0049703, 0.0076504, 0.0142718, 0.0076504, 0.0142718,buy
2010-06-15,0,0,0.26,0.09,0,0,0.13,0.16, 0.0152534, 0.0152534, 0.0158317, 0.0138285, 0.0152534,buy
2010-06-16,0,0,0.49,0.09,0,0,0.05,0.15, 0.0083439, 0.0163143, 0.0115569, 0.0120953, 0.0137771,buy
2010-06-17,0,0,1.32,0.08,0,0,0,0.26, 0.0044216, 0.0058011,-0.0023925, 0.0057840, 0.0030363,buy
2010-06-18,0,0,1.41,0.08,0,0,0,0.55, 0.0048499, 0.0008267,-0.0004323, 0.0023250, 0.0023250,buy
2010-06-19,0,0,0.53,0.07,0,0,0,0.91,-0.0133577,-0.0189058,-0.0170080,-0.0165253,-0.0170080,sell
2010-06-20,0,0,0.18,0.07,0,0,0,0.88,-0.0273765,-0.0271432,-0.0270971,-0.0193355,-0.0223387,sell
2010-06-21,0,0,0.06,0.11,0,0.01,0,1.03,-0.0222711,-0.0191097,-0.0191097,-0.0182221,-0.0178306,sell
2010-06-22,0,0,0,0.17,0,0.02,0,1.1,-0.0030708,-0.0044446,-0.0073002,-0.0052887,-0.0004586,buy
2010-06-23,0,0,0,0.32,0,0.05,0,1.01,-0.0222175,-0.0154671,-0.0122461,-0.0137366,-0.0101931,sell
2010-06-24,0,0.09,0,0.67,0,0.08,0,1.39,-0.0054298,-0.0025922,-0.0121297,-0.0080247,-0.0039862,sell
2010-06-25,0,0.29,0,1.42,0,0.18,0,1.47,-0.0093788,-0.0063187,-0.0132584,-0.0110418,-0.0081337,sell
2010-06-26,0,0.78,0,1.77,0,0.16,0,1.02,-0.0021860,-0.0041236,-0.0055060,-0.0081232,-0.0044924,sell
2010-06-27,0,1.92,0,1.75,0,0.06,0,0.37, 0.0047248, 0.0040910, 0.0134024, 0.0047423, 0.0091481,buy
2010-06-28,0,2.15,0,0.55,0,0.02,0,0.19,-0.0023071,-0.0023071,-0.0004680,-0.0007099,-0.0032588,buy
2010-06-29,0,2.14,0,0.17,0,0.01,0.24,0.17,-0.0130131,-0.0127309,-0.0049001,-0.0129492, 0.0015178,sell
2010-06-30,0,2.33,0,0.04,0,0,1.15,0.19,-0.0150036,-0.0146122,-0.0157583,-0.0142932,-0.0031221,sell
2010-07-01,0,1.55,0,0.04,0,0,2.15,0.2,-0.0289190,-0.0256749,-0.0298838,-0.0304836,-0.0006001,sell
2010-07-02,0,0.53,0,0.04,0,0,1.06,0.22,-0.0163535,-0.0057858, 0.0022138,-0.0155369,-0.0100231,sell
2010-07-03,0,0.19,0,0.04,0,0,0.48,0.24,-0.0066662,-0.0046543,-0.0055896,-0.0077066, 0.0011320,sell
2010-07-04,0,0.06,0,0.04,0,0,0.45,0.26,-0.0159694,-0.0146922,-0.0146922,-0.0083742,-0.0042333,sell
2010-07-05,0,0,0,0.04,0,0,0.64,0.28,-0.0223578,-0.0142728,-0.0097436,-0.0175287,-0.0031105,sell
2010-07-06,0,0,0,0.04,0,0,0.97,0.29,-0.0257731,-0.0187727,-0.0067147,-0.0229310,-0.0144461,sell
2010-07-07,0,0,0.07,0.04,0,0,1.49,0.32, 0.0072074, 0.0012881, 0.0083828, 0.0097462, 0.0084629,buy
2010-07-08,0,0,0.19,0.04,0,0.01,2.25,0.34,-0.0174774,-0.0112282, 0.0044066,-0.0125217,-0.0174774,sell
2010-07-09,0,0,0.62,0.04,0,0.07,2.65,0.36, 0.0035508, 0.0071837, 0.0154367, 0.0047260,-0.0063435,buy
2010-07-10,0,0,1.94,0.04,0,0.17,1.75,0.38, 0.0084583,-0.0083649,-0.0035615, 0.0030445,-0.0076208,buy
2010-07-11,0,0,3.08,0.04,0,0.2,1.38,0.41, 0.0011002, 0.0019698, 0.0015422, 0.0008936,-0.0000193,buy
2010-07-12,0,0,1.91,0.05,0,0.15,0.97,0.42,-0.0114745,-0.0119540,-0.0111477,-0.0062334,-0.0130746,sell
2010-07-13,0,0,1.24,0.05,0,0.05,0.7,0.45,-0.0254286,-0.0203381,-0.0070989,-0.0261196,-0.0288972,sell
2010-07-14,0,0,0.56,0.05,0,0.02,0.49,0.47, 0.0168579, 0.0171537, 0.0061790, 0.0066977, 0.0166089,buy
2010-07-15,0,0,0.18,0.05,0,0.02,0.35,0.49, 0.0095595, 0.0095595,-0.0088004,-0.0073153, 0.0095595,buy
2010-07-16,0,0.21,0.07,0.05,0,0.06,0.23,0.51,-0.0026381, 0.0056500,-0.0027496,-0.0035195,-0.0012904,buy
2010-07-17,0,1.06,0.03,0.06,0,0.19,0.17,0.53,-0.0057276,-0.0050969,-0.0125891, 0.0001882,-0.0020663,buy
2010-07-18,0,2.04,0,0.06,0,0.15,0.18,0.55, 0.0014591,-0.0019436, 0.0014591,-0.0038904, 0.0014591,buy
2010-07-19,0,2.69,0,0.06,0,0.04,0.22,0.57,-0.0045072,-0.0022161,-0.0044876,-0.0137310,-0.0088280,sell
2010-07-20,0,2.67,0,0.07,0,0.03,0.34,0.59, 0.0112482, 0.0113861, 0.0086498,-0.0159934, 0.0075448,buy
2010-07-21,0,0.72,0,0.07,0,0.02,0.66,0.6,-0.0158369,-0.0158369,-0.0037383,-0.0158369,-0.0179627,sell
2010-07-22,0,0.18,0.07,0.08,0,0.02,1.37,0.61,-0.0082303,-0.0112113,-0.0082303,-0.0008900,-0.0051444,sell
2010-07-23,0,0,0.16,0.08,0,0.02,1.44,0.63,-0.0006245,-0.0035032,-0.0007339, 0.0023285, 0.0018648,buy
2010-07-24,0,0,0.39,0.15,0,0.03,0.69,0.64,-0.0006718, 0.0051218, 0.0066547, 0.0066547, 0.0216645,buy
2010-07-25,0,0,1.02,0.2,0,0.03,0.32,0.64,-0.0063113,-0.0032457,-0.0086440,-0.0058820,-0.0059337,sell
2010-07-26,0,0,1.76,0.27,0,0.03,0.15,0.63,-0.0024202,-0.0084783,-0.0014507,-0.0036344,-0.0024202,buy
2010-07-27,0,0,2.03,0.41,0,0.04,0.07,0.63,-0.0014651,-0.0124726, 0.0001243,-0.0083510, 0.0044403,buy
2010-07-28,0,0,1.95,0.67,0,0.04,0,0.64,-0.0091741,-0.0102512,-0.0069764,-0.0119688,-0.0010553,sell
2010-07-29,0,0,1.22,1.09,0,0.06,0,0.65,-0.0050973,-0.0011252,-0.0059157, 0.0126772,-0.0042243,buy
2010-07-30,0,0,1.12,1.49,0,0.06,0,0.68, 0.0026658, 0.0068738, 0.0060327, 0.0165061, 0.0063386,buy
2010-07-31,0,0,0.53,1.3,0,0.06,0,0.73, 0.0112297, 0.0083417, 0.0092491, 0.0181096, 0.0105638,buy
2010-08-01,0,0,0.16,0.98,0,0.08,0,0.81, 0.0102583, 0.0022264, 0.0029604, 0.0093357, 0.0072990,buy
2010-08-02,0,0,0.05,0.93,0,0.09,0,0.96, 0.0025162,-0.0039670,-0.0024986, 0.0012179, 0.0012614,buy
2010-08-03,0,0.06,0,1.16,0,0.11,0,1.19, 0.0024431,-0.0038105,-0.0057905,-0.0006689, 0.0003299,buy
2010-08-04,0,0.13,0,1.29,0,0.13,0,1.27,-0.0054766,-0.0063076,-0.0105028,-0.0076158,-0.0019065,sell
2010-08-05,0,0.32,0,1.21,0,0.18,0,1.03, 0.0020006,-0.0044326,-0.0008393,-0.0052859,-0.0006945,buy
2010-08-06,0,0.87,0,1.55,0,0.19,0,0.87,-0.0002270,-0.0030469,-0.0028416, 0.0006958,-0.0020183,buy
2010-08-07,0,1.82,0,1.93,0,0.18,0,0.81,-0.0040456,-0.0079606,-0.0091366,-0.0071231,-0.0086241,sell
2010-08-08,0,1.88,0,1.5,0,0.22,0,0.86,-0.0047826,-0.0094056,-0.0067982,-0.0135097,-0.0098645,sell
2010-08-09,0,1.87,0,1.61,0,0.25,0,1.13,-0.0077854,-0.0102256,-0.0097101,-0.0120963,-0.0085532,sell
2010-08-10,0,2.82,0,1.5,0,0.16,0,1.2,-0.0079000,-0.0106984,-0.0114127,-0.0087040,-0.0102299,sell
2010-08-11,0,2.2,0,1.01,0,0.09,0,0.82, 0.0028357,-0.0014991,-0.0028921,-0.0027569,-0.0042292,buy
2010-08-12,0,0.86,0,0.91,0,0.07,0,0.62, 0.0100786, 0.0105893,-0.0061143,-0.0017091,-0.0013984,buy
2010-08-13,0,0.35,0,0.95,0,0.06,0,0.53,-0.0037953, 0.0016815,-0.0143300,-0.0116037,-0.0051906,sell
2010-08-14,0,0.15,0,1.05,0,0.05,0,0.48,-0.0090258,-0.0093617,-0.0118681,-0.0014265,-0.0118681,sell
2010-08-15,0,0,0,1.25,0,0.04,0,0.43, 0.0016279, 0.0084372, 0.0068750, 0.0040087, 0.0082514,buy
2010-08-16,0,0,0,1.44,0,0.05,0,0.41, 0.0062267, 0.0105553, 0.0105553, 0.0101222, 0.0098116,buy
2010-08-17,0,0,0,1.4,0,0.06,0,0.39, 0.0132059, 0.0168927, 0.0168927, 0.0128586, 0.0151763,buy
2010-08-18,0,0,0.04,1.19,0,0.07,0,0.37, 0.0124162, 0.0098128, 0.0097410, 0.0123419, 0.0148410,buy
2010-08-19,0,0,0.1,1.01,0,0.08,0,0.35, 0.0102978,-0.0002268,-0.0005153, 0.0117657, 0.0148950,buy
2010-08-20,0,0,0.25,0.85,0,0.09,0,0.33, 0.0007356, 0.0004992,-0.0016615, 0.0078758, 0.0058866,buy
2010-08-21,0,0,0.65,0.71,0,0.11,0,0.3,-0.0028871,-0.0033174,-0.0067203, 0.0042024,-0.0078752,buy
2010-08-22,0,0,1.56,0.6,0,0.14,0,0.28,-0.0028970,-0.0178955,-0.0012051,-0.0090553,-0.0079501,sell
2010-08-23,0,0,1.71,0.5,0,0.17,0,0.26,-0.0056140,-0.0181450,-0.0022116,-0.0112960,-0.0098335,sell
2010-08-24,0,0,1.41,0.42,0,0.16,0,0.25,-0.0090473,-0.0148577,-0.0016769,-0.0113322,-0.0064126,sell
2010-08-25,0,0,1.11,0.35,0,0.13,0,0.23, 0.0024339,-0.0099906, 0.0049106, 0.0013214, 0.0069675,buy
2010-08-26,0,0,0.46,0.29,0,0.1,0,0.21,-0.0174367,-0.0151994,-0.0166921,-0.0142012,-0.0175394,sell
2010-08-27,0,0,0.14,0.24,0,0.08,0,0.19,-0.0089433,-0.0081095,-0.0087446,-0.0048609,-0.0144051,sell
2010-08-28,0,0,0.05,0.2,0,0.08,0,0.18,-0.0097208,-0.0099526,-0.0088788,-0.0051355,-0.0142285,sell
2010-08-29,0,0,0,0.16,0,0.07,0,0.16, 0.0004463,-0.0007626, 0.0007566, 0.0070751,-0.0091909,buy
2010-08-30,0,0,0,0.13,0,0.06,0,0.15, 0.0004293,-0.0008540, 0.0014113, 0.0077530,-0.0076139,buy
2010-08-31,0,0,0,0.11,0,0.07,0,0.14, 0.0017597,-0.0010719, 0.0004962, 0.0071608,-0.0065012,buy
2010-09-01,0,0,0,0.09,0,0.06,0,0.12, 0.0049244, 0.0015431, 0.0050713, 0.0084241,-0.0034568,buy
2010-09-02,0,0,0.04,0.07,0,0.08,0,0.11,-0.0151586,-0.0035640,-0.0173454, 0.0026272,-0.0139708,sell
2010-09-03,0,0,0.1,0.06,0,0.1,0,0.1, 0.0083279, 0.0125628, 0.0072936, 0.0092711, 0.0050095,buy
2010-09-04,0,0,0.24,0.05,0,0.13,0,0.09, 0.0080088, 0.0117459, 0.0043570, 0.0159813, 0.0062170,buy
2010-09-05,0,0,0.54,0,0,0.19,0,0.08, 0.0040936, 0.0020575, 0.0064814, 0.0029539, 0.0029539,buy
2010-09-06,0,0,1.13,0,0,0.14,0,0.07,-0.0140990, 0.0036998, 0.0041495,-0.0064900, 0.0054054,buy
2010-09-07,0,0,1.97,0,0,0.07,0.07,0.07, 0.0180327, 0.0117383, 0.0117138, 0.0117383, 0.0157541,buy
2010-09-08,0,0,2.06,0,0,0.04,0.13,0.06, 0.0168457, 0.0126537, 0.0121639, 0.0104757, 0.0137932,buy
2010-09-09,0,0,1.47,0,0,0.03,0.25,0.05, 0.0114617, 0.0074035, 0.0034952, 0.0032638, 0.0037385,buy
2010-09-10,0,0,1.01,0,0,0.02,0.49,0.05,-0.0054368,-0.0032733,-0.0171063, 0.0008712, 0.0008687,buy
2010-09-11,0,0,1.09,0,0,0.02,0.95,0.04,-0.0099611,-0.0070146,-0.0162869, 0.0018745, 0.0022623,buy
2010-09-12,0,0,1.68,0,0,0.02,1.29,0.04, 0.0057767, 0.0020649,-0.0001880, 0.0037143, 0.0024977,buy
2010-09-13,0,0,2.32,0,0,0.02,1,0.03, 0.0087141, 0.0085813, 0.0050488, 0.0087141, 0.0070051,buy
2010-09-14,0,0,1.85,0,0,0.02,0.66,0.03, 0.0149700, 0.0151057, 0.0137793, 0.0135972, 0.0115840,buy
2010-09-15,0,0,0.95,0,0,0.02,0.54,0.03, 0.0030895, 0.0068378, 0.0041993, 0.0135716, 0.0066348,buy
2010-09-16,0,0,0.49,0,0,0.01,0.58,0.02, 0.0081719, 0.0084147, 0.0138253, 0.0104910, 0.0063867,buy
2010-09-17,0,0,0.25,0.06,0,0.01,0.81,0.02,-0.0155324,-0.0156223,-0.0142442,-0.0111553,-0.0141332,sell
2010-09-18,0,0,0.13,0.18,0,0.01,1.28,0.02,-0.0069659,-0.0022616,-0.0076601,-0.0171365,-0.0073278,sell
2010-09-19,0,0,0.07,0.44,0,0.01,1.34,0, 0.0033756, 0.0071054, 0.0045161,-0.0007802, 0.0001637,buy
2010-09-20,0,0,0,1.13,0,0.01,0.8,0, 0.0115814, 0.0104686, 0.0098673, 0.0115814, 0.0194679,buy
2010-09-21,0,0,0,2.07,0,0,0.45,0.02, 0.0081749, 0.0114398, 0.0081749, 0.0147468, 0.0111117,buy
2010-09-22,0,0,0,1.47,0,0,0.24,0.04, 0.0082261, 0.0143489, 0.0116101, 0.0083678, 0.0146758,buy
2010-09-23,0,0.1,0,0.58,0,0,0.13,0.11, 0.0172651, 0.0116957, 0.0156449, 0.0173023, 0.0133444,buy
2010-09-24,0,0.16,0,0.23,0,0,0.07,0.26,-0.0025296,-0.0056823,-0.0025296,-0.0022624,-0.0003255,buy
2010-09-25,0,0.25,0,0.08,0,0,0.04,0.61,-0.0044602,-0.0054201,-0.0044602,-0.0141489,-0.0099630,sell
2010-09-26,0,0.39,0,0,0,0,0,0.63,-0.0113183,-0.0143956,-0.0113183,-0.0190481,-0.0141774,sell
2010-09-27,0,0.62,0,0,0,0.01,0,0.27,-0.0114926,-0.0081624,-0.0097524,-0.0144627,-0.0050855,sell
2010-09-28,0,0.99,0,0,0,0.01,0,0.11,-0.0300616,-0.0295728,-0.0259556,-0.0300616,-0.0102451,sell
2010-09-29,0,1.5,0,0.03,0,0.03,0,0.05,-0.0113344,-0.0070182,-0.0027576,-0.0027517,-0.0018919,buy
2010-09-30,0,2.16,0,0.24,0,0.09,0,0.02,-0.0065805,-0.0078185,-0.0117058,-0.0100643,-0.0134948,sell
2010-10-01,0,2.75,0,1.24,0,0.15,0,0,-0.0199150,-0.0094655,-0.0155272,-0.0208522,-0.0205085,sell
2010-10-02,0,3.39,0,1.99,0,0.1,0,0,-0.0008306, 0.0036597,-0.0088295,-0.0095919,-0.0118501,sell
2010-10-03,0,3.82,0,0.8,0,0.04,0,0.08,-0.0025839,-0.0019960,-0.0135782,-0.0068464,-0.0077371,sell
2010-10-04,0,3.83,0,0.15,0,0.01,0,0.4,-0.0028965,-0.0035588,-0.0097742,-0.0028965,-0.0025414,buy
2010-10-05,0,3.04,0,0,0,0.01,0,0.63, 0.0050006, 0.0018827, 0.0012368, 0.0065318, 0.0107119,buy
2010-10-06,0,2.31,0,0,0,0.01,0,0.2,-0.0098329,-0.0147327,-0.0147327,-0.0167455,-0.0160024,sell
2010-10-07,0,1.85,0,0,0,0.02,0,0.04,-0.0095395,-0.0073498,-0.0044811,-0.0079151, 0.0003964,sell
2010-10-08,0,1.58,0,0,0,0.04,0,0,-0.0009724, 0.0019523, 0.0027097, 0.0037249,-0.0017701,buy
2010-10-09,0,1.48,0,0,0,0.07,0,0,-0.0051494,-0.0108366,-0.0110911,-0.0113051, 0.0006670,sell
2010-10-10,0,1.44,0,0,0,0.13,0,0, 0.0138597, 0.0177430, 0.0125719, 0.0166067, 0.0141970,buy
2010-10-11,0,1.54,0,0,0,0.16,0,0, 0.0101936, 0.0118601, 0.0105929, 0.0142492, 0.0118169,buy
2010-10-12,0,1.72,0,0,0,0.1,0,0,-0.0029744, 0.0148512, 0.0096954, 0.0148512, 0.0148512,buy
2010-10-13,0,1.77,0,0,0,0.06,0,0,-0.0020365, 0.0057672, 0.0032251, 0.0096913, 0.0057672,buy
2010-10-14,0,1.59,0.03,0,0,0.04,0,0, 0.0028077, 0.0026102, 0.0012428, 0.0100785,-0.0045238,buy
2010-10-15,0,1.37,0.1,0,0,0.03,0,0, 0.0158480, 0.0105283, 0.0150332, 0.0180199, 0.0018720,buy
2010-10-16,0,1.19,0.35,0,0,0.03,0,0, 0.0085387, 0.0052978, 0.0082829, 0.0085387,-0.0047467,buy
2010-10-17,0,1.04,1.6,0,0,0.03,0,0,-0.0062131,-0.0086376,-0.0086147,-0.0095804,-0.0095804,sell
2010-10-18,0,0.97,2.71,0,0,0.04,0,0, 0.0104285, 0.0024655, 0.0069771, 0.0244623, 0.0103117,buy
2010-10-19,0,0.98,2.77,0,0,0.08,0,0, 0.0204424, 0.0045001, 0.0200631, 0.0279478, 0.0204424,buy
2010-10-20,0,1.1,2.25,0,0,0.13,0.09,0, 0.0115293,-0.0006459, 0.0115293, 0.0115293, 0.0115293,buy
2010-10-21,0,1.18,1.65,0,0,0.18,0.37,0, 0.0011653, 0.0028781,-0.0173062,-0.0062999,-0.0050929,sell
2010-10-22,0,0.95,0.62,0,0,0.15,1.3,0,-0.0019010,-0.0019734, 0.0024702,-0.0051135,-0.0109757,buy
2010-10-23,0,0.64,0.23,0,0,0.09,1.1,0,-0.0013404, 0.0045696, 0.0030070,-0.0243003,-0.0033384,buy
2010-10-24,0,0.5,0.09,0,0,0.05,0.5,0, 0.0228114, 0.0237100, 0.0223425, 0.0135498, 0.0148775,buy
2010-10-25,0,0.59,0,0,0,0.03,0.68,0,-0.0017118,-0.0019079,-0.0031630,-0.0034655,-0.0029967,buy
2010-10-26,0,1.34,0,0,0,0.02,1.33,0, 0.0086598, 0.0114599, 0.0028042, 0.0081395, 0.0090210,buy
2010-10-27,0,1.47,0,0,0,0.01,1.17,0, 0.0047501, 0.0029478, 0.0031524, 0.0004259, 0.0049513,buy
2010-10-28,0,1.79,0,0,0,0.01,0.62,0,-0.0059183,-0.0055128,-0.0051298,-0.0085393,-0.0083118,sell
2010-10-29,0,0.91,0,0,0,0.01,0.49,0,-0.0070410,-0.0134067,-0.0124838,-0.0153889,-0.0139431,sell
2010-10-30,0,0.4,0,0,0,0.02,0.61,0,-0.0078769,-0.0176748,-0.0124038,-0.0071722,-0.0172597,sell
2010-10-31,0,0.64,0,0,0,0.09,0.91,0, 0.0005589,-0.0124782, 0.0034121, 0.0074723, 0.0004391,buy
2010-11-01,0,1.14,0,0,0,0.16,1.27,0, 0.0084573,-0.0010205,-0.0075495,-0.0039687,-0.0040858,buy
2010-11-02,0,1,0,0,0,0.07,1.01,0, 0.0107405, 0.0029346, 0.0057059, 0.0043341, 0.0061509,buy
2010-11-03,0,1.13,0,0,0,0.02,0.59,0, 0.0017644, 0.0088871, 0.0001281,-0.0036767, 0.0001281,buy
2010-11-04,0,1.69,0,0,0,0.01,0.36,0, 0.0000959, 0.0003245,-0.0008063, 0.0016698, 0.0031042,buy
2010-11-05,0,1.17,0.04,0,0,0.04,0.22,0, 0.0102340, 0.0040744, 0.0081754, 0.0113399, 0.0072090,buy
2010-11-06,0,0.45,0.06,0,0,0.15,0.14,0, 0.0003240,-0.0058140,-0.0038588,-0.0038588,-0.0057159,buy
2010-11-07,0,0.18,0.09,0,0,0.19,0.09,0, 0.0167649, 0.0170280, 0.0218652, 0.0209771, 0.0132186,buy
2010-11-08,0,0.07,0.13,0,0,0.08,0.1,0,-0.0008694, 0.0100417,-0.0162013, 0.0082361,-0.0024868,buy
2010-11-09,0,0,0.18,0,0,0.08,0.12,0,-0.0009909, 0.0029615, 0.0113797,-0.0011621,-0.0038389,buy
2010-11-10,0,0,0.24,0,0,0.14,0.13,0, 0.0328512, 0.0122844, 0.0126386, 0.0158297, 0.0114399,buy
2010-11-11,0,0,0.31,0,0,0.17,0.23,0, 0.0132059, 0.0071557, 0.0082384, 0.0130191, 0.0093943,buy
2010-11-12,0,0,0.38,0,0,0.1,0.4,0,-0.0187241,-0.0141878,-0.0134168, 0.0010761,-0.0081223,sell
2010-11-13,0,0,0.46,0,0,0.08,0.7,0,-0.0184064,-0.0159228,-0.0156029,-0.0005192,-0.0152763,sell
2010-11-14,0,0,0.54,0,0,0.13,1.23,0,-0.0105095,-0.0126089,-0.0101206,-0.0155940,-0.0119016,sell
2010-11-15,0,0,0.6,0,0,0.15,1.55,0,-0.0198876,-0.0165100,-0.0165100,-0.0234022,-0.0165100,sell
2010-11-16,0,0,0.65,0,0,0.09,1.33,0,-0.0057012,-0.0100732,-0.0100732,-0.0173774,-0.0135904,sell
2010-11-17,0,0,0.67,0,0,0.06,1.78,0,-0.0047136,-0.0173460,-0.0104552,-0.0104552,-0.0039911,sell
2010-11-18,0,0,0.67,0,0,0.06,1.73,0,-0.0009774,-0.0147517,-0.0042097,-0.0042097,-0.0017002,buy
2010-11-19,0,0,0.67,0,0,0.08,0.66,0,-0.0221223,-0.0103193,-0.0151701,-0.0095014,-0.0169738,sell
2010-11-20,0,0,0.65,0,0,0.16,0.25,0, 0.0089733, 0.0018898,-0.0030997, 0.0098600, 0.0129209,buy
2010-11-21,0,0,0.6,0,0,0.18,0.11,0, 0.0090622, 0.0034426,-0.0054550, 0.0048516, 0.0048516,buy
2010-11-22,0,0,0.54,0,0,0.08,0,0.02, 0.0041280, 0.0108468, 0.0028135, 0.0042791, 0.0056527,buy
2010-11-23,0,0,0.47,0,0,0.04,0,0.06, 0.0032575, 0.0218386, 0.0148655,-0.0022974, 0.0101971,buy
2010-11-24,0,0,0.4,0,0,0.02,0,0.23, 0.0007339, 0.0035783,-0.0006901,-0.0047247, 0.0000852,buy
2010-11-25,0,0,0.32,0,0,0.01,0,0.49,-0.0058617,-0.0051724,-0.0167467,-0.0053323,-0.0153233,sell
2010-11-26,0,0,0.26,0,0,0,0.01,0.51,-0.0051367,-0.0038564,-0.0158734,-0.0037398,-0.0141236,sell
2010-11-27,0,0,0.2,0,0,0,0.01,0.77,-0.0215271,-0.0175456,-0.0249536,-0.0148205,-0.0226003,sell
2010-11-28,0,0,0.15,0,0,0,0.03,0.95,-0.0328575,-0.0238001,-0.0334101,-0.0240585,-0.0346497,sell
2010-11-29,0,0,0.11,0,0,0,0.06,0.71,-0.0093523,-0.0011752,-0.0090518, 0.0043433,-0.0037827,buy
2010-11-30,0,0,0.08,0,0,0,0.15,0.51, 0.0029075, 0.0040214,-0.0009586, 0.0044089, 0.0010052,buy
2010-12-01,0,0,0.05,0,0,0,0.22,0.41,-0.0059755,-0.0064349,-0.0145219,-0.0044983,-0.0064349,sell
2010-12-02,0,0,0,0,0,0,0.23,0.51,-0.0084981,-0.0071443,-0.0121582,-0.0076228,-0.0071443,sell
2010-12-03,0,0,0,0,0,0,0.31,0.69,-0.0021149,-0.0011409, 0.0054809,-0.0003176, 0.0044151,buy
2010-12-04,0,0,0,0,0,0,0.47,0.51,-0.0038763,-0.0033140,-0.0033663,-0.0061243,-0.0033268,buy
2010-12-05,0,0,0,0,0,0,0.84,0.26, 0.0022849, 0.0034606, 0.0063004, 0.0056912,-0.0109493,buy
2010-12-06,0,0,0,0,0,0,1.62,0.13, 0.0090734, 0.0149652, 0.0127105, 0.0122707, 0.0127105,buy
2010-12-07,0,0,0,0,0,0,2.37,0.06,-0.0078451, 0.0023731, 0.0023731,-0.0008464, 0.0032651,buy
2010-12-08,0,0,0,0,0,0,2.18,0.03,-0.0140618,-0.0122352,-0.0122352,-0.0031628, 0.0024424,sell
2010-12-09,0,0.03,0,0,0,0.01,1.57,0, 0.0032862, 0.0032862, 0.0015190, 0.0121843, 0.0038366,buy
2010-12-10,0,0.05,0,0,0,0.01,0.98,0,-0.0074878,-0.0114774,-0.0099302,-0.0165627,-0.0065390,sell
2010-12-11,0,0.09,0,0,0,0.01,0.62,0,-0.0067022,-0.0051922, 0.0003077,-0.0039947,-0.0029550,buy
2010-12-12,0,0.15,0,0,0,0.02,0.32,0.02, 0.0167130, 0.0053082, 0.0154519, 0.0154519, 0.0137050,buy
2010-12-13,0,0.32,0,0,0,0.02,0.19,0.03,-0.0114181,-0.0111446,-0.0122698,-0.0121950,-0.0122504,sell
2010-12-14,0,0.59,0,0,0,0.03,0.12,0.1,-0.0089471,-0.0109015,-0.0073704,-0.0072033,-0.0089471,sell
2010-12-15,0,1.1,0,0,0,0.03,0.05,0.23, 0.0087863, 0.0080375, 0.0043851, 0.0066750, 0.0039690,buy
2010-12-16,0,1.47,0,0,0,0.04,0.05,0.52, 0.0065183, 0.0117563, 0.0105732, 0.0131198, 0.0093423,buy
2010-12-17,0,1.56,0,0,0,0.05,0.05,0.68,-0.0035080,-0.0033683,-0.0018404,-0.0013811,-0.0032738,buy
2010-12-18,0,1.93,0,0,0,0.06,0.05,0.84, 0.0049148, 0.0032836, 0.0037380, 0.0035798, 0.0035407,buy
2010-12-19,0,1.48,0,0,0,0.07,0.05,0.81,-0.0022661,-0.0044968,-0.0027478, 0.0010238,-0.0057806,buy
2010-12-20,0,0.73,0,0,0,0.07,0.04,0.97,-0.0131239,-0.0100787,-0.0115558,-0.0092989,-0.0157325,sell
2010-12-21,0,0.36,0,0,0,0.04,0.04,1.08,-0.0018140, 0.0003462,-0.0012868,-0.0062448,-0.0119855,sell
2010-12-22,0,0.15,0,0,0,0.04,0.04,0.63, 0.0090408, 0.0109334, 0.0095629, 0.0072744, 0.0090489,buy
2010-12-23,0,0.07,0,0,0,0.04,0.04,0.18,-0.0052046,-0.0077492,-0.0050356,-0.0112328,-0.0024017,sell
2010-12-24,0,0,0,0,0,0.04,0.03,0.1, 0.0129331, 0.0109932,-0.0021156, 0.0109932, 0.0103416,buy
2010-12-25,0,0,0,0,0,0.04,0,0.09, 0.0096346, 0.0091840, 0.0100660, 0.0140530, 0.0087896,buy
2010-12-26,0,0,0,0,0,0.07,0,0.13, 0.0147451, 0.0128141, 0.0113351, 0.0127435, 0.0152505,buy
2010-12-27,0,0,0,0,0,0.13,0.06,0.24, 0.0131133, 0.0081836, 0.0090609, 0.0076889, 0.0141588,buy
2010-12-28,0,0,0,0,0,0.18,0.08,0.46, 0.0033216, 0.0056991, 0.0033592, 0.0032876, 0.0043440,buy
2010-12-29,0,0,0,0,0,0.12,0.09,0.71,-0.0054671,-0.0055305,-0.0063277,-0.0013468,-0.0031925,buy
2010-12-30,0,0,0,0,0,0.07,0.1,0.57,-0.0103878,-0.0097354,-0.0091002,-0.0025657,-0.0152018,sell
2010-12-31,0,0,0,0,0,0.03,0.1,0.3,-0.0005091,-0.0004793,-0.0004793, 0.0001921, 0.0001921,buy
2011-01-01,0,0,0,0,0,0.02,0.08,0.16, 0.0073358, 0.0073358, 0.0073314, 0.0073358, 0.0073358,buy
2011-01-02,0,0,0,0,0,0.01,0.07,0.08, 0.0032301, 0.0066214, 0.0016811, 0.0032301, 0.0032301,buy
2011-01-03,0,0,0,0,0,0.01,0.05,0.07,-0.0000869, 0.0028344,-0.0042875,-0.0000869,-0.0000869,buy
2011-01-04,0,0,0,0,0,0.01,0,0.09,-0.0038459, 0.0032612,-0.0037784,-0.0038459,-0.0038459,buy
2011-01-05,0,0,0,0,0,0.02,0,0.17, 0.0051457, 0.0105308, 0.0080689, 0.0051457, 0.0051457,buy
2011-01-06,0,0,0,0,0,0.03,0,0.44, 0.0022468, 0.0026031, 0.0022468, 0.0082480, 0.0073151,buy
2011-01-07,0,0,0,0,0,0.06,0.09,0.79,-0.0244771,-0.0263522,-0.0114207, 0.0019793,-0.0225483,sell
2011-01-08,0,0,0,0,0,0.13,0.17,0.64,-0.0072499,-0.0058907,-0.0051662,-0.0019199,-0.0054565,sell
2011-01-09,0,0,0,0,0,0.19,0.32,0.53, 0.0111923, 0.0089527, 0.0180277, 0.0179711, 0.0113607,buy
2011-01-10,0,0,0,0,0,0.12,0.63,0.89, 0.0126860, 0.0170549, 0.0087457, 0.0126860, 0.0126860,buy
2011-01-11,0,0,0,0,0,0.06,1.19,1.06, 0.0102409, 0.0089156, 0.0028502, 0.0102409, 0.0102409,buy
2011-01-12,0,0,0,0,0,0.03,1.7,0.6, 0.0053920, 0.0124101, 0.0042645, 0.0065439, 0.0042645,buy
2011-01-13,0,0,0,0,0,0.02,1.69,0.24, 0.0062477, 0.0122580, 0.0105458, 0.0089633, 0.0106974,buy
2011-01-14,0,0,0,0,0,0.01,1.34,0.09, 0.0111630, 0.0111630, 0.0126376, 0.0111630, 0.0184614,buy
2011-01-15,0,0,0,0,0,0.01,0.97,0.02,-0.0046081,-0.0078790,-0.0035766,-0.0072176, 0.0035844,buy
2011-01-16,0,0,0,0,0,0.01,1.02,0,-0.0086751,-0.0093194,-0.0091904,-0.0167931,-0.0064815,sell
2011-01-17,0,0,0,0,0,0.01,1.68,0, 0.0010215, 0.0203602, 0.0032104,-0.0073972, 0.0032104,buy
2011-01-18,0,0,0,0,0,0.02,1.65,0, 0.0063831, 0.0146156, 0.0158781, 0.0055132, 0.0122432,buy
2011-01-19,0,0,0,0,0,0.02,1.33,0,-0.0049222,-0.0048486,-0.0050577,-0.0058649,-0.0049222,sell
2011-01-20,0,0,0,0,0,0.02,1.1,0, 0.0019502, 0.0002655, 0.0006139, 0.0019502, 0.0160844,buy
2011-01-21,0,0,0,0,0,0.02,0.69,0, 0.0130221,-0.0058800,-0.0029459, 0.0146777,-0.0008560,buy
2011-01-22,0,0,0,0,0,0.02,0.8,0, 0.0062297,-0.0112315,-0.0108029, 0.0085360,-0.0053375,buy
2011-01-23,0,0,0,0,0,0.02,1.51,0.03, 0.0099689, 0.0263432, 0.0089116,-0.0019514, 0.0021883,buy
2011-01-24,0,0,0,0,0,0.03,1.22,0.11, 0.0275357, 0.0250362, 0.0238505, 0.0260361, 0.0218262,buy
2011-01-25,0,0,0,0,0,0.03,0.45,0.4, 0.0075337, 0.0075337,-0.0017586, 0.0008105, 0.0075337,buy
2011-01-26,0,0,0,0,0,0.04,0.17,0.72, 0.0020685, 0.0015162, 0.0081221,-0.0005998, 0.0019214,buy
2011-01-27,0,0,0,0,0,0.05,0.06,0.34, 0.0023793, 0.0091135, 0.0042222, 0.0016335, 0.0024052,buy
2011-01-28,0,0,0,0,0,0.07,0,0.09,-0.0030444,-0.0050915, 0.0062481,-0.0109243,-0.0017943,buy
2011-01-29,0,0,0,0,0,0.09,0,0.04, 0.0026982, 0.0018369, 0.0090689,-0.0105652,-0.0008953,buy
2011-01-30,0,0,0,0,0,0.15,0,0.05, 0.0115853, 0.0090209, 0.0132794, 0.0132794, 0.0128499,buy
2011-01-31,0,0,0,0,0,0.24,0.13,0.14, 0.0111851, 0.0076174, 0.0003424, 0.0076174, 0.0069545,buy
2011-02-01,0,0,0,0,0,0.38,0.49,0.37, 0.0036613, 0.0037385, 0.0036110, 0.0067249, 0.0036613,buy
2011-02-02,0,0,0,0,0,0.43,1.3,0.65,-0.0003579,-0.0003579,-0.0003579, 0.0049513,-0.0005856,buy
2011-02-03,0,0,0,0,0,0.34,0.93,0.45, 0.0003899, 0.0003899, 0.0022528, 0.0110548, 0.0006615,buy
2011-02-04,0,0,0,0,0,0.33,0.57,0.26, 0.0031266, 0.0021423,-0.0001129, 0.0017738, 0.0021423,buy
2011-02-05,0,0,0,0,0,0.33,0.84,0.27, 0.0044968, 0.0001003,-0.0006081, 0.0045290, 0.0001003,buy
2011-02-06,0,0,0,0,0,0.36,0.52,0.45, 0.0052747, 0.0049483, 0.0044501, 0.0099579, 0.0016746,buy
2011-02-07,0,0,0,0,0,0.39,0.15,0.37, 0.0094461, 0.0062011, 0.0037724, 0.0069486, 0.0094461,buy
2011-02-08,0,0,0,0,0,0.37,0.04,0.18,-0.0039187, 0.0089252,-0.0043878,-0.0043878,-0.0012998,buy
2011-02-09,0,0,0,0,0,0.42,0,0.1,-0.0095773, 0.0124385,-0.0096963,-0.0093410, 0.0046900,buy
2011-02-10,0,0,0,0,0,0.5,0,0.08,-0.0167120, 0.0041837,-0.0156567,-0.0170557,-0.0016782,sell
2011-02-11,0,0,0,0,0,0.56,0,0.07,-0.0018074, 0.0009052,-0.0051560,-0.0100423,-0.0039085,sell
2011-02-12,0,0,0,0,0,0.55,0,0.07, 0.0006770, 0.0006770,-0.0004351,-0.0004351,-0.0071708,buy
2011-02-13,0,0,0,0,0,0.38,0,0.08,-0.0003231, 0.0032544,-0.0014833, 0.0002933,-0.0031372,buy
2011-02-14,0,0,0,0,0,0.28,0,0.09, 0.0030574, 0.0053162, 0.0007821, 0.0008019, 0.0026234,buy
2011-02-15,0,0,0,0,0,0.29,0,0.14, 0.0057127, 0.0072343,-0.0005440, 0.0000043, 0.0026544,buy
2011-02-16,0,0.06,0,0,0,0.35,0,0.23, 0.0075798, 0.0077111, 0.0042970, 0.0045736, 0.0045736,buy
2011-02-17,0,0.14,0,0,0,0.31,0,0.45,-0.0021209,-0.0025698,-0.0076299,-0.0025698,-0.0025698,buy
2011-02-18,0,0.36,0,0,0,0.18,0,0.9, 0.0006577,-0.0027126,-0.0137676,-0.0088722,-0.0048201,sell
2011-02-19,0,0.93,0,0,0,0.18,0,0.8,-0.0066563,-0.0088977,-0.0198314,-0.0094466,-0.0131226,sell
2011-02-20,0,1.99,0,0,0,0.11,0,0.46, 0.0116592,-0.0088364,-0.0099379,-0.0065099,-0.0066334,sell
2011-02-21,0,2.01,0,0,0,0.05,0.04,0.39, 0.0024107, 0.0022761,-0.0068667,-0.0028865, 0.0058265,buy
2011-02-22,0,2.71,0,0,0,0.04,0.09,0.4,-0.0126820,-0.0008761,-0.0068130,-0.0072433,-0.0164310,sell
2011-02-23,0,2.25,0,0,0,0.02,0.28,0.45, 0.0033407, 0.0095376, 0.0091253, 0.0154671, 0.0090872,buy
2011-02-24,0,2.08,0,0,0,0.01,0.88,0.55,-0.0075570, 0.0065637,-0.0015235, 0.0001221,-0.0099229,buy
2011-02-25,0,1.68,0,0,0,0.01,2.49,0.64,-0.0041965, 0.0021114,-0.0086641,-0.0016892, 0.0006484,buy
2011-02-26,0,0.79,0,0,0,0.01,2.2,0.62, 0.0078428, 0.0070835, 0.0037662, 0.0080775, 0.0037641,buy
2011-02-27,0,0.37,0,0,0,0.01,1.03,0.52, 0.0054676, 0.0070637, 0.0026958, 0.0038791, 0.0125939,buy
2011-02-28,0,0.18,0.1,0,0,0.01,1.16,0.43, 0.0051582, 0.0051582, 0.0018390, 0.0053249, 0.0055013,buy
2011-03-01,0,0.08,0.58,0,0,0.02,2.1,0.36,-0.0168797,-0.0136225,-0.0145160,-0.0171183,-0.0171183,sell
2011-03-02,0,0,1.62,0,0,0.02,2.45,0.3, 0.0020160, 0.0004811, 0.0002282, 0.0030912,-0.0003066,buy
2011-03-03,0,0,0.82,0,0,0.01,2.03,0.25,-0.0050308,-0.0102042,-0.0019154,-0.0049185,-0.0050308,buy
2011-03-04,0,0,0.39,0,0,0,1.6,0.2,-0.0105865,-0.0058001,-0.0129490,-0.0097000,-0.0013234,sell
2011-03-05,0,0,0.69,0,0,0,0.86,0.17, 0.0004418,-0.0083786, 0.0004418, 0.0004418,-0.0027841,buy
2011-03-06,0,0,1.59,0,0,0,0.52,0.14,-0.0171983,-0.0198035,-0.0124707,-0.0046633,-0.0116626,sell
2011-03-07,0,0,1.42,0,0,0,0.48,0.12,-0.0147722,-0.0162514,-0.0111130,-0.0017758,-0.0091586,sell
2011-03-08,0,0,0.54,0,0,0,0.64,0.09,-0.0014676,-0.0025304, 0.0008941,-0.0014676,-0.0014676,buy
2011-03-09,0,0,0.26,0,0,0,1.09,0.08,-0.0156216,-0.0163743,-0.0128037,-0.0131994,-0.0116932,sell
2011-03-10,0,0,0.18,0,0,0,1.68,0.06,-0.0058238,-0.0058238,-0.0058238, 0.0094012,-0.0011332,buy
2011-03-11,0,0,0.22,0,0,0.01,1.49,0.09, 0.0111896, 0.0124791, 0.0062526,-0.0014136, 0.0053548,buy
2011-03-12,0,0,0.47,0,0,0.02,0.86,0.23,-0.0119490,-0.0169614,-0.0142888,-0.0142996,-0.0136543,sell
2011-03-13,0,0,1.01,0,0,0.06,0.49,0.66,-0.0139050,-0.0024895, 0.0002471,-0.0017166,-0.0016334,buy
2011-03-14,0,0,1.62,0,0,0.16,0.28,0.45, 0.0022008, 0.0023440, 0.0021440,-0.0064969,-0.0050873,sell
2011-03-15,0,0,1.18,0,0,0.14,0.15,0.11,-0.0207533,-0.0056899,-0.0056899,-0.0211884, 0.0007815,sell
2011-03-16,0,0,0.55,0.2,0,0.05,0.09,0.04,-0.0179223, 0.0139437,-0.0182128,-0.0178321,-0.0179223,sell
2011-03-17,0,0,0.26,0.69,0,0.03,0.06,0,-0.0092151,-0.0086691,-0.0109930,-0.0105171,-0.0096590,sell
2011-03-18,0,0,0.12,1.53,0,0.03,0.03,0,-0.0064816,-0.0057053, 0.0007690, 0.0125241, 0.0010039,buy
2011-03-19,0,0,0.06,0.95,0,0.06,0,0,-0.0007441,-0.0007056,-0.0047990,-0.0072395,-0.0073896,sell
2011-03-20,0,0,0,0.38,0,0.16,0,0, 0.0191479, 0.0124451, 0.0087667, 0.0142385, 0.0134440,buy
2011-03-21,0,0,0,0.27,0,0.15,0.03,0, 0.0132751, 0.0075874, 0.0052048, 0.0065441, 0.0226452,buy
2011-03-22,0,0,0,0.27,0,0.06,0.04,0, 0.0158231, 0.0027394, 0.0019424, 0.0100381, 0.0026864,buy
2011-03-23,0,0.07,0,0.36,0,0.03,0.06,0, 0.0013680, 0.0124508, 0.0078058, 0.0004705,-0.0006657,buy
2011-03-24,0,0.2,0,0.47,0,0.04,0.08,0.03, 0.0168026, 0.0152857, 0.0186544, 0.0168026, 0.0140659,buy
2011-03-25,0,0.63,0,0.62,0,0.08,0.11,0.08, 0.0147467, 0.0145937, 0.0143600, 0.0146453, 0.0144105,buy
2011-03-26,0,1.8,0,0.83,0,0.1,0.15,0.19,-0.0026566,-0.0062229,-0.0124563,-0.0146344,-0.0086455,sell
2011-03-27,0,1.56,0,1.09,0,0.05,0.2,0.42, 0.0042319, 0.0044313,-0.0029141,-0.0244203,-0.0088308,buy
2011-03-28,0,0.5,0,1.44,0,0.02,0.27,0.65, 0.0016965, 0.0061671,-0.0061547,-0.0135698, 0.0019650,buy
2011-03-29,0,0.16,0,1.41,0,0.01,0.38,0.42,-0.0092637,-0.0020253,-0.0048893, 0.0026274, 0.0025503,buy
2011-03-30,0,0.05,0,1.06,0,0,0.6,0.17,-0.0088219,-0.0094565,-0.0040648,-0.0026257,-0.0025389,buy
2011-03-31,0,0,0,0.87,0,0,0.96,0.07,-0.0025350,-0.0029506, 0.0005777, 0.0013270, 0.0009207,buy
2011-04-01,0,0,0,0.81,0,0,1.66,0.03,-0.0023555,-0.0033914,-0.0032927,-0.0003351,-0.0014768,buy
2011-04-02,0,0,0,0.99,0,0.01,2.18,0,-0.0065593,-0.0030726,-0.0030059,-0.0025979,-0.0027620,buy
2011-04-03,0,0,0,1.73,0,0.02,1.43,0, 0.0035249, 0.0057294, 0.0027903, 0.0032037, 0.0059587,buy
2011-04-04,0,0,0.08,1.7,0,0.01,0.73,0, 0.0048365, 0.0050160, 0.0048365, 0.0051649, 0.0050280,buy
2011-04-05,0,0,0.25,0.74,0,0,0.43,0, 0.0140361, 0.0096117, 0.0096716, 0.0120539, 0.0106306,buy
2011-04-06,0,0,0.79,0.36,0,0,0.25,0.02,-0.0181051,-0.0098021,-0.0186335,-0.0182258,-0.0125529,sell
2011-04-07,0,0,1.61,0.19,0,0.01,0.18,0.04, 0.0150896, 0.0150793, 0.0112826, 0.0117849, 0.0119956,buy
2011-04-08,0,0,1.01,0.08,0,0.01,0.13,0.09,-0.0133595,-0.0074576,-0.0159146,-0.0120504,-0.0139375,sell
2011-04-09,0,0,0.32,0.06,0,0.03,0.09,0.17, 0.0121639, 0.0141237, 0.0121639, 0.0121639, 0.0121639,buy
2011-04-10,0,0,0.1,0.05,0,0.06,0.06,0.34,-0.0144219,-0.0144219,-0.0117967,-0.0144219,-0.0134649,sell
2011-04-11,0,0,0,0,0,0.12,0.05,0.63,-0.0002856, 0.0018554, 0.0021094, 0.0015508, 0.0005270,buy
2011-04-12,0,0,0,0,0,0.11,0.03,0.59,-0.0012919,-0.0021028,-0.0002108, 0.0031586,-0.0040352,buy
2011-04-13,0,0,0,0.11,0,0.05,0,0.29,-0.0002631, 0.0008906, 0.0012055, 0.0012055,-0.0019178,buy
2011-04-14,0,0,0,0.21,0,0.02,0,0.15,-0.0004180,-0.0049110,-0.0050500,-0.0082698,-0.0058614,sell
2011-04-15,0,0,0,0.39,0,0.01,0,0.07, 0.0012710,-0.0025835, 0.0101989,-0.0021413,-0.0045980,buy
2011-04-16,0,0,0,0.71,0,0.01,0,0.04, 0.0046905,-0.0030810, 0.0026775,-0.0096750,-0.0042277,buy
2011-04-17,0,0,0,1.28,0,0,0,0.02, 0.0114525, 0.0122177, 0.0131962, 0.0152035, 0.0131962,buy
2011-04-18,0,0,0,2.04,0,0,0,0,-0.0070883, 0.0085817, 0.0012546, 0.0172895, 0.0085817,buy
2011-04-19,0,0,0,1.88,0,0,0,0, 0.0160009, 0.0151362, 0.0160009, 0.0197807, 0.0151362,buy
2011-04-20,0,0,0,1.41,0,0,0,0, 0.0060729, 0.0105538, 0.0093055, 0.0035604, 0.0137634,buy
2011-04-21,0,0,0,1.21,0,0,0,0, 0.0004784, 0.0114877, 0.0114877,-0.0027364, 0.0130655,buy
2011-04-22,0,0,0,1.1,0,0,0,0,-0.0010301, 0.0026127, 0.0022398,-0.0016475, 0.0162533,buy
2011-04-23,0,0,0,1.03,0,0,0,0, 0.0044358, 0.0057491, 0.0050995, 0.0048936, 0.0195215,buy
2011-04-24,0,0,0,0.91,0,0,0.03,0.05, 0.0134699, 0.0112515, 0.0138042, 0.0087274, 0.0104891,buy
2011-04-25,0,0,0,0.79,0,0,0.06,0.17, 0.0067641, 0.0061921, 0.0061921, 0.0029371, 0.0061921,buy
2011-04-26,0,0,0,0.63,0,0,0.13,0.48,-0.0050260,-0.0028680,-0.0030928,-0.0047771, 0.0068860,buy
2011-04-27,0,0,0,0.52,0,0,0.29,0.7,-0.0019959,-0.0061263,-0.0038863,-0.0086145,-0.0054319,sell
2011-04-28,0,0,0.06,0.48,0,0,0.65,0.42, 0.0025782, 0.0081637, 0.0042930, 0.0042930, 0.0017267,buy
2011-04-29,0,0,0.15,0.66,0,0,0.96,0.31,-0.0014098, 0.0043064, 0.0026395, 0.0026395, 0.0026395,buy
2011-04-30,0,0,0.37,1.49,0,0,0.63,0.41, 0.0101493, 0.0122399, 0.0077959, 0.0073028, 0.0096861,buy
2011-05-01,0,0,0.93,1.51,0,0,0.28,0.48, 0.0072743, 0.0060642, 0.0048788, 0.0124222, 0.0044927,buy
2011-05-02,0,0,1.59,0.51,0,0,0.13,0.33, 0.0073263, 0.0155466, 0.0189662, 0.0076296, 0.0055547,buy
2011-05-03,0,0,1.08,0.15,0,0,0.06,0.18,-0.0188841,-0.0188841,-0.0222060,-0.0171877,-0.0143930,sell
2011-05-04,0,0,0.43,0.05,0,0.01,0,0.1, 0.0048953,-0.0052820, 0.0129105,-0.0087935, 0.0011246,buy
2011-05-05,0,0,0.17,0,0,0.01,0,0.06,-0.0002859,-0.0068021, 0.0028248, 0.0068994, 0.0032754,buy
2011-05-06,0,0,0.07,0,0,0.03,0,0.03,-0.0008872, 0.0000407,-0.0019892,-0.0074385, 0.0022986,buy
2011-05-07,0,0,0,0,0,0.07,0,0.02, 0.0077453, 0.0019714,-0.0007294, 0.0018135,-0.0024003,buy
2011-05-08,0,0,0,0,0,0.15,0,0, 0.0230908, 0.0216420, 0.0235324, 0.0235324, 0.0237021,buy
2011-05-09,0,0.09,0,0,0,0.16,0,0, 0.0101418, 0.0088489, 0.0114086, 0.0114086, 0.0101418,buy
2011-05-10,0,0.2,0,0,0,0.07,0,0, 0.0053499, 0.0072963, 0.0062306, 0.0129776, 0.0053499,buy
2011-05-11,0,0.49,0,0,0,0.03,0,0, 0.0076837, 0.0012256, 0.0052642, 0.0052642, 0.0067533,buy
2011-05-12,0,1.17,0,0,0,0.01,0,0,-0.0063010,-0.0023011,-0.0069022,-0.0018672,-0.0012651,buy
2011-05-13,0,1.66,0,0,0,0.01,0,0,-0.0036672,-0.0048063,-0.0047818,-0.0035398, 0.0002676,buy
2011-05-14,0,1.11,0,0,0,0,0,0, 0.0053271, 0.0063445, 0.0057011, 0.0086084,-0.0106823,buy
2011-05-15,0,0.92,0,0,0,0,0,0,-0.0027608,-0.0066511,-0.0085438,-0.0027608,-0.0050556,buy
2011-05-16,0,1.5,0,0,0,0,0,0,-0.0004772, 0.0000113,-0.0017699, 0.0008058,-0.0026472,buy
2011-05-17,0,1.84,0,0,0,0,0,0,-0.0052984,-0.0025066,-0.0172964,-0.0030628,-0.0016315,buy
2011-05-18,0,0.94,0,0,0,0,0,0, 0.0067155, 0.0067012, 0.0072592, 0.0067155,-0.0075097,buy
2011-05-19,0,0.38,0,0,0,0,0,0, 0.0170257,-0.0031915,-0.0031290,-0.0031915,-0.0031915,buy
2011-05-20,0,0.16,0.12,0,0,0,0.04,0, 0.0082637,-0.0005906, 0.0082637, 0.0082637, 0.0036163,buy
2011-05-21,0,0.06,0.44,0,0,0,0.08,0, 0.0040901,-0.0006830, 0.0032650, 0.0032650, 0.0037443,buy
2011-05-22,0,0,1.48,0,0,0,0.19,0, 0.0022657,-0.0168705,-0.0052660,-0.0035182,-0.0057105,buy
2011-05-23,0,0,2.73,0,0,0,0.43,0, 0.0026486,-0.0007997,-0.0008311,-0.0132365,-0.0009374,buy
2011-05-24,0,0,3.22,0,0,0,0.98,0.03, 0.0026069, 0.0014669,-0.0009100,-0.0001926, 0.0004753,buy
2011-05-25,0,0,3.14,0,0,0.01,1.27,0.1, 0.0028634, 0.0015657, 0.0016637, 0.0030620, 0.0031337,buy
2011-05-26,0,0,2.04,0,0,0.03,0.71,0.44, 0.0022310, 0.0022310, 0.0069773,-0.0060727, 0.0018384,buy
2011-05-27,0,0.1,1.6,0,0,0.16,0.31,0.51, 0.0002782, 0.0011646, 0.0009012,-0.0069011,-0.0060863,sell
2011-05-28,0,0.5,1.76,0,0,0.16,0.14,0.23,-0.0003348, 0.0012725,-0.0031864, 0.0122544, 0.0068731,buy
2011-05-29,0,1.68,1.2,0,0,0.06,0.06,0.31,-0.0118309,-0.0155899,-0.0100320,-0.0119376,-0.0078925,sell
2011-05-30,0,1.57,0.51,0,0,0.1,0,0.5,-0.0020698, 0.0009680,-0.0020723,-0.0018936,-0.0021104,buy
2011-05-31,0,2.13,0.18,0,0,0.17,0,0.37, 0.0159771, 0.0131022, 0.0159771, 0.0126724, 0.0110119,buy
2011-06-01,0,1.46,0.07,0,0,0.12,0,0.2, 0.0007613,-0.0106415,-0.0095273, 0.0061173,-0.0082121,buy
2011-06-02,0,1.81,0,0,0,0.06,0.04,0.18,-0.0009021,-0.0067458,-0.0059632,-0.0060820,-0.0081802,sell
2011-06-03,0,1.61,0,0,0,0.07,0.26,0.24, 0.0056337, 0.0056430,-0.0004050, 0.0047173,-0.0004037,buy
2011-06-04,0,1.19,0.16,0,0,0.12,1.27,0.37,-0.0053571,-0.0056346,-0.0080131,-0.0088249,-0.0085732,sell
2011-06-05,0,2.06,1.07,0,0,0.22,0.95,0.48,-0.0021602,-0.0075624, 0.0003586,-0.0064073,-0.0072418,sell
2011-06-06,0,1.93,1.41,0,0,0.26,0.15,0.35,-0.0101690,-0.0034122,-0.0087512, 0.0015915, 0.0030415,buy
2011-06-07,0,1.08,0.26,0,0,0.16,0,0.21, 0.0069787,-0.0087804,-0.0117378, 0.0051412,-0.0031819,buy
2011-06-08,0,1.25,0,0,0,0.09,0,0.12, 0.0021306,-0.0045802, 0.0042627, 0.0057332, 0.0074808,buy
2011-06-09,0,1.73,0,0,0,0.09,0.04,0.07,-0.0092449,-0.0027478, 0.0012323,-0.0001951,-0.0030308,buy
2011-06-10,0,1.34,0,0,0,0.12,0.13,0.04,-0.0069302,-0.0145526,-0.0049695,-0.0028326,-0.0014918,buy
2011-06-11,0,0.9,0.05,0,0,0.05,0.37,0.02, 0.0003423,-0.0065851,-0.0021676,-0.0043190,-0.0006457,buy
2011-06-12,0,0.87,0.15,0,0,0.01,1.09,0, 0.0094837,-0.0043413,-0.0043413, 0.0026848,-0.0041304,buy
2011-06-13,0,1.22,0.47,0,0,0,1.26,0, 0.0048711,-0.0017464,-0.0025105,-0.0004311, 0.0025275,buy
2011-06-14,0,1.88,1.43,0,0,0,0.49,0, 0.0093440,-0.0025823, 0.0093440, 0.0054190, 0.0071788,buy
2011-06-15,0,1.57,1.39,0,0,0,0.17,0, 0.0045985,-0.0047537, 0.0046935, 0.0045985, 0.0016623,buy
2011-06-16,0,0.82,0.46,0,0,0,0.18,0.02,-0.0140881,-0.0140666,-0.0051038,-0.0119017,-0.0170953,sell
2011-06-17,0,0.62,0.15,0.04,0,0,0.71,0.12,-0.0025800,-0.0123433,-0.0078977,-0.0141690,-0.0127067,sell
2011-06-18,0,1.41,0.05,0.25,0,0,0.78,0.63, 0.0098122, 0.0127478, 0.0052410, 0.0101298, 0.0089346,buy
2011-06-19,0,1.25,0,1.25,0,0,0.15,0.51, 0.0023928,-0.0014729,-0.0014729,-0.0116986,-0.0037701,buy
2011-06-20,0,0.24,0,0.88,0,0,0.05,0.23,-0.0078148,-0.0078148,-0.0001581, 0.0008504,-0.0096983,buy
2011-06-21,0,0,0,0.14,0,0.01,0.09,0.71, 0.0080105, 0.0092395,-0.0045952, 0.0055030, 0.0135840,buy
2011-06-22,0,0.05,0,0,0,0.02,0.18,0.51, 0.0093278, 0.0093278, 0.0098822, 0.0125191, 0.0098213,buy
2011-06-23,0,0.13,0,0,0,0.05,0.35,0.16, 0.0173802, 0.0043512, 0.0198870, 0.0174463, 0.0173376,buy
2011-06-24,0,0.3,0.15,0.07,0,0.15,0.66,0.19,-0.0141954,-0.0124580,-0.0119108,-0.0130163,-0.0151189,sell
2011-06-25,0,0.73,0.64,0.18,0,0.24,1.29,0.43,-0.0003402,-0.0035537,-0.0123732,-0.0117443,-0.0139048,sell
2011-06-26,0,1.19,1.28,0.43,0,0.14,1.75,0.63, 0.0110122, 0.0023834, 0.0113983, 0.0122662, 0.0120422,buy
2011-06-27,0,0.78,0.82,1.02,0,0.06,1.67,0.4, 0.0170393, 0.0162335, 0.0151855, 0.0152147, 0.0092285,buy
2011-06-28,0,0.32,0.91,1.27,0,0.02,1.1,0.2, 0.0127329, 0.0119163, 0.0122558, 0.0117143, 0.0111557,buy
2011-06-29,0,0.13,1.43,0.64,0,0,0.58,0.13, 0.0009354,-0.0060742, 0.0043285,-0.0050944,-0.0015174,buy
2011-06-30,0,0.05,1.25,0.27,0,0,0.31,0.16,-0.0102329,-0.0055594,-0.0111275, 0.0041513,-0.0116301,sell
2011-07-01,0,0,0.65,0.11,0,0,0.16,0.3,-0.0019889,-0.0015381,-0.0015690,-0.0015690,-0.0015241,buy
2011-07-02,0,0,0.34,0.05,0,0,0.07,0.69,-0.0106287,-0.0015112,-0.0136369,-0.0101143,-0.0046604,sell
2011-07-03,0,0,0.26,0,0,0,0.04,0.75,-0.0132507,-0.0070559,-0.0186747,-0.0077177,-0.0071081,sell
2011-07-04,0,0.08,0.44,0,0,0,0,0.5,-0.0055330,-0.0046224,-0.0121128,-0.0042562,-0.0091519,sell
2011-07-05,0,0.28,1.48,0.04,0,0,0.03,0.62, 0.0125123, 0.0126843, 0.0143547,-0.0002030, 0.0076828,buy
2011-07-06,0,0.9,1.38,0.13,0,0,0.2,0.59, 0.0051608, 0.0053562, 0.0085857,-0.0006296, 0.0053121,buy
2011-07-07,0,1.17,0.42,0.39,0,0,0.57,0.75, 0.0092909, 0.0087594, 0.0135863, 0.0086089, 0.0087594,buy
2011-07-08,0,0.45,0.27,1.19,0,0,1.66,0.61, 0.0103227, 0.0030323, 0.0037676, 0.0068949, 0.0034545,buy
2011-07-09,0,0.14,0.48,1.26,0,0,2.52,0.21,-0.0220597,-0.0056572,-0.0220597, 0.0013162, 0.0016136,buy
2011-07-10,0,0.04,1.08,0.43,0,0,1.61,0.12,-0.0062508, 0.0009994, 0.0010939, 0.0010939, 0.0010623,buy
2011-07-11,0,0,0.88,0.19,0,0,1.37,0.19,-0.0039532,-0.0096412,-0.0039532,-0.0039532,-0.0071064,buy
2011-07-12,0,0.06,0.33,0.21,0,0,1.23,0.49,-0.0016254, 0.0033469,-0.0133375,-0.0059352,-0.0015476,buy
2011-07-13,0,0.24,0.12,0.59,0,0,0.71,0.71,-0.0057488,-0.0072228,-0.0089892,-0.0071964,-0.0055854,sell
2011-07-14,0,0.72,0.04,0.93,0,0,0.43,0.35,-0.0142592,-0.0141949,-0.0133175,-0.0138246,-0.0136461,sell
2011-07-15,0,2.06,0.08,0.43,0,0,0.27,0.12, 0.0200234, 0.0213909, 0.0170178, 0.0207684, 0.0209097,buy
2011-07-16,0,3.05,0.29,0.13,0,0,0.18,0.04, 0.0090430, 0.0123336, 0.0107591, 0.0107591, 0.0044812,buy
2011-07-17,0,2.18,1.03,0.04,0,0,0.12,0, 0.0012327,-0.0051736, 0.0009856,-0.0014109,-0.0148636,buy
2011-07-18,0,0.85,1.13,0,0,0.02,0.09,0, 0.0121297, 0.0033557, 0.0106060, 0.0044414, 0.0114459,buy
2011-07-19,0,0.34,0.35,0,0,0.02,0.06,0,-0.0099317,-0.0139020,-0.0139020,-0.0114319,-0.0117107,sell
2011-07-20,0,0.1,0.13,0,0,0.05,0.05,0,-0.0049023,-0.0048394,-0.0048613,-0.0060712, 0.0076442,sell
2011-07-21,0,0,0.06,0,0,0.1,0.04,0, 0.0021437, 0.0023948, 0.0030513, 0.0013093, 0.0032292,buy
2011-07-22,0,0,0.06,0,0,0.18,0.03,0, 0.0054555, 0.0096794, 0.0071282, 0.0025864, 0.0026070,buy
2011-07-23,0,0,0.06,0,0,0.26,0,0, 0.0050792,-0.0042302, 0.0017520, 0.0023031, 0.0050792,buy
2011-07-24,0,0,0.11,0,0,0.23,0,0, 0.0093707,-0.0029622,-0.0024337,-0.0020979, 0.0095247,buy
2011-07-25,0,0,0.18,0,0,0.14,0,0, 0.0067937, 0.0111732, 0.0076329, 0.0067937, 0.0041433,buy
2011-07-26,0,0,0.33,0,0,0.08,0,0,-0.0077304,-0.0092181,-0.0047349,-0.0076755,-0.0067630,sell
2011-07-27,0,0,0.7,0,0,0.06,0.03,0.01,-0.0082280,-0.0070339,-0.0112691,-0.0124022,-0.0060564,sell
2011-07-28,0,0.07,1.48,0,0,0.04,0.04,0.02, 0.0208899, 0.0105807, 0.0149578, 0.0167404, 0.0091410,buy
2011-07-29,0,0.16,1.48,0,0,0.02,0.05,0.05, 0.0151210, 0.0021035, 0.0151210, 0.0163746, 0.0131539,buy
2011-07-30,0,0.36,0.84,0,0,0.02,0.07,0.11, 0.0048454, 0.0014891,-0.0112253,-0.0076420, 0.0104669,sell
2011-07-31,0,0.83,0.84,0,0,0.01,0.15,0.24,-0.0044155,-0.0039779,-0.0010527,-0.0063100, 0.0036028,buy
2011-08-01,0,1.19,1.65,0,0,0.01,0.26,0.41,-0.0031522,-0.0031522,-0.0023119, 0.0039181,-0.0031522,buy
2011-08-02,0,0.74,1.6,0.07,0,0.01,0.5,0.34,-0.0083782,-0.0068178,-0.0083782,-0.0044082,-0.0083782,sell
2011-08-03,0,0.33,0.64,0.2,0,0.01,1,0.27,-0.0116016,-0.0167280,-0.0116016,-0.0116016,-0.0128433,sell
2011-08-04,0,0.15,0.32,0.6,0,0.01,2.14,0.41,-0.0131079,-0.0153380,-0.0034513,-0.0107261,-0.0160754,sell
2011-08-05,0,0.06,0.21,1.12,0,0.02,2.68,0.49,-0.0200999,-0.0229637,-0.0186059, 0.0049907,-0.0006146,buy
2011-08-06,0,0,0.15,1.09,0,0.03,1.89,0.3,-0.0014390,-0.0121278,-0.0113905, 0.0098109,-0.0060337,buy
2011-08-07,0,0,0.13,1.32,0,0.03,1.9,0.28,-0.0047510,-0.0061985,-0.0061985, 0.0017147, 0.0223422,buy
2011-08-08,0,0.1,0.08,0.88,0,0.05,1.69,0.43,-0.0081630,-0.0169411,-0.0142389,-0.0009722,-0.0167092,sell
2011-08-09,0,0.37,0.08,0.73,0,0.09,0.66,0.63, 0.0171419,-0.0047985, 0.0166200, 0.0113974,-0.0150538,buy
2011-08-10,0,0.97,0.08,1.13,0,0.15,0.24,0.53, 0.0052855,-0.0079717,-0.0196462,-0.0244890,-0.0099043,sell
2011-08-11,0,2.44,0.08,1.27,0,0.22,0.07,0.29,-0.0109786,-0.0030897,-0.0109786,-0.0020576,-0.0056099,sell
2011-08-12,0,4.68,0.08,0.8,0,0.19,0.04,0.16,-0.0065995,-0.0139795,-0.0159231,-0.0152565,-0.0186448,sell
2011-08-13,0,5.54,0.11,0.44,0,0.14,0.06,0.08,-0.0073493,-0.0102710,-0.0191986,-0.0148207,-0.0154304,sell
2011-08-14,0,3.31,0.17,0.24,0,0.14,0.1,0.05, 0.0063477, 0.0008590, 0.0083499, 0.0090167, 0.0115834,buy
2011-08-15,0,1.18,0.28,0.13,0,0.2,0.18,0.03, 0.0131459, 0.0044782, 0.0104341, 0.0055738,-0.0046572,buy
2011-08-16,0,0.5,0.53,0.07,0,0.38,0.31,0,-0.0137324,-0.0122090,-0.0133081,-0.0132229,-0.0133081,sell
2011-08-17,0,0.23,1.06,0.04,0,0.41,0.53,0,-0.0132351,-0.0137682,-0.0131228,-0.0141428,-0.0131228,sell
2011-08-18,0,0.31,1.13,0,0,0.28,0.8,0.03,-0.0144863,-0.0105089,-0.0120622,-0.0086513,-0.0120426,sell
2011-08-19,0,0.61,0.58,0,0,0.23,0.68,0.05,-0.0183178,-0.0186683,-0.0165721,-0.0126740,-0.0183178,sell
2011-08-20,0,1.12,0.3,0,0,0.3,0.39,0.08, 0.0120627, 0.0120627, 0.0069684,-0.0016112, 0.0076811,buy
2011-08-21,0,1.89,0.21,0,0,0.36,0.23,0.13, 0.0039953, 0.0043944,-0.0031974, 0.0105673, 0.0057062,buy
2011-08-22,0,2.35,0.25,0,0,0.31,0.13,0.21, 0.0045832, 0.0045832, 0.0047395, 0.0221035, 0.0028077,buy
2011-08-23,0,2.22,0.58,0,0,0.21,0.07,0.35, 0.0275893, 0.0302214, 0.0272545, 0.0263101, 0.0168292,buy
2011-08-24,0,2.18,1.59,0,0,0.09,0.04,0.57,-0.0020936, 0.0091205, 0.0173123,-0.0018243, 0.0161501,buy
2011-08-25,0,2.2,1.9,0,0,0.05,0.02,0.72, 0.0028726, 0.0154998, 0.0206053, 0.0002154, 0.0207053,buy
2011-08-26,0,2.12,1.72,0,0,0.02,0,0.55, 0.0011456, 0.0131324, 0.0205575,-0.0016407, 0.0199813,buy
2011-08-27,0,2.14,2.38,0,0,0.02,0.04,0.34, 0.0021952, 0.0133805, 0.0152598, 0.0016065, 0.0138727,buy
2011-08-28,0,2.14,2.02,0,0,0.01,0.04,0.21,-0.0001431, 0.0038587, 0.0121735, 0.0041299, 0.0073464,buy
2011-08-29,0,2.07,1.08,0,0,0.01,0,0.13,-0.0007687,-0.0074254,-0.0017747,-0.0032311,-0.0089423,buy
2011-08-30,0,2.22,1.19,0,0,0,0,0.08, 0.0039807,-0.0070137,-0.0039887, 0.0019221,-0.0111531,buy
2011-08-31,0,2.13,1.14,0,0,0,0,0.05,-0.0016999,-0.0073860,-0.0062534,-0.0037585,-0.0131748,buy
2011-09-01,0,1.32,0.45,0,0,0,0,0.03,-0.0067122,-0.0028440,-0.0019294,-0.0063291,-0.0028440,buy
2011-09-02,0,0.67,0.17,0,0,0,0,0,-0.0002158,-0.0192323,-0.0036461,-0.0062621,-0.0045574,sell
2011-09-03,0,0.31,0.06,0,0,0,0,0, 0.0053557,-0.0195244, 0.0032723, 0.0031137, 0.0059075,buy
2011-09-04,0,0.1,0,0,0,0,0.04,0,-0.0041262,-0.0229557,-0.0013858,-0.0041262, 0.0095881,buy
2011-09-05,0,0.08,0,0,0,0,0.06,0,-0.0037155,-0.0216030,-0.0013858,-0.0037155, 0.0095881,buy
2011-09-06,0,0.26,0,0,0,0,0.11,0, 0.0072801,-0.0193154, 0.0068236, 0.0060503, 0.0089099,buy
2011-09-07,0,0.84,0,0,0,0.01,0.19,0,-0.0008978,-0.0044758,-0.0019197,-0.0026667,-0.0026667,buy
2011-09-08,0,1.26,0.05,0,0,0.05,0.33,0, 0.0020648,-0.0059555, 0.0163841, 0.0020447, 0.0078192,buy
2011-09-09,0,0.76,0.22,0,0,0.17,0.57,0,-0.0058101,-0.0204702,-0.0204702,-0.0195675,-0.0204702,sell
2011-09-10,0,0.99,1.03,0,0,0.18,0.99,0,-0.0036759,-0.0030074,-0.0064843,-0.0035369,-0.0041665,buy
2011-09-11,0,1.17,1.65,0,0,0.05,1.11,0,-0.0131009,-0.0196750,-0.0183650,-0.0156994,-0.0158054,sell
2011-09-12,0,0.73,1.43,0,0,0.01,0.71,0, 0.0091186, 0.0091113, 0.0100896, 0.0127900, 0.0089968,buy
2011-09-13,0,0.98,1.16,0,0,0,0.41,0, 0.0188262, 0.0164525, 0.0185124, 0.0175110, 0.0193516,buy
2011-09-14,0,1.28,0.22,0.07,0,0.01,0.24,0,-0.0016146,-0.0002379, 0.0053032,-0.0000647, 0.0010705,buy
2011-09-15,0,0.82,0.04,0.23,0,0.04,0.14,0.02, 0.0027360, 0.0028487,-0.0028928,-0.0027706,-0.0007690,buy
2011-09-16,0,0.65,0,0.72,0,0.11,0.08,0.06, 0.0148906, 0.0127029, 0.0095631, 0.0111218, 0.0091361,buy
2011-09-17,0,1.05,0,1.28,0,0.14,0.04,0.19,-0.0083329,-0.0144167,-0.0244740,-0.0164466,-0.0146735,sell
2011-09-18,0,1.07,0,0.69,0,0.06,0,0.58, 0.0068049,-0.0000587,-0.0058131,-0.0027398,-0.0015328,buy
2011-09-19,0,0.59,0.04,0.22,0,0.02,0.04,0.63, 0.0155301,-0.0011561,-0.0050677, 0.0138773, 0.0143717,buy
2011-09-20,0,1.13,0.16,0.07,0,0.01,0.05,0.22, 0.0090807, 0.0064679, 0.0153377, 0.0148913, 0.0121515,buy
2011-09-21,0,1.45,0.46,0,0,0,0.07,0.07,-0.0075623,-0.0016472, 0.0008306,-0.0069947,-0.0011853,buy
2011-09-22,0,1.27,1.03,0.11,0,0,0.09,0.02, 0.0209248, 0.0198018, 0.0211888, 0.0213673, 0.0211993,buy
2011-09-23,0,0.86,0.91,0.25,0,0,0.13,0, 0.0143012, 0.0135262, 0.0138067, 0.0150452, 0.0135262,buy
2011-09-24,0,0.14,0.64,0.57,0,0,0.18,0.03,-0.0268483,-0.0233629,-0.0215993,-0.0234139,-0.0272647,sell
2011-09-25,0,0,0.81,1.51,0,0,0.26,0.08, 0.0058566, 0.0110570, 0.0045332, 0.0098913, 0.0087423,buy
2011-09-26,0,0,1.27,2.25,0,0,0.45,0.23,-0.0110695,-0.0110695, 0.0011711, 0.0028412,-0.0057681,buy
2011-09-27,0,0,1.43,2.11,0,0,0.78,0.69,-0.0121995,-0.0134526,-0.0119444,-0.0105398,-0.0025124,sell
2011-09-28,0,0,1.01,1.15,0,0,1.48,1.28,-0.0159710,-0.0244467,-0.0228438,-0.0217255,-0.0107404,sell
2011-09-29,0,0,0.9,1.03,0,0,2.1,0.77,-0.0195739,-0.0123042,-0.0200705,-0.0162609,-0.0056018,sell
2011-09-30,0,0,1.48,0.96,0,0,1.66,0.33,-0.0086396,-0.0105019,-0.0143041,-0.0141243,-0.0131370,sell
2011-10-01,0,0,1.54,0.66,0,0,1.06,0.25,-0.0028867, 0.0081096, 0.0050888,-0.0009772,-0.0000832,buy
2011-10-02,0,0,1.13,0.43,0,0,0.69,0.37,-0.0000497, 0.0000711, 0.0000711,-0.0000497,-0.0026313,buy
2011-10-03,0,0,0.47,0.28,0,0,0.44,0.4,-0.0167420,-0.0012605,-0.0194121,-0.0151620,-0.0153312,sell
2011-10-04,0,0,0.19,0.18,0,0,0.3,0.25,-0.0349802,-0.0022035,-0.0308793,-0.0355009,-0.0318604,sell
2011-10-05,0,0,0.06,0.12,0,0,0.22,0.13, 0.0133018,-0.0011978, 0.0279869, 0.0103851, 0.0223198,buy
2011-10-06,0,0,0,0.08,0,0,0.15,0.07, 0.0034600, 0.0044921, 0.0056627, 0.0034600, 0.0005340,buy
2011-10-07,0,0,0.05,0.05,0,0,0.11,0.04,-0.0107700,-0.0064320,-0.0055829,-0.0107700,-0.0111421,sell
2011-10-08,0,0,0.17,0.04,0,0,0.07,0.02, 0.0076323, 0.0008920, 0.0098423, 0.0112840, 0.0061891,buy
2011-10-09,0,0,0.52,0,0,0,0.05,0,-0.0007123,-0.0062490, 0.0041515,-0.0062475,-0.0005454,buy
2011-10-10,0,0.05,1.43,0,0,0,0.14,0, 0.0044864,-0.0070413,-0.0154359, 0.0022489, 0.0006467,buy
2011-10-11,0,0.08,1.22,0,0,0,0.29,0, 0.0025572, 0.0001039,-0.0243324, 0.0036574, 0.0010491,buy
2011-10-12,0,0.14,0.51,0.07,0,0,0.86,0.02,-0.0056982, 0.0010819, 0.0121021,-0.0052218,-0.0047801,buy
2011-10-13,0,0.24,0.67,0.23,0,0,1.26,0.04,-0.0027401,-0.0074909,-0.0028125,-0.0092667,-0.0105812,sell
2011-10-14,0,0.41,1.43,0.77,0,0,0.72,0.11,-0.0016451,-0.0031213,-0.0087896,-0.0147863,-0.0142741,sell
2011-10-15,0,0.71,0.83,0.84,0,0,0.66,0.28, 0.0088070, 0.0078284, 0.0055951, 0.0049932, 0.0045870,buy
2011-10-16,0,1.28,0.2,0.47,0,0,1.35,0.5, 0.0017299, 0.0018362,-0.0071936, 0.0044592,-0.0040349,buy
2011-10-17,0,1.7,0.05,0.87,0,0,0.91,0.37,-0.0120423,-0.0110324,-0.0132007,-0.0118014,-0.0114830,sell
2011-10-18,0,1.35,0,0.59,0,0,0.3,0.32,-0.0141984,-0.0094613,-0.0128348,-0.0133759,-0.0193872,sell
2011-10-19,0,1.04,0,0.13,0,0,0.18,0.52,-0.0125073,-0.0069683, 0.0016847, 0.0020576, 0.0017297,buy
2011-10-20,0,1.09,0,0.03,0,0,0.18,0.36, 0.0015066,-0.0060557, 0.0065553, 0.0004820,-0.0020250,buy
2011-10-21,0,1.81,0.07,0,0,0,0.26,0.14,-0.0083460,-0.0122923,-0.0029169, 0.0023242,-0.0014816,buy
2011-10-22,0,3.11,0.18,0,0,0.01,0.39,0.08, 0.0025940, 0.0047249, 0.0052128, 0.0052128, 0.0026453,buy
2011-10-23,0,3.77,0.44,0,0,0.03,0.57,0.09,-0.0019662, 0.0039824,-0.0005374, 0.0006328, 0.0001590,buy
2011-10-24,0,3.34,1.1,0,0,0.09,0.84,0.19, 0.0095135, 0.0053802, 0.0095135, 0.0127598,-0.0002964,buy
2011-10-25,0,1.53,1.44,0.03,0,0.21,1.31,0.38,-0.0105820,-0.0117684,-0.0117991,-0.0154838,-0.0156521,sell
2011-10-26,0,0.69,0.72,0.09,0,0.26,1.62,0.71,-0.0032219, 0.0022883,-0.0051489,-0.0051489,-0.0053032,sell
2011-10-27,0,0.34,0.29,0.26,0,0.16,1.61,0.87, 0.0030364, 0.0035248,-0.0041332,-0.0067349,-0.0037721,buy
2011-10-28,0,0.21,0.11,0.71,0,0.05,1.89,0.85,-0.0069272,-0.0082270, 0.0043942,-0.0128204, 0.0006249,sell
2011-10-29,0,0.13,0.05,0.79,0,0.01,1.81,0.57,-0.0186042,-0.0109062,-0.0057204,-0.0066833,-0.0085040,sell
2011-10-30,0,0.09,0,0.31,0,0,0.98,0.27,-0.0005105, 0.0006652,-0.0007879, 0.0002777,-0.0006241,buy
2011-10-31,0,0.05,0,0.11,0,0,0.51,0.13, 0.0073753, 0.0127072, 0.0112183, 0.0136901, 0.0125621,buy
2011-11-01,0,0,0,0.04,0,0,0.29,0.08,-0.0070520,-0.0022328,-0.0029740,-0.0069484,-0.0013771,sell
2011-11-02,0,0,0.03,0,0,0,0.16,0.05,-0.0032656,-0.0024962,-0.0097424,-0.0057185,-0.0015092,sell
2011-11-03,0,0,0.17,0,0,0,0.09,0.06, 0.0037890, 0.0026731,-0.0058523, 0.0057030, 0.0058607,buy
2011-11-04,0,0.05,0.6,0,0,0,0.06,0.11,-0.0032579,-0.0082873,-0.0004083,-0.0082873,-0.0060514,sell
2011-11-05,0,0.12,1.83,0,0,0.02,0.04,0.21,-0.0084256,-0.0071978, 0.0048350,-0.0085793,-0.0112951,sell
2011-11-06,0,0.29,1.55,0,0,0.04,0,0.4,-0.0042042,-0.0038208, 0.0023352,-0.0039719,-0.0065597,buy
2011-11-07,0,0.72,0.55,0,0,0.12,0,0.48,-0.0004472,-0.0059481, 0.0047191, 0.0002904, 0.0031823,buy
2011-11-08,0,1.59,0.33,0,0,0.31,0,0.3, 0.0070057, 0.0086799, 0.0064660, 0.0127638, 0.0058834,buy
2011-11-09,0,1.35,0.33,0,0,0.37,0,0.16, 0.0121321, 0.0125769, 0.0101269, 0.0121833, 0.0104373,buy
2011-11-10,0,0.54,0.54,0,0,0.17,0,0.09,-0.0119914,-0.0012457,-0.0255784,-0.0160016,-0.0119214,sell
2011-11-11,0,0.22,0.86,0,0,0.1,0,0.05,-0.0135976,-0.0120139,-0.0125270,-0.0125926,-0.0102040,sell
2011-11-12,0,0.09,1.36,0,0,0.12,0.1,0.03, 0.0092951,-0.0036969,-0.0116688, 0.0053870,-0.0005685,buy
2011-11-13,0,0.03,1.43,0,0,0.16,0.22,0,-0.0066760, 0.0028629, 0.0007844, 0.0022145, 0.0091267,buy
2011-11-14,0,0.16,0.94,0,0,0.1,0.47,0,-0.0032612,-0.0023895,-0.0023254,-0.0023895,-0.0049154,buy
2011-11-15,0,0.52,0.59,0,0,0.04,0.98,0, 0.0101076, 0.0096155, 0.0100642, 0.0009600, 0.0100642,buy
2011-11-16,0,1.34,0.37,0,0,0.02,1.38,0,-0.0086698,-0.0166732,-0.0016425,-0.0075333,-0.0086698,sell
2011-11-17,0,1.51,0.24,0,0,0.01,1.2,0,-0.0143991,-0.0179687,-0.0115586,-0.0124888,-0.0154402,sell
2011-11-18,0,1.22,0.15,0,0,0,1.22,0,-0.0130763,-0.0106834,-0.0105294,-0.0120628,-0.0130509,sell
2011-11-19,0,0.67,0.1,0,0,0,1.19,0,-0.0048837,-0.0052759,-0.0054438,-0.0042207,-0.0054438,sell
2011-11-20,0,0.31,0.06,0,0,0,1.16,0, 0.0073412, 0.0073412, 0.0073412, 0.0076442, 0.0073412,buy
2011-11-21,0,0.18,0.1,0,0,0,1.62,0,-0.0168590, 0.0018860,-0.0168590,-0.0188811,-0.0142058,sell
2011-11-22,0,0.11,0.17,0,0,0,2.09,0, 0.0009196,-0.0005933,-0.0011889,-0.0005933, 0.0008732,buy
2011-11-23,0,0.08,0.45,0,0,0.01,1.54,0.02,-0.0138647,-0.0064057,-0.0160325,-0.0161794,-0.0112912,sell
2011-11-24,0,0.07,0.88,0,0,0.01,1.23,0.06, 0.0076219, 0.0003004, 0.0067805, 0.0066116, 0.0075099,buy
2011-11-25,0,0.07,0.64,0,0,0.01,0.9,0.2,-0.0058756,-0.0116079,-0.0058756,-0.0058756,-0.0110536,sell
2011-11-26,0,0.09,0.24,0,0,0.02,0.49,0.58, 0.0134270, 0.0152505, 0.0107176, 0.0152038, 0.0125978,buy
2011-11-27,0,0.13,0.09,0,0,0.02,0.26,0.68, 0.0084553, 0.0156070, 0.0078280, 0.0132822, 0.0162987,buy
2011-11-28,0,0.23,0.03,0,0,0.03,0.11,0.33, 0.0060369, 0.0060369, 0.0049296, 0.0045448,-0.0038234,buy
2011-11-29,0,0.48,0,0,0,0.06,0.04,0.23,-0.0015016,-0.0030778,-0.0016358,-0.0047061,-0.0019103,buy
2011-11-30,0,0.98,0,0,0,0.09,0,0.27,-0.0143538,-0.0018407,-0.0104289,-0.0068851,-0.0108495,sell
2011-12-01,0,0.84,0,0,0,0.17,0,0.41, 0.0184852, 0.0200894, 0.0199769, 0.0189913, 0.0171032,buy
2011-12-02,0,0.31,0,0,0,0.32,0,0.58, 0.0108695, 0.0102372, 0.0028608, 0.0107818, 0.0109223,buy
2011-12-03,0,0.1,0,0,0,0.47,0,0.55,-0.0005428,-0.0059066,-0.0010850,-0.0058749,-0.0058749,sell
2011-12-04,0,0.07,0,0,0,0.53,0,0.81,-0.0040923,-0.0084220,-0.0048490,-0.0061952,-0.0084098,sell
2011-12-05,0,0.1,0,0,0,0.42,0,0.69,-0.0085374,-0.0086598,-0.0041486,-0.0114587,-0.0086598,sell
2011-12-06,0,0.26,0,0,0,0.22,0,0.2, 0.0088095, 0.0019238,-0.0016088, 0.0092305, 0.0075283,buy
2011-12-07,0,0.72,0,0,0,0.14,0,0.07, 0.0003913, 0.0080095,-0.0013693, 0.0024894, 0.0101756,buy
2011-12-08,0,1.05,0,0,0,0.08,0,0.03, 0.0046870, 0.0017443, 0.0076084, 0.0049092, 0.0075670,buy
2011-12-09,0,0.63,0,0,0,0.06,0,0.02,-0.0047115,-0.0039980, 0.0037833,-0.0089154, 0.0022698,buy
2011-12-10,0,0.33,0.03,0,0,0.05,0,0,-0.0078589,-0.0072571,-0.0110981,-0.0066173,-0.0059147,sell
2011-12-11,0,0.26,0.04,0.04,0,0.06,0,0,-0.0111777,-0.0095487,-0.0103276,-0.0102214,-0.0028438,sell
2011-12-12,0,0.29,0.05,0.05,0,0.05,0,0,-0.0109073,-0.0085766,-0.0121983,-0.0088566,-0.0061729,sell
2011-12-13,0,0.39,0.05,0.05,0,0.03,0,0,-0.0147311,-0.0154569,-0.0144780,-0.0154569,-0.0154490,sell
2011-12-14,0,0.55,0.05,0.06,0,0.02,0,0,-0.0153801,-0.0206174,-0.0104406,-0.0153801,-0.0153551,sell
2011-12-15,0,0.78,0.04,0.07,0,0.01,0.06,0.05,-0.0036281,-0.0131408,-0.0100575,-0.0116469,-0.0116469,sell
2011-12-16,0,1,0.04,0.07,0,0.01,0.18,0.13, 0.0067450, 0.0013431, 0.0081858, 0.0072152, 0.0081858,buy
2011-12-17,0,0.89,0,0.08,0,0.01,0.39,0.38,-0.0052007,-0.0003872, 0.0025290, 0.0043322, 0.0013461,buy
2011-12-18,0,0.69,0,0.09,0,0.01,0.97,0.77,-0.0142245,-0.0146579,-0.0089552,-0.0146579,-0.0086981,sell
2011-12-19,0,0.59,0,0.1,0,0.01,1.84,0.62, 0.0056104, 0.0060752, 0.0056104, 0.0033260, 0.0065281,buy
2011-12-20,0,0.64,0,0.11,0,0,2.19,0.62, 0.0067697, 0.0078616, 0.0067697, 0.0070693, 0.0067697,buy
2011-12-21,0,0.92,0,0.12,0,0,2.16,0.72, 0.0017150, 0.0093162,-0.0045065,-0.0023856,-0.0045065,buy
2011-12-22,0,1.56,0,0.13,0,0.01,1.54,0.8, 0.0073578, 0.0083763,-0.0056296, 0.0083071, 0.0028795,buy
2011-12-23,0,1.39,0,0.14,0,0.02,1.25,0.65, 0.0098116, 0.0132004, 0.0028427, 0.0103565, 0.0093019,buy
2011-12-24,0,0.65,0,0.15,0,0.04,0.82,0.26, 0.0064841, 0.0129872, 0.0104687, 0.0132483, 0.0108973,buy
2011-12-25,0,0.38,0,0.16,0,0.1,0.43,0.1,-0.0133088, 0.0165852,-0.0146447,-0.0169564, 0.0150993,sell
2011-12-26,0,0.34,0,0.17,0,0.18,0.25,0.04, 0.0020898, 0.0134215, 0.0110573, 0.0114258,-0.0027217,buy
2011-12-27,0,0.61,0,0.18,0,0.11,0.15,0, 0.0040057, 0.0067938, 0.0067938, 0.0067938, 0.0005765,buy
2011-12-28,0,1.02,0,0.19,0,0.04,0.09,0.03,-0.0217625,-0.0213863,-0.0227945,-0.0207804,-0.0046930,sell
2011-12-29,0,0.64,0,0.2,0,0.01,0.05,0.06, 0.0000848,-0.0002566,-0.0051246, 0.0000848, 0.0041930,buy
2011-12-30,0,0.2,0,0.2,0,0.01,0.03,0.16,-0.0032147,-0.0030957,-0.0031266,-0.0098594, 0.0012999,buy
2011-12-31,0,0.06,0,0.21,0,0.03,0,0.42,-0.0093331,-0.0049312,-0.0093331,-0.0076634,-0.0079030,sell
2012-01-01,0,0,0,0.22,0,0.07,0,0.56, 0.0040752, 0.0045660,-0.0012949,-0.0043856,-0.0046595,buy
2012-01-02,0,0,0,0.23,0,0.16,0,0.27,-0.0188545, 0.0034639,-0.0212504,-0.0217762,-0.0203415,sell
2012-01-03,0,0,0.06,0.23,0,0.11,0,0.1, 0.0028555, 0.0049110, 0.0063833,-0.0037365, 0.0033417,buy
2012-01-04,0,0,0.16,0.24,0,0.05,0.08,0.03,-0.0111139, 0.0020158,-0.0049064, 0.0025374, 0.0020158,buy
2012-01-05,0,0,0.39,0.24,0,0.03,0.26,0, 0.0034928, 0.0071346,-0.0036453, 0.0077829, 0.0055682,buy
2012-01-06,0,0,0.98,0.25,0,0.05,0.9,0.05, 0.0130407, 0.0014437, 0.0105123, 0.0155361, 0.0113954,buy
2012-01-07,0,0,1.24,0.25,0,0.13,1.43,0.18, 0.0095643, 0.0052659, 0.0099567,-0.0083562,-0.0075242,buy
2012-01-08,0,0,0.62,0.25,0,0.16,0.64,0.62, 0.0060184, 0.0034609, 0.0069906, 0.0062021, 0.0041984,buy
2012-01-09,0,0,0.24,0.25,0,0.07,0.18,0.62, 0.0049106,-0.0053753,-0.0019273,-0.0010723,-0.0032778,buy
2012-01-10,0,0,0.09,0.25,0,0.02,0.05,0.17,-0.0074396,-0.0053355,-0.0099074,-0.0092612,-0.0095901,sell
2012-01-11,0,0,0.04,0.25,0,0.02,0.03,0.05,-0.0070728,-0.0064797,-0.0021463,-0.0059742,-0.0072829,sell
2012-01-12,0,0,0,0.25,0,0.01,0.15,0,-0.0091263,-0.0075570, 0.0035004,-0.0108460,-0.0091008,sell
2012-01-13,0,0,0,0.24,0,0.01,0.39,0,-0.0017161,-0.0017161,-0.0002523,-0.0008615,-0.0061498,buy
2012-01-14,0,0,0,0.24,0,0.02,1.06,0,-0.0037583,-0.0031683,-0.0011638,-0.0186606, 0.0001821,buy
2012-01-15,0,0,0,0.23,0,0.04,1.73,0.02, 0.0001171, 0.0038586,-0.0001844,-0.0057044,-0.0003912,buy
2012-01-16,0,0,0,0.23,0,0.07,1.22,0.06, 0.0075827, 0.0035370, 0.0075827, 0.0041093, 0.0056917,buy
2012-01-17,0,0,0,0.22,0,0.12,0.52,0.13,-0.0002744, 0.0001438, 0.0001438,-0.0070596, 0.0000505,buy
2012-01-18,0,0,0,0.22,0,0.12,0.43,0.35,-0.0012706,-0.0039550,-0.0005462, 0.0046909, 0.0093298,buy
2012-01-19,0,0,0,0.21,0,0.07,0.75,0.77,-0.0011537,-0.0015462, 0.0034021, 0.0113334,-0.0042047,buy
2012-01-20,0,0,0,0.2,0,0.04,1.75,0.78,-0.0104642, 0.0001746,-0.0129799,-0.0055481,-0.0058249,sell
2012-01-21,0,0,0,0.19,0,0.03,2.28,0.58, 0.0020404, 0.0020368, 0.0017602, 0.0032325, 0.0017602,buy
2012-01-22,0,0.06,0,0.18,0,0.02,1.65,0.5,-0.0134639,-0.0168625,-0.0179759,-0.0142379,-0.0112125,sell
2012-01-23,0,0.18,0,0.17,0,0.01,0.7,0.27, 0.0020686, 0.0029505, 0.0054007, 0.0048290, 0.0029505,buy
2012-01-24,0,0.58,0,0.16,0,0.01,0.28,0.12,-0.0172196,-0.0179502,-0.0128829,-0.0151106,-0.0162261,sell
2012-01-25,0,1.64,0,0.15,0,0.01,0.1,0.13, 0.0038769, 0.0023928,-0.0009440, 0.0045799, 0.0045799,buy
2012-01-26,0,2.12,0,0.14,0,0.03,0.14,0.43, 0.0048423, 0.0099564, 0.0087280, 0.0211815, 0.0102808,buy
2012-01-27,0,1.55,0,0.13,0,0.1,0.41,0.79, 0.0010127, 0.0008127, 0.0022158, 0.0081559,-0.0023334,buy
2012-01-28,0,1.64,0,0.12,0,0.21,1.26,0.6, 0.0105108, 0.0092609, 0.0073330, 0.0090534, 0.0102210,buy
2012-01-29,0,0.96,0,0.14,0,0.19,0.91,0.47, 0.0189552, 0.0157986, 0.0024808, 0.0051687, 0.0065143,buy
2012-01-30,0,0.48,0,0.21,0,0.09,0.22,0.13, 0.0055646, 0.0055646, 0.0052524, 0.0074449,-0.0012403,buy
2012-01-31,0,0.85,0,0.43,0,0.05,0.05,0.03, 0.0044502,-0.0000119, 0.0044502, 0.0081989, 0.0015664,buy
2012-02-01,0,1.44,0,1.21,0,0.02,0,0, 0.0036322, 0.0085426, 0.0040325, 0.0028354,-0.0035231,buy
2012-02-02,0,0.51,0,1.26,0,0.02,0,0, 0.0076165, 0.0156976, 0.0186408, 0.0073925, 0.0188105,buy
2012-02-03,0,0.1,0,0.52,0,0.02,0,0, 0.0122017, 0.0081623, 0.0164466, 0.0107101, 0.0080471,buy
2012-02-04,0,0,0.08,0.37,0,0.06,0,0, 0.0024785, 0.0050917, 0.0067844, 0.0050917, 0.0050917,buy
2012-02-05,0,0.03,0.22,0.43,0,0.15,0,0,-0.0062356,-0.0018370,-0.0032998,-0.0117194,-0.0062356,sell
2012-02-06,0,0.05,0.65,0.65,0,0.32,0,0, 0.0001447,-0.0064227, 0.0012981, 0.0013749,-0.0060463,buy
2012-02-07,0,0.06,1.82,1.01,0,0.22,0,0, 0.0051303, 0.0042491, 0.0128341, 0.0040548, 0.0049823,buy
2012-02-08,0,0.08,2.3,0.85,0,0.08,0,0, 0.0100222, 0.0057666, 0.0090544,-0.0033283, 0.0033249,buy
2012-02-09,0,0.11,2.44,0.47,0,0.1,0,0, 0.0089455, 0.0078730,-0.0001990,-0.0165225,-0.0151145,buy
2012-02-10,0,0.16,1.76,0.26,0,0.2,0,0, 0.0094350, 0.0115146, 0.0090271, 0.0058531, 0.0144186,buy
2012-02-11,0,0.22,0.83,0.14,0,0.14,0,0,-0.0084079,-0.0057924,-0.0054809,-0.0050248,-0.0057924,sell
2012-02-12,0,0.31,0.23,0.08,0,0.17,0,0.04,-0.0214213, 0.0061264,-0.0008193, 0.0012617,-0.0159837,buy
2012-02-13,0,0.45,0.08,0.04,0,0.16,0,0.1,-0.0124997, 0.0065003,-0.0078000,-0.0016508,-0.0130081,buy
2012-02-14,0,0.66,0,0,0,0.07,0.06,0.28, 0.0033359,-0.0040543, 0.0029645,-0.0001634, 0.0030441,buy
2012-02-15,0,0.97,0,0,0,0.04,0.27,0.63,-0.0258538,-0.0235233,-0.0246288,-0.0226466,-0.0257660,sell
2012-02-16,0,0.99,0,0,0,0.02,0.85,0.51, 0.0061607, 0.0093316, 0.0046068, 0.0075683, 0.0078518,buy
2012-02-17,0,0.68,0,0,0,0.02,0.77,0.19,-0.0082847,-0.0049324,-0.0012705,-0.0049687,-0.0049324,sell
2012-02-18,0,0.45,0,0,0,0.01,1.37,0.07,-0.0054625,-0.0026213,-0.0081305,-0.0041027,-0.0037773,buy
2012-02-19,0,0.37,0,0,0,0.01,1.09,0.02, 0.0042795, 0.0054385, 0.0039939, 0.0066852, 0.0052664,buy
2012-02-20,0,0.6,0.06,0,0,0.02,0.24,0,-0.0047063,-0.0059827, 0.0007273,-0.0047063,-0.0056432,buy
2012-02-21,0,1.87,0.25,0.06,0,0.02,0.1,0, 0.0203252, 0.0113157, 0.0113756, 0.0127022, 0.0174853,buy
2012-02-22,0,1.51,0.93,0.42,0,0.02,0.13,0, 0.0067783, 0.0073486, 0.0022234, 0.0069345, 0.0076162,buy
2012-02-23,0,0.33,1.23,1.08,0,0.04,0.26,0,-0.0066029,-0.0061241,-0.0116753,-0.0061740,-0.0055618,sell
2012-02-24,0,0.09,0.42,0.41,0,0.07,0.63,0, 0.0033689, 0.0033689, 0.0098251, 0.0033689, 0.0033689,buy
2012-02-25,0,0,0.11,0.06,0,0.15,0.95,0,-0.0203362,-0.0340015,-0.0148125,-0.0217321,-0.0358645,sell
2012-02-26,0,0,0,0,0,0.14,0.92,0,-0.0207791,-0.0383511,-0.0190962,-0.0223764,-0.0372690,sell
2012-02-27,0,0,0,0,0,0.09,1.2,0,-0.0011042, 0.0072413, 0.0095607,-0.0006869, 0.0052120,buy
2012-02-28,0,0,0.15,0,0,0.11,1.39,0,-0.0138150,-0.0018450, 0.0045848,-0.0141213,-0.0021131,sell
2012-02-29,0,0.09,0.57,0,0,0.13,0.76,0, 0.0134966,-0.0015745, 0.0093875,-0.0001198, 0.0126004,buy
2012-03-01,0,0.32,1.58,0.22,0,0.16,0.32,0, 0.0022300, 0.0007872, 0.0019927,-0.0002003, 0.0012773,buy
2012-03-02,0,0.89,1.23,0.67,0,0.22,0.12,0, 0.0039800, 0.0001063, 0.0001063, 0.0154442, 0.0034371,buy
2012-03-03,0,2.65,0.37,1.96,0,0.22,0.05,0, 0.0017462, 0.0056231, 0.0020300, 0.0038956, 0.0009932,buy
2012-03-04,0,3.17,0.12,2.32,0,0.18,0,0, 0.0048746, 0.0044823,-0.0012996, 0.0031791,-0.0032072,buy
2012-03-05,0,1.23,0,1.1,0,0.15,0,0,-0.0118920, 0.0109523,-0.0167834,-0.0195238,-0.0150237,sell
2012-03-06,0,0.43,0,0.38,0,0.12,0,0, 0.0175486, 0.0159312,-0.0029737,-0.0050713, 0.0233031,buy
2012-03-07,0,0.12,0,0.11,0,0.11,0,0.02,-0.0042390,-0.0057023,-0.0051281,-0.0070264, 0.0092372,sell
2012-03-08,0,0,0,0,0,0.1,0,0.03, 0.0106154, 0.0150442, 0.0115142, 0.0114483, 0.0052163,buy
2012-03-09,0,0,0,0,0,0.09,0,0.05, 0.0084208, 0.0139930, 0.0065885, 0.0077392, 0.0057855,buy
2012-03-10,0,0,0,0,0,0.08,0,0.06, 0.0143638, 0.0161072, 0.0139217, 0.0123664, 0.0078427,buy
2012-03-11,0,0,0.1,0,0,0.08,0,0.07, 0.0042614, 0.0056486, 0.0087136,-0.0015110, 0.0002962,buy
2012-03-12,0,0,0.17,0,0,0.08,0,0.07, 0.0061241, 0.0069472, 0.0103116,-0.0040076, 0.0038944,buy
2012-03-13,0,0,0.3,0,0,0.1,0,0.07, 0.0046128, 0.0079535, 0.0068702,-0.0111249, 0.0053541,buy
2012-03-14,0,0,0.6,0,0,0.15,0,0.06, 0.0222795, 0.0105302, 0.0018499, 0.0104999, 0.0194983,buy
2012-03-15,0,0,1.19,0,0,0.13,0,0.04,-0.0216835,-0.0139433,-0.0126156,-0.0203047,-0.0063656,sell
2012-03-16,0,0,1.57,0,0,0.08,0,0.03,-0.0014543,-0.0088545,-0.0088545,-0.0101905, 0.0008227,sell
2012-03-17,0,0,1.69,0,0,0.05,0,0, 0.0149206, 0.0021642, 0.0009787,-0.0007922, 0.0083386,buy
2012-03-18,0,0,2,0,0,0.04,0,0, 0.0037398,-0.0090644,-0.0134257,-0.0113746,-0.0109307,sell
2012-03-19,0,0,1.13,0,0,0.05,0,0,-0.0168111,-0.0198991,-0.0198991,-0.0186601,-0.0125570,sell
2012-03-20,0,0,0.53,0,0,0.05,0,0,-0.0064555, 0.0136495,-0.0085666,-0.0110575,-0.0054190,sell
2012-03-21,0,0,0.36,0,0,0.08,0,0, 0.0110562, 0.0137383, 0.0099501, 0.0109990, 0.0125383,buy
2012-03-22,0,0,0.39,0,0,0.12,0,0, 0.0104526, 0.0142463, 0.0081184, 0.0168288, 0.0116515,buy
2012-03-23,0,0,0.66,0,0,0.2,0,0,-0.0010652, 0.0014283, 0.0017627,-0.0021231,-0.0017197,buy
2012-03-24,0,0.05,1.29,0,0,0.18,0,0,-0.0008714, 0.0022918,-0.0015979, 0.0062293, 0.0113082,buy
2012-03-25,0,0.13,2.65,0,0,0.13,0,0.02, 0.0119283, 0.0119283, 0.0119283, 0.0001851, 0.0070915,buy
2012-03-26,0,0.3,3.38,0,0,0.15,0,0.05, 0.0174118, 0.0089274, 0.0162155, 0.0212832, 0.0144933,buy
2012-03-27,0,0.73,2.26,0,0,0.13,0.01,0.13, 0.0103670, 0.0035838, 0.0103670, 0.0103670, 0.0095394,buy
2012-03-28,0,1.59,1.71,0,0,0.07,0.06,0.3,-0.0131535,-0.0108109,-0.0080056,-0.0130070,-0.0068349,sell
2012-03-29,0,1.42,1.78,0,0,0.05,0.16,0.64,-0.0044318,-0.0011699, 0.0093887,-0.0055591,-0.0006434,buy
2012-03-30,0,0.61,2.33,0,0,0.04,0.11,0.55,-0.0140542,-0.0123754,-0.0094771,-0.0098758,-0.0137685,sell
2012-03-31,0,0.32,3.19,0,0,0.04,0.03,0.23, 0.0066364, 0.0055258, 0.0063470, 0.0062840, 0.0069473,buy
2012-04-01,0,0.21,2.69,0,0,0.04,0.01,0.1, 0.0003147, 0.0043665, 0.0007523, 0.0051521, 0.0053660,buy
2012-04-02,0,0.22,1.67,0,0,0.04,0,0.04, 0.0179546, 0.0136817, 0.0179546, 0.0179546, 0.0118577,buy
2012-04-03,0,0.29,1.18,0,0,0.04,0,0, 0.0021485,-0.0015162,-0.0004656, 0.0008978, 0.0021485,buy
2012-04-04,0,0.53,0.91,0,0,0.05,0.04,0.04,-0.0013899, 0.0005292,-0.0076606,-0.0002205,-0.0036848,buy
2012-04-05,0,0.95,0.73,0,0,0.07,0.08,0.1, 0.0031334, 0.0090702, 0.0065236, 0.0103434, 0.0032110,buy
2012-04-06,0,1.58,0.68,0,0,0.08,0.17,0.23,-0.0208433,-0.0208433,-0.0215880,-0.0049554,-0.0087336,sell
2012-04-07,0,2.04,0.66,0,0,0.1,0.36,0.55, 0.0041096, 0.0103747, 0.0083231, 0.0043423, 0.0107136,buy
2012-04-08,0,2.05,0.69,0,0,0.14,0.75,0.55, 0.0179363, 0.0165551, 0.0163373, 0.0168065, 0.0171437,buy
2012-04-09,0,1.16,0.85,0,0,0.17,1.28,0.24, 0.0068059, 0.0025946, 0.0012465,-0.0022882, 0.0034334,buy
2012-04-10,0,0.55,1.16,0,0,0.17,1.03,0.1, 0.0123477, 0.0000682, 0.0061811,-0.0046187, 0.0109127,buy
2012-04-11,0,0.28,1.81,0,0,0.13,0.51,0.05,-0.0030940,-0.0067047,-0.0067047,-0.0072889, 0.0071195,sell
2012-04-12,0,0.25,2.3,0.1,0,0.1,0.25,0.02, 0.0030923, 0.0050835, 0.0050835, 0.0050835,-0.0054832,buy
2012-04-13,0,0.29,2.13,0.26,0,0.09,0.13,0,-0.0137299,-0.0137299,-0.0137299,-0.0137299,-0.0152897,sell
2012-04-14,0,0.52,2.21,0.67,0,0.08,0.06,0, 0.0156686,-0.0009099, 0.0149517, 0.0125647, 0.0156686,buy
2012-04-15,0,1.04,1.65,1.41,0,0.06,0,0,-0.0115043,-0.0080381,-0.0013093,-0.0006919,-0.0010867,buy
2012-04-16,0,1.77,0.97,1.15,0,0.07,0,0,-0.0117501, 0.0093185,-0.0112277,-0.0143932,-0.0179633,sell
2012-04-17,0,1.43,0.67,0.45,0,0.07,0,0, 0.0202235, 0.0194875,-0.0027641, 0.0202235, 0.0192798,buy
2012-04-18,0,0.68,0.6,0.18,0,0.11,0,0, 0.0061451,-0.0063439,-0.0156455,-0.0148202,-0.0017579,sell
2012-04-19,0,0.33,0.84,0.07,0,0.14,0,0,-0.0095463,-0.0190336,-0.0270331,-0.0111181,-0.0206982,sell
2012-04-20,0,0.16,1.48,0,0,0.1,0,0, 0.0065842,-0.0125275,-0.0187058, 0.0041107,-0.0122032,buy
2012-04-21,0,0.08,1.41,0,0,0.05,0,0, 0.0045343,-0.0022178,-0.0051781,-0.0079776,-0.0028240,buy
2012-04-22,0,0,0.71,0,0,0.04,0,0.03,-0.0062259,-0.0134888,-0.0141284,-0.0083586,-0.0143838,sell
2012-04-23,0,0,0.45,0,0,0.04,0,0.1,-0.0107718,-0.0104936,-0.0030452,-0.0122588,-0.0118172,sell
2012-04-24,0,0,0.34,0,0,0.02,0,0.3,-0.0039484, 0.0074784,-0.0037225,-0.0055732,-0.0037225,buy
2012-04-25,0,0,0.29,0,0,0.02,0,0.64,-0.0121435,-0.0018946,-0.0093378,-0.0034215,-0.0113551,sell
2012-04-26,0,0,0.32,0,0,0.02,0,0.41,-0.0102220,-0.0091747,-0.0139262, 0.0022075,-0.0075043,sell
2012-04-27,0,0,0.35,0,0,0.03,0,0.13,-0.0085905,-0.0146168,-0.0148080,-0.0126790,-0.0136497,sell
2012-04-28,0,0,0.38,0,0,0.03,0,0.04, 0.0033232, 0.0050574, 0.0038846, 0.0059968, 0.0034493,buy
2012-04-29,0,0,0.42,0,0,0.04,0,0,-0.0090453,-0.0083718, 0.0039488, 0.0023119,-0.0059018,buy
2012-04-30,0,0.06,0.48,0,0,0.05,0.01,0,-0.0093727,-0.0140205,-0.0060075,-0.0066718,-0.0094473,sell
2012-05-01,0,0.2,0.54,0,0,0.06,0.02,0, 0.0013443, 0.0031181,-0.0032795, 0.0021405, 0.0048644,buy
2012-05-02,0,0.7,0.62,0,0,0.07,0.05,0, 0.0085949, 0.0063844, 0.0013963, 0.0086283, 0.0017390,buy
2012-05-03,0,1.46,0.76,0.07,0,0.09,0.14,0,-0.0085706,-0.0046686,-0.0020500, 0.0035476, 0.0029401,buy
2012-05-04,0,0.98,0.89,0.28,0,0.1,0.16,0,-0.0131490,-0.0120346,-0.0208899,-0.0209706,-0.0167420,sell
2012-05-05,0,0.37,1.06,1.26,0,0.12,0.06,0,-0.0234288,-0.0223205,-0.0251009,-0.0055632,-0.0215081,sell
2012-05-06,0,0.21,1.25,1.43,0,0.14,0.02,0,-0.0219137,-0.0211758,-0.0137344,-0.0011179,-0.0124005,sell
2012-05-07,0,0.17,1.5,0.34,0,0.18,0.01,0, 0.0146278, 0.0134262, 0.0149594, 0.0130897, 0.0123060,buy
2012-05-08,0,0.21,1.63,0.07,0,0.19,0,0,-0.0048800,-0.0064208,-0.0009430,-0.0041528,-0.0009804,buy
2012-05-09,0,0.26,1.51,0,0,0.19,0,0,-0.0080173, 0.0056922, 0.0055149, 0.0070168, 0.0065770,buy
2012-05-10,0,0.39,1.43,0,0,0.21,0,0,-0.0014516, 0.0071349, 0.0064822, 0.0166219, 0.0066663,buy
2012-05-11,0,0.56,1.44,0,0,0.26,0,0, 0.0098301, 0.0145810, 0.0115981, 0.0164424, 0.0148582,buy
2012-05-12,0,0.87,1.65,0,0,0.32,0,0, 0.0098739, 0.0107306, 0.0052826, 0.0110725, 0.0099595,buy
2012-05-13,0,1.47,2.24,0,0,0.28,0,0, 0.0109229, 0.0109229, 0.0091851, 0.0096320, 0.0086967,buy
2012-05-14,0,2.4,3.03,0,0,0.26,0,0,-0.0079549,-0.0079998,-0.0079549,-0.0006955,-0.0024435,buy
2012-05-15,0,2.24,2.68,0,0,0.27,0,0,-0.0065353,-0.0060055,-0.0070717,-0.0048821, 0.0059039,buy
2012-05-16,0,1.79,2.34,0,0,0.26,0,0,-0.0182785,-0.0171464,-0.0189179,-0.0127765,-0.0133943,sell
2012-05-17,0,1.81,2.01,0,0,0.2,0,0,-0.0298340,-0.0226991,-0.0321168,-0.0232745,-0.0276388,sell
2012-05-18,0,1.68,1.48,0,0,0.19,0,0,-0.0331171,-0.0272609,-0.0323278,-0.0237755,-0.0265032,sell
2012-05-19,0,1.33,1.16,0,0,0.24,0,0,-0.0111867,-0.0008595,-0.0205223,-0.0185192, 0.0126896,sell
2012-05-20,0,1.38,1.37,0,0,0.35,0,0,-0.0025446,-0.0025446,-0.0158995,-0.0132767, 0.0111078,sell
2012-05-21,0,2.38,2.25,0,0,0.26,0,0, 0.0027339, 0.0032043, 0.0027339, 0.0015472, 0.0026996,buy
2012-05-22,0,1.61,1.15,0,0,0.09,0,0,-0.0079828,-0.0126526,-0.0115782,-0.0042438,-0.0105820,sell
2012-05-23,0,0.65,0.48,0,0,0.05,0,0, 0.0122307, 0.0128790,-0.0064821, 0.0078106, 0.0091394,buy
2012-05-24,0,0.41,0.26,0,0,0.03,0.06,0,-0.0179189,-0.0179189,-0.0187190,-0.0172469,-0.0174875,sell
2012-05-25,0,0.42,0.24,0,0,0.02,0.14,0,-0.0164584,-0.0174759,-0.0174759,-0.0175757,-0.0197221,sell
2012-05-26,0,0.6,0.32,0,0,0.02,0.49,0,-0.0240762,-0.0236095,-0.0240762,-0.0330884,-0.0236031,sell
2012-05-27,0,1.65,0.77,0,0,0.01,1.92,0, 0.0013323,-0.0054953,-0.0038159,-0.0104019,-0.0094753,sell
2012-05-28,0,3.2,2.12,0,0,0,2.53,0.02, 0.0075417, 0.0035961, 0.0164240, 0.0043844, 0.0169450,buy
2012-05-29,0,2.36,2.1,0,0,0,1.15,0.1, 0.0095659, 0.0062390, 0.0166679, 0.0040641, 0.0157451,buy
2012-05-30,0,1.14,1.58,0,0,0,0.43,0.51, 0.0068923, 0.0063818, 0.0064694, 0.0044256, 0.0066770,buy
2012-05-31,0,0.48,0.6,0,0,0,0.19,0.57,-0.0019621,-0.0000177, 0.0061354,-0.0035088,-0.0017170,buy
2012-06-01,0,0.24,0.25,0,0,0,0.08,0.18,-0.0056021,-0.0044176, 0.0041461, 0.0121128, 0.0060628,buy
2012-06-02,0,0.12,0.1,0,0,0,0,0.15,-0.0012973,-0.0105098, 0.0074513, 0.0083299, 0.0010988,buy
2012-06-03,0,0,0.04,0,0,0,0,0.29,-0.0058839,-0.0064688,-0.0075164, 0.0036031,-0.0065056,buy
2012-06-04,0,0,0,0,0,0,0,0.66,-0.0123889,-0.0031448,-0.0131197, 0.0058324,-0.0044656,sell
2012-06-05,0,0,0,0,0,0,0,0.75, 0.0004878, 0.0008285, 0.0089532,-0.0000254, 0.0056817,buy
2012-06-06,0,0,0,0,0,0.01,0,0.55, 0.0113526, 0.0102482, 0.0032497, 0.0107160, 0.0107160,buy
2012-06-07,0,0,0,0,0,0.05,0,0.61, 0.0036804, 0.0120049, 0.0137138, 0.0040899, 0.0029329,buy
2012-06-08,0,0,0,0,0,0.12,0,0.59, 0.0125987, 0.0096282, 0.0124727, 0.0125481, 0.0125481,buy
2012-06-09,0,0,0,0.04,0,0.07,0,0.4, 0.0039451, 0.0090563, 0.0031946, 0.0103404, 0.0075053,buy
2012-06-10,0,0,0,0.21,0,0.02,0,0.41, 0.0001542, 0.0042954, 0.0058924, 0.0011386,-0.0083086,buy
2012-06-11,0,0,0.07,1.11,0,0,0,0.78,-0.0149884, 0.0156657,-0.0115111,-0.0249806,-0.0152935,sell
2012-06-12,0,0.06,0.1,1.27,0,0,0.06,0.51,-0.0153983,-0.0022046,-0.0160747,-0.0136020,-0.0107811,sell
2012-06-13,0,0.1,0.16,0.27,0,0,0.1,0.15,-0.0078692,-0.0040718,-0.0082141,-0.0098471,-0.0105110,sell
2012-06-14,0,0.15,0.25,0.06,0,0.02,0.15,0.06,-0.0108428,-0.0132528,-0.0167970,-0.0154996,-0.0135912,sell
2012-06-15,0,0.23,0.37,0,0,0.06,0.24,0.02, 0.0005070, 0.0029779, 0.0005722,-0.0003848, 0.0029779,buy
2012-06-16,0,0.33,0.52,0,0,0.1,0.39,0.02, 0.0011444, 0.0015704,-0.0007821, 0.0024109, 0.0069776,buy
2012-06-17,0,0.47,0.73,0,0,0.04,0.67,0,-0.0041272, 0.0083718, 0.0070857, 0.0017612, 0.0044300,buy
2012-06-18,0,0.64,0.98,0,0,0.01,1.14,0.07, 0.0170999, 0.0213920, 0.0196669, 0.0152681, 0.0197804,buy
2012-06-19,0,0.84,1.28,0,0,0,2.08,0.28, 0.0110481, 0.0090152, 0.0082658, 0.0090152, 0.0050334,buy
2012-06-20,0,1.07,1.44,0,0,0.02,2.97,0.72, 0.0056135, 0.0073695,-0.0010637,-0.0010637, 0.0101660,buy
2012-06-21,0,1.32,1.28,0,0,0.02,2.83,0.47,-0.0034682,-0.0026221,-0.0089691,-0.0068412,-0.0064519,sell
2012-06-22,0,1.59,1.05,0,0,0,1.9,0.13, 0.0070678,-0.0024527,-0.0031696,-0.0064429,-0.0084459,sell
2012-06-23,0,1.8,0.91,0,0,0,1.25,0.04,-0.0075244,-0.0122942,-0.0117819,-0.0110964,-0.0157341,sell
2012-06-24,0,1.77,0.8,0,0,0,0.9,0,-0.0106724,-0.0091900,-0.0106724,-0.0066506,-0.0148766,sell
2012-06-25,0,1.59,0.73,0.05,0,0,0.76,0.02,-0.0109027,-0.0087916,-0.0109027,-0.0030331,-0.0134483,sell
2012-06-26,0,1.48,0.7,0.12,0,0,0.72,0.06,-0.0103396,-0.0087080,-0.0103396,-0.0009564,-0.0114709,sell
2012-06-27,0,1.41,0.7,0.3,0,0,0.78,0.13,-0.0103998,-0.0088608,-0.0091004, 0.0003881,-0.0093522,sell
2012-06-28,0,1.49,0.73,0.72,0,0.01,1.03,0.31, 0.0025625,-0.0037246,-0.0043560, 0.0020866, 0.0034582,buy
2012-06-29,0,1.58,0.84,1.28,0,0.01,1.38,0.63,-0.0033815,-0.0009871, 0.0003286,-0.0007321, 0.0035506,buy
2012-06-30,0,1.74,1.04,0.92,0,0.02,1.28,0.56,-0.0026115, 0.0048817, 0.0020169, 0.0048685, 0.0042049,buy
2012-07-01,0,1.89,1.33,0.39,0,0.04,1.07,0.24, 0.0074370, 0.0055154, 0.0038730, 0.0095896, 0.0051653,buy
2012-07-02,0,1.83,1.85,0.16,0,0.06,1.1,0.1, 0.0151333, 0.0029611, 0.0072287, 0.0058161, 0.0064624,buy
2012-07-03,0,1.62,2.68,0.07,0,0.09,1.26,0.04, 0.0135932, 0.0117125, 0.0117125,-0.0002701, 0.0037870,buy
2012-07-04,0,1.41,2.86,0,0,0.12,1.51,0.02, 0.0108762, 0.0056954, 0.0056954,-0.0046134, 0.0068627,buy
2012-07-05,0,1.2,2.04,0,0,0.09,1.51,0,-0.0010070, 0.0065647, 0.0117406,-0.0066854, 0.0037044,buy
2012-07-06,0,1.03,1.4,0,0,0.06,1.21,0,-0.0105567,-0.0165323,-0.0203582,-0.0174809,-0.0165323,sell
2012-07-07,0,0.88,1.03,0,0,0.03,0.95,0, 0.0043778, 0.0150537, 0.0150537, 0.0214076, 0.0140126,buy
2012-07-08,0,0.76,0.79,0,0,0.02,0.76,0,-0.0046115, 0.0128850, 0.0084426, 0.0005478, 0.0051872,buy
2012-07-09,0,0.7,0.66,0,0,0.02,0.62,0,-0.0132741, 0.0014104,-0.0005274,-0.0041038,-0.0032191,buy
2012-07-10,0,0.66,0.6,0,0,0.02,0.53,0.04,-0.0158447,-0.0058017,-0.0080932,-0.0129171,-0.0122357,sell
2012-07-11,0,0.66,0.59,0,0,0.03,0.47,0.08,-0.0173960,-0.0082476,-0.0106207,-0.0127471,-0.0127471,sell
2012-07-12,0,0.69,0.58,0.06,0,0.05,0.47,0.17,-0.0164468,-0.0119729,-0.0148515,-0.0162616,-0.0166069,sell
2012-07-13,0,0.74,0.67,0.1,0,0.1,0.5,0.35,-0.0039078,-0.0038202, 0.0044137,-0.0042234, 0.0020137,buy
2012-07-14,0,0.82,0.74,0.16,0,0.1,0.58,0.74,-0.0119827,-0.0188199,-0.0099767,-0.0139900,-0.0074150,sell
2012-07-15,0,0.89,0.89,0.26,0,0.05,0.59,0.95,-0.0026841, 0.0010580,-0.0027037,-0.0045580,-0.0026531,buy
2012-07-16,0,1.03,1.09,0.43,0,0.03,0.61,0.77, 0.0103770, 0.0031535, 0.0031535,-0.0038342, 0.0031535,buy
2012-07-17,0,1.18,1.32,0.71,0,0.01,0.67,0.79, 0.0056051,-0.0068390,-0.0068390,-0.0110906,-0.0068390,sell
2012-07-18,0,1.35,1.44,1.18,0,0.01,0.81,0.67,-0.0135326,-0.0117810,-0.0111164,-0.0117810,-0.0104894,sell
2012-07-19,0,1.55,1.33,1.28,0,0,1.02,0.38,-0.0070646,-0.0049210,-0.0017199,-0.0003559, 0.0010975,buy
2012-07-20,0,1.77,1.13,0.81,0,0.01,1.36,0.21,-0.0023415, 0.0061467,-0.0031491, 0.0076783, 0.0032383,buy
2012-07-21,0,1.8,0.98,0.49,0,0.01,2.04,0.12, 0.0096619, 0.0094850, 0.0053323,-0.0030301,-0.0083829,buy
2012-07-22,0,1.6,0.88,0.29,0,0.01,2.61,0.07, 0.0112034, 0.0095319, 0.0067842,-0.0075277,-0.0075041,buy
2012-07-23,0,1.41,0.88,0.17,0,0.01,2.21,0.04, 0.0129483, 0.0078743, 0.0077048,-0.0051001,-0.0081654,buy
2012-07-24,0,1.24,0.98,0.1,0,0.02,2.07,0.02, 0.0146444, 0.0020997, 0.0018138,-0.0034040,-0.0071944,buy
2012-07-25,0,1.1,1.28,0.06,0,0.02,1.79,0, 0.0126530, 0.0071976, 0.0008638, 0.0071976,-0.0007932,buy
2012-07-26,0,0.98,1.87,0.04,0,0.02,1.52,0,-0.0001765, 0.0039881, 0.0112457, 0.0001491,-0.0023995,buy
2012-07-27,0,0.87,1.75,0,0,0.04,1.91,0, 0.0132699, 0.0200475, 0.0185062, 0.0184690, 0.0143385,buy
2012-07-28,0,0.78,1.36,0,0,0.05,1.9,0, 0.0160936, 0.0178606, 0.0153461, 0.0165655, 0.0111549,buy
2012-07-29,0,0.69,1.63,0,0,0.05,1.57,0, 0.0073488, 0.0082658, 0.0086412, 0.0073488, 0.0022113,buy
2012-07-30,0,0.63,1.79,0,0,0.04,1.56,0, 0.0014138, 0.0061057, 0.0066976, 0.0023706,-0.0066677,buy
2012-07-31,0,0.56,1.04,0,0,0.05,1.36,0, 0.0044622, 0.0108684, 0.0108684, 0.0087579, 0.0108684,buy
2012-08-01,0,0.51,0.5,0,0,0.06,1.24,0, 0.0004661, 0.0002398, 0.0004661,-0.0027231, 0.0000035,buy
2012-08-02,0,0.46,0.24,0,0,0.06,1.26,0, 0.0043152, 0.0032585, 0.0048512, 0.0077336, 0.0043881,buy
2012-08-03,0,0.42,0.15,0,0,0.06,0.84,0, 0.0066228, 0.0054143, 0.0095613, 0.0082975, 0.0071335,buy
2012-08-04,0,0.38,0.07,0,0,0.05,0.49,0,-0.0075083, 0.0048451,-0.0159004, 0.0064631,-0.0018970,buy
2012-08-05,0,0.35,0.06,0,0,0.05,0.31,0, 0.0007804, 0.0048202,-0.0079344, 0.0043779, 0.0023123,buy
2012-08-06,0,0.32,0.05,0,0,0.04,0.2,0, 0.0014883, 0.0016389,-0.0071812, 0.0039710, 0.0039710,buy
2012-08-07,0,0.29,0.05,0,0,0.04,0.12,0,-0.0038192,-0.0026652,-0.0087793,-0.0001427, 0.0002617,buy
2012-08-08,0,0.27,0,0,0,0.04,0.08,0,-0.0001226, 0.0019451,-0.0032583, 0.0046306, 0.0046306,buy
2012-08-09,0,0.25,0,0,0,0.04,0.11,0, 0.0034218, 0.0046704,-0.0024097, 0.0047815, 0.0047815,buy
2012-08-10,0,0.29,0,0,0,0.04,0.12,0, 0.0015836, 0.0027959,-0.0014402, 0.0043047, 0.0043047,buy
2012-08-11,0,0.43,0,0.07,0,0.03,0.13,0,-0.0000503,-0.0041580,-0.0001681,-0.0000936, 0.0030290,buy
2012-08-12,0,0.75,0,0.16,0,0.03,0.14,0.04, 0.0049471, 0.0003714, 0.0026759, 0.0049471, 0.0006894,buy
2012-08-13,0,1.55,0.04,0.38,0,0.03,0.23,0.08,-0.0036238,-0.0030852,-0.0030852,-0.0036238,-0.0083072,buy
2012-08-14,0,2.82,0.08,0.89,0,0.03,0.38,0.2, 0.0039254, 0.0046807, 0.0012192,-0.0012633, 0.0049827,buy
2012-08-15,0,3.09,0.18,1.27,0,0.03,0.69,0.48, 0.0036055, 0.0034104, 0.0030482, 0.0021401, 0.0072964,buy
2012-08-16,0,2,0.41,0.75,0,0.03,1.29,0.63, 0.0033033,-0.0086593, 0.0006412,-0.0072637, 0.0078938,buy
2012-08-17,0,1.2,1.06,0.31,0,0.03,1.91,0.34,-0.0020828,-0.0032061,-0.0032061,-0.0051414, 0.0057071,buy
2012-08-18,0,1,1.41,0.13,0,0.03,1.6,0.14, 0.0065004, 0.0052441, 0.0035384, 0.0051147, 0.0040421,buy
2012-08-19,0,1.08,0.66,0.05,0,0.03,1.31,0.06,-0.0007210,-0.0037529, 0.0079732,-0.0032182, 0.0013505,buy
2012-08-20,0,1.43,0.21,0,0,0.03,1.39,0.02,-0.0043926,-0.0196216,-0.0022970,-0.0033767,-0.0043926,buy
2012-08-21,0,1.51,0.06,0,0,0.04,1.47,0,-0.0043411,-0.0064422,-0.0065781,-0.0027356,-0.0027356,buy
2012-08-22,0,1.31,0,0,0,0.04,1.82,0, 0.0109580, 0.0093177,-0.0015946, 0.0109970, 0.0144304,buy
2012-08-23,0,1.26,0,0,0,0.04,1.95,0, 0.0047625, 0.0031682,-0.0015946, 0.0047625, 0.0144304,buy
2012-08-24,0,1.39,0,0,0,0.04,1.61,0, 0.0050160, 0.0033757,-0.0001531, 0.0050551, 0.0060553,buy
2012-08-25,0,1.53,0,0,0,0.04,0.84,0, 0.0040389, 0.0060412, 0.0040389, 0.0040389, 0.0055644,buy
2012-08-26,0,1.72,0.05,0,0,0.04,0.38,0, 0.0173987, 0.0055924, 0.0073510, 0.0055551, 0.0062339,buy
2012-08-27,0,3.37,0.13,0,0,0.05,0.27,0,-0.0019174, 0.0022754, 0.0002038, 0.0006482, 0.0022968,buy
2012-08-28,0,3.68,0.32,0,0,0.05,0.44,0,-0.0028569, 0.0030917,-0.0010223,-0.0009389, 0.0007419,buy
2012-08-29,0,1.23,0.82,0,0,0.05,1.43,0,-0.0028667,-0.0014603, 0.0042622,-0.0028667,-0.0029037,buy
2012-08-30,0,0.51,1.53,0,0,0.07,1.64,0.04,-0.0005371, 0.0081375,-0.0016160,-0.0003188,-0.0038824,buy
2012-08-31,0,0.29,1.25,0,0,0.08,0.66,0.09,-0.0064270,-0.0049972,-0.0014257,-0.0076190,-0.0067151,sell
2012-09-01,0,0.23,0.79,0,0,0.11,0.63,0.22, 0.0091720, 0.0079349, 0.0078226, 0.0076097, 0.0070673,buy
2012-09-02,0,0.19,0.88,0,0,0.16,1.06,0.54,-0.0065289,-0.0080480,-0.0000348,-0.0069827,-0.0053737,sell
2012-09-03,0,0.16,1.54,0,0,0.24,1.51,0.74, 0.0039594,-0.0067743, 0.0043617,-0.0005242, 0.0047032,buy
2012-09-04,0,0.14,2.84,0,0,0.2,1.67,0.46, 0.0060626, 0.0046638, 0.0049266, 0.0035292, 0.0038917,buy
2012-09-05,0,0.12,2.22,0,0,0.17,1.64,0.3, 0.0040697,-0.0022360,-0.0003808, 0.0005043,-0.0032682,buy
2012-09-06,0,0.09,0.72,0,0,0.29,0.8,0.36, 0.0105945, 0.0074745, 0.0077612, 0.0068120, 0.0107225,buy
2012-09-07,0,0.09,0.26,0,0,0.31,0.33,0.5, 0.0026826, 0.0037848,-0.0012977, 0.0030275, 0.0037848,buy
2012-09-08,0,0.1,0.14,0,0,0.13,0.15,0.64, 0.0073157, 0.0065996, 0.0069074, 0.0116070, 0.0120153,buy
2012-09-09,0,0.1,0.14,0,0,0.09,0.05,0.59, 0.0096029, 0.0027576, 0.0123123, 0.0096029, 0.0098504,buy
2012-09-10,0,0.1,0.23,0,0,0.1,0,0.35,-0.0129977,-0.0157040,-0.0029947,-0.0129977,-0.0127594,sell
2012-09-11,0,0.1,0.59,0,0,0.16,0,0.69, 0.0022454,-0.0007819, 0.0008193,-0.0068893,-0.0057315,sell
2012-09-12,0,0.11,1.52,0,0,0.14,0,0.74,-0.0103190,-0.0044080,-0.0103190,-0.0114644,-0.0124717,sell
2012-09-13,0,0.11,1.63,0,0,0.08,0,0.57, 0.0019941, 0.0019941, 0.0049650, 0.0049650,-0.0041722,buy
2012-09-14,0,0.11,0.87,0,0,0.05,0,0.35, 0.0075988, 0.0127023, 0.0175295, 0.0127023, 0.0078609,buy
2012-09-15,0,0.12,0.79,0,0,0.04,0,0.17, 0.0185382, 0.0195412, 0.0122829, 0.0195412, 0.0119444,buy
2012-09-16,0,0.12,0.96,0,0,0.06,0,0.09,-0.0007390, 0.0019462,-0.0053005, 0.0012170, 0.0019462,buy
2012-09-17,0,0.13,0.77,0,0,0.15,0.04,0.04,-0.0013018,-0.0004135, 0.0000258,-0.0056284,-0.0010810,buy
2012-09-18,0,0.14,0.44,0.06,0,0.14,0.1,0.07,-0.0074332,-0.0001088,-0.0125138,-0.0074332,-0.0076960,sell
2012-09-19,0,0.19,0.25,0.28,0,0.06,0.25,0.17,-0.0052650, 0.0035251, 0.0038982,-0.0013141,-0.0034270,buy
2012-09-20,0,0.25,0.18,1.25,0,0.04,0.66,0.66,-0.0034039,-0.0006730,-0.0034039,-0.0034039,-0.0003591,buy
2012-09-21,0,0.34,0.14,1.16,0,0.04,0.79,0.68,-0.0056930,-0.0010110,-0.0056930,-0.0032496,-0.0035275,buy
2012-09-22,0,0.63,0.14,0.25,0,0.04,0.35,0.23,-0.0138403,-0.0148127,-0.0108791,-0.0098608,-0.0122206,sell
2012-09-23,0,1.16,0.17,0.05,0,0.06,0.16,0.17, 0.0059934, 0.0049045, 0.0059192, 0.0006610, 0.0105672,buy
2012-09-24,0,2.37,0.22,0,0,0.1,0.12,0.21, 0.0147941,-0.0038018, 0.0050755, 0.0096274, 0.0072486,buy
2012-09-25,0,4.29,0.35,0.06,0,0.16,0.18,0.34,-0.0127099,-0.0142412,-0.0191901,-0.0197737,-0.0190892,sell
2012-09-26,0,4.43,0.57,0.15,0,0.14,0.43,0.53,-0.0092158,-0.0125447,-0.0152387,-0.0167112,-0.0197138,sell
2012-09-27,0,2.19,0.92,0.37,0,0.08,0.96,0.69, 0.0039360, 0.0160617, 0.0138726, 0.0160886, 0.0131405,buy
2012-09-28,0,1.04,1.08,0.93,0,0.05,0.85,0.75,-0.0008801,-0.0093171,-0.0092118,-0.0092943,-0.0093171,sell
2012-09-29,0,0.6,0.76,1.27,0,0.03,0.44,0.93, 0.0057991, 0.0002153,-0.0022744, 0.0003497, 0.0018241,buy
2012-09-30,0,0.39,0.46,0.67,0,0.03,0.36,0.7, 0.0113221,-0.0006328, 0.0107471, 0.0113221,-0.0073674,buy
2012-10-01,0,0.35,0.28,0.27,0,0.03,0.61,0.35,-0.0079870,-0.0090873, 0.0065531, 0.0032407,-0.0107707,buy
2012-10-02,0,0.39,0.17,0.11,0,0.03,1.39,0.18, 0.0012483, 0.0025298, 0.0112892, 0.0179614,-0.0021577,buy
2012-10-03,0,0.47,0.1,0.04,0,0.03,1.44,0.1,-0.0025217, 0.0034692, 0.0109076, 0.0113871, 0.0016814,buy
2012-10-04,0,0.63,0.06,0,0,0.04,0.58,0.04,-0.0114328,-0.0049182,-0.0091712,-0.0093960,-0.0098184,sell
2012-10-05,0,1.11,0.13,0,0,0.05,0.24,0.02,-0.0125471,-0.0095282,-0.0135254,-0.0107589,-0.0106552,sell
2012-10-06,0,1.6,0.25,0,0,0.07,0.12,0.02,-0.0034046,-0.0023515,-0.0014884,-0.0009439,-0.0015959,buy
2012-10-07,0,1.11,0.88,0,0,0.09,0.09,0,-0.0136441, 0.0072059, 0.0041924, 0.0095390,-0.0008061,buy
2012-10-08,0,0.87,2.02,0,0,0.11,0.27,0,-0.0025733,-0.0016305,-0.0025733,-0.0025733,-0.0015591,buy
2012-10-09,0,0.92,2.32,0,0,0.14,0.87,0,-0.0063966,-0.0119456,-0.0110495,-0.0075076,-0.0063101,sell
2012-10-10,0,1.13,1.22,0,0,0.13,1.32,0,-0.0068998,-0.0027317,-0.0036475,-0.0041546,-0.0053915,sell
2012-10-11,0,1.63,0.35,0,0,0.1,0.62,0,-0.0090208,-0.0165468,-0.0110653,-0.0003234,-0.0019674,sell
2012-10-12,0,2.43,0.07,0,0,0.08,0.26,0, 0.0158273,-0.0080266, 0.0024965, 0.0028604, 0.0017184,buy
2012-10-13,0,2.18,0,0,0,0.07,0.16,0.01, 0.0095708,-0.0075119, 0.0048481, 0.0000130, 0.0006643,buy
2012-10-14,0,1.86,0.08,0,0,0.07,0.13,0.04,-0.0068746,-0.0116314,-0.0107988,-0.0094057,-0.0117322,sell
2012-10-15,0,1.87,0.27,0,0,0.1,0.15,0.13,-0.0081321,-0.0120049,-0.0184320,-0.0003949,-0.0155182,sell
2012-10-16,0,1.72,0.88,0,0,0.18,0.16,0.39, 0.0128658, 0.0214098, 0.0152433, 0.0152433, 0.0096872,buy
2012-10-17,0,1.57,0.84,0,0,0.2,0.15,0.39, 0.0012246, 0.0133508, 0.0041817, 0.0038015,-0.0016357,buy
2012-10-18,0,1.54,0.26,0,0,0.11,0.14,0.13,-0.0079476,-0.0099843,-0.0112534, 0.0029505,-0.0095157,buy
2012-10-19,0,1.91,0.08,0,0,0.06,0.13,0.04,-0.0038837,-0.0112699,-0.0111649,-0.0115886,-0.0110790,sell
2012-10-20,0,2.62,0,0,0,0.08,0.12,0.01, 0.0155235, 0.0043728, 0.0111562, 0.0076875, 0.0128012,buy
2012-10-21,0,2.01,0.06,0,0,0.17,0.12,0.02, 0.0119386, 0.0206700, 0.0136554, 0.0181429, 0.0171190,buy
2012-10-22,0,1.49,0.18,0,0,0.15,0.12,0.06, 0.0139314, 0.0085371, 0.0154361, 0.0187360, 0.0133489,buy
2012-10-23,0,1.69,0.5,0.03,0,0.06,0.13,0.18,-0.0059861,-0.0233373,-0.0172054, 0.0066019,-0.0123207,buy
2012-10-24,0,1.32,1.12,0.06,0,0.02,0.15,0.48,-0.0114108,-0.0158440,-0.0171997,-0.0204248,-0.0162166,sell
2012-10-25,0,0.74,0.97,0.13,0,0.02,0.16,0.4,-0.0139274,-0.0276253,-0.0178686,-0.0273516,-0.0130872,sell
2012-10-26,0,0.48,0.67,0.26,0,0.01,0.21,0.13,-0.0099357, 0.0105301,-0.0081195,-0.0101513, 0.0079400,buy
2012-10-27,0,0.35,1.02,0.53,0,0.02,0.28,0.04,-0.0041895,-0.0028659,-0.0065762,-0.0043479,-0.0043506,sell
2012-10-28,0,0.26,1.46,0.79,0,0.03,0.45,0.01,-0.0008325,-0.0059296,-0.0009311,-0.0007948, 0.0010013,buy
2012-10-29,0,0.27,0.89,0.63,0,0.05,0.92,0, 0.0028411,-0.0118215,-0.0157518,-0.0131276,-0.0136530,sell
2012-10-30,0,0.33,0.36,0.42,0,0.09,1.32,0, 0.0023195, 0.0035115, 0.0057925, 0.0057925, 0.0056232,buy
2012-10-31,0,0.55,0.14,0.57,0,0.15,0.82,0.03, 0.0022359,-0.0150279,-0.0064480,-0.0057965,-0.0059097,sell
2012-11-01,0,1.18,0.06,1.34,0,0.18,0.36,0.1,-0.0086166,-0.0096025,-0.0145392,-0.0033311,-0.0115147,sell
2012-11-02,0,1.29,0,1.2,0,0.12,0.15,0.28,-0.0093704,-0.0174365,-0.0247926,-0.0245086,-0.0174365,sell
2012-11-03,0,0.59,0.07,0.38,0,0.07,0.07,0.63, 0.0047248,-0.0055702,-0.0028673, 0.0114669, 0.0056334,buy
2012-11-04,0,0.26,0.17,0.16,0,0.04,0,0.48, 0.0096249, 0.0109782, 0.0068901, 0.0105770, 0.0028911,buy
2012-11-05,0,0.13,0.47,0.1,0,0.02,0,0.17,-0.0087365,-0.0090444,-0.0117815,-0.0098727,-0.0098840,sell
2012-11-06,0,0,0.89,0.14,0,0.01,0,0.06,-0.0060748,-0.0086617,-0.0170557,-0.0107897,-0.0107735,sell
2012-11-07,0,0,0.62,0.3,0,0.01,0,0.02,-0.0226554,-0.0179660,-0.0240500,-0.0165463,-0.0230748,sell
2012-11-08,0,0.1,0.23,0.67,0,0,0,0,-0.0073883,-0.0142071, 0.0124066,-0.0126059,-0.0105131,sell
2012-11-09,0,0.24,0.09,0.95,0,0,0,0, 0.0075434,-0.0004321, 0.0175399, 0.0063376, 0.0078062,buy
2012-11-10,0,0.61,0.03,0.61,0,0.01,0,0,-0.0090790,-0.0059544,-0.0077413, 0.0032161,-0.0101409,buy
2012-11-11,0,1.52,0.03,0.27,0,0.03,0,0, 0.0146448, 0.0142211, 0.0120073, 0.0254615, 0.0263545,buy
2012-11-12,0,1.59,0.1,0.12,0,0.05,0,0, 0.0084998, 0.0095694, 0.0012040, 0.0204439, 0.0202855,buy
2012-11-13,0,0.65,0.27,0.05,0,0.08,0,0, 0.0106852, 0.0068920, 0.0069620,-0.0003132, 0.0139008,buy
2012-11-14,0,0.26,0.78,0,0,0.16,0,0,-0.0089684,-0.0148776,-0.0159128,-0.0133972,-0.0155573,sell
2012-11-15,0,0.1,1.06,0,0,0.13,0,0, 0.0025212, 0.0086010,-0.0101319,-0.0129859,-0.0095930,sell
2012-11-16,0,0,0.53,0,0,0.06,0,0,-0.0265976,-0.0281769,-0.0123187,-0.0250878,-0.0170076,sell
2012-11-17,0,0.05,0.29,0,0,0.04,0,0, 0.0214739, 0.0204258, 0.0207607, 0.0145116, 0.0092209,buy
2012-11-18,0,0.17,0.38,0,0,0.07,0.05,0.03,-0.0207583,-0.0168897,-0.0046813,-0.0181518, 0.0005837,sell
2012-11-19,0,0.69,0.81,0,0,0.16,0.08,0.06, 0.0082686,-0.0005796,-0.0250964, 0.0058928, 0.0075181,buy
2012-11-20,0,1.34,1.07,0,0,0.14,0.14,0.12,-0.0213003,-0.0104999,-0.0282679,-0.0255646,-0.0246172,sell
2012-11-21,0,1.34,0.59,0,0,0.07,0.3,0.23,-0.0178591,-0.0137179,-0.0133628,-0.0066509,-0.0087426,sell
2012-11-22,0,1.74,0.34,0,0,0.13,0.51,0.46, 0.0023802, 0.0027115,-0.0039529,-0.0003821,-0.0002926,buy
2012-11-23,0,1.45,0.33,0,0,0.15,0.9,0.64, 0.0114410, 0.0077222, 0.0113640, 0.0087528, 0.0114410,buy
2012-11-24,0,0.91,0.62,0,0,0.05,1.57,0.42, 0.0119276, 0.0134552, 0.0092319, 0.0132936, 0.0068429,buy
2012-11-25,0,0.93,1.49,0,0,0.02,1.68,0.21,-0.0129152,-0.0125750,-0.0125750,-0.0157293, 0.0001440,sell
2012-11-26,0,1.62,1.41,0,0,0.01,1.31,0.11, 0.0103117, 0.0127643,-0.0001918, 0.0110860, 0.0103709,buy
2012-11-27,0,1.35,0.64,0,0,0,1.52,0.05, 0.0002347, 0.0025254, 0.0026179, 0.0022868,-0.0044233,buy
2012-11-28,0,0.8,0.53,0,0,0,2.26,0.03,-0.0061133, 0.0085526, 0.0035761, 0.0076509, 0.0035761,buy
2012-11-29,0,0.87,0.81,0.03,0,0,2.14,0, 0.0027098, 0.0001698, 0.0017624, 0.0018214, 0.0009180,buy
2012-11-30,0,1.34,1.76,0.09,0,0.01,1.47,0,-0.0029705,-0.0048916,-0.0057089,-0.0040139,-0.0040139,buy
2012-12-01,0,1.59,2.83,0.26,0,0.01,0.86,0, 0.0057087, 0.0076913, 0.0054969, 0.0026198, 0.0055841,buy
2012-12-02,0,1.02,2.03,0.71,0,0.02,0.47,0, 0.0110050,-0.0002834, 0.0117563, 0.0125975, 0.0069118,buy
2012-12-03,0,0.5,0.93,0.79,0,0.04,0.31,0,-0.0047135, 0.0028311,-0.0055803,-0.0043765,-0.0086317,buy
2012-12-04,0,0.28,0.61,0.31,0,0.09,0.2,0,-0.0064927,-0.0132394,-0.0147743,-0.0165302,-0.0121836,sell
2012-12-05,0,0.28,0.65,0.11,0,0.16,0.13,0,-0.0211592,-0.0279317,-0.0243857,-0.0238200,-0.0281052,sell
2012-12-06,0,0.58,1.42,0.1,0,0.11,0.09,0, 0.0251870, 0.0218352,-0.0111018, 0.0004781, 0.0218352,buy
2012-12-07,0,1.6,1.32,0.2,0,0.05,0.06,0,-0.0193648,-0.0164645,-0.0161974,-0.0169813,-0.0180499,sell
2012-12-08,0,1.4,1,0.63,0,0.03,0.04,0, 0.0082017, 0.0082017,-0.0017976, 0.0096586, 0.0007944,buy
2012-12-09,0,0.46,1.55,0.96,0,0.06,0,0,-0.0140531,-0.0124451,-0.0037266,-0.0112056,-0.0060208,sell
2012-12-10,0,0.15,1.54,0.45,0,0.16,0,0, 0.0217740, 0.0147016, 0.0205475, 0.0187520, 0.0199500,buy
2012-12-11,0,0.05,1,0.14,0,0.19,0,0, 0.0053114, 0.0125697, 0.0032303, 0.0056151, 0.0036053,buy
2012-12-12,0,0,0.85,0.05,0,0.13,0,0,-0.0026906, 0.0049450,-0.0091588,-0.0089266,-0.0028706,buy
2012-12-13,0,0,0.89,0,0,0.16,0,0, 0.0043468, 0.0073735, 0.0028260,-0.0058896, 0.0031905,buy
2012-12-14,0,0.05,0.97,0,0,0.24,0,0, 0.0025867, 0.0010420, 0.0025867, 0.0029957,-0.0012906,buy
2012-12-15,0,0.11,1.14,0.06,0,0.23,0,0,-0.0002321, 0.0011680, 0.0012595, 0.0029546,-0.0017948,buy
2012-12-16,0,0.25,1.35,0.25,0,0.2,0,0, 0.0089352, 0.0046262, 0.0106612, 0.0051705, 0.0100235,buy
2012-12-17,0,0.57,1.59,0.78,0,0.14,0,0, 0.0329840, 0.0177713, 0.0292192, 0.0331048, 0.0286839,buy
2012-12-18,0,1,1.88,0.61,0,0.07,0,0, 0.0198325, 0.0096760, 0.0170046, 0.0174705, 0.0152669,buy
2012-12-19,0,0.77,2.21,0.26,0,0.03,0,0,-0.0065078,-0.0072170,-0.0060137,-0.0029605,-0.0065646,sell
2012-12-20,0,0.39,2.6,0.59,0,0.02,0,0,-0.0169918,-0.0158842,-0.0138137,-0.0161615,-0.0151099,sell
2012-12-21,0,0.27,2.88,1.14,0,0.01,0,0,-0.0062392, 0.0022645, 0.0022645, 0.0024641, 0.0022907,buy
2012-12-22,0,0.36,2.9,0.99,0,0.01,0,0.04,-0.0047480, 0.0036588, 0.0036588, 0.0041809, 0.0032516,buy
2012-12-23,0,0.74,2.63,0.87,0,0.01,0.04,0.1,-0.0004803,-0.0037426, 0.0016285, 0.0019413, 0.0016285,buy
2012-12-24,0,1.19,2.24,0.37,0,0.01,0.04,0.24,-0.0010840,-0.0025324, 0.0053178, 0.0080045, 0.0023340,buy
2012-12-25,0,0.8,1.95,0.39,0,0.03,0.05,0.58,-0.0084688,-0.0088042, 0.0083939,-0.0075639,-0.0076607,sell
2012-12-26,0,0.33,1.71,0.96,0,0.08,0.15,0.63, 0.0055170,-0.0046539, 0.0071530, 0.0074427, 0.0074427,buy
2012-12-27,0,0.13,1.64,0.8,0,0.21,0.27,0.27, 0.0100574, 0.0033687, 0.0060798, 0.0060798, 0.0060798,buy
2012-12-28,0,0.05,1.84,0.21,0,0.18,0.53,0.11, 0.0032549, 0.0030209, 0.0032549, 0.0032549, 0.0032549,buy
2012-12-29,0,0,1.94,0.06,0,0.1,1.11,0.05,-0.0053870,-0.0067212,-0.0067212,-0.0048131,-0.0016433,buy
2012-12-30,0,0,1.48,0,0,0.11,2.09,0.02, 0.0181321, 0.0292214, 0.0241146, 0.0238603, 0.0245636,buy
2012-12-31,0,0,1.23,0,0,0.14,2.41,0, 0.0200915, 0.0171590, 0.0170544, 0.0201635, 0.0201635,buy
2013-01-01,0,0,1.5,0,0,0.14,1.87,0.06, 0.0122344, 0.0092120, 0.0077067,-0.0010562,-0.0045659,buy
2013-01-02,0,0,1.71,0,0,0.11,1.02,0.27,-0.0071317,-0.0069027,-0.0071317,-0.0040328,-0.0071317,sell
2013-01-03,0,0,1.18,0,0,0.12,0.56,0.68,-0.0023480,-0.0117156,-0.0009208,-0.0120488,-0.0009208,buy
2013-01-04,0,0,1.16,0,0,0.2,0.4,0.54,-0.0068880, 0.0009291, 0.0021082,-0.0066021, 0.0012512,buy
2013-01-05,0,0,1.44,0,0,0.2,0.59,0.32, 0.0044288, 0.0036611, 0.0056598, 0.0009424, 0.0010422,buy
2013-01-06,0,0,1.03,0,0,0.09,1.58,0.45, 0.0139348, 0.0145712, 0.0191487, 0.0188898, 0.0187050,buy
2013-01-07,0,0,1.49,0,0,0.03,1.6,0.71, 0.0164810, 0.0085166, 0.0147516, 0.0082261, 0.0166081,buy
2013-01-08,0,0.05,1.04,0,0,0.02,0.55,0.64,-0.0194861,-0.0053998,-0.0053271,-0.0117520,-0.0148567,sell
2013-01-09,0,0.14,0.43,0,0,0,0.29,0.35,-0.0164481,-0.0177485,-0.0144255,-0.0166793,-0.0177742,sell
2013-01-10,0,0.38,0.27,0,0,0,0.21,0.24,-0.0209316,-0.0210535,-0.0154532,-0.0184006,-0.0206150,sell
2013-01-11,0,1.06,0.26,0,0,0,0.23,0.26, 0.0047473, 0.0022578, 0.0081708, 0.0106295, 0.0081252,buy
2013-01-12,0,1.22,0.34,0,0,0,0.25,0.55,-0.0184149,-0.0103997,-0.0156226,-0.0037421,-0.0107578,sell
2013-01-13,0,1.25,0.62,0,0,0,0.27,0.66, 0.0036320,-0.0015536, 0.0070773, 0.0120024, 0.0100733,buy
2013-01-14,0,2.1,1.11,0,0,0,0.37,0.26, 0.0096054,-0.0041517, 0.0038141, 0.0061683, 0.0003961,buy
2013-01-15,0,2.17,0.91,0,0,0.01,0.54,0.09, 0.0029440, 0.0006612, 0.0028933,-0.0003748,-0.0107634,buy
2013-01-16,0,1.87,1.04,0,0,0.01,1,0.03, 0.0040956, 0.0047086,-0.0125808, 0.0109655, 0.0034067,buy
2013-01-17,0,0.74,1.25,0,0,0.02,1.79,0,-0.0029280, 0.0132258, 0.0033810, 0.0017821,-0.0005904,buy
2013-01-18,0,0.2,0.54,0,0,0.05,1.39,0,-0.0048492, 0.0048480,-0.0047324,-0.0166286,-0.0152349,sell
2013-01-19,0,0.03,0.22,0,0,0.1,0.75,0,-0.0176320,-0.0127092,-0.0138244,-0.0061114,-0.0066106,sell
2013-01-20,0,0,0.12,0,0,0.16,0.68,0,-0.0010094,-0.0010054, 0.0011448,-0.0005879, 0.0028649,buy
2013-01-21,0,0,0.06,0,0,0.14,1.19,0,-0.0216275,-0.0257623,-0.0044696,-0.0187053,-0.0317721,sell
2013-01-22,0,0,0.06,0,0,0.08,1.9,0,-0.0143102,-0.0226267,-0.0155136,-0.0169151,-0.0150402,sell
2013-01-23,0,0.08,0.06,0,0,0.05,1.48,0.05, 0.0099678, 0.0092162, 0.0109058, 0.0093906, 0.0081319,buy
2013-01-24,0,0.24,0.05,0,0,0.06,1.67,0.21,-0.0136236,-0.0077259, 0.0002999,-0.0077259,-0.0035586,sell
2013-01-25,0,0.79,0.05,0,0,0.09,1.81,0.71,-0.0058304, 0.0059145,-0.0201671,-0.0218289,-0.0212516,sell
2013-01-26,0,1.11,0.05,0,0,0.15,1.21,0.54, 0.0081884, 0.0061383, 0.0016831, 0.0030646, 0.0081884,buy
2013-01-27,0,0.78,0.05,0,0,0.16,0.85,0.16, 0.0021689,-0.0266411,-0.0266411,-0.0229669,-0.0266411,sell
2013-01-28,0,1.25,0.04,0,0,0.08,0.73,0.15, 0.0128012, 0.0101103, 0.0175359, 0.0175359, 0.0175359,buy
2013-01-29,0,1.21,0.04,0,0,0.06,0.69,0.3, 0.0091268, 0.0095295, 0.0094727, 0.0094727, 0.0094727,buy
2013-01-30,0,0.41,0.04,0,0,0.12,0.66,0.71,-0.0091322,-0.0093505, 0.0008641, 0.0019857, 0.0016979,buy
2013-01-31,0,0.14,0,0,0,0.18,0.69,0.69, 0.0063258, 0.0046201, 0.0055163, 0.0139216, 0.0135577,buy
2013-02-01,0,0.05,0,0,0,0.09,0.7,0.28,-0.0107516,-0.0138044,-0.0110923,-0.0110792,-0.0039745,sell
2013-02-02,0,0,0,0,0,0.16,0.72,0.12,-0.0079206,-0.0115655,-0.0080703,-0.0095073,-0.0125278,sell
2013-02-03,0,0,0,0,0,0.16,0.8,0.05,-0.0072538,-0.0176631,-0.0078664,-0.0112244,-0.0179384,sell
2013-02-04,0,0,0,0,0,0.03,0.94,0.02,-0.0170458,-0.0204924,-0.0172521,-0.0172521,-0.0106598,sell
2013-02-05,0,0,0,0,0,0.02,1.29,0.02, 0.0131131, 0.0226067, 0.0133434, 0.0123270,-0.0004000,buy
2013-02-06,0,0,0,0,0,0.02,2.06,0.04, 0.0118963, 0.0114256, 0.0096423, 0.0096423, 0.0030663,buy
2013-02-07,0,0,0,0,0,0.04,1.82,0.12,-0.0036634,-0.0022056,-0.0036634, 0.0007477, 0.0131438,buy
2013-02-08,0,0,0,0,0,0.09,1.16,0.4,-0.0027469, 0.0019152, 0.0142065, 0.0066716, 0.0002612,buy
2013-02-09,0,0,0,0,0,0.16,0.99,0.9, 0.0074054, 0.0090093, 0.0049551, 0.0065597, 0.0077093,buy
2013-02-10,0,0,0,0,0,0.12,1.15,1.22, 0.0097549, 0.0097549, 0.0064340, 0.0097549, 0.0097549,buy
2013-02-11,0,0,0,0,0,0.07,1.8,1.36,-0.0052550,-0.0032010,-0.0013034,-0.0035334,-0.0035334,buy
2013-02-12,0,0,0,0,0,0.07,2.3,1,-0.0153200,-0.0075865,-0.0106743,-0.0148011,-0.0138383,sell
2013-02-13,0,0,0,0,0,0.13,1.72,0.51, 0.0110702, 0.0110702, 0.0033059, 0.0000729, 0.0110702,buy
2013-02-14,0,0,0,0,0,0.16,1.73,0.35, 0.0127723, 0.0127723, 0.0021818, 0.0012564, 0.0056631,buy
2013-02-15,0,0,0,0,0,0.09,2.14,0.42,-0.0050469, 0.0018237, 0.0003235,-0.0053566,-0.0023663,buy
2013-02-16,0,0,0.04,0,0,0.05,1.9,0.48,-0.0071497,-0.0049360,-0.0067245,-0.0067047,-0.0065266,sell
2013-02-17,0,0,0.04,0,0,0.05,1.36,0.34, 0.0060775, 0.0153152, 0.0147327, 0.0162536, 0.0108851,buy
2013-02-18,0,0,0.04,0,0,0.13,1.09,0.19, 0.0007728,-0.0001992, 0.0050653, 0.0008240,-0.0291996,sell
2013-02-19,0,0,0.05,0,0,0.17,0.93,0.11,-0.0037339,-0.0168667,-0.0122031,-0.0049326,-0.0209573,sell
2013-02-20,0,0,0.05,0,0,0.09,0.85,0.06,-0.0101003,-0.0052938,-0.0085927,-0.0019148,-0.0048798,sell
2013-02-21,0,0,0.05,0,0,0.08,0.8,0.05,-0.0041769, 0.0029139,-0.0041602, 0.0046947, 0.0050849,buy
2013-02-22,0,0,0.05,0,0,0.17,0.75,0.05,-0.0064949,-0.0160749,-0.0070530,-0.0102833,-0.0123052,sell
2013-02-23,0,0,0.05,0,0,0.14,0.73,0.08,-0.0088156,-0.0017587,-0.0041739,-0.0041739,-0.0103402,sell
2013-02-24,0,0,0.06,0,0,0.05,0.72,0.18, 0.0061577,-0.0024260, 0.0079370, 0.0028905, 0.0028905,buy
2013-02-25,0,0,0.11,0,0,0.02,0.75,0.4,-0.0166169,-0.0114198,-0.0108926,-0.0084660,-0.0079668,sell
2013-02-26,0,0,0.11,0,0,0.01,0.81,0.38, 0.0044414, 0.0024273, 0.0093335, 0.0086114,-0.0099445,buy
2013-02-27,0,0,0.13,0,0,0,0.97,0.19,-0.0215208,-0.0178785,-0.0014752,-0.0196181,-0.0099768,sell
2013-02-28,0,0,0.13,0,0,0,1.38,0.1, 0.0187737, 0.0206909, 0.0197805, 0.0073162, 0.0108224,buy
2013-03-01,0,0,0.15,0,0,0,1.87,0.16,-0.0095858,-0.0079024,-0.0110611,-0.0095392,-0.0030660,sell
2013-03-02,0,0.07,0.15,0,0,0,1.47,0.32, 0.0061430, 0.0068135, 0.0028508, 0.0068781, 0.0069993,buy
2013-03-03,0,0.14,0.17,0,0,0,1.03,0.78,-0.0047007,-0.0059538,-0.0034817,-0.0054384,-0.0166246,sell
2013-03-04,0,0.29,0.18,0,0,0,0.95,1.36, 0.0056480, 0.0083816,-0.0008317, 0.0054154, 0.0062908,buy
2013-03-05,0,0.59,0.2,0,0,0,1.31,0.91, 0.0108311, 0.0137091, 0.0137489, 0.0020969, 0.0071090,buy
2013-03-06,0,1.22,0.23,0,0,0,2.51,0.41,-0.0063476,-0.0001479,-0.0036824, 0.0084062, 0.0012017,buy
2013-03-07,0,1.8,0.25,0,0,0,3.02,0.26,-0.0100164, 0.0032217,-0.0002571,-0.0102578, 0.0018563,buy
2013-03-08,0,1.25,0.28,0,0,0,1.64,0.31, 0.0010618, 0.0044561, 0.0022649, 0.0081208, 0.0010618,buy
2013-03-09,0,0.61,0.31,0,0,0,0.9,0.63,-0.0131641,-0.0131641,-0.0043216,-0.0113954,-0.0067757,sell
2013-03-10,0,0.3,0.36,0,0,0,0.61,0.87,-0.0097289,-0.0102637,-0.0116517,-0.0095227,-0.0124122,sell
2013-03-11,0,0.14,0.4,0,0,0,0.45,0.55, 0.0050452, 0.0060744, 0.0066043, 0.0067384, 0.0070897,buy
2013-03-12,0,0.14,0.45,0,0,0,0.4,0.24,-0.0154296,-0.0126297,-0.0127828,-0.0154296,-0.0126297,sell
2013-03-13,0,0.19,0.51,0,0,0,0.34,0.12,-0.0058568,-0.0047427,-0.0009591,-0.0027262,-0.0057621,buy
2013-03-14,0,0.47,0.58,0,0,0,0.32,0.05,-0.0046124, 0.0003442,-0.0039826,-0.0061084,-0.0038905,buy
2013-03-15,0,1.25,0.67,0,0,0,0.3,0.02,-0.0020027,-0.0047011,-0.0009339,-0.0014684,-0.0024731,buy
2013-03-16,0,1.99,0.77,0,0,0,0.28,0.02, 0.0034423,-0.0081486, 0.0068227,-0.0109964,-0.0155953,buy
2013-03-17,0,1.72,0.89,0,0,0,0.26,0.01, 0.0027322,-0.0094489, 0.0082099,-0.0116950,-0.0097511,buy
2013-03-18,0,2.18,1.02,0,0,0,0.24,0, 0.0144424, 0.0101435, 0.0144239, 0.0080646,-0.0136290,buy
2013-03-19,0,1.61,1.19,0,0,0,0.22,0,-0.0118991,-0.0226550,-0.0103637,-0.0167632,-0.0127613,sell
2013-03-20,0,0.52,1.37,0,0,0,0.25,0, 0.0035765,-0.0056852,-0.0129312,-0.0037949,-0.0042577,sell
2013-03-21,0,0.14,1.7,0,0,0,0.26,0.03, 0.0164501, 0.0159874, 0.0125447, 0.0136004, 0.0122509,buy
2013-03-22,0,0,2.07,0,0,0,0.3,0.06, 0.0061345,-0.0029912,-0.0024653,-0.0021384,-0.0033755,buy
2013-03-23,0,0,2.63,0,0,0,0.36,0.09, 0.0031457, 0.0004826, 0.0000378,-0.0120875,-0.0009374,buy
2013-03-24,0,0,3.19,0,0,0,0.56,0.17,-0.0057527,-0.0060237,-0.0069487,-0.0061877,-0.0028403,sell
2013-03-25,0,0,3.83,0,0,0,0.84,0.33, 0.0038799, 0.0037354, 0.0044293, 0.0044293, 0.0045009,buy
2013-03-26,0,0,3.57,0,0,0,1.09,0.64,-0.0007766,-0.0019109,-0.0005570,-0.0007766,-0.0016525,buy
2013-03-27,0,0,2.94,0,0,0,1.09,0.77,-0.0044846,-0.0012204,-0.0030676,-0.0048211,-0.0044846,sell
2013-03-28,0,0,2.96,0,0,0,1.26,0.69,-0.0138960,-0.0097733,-0.0044346,-0.0120340,-0.0122702,sell
2013-03-29,0,0,3.96,0,0,0,1.85,0.81,-0.0175975,-0.0155331,-0.0097245,-0.0148336,-0.0177736,sell
2013-03-30,0,0,5.27,0,0,0,1.95,1.04,-0.0066206,-0.0066206,-0.0019867,-0.0042514,-0.0082778,buy
2013-03-31,0,0,3.83,0,0,0,1.94,1.4,-0.0199781,-0.0212744, 0.0029709,-0.0142861,-0.0199781,sell
2013-04-01,0,0,2.24,0,0,0,1.66,1.08, 0.0034485,-0.0022971, 0.0242232, 0.0004944, 0.0020601,buy
2013-04-02,0,0,1.55,0,0,0,0.94,0.45, 0.0126873, 0.0123493, 0.0157565,-0.0044887, 0.0098737,buy
2013-04-03,0,0,1.15,0,0,0,0.41,0.18,-0.0057130,-0.0033277,-0.0222855,-0.0057130,-0.0118863,sell
2013-04-04,0,0,0.91,0,0,0,0.22,0.05,-0.0102432,-0.0028171,-0.0107991,-0.0078369,-0.0099418,sell
2013-04-05,0,0,0.78,0,0,0,0.11,0.02,-0.0047444, 0.0047142,-0.0040946,-0.0008242,-0.0034766,buy
2013-04-06,0,0,0.66,0,0,0,0.13,0.03,-0.0121394,-0.0106735,-0.0071150,-0.0070207,-0.0133751,sell
2013-04-07,0,0.11,0.56,0,0,0,0.14,0.06,-0.0139451,-0.0182956,-0.0139451,-0.0139451,-0.0189635,sell
2013-04-08,0,0.37,0.47,0,0,0,0.25,0.13, 0.0084573, 0.0112012, 0.0124794, 0.0124794, 0.0086403,buy
2013-04-09,0,1.28,0.4,0,0,0,0.41,0.32,-0.0183203,-0.0114046,-0.0121746,-0.0092079,-0.0119792,sell
2013-04-10,0,1.75,0.33,0,0,0,0.86,0.48,-0.0129626, 0.0038017, 0.0061175, 0.0060089,-0.0070196,buy
2013-04-11,0,0.68,0.24,0,0,0.01,1.21,0.28,-0.0085244,-0.0150779,-0.0015260,-0.0068492,-0.0078378,sell
2013-04-12,0,0.19,0.21,0,0,0.02,0.98,0.11,-0.0148731,-0.0136611,-0.0191927,-0.0170574,-0.0124446,sell
2013-04-13,0,0,0.18,0,0,0.05,0.86,0.04,-0.0147095,-0.0134949,-0.0319458,-0.0234657,-0.0136898,sell
2013-04-14,0,0,0.15,0,0,0.1,1.04,0.02,-0.0283727,-0.0108342,-0.0254899,-0.0356047,-0.0267610,sell
2013-04-15,0,0,0.13,0,0,0.09,1.47,0,-0.0098024, 0.0183483,-0.0066400,-0.0112175,-0.0106230,buy
2013-04-16,0,0,0.11,0,0,0.05,1.91,0,-0.0155170,-0.0030629,-0.0133549,-0.0124222,-0.0088313,sell
2013-04-17,0,0,0.19,0,0,0.05,1.65,0,-0.0154571, 0.0094074,-0.0130315,-0.0194815,-0.0143937,sell
2013-04-18,0,0,0.51,0,0,0.07,1.04,0,-0.0095470,-0.0173074,-0.0198200,-0.0250993,-0.0098125,sell
2013-04-19,0,0,1.65,0.09,0,0.14,0.67,0.07, 0.0151871, 0.0215664, 0.0184286, 0.0113668, 0.0197842,buy
2013-04-20,0,0,1.32,0.29,0,0.19,0.43,0.29, 0.0162741, 0.0199282, 0.0127783, 0.0106551, 0.0205254,buy
2013-04-21,0,0,0.32,0.94,0,0.16,0.32,0.63, 0.0122809, 0.0080958, 0.0077659, 0.0183744, 0.0118531,buy
2013-04-22,0,0,0.06,1.43,0,0.1,0.35,0.3, 0.0167536, 0.0190098, 0.0199133, 0.0143686, 0.0172348,buy
2013-04-23,0,0,0,0.65,0,0.05,0.74,0.07,-0.0025667, 0.0148138, 0.0013586,-0.0027680,-0.0021646,buy
2013-04-24,0,0,0,0.26,0,0.04,0.86,0,-0.0092706, 0.0151577, 0.0151577, 0.0142655, 0.0149565,buy
2013-04-25,0,0,0,0.21,0,0.04,0.29,0,-0.0087561, 0.0033135,-0.0055415,-0.0108147,-0.0108147,sell
2013-04-26,0,0,0,0.45,0,0.05,0.09,0, 0.0124888, 0.0135754, 0.0164893, 0.0124888, 0.0121509,buy
2013-04-27,0,0,0,1.13,0,0.09,0,0, 0.0036550, 0.0095015, 0.0022980, 0.0017931,-0.0044852,buy
2013-04-28,0,0,0,1.71,0,0.12,0,0,-0.0032642, 0.0053911, 0.0104918, 0.0121073, 0.0030754,buy
2013-04-29,0,0,0,1.36,0,0.08,0,0, 0.0047585, 0.0052855, 0.0142199, 0.0153388, 0.0032368,buy
2013-04-30,0,0,0,1.49,0,0.04,0.04,0, 0.0033515,-0.0063445, 0.0065294, 0.0124650, 0.0105963,buy
2013-05-01,0,0,0,1.55,0,0.04,0.16,0,-0.0047426,-0.0064199,-0.0007411, 0.0050611, 0.0101954,buy
2013-05-02,0,0,0,0.86,0,0.1,0.67,0, 0.0005883,-0.0093644,-0.0015715,-0.0010716,-0.0015715,buy
2013-05-03,0,0.07,0,0.47,0,0.12,0.96,0,-0.0001063,-0.0041121,-0.0015562,-0.0012054,-0.0012054,buy
2013-05-04,0,0.22,0,0.74,0,0.07,0.3,0, 0.0146570, 0.0071557, 0.0052655, 0.0073546, 0.0142536,buy
2013-05-05,0,0.67,0,1.5,0,0.16,0.07,0,-0.0051125,-0.0037365,-0.0053292, 0.0042279,-0.0115634,buy
2013-05-06,0,1.63,0,0.56,0,0.17,0,0,-0.0056395, 0.0035501, 0.0094603, 0.0093038, 0.0089324,buy
2013-05-07,0,1.27,0,0.08,0,0.07,0,0,-0.0109214,-0.0076877,-0.0172514,-0.0116824, 0.0044508,sell
2013-05-08,0,0.49,0,0,0,0.04,0,0, 0.0156478, 0.0147145, 0.0109271, 0.0153911, 0.0147145,buy
2013-05-09,0,0.26,0,0,0,0.06,0,0, 0.0074349, 0.0091600, 0.0018695,-0.0045219,-0.0017515,buy
2013-05-10,0,0.17,0,0,0,0.09,0,0,-0.0000976,-0.0019500,-0.0050855,-0.0014871,-0.0055140,buy
2013-05-11,0,0.21,0,0,0,0.23,0,0, 0.0015400, 0.0029326, 0.0007021, 0.0005651,-0.0094520,buy
2013-05-12,0,0.48,0.11,0,0,0.26,0,0, 0.0169395, 0.0169427, 0.0173327, 0.0088271, 0.0088280,buy
2013-05-13,0,1.49,0.35,0,0,0.27,0,0, 0.0168366, 0.0174339, 0.0168894, 0.0122600, 0.0150344,buy
2013-05-14,0,2.26,1.1,0,0,0.25,0,0,-0.0063636,-0.0112373,-0.0063636, 0.0006167, 0.0186602,buy
2013-05-15,0,1.54,1.68,0,0,0.13,0.07,0,-0.0250940,-0.0221110,-0.0246422,-0.0133236,-0.0222016,sell
2013-05-16,0,2.32,0.9,0,0,0.18,0.2,0, 0.0095494, 0.0020268, 0.0111155, 0.0175841, 0.0181849,buy
2013-05-17,0,2.61,1,0,0,0.15,0.59,0, 0.0042715, 0.0129266, 0.0041515, 0.0229528, 0.0071817,buy
2013-05-18,0,2,3.05,0,0,0.08,1.26,0, 0.0095692, 0.0083189, 0.0118889,-0.0020268, 0.0053285,buy
2013-05-19,0,1.97,2.87,0,0,0.04,1.07,0, 0.0072767, 0.0072767, 0.0122164,-0.0023501, 0.0020317,buy
2013-05-20,0,1.98,1.61,0,0,0.03,1.22,0, 0.0205392,-0.0000053, 0.0021946, 0.0095090, 0.0098610,buy
2013-05-21,0,1.64,1.52,0,0,0.03,1.37,0, 0.0163839,-0.0150138,-0.0134506, 0.0011531, 0.0007184,buy
2013-05-22,0,1.35,0.34,0,0,0.04,0.32,0,-0.0027492,-0.0027166, 0.0143861,-0.0004350, 0.0006870,buy
2013-05-23,0,1.34,0.13,0,0,0.06,0.05,0, 0.0028283, 0.0016439, 0.0067320, 0.0065513, 0.0122713,buy
2013-05-24,0,1.84,0.19,0,0,0.09,0,0,-0.0041278, 0.0124015, 0.0054314, 0.0125239, 0.0124015,buy
2013-05-25,0,3.73,0.48,0,0,0.17,0,0, 0.0057756, 0.0036041, 0.0032295, 0.0032295,-0.0018352,buy
2013-05-26,0,5.55,1.19,0,0,0.22,0,0,-0.0093994,-0.0067881,-0.0184881,-0.0187968,-0.0184295,sell
2013-05-27,0,3.29,1.61,0,0,0.2,0,0, 0.0112450, 0.0141964, 0.0123342, 0.0121464, 0.0082091,buy
2013-05-28,0,1.31,0.93,0,0,0.17,0.04,0,-0.0133211,-0.0152140,-0.0153422,-0.0087229,-0.0196342,sell
2013-05-29,0,0.58,0.53,0,0,0.16,0.1,0, 0.0030136,-0.0073352, 0.0007408, 0.0040205, 0.0002628,buy
2013-05-30,0,0.32,0.56,0,0,0.13,0.22,0, 0.0036320, 0.0040538, 0.0040538, 0.0077760, 0.0040538,buy
2013-05-31,0,0.17,1.07,0,0,0.09,0.51,0, 0.0031893, 0.0052046, 0.0034774, 0.0055292,-0.0012943,buy
2013-06-01,0,0.09,1.43,0,0,0.07,1.16,0,-0.0018537,-0.0001938,-0.0006950,-0.0123013,-0.0007722,buy
2013-06-02,0,0.07,0.88,0,0,0.05,1.27,0, 0.0208834, 0.0104821, 0.0181828, 0.0110359, 0.0148204,buy
2013-06-03,0,0.05,0.43,0,0,0.04,0.59,0,-0.0185215,-0.0158631,-0.0178469,-0.0112120,-0.0192025,sell
2013-06-04,0,0,0.32,0.04,0,0.03,0.26,0,-0.0025810, 0.0065097,-0.0055769,-0.0025810,-0.0046655,buy
2013-06-05,0,0,0.41,0.13,0,0.02,0.11,0.03, 0.0070807, 0.0086430,-0.0028881, 0.0070807, 0.0036506,buy
2013-06-06,0,0,0.69,0.43,0,0.02,0.05,0.09,-0.0206050,-0.0134290,-0.0199104,-0.0140054,-0.0219276,sell
2013-06-07,0,0.1,1.37,1.27,0,0.01,0,0.27, 0.0119361, 0.0135816, 0.0117562, 0.0152739, 0.0165091,buy
2013-06-08,0,0.25,1.61,1.21,0,0.01,0,0.63, 0.0080353, 0.0031891, 0.0073996, 0.0105061, 0.0082400,buy
2013-06-09,0,0.62,0.97,0.54,0,0.01,0,0.54, 0.0084295,-0.0016287, 0.0077628, 0.0057281,-0.0025205,buy
2013-06-10,0,1.51,0.56,0.58,0,0.01,0,0.27,-0.0146475,-0.0141889,-0.0071980,-0.0144721,-0.0154713,sell
2013-06-11,0,1.78,0.39,1.32,0,0,0.04,0.29, 0.0151281, 0.0127678, 0.0186013, 0.0013003,-0.0005273,buy
2013-06-12,0,0.86,0.4,1.17,0,0,0.08,0.66, 0.0076106,-0.0044169,-0.0076601,-0.0059552,-0.0044169,sell
2013-06-13,0,0.35,0.58,0.39,0,0,0.14,0.61, 0.0125674, 0.0004855, 0.0115089, 0.0154960,-0.0091732,buy
2013-06-14,0,0.14,0.98,0.13,0,0,0.25,0.21,-0.0094230,-0.0099354,-0.0086901,-0.0047969,-0.0027682,buy
2013-06-15,0,0.06,1.43,0.04,0,0,0.46,0.07,-0.0089172,-0.0102066,-0.0160959, 0.0026788,-0.0061756,sell
2013-06-16,0,0,1.08,0,0,0,0.85,0.02,-0.0036605,-0.0033723,-0.0151834,-0.0032954,-0.0054986,sell
2013-06-17,0,0,0.56,0,0,0,1.27,0,-0.0111051,-0.0016914, 0.0015129,-0.0017862,-0.0019901,buy
2013-06-18,0,0,0.3,0,0,0,1.03,0,-0.0038337,-0.0100455,-0.0065241,-0.0106063,-0.0043129,sell
2013-06-19,0,0,0.16,0,0,0,0.56,0,-0.0098817,-0.0113260,-0.0106329,-0.0038485,-0.0181155,sell
2013-06-20,0,0,0.08,0,0,0,0.31,0,-0.0013871,-0.0013871,-0.0010185, 0.0011132,-0.0124275,buy
2013-06-21,0,0,0.04,0,0,0,0.17,0,-0.0053475,-0.0045955,-0.0063754,-0.0053475,-0.0111476,sell
2013-06-22,0,0,0,0,0,0,0.09,0, 0.0039353,-0.0001985, 0.0039353, 0.0039353,-0.0003200,buy
2013-06-23,0,0.09,0,0,0,0,0.05,0,-0.0026489, 0.0016508,-0.0065168,-0.0026489,-0.0025502,buy
2013-06-24,0,0.16,0,0,0,0,0,0, 0.0127187,-0.0021570,-0.0010442, 0.0001448,-0.0021451,buy
2013-06-25,0,0.31,0,0,0,0,0,0,-0.0027702,-0.0119816,-0.0090146,-0.0100891,-0.0065311,sell
2013-06-26,0,0.57,0,0,0,0,0,0,-0.0115377,-0.0203685,-0.0134247,-0.0154267,-0.0093972,sell
2013-06-27,0,1.08,0,0.04,0,0,0,0,-0.0078917,-0.0104269,-0.0104915,-0.0098468,-0.0104269,sell
2013-06-28,0,1.78,0,0.09,0,0.01,0,0.04, 0.0213586, 0.0114684, 0.0118125, 0.0163223, 0.0208228,buy
2013-06-29,0,1.56,0,0.22,0,0.01,0,0.11, 0.0080037, 0.0021977, 0.0046502, 0.0091675, 0.0091675,buy
2013-06-30,0,0.83,0,0.51,0,0.02,0,0.36,-0.0190483,-0.0192259,-0.0209979,-0.0190837,-0.0193850,sell
2013-07-01,0,0.44,0,1.24,0,0.02,0,0.81, 0.0065260, 0.0120584,-0.0032763,-0.0218371, 0.0059360,buy
2013-07-02,0,0.24,0.04,1.28,0,0.04,0,0.74, 0.0076539, 0.0148093, 0.0003029,-0.0219739, 0.0076539,buy
2013-07-03,0,0.13,0.13,0.54,0,0.06,0,0.67, 0.0065096, 0.0047262, 0.0008306,-0.0005053,-0.0024105,buy
2013-07-04,0,0.07,0.4,0.22,0,0.1,0,0.69, 0.0147915,-0.0058132, 0.0025726, 0.0093991, 0.0078341,buy
2013-07-05,0,0,1.22,0.09,0,0.14,0,0.35, 0.0151413, 0.0037989, 0.0041842, 0.0057380, 0.0185684,buy
2013-07-06,0,0,1.43,0.04,0,0.12,0,0.15, 0.0048112, 0.0129406, 0.0012034, 0.0129720, 0.0138097,buy
2013-07-07,0,0,0.54,0,0,0.07,0,0.06,-0.0195902,-0.0194335,-0.0109333,-0.0200454,-0.0117203,sell
2013-07-08,0,0,0.18,0,0,0.05,0,0.03,-0.0104696,-0.0099661,-0.0153147,-0.0196311,-0.0072954,sell
2013-07-09,0,0,0.06,0,0,0.04,0,0, 0.0270861, 0.0186504, 0.0202676, 0.0194913, 0.0110628,buy
2013-07-10,0,0,0,0,0,0.03,0,0, 0.0135012, 0.0126510, 0.0130664, 0.0110727, 0.0077597,buy
2013-07-11,0,0,0,0,0,0.04,0,0.02, 0.0073895, 0.0114526, 0.0012963,-0.0066545, 0.0124433,buy
2013-07-12,0,0,0,0,0,0.08,0,0.03, 0.0000015,-0.0135383,-0.0127881,-0.0141337,-0.0140825,sell
2013-07-13,0,0,0,0,0,0.1,0,0.06,-0.0003070,-0.0019573, 0.0050117,-0.0019573,-0.0011229,buy
2013-07-14,0,0,0,0,0,0.06,0,0.09, 0.0075349, 0.0068503, 0.0073225, 0.0051493, 0.0092470,buy
2013-07-15,0,0.13,0,0,0,0.02,0,0.13, 0.0028489,-0.0020041, 0.0060816,-0.0099519, 0.0011402,buy
2013-07-16,0,0.37,0,0,0,0.01,0,0.17,-0.0021290, 0.0013929, 0.0049365,-0.0030180, 0.0027286,buy
2013-07-17,0,1.23,0,0.04,0,0,0,0.22, 0.0135256, 0.0009852, 0.0118507, 0.0043749, 0.0045214,buy
2013-07-18,0,1.91,0,0.05,0,0,0,0.26,-0.0162811,-0.0152780,-0.0127118,-0.0099943,-0.0096667,sell
2013-07-19,0,1.66,0,0.05,0,0.01,0,0.29,-0.0118670,-0.0176623,-0.0169350, 0.0049090,-0.0169350,sell
2013-07-20,0,1.83,0,0.06,0,0.02,0,0.3,-0.0018520, 0.0014822, 0.0064505, 0.0076846, 0.0044716,buy
2013-07-21,0,0.98,0,0.09,0,0.02,0,0.3,-0.0152549, 0.0101605, 0.0058275,-0.0002524,-0.0024229,buy
2013-07-22,0,0.31,0,0.16,0,0.01,0,0.28,-0.0066686,-0.0066686,-0.0068399,-0.0093930,-0.0035267,sell
2013-07-23,0,0.1,0,0.21,0,0,0.08,0.26,-0.0082991,-0.0057895,-0.0057895,-0.0101804, 0.0047188,sell
2013-07-24,0,0,0,0.27,0,0,0.25,0.25,-0.0216157, 0.0043477, 0.0050053,-0.0216157, 0.0088130,buy
2013-07-25,0,0,0,0.47,0,0,0.69,0.27,-0.0014415, 0.0090035, 0.0009240, 0.0008365, 0.0000352,buy
2013-07-26,0,0,0,0.8,0,0,1.64,0.41,-0.0072394,-0.0128245,-0.0031859, 0.0003911,-0.0066977,buy
2013-07-27,0,0,0,1.4,0,0,1.68,0.78, 0.0013668,-0.0067311,-0.0063441,-0.0067664,-0.0063441,sell
2013-07-28,0,0,0.06,1.4,0,0,1.3,0.84, 0.0024783,-0.0004424, 0.0026694, 0.0026694, 0.0015481,buy
2013-07-29,0,0,0.2,0.87,0,0,0.87,0.5, 0.0089167,-0.0008176, 0.0066489, 0.0066489, 0.0066489,buy
2013-07-30,0,0,0.5,0.61,0,0,0.56,0.46, 0.0080368, 0.0094904, 0.0080368, 0.0080368, 0.0086117,buy
2013-07-31,0,0,1.3,0.5,0,0,0.54,0.64,-0.0108916,-0.0127299,-0.0104742,-0.0108916,-0.0104919,sell
2013-08-01,0,0,2.85,0.48,0,0,0.77,0.67, 0.0043361,-0.0000718, 0.0124036, 0.0040785, 0.0096393,buy
2013-08-02,0,0,2.36,0.52,0,0,1.11,0.38, 0.0012980, 0.0055785, 0.0084337, 0.0039835, 0.0055785,buy
2013-08-03,0,0,0.9,0.56,0,0,1.05,0.23, 0.0073476, 0.0053423, 0.0035220, 0.0060882, 0.0049871,buy
2013-08-04,0,0,0.34,0.69,0,0,0.65,0.14, 0.0016267, 0.0131988, 0.0067953, 0.0067872, 0.0080350,buy
2013-08-05,0,0,0.13,0.85,0,0.01,0.41,0.09, 0.0070449, 0.0039471, 0.0006996, 0.0061469, 0.0118303,buy
2013-08-06,0,0,0,1.03,0,0.03,0.25,0.07,-0.0047821,-0.0008221,-0.0018399,-0.0025254, 0.0130068,buy
2013-08-07,0,0,0,1.27,0,0.08,0.15,0.07, 0.0069100, 0.0116763, 0.0108346, 0.0068635, 0.0197055,buy
2013-08-08,0,0,0,1.28,0,0.18,0.1,0.06,-0.0070545, 0.0019150,-0.0075212,-0.0031863,-0.0017946,buy
2013-08-09,0,0,0,1.05,0,0.14,0.06,0.11,-0.0044447, 0.0001734,-0.0091879,-0.0049539,-0.0030197,buy
2013-08-10,0,0,0,0.86,0,0.05,0.04,0.29,-0.0145560,-0.0145737,-0.0192342,-0.0070697,-0.0152027,sell
2013-08-11,0,0,0.08,0.7,0,0.02,0,0.81,-0.0053017,-0.0097568,-0.0040649,-0.0087281,-0.0100013,sell
2013-08-12,0,0.05,0.45,0.58,0,0.01,0,0.61, 0.0135467, 0.0095452, 0.0134947, 0.0135467, 0.0036752,buy
2013-08-13,0,0.11,1.43,0.48,0,0,0,0.25, 0.0235216, 0.0198576, 0.0205886, 0.0228161, 0.0225292,buy
2013-08-14,0,0.27,0.74,0.39,0,0.01,0,0.19,-0.0070905,-0.0060731,-0.0071434,-0.0064337,-0.0238739,sell
2013-08-15,0,0.69,0.13,0.33,0,0.03,0,0.23,-0.0179290,-0.0187684,-0.0187684,-0.0145490,-0.0187684,sell
2013-08-16,0,1.65,0,0.27,0,0.05,0,0.28,-0.0038883,-0.0041176,-0.0001813, 0.0002353, 0.0029983,buy
2013-08-17,0,1.87,0,0.22,0,0.05,0,0.34, 0.0085902, 0.0167536, 0.0192973, 0.0250636, 0.0204450,buy
2013-08-18,0,1.34,0,0.18,0,0.1,0,0.41, 0.0102217, 0.0005817, 0.0015989,-0.0040058, 0.0060302,buy
2013-08-19,0,2.07,0,0.15,0,0.14,0,0.49, 0.0143075, 0.0109793, 0.0116457, 0.0130002, 0.0136355,buy
2013-08-20,0,3.09,0,0.13,0,0.15,0,0.6,-0.0103279,-0.0080373,-0.0037719,-0.0112300,-0.0099036,sell
2013-08-21,0,2.87,0,0.11,0,0.2,0,0.69,-0.0071894,-0.0008044, 0.0051940,-0.0072377,-0.0007592,buy
2013-08-22,0,2.14,0,0.09,0,0.22,0,0.7, 0.0003010, 0.0024080,-0.0003063, 0.0000894, 0.0020804,buy
2013-08-23,0,0.76,0,0.13,0,0.11,0,0.86, 0.0032406, 0.0023683, 0.0036767, 0.0060528, 0.0012667,buy
2013-08-24,0,0.1,0,0.25,0,0.04,0,1.06,-0.0087100,-0.0010926,-0.0023684,-0.0025290,-0.0066088,buy
2013-08-25,0,0,0,0.6,0,0.01,0.18,0.73,-0.0083562,-0.0101425,-0.0120957,-0.0121023,-0.0054514,sell
2013-08-26,0,0,0,1.32,0,0.01,0.8,0.55, 0.0006477, 0.0035692, 0.0012256, 0.0038312, 0.0045239,buy
2013-08-27,0,0,0,1.01,0,0,1.65,0.66,-0.0036204,-0.0090856,-0.0044739,-0.0063037,-0.0050097,sell
2013-08-28,0,0,0.23,0.33,0,0,1.1,0.55,-0.0025215,-0.0019246,-0.0182182,-0.0048204, 0.0000100,buy
2013-08-29,0,0,1.26,0.11,0,0,1.41,0.3, 0.0025617,-0.0045469, 0.0025617, 0.0005074, 0.0008640,buy
2013-08-30,0,0,1.44,0.04,0,0.01,2.05,0.18, 0.0070389, 0.0047412, 0.0111077, 0.0069697, 0.0066761,buy
2013-08-31,0,0,0.37,0,0,0.02,1.57,0.13,-0.0155830,-0.0066069,-0.0143930,-0.0113463,-0.0080929,sell
2013-09-01,0,0,0.28,0,0,0.06,0.57,0.09,-0.0136161, 0.0021681,-0.0125106, 0.0161138, 0.0011988,buy
2013-09-02,0,0,0.55,0,0,0.15,0.24,0.1,-0.0057453, 0.0013061,-0.0068545,-0.0009375,-0.0049360,sell
2013-09-03,0,0,1.35,0,0,0.15,0.13,0.11, 0.0059727, 0.0097352, 0.0037182, 0.0082590, 0.0112098,buy
2013-09-04,0,0,1.41,0,0,0.22,0.12,0.13,-0.0042490,-0.0113428,-0.0102740,-0.0110019,-0.0113012,sell
2013-09-05,0,0,0.67,0,0,0.17,0.25,0.17, 0.0027613, 0.0031742, 0.0024079, 0.0067894, 0.0034942,buy
2013-09-06,0,0,0.37,0,0,0.05,0.55,0.25,-0.0075260,-0.0115006,-0.0117902,-0.0117902,-0.0071918,sell
2013-09-07,0,0,0.32,0,0,0.01,0.87,0.38, 0.0015047, 0.0015047,-0.0012175,-0.0021906, 0.0008427,buy
2013-09-08,0,0,0.43,0,0,0,0.74,0.59, 0.0121730, 0.0197393, 0.0186702, 0.0201460, 0.0229769,buy
2013-09-09,0,0,0.68,0,0,0,0.56,0.74, 0.0034814, 0.0104572, 0.0118889, 0.0107578, 0.0139122,buy
2013-09-10,0,0,1.2,0,0,0,0.66,0.56,-0.0153762, 0.0045995,-0.0142011,-0.0081870,-0.0121383,sell
2013-09-11,0,0,1.43,0,0,0.01,1.03,0.34, 0.0082578, 0.0052111, 0.0082578,-0.0050331, 0.0066373,buy
2013-09-12,0,0,0.96,0,0,0.01,0.97,0.25, 0.0017019,-0.0092170, 0.0015715,-0.0004281,-0.0095276,buy
2013-09-13,0,0,0.54,0.05,0,0.03,0.58,0.31,-0.0059528,-0.0135943,-0.0095006,-0.0095006,-0.0057691,sell
2013-09-14,0,0,0.31,0.2,0,0.07,0.43,0.7,-0.0032109,-0.0026337,-0.0084378,-0.0024668,-0.0095632,sell
2013-09-15,0,0,0.18,0.81,0,0.16,0.57,0.57, 0.0030460,-0.0112297,-0.0002460, 0.0122646,-0.0170950,buy
2013-09-16,0,0,0.1,1.25,0,0.2,1.08,0.16,-0.0181255,-0.0061233,-0.0183671,-0.0148113,-0.0049665,sell
2013-09-17,0,0,0.13,0.47,0,0.12,1.56,0.06, 0.0136726, 0.0079908, 0.0158345, 0.0140890, 0.0201551,buy
2013-09-18,0,0,0.19,0.12,0,0.06,1.77,0.1,-0.0039438, 0.0208334, 0.0033303, 0.0018466, 0.0033303,buy
2013-09-19,0,0,0.55,0,0,0.06,1.56,0.34, 0.0013616, 0.0063551, 0.0050684, 0.0043869, 0.0032024,buy
2013-09-20,0,0,1.44,0,0,0.08,0.64,0.41,-0.0155675,-0.0155675, 0.0040907,-0.0208397,-0.0163409,sell
2013-09-21,0,0,1.25,0,0,0.1,0.24,0.17, 0.0004678, 0.0016384, 0.0030186,-0.0027485, 0.0025970,buy
2013-09-22,0,0,0.44,0,0,0.18,0.07,0.08,-0.0046363,-0.0031240,-0.0040082,-0.0121382,-0.0139494,sell
2013-09-23,0,0,0.15,0,0,0.18,0,0.08, 0.0058963, 0.0055066, 0.0054884,-0.0088521,-0.0085337,buy
2013-09-24,0,0,0.05,0,0,0.15,0,0.11,-0.0014498, 0.0047150,-0.0054258,-0.0080106,-0.0117020,sell
2013-09-25,0,0,0,0,0,0.17,0,0.17,-0.0120896, 0.0017225,-0.0132767,-0.0209320,-0.0159762,sell
2013-09-26,0,0,0,0,0,0.17,0,0.27,-0.0021588, 0.0038547,-0.0045486,-0.0119227,-0.0039959,buy
2013-09-27,0,0,0,0,0,0.14,0,0.42, 0.0030868, 0.0016237, 0.0095577, 0.0084676, 0.0096124,buy
2013-09-28,0,0,0,0,0,0.12,0,0.6, 0.0109665, 0.0084642, 0.0108405, 0.0104435, 0.0109159,buy
2013-09-29,0,0.08,0,0.05,0,0.1,0,0.56, 0.0133341, 0.0113030, 0.0139012, 0.0137775, 0.0137775,buy
2013-09-30,0,0.22,0,0.12,0,0.12,0,0.53, 0.0104201, 0.0089727, 0.0102942, 0.0123531, 0.0123531,buy
2013-10-01,0,0.55,0,0.29,0,0.18,0,0.78, 0.0006294, 0.0077498,-0.0039969, 0.0072577, 0.0076972,buy
2013-10-02,0,1.22,0,0.72,0,0.23,0,0.75, 0.0133075, 0.0121933, 0.0046749, 0.0088706, 0.0096436,buy
2013-10-03,0,2.44,0,1.27,0,0.17,0.06,0.35,-0.0120730,-0.0073895,-0.0140005,-0.0098497,-0.0084891,sell
2013-10-04,0,2.65,0.05,0.88,0,0.1,0.16,0.17,-0.0039247,-0.0095184,-0.0059248,-0.0050739,-0.0084524,sell
2013-10-05,0,2.59,0.14,0.35,0,0.08,0.43,0.08, 0.0051810, 0.0031442, 0.0052909, 0.0120727, 0.0042217,buy
2013-10-06,0,2.45,0.39,0.14,0,0.06,1.19,0.04,-0.0170627,-0.0007706,-0.0255233,-0.0055364,-0.0199459,sell
2013-10-07,0,2.43,1.04,0.06,0,0.05,1.36,0,-0.0047648,-0.0061117,-0.0060974,-0.0042600,-0.0046451,sell
2013-10-08,0,1.91,1.43,0,0,0.04,0.67,0.02,-0.0046708,-0.0013054,-0.0152685, 0.0078275,-0.0043164,buy
2013-10-09,0,1.24,0.74,0,0,0.04,0.43,0.05,-0.0165515, 0.0024497,-0.0181694,-0.0148388,-0.0165515,sell
2013-10-10,0,1.08,0.3,0,0,0.03,0.41,0.1,-0.0097842,-0.0152189,-0.0152189,-0.0108339,-0.0160211,sell
2013-10-11,0,1.32,0.13,0,0,0.03,0.51,0.23,-0.0035239,-0.0074407,-0.0089826,-0.0016898,-0.0069836,sell
2013-10-12,0,0.98,0.06,0,0,0.03,0.65,0.4, 0.0017534, 0.0085897, 0.0120234, 0.0078408, 0.0079949,buy
2013-10-13,0,0.4,0,0,0,0.03,0.86,0.3, 0.0116944, 0.0137491, 0.0125199, 0.0137491, 0.0152871,buy
2013-10-14,0,0.13,0,0,0,0.02,0.96,0.13, 0.0042727, 0.0056311, 0.0056554, 0.0065798, 0.0065798,buy
2013-10-15,0,0.05,0,0,0,0.02,0.86,0.06, 0.0009571,-0.0048478, 0.0008850, 0.0008850, 0.0008850,buy
2013-10-16,0,0,0,0,0,0.02,0.75,0.03, 0.0028872, 0.0045242, 0.0036087, 0.0071928, 0.0053506,buy
2013-10-17,0,0,0,0,0,0.03,0.7,0.01, 0.0009136, 0.0085353, 0.0073616, 0.0087881, 0.0087860,buy
2013-10-18,0,0,0,0,0,0.03,0.77,0,-0.0016136, 0.0050390, 0.0027067, 0.0054696, 0.0050390,buy
2013-10-19,0,0,0,0,0,0.03,0.93,0,-0.0171405,-0.0203233,-0.0176568,-0.0176568,-0.0122541,sell
2013-10-20,0,0,0,0,0,0.04,0.96,0,-0.0184660,-0.0191758,-0.0191758,-0.0191758,-0.0121341,sell
2013-10-21,0,0,0,0,0,0.04,0.73,0.02,-0.0012918, 0.0091266, 0.0060535, 0.0090838, 0.0091266,buy
2013-10-22,0,0,0.03,0,0,0.06,0.48,0.03,-0.0041901, 0.0151201,-0.0081000, 0.0157069, 0.0150643,buy
2013-10-23,0,0,0.08,0,0,0.1,0.29,0.05, 0.0123960, 0.0141219, 0.0138224, 0.0119739, 0.0126906,buy
2013-10-24,0,0,0.19,0,0,0.11,0.18,0.08, 0.0041436, 0.0095828, 0.0067375, 0.0056318, 0.0042508,buy
2013-10-25,0,0,0.54,0,0,0.09,0.12,0.14,-0.0033391, 0.0066075,-0.0027478,-0.0068753,-0.0037233,buy
2013-10-26,0,0,1,0,0,0.06,0.07,0.24, 0.0021331, 0.0015906, 0.0113728, 0.0015906, 0.0002210,buy
2013-10-27,0,0,0.88,0,0,0.06,0.1,0.39, 0.0059946, 0.0079947, 0.0111496, 0.0106776, 0.0044035,buy
2013-10-28,0,0,0.68,0,0,0.06,0.2,0.48, 0.0103526,-0.0032934,-0.0036733,-0.0032934,-0.0044661,buy
2013-10-29,0,0,0.89,0,0,0.07,0.37,0.34,-0.0163821,-0.0189766,-0.0243154,-0.0260468,-0.0175422,sell
2013-10-30,0,0,1.54,0,0,0.11,0.81,0.21, 0.0108261, 0.0149125, 0.0154513, 0.0050463, 0.0150097,buy
2013-10-31,0,0,2.61,0,0,0.18,2.01,0.12, 0.0010620,-0.0014217, 0.0001042,-0.0018451,-0.0029191,buy
2013-11-01,0,0,3.98,0,0,0.26,4.39,0.08,-0.0041677,-0.0053024,-0.0053024,-0.0040007,-0.0053024,sell
2013-11-02,0,0,3.12,0,0,0.26,3.73,0.05,-0.0022046,-0.0045949,-0.0045949,-0.0022046,-0.0045949,buy
2013-11-03,0,0,1.27,0,0,0.22,2.17,0.03, 0.0006977, 0.0069113, 0.0006977,-0.0017683,-0.0049698,buy
2013-11-04,0,0,0.55,0,0,0.22,1.4,0.02, 0.0018355, 0.0031815, 0.0062105, 0.0029393,-0.0001224,buy
2013-11-05,0,0,0.26,0,0,0.13,1.07,0,-0.0119759, 0.0018912,-0.0155030,-0.0298362,-0.0264400,sell
2013-11-06,0,0,0.07,0,0,0.07,0.95,0, 0.0126570,-0.0023328, 0.0023660,-0.0190095,-0.0121271,sell
2013-11-07,0,0,0.04,0,0,0.04,1.14,0,-0.0244454,-0.0139379,-0.0256495,-0.0257537,-0.0235584,sell
2013-11-08,0,0,0,0,0,0.03,1.51,0, 0.0108783, 0.0120497, 0.0090031, 0.0141715, 0.0133091,buy
2013-11-09,0,0,0,0,0,0.03,1.66,0,-0.0045970, 0.0072744,-0.0036977,-0.0093683,-0.0088268,buy
2013-11-10,0,0,0,0,0,0.03,1.3,0.02, 0.0090824, 0.0188908, 0.0090824, 0.0090824,-0.0071735,buy
2013-11-11,0,0,0,0,0,0.05,0.86,0.05,-0.0162223,-0.0137554,-0.0141437,-0.0137856,-0.0084337,sell
2013-11-12,0,0.08,0,0,0,0.06,0.61,0.11, 0.0055815, 0.0076513, 0.0020194, 0.0074766, 0.0074766,buy
2013-11-13,0,0.2,0,0,0,0.08,0.4,0.26, 0.0027161, 0.0029971, 0.0021471, 0.0068754, 0.0034081,buy
2013-11-14,0,0.51,0,0,0,0.1,0.31,0.6,-0.0097928,-0.0006054,-0.0101524,-0.0043482,-0.0092170,sell
2013-11-15,0,1.28,0,0,0,0.13,0.28,0.63, 0.0261000, 0.0197589, 0.0192213, 0.0197945, 0.0176325,buy
2013-11-16,0,1.6,0.06,0,0,0.22,0.31,0.3, 0.0164574, 0.0062553, 0.0032191, 0.0051190, 0.0064443,buy
2013-11-17,0,0.77,0.15,0,0,0.22,0.46,0.13,-0.0174062, 0.0039575, 0.0020508,-0.0121908,-0.0064661,sell
2013-11-18,0,0.31,0.39,0,0,0.12,0.84,0.06,-0.0066441,-0.0089182, 0.0028558,-0.0075126,-0.0008941,buy
2013-11-19,0,0.12,1.06,0,0,0.08,1.33,0.03, 0.0073117, 0.0019971, 0.0032557,-0.0089004,-0.0000322,buy
2013-11-20,0,0.05,1.43,0,0,0.07,2.07,0, 0.0142057, 0.0011727,-0.0019744, 0.0088841, 0.0053135,buy
2013-11-21,0,0,0.63,0,0,0.06,2.22,0,-0.0073758,-0.0129913,-0.0024243,-0.0069335,-0.0070860,sell
2013-11-22,0,0,0.21,0,0,0.06,1.72,0,-0.0042961,-0.0050761,-0.0042961,-0.0059903,-0.0059903,sell
2013-11-23,0,0.06,0.06,0.03,0,0.05,1.93,0,-0.0035474,-0.0051592,-0.0035474,-0.0044464,-0.0095747,buy
2013-11-24,0,0.15,0,0.07,0,0.04,1.76,0, 0.0047060, 0.0108964, 0.0047342, 0.0077977, 0.0079491,buy
2013-11-25,0,0.38,0,0.14,0,0.04,1.38,0,-0.0088409, 0.0031815,-0.0054965,-0.0186990,-0.0094028,sell
2013-11-26,0,0.98,0,0.27,0,0.05,1.47,0, 0.0126176, 0.0116765, 0.0063486, 0.0150412, 0.0117832,buy
2013-11-27,0,0.96,0,0.55,0,0.07,1.3,0, 0.0178704, 0.0098078, 0.0135937, 0.0151170, 0.0146146,buy
2013-11-28,0,0.48,0,0.8,0,0.14,0.84,0, 0.0071681,-0.0149684, 0.0050488, 0.0050488, 0.0050488,buy
2013-11-29,0,0.56,0,0.57,0,0.13,0.52,0, 0.0097895,-0.0053430, 0.0027402, 0.0027402, 0.0027402,buy
2013-11-30,0,1.65,0,0.29,0,0.09,0.37,0,-0.0032805, 0.0123371, 0.0140119, 0.0121913, 0.0145293,buy
2013-12-01,0,1.52,0,0.15,0,0.19,0.37,0, 0.0126350, 0.0150035, 0.0124751, 0.0124751, 0.0143640,buy
2013-12-02,0,0.39,0,0.08,0,0.17,0.65,0,-0.0076960,-0.0155238,-0.0084461,-0.0060750,-0.0101119,sell
2013-12-03,0,0.1,0,0.04,0,0.04,1.14,0,-0.0036808,-0.0036808,-0.0036808,-0.0036808, 0.0025034,buy
2013-12-04,0,0,0,0.02,0,0.01,0.85,0, 0.0026715,-0.0068091,-0.0034691,-0.0031957,-0.0034691,buy
2013-12-05,0,0.08,0,0,0,0.01,0.35,0,-0.0079970,-0.0103723,-0.0003252,-0.0083581,-0.0009471,buy
2013-12-06,0,0.33,0,0,0,0.01,0.14,0,-0.0006797,-0.0181944,-0.0013198,-0.0013198, 0.0008826,buy
2013-12-07,0,0.98,0.06,0,0,0.01,0.06,0,-0.0060364,-0.0133250,-0.0130971,-0.0130971,-0.0131412,sell
2013-12-08,0,0.67,0.17,0,0,0.02,0.03,0,-0.0025413,-0.0194932,-0.0040821,-0.0064001,-0.0054810,sell
2013-12-09,0,0.16,0.47,0,0,0.03,0.09,0, 0.0023337, 0.0023130, 0.0076173, 0.0109269, 0.0035857,buy
2013-12-10,0,0.04,0.9,0,0,0.04,0.25,0, 0.0084393, 0.0125624, 0.0035815, 0.0091756, 0.0125624,buy
2013-12-11,0,0,0.62,0,0,0.07,0.71,0, 0.0074049,-0.0061131,-0.0033037, 0.0028643,-0.0038571,buy
2013-12-12,0,0,0.23,0,0,0.09,0.96,0,-0.0061685,-0.0047941,-0.0045201,-0.0003707,-0.0053829,sell
2013-12-13,0,0,0.08,0,0,0.14,0.44,0, 0.0016367, 0.0016367,-0.0005198, 0.0016367,-0.0001089,buy
2013-12-14,0,0,0.09,0,0,0.18,0.16,0, 0.0075242, 0.0084576, 0.0087603, 0.0032588, 0.0033791,buy
2013-12-15,0,0,0.26,0,0,0.18,0.06,0, 0.0090880, 0.0101071, 0.0090880,-0.0051063, 0.0009244,buy
2013-12-16,0,0,0.9,0,0,0.13,0,0, 0.0033666, 0.0058126,-0.0043678,-0.0059276,-0.0070507,buy
2013-12-17,0,0,0.66,0.06,0,0.1,0,0,-0.0069214,-0.0120701,-0.0069214,-0.0179880,-0.0049600,sell
2013-12-18,0,0,0.15,0.09,0,0.07,0,0,-0.0180872,-0.0158493,-0.0163288,-0.0181712,-0.0112322,sell
2013-12-19,0,0,0.03,0.13,0,0.05,0,0,-0.0145235,-0.0049191,-0.0070817,-0.0091250,-0.0020505,sell
2013-12-20,0,0,0,0.2,0,0.03,0,0,-0.0046820, 0.0048965, 0.0022619, 0.0040393, 0.0040892,buy
2013-12-21,0,0,0,0.31,0,0.02,0,0.02,-0.0011677, 0.0023730, 0.0073654, 0.0028543, 0.0002371,buy
2013-12-22,0,0,0,0.47,0,0.03,0,0.03, 0.0058138, 0.0056065, 0.0174045, 0.0058138, 0.0053702,buy
2013-12-23,0,0,0,0.72,0,0.03,0,0.04, 0.0091622, 0.0001151, 0.0037014,-0.0050243, 0.0022414,buy
2013-12-24,0,0,0,1.09,0,0.07,0,0.06, 0.0096293, 0.0107831, 0.0033520, 0.0038657,-0.0018889,buy
2013-12-25,0,0,0,1.27,0,0.15,0,0.09,-0.0022979, 0.0024746,-0.0017553,-0.0005503,-0.0069519,buy
2013-12-26,0,0,0,0.99,0,0.26,0,0.17,-0.0097732,-0.0021605,-0.0093360,-0.0057169,-0.0067367,sell
2013-12-27,0,0,0,0.66,0,0.3,0,0.35,-0.0055716,-0.0040414,-0.0069314,-0.0055716,-0.0078641,sell
2013-12-28,0,0,0,0.44,0,0.15,0,0.76, 0.0081684, 0.0063084, 0.0178697, 0.0056082, 0.0047213,buy
2013-12-29,0,0,0,0.29,0,0.05,0,1.74, 0.0101265, 0.0113107, 0.0074729, 0.0085554, 0.0052163,buy
2013-12-30,0,0,0,0.2,0,0.02,0,2.18, 0.0115469, 0.0032422, 0.0012046, 0.0018835, 0.0004584,buy
2013-12-31,0,0,0,0.13,0,0,0,1.83, 0.0044177, 0.0037078, 0.0019152, 0.0019137, 0.0034237,buy
2014-01-01,0,0,0,0.19,0,0,0,1.34, 0.0092222, 0.0096026, 0.0095534, 0.0090709, 0.0153719,buy
2014-01-02,0,0,0,0.57,0,0,0,1.08,-0.0020684,-0.0066682,-0.0073732,-0.0085299, 0.0078305,sell
2014-01-03,0,0,0,0.94,0,0,0.05,0.94,-0.0167563,-0.0062552,-0.0147141,-0.0184932,-0.0175371,sell
2014-01-04,0,0,0,0.57,0,0,0.2,0.75,-0.0044129,-0.0078689,-0.0046992,-0.0078964,-0.0062762,sell
2014-01-05,0,0,0,0.85,0,0,0.86,0.87, 0.0100384, 0.0080168, 0.0142063, 0.0088456, 0.0138493,buy
2014-01-06,0,0,0,0.75,0,0,1.52,0.74,-0.0096863,-0.0102137, 0.0025580,-0.0106273, 0.0000395,sell
2014-01-07,0,0,0,0.3,0,0,0.84,0.56,-0.0067605,-0.0034973,-0.0063563,-0.0052986,-0.0005389,buy
2014-01-08,0,0,0,0.15,0,0,0.62,0.66,-0.0008203,-0.0008725, 0.0062222, 0.0075307, 0.0030909,buy
2014-01-09,0,0,0,0.1,0,0,0.94,0.76,-0.0130131,-0.0148569,-0.0102408,-0.0147418,-0.0140186,sell
2014-01-10,0,0,0,0.08,0,0,1.93,0.93,-0.0111666,-0.0032712,-0.0116746,-0.0102124,-0.0095634,sell
2014-01-11,0,0,0,0.09,0,0,2.85,1.07,-0.0151576,-0.0120877,-0.0058899,-0.0110107,-0.0115406,sell
2014-01-12,0,0,0,0.1,0,0,2.03,0.82,-0.0042063,-0.0004643,-0.0080736,-0.0027247,-0.0027247,buy
2014-01-13,0,0,0,0.12,0,0,0.98,0.47, 0.0107240, 0.0102567, 0.0059624, 0.0055021, 0.0107240,buy
2014-01-14,0,0,0,0.14,0,0,0.53,0.36, 0.0026694, 0.0046392, 0.0026694, 0.0046392, 0.0046392,buy
2014-01-15,0,0,0,0.16,0,0,0.44,0.41, 0.0002839, 0.0038063, 0.0009990, 0.0022537, 0.0021834,buy
2014-01-16,0,0,0,0.2,0,0,0.9,0.61,-0.0076954,-0.0082300,-0.0076748,-0.0082300,-0.0020851,sell
2014-01-17,0,0,0.03,0.24,0,0,1.3,0.46,-0.0074042,-0.0049778,-0.0140931,-0.0121612,-0.0048589,sell
2014-01-18,0,0,0.16,0.3,0,0,0.44,0.2,-0.0336396, 0.0089183,-0.0282951,-0.0249845,-0.0264909,sell
2014-01-19,0,0,0.79,0.35,0,0,0.1,0.09,-0.0205154,-0.0161822,-0.0208930,-0.0161332,-0.0250117,sell
2014-01-20,0,0,0.9,0.42,0,0,0,0.04,-0.0201653,-0.0146953,-0.0200662,-0.0146526,-0.0235311,sell
2014-01-21,0,0,0.2,0.48,0,0,0,0.02, 0.0105569, 0.0020878, 0.0163851, 0.0105569, 0.0022875,buy
2014-01-22,0,0,0.04,0.57,0,0,0,0.03, 0.0095522, 0.0047406, 0.0142182, 0.0041707, 0.0052526,buy
2014-01-23,0,0,0,0.66,0,0,0,0.12, 0.0080677, 0.0093810, 0.0098228, 0.0014838, 0.0020145,buy
2014-01-24,0,0,0,0.76,0,0.01,0,0.38,-0.0178543,-0.0180473,-0.0181717,-0.0139211,-0.0194072,sell
2014-01-25,0,0,0,0.88,0,0.05,0.07,0.74,-0.0044888, 0.0021794, 0.0002449,-0.0148204,-0.0128774,sell
2014-01-26,0,0.05,0,1,0,0.17,0.16,0.41,-0.0158280,-0.0066567,-0.0101614,-0.0053787,-0.0082608,sell
2014-01-27,0,0.17,0,1.1,0,0.18,0.38,0.14,-0.0120090,-0.0001010,-0.0114244,-0.0006233,-0.0040090,sell
2014-01-28,0,0.61,0.04,1.23,0,0.17,0.9,0.07,-0.0184729,-0.0130568,-0.0184729,-0.0127686,-0.0159171,sell
2014-01-29,0,0.98,0.1,1.36,0,0.18,1.26,0.04,-0.0096996,-0.0080633,-0.0096996,-0.0096996,-0.0191568,sell
2014-01-30,0,0.48,0.27,1.5,0,0.08,0.72,0.05,-0.0067326,-0.0045091,-0.0068609,-0.0067326, 0.0014765,sell
2014-01-31,0,0.16,0.73,1.54,0,0.03,0.3,0.05, 0.0126136, 0.0106783,-0.0006333, 0.0124426,-0.0058255,buy
2014-02-01,0,0.06,0.9,1.43,0,0.01,0.13,0.06, 0.0168209, 0.0085959, 0.0046796, 0.0121406,-0.0006105,buy
2014-02-02,0,0,0.4,1.28,0,0,0.05,0.07, 0.0131785, 0.0053393, 0.0050293, 0.0025709, 0.0052103,buy
2014-02-03,0,0,0.15,1.14,0,0,0,0.08, 0.0140059, 0.0139790, 0.0142360, 0.0098375, 0.0139790,buy
2014-02-04,0,0,0.05,1,0,0,0,0.09, 0.0146121, 0.0131303, 0.0146121, 0.0125039, 0.0131303,buy
2014-02-05,0,0.05,0,0.89,0,0,0,0.1, 0.0123924, 0.0113985, 0.0123924, 0.0101488, 0.0113985,buy
2014-02-06,0,0.06,0,0.78,0,0,0,0.11, 0.0071179, 0.0073551, 0.0071179, 0.0045184, 0.0073551,buy
2014-02-07,0,0.07,0,0.69,0,0,0,0.14, 0.0042616, 0.0026606, 0.0026606, 0.0005167, 0.0020918,buy
2014-02-08,0,0.07,0,0.61,0,0,0,0.19, 0.0055029,-0.0004091,-0.0008945,-0.0021358,-0.0019292,buy
2014-02-09,0,0.08,0,0.54,0,0.01,0,0.29, 0.0034627,-0.0013128,-0.0051068,-0.0044416,-0.0047721,buy
2014-02-10,0,0.09,0,0.49,0,0.02,0,0.5,-0.0004542, 0.0065401, 0.0068212,-0.0013922, 0.0152470,buy
2014-02-11,0,0.16,0,0.41,0,0.06,0,0.9, 0.0068323, 0.0126332, 0.0110432, 0.0121044, 0.0025682,buy
2014-02-12,0,0.3,0,0.38,0,0.13,0,0.82,-0.0032722, 0.0014806, 0.0064367, 0.0029132, 0.0028213,buy
2014-02-13,0,0.61,0,0.35,0,0.23,0,0.49, 0.0009113,-0.0023002,-0.0017164,-0.0012920,-0.0089982,buy
2014-02-14,0,1.28,0,0.32,0,0.3,0,0.36, 0.0039574, 0.0058752, 0.0037159, 0.0051004, 0.0001023,buy
2014-02-15,0,1.44,0,0.29,0,0.34,0,0.34, 0.0064481, 0.0070672, 0.0016856, 0.0063862, 0.0027261,buy
2014-02-16,0,1.47,0,0.27,0,0.34,0,0.37, 0.0059867, 0.0070672, 0.0024847, 0.0077798, 0.0029340,buy
2014-02-17,0,1.13,0,0.25,0,0.31,0,0.52,-0.0019750, 0.0017967, 0.0002102, 0.0002102,-0.0047882,buy
2014-02-18,0,0.54,0,0.23,0,0.15,0.04,0.88,-0.0035606, 0.0036860,-0.0049457, 0.0025330, 0.0043318,buy
2014-02-19,0,0.31,0,0.22,0,0.06,0.07,1.1,-0.0093653, 0.0076862,-0.0027885,-0.0032762,-0.0041480,buy
2014-02-20,0,0.24,0,0.2,0,0.02,0.12,0.81, 0.0034066, 0.0061018,-0.0014674,-0.0014674, 0.0040448,buy
2014-02-21,0,0.2,0,0.19,0,0.01,0.21,0.62, 0.0027705, 0.0027145,-0.0009791,-0.0005710, 0.0121213,buy
2014-02-22,0,0.21,0,0.18,0,0.01,0.37,0.58, 0.0015630, 0.0015630, 0.0010899, 0.0022307, 0.0094243,buy
2014-02-23,0,0.22,0,0.17,0,0.01,0.67,0.59, 0.0016198, 0.0016198, 0.0029417, 0.0029417, 0.0018002,buy
2014-02-24,0,0.23,0,0.16,0,0.01,1.24,0.6,-0.0041150,-0.0148849,-0.0041150,-0.0002566,-0.0022313,buy
2014-02-25,0,0.24,0,0.15,0,0.01,1.43,0.64,-0.0088549,-0.0128127,-0.0087370,-0.0054013,-0.0051798,sell
2014-02-26,0,0.25,0,0.15,0,0.02,0.87,0.68,-0.0032918,-0.0102735, 0.0008247,-0.0040713, 0.0030125,buy
2014-02-27,0,0.33,0,0.14,0,0.02,0.5,0.69, 0.0037351, 0.0037351, 0.0037351, 0.0049582,-0.0053735,buy
2014-02-28,0,0.45,0,0.13,0,0.03,0.35,0.73, 0.0007208, 0.0007208,-0.0018414, 0.0005339,-0.0059735,buy
2014-03-01,0,0.76,0,0.13,0,0.04,0.37,0.87,-0.0072178,-0.0093443,-0.0066582,-0.0065179,-0.0095708,sell
2014-03-02,0,1.51,0,0.12,0,0.04,0.67,1.12,-0.0005503,-0.0002123, 0.0091245,-0.0002123, 0.0017305,buy
2014-03-03,0,1.93,0,0.12,0,0.05,1.27,1.09, 0.0068560, 0.0052266,-0.0029736, 0.0073501, 0.0046195,buy
2014-03-04,0,1.6,0,0.12,0,0.06,1.07,0.94, 0.0034746, 0.0032582, 0.0126945, 0.0038621, 0.0081138,buy
2014-03-05,0,1.72,0,0.12,0,0.06,0.45,1.05,-0.0010475,-0.0019077, 0.0043478,-0.0010475, 0.0024983,buy
2014-03-06,0,1.21,0,0.11,0,0.05,0.19,0.91,-0.0055555,-0.0037654, 0.0009155,-0.0047317, 0.0007268,buy
2014-03-07,0,0.65,0,0.11,0,0.04,0.08,0.67, 0.0092071,-0.0013293,-0.0052564, 0.0099986, 0.0025938,buy
2014-03-08,0,0.42,0,0.11,0,0.04,0,0.59, 0.0067820,-0.0033771,-0.0037378, 0.0155407,-0.0016022,buy
2014-03-09,0,0.36,0,0.11,0,0.03,0,0.67, 0.0142858,-0.0043545,-0.0066806, 0.0130787, 0.0031080,buy
2014-03-10,0,0.37,0,0.11,0,0.04,0,0.93,-0.0041484, 0.0061215, 0.0048806, 0.0024017, 0.0031307,buy
2014-03-11,0,0.49,0,0.11,0,0.05,0,1.04,-0.0078509, 0.0075636, 0.0036103, 0.0010781, 0.0012351,buy
2014-03-12,0,0.76,0,0.11,0,0.07,0,0.72, 0.0040817, 0.0134191, 0.0076532, 0.0063976, 0.0061397,buy
2014-03-13,0,1.23,0.11,0.11,0,0.13,0,0.48,-0.0079176,-0.0031314,-0.0115101,-0.0079658,-0.0079176,sell
2014-03-14,0,1.03,0.28,0.11,0,0.22,0.06,0.37,-0.0114919,-0.0130529,-0.0161385,-0.0096709,-0.0120312,sell
2014-03-15,0,0.55,0.77,0.11,0,0.24,0.13,0.32, 0.0030229,-0.0005498,-0.0018235, 0.0064172, 0.0005928,buy
2014-03-16,0,0.34,1.8,0.11,0,0.23,0.3,0.29,-0.0044649,-0.0118520,-0.0098461,-0.0035011,-0.0103281,sell
2014-03-17,0,0.25,2.13,0.11,0,0.14,0.66,0.28,-0.0020210,-0.0031686, 0.0002735, 0.0004605,-0.0023152,buy
2014-03-18,0,0.19,1.71,0.12,0,0.07,1.28,0.28, 0.0046636, 0.0035208, 0.0035208, 0.0020080, 0.0035208,buy
2014-03-19,0,0.18,1.52,0.12,0,0.03,1.09,0.27, 0.0102965, 0.0092211, 0.0104078,-0.0077883, 0.0104078,buy
2014-03-20,0,0.17,0.81,0.12,0,0.02,0.48,0.27, 0.0046304,-0.0015333, 0.0046304, 0.0069870, 0.0052518,buy
2014-03-21,0,0.16,0.29,0.13,0,0.02,0.21,0.27,-0.0312493,-0.0179685,-0.0400168,-0.0309090,-0.0310081,sell
2014-03-22,0,0.21,0.11,0.13,0,0.02,0.09,0.26,-0.0027470,-0.0030531, 0.0037132,-0.0062551,-0.0077510,sell
2014-03-23,0,0.39,0,0.14,0,0.02,0.04,0.26, 0.0028891,-0.0013667,-0.0001849,-0.0016966,-0.0039447,buy
2014-03-24,0,1.32,0,0.14,0,0.02,0,0.26,-0.0022695,-0.0056403,-0.0018654,-0.0024553, 0.0037914,buy
2014-03-25,0,1.78,0,0.15,0,0.02,0.07,0.26,-0.0142423,-0.0074597,-0.0044771,-0.0042159,-0.0031357,buy
2014-03-26,0,1.46,0,0.15,0,0.02,0.25,0.3,-0.0132403,-0.0115229,-0.0106545,-0.0063106,-0.0052638,sell
2014-03-27,0,2.41,0,0.16,0,0.02,0.9,0.4,-0.0007715, 0.0078500, 0.0012150,-0.0040100, 0.0047768,buy
2014-03-28,0,2.46,0,0.17,0,0.02,1.25,0.6,-0.0036108, 0.0073110,-0.0058388,-0.0041903,-0.0031364,buy
2014-03-29,0,1.43,0,0.18,0,0.02,0.47,1.04, 0.0010156, 0.0018066, 0.0081489, 0.0018066, 0.0032073,buy
2014-03-30,0,0.64,0,0.19,0,0.03,0.13,1.08,-0.0094708, 0.0059626, 0.0002437,-0.0039044,-0.0009343,buy
2014-03-31,0,0.49,0.11,0.2,0,0.05,0,0.91,-0.0014982, 0.0030318, 0.0030318,-0.0043618,-0.0036370,buy
2014-04-01,0,0.69,0.59,0.22,0,0.08,0,0.95, 0.0008586,-0.0058696,-0.0007183,-0.0031185,-0.0153264,buy
2014-04-02,0,1.04,1.28,0.24,0,0.16,0,1, 0.0095522, 0.0028259, 0.0037673, 0.0051851, 0.0040858,buy
2014-04-03,0,0.73,0.64,0.25,0,0.28,0,1.03,-0.0073083,-0.0103900,-0.0133878,-0.0070180,-0.0084496,sell
2014-04-04,0,0.31,1.08,0.27,0,0.29,0,0.73,-0.0072598,-0.0087284,-0.0102925,-0.0060580,-0.0088887,sell
2014-04-05,0,0.13,1.06,0.32,0,0.17,0,0.5, 0.0028218,-0.0019640,-0.0017281,-0.0032295, 0.0128830,buy
2014-04-06,0,0.12,0.2,0.43,0,0.09,0,0.4,-0.0133125,-0.0069283,-0.0074492,-0.0131741,-0.0133024,sell
2014-04-07,0,0.22,0.04,0.7,0,0.05,0,0.37,-0.0206951,-0.0178574,-0.0200025,-0.0176091,-0.0211040,sell
2014-04-08,0,0.81,0.1,1.48,0,0.04,0,0.36,-0.0086471,-0.0029073,-0.0080446,-0.0090158,-0.0052928,sell
2014-04-09,0,1.51,0.24,1.37,0,0.03,0,0.37, 0.0097238, 0.0078889, 0.0071747,-0.0091392,-0.0057424,buy
2014-04-10,0,1.24,0.61,0.8,0,0.04,0,0.39,-0.0187042,-0.0183008,-0.0153421,-0.0178420,-0.0187399,sell
2014-04-11,0,2.09,1.54,0.75,0,0.04,0,0.4,-0.0073892,-0.0050421,-0.0011061,-0.0011845,-0.0018009,buy
2014-04-12,0,1.56,1.59,1.07,0,0.05,0,0.46,-0.0149056,-0.0085383,-0.0090944,-0.0144837,-0.0143096,sell
2014-04-13,0,1.38,0.65,1.59,0,0.05,0,0.66,-0.0025054, 0.0004752, 0.0004752,-0.0027952, 0.0093237,buy
2014-04-14,0,0.83,0.26,1.32,0,0.05,0.04,1.35,-0.0095113,-0.0104793,-0.0114021,-0.0098858,-0.0073769,sell
2014-04-15,0,0.25,0.1,1.39,0,0.06,0.12,1.48,-0.0121885,-0.0116247,-0.0146510,-0.0121885,-0.0081742,sell
2014-04-16,0,0.08,0.04,2.1,0,0.06,0.31,0.85,-0.0011618, 0.0091814, 0.0010502,-0.0044094,-0.0001642,buy
2014-04-17,0,0,0.3,1.51,0,0.05,0.83,0.74, 0.0010250, 0.0032183, 0.0010250, 0.0010250, 0.0020899,buy
2014-04-18,0,0,1.46,1.68,0,0.05,1.26,0.83,-0.0060095,-0.0082254,-0.0063386,-0.0090054, 0.0067983,sell
2014-04-19,0,0,2.79,2.46,0,0.04,0.7,0.97,-0.0122553,-0.0126132,-0.0108192,-0.0085148,-0.0012191,sell
2014-04-20,0,0,1.18,2.17,0,0.04,0.26,1.11,-0.0122891,-0.0063422,-0.0070297,-0.0136035,-0.0069260,sell
2014-04-21,0,0,0.31,2.13,0,0.03,0.1,1.29,-0.0016774, 0.0040087, 0.0038339,-0.0032035,-0.0017808,buy
2014-04-22,0,0,0.18,2.28,0,0.03,0.04,1.52,-0.0021483,-0.0018701, 0.0011618,-0.0031840,-0.0018322,buy
2014-04-23,0,0,0.39,2.28,0,0.03,0,1.55,-0.0053063,-0.0037641,-0.0019962,-0.0084551,-0.0049903,sell
2014-04-24,0,0,1.08,1.9,0,0.02,0,1.3,-0.0056256,-0.0053528,-0.0017983,-0.0099725,-0.0037900,buy
2014-04-25,0,0,0.84,1.5,0,0.03,0,1.04, 0.0077127, 0.0074487, 0.0077929,-0.0083625, 0.0108580,buy
2014-04-26,0,0,0.25,1.21,0,0.03,0,0.87,-0.0089744, 0.0160697,-0.0024665,-0.0199912,-0.0089744,buy
2014-04-27,0,0,0.22,0.98,0,0.04,0,0.72,-0.0055713, 0.0145195, 0.0040700,-0.0180679,-0.0080420,buy
2014-04-28,0,0,1.24,0.81,0,0.02,0.07,0.62, 0.0124196,-0.0121992, 0.0128484, 0.0124196, 0.0061683,buy
2014-04-29,0,0,1.42,0.67,0,0.02,0.4,0.52,-0.0078924,-0.0116076,-0.0037702,-0.0078924,-0.0093470,sell
2014-04-30,0,0,0.76,0.56,0,0.01,0.77,0.45, 0.0073413, 0.0073614, 0.0067116, 0.0073413, 0.0051740,buy
2014-05-01,0,0,1.78,0.64,0,0.01,0.29,0.41,-0.0036839,-0.0064187, 0.0017610,-0.0036839,-0.0064118,buy
2014-05-02,0,0,1.95,1.63,0,0.01,0.11,0.35, 0.0164075, 0.0064399, 0.0070279, 0.0122595, 0.0181389,buy
2014-05-03,0,0.08,0.57,1.77,0,0.01,0.14,0.31, 0.0007835, 0.0044034, 0.0009499, 0.0013294, 0.0048751,buy
2014-05-04,0,0.77,0.14,0.51,0,0.01,0.28,0.27,-0.0192654,-0.0187630,-0.0237753,-0.0205262,-0.0189746,sell
2014-05-05,0,1.96,0.11,0.25,0,0.02,0.58,0.25, 0.0085465, 0.0102158, 0.0133213, 0.0091069, 0.0093103,buy
2014-05-06,0,2.79,0.2,0.25,0,0.1,0.79,0.22,-0.0022709, 0.0010661, 0.0005899, 0.0161190, 0.0043060,buy
2014-05-07,0,3.22,0.55,0.26,0,0.22,0.53,0.2,-0.0042534, 0.0027219,-0.0038631, 0.0034826,-0.0021382,buy
2014-05-08,0,2.4,1.08,0.46,0,0.15,0.26,0.18, 0.0063323, 0.0085294, 0.0083804, 0.0105481, 0.0133584,buy
2014-05-09,0,1.59,0.74,1,0,0.04,0.13,0.16,-0.0036209, 0.0049848,-0.0011192,-0.0040936,-0.0050340,buy
2014-05-10,0,0.37,0.28,2.19,0,0.01,0.07,0.14, 0.0056536, 0.0089325, 0.0066650, 0.0087364, 0.0106701,buy
2014-05-11,0,0.12,0.1,2.33,0,0,0.06,0.17, 0.0043748, 0.0108428, 0.0040439, 0.0103289, 0.0108428,buy
2014-05-12,0,0.19,0.1,1.1,0,0,0.04,0.22,-0.0009494,-0.0015751, 0.0114058, 0.0072065, 0.0042806,buy
2014-05-13,0,0.49,0.29,0.43,0,0,0.15,0.37,-0.0054015,-0.0053456,-0.0136356,-0.0062161,-0.0063414,sell
2014-05-14,0,1.25,1.26,0.22,0,0,0.43,0.74, 0.0051582, 0.0018224, 0.0062521, 0.0011398, 0.0019821,buy
2014-05-15,0,1.47,1.41,0.17,0,0,1.41,0.6,-0.0034644,-0.0038490, 0.0003855,-0.0076767,-0.0045071,sell
2014-05-16,0,0.81,0.53,0.4,0,0.01,1.39,0.32, 0.0120193, 0.0128073, 0.0072720, 0.0062778, 0.0101697,buy
2014-05-17,0,0.72,0.64,0.96,0,0.01,0.44,0.34,-0.0015345, 0.0083115, 0.0021946, 0.0053289, 0.0021701,buy
2014-05-18,0,1.28,1.88,0.73,0,0.03,0.17,0.46,-0.0104428,-0.0166959,-0.0042888,-0.0027778,-0.0069446,sell
2014-05-19,0,1.71,3.23,0.25,0,0.06,0.07,0.34, 0.0122682, 0.0091037, 0.0098723, 0.0132452, 0.0125383,buy
2014-05-20,0,1.16,2.01,0.08,0,0.13,0.06,0.16,-0.0034735,-0.0067541,-0.0037567,-0.0015344,-0.0037567,buy
2014-05-21,0,0.99,0.65,0.03,0,0.17,0.05,0.08, 0.0107094, 0.0033028,-0.0161752,-0.0005790, 0.0023163,buy
2014-05-22,0,1.35,0.21,0,0,0.1,0.05,0.05,-0.0122623,-0.0131631,-0.0018770,-0.0018784,-0.0020366,buy
2014-05-23,0,1,0.05,0,0,0.08,0.05,0.03, 0.0004159,-0.0007766, 0.0094491, 0.0004159, 0.0063775,buy
2014-05-24,0,0.38,0,0,0,0.09,0.06,0.02, 0.0047381, 0.0237422,-0.0048689, 0.0053411, 0.0187149,buy
2014-05-25,0,0.16,0,0,0,0.11,0.07,0.04,-0.0023887, 0.0033975, 0.0081385,-0.0004878, 0.0075313,buy
2014-05-26,0,0.07,0,0,0,0.07,0.09,0.04, 0.0045824, 0.0000738, 0.0005238,-0.0039805, 0.0055646,buy
2014-05-27,0,0,0,0,0,0.03,0.13,0.02, 0.0146349, 0.0141523, 0.0135183, 0.0060004, 0.0146349,buy
2014-05-28,0,0.05,0,0,0,0.02,0.16,0.03, 0.0053209,-0.0057361, 0.0047371,-0.0002786, 0.0056560,buy
2014-05-29,0,0.1,0,0,0,0.01,0.14,0.03, 0.0078868,-0.0145030, 0.0077077, 0.0047782, 0.0125009,buy
2014-05-30,0,0.18,0.06,0,0,0,0.09,0.03,-0.0027196,-0.0220263,-0.0027986,-0.0033760, 0.0092354,buy
2014-05-31,0,0.32,0.13,0,0,0,0.05,0.04, 0.0001203,-0.0147435,-0.0087764,-0.0080512,-0.0017380,sell
2014-06-01,0,0.5,0.32,0,0,0,0.03,0.04, 0.0071571,-0.0004868, 0.0005563, 0.0029614,-0.0070205,buy
2014-06-02,0,0.76,0.76,0,0,0,0.09,0.05,-0.0072569,-0.0020916,-0.0063543,-0.0033056, 0.0011468,buy
2014-06-03,0,1.05,1.47,0,0,0,0.17,0.06, 0.0002643, 0.0033706, 0.0047470, 0.0047751, 0.0048737,buy
2014-06-04,0,1.38,1.28,0,0,0,0.37,0.07, 0.0109129, 0.0087197, 0.0102363, 0.0100859, 0.0100859,buy
2014-06-05,0,1.68,0.91,0,0,0,0.84,0.09,-0.0072311,-0.0066262,-0.0072311,-0.0033943,-0.0109375,sell
2014-06-06,0,1.8,1.26,0,0,0,1.27,0.11, 0.0155005,-0.0129034,-0.0163982,-0.0038896,-0.0052356,sell
2014-06-07,0,1.71,2.04,0,0,0,0.83,0.13, 0.0125532, 0.0064556, 0.0100754, 0.0069867, 0.0102163,buy
2014-06-08,0,1.63,2.44,0,0,0,0.36,0.17, 0.0023454, 0.0039954, 0.0058333, 0.0065143, 0.0038396,buy
2014-06-09,0,1.77,1.86,0.04,0,0,0.16,0.21, 0.0062020, 0.0042414, 0.0097262, 0.0072715, 0.0053120,buy
2014-06-10,0,1.8,0.91,0.17,0,0,0.07,0.26,-0.0038052,-0.0043793,-0.0014690,-0.0009835,-0.0038052,buy
2014-06-11,0,1.59,0.74,0.42,0,0.01,0,0.33,-0.0097485,-0.0096171,-0.0034497,-0.0105150,-0.0096171,sell
2014-06-12,0,1.31,1.17,1.18,0,0.02,0,0.42,-0.0144531,-0.0128919,-0.0072488,-0.0128919,-0.0094808,sell
2014-06-13,0,1,1.01,1.5,0,0.01,0,0.55,-0.0115930,-0.0111551,-0.0058308,-0.0111839,-0.0083125,sell
2014-06-14,0,0.74,0.39,0.66,0,0,0.04,0.63, 0.0115852,-0.0011379, 0.0100536, 0.0121334,-0.0120639,buy
2014-06-15,0,0.52,0.15,0.29,0,0,0.1,0.56, 0.0185722, 0.0030887, 0.0034506, 0.0185722, 0.0176580,buy
2014-06-16,0,0.35,0.06,0.19,0,0,0.23,0.43, 0.0044668, 0.0081621, 0.0038564, 0.0045587,-0.0098759,buy
2014-06-17,0,0.23,0,0.17,0,0,0.56,0.33, 0.0070231, 0.0033239, 0.0083476, 0.0033239, 0.0033239,buy
2014-06-18,0,0.25,0,0.22,0,0,0.79,0.24,-0.0022987,-0.0014160, 0.0007376, 0.0002859,-0.0014160,buy
2014-06-19,0,0.51,0,0.28,0,0,0.47,0.18,-0.0098095, 0.0025067, 0.0114267,-0.0115575, 0.0070381,buy
2014-06-20,0,1.21,0,0.36,0,0,0.2,0.13,-0.0112095,-0.0112095,-0.0098586,-0.0106249,-0.0177123,sell
2014-06-21,0,2.21,0,0.48,0,0.01,0.08,0.1, 0.0190045, 0.0171888, 0.0123254, 0.0170482, 0.0157526,buy
2014-06-22,0,2.37,0,0.63,0,0.03,0.03,0.07, 0.0066957,-0.0003723, 0.0038533, 0.0093315, 0.0016257,buy
2014-06-23,0,3.3,0,0.85,0,0.09,0,0.05,-0.0035230,-0.0094022,-0.0055854,-0.0047968,-0.0054138,sell
2014-06-24,0,3.09,0,1.14,0,0.16,0,0.04,-0.0022807,-0.0085548,-0.0024349,-0.0001498,-0.0093832,buy
2014-06-25,0,1.64,0,1.27,0,0.1,0,0.03,-0.0001367, 0.0038557,-0.0068576,-0.0106534,-0.0016328,buy
2014-06-26,0,1.23,0,1.05,0,0.03,0,0.02,-0.0015282,-0.0014959,-0.0071749, 0.0009630,-0.0015065,buy
2014-06-27,0,1.47,0,0.77,0,0.01,0,0, 0.0078298, 0.0035788, 0.0073906, 0.0035788,-0.0025264,buy
2014-06-28,0,1.05,0,0.56,0,0,0,0,-0.0005409,-0.0004107,-0.0001104, 0.0113126,-0.0062417,buy
2014-06-29,0,0.44,0,0.41,0,0,0,0,-0.0027326,-0.0146255,-0.0030915, 0.0025408,-0.0146255,buy
2014-06-30,0,0.17,0.06,0.36,0,0.01,0,0, 0.0089455, 0.0048076, 0.0117165, 0.0062357, 0.0010042,buy
2014-07-01,0,0.07,0.19,0.37,0,0.02,0,0, 0.0101830, 0.0054343, 0.0124104, 0.0083293, 0.0053786,buy
2014-07-02,0,0,0.55,0.53,0,0.05,0,0,-0.0096148,-0.0059957,-0.0098691,-0.0095592,-0.0098691,sell
2014-07-03,0,0,1.43,1.03,0,0.1,0.04,0,-0.0001268,-0.0064651, 0.0138892,-0.0001687, 0.0127759,buy
2014-07-04,0,0,1.31,1.35,0,0.08,0.11,0.03,-0.0109919,-0.0108459,-0.0104797,-0.0080542,-0.0062648,sell
2014-07-05,0,0,0.68,0.77,0,0.03,0.32,0.07, 0.0020327, 0.0047459,-0.0006005, 0.0012480, 0.0012480,buy
2014-07-06,0,0,0.96,0.3,0,0.01,0.9,0.15, 0.0081820, 0.0052977, 0.0023929, 0.0063742, 0.0056495,buy
2014-07-07,0,0,1.66,0.12,0,0.01,1.27,0.35, 0.0141597, 0.0139000, 0.0144503, 0.0051994, 0.0141597,buy
2014-07-08,0,0,1.04,0.05,0,0,0.6,0.63,-0.0202942,-0.0051767,-0.0057188,-0.0136570,-0.0145012,sell
2014-07-09,0,0,0.35,0,0,0,0.21,0.49, 0.0054386,-0.0013077,-0.0008388,-0.0048752,-0.0013077,buy
2014-07-10,0,0.07,0.12,0,0,0,0.07,0.23, 0.0042719, 0.0017412, 0.0090139, 0.0046957, 0.0050778,buy
2014-07-11,0,0.14,0,0,0,0,0,0.11, 0.0031592,-0.0021987, 0.0003460,-0.0094988,-0.0022585,buy
2014-07-12,0,0.32,0,0,0,0,0,0.1, 0.0067037,-0.0005684,-0.0020876,-0.0128369,-0.0011418,buy
2014-07-13,0,0.79,0,0,0,0,0,0.1,-0.0006307, 0.0079772, 0.0062296,-0.0042761, 0.0022187,buy
2014-07-14,0,1.78,0,0,0,0,0,0.16, 0.0012021, 0.0012021, 0.0012021,-0.0064781,-0.0036088,buy
2014-07-15,0,1.52,0,0,0,0,0,0.26,-0.0066309,-0.0066309,-0.0080064,-0.0061052,-0.0070688,sell
2014-07-16,0,0.62,0,0,0,0,0,0.44,-0.0141035,-0.0149171,-0.0121296,-0.0149171,-0.0142027,sell
2014-07-17,0,0.39,0,0,0,0,0,0.71,-0.0185356,-0.0162946,-0.0168348,-0.0224918,-0.0223018,sell
2014-07-18,0,0.68,0,0,0,0,0,0.97,-0.0036386,-0.0038348,-0.0047374,-0.0173573,-0.0131734,sell
2014-07-19,0,1.78,0,0.05,0,0,0,0.9,-0.0046372,-0.0042401,-0.0058812,-0.0058723,-0.0043712,sell
2014-07-20,0,1.71,0,0.19,0,0,0,0.62,-0.0027250, 0.0009298, 0.0005461, 0.0023377, 0.0075821,buy
2014-07-21,0,0.58,0,0.79,0,0,0,0.41,-0.0143140,-0.0124861,-0.0129909,-0.0105498,-0.0047411,sell
2014-07-22,0,0.2,0,1.27,0,0,0,0.3, 0.0066580, 0.0079855, 0.0079855, 0.0050885, 0.0074798,buy
2014-07-23,0,0.07,0,0.44,0,0,0,0.31, 0.0047139,-0.0069695, 0.0054737, 0.0041303, 0.0095737,buy
2014-07-24,0,0,0,0.09,0,0,0,0.73,-0.0138913,-0.0183423,-0.0154168,-0.0094087,-0.0092395,sell
2014-07-25,0,0,0,0.1,0,0,0,0.75,-0.0179929,-0.0227161,-0.0179929,-0.0080657,-0.0090573,sell
2014-07-26,0,0,0,0.3,0,0,0,0.24,-0.0021992,-0.0033079, 0.0005011,-0.0026310, 0.0145026,buy
2014-07-27,0,0,0,0.9,0,0,0,0.15, 0.0123924, 0.0113985, 0.0123924, 0.0101488, 0.0113985,buy
2014-07-28,0,0,0,1.26,0,0,0,0.17, 0.0136219, 0.0143984, 0.0142673, 0.0134183, 0.0145077,buy
2014-07-29,0,0,0,0.58,0,0,0,0.25, 0.0098926, 0.0009883,-0.0004963,-0.0023686,-0.0007942,buy
2014-07-30,0,0,0.04,0.19,0,0,0,0.47,-0.0081694,-0.0048939,-0.0066912,-0.0082235,-0.0125503,sell
2014-07-31,0,0,0.1,0.06,0,0,0,1.17,-0.0107046,-0.0150417,-0.0154363,-0.0154363,-0.0154363,sell
2014-08-01,0,0,0.24,0,0,0,0,1.65, 0.0139007, 0.0147641, 0.0086368, 0.0147641, 0.0112758,buy
2014-08-02,0,0,0.58,0,0,0,0,1.33, 0.0136967, 0.0134752, 0.0060333, 0.0118159, 0.0134752,buy
2014-08-03,0,0,1.39,0,0,0,0,0.97,-0.0004106,-0.0017443,-0.0004562, 0.0064185, 0.0030489,buy
2014-08-04,0,0,1.52,0,0,0,0,0.39,-0.0110248,-0.0089922,-0.0090808,-0.0111846,-0.0110248,sell
2014-08-05,0,0,1.14,0,0,0,0,0.23,-0.0215987,-0.0201649,-0.0251263,-0.0188921,-0.0207815,sell
2014-08-06,0,0,1.66,0,0,0,0,0.2,-0.0126536,-0.0110102,-0.0085828,-0.0097985,-0.0125204,sell
2014-08-07,0,0,0.66,0,0,0,0,0.36, 0.0076940, 0.0148628, 0.0117732, 0.0087133, 0.0076959,buy
2014-08-08,0,0,0.13,0,0,0,0.04,1.01,-0.0172175,-0.0143955,-0.0118846,-0.0143955,-0.0132278,sell
2014-08-09,0,0,0,0,0,0,0.07,1.47, 0.0146009, 0.0098507, 0.0061048, 0.0102261, 0.0040321,buy
2014-08-10,0,0,0,0,0,0,0.12,0.71,-0.0094019,-0.0021225,-0.0094376, 0.0055718,-0.0029195,buy
2014-08-11,0,0.06,0,0,0,0,0.2,0.28,-0.0047617,-0.0049553,-0.0053569,-0.0135894,-0.0048657,sell
2014-08-12,0,0.35,0,0,0,0,0.34,0.12,-0.0145232,-0.0149239, 0.0016084,-0.0026639,-0.0007111,buy
2014-08-13,0,1.57,0,0,0,0,0.59,0.07, 0.0021646,-0.0001047, 0.0046971, 0.0056803, 0.0038432,buy
2014-08-14,0,1.31,0,0,0,0,1.01,0.05,-0.0047110,-0.0043008,-0.0047110,-0.0029783,-0.0089384,sell
2014-08-15,0,1.1,0,0,0,0,1.27,0.1,-0.0039022,-0.0014451,-0.0044254,-0.0007928,-0.0049965,sell
2014-08-16,0,1.76,0.04,0,0,0,0.92,0.21,-0.0016940, 0.0062555,-0.0016940,-0.0018546,-0.0106316,buy
2014-08-17,0,1.01,0.07,0,0,0,0.61,0.42,-0.0221296, 0.0032088,-0.0067658,-0.0002105,-0.0099854,sell
2014-08-18,0,1.25,0.26,0,0,0,0.59,0.48,-0.0174313, 0.0028846,-0.0011165, 0.0020845,-0.0062486,buy
2014-08-19,0,1.6,0.54,0,0,0,1.12,0.26,-0.0017691, 0.0028693, 0.0008018, 0.0005798,-0.0029878,buy
2014-08-20,0,0.98,1.25,0,0,0,0.98,0.12, 0.0052478, 0.0143568, 0.0142056, 0.0128062, 0.0100422,buy
2014-08-21,0,0.58,2.19,0,0,0,0.36,0.09,-0.0038393,-0.0027297,-0.0030617,-0.0030200, 0.0013589,buy
2014-08-22,0,0.64,2.23,0,0,0,0.19,0.07, 0.0072683, 0.0075789, 0.0059175, 0.0053572, 0.0124832,buy
2014-08-23,0,1.23,2.37,0,0,0,0.44,0.13,-0.0006954,-0.0006535, 0.0045275, 0.0053369, 0.0009700,buy
2014-08-24,0,1.59,2.64,0,0,0,1.39,0.24,-0.0004836, 0.0015031, 0.0011895,-0.0012084,-0.0007336,buy
2014-08-25,0,0.87,1.49,0,0,0,2.51,0.53,-0.0192304, 0.0013451,-0.0032797, 0.0024966,-0.0041947,buy
2014-08-26,0,0.36,0.7,0,0,0,1.34,1.1,-0.0016474,-0.0025850, 0.0009948,-0.0010945,-0.0042357,buy
2014-08-27,0,0.15,0.45,0,0,0.01,0.41,1.12, 0.0117238, 0.0126480,-0.0003208, 0.0081244, 0.0116607,buy
2014-08-28,0,0.06,0.43,0,0,0.04,0.14,0.66, 0.0038490, 0.0014154,-0.0031843,-0.0012173,-0.0041896,buy
2014-08-29,0,0,0.46,0,0,0.12,0.04,0.34,-0.0036818,-0.0030276,-0.0021180,-0.0017269,-0.0054373,buy
2014-08-30,0,0.09,0.5,0,0,0.12,0,0.18,-0.0013298, 0.0055286, 0.0016328, 0.0008824,-0.0017131,buy
2014-08-31,0,0.27,0.61,0,0,0.13,0,0.09,-0.0003709,-0.0033972,-0.0061724,-0.0004898,-0.0034781,buy
2014-09-01,0,0.83,0.74,0,0,0.14,0,0.05, 0.0105801, 0.0029155,-0.0295190, 0.0073121, 0.0056157,buy
2014-09-02,0,1.57,0.9,0,0,0.09,0.04,0.03,-0.0040183,-0.0031883,-0.0107474,-0.0012351,-0.0019711,buy
2014-09-03,0,1.09,1.08,0,0,0.14,0.06,0.02,-0.0173561,-0.0050132,-0.0329380,-0.0241244,-0.0224315,sell
2014-09-04,0,0.68,1.39,0,0,0.22,0.1,0, 0.0055122, 0.0148419, 0.0080296, 0.0124209, 0.0177000,buy
2014-09-05,0,1.21,1.61,0,0,0.14,0.15,0,-0.0135564,-0.0062241,-0.0173580,-0.0102153,-0.0166209,sell
2014-09-06,0,1.59,1.7,0,0,0.13,0.24,0,-0.0247776,-0.0217432,-0.0245100,-0.0131182,-0.0216337,sell
2014-09-07,0,0.71,2.07,0,0,0.18,0.5,0.06, 0.0004729,-0.0080679,-0.0118855,-0.0004213,-0.0038092,buy
2014-09-08,0,0.28,2.32,0,0,0.17,0.89,0.19,-0.0043471,-0.0064138,-0.0017419,-0.0042127,-0.0041246,buy
2014-09-09,0,0.16,1.56,0,0,0.12,1.68,0.63, 0.0282984, 0.0038119, 0.0283765, 0.0194583, 0.0279602,buy
2014-09-10,0,0.17,0.95,0.08,0,0.13,2.58,0.6, 0.0209784, 0.0269641, 0.0251162, 0.0251162, 0.0290939,buy
2014-09-11,0,0.32,0.65,0.25,0,0.17,2.68,0.18, 0.0104098, 0.0056972, 0.0088440, 0.0043235, 0.0043937,buy
2014-09-12,0,0.59,0.49,0.82,0,0.15,1.68,0.06, 0.0066731, 0.0001949,-0.0040796, 0.0014904, 0.0013284,buy
2014-09-13,0,1.11,0.36,1.26,0,0.09,0.81,0,-0.0075159,-0.0136807,-0.0243161,-0.0047315,-0.0142283,sell
2014-09-14,0,1.6,0.34,0.61,0,0.05,0.42,0, 0.0143313, 0.0143313, 0.0031420, 0.0153164, 0.0127897,buy
2014-09-15,0,1.21,0.38,0.2,0,0.03,0.2,0,-0.0033392,-0.0015500, 0.0092717, 0.0034971, 0.0009120,buy
2014-09-16,0,0.64,0.62,0.07,0,0.02,0.1,0,-0.0009170, 0.0103025, 0.0054532, 0.0094526, 0.0114353,buy
2014-09-17,0,0.34,1.46,0,0,0.01,0.04,0,-0.0045263,-0.0056165,-0.0047459,-0.0020387,-0.0047459,sell
2014-09-18,0,0.18,1.56,0,0,0.02,0.1,0, 0.0118497, 0.0056276, 0.0128920, 0.0127668, 0.0109034,buy
2014-09-19,0,0.1,0.61,0,0,0.03,0.28,0, 0.0032787, 0.0146083,-0.0004756, 0.0054358, 0.0121603,buy
2014-09-20,0,0.05,0.27,0,0,0.03,0.83,0, 0.0034447, 0.0040796, 0.0041673, 0.0064281, 0.0074510,buy
2014-09-21,0,0,0.14,0,0,0.07,1.53,0, 0.0052672, 0.0092835, 0.0050458, 0.0042547, 0.0041850,buy
2014-09-22,0,0,0.08,0,0,0.1,1.07,0,-0.0050934, 0.0014313, 0.0044429, 0.0011373,-0.0045382,buy
2014-09-23,0,0,0.06,0,0,0.07,0.66,0, 0.0047313, 0.0186582, 0.0064541, 0.0162615, 0.0162936,buy
2014-09-24,0,0,0.05,0,0,0.04,0.78,0,-0.0030935, 0.0032964,-0.0008831, 0.0030328, 0.0032964,buy
2014-09-25,0,0,0.05,0,0,0.04,1,0,-0.0165901,-0.0172999,-0.0174514,-0.0174514,-0.0098911,sell
2014-09-26,0,0,0,0,0,0.06,0.68,0, 0.0035641, 0.0186408, 0.0108973, 0.0176774, 0.0176774,buy
2014-09-27,0,0,0,0,0,0.13,0.35,0, 0.0063785, 0.0068515, 0.0010148, 0.0063785, 0.0069241,buy
2014-09-28,0,0,0,0,0,0.2,0.17,0, 0.0073303, 0.0069328, 0.0070399, 0.0067943, 0.0020592,buy
2014-09-29,0,0,0,0,0,0.18,0.09,0, 0.0071078, 0.0085517, 0.0087236, 0.0037979, 0.0039007,buy
2014-09-30,0,0,0,0,0,0.15,0.08,0.03, 0.0019037, 0.0095790, 0.0023048, 0.0019037,-0.0031059,buy
2014-10-01,0,0,0,0,0,0.1,0.04,0.08, 0.0013734,-0.0017431, 0.0075080,-0.0017431, 0.0013734,buy
2014-10-02,0,0,0,0,0,0.07,0.05,0.19,-0.0063262,-0.0049888, 0.0000983,-0.0056615,-0.0058069,sell
2014-10-03,0,0,0,0,0,0.14,0.07,0.46, 0.0057851, 0.0039019, 0.0090671, 0.0090633, 0.0090306,buy
2014-10-04,0,0,0,0.09,0,0.2,0.09,0.64, 0.0013488, 0.0037590, 0.0000135, 0.0037590, 0.0142838,buy
2014-10-05,0,0,0,0.22,0,0.16,0.12,0.39,-0.0007676,-0.0007676, 0.0028957, 0.0033414, 0.0035889,buy
2014-10-06,0,0,0,0.55,0,0.12,0.19,0.24,-0.0017995, 0.0032424, 0.0029617,-0.0008504,-0.0006406,buy
2014-10-07,0,0,0,1.27,0,0.19,0.28,0.33,-0.0102165, 0.0017635,-0.0005137, 0.0017319,-0.0081313,buy
2014-10-08,0,0,0,1.22,0,0.22,0.42,0.66,-0.0148973,-0.0015787,-0.0015103,-0.0016311,-0.0186548,sell
2014-10-09,0,0,0,0.71,0,0.16,0.69,0.47, 0.0072670,-0.0049165, 0.0046845, 0.0162889,-0.0140317,buy
2014-10-10,0,0,0,0.96,0,0.14,1.21,0.18,-0.0005041,-0.0001884, 0.0022062, 0.0033951, 0.0055003,buy
2014-10-11,0,0,0,1.34,0,0.09,1.37,0.07,-0.0194464,-0.0138117,-0.0139690,-0.0139690, 0.0048384,sell
2014-10-12,0,0,0,0.63,0,0.07,1.25,0.02, 0.0114925, 0.0083566, 0.0103078, 0.0129254, 0.0110031,buy
2014-10-13,0,0,0,0.2,0,0.09,1.59,0.02,-0.0078509,-0.0091161,-0.0030970,-0.0102344,-0.0079822,sell
2014-10-14,0,0,0,0.06,0,0.11,1.99,0.02,-0.0167614,-0.0188278,-0.0147438,-0.0191619,-0.0187969,sell
2014-10-15,0,0,0,0,0,0.13,1.89,0.03,-0.0153579,-0.0248265,-0.0235483,-0.0225122,-0.0248265,sell
2014-10-16,0,0,0,0,0,0.1,2.27,0.03, 0.0112629, 0.0109011, 0.0033129,-0.0006051, 0.0121888,buy
2014-10-17,0,0,0,0,0,0.09,2.34,0.03, 0.0091497, 0.0090748, 0.0017635, 0.0003630, 0.0127159,buy
2014-10-18,0,0,0,0,0,0.14,1.56,0.03,-0.0052475,-0.0130568,-0.0105525,-0.0112514,-0.0220272,sell
2014-10-19,0,0,0,0,0,0.1,1.82,0.03,-0.0153136,-0.0229725,-0.0199441,-0.0211554,-0.0211781,sell
2014-10-20,0,0,0,0,0,0.03,2.27,0.03, 0.0124513, 0.0056060, 0.0056060, 0.0056060, 0.0071980,buy
2014-10-21,0,0,0,0,0,0.01,1.78,0.03,-0.0025088, 0.0079992,-0.0025088,-0.0068779,-0.0102008,buy
2014-10-22,0,0,0,0.05,0,0,1.03,0.03, 0.0064891, 0.0045926, 0.0045926, 0.0064891, 0.0145105,buy
2014-10-23,0,0,0,0.07,0,0,0.65,0.03, 0.0084345, 0.0001833, 0.0008727, 0.0084345, 0.0039312,buy
2014-10-24,0,0,0,0.09,0,0,0.44,0.03,-0.0008926,-0.0040359, 0.0057950, 0.0006331, 0.0024995,buy
2014-10-25,0,0,0,0.09,0,0,0.3,0.03,-0.0082537,-0.0099756, 0.0087890,-0.0072474,-0.0007751,buy
2014-10-26,0,0,0,0.09,0,0,0.23,0.03,-0.0019956,-0.0083521, 0.0117626, 0.0006640, 0.0089130,buy
2014-10-27,0,0.03,0,0.08,0,0,0.19,0.03, 0.0067850, 0.0019033, 0.0156040, 0.0070169, 0.0116771,buy
2014-10-28,0,0.06,0,0.06,0,0,0.15,0.03, 0.0062714, 0.0001193, 0.0073202, 0.0077191, 0.0052463,buy
2014-10-29,0,0.1,0,0.04,0,0,0.25,0.03, 0.0016092,-0.0004506, 0.0024850, 0.0045919, 0.0027320,buy
2014-10-30,0,0.17,0,0,0,0,0.48,0.03,-0.0042448,-0.0007989,-0.0026422,-0.0033294, 0.0099445,buy
2014-10-31,0,0.31,0.07,0,0,0,1.02,0.03, 0.0010377, 0.0014862, 0.0018467, 0.0019305, 0.0012140,buy
2014-11-01,0,0.54,0.21,0,0,0,2.28,0.03, 0.0040121, 0.0023854, 0.0023854, 0.0023854, 0.0039663,buy
2014-11-02,0,0.96,0.76,0,0,0.01,2.31,0.03, 0.0165147, 0.0036960, 0.0011553,-0.0018258,-0.0038994,buy
2014-11-03,0,1,1.68,0,0,0.01,1.91,0.03, 0.0117547, 0.0176946, 0.0162872, 0.0165058, 0.0134000,buy
2014-11-04,0,0.58,1.54,0,0,0.02,1.45,0.03,-0.0046385,-0.0022147, 0.0009364,-0.0032053,-0.0085329,buy
2014-11-05,0,0.32,1.74,0,0,0.04,0.59,0.03,-0.0086856,-0.0108959,-0.0033569,-0.0042269,-0.0044026,sell
2014-11-06,0,0.18,1.42,0,0,0.07,0.21,0.05,-0.0006343,-0.0050003,-0.0108224,-0.0045650,-0.0045650,sell
2014-11-07,0,0.1,0.53,0,0,0.14,0.09,0.09, 0.0012244, 0.0099152, 0.0019682, 0.0039525, 0.0009876,buy
2014-11-08,0,0.06,0.21,0,0,0.2,0.04,0.23, 0.0187749, 0.0197378, 0.0155825, 0.0187749, 0.0082531,buy
2014-11-09,0,0.03,0.08,0,0,0.19,0,0.5, 0.0175326, 0.0185038, 0.0169947, 0.0185038, 0.0191360,buy
2014-11-10,0,0,0,0,0,0.19,0,0.55, 0.0057061, 0.0080836, 0.0079238, 0.0057061, 0.0119390,buy
2014-11-11,0,0,0,0,0,0.18,0,0.52, 0.0007511, 0.0007511, 0.0059598, 0.0007511, 0.0075539,buy
2014-11-12,0,0.11,0,0,0,0.13,0,0.82, 0.0140926, 0.0086095, 0.0164911, 0.0101288, 0.0135023,buy
2014-11-13,0,0.35,0,0,0,0.18,0,1.03, 0.0196969, 0.0165217, 0.0200643, 0.0166652, 0.0154268,buy
2014-11-14,0,1.09,0.04,0,0,0.21,0.14,0.76,-0.0015172,-0.0001170,-0.0050614,-0.0029101,-0.0029047,buy
2014-11-15,0,1.59,0.18,0,0,0.11,0.54,0.38, 0.0069972, 0.0037029, 0.0080520, 0.0141703, 0.0174167,buy
2014-11-16,0,0.79,0.74,0,0,0.1,1.31,0.18, 0.0013199, 0.0032623, 0.0065960, 0.0002373,-0.0068463,buy
2014-11-17,0,0.4,1.43,0,0,0.15,0.8,0.1, 0.0031788, 0.0080550, 0.0090164, 0.0042045, 0.0128168,buy
2014-11-18,0,0.49,0.62,0,0,0.27,0.34,0.06, 0.0146188, 0.0144888, 0.0178825, 0.0185741, 0.0169608,buy
2014-11-19,0,1.06,0.19,0,0,0.29,0.38,0.02,-0.0067596, 0.0074957,-0.0088282,-0.0120990,-0.0078651,sell
2014-11-20,0,1.57,0.07,0,0,0.16,0.71,0.02, 0.0096160, 0.0207685, 0.0148942, 0.0116651, 0.0168622,buy
2014-11-21,0,0.93,0.13,0,0,0.08,1.12,0.07, 0.0144073,-0.0098502,-0.0041368,-0.0041368,-0.0072115,buy
2014-11-22,0,0.37,0.24,0,0,0.05,0.83,0.29, 0.0030407, 0.0095645, 0.0058183, 0.0099997, 0.0140260,buy
2014-11-23,0,0.15,0.45,0,0,0.04,0.4,0.39,-0.0102503,-0.0082825,-0.0114891,-0.0115541,-0.0058600,sell
2014-11-24,0,0.19,0.85,0,0,0.04,0.19,0.13, 0.0084631, 0.0079729, 0.0102977, 0.0104245, 0.0087074,buy
2014-11-25,0,0.53,0.9,0,0,0.12,0.14,0.03, 0.0046775, 0.0010789,-0.0075805, 0.0052300, 0.0197254,buy
2014-11-26,0,1.57,0.48,0,0,0.17,0.13,0, 0.0010721,-0.0112047,-0.0090363,-0.0073162,-0.0182618,sell
2014-11-27,0,1.09,0.25,0,0,0.05,0.15,0, 0.0083724,-0.0077044, 0.0031212, 0.0144085,-0.0021150,buy
2014-11-28,0,0.26,0.13,0,0,0.02,0.27,0,-0.0079590,-0.0097188,-0.0081797,-0.0081220,-0.0065761,sell
2014-11-29,0,0.06,0.07,0,0,0.01,0.49,0,-0.0135938,-0.0121856,-0.0035498,-0.0116631,-0.0049461,sell
2014-11-30,0,0,0.04,0,0,0.01,0.89,0, 0.0021095,-0.0082609,-0.0042683,-0.0039977,-0.0042683,buy
2014-12-01,0,0,0,0,0,0.01,1.44,0,-0.0137890, 0.0190075,-0.0137890,-0.0151416,-0.0198058,sell
2014-12-02,0,0,0,0,0,0.01,1.28,0, 0.0086325, 0.0202151, 0.0086325, 0.0079496,-0.0046084,buy
2014-12-03,0,0,0,0,0,0.02,0.71,0,-0.0024250,-0.0007677,-0.0023075, 0.0048883,-0.0007677,buy
2014-12-04,0,0,0,0,0,0.02,0.4,0,-0.0110272,-0.0107260,-0.0005757,-0.0150683,-0.0007893,sell
2014-12-05,0,0,0,0,0,0.03,0.22,0,-0.0067366,-0.0066178, 0.0021566,-0.0110734,-0.0061704,sell
2014-12-06,0,0,0,0,0,0.04,0.12,0,-0.0034696,-0.0026030,-0.0014483,-0.0127325,-0.0026030,sell
2014-12-07,0,0,0,0,0,0.07,0.07,0, 0.0139447, 0.0067371, 0.0075468, 0.0042763, 0.0047343,buy
2014-12-08,0,0,0,0,0,0.1,0,0, 0.0065462, 0.0021084, 0.0005467,-0.0077577, 0.0020639,buy
2014-12-09,0,0,0,0,0,0.17,0,0, 0.0167043, 0.0210528, 0.0251540, 0.0211060, 0.0222636,buy
2014-12-10,0,0,0,0,0,0.21,0,0,-0.0086543, 0.0022398,-0.0040074,-0.0099343,-0.0106854,sell
2014-12-11,0,0,0,0,0,0.16,0,0, 0.0079319, 0.0131702, 0.0144153, 0.0131702, 0.0129155,buy
2014-12-12,0,0,0,0,0,0.14,0,0, 0.0016613, 0.0088676, 0.0103825, 0.0088126, 0.0088126,buy
2014-12-13,0,0.04,0,0,0,0.15,0,0, 0.0170066, 0.0184733, 0.0198609, 0.0198609, 0.0198609,buy
2014-12-14,0,0.14,0,0,0,0.15,0,0, 0.0088219, 0.0081505, 0.0098284, 0.0098284, 0.0088219,buy
2014-12-15,0,0.43,0,0,0,0.12,0,0,-0.0189243,-0.0138122,-0.0186839,-0.0091130,-0.0191407,sell
2014-12-16,0,0.99,0,0,0,0.1,0.07,0, 0.0005480, 0.0006404,-0.0145742, 0.0008481, 0.0037337,buy
2014-12-17,0,0.71,0,0,0,0.08,0.14,0.03,-0.0014886, 0.0034694, 0.0066761, 0.0067028, 0.0066341,buy
2014-12-18,0,0.22,0,0,0,0.07,0.28,0.09,-0.0135509,-0.0110747,-0.0098869,-0.0105776,-0.0095387,sell
2014-12-19,0,0.14,0,0,0,0.06,0.55,0.27,-0.0007972,-0.0007972,-0.0010168, 0.0011914,-0.0062177,buy
2014-12-20,0,0.29,0,0,0,0.08,1.11,0.63,-0.0110882,-0.0076706,-0.0058089,-0.0152270,-0.0095392,sell
2014-12-21,0,1,0,0,0,0.13,1.27,0.46, 0.0019367, 0.0127873, 0.0156614, 0.0067869, 0.0094204,buy
2014-12-22,0,0.74,0,0,0,0.21,0.71,0.18, 0.0066268, 0.0095567, 0.0018161, 0.0017224, 0.0010062,buy
2014-12-23,0,0.17,0,0,0,0.13,0.35,0.18, 0.0111900, 0.0111369, 0.0116130, 0.0083801, 0.0144212,buy
2014-12-24,0,0.04,0,0,0,0.08,0.18,0.55, 0.0059517, 0.0014601, 0.0129158, 0.0052329, 0.0056728,buy
2014-12-25,0,0.06,0.06,0,0,0.08,0.09,0.62,-0.0036824,-0.0106457,-0.0125260,-0.0109929,-0.0109692,sell
2014-12-26,0,0.17,0.2,0,0,0.2,0.04,0.17, 0.0139983, 0.0133884, 0.0087212, 0.0121065, 0.0136794,buy
2014-12-27,0,0.44,0.65,0,0,0.15,0,0.04,-0.0132052,-0.0165510,-0.0272015,-0.0182687,-0.0256755,sell
2014-12-28,0,0.98,0.94,0.04,0,0.05,0,0, 0.0082512, 0.0006658, 0.0069752, 0.0037485, 0.0057835,buy
2014-12-29,0,0.84,0.61,0.09,0,0.02,0,0,-0.0032023, 0.0075172, 0.0065527, 0.0057094, 0.0075172,buy
2014-12-30,0,0.32,0.99,0.19,0,0.01,0,0.03,-0.0054746,-0.0074402,-0.0104019,-0.0127831,-0.0074637,sell
2014-12-31,0,0.12,0.77,0.41,0,0,0,0.07,-0.0191054,-0.0100985,-0.0164465,-0.0132496,-0.0221281,sell
2015-01-01,0,0.05,0.17,0.8,0,0,0.1,0.18, 0.0067190, 0.0068602, 0.0068602, 0.0048064, 0.0068602,buy
2015-01-02,0,0,0.04,0.7,0,0.01,0.27,0.45,-0.0159749,-0.0138516,-0.0182327,-0.0169360, 0.0072152,sell
2015-01-03,0,0,0,0.33,0,0.01,0.86,0.63, 0.0138405, 0.0050955, 0.0080412, 0.0063408, 0.0042107,buy
2015-01-04,0,0,0,0.15,0,0.04,1.84,0.36, 0.0095421, 0.0099760, 0.0099760, 0.0058012, 0.0099760,buy
2015-01-05,0,0,0,0.07,0,0.09,2.36,0.15, 0.0034784,-0.0015901,-0.0044560,-0.0067145,-0.0019988,buy
2015-01-06,0,0,0,0.03,0,0.21,1.66,0.06,-0.0043541,-0.0014454, 0.0124061,-0.0015073,-0.0022765,buy
2015-01-07,0,0,0.03,0,0,0.27,0.49,0.02, 0.0161135, 0.0140859, 0.0141402, 0.0141128, 0.0104279,buy
2015-01-08,0,0,0.08,0,0,0.26,0.15,0, 0.0110635, 0.0085560, 0.0084224, 0.0085560,-0.0004844,buy
2015-01-09,0,0,0.21,0,0,0.31,0,0.03,-0.0033293, 0.0086917,-0.0037827, 0.0124607,-0.0092296,buy
2015-01-10,0,0,0.57,0,0,0.3,0.05,0.05,-0.0093223,-0.0094499,-0.0121903,-0.0018982,-0.0121903,sell
2015-01-11,0,0,0.89,0,0,0.19,0.26,0.09,-0.0000563, 0.0039930,-0.0005473, 0.0072922, 0.0110476,buy
2015-01-12,0,0,0.5,0,0,0.09,0.77,0.17,-0.0173652,-0.0070945,-0.0186772,-0.0195089,-0.0227168,sell
2015-01-13,0,0,0.19,0,0,0.04,2.08,0.32,-0.0201986,-0.0159827,-0.0021460,-0.0178630,-0.0187424,sell
2015-01-14,0,0,0.07,0,0,0.03,2.34,0.6,-0.0050443,-0.0077862, 0.0075352,-0.0016821,-0.0033122,buy
2015-01-15,0,0,0,0,0,0.01,1.13,0.72,-0.0065529,-0.0130925,-0.0051168,-0.0103155,-0.0112363,sell
2015-01-16,0,0,0,0.03,0,0,0.45,0.46,-0.0020382,-0.0027866,-0.0060993,-0.0051550,-0.0027866,buy
2015-01-17,0,0,0,0.11,0,0,0.2,0.24,-0.0060776, 0.0038000,-0.0060776,-0.0268951,-0.0040711,sell
2015-01-18,0,0,0,0.41,0,0,0.09,0.13,-0.0072534,-0.0086643, 0.0010085,-0.0102703,-0.0121893,sell
2015-01-19,0,0,0,0.84,0,0,0.14,0.07, 0.0118081, 0.0035877, 0.0087697,-0.0001758, 0.0117302,buy
2015-01-20,0,0,0,0.55,0,0,0.26,0.04, 0.0104764,-0.0042865, 0.0145231,-0.0046840,-0.0042551,buy
2015-01-21,0,0,0,0.22,0,0,0.5,0, 0.0172838, 0.0191031, 0.0196163, 0.0187993, 0.0191951,buy
2015-01-22,0,0,0,0.12,0,0.01,1.19,0, 0.0148254, 0.0153209, 0.0143839, 0.0148254, 0.0064415,buy
2015-01-23,0,0,0,0.08,0,0.04,1.46,0, 0.0044324, 0.0103315, 0.0044324, 0.0034161, 0.0031131,buy
2015-01-24,0,0,0,0.06,0,0.08,0.84,0, 0.0000897, 0.0058860, 0.0001451, 0.0071205, 0.0070918,buy
2015-01-25,0,0,0,0.04,0,0.21,0.55,0, 0.0003947,-0.0069036,-0.0053252,-0.0053252,-0.0154458,sell
2015-01-26,0,0,0,0.03,0,0.33,0.65,0.02,-0.0090656,-0.0136794,-0.0129385,-0.0120819,-0.0147735,sell
2015-01-27,0,0,0,0,0,0.21,1.28,0.06,-0.0168325,-0.0194396,-0.0196122,-0.0065175,-0.0198331,sell
2015-01-28,0,0,0,0,0,0.09,1.72,0.17,-0.0224941,-0.0196817,-0.0143397,-0.0207793,-0.0204813,sell
2015-01-29,0,0,0,0,0,0.05,1.48,0.48, 0.0014315, 0.0026677, 0.0023201, 0.0116282, 0.0053468,buy
2015-01-30,0,0,0,0,0,0.04,1.6,0.71, 0.0099979, 0.0101225, 0.0086422, 0.0106349, 0.0106349,buy
2015-01-31,0,0,0.05,0,0,0.03,1.35,0.37, 0.0124152, 0.0180646, 0.0160097, 0.0180646, 0.0173949,buy
2015-02-01,0,0,0.12,0,0,0.04,1.32,0.13, 0.0069560, 0.0085982, 0.0088656, 0.0163681, 0.0056488,buy
2015-02-02,0,0,0.32,0,0,0.05,1.65,0.04,-0.0081454, 0.0001394,-0.0081454,-0.0076562,-0.0088574,sell
2015-02-03,0,0,0.67,0.05,0,0.08,1.35,0,-0.0059567,-0.0079263,-0.0079263,-0.0168659,-0.0120261,sell
2015-02-04,0,0,0.95,0.13,0,0.14,1.39,0, 0.0016510,-0.0034133,-0.0033002,-0.0029137,-0.0028960,buy
2015-02-05,0,0,0.63,0.35,0,0.25,1.67,0, 0.0045383, 0.0043860, 0.0139588, 0.0083360, 0.0183263,buy
2015-02-06,0,0,0.33,0.79,0,0.19,1.35,0,-0.0033984,-0.0033984,-0.0033507,-0.0055206, 0.0030959,buy
2015-02-07,0,0,0.25,0.63,0,0.13,1.44,0,-0.0023010,-0.0073165,-0.0072564,-0.0062697,-0.0075124,sell
2015-02-08,0,0,0.31,0.23,0,0.11,1.56,0,-0.0100955,-0.0024523, 0.0012886,-0.0052766,-0.0026652,buy
2015-02-09,0,0,0.63,0.08,0,0.09,0.75,0, 0.0140204, 0.0001153, 0.0076133, 0.0014538, 0.0041188,buy
2015-02-10,0,0,1.03,0.03,0,0.07,0.33,0, 0.0108659, 0.0125581, 0.0103058, 0.0137782, 0.0114977,buy
2015-02-11,0,0,0.62,0,0,0.06,0.19,0,-0.0044364,-0.0033757,-0.0043448,-0.0128651,-0.0018894,sell
2015-02-12,0,0,0.33,0,0,0.04,0.12,0,-0.0027312,-0.0021819,-0.0005685, 0.0002195,-0.0023444,buy
2015-02-13,0,0,0.27,0,0,0.06,0.14,0,-0.0065888,-0.0030721,-0.0065888,-0.0030721,-0.0003838,buy
2015-02-14,0,0,0.26,0,0,0.08,0.18,0,-0.0033729, 0.0033561,-0.0029210, 0.0026109, 0.0033561,buy
2015-02-15,0,0,0.3,0,0,0.14,0.24,0, 0.0103661, 0.0115594, 0.0104023, 0.0103661, 0.0089220,buy
2015-02-16,0,0.04,0.34,0,0,0.23,0.36,0, 0.0050054,-0.0051012,-0.0040235,-0.0052117,-0.0092558,sell
2015-02-17,0,0.09,0.4,0,0,0.35,0.59,0, 0.0009439,-0.0050936,-0.0054120, 0.0003297,-0.0126274,buy
2015-02-18,0,0.24,0.45,0,0,0.37,1.02,0,-0.0012670,-0.0068677,-0.0078635,-0.0019401,-0.0181001,sell
2015-02-19,0,0.59,0.52,0,0,0.23,1.44,0.03, 0.0001004, 0.0003624, 0.0015072, 0.0015975,-0.0001967,buy
2015-02-20,0,1.52,0.6,0,0,0.1,1.08,0.07,-0.0071373,-0.0031306,-0.0081451,-0.0176311,-0.0159005,sell
2015-02-21,0,1.95,0.67,0,0,0.04,0.55,0.18,-0.0266476,-0.0275946,-0.0280837,-0.0311915,-0.0248666,sell
2015-02-22,0,0.96,0.77,0,0,0.01,0.27,0.42,-0.0129173,-0.0206913,-0.0160595,-0.0226452,-0.0100126,sell
2015-02-23,0,0.36,0.87,0,0,0,0.12,0.71, 0.0063056,-0.0022789, 0.0063056, 0.0052078, 0.0063056,buy
2015-02-24,0,0.14,1,0,0,0,0.05,0.5, 0.0005322,-0.0025112,-0.0023837,-0.0008098,-0.0010591,buy
2015-02-25,0,0.04,1.12,0,0,0,0.04,0.21,-0.0193110,-0.0193110,-0.0220601,-0.0188512,-0.0142814,sell
2015-02-26,0,0,1.27,0.03,0,0,0.1,0.09,-0.0157976,-0.0219942,-0.0256771,-0.0155544,-0.0157384,sell
2015-02-27,0,0,1.44,0.09,0,0,0.24,0.04,-0.0030356,-0.0116333,-0.0194787,-0.0059054,-0.0035009,sell
2015-02-28,0,0,1.43,0.27,0,0,0.64,0,-0.0104928,-0.0104391,-0.0142565,-0.0062179,-0.0137302,sell
2015-03-01,0,0,1.3,0.79,0,0,1.33,0.02,-0.0076545, 0.0046025, 0.0047447,-0.0001630, 0.0059115,buy
2015-03-02,0,0,1.22,0.7,0,0,1.01,0.06, 0.0014864, 0.0087192, 0.0040091, 0.0038841, 0.0065930,buy
2015-03-03,0,0,1.25,0.22,0,0,0.54,0.18,-0.0103223,-0.0147026, 0.0012526,-0.0147026,-0.0113292,sell
2015-03-04,0,0,1.53,0.06,0,0,0.68,0.53,-0.0113310,-0.0083331,-0.0131269,-0.0202235,-0.0132015,sell
2015-03-05,0,0.06,1.69,0,0,0,1.35,0.63,-0.0036121, 0.0064553, 0.0005101,-0.0041099,-0.0006565,buy
2015-03-06,0,0.18,1.18,0,0,0,1.45,0.28,-0.0065130,-0.0057980,-0.0071115,-0.0092879, 0.0005799,sell
2015-03-07,0,0.53,0.82,0,0,0,0.87,0.14,-0.0162060,-0.0083941,-0.0097829,-0.0117863,-0.0103632,sell
2015-03-08,0,1.56,0.65,0,0,0,0.84,0.12,-0.0138983, 0.0019203,-0.0139315,-0.0108063,-0.0142150,sell
2015-03-09,0,1.78,0.54,0,0,0.01,1.04,0.17,-0.0120001, 0.0004157,-0.0115812,-0.0115812,-0.0122535,sell
2015-03-10,0,0.68,0.49,0,0,0.03,0.81,0.33,-0.0143954,-0.0171922,-0.0090811,-0.0142636,-0.0121302,sell
2015-03-11,0,0.23,0.44,0,0,0.08,0.4,0.63,-0.0094735,-0.0141938,-0.0132600,-0.0123595,-0.0130242,sell
2015-03-12,0,0.13,0.4,0,0,0.25,0.21,0.62, 0.0084242, 0.0037897, 0.0036631, 0.0084242, 0.0085777,buy
2015-03-13,0,0.1,0.37,0,0,0.41,0.11,0.35,-0.0004861,-0.0025665,-0.0009745,-0.0024233,-0.0024233,buy
2015-03-14,0,0.2,0.34,0,0,0.27,0.06,0.27, 0.0142104, 0.0145076, 0.0072439, 0.0024056, 0.0109522,buy
2015-03-15,0,0.45,0.31,0,0,0.15,0.03,0.48,-0.0076514,-0.0073883,-0.0040473,-0.0054688,-0.0054688,sell
2015-03-16,0,0.91,0.29,0,0,0.06,0,0.75, 0.0005623, 0.0124399, 0.0108992, 0.0053065, 0.0103158,buy
2015-03-17,0,1.86,0.26,0,0,0.03,0,0.33,-0.0073546,-0.0000913, 0.0002415, 0.0023223, 0.0038724,buy
2015-03-18,0,2.58,0.36,0,0,0.01,0,0.08, 0.0171823, 0.0104299, 0.0117624, 0.0072166,-0.0009293,buy
2015-03-19,0,2.02,0.63,0,0,0.01,0,0, 0.0039707,-0.0095193, 0.0054180,-0.0109777,-0.0080641,sell
2015-03-20,0,0.99,1.53,0,0,0,0.08,0,-0.0006211,-0.0036828,-0.0019808,-0.0020794,-0.0019808,buy
2015-03-21,0,0.45,2.68,0,0,0,0.37,0,-0.0014839,-0.0014839,-0.0012561,-0.0000862, 0.0009698,buy
2015-03-22,0,0.21,1.52,0,0,0,1.29,0,-0.0066554,-0.0075121,-0.0086818,-0.0090279,-0.0097693,sell
2015-03-23,0,0.07,0.58,0,0,0,1.07,0, 0.0159168, 0.0057165, 0.0081328, 0.0027387, 0.0027387,buy
2015-03-24,0,0,0.28,0,0,0,0.29,0.01,-0.0121175,-0.0128459,-0.0085413,-0.0084549,-0.0112254,sell
2015-03-25,0,0,0.16,0,0,0,0.12,0.04,-0.0063267,-0.0050715,-0.0082169,-0.0063267, 0.0112667,sell
2015-03-26,0,0,0.15,0,0,0,0.09,0.11,-0.0120867,-0.0008961,-0.0059867,-0.0129656, 0.0044577,sell
2015-03-27,0,0.04,0.14,0,0,0,0.11,0.35,-0.0048267,-0.0064075,-0.0074225, 0.0046793,-0.0052131,buy
2015-03-28,0,0.23,0.14,0,0,0,0.15,0.4,-0.0011185,-0.0011185,-0.0018762, 0.0158120,-0.0059101,buy
2015-03-29,0,0.96,0.13,0,0,0,0.18,0.15, 0.0017250,-0.0003714, 0.0026793, 0.0127145, 0.0008025,buy
2015-03-30,0,0.79,0.13,0,0,0.01,0.23,0.05,-0.0020751,-0.0044214,-0.0005498,-0.0041341,-0.0037954,buy
2015-03-31,0,0.15,0.12,0,0,0.01,0.29,0.02,-0.0108455,-0.0167843,-0.0125252,-0.0143786,-0.0126853,sell
2015-04-01,0,0,0.18,0,0,0.02,0.36,0.03,-0.0122191,-0.0109068,-0.0061039,-0.0116059,-0.0099918,sell
2015-04-02,0,0,0.24,0,0,0.02,0.46,0.06,-0.0052415,-0.0013326, 0.0067203,-0.0012937,-0.0007711,buy
2015-04-03,0,0,0.34,0,0,0.01,0.58,0.15, 0.0043115,-0.0003829, 0.0145859, 0.0063662, 0.0138693,buy
2015-04-04,0,0,0.58,0,0,0.01,0.73,0.36,-0.0004665, 0.0112133, 0.0112133, 0.0112133, 0.0113693,buy
2015-04-05,0,0.07,1.04,0,0,0.01,0.93,0.64,-0.0041892, 0.0035207, 0.0015667,-0.0074324,-0.0062241,sell
2015-04-06,0,0.17,1.72,0,0,0.01,0.96,0.56, 0.0068916, 0.0118113, 0.0129632, 0.0024620, 0.0065099,buy
2015-04-07,0,0.42,1.49,0,0,0.02,0.78,0.78,-0.0003425, 0.0034084, 0.0062261,-0.0014769,-0.0002710,buy
2015-04-08,0,1.42,0.8,0,0,0.04,0.61,0.71, 0.0142616, 0.0015563,-0.0008506,-0.0007356, 0.0017346,buy
2015-04-09,0,3.74,0.45,0,0,0.1,0.49,0.13,-0.0046923, 0.0002348,-0.0049582,-0.0046923,-0.0079797,sell
2015-04-10,0,3.1,0.28,0,0,0.21,0.38,0, 0.0073875, 0.0027016, 0.0066708, 0.0066708, 0.0057786,buy
2015-04-11,0,2.08,0.2,0.04,0,0.25,0.3,0, 0.0068209, 0.0094599, 0.0068151, 0.0176530, 0.0072314,buy
2015-04-12,0,1.76,0.11,0.13,0,0.26,0.24,0.02, 0.0094406, 0.0101994, 0.0095456, 0.0172328, 0.0110942,buy
2015-04-13,0,0.71,0.11,0.38,0,0.24,0.19,0.03,-0.0149385,-0.0184454,-0.0176644,-0.0168117,-0.0179366,sell
2015-04-14,0,0.22,0.11,1.12,0,0.12,0.15,0.06,-0.0032217, 0.0003829,-0.0037786,-0.0037884,-0.0082634,buy
2015-04-15,0,0.08,0.39,1.41,0,0.06,0.12,0.13, 0.0055469, 0.0060680, 0.0113251, 0.0119008, 0.0008901,buy
2015-04-16,0,0,1.72,0.6,0,0.03,0.09,0.24, 0.0111599, 0.0152011, 0.0229994, 0.0121528, 0.0111599,buy
2015-04-17,0,0,1.42,0.2,0,0.01,0.12,0.46,-0.0107637,-0.0075098,-0.0074634,-0.0091224,-0.0089020,sell
2015-04-18,0,0,0.31,0.07,0,0.01,0.28,0.53, 0.0075316, 0.0099643, 0.0075316, 0.0102555, 0.0065976,buy
2015-04-19,0,0,0.12,0,0,0,1.01,0.51, 0.0115539, 0.0115539, 0.0085679, 0.0080616, 0.0115859,buy
2015-04-20,0,0,0.22,0,0,0,1.12,0.85, 0.0014069,-0.0014484, 0.0014069,-0.0026243,-0.0115903,buy
2015-04-21,0,0,0.41,0,0,0,0.63,0.93,-0.0002223, 0.0016327,-0.0026650,-0.0078100,-0.0053275,sell
2015-04-22,0,0,0.85,0,0,0,0.85,0.4, 0.0116950, 0.0086291, 0.0215187, 0.0098881, 0.0182793,buy
2015-04-23,0,0,1.98,0,0,0,0.72,0.19, 0.0129375, 0.0074301, 0.0081622, 0.0128115, 0.0090428,buy
2015-04-24,0,0,3.03,0,0,0,0.44,0.08,-0.0050823,-0.0050823,-0.0032067,-0.0036603, 0.0021533,buy
2015-04-25,0,0,2.32,0,0,0,0.61,0.04,-0.0151422,-0.0090851,-0.0125295,-0.0090851,-0.0090984,sell
2015-04-26,0,0,1.02,0,0,0,1.29,0.02, 0.0017029,-0.0012649, 0.0000411, 0.0005491,-0.0009440,buy
2015-04-27,0,0,0.5,0,0,0,1.16,0, 0.0039420,-0.0034567,-0.0024116,-0.0078043,-0.0078043,sell
2015-04-28,0,0.06,0.31,0,0,0,0.44,0,-0.0171582,-0.0177384,-0.0068071,-0.0055269,-0.0176885,sell
2015-04-29,0,0.23,0.2,0,0,0,0.17,0.01,-0.0101230,-0.0219162,-0.0131281,-0.0158072,-0.0087412,sell
2015-04-30,0,0.87,0.21,0.07,0,0.01,0.06,0.03, 0.0015035,-0.0122121,-0.0093757,-0.0099461,-0.0119979,sell
2015-05-01,0,1.56,0.23,0.26,0,0.04,0,0.06, 0.0138816, 0.0156282, 0.0134566, 0.0266359, 0.0288466,buy
2015-05-02,0,0.79,0.24,0.9,0,0.12,0.03,0.13, 0.0031165, 0.0067711,-0.0005944,-0.0002960,-0.0005944,buy
2015-05-03,0,0.24,0.26,1.41,0,0.18,0.04,0.29,-0.0090471,-0.0037429,-0.0097842,-0.0037728,-0.0069223,sell
2015-05-04,0,0.08,0.28,0.68,0,0.1,0.07,0.4,-0.0138404,-0.0119285,-0.0136072,-0.0121965,-0.0121988,sell
2015-05-05,0,0,0.31,0.23,0,0.08,0.12,0.24,-0.0086305,-0.0008535, 0.0000665,-0.0089079,-0.0114113,sell
2015-05-06,0,0,0.38,0.08,0,0.12,0.19,0.11,-0.0063509, 0.0166348,-0.0051751,-0.0063509,-0.0063509,buy
2015-05-07,0,0.08,0.5,0,0,0.1,0.3,0.05,-0.0020382, 0.0045915,-0.0094922,-0.0034253,-0.0020382,buy
2015-05-08,0,0.15,0.79,0,0,0.05,0.5,0.02, 0.0058751, 0.0066996, 0.0022067, 0.0053291, 0.0066996,buy
2015-05-09,0,0.28,1.57,0,0,0.02,0.81,0,-0.0033344,-0.0066494,-0.0012038,-0.0017827,-0.0008990,buy
2015-05-10,0,0.53,2.09,0.07,0,0.02,0.98,0,-0.0077413,-0.0092155,-0.0085458,-0.0112188,-0.0137122,sell
2015-05-11,0,1.02,1.3,0.15,0,0.03,0.74,0, 0.0050108, 0.0030694, 0.0061424, 0.0153573, 0.0022545,buy
2015-05-12,0,1.6,0.89,0.29,0,0.03,0.49,0,-0.0062177,-0.0040675, 0.0021631, 0.0037759,-0.0085417,buy
2015-05-13,0,1.28,0.81,0.59,0,0.04,0.36,0, 0.0131488, 0.0151303, 0.0072143, 0.0152789, 0.0105792,buy
2015-05-14,0,0.68,0.8,1.17,0,0.06,0.29,0,-0.0096926,-0.0065577,-0.0236974, 0.0016780,-0.0096926,sell
2015-05-15,0,0.36,0.91,1.44,0,0.09,0.25,0,-0.0119922,-0.0146732,-0.0151720, 0.0027045,-0.0129268,sell
2015-05-16,0,0.19,1.04,0.86,0,0.16,0.22,0, 0.0055934, 0.0095141, 0.0117903, 0.0035855, 0.0032214,buy
2015-05-17,0,0.16,1.16,0.43,0,0.19,0.21,0, 0.0004431,-0.0007353, 0.0086588, 0.0001258, 0.0062401,buy
2015-05-18,0,0.2,1.28,0.27,0,0.14,0.17,0, 0.0118131, 0.0125399, 0.0079444, 0.0060539, 0.0061678,buy
2015-05-19,0,0.43,1.41,0.36,0,0.09,0.16,0, 0.0126962, 0.0119969,-0.0035751, 0.0020689, 0.0078696,buy
2015-05-20,0,1.05,1.56,0.7,0,0.07,0.14,0, 0.0128744, 0.0098486, 0.0131201, 0.0145159, 0.0136058,buy
2015-05-21,0,2.03,1.63,1.66,0,0.07,0.11,0.02, 0.0061428, 0.0155729, 0.0021027, 0.0022058, 0.0003071,buy
2015-05-22,0,2.35,1.51,2.57,0,0.07,0.09,0.06, 0.0092723, 0.0076531, 0.0088092, 0.0088068, 0.0089151,buy
2015-05-23,0,2.29,1.32,1.96,0,0.1,0.06,0.13, 0.0097337, 0.0115251, 0.0044445, 0.0056995, 0.0055873,buy
2015-05-24,0,1.16,1.16,0.82,0,0.15,0.04,0.33,-0.0041659,-0.0058678,-0.0058678, 0.0022769,-0.0058678,buy
2015-05-25,0,0.45,1.01,0.32,0,0.21,0.03,0.63,-0.0168952,-0.0152963,-0.0144679,-0.0168507,-0.0149171,sell
2015-05-26,0,0.13,0.87,0.1,0,0.17,0,0.5,-0.0127506,-0.0138832,-0.0010743,-0.0136236,-0.0102122,sell
2015-05-27,0,0,0.72,0,0,0.11,0,0.21, 0.0122076, 0.0032348,-0.0050971,-0.0014392, 0.0094172,buy
2015-05-28,0,0,0.7,0,0,0.08,0,0.09,-0.0031461, 0.0078443,-0.0051629,-0.0051629,-0.0022959,buy
2015-05-29,0,0,0.69,0,0,0.08,0.03,0.04,-0.0011527, 0.0058001, 0.0004210,-0.0016571, 0.0093438,buy
2015-05-30,0,0,0.74,0,0,0.07,0.04,0, 0.0012943, 0.0070880,-0.0008548,-0.0004408,-0.0003522,buy
2015-05-31,0,0,0.91,0,0,0.07,0.07,0,-0.0082292,-0.0057076,-0.0060976,-0.0060976,-0.0025258,sell
2015-06-01,0,0,1.33,0,0,0.07,0.11,0, 0.0018192,-0.0013805,-0.0065643,-0.0027071,-0.0018641,buy
2015-06-02,0,0,1.84,0,0,0.07,0.19,0, 0.0049170, 0.0025210, 0.0049170, 0.0028601, 0.0033129,buy
2015-06-03,0,0,1.67,0,0,0.08,0.36,0,-0.0028520,-0.0066987,-0.0042888,-0.0077424,-0.0035289,sell
2015-06-04,0,0,1.44,0,0,0.1,0.64,0,-0.0047117, 0.0012901,-0.0007417,-0.0052290,-0.0010001,buy
2015-06-05,0,0,1.93,0,0,0.11,1.07,0,-0.0069101,-0.0045752,-0.0069101,-0.0050192,-0.0045752,sell
2015-06-06,0,0,1.75,0,0,0.14,1.37,0, 0.0029040, 0.0021097, 0.0029040,-0.0033023,-0.0076158,buy
2015-06-07,0,0,0.83,0,0,0.18,1.59,0,-0.0128025,-0.0079171,-0.0078576,-0.0127918,-0.0078576,sell
2015-06-08,0,0,0.43,0,0,0.22,2.44,0, 0.0041246, 0.0056756,-0.0031561, 0.0009653, 0.0056756,buy
2015-06-09,0,0,0.21,0,0,0.26,2.93,0, 0.0128058, 0.0131772, 0.0112531, 0.0069104, 0.0131458,buy
2015-06-10,0,0,0.13,0,0,0.28,2.84,0, 0.0112598, 0.0119813, 0.0098879, 0.0047632, 0.0108067,buy
2015-06-11,0,0,0.08,0,0,0.29,2.1,0, 0.0035177, 0.0011953, 0.0060201, 0.0035177, 0.0010517,buy
2015-06-12,0,0,0.07,0,0,0.3,1.07,0, 0.0021959,-0.0032321,-0.0049271,-0.0009993, 0.0035013,buy
2015-06-13,0,0,0.06,0,0,0.33,0.59,0, 0.0042430,-0.0004638,-0.0004638,-0.0061843, 0.0006101,buy
2015-06-14,0,0,0.05,0,0,0.36,0.34,0,-0.0026017,-0.0034966,-0.0029337,-0.0036977,-0.0026104,buy
2015-06-15,0,0,0.04,0,0,0.33,0.25,0, 0.0004486,-0.0019581,-0.0014896,-0.0017515,-0.0014896,buy
2015-06-16,0,0,0,0,0,0.28,0.15,0, 0.0066749,-0.0010483,-0.0027380, 0.0021516,-0.0086975,buy
2015-06-17,0,0,0.15,0,0,0.23,0.14,0, 0.0107473, 0.0033160, 0.0034737, 0.0008739,-0.0000664,buy
2015-06-18,0,0,0.42,0,0,0.18,0.13,0, 0.0073138, 0.0058377, 0.0087365, 0.0064463, 0.0104979,buy
2015-06-19,0,0,0.94,0,0,0.15,0.11,0,-0.0009961,-0.0023129,-0.0023129,-0.0013179,-0.0023129,buy
2015-06-20,0,0,2.15,0,0,0.12,0.09,0, 0.0140626, 0.0140626, 0.0140626, 0.0140626, 0.0108361,buy
2015-06-21,0,0,3.53,0,0,0.11,0.06,0, 0.0088179, 0.0071721, 0.0088179, 0.0104509, 0.0083047,buy
2015-06-22,0,0,3.2,0,0,0.08,0.04,0.01, 0.0082947, 0.0068471, 0.0083325, 0.0086662, 0.0079797,buy
2015-06-23,0,0,2.61,0,0,0.08,0.03,0.02, 0.0000139, 0.0000758, 0.0000139,-0.0029902,-0.0036371,buy
2015-06-24,0,0.04,1.9,0,0,0.07,0,0.04, 0.0081466, 0.0052490, 0.0081466, 0.0052490, 0.0065576,buy
2015-06-25,0,0.06,1.08,0,0,0.07,0,0.08,-0.0050753,-0.0023459,-0.0027904,-0.0067602,-0.0023459,buy
2015-06-26,0,0.1,0.81,0,0,0.1,0,0.15,-0.0135265,-0.0093319,-0.0107528,-0.0136823,-0.0111989,sell
2015-06-27,0,0.15,1.16,0,0,0.15,0,0.27, 0.0201426, 0.0068176, 0.0064991, 0.0083155, 0.0242952,buy
2015-06-28,0,0.22,1.51,0,0,0.14,0,0.49, 0.0034402, 0.0034651, 0.0034402,-0.0006159,-0.0030771,buy
2015-06-29,0,0.33,0.76,0,0,0.09,0.04,0.47, 0.0103835, 0.0054516, 0.0075665, 0.0054516, 0.0054516,buy
2015-06-30,0,0.48,0.23,0,0,0.07,0.18,0.27,-0.0136875,-0.0032152,-0.0191283,-0.0140347,-0.0160213,sell
2015-07-01,0,0.69,0.07,0,0,0.06,0.55,0.17,-0.0065567,-0.0043390,-0.0063568,-0.0051699,-0.0066468,sell
2015-07-02,0,1.08,0,0.05,0,0.07,1.52,0.13, 0.0155507, 0.0012462,-0.0022145, 0.0015471,-0.0007684,buy
2015-07-03,0,1.44,0,0.12,0,0.07,1.75,0.13, 0.0078997, 0.0003326,-0.0064778, 0.0019181, 0.0082637,buy
2015-07-04,0,1.61,0,0.29,0,0.09,1.16,0.15, 0.0129103, 0.0206915, 0.0136854, 0.0195278, 0.0162759,buy
2015-07-05,0,2.15,0.06,0.7,0,0.13,0.48,0.19,-0.0123841,-0.0055308,-0.0030125,-0.0022274,-0.0035041,buy
2015-07-06,0,2.31,0.27,1.26,0,0.12,0.16,0.32,-0.0066508,-0.0028070,-0.0089008,-0.0070247,-0.0041634,sell
2015-07-07,0,1.38,1.3,0.95,0,0.09,0.03,0.46,-0.0167163,-0.0137953,-0.0120073,-0.0170622,-0.0179004,sell
2015-07-08,0,0.78,1.59,0.39,0,0.08,0.01,0.57,-0.0066828, 0.0008436,-0.0002690,-0.0052521,-0.0085480,sell
2015-07-09,0,0.65,0.38,0.2,0,0.06,0,0.53,-0.0245804,-0.0180656,-0.0207106,-0.0109196,-0.0162792,sell
2015-07-10,0,0.67,0.07,0.14,0,0.07,0,0.53,-0.0121733,-0.0003446,-0.0037496, 0.0035387,-0.0108575,buy
2015-07-11,0,0.86,0,0.14,0,0.08,0,0.69,-0.0026746, 0.0081480, 0.0080417, 0.0059214,-0.0014077,buy
2015-07-12,0,1.3,0,0.25,0,0.12,0,1.16,-0.0049897,-0.0010595,-0.0037132,-0.0049897,-0.0005235,buy
2015-07-13,0,2.1,0,0.47,0,0.19,0,1.64, 0.0020056, 0.0017139, 0.0034035, 0.0028932,-0.0003567,buy
2015-07-14,0,3.57,0,1.05,0,0.17,0,1.55,-0.0111439,-0.0078771,-0.0067778,-0.0111439,-0.0130250,sell
2015-07-15,0,5.09,0,2.49,0,0.17,0,0.86, 0.0020705, 0.0023461,-0.0123566, 0.0018142,-0.0028457,buy
2015-07-16,0,3.47,0,2.25,0,0.14,0,0.53, 0.0011043, 0.0031603,-0.0115842, 0.0017517,-0.0020259,buy
2015-07-17,0,1.75,0,0.73,0,0.09,0,0.43, 0.0124502, 0.0035882,-0.0025710, 0.0012363,-0.0008071,buy
2015-07-18,0,1.15,0,0.29,0,0.07,0,0.81,-0.0096695,-0.0045522, 0.0003951,-0.0065722,-0.0047476,sell
2015-07-19,0,0.87,0,0.16,0,0.04,0,0.88,-0.0014645, 0.0027316, 0.0112212, 0.0031242, 0.0025467,buy
2015-07-20,0,0.69,0,0.09,0,0.03,0,0.35, 0.0125481, 0.0038287, 0.0091299, 0.0094948, 0.0050258,buy
2015-07-21,0,0.55,0,0.05,0,0.02,0,0.27, 0.0118814, 0.0043865, 0.0055456, 0.0047856, 0.0020763,buy
2015-07-22,0,0.51,0,0,0,0.01,0,0.33, 0.0080098, 0.0116158, 0.0117820, 0.0116383, 0.0085240,buy
2015-07-23,0,0.51,0,0,0,0.01,0,0.46,-0.0024612, 0.0049899, 0.0018559, 0.0037632, 0.0104212,buy
2015-07-24,0,0.51,0,0,0,0,0,0.7,-0.0158643,-0.0158643,-0.0149523,-0.0161703,-0.0146749,sell
2015-07-25,0,0.54,0,0,0,0,0,0.85, 0.0022792, 0.0040432, 0.0029033, 0.0026138,-0.0013107,buy
2015-07-26,0,0.59,0,0,0,0,0,0.7, 0.0064236, 0.0001555, 0.0001401, 0.0001619, 0.0058471,buy
2015-07-27,0,0.69,0,0,0,0,0,0.55,-0.0052812,-0.0042885,-0.0048024,-0.0056692, 0.0023814,sell
2015-07-28,0,0.8,0.17,0,0,0,0,0.49,-0.0092122,-0.0085513,-0.0061767,-0.0031874,-0.0025963,buy
2015-07-29,0,0.96,1.04,0,0,0,0,0.5,-0.0009122,-0.0037732, 0.0053991, 0.0019327,-0.0017127,buy
2015-07-30,0,1.16,1.4,0,0,0,0,0.55,-0.0027039,-0.0027039, 0.0020320,-0.0040598,-0.0027039,buy
2015-07-31,0,1.44,0.31,0,0,0,0,0.64,-0.0112755,-0.0081428,-0.0053641,-0.0093782,-0.0053923,sell
2015-08-01,0,1.82,0.05,0,0,0,0,0.76,-0.0041869,-0.0041869,-0.0057705,-0.0121135,-0.0014695,sell
2015-08-02,0,2.34,0.08,0,0,0,0,0.94,-0.0069543, 0.0000085,-0.0024951,-0.0159061,-0.0015728,sell
2015-08-03,0,3.06,0.19,0,0,0,0,1.11,-0.0305133,-0.0215602,-0.0236841,-0.0325722,-0.0206692,sell
2015-08-04,0,4.19,0.44,0,0,0,0,1.24,-0.0065077,-0.0039987,-0.0068716,-0.0065077,-0.0028692,sell
2015-08-05,0,4.93,1.05,0,0,0,0,1.43, 0.0093412, 0.0114683, 0.0082420, 0.0093412, 0.0028200,buy
2015-08-06,0,6.16,1.41,0,0,0,0,1.77,-0.0023216,-0.0005390,-0.0015812,-0.0028611,-0.0060773,buy
2015-08-07,0,4.93,0.79,0,0,0,0,1.35, 0.0054907, 0.0087230, 0.0065830, 0.0054907, 0.0068296,buy
2015-08-08,0,2.33,0.33,0,0,0,0,0.69, 0.0001945, 0.0001797,-0.0107309,-0.0132477,-0.0027497,sell
2015-08-09,0,1.7,0.14,0,0,0,0,0.44,-0.0074754,-0.0071369,-0.0071369,-0.0065964, 0.0043514,sell
2015-08-10,0,2.46,0.06,0,0,0,0,0.32,-0.0008723,-0.0016188, 0.0079057, 0.0018493, 0.0034026,buy
2015-08-11,0,2.11,0,0,0,0,0,0.24,-0.0179501,-0.0164683,-0.0005642,-0.0097426,-0.0048164,sell
2015-08-12,0,0.81,0,0,0,0,0,0.19,-0.0147362,-0.0196613,-0.0188130, 0.0017376,-0.0177122,sell
2015-08-13,0,0.36,0.07,0,0,0,0,0.15,-0.0007031, 0.0000214, 0.0035792, 0.0023686,-0.0003158,buy
2015-08-14,0,0.23,0.31,0,0,0,0,0.1, 0.0078723, 0.0078723, 0.0034528, 0.0144597, 0.0078867,buy
2015-08-15,0,0.19,1.08,0,0,0,0,0.09,-0.0142953,-0.0126636,-0.0186748,-0.0142953,-0.0086304,sell
2015-08-16,0,0.15,0.86,0,0,0,0,0.07,-0.0046666,-0.0155189,-0.0085354,-0.0085893,-0.0061101,sell
2015-08-17,0,0.28,0.26,0,0,0,0,0.09, 0.0107727, 0.0083336, 0.0007113, 0.0094936, 0.0049158,buy
2015-08-18,0,0.43,0.26,0,0,0.01,0,0.11, 0.0064638, 0.0010442, 0.0005857, 0.0035784,-0.0079241,buy
2015-08-19,0,0.83,0.79,0,0,0.02,0,0.17,-0.0056891,-0.0059374,-0.0050931,-0.0094348, 0.0061584,sell
2015-08-20,0,1.81,1.43,0,0,0.03,0,0.35,-0.0122681,-0.0096576,-0.0046755,-0.0127224,-0.0046755,sell
2015-08-21,0,2.95,0.67,0,0,0.06,0,0.73,-0.0250075,-0.0228994,-0.0239782,-0.0288597,-0.0239782,sell
2015-08-22,0,2.03,0.19,0,0,0.12,0,0.74, 0.0091891, 0.0087574, 0.0101233, 0.0043203, 0.0105000,buy
2015-08-23,0,0.96,0.11,0,0,0.14,0.07,0.33,-0.0004684,-0.0047764,-0.0151827,-0.0037761,-0.0019276,buy
2015-08-24,0,0.59,0.11,0,0,0.08,0.21,0.13,-0.0063380,-0.0077370,-0.0050704,-0.0084561,-0.0014603,sell
2015-08-25,0,0.54,0.24,0,0,0.04,0.65,0.06,-0.0252354,-0.0265861,-0.0249340,-0.0260693,-0.0304334,sell
2015-08-26,0,0.69,0.41,0,0,0.02,1.44,0.03, 0.0209601, 0.0121465, 0.0175777, 0.0177777, 0.0038733,buy
2015-08-27,0,1.25,0.71,0,0,0.02,1.01,0, 0.0015608,-0.0000658,-0.0022005,-0.0035082,-0.0088875,buy
2015-08-28,0,2.11,1.23,0,0,0.03,0.34,0,-0.0037216,-0.0082409, 0.0026146, 0.0012241,-0.0038441,buy
2015-08-29,0,1.86,1.61,0,0,0.01,0.12,0, 0.0039482,-0.0196983, 0.0064372, 0.0012921, 0.0053581,buy
2015-08-30,0,1.31,1.27,0,0,0,0.04,0,-0.0058385,-0.0043187, 0.0053720,-0.0065730, 0.0003511,buy
2015-08-31,0,1.2,0.9,0,0,0,0,0, 0.0006859, 0.0132072, 0.0009825, 0.0027742, 0.0009825,buy
2015-09-01,0,1.31,0.77,0,0,0,0,0,-0.0135523, 0.0040722,-0.0124601,-0.0106811,-0.0117452,sell
2015-09-02,0,1.53,0.85,0,0,0,0,0, 0.0156369, 0.0126338, 0.0164988, 0.0167858, 0.0170421,buy
2015-09-03,0,1.6,1.32,0.05,0,0,0,0,-0.0109901,-0.0164428,-0.0088330,-0.0115360,-0.0094501,sell
2015-09-04,0,1.33,1.56,0.14,0,0,0,0.02, 0.0028641, 0.0089923, 0.0137439, 0.0137564, 0.0105781,buy
2015-09-05,0,1.07,0.94,0.37,0,0,0,0.04, 0.0119479, 0.0119479, 0.0119479, 0.0119479, 0.0119479,buy
2015-09-06,0,0.86,0.62,0.94,0,0.01,0.01,0.09,-0.0077041,-0.0036695,-0.0077041, 0.0006332,-0.0117392,buy
2015-09-07,0,0.69,0.5,0.93,0,0.02,0.01,0.19,-0.0169218,-0.0176664,-0.0195139,-0.0176664,-0.0169041,sell
2015-09-08,0,0.55,0.47,0.39,0,0.03,0.03,0.37,-0.0162888,-0.0154578,-0.0207503,-0.0206781,-0.0152744,sell
2015-09-09,0,0.44,0.5,0.17,0,0.05,0.04,0.63,-0.0137505,-0.0166299,-0.0189153,-0.0013856,-0.0121550,sell
2015-09-10,0,0.38,0.63,0.07,0,0.09,0.06,0.57, 0.0160724, 0.0010938, 0.0168563, 0.0156470, 0.0212734,buy
2015-09-11,0,0.36,1.03,0.04,0,0.14,0.09,0.33, 0.0181113, 0.0113701, 0.0092814, 0.0093528, 0.0190361,buy
2015-09-12,0,0.38,1.68,0,0,0.18,0.11,0.2,-0.0072286,-0.0090713,-0.0085867,-0.0058179,-0.0086317,sell
2015-09-13,0,0.51,1.32,0,0,0.16,0.13,0.13, 0.0083708, 0.0062057,-0.0032655, 0.0169842, 0.0148910,buy
2015-09-14,0,0.87,0.62,0,0,0.12,0.13,0.09, 0.0161400, 0.0072012,-0.0128350,-0.0098006,-0.0057561,sell
2015-09-15,0,1.37,0.31,0.04,0,0.09,0.13,0.07,-0.0101607,-0.0103911,-0.0021224,-0.0025128, 0.0007861,buy
2015-09-16,0,1.09,0.17,0.05,0,0.08,0.12,0.05,-0.0014048,-0.0030747,-0.0001997,-0.0006830, 0.0050501,buy
2015-09-17,0,0.68,0.07,0.05,0,0.08,0.1,0.05,-0.0009313, 0.0032822, 0.0099504,-0.0033670, 0.0185923,buy
2015-09-18,0,0.56,0.05,0.06,0,0.09,0.07,0.07, 0.0061863, 0.0146516, 0.0074884, 0.0021557, 0.0243095,buy
2015-09-19,0,0.69,0,0.05,0,0.11,0.12,0.1, 0.0043828, 0.0108153, 0.0037528, 0.0025643, 0.0200944,buy
2015-09-20,0,1,0,0.05,0,0.17,0.18,0.14,-0.0008890,-0.0070849,-0.0106876, 0.0019546,-0.0096822,buy
2015-09-21,0,1.64,0,0.04,0,0.21,0.34,0.21, 0.0175699, 0.0150127, 0.0175195, 0.0232593, 0.0175195,buy
2015-09-22,0,1.56,0,0,0,0.2,0.75,0.34, 0.0091593, 0.0093698, 0.0003775, 0.0122471, 0.0054000,buy
2015-09-23,0,1,0,0,0,0.21,1.43,0.59, 0.0145674,-0.0013132,-0.0106874,-0.0114417,-0.0026924,buy
2015-09-24,0,0.8,0,0,0,0.12,1.2,1.05, 0.0104646, 0.0096438, 0.0111303, 0.0004366, 0.0090791,buy
2015-09-25,0,1.01,0,0.03,0,0.04,0.54,1.3,-0.0085319,-0.0049260, 0.0052228,-0.0048405,-0.0053385,sell
2015-09-26,0,1.46,0,0.09,0,0.02,0.24,0.99,-0.0026741,-0.0027311, 0.0046047,-0.0027311, 0.0003537,buy
2015-09-27,0,1.27,0,0.26,0,0.01,0.11,0.57,-0.0119880,-0.0076751, 0.0026056, 0.0010079, 0.0014912,buy
2015-09-28,0,0.87,0.06,0.83,0,0.02,0.05,0.33,-0.0238214,-0.0237263,-0.0235076,-0.0235393,-0.0272772,sell
2015-09-29,0,0.88,0.12,1.05,0,0.03,0,0.17,-0.0182917,-0.0170285,-0.0206506,-0.0157982,-0.0182326,sell
2015-09-30,0,1.36,0.27,0.62,0,0.02,0,0.11,-0.0132354,-0.0132354,-0.0132354,-0.0100570,-0.0167218,sell
2015-10-01,0,1.72,0.59,0.65,0,0.02,0,0.07,-0.0145021,-0.0145021,-0.0140299,-0.0061121,-0.0093076,sell
2015-10-02,0,1.3,1.06,0.99,0,0.02,0.07,0.07, 0.0070207, 0.0145172, 0.0128149, 0.0126500, 0.0119535,buy
2015-10-03,0,0.97,0.87,0.85,0,0.03,0.17,0.09, 0.0026068, 0.0145081, 0.0025353, 0.0120064, 0.0003842,buy
2015-10-04,0,1.01,0.4,0.45,0,0.03,0.4,0.15,-0.0077569,-0.0069945,-0.0069945,-0.0018026,-0.0048603,sell
2015-10-05,0,1.51,0.18,0.27,0,0.04,0.81,0.4, 0.0015904, 0.0062614, 0.0015904, 0.0034177, 0.0036272,buy
2015-10-06,0,1.71,0.08,0.18,0,0.06,1.44,0.68, 0.0090286, 0.0084432, 0.0013632, 0.0090286,-0.0018138,buy
2015-10-07,0,1.01,0.04,0.14,0,0.08,1.4,0.55,-0.0051327, 0.0043708,-0.0132926,-0.0157935,-0.0149366,sell
2015-10-08,0,0.53,0.07,0.19,0,0.11,0.93,0.37, 0.0038578,-0.0053686,-0.0034225,-0.0049577,-0.0075803,buy
2015-10-09,0,0.39,0.19,0.32,0,0.17,0.71,0.44, 0.0175662, 0.0056115, 0.0052220, 0.0104029,-0.0059336,buy
2015-10-10,0,0.46,0.48,0.64,0,0.23,0.67,0.72, 0.0090108, 0.0006446, 0.0003787, 0.0047483,-0.0095350,buy
2015-10-11,0,0.83,1.08,1.41,0,0.16,0.83,0.71,-0.0097367,-0.0143294,-0.0151186,-0.0151186,-0.0145635,sell
2015-10-12,0,1.59,0.88,1.92,0,0.09,1.17,0.37,-0.0066139,-0.0022198,-0.0023811, 0.0020064,-0.0013730,buy
2015-10-13,0,1.4,0.33,1.54,0,0.05,1.43,0.19, 0.0038715, 0.0138983, 0.0066058, 0.0085468, 0.0085468,buy
2015-10-14,0,0.62,0.12,0.88,0,0.04,1.06,0.09, 0.0036977,-0.0104326,-0.0130672,-0.0028138,-0.0086647,sell
2015-10-15,0,0.27,0.05,0.35,0,0.03,0.57,0.05,-0.0117267, 0.0156506, 0.0156773, 0.0130396, 0.0146361,buy
2015-10-16,0,0.12,0,0.13,0,0.02,0.27,0.02,-0.0093958,-0.0116763, 0.0019926,-0.0110639,-0.0113377,sell
2015-10-17,0,0.05,0,0.03,0,0.02,0.12,0, 0.0145402, 0.0121629, 0.0052530, 0.0119127, 0.0109090,buy
2015-10-18,0,0,0.12,0,0,0.02,0.05,0, 0.0147904, 0.0132885, 0.0072792, 0.0132885, 0.0121629,buy
2015-10-19,0,0,0.18,0,0,0.03,0,0, 0.0277812, 0.0145881, 0.0186763, 0.0136831, 0.0051953,buy
2015-10-20,0,0,0.34,0,0,0.03,0,0.05, 0.0144861, 0.0208523, 0.0216540, 0.0044433, 0.0119208,buy
2015-10-21,0,0,0.63,0,0,0.05,0,0.19, 0.0117765, 0.0194897, 0.0158046, 0.0109270, 0.0148616,buy
2015-10-22,0,0,1.19,0,0,0.07,0,0.62, 0.0036390, 0.0033831, 0.0092977, 0.0083648, 0.0052558,buy
2015-10-23,0,0,2.47,0.07,0,0.13,0,0.55, 0.0078309, 0.0148222, 0.0151457, 0.0075475, 0.0115200,buy
2015-10-24,0,0,2.69,0.3,0,0.17,0,0.14, 0.0044864,-0.0007333,-0.0005376, 0.0042508,-0.0064817,buy
2015-10-25,0,0,1.67,1.28,0,0.22,0,0.04,-0.0030588,-0.0030333, 0.0115207,-0.0039615,-0.0032879,buy
2015-10-26,0,0,1.39,1.2,0,0.26,0,0, 0.0000056,-0.0013738, 0.0113704,-0.0031206,-0.0035054,buy
2015-10-27,0,0,1.93,0.28,0,0.15,0,0, 0.0037474, 0.0037474, 0.0037474, 0.0037474, 0.0022664,buy
2015-10-28,0,0,1.9,0.06,0,0.12,0,0, 0.0073274, 0.0032849, 0.0032849, 0.0055113, 0.0017637,buy
2015-10-29,0,0,1.08,0,0,0.12,0,0,-0.0082685, 0.0012671, 0.0012785,-0.0025830, 0.0012785,buy
2015-10-30,0,0,0.83,0,0,0.16,0,0,-0.0056478,-0.0034710,-0.0016099,-0.0034710,-0.0033774,buy
2015-10-31,0,0,0.98,0,0,0.15,0,0,-0.0130560,-0.0040340,-0.0040340,-0.0079800,-0.0036485,sell
2015-11-01,0,0,1.76,0,0,0.12,0,0,-0.0048974,-0.0131909,-0.0131909,-0.0091120,-0.0020902,sell
2015-11-02,0,0.04,1.6,0,0,0.13,0.08,0,-0.0135986,-0.0087782,-0.0087782,-0.0104854,-0.0021504,sell
2015-11-03,0,0.1,1.18,0.03,0,0.17,0.18,0,-0.0134305,-0.0030598,-0.0026946,-0.0026265, 0.0050852,buy
2015-11-04,0,0.27,1.25,0.12,0,0.11,0.44,0,-0.0215372,-0.0127034,-0.0127601,-0.0223889, 0.0002414,sell
2015-11-05,0,0.7,1.44,0.28,0,0.06,1.06,0,-0.0071128,-0.0123233,-0.0148461,-0.0031326,-0.0150066,sell
2015-11-06,0,1.19,1.49,0.7,0,0.05,1.32,0, 0.0023959,-0.0006534,-0.0010278, 0.0070349,-0.0018468,buy
2015-11-07,0,0.77,1.37,1.16,0,0.05,0.69,0,-0.0056324, 0.0013730, 0.0005264, 0.0017406,-0.0027787,buy
2015-11-08,0,0.41,1.48,0.95,0,0.07,0.56,0,-0.0100969,-0.0107154,-0.0043521,-0.0105219,-0.0026231,sell
2015-11-09,0,0.6,2.07,0.88,0,0.12,1.08,0,-0.0059901,-0.0103081, 0.0027699,-0.0062275, 0.0031319,buy
2015-11-10,0,1.24,2.23,1.03,0,0.17,2.15,0,-0.0096016, 0.0012758, 0.0036556, 0.0009124, 0.0031869,buy
2015-11-11,0,0.65,1.63,0.81,0,0.12,1.82,0,-0.0094255,-0.0064584,-0.0056211,-0.0069117,-0.0072041,sell
2015-11-12,0,0.15,2.17,0.44,0,0.08,1.57,0,-0.0064163,-0.0042468,-0.0063523,-0.0071151,-0.0090221,sell
2015-11-13,0,0.04,1.69,0.26,0,0.06,2.45,0,-0.0011984,-0.0072210,-0.0067752,-0.0014921,-0.0072210,buy
2015-11-14,0,0,0.64,0.15,0,0.06,1.8,0,-0.0132789,-0.0114429,-0.0135728,-0.0158547,-0.0144889,sell
2015-11-15,0,0,0.37,0.09,0,0.06,0.7,0, 0.0037243,-0.0044712,-0.0036923, 0.0059520,-0.0046248,buy
2015-11-16,0,0,0.27,0.05,0,0.07,0.29,0,-0.0102166, 0.0035121, 0.0036208, 0.0125332, 0.0029315,buy
2015-11-17,0,0,0.23,0.03,0,0.1,0.18,0.03,-0.0087523,-0.0068459,-0.0061078,-0.0044683,-0.0006994,buy
2015-11-18,0,0,0.2,0,0,0.14,0.15,0.08, 0.0130897, 0.0074376, 0.0142499, 0.0130897, 0.0130897,buy
2015-11-19,0,0.07,0.17,0,0,0.26,0.24,0.21, 0.0164875, 0.0154432, 0.0076002, 0.0050742, 0.0161823,buy
2015-11-20,0,0.37,0.15,0.06,0,0.33,0.36,0.56, 0.0015388, 0.0026410,-0.0028177, 0.0016989, 0.0026410,buy
2015-11-21,0,1.42,0.13,0.17,0,0.24,0.59,0.64, 0.0034163,-0.0037426,-0.0021614,-0.0021106, 0.0006114,buy
2015-11-22,0,1.92,0.11,0.47,0,0.15,0.94,0.26, 0.0133556, 0.0131076, 0.0135711, 0.0170059, 0.0113087,buy
2015-11-23,0,1.34,0.1,1.27,0,0.08,1.54,0.1,-0.0036964, 0.0027507,-0.0053971,-0.0035871,-0.0083936,buy
2015-11-24,0,1.7,0.08,1.19,0,0.06,2.03,0.04, 0.0048081, 0.0110647,-0.0025434, 0.0093923,-0.0047501,buy
2015-11-25,0,1.1,0.07,0.42,0,0.06,2.14,0, 0.0002553, 0.0068585, 0.0030443, 0.0138177, 0.0077606,buy
2015-11-26,0,0.44,0.06,0.15,0,0.07,1.54,0,-0.0121160, 0.0211349,-0.0074688,-0.0122292,-0.0072794,buy
2015-11-27,0,0.17,0.06,0.05,0,0.13,0.84,0,-0.0141689, 0.0000593, 0.0106898, 0.0036760,-0.0018483,buy
2015-11-28,0,0.07,0.05,0,0,0.2,0.51,0, 0.0087522,-0.0009990,-0.0022539,-0.0017576, 0.0006286,buy
2015-11-29,0,0,0.04,0,0,0.14,0.35,0.02, 0.0051634, 0.0037201, 0.0043778, 0.0024404, 0.0184009,buy
2015-11-30,0,0,0,0,0,0.07,0.27,0.03, 0.0176198, 0.0180702, 0.0159472, 0.0064191, 0.0092611,buy
2015-12-01,0,0,0.05,0,0,0.03,0.28,0.07,-0.0018369,-0.0038314, 0.0007994,-0.0038314,-0.0038169,buy
2015-12-02,0,0,0.12,0,0,0.02,0.35,0.14, 0.0119959, 0.0047888, 0.0345769, 0.0153572, 0.0205717,buy
2015-12-03,0,0,0.29,0,0,0.01,0.44,0.34,-0.0180104,-0.0144144,-0.0204640,-0.0174079,-0.0144144,sell
2015-12-04,0,0,0.74,0.05,0,0.01,0.64,0.65,-0.0013851, 0.0137995, 0.0084609, 0.0136257, 0.0081755,buy
2015-12-05,0,0,1.08,0.08,0,0.01,0.94,0.63,-0.0133285, 0.0108614,-0.0063629, 0.0053477,-0.0078944,buy
2015-12-06,0,0,0.61,0.14,0,0.01,1.12,0.7,-0.0085889, 0.0012560,-0.0039165,-0.0037154, 0.0030063,buy
2015-12-07,0,0,0.25,0.25,0,0.01,0.9,0.63,-0.0080899,-0.0080330,-0.0127706,-0.0080330,-0.0023105,sell
2015-12-08,0,0,0.1,0.42,0,0.02,0.62,0.41, 0.0049770, 0.0076080, 0.0111709, 0.0112452, 0.0016953,buy
2015-12-09,0,0,0.04,0.71,0,0.03,0.42,0.39,-0.0141211,-0.0156086,-0.0174773,-0.0129870,-0.0166960,sell
2015-12-10,0,0,0,1.21,0,0.08,0.28,0.64, 0.0020076, 0.0037997, 0.0075062,-0.0085881,-0.0000331,buy
2015-12-11,0,0,0,1.27,0,0.1,0.19,0.51,-0.0054578,-0.0035273, 0.0061174,-0.0079828,-0.0036054,buy
2015-12-12,0,0,0,0.78,0,0.04,0.13,0.27,-0.0193541,-0.0203360,-0.0205588,-0.0146514,-0.0198200,sell
2015-12-13,0,0,0,0.46,0,0.02,0.09,0.3, 0.0071090, 0.0021332, 0.0056944, 0.0081728, 0.0018440,buy
2015-12-14,0,0,0,0.27,0,0.01,0.16,0.42,-0.0062149, 0.0068459, 0.0094633,-0.0024611,-0.0068310,buy
2015-12-15,0,0,0.05,0.16,0,0,0.32,0.29,-0.0247156, 0.0015967,-0.0247156,-0.0269890,-0.0268908,sell
2015-12-16,0,0.06,0.14,0.1,0,0,0.76,0.13,-0.0058048,-0.0052675,-0.0065788, 0.0031344,-0.0112063,buy
2015-12-17,0,0.14,0.4,0.06,0,0.01,1.27,0.05,-0.0069958,-0.0072943,-0.0161270,-0.0152727,-0.0158845,sell
2015-12-18,0,0.34,1.15,0,0,0.01,0.75,0.06,-0.0062285,-0.0062285,-0.0167176,-0.0047715,-0.0054043,sell
2015-12-19,0,0.82,1.44,0,0,0.01,0.28,0.14,-0.0041733,-0.0115245,-0.0135306,-0.0101918,-0.0074593,sell
2015-12-20,0,1.18,0.59,0,0,0.02,0.13,0.51,-0.0142823,-0.0089267,-0.0113266,-0.0129613,-0.0129265,sell
2015-12-21,0,0.71,0.2,0,0,0.03,0.08,0.65,-0.0085103,-0.0049829,-0.0071067,-0.0094597,-0.0087640,sell
2015-12-22,0,0.3,0.07,0,0,0.04,0.21,0.25, 0.0002731,-0.0009159, 0.0015675, 0.0002731,-0.0001066,buy
2015-12-23,0,0.13,0,0,0,0.06,0.53,0.15, 0.0132232, 0.0060787, 0.0128345, 0.0151194, 0.0149186,buy
2015-12-24,0,0.05,0,0,0,0.1,0.83,0.22,-0.0183699,-0.0180690,-0.0177330,-0.0129646,-0.0102397,sell
2015-12-25,0,0,0,0,0,0.16,0.48,0.38, 0.0053407, 0.0081136,-0.0012139, 0.0061031, 0.0041821,buy
2015-12-26,0,0,0,0,0,0.24,0.2,0.64,-0.0159157,-0.0151272,-0.0200244,-0.0151272, 0.0115297,sell
2015-12-27,0,0,0,0,0,0.31,0.1,0.65, 0.0006667, 0.0008605,-0.0082134, 0.0008605, 0.0008605,buy
2015-12-28,0,0.09,0,0,0,0.32,0.04,0.63, 0.0020435, 0.0022373,-0.0053897, 0.0022373, 0.0022373,buy
2015-12-29,0,0.27,0,0,0,0.27,0.03,0.66,-0.0118275,-0.0117549,-0.0328918,-0.0117549, 0.0005849,sell
2015-12-30,0,0.8,0,0,0,0.25,0.03,0.54,-0.0119722,-0.0119610,-0.0157034,-0.0115025,-0.0069329,sell
2015-12-31,0,1.57,0,0,0,0.13,0.02,0.39,-0.0051521,-0.0069683,-0.0125809,-0.0052759,-0.0065727,sell
2016-01-01,0,1.03,0,0,0,0.06,0.01,0.29, 0.0122227, 0.0061840, 0.0133263, 0.0104043, 0.0133263,buy
2016-01-02,0,0.35,0,0,0,0.03,0.01,0.27, 0.0017654, 0.0029617, 0.0029617, 0.0026878,-0.0054806,buy
2016-01-03,0,0.12,0,0,0,0.01,0,0.35, 0.0111981, 0.0114490, 0.0110228, 0.0129761,-0.0057494,buy
2016-01-04,0,0,0,0,0,0.01,0,0.5, 0.0106008, 0.0105110,-0.0006837, 0.0106477, 0.0105045,buy
2016-01-05,0,0,0,0,0,0,0,0.72,-0.0155280,-0.0167859,-0.0162316,-0.0142766,-0.0150815,sell
2016-01-06,0,0,0,0,0,0,0,0.82,-0.0054418,-0.0048763,-0.0075778,-0.0154583,-0.0040997,sell
2016-01-07,0,0,0,0,0,0.01,0,0.85,-0.0220912,-0.0228085,-0.0196953,-0.0054191,-0.0161134,sell
2016-01-08,0,0,0,0,0,0.01,0,0.51,-0.0099636,-0.0083362,-0.0083362,-0.0108860,-0.0094239,sell
2016-01-09,0,0,0,0,0,0.04,0,0.21, 0.0159604, 0.0177143, 0.0191228, 0.0159604, 0.0189389,buy
2016-01-10,0,0,0,0,0,0.09,0,0.07,-0.0100477, 0.0021591,-0.0166711, 0.0040102,-0.0158100,sell
2016-01-11,0,0,0,0,0,0.19,0,0.03,-0.0050325, 0.0051125, 0.0007902,-0.0055656,-0.0089624,buy
2016-01-12,0,0,0,0,0,0.17,0,0,-0.0015995, 0.0019480, 0.0026181, 0.0019480,-0.0000575,buy
2016-01-13,0,0,0,0,0,0.07,0,0, 0.0069751,-0.0152190,-0.0166923,-0.0167636,-0.0109496,sell
2016-01-14,0,0,0.03,0,0,0.06,0,0, 0.0261964, 0.0127301, 0.0134797, 0.0112196, 0.0047241,buy
2016-01-15,0,0,0.04,0,0,0.09,0,0.03, 0.0110066, 0.0057512, 0.0042075, 0.0061810, 0.0054075,buy
2016-01-16,0,0,0.05,0,0,0.18,0,0.12,-0.0051887,-0.0018129,-0.0051887,-0.0158633,-0.0158108,sell
2016-01-17,0,0,0.05,0,0,0.32,0,0.35, 0.0066427, 0.0066427, 0.0049764, 0.0072724, 0.0072724,buy
2016-01-18,0,0,0.07,0,0,0.42,0,0.54,-0.0089755,-0.0105560,-0.0061879,-0.0110187,-0.0105560,sell
2016-01-19,0,0,0.08,0,0,0.28,0,0.52,-0.0062943,-0.0066598,-0.0104348,-0.0066598,-0.0066598,sell
2016-01-20,0,0,0.09,0,0,0.15,0,0.68, 0.0177954, 0.0119368, 0.0176440, 0.0174225, 0.0129884,buy
2016-01-21,0,0,0.11,0,0,0.08,0,0.59,-0.0135519,-0.0143575,-0.0126040,-0.0026153,-0.0187068,sell
2016-01-22,0,0,0.13,0,0,0.04,0,0.34, 0.0093368, 0.0093368, 0.0093368, 0.0108632, 0.0108632,buy
2016-01-23,0,0,0.15,0,0,0.02,0,0.27, 0.0052699, 0.0045857, 0.0045857, 0.0068515, 0.0060619,buy
2016-01-24,0,0.05,0.17,0,0,0.01,0.05,0.26,-0.0026020,-0.0012735,-0.0012735,-0.0013802,-0.0026020,buy
2016-01-25,0,0.13,0.2,0,0,0,0.12,0.29,-0.0136870,-0.0017534,-0.0090191,-0.0044276,-0.0096600,sell
2016-01-26,0,0.33,0.23,0,0,0,0.18,0.34,-0.0112196, 0.0008044,-0.0054075,-0.0013186,-0.0119920,sell
2016-01-27,0,0.86,0.27,0,0,0,0.24,0.38,-0.0218664, 0.0032867,-0.0147316,-0.0087888,-0.0205249,sell
2016-01-28,0,0.99,0.36,0,0,0,0.31,0.43,-0.0208838,-0.0048635,-0.0162219,-0.0082926,-0.0186170,sell
2016-01-29,0,0.43,0.44,0,0,0,0.4,0.5, 0.0043834,-0.0127808, 0.0100255,-0.0113843, 0.0053810,buy
2016-01-30,0,0.16,0.52,0,0,0,0.56,0.63, 0.0154521, 0.0050766, 0.0114350, 0.0050059, 0.0145336,buy
2016-01-31,0,0.06,0.65,0,0,0,0.79,0.83, 0.0027351, 0.0003985, 0.0027351, 0.0014470, 0.0028570,buy
2016-02-01,0,0,0.82,0,0,0,1.22,0.85,-0.0087086,-0.0017137,-0.0061751,-0.0099484,-0.0095555,sell
2016-02-02,0,0,1.02,0,0,0,2.09,0.6,-0.0171862,-0.0059202,-0.0138941,-0.0161028,-0.0161028,sell
2016-02-03,0,0,1.33,0,0,0,3.16,0.46, 0.0178988, 0.0237402, 0.0258429, 0.0258429, 0.0239061,buy
2016-02-04,0,0,1.75,0,0,0,2.94,0.46, 0.0024504, 0.0108876, 0.0188366, 0.0184272, 0.0184373,buy
2016-02-05,0,0,2.21,0,0,0,2.61,0.7,-0.0115560,-0.0072736, 0.0074799, 0.0043798,-0.0066893,buy
2016-02-06,0,0,2.15,0,0,0,3.32,1.35,-0.0097950,-0.0155607, 0.0182286, 0.0062975,-0.0097950,sell
2016-02-07,0,0,1.86,0,0,0,3.49,1.64,-0.0021962,-0.0181540, 0.0145700, 0.0039665, 0.0019299,buy
2016-02-08,0,0,1.77,0,0,0,2.44,1.06, 0.0044898,-0.0073804, 0.0140280, 0.0044898, 0.0039750,buy
2016-02-09,0,0,1.86,0,0,0,1.35,0.54, 0.0073109,-0.0033012, 0.0050415, 0.0043380, 0.0063014,buy
2016-02-10,0,0,2.17,0,0,0.01,0.85,0.28,-0.0120803,-0.0120803,-0.0038068,-0.0119820,-0.0112984,sell
2016-02-11,0,0,1.92,0,0,0.02,0.62,0.14,-0.0156707,-0.0163814,-0.0090193,-0.0122203,-0.0136042,sell
2016-02-12,0,0,1.33,0,0,0.06,0.68,0.08,-0.0099467,-0.0086254,-0.0056970,-0.0120740,-0.0097491,sell
2016-02-13,0,0,1.05,0,0,0.17,0.85,0.04, 0.0083688,-0.0055858,-0.0029919,-0.0104943, 0.0092906,buy
2016-02-14,0,0,0.93,0,0,0.19,0.82,0.02, 0.0020108,-0.0107832,-0.0025646,-0.0110916, 0.0012877,buy
2016-02-15,0,0.05,0.8,0,0,0.1,0.47,0,-0.0054813,-0.0062402,-0.0076938,-0.0052608,-0.0070362,sell
2016-02-16,0,0.17,0.76,0,0,0.14,0.29,0,-0.0150105,-0.0011922,-0.0049331,-0.0016497,-0.0037412,buy
2016-02-17,0,0.63,0.74,0,0,0.2,0.17,0, 0.0108995, 0.0001914,-0.0039275, 0.0108995, 0.0113433,buy
2016-02-18,0,1.02,0.72,0,0,0.14,0.11,0,-0.0026810,-0.0043833,-0.0289706,-0.0109917,-0.0147076,sell
2016-02-19,0,0.56,0.71,0,0,0.12,0.06,0, 0.0137026,-0.0098580,-0.0274339,-0.0007034,-0.0019213,buy
2016-02-20,0,0.64,0.7,0,0,0.23,0.04,0, 0.0040306, 0.0010862,-0.0001858, 0.0031423, 0.0040306,buy
2016-02-21,0,0.98,0.72,0,0,0.29,0.02,0, 0.0211102, 0.0167399, 0.0176883, 0.0094731, 0.0213217,buy
2016-02-22,0,0.54,0.73,0,0,0.22,0.07,0, 0.0052255,-0.0078895,-0.0044529, 0.0060984, 0.0060984,buy
2016-02-23,0,0.16,0.75,0,0,0.11,0.25,0,-0.0053798,-0.0013745,-0.0037895,-0.0028884,-0.0004381,buy
2016-02-24,0,0.05,0.77,0,0,0.04,0.97,0, 0.0208748,-0.0003104, 0.0129433, 0.0102404, 0.0104250,buy
2016-02-25,0,0,0.85,0,0,0.01,1.79,0,-0.0013772,-0.0048327,-0.0013772, 0.0059599,-0.0012519,buy
2016-02-26,0,0,1.08,0,0,0.02,1.94,0.02, 0.0089170, 0.0042346, 0.0063471, 0.0137766, 0.0086773,buy
2016-02-27,0,0,1.8,0,0,0.01,1.53,0.03,-0.0027991,-0.0042218,-0.0042201,-0.0077439,-0.0085153,sell
2016-02-28,0,0,1.73,0,0,0.02,0.86,0.03,-0.0191213,-0.0178100,-0.0141309,-0.0132819,-0.0167274,sell
2016-02-29,0,0,1.29,0,0,0.05,1.53,0.04, 0.0105466, 0.0097344, 0.0052687, 0.0023443, 0.0105466,buy
2016-03-01,0,0,1.36,0,0,0.07,1.9,0.04, 0.0149390, 0.0099505,-0.0012278, 0.0097919, 0.0116838,buy
2016-03-02,0,0,1.78,0,0,0.12,1.85,0.13, 0.0167113, 0.0053513, 0.0056857, 0.0032851, 0.0013001,buy
2016-03-03,0,0,2.36,0,0,0.13,2.02,0.29, 0.0088325, 0.0012365, 0.0047090, 0.0035673, 0.0012365,buy
2016-03-04,0,0.05,2.13,0.02,0,0.11,1.65,0.7, 0.0276897, 0.0082559, 0.0260521, 0.0299345, 0.0260521,buy
2016-03-05,0,0.07,2,0.06,0,0.15,1.18,1.18, 0.0190835,-0.0021899, 0.0219049, 0.0181759, 0.0200971,buy
2016-03-06,0,0.09,2.03,0.18,0,0.28,1.3,1.04,-0.0041840,-0.0008014,-0.0041840,-0.0031602,-0.0036585,buy
2016-03-07,0,0.11,1.9,0.49,0,0.33,1.32,0.55,-0.0068141,-0.0043535,-0.0057359,-0.0045167,-0.0033131,buy
2016-03-08,0,0.15,1.72,0.79,0,0.18,0.63,0.29, 0.0122645, 0.0025660, 0.0098377, 0.0148042, 0.0098377,buy
2016-03-09,0,0.2,1.6,0.46,0,0.11,0.29,0.2,-0.0061934,-0.0065481,-0.0050186, 0.0068689,-0.0059682,buy
2016-03-10,0,0.25,1.5,0.17,0,0.11,0.17,0.2,-0.0049561,-0.0059199,-0.0099529,-0.0008939,-0.0027115,buy
2016-03-11,0,0.33,1.42,0.06,0,0.16,0.18,0.22, 0.0026783, 0.0021496,-0.0025122, 0.0104542, 0.0091084,buy
2016-03-12,0,0.42,1.38,0,0,0.21,0.28,0.36,-0.0024968,-0.0112925,-0.0105777,-0.0049107,-0.0090801,sell
2016-03-13,0,0.53,1.36,0.06,0,0.29,0.73,0.68,-0.0049515, 0.0030901,-0.0039099,-0.0034560, 0.0018958,buy
2016-03-14,0,0.68,1.36,0.37,0,0.37,1.69,1.52,-0.0012051, 0.0050688,-0.0014908,-0.0026642,-0.0116949,buy
2016-03-15,0,0.86,1.38,0.78,0,0.42,2.01,1.33, 0.0016236, 0.0047524, 0.0029365,-0.0015711,-0.0069348,buy
2016-03-16,0,1.07,1.39,0.28,0,0.3,0.77,0.66,-0.0188657,-0.0051364,-0.0192360,-0.0149925,-0.0057298,sell
2016-03-17,0,1.34,1.28,0.05,0,0.12,0.25,0.48,-0.0066961, 0.0060274, 0.0016170, 0.0016909, 0.0016170,buy
2016-03-18,0,1.6,1.14,0,0,0.05,0.08,0.47,-0.0124633,-0.0070622,-0.0069574,-0.0076813,-0.0069574,sell
2016-03-19,0,1.54,1.01,0,0,0.03,0.04,0.5,-0.0070531,-0.0074464,-0.0049083,-0.0019107,-0.0055712,sell
2016-03-20,0,1.25,0.89,0,0,0.02,0,0.55, 0.0032086,-0.0041444, 0.0070273, 0.0083318, 0.0060898,buy
2016-03-21,0,1.03,0.77,0,0,0.02,0,0.61, 0.0078495, 0.0012875, 0.0111410, 0.0104951, 0.0097745,buy
2016-03-22,0,0.85,0.67,0.04,0,0.01,0,0.72, 0.0103135, 0.0053813, 0.0128354, 0.0107669, 0.0103135,buy
2016-03-23,0,0.7,0.58,0.12,0,0.01,0.08,0.83, 0.0079422, 0.0097022, 0.0106546, 0.0077704, 0.0098024,buy
2016-03-24,0,0.59,0.51,0.42,0,0.01,0.25,1, 0.0045497, 0.0073671, 0.0035424, 0.0038300, 0.0053908,buy
2016-03-25,0,0.5,0.42,0.8,0,0.01,0.73,1.31, 0.0029495, 0.0055760, 0.0037254, 0.0054597, 0.0054597,buy
2016-03-26,0,0.42,0.36,0.44,0,0.01,1.27,1.06, 0.0045934, 0.0283658, 0.0082340, 0.0243429, 0.0267861,buy
2016-03-27,0,0.36,0.33,0.13,0,0,0.72,0.67,-0.0034785,-0.0034785,-0.0034785,-0.0018586, 0.0104037,buy
2016-03-28,0,0.31,0.45,0.04,0,0.01,0.24,0.54,-0.0052761,-0.0020256,-0.0006071,-0.0041729,-0.0043279,buy
2016-03-29,0,0.27,1.05,0,0,0.01,0.08,0.6, 0.0163512, 0.0115307, 0.0203399, 0.0052275, 0.0141368,buy
2016-03-30,0,0.24,0.72,0,0,0.03,0,1,-0.0009557,-0.0016847, 0.0036938,-0.0038570,-0.0056453,buy
2016-03-31,0,0.4,0.24,0,0,0.05,0,0.66,-0.0217989,-0.0174576,-0.0174576,-0.0188019,-0.0174576,sell
2016-04-01,0,1.19,0.17,0,0,0.11,0,0.36, 0.0100475,-0.0021487, 0.0020016,-0.0006562, 0.0039671,buy
2016-04-02,0,1.56,0.29,0,0,0.12,0,0.3, 0.0003366,-0.0030249,-0.0155453, 0.0025269,-0.0140803,buy
2016-04-03,0,0.53,0.63,0,0,0.06,0,0.32, 0.0110675, 0.0154317, 0.0160645, 0.0165243, 0.0125284,buy
2016-04-04,0,0.49,0.93,0,0,0.03,0,0.36,-0.0065232, 0.0085168, 0.0091322, 0.0073999, 0.0030573,buy
2016-04-05,0,1.67,0.56,0,0,0.02,0,0.52, 0.0039754, 0.0056269, 0.0074582, 0.0110370, 0.0127097,buy
2016-04-06,0,2.73,0.2,0,0,0.01,0,0.84,-0.0085027,-0.0070076,-0.0084873,-0.0312055,-0.0075279,sell
2016-04-07,0,1.26,0.08,0,0,0,0,0.75,-0.0104621,-0.0130622,-0.0036842,-0.0107767,-0.0067785,sell
2016-04-08,0,0.34,0.11,0,0,0,0,0.42,-0.0024330, 0.0079832,-0.0076538, 0.0079832,-0.0078593,buy
2016-04-09,0,0.19,0.36,0,0,0,0,0.28, 0.0165298, 0.0156355, 0.0169754, 0.0165298, 0.0171566,buy
2016-04-10,0,0.31,1.25,0,0,0,0,0.21, 0.0024776,-0.0088851,-0.0155879,-0.0070619,-0.0059552,sell
2016-04-11,0,0.56,1.04,0,0,0,0,0.16, 0.0061707, 0.0054663,-0.0002628, 0.0056073, 0.0069206,buy
2016-04-12,0,1.15,0.28,0,0,0,0,0.15, 0.0131560, 0.0132597, 0.0139752, 0.0117851, 0.0132260,buy
2016-04-13,0,1.5,0.21,0,0,0,0,0.14, 0.0081426, 0.0103409, 0.0078665, 0.0095725, 0.0103409,buy
2016-04-14,0,0.92,0.52,0,0,0,0,0.14, 0.0121858, 0.0121858, 0.0147058, 0.0113447, 0.0132573,buy
2016-04-15,0,0.53,1.63,0,0,0,0,0.13, 0.0042758,-0.0038623,-0.0054860,-0.0091299,-0.0062637,sell
2016-04-16,0,0.55,2.39,0,0,0,0,0.16, 0.0035152,-0.0068744,-0.0073080,-0.0150621, 0.0139372,sell
2016-04-17,0,0.93,1.5,0,0,0,0,0.2, 0.0088277,-0.0033377,-0.0118736,-0.0029675,-0.0033285,buy
2016-04-18,0,1.56,0.53,0,0,0,0,0.36,-0.0025820,-0.0119537,-0.0072421,-0.0063952,-0.0085593,sell
2016-04-19,0,1.87,0.2,0,0,0,0,0.75,-0.0037850,-0.0034105,-0.0057388,-0.0089448,-0.0001138,sell
2016-04-20,0,2.17,0.03,0,0,0,0,0.67, 0.0020944, 0.0020944,-0.0073798,-0.0080193, 0.0064978,sell
2016-04-21,0,1.47,0,0,0,0,0,0.3,-0.0063989,-0.0050276,-0.0050276,-0.0058983,-0.0104721,sell
2016-04-22,0,0.84,0,0,0,0,0,0.17, 0.0028433, 0.0019631,-0.0049072, 0.0028433, 0.0069780,buy
2016-04-23,0,0.9,0,0,0,0,0,0.13,-0.0088540,-0.0058328,-0.0098243,-0.0088540, 0.0059252,sell
2016-04-24,0,1.68,0.06,0,0,0,0,0.11, 0.0014104,-0.0009598,-0.0109421, 0.0014686,-0.0029876,buy
2016-04-25,0,1.4,0.16,0,0,0,0,0.11, 0.0087046, 0.0103965, 0.0084624, 0.0088564, 0.0103965,buy
2016-04-26,0,0.76,0.42,0,0,0,0,0.11, 0.0052579, 0.0076316, 0.0078040, 0.0039053, 0.0009021,buy
2016-04-27,0,0.97,1.13,0,0,0,0,0.12, 0.0222306, 0.0130106, 0.0234274, 0.0226496, 0.0234274,buy
2016-04-28,0,1.77,1.24,0,0,0,0,0.12,-0.0126765,-0.0218173,-0.0144762,-0.0173092,-0.0094828,sell
2016-04-29,0,2.4,0.5,0,0,0,0,0.12,-0.0007938,-0.0076746,-0.0076746,-0.0133754,-0.0256761,sell
2016-04-30,0,2.6,0.19,0,0,0,0,0.12,-0.0259188,-0.0263785,-0.0263785,-0.0291493,-0.0252328,sell
2016-05-01,0,1.64,0.15,0,0,0,0,0.13,-0.0012653,-0.0011594,-0.0011594,-0.0093238,-0.0011139,buy
2016-05-02,0,1.16,0.25,0,0,0,0,0.13,-0.0082341,-0.0081313,-0.0016823,-0.0078321,-0.0076381,sell
2016-05-03,0,1.2,0.67,0,0,0,0,0.13, 0.0158685, 0.0160900, 0.0173110, 0.0167255, 0.0169239,buy
2016-05-04,0,1.41,1.86,0,0,0,0,0.14,-0.0003331,-0.0039936, 0.0076817, 0.0102770,-0.0060259,buy
2016-05-05,0,1.59,2.86,0,0,0,0,0.14, 0.0037827, 0.0003011, 0.0007788, 0.0086043, 0.0030360,buy
2016-05-06,0,1.4,1.51,0,0,0,0,0.15, 0.0010486,-0.0001272, 0.0033856, 0.0033856,-0.0021957,buy
2016-05-07,0,1.08,0.51,0,0,0,0,0.16, 0.0015803,-0.0019114, 0.0036017,-0.0065882, 0.0011231,buy
2016-05-08,0,0.83,0.22,0,0,0.01,0,0.17, 0.0055041, 0.0036550, 0.0059623, 0.0104953, 0.0024053,buy
2016-05-09,0,0.63,0.21,0,0,0.01,0,0.18, 0.0020487, 0.0093291, 0.0111078, 0.0059749, 0.0129968,buy
2016-05-10,0,0.48,0.55,0,0,0.01,0,0.19, 0.0014963, 0.0003119, 0.0086846, 0.0004201, 0.0032256,buy
2016-05-11,0,0.35,1.69,0,0,0.01,0,0.2,-0.0098296,-0.0064885, 0.0022100,-0.0084485,-0.0085269,sell
2016-05-12,0,0.26,1.69,0,0,0.02,0,0.21,-0.0074090,-0.0045884, 0.0038254,-0.0098895,-0.0102733,sell
2016-05-13,0,0.19,0.7,0,0,0.02,0,0.23, 0.0058858, 0.0050734, 0.0054899, 0.0050734, 0.0025205,buy
2016-05-14,0,0.14,0.46,0,0,0.03,0,0.25, 0.0134462, 0.0104757, 0.0089408, 0.0102517, 0.0047884,buy
2016-05-15,0,0.1,0.49,0,0,0.04,0,0.27, 0.0192733, 0.0165092, 0.0050982, 0.0165295, 0.0028845,buy
2016-05-16,0,0.07,0.61,0.04,0,0.05,0,0.29, 0.0188951, 0.0191133, 0.0139898, 0.0191133, 0.0079728,buy
2016-05-17,0,0.05,0.79,0.08,0,0.06,0,0.31, 0.0102299, 0.0076444, 0.0177571, 0.0076746, 0.0047233,buy
2016-05-18,0,0.05,0.97,0.16,0,0.08,0,0.34, 0.0008462, 0.0059900, 0.0111227, 0.0055667, 0.0068837,buy
2016-05-19,0,0.12,1.1,0.37,0,0.11,0,0.37, 0.0046274, 0.0008743, 0.0011945,-0.0004752, 0.0139632,buy
2016-05-20,0,0.3,1.2,0.82,0,0.15,0,0.41, 0.0159921,-0.0004292, 0.0132827, 0.0132827, 0.0121169,buy
2016-05-21,0,0.7,1.22,1.58,0,0.16,0,0.45, 0.0114189, 0.0156171, 0.0184077, 0.0209336, 0.0217609,buy
2016-05-22,0,1.62,1.21,1.87,0,0.13,0,0.5, 0.0095465, 0.0096457, 0.0099012, 0.0098019, 0.0088565,buy
2016-05-23,0,1.6,1.12,1.17,0,0.09,0,0.55, 0.0072110, 0.0096096, 0.0096096, 0.0100448, 0.0040131,buy
2016-05-24,0,1.04,0.99,1.26,0,0.08,0,0.61, 0.0096068, 0.0102387, 0.0102387, 0.0156860, 0.0098698,buy
2016-05-25,0,1.55,0.82,1.25,0,0.06,0,0.68, 0.0109500, 0.0141100, 0.0121815, 0.0152726, 0.0059321,buy
2016-05-26,0,1.7,0.63,0.36,0,0.07,0,0.72, 0.0106257, 0.0127823, 0.0121173, 0.0113340, 0.0098469,buy
2016-05-27,0,0.68,0.45,0.08,0,0.11,0,0.68,-0.0010814,-0.0059773,-0.0008898, 0.0053042,-0.0146169,buy
2016-05-28,0,0.21,0.31,0,0,0.2,0,0.61, 0.0113138, 0.0119762, 0.0010510, 0.0113138, 0.0092769,buy
2016-05-29,0,0.07,0.19,0,0,0.23,0,0.55, 0.0149894, 0.0139260, 0.0097333, 0.0161714, 0.0166055,buy
2016-05-30,0,0,0.11,0.07,0,0.23,0,0.49,-0.0013869, 0.0048164,-0.0021796, 0.0048164, 0.0040367,buy
2016-05-31,0,0,0.06,0.17,0,0.2,0,0.46, 0.0101048, 0.0121287, 0.0082233, 0.0125469, 0.0121287,buy
2016-06-01,0,0,0,0.56,0,0.08,0,0.46,-0.0155782,-0.0043728,-0.0046671,-0.0151253,-0.0067751,sell
2016-06-02,0,0,0,1.48,0,0.04,0,0.5,-0.0062056,-0.0006054,-0.0012738, 0.0024636,-0.0006054,buy
2016-06-03,0,0,0.08,2.75,0,0.01,0,0.7,-0.0022698, 0.0069594, 0.0024986,-0.0033860, 0.0025787,buy
2016-06-04,0,0,0.37,2.17,0,0,0,1.03,-0.0057707, 0.0007117, 0.0008709,-0.0099669,-0.0053026,sell
2016-06-05,0,0,0.9,0.76,0,0,0,0.89, 0.0147444,-0.0005307, 0.0006668, 0.0001709,-0.0044609,buy
2016-06-06,0,0,2.32,0.31,0,0,0,0.47, 0.0148506, 0.0119786, 0.0170012,-0.0068426, 0.0277961,buy
2016-06-07,0,0,2.96,0.22,0,0,0,0.27, 0.0002516,-0.0010323, 0.0020339, 0.0036105, 0.0078201,buy
2016-06-08,0,0,1.47,0.43,0,0,0,0.19, 0.0085219, 0.0140582, 0.0093782, 0.0067816, 0.0085219,buy
2016-06-09,0,0,0.7,1.12,0,0,0.07,0.14, 0.0137720, 0.0036983, 0.0077501, 0.0078016, 0.0033783,buy
2016-06-10,0,0,0.48,0.76,0,0,0.3,0.11, 0.0028768,-0.0010868, 0.0026821, 0.0028768, 0.0011240,buy
2016-06-11,0,0.09,0.56,0.2,0,0,0.8,0.1, 0.0039895,-0.0029952, 0.0039895, 0.0044982, 0.0039895,buy
2016-06-12,0,0.32,1.04,0.05,0,0,1.69,0.08, 0.0032852,-0.0012096, 0.0022825, 0.0070628, 0.0017598,buy
2016-06-13,0,1.1,2.11,0,0,0,1.81,0.07,-0.0034520, 0.0069959, 0.0058386,-0.0027812,-0.0031617,buy
2016-06-14,0,1.59,2.41,0,0,0,1.58,0.06,-0.0016853, 0.0021689, 0.0041058,-0.0039512,-0.0023265,buy
2016-06-15,0,0.6,2.26,0,0,0,0.84,0.05,-0.0098270,-0.0084525,-0.0080306,-0.0084525,-0.0067951,sell
2016-06-16,0,0.15,1.6,0,0,0.01,0.32,0.05, 0.0090905,-0.0049193, 0.0079291, 0.0121101, 0.0128604,buy
2016-06-17,0,0,1.37,0,0,0.05,0.14,0.04, 0.0096516,-0.0013891, 0.0007724,-0.0003552,-0.0003552,buy
2016-06-18,0,0,1.44,0.1,0,0.16,0.06,0.03,-0.0001448, 0.0025998, 0.0026684, 0.0025998, 0.0109100,buy
2016-06-19,0,0,1.44,0.5,0,0.13,0,0.03, 0.0183692, 0.0136206, 0.0194099, 0.0256790, 0.0166812,buy
2016-06-20,0,0,1.27,1.43,0,0.03,0,0.04, 0.0074600, 0.0076286, 0.0017672, 0.0190708, 0.0118598,buy
2016-06-21,0,0.07,1.27,0.79,0,0.01,0,0.11, 0.0218425, 0.0193865, 0.0287774, 0.0221345, 0.0197585,buy
2016-06-22,0,0.22,1.88,0.15,0,0,0,0.4, 0.0071012, 0.0068647, 0.0069748,-0.0011064, 0.0083374,buy
2016-06-23,0,0.7,2.27,0,0,0,0,0.38, 0.0153190, 0.0069401, 0.0071046,-0.0048788, 0.0100465,buy
2016-06-24,0,1.4,1.38,0,0,0,0,0.08,-0.0120377,-0.0020784, 0.0011280,-0.0020784, 0.0003730,buy
2016-06-25,0,0.9,1.57,0,0,0,0.17,0.02,-0.0014489,-0.0031161,-0.0019095,-0.0018814,-0.0019112,buy
2016-06-26,0,0.43,3.23,0,0,0,0.99,0,-0.0062249,-0.0100690,-0.0044469,-0.0097939,-0.0060447,sell
2016-06-27,0,0.48,2.89,0.04,0,0,1.24,0,-0.0077588,-0.0096818,-0.0056705,-0.0096818,-0.0060661,sell
2016-06-28,0,0.96,1.34,0.11,0,0,0.31,0, 0.0101770, 0.0069341, 0.0115211, 0.0084879, 0.0090894,buy
2016-06-29,0,1.38,0.93,0.34,0,0,0.17,0, 0.0094041, 0.0095574, 0.0096824, 0.0096968, 0.0088710,buy
2016-06-30,0,0.83,1.03,1.03,0,0,0.35,0, 0.0116913, 0.0105598, 0.0105336, 0.0117374, 0.0116913,buy
2016-07-01,0,0.4,1.54,1.25,0,0,0.79,0,-0.0045026, 0.0011014, 0.0011014, 0.0057082,-0.0039041,buy
2016-07-02,0,0.45,2.26,0.49,0,0,0.66,0,-0.0155263,-0.0163923,-0.0148057,-0.0145067,-0.0163923,sell
2016-07-03,0,1.45,1.97,0.2,0,0,0.25,0, 0.0108516, 0.0102423, 0.0167978, 0.0186847, 0.0128983,buy
2016-07-04,0,0.93,2.51,0.15,0,0,0.09,0.04, 0.0004007,-0.0020369,-0.0034767, 0.0058157, 0.0013543,buy
2016-07-05,0,0.21,2.62,0.29,0,0,0.08,0.11,-0.0063558,-0.0030830,-0.0045564, 0.0030021,-0.0019256,buy
2016-07-06,0,0.23,1.32,1,0,0,0.14,0.32, 0.0156087, 0.0131116, 0.0179508, 0.0151170, 0.0125646,buy
2016-07-07,0,0.71,1.15,2.53,0,0,0.54,0.63,-0.0080033,-0.0058776,-0.0097322,-0.0044280,-0.0024598,buy
2016-07-08,0,1.77,1.35,1.69,0,0,1.11,0.41,-0.0085979,-0.0064397,-0.0055932,-0.0048961,-0.0025511,buy
2016-07-09,0,1.39,1.62,0.58,0,0,0.92,0.19, 0.0021220, 0.0051523, 0.0038551, 0.0161826, 0.0132136,buy
2016-07-10,0,0.74,1.94,0.21,0,0,0.84,0.38,-0.0054801,-0.0078194,-0.0076761,-0.0078058,-0.0078194,sell
2016-07-11,0,1.88,2.11,0.09,0,0,0.46,0.62, 0.0040409, 0.0112706, 0.0182884, 0.0036755, 0.0155240,buy
2016-07-12,0,1.48,2.1,0.04,0,0.01,0.23,0.21, 0.0075375, 0.0033931, 0.0103154, 0.0134170, 0.0045384,buy
2016-07-13,0,0.31,2.1,0,0,0.02,0.11,0.1,-0.0112735,-0.0013456,-0.0107263, 0.0020818, 0.0012422,buy
2016-07-14,0,0.18,2.02,0,0,0.06,0.06,0.17, 0.0090000, 0.0068647, 0.0126847, 0.0062798, 0.0083545,buy
2016-07-15,0,0.45,1.74,0,0,0.17,0.03,0.39,-0.0013469,-0.0027399,-0.0026977,-0.0060063,-0.0066189,sell
2016-07-16,0,1.09,1.46,0,0,0.18,0,0.63,-0.0077632, 0.0069845, 0.0017796, 0.0025179, 0.0017796,buy
2016-07-17,0,1.77,1.22,0,0,0.06,0,0.44,-0.0110100,-0.0078712,-0.0020528,-0.0087226,-0.0020528,sell
2016-07-18,0,1.17,1.01,0,0,0.03,0,0.19, 0.0166684, 0.0068432, 0.0228424, 0.0155074, 0.0233105,buy
2016-07-19,0,0.49,0.84,0,0,0.06,0,0.08, 0.0003366,-0.0023438,-0.0113134,-0.0044865, 0.0001932,buy
2016-07-20,0,0.2,0.85,0,0,0.14,0,0.04,-0.0001986,-0.0046594,-0.0119029,-0.0034800,-0.0101974,sell
2016-07-21,0,0.08,1.44,0,0,0.11,0,0, 0.0051058,-0.0001173,-0.0119541, 0.0010114, 0.0005704,buy
2016-07-22,0,0,2.01,0,0,0.09,0,0,-0.0026754,-0.0076290,-0.0026754,-0.0048690,-0.0054354,buy
2016-07-23,0,0,1.3,0,0,0.13,0,0, 0.0122249, 0.0050659,-0.0065236,-0.0012080, 0.0027918,buy
2016-07-24,0,0,1.71,0,0,0.11,0,0, 0.0021290,-0.0016700,-0.0129548, 0.0005261,-0.0017554,buy
2016-07-25,0,0,1.76,0,0,0.07,0,0,-0.0017237,-0.0019768,-0.0017237,-0.0019768,-0.0024326,buy
2016-07-26,0,0,0.8,0,0,0.05,0,0.02,-0.0010329,-0.0003770,-0.0108834,-0.0043742, 0.0012956,buy
2016-07-27,0,0,0.44,0,0,0.06,0,0.07,-0.0133178,-0.0155467,-0.0072876,-0.0137854,-0.0107636,sell
2016-07-28,0,0.07,0.31,0,0,0.11,0,0.2,-0.0030959, 0.0071918,-0.0008531,-0.0026987,-0.0030959,buy
2016-07-29,0,0.29,0.25,0,0,0.13,0.07,0.56, 0.0048079, 0.0039259, 0.0048049, 0.0127465, 0.0126235,buy
2016-07-30,0,1.16,0.21,0,0,0.1,0.2,0.49,-0.0009047, 0.0055717,-0.0029279, 0.0028800,-0.0009047,buy
2016-07-31,0,1.56,0.23,0,0,0.08,0.54,0.17, 0.0147852, 0.0106820, 0.0108150, 0.0142452, 0.0113820,buy
2016-08-01,0,0.52,0.26,0,0,0.09,0.96,0.06, 0.0059881,-0.0014183, 0.0085826, 0.0087597, 0.0047145,buy
2016-08-02,0,0.18,0.29,0,0,0.11,0.62,0.05,-0.0091493,-0.0129214,-0.0041859,-0.0091493,-0.0071853,sell
2016-08-03,0,0.24,0.39,0,0,0.15,0.24,0.09,-0.0004346, 0.0066090,-0.0041734,-0.0021518,-0.0004346,buy
2016-08-04,0,0.77,0.52,0,0,0.16,0.1,0.22, 0.0015497,-0.0062086,-0.0138765,-0.0053587,-0.0046348,sell
2016-08-05,0,2.45,0.79,0,0,0.12,0.04,0.61,-0.0050213, 0.0010002,-0.0026855,-0.0032169,-0.0026855,buy
2016-08-06,0,3.13,1.34,0,0,0.08,0.05,1.25,-0.0156685,-0.0078661,-0.0138915,-0.0156685,-0.0040834,sell
2016-08-07,0,1.26,2.03,0,0,0.06,0.11,0.98,-0.0063425,-0.0057186, 0.0061595,-0.0031767,-0.0029524,buy
2016-08-08,0,0.4,1.71,0,0,0.04,0.23,0.4,-0.0117829,-0.0088499,-0.0069852,-0.0118942,-0.0121613,sell
2016-08-09,0,0.13,1.25,0,0,0.04,0.47,0.17,-0.0083309,-0.0084238,-0.0076198,-0.0146450,-0.0087122,sell
2016-08-10,0,0.12,1.17,0,0,0.03,0.95,0.11, 0.0049489,-0.0032451, 0.0037076,-0.0009408,-0.0020780,buy
2016-08-11,0,0.36,1.25,0,0,0.03,0.89,0.15, 0.0008254, 0.0015852, 0.0002181,-0.0041310,-0.0038451,buy
2016-08-12,0,1.08,1.4,0,0,0.04,0.43,0.38,-0.0053083,-0.0034115,-0.0042352,-0.0038301,-0.0056730,sell
2016-08-13,0,1.56,1.52,0,0,0.05,0.2,0.71,-0.0047244,-0.0028360, 0.0054811,-0.0045643,-0.0026573,buy
2016-08-14,0,0.75,1.36,0,0,0.08,0.1,0.47,-0.0053588, 0.0095656,-0.0026416,-0.0026416,-0.0057590,buy
2016-08-15,0,0.31,1.21,0,0,0.12,0.05,0.16, 0.0027977, 0.0096555, 0.0021729, 0.0061098, 0.0074438,buy
2016-08-16,0,0.17,1.13,0,0,0.11,0,0.05,-0.0006639, 0.0045334,-0.0058665,-0.0158317,-0.0030901,buy
2016-08-17,0,0.14,1.18,0,0,0.07,0,0, 0.0008642, 0.0007170,-0.0000678,-0.0051414, 0.0007170,buy
2016-08-18,0,0.26,1.48,0,0,0.04,0,0, 0.0147888, 0.0110746, 0.0132912, 0.0105144, 0.0049759,buy
2016-08-19,0,0.46,2.05,0,0,0.02,0,0, 0.0107852, 0.0096691, 0.0073867, 0.0096691, 0.0096870,buy
2016-08-20,0,0.82,1.79,0,0,0.01,0,0, 0.0067013,-0.0049139,-0.0069013,-0.0049050,-0.0046368,sell
2016-08-21,0,1.54,1.11,0,0,0.01,0,0,-0.0143236, 0.0035481,-0.0138282,-0.0133133,-0.0143236,sell
2016-08-22,0,2.94,0.87,0,0,0.01,0,0,-0.0195387,-0.0175482,-0.0148636,-0.0183104,-0.0146792,sell
2016-08-23,0,3.07,0.89,0,0,0,0,0,-0.0145924,-0.0082447,-0.0071036,-0.0113588,-0.0056467,sell
2016-08-24,0,1.77,1.42,0,0,0,0,0,-0.0091500,-0.0067251,-0.0110170,-0.0041335,-0.0094200,sell
2016-08-25,0,0.97,1.9,0,0,0,0,0,-0.0077097,-0.0141015,-0.0115363,-0.0116482,-0.0108361,sell
2016-08-26,0,0.55,1.18,0,0,0,0,0,-0.0043946,-0.0088334,-0.0127125,-0.0082284,-0.0127430,sell
2016-08-27,0,0.26,0.67,0,0,0,0,0, 0.0058246,-0.0073926,-0.0008555,-0.0008555,-0.0049060,buy
2016-08-28,0,0.26,0.54,0,0,0,0,0.02,-0.0164013,-0.0154653,-0.0120401,-0.0170287,-0.0132960,sell
2016-08-29,0,0.34,0.52,0,0,0,0,0.05, 0.0063949, 0.0071362, 0.0091830, 0.0126719, 0.0091830,buy
2016-08-30,0,0.65,0.59,0,0,0,0,0.12, 0.0071065, 0.0108130, 0.0073108, 0.0082298, 0.0109036,buy
2016-08-31,0,1.42,0.67,0,0,0,0,0.27, 0.0042549,-0.0058380, 0.0001731, 0.0008143, 0.0008530,buy
2016-09-01,0,1.6,0.74,0,0,0,0,0.62,-0.0083363,-0.0031487,-0.0024702,-0.0089897,-0.0089749,sell
2016-09-02,0,0.71,0.89,0,0,0,0,0.71, 0.0028843, 0.0031744, 0.0033619, 0.0020523, 0.0028843,buy
2016-09-03,0,0.3,1.06,0,0,0,0.03,0.37,-0.0012491,-0.0013284,-0.0099052,-0.0013284,-0.0018463,buy
2016-09-04,0,0.12,1.14,0,0,0,0.16,0.18,-0.0141207,-0.0141207,-0.0222060,-0.0136767,-0.0101292,sell
2016-09-05,0,0.05,1,0,0,0,0.39,0.11,-0.0020920,-0.0072415,-0.0133516, 0.0051829, 0.0010162,buy
2016-09-06,0,0,0.92,0,0,0,1,0.09, 0.0067612,-0.0035574, 0.0050317, 0.0067612,-0.0001329,buy
2016-09-07,0,0,0.96,0,0,0,1.7,0.08, 0.0013772,-0.0020449, 0.0014928, 0.0045177, 0.0017083,buy
2016-09-08,0,0,1.23,0,0,0,1.34,0.16,-0.0039477,-0.0085435,-0.0057899,-0.0042871,-0.0082345,sell
2016-09-09,0,0,1.84,0,0,0,1.17,0.3,-0.0045142,-0.0047240, 0.0020626,-0.0075239,-0.0045142,sell
2016-09-10,0,0,1.52,0,0,0,1.06,0.71, 0.0075865, 0.0057004, 0.0033571, 0.0057620, 0.0044379,buy
2016-09-11,0,0,0.77,0,0,0,0.65,1.14, 0.0044734, 0.0087896, 0.0124070, 0.0163525, 0.0163525,buy
2016-09-12,0,0,0.52,0,0,0,0.56,1.38, 0.0151718, 0.0117305, 0.0057275, 0.0135300, 0.0134923,buy
2016-09-13,0,0,0.48,0,0,0,0.89,1.27, 0.0115659, 0.0155786, 0.0074419, 0.0123295, 0.0147377,buy
2016-09-14,0,0,0.66,0,0,0,1.14,1.11, 0.0073722, 0.0193064, 0.0171458, 0.0164833, 0.0153748,buy
2016-09-15,0,0,1.39,0.09,0,0,0.66,0.88, 0.0083318, 0.0073168, 0.0002586, 0.0076387, 0.0052081,buy
2016-09-16,0,0,1.51,0.27,0,0.01,0.47,0.51,-0.0168143,-0.0135092,-0.0179090,-0.0149177,-0.0168143,sell
2016-09-17,0,0,0.69,0.83,0,0.02,0.55,0.32, 0.0156226, 0.0135977, 0.0135977, 0.0137785, 0.0140021,buy
2016-09-18,0,0,0.31,1.27,0,0.05,0.84,0.2,-0.0085779, 0.0007366, 0.0007366,-0.0009617, 0.0013002,buy
2016-09-19,0,0,0.14,0.61,0,0.13,1.12,0.13,-0.0050192,-0.0086485,-0.0063121,-0.0072011,-0.0072011,sell
2016-09-20,0,0,0.04,0.2,0,0.18,0.86,0.1,-0.0031611,-0.0114194,-0.0040891,-0.0136721,-0.0168014,sell
2016-09-21,0,0,0,0.06,0,0.08,0.51,0.08, 0.0028078, 0.0054063,-0.0036839, 0.0056965, 0.0054063,buy
2016-09-22,0,0,0,0,0,0.04,0.3,0.06,-0.0013056,-0.0011764, 0.0073523,-0.0081205,-0.0010456,buy
2016-09-23,0,0,0,0,0,0.03,0.18,0.05,-0.0118442,-0.0094826,-0.0017711,-0.0146933,-0.0091837,sell
2016-09-24,0,0,0,0,0,0.01,0.11,0.04, 0.0113310, 0.0040918, 0.0109036, 0.0094935, 0.0077611,buy
2016-09-25,0,0,0,0,0,0.01,0.06,0.02, 0.0055698,-0.0064088,-0.0005934,-0.0019204,-0.0070706,buy
2016-09-26,0,0,0,0,0,0,0.04,0, 0.0098804, 0.0070182, 0.0051296, 0.0070182, 0.0066265,buy
2016-09-27,0,0,0,0,0,0,0,0.02, 0.0077545,-0.0029766, 0.0036338,-0.0069556,-0.0069335,sell
2016-09-28,0,0,0,0,0,0,0,0.02, 0.0017326,-0.0034530, 0.0059411, 0.0033924, 0.0066802,buy
2016-09-29,0,0,0.06,0,0,0,0,0.04,-0.0001482,-0.0021927,-0.0060064,-0.0001482, 0.0064834,buy
2016-09-30,0,0,0.16,0,0,0,0.07,0.05, 0.0005915, 0.0036815,-0.0126309, 0.0005915, 0.0088656,buy
2016-10-01,0,0,0.53,0,0,0,0.21,0.08,-0.0033710,-0.0049243, 0.0056893,-0.0046387,-0.0027298,buy
2016-10-02,0,0,1.41,0,0,0,0.55,0.12,-0.0135110,-0.0161807,-0.0080558,-0.0036953,-0.0078157,sell
2016-10-03,0,0,1.06,0,0,0,1.38,0.2,-0.0039126,-0.0067621,-0.0042944,-0.0044344,-0.0060261,sell
2016-10-04,0,0,0.28,0,0,0,2.86,0.32, 0.0086567, 0.0093910, 0.0093910, 0.0093910, 0.0015520,buy
2016-10-05,0,0,0.07,0,0,0,3.1,0.53, 0.0063611, 0.0081169, 0.0091074, 0.0091074, 0.0077061,buy
2016-10-06,0,0,0,0,0,0,1.87,0.69, 0.0056289, 0.0039019, 0.0003751,-0.0016578, 0.0005156,buy
2016-10-07,0,0,0,0,0,0.01,0.68,0.88,-0.0040834,-0.0115378,-0.0067174,-0.0108070,-0.0123882,sell
2016-10-08,0,0,0,0,0,0.02,0.23,0.72, 0.0044442, 0.0096952, 0.0014877, 0.0076643, 0.0121836,buy
2016-10-09,0,0,0.11,0,0,0.04,0.08,0.34, 0.0081572, 0.0042689, 0.0034554, 0.0075155,-0.0000987,buy
2016-10-10,0,0,0.35,0,0,0.09,0,0.2,-0.0115185,-0.0098830,-0.0084508,-0.0112048,-0.0059150,sell
2016-10-11,0,0,1.07,0.05,0,0.13,0,0.18,-0.0108509,-0.0075480,-0.0062678,-0.0128736, 0.0047500,sell
2016-10-12,0,0,1.43,0.13,0,0.1,0.1,0.27, 0.0000653,-0.0031316, 0.0063271, 0.0063271, 0.0009712,buy
2016-10-13,0,0,0.6,0.32,0,0.08,0.43,0.6,-0.0009147,-0.0031133,-0.0070877,-0.0033939,-0.0066507,buy
2016-10-14,0,0,0.2,0.81,0,0.07,1.43,0.62,-0.0022712,-0.0189658,-0.0109941,-0.0035988,-0.0107410,sell
2016-10-15,0,0,0.06,1.27,0,0.11,1.04,0.71,-0.0038220,-0.0052520,-0.0038220,-0.0038220,-0.0022170,buy
2016-10-16,0,0,0,0.76,0,0.19,0.24,0.7, 0.0012606,-0.0074228,-0.0017766, 0.0023916,-0.0139362,buy
2016-10-17,0,0,0,0.3,0,0.25,0.06,0.19, 0.0031466, 0.0029302, 0.0026037, 0.0009791, 0.0003407,buy
2016-10-18,0,0,0,0.27,0,0.27,0,0.05, 0.0106704,-0.0041919,-0.0017965, 0.0037528,-0.0060544,buy
2016-10-19,0,0,0,0.77,0,0.19,0,0.03,-0.0180839,-0.0078599,-0.0231947,-0.0038257,-0.0260126,sell
2016-10-20,0,0,0,1.27,0,0.2,0,0.07,-0.0161328,-0.0051267,-0.0140536,-0.0077423,-0.0139118,sell
2016-10-21,0,0.13,0,0.45,0,0.22,0,0.13, 0.0019853, 0.0007670,-0.0005908, 0.0007670, 0.0002333,buy
2016-10-22,0,0.4,0,0.09,0,0.15,0.03,0.26,-0.0088786, 0.0126263,-0.0218648,-0.0037168,-0.0088786,buy
2016-10-23,0,1.21,0,0,0,0.22,0.07,0.55,-0.0069747,-0.0128102,-0.0072263,-0.0062948,-0.0105992,sell
2016-10-24,0,1.59,0,0,0,0.21,0.22,0.69, 0.0029185, 0.0007215, 0.0024489, 0.0012711, 0.0014902,buy
2016-10-25,0,0.66,0,0,0,0.06,0.49,0.76,-0.0171449,-0.0139517,-0.0088264,-0.0198942,-0.0179566,sell
2016-10-26,0,0.22,0,0,0,0.01,0.84,0.55,-0.0001080, 0.0045479,-0.0125566,-0.0071498, 0.0015629,buy
2016-10-27,0,0.07,0,0,0,0,0.64,0.42,-0.0169206,-0.0129782,-0.0123671,-0.0087973,-0.0048820,sell
2016-10-28,0,0,0,0,0,0,0.3,0.6, 0.0004473,-0.0003174, 0.0004473,-0.0101937,-0.0004239,buy
2016-10-29,0,0.07,0,0,0,0,0.17,0.64,-0.0058342,-0.0086901,-0.0091007,-0.0198656,-0.0087298,sell
2016-10-30,0,0.18,0,0,0,0,0.12,0.36, 0.0035295, 0.0031366, 0.0042958, 0.0042958, 0.0022908,buy
2016-10-31,0,0.45,0,0,0,0,0.13,0.19,-0.0042690, 0.0114523, 0.0122954,-0.0049123, 0.0070463,buy
2016-11-01,0,1.13,0,0,0,0,0.31,0.11,-0.0046801,-0.0045462,-0.0067458,-0.0056315,-0.0042890,sell
2016-11-02,0,1.18,0,0,0,0,0.99,0.07,-0.0005360, 0.0004460,-0.0006118, 0.0007502,-0.0076855,buy
2016-11-03,0,0.5,0,0,0,0.01,1.45,0.05,-0.0146116,-0.0016001,-0.0104535,-0.0103031,-0.0081927,sell
2016-11-04,0,0.2,0.06,0,0,0.01,0.71,0.03, 0.0074484, 0.0057089, 0.0067310, 0.0085907, 0.0001198,buy
2016-11-05,0,0.08,0.24,0,0,0.02,0.61,0.04,-0.0089466,-0.0072233, 0.0016945, 0.0012794,-0.0194413,sell
2016-11-06,0,0,1,0,0,0.04,1.05,0.05, 0.0183016, 0.0070525, 0.0134844, 0.0123860, 0.0114642,buy
2016-11-07,0,0,1.43,0,0,0.07,1.41,0.05, 0.0050057, 0.0056926,-0.0000822, 0.0002464, 0.0044588,buy
2016-11-08,0,0,0.47,0,0,0.12,0.88,0.06, 0.0065245,-0.0020551, 0.0103840,-0.0004508,-0.0005271,buy
2016-11-09,0,0,0.17,0.04,0,0.2,0.48,0.07,-0.0061894,-0.0177357,-0.0167280,-0.0176631,-0.0182342,sell
2016-11-10,0,0,0.15,0.07,0,0.21,0.36,0.08,-0.0032457,-0.0190979,-0.0183682,-0.0186313,-0.0190860,sell
2016-11-11,0,0,0.39,0.11,0,0.23,0.33,0.1, 0.0039016,-0.0063926,-0.0046529,-0.0062605,-0.0074916,sell
2016-11-12,0,0,1.04,0.2,0,0.26,0.38,0.12,-0.0055089,-0.0084334,-0.0016752,-0.0048633,-0.0063002,sell
2016-11-13,0,0,1.54,0.34,0,0.19,0.56,0.13, 0.0083372, 0.0011065, 0.0034153, 0.0004548, 0.0046398,buy
2016-11-14,0,0.14,1.1,0.6,0,0.06,0.91,0.16, 0.0008987,-0.0139304,-0.0127837,-0.0143645,-0.0139304,sell
2016-11-15,0,0.56,1.09,0.96,0,0.02,1.38,0.18, 0.0133409, 0.0116950, 0.0137090, 0.0118184, 0.0032290,buy
2016-11-16,0,1.57,1.2,0.86,0,0.01,1.21,0.21, 0.0039191, 0.0053452, 0.0035560, 0.0067506, 0.0092289,buy
2016-11-17,0,1.09,0.59,0.49,0,0,0.77,0.24,-0.0094264,-0.0101432,-0.0102616,-0.0033219,-0.0148422,sell
2016-11-18,0,0.27,0.21,0.28,0,0.02,0.56,0.28,-0.0107100,-0.0035239, 0.0043906, 0.0035225,-0.0035239,buy
2016-11-19,0,0.07,0.08,0.15,0,0.04,0.5,0.32, 0.0067416, 0.0097450, 0.0090120, 0.0097450, 0.0095145,buy
2016-11-20,0,0,0,0.09,0,0.08,0.53,0.37,-0.0122917,-0.0133171,-0.0122917,-0.0089993,-0.0003465,sell
2016-11-21,0,0,0,0.05,0,0.18,0.71,0.44, 0.0136482, 0.0114787, 0.0126258, 0.0136482, 0.0112226,buy
2016-11-22,0,0,0,0,0,0.26,1.21,0.53,-0.0054118,-0.0005166, 0.0039909, 0.0125247,-0.0007362,buy
2016-11-23,0,0.11,0,0,0,0.16,1.05,0.65, 0.0045275, 0.0090369, 0.0137609,-0.0030122, 0.0109967,buy
2016-11-24,0,0.34,0,0,0,0.08,0.66,0.87, 0.0158927, 0.0050755, 0.0144702, 0.0060633, 0.0127461,buy
2016-11-25,0,1.07,0,0,0,0.04,0.56,1.03, 0.0155752, 0.0118512, 0.0139730, 0.0151345, 0.0073777,buy
2016-11-26,0,1.93,0,0,0,0.03,0.52,0.86, 0.0033182,-0.0022391, 0.0057987, 0.0065948, 0.0045656,buy
2016-11-27,0,2.09,0,0,0,0.01,0.61,0.68, 0.0045053, 0.0164848, 0.0024668,-0.0049551, 0.0033027,buy
2016-11-28,0,1.47,0,0,0,0.01,0.69,0.73, 0.0128662, 0.0108436, 0.0028128, 0.0106608, 0.0069913,buy
2016-11-29,0,0.56,0,0,0,0.01,0.8,1.03,-0.0010379, 0.0056776, 0.0056776, 0.0048567, 0.0065564,buy
2016-11-30,0,0.21,0,0,0,0.01,0.98,0.88,-0.0073905,-0.0091697,-0.0051066,-0.0091697,-0.0088874,sell
2016-12-01,0,0.08,0,0.04,0,0.02,1.3,0.48,-0.0087379,-0.0107131,-0.0122208,-0.0007845,-0.0054196,sell
2016-12-02,0,0,0,0.05,0,0.02,1.81,0.32,-0.0055160,-0.0022932,-0.0119767,-0.0040130, 0.0013378,buy
2016-12-03,0,0,0,0.06,0,0.05,2.3,0.25, 0.0021400, 0.0112153, 0.0110319, 0.0090354, 0.0116795,buy
2016-12-04,0,0,0.08,0.07,0,0.06,2.13,0.2,-0.0043002, 0.0069991, 0.0070067, 0.0037862, 0.0065910,buy
2016-12-05,0,0,0.27,0.08,0,0.09,2.01,0.18,-0.0165504,-0.0061521, 0.0060157,-0.0081517,-0.0089665,sell
2016-12-06,0,0,0.87,0.09,0,0.13,2.37,0.16, 0.0067008, 0.0039198, 0.0052206, 0.0041076,-0.0002842,buy
2016-12-07,0,0,1.06,0.11,0,0.18,2.49,0.14, 0.0099628, 0.0099167, 0.0088158, 0.0099628, 0.0070943,buy
2016-12-08,0,0.07,0.41,0.15,0,0.17,2.08,0.13,-0.0075630,-0.0075630,-0.0195377,-0.0075411,-0.0077447,sell
2016-12-09,0,0.18,0.14,0.22,0,0.19,2.11,0.11, 0.0082795, 0.0110574, 0.0070077, 0.0058004, 0.0039362,buy
2016-12-10,0,0.47,0.05,0.42,0,0.26,1.85,0.1, 0.0095625, 0.0093541, 0.0174208, 0.0065829, 0.0106525,buy
2016-12-11,0,1.18,0,0.93,0,0.26,1.39,0.09, 0.0009603,-0.0012371,-0.0012371,-0.0009733,-0.0148855,buy
2016-12-12,0,1.12,0,1.17,0,0.15,1.23,0.08,-0.0017106,-0.0022692,-0.0031187,-0.0035632,-0.0163251,buy
2016-12-13,0,0.42,0,0.66,0,0.12,1.13,0.07,-0.0050327,-0.0117999, 0.0032857, 0.0023452, 0.0023452,buy
2016-12-14,0,0.16,0,0.43,0,0.1,1.12,0.07, 0.0009504, 0.0005555, 0.0061898, 0.0055037, 0.0055037,buy
2016-12-15,0,0.06,0,0.38,0,0.09,1.13,0.06, 0.0033273, 0.0037388, 0.0062369, 0.0053445, 0.0057200,buy
2016-12-16,0,0,0,0.39,0,0.1,1.17,0.06, 0.0049226, 0.0075478, 0.0086713, 0.0011263, 0.0026268,buy
2016-12-17,0,0,0,0.45,0,0.13,1.21,0.05, 0.0002800,-0.0009627, 0.0069257, 0.0031382, 0.0031382,buy
2016-12-18,0,0,0,0.51,0,0.16,1.27,0.05,-0.0010059,-0.0054638, 0.0059258, 0.0077302, 0.0077650,buy
2016-12-19,0,0,0,0.57,0,0.24,1.33,0.04, 0.0056850, 0.0069691, 0.0051008, 0.0046380, 0.0076810,buy
2016-12-20,0,0.04,0.07,0.65,0,0.24,1.39,0.04, 0.0061252, 0.0063526, 0.0065563, 0.0045138, 0.0078031,buy
2016-12-21,0,0.07,0.19,0.74,0,0.24,1.53,0.03, 0.0056636, 0.0055228, 0.0055425, 0.0039173, 0.0063768,buy
2016-12-22,0,0.12,0.45,0.83,0,0.18,1.77,0.03, 0.0010111, 0.0011158, 0.0031447,-0.0012551, 0.0041964,buy
2016-12-23,0,0.21,1.1,0.94,0,0.11,2.21,0.03, 0.0033765,-0.0036418, 0.0022487, 0.0031866,-0.0050600,buy
2016-12-24,0,0.36,2.05,1.04,0,0.1,3.15,0.03,-0.0062582,-0.0002278,-0.0006483,-0.0006483,-0.0007783,buy
2016-12-25,0,0.64,1.72,1.17,0,0.13,4.69,0.02, 0.0011948, 0.0048936, 0.0005162, 0.0005162, 0.0005162,buy
2016-12-26,0,1,0.68,1.28,0,0.19,4.32,0.02, 0.0006466, 0.0030109, 0.0010120, 0.0010120, 0.0010120,buy
2016-12-27,0,0.87,0.25,1.25,0,0.17,3.33,0.02, 0.0005046,-0.0004727, 0.0016439, 0.0012415, 0.0016439,buy
2016-12-28,0,0.49,0.1,1.13,0,0.11,3.6,0.02,-0.0021618, 0.0028017,-0.0013099,-0.0013099,-0.0013099,buy
2016-12-29,0,0.28,0.07,1.02,0,0.06,3.12,0.02,-0.0001533, 0.0005723, 0.0012482, 0.0012482, 0.0005557,buy
2016-12-30,0,0.16,0.18,0.92,0,0.03,1.94,0,-0.0051532,-0.0070335,-0.0051532, 0.0007009, 0.0030807,buy
2016-12-31,0,0.09,0.44,0.83,0,0.02,1.66,0,-0.0017498,-0.0057014,-0.0024460, 0.0078701, 0.0040729,buy
2017-01-01,0,0.05,1.02,0.76,0,0.02,1.56,0,-0.0028644,-0.0049710,-0.0021248,-0.0021248,-0.0042613,buy
2017-01-02,0,0,1.22,0.69,0,0.03,1.51,0,-0.0032906,-0.0070064,-0.0038984,-0.0038984,-0.0066760,buy
2017-01-03,0,0,1.04,0.64,0,0.06,1.55,0,-0.0044489,-0.0073223,-0.0043185,-0.0043185,-0.0077900,sell
2017-01-04,0,0.04,1.43,0.58,0,0.14,1.45,0,-0.0044277,-0.0076350,-0.0012972,-0.0020596,-0.0069954,buy
2017-01-05,0,0.12,1.02,0.54,0,0.18,1.35,0, 0.0031584,-0.0065322, 0.0002309, 0.0031200,-0.0008276,buy
2017-01-06,0,0.29,0.44,0.5,0,0.12,1.32,0.02, 0.0080882, 0.0020782, 0.0080882, 0.0017621, 0.0117628,buy
2017-01-07,0,0.71,0.29,0.46,0,0.13,1.33,0.07, 0.0130130, 0.0132218, 0.0091470, 0.0105099, 0.0145353,buy
2017-01-08,0,1.63,0.26,0.43,0,0.18,1.42,0.17, 0.0128755, 0.0131017, 0.0152136, 0.0107148, 0.0145674,buy
2017-01-09,0,2.06,0.38,0.4,0,0.13,1.64,0.39, 0.0054320, 0.0055790, 0.0053911, 0.0148560, 0.0118955,buy
2017-01-10,0,1.39,0.6,0.38,0,0.05,2.1,0.77, 0.0084602, 0.0088488, 0.0008685, 0.0049781,-0.0041951,buy
2017-01-11,0,0.59,1.07,0.35,0,0.03,2.31,0.81, 0.0039888, 0.0059141, 0.0034084, 0.0068364, 0.0115739,buy
2017-01-12,0,0.24,1.08,0.33,0,0.02,1.79,0.6,-0.0057888, 0.0008620,-0.0027274, 0.0009574,-0.0039532,buy
2017-01-13,0,0.16,0.59,0.31,0,0.01,1.38,0.31,-0.0058525,-0.0111194,-0.0055970,-0.0055970,-0.0056172,sell
2017-01-14,0,0.27,0.35,0.33,0,0.01,1.14,0.18,-0.0104142,-0.0136456,-0.0157329,-0.0116190,-0.0104142,sell
2017-01-15,0,0.73,0.31,0.37,0,0.01,1.01,0.14,-0.0054097,-0.0083186,-0.0134488,-0.0064374,-0.0076639,sell
2017-01-16,0,1.18,0.43,0.55,0,0.01,0.98,0.2,-0.0050163,-0.0080579,-0.0090757,-0.0020385, 0.0021546,buy
2017-01-17,0,0.61,0.71,1.15,0,0.01,0.96,0.31, 0.0118371, 0.0113991, 0.0122483, 0.0121064, 0.0092944,buy
2017-01-18,0,0.2,0.9,1.19,0,0.01,1.12,0.56, 0.0096554, 0.0096310, 0.0115836, 0.0096554, 0.0107973,buy
2017-01-19,0,0.07,0.6,0.55,0,0.01,1.52,0.72, 0.0001269, 0.0031450, 0.0056738, 0.0023070, 0.0084291,buy
2017-01-20,0,0,0.32,0.33,0,0.01,2.01,0.51,-0.0130814,-0.0173124,-0.0065081,-0.0131243,-0.0130814,sell
2017-01-21,0,0,0.2,0.26,0,0.01,1.61,0.28, 0.0013922,-0.0005191,-0.0009757, 0.0035469, 0.0044546,buy
2017-01-22,0,0,0.15,0.22,0,0.01,1.07,0.18,-0.0109287,-0.0104025,-0.0101465,-0.0045283,-0.0104025,sell
2017-01-23,0,0,0.19,0.22,0,0.01,0.81,0.14,-0.0012311,-0.0008762,-0.0013348, 0.0060844,-0.0013348,buy
2017-01-24,0,0,0.34,0.21,0,0.03,0.68,0.15, 0.0030041, 0.0020929, 0.0022903, 0.0091817, 0.0044358,buy
2017-01-25,0,0,0.67,0.21,0,0.03,0.61,0.23, 0.0042786,-0.0028886, 0.0036774, 0.0036774, 0.0028340,buy
2017-01-26,0,0,0.9,0.21,0,0.05,0.54,0.41, 0.0034122,-0.0010263, 0.0071121, 0.0035458, 0.0025954,buy
2017-01-27,0,0,0.54,0.2,0,0.09,0.51,0.72, 0.0001869,-0.0071776,-0.0035441,-0.0043508,-0.0035441,buy
2017-01-28,0,0,0.25,0.2,0,0.18,0.49,0.6, 0.0240345, 0.0178939, 0.0227327, 0.0198064, 0.0178939,buy
2017-01-29,0,0,0.12,0.2,0,0.21,0.45,0.35, 0.0096884,-0.0027396, 0.0083226, 0.0105033, 0.0111906,buy
2017-01-30,0,0,0.06,0.2,0,0.11,0.43,0.33,-0.0090381, 0.0034325, 0.0137852, 0.0025183, 0.0060392,buy
2017-01-31,0,0,0.03,0.24,0,0.08,0.4,0.64, 0.0024334,-0.0008244,-0.0041945,-0.0020188,-0.0049356,buy
2017-02-01,0,0,0,0.36,0,0.06,0.37,0.83, 0.0077169, 0.0115226, 0.0121118, 0.0123879, 0.0029550,buy
2017-02-02,0,0,0,0.83,0,0.06,0.35,0.64, 0.0125376,-0.0033130, 0.0125376, 0.0128383,-0.0121944,buy
2017-02-03,0,0,0,1.18,0,0.06,0.32,0.32,-0.0160450,-0.0058734,-0.0033962,-0.0033745,-0.0051531,sell
2017-02-04,0,0,0,0.54,0,0.06,0.3,0.09, 0.0147904, 0.0128762, 0.0130465, 0.0117162, 0.0122718,buy
2017-02-05,0,0,0,0.29,0,0.04,0.32,0.02, 0.0094960, 0.0125406, 0.0092093, 0.0121380, 0.0121380,buy
2017-02-06,0,0,0,0.23,0,0.04,0.37,0, 0.0092949, 0.0130193, 0.0102183, 0.0131564, 0.0124631,buy
2017-02-07,0,0,0.04,0.24,0,0.04,0.5,0, 0.0140568, 0.0162485, 0.0138582, 0.0158594, 0.0162485,buy
2017-02-08,0,0,0.13,0.25,0,0.03,0.84,0, 0.0059664, 0.0056517, 0.0056517, 0.0048292, 0.0059140,buy
2017-02-09,0,0,0.37,0.26,0,0.03,1.6,0,-0.0110680, 0.0007604,-0.0031625,-0.0112209,-0.0119629,sell
2017-02-10,0,0,1.07,0.27,0,0.02,1.6,0, 0.0042642, 0.0029780, 0.0032874, 0.0049122, 0.0022347,buy
2017-02-11,0,0,1.03,0.28,0,0.03,1.02,0, 0.0113238, 0.0058564, 0.0092250, 0.0108509, 0.0091570,buy
2017-02-12,0,0,0.36,0.3,0,0.06,0.98,0, 0.0076054, 0.0078453, 0.0079541, 0.0076054, 0.0076730,buy
2017-02-13,0,0,0.12,0.31,0,0.12,1.53,0,-0.0043086,-0.0019439, 0.0020149,-0.0031207,-0.0002434,buy
2017-02-14,0,0,0.04,0.33,0,0.21,1.86,0, 0.0000255, 0.0081946, 0.0074273, 0.0084589, 0.0105098,buy
2017-02-15,0,0,0,0.35,0,0.12,1.49,0,-0.0040437,-0.0054053,-0.0017399,-0.0059609,-0.0045268,sell
2017-02-16,0,0,0,0.37,0,0.07,1.55,0.02, 0.0001159,-0.0066195,-0.0007566,-0.0064763,-0.0049493,sell
2017-02-17,0,0,0,0.4,0,0.07,1.18,0.04, 0.0029378, 0.0023923, 0.0039853, 0.0038094, 0.0049406,buy
2017-02-18,0,0,0.07,0.43,0,0.09,0.62,0.07, 0.0043211, 0.0033734, 0.0010908, 0.0016205, 0.0033734,buy
2017-02-19,0,0,0.34,0.46,0,0.13,0.49,0.14,-0.0026370, 0.0030101,-0.0025091,-0.0012061, 0.0027623,buy
2017-02-20,0,0.06,1.06,0.5,0,0.19,1.11,0.28, 0.0000350, 0.0023357, 0.0070398, 0.0052387, 0.0022267,buy
2017-02-21,0,0.15,0.66,0.54,0,0.3,1.47,0.54,-0.0023541,-0.0020511,-0.0044793,-0.0044793,-0.0081857,buy
2017-02-22,0,0.47,0.13,0.62,0,0.3,0.79,0.75, 0.0044664,-0.0002598,-0.0015999,-0.0015709,-0.0070235,buy
2017-02-23,0,1.24,0,0.7,0,0.23,1.58,0.65, 0.0094523, 0.0020607, 0.0068170, 0.0020042, 0.0031990,buy
2017-02-24,0,1.57,0,0.82,0,0.23,1.3,0.71, 0.0134301, 0.0036522, 0.0026077, 0.0010855, 0.0054418,buy
2017-02-25,0,1.47,0,1.01,0,0.25,0.32,0.62, 0.0028935,-0.0017683,-0.0084034,-0.0086229,-0.0021064,sell
2017-02-26,0,1.19,0,1.35,0,0.17,0.06,0.33,-0.0067758,-0.0055506,-0.0060339,-0.0072582,-0.0126220,sell
2017-02-27,0,0.71,0,1.72,0,0.21,0,0.17,-0.0010264,-0.0033243,-0.0053965,-0.0053965,-0.0074902,sell
2017-02-28,0,1.5,0,1.63,0,0.25,0,0.11, 0.0021722, 0.0023226, 0.0021722, 0.0021722,-0.0008182,buy
2017-03-01,0,2.03,0,1.44,0,0.25,0,0.06, 0.0002039, 0.0048575, 0.0002039, 0.0017452, 0.0010103,buy
2017-03-02,0,1.17,0,1.42,0,0.24,0,0.04, 0.0007095, 0.0007095, 0.0007095, 0.0032962,-0.0026809,buy
2017-03-03,0,0.23,0,1.35,0,0.18,0,0.03,-0.0085043, 0.0029202,-0.0039188, 0.0002318,-0.0054384,buy
2017-03-04,0,0.03,0,1.19,0,0.13,0,0.04,-0.0029313,-0.0000239,-0.0030043,-0.0029341,-0.0072981,buy
2017-03-05,0,0,0,1.03,0,0.05,0.07,0.04, 0.0136405, 0.0086911, 0.0052136, 0.0024694, 0.0015095,buy
2017-03-06,0,0,0,0.92,0,0.02,0.31,0.05, 0.0173669, 0.0076962, 0.0161188, 0.0094701, 0.0066147,buy
2017-03-07,0,0,0.04,0.81,0,0,1.19,0.05,-0.0003767, 0.0024657, 0.0006344, 0.0041809,-0.0010933,buy
2017-03-08,0,0,0.32,0.72,0,0,2.14,0.06,-0.0141002,-0.0086369,-0.0088963,-0.0124375,-0.0032160,sell
2017-03-09,0,0,1.03,0.64,0,0,1.6,0.06,-0.0032025,-0.0014090,-0.0007930,-0.0005154, 0.0039608,buy
2017-03-10,0,0,0.83,0.56,0,0,0.79,0.12, 0.0052029,-0.0052940,-0.0050860,-0.0028809,-0.0051005,buy
2017-03-11,0,0,0.97,0.49,0,0,0.3,0.35, 0.0057225, 0.0052044, 0.0055197, 0.0055735, 0.0182951,buy
2017-03-12,0,0,0.77,0.44,0,0,0.13,0.79, 0.0007756,-0.0023227, 0.0048284, 0.0025239,-0.0329348,sell
2017-03-13,0,0,0.29,0.38,0,0,0.05,0.42, 0.0018663, 0.0009608, 0.0058988, 0.0025150, 0.0000610,buy
2017-03-14,0,0,0.11,0.33,0,0,0,0.21,-0.0038301,-0.0032681,-0.0053604,-0.0046885,-0.0093288,sell
2017-03-15,0,0,0.04,0.29,0,0,0,0.25, 0.0010304, 0.0015924,-0.0042448, 0.0003630,-0.0067475,buy
2017-03-16,0,0,0,0.25,0,0,0,0.45,-0.0027221, 0.0034988, 0.0052771, 0.0001867,-0.0070900,buy
2017-03-17,0,0,0,0.22,0,0,0,0.86,-0.0062063,-0.0039495,-0.0123529,-0.0082174,-0.0059104,sell
2017-03-18,0,0,0,0.19,0,0,0,0.82,-0.0034294,-0.0024630,-0.0145772,-0.0100361,-0.0034691,sell
2017-03-19,0,0,0,0.16,0,0,0,0.46,-0.0047902,-0.0032060,-0.0032060,-0.0056704,-0.0104556,sell
2017-03-20,0,0,0,0.14,0,0,0,0.32, 0.0032510, 0.0032510, 0.0019554, 0.0035287, 0.0004410,buy
2017-03-21,0,0,0,0.12,0,0,0,0.3,-0.0015017,-0.0015017,-0.0019458, 0.0032614,-0.0043502,buy
2017-03-22,0,0.09,0,0.17,0,0,0,0.41, 0.0012265, 0.0035474, 0.0026556, 0.0045883,-0.0068821,buy
2017-03-23,0,0.17,0,0.41,0,0,0,0.94,-0.0100745,-0.0038020,-0.0056854,-0.0031213,-0.0031312,buy
2017-03-24,0,0.31,0,0.87,0,0,0,1.27,-0.0105608,-0.0003390,-0.0097303,-0.0108985,-0.0100246,sell
2017-03-25,0,0.58,0,0.45,0,0,0,0.98,-0.0153483,-0.0111674,-0.0111674,-0.0108896,-0.0021890,sell
2017-03-26,0,1.07,0,0.14,0,0,0,0.63,-0.0055123,-0.0073300,-0.0072572,-0.0052789,-0.0073300,sell
2017-03-27,0,1.8,0,0.05,0,0,0,0.51,-0.0019203, 0.0046007, 0.0032304, 0.0038902, 0.0097472,buy
2017-03-28,0,1.57,0,0.04,0,0,0,0.53,-0.0030484,-0.0028559,-0.0008548,-0.0183104,-0.0003823,buy
2017-03-29,0,0.85,0,0,0,0.01,0,0.58,-0.0058739,-0.0056992,-0.0047870,-0.0104308,-0.0073166,sell
2017-03-30,0,0.46,0,0,0,0.03,0,0.66, 0.0168603, 0.0037535, 0.0030336, 0.0179314, 0.0051728,buy
2017-03-31,0,0.24,0.04,0,0,0.1,0,0.66, 0.0054719, 0.0056714, 0.0054314, 0.0091185, 0.0090299,buy
2017-04-01,0,0.13,0.09,0,0,0.14,0,0.61, 0.0087117, 0.0090488, 0.0095054, 0.0136166, 0.0144133,buy
2017-04-02,0,0.07,0.18,0,0,0.06,0,0.59, 0.0082207, 0.0143706, 0.0090158, 0.0091005, 0.0091005,buy
2017-04-03,0,0,0.38,0,0,0.02,0,0.58,-0.0052248, 0.0008648,-0.0027240,-0.0034431,-0.0021439,buy
2017-04-04,0,0,0.8,0.04,0,0.01,0,0.62, 0.0085681, 0.0027952, 0.0141754, 0.0035056, 0.0106859,buy
2017-04-05,0,0,0.9,0.12,0,0,0.03,0.69, 0.0080596, 0.0050701, 0.0146636, 0.0064952, 0.0083728,buy
2017-04-06,0,0,0.47,0.32,0,0,0.05,0.84,-0.0219513,-0.0167153,-0.0335721,-0.0177531,-0.0323609,sell
2017-04-07,0,0,0.22,0.79,0,0,0.07,1.1,-0.0113499,-0.0047785,-0.0082795,-0.0110531,-0.0108223,sell
2017-04-08,0,0,0.11,0.73,0,0,0.11,1.56, 0.0014087, 0.0014027, 0.0046635,-0.0005198,-0.0011058,buy
2017-04-09,0,0,0.05,0.27,0,0,0.17,1.56, 0.0117557, 0.0083929, 0.0052254, 0.0083929, 0.0023101,buy
2017-04-10,0,0,0,0.1,0,0,0.26,1.08,-0.0131697,-0.0136539,-0.0129955,-0.0129955,-0.0159312,sell
2017-04-11,0,0,0,0.04,0,0,0.44,0.83,-0.0078370,-0.0133923,-0.0124067,-0.0128525,-0.0114882,sell
2017-04-12,0,0,0.06,0,0,0,0.69,0.75,-0.0083967,-0.0120033,-0.0086706,-0.0089978,-0.0085514,sell
2017-04-13,0,0,0.12,0,0,0,1.09,0.8, 0.0073609, 0.0073792, 0.0078260, 0.0068605, 0.0078066,buy
2017-04-14,0,0,0.22,0,0,0,1.27,0.96, 0.0004939, 0.0014347,-0.0022321,-0.0000455,-0.0001252,buy
2017-04-15,0,0,0.42,0,0,0,1.23,0.87,-0.0045946,-0.0029000,-0.0043708,-0.0045946,-0.0045946,sell
2017-04-16,0,0,0.79,0,0,0,1.48,0.68,-0.0079974,-0.0031659,-0.0082566,-0.0082566,-0.0071434,sell
2017-04-17,0,0,1.5,0,0,0,1.4,0.59, 0.0146757, 0.0052633, 0.0065272, 0.0054441, 0.0080833,buy
2017-04-18,0,0.04,1.61,0,0,0,0.86,0.59,-0.0000905, 0.0041911,-0.0018959,-0.0015390,-0.0031427,buy
2017-04-19,0,0.09,0.91,0,0,0,0.53,0.64,-0.0133671, 0.0006031,-0.0017385,-0.0084085,-0.0090808,sell
2017-04-20,0,0.18,0.48,0,0,0,0.34,0.76,-0.0022943,-0.0042236,-0.0064475,-0.0108797,-0.0064763,sell
2017-04-21,0,0.37,0.25,0,0,0,0.22,0.83,-0.0058046,-0.0053413,-0.0049679,-0.0134358,-0.0053413,sell
2017-04-22,0,0.83,0.13,0,0,0,0.14,0.83,-0.0016769,-0.0016769, 0.0019680,-0.0051565,-0.0050851,buy
2017-04-23,0,1.14,0.07,0,0,0,0.1,0.87,-0.0075122,-0.0079003,-0.0024569,-0.0074583,-0.0114398,sell
2017-04-24,0,0.9,0,0,0,0,0.05,0.89,-0.0070461,-0.0067051,-0.0028795,-0.0063464,-0.0129004,sell
2017-04-25,0,0.83,0,0,0,0,0.04,0.6,-0.0050755,-0.0054639,-0.0050755,-0.0052284,-0.0058217,sell
2017-04-26,0,1.1,0,0,0,0,0,0.36,-0.0158724,-0.0001224,-0.0004217,-0.0023789,-0.0129059,sell
2017-04-27,0,1.67,0,0,0,0,0,0.23,-0.0026897,-0.0026897,-0.0050874,-0.0046085,-0.0038794,buy
2017-04-28,0,1.52,0,0,0,0,0,0.15,-0.0064890,-0.0072017,-0.0051662,-0.0013403, 0.0003769,buy
2017-04-29,0,0.95,0,0,0,0,0,0.1,-0.0243547,-0.0239623,-0.0226906,-0.0243547,-0.0022596,sell
2017-04-30,0,0.87,0,0,0,0.02,0,0.06,-0.0163213,-0.0159842,-0.0118766,-0.0170414,-0.0129242,sell
2017-05-01,0,1.35,0.04,0,0,0.03,0,0.04, 0.0123440, 0.0090332, 0.0142924, 0.0123440,-0.0003181,buy
2017-05-02,0,1.89,0.09,0,0,0.06,0,0,-0.0022438, 0.0003350, 0.0014575, 0.0035853, 0.0005454,buy
2017-05-03,0,1.17,0.24,0,0,0.11,0,0, 0.0139477, 0.0178485, 0.0194144, 0.0219285, 0.0176283,buy
2017-05-04,0,0.45,0.63,0,0,0.19,0,0,-0.0051107,-0.0012042,-0.0129526,-0.0123993,-0.0123993,sell
2017-05-05,0,0.18,0.9,0,0,0.22,0,0, 0.0063762, 0.0083023, 0.0019521, 0.0005156,-0.0039525,buy
2017-05-06,0,0.07,0.47,0,0,0.24,0,0, 0.0136049, 0.0096921, 0.0009283,-0.0061151, 0.0002211,buy
2017-05-07,0,0,0.19,0,0,0.23,0,0, 0.0122658, 0.0041101, 0.0048440, 0.0022401, 0.0039580,buy
2017-05-08,0,0,0.07,0,0,0.15,0,0, 0.0240651, 0.0134182, 0.0116765, 0.0179656, 0.0121468,buy
2017-05-09,0,0,0.03,0,0,0.09,0,0, 0.0033851, 0.0056760, 0.0080858,-0.0004299,-0.0029245,buy
2017-05-10,0,0,0,0,0,0.07,0,0, 0.0004729, 0.0008581, 0.0010972,-0.0017613, 0.0008001,buy
2017-05-11,0,0,0,0,0,0.06,0,0, 0.0076696, 0.0050691, 0.0096842, 0.0046092, 0.0041238,buy
2017-05-12,0,0,0,0,0,0.06,0,0, 0.0245690, 0.0183589, 0.0124148, 0.0178333, 0.0165600,buy
2017-05-13,0,0,0.13,0,0,0.06,0,0, 0.0142039, 0.0088618, 0.0148333, 0.0095416, 0.0051888,buy
2017-05-14,0,0,0.29,0,0,0.06,0,0,-0.0169516,-0.0208411,-0.0159100,-0.0190955,-0.0130245,sell
2017-05-15,0,0.03,0.67,0.05,0,0.06,0,0,-0.0148127,-0.0148127,-0.0115705,-0.0162311,-0.0030364,sell
2017-05-16,0,0.08,1.56,0.1,0,0.09,0,0.01,-0.0016594,-0.0076128,-0.0168319,-0.0022808,-0.0076128,sell
2017-05-17,0,0.21,2.13,0.22,0,0.1,0,0.03,-0.0198825,-0.0202705,-0.0198825,-0.0202705,-0.0198825,sell
2017-05-18,0,0.52,1.8,0.49,0,0.13,0,0.04, 0.0244837, 0.0150495, 0.0283823, 0.0264899, 0.0244837,buy
2017-05-19,0,0.99,1.76,0.8,0,0.17,0,0.08, 0.0204224, 0.0063014, 0.0090243, 0.0314977, 0.0091800,buy
2017-05-20,0,0.75,1.22,0.58,0,0.22,0,0.16,-0.0002888,-0.0035311,-0.0026690, 0.0048642,-0.0001567,buy
2017-05-21,0,0.4,0.64,0.26,0,0.27,0,0.34,-0.0021031,-0.0068645,-0.0114173,-0.0064319,-0.0060231,sell
2017-05-22,0,0.36,0.32,0.12,0,0.28,0,0.55,-0.0023853,-0.0055066,-0.0139467,-0.0050687,-0.0050687,sell
2017-05-23,0,0.77,0.17,0.09,0,0.25,0,0.5,-0.0143319,-0.0154888,-0.0153400,-0.0124551,-0.0104617,sell
2017-05-24,0,1.87,0.12,0.1,0,0.2,0.08,0.52, 0.0091794, 0.0080830, 0.0091794, 0.0059491, 0.0076635,buy
2017-05-25,0,3.31,0.14,0.16,0,0.15,0.14,0.7,-0.0129069,-0.0074916,-0.0084738,-0.0157364,-0.0105843,sell
2017-05-26,0,2.53,0.3,0.31,0,0.12,0.28,0.52,-0.0049726,-0.0035584, 0.0017069,-0.0060909,-0.0026839,buy
2017-05-27,0,0.82,0.88,0.6,0,0.09,0.46,0.22, 0.0004749, 0.0076149, 0.0084776, 0.0079964,-0.0165130,buy
2017-05-28,0,0.26,0.69,1.16,0,0.07,0.78,0.1, 0.0004643, 0.0034291,-0.0015352, 0.0102229,-0.0076602,buy
2017-05-29,0,0.06,0.19,1.44,0,0.07,1.31,0.04,-0.0218815,-0.0192087,-0.0192087,-0.0185936, 0.0015388,sell
2017-05-30,0,0,0.05,0.9,0,0.07,2.21,0.02,-0.0049870,-0.0081207,-0.0049870,-0.0034587, 0.0032776,buy
2017-05-31,0,0,0,0.47,0,0.1,2.31,0, 0.0002671,-0.0022742,-0.0011575, 0.0192877, 0.0006077,buy
2017-06-01,0,0,0,0.24,0,0.15,1.48,0, 0.0024520,-0.0078204, 0.0040825, 0.0084281, 0.0068087,buy
2017-06-02,0,0,0.19,0.13,0,0.2,0.96,0, 0.0102132, 0.0082742, 0.0091483, 0.0049511, 0.0096543,buy
2017-06-03,0,0.04,0.92,0.07,0,0.14,0.7,0, 0.0021758, 0.0071810, 0.0038845, 0.0066704, 0.0127990,buy
2017-06-04,0,0.2,1.58,0,0,0.08,0.56,0,-0.0079990,-0.0169436,-0.0169155,-0.0183444,-0.0038095,sell
2017-06-05,0,1,0.6,0,0,0.06,0.55,0,-0.0116323, 0.0030643, 0.0030643,-0.0003044,-0.0023204,buy
2017-06-06,0,0.99,0.26,0,0,0.04,0.61,0, 0.0071401, 0.0059961, 0.0065320, 0.0024427, 0.0060944,buy
2017-06-07,0,0.46,0.38,0,0,0.03,0.71,0, 0.0036930, 0.0113890, 0.0082324,-0.0025393, 0.0082940,buy
2017-06-08,0,1.59,0.9,0,0,0.03,0.91,0,-0.0075338,-0.0133206,-0.0094115,-0.0103192,-0.0176849,sell
2017-06-09,0,1.53,1.44,0,0,0.03,1.11,0, 0.0144197,-0.0156619,-0.0133595,-0.0117013,-0.0122937,sell
2017-06-10,0,0.27,0.93,0,0,0.03,1.01,0, 0.0205327, 0.0197920, 0.0166117, 0.0220047, 0.0166117,buy
2017-06-11,0,0,0.39,0.06,0,0.05,0.74,0,-0.0002318,-0.0065817,-0.0070965, 0.0018516,-0.0070965,buy
2017-06-12,0,0.12,0.16,0.15,0,0.12,0.6,0,-0.0140454,-0.0141613,-0.0127106,-0.0140454,-0.0127106,sell
2017-06-13,0,0.31,0.07,0.37,0,0.2,0.68,0,-0.0094300,-0.0131145,-0.0135366,-0.0242992,-0.0226487,sell
2017-06-14,0,0.83,0.13,0.94,0,0.09,1.29,0, 0.0074418,-0.0098453,-0.0131880,-0.0045665,-0.0113039,sell
2017-06-15,0,1.8,0.89,1.41,0,0.06,1.02,0, 0.0012465, 0.0125340, 0.0012573, 0.0081405, 0.0027435,buy
2017-06-16,0,1.4,1.49,0.85,0,0.05,0.59,0, 0.0042416, 0.0024726, 0.0009648, 0.0028382, 0.0017274,buy
2017-06-17,0,0.53,0.54,0.61,0,0.05,0.79,0,-0.0000908,-0.0037032,-0.0133142,-0.0048999,-0.0057564,sell
2017-06-18,0,0.2,0.6,1.57,0,0.06,1.43,0.01,-0.0082691,-0.0120189,-0.0090162,-0.0070534, 0.0032060,sell
2017-06-19,0,0.07,0.89,1.01,0,0.06,1.68,0.03, 0.0054337,-0.0041376, 0.0054337, 0.0066918,-0.0027188,buy
2017-06-20,0,0,0.57,0.13,0,0.08,1.75,0.07,-0.0084858,-0.0146043,-0.0128264,-0.0114233,-0.0099370,sell
2017-06-21,0,0,0.23,0,0,0.09,0.61,0.12,-0.0145170,-0.0072999,-0.0072999, 0.0103554,-0.0067220,buy
2017-06-22,0,0,0.09,0,0,0.16,0.15,0.19, 0.0009326, 0.0128889,-0.0002492, 0.0016487, 0.0009326,buy
2017-06-23,0,0,0.04,0,0,0.2,0.04,0.34, 0.0036063, 0.0048852, 0.0005978, 0.0012278, 0.0051661,buy
2017-06-24,0,0,0,0,0,0.12,0,0.59, 0.0125987, 0.0096282, 0.0124727, 0.0125481, 0.0125481,buy
2017-06-25,0,0,0.07,0,0,0.11,0,0.86,-0.0026483,-0.0084324,-0.0101299,-0.0025416,-0.0026483,buy
2017-06-26,0,0,0.19,0.04,0,0.13,0,0.84,-0.0027611,-0.0082932,-0.0092605,-0.0070865,-0.0065895,sell
2017-06-27,0,0,0.53,0.08,0,0.15,0,0.83,-0.0021267,-0.0042054,-0.0060972,-0.0094547,-0.0079629,sell
2017-06-28,0,0,1.48,0.33,0,0.12,0,0.51,-0.0006937,-0.0237267, 0.0019298,-0.0018183,-0.0026496,buy
2017-06-29,0,0,1.61,1.41,0,0.07,0,0.18,-0.0109049,-0.0108911,-0.0088668,-0.0050873,-0.0084880,sell
2017-06-30,0,0.05,0.71,1.76,0,0.05,0,0.08, 0.0053597, 0.0053597,-0.0020067, 0.0085973,-0.0047091,buy
2017-07-01,0,0.13,0.85,1.14,0,0.04,0,0.07, 0.0063604, 0.0006694,-0.0027798, 0.0084124, 0.0018012,buy
2017-07-02,0,0.33,1.64,1.27,0,0.03,0.01,0.07,-0.0076242,-0.0073455,-0.0057429, 0.0046493,-0.0001875,buy
2017-07-03,0,0.81,0.69,0.95,0,0.03,0.01,0.18,-0.0107307,-0.0072918,-0.0107307,-0.0035062,-0.0136147,sell
2017-07-04,0,1.06,0.2,0.52,0,0.02,0.03,0.72, 0.0110403,-0.0015323, 0.0073789, 0.0135601, 0.0104621,buy
2017-07-05,0,0.71,0.18,0.28,0,0.01,0.06,0.98, 0.0000050, 0.0076123, 0.0071745, 0.0073083, 0.0079896,buy
2017-07-06,0,0.81,0.34,0.24,0,0.01,0.11,0.55,-0.0020678,-0.0092899,-0.0119377, 0.0060988, 0.0032425,buy
2017-07-07,0,1.65,0.64,0.27,0,0.02,0.16,0.25,-0.0012709,-0.0026183, 0.0038502,-0.0051537,-0.0012709,buy
2017-07-08,0,1.66,1.21,0.49,0,0.02,0.12,0.11,-0.0071437,-0.0063275,-0.0078371,-0.0057700,-0.0092069,sell
2017-07-09,0,1.43,1.62,1.05,0,0.02,0.07,0.07, 0.0084138, 0.0087267, 0.0076088, 0.0110051, 0.0066785,buy
2017-07-10,0,1.94,1.17,1.27,0,0.03,0.04,0.05,-0.0004881, 0.0125412, 0.0000070,-0.0006121,-0.0149722,buy
2017-07-11,0,0.78,0.73,0.63,0,0.04,0.02,0.05, 0.0013925, 0.0081785, 0.0008507, 0.0030706,-0.0047454,buy
2017-07-12,0,0.15,0.64,0.26,0,0.04,0.07,0.08,-0.0131513,-0.0113588,-0.0165360,-0.0104743,-0.0161065,sell
2017-07-13,0,0,0.95,0.11,0,0.08,0.25,0.1, 0.0048278, 0.0085678, 0.0039337, 0.0084057, 0.0085678,buy
2017-07-14,0,0,1.79,0.05,0,0.12,0.8,0.15,-0.0028793,-0.0023089,-0.0016975, 0.0012491,-0.0008035,buy
2017-07-15,0,0,1.81,0,0,0.19,0.67,0.25, 0.0037272,-0.0002794, 0.0032250, 0.0034617, 0.0025628,buy
2017-07-16,0,0,1.96,0,0,0.27,0.19,0.42,-0.0025782,-0.0052493,-0.0062527,-0.0028545,-0.0074711,buy
2017-07-17,0,0,1.42,0,0,0.24,0.05,0.71,-0.0048152,-0.0040523,-0.0033178,-0.0029146,-0.0036120,buy
2017-07-18,0,0,0.57,0,0,0.11,0,0.81, 0.0044270,-0.0040394,-0.0006520,-0.0030166,-0.0005376,buy
2017-07-19,0,0,0.57,0,0,0.05,0,0.72, 0.0051089, 0.0124116, 0.0077526, 0.0051581, 0.0109748,buy
2017-07-20,0,0,1.36,0,0,0.03,0,0.91,-0.0070465,-0.0094756,-0.0011497,-0.0038054,-0.0083425,buy
2017-07-21,0,0,1.43,0.09,0,0.01,0,0.85,-0.0058692,-0.0042193,-0.0036381,-0.0005391,-0.0044259,sell
2017-07-22,0,0,0.52,0.25,0,0.01,0,0.46, 0.0019226, 0.0004452,-0.0015064,-0.0038278,-0.0062772,buy
2017-07-23,0,0,0.19,0.71,0,0.01,0,0.29,-0.0041797,-0.0100486,-0.0111532,-0.0067991,-0.0016034,sell
2017-07-24,0,0.05,0.07,1.44,0,0.01,0,0.21, 0.0078000, 0.0113309, 0.0113309, 0.0007798, 0.0081432,buy
2017-07-25,0,0.28,0,0.96,0,0.03,0,0.18,-0.0080280,-0.0079338,-0.0107771,-0.0001461, 0.0074886,buy
2017-07-26,0,0.69,0,0.34,0,0.08,0.04,0.19,-0.0046858,-0.0046858,-0.0051757,-0.0030250,-0.0057807,sell
2017-07-27,0,1.67,0,0.12,0,0.1,0.11,0.21,-0.0085996,-0.0232668,-0.0156477,-0.0226491,-0.0157771,sell
2017-07-28,0,3.07,0,0,0,0.05,0.32,0.24,-0.0065705,-0.0067956,-0.0031000,-0.0064815,-0.0031890,sell
2017-07-29,0,3.76,0,0,0,0.02,0.87,0.28,-0.0025346,-0.0009401,-0.0043973,-0.0023958,-0.0022969,buy
2017-07-30,0,3.57,0,0,0,0.01,1.28,0.32,-0.0068907,-0.0042420,-0.0062461,-0.0047569,-0.0049080,sell
2017-07-31,0,2.42,0,0,0,0.01,0.65,0.37,-0.0132303,-0.0148952,-0.0133628,-0.0101794,-0.0052282,sell
2017-08-01,0,1.23,0,0,0,0,0.23,0.43, 0.0045675, 0.0092725, 0.0035563, 0.0083136, 0.0054816,buy
2017-08-02,0,0.61,0,0,0,0,0.08,0.49,-0.0083679,-0.0147092,-0.0081643,-0.0149291,-0.0123101,sell
2017-08-03,0,0.28,0,0,0,0,0,0.57,-0.0053708,-0.0087654,-0.0053708,-0.0202108,-0.0145666,sell
2017-08-04,0,0.15,0,0,0,0,0.09,0.64,-0.0056810,-0.0051560,-0.0056810,-0.0192641,-0.0128954,sell
2017-08-05,0,0.13,0.05,0,0,0,0.17,0.62,-0.0023710,-0.0035511, 0.0008143,-0.0038272,-0.0038697,buy
2017-08-06,0,0.08,0.12,0,0,0,0.29,0.54, 0.0074524, 0.0077147, 0.0079729, 0.0066137, 0.0066137,buy
2017-08-07,0,0.11,0.28,0,0,0,0.51,0.46,-0.0112185,-0.0002363, 0.0004595, 0.0023401,-0.0015636,buy
2017-08-08,0,0.16,0.67,0,0,0,0.91,0.4,-0.0184766, 0.0063018, 0.0100351, 0.0044449, 0.0084061,buy
2017-08-09,0,0.21,1.43,0,0,0,1.56,0.34,-0.0010891,-0.0020049,-0.0024575,-0.0141540, 0.0045954,buy
2017-08-10,0,0.26,1.31,0,0,0,1.9,0.29,-0.0133589,-0.0095225,-0.0091928,-0.0111268, 0.0051851,sell
2017-08-11,0,0.29,0.62,0,0,0,1.41,0.25, 0.0086656, 0.0033250, 0.0090868, 0.0094958, 0.0024855,buy
2017-08-12,0,0.31,0.41,0.09,0,0,0.82,0.22,-0.0230146,-0.0119705, 0.0158858,-0.0230146,-0.0203147,sell
2017-08-13,0,0.31,0.43,0.26,0,0,0.54,0.2,-0.0205134,-0.0026177,-0.0127461,-0.0169942,-0.0088552,sell
2017-08-14,0,0.3,0.61,0.74,0,0,0.43,0.21, 0.0096437, 0.0075907, 0.0075907, 0.0086266, 0.0068531,buy
2017-08-15,0,0.27,1.16,1.26,0,0,0.42,0.25, 0.0140598, 0.0154683, 0.0143884, 0.0150405, 0.0147449,buy
2017-08-16,0,0.22,1.66,0.72,0,0,0.44,0.41,-0.0074809,-0.0084124, 0.0027478,-0.0074809,-0.0084945,sell
2017-08-17,0,0.17,1.71,0.25,0,0,0.57,0.5,-0.0125132,-0.0125132,-0.0125132,-0.0151532,-0.0166380,sell
2017-08-18,0,0.12,2.2,0.09,0,0,0.76,0.29,-0.0069852,-0.0069852,-0.0054415,-0.0069852,-0.0069852,sell
2017-08-19,0,0.08,1.62,0,0,0,1.03,0.15,-0.0078488,-0.0082961,-0.0072053,-0.0180071,-0.0072053,sell
2017-08-20,0,0.05,0.63,0,0,0.02,1.31,0.09,-0.0063182,-0.0126787,-0.0141808,-0.0132169,-0.0147304,sell
2017-08-21,0,0.1,0.25,0,0,0.03,1.31,0.09, 0.0016440, 0.0024591,-0.0054073, 0.0030745,-0.0023561,buy
2017-08-22,0,0.24,0.11,0,0,0.02,1.17,0.13, 0.0037221, 0.0099559, 0.0053301, 0.0135942, 0.0099559,buy
2017-08-23,0,0.56,0,0,0,0.05,1.14,0.3, 0.0128582, 0.0138665, 0.0166139, 0.0166424, 0.0108831,buy
2017-08-24,0,1.44,0,0,0,0.1,1.16,0.67,-0.0003091, 0.0051314, 0.0019002,-0.0003091,-0.0021363,buy
2017-08-25,0,1.75,0,0,0,0.09,1.26,0.54, 0.0094346, 0.0132242, 0.0106328, 0.0094346, 0.0066445,buy
2017-08-26,0,1.14,0,0,0,0.05,1.42,0.19, 0.0066154,-0.0101087,-0.0070604,-0.0014969,-0.0051359,buy
2017-08-27,0,1.16,0,0,0,0.06,1.5,0.08, 0.0066220,-0.0103185,-0.0039257,-0.0003211, 0.0009464,buy
2017-08-28,0,1.86,0,0,0,0.09,1.38,0.02, 0.0048605, 0.0118136, 0.0070625, 0.0118136, 0.0120127,buy
2017-08-29,0,1.86,0,0,0,0.15,1.17,0, 0.0113563, 0.0189815, 0.0068556, 0.0109049, 0.0167235,buy
2017-08-30,0,1.84,0,0,0,0.18,0.98,0, 0.0074632, 0.0184714, 0.0062519, 0.0071477, 0.0162590,buy
2017-08-31,0,2.15,0,0,0,0.16,0.84,0, 0.0103885, 0.0118708, 0.0041233, 0.0044428, 0.0106760,buy
2017-09-01,0,1.23,0,0,0,0.09,0.72,0, 0.0097182, 0.0064984, 0.0080530, 0.0073522, 0.0084687,buy
2017-09-02,0,0.7,0,0,0,0.05,0.62,0,-0.0127689,-0.0073717,-0.0118494,-0.0118494,-0.0097236,sell
2017-09-03,0,0.75,0,0,0,0.03,0.53,0,-0.0020777,-0.0023532,-0.0106278,-0.0030910, 0.0007197,buy
2017-09-04,0,1.31,0,0,0,0.01,0.45,0,-0.0074771,-0.0135363,-0.0097818,-0.0140472,-0.0120358,sell
2017-09-05,0,2.02,0,0,0,0.01,0.39,0,-0.0076711,-0.0081277,-0.0098131,-0.0079548,-0.0007345,sell
2017-09-06,0,1.76,0.11,0,0,0,0.33,0,-0.0053985,-0.0050805,-0.0016550,-0.0050867,-0.0001590,buy
2017-09-07,0,1.7,0.33,0,0,0,0.29,0, 0.0016491,-0.0032310, 0.0048091,-0.0018861,-0.0010427,buy
2017-09-08,0,1.89,0.99,0,0,0,0.25,0, 0.0031277,-0.0056643, 0.0061735,-0.0059038,-0.0175413,sell
2017-09-09,0,1.51,1.41,0,0,0,0.21,0.02, 0.0043468,-0.0014063, 0.0049440, 0.0049440, 0.0033071,buy
2017-09-10,0,1.16,0.68,0,0,0,0.18,0.05,-0.0012163,-0.0097512,-0.0094927,-0.0005465,-0.0090975,buy
2017-09-11,0,1.44,0.23,0.04,0,0,0.18,0.12, 0.0086366, 0.0134174, 0.0122487, 0.0104968, 0.0134174,buy
2017-09-12,0,1.78,0.08,0.05,0,0,0.19,0.27,-0.0224265,-0.0171401,-0.0163505,-0.0099559,-0.0157036,sell
2017-09-13,0,1.08,0,0.06,0,0,0.27,0.62,-0.0127902,-0.0089431,-0.0095290,-0.0069208,-0.0099086,sell
2017-09-14,0,0.42,0,0.08,0,0,0.47,0.72,-0.0128381,-0.0128815,-0.0106862,-0.0104108,-0.0227169,sell
2017-09-15,0,0.12,0,0.09,0,0.01,0.88,0.34,-0.0252215,-0.0094722,-0.0065777,-0.0199525,-0.0062702,sell
2017-09-16,0,0,0.06,0.12,0,0.02,0.75,0.15,-0.0118545,-0.0096186,-0.0085616,-0.0091236,-0.0125481,sell
2017-09-17,0,0.06,0.15,0.14,0,0.04,0.33,0.06,-0.0056894,-0.0079917, 0.0085265,-0.0076644,-0.0079917,sell
2017-09-18,0,0.32,0.38,0.18,0,0.12,0.17,0.03,-0.0020790,-0.0011206,-0.0020790,-0.0005317,-0.0001839,buy
2017-09-19,0,1.34,0.95,0.22,0,0.12,0.09,0,-0.0168160,-0.0114447,-0.0246854,-0.0177982,-0.0222563,sell
2017-09-20,0,2.54,1.41,0.27,0,0.07,0.04,0,-0.0092343,-0.0221696,-0.0174105,-0.0154885,-0.0146263,sell
2017-09-21,0,2.39,0.86,0.33,0,0.07,0,0, 0.0013294,-0.0090448,-0.0092592,-0.0112495,-0.0050263,sell
2017-09-22,0,1.58,0.35,0.41,0,0.09,0,0, 0.0126017, 0.0098041,-0.0003258, 0.0165806, 0.0187184,buy
2017-09-23,0,1.16,0.14,0.51,0,0.1,0,0.06, 0.0083038, 0.0088628, 0.0042965, 0.0049092, 0.0074981,buy
2017-09-24,0,1.6,0.06,0.63,0,0.08,0,0.26,-0.0080776,-0.0100588,-0.0080776,-0.0083691,-0.0085582,sell
2017-09-25,0,1.6,0,0.78,0,0.05,0,0.7, 0.0118955, 0.0084623,-0.0018568, 0.0035422, 0.0015171,buy
2017-09-26,0,0.97,0.1,0.98,0,0.04,0,0.39,-0.0023966, 0.0102116, 0.0001022, 0.0024049, 0.0073653,buy
2017-09-27,0,0.65,0.52,1.22,0,0.03,0,0.08,-0.0017880,-0.0008103, 0.0001606, 0.0025801, 0.0058632,buy
2017-09-28,0,0.72,1.43,1.27,0,0.04,0,0,-0.0105553,-0.0101670,-0.0039821,-0.0114982,-0.0053918,sell
2017-09-29,0,1.51,0.71,1.06,0,0.07,0,0,-0.0189514,-0.0152061,-0.0224528,-0.0193809,-0.0208869,sell
2017-09-30,0,1.68,0.14,0.86,0,0.11,0,0,-0.0124064,-0.0020858, 0.0012239, 0.0003869, 0.0000861,buy
2017-10-01,0,0.62,0,0.69,0,0.08,0,0, 0.0107911, 0.0184797, 0.0103209, 0.0147945, 0.0095511,buy
2017-10-02,0,0.18,0,0.55,0,0.03,0,0,-0.0093945,-0.0044898,-0.0050732,-0.0078475,-0.0093945,sell
2017-10-03,0,0.06,0,0.44,0,0.01,0,0, 0.0057651, 0.0054539, 0.0065029, 0.0064508,-0.0059486,buy
2017-10-04,0,0,0,0.35,0,0,0,0.03, 0.0062007, 0.0105022, 0.0046101, 0.0046101, 0.0052379,buy
2017-10-05,0,0,0,0.28,0,0,0,0.11, 0.0073813, 0.0107634, 0.0071282, 0.0071282, 0.0060672,buy
2017-10-06,0,0,0,0.23,0,0,0,0.25, 0.0057669, 0.0130209, 0.0129563, 0.0074957, 0.0074957,buy
2017-10-07,0,0,0,0.18,0,0,0,0.68,-0.0052445,-0.0015176,-0.0052445,-0.0061438,-0.0001543,sell
2017-10-08,0,0,0.05,0.14,0,0,0,1.44, 0.0081653, 0.0065309, 0.0026163, 0.0066800, 0.0105757,buy
2017-10-09,0,0,0.16,0.11,0,0,0,2, 0.0131637, 0.0086738, 0.0049316, 0.0082200, 0.0039910,buy
2017-10-10,0,0,0.5,0.09,0,0,0.06,1.63, 0.0155565, 0.0147023, 0.0103487, 0.0156965, 0.0130414,buy
2017-10-11,0,0,1.49,0.07,0,0,0.27,1.11, 0.0001665,-0.0042335,-0.0015237, 0.0033138, 0.0037186,buy
2017-10-12,0,0,1.36,0.06,0,0,1.21,0.69, 0.0067611, 0.0064776, 0.0035958, 0.0084064, 0.0036126,buy
2017-10-13,0,0,0.58,0.21,0,0,1.63,0.4,-0.0041622,-0.0067135,-0.0029982,-0.0028333,-0.0028333,buy
2017-10-14,0,0,0.46,0.77,0,0,0.83,0.23, 0.0134107, 0.0046895, 0.0066739, 0.0136043, 0.0066739,buy
2017-10-15,0,0,0.64,1.31,0,0,1.06,0.13, 0.0021864, 0.0050836, 0.0050836, 0.0053078,-0.0022902,buy
2017-10-16,0,0,1.09,0.57,0,0,1.43,0.08,-0.0064496, 0.0014153,-0.0005224, 0.0006218, 0.0007295,buy
2017-10-17,0,0,1.44,0.35,0,0,0.93,0.05, 0.0000206, 0.0023652,-0.0008367, 0.0019925, 0.0009863,buy
2017-10-18,0,0,1.01,0.63,0,0,0.41,0.03, 0.0004147, 0.0004320,-0.0020226,-0.0105036, 0.0011036,buy
2017-10-19,0,0,0.55,1.26,0,0,0.18,0, 0.0135705, 0.0033965, 0.0042355, 0.0044883, 0.0028756,buy
2017-10-20,0,0,0.31,1,0,0.01,0.08,0, 0.0173160, 0.0192669, 0.0174521, 0.0128595, 0.0173160,buy
2017-10-21,0,0,0.17,0.4,0,0.06,0,0, 0.0041066, 0.0073987, 0.0115856, 0.0073987, 0.0097423,buy
2017-10-22,0,0,0.09,0.16,0,0.18,0,0, 0.0017111,-0.0017871, 0.0046140,-0.0059909,-0.0007157,buy
2017-10-23,0,0,0.05,0.06,0,0.14,0,0, 0.0007685, 0.0060218, 0.0056099, 0.0023932, 0.0016427,buy
2017-10-24,0,0,0,0,0,0.04,0,0.02, 0.0015762, 0.0031967,-0.0022185,-0.0088629, 0.0031908,buy
2017-10-25,0,0,0,0,0,0.02,0.07,0.06, 0.0052717, 0.0014582, 0.0200020, 0.0072597,-0.0018876,buy
2017-10-26,0,0,0,0,0,0.02,0.26,0.17, 0.0008933, 0.0010161, 0.0027299, 0.0010161, 0.0010161,buy
2017-10-27,0,0,0,0,0,0.04,1,0.52,-0.0012792, 0.0012319, 0.0014054, 0.0016299, 0.0018279,buy
2017-10-28,0,0,0,0,0,0.09,1.25,0.63, 0.0149617, 0.0133409, 0.0136287, 0.0136287, 0.0149617,buy
2017-10-29,0,0,0,0,0,0.16,0.4,0.25, 0.0053131, 0.0160824, 0.0082007, 0.0096452, 0.0112576,buy
2017-10-30,0,0,0,0,0,0.15,0.15,0.08, 0.0160420, 0.0101323, 0.0161544, 0.0161544, 0.0160420,buy
2017-10-31,0,0,0.08,0,0,0.13,0.12,0.03, 0.0077957, 0.0131254, 0.0039839, 0.0169260, 0.0039839,buy
2017-11-01,0,0,0.33,0.1,0,0.2,0.34,0, 0.0078287, 0.0030412, 0.0004522,-0.0039213,-0.0034552,buy
2017-11-02,0,0,1.28,0.3,0,0.18,0.96,0, 0.0160185, 0.0009917, 0.0095728, 0.0044731, 0.0133868,buy
2017-11-03,0,0,1.43,0.96,0,0.08,1.41,0,-0.0045667,-0.0079855,-0.0039804,-0.0039804,-0.0081855,buy
2017-11-04,0,0,0.4,1.28,0,0.04,0.74,0,-0.0082134,-0.0093825,-0.0084302,-0.0086830,-0.0061412,sell
2017-11-05,0,0,0.1,0.52,0,0.05,0.32,0, 0.0168716, 0.0133395, 0.0160613, 0.0136815, 0.0136815,buy
2017-11-06,0,0,0,0.16,0,0.11,0.23,0, 0.0116380, 0.0170918, 0.0116576, 0.0122905, 0.0127406,buy
2017-11-07,0,0,0,0.05,0,0.16,0.33,0, 0.0056565, 0.0077251, 0.0049448, 0.0078405, 0.0064668,buy
2017-11-08,0,0,0,0,0,0.08,0.79,0, 0.0013856, 0.0092500, 0.0026741, 0.0075387, 0.0075387,buy
2017-11-09,0,0,0,0,0,0.03,1.27,0, 0.0046803, 0.0107365, 0.0046803, 0.0046803,-0.0027834,buy
2017-11-10,0,0.09,0,0,0,0.02,0.83,0,-0.0082138,-0.0105611,-0.0105243,-0.0099208,-0.0105243,sell
2017-11-11,0,0.31,0,0,0,0.01,0.38,0,-0.0039161,-0.0061569,-0.0027895,-0.0046133, 0.0007297,buy
2017-11-12,0,1.09,0,0,0,0.03,0.2,0.02, 0.0168285, 0.0111737, 0.0148824, 0.0168750, 0.0044443,buy
2017-11-13,0,1.57,0.05,0,0,0.04,0.18,0.03,-0.0046026,-0.0022155,-0.0001385,-0.0083643, 0.0003014,buy
2017-11-14,0,0.64,0.13,0,0,0.08,0.23,0.05,-0.0037317,-0.0007576, 0.0015932, 0.0056731, 0.0012303,buy
2017-11-15,0,0.19,0.32,0,0,0.19,0.42,0.09,-0.0025156,-0.0097053,-0.0058482,-0.0157928,-0.0101381,sell
2017-11-16,0,0.06,0.8,0,0,0.31,0.77,0.16, 0.0029128, 0.0042133, 0.0024230, 0.0042133, 0.0034859,buy
2017-11-17,0,0,1.44,0,0,0.22,1.11,0.28,-0.0032413, 0.0032364, 0.0063913,-0.0060459,-0.0040600,buy
2017-11-18,0,0,0.98,0,0,0.1,0.97,0.48,-0.0059084,-0.0087274, 0.0001191,-0.0069664,-0.0115154,sell
2017-11-19,0,0,0.39,0,0,0.06,0.75,0.64,-0.0033769, 0.0021100, 0.0044782, 0.0052278, 0.0067975,buy
2017-11-20,0,0,0.15,0,0,0.05,1.02,0.49,-0.0055983,-0.0055983,-0.0048640, 0.0008580,-0.0043453,buy
2017-11-21,0,0,0.06,0,0,0.05,1.44,0.29,-0.0038268, 0.0108402, 0.0111163, 0.0108402, 0.0167643,buy
2017-11-22,0,0,0,0,0,0.07,0.84,0.17,-0.0123391,-0.0126644,-0.0133686,-0.0031072,-0.0010264,sell
2017-11-23,0,0,0,0,0,0.16,0.32,0.1,-0.0039108, 0.0029722,-0.0044895, 0.0016295,-0.0061524,buy
2017-11-24,0,0,0.08,0,0,0.28,0.13,0.06, 0.0005129, 0.0012189,-0.0001845,-0.0002693, 0.0027630,buy
2017-11-25,0,0,0.25,0.05,0,0.27,0.04,0.03, 0.0124377, 0.0154384, 0.0131441, 0.0115435, 0.0065879,buy
2017-11-26,0,0,0.79,0.09,0,0.16,0,0.02,-0.0121685,-0.0083530,-0.0086400,-0.0116493,-0.0078842,sell
2017-11-27,0,0,1.43,0.17,0,0.11,0,0,-0.0167541,-0.0093839,-0.0093839,-0.0098699,-0.0062135,sell
2017-11-28,0,0.1,0.8,0.3,0,0.1,0,0, 0.0098962,-0.0094912,-0.0126642,-0.0006249,-0.0036075,buy
2017-11-29,0,0.24,0.26,0.54,0,0.1,0.06,0,-0.0051017,-0.0079982,-0.0089781,-0.0152661, 0.0016152,sell
2017-11-30,0,0.61,0.08,0.98,0,0.13,0.09,0,-0.0055369,-0.0053589,-0.0055369,-0.0081814,-0.0022349,sell
2017-12-01,0,1.54,0,1.28,0,0.17,0.19,0, 0.0069450, 0.0069450, 0.0069450, 0.0074531,-0.0021631,buy
2017-12-02,0,1.6,0,0.91,0,0.27,0.3,0,-0.0022097,-0.0008922, 0.0117156, 0.0117156, 0.0063238,buy
2017-12-03,0,0.63,0,0.51,0,0.36,0.48,0,-0.0030020,-0.0006253,-0.0062743,-0.0020693,-0.0129662,buy
2017-12-04,0,0.25,0,0.29,0,0.27,0.82,0,-0.0014722, 0.0015181,-0.0068117,-0.0056457,-0.0038461,sell
2017-12-05,0,0.1,0,0.16,0,0.19,1.47,0, 0.0127134, 0.0137206, 0.0145105, 0.0130289, 0.0139198,buy
2017-12-06,0,0.12,0,0.09,0,0.18,2.55,0, 0.0074114, 0.0073562, 0.0069928, 0.0013794, 0.0023585,buy
2017-12-07,0,0.39,0,0.05,0,0.25,2.12,0, 0.0096882, 0.0087571, 0.0145760, 0.0093288, 0.0095263,buy
2017-12-08,0,1.21,0,0,0,0.3,1.09,0,-0.0098168,-0.0063322,-0.0107464,-0.0119055,-0.0132870,sell
2017-12-09,0,1.57,0,0,0,0.22,0.6,0, 0.0112561, 0.0213490, 0.0128211, 0.0128211, 0.0194134,buy
2017-12-10,0,0.64,0,0,0,0.13,0.35,0,-0.0086010, 0.0204316,-0.0192134,-0.0081122, 0.0204294,buy
2017-12-11,0,0.21,0,0,0,0.11,0.22,0, 0.0089695, 0.0268590, 0.0057758, 0.0117149, 0.0185326,buy
2017-12-12,0,0.07,0,0,0,0.12,0.14,0, 0.0008807,-0.0005238, 0.0011106,-0.0007418,-0.0005238,buy
2017-12-13,0,0,0,0,0,0.15,0.09,0, 0.0109663, 0.0083225, 0.0125810, 0.0125810, 0.0109663,buy
2017-12-14,0,0,0,0,0,0.27,0.06,0, 0.0005087,-0.0017195,-0.0014794,-0.0011626, 0.0013124,buy
2017-12-15,0,0,0,0,0,0.33,0,0, 0.0027174, 0.0032390, 0.0013966, 0.0006141, 0.0015645,buy
2017-12-16,0,0,0,0,0,0.28,0,0, 0.0023204, 0.0025634, 0.0018867, 0.0018867, 0.0054578,buy
2017-12-17,0,0,0,0,0,0.3,0.04,0, 0.0059604, 0.0064304, 0.0052350, 0.0052350, 0.0063204,buy
2017-12-18,0,0,0,0,0,0.25,0.05,0, 0.0038785, 0.0008404,-0.0027405,-0.0027405, 0.0037162,buy
2017-12-19,0,0,0,0,0,0.23,0.05,0,-0.0077882, 0.0008255,-0.0045467,-0.0089411,-0.0092879,sell
2017-12-20,0,0.06,0,0,0,0.25,0.06,0, 0.0107477,-0.0003502,-0.0007202, 0.0002245,-0.0058328,buy
2017-12-21,0,0.07,0,0,0,0.3,0.07,0, 0.0039013, 0.0070623, 0.0061861, 0.0103639, 0.0074512,buy
2017-12-22,0,0.08,0,0,0,0.3,0.08,0, 0.0039013, 0.0044596, 0.0029586, 0.0106403, 0.0044555,buy
2017-12-23,0,0.08,0,0,0,0.26,0.09,0, 0.0106097,-0.0074761,-0.0072918, 0.0012874,-0.0117221,buy
2017-12-24,0,0.07,0,0,0,0.27,0.1,0, 0.0170188,-0.0038724,-0.0018003, 0.0065978,-0.0087310,buy
2017-12-25,0,0.06,0,0,0,0.33,0.12,0, 0.0018056, 0.0085277, 0.0044874, 0.0059698, 0.0076259,buy
2017-12-26,0,0,0,0,0,0.34,0.13,0,-0.0016407,-0.0027654,-0.0034081,-0.0013069,-0.0020617,buy
2017-12-27,0,0,0,0,0,0.31,0.15,0, 0.0012688, 0.0109949, 0.0018693, 0.0130424,-0.0067236,buy
2017-12-28,0,0,0,0,0,0.27,0.17,0, 0.0002041,-0.0000083, 0.0003435, 0.0006593, 0.0012581,buy
2017-12-29,0,0,0,0,0,0.25,0.19,0,-0.0002073,-0.0013901,-0.0013980,-0.0002502, 0.0000850,buy
2017-12-30,0,0,0,0,0,0.26,0.22,0,-0.0028289,-0.0030655,-0.0023240,-0.0003658,-0.0013456,buy
2017-12-31,0,0,0,0,0,0.28,0.29,0, 0.0025872,-0.0004084, 0.0009167, 0.0036294, 0.0040855,buy
2018-01-01,0,0,0,0,0,0.24,0.34,0, 0.0025009, 0.0027871, 0.0017207, 0.0017345, 0.0027871,buy
2018-01-02,0,0,0,0,0,0.22,0.46,0, 0.0097082, 0.0063697, 0.0063697, 0.0070736, 0.0058247,buy
2018-01-03,0,0,0,0,0,0.22,0.63,0, 0.0134555, 0.0086803, 0.0083738, 0.0086803, 0.0086803,buy
2018-01-04,0,0,0,0,0,0.26,0.85,0, 0.0095269, 0.0106777, 0.0109020, 0.0106777, 0.0106935,buy
2018-01-05,0,0,0,0,0,0.28,1.26,0, 0.0017927,-0.0006588,-0.0021783, 0.0036583, 0.0062501,buy
2018-01-06,0,0,0,0,0,0.23,1.92,0, 0.0009071, 0.0000388, 0.0093757,-0.0048104,-0.0036997,buy
2018-01-07,0,0,0,0,0,0.18,3.17,0, 0.0092954, 0.0093921, 0.0105151, 0.0055301, 0.0058402,buy
2018-01-08,0,0,0,0,0,0.13,4.88,0, 0.0056055, 0.0057582, 0.0039168, 0.0057505, 0.0061675,buy
2018-01-09,0,0,0,0,0,0.12,5.13,0, 0.0037620, 0.0038068, 0.0047247, 0.0068916, 0.0036937,buy
2018-01-10,0,0,0,0,0,0.1,4.08,0.05, 0.0087767, 0.0100758, 0.0110007, 0.0113680, 0.0097176,buy
2018-01-11,0,0,0.06,0,0,0.09,2.89,0.13, 0.0060943, 0.0135620, 0.0132339, 0.0133231, 0.0022123,buy
2018-01-12,0,0,0.1,0,0,0.11,2.18,0.36,-0.0026758, 0.0019684, 0.0019400, 0.0019684, 0.0010086,buy
2018-01-13,0,0,0.17,0,0,0.17,1.81,0.92,-0.0038337,-0.0105114,-0.0038337,-0.0044369,-0.0038337,buy
2018-01-14,0,0,0.29,0,0,0.18,1.66,1.14, 0.0041886,-0.0016231, 0.0041886, 0.0092601, 0.0041886,buy
2018-01-15,0,0,0.5,0,0,0.13,1.63,0.74, 0.0085769, 0.0076798, 0.0067689, 0.0021075, 0.0085769,buy
2018-01-16,0,0,0.87,0,0,0.12,1.58,0.29,-0.0127284,-0.0154146,-0.0142128,-0.0191016,-0.0168238,sell
2018-01-17,0,0,1.43,0,0,0.16,1.58,0.11, 0.0046807, 0.0058999, 0.0050803,-0.0042733,-0.0135434,buy
2018-01-18,0,0,1.36,0,0,0.2,1.75,0.04,-0.0007412, 0.0053295,-0.0001980,-0.0063003,-0.0109603,buy
2018-01-19,0,0,0.8,0,0,0.15,2.09,0,-0.0103886,-0.0135623,-0.0089955,-0.0138909,-0.0160604,sell
2018-01-20,0,0,0.46,0,0,0.1,1.95,0,-0.0176135,-0.0218859,-0.0185336,-0.0181382,-0.0165797,sell
2018-01-21,0,0,0.27,0,0,0.09,1.54,0,-0.0038375, 0.0016065, 0.0007101,-0.0049901,-0.0012284,buy
2018-01-22,0,0,0.16,0,0,0.09,1.49,0, 0.0000554, 0.0055420, 0.0055474, 0.0002822, 0.0038284,buy
2018-01-23,0,0,0.09,0,0,0.11,1.7,0,-0.0011406,-0.0079185,-0.0079185,-0.0065948,-0.0065936,sell
2018-01-24,0,0,0.05,0,0,0.17,2.06,0, 0.0022957, 0.0025463, 0.0017994,-0.0081006,-0.0066904,sell
2018-01-25,0,0,0,0,0,0.15,2.07,0.03, 0.0036579, 0.0023828, 0.0014056,-0.0078413,-0.0064236,sell
2018-01-26,0,0,0,0,0,0.09,1.4,0.1,-0.0122540,-0.0104549,-0.0043815,-0.0122540,-0.0044189,sell
2018-01-27,0,0,0,0,0,0.08,0.89,0.4,-0.0129502,-0.0162509,-0.0129502,-0.0114261,-0.0042761,sell
2018-01-28,0,0,0.04,0,0,0.07,0.66,0.64,-0.0093513,-0.0096075, 0.0012399, 0.0031072, 0.0028810,buy
2018-01-29,0,0,0.05,0,0,0.07,0.54,0.24,-0.0012463,-0.0068654,-0.0012751,-0.0009417, 0.0060140,buy
2018-01-30,0,0,0.05,0,0,0.09,0.51,0.06, 0.0035048, 0.0077124, 0.0060227, 0.0066774, 0.0073850,buy
2018-01-31,0,0,0.05,0,0,0.11,0.52,0.01,-0.0001450,-0.0000670,-0.0000670,-0.0000670,-0.0000670,buy
2018-02-01,0,0,0.06,0,0,0.18,0.6,0.04,-0.0046384,-0.0112221,-0.0016597,-0.0016597,-0.0016541,buy
2018-02-02,0,0,0.06,0,0,0.34,0.93,0.11,-0.0141872,-0.0148096,-0.0192125,-0.0163522,-0.0197247,sell
2018-02-03,0,0,0.07,0,0,0.39,1.52,0.3,-0.0161821,-0.0181961,-0.0199590,-0.0161821,-0.0197741,sell
2018-02-04,0,0,0.07,0,0,0.25,1.37,0.4,-0.0110048,-0.0252571,-0.0252229,-0.0235515,-0.0252571,sell
2018-02-05,0,0.06,0.07,0,0,0.15,1.3,0.19, 0.0025619, 0.0004269, 0.0097021, 0.0025619,-0.0294314,buy
2018-02-06,0,0.1,0.08,0,0,0.12,2.47,0.08, 0.0106318, 0.0148071, 0.0163311, 0.0145256, 0.0148861,buy
2018-02-07,0,0.17,0.08,0,0,0.13,2.51,0.05, 0.0010203, 0.0021051, 0.0052809, 0.0010289, 0.0021051,buy
2018-02-08,0,0.28,0.09,0,0,0.19,1.01,0.07,-0.0004988,-0.0147871,-0.0138608,-0.0066326,-0.0152598,sell
2018-02-09,0,0.47,0.09,0,0,0.24,0.49,0.17,-0.0125856,-0.0205949,-0.0205949,-0.0265777,-0.0246236,sell
2018-02-10,0,0.78,0.09,0,0,0.19,0.38,0.4, 0.0061430, 0.0042496,-0.0026166, 0.0080597, 0.0107223,buy
2018-02-11,0,1.3,0.1,0,0,0.13,0.41,0.41, 0.0026396, 0.0039154,-0.0153645, 0.0026396,-0.0006190,buy
2018-02-12,0,1.59,0.1,0,0,0.21,0.74,0.26, 0.0162926, 0.0164575, 0.0122387, 0.0162018, 0.0101691,buy
2018-02-13,0,1.15,0.11,0,0,0.29,1.6,0.46, 0.0105358, 0.0053997,-0.0040923,-0.0040923,-0.0036925,buy
2018-02-14,0,0.69,0.11,0,0,0.24,2.4,0.4, 0.0100279,-0.0008168,-0.0020218,-0.0015629,-0.0005163,buy
2018-02-15,0,0.42,0.11,0,0,0.23,3.44,0.09, 0.0190790, 0.0186983, 0.0157680, 0.0151210, 0.0186983,buy
2018-02-16,0,0.25,0.11,0,0,0.13,2.53,0.02, 0.0126703, 0.0129351, 0.0055089, 0.0023408, 0.0129351,buy
2018-02-17,0,0.15,0.12,0,0,0.11,0.91,0,-0.0249442,-0.0038926,-0.0170182,-0.0215580,-0.0197233,sell
2018-02-18,0,0.09,0.12,0,0,0.17,0.38,0, 0.0127646, 0.0074720, 0.0133647, 0.0130402, 0.0079934,buy
2018-02-19,0,0.06,0.12,0,0,0.24,0.29,0.02, 0.0165086, 0.0108774, 0.0083230, 0.0108774, 0.0043134,buy
2018-02-20,0,0,0.12,0,0,0.28,0.5,0.05, 0.0163760, 0.0160473, 0.0155245, 0.0157742, 0.0118793,buy
2018-02-21,0,0,0.12,0,0,0.29,1.61,0.1,-0.0000251,-0.0021275,-0.0011214, 0.0001280,-0.0024680,buy
2018-02-22,0,0,0.12,0,0,0.2,1.42,0.2,-0.0102421,-0.0010895, 0.0073018, 0.0007805, 0.0007805,buy
2018-02-23,0,0,0.12,0,0,0.37,0.71,0.37, 0.0026780, 0.0024466, 0.0026780, 0.0048340, 0.0026780,buy
2018-02-24,0,0,0.12,0,0,0.39,1.03,0.72,-0.0028153,-0.0028153,-0.0025297, 0.0045055, 0.0002613,buy
2018-02-25,0,0,0.12,0,0,0.2,1.83,1.07, 0.0013985,-0.0066282, 0.0013985, 0.0023026, 0.0013985,buy
2018-02-26,0,0,0.12,0,0,0.14,2.06,0.87, 0.0041877,-0.0029519, 0.0041877, 0.0021728, 0.0041877,buy
2018-02-27,0,0,0.12,0,0,0.13,2.07,0.79, 0.0056183,-0.0004854, 0.0056183, 0.0026486, 0.0056183,buy
2018-02-28,0,0,0.12,0,0,0.19,1.91,1.22, 0.0012160,-0.0014660, 0.0012582, 0.0092572, 0.0012160,buy
2018-03-01,0,0,0.12,0,0,0.25,1.73,0.92,-0.0111347,-0.0121089,-0.0093633, 0.0055627,-0.0111347,buy
2018-03-02,0,0,0.12,0,0,0.21,0.6,0.31, 0.0184587, 0.0167107, 0.0167101, 0.0171279, 0.0167107,buy
2018-03-03,0,0,0.11,0,0,0.15,0.21,0.1, 0.0160533, 0.0100915, 0.0158837, 0.0158837, 0.0157541,buy
2018-03-04,0,0,0.11,0,0,0.13,0.14,0.02, 0.0082426, 0.0066289, 0.0082013, 0.0082426, 0.0082426,buy
2018-03-05,0,0,0.11,0,0,0.12,0.14,0, 0.0022351, 0.0031444, 0.0049793, 0.0031444, 0.0034564,buy
2018-03-06,0,0,0.11,0,0,0.12,0.14,0, 0.0019365, 0.0019365, 0.0100062, 0.0019365, 0.0020500,buy
2018-03-07,0,0,0.1,0,0,0.12,0.21,0, 0.0047878, 0.0047878, 0.0095692, 0.0047878, 0.0041862,buy
2018-03-08,0,0.03,0.1,0,0,0.13,0.29,0.03, 0.0048224, 0.0034492, 0.0043113, 0.0067529, 0.0011253,buy
2018-03-09,0,0.14,0.09,0,0,0.14,0.49,0.15,-0.0086341,-0.0011556,-0.0054472,-0.0004270,-0.0145370,sell
2018-03-10,0,0.59,0.09,0,0,0.15,0.95,0.56, 0.0031107,-0.0014578, 0.0038748, 0.0040451, 0.0038748,buy
2018-03-11,0,1.14,0.09,0,0,0.15,1.43,0.92, 0.0099505, 0.0080421, 0.0072549,-0.0012087, 0.0045250,buy
2018-03-12,0,1,0.08,0,0,0.16,0.98,0.82, 0.0057300, 0.0099957, 0.0037523,-0.0000243, 0.0132465,buy
2018-03-13,0,1.14,0.08,0,0,0.17,0.52,1.01, 0.0011589, 0.0040281,-0.0065927,-0.0011018, 0.0031878,buy
2018-03-14,0,0.68,0.07,0,0,0.18,0.31,0.84,-0.0085011,-0.0025525,-0.0143625,-0.0108543, 0.0030330,sell
2018-03-15,0,0.2,0.07,0,0,0.17,0.24,0.64, 0.0135100, 0.0124422, 0.0135100, 0.0151080, 0.0151080,buy
2018-03-16,0,0.07,0.06,0,0,0.16,0.18,0.42, 0.0013356, 0.0013356, 0.0058897, 0.0062480, 0.0053436,buy
2018-03-17,0,0,0.06,0,0,0.15,0.19,0.23,-0.0113398,-0.0013765,-0.0175403,-0.0119322,-0.0113274,sell
2018-03-18,0,0,0.06,0,0,0.14,0.2,0.16,-0.0118574,-0.0005778,-0.0163200,-0.0009248,-0.0107158,sell
2018-03-19,0,0,0.05,0,0,0.13,0.21,0.15,-0.0017735, 0.0012498,-0.0076550, 0.0099330,-0.0043335,buy
2018-03-20,0,0,0.05,0,0,0.12,0.22,0.19,-0.0030081,-0.0001073,-0.0120387, 0.0105351, 0.0001507,buy
2018-03-21,0,0,0.04,0,0,0.11,0.23,0.29,-0.0082903,-0.0046757,-0.0124789, 0.0136336, 0.0056882,buy
2018-03-22,0,0,0.1,0,0,0.11,0.24,0.5, 0.0170156, 0.0105059, 0.0173530, 0.0181019, 0.0181019,buy
2018-03-23,0,0,0.18,0,0,0.1,0.25,1.06,-0.0032234,-0.0095121,-0.0114857,-0.0013328,-0.0122893,sell
2018-03-24,0,0.04,0.56,0,0,0.09,0.27,1.18,-0.0037183,-0.0044326,-0.0024231,-0.0017731,-0.0152395,buy
2018-03-25,0,0.1,0.9,0,0,0.1,0.29,0.73, 0.0124044,-0.0028505, 0.0124840, 0.0039165, 0.0123869,buy
2018-03-26,0,0.26,0.44,0,0,0.09,0.3,0.49, 0.0080558, 0.0027772, 0.0076864, 0.0083698, 0.0164421,buy
2018-03-27,0,0.67,0.14,0,0,0.09,0.32,0.43,-0.0154122, 0.0037429,-0.0135100,-0.0125535,-0.0126044,sell
2018-03-28,0,0.98,0.04,0,0,0.1,0.34,0.58, 0.0225616, 0.0181119, 0.0202258, 0.0203018, 0.0180262,buy
2018-03-29,0,0.57,0,0,0,0.12,0.37,0.82, 0.0247771, 0.0216062, 0.0247771, 0.0226853, 0.0137672,buy
2018-03-30,0,0.22,0,0,0,0.16,0.39,0.58,-0.0025754, 0.0017955, 0.0014577,-0.0025754,-0.0038932,buy
2018-03-31,0,0.09,0,0,0,0.15,0.42,0.3, 0.0001682, 0.0027626, 0.0092122, 0.0061164, 0.0016507,buy
2018-04-01,0,0.03,0,0,0,0.11,0.45,0.21, 0.0154591, 0.0172671, 0.0202685, 0.0102683, 0.0203751,buy
2018-04-02,0,0.04,0,0,0,0.07,0.48,0.29, 0.0145108, 0.0167799, 0.0260338, 0.0134328, 0.0181577,buy
2018-04-03,0,0.07,0,0,0,0.06,0.52,0.63,-0.0122851,-0.0087688,-0.0069209,-0.0118741,-0.0095618,sell
2018-04-04,0,0.14,0,0,0,0.05,0.56,1.11, 0.0176243, 0.0196153, 0.0058103, 0.0159316, 0.0192307,buy
2018-04-05,0,0.26,0,0,0,0.04,0.61,0.95, 0.0116834, 0.0117972,-0.0011657, 0.0108920, 0.0088801,buy
2018-04-06,0,0.46,0,0,0,0.03,0.67,0.54,-0.0112952,-0.0090077,-0.0097860,-0.0162250,-0.0107723,sell
2018-04-07,0,0.77,0.03,0,0,0.03,0.72,0.3,-0.0019973, 0.0075874, 0.0075874, 0.0075874, 0.0066530,buy
2018-04-08,0,1,0.08,0,0,0.03,0.78,0.22, 0.0047878, 0.0074809, 0.0074809, 0.0074809, 0.0075371,buy
2018-04-09,0,0.82,0.2,0,0,0.02,0.86,0.3, 0.0134147, 0.0114914, 0.0127390, 0.0127390, 0.0117212,buy
2018-04-10,0,0.61,0.53,0,0,0.02,0.93,0.59,-0.0047661,-0.0047661,-0.0006134,-0.0031545,-0.0031252,buy
2018-04-11,0,0.52,0.89,0,0,0.02,1.02,0.7,-0.0010725, 0.0033931, 0.0019165, 0.0038121, 0.0019165,buy
2018-04-12,0,0.58,0.56,0,0,0.02,1.11,0.39,-0.0002796, 0.0004187, 0.0009598, 0.0044706,-0.0006986,buy
2018-04-13,0,0.93,0.21,0,0,0.02,1.22,0.19, 0.0078486, 0.0181696, 0.0091864, 0.0094910, 0.0057020,buy
2018-04-14,0,1.47,0.08,0.05,0,0.01,1.28,0.14,-0.0101510,-0.0153280,-0.0101510,-0.0101000,-0.0133625,sell
2018-04-15,0,1.17,0.03,0.17,0,0.02,1.21,0.11,-0.0013694, 0.0019355,-0.0013694, 0.0003440,-0.0017133,buy
2018-04-16,0,0.78,0,0.54,0,0.03,1.1,0.1, 0.0131216, 0.0072538, 0.0090456, 0.0131962, 0.0084772,buy
2018-04-17,0,0.82,0,0.8,0,0.02,1.03,0.1, 0.0115826, 0.0017350, 0.0035828, 0.0106350, 0.0062926,buy
2018-04-18,0,1.36,0,0.35,0,0.01,0.96,0.12, 0.0138146, 0.0095073, 0.0027827, 0.0101996, 0.0129965,buy
2018-04-19,0,2.74,0,0.11,0,0.01,0.91,0.12,-0.0108076,-0.0077024,-0.0097535,-0.0079062,-0.0070644,sell
2018-04-20,0,2.59,0,0.03,0,0.01,0.88,0.12,-0.0210714,-0.0113898,-0.0196576,-0.0128853,-0.0205831,sell
2018-04-21,0,1.17,0,0,0,0.01,0.9,0.13, 0.0112093, 0.0113837, 0.0095196, 0.0112093, 0.0095388,buy
2018-04-22,0,0.55,0,0,0,0.01,1.01,0.16,-0.0129887,-0.0140967,-0.0123193,-0.0099282,-0.0099282,sell
2018-04-23,0,0.26,0,0,0,0.01,1.25,0.24,-0.0000380, 0.0003504, 0.0166725, 0.0003504, 0.0037355,buy
2018-04-24,0,0.1,0.03,0,0,0.01,1.29,0.4,-0.0059232,-0.0019148, 0.0018105, 0.0086835, 0.0013794,buy
2018-04-25,0,0.05,0.09,0,0,0,0.96,0.71, 0.0130226, 0.0128520, 0.0124709, 0.0119487, 0.0099780,buy
2018-04-26,0,0.12,0.25,0,0,0,0.71,0.67, 0.0146636, 0.0050955, 0.0084863, 0.0056871, 0.0050929,buy
2018-04-27,0,0.29,0.69,0,0,0,0.54,0.32, 0.0030934, 0.0000950, 0.0193987,-0.0024199, 0.0170571,sell
2018-04-28,0,0.78,1.13,0,0,0,0.42,0.15,-0.0002194,-0.0019995,-0.0146224,-0.0019995,-0.0019995,buy
2018-04-29,0,1.92,0.74,0,0,0,0.35,0.06, 0.0127467, 0.0095419, 0.0136735,-0.0030611,-0.0121705,buy
2018-04-30,0,2.05,0.68,0,0,0,0.3,0.03, 0.0142392, 0.0143873, 0.0146964, 0.0037324,-0.0202993,buy
2018-05-01,0,1.79,1.47,0,0,0,0.24,0, 0.0103200,-0.0083157, 0.0098570, 0.0049718, 0.0104004,buy
2018-05-02,0,1.56,1.64,0,0,0,0.21,0, 0.0114170,-0.0014238, 0.0125116, 0.0126356, 0.0092036,buy
2018-05-03,0,0.79,0.75,0,0,0.01,0.19,0,-0.0049466, 0.0033709,-0.0047303, 0.0033709, 0.0034345,buy
2018-05-04,0,0.38,0.7,0,0,0.03,0.17,0.04, 0.0068021, 0.0132564,-0.0061195, 0.0013570, 0.0175920,buy
2018-05-05,0,0.19,0.97,0.04,0,0.08,0.15,0.15,-0.0003749, 0.0048822, 0.0047898, 0.0047551, 0.0051345,buy
2018-05-06,0,0.15,0.5,0.11,0,0.16,0.14,0.43,-0.0033436,-0.0038373,-0.0005441, 0.0033820, 0.0026076,buy
2018-05-07,0,0.17,0.23,0.28,0,0.11,0.12,0.67, 0.0047590,-0.0010337, 0.0020185, 0.0017659, 0.0017659,buy
2018-05-08,0,0.28,0.42,0.74,0,0.04,0.11,0.38,-0.0102059,-0.0115832,-0.0113005,-0.0096749,-0.0097402,sell
2018-05-09,0,0.68,1.01,0.79,0,0.01,0.1,0.23,-0.0032732, 0.0063505,-0.0035446, 0.0025463,-0.0040661,buy
2018-05-10,0,1.27,1.06,0.31,0,0.01,0.09,0.27, 0.0041247, 0.0044248, 0.0042921, 0.0151050, 0.0052336,buy
2018-05-11,0,1.05,1.3,0.12,0,0,0.08,0.48,-0.0048894,-0.0048894, 0.0002586,-0.0003030,-0.0048894,buy
2018-05-12,0,0.82,1.49,0.04,0,0,0.07,0.78, 0.0049821, 0.0091945, 0.0049821, 0.0059336, 0.0049821,buy
2018-05-13,0,1.29,0.62,0,0,0,0.07,0.68,-0.0107673,-0.0109807,-0.0123973,-0.0138456,-0.0091153,sell
2018-05-14,0,1.86,0.21,0,0,0,0.06,0.56,-0.0018389, 0.0020810,-0.0002598,-0.0001332, 0.0088291,buy
2018-05-15,0,1.1,0.07,0,0,0,0.05,0.63,-0.0098371,-0.0084023,-0.0076834,-0.0099343,-0.0101634,sell
2018-05-16,0,0.45,0.06,0,0,0,0.13,0.66, 0.0017392, 0.0008131,-0.0000148,-0.0007988, 0.0015451,buy
2018-05-17,0,0.18,0.13,0,0,0,0.25,0.52,-0.0000084, 0.0003261,-0.0000084, 0.0081604, 0.0014916,buy
2018-05-18,0,0.15,0.26,0,0,0,0.62,0.39,-0.0063872,-0.0046058,-0.0080511,-0.0061093,-0.0046058,sell
2018-05-19,0,0.26,0.54,0.03,0,0,1.26,0.29,-0.0131132,-0.0146744,-0.0126290,-0.0125566,-0.0130100,sell
2018-05-20,0,0.86,1.15,0.1,0,0,0.97,0.22,-0.0019576, 0.0102804, 0.0136285, 0.0144811, 0.0108504,buy
2018-05-21,0,0.99,1.31,0.39,0,0,0.35,0.16, 0.0130077, 0.0143110, 0.0154620, 0.0157988, 0.0127250,buy
2018-05-22,0,0.42,0.79,1.42,0,0,0.13,0.12, 0.0035820, 0.0116751, 0.0037816, 0.0035576, 0.0120812,buy
2018-05-23,0,0.69,0.69,1.79,0,0,0.05,0.09, 0.0054913, 0.0061951, 0.0054913, 0.0030663, 0.0068001,buy
2018-05-24,0,1.49,1.16,0.81,0,0,0,0.07, 0.0084070, 0.0134190, 0.0038986, 0.0138957, 0.0031286,buy
2018-05-25,0,1.5,1.22,1.12,0,0.01,0,0.06, 0.0079055, 0.0144919, 0.0109210, 0.0082332, 0.0054792,buy
2018-05-26,0,2.97,0.61,1.41,0,0.02,0,0.04, 0.0071888, 0.0115523, 0.0066844,-0.0012140,-0.0109041,buy
2018-05-27,0,2.41,0.64,0.65,0,0.02,0,0.03,-0.0103450,-0.0157873,-0.0116194,-0.0116869,-0.0144792,sell
2018-05-28,0,1.03,1.28,0.21,0,0.01,0,0.03, 0.0190744, 0.0168004, 0.0198903, 0.0168227, 0.0199107,buy
2018-05-29,0,0.38,1.68,0.07,0,0,0,0.02, 0.0039422, 0.0023465, 0.0022877, 0.0022877, 0.0023264,buy
2018-05-30,0,0.21,1.36,0,0,0,0,0,-0.0023598,-0.0134043,-0.0051315,-0.0005330,-0.0045635,buy
2018-05-31,0,0.4,1.44,0,0,0,0,0,-0.0042548,-0.0048445,-0.0042548,-0.0017304,-0.0042548,sell
2018-06-01,0,1.56,0.89,0,0,0,0,0, 0.0039963,-0.0077421, 0.0058483,-0.0044328, 0.0009102,buy
2018-06-02,0,1.03,1.74,0.04,0,0.01,0,0,-0.0031067, 0.0003194, 0.0001072, 0.0003194, 0.0000544,buy
2018-06-03,0,0.15,0.81,0.13,0,0.02,0,0, 0.0003016,-0.0039242,-0.0188389,-0.0116216,-0.0077066,sell
2018-06-04,0,0,0.59,0.38,0,0.04,0,0,-0.0107979,-0.0071990,-0.0087270,-0.0055434,-0.0087270,sell
2018-06-05,0,0,1.76,1.1,0,0.15,0,0, 0.0037452, 0.0057329, 0.0157001, 0.0071896, 0.0123871,buy
2018-06-06,0,0,1.68,1.26,0,0.32,0,0, 0.0059645,-0.0018782, 0.0058375,-0.0011561,-0.0007225,buy
2018-06-07,0,0.13,0.9,0.49,0,0.19,0,0,-0.0115672,-0.0028474, 0.0042053,-0.0129914,-0.0127511,sell
2018-06-08,0,0.78,1.63,0.17,0,0.07,0,0, 0.0096348, 0.0089399,-0.0091389,-0.0075353, 0.0017323,buy
2018-06-09,0,1.46,0.97,0.06,0,0.03,0,0, 0.0072221, 0.0009663, 0.0065607, 0.0041614, 0.0073075,buy
2018-06-10,0,0.57,0.83,0,0,0.01,0,0,-0.0031339,-0.0018557,-0.0072155,-0.0039855, 0.0047511,buy
2018-06-11,0,0.6,1.53,0.13,0,0.01,0.08,0.03, 0.0039422, 0.0000928, 0.0000928, 0.0000928, 0.0000928,buy
2018-06-12,0,1.47,1.47,0.93,0,0,0.48,0.07, 0.0044116, 0.0054463, 0.0008564, 0.0070786, 0.0014556,buy
2018-06-13,0,1.49,1.52,0.79,0,0,1.25,0.19,-0.0003742, 0.0034927, 0.0009644, 0.0124852, 0.0102983,buy
2018-06-14,0,1.47,1.14,0.28,0,0,0.5,0.53, 0.0101986, 0.0039885, 0.0078367,-0.0011321, 0.0016078,buy
2018-06-15,0,0.89,0.55,1.16,0,0,0.08,0.63,-0.0032739,-0.0066094,-0.0076794,-0.0062595,-0.0042911,sell
2018-06-16,0,0.48,1.26,1.45,0,0,0,0.27, 0.0125205, 0.0149555, 0.0125205, 0.0132167, 0.0173094,buy
2018-06-17,0,0.32,1.56,0.39,0,0,0,0.1, 0.0190652, 0.0154224, 0.0149049, 0.0216003, 0.0154086,buy
2018-06-18,0,0.39,1.2,0.49,0,0,0.04,0.04,-0.0035699, 0.0079031, 0.0076962, 0.0019824,-0.0001238,buy
2018-06-19,0,0.76,1.67,1.15,0,0,0.09,0,-0.0052610,-0.0034452,-0.0034452, 0.0021136,-0.0030238,buy
2018-06-20,0,1,0.89,1.36,0,0,0.2,0, 0.0088781, 0.0133566, 0.0085741, 0.0089476, 0.0112094,buy
2018-06-21,0,0.6,0.3,1.52,0,0,0.44,0,-0.0039397,-0.0039397,-0.0037193,-0.0053934,-0.0039397,buy
2018-06-22,0,0.38,0.1,1.58,0,0,1.02,0.02,-0.0057776,-0.0082113,-0.0081568,-0.0046105,-0.0047225,sell
2018-06-23,0,0.65,0,1.64,0,0.01,1.28,0.06, 0.0018071,-0.0046039,-0.0046039, 0.0020490,-0.0001293,buy
2018-06-24,0,1.23,0,0.74,0,0.01,0.69,0.18,-0.0083194,-0.0047625,-0.0068087,-0.0065118,-0.0143431,sell
2018-06-25,0,0.71,0.15,0.48,0,0.01,0.3,0.4,-0.0121434,-0.0136032,-0.0159406,-0.0106762,-0.0149378,sell
2018-06-26,0,0.21,0.84,0.83,0,0.01,0.13,0.3, 0.0102858, 0.0057752, 0.0072674, 0.0093528, 0.0038790,buy
2018-06-27,0,0.06,1.14,1.41,0,0.01,0.06,0.12, 0.0090293, 0.0112959, 0.0075457, 0.0159808, 0.0139497,buy
2018-06-28,0,0.09,0.58,0.96,0,0.02,0,0.12, 0.0139570, 0.0111465, 0.0153320, 0.0147310, 0.0145681,buy
2018-06-29,0,0.26,0.86,0.38,0,0.02,0,0.31,-0.0045763,-0.0042313,-0.0060884,-0.0092582,-0.0028976,sell
2018-06-30,0,0.78,2.17,0.15,0,0.02,0,0.64,-0.0116973,-0.0101125, 0.0020321,-0.0093135,-0.0116973,sell
2018-07-01,0,1.77,3.1,0.06,0,0.03,0,0.36, 0.0101416, 0.0080263, 0.0080016, 0.0103164, 0.0083896,buy
2018-07-02,0,1.34,2.91,0.05,0,0.03,0,0.1, 0.0116984, 0.0049616, 0.0053282, 0.0149390, 0.0114628,buy
2018-07-03,0,0.51,2.12,0.17,0,0.04,0,0.03,-0.0135177,-0.0146060,-0.0133422,-0.0107987,-0.0106878,sell
2018-07-04,0,0.36,0.64,0.58,0,0.04,0,0,-0.0054621, 0.0000814,-0.0077125,-0.0077125,-0.0139345,sell
2018-07-05,0,0.8,0.13,1.11,0,0.04,0,0,-0.0010776,-0.0000687,-0.0044393, 0.0004669,-0.0019689,buy
2018-07-06,0,1.19,0,0.61,0,0.05,0,0.03, 0.0097825, 0.0077133, 0.0112857, 0.0128617, 0.0052240,buy
2018-07-07,0,0.52,0,0.18,0,0.05,0,0.09,-0.0096501,-0.0129150,-0.0083618,-0.0134202,-0.0091938,sell
2018-07-08,0,0.15,0,0.12,0,0.05,0,0.26, 0.0001381,-0.0036948,-0.0031237,-0.0036948,-0.0071738,buy
2018-07-09,0,0.05,0,0.15,0,0.05,0,0.4, 0.0076339, 0.0103992, 0.0091090, 0.0073675,-0.0007861,buy
2018-07-10,0,0,0,0.36,0,0.06,0,0.22,-0.0092974,-0.0031456,-0.0008934,-0.0046048,-0.0103881,buy
2018-07-11,0,0.17,0,0.86,0,0.06,0,0.09, 0.0099594, 0.0034273,-0.0024592, 0.0027817, 0.0042914,buy
2018-07-12,0,0.46,0.16,1.28,0,0.06,0,0.04, 0.0058756, 0.0092721, 0.0115474, 0.0076285, 0.0010476,buy
2018-07-13,0,1.21,0.47,0.77,0,0.06,0,0.02, 0.0138508, 0.0134969, 0.0084612, 0.0152608, 0.0144936,buy
2018-07-14,0,2.33,1.18,0.32,0,0.06,0,0,-0.0132953,-0.0235660,-0.0207257,-0.0192965,-0.0182121,sell
2018-07-15,0,2.65,2.8,0.14,0,0.05,0,0, 0.0072181, 0.0076900, 0.0052812, 0.0065189, 0.0074784,buy
2018-07-16,0,2.16,3.58,0.06,0,0.05,0,0, 0.0108781, 0.0074504, 0.0101382, 0.0138558, 0.0108249,buy
2018-07-17,0,1.1,2.05,0,0,0.05,0,0,-0.0008863, 0.0056733, 0.0000253, 0.0053782, 0.0048438,buy
2018-07-18,0,0.56,0.93,0,0,0.05,0.03,0.02,-0.0022456, 0.0005292,-0.0069945,-0.0019644,-0.0036569,buy
2018-07-19,0,0.29,0.46,0,0,0.05,0.08,0.02, 0.0093850, 0.0120457, 0.0061905, 0.0099596, 0.0120457,buy
2018-07-20,0,0.17,0.23,0,0,0.05,0.21,0.03,-0.0093734,-0.0040341,-0.0075591,-0.0073820, 0.0012872,sell
2018-07-21,0,0.11,0.15,0,0,0.04,0.53,0.07,-0.0121360, 0.0062664,-0.0113225,-0.0007175, 0.0043295,buy
2018-07-22,0,0.16,0.15,0,0,0.05,0.79,0.13, 0.0075467, 0.0082054, 0.0080678, 0.0071708, 0.0105020,buy
2018-07-23,0,0.27,0.19,0.03,0,0.05,0.45,0.25, 0.0068451, 0.0006479, 0.0066640, 0.0033394, 0.0081498,buy
2018-07-24,0,0.64,0.34,0.09,0,0.04,0.18,0.49,-0.0277388,-0.0116250,-0.0233323,-0.0118702,-0.0111396,sell
2018-07-25,0,1.7,0.74,0.28,0,0.05,0.07,0.74,-0.0084243, 0.0017163, 0.0021139, 0.0045034, 0.0054142,buy
2018-07-26,0,2.37,1.64,0.84,0,0.05,0.03,0.58,-0.0072225,-0.0039733, 0.0016762,-0.0012459,-0.0010883,buy
2018-07-27,0,2.18,1.53,1.11,0,0.06,0,0.4,-0.0134223,-0.0004491,-0.0063695,-0.0083102,-0.0094445,sell
2018-07-28,0,1.38,0.66,0.48,0,0.06,0,0.43,-0.0115783,-0.0107104,-0.0049941,-0.0096680,-0.0107104,sell
2018-07-29,0,1.19,0.32,0.16,0,0.06,0,0.63,-0.0081991, 0.0013193, 0.0013193,-0.0039890,-0.0086431,buy
2018-07-30,0,1.33,0.21,0.05,0,0.06,0,0.85,-0.0075960,-0.0042731, 0.0027523,-0.0059841,-0.0005869,buy
2018-07-31,0,0.78,0.15,0,0,0.06,0,0.76, 0.0033586, 0.0127835, 0.0081969, 0.0057905, 0.0094393,buy
2018-08-01,0,0.41,0.24,0,0,0.06,0,0.73, 0.0141831, 0.0186300, 0.0000118, 0.0165938, 0.0191418,buy
2018-08-02,0,0.32,0.39,0,0,0.06,0,0.69, 0.0137966, 0.0152837,-0.0094034, 0.0191006, 0.0172034,buy
2018-08-03,0,0.37,0.67,0,0,0.06,0,0.58, 0.0104200, 0.0014077, 0.0059814, 0.0177268, 0.0140957,buy
2018-08-04,0,0.57,1.23,0,0,0.07,0,0.49, 0.0064344, 0.0101186, 0.0113468, 0.0119634, 0.0053940,buy
2018-08-05,0,1.05,1.49,0,0,0.12,0,0.51,-0.0109922, 0.0039199, 0.0014118,-0.0016020,-0.0009572,buy
2018-08-06,0,1.86,1.01,0,0,0.15,0,0.7, 0.0085583, 0.0091877, 0.0087227, 0.0074659, 0.0087227,buy
2018-08-07,0,1.7,0.81,0,0,0.12,0,0.73, 0.0045583, 0.0052114, 0.0052114, 0.0036481, 0.0052114,buy
2018-08-08,0,1.16,1.21,0,0,0.09,0,0.67, 0.0036802, 0.0039377, 0.0087428, 0.0080598, 0.0079663,buy
2018-08-09,0,1.26,1.78,0,0,0.06,0,1.02,-0.0079482,-0.0079482,-0.0054602,-0.0062292, 0.0007139,sell
2018-08-10,0,2.02,1.52,0,0,0.04,0,1.18,-0.0028106,-0.0002152, 0.0037886,-0.0008366, 0.0065937,buy
2018-08-11,0,1.6,1.69,0,0,0.04,0,0.81,-0.0040095, 0.0040066, 0.0197173,-0.0020605, 0.0075055,buy
2018-08-12,0,0.67,1.56,0,0,0.04,0,0.44,-0.0048353, 0.0022340,-0.0032914,-0.0049102,-0.0036572,buy
2018-08-13,0,0.25,0.69,0,0,0.04,0,0.24, 0.0143801, 0.0208818, 0.0145013, 0.0210959, 0.0101480,buy
2018-08-14,0,0.1,0.26,0,0,0.04,0,0.13,-0.0074504,-0.0122858,-0.0066404,-0.0096002,-0.0075925,sell
2018-08-15,0,0,0.11,0,0,0.05,0.05,0.09, 0.0057135, 0.0057135, 0.0090803, 0.0053578, 0.0091912,buy
2018-08-16,0,0.04,0.05,0,0,0.05,0.07,0.06, 0.0092293, 0.0092293, 0.0105108, 0.0074953, 0.0136500,buy
2018-08-17,0,0.06,0,0,0,0.05,0.13,0.06, 0.0127225, 0.0127225, 0.0135457, 0.0081903, 0.0153134,buy
2018-08-18,0,0.07,0.07,0,0,0.05,0.21,0.04, 0.0070031, 0.0070031, 0.0069386, 0.0027291, 0.0110123,buy
2018-08-19,0,0.07,0.2,0,0,0.06,0.18,0.03,-0.0079491,-0.0047261,-0.0084352,-0.0048826, 0.0039098,buy
2018-08-20,0,0.08,0.5,0,0,0.06,0.11,0.03,-0.0030008,-0.0082732,-0.0048940,-0.0060079,-0.0082732,sell
2018-08-21,0,0.07,1.25,0,0,0.07,0.1,0.04, 0.0009275,-0.0001199,-0.0013181,-0.0050741,-0.0001199,buy
2018-08-22,0,0.06,1.21,0,0,0.07,0.09,0.07,-0.0004421, 0.0026194, 0.0021994,-0.0025612, 0.0026194,buy
2018-08-23,0,0.13,0.48,0,0,0.07,0.1,0.1, 0.0014105, 0.0012856, 0.0004478,-0.0089747,-0.0018382,buy
2018-08-24,0,0.24,0.19,0,0,0.08,0.11,0.2,-0.0000688, 0.0037252,-0.0016458,-0.0002063,-0.0011314,buy
2018-08-25,0,0.57,0.08,0,0,0.09,0.13,0.42,-0.0031069, 0.0028828, 0.0009449, 0.0104264, 0.0108028,buy
2018-08-26,0,1.35,0.05,0,0,0.11,0.14,0.79,-0.0019448,-0.0016298, 0.0046937,-0.0034806, 0.0050669,buy
2018-08-27,0,2.18,0.13,0,0,0.11,0.16,0.89, 0.0067439, 0.0047220, 0.0081242, 0.0041786, 0.0094077,buy
2018-08-28,0,2.57,0.37,0,0,0.13,0.18,0.66,-0.0033877,-0.0017109,-0.0008927,-0.0049565,-0.0057933,buy
2018-08-29,0,2.18,1.14,0,0,0.15,0.26,0.33, 0.0213563, 0.0244868, 0.0205432, 0.0202995, 0.0179033,buy
2018-08-30,0,0.77,1.41,0,0,0.16,0.32,0.14, 0.0103393, 0.0186766,-0.0146412, 0.0024406, 0.0137862,buy
2018-08-31,0,0.25,0.51,0,0,0.18,0.43,0.07, 0.0007158,-0.0001767,-0.0068407,-0.0065779,-0.0016505,sell
2018-09-01,0,0.05,0.14,0,0,0.2,0.59,0.03,-0.0091253,-0.0196204,-0.0148933,-0.0148933,-0.0157213,sell
2018-09-02,0,0.06,0,0,0,0.21,0.86,0.05,-0.0055001,-0.0206584,-0.0135565,-0.0096082,-0.0142564,sell
2018-09-03,0,0.14,0.11,0,0,0.22,1.25,0.07,-0.0176359,-0.0182952,-0.0186813,-0.0111327,-0.0201399,sell
2018-09-04,0,0.3,0.47,0,0,0.21,1.51,0.11,-0.0080774,-0.0030477,-0.0005554,-0.0080856, 0.0043256,buy
2018-09-05,0,0.69,1.24,0,0,0.18,1.34,0.16,-0.0019298, 0.0070211,-0.0025243,-0.0071144,-0.0085665,buy
2018-09-06,0,1.66,0.74,0.04,0,0.16,1.11,0.26, 0.0105730,-0.0080097, 0.0041396,-0.0059939,-0.0080097,sell
2018-09-07,0,2.68,0.17,0.07,0,0.14,1.1,0.41, 0.0005694, 0.0086375, 0.0005694, 0.0169554, 0.0063191,buy
2018-09-08,0,2.94,0.04,0.14,0,0.12,1.21,0.63,-0.0085750, 0.0024276,-0.0089849, 0.0052156, 0.0026969,buy
2018-09-09,0,2.38,0,0.28,0,0.11,1.5,0.6, 0.0098123, 0.0165656, 0.0038681, 0.0139223, 0.0095130,buy
2018-09-10,0,1.66,0,0.52,0,0.09,2.07,0.42,-0.0045578,-0.0040267,-0.0069538, 0.0024162, 0.0039429,buy
2018-09-11,0,0.67,0,0.99,0,0.08,2.77,0.32,-0.0015842,-0.0173391, 0.0096540, 0.0148908, 0.0142675,buy
2018-09-12,0,0.42,0,1.28,0,0.07,3.15,0.28,-0.0064160,-0.0055210,-0.0012530, 0.0027871, 0.0027871,buy
2018-09-13,0,0.93,0,0.87,0,0.06,2.9,0.27, 0.0013244,-0.0139052, 0.0102890, 0.0136642, 0.0136642,buy
2018-09-14,0,2.53,0,0.48,0,0.05,2.11,0.29,-0.0121245,-0.0106037,-0.0121245,-0.0063513,-0.0068773,sell
2018-09-15,0,2.23,0,0.27,0,0.05,1.79,0.33,-0.0124685,-0.0115190,-0.0124685,-0.0075817,-0.0093182,sell
2018-09-16,0,0.53,0,0.15,0,0.06,1.87,0.4,-0.0102029,-0.0102029,-0.0118200,-0.0121180, 0.0048126,sell
2018-09-17,0,0.07,0,0.09,0,0.04,1.19,0.51,-0.0130783,-0.0130849,-0.0134508,-0.0005501,-0.0062979,sell
2018-09-18,0,0,0,0.05,0,0.03,0.73,0.66,-0.0048639,-0.0081108, 0.0050051, 0.0027072, 0.0028305,buy
2018-09-19,0,0,0,0,0,0.02,0.53,0.65, 0.0038037, 0.0032762, 0.0026595, 0.0025991, 0.0032349,buy
2018-09-20,0,0,0.09,0,0,0.02,0.44,0.55, 0.0047796, 0.0070347, 0.0025757, 0.0015727, 0.0079439,buy
2018-09-21,0,0,0.33,0,0,0.02,0.34,0.61, 0.0032575,-0.0010015, 0.0008002,-0.0018995,-0.0027197,buy
2018-09-22,0,0,1.39,0,0,0.02,0.29,1.15,-0.0025902,-0.0077992,-0.0024721, 0.0009635, 0.0036436,buy
2018-09-23,0,0,2.08,0,0,0.02,0.24,1.7, 0.0068072, 0.0016935, 0.0104473, 0.0094040, 0.0164762,buy
2018-09-24,0,0,1.78,0,0,0.05,0.21,1.39, 0.0017364,-0.0095555, 0.0082882, 0.0064856, 0.0113972,buy
2018-09-25,0,0,1.27,0,0,0.12,0.18,1.4, 0.0091173,-0.0031269, 0.0120759, 0.0117142, 0.0107824,buy
2018-09-26,0,0,0.49,0,0,0.07,0.15,1.11,-0.0011215,-0.0056009,-0.0015828,-0.0029344,-0.0149818,buy
2018-09-27,0,0,0.2,0,0,0.04,0.13,0.55, 0.0051378, 0.0086194, 0.0101918, 0.0087043, 0.0090852,buy
2018-09-28,0,0,0.08,0,0,0.05,0.11,0.27,-0.0042196,-0.0072109,-0.0130522,-0.0072109,-0.0077083,sell
2018-09-29,0,0,0,0,0,0.1,0.09,0.14, 0.0004176,-0.0007845, 0.0102673,-0.0007845, 0.0004176,buy
2018-09-30,0,0,0,0,0,0.11,0.08,0.08,-0.0005936, 0.0009953, 0.0092987,-0.0003902, 0.0020476,buy
2018-10-01,0,0,0,0,0,0.05,0.07,0.16,-0.0040588,-0.0040588, 0.0006752,-0.0039785,-0.0046396,buy
2018-10-02,0,0,0,0,0,0.03,0.06,0.62, 0.0060770, 0.0112428, 0.0103489, 0.0105715, 0.0091334,buy
2018-10-03,0,0,0,0,0,0.01,0.05,0.65, 0.0006114, 0.0065411, 0.0035469, 0.0125482, 0.0061257,buy
2018-10-04,0,0,0,0,0,0.01,0.04,0.18, 0.0096890,-0.0019033, 0.0016134,-0.0114481, 0.0000924,buy
2018-10-05,0,0,0,0,0,0,0,0.07,-0.0162447,-0.0115588, 0.0024487,-0.0161086,-0.0056618,sell
2018-10-06,0,0,0,0,0,0,0,0.07,-0.0162447,-0.0115588, 0.0024487,-0.0161086,-0.0056618,sell
2018-10-07,0,0,0,0,0,0,0,0.1,-0.0095206,-0.0109470, 0.0013020,-0.0186043,-0.0094415,sell
2018-10-08,0,0,0,0.1,0,0,0.04,0.21, 0.0073071, 0.0014228, 0.0014060,-0.0056391, 0.0014060,buy
2018-10-09,0,0,0,0.43,0,0,0.12,0.38, 0.0032022, 0.0066485, 0.0108575, 0.0042599, 0.0028779,buy
2018-10-10,0,0,0,1.25,0,0,0.33,0.74,-0.0180007, 0.0125908,-0.0140169,-0.0285869,-0.0179460,sell
2018-10-11,0,0,0,0.87,0,0,1.03,1.09, 0.0076870, 0.0044674, 0.0115317, 0.0019736, 0.0117572,buy
2018-10-12,0,0,0,0.22,0,0,1.73,0.95,-0.0095448, 0.0000377,-0.0147806,-0.0088370,-0.0106672,sell
2018-10-13,0,0,0,0.05,0,0,1.23,0.48,-0.0001468,-0.0014405,-0.0029352, 0.0001125,-0.0001468,buy
2018-10-14,0,0,0,0,0,0,1.33,0.21, 0.0180877, 0.0166674, 0.0197504, 0.0081397, 0.0158433,buy
2018-10-15,0,0,0,0,0,0,1.48,0.11, 0.0083383, 0.0215875, 0.0107086,-0.0096534, 0.0015766,buy
2018-10-16,0,0,0,0,0,0,1.4,0.09, 0.0150279, 0.0225384, 0.0129905,-0.0032526, 0.0038688,buy
2018-10-17,0,0,0,0,0,0,0.82,0.13,-0.0054318,-0.0061826,-0.0080340,-0.0029922,-0.0089899,sell
2018-10-18,0,0,0,0,0,0,0.4,0.3,-0.0108121,-0.0072750,-0.0108121,-0.0089856,-0.0074277,sell
2018-10-19,0,0,0,0,0,0,0.29,0.56, 0.0053757, 0.0051023, 0.0090746, 0.0110228, 0.0067827,buy
2018-10-20,0,0,0,0.08,0,0.02,0.35,0.44, 0.0119101, 0.0119101, 0.0110240, 0.0119416, 0.0119101,buy
2018-10-21,0,0,0,0.19,0,0.06,0.77,0.2,-0.0056257,-0.0063503,-0.0060284, 0.0006885, 0.0032424,buy
2018-10-22,0,0,0,0.48,0,0.17,1.83,0.09, 0.0034905, 0.0094334, 0.0064613, 0.0094334, 0.0102057,buy
2018-10-23,0,0,0.04,1.19,0,0.2,2.08,0.04,-0.0155072,-0.0115754, 0.0028985,-0.0133473, 0.0165694,sell
2018-10-24,0,0,0.06,1.32,0,0.09,1.84,0.02,-0.0127253,-0.0127296,-0.0105304,-0.0088196, 0.0135370,sell
2018-10-25,0,0,0.07,0.61,0,0.06,1.41,0, 0.0114739, 0.0097391, 0.0102171, 0.0111602, 0.0121899,buy
2018-10-26,0,0,0.09,0.35,0,0.07,1.14,0, 0.0083581, 0.0228555, 0.0262442, 0.0195849, 0.0271848,buy
2018-10-27,0,0,0.11,0.32,0,0.1,1.58,0, 0.0153631, 0.0078623, 0.0170099, 0.0111248, 0.0183747,buy
2018-10-28,0,0,0.22,0.39,0,0.16,1.61,0, 0.0048617,-0.0086732, 0.0009623, 0.0041358, 0.0049898,buy
2018-10-29,0,0,0.44,0.65,0,0.2,0.79,0,-0.0275031,-0.0262983,-0.0288964,-0.0233341,-0.0179439,sell
2018-10-30,0,0,1.09,1.05,0,0.19,0.36,0, 0.0172601, 0.0154807, 0.0213398, 0.0179071, 0.0172601,buy
2018-10-31,0,0,1.67,1.27,0,0.2,0.14,0, 0.0118205, 0.0112578, 0.0152649, 0.0152649, 0.0118205,buy
2018-11-01,0,0,1.07,0.95,0,0.21,0.06,0, 0.0074193, 0.0102959, 0.0152550, 0.0104754, 0.0087893,buy
2018-11-02,0,0,0.67,0.61,0,0.2,0,0,-0.0177945,-0.0072627,-0.0065677,-0.0166857,-0.0167011,sell
2018-11-03,0,0,0.62,0.4,0,0.23,0,0,-0.0169821, 0.0012295,-0.0041027,-0.0096830,-0.0128611,sell
2018-11-04,0,0,0.67,0.26,0,0.15,0,0,-0.0252869,-0.0254037,-0.0269827,-0.0284626,-0.0229699,sell
2018-11-05,0,0,0.85,0.18,0,0.06,0,0, 0.0049474,-0.0086097,-0.0165710,-0.0120380,-0.0079443,sell
2018-11-06,0,0,1.07,0.13,0,0.04,0,0, 0.0148082,-0.0007432,-0.0111632,-0.0090722,-0.0013045,sell
2018-11-07,0,0,1.35,0.09,0,0.01,0.09,0, 0.0106547,-0.0010738,-0.0071618, 0.0093949, 0.0000067,buy
2018-11-08,0,0,1.44,0.07,0,0,0.18,0, 0.0149192,-0.0021059,-0.0082663, 0.0047387, 0.0078794,buy
2018-11-09,0,0,1.22,0.05,0,0.03,0.45,0.01,-0.0023625,-0.0070488, 0.0035124,-0.0090172,-0.0067912,sell
2018-11-10,0,0.06,0.97,0.04,0,0.05,0.96,0.02, 0.0177427, 0.0053558, 0.0123678, 0.0091827, 0.0086021,buy
2018-11-11,0,0.11,0.77,0.04,0,0.08,1.71,0.02,-0.0127506,-0.0117198,-0.0117067,-0.0157676,-0.0122773,sell
2018-11-12,0,0.18,0.61,0,0,0.14,1.71,0.03,-0.0200641,-0.0149192,-0.0127312,-0.0249449,-0.0149192,sell
2018-11-13,0,0.29,0.48,0,0,0.19,1.68,0.07,-0.0205459,-0.0006443,-0.0002010,-0.0181572,-0.0033166,sell
2018-11-14,0,0.41,0.38,0,0,0.13,2.11,0.1, 0.0078712,-0.0092316, 0.0113638,-0.0133486,-0.0106821,buy
2018-11-15,0,0.52,0.31,0,0,0.07,2.09,0.14, 0.0006385, 0.0019348, 0.0132456,-0.0009711, 0.0039039,buy
2018-11-16,0,0.58,0.24,0,0,0.05,1.35,0.2, 0.0108195, 0.0112769, 0.0176792, 0.0198290, 0.0006601,buy
2018-11-17,0,0.59,0.19,0,0,0.04,0.78,0.3, 0.0058748, 0.0131574, 0.0117929, 0.0136974, 0.0112069,buy
2018-11-18,0,0.57,0.25,0,0,0.05,0.45,0.42,-0.0089420, 0.0010606,-0.0046353,-0.0020111, 0.0033702,buy
2018-11-19,0,0.48,0.37,0,0,0.07,0.26,0.59, 0.0023084, 0.0008314,-0.0031379, 0.0041002, 0.0238711,buy
2018-11-20,0,0.35,0.74,0.04,0,0.11,0.21,0.66, 0.0206116, 0.0055920, 0.0205572, 0.0158078, 0.0264327,buy
2018-11-21,0,0.21,1.52,0.05,0,0.19,0.18,0.62,-0.0085958,-0.0010917,-0.0046273,-0.0125805,-0.0063258,sell
2018-11-22,0,0.11,1.29,0.07,0,0.35,0.14,0.63,-0.0052862,-0.0025523,-0.0097859,-0.0038388,-0.0033556,buy
2018-11-23,0,0.05,0.54,0.08,0,0.33,0.22,0.65,-0.0090407, 0.0000070,-0.0099935,-0.0093884, 0.0000070,sell
2018-11-24,0,0,0.19,0.11,0,0.24,0.36,0.66,-0.0211436,-0.0220706,-0.0250861,-0.0220706,-0.0000316,sell
2018-11-25,0,0,0.08,0.16,0,0.24,0.58,0.82, 0.0118025, 0.0101041, 0.0088463, 0.0168039, 0.0159751,buy
2018-11-26,0,0,0,0.22,0,0.36,0.92,1.05,-0.0055920,-0.0069198,-0.0055920, 0.0002346, 0.0031381,buy
2018-11-27,0,0,0,0.33,0,0.45,1.43,0.64, 0.0121897, 0.0121897, 0.0119148, 0.0064722, 0.0123701,buy
2018-11-28,0,0,0.05,0.49,0,0.34,1.38,0.52, 0.0090754, 0.0084312, 0.0097527, 0.0087882, 0.0097831,buy
2018-11-29,0,0,0.16,0.76,0,0.23,0.96,0.53,-0.0087894,-0.0122155,-0.0135014,-0.0077176,-0.0157992,sell
2018-11-30,0,0,0.42,1.2,0,0.16,0.94,0.59,-0.0160897,-0.0073944,-0.0067379,-0.0080451,-0.0169408,sell
2018-12-01,0,0,1.01,1.27,0,0.12,1.28,0.72,-0.0026233,-0.0037015,-0.0034710,-0.0049083,-0.0048449,sell
2018-12-02,0,0.08,1.43,0.83,0,0.11,0.77,0.9,-0.0092704,-0.0133923,-0.0138614,-0.0087102,-0.0114326,sell
2018-12-03,0,0.2,0.98,0.5,0,0.09,0.31,0.93,-0.0151860,-0.0175645,-0.0148863,-0.0160654,-0.0148863,sell
2018-12-04,0,0.5,0.57,0.3,0,0.1,0.15,0.82,-0.0092262,-0.0147350,-0.0063874,-0.0008311,-0.0063874,sell
2018-12-05,0,1.26,0.39,0.17,0,0.13,0.08,0.76, 0.0018307, 0.0064187, 0.0029349,-0.0094299, 0.0052095,buy
2018-12-06,0,1.59,0.32,0.1,0,0.17,0,0.69, 0.0046818, 0.0029380, 0.0046818,-0.0077342, 0.0018036,buy
2018-12-07,0,0.78,0.35,0.05,0,0.24,0,0.58,-0.0169267,-0.0182189,-0.0202679,-0.0174115,-0.0114998,sell
2018-12-08,0,0.3,0.44,0,0,0.23,0,0.47,-0.0082656,-0.0085200,-0.0124237,-0.0116948,-0.0092857,sell
2018-12-09,0,0.12,0.65,0,0,0.19,0,0.38, 0.0179226, 0.0179226, 0.0179226, 0.0192539, 0.0179226,buy
2018-12-10,0,0.05,1.05,0,0,0.18,0.09,0.31, 0.0193778, 0.0154691, 0.0154691, 0.0120772, 0.0190751,buy
2018-12-11,0,0,1.43,0,0,0.2,0.15,0.24, 0.0144162,-0.0044071, 0.0016790, 0.0007641,-0.0033543,buy
2018-12-12,0,0,1.04,0,0,0.18,0.27,0.19, 0.0140502, 0.0116200, 0.0142032, 0.0191639, 0.0118872,buy
2018-12-13,0,0,0.52,0,0,0.14,0.49,0.15, 0.0038934, 0.0083601, 0.0027379, 0.0064042, 0.0036299,buy
2018-12-14,0,0,0.24,0,0,0.11,0.88,0.12,-0.0100998,-0.0191029,-0.0095487,-0.0077465,-0.0123954,sell
2018-12-15,0,0,0.1,0,0,0.12,1.6,0.08,-0.0201453,-0.0088837,-0.0054435,-0.0222971,-0.0088374,sell
2018-12-16,0,0,0,0,0,0.16,2.54,0.06, 0.0054634, 0.0100467, 0.0040539, 0.0087124, 0.0101766,buy
2018-12-17,0,0,0,0,0,0.24,2.49,0.04, 0.0109396, 0.0148145, 0.0027875, 0.0126662, 0.0142908,buy
2018-12-18,0,0,0,0,0,0.25,1.62,0.03,-0.0218897,-0.0070032,-0.0049388,-0.0037391,-0.0077873,sell
2018-12-19,0,0,0,0,0,0.15,1.11,0.02,-0.0209673,-0.0302775,-0.0136445,-0.0215040,-0.0374083,sell
2018-12-20,0,0,0,0,0,0.08,1.05,0.02,-0.0267020,-0.0272847,-0.0181785,-0.0273027,-0.0149963,sell
2018-12-21,0,0.05,0,0,0,0.08,1.19,0,-0.0283667,-0.0103437,-0.0200681,-0.0303559,-0.0278048,sell
2018-12-22,0,0.22,0,0,0,0.07,0.85,0,-0.0315222,-0.0215869,-0.0389198,-0.0339209,-0.0297220,sell
2018-12-23,0,0.62,0,0,0,0.07,0.39,0,-0.0080722,-0.0045943,-0.0071731,-0.0080722,-0.0018615,sell
2018-12-24,0,1.65,0,0,0,0.08,0.21,0,-0.0045791, 0.0054785, 0.0092675, 0.0051801, 0.0090681,buy
2018-12-25,0,1.37,0,0,0,0.09,0.19,0,-0.0072322,-0.0053077, 0.0052107,-0.0034862, 0.0056215,buy
2018-12-26,0,0.49,0,0,0,0.1,0.29,0,-0.0063116, 0.0270769,-0.0141465,-0.0053828, 0.0274627,buy
2018-12-27,0,0.25,0,0,0,0.11,0.59,0,-0.0169931,-0.0178577,-0.0166718,-0.0169931,-0.0142485,sell
2018-12-28,0,0.17,0,0,0,0.13,1.26,0,-0.0194505,-0.0178605,-0.0011525,-0.0153882,-0.0228431,sell
2018-12-29,0,0.21,0,0,0,0.13,1.17,0,-0.0192418,-0.0233766,-0.0006984,-0.0149340,-0.0280156,sell
2018-12-30,0,0.25,0,0,0,0.13,0.52,0, 0.0066508, 0.0077491, 0.0077491, 0.0077491,-0.0037565,buy
2018-12-31,0,0.3,0,0,0,0.11,0.22,0,-0.0037180,-0.0087874,-0.0087874,-0.0098998,-0.0084886,sell
2019-01-01,0,0.37,0,0,0,0.12,0.1,0, 0.0019782,-0.0007080, 0.0014915,-0.0016895, 0.0005045,buy
2019-01-02,0,0.45,0.08,0,0,0.14,0.04,0, 0.0118442,-0.0006032, 0.0087677,-0.0066356, 0.0197236,buy
2019-01-03,0,0.54,0.21,0,0,0.22,0,0.02, 0.0009288, 0.0089289,-0.0032733,-0.0054014,-0.0049413,buy
2019-01-04,0,0.65,0.51,0,0,0.27,0,0.04, 0.0135150, 0.0147220, 0.0088971,-0.0077363, 0.0081922,buy
2019-01-05,0,0.78,1.26,0,0,0.22,0,0.09, 0.0049661, 0.0150332, 0.0090965, 0.0157680, 0.0155744,buy
2019-01-06,0,0.95,1.41,0,0,0.21,0,0.19, 0.0051399, 0.0167191,-0.0013937, 0.0076078, 0.0118659,buy
2019-01-07,0,1.13,0.63,0,0,0.15,0,0.4,-0.0072298,-0.0047388,-0.0109726,-0.0082518,-0.0059833,sell
2019-01-08,0,1.35,0.26,0,0,0.08,0,0.56, 0.0041997, 0.0075836, 0.0080413, 0.0054626, 0.0054626,buy
2019-01-09,0,1.6,0.1,0,0,0.05,0,0.36, 0.0139613, 0.0070792, 0.0149774, 0.0219010, 0.0150204,buy
2019-01-10,0,1.57,0,0,0,0.06,0,0.17,-0.0015189,-0.0071700,-0.0052488,-0.0137863,-0.0055943,sell
2019-01-11,0,1.32,0,0,0,0.08,0,0.08,-0.0139472,-0.0202193,-0.0137803,-0.0152012,-0.0137616,sell
2019-01-12,0,1.1,0,0,0,0.15,0,0.04, 0.0114387,-0.0062606, 0.0067716,-0.0070449, 0.0067687,buy
2019-01-13,0,0.93,0,0,0,0.18,0,0.02, 0.0156760, 0.0086829, 0.0125248, 0.0017314, 0.0149356,buy
2019-01-14,0,0.78,0,0,0,0.1,0,0.03,-0.0037057,-0.0037057,-0.0112858, 0.0058099,-0.0011092,buy
2019-01-15,0,0.66,0,0,0,0.05,0,0.08, 0.0092830,-0.0061863, 0.0038338, 0.0036651, 0.0083757,buy
2019-01-16,0,0.62,0,0,0,0.04,0,0.17, 0.0057664,-0.0017421, 0.0045018,-0.0070369, 0.0037455,buy
2019-01-17,0,0.63,0,0,0,0.04,0,0.36, 0.0024979, 0.0146020, 0.0100538, 0.0151143, 0.0153041,buy
2019-01-18,0,0.82,0,0,0,0.04,0,0.79, 0.0084775, 0.0010182, 0.0018179, 0.0041386,-0.0019353,buy
2019-01-19,0,1.44,0,0,0,0.06,0,0.96, 0.0031145, 0.0016727, 0.0068860, 0.0145570,-0.0025581,buy
2019-01-20,0,1.86,0,0,0,0.11,0,0.83, 0.0075316, 0.0051202, 0.0054010, 0.0075316, 0.0095666,buy
2019-01-21,0,1.11,0,0,0,0.12,0,0.9,-0.0175712,-0.0128652,-0.0158094,-0.0054571,-0.0175177,sell
2019-01-22,0,0.53,0,0,0,0.08,0,0.92,-0.0178254,-0.0132182,-0.0139266,-0.0101210,-0.0195277,sell
2019-01-23,0,0.3,0,0,0,0.07,0,0.99,-0.0070509,-0.0078409,-0.0060401,-0.0110094,-0.0169721,sell
2019-01-24,0,0.21,0,0,0,0.12,0,0.49, 0.0070814, 0.0001050, 0.0070791, 0.0067790, 0.0067790,buy
2019-01-25,0,0.13,0,0,0,0.14,0,0.19,-0.0106770, 0.0051771,-0.0278645,-0.0072169,-0.0106770,sell
2019-01-26,0,0.12,0,0,0,0.07,0,0.09, 0.0133433,-0.0099832,-0.0099832,-0.0029551, 0.0018871,buy
2019-01-27,0,0.1,0,0,0,0.06,0,0.07, 0.0074112,-0.0053776,-0.0072041,-0.0081096,-0.0031645,sell
2019-01-28,0,0.09,0,0,0,0.06,0,0.09,-0.0068531,-0.0113964,-0.0069816,-0.0127947,-0.0124523,sell
2019-01-29,0,0.08,0,0,0,0.06,0,0.1,-0.0069206,-0.0104574,-0.0062276,-0.0155222,-0.0058376,sell
2019-01-30,0,0.07,0,0,0,0.07,0.03,0.18,-0.0137892,-0.0108810,-0.0099580,-0.0160034,-0.0065249,sell
2019-01-31,0,0.06,0,0,0,0.06,0.06,0.33, 0.0081092, 0.0077143, 0.0077994, 0.0077055, 0.0074618,buy
2019-02-01,0,0.05,0,0,0,0.07,0.15,0.58, 0.0027844, 0.0032378, 0.0060269, 0.0031870, 0.0031870,buy
2019-02-02,0,0,0,0,0,0.06,0.39,0.63,-0.0009993, 0.0033185, 0.0015255,-0.0008631, 0.0011938,buy
2019-02-03,0,0,0,0,0,0.06,1.16,0.39,-0.0034688,-0.0019462,-0.0019123, 0.0073054,-0.0009948,buy
2019-02-04,0,0,0,0,0,0.05,1.42,0.22,-0.0023050, 0.0141761, 0.0130579, 0.0141761, 0.0128606,buy
2019-02-05,0,0,0,0,0,0.04,1.44,0.12, 0.0110280, 0.0112852, 0.0152808, 0.0120422, 0.0071865,buy
2019-02-06,0,0,0,0,0,0.04,1.64,0.07, 0.0099704, 0.0043728, 0.0105084, 0.0021379, 0.0021379,buy
2019-02-07,0,0,0,0,0,0.04,2.32,0.04, 0.0091681,-0.0022048,-0.0022048,-0.0022048, 0.0083106,buy
2019-02-08,0,0,0,0,0,0.04,2.43,0.02, 0.0084668, 0.0035332, 0.0022035, 0.0022035, 0.0065838,buy
2019-02-09,0,0,0,0,0,0.07,2.24,0, 0.0104657,-0.0003716,-0.0006681, 0.0006759, 0.0105729,buy
2019-02-10,0,0,0,0,0,0.18,1.62,0,-0.0158749,-0.0156951,-0.0098380,-0.0168933,-0.0187025,sell
2019-02-11,0,0,0,0,0,0.2,0.43,0, 0.0111362,-0.0005374,-0.0023902,-0.0036583,-0.0024752,buy
2019-02-12,0,0,0,0,0,0.08,0.09,0, 0.0020550,-0.0052669, 0.0035046, 0.0035735, 0.0093765,buy
2019-02-13,0,0,0,0,0,0.12,0,0, 0.0059172, 0.0181196, 0.0038277, 0.0032653, 0.0066271,buy
2019-02-14,0,0,0,0,0,0.16,0.07,0, 0.0084151, 0.0052566, 0.0019275,-0.0028545, 0.0091827,buy
2019-02-15,0,0,0,0,0,0.07,0.16,0, 0.0048030, 0.0019334, 0.0046933,-0.0007261,-0.0009615,buy
2019-02-16,0,0.04,0,0,0,0.04,0.44,0,-0.0093023,-0.0104394, 0.0028555,-0.0129568,-0.0104394,sell
2019-02-17,0,0.06,0,0,0,0.1,1.07,0,-0.0150441,-0.0119591,-0.0160623,-0.0355227,-0.0312666,sell
2019-02-18,0,0.1,0,0,0,0.22,1.65,0, 0.0019581, 0.0010563, 0.0131680,-0.0025988,-0.0013046,buy
2019-02-19,0,0.17,0,0,0,0.19,2.02,0, 0.0040851, 0.0065915, 0.0025544,-0.0012980,-0.0070729,buy
2019-02-20,0,0.27,0,0,0,0.26,1.92,0.04, 0.0029551,-0.0004522, 0.0080576, 0.0040634,-0.0012274,buy
2019-02-21,0,0.44,0,0,0,0.3,0.95,0.14, 0.0008007,-0.0007022,-0.0019882,-0.0019882, 0.0008007,buy
2019-02-22,0,0.71,0,0,0,0.23,1,0.39, 0.0055856, 0.0081979, 0.0133085, 0.0174010, 0.0050137,buy
2019-02-23,0,1,0,0,0,0.15,1.69,0.34, 0.0093778, 0.0099909,-0.0010034, 0.0064755, 0.0082193,buy
2019-02-24,0,0.85,0,0,0,0.13,1.46,0.11,-0.0214868,-0.0166531,-0.0137846,-0.0184060,-0.0216289,sell
2019-02-25,0,0.53,0,0,0,0.19,0.99,0.04, 0.0031970,-0.0049365,-0.0044168,-0.0088234,-0.0099359,sell
2019-02-26,0,0.32,0,0,0,0.24,1.01,0.07,-0.0052223,-0.0099841,-0.0095825,-0.0155234,-0.0221884,sell
2019-02-27,0,0.2,0,0,0,0.2,1.2,0.13,-0.0089573,-0.0119986,-0.0131454,-0.0033315,-0.0131350,sell
2019-02-28,0,0.12,0,0,0,0.17,1.22,0.36, 0.0126411, 0.0113687, 0.0069438, 0.0107793, 0.0016688,buy
2019-03-01,0,0.07,0,0,0,0.1,0.95,0.63,-0.0095515,-0.0101590,-0.0039998, 0.0022486,-0.0013597,buy
2019-03-02,0,0.04,0,0,0,0.07,0.71,0.39,-0.0103390,-0.0130201,-0.0113159,-0.0113698,-0.0010755,sell
2019-03-03,0,0,0,0,0,0.06,0.55,0.14, 0.0077920, 0.0043713, 0.0056982, 0.0080218, 0.0076978,buy
2019-03-04,0,0,0,0,0,0.1,0.46,0.05, 0.0143889, 0.0118398, 0.0121605, 0.0118398, 0.0036562,buy
2019-03-05,0,0,0,0,0,0.22,0.42,0.02, 0.0123478, 0.0048899, 0.0054080, 0.0048899, 0.0040760,buy
2019-03-06,0,0,0,0,0,0.24,0.49,0, 0.0119244, 0.0000100,-0.0043621, 0.0002048, 0.0021951,buy
2019-03-07,0,0,0,0,0,0.28,0.73,0, 0.0109722,-0.0026249,-0.0028756,-0.0026258, 0.0022807,buy
2019-03-08,0,0,0,0,0,0.24,1.31,0, 0.0125883, 0.0103361, 0.0098354, 0.0119524, 0.0151797,buy
2019-03-09,0,0,0,0,0,0.09,1.69,0.01,-0.0032460, 0.0087914, 0.0029396,-0.0032460, 0.0028577,buy
2019-03-10,0,0,0,0,0,0.03,1.16,0.03, 0.0046779, 0.0041871, 0.0033910, 0.0046779, 0.0197513,buy
2019-03-11,0,0,0,0,0,0.03,0.88,0.08, 0.0014805,-0.0161102,-0.0139950,-0.0007989,-0.0034643,buy
2019-03-12,0,0,0,0,0,0.02,1.19,0.19, 0.0250134, 0.0213213, 0.0258469, 0.0190348, 0.0203092,buy
2019-03-13,0,0,0,0,0,0,1.72,0.45,-0.0041602, 0.0004164,-0.0044927,-0.0041602,-0.0041602,buy
2019-03-14,0,0,0,0,0,0,1.51,0.58, 0.0029143, 0.0043527, 0.0020111, 0.0056601, 0.0013817,buy
2019-03-15,0,0,0.04,0,0,0,1.54,0.63, 0.0062112, 0.0071399, 0.0055985, 0.0095429, 0.0055985,buy
2019-03-16,0,0,0.07,0,0,0,2.13,0.54,-0.0054913,-0.0068973, 0.0054143,-0.0016949,-0.0054913,buy
2019-03-17,0,0,0.11,0,0,0,2.43,0.31,-0.0090872, 0.0021818, 0.0027224,-0.0080460,-0.0107514,sell
2019-03-18,0,0,0.19,0,0,0,2.48,0.26,-0.0114140,-0.0089533,-0.0058432,-0.0213943,-0.0085296,sell
2019-03-19,0,0,0.33,0,0,0,2.19,0.32,-0.0176027,-0.0176027,-0.0095434,-0.0176027,-0.0148672,sell
2019-03-20,0,0,0.57,0,0,0.01,2.79,0.48, 0.0106426, 0.0164343, 0.0187771, 0.0187591, 0.0109785,buy
2019-03-21,0,0,0.9,0,0,0.02,2.82,0.56, 0.0072911, 0.0216135, 0.0226455, 0.0224603, 0.0181786,buy
2019-03-22,0,0,0.82,0,0,0.03,2.04,0.41,-0.0180383,-0.0103918,-0.0133072,-0.0180383,-0.0180383,sell
2019-03-23,0,0,0.48,0,0,0.05,1.36,0.25,-0.0136096, 0.0039960, 0.0022086, 0.0077396,-0.0027849,buy
2019-03-24,0,0,0.27,0,0,0.08,1.07,0.16,-0.0139447,-0.0165684,-0.0124144,-0.0073189,-0.0143230,sell
2019-03-25,0,0,0.16,0,0,0.11,0.98,0.1,-0.0199940,-0.0211368,-0.0138083,-0.0157613,-0.0207094,sell
2019-03-26,0,0,0.09,0,0,0.13,1.22,0.06,-0.0240089,-0.0181248,-0.0032025,-0.0200256,-0.0252654,sell
2019-03-27,0,0,0.05,0,0,0.16,1.78,0.04,-0.0114654,-0.0168393,-0.0195122,-0.0169516,-0.0170256,sell
2019-03-28,0,0,0.03,0,0,0.19,1.38,0.02,-0.0120436,-0.0197512,-0.0147385,-0.0057169,-0.0160415,sell
2019-03-29,0,0,0,0,0,0.24,0.73,0, 0.0040549,-0.0080747,-0.0060276,-0.0072569,-0.0123491,sell
2019-03-30,0,0,0,0,0,0.35,0.47,0,-0.0065987,-0.0023462,-0.0070479,-0.0065987,-0.0117603,sell
2019-03-31,0,0,0,0,0,0.32,0.35,0, 0.0012789, 0.0035057,-0.0014869, 0.0021085,-0.0001603,buy
2019-04-01,0,0.06,0,0,0,0.26,0.31,0,-0.0017753,-0.0074321, 0.0007715, 0.0074783,-0.0017753,buy
2019-04-02,0,0.11,0,0,0,0.27,0.32,0, 0.0015220,-0.0094824,-0.0031487, 0.0046030, 0.0013252,buy
2019-04-03,0,0.19,0,0,0,0.18,0.37,0, 0.0039612, 0.0099592, 0.0088143, 0.0118503, 0.0057309,buy
2019-04-04,0,0.33,0,0,0,0.08,0.48,0,-0.0159893,-0.0016763,-0.0166550,-0.0111160,-0.0016763,sell
2019-04-05,0,0.57,0,0,0,0.05,0.75,0,-0.0006130,-0.0036578, 0.0002247,-0.0002450,-0.0011929,buy
2019-04-06,0,1.06,0,0,0,0.04,1.25,0.04,-0.0040918,-0.0005771,-0.0022891, 0.0009466,-0.0017306,buy
2019-04-07,0,1.86,0,0,0,0.06,1.63,0.1,-0.0047347,-0.0043584,-0.0071392,-0.0047238,-0.0066723,sell
2019-04-08,0,2,0,0,0,0.1,1.29,0.25, 0.0114674, 0.0142254, 0.0105510, 0.0122723, 0.0068432,buy
2019-04-09,0,1.39,0,0,0,0.19,1.21,0.6, 0.0122169, 0.0082064, 0.0024994, 0.0036928, 0.0112745,buy
2019-04-10,0,1.23,0,0,0,0.16,1.8,0.93, 0.0090079, 0.0016969,-0.0011784,-0.0016863,-0.0053481,buy
2019-04-11,0,1.47,0,0,0,0.1,2.09,0.94, 0.0025644,-0.0040982,-0.0127031,-0.0116054,-0.0153476,sell
2019-04-12,0,1.78,0,0,0,0.1,2.14,1.05, 0.0025344,-0.0054534,-0.0110892, 0.0065125,-0.0115623,buy
2019-04-13,0,1.35,0,0,0,0.12,1.62,0.96, 0.0047262, 0.0028305, 0.0006946,-0.0020406,-0.0059868,buy
2019-04-14,0,0.75,0,0,0,0.14,1.66,0.59, 0.0048441, 0.0109825,-0.0083605,-0.0114566,-0.0073708,buy
2019-04-15,0,0.39,0,0,0,0.14,1.39,0.57, 0.0056912, 0.0058234,-0.0086651,-0.0087327, 0.0042113,buy
2019-04-16,0,0.22,0,0,0,0.1,0.48,0.45, 0.0046566,-0.0144750, 0.0036954, 0.0051044, 0.0107435,buy
2019-04-17,0,0.12,0,0,0,0.08,0.15,0.16, 0.0013795, 0.0010504, 0.0083738, 0.0013795, 0.0011953,buy
2019-04-18,0,0.07,0,0,0,0.06,0.05,0.04, 0.0061303, 0.0026877, 0.0026207,-0.0016968, 0.0060356,buy
2019-04-19,0,0,0,0,0,0.04,0,0.01, 0.0042693, 0.0049934,-0.0038354,-0.0119227, 0.0049934,buy
2019-04-20,0,0,0,0,0,0.04,0,0, 0.0087433, 0.0112531, 0.0075999, 0.0076809, 0.0043899,buy
2019-04-21,0,0,0,0,0,0.03,0,0, 0.0213875, 0.0197416, 0.0121976, 0.0197416, 0.0164319,buy
2019-04-22,0,0,0,0,0,0.04,0,0, 0.0123531, 0.0024836, 0.0135325, 0.0125555, 0.0133065,buy
2019-04-23,0,0,0,0,0,0.04,0,0, 0.0144013, 0.0073427, 0.0121626, 0.0121626, 0.0110045,buy
2019-04-24,0,0,0,0,0,0.06,0,0, 0.0101143, 0.0033464, 0.0088921, 0.0083465, 0.0074921,buy
2019-04-25,0,0.04,0.06,0,0,0.09,0,0, 0.0033518, 0.0131459, 0.0065885, 0.0036316, 0.0005731,buy
2019-04-26,0,0.11,0.12,0,0,0.14,0,0, 0.0007838, 0.0002887, 0.0020879, 0.0013587, 0.0007838,buy
2019-04-27,0,0.26,0.2,0,0,0.16,0.06,0, 0.0040386, 0.0114060, 0.0113591, 0.0114060, 0.0114060,buy
2019-04-28,0,0.65,0.37,0,0,0.11,0.15,0.02, 0.0135395, 0.0110749, 0.0083276, 0.0052455, 0.0118446,buy
2019-04-29,0,1,0.72,0,0,0.07,0.35,0.09,-0.0112911, 0.0030646, 0.0012334, 0.0086907,-0.0004713,buy
2019-04-30,0,0.59,1.28,0.03,0,0.04,0.83,0.42,-0.0145615,-0.0062872,-0.0009343,-0.0173349,-0.0105952,sell
2019-05-01,0,0.23,1.79,0.06,0,0.02,1.1,0.86, 0.0185049, 0.0127031, 0.0228750, 0.0086130, 0.0185049,buy
2019-05-02,0,0.09,1.55,0.12,0,0.01,0.57,0.91, 0.0133539, 0.0129042, 0.0127305, 0.0132856, 0.0117959,buy
2019-05-03,0,0.04,1.26,0.23,0,0.01,0.23,0.62,-0.0098303,-0.0056472,-0.0132736,-0.0094753,-0.0098303,sell
2019-05-04,0,0,1.42,0.43,0,0,0.09,0.16, 0.0185209, 0.0204311, 0.0137566, 0.0199662, 0.0211029,buy
2019-05-05,0,0,1.64,0.8,0,0,0,0.15, 0.0159760, 0.0168377, 0.0278588, 0.0157604, 0.0148203,buy
2019-05-06,0,0,1.2,0.75,0,0,0,0.4, 0.0246292, 0.0153728, 0.0242647, 0.0257906, 0.0235219,buy
2019-05-07,0,0,0.68,0.4,0,0,0.04,0.8,-0.0018924,-0.0027142,-0.0104560,-0.0122837,-0.0143171,sell
2019-05-08,0,0,0.34,0.21,0,0,0.07,0.72,-0.0017612,-0.0031902,-0.0127467,-0.0114280, 0.0005749,sell
2019-05-09,0,0.16,0.19,0.11,0,0,0.11,0.78,-0.0195633,-0.0158975,-0.0153904,-0.0217738,-0.0208051,sell
2019-05-10,0,1,0.17,0.06,0,0.01,0.18,0.53,-0.0166261,-0.0093766,-0.0088017, 0.0028384,-0.0088560,buy
2019-05-11,0,0.92,0.22,0.03,0,0.02,0.3,0.16, 0.0028096, 0.0039303, 0.0110594, 0.0022789, 0.0037366,buy
2019-05-12,0,0.15,0.42,0,0,0.06,0.49,0.05,-0.0088096,-0.0099374,-0.0103875,-0.0064381,-0.0099374,sell
2019-05-13,0,0.05,0.88,0,0,0.14,0.82,0, 0.0146119,-0.0055788,-0.0039047,-0.0065969, 0.0101138,buy
2019-05-14,0,0.05,0.72,0,0,0.09,1.12,0, 0.0124330, 0.0007021, 0.0072694,-0.0020181,-0.0020058,buy
2019-05-15,0,0.06,0.28,0,0,0.03,0.94,0,-0.0020327,-0.0025520,-0.0020327,-0.0020327, 0.0022705,buy
2019-05-16,0,0.07,0.25,0,0,0.01,0.61,0, 0.0126762, 0.0067219, 0.0118813, 0.0143577, 0.0111652,buy
2019-05-17,0,0.08,0.92,0,0,0,0.44,0, 0.0006958, 0.0040564,-0.0167866, 0.0040336, 0.0028581,buy
2019-05-18,0,0.17,0.75,0,0,0,0.39,0, 0.0062233, 0.0005942, 0.0056763, 0.0057037,-0.0015042,buy
2019-05-19,0,0.36,0.1,0,0,0,0.44,0,-0.0012467,-0.0011063, 0.0038300,-0.0023067,-0.0016077,buy
2019-05-20,0,0.93,0,0,0,0,0.6,0, 0.0089395,-0.0067417,-0.0090082,-0.0081285,-0.0106725,sell
2019-05-21,0,1.12,0,0,0,0,0.94,0, 0.0134831, 0.0014953, 0.0014953, 0.0025175, 0.0030684,buy
2019-05-22,0,0.96,0,0,0,0,1.27,0,-0.0018118,-0.0044188,-0.0082667, 0.0009820,-0.0071074,buy
2019-05-23,0,2.42,0,0,0,0.01,1.04,0,-0.0203345,-0.0108856,-0.0205413,-0.0089487,-0.0160814,sell
2019-05-24,0,3.1,0,0,0,0.06,0.62,0,-0.0058074, 0.0039717, 0.0044284, 0.0061544, 0.0032241,buy
2019-05-25,0,3.16,0,0,0,0.12,0.36,0, 0.0008517, 0.0052824, 0.0077113, 0.0089767, 0.0134504,buy
2019-05-26,0,2.53,0,0,0,0.05,0.22,0, 0.0190565, 0.0080799, 0.0103068, 0.0092923, 0.0051252,buy
2019-05-27,0,1.9,0,0,0,0.02,0.13,0, 0.0203311, 0.0095080, 0.0155847, 0.0105567, 0.0148387,buy
2019-05-28,0,1.85,0.07,0,0,0.02,0.07,0, 0.0194763, 0.0056171, 0.0088166, 0.0101485, 0.0138964,buy
2019-05-29,0,2.22,0.5,0.08,0,0.07,0.04,0, 0.0117943,-0.0039597, 0.0024763,-0.0107262, 0.0032871,buy
2019-05-30,0,1.67,1.91,0.58,0,0.18,0,0, 0.0033293, 0.0024114,-0.0052181, 0.0002302,-0.0052613,buy
2019-05-31,0,1.07,2.41,0.79,0,0.11,0.03,0, 0.0214337, 0.0114258, 0.0177626, 0.0237989, 0.0174867,buy
2019-06-01,0,0.93,2.42,0.15,0,0.07,0.11,0, 0.0049595,-0.0068928, 0.0049595, 0.0049595,-0.0018720,buy
2019-06-02,0,0.94,0.74,0.02,0,0.1,0.43,0,-0.0030167, 0.0018502,-0.0041567,-0.0030597,-0.0055858,buy
2019-06-03,0,1,0.18,0,0,0.13,0.95,0, 0.0129100,-0.0160328,-0.0117620,-0.0083253,-0.0114702,sell
2019-06-04,0,1.17,0.04,0,0,0.1,0.53,0, 0.0009984,-0.0032915, 0.0197465, 0.0125266, 0.0180336,buy
2019-06-05,0,1.36,0,0,0,0.07,0.24,0, 0.0007762, 0.0035996, 0.0176243, 0.0037619, 0.0177340,buy
2019-06-06,0,1.6,0.07,0.02,0,0.06,0.52,0, 0.0065316, 0.0014547, 0.0111726, 0.0073791, 0.0099188,buy
2019-06-07,0,1.59,0.18,0.06,0,0.09,1.26,0, 0.0082525, 0.0157033, 0.0086973, 0.0166570, 0.0144279,buy
2019-06-08,0,1.37,0.45,0.2,0,0.12,0.69,0,-0.0093795,-0.0268472,-0.0135633,-0.0143052,-0.0050038,sell
2019-06-09,0,1.28,1.19,0.49,0,0.2,0.16,0,-0.0030599,-0.0022079,-0.0093483,-0.0134829,-0.0088509,sell
2019-06-10,0,1.33,1.8,0.93,0,0.24,0.04,0, 0.0050467, 0.0021552, 0.0026078, 0.0193410, 0.0026078,buy
2019-06-11,0,1.9,1.32,0.84,0,0.23,0,0,-0.0004927,-0.0009232,-0.0020074, 0.0039556,-0.0019743,buy
2019-06-12,0,2.63,1.28,0.72,0,0.13,0,0,-0.0039759, 0.0010868,-0.0097159,-0.0101348,-0.0015896,sell
2019-06-13,0,1.95,2.17,1.06,0,0.07,0,0, 0.0081153, 0.0112730, 0.0063424, 0.0062100, 0.0017110,buy
2019-06-14,0,1.96,2.39,1.71,0,0.04,0,0, 0.0116884, 0.0143631, 0.0090258, 0.0093033, 0.0031922,buy
2019-06-15,0,2.14,1.7,1.93,0,0.02,0,0, 0.0122668, 0.0125688, 0.0105164, 0.0109612, 0.0087142,buy
2019-06-16,0,1.12,1.48,2.33,0,0.01,0,0,-0.0015543,-0.0003008, 0.0139108, 0.0165055,-0.0024174,buy
2019-06-17,0,0.59,0.75,1.78,0,0,0,0, 0.0167654, 0.0124646, 0.0124304, 0.0184765, 0.0005055,buy
2019-06-18,0,0.38,0.26,1.82,0,0,0,0, 0.0177016, 0.0158500, 0.0178095, 0.0194067, 0.0158500,buy
2019-06-19,0,0.26,0.09,2.6,0,0,0,0,-0.0009356, 0.0076899,-0.0008057, 0.0007747, 0.0006285,buy
2019-06-20,0,0.22,0,2.07,0,0,0,0,-0.0049942, 0.0031947, 0.0041679, 0.0101529, 0.0027849,buy
2019-06-21,0,0.19,0.14,1.13,0,0,0,0, 0.0142641, 0.0135729, 0.0145242, 0.0124308, 0.0143366,buy
2019-06-22,0,0.17,0.43,0.85,0,0.02,0,0,-0.0062115,-0.0076928, 0.0002988,-0.0062115,-0.0062115,sell
2019-06-23,0,0.15,1.37,1.03,0,0.03,0.1,0,-0.0105664,-0.0108979,-0.0057948,-0.0098223,-0.0048425,sell
2019-06-24,0,0.13,1.69,0.69,0,0.07,0.19,0, 0.0174482, 0.0067058, 0.0183060, 0.0198466, 0.0149822,buy
2019-06-25,0,0.16,0.89,0.24,0,0.19,0.41,0,-0.0178525,-0.0101028,-0.0154874,-0.0077151,-0.0075731,sell
2019-06-26,0,0.2,1.12,0.09,0,0.27,0.85,0,-0.0237557,-0.0040358,-0.0039398,-0.0021749,-0.0050006,sell
2019-06-27,0,0.31,1.47,0,0,0.18,1.57,0, 0.0024375, 0.0062085, 0.0030990,-0.0031199,-0.0117066,buy
2019-06-28,0,0.55,0.7,0,0,0.08,1.53,0,-0.0028161,-0.0042389,-0.0042389,-0.0047274,-0.0042389,sell
2019-06-29,0,1.03,0.23,0,0,0.04,1.28,0.02,-0.0043060,-0.0134356, 0.0019060, 0.0005761,-0.0049137,buy
2019-06-30,0,1.16,0.08,0,0,0.01,1.15,0.03,-0.0063325,-0.0058633,-0.0063325,-0.0011592,-0.0102050,sell
2019-07-01,0,0.81,0,0,0,0.01,0.74,0.05, 0.0066445,-0.0047745,-0.0034198,-0.0062165,-0.0041412,sell
2019-07-02,0,0.7,0,0,0,0,0.43,0.07,-0.0050615,-0.0056578, 0.0050981,-0.0149403,-0.0053164,sell
2019-07-03,0,0.9,0,0,0,0,0.23,0.09, 0.0101039, 0.0079356, 0.0101039, 0.0081534, 0.0101039,buy
2019-07-04,0,1.13,0.03,0,0,0,0.14,0.12,-0.0073411,-0.0064473,-0.0066217,-0.0066987,-0.0066217,sell
2019-07-05,0,0.83,0.07,0.05,0,0,0.15,0.16,-0.0015194,-0.0071676,-0.0015194, 0.0019923,-0.0028552,buy
2019-07-06,0,0.46,0.18,0.12,0,0,0.26,0.19,-0.0051489,-0.0013204, 0.0128430,-0.0029767, 0.0082570,buy
2019-07-07,0,0.27,0.47,0.29,0,0,0.64,0.23,-0.0148386, 0.0043475,-0.0058866,-0.0132360,-0.0028015,sell
2019-07-08,0,0.16,0.89,0.72,0,0,1.26,0.29, 0.0002817, 0.0071849,-0.0027589,-0.0076835,-0.0028082,buy
2019-07-09,0,0.11,0.65,1.43,0,0,0.91,0.38, 0.0080271, 0.0142014, 0.0034411, 0.0080271, 0.0106696,buy
2019-07-10,0,0.06,0.26,1.15,0,0,0.36,0.53, 0.0012883,-0.0069336,-0.0000494,-0.0010930, 0.0080000,buy
2019-07-11,0,0.07,0.1,0.57,0,0,0.23,0.74,-0.0016370,-0.0072236, 0.0003170,-0.0056420,-0.0065069,sell
2019-07-12,0,0.09,0.04,0.48,0,0,0.29,0.63,-0.0044768,-0.0013984,-0.0029993,-0.0057921, 0.0006331,buy
2019-07-13,0,0.12,0.06,0.79,0,0,0.64,0.38,-0.0004210,-0.0099950,-0.0039464,-0.0040139,-0.0040123,buy
2019-07-14,0,0.17,0.18,1.37,0,0,0.95,0.23,-0.0069499,-0.0022142,-0.0021768,-0.0014259, 0.0009576,buy
2019-07-15,0,0.26,0.59,1.24,0,0,0.64,0.13, 0.0063223, 0.0079560, 0.0080621, 0.0078581, 0.0022145,buy
2019-07-16,0,0.41,0.89,1.43,0,0,0.29,0.06, 0.0056013, 0.0093490, 0.0066458, 0.0068051, 0.0110864,buy
2019-07-17,0,0.67,0.41,1.56,0,0,0.13,0.04, 0.0022689, 0.0040338, 0.0022689,-0.0016604, 0.0046951,buy
2019-07-18,0,0.99,0.13,0.75,0,0,0.06,0.03, 0.0087873, 0.0071716, 0.0095308, 0.0108576,-0.0012258,buy
2019-07-19,0,0.92,0.04,0.46,0,0,0,0.02,-0.0061025,-0.0066513,-0.0106747, 0.0069441,-0.0113425,buy
2019-07-20,0,0.64,0,0.88,0,0,0,0.02, 0.0238897, 0.0267945, 0.0267900, 0.0272224, 0.0227270,buy
2019-07-21,0,0.61,0.06,1.26,0,0,0,0.03, 0.0083969, 0.0206307, 0.0206307, 0.0104703, 0.0206307,buy
2019-07-22,0,0.97,0.12,0.62,0,0,0,0.04,-0.0014914, 0.0014927, 0.0008480, 0.0060522,-0.0036437,buy
2019-07-23,0,1.09,0.22,0.2,0,0,0,0.05, 0.0003665,-0.0043560,-0.0100931,-0.0043560,-0.0048388,buy
2019-07-24,0,0.58,0.42,0.07,0,0,0,0.07, 0.0122267, 0.0087727, 0.0084065, 0.0087727, 0.0023328,buy
2019-07-25,0,0.34,0.79,0,0,0,0,0.12,-0.0009091,-0.0030404,-0.0047307,-0.0075978,-0.0011573,sell
2019-07-26,0,0.41,1.47,0.05,0,0,0,0.18,-0.0183041,-0.0044013,-0.0020233,-0.0034202,-0.0086000,sell
2019-07-27,0,1.01,1.61,0.07,0,0,0,0.29,-0.0170862,-0.0124250,-0.0095873,-0.0069642,-0.0124250,sell
2019-07-28,0,0.94,0.93,0.1,0,0,0,0.51, 0.0008874,-0.0034424, 0.0067735, 0.0057496, 0.0008874,buy
2019-07-29,0,0.3,0.55,0.12,0,0,0,0.96,-0.0187948,-0.0119886,-0.0155609,-0.0241429,-0.0166920,sell
2019-07-30,0,0.1,0.36,0.14,0,0,0,1.09,-0.0184625,-0.0153666,-0.0171410,-0.0212425,-0.0160204,sell
2019-07-31,0,0.03,0.3,0.14,0,0,0,0.88,-0.0302632,-0.0234570,-0.0336469,-0.0252786,-0.0310086,sell
2019-08-01,0,0,0.37,0.14,0,0,0,0.89,-0.0318852,-0.0241601,-0.0342636,-0.0272630,-0.0355148,sell
2019-08-02,0,0,0.53,0.14,0,0,0,0.98,-0.0272080,-0.0162831,-0.0236870,-0.0232002,-0.0253275,sell
2019-08-03,0,0,0.96,0.12,0,0,0,0.57, 0.0109120, 0.0037617, 0.0142835, 0.0046104, 0.0079321,buy
2019-08-04,0,0,1.53,0.09,0,0,0,0.26,-0.0126487,-0.0069024,-0.0133991,-0.0077101,-0.0113832,sell
2019-08-05,0,0,1.43,0.07,0,0,0,0.15,-0.0136434,-0.0146216,-0.0145724,-0.0017503,-0.0138535,sell
2019-08-06,0,0.03,1.38,0.04,0,0,0,0.08,-0.0066977,-0.0143665,-0.0153183, 0.0038944,-0.0104577,buy
2019-08-07,0,0.06,2.23,0,0,0,0,0.06,-0.0054806, 0.0077607,-0.0027222, 0.0081466, 0.0078767,buy
2019-08-08,0,0.12,2.83,0,0,0,0,0.04, 0.0005818, 0.0043661, 0.0008112, 0.0072435, 0.0043661,buy
2019-08-09,0,0.28,2.36,0,0,0,0,0.03,-0.0031110, 0.0026788, 0.0001178, 0.0055494, 0.0029440,buy
2019-08-10,0,0.67,1.18,0,0,0,0,0.04, 0.0166987,-0.0012766, 0.0166987, 0.0113650, 0.0166842,buy
2019-08-11,0,1.04,0.65,0,0,0,0,0.08, 0.0158504, 0.0157549, 0.0147489, 0.0138831, 0.0155226,buy
2019-08-12,0,0.64,0.88,0,0,0,0,0.13, 0.0112869, 0.0064190, 0.0084045, 0.0078326, 0.0110347,buy
2019-08-13,0,0.37,2.13,0,0,0,0,0.29, 0.0240980, 0.0205907, 0.0198578, 0.0001785, 0.0227291,buy
2019-08-14,0,0.39,2.86,0,0,0,0,0.65, 0.0105024, 0.0042032, 0.0197490, 0.0040765, 0.0195446,buy
2019-08-15,0,0.61,1.37,0,0,0,0,1.18,-0.0089405,-0.0106267,-0.0089405,-0.0054174, 0.0040660,sell
2019-08-16,0,1.12,0.52,0,0,0,0,1.35,-0.0098422,-0.0026638, 0.0018166,-0.0016228, 0.0025768,buy
2019-08-17,0,1.84,0.2,0,0,0,0,0.77,-0.0044895,-0.0044895,-0.0050787,-0.0097068,-0.0018282,sell
2019-08-18,0,1.75,0.05,0,0,0,0,0.27,-0.0138539,-0.0119477,-0.0119477,-0.0029600,-0.0091019,sell
2019-08-19,0,1.51,0.16,0,0,0,0,0.1, 0.0053266, 0.0068717, 0.0030503, 0.0081880, 0.0068717,buy
2019-08-20,0,2.47,0.84,0,0,0,0,0.03, 0.0132522, 0.0092741, 0.0092741, 0.0065813,-0.0181667,buy
2019-08-21,0,2.89,1.56,0,0,0,0,0.02, 0.0035951,-0.0033239,-0.0017239,-0.0008649,-0.0111088,buy
2019-08-22,0,2.6,0.6,0,0,0,0,0,-0.0108068,-0.0146924,-0.0146924,-0.0182960,-0.0251793,sell
2019-08-23,0,2.18,0.46,0,0,0,0,0,-0.0291428,-0.0294698,-0.0294698,-0.0318333,-0.0288711,sell
2019-08-24,0,1.46,1.41,0,0,0,0,0.03,-0.0168497,-0.0010588,-0.0164331,-0.0155822,-0.0162842,sell
2019-08-25,0,2.19,0.95,0,0,0,0,0.13,-0.0252138,-0.0183911,-0.0275268,-0.0252138,-0.0272685,sell
2019-08-26,0,3.02,0.16,0,0,0,0,0.48,-0.0040721, 0.0012391,-0.0042717,-0.0006448,-0.0032102,buy
2019-08-27,0,2.97,0,0,0,0,0,0.34,-0.0137499,-0.0147321,-0.0078615,-0.0076482,-0.0149877,sell
2019-08-28,0,4.17,0,0,0,0,0,0.07,-0.0034124,-0.0008160,-0.0095424,-0.0009653,-0.0035445,buy
2019-08-29,0,3.98,0,0,0,0,0,0,-0.0069016,-0.0031960,-0.0077418,-0.0036662,-0.0051905,sell
2019-08-30,0,1.89,0,0,0,0,0,0.02,-0.0052885,-0.0052885,-0.0088136,-0.0070373,-0.0023129,sell
2019-08-31,0,1.54,0,0,0,0,0,0.07,-0.0027056,-0.0018631, 0.0015598,-0.0113675,-0.0004821,buy
2019-09-01,0,1.9,0,0,0,0,0,0.19,-0.0064116,-0.0064116,-0.0091311,-0.0081043,-0.0032246,sell
2019-09-02,0,0.61,0,0,0,0,0,0.39, 0.0069980, 0.0047692, 0.0019959, 0.0042160, 0.0043037,buy
2019-09-03,0,0.08,0,0,0,0,0,0.29,-0.0018873,-0.0037747,-0.0044698,-0.0025337,-0.0069827,buy
2019-09-04,0,0.08,0,0,0,0,0,0.17, 0.0065470, 0.0063019, 0.0056817, 0.0056817,-0.0030805,buy
2019-09-05,0,0.25,0,0,0,0,0,0.34,-0.0032637,-0.0032637,-0.0036157,-0.0034438,-0.0040069,buy
2019-09-06,0,0.78,0,0,0,0,0,0.54, 0.0021575, 0.0065931,-0.0039296, 0.0006769,-0.0034668,buy
2019-09-07,0,1.74,0,0,0,0,0,0.41,-0.0102680,-0.0096838,-0.0077707,-0.0019740, 0.0015496,buy
2019-09-08,0,1.77,0,0,0,0,0,0.5,-0.0013784,-0.0003092, 0.0022220,-0.0037488, 0.0051621,buy
2019-09-09,0,1.92,0,0,0,0,0,0.42,-0.0121432,-0.0110915,-0.0110915,-0.0078667,-0.0020040,sell
2019-09-10,0,0.8,0,0,0,0,0,0.34, 0.0022249, 0.0016542, 0.0104189, 0.0096918, 0.0016542,buy
2019-09-11,0,0.32,0,0,0,0,0,0.39, 0.0064134, 0.0111158, 0.0100938, 0.0110471,-0.0042335,buy
2019-09-12,0,0.49,0,0,0,0,0,0.43, 0.0015818, 0.0017582, 0.0060657, 0.0060657,-0.0012017,buy
2019-09-13,0,1.19,0,0,0,0,0,0.31, 0.0071432,-0.0073754, 0.0076907,-0.0020166,-0.0053819,buy
2019-09-14,0,1.67,0,0,0,0,0,0.18,-0.0096526, 0.0005887,-0.0001406, 0.0019404, 0.0005887,buy
2019-09-15,0,0.98,0.08,0,0,0,0,0.11,-0.0048566,-0.0067732,-0.0068415,-0.0004319,-0.0068415,sell
2019-09-16,0,0.58,0.45,0,0,0,0,0.07, 0.0082778, 0.0046984, 0.0057432, 0.0035844,-0.0013823,buy
2019-09-17,0,0.56,1.7,0,0,0,0,0.04, 0.0034778, 0.0027837, 0.0024290, 0.0024290, 0.0027837,buy
2019-09-18,0,0.83,2.02,0,0,0,0,0.03,-0.0007424, 0.0043437, 0.0000527, 0.0056929, 0.0043437,buy
2019-09-19,0,1.48,1.67,0,0,0,0,0.02, 0.0050278,-0.0014695, 0.0066048, 0.0066048, 0.0011865,buy
2019-09-20,0,1.92,0.82,0,0,0,0,0.06,-0.0043096,-0.0122623,-0.0002592,-0.0125017,-0.0125440,sell
2019-09-21,0,2.28,0.24,0,0,0,0,0.26, 0.0034257, 0.0034257, 0.0129728, 0.0012319, 0.0017002,buy
2019-09-22,0,1.75,0.08,0,0,0,0.07,0.74,-0.0099355,-0.0103189,-0.0068208,-0.0130361,-0.0038276,sell
2019-09-23,0,1.11,0,0,0,0,0.25,0.55,-0.0165290,-0.0123608,-0.0057457,-0.0059322,-0.0060060,sell
2019-09-24,0,1.48,0,0,0,0,0.8,0.43,-0.0034014, 0.0069208,-0.0054857, 0.0031544,-0.0030346,buy
2019-09-25,0,1.09,0.08,0,0,0,0.73,0.9, 0.0057332, 0.0128373, 0.0134473, 0.0128373, 0.0118420,buy
2019-09-26,0,0.44,0.19,0,0,0,0.3,1.19,-0.0110994,-0.0082828,-0.0082828,-0.0101455,-0.0082828,sell
2019-09-27,0,0.21,0.48,0,0,0,0.35,0.82,-0.0153489,-0.0110890,-0.0217986,-0.0127050,-0.0210889,sell
2019-09-28,0,0.13,1.21,0,0,0,0.77,0.28, 0.0113203, 0.0065468, 0.0095106, 0.0052910, 0.0041812,buy
2019-09-29,0,0.15,1.55,0,0,0,0.79,0.23,-0.0012816,-0.0016798,-0.0022154,-0.0111247,-0.0022154,buy
2019-09-30,0,0.17,1.17,0,0,0,0.29,0.5, 0.0040449, 0.0082969, 0.0087664,-0.0020769, 0.0034687,buy
2019-10-01,0,0.24,1.33,0,0,0,0.11,0.63, 0.0102844, 0.0121545, 0.0170783, 0.0013670, 0.0073996,buy
2019-10-02,0,0.33,0.72,0,0,0,0.04,0.26,-0.0029276,-0.0007141,-0.0015556,-0.0000212,-0.0035555,buy
2019-10-03,0,0.51,0.26,0,0,0.01,0,0.11, 0.0060681,-0.0050116,-0.0052274,-0.0027451,-0.0083949,buy
2019-10-04,0,0.91,0.24,0.07,0,0.03,0,0.09, 0.0074923,-0.0012174, 0.0000301,-0.0009790,-0.0091299,buy
2019-10-05,0,1.58,0.66,0.25,0,0.08,0,0.15, 0.0207351, 0.0084313,-0.0004833, 0.0233484, 0.0274801,buy
2019-10-06,0,1.35,1.12,0.88,0,0.1,0,0.35,-0.0141666,-0.0125892,-0.0093277,-0.0128483,-0.0134427,sell
2019-10-07,0,0.88,0.62,1.26,0,0.04,0,0.72, 0.0011250, 0.0018519, 0.0003710,-0.0020024, 0.0051553,buy
2019-10-08,0,0.76,0.35,0.52,0,0.01,0.02,0.61, 0.0076738,-0.0053577, 0.0049679, 0.0115486,-0.0041686,buy
2019-10-09,0,0.8,0.39,0.19,0,0.01,0.05,0.26, 0.0037594,-0.0019269, 0.0001234,-0.0002464,-0.0011355,buy
2019-10-10,0,0.9,0.62,0.19,0,0.02,0.1,0.14, 0.0014650, 0.0050299, 0.0077742, 0.0050299, 0.0076760,buy
2019-10-11,0,1.06,1.14,0.42,0,0.05,0.33,0.13, 0.0068549, 0.0127976, 0.0142450, 0.0127976, 0.0045354,buy
2019-10-12,0,1.27,1.44,1.28,0,0.1,0.81,0.21,-0.0061794,-0.0051700,-0.0109871,-0.0058603,-0.0027848,sell
2019-10-13,0,1.53,0.96,1.17,0,0.07,1.82,0.47, 0.0053797, 0.0133252, 0.0097545, 0.0091039, 0.0076355,buy
2019-10-14,0,1.6,0.52,0.37,0,0.03,2.1,0.63, 0.0052038, 0.0043772,-0.0043097, 0.0142337, 0.0003654,buy
2019-10-15,0,1.45,0.32,0.12,0,0.01,1.02,0.35,-0.0020382, 0.0043204,-0.0007069, 0.0069019,-0.0007069,buy
2019-10-16,0,1.29,0.27,0.04,0,0,0.49,0.15, 0.0008844, 0.0060947, 0.0006406, 0.0064040, 0.0066025,buy
2019-10-17,0,1.23,0.42,0,0,0,0.47,0.06,-0.0033549,-0.0021587,-0.0041250, 0.0039825,-0.0019065,buy
2019-10-18,0,1.37,1.01,0,0,0,0.83,0.03,-0.0006635, 0.0008817,-0.0006635,-0.0009497,-0.0110656,buy
2019-10-19,0,1.85,1.06,0,0,0,2.01,0, 0.0097992, 0.0011987, 0.0028809,-0.0048523,-0.0061665,buy
2019-10-20,0,1.73,0.4,0.05,0,0,2.64,0.02, 0.0057744, 0.0100691, 0.0097610,-0.0068867, 0.0029725,buy
2019-10-21,0,1.01,0.14,0.14,0,0,1.43,0.04,-0.0012061,-0.0020479, 0.0010657, 0.0007767,-0.0000811,buy
2019-10-22,0,0.63,0.05,0.35,0,0.01,0.64,0.06,-0.0170680,-0.0177604,-0.0178735,-0.0173165,-0.0176211,sell
2019-10-23,0,0.43,0,0.87,0,0.01,0.48,0.11,-0.0015076,-0.0015076, 0.0025313, 0.0004565, 0.0023518,buy
2019-10-24,0,0.31,0,1.01,0,0.01,0.83,0.18,-0.0086340,-0.0095950,-0.0063800,-0.0047061,-0.0051351,sell
2019-10-25,0,0.21,0,0.68,0,0.01,1.27,0.3, 0.0140163, 0.0025405, 0.0083533, 0.0127771, 0.0083533,buy
2019-10-26,0,0.17,0,0.91,0,0.02,0.67,0.51, 0.0024692,-0.0096859, 0.0024692,-0.0013382,-0.0001054,buy
2019-10-27,0,0.14,0,1.95,0,0.02,0.22,0.71,-0.0006941, 0.0030806,-0.0076296,-0.0075227,-0.0003369,buy
2019-10-28,0,0.11,0,1.97,0,0.03,0.07,0.58,-0.0028442, 0.0005111,-0.0096390,-0.0063018,-0.0019072,sell
2019-10-29,0,0.09,0,0.9,0,0.04,0,0.35,-0.0211258,-0.0214431,-0.0210505,-0.0162716,-0.0219878,sell
2019-10-30,0,0.08,0,0.33,0,0.08,0,0.23,-0.0117804,-0.0055220, 0.0020681,-0.0077836,-0.0113281,sell
2019-10-31,0,0.06,0,0.11,0,0.16,0,0.17,-0.0177380, 0.0067058,-0.0260374,-0.0193620,-0.0188588,sell
2019-11-01,0,0.05,0.04,0.04,0,0.25,0,0.16, 0.0127118, 0.0059977,-0.0070473, 0.0075411, 0.0169483,buy
2019-11-02,0,0,0.19,0,0,0.25,0,0.2, 0.0130162, 0.0108291,-0.0006508, 0.0078535, 0.0186726,buy
2019-11-03,0,0,0.51,0,0,0.15,0.02,0.31,-0.0058197,-0.0024559,-0.0041414,-0.0003799,-0.0058197,sell
2019-11-04,0,0,1.41,0,0,0.11,0.09,0.49, 0.0038624,-0.0003783, 0.0001954,-0.0001394,-0.0005449,buy
2019-11-05,0,0,2.43,0,0,0.15,0.2,0.63, 0.0067799, 0.0105478, 0.0117735, 0.0038272, 0.0082966,buy
2019-11-06,0,0,1.7,0.04,0,0.25,0.47,0.46,-0.0091824,-0.0084576,-0.0071266,-0.0136237,-0.0083736,sell
2019-11-07,0,0,0.7,0.08,0,0.25,1.01,0.26, 0.0014799, 0.0053417, 0.0059630, 0.0059630, 0.0067572,buy
2019-11-08,0,0,0.29,0.18,0,0.17,1.96,0.15,-0.0058128,-0.0036360,-0.0033368,-0.0093539, 0.0001620,sell
2019-11-09,0,0,0.1,0.51,0,0.09,2.54,0.08,-0.0003822, 0.0046588, 0.0038633, 0.0117323, 0.0039058,buy
2019-11-10,0,0,0.04,1.13,0,0.05,2.32,0.05,-0.0032347,-0.0063994,-0.0023542, 0.0001500, 0.0067525,buy
2019-11-11,0,0,0,1.37,0,0.03,1.68,0.03,-0.0089795,-0.0014237,-0.0009812, 0.0018497, 0.0083051,buy
2019-11-12,0,0,0,1.26,0,0.02,2.33,0,-0.0044176,-0.0006736, 0.0018416, 0.0010632, 0.0074005,buy
2019-11-13,0,0.05,0,0.59,0,0.01,3.5,0,-0.0003769, 0.0052442, 0.0082024, 0.0081523, 0.0082024,buy
2019-11-14,0,0.15,0.1,0.2,0,0.01,2.43,0,-0.0017413,-0.0051287,-0.0051287,-0.0051287,-0.0017413,buy
2019-11-15,0,0.48,0.37,0.05,0,0.01,1.07,0, 0.0118877, 0.0127366, 0.0091989, 0.0010508, 0.0091989,buy
2019-11-16,0,1.5,1.05,0,0,0.03,0.52,0, 0.0058447, 0.0053567, 0.0066709, 0.0076683,-0.0015714,buy
2019-11-17,0,1.59,0.79,0,0,0.06,0.27,0,-0.0077102,-0.0085704,-0.0016705, 0.0033795, 0.0017023,buy
2019-11-18,0,0.52,0.21,0.04,0,0.1,0.1,0, 0.0099857, 0.0197278, 0.0036466, 0.0043380, 0.0258909,buy
2019-11-19,0,0.17,0.05,0.07,0,0.09,0.07,0,-0.0069444, 0.0004122,-0.0036167,-0.0057641,-0.0019725,sell
2019-11-20,0,0.05,0,0.13,0,0.07,0.04,0,-0.0170765,-0.0159718,-0.0153073,-0.0180674,-0.0148796,sell
2019-11-21,0,0,0,0.24,0,0.07,0.03,0,-0.0142339,-0.0058817,-0.0110473,-0.0102393,-0.0054233,sell
2019-11-22,0,0,0.08,0.44,0,0.09,0,0, 0.0033381, 0.0032634, 0.0123213, 0.0041076, 0.0041076,buy
2019-11-23,0,0,0.2,0.81,0,0.16,0,0,-0.0103060,-0.0051049,-0.0102336,-0.0117772,-0.0054978,sell
2019-11-24,0,0.1,0.5,1.31,0,0.28,0,0,-0.0058449,-0.0020823,-0.0000690,-0.0069470,-0.0051538,sell
2019-11-25,0,0.36,1.28,1.16,0,0.3,0.05,0, 0.0066288,-0.0015835, 0.0102491, 0.0026572, 0.0028877,buy
2019-11-26,0,1.2,1.44,0.83,0,0.2,0.14,0, 0.0006102,-0.0031288,-0.0030689, 0.0192956,-0.0031855,buy
2019-11-27,0,1.01,0.61,1.03,0,0.15,0.26,0,-0.0115688,-0.0115688,-0.0168919, 0.0000107,-0.0167744,sell
2019-11-28,0,0.27,0.24,1.11,0,0.2,0.56,0,-0.0298536,-0.0109225,-0.0304374,-0.0019252,-0.0165329,sell
2019-11-29,0,0.08,0.09,0.51,0,0.17,1.3,0,-0.0021398,-0.0044563,-0.0116790,-0.0048457,-0.0044563,sell
2019-11-30,0,0,0,0.18,0,0.07,1.82,0,-0.0081847,-0.0158951,-0.0081847,-0.0121814,-0.0135051,sell
2019-12-01,0,0,0,0.04,0,0.03,1.5,0,-0.0042244, 0.0080934,-0.0042244,-0.0088678,-0.0088678,sell
2019-12-02,0,0,0,0,0,0.01,2,0,-0.0014096,-0.0004899,-0.0035736,-0.0019723,-0.0051163,buy
2019-12-03,0,0,0.07,0,0,0,2.47,0,-0.0020208,-0.0054083,-0.0054083,-0.0054083,-0.0020208,sell
2019-12-04,0,0,0.2,0,0,0,1.47,0,-0.0145418, 0.0072042,-0.0138379,-0.0144055,-0.0144552,sell
2019-12-05,0,0,0.57,0.05,0,0,0.73,0, 0.0028181,-0.0074701, 0.0095441, 0.0106899,-0.0011916,buy
2019-12-06,0,0.06,1.06,0.11,0,0,0.39,0, 0.0042091,-0.0036974, 0.0009701,-0.0032234,-0.0102999,buy
2019-12-07,0,0.16,0.69,0.24,0,0,0.2,0,-0.0202129,-0.0203694,-0.0226511,-0.0157688,-0.0225993,sell
2019-12-08,0,0.4,0.29,0.49,0,0,0.12,0, 0.0060923,-0.0077722, 0.0107804, 0.0083617,-0.0000063,buy
2019-12-09,0,1.02,0.27,0.96,0,0.03,0.07,0,-0.0129568,-0.0142940,-0.0134869,-0.0096789,-0.0140953,sell
2019-12-10,0,1.59,0.71,0.89,0,0.06,0.04,0,-0.0146010,-0.0118053,-0.0140670,-0.0092314,-0.0115693,sell
2019-12-11,0,0.95,1.43,0.43,0,0.16,0,0, 0.0059018, 0.0010994,-0.0048845, 0.0067171, 0.0029248,buy
2019-12-12,0,0.38,0.74,0.21,0,0.25,0.06,0, 0.0102954, 0.0159167, 0.0108938, 0.0149798, 0.0153190,buy
2019-12-13,0,0.15,0.19,0.1,0,0.25,0.1,0, 0.0065663, 0.0141507, 0.0132853, 0.0126659, 0.0137912,buy
2019-12-14,0,0.06,0.05,0.05,0,0.25,0.16,0, 0.0298487, 0.0093829, 0.0187283, 0.0183426,-0.0010634,buy
2019-12-15,0,0,0.07,0,0,0.15,0.26,0, 0.0093764, 0.0090161, 0.0147338, 0.0093764, 0.0088289,buy
2019-12-16,0,0.08,0.27,0,0,0.13,0.48,0, 0.0008573, 0.0008573, 0.0031619, 0.0008573, 0.0010907,buy
2019-12-17,0,0.21,1.08,0,0,0.11,0.78,0, 0.0049459,-0.0040809,-0.0041236,-0.0046262,-0.0012190,buy
2019-12-18,0,0.64,0.96,0,0,0.07,1.3,0, 0.0042750, 0.0049303, 0.0049303, 0.0043319, 0.0049303,buy
2019-12-19,0,1.44,0.23,0,0,0.05,1.72,0.04, 0.0084695, 0.0072520, 0.0018332, 0.0084695, 0.0099316,buy
2019-12-20,0,1.85,0.05,0,0,0.04,1.57,0.11,-0.0079130,-0.0082829,-0.0090790,-0.0079130,-0.0075209,sell
2019-12-21,0,1.93,0,0,0,0.03,1.55,0.33,-0.0040019,-0.0027558,-0.0040019, 0.0000309,-0.0090834,buy
2019-12-22,0,0.76,0,0,0,0.01,1.67,0.63, 0.0043678, 0.0037564, 0.0022713,-0.0018575, 0.0046176,buy
2019-12-23,0,0.21,0,0,0,0.01,1.26,0.4, 0.0051065, 0.0031313,-0.0005885, 0.0073168, 0.0051415,buy
2019-12-24,0,0.04,0,0,0,0.01,0.73,0.13,-0.0021160,-0.0010407,-0.0018928,-0.0004083,-0.0036059,buy
2019-12-25,0,0.17,0,0,0,0,0.42,0.04,-0.0032062,-0.0001109,-0.0046725,-0.0039121, 0.0006460,buy
2019-12-26,0,0.68,0,0,0,0,0.24,0.01, 0.0065843, 0.0021256,-0.0063992, 0.0021877,-0.0156468,buy
2019-12-27,0,1.17,0,0,0,0,0.1,0.04,-0.0127045,-0.0123735,-0.0085835,-0.0126784,-0.0114548,sell
2019-12-28,0,0.49,0,0,0,0,0.06,0.14, 0.0024249, 0.0103848, 0.0105998,-0.0147970, 0.0077226,buy
2019-12-29,0,0.12,0,0,0,0,0,0.41, 0.0027291, 0.0027291,-0.0052141, 0.0027291,-0.0013254,buy
2019-12-30,0,0,0,0,0,0.01,0,0.47,-0.0121737,-0.0121737,-0.0123735,-0.0121737,-0.0127337,sell
2019-12-31,0,0,0,0,0,0.01,0,0.18, 0.0150808,-0.0030806, 0.0153139, 0.0108790, 0.0036270,buy
2020-01-01,0,0,0.06,0,0,0.01,0,0.06, 0.0080076,-0.0019296, 0.0129588, 0.0021007,-0.0007065,buy
2020-01-02,0,0,0.1,0,0,0.01,0,0.02, 0.0148603, 0.0107617, 0.0073491, 0.0107617, 0.0096361,buy
2020-01-03,0,0,0.19,0,0,0.02,0,0, 0.0197191, 0.0130595, 0.0172593, 0.0124556, 0.0028212,buy
2020-01-04,0,0,0.34,0,0,0.03,0,0,-0.0032612,-0.0064168,-0.0025042,-0.0104524,-0.0031595,buy
2020-01-05,0,0,0.62,0,0,0.04,0,0,-0.0247359,-0.0247359,-0.0074186,-0.0213814,-0.0103545,sell
2020-01-06,0,0,1.14,0,0,0.08,0,0, 0.0046561, 0.0053131, 0.0049709,-0.0052023, 0.0053131,buy
2020-01-07,0,0,1.43,0,0,0.14,0,0, 0.0051776, 0.0003615,-0.0077084, 0.0014096, 0.0041691,buy
2020-01-08,0,0,0.96,0,0,0.22,0,0, 0.0074094, 0.0091200, 0.0055955, 0.0056138,-0.0043709,buy
2020-01-09,0,0,0.53,0,0,0.26,0,0, 0.0069368, 0.0112683, 0.0008448,-0.0072774,-0.0055502,buy
2020-01-10,0,0,0.29,0,0,0.34,0,0,-0.0064047,-0.0071821,-0.0078248,-0.0047332,-0.0055507,sell
2020-01-11,0,0,0.16,0,0,0.31,0,0,-0.0091139, 0.0100357,-0.0072675,-0.0074196, 0.0020971,buy
2020-01-12,0,0,0.09,0,0,0.25,0.05,0, 0.0054770,-0.0025405, 0.0038967, 0.0054770, 0.0048800,buy
2020-01-13,0,0,0.05,0,0,0.27,0.15,0, 0.0054770,-0.0018680, 0.0038967, 0.0054770, 0.0048800,buy
2020-01-14,0,0,0,0,0,0.36,0.43,0,-0.0107294, 0.0081041,-0.0066159,-0.0084316,-0.0026626,buy
2020-01-15,0,0,0,0,0,0.38,1.27,0, 0.0038574,-0.0036314, 0.0016549, 0.0047040, 0.0069057,buy
2020-01-16,0,0,0,0,0,0.25,1.24,0.08,-0.0010072, 0.0010656, 0.0048169,-0.0015845, 0.0000584,buy
2020-01-17,0,0,0.05,0,0,0.17,0.42,0.35, 0.0038019, 0.0073628,-0.0044811, 0.0038670, 0.0008964,buy
2020-01-18,0,0,0.08,0,0,0.15,0.14,0.62, 0.0145188, 0.0110395, 0.0124588, 0.0146716, 0.0146716,buy
2020-01-19,0,0,0.12,0,0,0.22,0.08,0.29, 0.0086622, 0.0066667, 0.0028448, 0.0002777, 0.0104571,buy
2020-01-20,0,0,0.2,0,0,0.37,0.08,0.16, 0.0076901, 0.0082179, 0.0067172, 0.0078628, 0.0062260,buy
2020-01-21,0,0,0.32,0,0,0.3,0.24,0.24, 0.0130873, 0.0171729, 0.0104855, 0.0060745, 0.0131237,buy
2020-01-22,0,0,0.52,0,0,0.11,0.65,0.58, 0.0087840, 0.0035463, 0.0087840, 0.0056104, 0.0084753,buy
2020-01-23,0,0.05,0.83,0,0,0.04,1.22,0.84, 0.0052790, 0.0088074, 0.0083900, 0.0105455, 0.0082508,buy
2020-01-24,0,0.1,1.08,0,0,0.01,1.63,0.89, 0.0055150, 0.0099308, 0.0099308, 0.0087194, 0.0098729,buy
2020-01-25,0,0.18,0.87,0,0,0.01,2.28,0.96, 0.0067094, 0.0048081, 0.0093691, 0.0090885, 0.0070927,buy
2020-01-26,0,0.32,0.55,0,0,0.03,1.63,0.75,-0.0006134,-0.0006134,-0.0018335,-0.0004114,-0.0005469,buy
2020-01-27,0,0.58,0.35,0,0,0.09,0.65,0.62,-0.0090872,-0.0088117,-0.0076917,-0.0077411, 0.0025745,sell
2020-01-28,0,1.05,0.22,0,0,0.16,0.25,0.37,-0.0017999,-0.0045155,-0.0161630,-0.0025681,-0.0029758,buy
2020-01-29,0,1.6,0.14,0,0,0.1,0.14,0.23, 0.0030549,-0.0013784,-0.0098875, 0.0072383,-0.0091930,buy
2020-01-30,0,1.32,0.09,0,0,0.03,0.12,0.15, 0.0162135, 0.0116746, 0.0159167, 0.0157726, 0.0159167,buy
2020-01-31,0,0.72,0.06,0,0,0.02,0.41,0.09,-0.0126996,-0.0108649, 0.0049414,-0.0121795,-0.0136328,sell
2020-02-01,0,0.4,0.04,0,0,0.03,1.12,0.08, 0.0097889, 0.0128645, 0.0092544, 0.0133184, 0.0128645,buy
2020-02-02,0,0.22,0,0,0,0.1,1.89,0.09,-0.0200575,-0.0169006,-0.0129107,-0.0152103,-0.0161803,sell
2020-02-03,0,0.12,0,0,0,0.09,2.25,0.12, 0.0116426, 0.0191949, 0.0190191, 0.0195486, 0.0199923,buy
2020-02-04,0,0.07,0,0,0,0.03,2.26,0.21, 0.0109603, 0.0060636, 0.0064177, 0.0060636, 0.0162261,buy
2020-02-05,0,0,0,0,0,0.01,1.86,0.42,-0.0044651,-0.0019905,-0.0075920,-0.0044651,-0.0044651,sell
2020-02-06,0,0,0,0,0,0.02,0.8,0.48, 0.0085756, 0.0085756, 0.0093440, 0.0084163, 0.0111071,buy
2020-02-07,0,0,0,0,0,0.04,0.26,0.26, 0.0008768,-0.0063464, 0.0030448, 0.0004232, 0.0002537,buy
2020-02-08,0,0,0,0,0,0.12,0.06,0.13,-0.0106351,-0.0028913,-0.0017434,-0.0051417,-0.0065906,sell
2020-02-09,0,0,0,0,0,0.28,0,0.07, 0.0060804, 0.0079953, 0.0046411, 0.0054230, 0.0069709,buy
2020-02-10,0,0,0,0,0,0.31,0,0.03, 0.0058643, 0.0053448, 0.0045865, 0.0045865, 0.0056515,buy
2020-02-11,0,0,0,0,0,0.23,0,0.02, 0.0105230,-0.0018099,-0.0026179,-0.0009456, 0.0106770,buy
2020-02-12,0,0,0,0,0,0.25,0.03,0, 0.0065709,-0.0057977, 0.0011056, 0.0021977, 0.0065709,buy
2020-02-13,0,0,0,0,0,0.19,0.05,0, 0.0043898, 0.0028591, 0.0042952, 0.0001429, 0.0007957,buy
2020-02-14,0,0,0,0,0,0.14,0.06,0, 0.0028954, 0.0103696, 0.0053189, 0.0028954, 0.0018799,buy
2020-02-15,0,0,0,0,0,0.1,0.08,0, 0.0037889, 0.0023503, 0.0039597, 0.0022016, 0.0040087,buy
2020-02-16,0,0,0,0,0,0.08,0.11,0, 0.0014367,-0.0072374,-0.0053450,-0.0076894,-0.0006526,sell
2020-02-17,0,0.04,0,0,0,0.09,0.15,0, 0.0028357, 0.0038386, 0.0009665, 0.0009443, 0.0036934,buy
2020-02-18,0,0.06,0,0,0,0.14,0.25,0, 0.0060133, 0.0105275, 0.0056645, 0.0060133, 0.0060981,buy
2020-02-19,0,0.09,0,0,0,0.22,0.39,0.02,-0.0035501,-0.0119521,-0.0099295,-0.0095739,-0.0263779,sell
2020-02-20,0,0.13,0,0,0,0.26,0.66,0.04, 0.0024347,-0.0123292,-0.0102098,-0.0094229,-0.0129739,sell
2020-02-21,0,0.19,0,0,0,0.23,1.2,0.09,-0.0158868,-0.0171989,-0.0183184,-0.0094837,-0.0210433,sell
2020-02-22,0,0.27,0,0,0,0.24,1.89,0.21,-0.0077194,-0.0138235,-0.0183870,-0.0149354,-0.0146114,sell
2020-02-23,0,0.39,0,0,0,0.26,1.74,0.4, 0.0146937,-0.0066000,-0.0083056,-0.0083056,-0.0073212,sell
2020-02-24,0,0.55,0,0,0,0.23,1.61,0.31,-0.0005849,-0.0219383,-0.0318659,-0.0318659,-0.0308508,sell
2020-02-25,0,0.78,0,0,0,0.14,2.05,0.18,-0.0114186,-0.0174402,-0.0131392,-0.0309497,-0.0169987,sell
2020-02-26,0,1.11,0,0,0,0.15,2.2,0.15,-0.0106090, 0.0016389, 0.0055151,-0.0265047, 0.0022400,sell
2020-02-27,0,1.19,0,0,0,0.21,1.41,0.28, 0.0115168,-0.0117042,-0.0246985,-0.0216208,-0.0257145,sell
2020-02-28,0,0.9,0,0,0,0.31,1.65,0.65, 0.0106637, 0.0026808, 0.0006050, 0.0006050, 0.0025898,buy
2020-02-29,0,0.64,0,0,0,0.21,1.65,0.65, 0.0067214,-0.0012864,-0.0044529,-0.0045034,-0.0017026,buy
2020-03-01,0,0.46,0,0,0,0.15,0.86,0.38, 0.0049765,-0.0109763,-0.0101045,-0.0089466,-0.0117890,sell
2020-03-02,0,0.33,0,0,0,0.19,0.47,0.45, 0.0185058, 0.0157768, 0.0158394, 0.0182202, 0.0156029,buy
2020-03-03,0,0.23,0,0,0,0.24,0.31,0.74,-0.0127663,-0.0104437,-0.0168790,-0.0104007, 0.0179334,sell
2020-03-04,0,0.17,0,0,0,0.19,0.34,0.55, 0.0148381, 0.0157250, 0.0095179, 0.0171270, 0.0167092,buy
2020-03-05,0,0.12,0,0,0,0.16,0.23,0.22,-0.0083282, 0.0075134,-0.0169097,-0.0088271,-0.0104911,sell
2020-03-06,0,0.09,0,0,0,0.2,0.13,0.11, 0.0051594, 0.0115064, 0.0088137, 0.0052918,-0.0087008,buy
2020-03-07,0,0.06,0,0,0,0.26,0.12,0.07, 0.0076391, 0.0041261, 0.0001891, 0.0047939,-0.0000631,buy
2020-03-08,0,0.04,0,0,0,0.27,0.16,0.05, 0.0165301, 0.0047355, 0.0117671, 0.0174459, 0.0134885,buy
2020-03-09,0,0,0,0,0,0.23,0.25,0.07, 0.0268038, 0.0086854, 0.0232818, 0.0133907, 0.0066471,buy
2020-03-10,0,0,0,0,0,0.14,0.58,0.1, 0.0056742, 0.0232516, 0.0308484, 0.0264308, 0.0257270,buy
2020-03-11,0,0,0,0,0,0.08,0.91,0.12,-0.0226899,-0.0242174,-0.0198225,-0.0215768,-0.0123180,sell
2020-03-12,0,0,0,0,0,0.06,0.84,0.13,-0.0100103,-0.0139660,-0.0077505,-0.0089498,-0.0082273,sell
2020-03-13,0,0,0,0,0,0.04,0.98,0.13, 0.0044419,-0.0025897,-0.0030759, 0.0066620, 0.0066620,buy
2020-03-14,0,0,0,0,0,0.03,1.48,0.13, 0.0222153, 0.0237483, 0.0267850, 0.0066829, 0.0225115,buy
2020-03-15,0,0,0,0,0,0.03,1.21,0.12, 0.0286604, 0.0252461, 0.0266890, 0.0265034, 0.0224080,buy
2020-03-16,0,0,0,0,0,0.03,0.77,0.11, 0.0135569,-0.0072671,-0.0021017, 0.0097655, 0.0033933,buy
2020-03-17,0,0,0,0,0,0.03,0.88,0.09,-0.0069772,-0.0166870,-0.0095606,-0.0069772, 0.0001734,sell
2020-03-18,0,0,0,0,0,0.03,1.48,0.07, 0.0110446, 0.0082016, 0.0073650, 0.0113154, 0.0128937,buy
2020-03-19,0,0,0,0,0,0.03,2.55,0.05,-0.0048311, 0.0101152, 0.0101152, 0.0122117, 0.0027987,buy
2020-03-20,0,0,0,0,0,0.03,2.57,0.04, 0.0049860, 0.0198348, 0.0184775, 0.0176068, 0.0142989,buy
2020-03-21,0,0,0,0,0,0.03,1.86,0.02, 0.0145717, 0.0212174, 0.0198305, 0.0121800, 0.0187111,buy
2020-03-22,0,0,0,0,0,0.04,1.79,0.02, 0.0028143, 0.0077741, 0.0164304, 0.0031349, 0.0048530,buy
2020-03-23,0,0,0,0,0,0.04,1.16,0,-0.0163234,-0.0168959, 0.0179246,-0.0171058,-0.0166205,sell
2020-03-24,0,0,0,0,0,0.06,0.52,0, 0.0214230, 0.0152981, 0.0208404, 0.0041681,-0.0020130,buy
2020-03-25,0,0,0,0,0,0.13,0.21,0, 0.0319216, 0.0224882, 0.0209193, 0.0237201, 0.0193239,buy
2020-03-26,0,0,0,0,0,0.23,0.07,0, 0.0241568, 0.0075179, 0.0099193,-0.0001749,-0.0071606,buy
2020-03-27,0,0,0,0,0,0.27,0,0, 0.0132077,-0.0044663,-0.0049760, 0.0046039,-0.0125421,buy
2020-03-28,0,0,0,0,0,0.19,0,0, 0.0360123, 0.0228515, 0.0290137, 0.0224010, 0.0187550,buy
2020-03-29,0,0,0,0,0,0.11,0,0,-0.0042781, 0.0002969,-0.0007361,-0.0045050, 0.0079299,buy
2020-03-30,0,0,0,0,0,0.13,0,0, 0.0112022, 0.0075810, 0.0042413,-0.0010944, 0.0171426,buy
2020-03-31,0,0,0,0,0,0.23,0,0, 0.0077212, 0.0230022, 0.0178333, 0.0178836, 0.0182596,buy
2020-04-01,0,0,0,0,0,0.36,0,0.02,-0.0139098, 0.0077840,-0.0099507,-0.0118253,-0.0030565,buy
2020-04-02,0,0,0,0,0,0.26,0,0.04, 0.0081945, 0.0167546, 0.0149135, 0.0165836, 0.0152515,buy
2020-04-03,0,0,0,0,0,0.2,0,0.07, 0.0031115, 0.0007151, 0.0053139, 0.0030412, 0.0032023,buy
2020-04-04,0,0,0,0,0,0.25,0,0.13, 0.0087413, 0.0062075, 0.0060764, 0.0104093, 0.0091087,buy
2020-04-05,0,0,0,0,0,0.18,0.16,0.23,-0.0073081,-0.0108462,-0.0071175,-0.0075337,-0.0059118,sell
2020-04-06,0,0,0,0,0,0.1,0.57,0.4,-0.0096898, 0.0083973, 0.0161582,-0.0046394, 0.0126826,buy
2020-04-07,0,0,0,0,0,0.08,1.94,0.64,-0.0079882,-0.0099493,-0.0079882,-0.0094934,-0.0079882,sell
2020-04-08,0,0,0,0,0,0.07,1.9,0.57,-0.0051408,-0.0028577,-0.0036734,-0.0051683,-0.0043252,sell
2020-04-09,0,0,0,0,0,0.08,0.64,0.32,-0.0080397, 0.0041548, 0.0208415, 0.0023130, 0.0023916,buy
2020-04-10,0,0.06,0,0,0,0.09,0.49,0.22,-0.0046355, 0.0018673, 0.0151744, 0.0039887,-0.0013871,buy
2020-04-11,0,0.16,0,0,0,0.12,1.36,0.2,-0.0162354,-0.0081274,-0.0174771,-0.0304608,-0.0248320,sell
2020-04-12,0,0.32,0,0,0,0.16,1.44,0.29,-0.0041581,-0.0032404,-0.0049955,-0.0109445,-0.0084666,sell
2020-04-13,0,0.62,0,0,0,0.15,0.36,0.56, 0.0231634, 0.0218961, 0.0230598, 0.0209219, 0.0227153,buy
2020-04-14,0,1.21,0,0,0,0.1,0.16,0.93, 0.0231558, 0.0175333, 0.0205258, 0.0223902, 0.0118150,buy
2020-04-15,0,2.06,0,0,0,0.06,0.25,0.8, 0.0147436, 0.0160732, 0.0162607, 0.0202074, 0.0145006,buy
2020-04-16,0,2.18,0,0,0,0.05,0.77,0.43,-0.0165839,-0.0152147,-0.0170158,-0.0143189, 0.0001136,sell
2020-04-17,0,1.69,0,0,0,0.04,1.42,0.23,-0.0155106,-0.0148601,-0.0174909,-0.0174909,-0.0070482,sell
2020-04-18,0,1.03,0,0,0,0.02,1.52,0.18, 0.0125077, 0.0075302, 0.0037940, 0.0046184, 0.0012784,buy
2020-04-19,0,0.65,0,0,0,0.02,1.32,0.26,-0.0071586,-0.0092102, 0.0002756,-0.0053952,-0.0075011,sell
2020-04-20,0,0.46,0,0,0,0.01,0.56,0.54,-0.0103598, 0.0060004,-0.0114275,-0.0004467,-0.0044108,sell
2020-04-21,0,0.41,0,0,0,0.01,0.19,0.72,-0.0253436,-0.0252019,-0.0228596,-0.0229146,-0.0257173,sell
2020-04-22,0,0.45,0,0,0,0,0.06,0.4,-0.0014869, 0.0101097,-0.0034911, 0.0094340,-0.0053479,buy
2020-04-23,0,0.67,0,0,0,0,0,0.23,-0.0060998, 0.0144094, 0.0092289, 0.0041754, 0.0042554,buy
2020-04-24,0,1.05,0,0,0,0,0,0.46,-0.0167287,-0.0024399,-0.0060426,-0.0003597,-0.0194314,sell
2020-04-25,0,1.63,0,0,0,0.01,0,0.92, 0.0115932, 0.0125609, 0.0129851, 0.0201818, 0.0084523,buy
2020-04-26,0,1.78,0,0,0,0.06,0,0.61, 0.0221273, 0.0214558, 0.0193666, 0.0215143, 0.0158604,buy
2020-04-27,0,1.23,0,0,0,0.12,0,0.31, 0.0114335,-0.0020325,-0.0005174,-0.0001229, 0.0038805,buy
2020-04-28,0,0.79,0,0,0,0.08,0,0.71,-0.0135937,-0.0163080,-0.0134902,-0.0006572,-0.0149795,sell
2020-04-29,0,0.53,0,0,0,0.04,0,0.44, 0.0006207, 0.0112523,-0.0063962, 0.0108466, 0.0052569,buy
2020-04-30,0,0.36,0,0,0,0.02,0,0.07, 0.0122069, 0.0141677, 0.0057866, 0.0122069, 0.0122069,buy
2020-05-01,0,0.24,0,0,0,0.02,0,0, 0.0146147,-0.0029566, 0.0146147, 0.0146147, 0.0137985,buy
2020-05-02,0,0.17,0,0,0,0.03,0,0, 0.0224323, 0.0204093, 0.0129788, 0.0204093, 0.0125939,buy
2020-05-03,0,0.12,0,0,0,0.03,0,0, 0.0235313, 0.0139324, 0.0196416, 0.0138195, 0.0010366,buy
2020-05-04,0,0.09,0,0,0,0.04,0,0, 0.0195767, 0.0169956, 0.0068015, 0.0182261, 0.0170895,buy
2020-05-05,0,0.07,0,0,0,0.05,0,0, 0.0218195, 0.0195928, 0.0156134, 0.0195928, 0.0165382,buy
2020-05-06,0,0.06,0.05,0,0,0.06,0,0, 0.0186955, 0.0110828, 0.0101813, 0.0056311, 0.0038379,buy
2020-05-07,0,0,0.06,0,0,0.07,0,0, 0.0101891, 0.0064293, 0.0076230, 0.0064432, 0.0034222,buy
2020-05-08,0,0,0.07,0,0,0.08,0,0.03, 0.0097362, 0.0088863, 0.0081232, 0.0086014, 0.0045305,buy
2020-05-09,0,0,0.08,0,0,0.08,0,0.1,-0.0039588,-0.0066390, 0.0078283,-0.0042967,-0.0028136,buy
2020-05-10,0,0,0.08,0,0,0.09,0,0.35,-0.0091740,-0.0116440,-0.0054724,-0.0091740,-0.0091740,sell
2020-05-11,0,0,0.09,0,0,0.09,0,0.55, 0.0076169,-0.0069261, 0.0066333, 0.0061340, 0.0061340,buy
2020-05-12,0,0,0.09,0,0,0.09,0,0.23,-0.0172972,-0.0187184,-0.0136057,-0.0169003,-0.0128998,sell
2020-05-13,0,0,0.09,0,0,0.09,0,0.07,-0.0090280, 0.0019606,-0.0152530, 0.0053613,-0.0147904,sell
2020-05-14,0,0.07,0.09,0,0,0.08,0,0.02, 0.0065724, 0.0096280, 0.0092102, 0.0075178, 0.0061621,buy
2020-05-15,0,0.42,0.09,0,0,0.07,0,0, 0.0153596, 0.0165058, 0.0114352, 0.0154672, 0.0134779,buy
2020-05-16,0,1.77,0.08,0,0,0.06,0,0,-0.0151775,-0.0096142,-0.0051414,-0.0179003,-0.0018598,sell
2020-05-17,0,2,0.07,0,0,0.06,0,0,-0.0083029,-0.0076514,-0.0079925,-0.0071011,-0.0042454,sell
2020-05-18,0,1.24,0.06,0,0,0.05,0.04,0, 0.0194514, 0.0127856, 0.0165432, 0.0173738, 0.0072184,buy
2020-05-19,0,0.96,0.05,0,0,0.04,0.07,0, 0.0068666,-0.0075358, 0.0000329, 0.0102974, 0.0025951,buy
2020-05-20,0,1.86,0.04,0,0,0.03,0.12,0, 0.0034851, 0.0050893, 0.0011503, 0.0064781, 0.0055777,buy
2020-05-21,0,0.85,0,0,0,0.04,0.2,0, 0.0043826,-0.0032858, 0.0011754, 0.0053297, 0.0009765,buy
2020-05-22,0,0.27,0.06,0,0,0.05,0.35,0,-0.0007661, 0.0048898, 0.0019641, 0.0061118, 0.0001032,buy
2020-05-23,0,0.15,0.25,0,0,0.15,0.62,0,-0.0020450, 0.0060582, 0.0131543, 0.0060582, 0.0106529,buy
2020-05-24,0,0.22,1.14,0,0,0.2,1.07,0.02, 0.0042059,-0.0052207,-0.0026487,-0.0072652,-0.0063757,sell
2020-05-25,0,0.33,1.75,0,0,0.11,1.27,0.02,-0.0012020, 0.0102701,-0.0002260,-0.0021765,-0.0008721,buy
2020-05-26,0,0.57,1.35,0,0,0.13,0.86,0.03,-0.0036515, 0.0067652,-0.0004272,-0.0051143, 0.0069794,buy
2020-05-27,0,0.94,0.82,0,0,0.18,0.5,0.04,-0.0072927,-0.0093104,-0.0030537,-0.0057186,-0.0096307,sell
2020-05-28,0,1.65,0.6,0,0,0.15,0.29,0.05, 0.0183379, 0.0180205, 0.0244119, 0.0199795, 0.0164069,buy
2020-05-29,0,2.71,1.56,0,0,0.13,0.17,0.07,-0.0017513,-0.0063993,-0.0100803,-0.0043714,-0.0090358,buy
2020-05-30,0,3.31,1.59,0,0,0.14,0.1,0.11,-0.0015399, 0.0041795,-0.0060287,-0.0027575,-0.0128868,buy
2020-05-31,0,2.67,0.52,0,0,0.11,0.06,0.17, 0.0150862, 0.0074080, 0.0121574, 0.0134492, 0.0151624,buy
2020-06-01,0,2.13,0.17,0,0,0.06,0.06,0.32, 0.0163936, 0.0216781, 0.0252651, 0.0239622, 0.0218670,buy
2020-06-02,0,1.55,0.06,0,0,0.05,0.16,0.72, 0.0012271, 0.0012271, 0.0048395,-0.0002825, 0.0012566,buy
2020-06-03,0,1.02,0,0,0,0.04,0.38,0.81,-0.0145062,-0.0108731,-0.0134917,-0.0125631,-0.0134917,sell
2020-06-04,0,1.04,0,0,0,0.07,0.86,0.52,-0.0230546,-0.0109271,-0.0186105,-0.0176159,-0.0199246,sell
2020-06-05,0,1.76,0,0,0,0.12,1.28,0.51, 0.0135102, 0.0129563, 0.0135733, 0.0129938, 0.0126595,buy
2020-06-06,0,2.91,0,0,0,0.18,0.86,0.58,-0.0004602, 0.0089502, 0.0093091, 0.0085753, 0.0082596,buy
2020-06-07,0,2.78,0,0,0,0.14,0.42,0.53,-0.0091897,-0.0053785,-0.0024470,-0.0062812,-0.0074991,sell
2020-06-08,0,2.04,0,0,0,0.08,0.22,0.41, 0.0147692, 0.0182413, 0.0202961, 0.0232486, 0.0193157,buy
2020-06-09,0,1.91,0,0,0,0.04,0.12,0.31, 0.0153875, 0.0204440, 0.0230507, 0.0255068, 0.0248910,buy
2020-06-10,0,1.98,0,0,0,0.03,0.07,0.24, 0.0037016, 0.0135037, 0.0104085, 0.0176009, 0.0135037,buy
2020-06-11,0,1.49,0.1,0,0,0.03,0.04,0.18, 0.0018738,-0.0133500,-0.0157158, 0.0066314,-0.0132996,buy
2020-06-12,0,0.97,0.27,0,0,0.05,0.04,0.14,-0.0043084,-0.0106996,-0.0051839, 0.0150461,-0.0059028,buy
2020-06-13,0,0.65,0.64,0,0,0.09,0.07,0.1, 0.0097918, 0.0131094, 0.0059461, 0.0139265, 0.0098175,buy
2020-06-14,0,0.44,1.54,0,0,0.18,0.14,0.08,-0.0026366, 0.0135094, 0.0136885, 0.0177632, 0.0135094,buy
2020-06-15,0,0.31,2.09,0,0,0.17,0.27,0.06, 0.0149965, 0.0149965, 0.0149965, 0.0149965, 0.0131833,buy
2020-06-16,0,0.23,1.53,0,0,0.11,0.49,0.04,-0.0106919,-0.0188750,-0.0224787,-0.0188307,-0.0118569,sell
2020-06-17,0,0.17,0.8,0,0,0.12,0.88,0.03,-0.0132682,-0.0131491,-0.0134168,-0.0117103,-0.0115746,sell
2020-06-18,0,0.11,0.44,0,0,0.16,1.61,0.03,-0.0107489,-0.0104867,-0.0108910,-0.0063746,-0.0104867,sell
2020-06-19,0,0.09,0.49,0,0,0.17,1.89,0.02,-0.0134272,-0.0134272,-0.0134039,-0.0115506,-0.0134272,sell
2020-06-20,0,0.07,0.95,0,0,0.1,1.5,0, 0.0048254,-0.0048464, 0.0024940, 0.0022064, 0.0034514,buy
2020-06-21,0,0.06,1.61,0,0,0.06,0.91,0,-0.0081356,-0.0108538,-0.0104479, 0.0012907, 0.0017402,buy
2020-06-22,0,0.06,1.12,0,0,0.03,0.54,0,-0.0059590,-0.0008955,-0.0130089, 0.0047319, 0.0085364,buy
2020-06-23,0,0.05,0.45,0,0,0.02,0.4,0, 0.0003807, 0.0025306, 0.0043803, 0.0021950,-0.0002516,buy
2020-06-24,0,0.05,0.18,0,0,0.01,0.38,0,-0.0010658,-0.0010658, 0.0149723,-0.0010658,-0.0010658,buy
2020-06-25,0,0.05,0.07,0,0,0.01,0.49,0,-0.0014021, 0.0010386, 0.0079557,-0.0014021,-0.0000686,buy
2020-06-26,0,0.05,0,0,0,0,0.77,0,-0.0158405,-0.0128582,-0.0104865,-0.0139129,-0.0101739,sell
2020-06-27,0,0.09,0,0,0,0,1.39,0, 0.0165798, 0.0201171, 0.0176735, 0.0077030, 0.0176735,buy
2020-06-28,0,0.11,0,0,0,0,2.06,0, 0.0101141, 0.0145534, 0.0183393, 0.0148545, 0.0054271,buy
2020-06-29,0,0.13,0,0,0,0,2.22,0, 0.0108301, 0.0175564, 0.0182623, 0.0175564, 0.0087956,buy
2020-06-30,0,0.16,0,0,0,0,2.85,0, 0.0122965, 0.0148088, 0.0148088, 0.0153872, 0.0128997,buy
2020-07-01,0,0.21,0,0,0,0,2.88,0, 0.0138744, 0.0152010, 0.0152010, 0.0152010, 0.0135331,buy
2020-07-02,0,0.27,0,0,0,0,1.63,0,-0.0006668, 0.0009807, 0.0088282,-0.0072183, 0.0008839,buy
2020-07-03,0,0.37,0,0,0,0,0.87,0,-0.0213620,-0.0191462,-0.0098233,-0.0194259,-0.0273565,sell
2020-07-04,0,0.53,0,0,0,0,0.51,0.03, 0.0046478,-0.0049260, 0.0046478, 0.0085037, 0.0046666,buy
2020-07-05,0,0.78,0,0,0,0,0.3,0.07, 0.0050773, 0.0004162, 0.0039460, 0.0053437, 0.0051847,buy
2020-07-06,0,1.16,0,0,0,0,0.21,0.16, 0.0025600, 0.0014837,-0.0006534, 0.0060987, 0.0067009,buy
2020-07-07,0,1.79,0,0,0,0,0.2,0.38, 0.0036654, 0.0048164,-0.0020048, 0.0040693, 0.0050851,buy
2020-07-08,0,2.18,0,0,0,0,0.2,0.56,-0.0002803, 0.0028611, 0.0031758, 0.0030339, 0.0078815,buy
2020-07-09,0,2.2,0,0,0,0,0.18,0.37,-0.0125851,-0.0102739,-0.0087867,-0.0089818,-0.0087955,sell
2020-07-10,0,1.72,0,0.03,0,0,0.19,0.18, 0.0022347, 0.0025626, 0.0025626,-0.0026417,-0.0015831,buy
2020-07-11,0,1.06,0,0.12,0,0,0.2,0.09,-0.0022057,-0.0021365,-0.0017730,-0.0022784,-0.0152342,buy
2020-07-12,0,0.72,0,0.32,0,0,0.2,0.05,-0.0101118,-0.0064699,-0.0093878,-0.0073613,-0.0102742,sell
2020-07-13,0,0.51,0,0.82,0,0,0.2,0.03, 0.0220930, 0.0213196, 0.0220930, 0.0212750, 0.0213196,buy
2020-07-14,0,0.44,0,1.42,0,0,0.2,0.02,-0.0009609, 0.0143939, 0.0201674, 0.0115082, 0.0156336,buy
2020-07-15,0,0.5,0,1.69,0,0,0.2,0.02,-0.0105903,-0.0022782, 0.0128206, 0.0039052,-0.0015778,buy
2020-07-16,0,0.79,0,1.23,0,0,0.23,0, 0.0111441, 0.0210340, 0.0190665, 0.0128812, 0.0154456,buy
2020-07-17,0,1.37,0,0.6,0,0.01,0.23,0,-0.0025241,-0.0065123,-0.0025241,-0.0052309,-0.0115205,buy
2020-07-18,0,1.78,0,0.44,0,0.01,0.25,0, 0.0064852, 0.0011266, 0.0013334, 0.0038625, 0.0054595,buy
2020-07-19,0,1.21,0,0.67,0,0.01,0.3,0, 0.0003422,-0.0001121, 0.0025334, 0.0010696,-0.0080190,buy
2020-07-20,0,0.62,0,1.41,0,0.01,0.43,0,-0.0016721, 0.0125747, 0.0164111, 0.0071059, 0.0145830,buy
2020-07-21,0,0.31,0,1.36,0,0.01,0.73,0.02,-0.0085396,-0.0025127,-0.0025127,-0.0062398,-0.0015509,buy
2020-07-22,0,0.16,0,0.54,0,0.02,1.35,0.03, 0.0075392, 0.0043623, 0.0039524, 0.0075392, 0.0042350,buy
2020-07-23,0,0.08,0.04,0.22,0,0.02,1.2,0.04,-0.0039063,-0.0039063,-0.0039063,-0.0039063,-0.0079488,buy
2020-07-24,0,0,0.1,0.09,0,0.02,0.53,0.07, 0.0117543, 0.0138860, 0.0220542, 0.0156451, 0.0238127,buy
2020-07-25,0,0,0.21,0,0,0.03,0.23,0.14,-0.0145784,-0.0146413,-0.0003489,-0.0149402,-0.0153818,sell
2020-07-26,0,0,0.55,0,0,0.03,0.1,0.27, 0.0276772, 0.0248401, 0.0151503, 0.0230987, 0.0112471,buy
2020-07-27,0,0,1.02,0,0,0.04,0,0.56,-0.0011952,-0.0027753, 0.0099934, 0.0049505, 0.0036588,buy
2020-07-28,0,0,1.01,0.07,0,0.05,0,0.54,-0.0001380,-0.0006026, 0.0048809, 0.0075834, 0.0012941,buy
2020-07-29,0,0,0.94,0.31,0,0.06,0,0.28, 0.0003737, 0.0036994, 0.0065750,-0.0015396, 0.0097528,buy
2020-07-30,0,0,1.46,0.93,0,0.08,0,0.21, 0.0201038, 0.0040303, 0.0216876, 0.0201038, 0.0214798,buy
2020-07-31,0,0,1.55,1.04,0,0.1,0,0.28, 0.0220210, 0.0076106, 0.0254473, 0.0242472, 0.0219412,buy
2020-08-01,0,0,0.84,1.42,0,0.15,0,0.53,-0.0069368, 0.0031684, 0.0076377, 0.0047345, 0.0031684,buy
2020-08-02,0,0,0.63,0.86,0,0.21,0,0.82, 0.0034934, 0.0070340, 0.0138752, 0.0145039, 0.0117293,buy
2020-08-03,0,0,0.86,1.55,0,0.18,0,0.73, 0.0068323, 0.0138210, 0.0132412, 0.0188002, 0.0145139,buy
2020-08-04,0,0,1.69,1.16,0,0.1,0,0.61, 0.0042271,-0.0001897, 0.0022099, 0.0129359, 0.0095321,buy
2020-08-05,0,0,1.52,0.21,0,0.07,0,0.45, 0.0015260, 0.0029583, 0.0057973, 0.0061352,-0.0046074,buy
2020-08-06,0,0,0.64,0,0,0.05,0,0.3, 0.0210013, 0.0206478, 0.0147813, 0.0206478, 0.0088107,buy
2020-08-07,0,0,0.31,0,0,0.05,0,0.23, 0.0000231,-0.0086156,-0.0097679,-0.0112570,-0.0120760,sell
2020-08-08,0,0,0.21,0,0,0.04,0,0.26,-0.0035963,-0.0133866,-0.0172304,-0.0137300,-0.0142370,sell
2020-08-09,0,0,0.31,0,0,0.03,0,0.48,-0.0033902,-0.0034712,-0.0056732, 0.0004367, 0.0023170,buy
2020-08-10,0,0,0.67,0,0,0.03,0,0.96,-0.0136773,-0.0147401,-0.0099124,-0.0169977,-0.0199873,sell
2020-08-11,0,0,0.95,0,0,0.03,0,0.7,-0.0022189,-0.0050687, 0.0146387,-0.0019477,-0.0014071,buy
2020-08-12,0,0,0.67,0,0,0.03,0,0.64, 0.0042614, 0.0009892, 0.0101879, 0.0009148, 0.0121473,buy
2020-08-13,0,0,0.91,0,0,0.03,0,0.67, 0.0045696, 0.0016625, 0.0148204, 0.0047747, 0.0053814,buy
2020-08-14,0,0,1.98,0,0,0.03,0.04,0.55,-0.0040417,-0.0000578,-0.0011415,-0.0033831,-0.0087483,buy
2020-08-15,0,0,2.35,0,0,0.04,0.1,0.43,-0.0035667,-0.0056457, 0.0019265,-0.0023670,-0.0047524,buy
2020-08-16,0,0,2.66,0,0,0.05,0.25,0.36, 0.0023333, 0.0045568, 0.0075902, 0.0001368, 0.0093735,buy
2020-08-17,0,0,2.31,0,0,0.05,0.6,0.32, 0.0060140, 0.0065332, 0.0143994, 0.0014599, 0.0060140,buy
2020-08-18,0,0,3.2,0,0,0.04,1.26,0.31, 0.0049507, 0.0032497, 0.0039040, 0.0032497, 0.0034230,buy
2020-08-19,0,0.04,2.2,0,0,0.04,1.08,0.32,-0.0080318,-0.0080318, 0.0018481,-0.0086958,-0.0080318,sell
2020-08-20,0,0.27,0.84,0,0,0.04,0.44,0.36, 0.0019238, 0.0044709, 0.0050537, 0.0035249, 0.0042337,buy
2020-08-21,0,1.01,0.3,0,0,0.04,0.18,0.42,-0.0148660, 0.0011050,-0.0134161, 0.0016307,-0.0036791,buy
2020-08-22,0,0.87,0.12,0.04,0,0.04,0.07,0.51,-0.0123659, 0.0012811,-0.0075513,-0.0020359,-0.0038250,buy
2020-08-23,0,1.57,0.05,0.12,0,0.04,0,0.63, 0.0010329, 0.0018721, 0.0019325,-0.0002954, 0.0125843,buy
2020-08-24,0,2.61,0,0.31,0,0.05,0,0.75,-0.0082161,-0.0104503,-0.0084760,-0.0238975,-0.0104690,sell
2020-08-25,0,4.19,0,0.79,0,0.05,0,0.71,-0.0174004,-0.0162684,-0.0186784,-0.0157708,-0.0173459,sell
2020-08-26,0,3.99,0,0.79,0,0.05,0,0.56,-0.0122513,-0.0122119,-0.0132109,-0.0126695,-0.0129742,sell
2020-08-27,0,1.19,0,0.39,0,0.06,0,0.45,-0.0090493,-0.0041104, 0.0047006, 0.0041733,-0.0012442,buy
2020-08-28,0,0.63,0,0.39,0,0.06,0,0.35,-0.0167890,-0.0145865,-0.0145904,-0.0086485,-0.0178611,sell
2020-08-29,0,0.88,0,0.8,0,0.06,0.01,0.29,-0.0188314,-0.0176044,-0.0167024,-0.0167024,-0.0169766,sell
2020-08-30,0,1.72,0,1.38,0,0.07,0.01,0.24, 0.0082022, 0.0107271, 0.0018787,-0.0102171, 0.0035841,buy
2020-08-31,0,1.67,0,1.15,0,0.07,0.02,0.23, 0.0011256, 0.0037921,-0.0074589,-0.0140745,-0.0012118,buy
2020-09-01,0,1.67,0,1.16,0,0.11,0.03,0.24,-0.0002961, 0.0008734,-0.0127701,-0.0129236, 0.0030690,sell
2020-09-02,0,3.52,0.14,1.53,0,0.16,0.06,0.31,-0.0039137,-0.0099334,-0.0037425,-0.0011348,-0.0107989,buy
2020-09-03,0,3.92,0.55,0.94,0,0.11,0.1,0.52,-0.0061143,-0.0118638,-0.0098581,-0.0110776,-0.0128210,sell
2020-09-04,0,2.39,1.24,0.33,0,0.06,0.16,0.68,-0.0045025, 0.0173000, 0.0199273, 0.0103906, 0.0206410,buy
2020-09-05,0,1.78,0.68,0.12,0,0.04,0.15,0.43, 0.0007488, 0.0048578, 0.0048578, 0.0023264, 0.0048578,buy
2020-09-06,0,0.78,0.17,0.04,0,0.03,0.09,0.23,-0.0072264,-0.0127761,-0.0115352, 0.0030485,-0.0120274,buy
2020-09-07,0,0.29,0.04,0,0,0.03,0.06,0.14,-0.0017699, 0.0040868, 0.0062630,-0.0096547, 0.0038353,buy
2020-09-08,0,0.13,0,0,0,0.02,0.04,0.1, 0.0057215,-0.0068119, 0.0069881,-0.0015713, 0.0057813,buy
2020-09-09,0,0.06,0.04,0,0,0.02,0.02,0.08, 0.0013104,-0.0001376, 0.0121808,-0.0126043, 0.0055952,buy
2020-09-10,0,0,0.17,0,0,0.02,0.02,0.08,-0.0059033, 0.0022778,-0.0009594,-0.0059559, 0.0051205,buy
2020-09-11,0,0,0.67,0,0,0.02,0.01,0.08, 0.0006846,-0.0030341,-0.0079689,-0.0028181, 0.0011881,buy
2020-09-12,0,0,1.41,0,0,0.01,0.08,0.12,-0.0068164,-0.0141679,-0.0118597, 0.0041400,-0.0087983,buy
2020-09-13,0,0.06,0.76,0,0,0.01,0.18,0.19,-0.0003189,-0.0008025,-0.0008025, 0.0006168,-0.0004700,buy
2020-09-14,0,0.14,0.2,0,0,0.01,0.42,0.42,-0.0110971,-0.0097231,-0.0117002,-0.0096049,-0.0082618,sell
2020-09-15,0,0.34,0.05,0,0,0.01,0.95,0.78,-0.0089445,-0.0144901,-0.0087941,-0.0117713,-0.0104363,sell
2020-09-16,0,0.82,0.07,0,0,0.01,0.86,0.76, 0.0024950, 0.0028451, 0.0046669, 0.0028451, 0.0064460,buy
2020-09-17,0,1.6,0.18,0,0,0.01,0.36,0.65,-0.0062238,-0.0031643,-0.0014732,-0.0028963, 0.0061981,buy
2020-09-18,0,1.24,0.53,0,0,0.01,0.15,0.41,-0.0097895, 0.0015555, 0.0029545, 0.0093629, 0.0005494,buy
2020-09-19,0,0.5,1.37,0,0,0.01,0.07,0.34,-0.0161767,-0.0030115, 0.0006575,-0.0034541,-0.0055399,sell
2020-09-20,0,0.21,1.47,0,0,0.01,0.03,0.67,-0.0016675, 0.0030170, 0.0036812, 0.0063192,-0.0000220,buy
2020-09-21,0,0.08,1.24,0.05,0,0.01,0,0.92, 0.0039860, 0.0055539, 0.0047703, 0.0109324, 0.0039860,buy
2020-09-22,0,0,1.08,0.17,0,0.01,0,0.86, 0.0133129, 0.0119309, 0.0112743, 0.0079212, 0.0132365,buy
2020-09-23,0,0,0.52,0.59,0,0.02,0,1.01,-0.0230686,-0.0094893,-0.0187847,-0.0162073,-0.0144478,sell
2020-09-24,0,0,0.46,1.11,0,0.03,0,0.7,-0.0027704, 0.0114356, 0.0030994,-0.0106996,-0.0035947,buy
2020-09-25,0,0,1.06,0.56,0,0.04,0,0.46, 0.0164863, 0.0026340, 0.0164863, 0.0154227, 0.0244717,buy
2020-09-26,0,0,1.66,0.16,0,0.07,0,0.45,-0.0000889,-0.0000889, 0.0045177, 0.0053198,-0.0088243,buy
2020-09-27,0,0,1.42,0.05,0,0.12,0,0.5, 0.0027828,-0.0036806,-0.0026014,-0.0034417,-0.0013869,buy
2020-09-28,0,0,1.92,0,0,0.12,0,0.62, 0.0013245, 0.0020681, 0.0020681, 0.0002610,-0.0069171,buy
2020-09-29,0,0,1.63,0,0,0.07,0,0.77,-0.0003731, 0.0000263, 0.0000263, 0.0000150,-0.0094941,buy
2020-09-30,0,0,0.83,0,0,0.04,0,0.76,-0.0042784,-0.0070001, 0.0142933,-0.0054754,-0.0019188,buy
2020-10-01,0,0,1.02,0,0,0.03,0,0.64, 0.0043979, 0.0009988, 0.0149383, 0.0053003, 0.0038753,buy
2020-10-02,0,0.07,1.47,0.04,0,0.02,0,0.54,-0.0022128, 0.0088182, 0.0087843,-0.0020843, 0.0032426,buy
2020-10-03,0,0.19,0.97,0.08,0,0.01,0,0.47, 0.0160125, 0.0111267, 0.0169696, 0.0137283, 0.0114467,buy
2020-10-04,0,0.52,0.39,0.18,0,0.01,0,0.44,-0.0089166,-0.0019994,-0.0157553,-0.0026157,-0.0052847,sell
2020-10-05,0,1.05,0.16,0.38,0,0,0,0.44,-0.0104466,-0.0140434,-0.0039771, 0.0017278,-0.0080610,buy
2020-10-06,0,0.89,0.06,0.73,0,0,0,0.46,-0.0126721,-0.0168887,-0.0136457,-0.0097017,-0.0169680,sell
2020-10-07,0,0.9,0,1.27,0,0,0.01,0.54,-0.0026856,-0.0115417,-0.0132778,-0.0099923,-0.0115417,sell
2020-10-08,0,2.24,0,1.19,0,0,0.01,0.67, 0.0090123, 0.0094390, 0.0062906,-0.0060262,-0.0027031,buy
2020-10-09,0,3.29,0,0.7,0,0,0.02,0.82,-0.0094293,-0.0080176,-0.0093459,-0.0295352,-0.0093459,sell
2020-10-10,0,2.06,0,0.47,0,0,0.04,0.87,-0.0035362,-0.0014932,-0.0034988,-0.0052297,-0.0024147,buy
2020-10-11,0,2.18,0,0.41,0,0,0.08,0.9,-0.0012453,-0.0011456,-0.0028793,-0.0076164,-0.0011456,buy
2020-10-12,0,1.5,0,0.56,0,0,0.16,0.74, 0.0069626, 0.0045158, 0.0081542, 0.0097134, 0.0016980,buy
2020-10-13,0,0.5,0,1.28,0,0,0.12,0.61,-0.0051862,-0.0015615,-0.0098009,-0.0167843,-0.0037457,sell
2020-10-14,0,0.18,0,1.26,0,0,0.04,0.77,-0.0029370, 0.0125367,-0.0146401,-0.0257807,-0.0107169,sell
2020-10-15,0,0.06,0,0.54,0,0,0.01,0.99,-0.0072824,-0.0038552,-0.0037983,-0.0049967,-0.0040699,sell
2020-10-16,0,0,0.06,0.36,0,0,0.03,0.85,-0.0080982,-0.0051703,-0.0115724,-0.0071269,-0.0109381,sell
2020-10-17,0,0,0.21,0.39,0,0,0.05,0.91,-0.0142298,-0.0104179,-0.0175101,-0.0104179,-0.0213855,sell
2020-10-18,0,0,0.81,0.61,0,0,0.09,1.21,-0.0086822,-0.0080593,-0.0103686,-0.0088588,-0.0095879,sell
2020-10-19,0,0.05,1.26,1.14,0,0,0.15,0.97, 0.0080558,-0.0041883, 0.0122936, 0.0115175, 0.0118714,buy
2020-10-20,0,0.15,0.49,1.28,0,0,0.26,0.54,-0.0158559,-0.0081208,-0.0171561,-0.0104026,-0.0106341,sell
2020-10-21,0,0.48,0.13,0.65,0,0.02,0.45,0.33,-0.0160456,-0.0176092,-0.0200781,-0.0181546,-0.0174474,sell
2020-10-22,0,1.4,0,0.27,0,0.01,0.77,0.21, 0.0113023, 0.0105055, 0.0078309, 0.0146007, 0.0085692,buy
2020-10-23,0,1.73,0,0.1,0,0,0.94,0.11,-0.0017832,-0.0052379, 0.0010429,-0.0004676,-0.0040200,buy
2020-10-24,0,0.84,0,0.04,0,0,0.75,0.07, 0.0095204, 0.0009439,-0.0017279,-0.0032734,-0.0017598,buy
2020-10-25,0,0.6,0,0,0,0,0.73,0.05,-0.0176633,-0.0214541,-0.0205180,-0.0210408,-0.0211469,sell
2020-10-26,0,0.76,0,0,0,0,1.16,0.04, 0.0051444,-0.0042361,-0.0040530, 0.0059960,-0.0021006,buy
2020-10-27,0,1.17,0,0.04,0,0,0.74,0.03, 0.0009946, 0.0085355, 0.0000065,-0.0004310,-0.0028046,buy
2020-10-28,0,1.2,0,0.1,0,0,0.22,0.07,-0.0109756,-0.0109756,-0.0108966,-0.0109519,-0.0109756,sell
2020-10-29,0,0.72,0,0.26,0,0,0.08,0.14,-0.0187012,-0.0204402,-0.0213309,-0.0140263,-0.0165938,sell
2020-10-30,0,0.43,0,0.67,0,0,0,0.27,-0.0013730,-0.0047826,-0.0060089,-0.0065426,-0.0073759,sell
2020-10-31,0,0.26,0.04,1.27,0,0,0,0.52,-0.0075086,-0.0069676,-0.0075086,-0.0019470,-0.0059591,sell
2020-11-01,0,0.16,0.13,0.94,0,0,0,0.75,-0.0175640, 0.0010944,-0.0144552,-0.0207271,-0.0180999,sell
2020-11-02,0,0.1,0.4,0.37,0,0,0,0.7, 0.0023143,-0.0037134,-0.0098819,-0.0099278,-0.0169217,sell
2020-11-03,0,0.06,1.27,0.15,0,0,0,0.55,-0.0023558,-0.0023558,-0.0058400,-0.0020178,-0.0003817,buy
2020-11-04,0,0.04,1.51,0.06,0,0,0,0.54, 0.0008878, 0.0020186,-0.0015081, 0.0016101, 0.0006787,buy
2020-11-05,0,0,0.81,0,0,0,0,0.65,-0.0010362,-0.0056269,-0.0022622,-0.0035216,-0.0029346,buy
2020-11-06,0,0,0.92,0.05,0,0,0,0.75, 0.0091157,-0.0005421, 0.0038961, 0.0019039, 0.0046624,buy
2020-11-07,0,0,1.3,0.15,0,0,0,0.56, 0.0043610, 0.0018541, 0.0026030, 0.0043533, 0.0040814,buy
2020-11-08,0,0,0.76,0.49,0,0,0,0.34, 0.0083044, 0.0120985, 0.0079342,-0.0015364, 0.0177235,buy
2020-11-09,0,0,0.29,1.11,0,0,0,0.18,-0.0091565,-0.0029324,-0.0035632,-0.0016122, 0.0094387,buy
2020-11-10,0,0,0.11,0.77,0,0,0.07,0.09, 0.0140176, 0.0095680, 0.0107324, 0.0146260, 0.0136712,buy
2020-11-11,0,0,0.04,0.25,0,0,0.17,0.04,-0.0058788,-0.0055966,-0.0078839,-0.0058788,-0.0077326,sell
2020-11-12,0,0,0,0.08,0,0.01,0.4,0.05, 0.0019398, 0.0019398, 0.0019573, 0.0042971,-0.0104492,buy
2020-11-13,0,0,0,0,0,0.01,0.93,0.14,-0.0135567,-0.0125997,-0.0104626,-0.0131003,-0.0150726,sell
2020-11-14,0,0,0,0.07,0,0.03,1.98,0.37,-0.0002117, 0.0015297, 0.0005482, 0.0005652, 0.0000197,buy
2020-11-15,0,0,0,0.22,0,0.06,2.06,0.94, 0.0015130,-0.0084352, 0.0015130, 0.0011214, 0.0015130,buy
2020-11-16,0,0,0,0.78,0,0.12,1.3,0.97, 0.0027140, 0.0009251, 0.0026912, 0.0037078, 0.0030745,buy
2020-11-17,0,0,0,1.27,0,0.1,1.42,0.52, 0.0126332, 0.0155687, 0.0122566, 0.0127030, 0.0106479,buy
2020-11-18,0,0.07,0,0.54,0,0.05,2.2,0.55,-0.0035142,-0.0080766, 0.0126833, 0.0009880,-0.0036606,buy
2020-11-19,0,0.17,0.05,0.15,0,0.02,2.07,0.76, 0.0072323, 0.0128337, 0.0072323, 0.0072323, 0.0072323,buy
2020-11-20,0,0.38,0.17,0.04,0,0.01,1.02,0.43,-0.0106244,-0.0033707,-0.0074930,-0.0049193, 0.0025292,buy
2020-11-21,0,0.86,0.57,0,0,0,0.43,0.15, 0.0032328, 0.0040155, 0.0042609, 0.0022270, 0.0091419,buy
2020-11-22,0,1.38,1.25,0,0,0,0.15,0.05,-0.0062223,-0.0039581, 0.0021094,-0.0028848, 0.0042395,buy
2020-11-23,0,0.99,0.74,0,0,0,0.07,0, 0.0157928, 0.0157928, 0.0180645, 0.0173937, 0.0165294,buy
2020-11-24,0,0.45,0.21,0.06,0,0,0.04,0,-0.0003422,-0.0074927,-0.0089339,-0.0078579,-0.0012319,sell
2020-11-25,0,0.21,0.12,0.17,0,0,0.17,0, 0.0033297, 0.0024702, 0.0123204, 0.0035568, 0.0118967,buy
2020-11-26,0,0.09,0.18,0.54,0,0.01,0.72,0,-0.0082908, 0.0211007, 0.0103483, 0.0031495, 0.0099403,buy
2020-11-27,0,0.04,0.43,1.27,0,0.03,1.46,0, 0.0007890,-0.0001895, 0.0066983, 0.0071058, 0.0028836,buy
2020-11-28,0,0,1.04,0.93,0,0.06,1.42,0,-0.0012327,-0.0050707,-0.0011284,-0.0011284,-0.0026377,buy
2020-11-29,0,0,1.47,0.3,0,0.16,1.51,0, 0.0132350, 0.0103040, 0.0102725, 0.0056431, 0.0023421,buy
2020-11-30,0,0.07,0.83,0.1,0,0.18,1.94,0,-0.0142523,-0.0142523,-0.0166674,-0.0122997,-0.0142523,sell
2020-12-01,0,0.23,0.36,0,0,0.12,1.63,0.02,-0.0027855,-0.0026866,-0.0026866,-0.0033504,-0.0026866,buy
2020-12-02,0,0.74,0.23,0,0,0.13,1.26,0.04,-0.0033594,-0.0105076,-0.0088528,-0.0106646,-0.0109651,sell
2020-12-03,0,1.39,0.26,0,0,0.16,0.93,0.08, 0.0080521, 0.0055010, 0.0039024, 0.0034282, 0.0053655,buy
2020-12-04,0,0.76,0.59,0,0,0.18,0.36,0.15,-0.0205642,-0.0133939,-0.0239687,-0.0191219,-0.0242845,sell
2020-12-05,0,0.24,1.64,0,0,0.24,0.15,0.29,-0.0052102, 0.0004340, 0.0018535, 0.0100285, 0.0005446,buy
2020-12-06,0,0.07,2.71,0,0,0.24,0.06,0.48, 0.0054090, 0.0120769, 0.0120769, 0.0148755, 0.0118554,buy
2020-12-07,0,0,1.47,0,0,0.23,0.08,0.4, 0.0018385, 0.0014166, 0.0037157,-0.0019806,-0.0018556,buy
2020-12-08,0,0,0.51,0,0,0.11,0.24,0.2, 0.0049807, 0.0047261, 0.0051815, 0.0059470, 0.0034727,buy
2020-12-09,0,0.05,0.21,0,0,0.14,0.72,0.13,-0.0098200, 0.0171571, 0.0172514, 0.0196944, 0.0172905,buy
2020-12-10,0,0.12,0.1,0,0,0.27,1.28,0.16,-0.0008509,-0.0001874,-0.0009392,-0.0001874, 0.0002291,buy
2020-12-11,0,0.32,0.05,0,0,0.22,0.79,0.35, 0.0074659, 0.0109652, 0.0127850, 0.0136651, 0.0109497,buy
2020-12-12,0,0.81,0.05,0,0,0.06,0.49,0.5,-0.0202609,-0.0009933,-0.0255267,-0.0166316,-0.0202609,sell
2020-12-13,0,1.68,0.04,0,0,0.01,0.71,0.26,-0.0035256, 0.0029067, 0.0057584, 0.0058119,-0.0104867,buy
2020-12-14,0,1.59,0.04,0,0,0,1.6,0.12,-0.0187468,-0.0151128,-0.0229910,-0.0229910,-0.0021845,sell
2020-12-15,0,2.07,0.04,0,0,0,2.15,0.09,-0.0294466,-0.0264917,-0.0286833,-0.0286833,-0.0074900,sell
2020-12-16,0,1.68,0.03,0,0,0,1.18,0.09,-0.0049891,-0.0059462,-0.0062931,-0.0062931,-0.0011419,sell
2020-12-17,0,0.47,0.03,0,0,0,0.43,0.12, 0.0117602, 0.0088947, 0.0117602, 0.0122375, 0.0122375,buy
2020-12-18,0,0.18,0.11,0,0,0,0.16,0.15, 0.0075741, 0.0084994, 0.0084674, 0.0060997, 0.0075741,buy
2020-12-19,0,0.2,0.33,0,0,0.01,0.04,0.21, 0.0065619, 0.0027895, 0.0066687, 0.0065619, 0.0083497,buy
2020-12-20,0,0.43,1.02,0,0,0.02,0,0.28,-0.0242747,-0.0264512,-0.0260938,-0.0260938,-0.0284990,sell
2020-12-21,0,0.95,1.43,0,0,0.06,0,0.38,-0.0215244,-0.0246385,-0.0241243,-0.0274119,-0.0219766,sell
2020-12-22,0,1.4,0.62,0,0,0.16,0,0.52, 0.0237293, 0.0171582, 0.0174665, 0.0171582, 0.0143907,buy
2020-12-23,0,0.92,0.2,0,0,0.13,0,0.64, 0.0263209, 0.0218641, 0.0226755, 0.0221795, 0.0183386,buy
2020-12-24,0,0.43,0.06,0,0,0.04,0,0.56,-0.0200716,-0.0147137,-0.0153525,-0.0145897,-0.0164814,sell
2020-12-25,0,0.2,0,0,0,0.02,0,0.41,-0.0005427, 0.0001682,-0.0005427, 0.0031295, 0.0031295,buy
2020-12-26,0,0.09,0,0,0,0.04,0,0.29,-0.0005942, 0.0000537, 0.0000537, 0.0015265, 0.0023416,buy
2020-12-27,0,0.04,0,0,0,0.12,0,0.21, 0.0098097, 0.0140104, 0.0084583, 0.0136489, 0.0048771,buy
2020-12-28,0,0,0,0,0,0.24,0,0.18, 0.0141905, 0.0118340, 0.0069952, 0.0063884, 0.0034478,buy
2020-12-29,0,0.05,0,0,0,0.23,0,0.19, 0.0156174, 0.0111164, 0.0076513, 0.0086303, 0.0058938,buy
2020-12-30,0,0.14,0,0,0,0.11,0,0.3,-0.0241957,-0.0244737,-0.0231042,-0.0231078,-0.0206604,sell
2020-12-31,0,0.44,0,0,0,0.04,0,0.53, 0.0083173, 0.0093523,-0.0018584, 0.0078126, 0.0155934,buy
2021-01-01,0,1.36,0,0,0,0.02,0,0.46,-0.0002335, 0.0006181, 0.0068319, 0.0041315, 0.0025503,buy
2021-01-02,0,1.57,0,0,0,0,0,0.23,-0.0033772,-0.0090244,-0.0088790, 0.0009695,-0.0143972,buy
2021-01-03,0,0.58,0,0,0,0,0,0.14, 0.0033905, 0.0101662, 0.0135683,-0.0080253, 0.0088165,buy
2021-01-04,0,0.19,0,0,0,0,0,0.11, 0.0042156,-0.0038698, 0.0044099, 0.0042156, 0.0043250,buy
2021-01-05,0,0.06,0,0,0,0,0,0.14, 0.0176867, 0.0107140, 0.0169194, 0.0170715, 0.0110783,buy
2021-01-06,0,0,0,0,0,0,0,0.21,-0.0003368, 0.0043801, 0.0043801,-0.0011194, 0.0068684,buy
2021-01-07,0,0,0,0,0,0,0,0.39, 0.0123211, 0.0146333, 0.0016002, 0.0123211, 0.0110575,buy
2021-01-08,0,0,0,0,0,0,0,0.76,-0.0142077,-0.0142077,-0.0010320,-0.0150452,-0.0042035,sell
2021-01-09,0,0.05,0,0,0,0,0,0.92,-0.0054209,-0.0044684,-0.0070158,-0.0131870,-0.0042601,sell
2021-01-10,0,0.18,0,0,0,0,0,0.77, 0.0053137, 0.0048605, 0.0030295,-0.0091328, 0.0048605,buy
2021-01-11,0,0.79,0,0,0,0,0,0.98, 0.0015723, 0.0028139, 0.0028139, 0.0056196,-0.0035327,buy
2021-01-12,0,1.25,0,0,0,0,0,1.55, 0.0111673, 0.0105351, 0.0141874, 0.0104371, 0.0144746,buy
2021-01-13,0,0.53,0,0,0,0,0,1.41, 0.0061924, 0.0094069, 0.0045890, 0.0009220, 0.0111479,buy
2021-01-14,0,0.24,0,0,0,0,0,1.1,-0.0023557,-0.0031371,-0.0034863,-0.0046722,-0.0023880,buy
2021-01-15,0,0.19,0,0,0,0,0,0.94,-0.0169943,-0.0174343,-0.0171722,-0.0165374,-0.0149857,sell
2021-01-16,0,0.29,0,0,0,0,0,0.92,-0.0138526,-0.0126732,-0.0126732,-0.0278937,-0.0121886,sell
2021-01-17,0,0.45,0,0,0,0,0,0.97,-0.0044422,-0.0038344,-0.0038344,-0.0175228,-0.0101575,sell
2021-01-18,0,0.69,0,0,0,0,0,0.93,-0.0095727,-0.0095727,-0.0114032,-0.0253010,-0.0110694,sell
2021-01-19,0,1.09,0.05,0,0,0,0,0.8,-0.0078665,-0.0062464,-0.0069195,-0.0118326,-0.0079262,sell
2021-01-20,0,1.2,0.15,0,0,0,0,0.72,-0.0011288,-0.0050143,-0.0039313, 0.0033773,-0.0044424,buy
2021-01-21,0,0.83,0.48,0,0,0,0,0.69,-0.0016672,-0.0112815,-0.0080294,-0.0158238,-0.0047526,sell
2021-01-22,0,0.58,1.07,0,0,0,0,0.72, 0.0025456,-0.0162061,-0.0068092,-0.0122171, 0.0022888,sell
2021-01-23,0,0.5,0.78,0,0,0,0,0.72, 0.0065793,-0.0103513,-0.0132327,-0.0181218,-0.0023803,sell
2021-01-24,0,0.65,0.29,0,0,0,0,0.7,-0.0020205,-0.0030010,-0.0046595,-0.0111710,-0.0021824,sell
2021-01-25,0,1.29,0.12,0,0,0,0,0.83,-0.0023617,-0.0006107,-0.0007108, 0.0078147,-0.0009520,buy
2021-01-26,0,1.25,0.05,0,0,0,0,1.01,-0.0018214,-0.0022413, 0.0002545,-0.0089800,-0.0016930,buy
2021-01-27,0,0.49,0,0,0,0,0,0.76,-0.0219061,-0.0239853,-0.0220570,-0.0181963,-0.0221412,sell
2021-01-28,0,0.17,0,0,0,0,0,0.5,-0.0036922,-0.0071626, 0.0005969,-0.0037703,-0.0054830,buy
2021-01-29,0,0.07,0,0,0,0,0,0.43,-0.0005099,-0.0000888, 0.0019957,-0.0005099, 0.0015064,buy
2021-01-30,0,0,0,0,0,0,0,0.46, 0.0155496, 0.0171209, 0.0063573, 0.0157371, 0.0120025,buy
2021-01-31,0,0,0,0,0,0,0,0.56, 0.0080737, 0.0080737,-0.0059420, 0.0086019, 0.0057231,buy
2021-02-01,0,0,0,0,0,0,0,0.64,-0.0114228,-0.0053973,-0.0108018, 0.0068250,-0.0059085,buy
2021-02-02,0,0.04,0,0,0,0,0,0.5,-0.0073598,-0.0053888,-0.0099564,-0.0073598,-0.0074042,sell
2021-02-03,0,0.13,0,0,0,0,0,0.36, 0.0080939, 0.0080939, 0.0045289, 0.0101139,-0.0040397,buy
2021-02-04,0,0.45,0.07,0,0,0,0,0.29,-0.0027837, 0.0225229, 0.0216437, 0.0232291, 0.0109212,buy
2021-02-05,0,1.19,0.18,0,0,0,0,0.3,-0.0137940,-0.0139496,-0.0139601,-0.0110619,-0.0091917,sell
2021-02-06,0,0.87,0.45,0,0,0,0,0.61,-0.0061180,-0.0134921,-0.0088858,-0.0145814,-0.0069632,sell
2021-02-07,0,0.25,1.19,0,0,0,0,0.68, 0.0101521, 0.0035187, 0.0096274, 0.0097818, 0.0102329,buy
2021-02-08,0,0.07,2.16,0,0,0,0,0.34, 0.0253777, 0.0139837, 0.0125005, 0.0044883, 0.0183422,buy
2021-02-09,0,0,1.46,0,0,0,0,0.34,-0.0115869,-0.0114000,-0.0140734,-0.0115869,-0.0057193,sell
2021-02-10,0,0,0.56,0,0,0,0,0.58, 0.0002323,-0.0052065,-0.0062051,-0.0052589,-0.0088002,sell
2021-02-11,0,0,0.22,0,0,0,0,0.27, 0.0080174, 0.0080174, 0.0080174, 0.0080174, 0.0080174,buy
2021-02-12,0,0,0.06,0,0,0,0,0.06, 0.0159632, 0.0098874, 0.0093130, 0.0103972, 0.0096136,buy
2021-02-13,0,0,0.05,0,0,0,0,0, 0.0111757, 0.0081286, 0.0086819, 0.0097595, 0.0076248,buy
2021-02-14,0,0,0.2,0,0,0,0,0.03, 0.0126549, 0.0089122, 0.0107913, 0.0089122, 0.0082420,buy
2021-02-15,0,0,0.73,0,0,0,0,0.05,-0.0080038, 0.0044068,-0.0029179, 0.0039147,-0.0063011,buy
2021-02-16,0,0,1.07,0,0,0,0,0.09,-0.0193515,-0.0217615,-0.0229623,-0.0191635,-0.0141916,sell
2021-02-17,0,0,0.41,0,0,0,0,0.17,-0.0062896,-0.0119916,-0.0009132,-0.0115560,-0.0058692,sell
2021-02-18,0,0,0.11,0,0,0,0,0.31,-0.0033429,-0.0029958,-0.0025848, 0.0114125,-0.0033429,buy
2021-02-19,0,0,0,0,0,0,0,0.58,-0.0148781,-0.0133602,-0.0160482,-0.0008043,-0.0133850,sell
2021-02-20,0,0,0,0,0,0,0,0.57,-0.0132880,-0.0132880,-0.0133127,-0.0007913,-0.0133127,sell
2021-02-21,0,0,0,0,0,0,0.04,0.32, 0.0006885, 0.0006885, 0.0013081, 0.0103402, 0.0006516,buy
2021-02-22,0,0,0,0,0,0,0.1,0.18, 0.0171655,-0.0002909, 0.0036637,-0.0041435, 0.0008925,buy
2021-02-23,0,0,0,0,0,0,0.24,0.11,-0.0033362, 0.0031052,-0.0027170,-0.0033236,-0.0024238,buy
2021-02-24,0,0,0,0,0,0,0.57,0.05,-0.0027684,-0.0026686, 0.0011037, 0.0025173, 0.0025742,buy
2021-02-25,0,0,0.03,0,0,0.01,1.27,0.03, 0.0113632, 0.0199396, 0.0113047, 0.0102211,-0.0012457,buy
2021-02-26,0,0,0.07,0,0,0.02,1.15,0, 0.0061906, 0.0061906, 0.0061906, 0.0061906, 0.0003189,buy
2021-02-27,0,0,0.15,0,0,0.04,0.49,0,-0.0148147, 0.0055903,-0.0112732, 0.0005037, 0.0035788,buy
2021-02-28,0,0,0.34,0,0,0.11,0.28,0, 0.0135711, 0.0150974, 0.0097919, 0.0123095, 0.0134166,buy
2021-03-01,0,0,0.83,0.04,0,0.16,0.28,0,-0.0038264, 0.0058697, 0.0044623,-0.0034328, 0.0035425,buy
2021-03-02,0,0,1.08,0.13,0,0.1,0.61,0, 0.0035333, 0.0059842, 0.0019389, 0.0046283,-0.0005464,buy
2021-03-03,0,0,0.53,0.39,0,0.05,1.27,0, 0.0135021, 0.0199983, 0.0182741, 0.0057913, 0.0224459,buy
2021-03-04,0,0,0.19,0.96,0,0.05,0.94,0, 0.0090651, 0.0087732, 0.0031605, 0.0056857, 0.0083343,buy
2021-03-05,0,0,0.07,0.77,0,0.1,0.32,0,-0.0152993,-0.0146553,-0.0171847,-0.0206990,-0.0026252,sell
2021-03-06,0,0,0,0.39,0,0.16,0.11,0, 0.0105588, 0.0088526, 0.0104356, 0.0082975, 0.0105588,buy
2021-03-07,0,0,0,0.67,0,0.09,0.04,0, 0.0055038, 0.0048498, 0.0090678, 0.0052620, 0.0055038,buy
2021-03-08,0,0,0,0.93,0,0.03,0,0, 0.0216309, 0.0084323, 0.0062870, 0.0069842, 0.0156833,buy
2021-03-09,0,0,0,0.38,0,0.02,0,0, 0.0015178, 0.0002054, 0.0114409,-0.0007487,-0.0026236,buy
2021-03-10,0,0,0,0.1,0,0.03,0,0, 0.0032655, 0.0064873, 0.0055957, 0.0063547, 0.0078204,buy
2021-03-11,0,0,0,0,0,0.05,0,0, 0.0081851, 0.0089735, 0.0039787,-0.0039687, 0.0124969,buy
2021-03-12,0,0,0,0,0,0.14,0.05,0, 0.0002639, 0.0063091, 0.0027334,-0.0002447,-0.0012346,buy
2021-03-13,0,0,0,0,0,0.24,0.11,0, 0.0062099,-0.0062769, 0.0016346, 0.0019604, 0.0062554,buy
2021-03-14,0,0,0,0,0,0.29,0.26,0, 0.0025834,-0.0045261, 0.0008540, 0.0069793, 0.0037329,buy
2021-03-15,0,0,0,0,0,0.38,0.69,0,-0.0104047,-0.0100314,-0.0111377,-0.0107462,-0.0120630,sell
2021-03-16,0,0.05,0,0,0,0.36,1.45,0.02,-0.0161897,-0.0122078,-0.0164556,-0.0136673,-0.0180634,sell
2021-03-17,0,0.08,0,0,0,0.31,1.59,0.04,-0.0149013,-0.0056643,-0.0040979,-0.0040859,-0.0059260,sell
2021-03-18,0,0.14,0,0,0,0.17,1.71,0.07,-0.0059265,-0.0070446,-0.0120740,-0.0143007,-0.0178017,sell
2021-03-19,0,0.23,0,0,0,0.07,1.23,0.17, 0.0122653, 0.0173516, 0.0207349, 0.0175670, 0.0097363,buy
2021-03-20,0,0.39,0,0.05,0,0.02,0.75,0.36, 0.0007846,-0.0004509, 0.0009173,-0.0004580,-0.0004509,buy
2021-03-21,0,0.64,0,0.22,0,0.02,1.36,0.57,-0.0037700,-0.0137232,-0.0037700,-0.0025619, 0.0005121,buy
2021-03-22,0,1.07,0,0.95,0,0.04,1.26,0.55, 0.0097623, 0.0016355, 0.0025656, 0.0035114, 0.0016355,buy
2021-03-23,0,1.59,0,0.84,0,0.16,0.35,0.64, 0.0104399,-0.0102425,-0.0195943,-0.0169103,-0.0118146,sell
2021-03-24,0,1.4,0,0.18,0,0.18,0.09,0.63, 0.0011014,-0.0005684, 0.0011014,-0.0084391,-0.0014454,buy
2021-03-25,0,0.83,0.08,0.04,0,0.09,0,0.31,-0.0214017,-0.0038527,-0.0186939,-0.0142711,-0.0145464,sell
2021-03-26,0,0.5,0.24,0,0,0.12,0,0.13,-0.0104112,-0.0111500,-0.0112195,-0.0111500,-0.0109149,sell
2021-03-27,0,0.29,0.76,0,0,0.2,0.15,0.05,-0.0004899,-0.0001492,-0.0029417,-0.0047830,-0.0065959,sell
2021-03-28,0,0.18,1.93,0,0,0.15,0.39,0.02, 0.0138477, 0.0138477, 0.0138477, 0.0138477, 0.0132606,buy
2021-03-29,0,0.1,1.76,0,0,0.08,1.01,0,-0.0075387,-0.0019017,-0.0064171,-0.0060647,-0.0016900,sell
2021-03-30,0,0.06,0.64,0,0,0.09,2.16,0,-0.0089368,-0.0149843,-0.0115574,-0.0127579,-0.0128220,sell
2021-03-31,0,0,0.22,0,0,0.2,2.68,0, 0.0065235, 0.0062694, 0.0019691, 0.0053288, 0.0062694,buy
2021-04-01,0,0,0.06,0,0,0.25,2.56,0, 0.0125818, 0.0146341, 0.0029210, 0.0135204, 0.0146053,buy
2021-04-02,0,0,0,0,0,0.2,2.14,0, 0.0007254, 0.0018295,-0.0138352, 0.0040901, 0.0032834,buy
2021-04-03,0,0,0,0,0,0.06,1.01,0,-0.0159870,-0.0149138,-0.0154017,-0.0154017,-0.0068719,sell
2021-04-04,0,0,0,0,0,0.01,0.71,0,-0.0009030,-0.0038376,-0.0040508, 0.0012134,-0.0043369,buy
2021-04-05,0,0.06,0,0,0,0,0.95,0,-0.0049385,-0.0124991,-0.0087518,-0.0083587,-0.0087518,sell
2021-04-06,0,0.19,0.14,0,0,0,1.21,0, 0.0146337, 0.0171689, 0.0150149, 0.0139449, 0.0064889,buy
2021-04-07,0,0.64,0.78,0,0,0.02,1.04,0, 0.0118301, 0.0206687, 0.0212402, 0.0166763, 0.0212402,buy
2021-04-08,0,1.27,1.06,0,0,0.06,0.91,0.02,-0.0059769,-0.0134814,-0.0104356,-0.0108401,-0.0196743,sell
2021-04-09,0,0.91,0.24,0,0,0.11,1.39,0.06, 0.0087305,-0.0129607,-0.0100963,-0.0100963,-0.0117742,sell
2021-04-10,0,0.82,0.04,0,0,0.06,2.79,0.18, 0.0121748, 0.0199218, 0.0157091, 0.0265164, 0.0199218,buy
2021-04-11,0,1.24,0.05,0,0,0.05,2.14,0.52,-0.0081666, 0.0014725,-0.0173532,-0.0006349,-0.0173532,sell
2021-04-12,0,0.96,0.09,0,0,0.06,1.35,0.66,-0.0042304, 0.0060013,-0.0151664,-0.0166051,-0.0156089,sell
2021-04-13,0,0.54,0.15,0,0,0.1,1.45,0.32, 0.0023338, 0.0057326, 0.0076239, 0.0057326,-0.0084205,buy
2021-04-14,0,0.77,0.26,0,0,0.16,1.62,0.24, 0.0070617,-0.0041981,-0.0077572,-0.0341531,-0.0164796,sell
2021-04-15,0,1.57,0.44,0,0,0.15,1.73,0.41, 0.0181210, 0.0016912, 0.0032719,-0.0085221,-0.0081992,sell
2021-04-16,0,0.98,0.74,0,0,0.09,1.82,0.74,-0.0009841, 0.0050319,-0.0215008,-0.0220481,-0.0227278,sell
2021-04-17,0,0.91,1.28,0,0,0.06,2.63,1.07, 0.0052949, 0.0044540, 0.0059890, 0.0059890, 0.0196313,buy
2021-04-18,0,1.37,1.43,0,0,0.03,1.75,0.72, 0.0092687, 0.0092687, 0.0114773, 0.0050262, 0.0059095,buy
2021-04-19,0,1.78,0.93,0,0,0.02,0.59,0.16,-0.0158321,-0.0108831,-0.0138718,-0.0128916,-0.0163806,sell
2021-04-20,0,1.43,0.54,0,0,0.01,0.25,0.03, 0.0152519, 0.0103048, 0.0170240, 0.0162517, 0.0103048,buy
2021-04-21,0,0.87,0.32,0,0,0.01,0.11,0.02, 0.0107746, 0.0111045, 0.0042009, 0.0100470, 0.0056518,buy
2021-04-22,0,0.53,0.19,0,0,0,0.08,0.07, 0.0083215, 0.0044110, 0.0076797, 0.0060501, 0.0096065,buy
2021-04-23,0,0.32,0.11,0,0,0,0.06,0.24, 0.0036760, 0.0000507, 0.0013313, 0.0031873,-0.0064054,buy
2021-04-24,0,0.2,0.06,0,0,0.01,0.04,0.84, 0.0032081, 0.0026364,-0.0005595,-0.0127296, 0.0026364,buy
2021-04-25,0,0.12,0,0,0,0.02,0,1.43, 0.0155306, 0.0166177, 0.0119428, 0.0163448, 0.0146597,buy
2021-04-26,0,0.07,0,0,0,0.07,0,0.59, 0.0130582, 0.0034870, 0.0134574, 0.0122519, 0.0130380,buy
2021-04-27,0,0,0,0,0,0.18,0,0.15,-0.0144391, 0.0066744,-0.0123743,-0.0158446,-0.0271124,sell
2021-04-28,0,0,0,0,0,0.17,0.04,0.04, 0.0187272, 0.0211633, 0.0282235, 0.0231101, 0.0227269,buy
2021-04-29,0,0,0,0,0,0.15,0.06,0.04, 0.0129590, 0.0096918, 0.0128662, 0.0156320, 0.0106351,buy
2021-04-30,0,0,0,0,0,0.15,0.09,0.09, 0.0097252, 0.0068119, 0.0068528, 0.0048993, 0.0114826,buy
2021-05-01,0,0,0,0,0,0.09,0.15,0.25, 0.0019220, 0.0019220, 0.0078693, 0.0063699, 0.0019585,buy
2021-05-02,0,0,0,0,0,0.05,0.24,0.69, 0.0054098, 0.0065941, 0.0081215, 0.0036107, 0.0054402,buy
2021-05-03,0,0,0,0,0,0.03,0.37,1.11,-0.0046573,-0.0087407,-0.0101879,-0.0097452,-0.0133204,sell
2021-05-04,0,0,0,0,0,0.02,0.62,0.61,-0.0008460,-0.0008460, 0.0078390, 0.0065120, 0.0080204,buy
2021-05-05,0,0,0,0,0,0.01,0.96,0.26,-0.0004047, 0.0093661, 0.0034303, 0.0066269, 0.0071784,buy
2021-05-06,0,0,0,0,0,0.01,1.05,0.2, 0.0055731, 0.0113856, 0.0031486, 0.0102450, 0.0096212,buy
2021-05-07,0,0,0,0,0,0,0.81,0.4, 0.0131416, 0.0128276, 0.0129388, 0.0114832, 0.0126640,buy
2021-05-08,0,0.06,0.05,0,0,0,0.69,0.88,-0.0038570,-0.0112930,-0.0060229,-0.0106857,-0.0130806,sell
2021-05-09,0,0.23,0.08,0,0,0,0.72,0.7,-0.0033395,-0.0081474, 0.0016849,-0.0028581, 0.0018818,buy
2021-05-10,0,0.81,0.14,0,0,0,0.9,0.23, 0.0111796, 0.0052916, 0.0058688, 0.0062483, 0.0062708,buy
2021-05-11,0,1.61,0.23,0,0,0,1.3,0.08,-0.0129234,-0.0191242,-0.0100668,-0.0135015,-0.0141336,sell
2021-05-12,0,0.96,0.39,0,0,0,1.36,0.04, 0.0001049,-0.0014565, 0.0029385, 0.0020084, 0.0001049,buy
2021-05-13,0,0.38,0.67,0,0,0,0.88,0.04, 0.0124192, 0.0125154, 0.0131316, 0.0078663, 0.0131316,buy
2021-05-14,0,0.25,1.14,0,0,0.01,0.55,0.1,-0.0030373,-0.0061814, 0.0007293,-0.0085855,-0.0064975,sell
2021-05-15,0,0.34,1.62,0,0,0.01,0.31,0.25,-0.0154762,-0.0119388,-0.0012323,-0.0104417,-0.0102226,sell
2021-05-16,0,0.66,1.32,0,0,0.01,0.19,0.48, 0.0080785, 0.0085328, 0.0116532,-0.0035838, 0.0068842,buy
2021-05-17,0,1.4,0.77,0,0,0.01,0.12,0.36,-0.0029057, 0.0001255, 0.0031431, 0.0056302, 0.0031431,buy
2021-05-18,0,2.57,0.45,0,0,0.02,0.07,0.19, 0.0121117, 0.0093443, 0.0164976, 0.0066898, 0.0032369,buy
2021-05-19,0,2.03,0.26,0,0,0.02,0.04,0.16,-0.0143963,-0.0186135, 0.0097486,-0.0182967, 0.0141453,buy
2021-05-20,0,0.98,0.15,0,0,0.03,0,0.26, 0.0044403,-0.0014271, 0.0086001, 0.0177759, 0.0030842,buy
2021-05-21,0,0.52,0.09,0,0,0.05,0,0.4, 0.0099804, 0.0094930, 0.0100382, 0.0116647, 0.0079985,buy
2021-05-22,0,0.25,0.1,0,0,0.06,0,0.3,-0.0038209,-0.0005753,-0.0090689,-0.0001657,-0.0060374,sell
2021-05-23,0,0.16,0.07,0,0,0.1,0,0.14,-0.0007732, 0.0007387, 0.0094903,-0.0011735,-0.0007732,buy
2021-05-24,0,0.1,0.11,0,0,0.13,0,0.06, 0.0055805, 0.0112598, 0.0079315, 0.0055805, 0.0041739,buy
2021-05-25,0,0.06,0.15,0,0,0.15,0,0.03, 0.0071233, 0.0098673, 0.0075833, 0.0062014, 0.0010601,buy
2021-05-26,0,0.04,0.2,0,0,0.13,0,0.01, 0.0080967, 0.0118132, 0.0106544, 0.0081969, 0.0080987,buy
2021-05-27,0,0.05,0.31,0,0,0.11,0,0, 0.0119439, 0.0131241, 0.0115875, 0.0114932, 0.0115875,buy
2021-05-28,0,0.12,0.46,0,0,0.1,0,0, 0.0029368,-0.0013590, 0.0053395,-0.0028550, 0.0118290,buy
2021-05-29,0,0.33,0.89,0,0,0.1,0,0.02,-0.0103065,-0.0121415,-0.0141223,-0.0108045,-0.0117012,sell
2021-05-30,0,0.8,1.71,0.05,0,0.16,0,0.04, 0.0167628, 0.0174429,-0.0031248, 0.0066844, 0.0174429,buy
2021-05-31,0,2.06,1.35,0.08,0,0.2,0,0.07,-0.0201906,-0.0224685,-0.0175402,-0.0128606, 0.0081799,sell
2021-06-01,0,3.44,0.61,0.15,0,0.12,0,0.14, 0.0058915,-0.0043019, 0.0016317, 0.0020761, 0.0023701,buy
2021-06-02,0,2.21,0.33,0.26,0,0.05,0,0.25, 0.0134383, 0.0119240, 0.0125491, 0.0090388, 0.0132239,buy
2021-06-03,0,0.85,0.17,0.45,0,0.04,0,0.45,-0.0147942,-0.0197053,-0.0152484,-0.0093459,-0.0194063,sell
2021-06-04,0,0.33,0.13,0.78,0,0.03,0,0.48,-0.0193724,-0.0180661,-0.0186553,-0.0158407,-0.0187411,sell
2021-06-05,0,0.1,0.09,1.28,0,0.02,0,0.27, 0.0001988, 0.0065438, 0.0067836, 0.0074414, 0.0067275,buy
2021-06-06,0,0,0.07,1.16,0,0.02,0,0.15, 0.0127528, 0.0140217, 0.0108147, 0.0093074, 0.0095019,buy
2021-06-07,0,0,0.04,0.66,0,0.02,0,0.08, 0.0085244,-0.0012738, 0.0062448,-0.0064289, 0.0002667,buy
2021-06-08,0,0,0.04,0.38,0,0.03,0,0.05, 0.0012090,-0.0006810, 0.0099198,-0.0012266,-0.0027671,buy
2021-06-09,0,0,0.06,0.21,0,0.03,0.04,0.03,-0.0050851, 0.0045592,-0.0029010, 0.0010656,-0.0000232,buy
2021-06-10,0,0,0.22,0.12,0,0.05,0.12,0.01, 0.0275000, 0.0253184, 0.0250351, 0.0232529, 0.0158092,buy
2021-06-11,0,0,0.53,0.07,0,0.06,0.34,0.02,-0.0204808, 0.0050711,-0.0002549, 0.0049521, 0.0014269,buy
2021-06-12,0,0,1.36,0.04,0,0.09,1,0.03,-0.0035414, 0.0027732, 0.0034632,-0.0052347, 0.0024221,buy
2021-06-13,0,0.06,2.2,0,0,0.12,1.35,0.07,-0.0089629,-0.0089847,-0.0085208,-0.0097268,-0.0090777,sell
2021-06-14,0,0.17,1.85,0,0,0.17,0.75,0.15, 0.0022499, 0.0009998, 0.0044497, 0.0028715, 0.0022499,buy
2021-06-15,0,0.61,1.62,0,0,0.25,0.61,0.31, 0.0001882,-0.0086317,-0.0093930,-0.0026620,-0.0070284,buy
2021-06-16,0,1.28,1.76,0,0,0.24,0.96,0.48,-0.0186402,-0.0097807,-0.0183885,-0.0092403,-0.0089119,sell
2021-06-17,0,1.37,1.72,0,0,0.17,0.96,0.37,-0.0080477,-0.0002990,-0.0078054,-0.0054197,-0.0069425,sell
2021-06-18,0,1.95,0.91,0,0,0.18,0.45,0.2, 0.0213861, 0.0145793, 0.0211423, 0.0210629, 0.0157945,buy
2021-06-19,0,1.86,0.41,0,0,0.21,0.21,0.11, 0.0278381, 0.0266074, 0.0278381, 0.0278979, 0.0238938,buy
2021-06-20,0,0.74,0.19,0.05,0,0.13,0.1,0.07, 0.0011757, 0.0063811, 0.0014507, 0.0011680, 0.0069480,buy
2021-06-21,0,0.31,0.09,0.14,0,0.06,0.04,0.04,-0.0168661,-0.0136478,-0.0135772,-0.0159879,-0.0130089,sell
2021-06-22,0,0.13,0,0.41,0,0.04,0,0.03, 0.0086538, 0.0083236, 0.0166499, 0.0086155, 0.0098732,buy
2021-06-23,0,0.05,0,1.24,0,0.03,0,0.02, 0.0056411, 0.0134379, 0.0075703, 0.0022837, 0.0101518,buy
2021-06-24,0,0,0,1.27,0,0.01,0,0.01, 0.0098752, 0.0035432, 0.0123611, 0.0121202, 0.0172669,buy
2021-06-25,0,0,0.04,0.47,0,0.01,0,0, 0.0100615, 0.0038321, 0.0167446, 0.0094938, 0.0019830,buy
2021-06-26,0,0,0.11,0.23,0,0.01,0,0, 0.0034263, 0.0055483, 0.0051898, 0.0054438, 0.0033530,buy
2021-06-27,0,0,0.32,0.22,0,0.02,0,0.03, 0.0028795, 0.0079913,-0.0025354, 0.0126559, 0.0079913,buy
2021-06-28,0,0,0.88,0.3,0,0.01,0,0.04,-0.0247425,-0.0198802,-0.0215236,-0.0189111,-0.0253343,sell
2021-06-29,0,0,0.8,0.55,0,0.02,0,0.08,-0.0152529,-0.0071963,-0.0151915,-0.0139468,-0.0199983,sell
2021-06-30,0,0,0.38,1.01,0,0.03,0,0.14, 0.0135582, 0.0103888, 0.0115121, 0.0136362, 0.0136362,buy
2021-07-01,0,0,0.36,1.43,0,0.03,0.06,0.23, 0.0076238, 0.0020535, 0.0086938, 0.0107377, 0.0135246,buy
2021-07-02,0,0,0.69,1.09,0,0.04,0.12,0.39, 0.0099850, 0.0070799, 0.0054653, 0.0097417, 0.0069074,buy
2021-07-03,0,0,1.61,0.64,0,0.07,0.28,0.64,-0.0047921,-0.0135282,-0.0048379,-0.0047921,-0.0047921,sell
2021-07-04,0,0.04,1.56,0.46,0,0.12,0.64,0.69,-0.0166347,-0.0133625,-0.0155030,-0.0145649,-0.0164848,sell
2021-07-05,0,0.09,0.72,0.57,0,0.09,1.27,0.52, 0.0009556, 0.0004876,-0.0002389,-0.0014429,-0.0015665,buy
2021-07-06,0,0.33,0.51,1.32,0,0.05,1.09,0.5, 0.0036096, 0.0045050, 0.0031204, 0.0036096, 0.0105179,buy
2021-07-07,0,0.85,0.79,1.46,0,0.02,0.48,0.74,-0.0102243,-0.0027239,-0.0027239,-0.0009477,-0.0012416,buy
2021-07-08,0,1.93,1.41,0.52,0,0.02,0.21,1.19, 0.0025960, 0.0040789,-0.0009533, 0.0030690, 0.0033336,buy
2021-07-09,0,2.5,0.97,0.17,0,0.05,0.09,0.89,-0.0222924,-0.0187654,-0.0192829,-0.0195628,-0.0187654,sell
2021-07-10,0,1.32,0.31,0.05,0,0.11,0.04,0.36,-0.0015074, 0.0014445,-0.0045312,-0.0015074,-0.0047408,buy
2021-07-11,0,0.41,0.09,0,0,0.17,0,0.13, 0.0154129, 0.0127177, 0.0169762, 0.0169762, 0.0153070,buy
2021-07-12,0,0.13,0,0,0,0.07,0,0.05, 0.0117540, 0.0051303, 0.0048609, 0.0038306, 0.0035951,buy
2021-07-13,0,0,0,0.04,0,0.05,0,0, 0.0024343, 0.0012683, 0.0044242, 0.0055565, 0.0002018,buy
2021-07-14,0,0,0,0.09,0,0.06,0,0, 0.0095522, 0.0049209, 0.0078911, 0.0064918, 0.0037413,buy
2021-07-15,0,0,0.11,0.22,0,0.15,0,0, 0.0097481, 0.0093838, 0.0110618, 0.0110618, 0.0097481,buy
2021-07-16,0,0,0.47,0.54,0,0.14,0,0,-0.0111420,-0.0036135,-0.0045474,-0.0185114,-0.0120773,sell
2021-07-17,0,0,1.51,1.27,0,0.07,0.03,0,-0.0152603,-0.0152603,-0.0018442,-0.0089101, 0.0039195,sell
2021-07-18,0,0,3.2,1.22,0,0.04,0.17,0, 0.0061412, 0.0089578, 0.0117448, 0.0062499, 0.0091156,buy
2021-07-19,0,0.13,2.04,0.55,0,0.02,0.69,0,-0.0044539,-0.0139298,-0.0103376,-0.0055280,-0.0070519,sell
2021-07-20,0,0.79,1.08,0.34,0,0.01,1.37,0, 0.0078910, 0.0164467, 0.0130450, 0.0174407, 0.0104733,buy
2021-07-21,0,0.99,1.37,0.5,0,0,0.66,0, 0.0052210, 0.0062416, 0.0075910, 0.0139298, 0.0056038,buy
2021-07-22,0,0.19,2.17,0.83,0,0,0.4,0,-0.0088753,-0.0113939,-0.0059531,-0.0068503,-0.0075284,sell
2021-07-23,0,0.03,2.02,0.5,0,0,0.51,0,-0.0059481,-0.0155050,-0.0073622,-0.0064035,-0.0059481,sell
2021-07-24,0,0,1.06,0.43,0,0,0.81,0, 0.0037249,-0.0003476,-0.0017492,-0.0056386, 0.0004785,buy
2021-07-25,0,0,0.52,1.38,0,0,0.95,0,-0.0088687,-0.0024180,-0.0024180,-0.0024496,-0.0043829,buy
2021-07-26,0,0,0.36,1.09,0,0,0.7,0,-0.0060098,-0.0022822, 0.0002487, 0.0021316, 0.0021640,buy
2021-07-27,0,0.09,0.9,0.4,0,0,0.47,0,-0.0023922,-0.0069945,-0.0082382,-0.0080358,-0.0090208,sell
2021-07-28,0,0.27,1.17,0.51,0,0,0.41,0,-0.0126780,-0.0020862,-0.0030336,-0.0053226,-0.0040709,sell
2021-07-29,0,0.81,0.85,0.87,0,0,0.74,0, 0.0063979, 0.0126134, 0.0056931, 0.0061057, 0.0062634,buy
2021-07-30,0,1.59,1.58,0.81,0,0,1.06,0,-0.0002186, 0.0023375, 0.0022254, 0.0110874, 0.0109259,buy
2021-07-31,0,1.02,1.13,1,0,0,0.42,0, 0.0108660, 0.0137492, 0.0151575, 0.0151313, 0.0151575,buy
2021-08-01,0,0.35,0.37,2.69,0,0,0.12,0,-0.0001040, 0.0081830, 0.0049212, 0.0070170, 0.0044784,buy
2021-08-02,0,0.12,0.12,2.7,0,0,0.03,0.1,-0.0002775, 0.0077848, 0.0037947, 0.0070170, 0.0054964,buy
2021-08-03,0,0,0,0.96,0,0,0,0.56,-0.0202536,-0.0169243,-0.0186867,-0.0218937,-0.0225566,sell
2021-08-04,0,0,0,0.31,0,0,0,0.75, 0.0042396, 0.0046486,-0.0079525,-0.0038477, 0.0120587,buy
2021-08-05,0,0,0,0.12,0,0,0,0.39, 0.0010683, 0.0016617, 0.0013351, 0.0017040,-0.0057436,buy
2021-08-06,0,0,0,0.05,0,0.01,0,0.64, 0.0030657, 0.0061299, 0.0002187, 0.0125833, 0.0060162,buy
2021-08-07,0,0,0.14,0,0,0.04,0,0.64, 0.0001831, 0.0064466, 0.0075591, 0.0067814, 0.0060803,buy
2021-08-08,0,0.16,0.88,0,0,0.12,0,0.27, 0.0068633, 0.0064480, 0.0040082, 0.0064480, 0.0118671,buy
2021-08-09,0,0.42,1.6,0.11,0,0.09,0,0.12, 0.0050684, 0.0048121,-0.0145763,-0.0097123, 0.0048121,buy
2021-08-10,0,1.13,0.71,0.67,0,0.03,0,0.05, 0.0119745, 0.0114610, 0.0029507, 0.0121477, 0.0099801,buy
2021-08-11,0,2.14,0.68,0.79,0,0.01,0,0.02,-0.0196409,-0.0132377,-0.0170088,-0.0155255,-0.0182978,sell
2021-08-12,0,1.76,1.18,0.15,0,0,0,0,-0.0109778,-0.0202862,-0.0094671,-0.0175676,-0.0126233,sell
2021-08-13,0,1.63,2.17,0.03,0,0,0,0, 0.0075507, 0.0060988, 0.0147973, 0.0177741, 0.0014827,buy
2021-08-14,0,2.23,2.43,0,0,0,0,0, 0.0030494, 0.0022939, 0.0052689, 0.0076867, 0.0027136,buy
2021-08-15,0,2.95,1.84,0,0,0,0,0, 0.0013953,-0.0088561,-0.0087056,-0.0069562,-0.0108043,sell
2021-08-16,0,3.08,2.93,0.04,0,0,0,0,-0.0000168,-0.0000168, 0.0017858, 0.0012202, 0.0033059,buy
2021-08-17,0,2.55,3.26,0.11,0,0.01,0,0, 0.0064598, 0.0048598, 0.0057253, 0.0088827, 0.0067348,buy
2021-08-18,0,1.08,1.41,0.28,0,0.01,0,0,-0.0025475, 0.0045025,-0.0031945,-0.0031945,-0.0031945,buy
2021-08-19,0,0.33,0.54,0.75,0,0.02,0,0, 0.0128511, 0.0081440, 0.0080097, 0.0129969, 0.0076352,buy
2021-08-20,0,0.07,0.17,0.79,0,0.03,0,0,-0.0051866,-0.0037702,-0.0051866,-0.0036086,-0.0063099,sell
2021-08-21,0,0,0.07,0.31,0,0.04,0,0, 0.0093357, 0.0113581, 0.0051460, 0.0030207, 0.0006721,buy
2021-08-22,0,0.03,0,0.12,0,0.07,0,0,-0.0149598,-0.0173755,-0.0189085,-0.0198239,-0.0164148,sell
2021-08-23,0,0.22,0,0.04,0,0.1,0,0,-0.0044870, 0.0065960,-0.0036521,-0.0033004, 0.0015932,buy
2021-08-24,0,0.86,0,0,0,0.12,0,0,-0.0020932,-0.0029206,-0.0019411,-0.0023537, 0.0033250,buy
2021-08-25,0,2.77,0.16,0,0,0.09,0,0, 0.0133210, 0.0069712, 0.0137084, 0.0107676, 0.0119582,buy
2021-08-26,0,2.3,0.56,0,0,0.06,0,0, 0.0153294, 0.0042722, 0.0098835,-0.0011172, 0.0050099,buy
2021-08-27,0,0.73,1.59,0,0,0.04,0,0,-0.0014346,-0.0022879,-0.0023249,-0.0022879,-0.0023249,buy
2021-08-28,0,0.62,2.12,0,0,0.03,0,0,-0.0111705,-0.0073420,-0.0082926,-0.0056705,-0.0054801,sell
2021-08-29,0,1.64,1.66,0,0,0.02,0,0, 0.0075287, 0.0003926, 0.0116343, 0.0110372, 0.0077763,buy
2021-08-30,0,2.05,1.52,0,0,0.01,0,0, 0.0038691,-0.0195400, 0.0002755, 0.0056401, 0.0024364,buy
2021-08-31,0,1.47,1.74,0,0,0.01,0,0, 0.0061994, 0.0058525, 0.0178912, 0.0160033, 0.0101669,buy
2021-09-01,0,2.22,0.98,0,0,0,0,0, 0.0137012, 0.0132356, 0.0180066, 0.0104597,-0.0077511,buy
2021-09-02,0,2.3,0.42,0,0,0,0,0.02,-0.0287721,-0.0309843,-0.0309843,-0.0317891,-0.0305511,sell
2021-09-03,0,2.29,0.25,0,0,0,0,0.07,-0.0260062,-0.0260062,-0.0260062,-0.0301989,-0.0261241,sell
2021-09-04,0,2.13,0.26,0,0,0,0,0.19,-0.0079118,-0.0140611,-0.0140611,-0.0167602,-0.0182294,sell
2021-09-05,0,1.52,0.4,0,0,0,0,0.54,-0.0049803,-0.0017940,-0.0017940,-0.0101580, 0.0040138,buy
2021-09-06,0,1.53,0.79,0,0,0,0,0.64, 0.0007977, 0.0040356, 0.0070539, 0.0119872, 0.0113471,buy
2021-09-07,0,1.01,0.98,0,0,0,0,0.26, 0.0112852,-0.0037567, 0.0150700, 0.0138331, 0.0150700,buy
2021-09-08,0,0.45,0.76,0,0,0,0,0.09, 0.0006150,-0.0030645,-0.0097140,-0.0086276,-0.0007925,sell
2021-09-09,0,0.28,0.96,0,0,0,0,0.03,-0.0025516,-0.0088012,-0.0094775,-0.0112944,-0.0069392,sell
2021-09-10,0,0.22,1.56,0,0,0,0,0,-0.0028878,-0.0036237,-0.0026224,-0.0015002,-0.0026604,buy
2021-09-11,0,0.51,1.12,0,0,0,0,0,-0.0045633,-0.0101683,-0.0044326,-0.0093353,-0.0013176,sell
2021-09-12,0,1,0.46,0,0,0,0,0,-0.0183781,-0.0196510,-0.0117876,-0.0197056,-0.0196445,sell
2021-09-13,0,1.99,0.22,0,0,0,0,0.02, 0.0158675,-0.0001411, 0.0109573, 0.0092992, 0.0146940,buy
2021-09-14,0,3.25,0.25,0,0,0.01,0,0.06, 0.0046190, 0.0076905, 0.0049212, 0.0049212,-0.0001208,buy
2021-09-15,0,2.83,0.49,0,0,0.01,0,0.18, 0.0125645, 0.0106952, 0.0132704, 0.0105939,-0.0076900,buy
2021-09-16,0,1.34,0.88,0,0,0.01,0,0.55, 0.0022555,-0.0050975, 0.0060742, 0.0083318, 0.0060898,buy
2021-09-17,0,0.63,0.61,0,0,0.01,0,0.76, 0.0026023,-0.0024466, 0.0058647, 0.0085409, 0.0036491,buy
2021-09-18,0,0.4,0.23,0,0,0.01,0,0.42, 0.0020178, 0.0031714, 0.0031714, 0.0085733,-0.0081325,buy
2021-09-19,0,0.33,0.09,0.04,0,0.01,0,0.3,-0.0001433,-0.0067150,-0.0022347,-0.0020746,-0.0154117,buy
2021-09-20,0,0.6,0.04,0.1,0,0.01,0,0.35, 0.0130794, 0.0070412, 0.0088572, 0.0091833, 0.0000922,buy
2021-09-21,0,1.38,0,0.29,0,0.02,0,0.49,-0.0072997,-0.0079590, 0.0050063, 0.0030628, 0.0092807,buy
2021-09-22,0,1.63,0,0.81,0,0.02,0,0.64, 0.0015940, 0.0025675,-0.0101201, 0.0001193,-0.0126044,buy
2021-09-23,0,0.85,0,1.26,0,0.02,0,0.54,-0.0004467,-0.0112027,-0.0125101,-0.0091815,-0.0107450,sell
2021-09-24,0,0.51,0,0.69,0,0.02,0,0.38,-0.0196232,-0.0185215,-0.0187342,-0.0177177,-0.0188128,sell
2021-09-25,0,0.51,0,0.25,0,0.03,0,0.3,-0.0008249,-0.0065089,-0.0072449,-0.0065089,-0.0088443,sell
2021-09-26,0,0.8,0,0.09,0,0.03,0,0.25, 0.0032055,-0.0044135,-0.0013071, 0.0102392,-0.0015637,buy
2021-09-27,0,1.06,0,0,0,0.04,0,0.26, 0.0083357,-0.0000639, 0.0106698, 0.0096796, 0.0104916,buy
2021-09-28,0,0.87,0,0,0,0.05,0.04,0.32, 0.0131636, 0.0026221, 0.0089683, 0.0069696, 0.0076386,buy
2021-09-29,0,0.82,0,0,0,0.06,0.12,0.48,-0.0169916, 0.0001506,-0.0017825, 0.0005863,-0.0151887,buy
2021-09-30,0,1.19,0.05,0,0,0.06,0.33,0.87,-0.0092160,-0.0055460,-0.0032450,-0.0081056,-0.0061833,sell
2021-10-01,0,0.93,0.09,0,0,0.08,0.89,1.02, 0.0085944, 0.0102202, 0.0153339, 0.0106004, 0.0147558,buy
2021-10-02,0,0.38,0.18,0,0,0.09,1.27,0.67,-0.0016669,-0.0016669,-0.0030238, 0.0052179, 0.0014009,buy
2021-10-03,0,0.16,0.41,0,0,0.11,0.66,0.34, 0.0116043, 0.0134226, 0.0130201, 0.0134226, 0.0146364,buy
2021-10-04,0,0.05,0.83,0,0,0.12,0.24,0.17,-0.0090330,-0.0036836,-0.0067945,-0.0067945, 0.0007840,sell
2021-10-05,0,0,1.66,0,0,0.16,0.09,0.07,-0.0080551, 0.0039248, 0.0039248,-0.0081353, 0.0040713,buy
2021-10-06,0,0,2.86,0,0,0.18,0,0.03, 0.0171489, 0.0150610, 0.0150610, 0.0173893, 0.0107673,buy
2021-10-07,0,0,2.38,0,0,0.16,0,0, 0.0062171, 0.0047722, 0.0026617,-0.0007437, 0.0074937,buy
2021-10-08,0,0,1.16,0,0,0.12,0,0,-0.0017423,-0.0078939,-0.0076332,-0.0028725,-0.0007868,buy
2021-10-09,0,0,0.68,0,0,0.11,0,0, 0.0048154, 0.0143053, 0.0022111, 0.0032788, 0.0039898,buy
2021-10-10,0,0,0.69,0,0,0.08,0.09,0, 0.0086437, 0.0106806,-0.0073632,-0.0019385,-0.0015000,buy
2021-10-11,0,0,1.21,0,0,0.06,0.24,0,-0.0080150,-0.0157148,-0.0162862,-0.0007536, 0.0003432,buy
2021-10-12,0,0,1.45,0,0,0.05,0.64,0,-0.0176074,-0.0146121,-0.0205178,-0.0121481,-0.0063265,sell
2021-10-13,0,0,0.74,0,0,0.05,1.43,0.03,-0.0074539,-0.0133931,-0.0125533,-0.0149248,-0.0096206,sell
2021-10-14,0,0,0.35,0,0,0.08,1.21,0.07,-0.0146095,-0.0174685,-0.0165732,-0.0155138,-0.0144508,sell
2021-10-15,0,0.05,0.19,0,0,0.17,0.5,0.16,-0.0123350,-0.0038136,-0.0041971,-0.0034201,-0.0133199,sell
2021-10-16,0,0.07,0.2,0,0,0.18,0.32,0.43, 0.0112495, 0.0108154, 0.0066485, 0.0115127, 0.0105643,buy
2021-10-17,0,0.08,0.29,0,0,0.09,0.23,0.68, 0.0067608, 0.0062363,-0.0016567, 0.0052741, 0.0112689,buy
2021-10-18,0,0.08,0.61,0,0,0.05,0.05,0.52, 0.0051621, 0.0035463, 0.0047773, 0.0108115, 0.0109692,buy
2021-10-19,0,0.08,1.52,0,0,0.02,0.02,0.34,-0.0145932,-0.0125896,-0.0072854,-0.0145036,-0.0145932,sell
2021-10-20,0,0.07,1.51,0,0,0.01,0.01,0.38,-0.0108042,-0.0108042,-0.0079243,-0.0111243,-0.0108042,sell
2021-10-21,0,0.05,0.72,0,0,0.01,0.01,0.59, 0.0074478, 0.0018292, 0.0121294, 0.0034645, 0.0108855,buy
2021-10-22,0,0.03,0.56,0,0,0.01,0,0.63,-0.0012917, 0.0025661, 0.0031704,-0.0046357, 0.0088687,buy
2021-10-23,0,0,0.82,0,0,0.01,0,0.4, 0.0199360, 0.0180096, 0.0143038, 0.0180096, 0.0138320,buy
2021-10-24,0,0,1.43,0,0,0.02,0.03,0.22,-0.0164371,-0.0092792,-0.0089566,-0.0059159,-0.0160853,sell
2021-10-25,0,0,1.13,0,0,0.03,0.07,0.12, 0.0005060,-0.0200125,-0.0057482,-0.0053512,-0.0034974,buy
2021-10-26,0,0,0.44,0,0,0.06,0.16,0.11,-0.0045512,-0.0036595,-0.0021756,-0.0139372,-0.0051189,sell
2021-10-27,0,0,0.15,0,0,0.13,0.39,0.13,-0.0050475, 0.0031369, 0.0015851, 0.0083329,-0.0050483,buy
2021-10-28,0,0,0.05,0,0,0.19,0.79,0.22,-0.0076631,-0.0135438,-0.0102272,-0.0121715,-0.0147756,sell
2021-10-29,0,0,0,0,0,0.12,0.68,0.49, 0.0046865,-0.0082556, 0.0044183, 0.0046865, 0.0081293,buy
2021-10-30,0,0.08,0,0,0,0.06,0.3,0.74, 0.0086267, 0.0108748, 0.0093701, 0.0055255, 0.0085340,buy
2021-10-31,0,0.21,0,0,0,0.03,0.13,0.52, 0.0086778, 0.0087418, 0.0114216, 0.0133817, 0.0112940,buy
2021-11-01,0,0.51,0,0.08,0,0.02,0.06,0.54, 0.0084738,-0.0033636,-0.0025959, 0.0045684, 0.0094510,buy
2021-11-02,0,1.27,0,0.19,0,0.01,0.04,0.71,-0.0164237,-0.0154038,-0.0055415,-0.0059620,-0.0091864,sell
2021-11-03,0,1.59,0,0.48,0,0.01,0.04,0.32,-0.0084346,-0.0018418,-0.0043886,-0.0054537,-0.0087705,sell
2021-11-04,0,0.79,0,1.22,0,0.01,0.06,0.09,-0.0048797,-0.0011646,-0.0084730,-0.0046381,-0.0017509,buy
2021-11-05,0,0.32,0,1.27,0,0.01,0.15,0.06, 0.0095110, 0.0191991, 0.0163676, 0.0071859, 0.0197487,buy
2021-11-06,0,0.13,0,0.5,0,0.01,0.21,0.08, 0.0062423,-0.0050934, 0.0177514,-0.0051402,-0.0049100,sell
2021-11-07,0,0.06,0,0.2,0,0.01,0.19,0.13,-0.0127802,-0.0012712,-0.0112216,-0.0137181,-0.0110181,sell
2021-11-08,0,0,0,0.08,0,0.02,0.15,0.29, 0.0061621, 0.0091896, 0.0063244, 0.0061621, 0.0030358,buy
2021-11-09,0,0,0,0,0,0.02,0.13,0.66, 0.0032542, 0.0032542, 0.0058725,-0.0056366, 0.0036422,buy
2021-11-10,0,0,0,0,0,0.03,0.14,1.42, 0.0152121, 0.0139429,-0.0008716, 0.0083927, 0.0156309,buy
2021-11-11,0,0,0,0.1,0,0.03,0.15,1.21, 0.0013406, 0.0029777,-0.0053007, 0.0011040, 0.0044418,buy
2021-11-12,0,0,0,0.51,0,0.05,0.22,0.56,-0.0103393, 0.0032906, 0.0010284,-0.0109175, 0.0055708,buy
2021-11-13,0,0,0,1.39,0,0.08,0.3,0.35,-0.0055474,-0.0010560, 0.0056138, 0.0006804,-0.0002858,buy
2021-11-14,0,0,0,1,0,0.13,0.48,0.33,-0.0153598,-0.0099143,-0.0098403,-0.0121338,-0.0096286,sell
2021-11-15,0,0,0,0.59,0,0.12,0.85,0.48, 0.0095987,-0.0020069, 0.0092013, 0.0238422,-0.0096519,buy
2021-11-16,0,0,0,0.82,0,0.09,1.6,0.39,-0.0034245,-0.0153199,-0.0129490, 0.0011045,-0.0129951,sell
2021-11-17,0,0,0,1.27,0,0.06,1.51,0.17,-0.0040467,-0.0059590,-0.0059590,-0.0016648, 0.0160636,buy
2021-11-18,0,0,0,1.07,0,0.06,0.92,0.1,-0.0014370,-0.0054249, 0.0005618, 0.0018885, 0.0027700,buy
2021-11-19,0,0,0,0.56,0,0.07,0.82,0.13,-0.0013031, 0.0018104, 0.0030137, 0.0037873, 0.0048852,buy
2021-11-20,0,0,0,0.29,0,0.06,1.27,0.4,-0.0101882,-0.0131503,-0.0131503,-0.0056863,-0.0080244,sell
2021-11-21,0,0,0,0.16,0,0.05,1.8,0.39,-0.0000731, 0.0038667,-0.0013502, 0.0042897, 0.0048352,buy
2021-11-22,0,0,0,0.08,0,0.05,1.1,0.11, 0.0084326, 0.0015772,-0.0004974, 0.0015772, 0.0036942,buy
2021-11-23,0,0,0,0.04,0,0.04,0.72,0.03, 0.0031948,-0.0059871,-0.0067708, 0.0031613,-0.0005963,buy
2021-11-24,0,0,0,0,0,0.04,0.61,0, 0.0191989, 0.0036631, 0.0049123, 0.0221493, 0.0053315,buy
2021-11-25,0,0,0,0,0,0.05,0.62,0,-0.0003612,-0.0105915,-0.0105915, 0.0008661,-0.0156261,buy
2021-11-26,0,0,0,0,0,0.04,0.67,0, 0.0003238,-0.0001811, 0.0024206,-0.0067899,-0.0001811,buy
2021-11-27,0,0,0,0,0,0.03,0.8,0, 0.0098391, 0.0053405, 0.0055773,-0.0112529,-0.0174203,buy
2021-11-28,0,0,0,0,0,0.04,1.12,0,-0.0212287,-0.0228389, 0.0074315,-0.0150018,-0.0246077,sell
2021-11-29,0,0,0.12,0,0,0.09,2.11,0, 0.0177663, 0.0194815, 0.0285322, 0.0226564, 0.0142570,buy
2021-11-30,0,0,0.4,0,0,0.23,3.44,0, 0.0186814, 0.0179577, 0.0183288, 0.0127282, 0.0181206,buy
2021-12-01,0,0,1.48,0,0,0.33,2.56,0.02, 0.0067592, 0.0064039, 0.0088825, 0.0048098, 0.0064059,buy
2021-12-02,0,0,2.19,0,0,0.22,1.38,0.03,-0.0031125,-0.0024824,-0.0035881,-0.0058300,-0.0088720,sell
2021-12-03,0,0,1.82,0,0,0.1,0.95,0.05,-0.0090531,-0.0055891,-0.0089866,-0.0077561,-0.0048022,sell
2021-12-04,0,0,1.12,0,0,0.05,0.99,0.08, 0.0015679,-0.0008036,-0.0016879,-0.0040629,-0.0010312,buy
2021-12-05,0,0,0.4,0,0,0.03,1.29,0.13, 0.0181202, 0.0178344, 0.0015476, 0.0035636, 0.0003710,buy
2021-12-06,0,0,0.16,0,0,0.01,1.52,0.21, 0.0176595, 0.0179959, 0.0237606, 0.0143752, 0.0174548,buy
2021-12-07,0,0,0.06,0,0,0.02,1.15,0.34,-0.0149608,-0.0124646, 0.0052007,-0.0086684,-0.0044037,sell
2021-12-08,0,0,0,0,0,0.04,0.68,0.4,-0.0121611,-0.0100428,-0.0100428,-0.0068387,-0.0054921,sell
2021-12-09,0,0.19,0,0,0,0.11,0.49,0.28,-0.0084262,-0.0044716, 0.0047239, 0.0078506,-0.0101153,buy
2021-12-10,0,0.77,0,0,0,0.19,0.52,0.17, 0.0006829, 0.0044868, 0.0034475, 0.0046734, 0.0070370,buy
2021-12-11,0,1.59,0,0,0,0.09,0.93,0.11, 0.0007770,-0.0083212,-0.0029947,-0.0048876,-0.0080677,sell
2021-12-12,0,0.74,0,0,0,0.04,0.73,0.07,-0.0033917,-0.0006811,-0.0038791,-0.0088517,-0.0048267,sell
2021-12-13,0,0.18,0,0,0,0.02,0.18,0.04, 0.0074240, 0.0001265, 0.0062120, 0.0000640, 0.0000640,buy
2021-12-14,0,0.1,0,0,0,0.03,0.05,0.03, 0.0191759, 0.0172426, 0.0064088, 0.0172426, 0.0172426,buy
2021-12-15,0,0.25,0,0,0,0.07,0.04,0.02, 0.0119953, 0.0118245,-0.0085318, 0.0119862, 0.0063023,buy
2021-12-16,0,0.62,0,0,0,0.16,0.08,0,-0.0036938,-0.0090265,-0.0140762,-0.0177747,-0.0055348,sell
2021-12-17,0,1.59,0,0,0,0.18,0.17,0, 0.0158899, 0.0091492, 0.0085700, 0.0170592, 0.0070571,buy
2021-12-18,0,1.56,0,0,0,0.09,0.36,0, 0.0030465, 0.0001521, 0.0085010, 0.0049043, 0.0001521,buy
2021-12-19,0,0.61,0,0,0,0.04,0.76,0,-0.0299261,-0.0349251,-0.0326508,-0.0345689,-0.0355363,sell
2021-12-20,0,0.24,0,0,0,0.03,0.79,0,-0.0114556,-0.0114167,-0.0262171,-0.0215374,-0.0115310,sell
2021-12-21,0,0.1,0,0,0,0.06,0.39,0, 0.0004459,-0.0028734,-0.0082351,-0.0015938,-0.0037375,buy
2021-12-22,0,0,0,0,0,0.1,0.18,0, 0.0007626, 0.0088993,-0.0010635, 0.0055626,-0.0011769,buy
2021-12-23,0,0,0.05,0,0,0.07,0.15,0, 0.0059370, 0.0009127, 0.0090395,-0.0000878,-0.0003233,buy
2021-12-24,0,0,0.1,0,0,0.05,0.13,0,-0.0070648,-0.0077766, 0.0004452,-0.0046550,-0.0072284,buy
2021-12-25,0,0,0.2,0,0,0.06,0.16,0, 0.0005027, 0.0025457, 0.0037177,-0.0040592,-0.0027779,buy
2021-12-26,0,0,0.37,0,0,0.12,0.28,0, 0.0230205, 0.0068646, 0.0118216, 0.0097495, 0.0093137,buy
2021-12-27,0,0,0.71,0,0,0.25,0.48,0,-0.0046050,-0.0026615,-0.0068902,-0.0140219,-0.0103618,sell
2021-12-28,0,0,1.36,0,0,0.29,0.81,0,-0.0026906,-0.0104626,-0.0046493,-0.0144720,-0.0076547,sell
2021-12-29,0,0,1.44,0,0,0.22,1.4,0, 0.0161255, 0.0050617, 0.0183610,-0.0048045, 0.0183610,buy
2021-12-30,0,0,0.77,0,0,0.18,1.43,0, 0.0008936,-0.0120118,-0.0033650,-0.0208503, 0.0019863,buy
2021-12-31,0,0,0.41,0,0,0.19,0.84,0, 0.0046624, 0.0134567,-0.0030618, 0.0021211, 0.0021211,buy
2022-01-01,0,0,0.21,0,0,0.15,0.49,0, 0.0097631, 0.0129248, 0.0144807, 0.0116035, 0.0126060,buy
2022-01-02,0,0,0.11,0,0,0.08,0.29,0,-0.0000200, 0.0007236,-0.0070061, 0.0021669, 0.0005689,buy
2022-01-03,0,0,0.06,0,0,0.06,0.17,0, 0.0048993, 0.0026589, 0.0022983,-0.0015245, 0.0072297,buy
2022-01-04,0,0,0,0,0,0.04,0.1,0, 0.0132925, 0.0133510, 0.0111876, 0.0050971, 0.0159181,buy
2022-01-05,0,0,0,0,0,0.05,0.06,0, 0.0082867, 0.0082867, 0.0074198, 0.0017482, 0.0122520,buy
2022-01-06,0,0,0,0,0,0.11,0,0,-0.0010634, 0.0019380, 0.0024662,-0.0019046, 0.0001591,buy
2022-01-07,0,0,0,0,0,0.12,0,0,-0.0027440, 0.0022182, 0.0065964,-0.0027440,-0.0027440,buy
2022-01-08,0,0,0,0,0,0.07,0,0.04, 0.0193386, 0.0040022, 0.0124399,-0.0027967, 0.0009975,buy
2022-01-09,0,0,0,0,0,0.08,0,0.08,-0.0012960,-0.0113116,-0.0070048,-0.0191587,-0.0111559,sell
2022-01-10,0,0,0,0,0,0.11,0,0.15, 0.0034898, 0.0034898, 0.0023563, 0.0111997, 0.0034898,buy
2022-01-11,0,0,0,0,0,0.11,0,0.24,-0.0036670,-0.0036670,-0.0114156, 0.0103814, 0.0068617,buy
2022-01-12,0,0,0,0,0,0.06,0,0.34, 0.0110191, 0.0093299, 0.0093792, 0.0093461, 0.0053211,buy
2022-01-13,0,0.07,0,0,0,0.03,0,0.4,-0.0029239, 0.0013700,-0.0040324,-0.0027967,-0.0069714,buy
2022-01-14,0,0.14,0,0,0,0.03,0,0.41, 0.0064529, 0.0133084,-0.0011487, 0.0064529, 0.0063686,buy
2022-01-15,0,0.26,0,0,0,0.05,0,0.41, 0.0044972, 0.0048988,-0.0047336, 0.0049988, 0.0046873,buy
2022-01-16,0,0.5,0,0,0,0.12,0,0.34, 0.0137015, 0.0154995, 0.0118869, 0.0128599, 0.0141591,buy
2022-01-17,0,0.95,0,0,0,0.15,0,0.24, 0.0085322, 0.0081539, 0.0021763, 0.0116542, 0.0117939,buy
2022-01-18,0,1.59,0,0,0,0.06,0,0.14, 0.0038203,-0.0147489,-0.0109800, 0.0107427,-0.0155335,buy
2022-01-19,0,1.37,0,0,0,0.03,0,0.07, 0.0111277, 0.0123553, 0.0108152, 0.0107356, 0.0108708,buy
2022-01-20,0,0.72,0,0,0,0.04,0,0.03,-0.0101795,-0.0130538,-0.0013091,-0.0118931,-0.0093887,sell
2022-01-21,0,0.38,0,0,0,0.06,0,0,-0.0058023,-0.0052113,-0.0077694,-0.0045542,-0.0035185,buy
2022-01-22,0,0.2,0,0,0,0.11,0,0,-0.0002377, 0.0023655, 0.0032389,-0.0002377, 0.0023655,buy
2022-01-23,0,0.1,0,0,0,0.18,0,0, 0.0185177, 0.0178373, 0.0201817, 0.0165234, 0.0185177,buy
2022-01-24,0,0.06,0,0,0,0.17,0,0,-0.0053118,-0.0015333, 0.0029845,-0.0015333,-0.0008370,buy
2022-01-25,0,0,0,0,0,0.1,0,0, 0.0074350, 0.0045515, 0.0043605, 0.0043573, 0.0037466,buy
2022-01-26,0,0,0,0,0,0.06,0,0.02, 0.0043224,-0.0017114,-0.0061180,-0.0064645,-0.0074821,sell
2022-01-27,0,0,0,0,0,0.03,0.03,0.05, 0.0211101, 0.0085900, 0.0176103, 0.0085900, 0.0030419,buy
2022-01-28,0,0,0,0,0,0.02,0.04,0.12, 0.0014058, 0.0081213, 0.0047731, 0.0009790,-0.0000034,buy
2022-01-29,0,0,0,0,0,0.01,0.07,0.3, 0.0046652, 0.0056895, 0.0051837, 0.0046652, 0.0053525,buy
2022-01-30,0,0,0,0,0,0.01,0.14,0.63,-0.0157219,-0.0160518,-0.0164387,-0.0195367,-0.0166556,sell
2022-01-31,0,0,0,0,0,0.01,0.21,0.55,-0.0152790,-0.0156477,-0.0152984,-0.0219852,-0.0167629,sell
2022-02-01,0,0,0,0,0,0.01,0.33,0.22, 0.0126213, 0.0159295, 0.0133191, 0.0126213, 0.0120628,buy
2022-02-02,0,0,0,0,0,0.02,0.49,0.09, 0.0056224, 0.0056224, 0.0058592, 0.0061706,-0.0056919,buy
2022-02-03,0,0,0,0,0,0.03,0.73,0.04, 0.0177003, 0.0148366, 0.0166410,-0.0028000,-0.0079362,buy
2022-02-04,0,0,0,0,0,0.03,0.92,0,-0.0230465,-0.0282994, 0.0023071,-0.0228868,-0.0273866,sell
2022-02-05,0,0,0,0,0,0.04,0.82,0,-0.0082896,-0.0196426, 0.0142476,-0.0214561,-0.0200731,sell
2022-02-06,0,0,0,0,0,0.04,0.6,0, 0.0046233, 0.0051337, 0.0090946,-0.0041906,-0.0071892,buy
2022-02-07,0,0,0,0,0,0.04,0.47,0, 0.0023312,-0.0009665, 0.0090893,-0.0011744,-0.0011744,buy
2022-02-08,0,0,0,0,0,0.04,0.41,0, 0.0015404,-0.0011601, 0.0086968,-0.0013168,-0.0011601,buy
2022-02-09,0,0,0,0,0,0.03,0.38,0,-0.0003980,-0.0007797,-0.0007987,-0.0007797,-0.0007797,buy
2022-02-10,0,0,0,0,0,0.03,0.4,0, 0.0213420, 0.0180470, 0.0213420, 0.0119203, 0.0034405,buy
2022-02-11,0,0,0,0,0,0.03,0.45,0, 0.0015889,-0.0050038, 0.0046719,-0.0053616,-0.0124404,buy
2022-02-12,0,0,0,0,0,0.03,0.51,0, 0.0213695, 0.0011945, 0.0231348, 0.0139707, 0.0000303,buy
2022-02-13,0,0,0,0,0,0.03,0.59,0, 0.0197038, 0.0166905, 0.0198736, 0.0082879,-0.0023233,buy
2022-02-14,0,0,0,0,0,0.03,0.72,0, 0.0110355, 0.0114790, 0.0115034,-0.0133693,-0.0137257,buy
2022-02-15,0,0,0,0,0,0.04,0.86,0, 0.0095089,-0.0012709,-0.0014227,-0.0171913,-0.0149890,sell
2022-02-16,0,0,0,0,0,0.04,1.05,0,-0.0022411,-0.0068072, 0.0016691,-0.0219116,-0.0155574,sell
2022-02-17,0,0,0,0,0,0.06,1.27,0, 0.0041056, 0.0024964,-0.0023475,-0.0051244, 0.0004243,buy
2022-02-18,0,0,0,0,0,0.07,1.28,0,-0.0059072,-0.0083784,-0.0129273,-0.0231320,-0.0107348,sell
2022-02-19,0,0,0,0,0,0.09,1.06,0, 0.0130411,-0.0069918,-0.0052095,-0.0271081,-0.0178484,sell
2022-02-20,0,0,0,0,0,0.11,0.88,0, 0.0279919, 0.0040275, 0.0037227,-0.0096989, 0.0020980,buy
2022-02-21,0,0,0,0,0,0.14,0.73,0.02, 0.0167755, 0.0070225, 0.0068175,-0.0005262, 0.0026506,buy
2022-02-22,0,0,0,0,0,0.17,0.61,0.06, 0.0048567,-0.0005718, 0.0029165, 0.0014185, 0.0053677,buy
2022-02-23,0,0,0,0,0,0.21,0.5,0.18, 0.0018863, 0.0020461, 0.0029272, 0.0033451, 0.0047121,buy
2022-02-24,0,0,0,0,0,0.23,0.41,0.55, 0.0018642, 0.0020949, 0.0055856, 0.0020949, 0.0077557,buy
2022-02-25,0,0,0,0,0,0.23,0.34,0.63, 0.0067859, 0.0080155, 0.0086870, 0.0080155, 0.0114713,buy
2022-02-26,0,0,0,0,0,0.24,0.36,0.23, 0.0040506, 0.0213637, 0.0152528, 0.0152354, 0.0164063,buy
2022-02-27,0,0,0,0,0,0.29,0.42,0.07,-0.0017073, 0.0105558, 0.0007792, 0.0007211, 0.0120176,buy
2022-02-28,0,0,0,0,0,0.35,0.64,0.02,-0.0072834, 0.0080439,-0.0050879,-0.0072834, 0.0058985,buy
2022-03-01,0,0,0,0,0,0.38,1.18,0, 0.0017115, 0.0121128, 0.0036558, 0.0017115, 0.0097645,buy
2022-03-02,0,0,0,0,0,0.43,1.4,0, 0.0016091, 0.0012527,-0.0019061, 0.0016091, 0.0042714,buy
2022-03-03,0,0,0,0,0,0.48,0.76,0, 0.0009587, 0.0019251,-0.0019061, 0.0009587, 0.0042714,buy
2022-03-04,0,0,0,0,0,0.43,0.36,0, 0.0016554, 0.0064423, 0.0006676, 0.0016554, 0.0072620,buy
2022-03-05,0,0,0,0,0,0.39,0.2,0, 0.0007005, 0.0120345, 0.0031701, 0.0007005, 0.0087534,buy
2022-03-06,0,0,0,0,0,0.36,0.11,0,-0.0107294, 0.0081041,-0.0062766,-0.0103538,-0.0026626,buy
2022-03-07,0,0,0,0,0,0.3,0.05,0, 0.0044505, 0.0196055, 0.0126621, 0.0158983, 0.0173961,buy
2022-03-08,0,0,0,0,0,0.19,0.04,0, 0.0089993,-0.0033079, 0.0060567, 0.0059959, 0.0096420,buy
2022-03-09,0,0,0,0,0,0.13,0.04,0, 0.0301710, 0.0249783, 0.0225833, 0.0255393, 0.0168339,buy
2022-03-10,0,0,0,0,0,0.09,0,0, 0.0032432, 0.0114225, 0.0054714, 0.0024930, 0.0013129,buy
2022-03-11,0,0,0,0,0,0.08,0,0, 0.0063414, 0.0083886,-0.0143945, 0.0066383,-0.0039986,buy
2022-03-12,0,0,0,0,0,0.06,0,0, 0.0245690, 0.0178394, 0.0131202, 0.0151743, 0.0157804,buy
2022-03-13,0,0,0,0,0,0.07,0,0, 0.0228661, 0.0118940, 0.0122812, 0.0038084, 0.0012969,buy
2022-03-14,0,0,0,0,0,0.04,0.04,0, 0.0200271, 0.0157221, 0.0148949, 0.0137741, 0.0080730,buy
2022-03-15,0,0,0,0,0,0.07,0.24,0.03, 0.0031189, 0.0037252, 0.0090024, 0.0083638, 0.0043517,buy
2022-03-16,0,0,0,0,0,0.14,0.82,0.08,-0.0095068,-0.0037090, 0.0103723, 0.0055641,-0.0103361,buy
2022-03-17,0,0,0,0,0,0.33,1.87,0.21,-0.0021119,-0.0038437,-0.0008031,-0.0008031,-0.0039332,buy
2022-03-18,0,0,0,0,0,0.33,1.88,0.47,-0.0004308,-0.0114914,-0.0095743,-0.0095743,-0.0113445,sell
2022-03-19,0,0,0,0,0,0.13,1.23,0.73, 0.0020196, 0.0020196, 0.0012802, 0.0028879, 0.0029163,buy
2022-03-20,0,0,0,0,0,0.09,0.46,0.6, 0.0041187,-0.0008625, 0.0044005, 0.0041187, 0.0055387,buy
2022-03-21,0,0,0,0,0,0.12,0.22,0.54,-0.0025238,-0.0014266,-0.0026209, 0.0005136,-0.0079660,buy
2022-03-22,0,0,0,0,0,0.15,0.12,0.71, 0.0127595, 0.0141800, 0.0102742, 0.0129201, 0.0142567,buy
2022-03-23,0,0,0,0,0,0.08,0.07,0.62, 0.0043064, 0.0065142, 0.0075424, 0.0040903, 0.0043064,buy
2022-03-24,0,0,0,0,0,0.1,0.22,0.31,-0.0065637,-0.0029159,-0.0090061, 0.0112666, 0.0073203,buy
2022-03-25,0,0,0,0,0,0.24,0.75,0.17,-0.0011661,-0.0036341,-0.0061473,-0.0083087,-0.0072748,sell
2022-03-26,0,0,0,0,0,0.37,1.54,0.09,-0.0106179,-0.0174298,-0.0136167,-0.0092065,-0.0137889,sell
2022-03-27,0,0,0,0,0,0.36,0.97,0.05, 0.0036004,-0.0030412, 0.0039768, 0.0055098, 0.0074959,buy
2022-03-28,0,0,0,0,0,0.28,0.84,0.03, 0.0160840, 0.0011778, 0.0057167, 0.0060046, 0.0038282,buy
2022-03-29,0,0,0,0,0,0.16,0.98,0, 0.0123486, 0.0098720, 0.0102790, 0.0071437, 0.0122715,buy
2022-03-30,0,0,0,0,0,0.24,0.87,0, 0.0100382, 0.0093232, 0.0090421, 0.0093232, 0.0096197,buy
2022-03-31,0,0,0,0,0,0.19,0.95,0, 0.0030042,-0.0023429, 0.0106738, 0.0056262,-0.0053668,buy
2022-04-01,0,0,0,0,0,0.07,1.22,0,-0.0306326,-0.0138293,-0.0249558,-0.0306326,-0.0168420,sell
2022-04-02,0,0,0,0,0,0.04,0.61,0,-0.0058523,-0.0054877,-0.0003508,-0.0076669,-0.0054877,sell
2022-04-03,0,0,0,0,0,0.04,0.22,0,-0.0023857, 0.0015465,-0.0061180,-0.0039460,-0.0040043,buy
2022-04-04,0,0,0,0,0,0.03,0.07,0, 0.0157573, 0.0050971, 0.0158480, 0.0158480, 0.0174729,buy
2022-04-05,0,0,0,0,0,0.03,0.17,0, 0.0174973, 0.0075648, 0.0174973, 0.0174973, 0.0194211,buy
2022-04-06,0,0,0,0,0,0.03,0.65,0,-0.0032467,-0.0032467, 0.0007016,-0.0070324,-0.0032467,buy
2022-04-07,0,0,0,0,0,0.04,1.84,0, 0.0026421, 0.0064745, 0.0026421,-0.0015281, 0.0076622,buy
2022-04-08,0,0,0,0,0,0.04,1.78,0.05, 0.0043086, 0.0119436, 0.0043086, 0.0010301,-0.0063409,buy
2022-04-09,0,0,0,0,0,0.04,1.07,0.31, 0.0089722, 0.0159626, 0.0151397, 0.0154592, 0.0161928,buy
2022-04-10,0,0,0,0,0,0.05,0.54,0.63, 0.0024475, 0.0025522, 0.0103815, 0.0090927, 0.0080928,buy
2022-04-11,0,0,0,0,0,0.05,0.7,0.2, 0.0028619, 0.0001128, 0.0043806, 0.0040422, 0.0067719,buy
2022-04-12,0,0,0,0,0,0.06,1.38,0.03, 0.0148172, 0.0147011, 0.0148172, 0.0147011, 0.0147011,buy
2022-04-13,0,0,0,0,0,0.06,1.44,0, 0.0124864, 0.0098069, 0.0131581, 0.0095198, 0.0096966,buy
2022-04-14,0,0,0,0,0,0.09,0.73,0.03, 0.0010417, 0.0071702, 0.0017213, 0.0084047, 0.0084047,buy
2022-04-15,0,0,0,0,0,0.17,0.51,0.06, 0.0007604, 0.0025827, 0.0041435, 0.0041643, 0.0050185,buy
2022-04-16,0,0,0,0,0,0.21,0.62,0.15,-0.0053550,-0.0028661,-0.0004745,-0.0007663,-0.0096215,buy
2022-04-17,0,0,0,0,0,0.21,1.2,0.38, 0.0075645, 0.0087056, 0.0162664, 0.0147176, 0.0106118,buy
2022-04-18,0,0,0,0,0,0.22,1.51,0.69,-0.0071404,-0.0090868,-0.0095447,-0.0042461,-0.0070674,sell
2022-04-19,0,0,0,0,0,0.1,0.88,0.64, 0.0000193,-0.0003752, 0.0012264, 0.0066388, 0.0010365,buy
2022-04-20,0,0,0,0,0,0.06,0.47,0.68,-0.0001508,-0.0002117, 0.0091864, 0.0084581, 0.0044182,buy
2022-04-21,0,0,0,0,0,0.05,0.33,0.52, 0.0116404, 0.0130356, 0.0135613, 0.0119982, 0.0127556,buy
2022-04-22,0,0,0,0,0,0.03,0.29,0.27,-0.0029443,-0.0074588,-0.0061040,-0.0051621,-0.0056402,sell
2022-04-23,0,0,0,0,0,0.04,0.34,0.4, 0.0023924, 0.0007165,-0.0003567, 0.0007165, 0.0002136,buy
2022-04-24,0,0,0,0,0,0.04,0.45,0.73,-0.0000540,-0.0003908, 0.0075479, 0.0070801, 0.0081698,buy
2022-04-25,0,0,0,0,0,0.04,0.69,0.44, 0.0072009, 0.0057689, 0.0057689, 0.0024512, 0.0102823,buy
2022-04-26,0,0,0,0,0,0.03,1.15,0.15, 0.0120131, 0.0141281, 0.0135072, 0.0165155, 0.0157585,buy
2022-04-27,0,0,0,0,0,0.04,1.44,0.05, 0.0126222, 0.0130581, 0.0126222, 0.0118196, 0.0086062,buy
2022-04-28,0,0,0,0,0,0.06,1.31,0.02, 0.0131560, 0.0115269, 0.0125508, 0.0132716, 0.0093104,buy
2022-04-29,0,0,0,0,0,0.09,1.44,0,-0.0042677, 0.0013757, 0.0013757,-0.0047810, 0.0020199,buy
2022-04-30,0,0,0,0,0,0.14,2.08,0, 0.0102685, 0.0137606,-0.0027522,-0.0044403, 0.0001140,buy
2022-05-01,0,0,0,0,0,0.26,2.86,0, 0.0139844, 0.0122435, 0.0129098, 0.0075995, 0.0131305,buy
2022-05-02,0,0,0,0,0,0.41,2.78,0, 0.0120869, 0.0115128, 0.0111563, 0.0103987, 0.0113089,buy
2022-05-03,0,0,0,0,0,0.39,2.99,0, 0.0178460, 0.0156268, 0.0135513, 0.0121402, 0.0150568,buy
2022-05-04,0,0,0,0,0,0.29,3.4,0, 0.0170711, 0.0162517, 0.0166793, 0.0101742, 0.0155365,buy
2022-05-05,0,0,0,0,0,0.18,3.06,0, 0.0096097, 0.0091639, 0.0090609, 0.0046712, 0.0025719,buy
2022-05-06,0,0,0,0,0,0.14,2.63,0, 0.0130616, 0.0139997, 0.0051443, 0.0002570, 0.0112695,buy
2022-05-07,0,0,0,0,0,0.13,2.25,0, 0.0065076, 0.0009002,-0.0081602,-0.0005230, 0.0009002,buy
2022-05-08,0,0,0,0,0,0.16,1.82,0,-0.0133074,-0.0190538,-0.0198600,-0.0181920,-0.0203759,sell
2022-05-09,0,0,0,0,0,0.2,1.45,0,-0.0142701,-0.0149229,-0.0123609,-0.0056385,-0.0123609,sell
2022-05-10,0,0,0,0,0,0.32,1.16,0,-0.0182942,-0.0168247,-0.0192096,-0.0218931,-0.0211166,sell
2022-05-11,0,0,0,0,0,0.42,0.91,0.03,-0.0124151,-0.0105781,-0.0152145,-0.0144926,-0.0160020,sell
2022-05-12,0,0,0,0,0,0.36,0.77,0.07,-0.0142265,-0.0135253,-0.0176164,-0.0163806,-0.0200948,sell
2022-05-13,0,0,0,0,0,0.26,0.66,0.18,-0.0163588,-0.0187564,-0.0144348,-0.0166157,-0.0175068,sell
2022-05-14,0,0,0,0,0,0.17,0.57,0.4, 0.0103512, 0.0090193, 0.0014018, 0.0102289, 0.0057300,buy
2022-05-15,0,0,0,0,0,0.13,0.51,0.77,-0.0030056, 0.0025029, 0.0049251, 0.0081602, 0.0081602,buy
2022-05-16,0,0,0,0,0,0.11,0.49,0.7, 0.0016523,-0.0028728, 0.0076558, 0.0088184, 0.0076558,buy
2022-05-17,0,0,0,0,0,0.11,0.55,0.45, 0.0061928,-0.0111273, 0.0061928, 0.0075470, 0.0116438,buy
2022-05-18,0,0,0,0,0,0.1,0.76,0.45,-0.0029899,-0.0143427,-0.0029899,-0.0029899, 0.0032269,buy
2022-05-19,0,0,0,0,0,0.08,1.19,0.56,-0.0086449,-0.0086449,-0.0086449,-0.0014838,-0.0059235,sell
2022-05-20,0,0,0,0,0,0.07,1.44,0.47, 0.0016081, 0.0052779, 0.0052779, 0.0138973, 0.0085197,buy
2022-05-21,0,0,0,0,0,0.07,1.71,0.36,-0.0038713, 0.0029559, 0.0030598, 0.0033173,-0.0000679,buy
2022-05-22,0,0,0,0,0,0.07,2.77,0.44, 0.0038885,-0.0032698, 0.0079752, 0.0007373, 0.0017048,buy
2022-05-23,0,0,0,0,0,0.09,3.98,0.56, 0.0093676, 0.0103310, 0.0101298, 0.0098408, 0.0099619,buy
2022-05-24,0,0,0,0,0,0.11,3.85,0.44, 0.0102204, 0.0102327, 0.0110065, 0.0116309, 0.0117279,buy
2022-05-25,0,0,0,0,0,0.17,1.96,0.38, 0.0054840, 0.0041916,-0.0129104,-0.0161555, 0.0024050,buy
2022-05-26,0,0,0,0,0,0.19,0.85,0.6, 0.0136662, 0.0135648, 0.0107459, 0.0151298, 0.0135648,buy
2022-05-27,0,0,0,0,0,0.13,0.51,0.76, 0.0158999, 0.0162531, 0.0177227, 0.0197391, 0.0178342,buy
2022-05-28,0,0,0,0,0,0.09,0.52,0.45, 0.0096703,-0.0032004, 0.0096703, 0.0078608, 0.0062172,buy
2022-05-29,0,0,0,0,0,0.05,0.96,0.28,-0.0082749,-0.0038464,-0.0028648,-0.0077949,-0.0069217,sell
2022-05-30,0,0.05,0,0,0,0.04,0.87,0.27,-0.0111241,-0.0005839, 0.0004663,-0.0157856,-0.0073759,sell
2022-05-31,0,0.12,0,0,0,0.03,0.39,0.28, 0.0097217, 0.0131186, 0.0097217, 0.0127299, 0.0120803,buy
2022-06-01,0,0.29,0,0,0,0.02,0.17,0.32, 0.0119919, 0.0161136, 0.0157954, 0.0145524, 0.0075227,buy
2022-06-02,0,0.69,0,0,0,0.03,0.07,0.34, 0.0116956, 0.0071614, 0.0107293, 0.0106813, 0.0093685,buy
2022-06-03,0,1.59,0,0,0,0.04,0.03,0.34, 0.0077668, 0.0048873, 0.0082480, 0.0061934, 0.0145304,buy
2022-06-04,0,1.5,0,0,0,0.05,0,0.34, 0.0049819,-0.0003864, 0.0025385, 0.0041297, 0.0077144,buy
2022-06-05,0,0.63,0,0,0,0.08,0,0.31, 0.0001035,-0.0034613, 0.0000012, 0.0003989, 0.0026950,buy
2022-06-06,0,0.27,0,0,0,0.13,0,0.27, 0.0027932, 0.0058500,-0.0113033, 0.0039137, 0.0066232,buy
2022-06-07,0,0.11,0,0,0,0.23,0,0.22, 0.0082015, 0.0029580, 0.0006604, 0.0108993, 0.0185597,buy
2022-06-08,0,0.05,0,0,0,0.22,0,0.17, 0.0096551, 0.0028391,-0.0006108, 0.0109429, 0.0075230,buy
2022-06-09,0,0,0,0,0,0.15,0,0.12,-0.0061222, 0.0112440,-0.0194491,-0.0015790,-0.0049300,buy
2022-06-10,0,0,0,0,0,0.13,0,0.08, 0.0109691, 0.0026418, 0.0114436, 0.0105223, 0.0109300,buy
2022-06-11,0,0,0,0,0,0.12,0,0.05, 0.0028100, 0.0007197, 0.0006115, 0.0011253, 0.0182836,buy
2022-06-12,0,0,0,0,0,0.12,0,0.03, 0.0063259, 0.0085172, 0.0079041, 0.0002131, 0.0204277,buy
2022-06-13,0,0,0,0,0,0.14,0,0, 0.0051553, 0.0040592, 0.0070531, 0.0070531, 0.0051553,buy
2022-06-14,0,0,0,0,0,0.18,0,0.02,-0.0067490,-0.0023720, 0.0022903,-0.0052599,-0.0052074,sell
2022-06-15,0,0,0.08,0,0,0.19,0.02,0.06, 0.0028230, 0.0014224, 0.0045132,-0.0100817,-0.0100064,sell
2022-06-16,0,0,0.18,0,0,0.15,0.05,0.15,-0.0035409, 0.0000223,-0.0073092,-0.0109626,-0.0124653,sell
2022-06-17,0,0,0.43,0,0,0.11,0.1,0.38, 0.0028105, 0.0030063, 0.0092066, 0.0123075, 0.0123075,buy
2022-06-18,0,0,1.03,0,0,0.09,0.24,0.97,-0.0005184,-0.0032027, 0.0069168,-0.0005184,-0.0119720,buy
2022-06-19,0,0,1.43,0,0,0.09,0.57,1.11, 0.0083067, 0.0018922, 0.0085654, 0.0090505, 0.0097832,buy
2022-06-20,0,0,0.81,0,0,0.1,0.79,0.57, 0.0007966,-0.0022677, 0.0007966,-0.0016467, 0.0007163,buy
2022-06-21,0,0,0.34,0,0,0.15,0.42,0.21, 0.0007409, 0.0073706, 0.0013013, 0.0053991, 0.0002807,buy
2022-06-22,0,0.08,0.14,0,0,0.21,0.2,0.08, 0.0027946,-0.0186019,-0.0185827,-0.0210228,-0.0240999,sell
2022-06-23,0,0.29,0.06,0,0,0.28,0.15,0.02, 0.0022349,-0.0040506, 0.0008515, 0.0072444, 0.0042486,buy
2022-06-24,0,1.02,0,0,0,0.22,0.2,0.03,-0.0170600,-0.0217897,-0.0230081,-0.0168566,-0.0223078,sell
2022-06-25,0,1.56,0,0,0,0.11,0.41,0.08,-0.0130614,-0.0079881, 0.0036933, 0.0034725,-0.0042653,buy
2022-06-26,0,0.64,0,0,0,0.07,0.84,0.2, 0.0154457, 0.0112450, 0.0119645, 0.0125026, 0.0121546,buy
2022-06-27,0,0.24,0,0,0,0.04,1.68,0.48, 0.0032434, 0.0051693, 0.0024231, 0.0046005, 0.0049934,buy
2022-06-28,0,0.18,0,0,0,0.05,2.03,0.93,-0.0171492,-0.0099588,-0.0168517,-0.0195044,-0.0200158,sell
2022-06-29,0,0.44,0,0,0,0.03,1.51,0.86, 0.0024912, 0.0060954, 0.0010354,-0.0095342, 0.0047083,buy
2022-06-30,0,1.15,0,0,0,0.03,0.71,0.61,-0.0015041, 0.0057031,-0.0064118, 0.0056582, 0.0056582,buy
2022-07-01,0,2.04,0,0,0,0.05,0.35,0.72, 0.0141367, 0.0195376, 0.0126358, 0.0020788, 0.0198875,buy
2022-07-02,0,1.91,0.21,0,0,0.07,0.24,0.68, 0.0104590, 0.0117441, 0.0113692, 0.0113692, 0.0158879,buy
2022-07-03,0,2.08,1.14,0,0,0.09,0.32,0.38,-0.0026868, 0.0062243, 0.0066906, 0.0053796, 0.0066906,buy
2022-07-04,0,1.35,1.41,0,0,0.14,0.79,0.19, 0.0047356, 0.0048508,-0.0046261, 0.0058857, 0.0039556,buy
2022-07-05,0,0.47,0.3,0,0,0.22,1.1,0.1,-0.0023851,-0.0155175,-0.0155175,-0.0140526,-0.0209595,sell
2022-07-06,0,0.13,0.05,0,0,0.35,0.57,0.05,-0.0104388,-0.0094285,-0.0110848,-0.0104388,-0.0114119,sell
2022-07-07,0,0.05,0,0,0,0.25,0.33,0.07, 0.0010015,-0.0062840, 0.0027867, 0.0092107,-0.0026855,buy
2022-07-08,0,0.34,0,0,0,0.14,0.46,0.23,-0.0159592,-0.0100830,-0.0142170,-0.0073723,-0.0161488,sell
2022-07-09,0,1.8,0,0,0,0.1,0.97,0.39, 0.0100371, 0.0120718, 0.0129545, 0.0100371, 0.0078143,buy
2022-07-10,0,1.39,0,0,0,0.09,1.34,0.1, 0.0066185, 0.0148063, 0.0067187, 0.0148063, 0.0120187,buy
2022-07-11,0,0.36,0,0,0,0.1,0.9,0.02,-0.0084964,-0.0209019,-0.0055885,-0.0020548,-0.0159870,sell
2022-07-12,0,0.4,0.12,0,0,0.1,0.78,0,-0.0185328,-0.0246369,-0.0136658,-0.0137939,-0.0161330,sell
2022-07-13,0,1.04,0.33,0,0,0.1,1.82,0, 0.0088037, 0.0075300, 0.0055658, 0.0088037, 0.0139946,buy
2022-07-14,0,1.52,0.96,0,0,0.1,2.27,0, 0.0122237,-0.0098978,-0.0101466,-0.0144467,-0.0159218,sell
2022-07-15,0,1.74,2.84,0,0,0.11,1.12,0, 0.0135932, 0.0043673, 0.0043673, 0.0002643, 0.0043213,buy
2022-07-16,0,0.79,4.56,0.19,0,0.12,0.47,0, 0.0167958, 0.0150213, 0.0167958, 0.0182988, 0.0170421,buy
2022-07-17,0,0.17,2.3,0.87,0,0.14,0.24,0, 0.0197498, 0.0111308, 0.0239988, 0.0239347, 0.0184598,buy
2022-07-18,0,0.04,0.68,1.77,0,0.17,0.12,0,-0.0083002,-0.0018255,-0.0076331,-0.0027237,-0.0186151,sell
2022-07-19,0,0,0.22,1.49,0,0.22,0.06,0,-0.0070013,-0.0022477,-0.0054601,-0.0016242,-0.0080957,sell
2022-07-20,0,0,0.13,1.32,0,0.33,0.03,0,-0.0035666,-0.0035634,-0.0052898,-0.0035666,-0.0073696,sell
2022-07-21,0,0.06,0.42,0.56,0,0.33,0,0.01, 0.0045686, 0.0027567, 0.0025344, 0.0047548,-0.0018906,buy
2022-07-22,0,0.17,1.07,0.24,0,0.22,0,0.03,-0.0056033, 0.0033662,-0.0013685, 0.0056880, 0.0009250,buy
2022-07-23,0,0.54,0.38,0.1,0,0.18,0,0.12,-0.0168944, 0.0040506,-0.0158335,-0.0153670,-0.0163693,sell
2022-07-24,0,1.69,0.1,0.04,0,0.16,0,0.36,-0.0045862,-0.0094890,-0.0082097,-0.0092080,-0.0052586,sell
2022-07-25,0,1.77,0.1,0,0,0.14,0,0.62, 0.0032484, 0.0039337, 0.0031786,-0.0099021, 0.0029960,buy
2022-07-26,0,0.59,0.28,0,0,0.13,0,0.77,-0.0030504, 0.0013772, 0.0013772, 0.0048510, 0.0019323,buy
2022-07-27,0,0.19,0.74,0,0,0.12,0.05,0.65, 0.0198569, 0.0059250, 0.0200461, 0.0169364, 0.0222638,buy
2022-07-28,0,0.06,1.07,0,0,0.11,0.08,0.8, 0.0003007,-0.0111632,-0.0036213,-0.0031440, 0.0002305,buy
2022-07-29,0,0.06,0.56,0.16,0,0.11,0.14,0.58, 0.0181117, 0.0070799, 0.0181117, 0.0157210, 0.0181117,buy
2022-07-30,0,0.32,0.21,0.87,0,0.1,0.31,0.12,-0.0064418,-0.0103659,-0.0075689,-0.0077437,-0.0069678,sell
2022-07-31,0,1.09,0.19,1.43,0,0.09,0.62,0.02,-0.0036467,-0.0037337,-0.0037337,-0.0036467,-0.0108536,buy
2022-08-01,0,0.93,0.56,0.42,0,0.09,1.33,0, 0.0154522, 0.0135287, 0.0086671, 0.0124205, 0.0153447,buy
2022-08-02,0,1.31,1.47,0.08,0,0.08,2.31,0.03,-0.0047554, 0.0044881,-0.0054739,-0.0054739,-0.0054739,sell
2022-08-03,0,1.15,0.94,0,0,0.08,1.88,0.06, 0.0028257, 0.0024332, 0.0020547, 0.0014982,-0.0050986,buy
2022-08-04,0,0.33,0.85,0.08,0,0.09,0.96,0.12,-0.0115726,-0.0103957,-0.0119708,-0.0147756,-0.0129157,sell
2022-08-05,0,0.09,1.59,0.44,0,0.08,0.51,0.22,-0.0066723,-0.0121443,-0.0086844,-0.0048947,-0.0069814,sell
2022-08-06,0,0,1.12,1.03,0,0.09,0.25,0.42, 0.0303774, 0.0143305, 0.0298792, 0.0320070, 0.0263104,buy
2022-08-07,0,0,0.45,0.7,0,0.11,0.15,0.74, 0.0046157,-0.0082076, 0.0044205, 0.0034047,-0.0078265,buy
2022-08-08,0,0,0.5,1.04,0,0.13,0.09,0.72,-0.0000478, 0.0025605, 0.0071546,-0.0016664,-0.0040381,buy
2022-08-09,0,0.14,0.9,1.26,0,0.16,0.05,0.52,-0.0075141,-0.0035305, 0.0039806, 0.0020078,-0.0014219,buy
2022-08-10,0,0.55,0.53,0.59,0,0.14,0,0.59,-0.0126138,-0.0183217,-0.0108802,-0.0103839,-0.0103839,sell
2022-08-11,0,1.6,0.29,0.29,0,0.1,0,0.74, 0.0006672, 0.0061431, 0.0017337,-0.0022635, 0.0107134,buy
2022-08-12,0,1.21,0.64,0.34,0,0.08,0,0.49,-0.0150937,-0.0104276,-0.0111165,-0.0108638,-0.0114000,sell
2022-08-13,0,0.45,1.05,0.71,0,0.07,0,0.22, 0.0008047, 0.0024542,-0.0010044, 0.0010071,-0.0062341,buy
2022-08-14,0,0.45,0.49,1.43,0,0.06,0,0.08, 0.0023313, 0.0031349, 0.0023153, 0.0038396,-0.0068830,buy
2022-08-15,0,0.92,0.24,1.11,0,0.05,0,0.04,-0.0060214,-0.0052520,-0.0170587,-0.0047764,-0.0088504,sell
2022-08-16,0,0.99,0.34,0.44,0,0.05,0,0.05, 0.0076880, 0.0101583, 0.0071252, 0.0151645, 0.0087728,buy
2022-08-17,0,0.42,0.9,0.18,0,0.05,0,0.08,-0.0039169,-0.0083032,-0.0110420,-0.0053944,-0.0051361,sell
2022-08-18,0,0.17,2.39,0.07,0,0.05,0,0.16,-0.0040046,-0.0019016,-0.0058694,-0.0030056, 0.0008595,buy
2022-08-19,0,0.07,2.69,0.05,0,0.05,0,0.32,-0.0070775,-0.0057625,-0.0056444,-0.0004014, 0.0009940,buy
2022-08-20,0,0,1.46,0.13,0,0.05,0,0.54,-0.0005842, 0.0030605, 0.0067844, 0.0069899,-0.0053591,buy
2022-08-21,0,0,0.57,0.39,0,0.06,0,0.46,-0.0005093, 0.0008008,-0.0070840,-0.0106878,-0.0049867,sell
2022-08-22,0,0,0.27,0.95,0,0.06,0,0.3,-0.0151075,-0.0146910,-0.0167910,-0.0080646,-0.0124065,sell
2022-08-23,0,0,0.34,0.76,0,0.06,0,0.28,-0.0152351,-0.0137249,-0.0177387,-0.0118976,-0.0148053,sell
2022-08-24,0,0,0.86,0.26,0,0.06,0,0.35, 0.0036852, 0.0077380, 0.0103311, 0.0042463, 0.0094988,buy
2022-08-25,0,0,1.06,0.14,0,0.06,0,0.54,-0.0022221,-0.0004207, 0.0044966, 0.0052037, 0.0013282,buy
2022-08-26,0,0.15,0.44,0.21,0,0.06,0.03,1,-0.0074783,-0.0042026,-0.0026195,-0.0087480,-0.0234246,sell
2022-08-27,0,0.38,0.22,0.56,0,0.06,0.06,1.19,-0.0120296, 0.0001535,-0.0060621,-0.0070830,-0.0060973,sell
2022-08-28,0,1.09,0.27,1.41,0,0.07,0.11,0.68,-0.0003258,-0.0014556,-0.0014284,-0.0023847,-0.0014556,buy
2022-08-29,0,2.54,0.58,1.14,0,0.07,0.19,0.38, 0.0008298, 0.0021291, 0.0008298,-0.0044718,-0.0051082,buy
2022-08-30,0,3.02,1.01,0.44,0,0.07,0.33,0.23, 0.0006020,-0.0054259,-0.0059468,-0.0038244, 0.0000131,buy
2022-08-31,0,2.54,0.85,0.39,0,0.07,0.59,0.14,-0.0085820,-0.0072903,-0.0093160,-0.0050736,-0.0023745,buy
2022-09-01,0,2.62,1.21,0.72,0,0.07,0.79,0.09,-0.0006365, 0.0030979,-0.0047446,-0.0033841, 0.0041430,buy
2022-09-02,0,2.24,1.49,1.69,0,0.07,0.6,0.06, 0.0105054, 0.0121971,-0.0032151, 0.0033728, 0.0056983,buy
2022-09-03,0,2.47,0.67,1.5,0,0.08,0.34,0.04, 0.0064000, 0.0131004, 0.0008612, 0.0059890,-0.0009032,buy
2022-09-04,0,2.14,0.21,0.65,0,0.09,0.19,0.03,-0.0025524,-0.0043960,-0.0068195, 0.0042131,-0.0001504,buy
2022-09-05,0,1.21,0.07,0.32,0,0.09,0.11,0.02,-0.0045631,-0.0076102,-0.0062451,-0.0044439,-0.0011585,buy
2022-09-06,0,0.88,0,0.17,0,0.09,0.06,0,-0.0026896,-0.0026896, 0.0086828,-0.0048094, 0.0104490,buy
2022-09-07,0,0.95,0.08,0.11,0,0.1,0.04,0, 0.0008670,-0.0007005, 0.0081950,-0.0003570, 0.0072653,buy
2022-09-08,0,1.21,0.33,0.08,0,0.1,0,0,-0.0052116,-0.0049020, 0.0003773, 0.0010822, 0.0041321,buy
2022-09-09,0,1.76,1.02,0.06,0,0.12,0,0,-0.0004402,-0.0068328,-0.0119142,-0.0004919,-0.0031449,buy
2022-09-10,0,1.99,1.15,0.05,0,0.12,0,0, 0.0068674,-0.0075199, 0.0012825, 0.0055771, 0.0050379,buy
2022-09-11,0,1.67,1.08,0.05,0,0.13,0,0.02,-0.0080986,-0.0077814,-0.0212539,-0.0083865,-0.0087209,sell
2022-09-12,0,1.52,1.69,0.06,0,0.13,0,0.04,-0.0236060,-0.0217432,-0.0236060,-0.0124775,-0.0228913,sell
2022-09-13,0,2.02,1.24,0.07,0,0.15,0,0.08,-0.0062511,-0.0049343,-0.0019805, 0.0002046, 0.0088895,buy
2022-09-14,0,2.35,0.59,0.09,0,0.15,0,0.16, 0.0308198, 0.0197669, 0.0278053, 0.0305910, 0.0229148,buy
2022-09-15,0,1.39,0.5,0.14,0,0.17,0,0.31,-0.0049479,-0.0073468,-0.0115339,-0.0021161,-0.0093827,sell
2022-09-16,0,1.01,0.91,0.23,0,0.18,0,0.56,-0.0141431,-0.0077509,-0.0102681,-0.0082138,-0.0103242,sell
2022-09-17,0,1.26,1.13,0.41,0,0.2,0,0.48,-0.0029853, 0.0094766, 0.0009660, 0.0008737, 0.0033328,buy
2022-09-18,0,2.24,0.68,0.79,0,0.21,0,0.24,-0.0146161,-0.0016147,-0.0046745, 0.0020811,-0.0004966,buy
2022-09-19,0,3.22,0.77,0.77,0,0.23,0,0.12,-0.0028400,-0.0037484,-0.0035152,-0.0030955, 0.0017229,buy
2022-09-20,0,2.5,1.68,0.37,0,0.24,0,0.06,-0.0174098,-0.0134710,-0.0215682,-0.0088854,-0.0046325,sell
2022-09-21,0,1.08,1.44,0.16,0,0.26,0,0.03,-0.0001797, 0.0179188,-0.0157952,-0.0084031, 0.0074967,buy
2022-09-22,0,0.5,0.7,0.07,0,0.26,0,0, 0.0167620, 0.0162902, 0.0106416,-0.0059658, 0.0081875,buy
2022-09-23,0,0.41,1.03,0.08,0,0.26,0,0, 0.0089704, 0.0124315, 0.0034881, 0.0045762, 0.0025253,buy
2022-09-24,0,0.59,1.06,0.13,0,0.26,0,0, 0.0109462, 0.0131674, 0.0082373, 0.0068644, 0.0117786,buy
2022-09-25,0,1.45,0.38,0.34,0,0.26,0,0, 0.0037314, 0.0129392, 0.0077774, 0.0070401, 0.0077657,buy
2022-09-26,0,2.96,0.18,0.79,0,0.26,0,0,-0.0051069,-0.0118005,-0.0029614,-0.0020714,-0.0093317,buy
2022-09-27,0,2.94,0.14,0.66,0,0.27,0,0,-0.0101365,-0.0118901,-0.0075274,-0.0028496,-0.0133505,sell
2022-09-28,0,1.58,0.17,0.28,0,0.27,0,0, 0.0046617, 0.0111094, 0.0076775, 0.0073333, 0.0060448,buy
2022-09-29,0,1.18,0.26,0.18,0,0.26,0,0, 0.0086343, 0.0154725, 0.0087686, 0.0066272, 0.0097423,buy
2022-09-30,0,1.95,0.34,0.33,0,0.23,0,0, 0.0097593, 0.0089824, 0.0151888, 0.0164263, 0.0183080,buy
2022-10-01,0,3.76,0.38,0.79,0,0.21,0,0.02,-0.0037835,-0.0106406,-0.0016295,-0.0067973,-0.0073155,sell
2022-10-02,0,4.03,0.38,0.59,0,0.2,0,0.02,-0.0056780,-0.0119428,-0.0128229,-0.0128701,-0.0148375,sell
2022-10-03,0,1.95,0.36,0.17,0,0.18,0,0.03, 0.0253010, 0.0134140, 0.0253779, 0.0292688, 0.0235906,buy
2022-10-04,0,1.1,0.3,0.05,0,0.16,0,0.03, 0.0050022,-0.0129755,-0.0128120,-0.0036010,-0.0075143,sell
2022-10-05,0,1.38,0.21,0,0,0.15,0,0.03, 0.0088385,-0.0055593, 0.0021121, 0.0039747, 0.0026958,buy
2022-10-06,0,0.87,0.13,0,0,0.13,0,0.02, 0.0007182,-0.0015557,-0.0023512, 0.0007182, 0.0009736,buy
2022-10-07,0,0.29,0.18,0,0,0.13,0,0, 0.0078385, 0.0160932, 0.0078415, 0.0084391, 0.0100252,buy
2022-10-08,0,0.1,0.26,0,0,0.11,0,0, 0.0133484, 0.0143271, 0.0132240, 0.0128302, 0.0138906,buy
2022-10-09,0,0,0.46,0.05,0,0.1,0,0, 0.0035704,-0.0018951,-0.0001452,-0.0017536, 0.0050746,buy
2022-10-10,0,0.16,1.13,0.15,0,0.1,0,0, 0.0040874, 0.0071839, 0.0019332,-0.0159557, 0.0022203,buy
2022-10-11,0,0.52,1.74,0.51,0,0.08,0,0, 0.0096431, 0.0028064, 0.0040368, 0.0140444, 0.0069286,buy
2022-10-12,0,1.78,1.57,0.78,0,0.08,0,0, 0.0042243, 0.0073974, 0.0035683, 0.0034725,-0.0058672,buy
2022-10-13,0,3.37,1.94,0.32,0,0.08,0,0,-0.0038822,-0.0086629,-0.0133415,-0.0133415,-0.0132268,sell
2022-10-14,0,1.99,1.38,0.08,0,0.07,0,0,-0.0164856,-0.0231904,-0.0198434,-0.0211468,-0.0189667,sell
2022-10-15,0,0.85,0.62,0,0,0.06,0,0.03, 0.0133486, 0.0140163, 0.0081155, 0.0191674, 0.0084899,buy
2022-10-16,0,1.28,0.39,0,0,0.06,0,0.06, 0.0001602, 0.0045617, 0.0058928, 0.0046392, 0.0086419,buy
2022-10-17,0,1.02,0.34,0,0,0.05,0,0.21,-0.0024926,-0.0042246,-0.0024044, 0.0170183,-0.0020299,buy
2022-10-18,0,0.27,0.39,0,0,0.05,0,0.52,-0.0030231, 0.0013060,-0.0012887,-0.0030231,-0.0007382,buy
2022-10-19,0,0.07,0.44,0,0,0.05,0,1.09, 0.0031784, 0.0027867, 0.0062553, 0.0027867,-0.0090117,buy
2022-10-20,0,0,0.72,0,0,0.04,0,1.08,-0.0005926,-0.0021527, 0.0048885,-0.0031801,-0.0069900,buy
2022-10-21,0,0,1.46,0,0,0.04,0,0.46,-0.0043460,-0.0054972, 0.0004002,-0.0008381,-0.0027830,buy
2022-10-22,0,0,2.8,0,0,0.04,0,0.16,-0.0025545,-0.0035148, 0.0004990, 0.0016831, 0.0047459,buy
2022-10-23,0,0,3.09,0,0,0.03,0,0.06,-0.0016066,-0.0016066, 0.0006870,-0.0003898, 0.0010858,buy
2022-10-24,0,0,2.22,0,0,0.03,0,0, 0.0102629, 0.0147038, 0.0082035, 0.0149955, 0.0147038,buy
2022-10-25,0,0,1.22,0,0,0.03,0,0.06,-0.0089092,-0.0205819,-0.0172197,-0.0091567,-0.0075495,sell
2022-10-26,0,0,0.95,0,0,0.03,0.04,0.26,-0.0100026, 0.0002728, 0.0059497, 0.0019000, 0.0023868,buy
2022-10-27,0,0,0.91,0,0,0.03,0.04,0.63, 0.0015038,-0.0002751, 0.0114716, 0.0029954, 0.0054239,buy
2022-10-28,0,0.06,1.11,0,0,0.03,0.05,0.33,-0.0166921,-0.0046277,-0.0012954,-0.0024093,-0.0022592,buy
2022-10-29,0,0.18,1.72,0,0,0.03,0.05,0.07, 0.0177289, 0.0138946, 0.0209149, 0.0156527, 0.0106082,buy
2022-10-30,0,0.64,1.42,0,0,0.03,0.05,0, 0.0021936,-0.0010624, 0.0001714,-0.0014114,-0.0002139,buy
2022-10-31,0,1.64,0.94,0,0,0.03,0.06,0, 0.0028736,-0.0090506, 0.0070354,-0.0090506,-0.0007346,buy
2022-11-01,0,1.74,0.84,0,0,0.03,0.06,0, 0.0018309,-0.0131044, 0.0029098,-0.0131044,-0.0036735,buy
2022-11-02,0,2.1,0.78,0.04,0,0.02,0.07,0, 0.0006663,-0.0077789, 0.0030061,-0.0105895,-0.0146334,sell
2022-11-03,0,2.8,0.74,0.13,0,0.02,0.07,0.01, 0.0120312, 0.0116585, 0.0116585, 0.0103948,-0.0037661,buy
2022-11-04,0,2.75,0.7,0.42,0,0.02,0.08,0.06, 0.0046114,-0.0004373, 0.0004225,-0.0035966,-0.0139329,buy
2022-11-05,0,2.45,0.65,1.31,0,0.01,0.09,0.16, 0.0051071, 0.0130984, 0.0058534,-0.0058955,-0.0190167,buy
2022-11-06,0,1.96,0.59,1.37,0,0.01,0.09,0.49, 0.0077681, 0.0068088, 0.0108528,-0.0112425, 0.0020759,buy
2022-11-07,0,1.84,0.54,0.95,0,0.01,0.1,0.78, 0.0043100, 0.0011174,-0.0086406, 0.0036138,-0.0086406,buy
2022-11-08,0,0.76,0.48,2.03,0,0.01,0.1,0.53, 0.0021136, 0.0033914,-0.0085583,-0.0021295, 0.0036417,buy
2022-11-09,0,0.22,0.53,2.56,0,0.01,0.11,0.76,-0.0029758, 0.0011920,-0.0018943,-0.0030426, 0.0023772,buy
2022-11-10,0,0.05,0.75,1.05,0,0.01,0.2,1.27,-0.0041263, 0.0039298,-0.0006597,-0.0053007,-0.0024617,buy
2022-11-11,0,0,1.64,0.35,0,0.01,0.38,1.03, 0.0055261, 0.0042709,-0.0003964, 0.0068475, 0.0055261,buy
2022-11-12,0,0,1.79,0.11,0,0.01,0.97,0.55, 0.0074767, 0.0002335, 0.0048391, 0.0040418, 0.0056158,buy
2022-11-13,0,0,1.9,0.04,0,0.01,1.65,0.37, 0.0071957,-0.0044530, 0.0060824, 0.0049931, 0.0057354,buy
2022-11-14,0,0,1.37,0,0,0.01,1.88,0.59,-0.0087890,-0.0000442,-0.0086984,-0.0067447,-0.0067447,sell
2022-11-15,0,0,1.44,0,0,0.01,1.71,0.72, 0.0086232, 0.0011954, 0.0034846, 0.0041156, 0.0041156,buy
2022-11-16,0,0,1.38,0,0,0.01,0.82,0.67,-0.0064694, 0.0063993,-0.0072478,-0.0001020,-0.0139921,buy
2022-11-17,0,0,0.53,0,0,0.01,0.81,0.42,-0.0032747,-0.0032747,-0.0036987,-0.0036987,-0.0032747,buy
2022-11-18,0,0,0.21,0,0,0.01,1.42,0.17, 0.0094625, 0.0100899, 0.0037484, 0.0033057, 0.0100899,buy
2022-11-19,0,0,0.11,0,0,0.02,1.34,0.11, 0.0189708, 0.0167839, 0.0215096, 0.0157152, 0.0121002,buy
2022-11-20,0,0,0.04,0,0,0.02,0.65,0.14, 0.0101758, 0.0090069, 0.0154654, 0.0082752, 0.0085088,buy
2022-11-21,0,0,0,0,0,0.02,0.38,0.26,-0.0113425,-0.0124892,-0.0113425,-0.0157124,-0.0136824,sell
2022-11-22,0,0,0,0,0,0.04,0.26,0.48, 0.0141172, 0.0141172,-0.0012213,-0.0012213, 0.0141172,buy
2022-11-23,0,0,0,0,0,0.1,0.18,0.45, 0.0032933,-0.0047253, 0.0041609, 0.0104932, 0.0104932,buy
2022-11-24,0,0,0,0,0,0.26,0.19,0.24, 0.0148607, 0.0135386, 0.0066414, 0.0088915, 0.0157291,buy
2022-11-25,0,0,0.11,0,0,0.31,0.19,0.12, 0.0085633, 0.0099750, 0.0058102, 0.0071506, 0.0081293,buy
2022-11-26,0,0,0.56,0,0,0.15,0.19,0.07,-0.0026207, 0.0038813,-0.0034490, 0.0001488,-0.0006073,buy
2022-11-27,0,0,1.82,0.05,0,0.06,0.28,0.03, 0.0031828,-0.0004245, 0.0031828,-0.0004245, 0.0015614,buy
2022-11-28,0,0,2.32,0.28,0,0.03,0.54,0.02,-0.0150135,-0.0108708,-0.0137015,-0.0081580,-0.0104931,sell
2022-11-29,0,0,1.68,1.26,0,0.02,1.41,0,-0.0005319, 0.0016985, 0.0045170, 0.0042453, 0.0004914,buy
2022-11-30,0,0,0.58,1.63,0,0.03,2.02,0,-0.0120132,-0.0129284,-0.0107327,-0.0090262, 0.0109239,sell
2022-12-01,0,0,0.16,1.25,0,0.05,1.89,0,-0.0168957,-0.0180900,-0.0160667,-0.0107542, 0.0059738,sell
2022-12-02,0,0,0.05,0.36,0,0.09,1.78,0,-0.0119152,-0.0099670,-0.0072768,-0.0087881,-0.0112451,sell
2022-12-03,0,0,0,0.08,0,0.18,0.77,0.02,-0.0043357,-0.0084353,-0.0049483,-0.0087794,-0.0095838,sell
2022-12-04,0,0.05,0.09,0,0,0.19,0.4,0.07,-0.0057127,-0.0172918,-0.0168495,-0.0171126,-0.0180588,sell
2022-12-05,0,0.21,0.23,0.07,0,0.1,0.26,0.26,-0.0093459, 0.0019539,-0.0081148,-0.0003353, 0.0018504,buy
2022-12-06,0,0.8,0.57,0.23,0,0.06,0.19,0.42,-0.0201644,-0.0140242,-0.0177327,-0.0152131,-0.0140242,sell
2022-12-07,0,1.66,1.41,0.79,0,0.06,0.23,0.23,-0.0082345,-0.0030279,-0.0020307, 0.0008529,-0.0023256,buy
2022-12-08,0,1.03,1.35,1.1,0,0.06,0.34,0.25,-0.0055674,-0.0040771, 0.0082481,-0.0040771,-0.0040771,buy
2022-12-09,0,0.94,0.54,0.43,0,0.12,0.59,0.41, 0.0061527, 0.0053454, 0.0000465, 0.0059165,-0.0036999,buy
2022-12-10,0,1.73,0.21,0.12,0,0.23,1.23,0.24, 0.0142680, 0.0111195, 0.0026378, 0.0019024, 0.0007912,buy
2022-12-11,0,1.31,0.08,0.04,0,0.18,1.86,0.08,-0.0046445,-0.0003508,-0.0103178,-0.0200089,-0.0085231,sell
2022-12-12,0,0.59,0,0,0,0.12,2.09,0.03,-0.0026878,-0.0083023, 0.0128325,-0.0043261,-0.0083023,buy
2022-12-13,0,0.43,0.05,0,0,0.14,1.61,0,-0.0240370,-0.0164970,-0.0162049,-0.0252410,-0.0194051,sell
2022-12-14,0,0.44,0.21,0,0,0.24,0.95,0,-0.0048343,-0.0103883,-0.0110699,-0.0205443,-0.0225369,sell
2022-12-15,0,0.61,0.97,0,0,0.22,0.9,0,-0.0137228,-0.0050543,-0.0015139, 0.0009248,-0.0019420,buy
2022-12-16,0,0.85,1.25,0,0,0.13,1.18,0,-0.0047492, 0.0075670, 0.0040981, 0.0040981, 0.0015182,buy
2022-12-17,0,1.17,0.45,0,0,0.11,0.98,0.03, 0.0223082,-0.0166278,-0.0167012,-0.0166389,-0.0167012,sell
2022-12-18,0,1.67,0.5,0,0,0.1,0.49,0.06,-0.0185651,-0.0236490,-0.0209617,-0.0132812,-0.0171480,sell
2022-12-19,0,1.76,1.23,0,0,0.1,0.29,0.12,-0.0055967,-0.0093029,-0.0169225,-0.0046278,-0.0065851,sell
2022-12-20,0,1.62,0.87,0,0,0.12,0.19,0.26,-0.0125406,-0.0095573,-0.0115179,-0.0091605,-0.0094969,sell
2022-12-21,0,2.06,0.22,0,0,0.13,0.14,0.55, 0.0063930,-0.0002931, 0.0042985,-0.0000453, 0.0042985,buy
2022-12-22,0,2.23,0.05,0,0,0.14,0.11,0.71, 0.0050148, 0.0025319, 0.0042031, 0.0019359,-0.0000204,buy
2022-12-23,0,1.34,0,0,0,0.16,0.1,0.66, 0.0038430, 0.0048447, 0.0024092,-0.0081628, 0.0014447,buy
2022-12-24,0,0.8,0,0,0,0.17,0.1,0.49, 0.0015636, 0.0065527,-0.0096702, 0.0084817, 0.0088214,buy
2022-12-25,0,0.67,0,0,0,0.17,0.09,0.27, 0.0025132, 0.0023252,-0.0027940, 0.0058822,-0.0043003,buy
2022-12-26,0,0.8,0,0,0,0.18,0.08,0.15,-0.0066898,-0.0019872,-0.0027355, 0.0005198,-0.0116386,buy
2022-12-27,0,1.11,0.05,0,0,0.21,0.08,0.08, 0.0124064, 0.0023010, 0.0011386, 0.0142494, 0.0022518,buy
2022-12-28,0,1.79,0.14,0,0,0.29,0.07,0.04, 0.0083608, 0.0083131, 0.0077396, 0.0147665, 0.0057256,buy
2022-12-29,0,2.79,0.42,0,0,0.27,0.07,0.03,-0.0082795,-0.0086707,-0.0082795, 0.0050639, 0.0051786,buy
2022-12-30,0,2.33,1.24,0,0,0.16,0.06,0.02, 0.0000803,-0.0251760, 0.0000803, 0.0009691, 0.0008423,buy
2022-12-31,0,1.6,1.23,0,0,0.13,0.12,0,-0.0167934,-0.0201232,-0.0236506,-0.0153731,-0.0216616,sell
