Date,a0,a103,a120,a135,a150,a180,a30,a45,a60,a90,JUY,MAY,NEY,PLY,SAY,URY,VEY,MEDEC,SUDEC,MADEC,DiffPred1,DiffPred2,DiffPred3,DiffPred4,DiffPred5,EffPred
2010-01-01,1,1,1,3,3,0,1,5,0,1,4,2,4,2,3,1,0,0.106289579735176,0.00970883277168738,0.852411025590422,-0.0100546,-0.0126827,-0.0098259, 0.0035778,-0.0060336,sell
2010-01-02,0,1,0,2,5,0,0,5,1,0,3,1,3,2,3,1,1,0.109232791911665,0.0115688407342633,0.85404743109006, 0.0069571, 0.0075454,-0.0010343, 0.0142569, 0.0018834,buy
2010-01-03,2,1,0,3,3,2,0,7,0,0,4,2,3,2,3,1,3,0.111706222144599,0.0135959206017433,0.855751864410834, 0.0023686, 0.0034321, 0.0057142, 0.0041863, 0.0028047,buy
2010-01-04,1,2,2,2,2,2,1,6,0,0,4,2,3,2,4,0,3,0.113704210410562,0.0157794082099845,0.857518345084953, 0.0000105, 0.0071891, 0.0149188, 0.0194673, 0.0130387,buy
2010-01-05,1,4,1,1,4,1,1,6,0,0,4,3,3,2,4,1,2,0.115229991008649,0.0181246356410585,0.859346873112415,-0.0066346,-0.0028812,-0.0021065, 0.0164497,-0.0044126,sell
2010-01-06,2,3,0,3,4,1,0,6,0,1,5,3,3,2,4,1,2,0.116290841111823,0.0206271594932389,0.861236700934747,-0.0128823,-0.0139867,-0.0090799, 0.0037343,-0.0104381,sell
2010-01-07,1,2,2,3,3,0,0,5,1,1,5,3,3,1,3,1,2,0.116889186444406,0.0232905344879069,0.863182595642631, 0.0067576,-0.0035056, 0.0133853, 0.0206776, 0.0112677,buy
2010-01-08,0,2,2,2,3,0,1,4,1,0,3,2,2,2,4,2,0,0.117035538478456,0.0261112059036813,0.865182314560645, 0.0168228, 0.0121499, 0.0226499, 0.0196106, 0.0158901,buy
2010-01-09,1,4,1,2,2,0,1,5,2,2,2,3,2,3,6,3,1,0.116737982961712,0.0290865076995265,0.867233615013366,-0.0072707,-0.0072837,-0.0113307,-0.0071351,-0.0095157,sell
2010-01-10,1,3,1,1,2,0,1,5,4,4,1,4,2,4,6,3,2,0.116013499964423,0.0322155511950974,0.869330516533003, 0.0007081, 0.0007051, 0.0019528, 0.0015317, 0.0006274,buy
2010-01-11,1,4,1,1,1,0,3,3,3,1,0,3,3,3,5,3,1,0.1148863467298,0.0354974477100485,0.871476756911926, 0.0110180, 0.0082034, 0.0070235, 0.0096896, 0.0051264,buy
2010-01-12,1,0,1,1,0,0,3,2,4,2,1,1,4,2,2,3,1,0.113391291973117,0.0389313085640348,0.873649161837439,-0.0253485,-0.0156363,-0.0158815,-0.0065954,-0.0158763,sell
2010-01-13,2,0,0,2,0,0,2,3,4,2,1,1,5,3,3,2,0,0.111571190157381,0.0425135790356752,0.875863430037498, 0.0133983, 0.0090755, 0.0093167, 0.0107058, 0.0093144,buy
2010-01-14,2,1,0,1,1,0,3,3,3,1,2,1,3,2,3,3,1,0.109468895745603,0.0462389270428984,0.878106853018043, 0.0107091,-0.0081525,-0.0020676, 0.0059966, 0.0078921,buy
2010-01-15,2,1,1,1,0,0,7,0,3,1,3,0,3,3,3,3,1,0.107141817546719,0.0501117959874305,0.880376440545179,-0.0009055, 0.0064351, 0.0060185, 0.0075980, 0.0043051,buy
2010-01-16,1,0,1,1,0,1,6,1,2,1,3,1,2,3,2,3,0,0.104640895771477,0.0541321858692716,0.882663969475692, 0.0057132, 0.0093890, 0.0114678, 0.0111240, 0.0149732,buy
2010-01-17,3,0,0,1,0,1,6,1,1,1,3,1,3,2,2,2,1,0.102018687780171,0.0582894325242788,0.884969439809582, 0.0091803, 0.0067006, 0.0131788, 0.0145628, 0.0146559,buy
2010-01-18,3,0,0,0,1,0,6,1,1,1,3,0,3,3,2,1,1,0.099325325208774,0.0625879793541782,0.88728388084516, 0.0053471, 0.0047874, 0.0039940, 0.0101713, 0.0101490,buy
2010-01-19,2,0,1,0,1,0,4,2,0,1,2,1,2,2,2,1,1,0.0966141739923541,0.0670242716375891,0.889602807231582,-0.0050412,-0.0046629,-0.0056199,-0.0028561,-0.0038661,sell
2010-01-20,2,0,2,1,0,1,6,2,1,2,3,1,2,4,4,1,2,0.0939305143182421,0.0715965320138208,0.89192098605953,-0.0020782,-0.0006850, 0.0013095, 0.0011198,-0.0017168,buy
2010-01-21,1,1,3,0,0,1,6,3,1,2,4,1,2,5,4,0,2,0.0913163920746735,0.0763020944418377,0.894233184419685, 0.0007644,-0.0018460,-0.0016729,-0.0018460,-0.0016026,buy
2010-01-22,1,2,3,1,1,0,6,3,1,1,3,3,2,4,3,3,1,0.0888114274255626,0.081141847601985,0.896535664519679, 0.0055620, 0.0151951, 0.0170215, 0.0172346, 0.0170209,buy
2010-01-23,1,1,3,1,2,0,5,3,2,2,2,3,2,4,3,4,2,0.0864536233852762,0.0861060160104651,0.898819455657822, 0.0090101, 0.0228596, 0.0211458, 0.0189362, 0.0179160,buy
2010-01-24,0,1,2,3,1,1,4,3,1,3,1,3,2,3,3,4,3,0.0842704714961221,0.0911972657083138,0.901082315158692, 0.0156422, 0.0165948, 0.0139934, 0.0153134, 0.0174950,buy
2010-01-25,0,2,4,1,2,1,4,3,1,2,2,2,3,3,3,4,3,0.0822983576229195,0.096415596695531,0.903319010112971, 0.0138513, 0.0152339, 0.0153831, 0.0059432, 0.0052099,buy
2010-01-26,0,3,3,1,2,2,2,3,1,1,1,4,2,2,3,4,2,0.0805583047097864,0.1017547882097,0.905524307611341,-0.0011525, 0.0003899, 0.0152021, 0.0171585, 0.0120508,buy
2010-01-27,0,2,3,2,1,3,2,4,0,2,1,4,2,2,3,5,2,0.0790737614251616,0.107215728931166,0.907699702770751, 0.0006772, 0.0100708, 0.0198027, 0.0165492, 0.0140738,buy
2010-01-28,0,2,3,3,2,3,3,4,0,1,3,4,2,2,3,5,2,0.077865750713163,0.112794864138549,0.909823516395452, 0.0125582, 0.0196566, 0.0276501, 0.0245873, 0.0261175,buy
2010-01-29,1,1,1,3,3,2,1,4,1,0,3,3,2,1,2,5,1,0.0769544869431346,0.118487750430121,0.911910699654927, 0.0049033, 0.0058091, 0.0149834, 0.0130817, 0.0125156,buy
2010-01-30,1,1,0,4,3,4,1,4,1,0,2,3,1,3,4,4,2,0.0763537158862303,0.124295276486229,0.913947796496642, 0.0061250, 0.0104237, 0.0123537, 0.0129013, 0.0072497,buy
2010-01-31,0,1,1,3,1,3,3,4,0,0,2,2,1,3,4,3,1,0.0760788004631516,0.13021033286411,0.915934059362123, 0.0036939, 0.0075238, 0.0060729,-0.0012118, 0.0081080,buy
2010-02-01,0,2,1,2,1,3,3,4,0,0,2,3,0,3,3,3,2,0.0761434864450525,0.136239140326181,0.917865002900527,-0.0073310,-0.0023328,-0.0016199,-0.0028868,-0.0066240,sell
2010-02-02,1,2,0,3,4,2,1,4,2,1,2,3,1,4,4,3,3,0.0765607110283131,0.142374589429681,0.919736889319483, 0.0032479, 0.0099491, 0.0103414, 0.0102048, 0.0036307,buy
2010-02-03,1,1,1,5,3,0,2,2,3,1,4,1,1,3,4,3,3,0.0773345170868021,0.148611348092537,0.921548223502042,-0.0058305,-0.0105602,-0.0084334,-0.0082017,-0.0097215,sell
2010-02-04,1,0,3,4,3,0,4,3,3,1,4,1,3,4,4,4,2,0.0784835018403162,0.154953859716475,0.923296762772784,-0.0093178,-0.0204646,-0.0150288,-0.0105830,-0.0184897,sell
2010-02-05,1,3,1,4,2,0,4,5,3,1,3,2,3,5,5,4,2,0.0800020052654389,0.161395903539081,0.924972788871546, 0.0161256, 0.0135037, 0.0084202, 0.0193759, 0.0134531,buy
2010-02-06,1,2,1,3,2,0,3,4,2,2,2,1,3,4,4,4,2,0.0819078160071931,0.167934813519316,0.926582282266119,-0.0074015,-0.0106830,-0.0078948,-0.0012408,-0.0007500,sell
2010-02-07,1,1,1,2,2,0,4,1,3,1,2,1,2,3,3,4,1,0.0842033597899,0.174568812296492,0.928120010047186, 0.0010329,-0.0087485,-0.0088934,-0.0086580,-0.0090553,sell
2010-02-08,1,1,0,3,2,0,3,1,4,1,1,1,3,2,2,5,2,0.0868934880622021,0.181297011190263,0.929584477097799,-0.0139408,-0.0121261,-0.0129790,-0.0067794,-0.0116549,sell
2010-02-09,3,0,0,3,3,0,4,1,5,2,2,2,4,3,3,5,2,0.089986286571837,0.188113189438212,0.930971945625587, 0.0225167, 0.0101597, 0.0137651, 0.0054571, 0.0134853,buy
2010-02-10,3,1,1,1,3,1,5,4,2,1,3,2,4,4,5,2,2,0.0934777124449361,0.195017347040339,0.932288396098343, 0.0188204, 0.0232177, 0.0182408, 0.0196282, 0.0161818,buy
2010-02-11,2,1,1,1,3,1,6,2,2,0,3,1,3,3,5,2,2,0.0973790857283318,0.202008595316299,0.933520372463534,-0.0001447, 0.0106907, 0.0093405, 0.0058404,-0.0020364,buy
2010-02-12,3,0,2,0,4,2,7,2,2,0,4,3,2,5,4,2,2,0.101691214996798,0.209078936142985,0.934678340539797, 0.0096913, 0.0120678, 0.0164688, 0.0115919, 0.0043586,buy
2010-02-13,3,0,1,1,4,1,5,2,2,0,3,2,2,4,4,3,1,0.106415717399882,0.216231924241778,0.935756319859339, 0.0011216, 0.0086218, 0.0054134, 0.0082365,-0.0049782,buy
2010-02-14,5,0,1,0,6,1,5,1,3,0,4,3,2,4,4,3,2,0.11155582723668,0.223460450169916,0.936755057980635, 0.0018421, 0.0039920, 0.0077721, 0.0042094, 0.0007991,buy
2010-02-15,4,0,1,1,6,1,4,1,3,0,4,4,1,4,4,2,2,0.117113161656737,0.230764513927398,0.937675302462159, 0.0020888, 0.0029052,-0.0010649, 0.0022200,-0.0022796,buy
2010-02-16,3,0,0,1,4,2,5,1,2,0,3,3,2,3,3,3,1,0.123094189258246,0.238142338153536,0.938515558186961, 0.0085375, 0.0075968, 0.0160325, 0.0108739, 0.0052659,buy
2010-02-17,3,0,1,0,5,1,6,2,2,1,4,3,3,3,3,3,2,0.129491632868241,0.245585036044875,0.939279562947414, 0.0101738, 0.0123504, 0.0202984, 0.0093557, 0.0043664,buy
2010-02-18,2,2,0,0,3,0,3,4,3,0,2,2,3,3,2,2,3,0.136313578234461,0.253097939683488,0.939965074068094,-0.0120601,-0.0223448,-0.0047596,-0.0107740,-0.0111344,sell
2010-02-19,2,0,1,0,4,0,2,4,4,1,3,2,2,3,3,3,2,0.143557599632584,0.260673939626612,0.940572839107475,-0.0037542,-0.0017828, 0.0070916,-0.0006911,-0.0020039,sell
2010-02-20,2,0,1,3,4,0,1,1,4,0,2,1,1,4,5,1,2,0.151225314212157,0.268313035874248,0.941103605624032,-0.0127297,-0.0165307,-0.0044154,-0.0115435,-0.0111519,sell
2010-02-21,2,0,1,3,4,0,0,1,4,1,2,2,1,5,5,1,0,0.159321573421824,0.276011673705015,0.941559616293186, 0.0008039, 0.0017239, 0.0030780,-0.0016307, 0.0009479,buy
2010-02-22,2,1,1,2,4,0,0,2,3,2,3,4,1,4,4,0,1,0.167841525812941,0.283765409717186,0.941944608907309,-0.0111746,-0.0093376,-0.0127543,-0.0087524,-0.0115640,sell
2010-02-23,1,3,1,2,3,0,1,2,2,3,2,4,1,3,5,1,2,0.176789214259378,0.291575132591108,0.942257088349451, 0.0058054, 0.0047722, 0.0056956, 0.0051038, 0.0037411,buy
2010-02-24,2,2,3,3,3,1,2,1,2,1,2,3,3,4,4,2,2,0.18615736158817,0.299435510244707,0.942496307061138,-0.0007681, 0.0012771,-0.0035073,-0.0012689,-0.0007681,buy
2010-02-25,3,0,2,3,3,0,1,1,2,0,2,2,3,3,2,2,1,0.195957287846151,0.30734565399764,0.94267123574406, 0.0071529,-0.0010823,-0.0044269, 0.0004393,-0.0011302,buy
2010-02-26,3,0,1,3,4,0,1,1,3,0,2,2,2,4,2,3,1,0.206183333009903,0.315303786489215,0.942775893930423, 0.0047059, 0.0002016,-0.0025094, 0.0003594, 0.0004208,buy
2010-02-27,2,0,0,3,4,1,2,1,2,0,1,3,2,3,2,3,1,0.21683387992988,0.323306352998052,0.942818504763443,-0.0063329,-0.0060285,-0.0079088,-0.0057009,-0.0059925,sell
2010-02-28,3,0,1,0,3,2,3,1,1,0,2,3,2,1,3,3,0,0.227909737180856,0.331352464843806,0.942792340216852, 0.0068352, 0.0066213, 0.0159592, 0.0166574, 0.0057738,buy
2010-03-01,4,1,0,0,3,3,2,1,2,0,2,3,3,1,3,3,1,0.239408479038508,0.33943945598544,0.942705623433865, 0.0252095, 0.0241703, 0.0128498, 0.0258597, 0.0230404,buy
2010-03-02,4,0,0,2,5,1,1,0,3,1,2,3,5,2,3,2,0,0.251334956951479,0.347565549062265,0.942559101972956, 0.0109036, 0.0132576, 0.0087912, 0.0071730, 0.0113433,buy
2010-03-03,2,0,1,3,5,0,1,0,2,1,2,3,4,1,2,2,1,0.263679468022485,0.355735187476006,0.9423535233926, 0.0171868, 0.0184908, 0.0159617, 0.0242184, 0.0180386,buy
2010-03-04,3,2,3,4,5,0,2,0,3,1,4,5,4,2,3,3,2,0.276447672274941,0.363927042898378,0.942089635251269, 0.0094574, 0.0095060, 0.0073426, 0.0081336, 0.0097886,buy
2010-03-05,3,3,4,3,2,1,1,2,2,1,4,3,4,2,4,3,2,0.289633101110658,0.372153556854214,0.941768932665913, 0.0092230, 0.0060359, 0.0046407, 0.0082234, 0.0030253,buy
2010-03-06,3,1,4,1,1,1,2,0,3,2,4,3,3,2,3,2,1,0.303228477356672,0.380412951982824,0.941390668078057,-0.0111696,-0.0041230,-0.0065949,-0.0087543,-0.0069065,sell
2010-03-07,3,2,1,4,1,1,2,0,1,1,4,4,2,1,2,2,1,0.317237035312078,0.388699896202136,0.940960821955493, 0.0262528, 0.0239205, 0.0227968, 0.0186400, 0.0217632,buy
2010-03-08,3,1,1,3,2,1,1,0,2,4,2,4,3,2,3,2,2,0.331651497803911,0.397011723471114,0.940482384532118,-0.0116486,-0.0094291,-0.0107772,-0.0099828,-0.0112408,sell
2010-03-09,2,1,1,3,2,1,0,1,2,3,3,4,2,2,4,0,1,0.346461353360113,0.405347545109414,0.939950122898613,-0.0031388,-0.0120498,-0.0034716,-0.0081961,-0.0027359,sell
2010-03-10,1,1,1,3,1,2,1,2,3,1,4,4,3,1,3,1,0,0.361666601980685,0.41370291771531,0.939364784613452, 0.0223510, 0.0016256, 0.0216637, 0.0208526, 0.0216637,buy
2010-03-11,1,0,1,2,1,2,2,2,3,1,3,2,2,2,3,2,1,0.377248646445829,0.422076952608455,0.93873459281985,-0.0079889,-0.0088965,-0.0137532, 0.0098938,-0.0142881,sell
2010-03-12,1,0,1,3,1,1,2,3,2,1,2,1,1,3,3,3,2,0.393201826732129,0.430466095067469,0.938053567050015,-0.0200438,-0.0144969,-0.0198102,-0.0065059,-0.0155786,sell
2010-03-13,3,0,1,2,3,1,2,2,2,1,1,1,3,3,4,4,1,0.409513205643205,0.438871233772697,0.937324697537841, 0.0079232, 0.0062526, 0.0099841, 0.0074999, 0.0044304,buy
2010-03-14,3,0,1,2,3,0,4,1,2,1,3,2,4,2,2,3,1,0.426164994534035,0.447285259281378,0.936551722075701, 0.0249099, 0.0246901, 0.0217568, 0.0255366, 0.0228719,buy
2010-03-15,4,0,2,2,1,0,4,1,1,0,3,2,5,0,1,4,0,0.443134553310952,0.455709060273856,0.935730902871223, 0.0024681, 0.0000410,-0.0017755,-0.0023728, 0.0004235,buy
2010-03-16,4,0,3,1,1,2,4,2,1,1,2,2,6,1,3,4,1,0.460406519053256,0.464139082028751,0.934867472833725, 0.0294191, 0.0244472, 0.0295164, 0.0236452, 0.0245454,buy
2010-03-17,3,2,3,1,1,2,4,2,1,1,3,3,5,2,3,3,1,0.477948548769996,0.472573547185372,0.93395993684626, 0.0187506, 0.0148882, 0.0200854, 0.0188277, 0.0157967,buy
2010-03-18,2,3,4,1,2,2,4,2,2,2,3,5,5,3,4,4,0,0.495729108044996,0.481009789702683,0.933009790025776,-0.0141019,-0.0088926,-0.0164279,-0.0046972,-0.0077334,sell
2010-03-19,1,2,3,2,2,2,3,2,2,2,3,4,3,3,5,2,1,0.513712619588209,0.48944692090034,0.932016284813798, 0.0005090, 0.0257920,-0.0016645, 0.0047791, 0.0224862,buy
2010-03-20,1,2,3,3,1,2,3,2,4,2,3,4,4,3,5,2,2,0.53186108038527,0.497880497376616,0.930983159002697, 0.0071402, 0.0118568, 0.0087464, 0.0130700, 0.0139386,buy
2010-03-21,1,3,2,1,2,1,2,3,3,3,3,4,5,3,3,2,1,0.550124358800204,0.50630874177082,0.929907422358577,-0.0044258, 0.0000265, 0.0040318, 0.0012876,-0.0073267,sell
2010-03-22,1,5,2,1,1,1,2,2,2,4,4,3,5,3,3,2,1,0.568449088897945,0.514730765402608,0.928793560232281, 0.0033310,-0.0012040, 0.0034919,-0.0020142,-0.0048949,buy
2010-03-23,0,4,2,2,1,2,2,1,1,3,3,3,4,3,3,2,0,0.586777861869554,0.523144790911288,0.927639329948389, 0.0161854, 0.0114951, 0.0168839, 0.0206782, 0.0139182,buy
2010-03-24,0,5,3,2,3,2,1,1,1,2,3,3,4,5,2,2,1,0.605047608882679,0.531544597534445,0.926449216857743, 0.0043304, 0.0225183, 0.0023160, 0.0186579, 0.0256755,buy
2010-03-25,1,5,2,2,4,1,1,1,2,2,3,4,3,5,3,1,2,0.623186366782455,0.539933739993459,0.925217988051025, 0.0009405, 0.0164027,-0.0004621, 0.0139287, 0.0181974,buy
2010-03-26,0,3,2,3,3,2,2,1,2,1,3,2,2,5,3,2,2,0.641125406713111,0.548305108845569,0.923954614229925, 0.0049120, 0.0046771, 0.0065146, 0.0018644, 0.0045823,buy
2010-03-27,0,2,2,3,2,1,4,0,2,1,2,2,2,5,2,2,2,0.658782254047725,0.556660481451464,0.922649377134279, 0.0101654, 0.0026637, 0.0097148,-0.0029969, 0.0062533,buy
2010-03-28,1,3,1,2,1,2,1,1,2,1,2,2,1,5,1,2,2,0.676089797080075,0.564995414409419,0.921310499907303, 0.0174933, 0.0208641, 0.0226981, 0.0105369, 0.0176100,buy
2010-03-29,2,3,0,1,4,1,2,2,4,2,2,2,4,5,3,3,2,0.692961518309367,0.573309907719433,0.919934244756625, 0.0076843, 0.0099762, 0.0074714, 0.0102786, 0.0037999,buy
2010-03-30,1,0,0,2,3,0,2,2,3,3,3,1,4,3,2,2,1,0.709324646005964,0.581599517979781,0.918522854357668, 0.0066885, 0.0099527, 0.0037777, 0.0052506, 0.0017229,buy
2010-03-31,1,0,1,2,4,1,3,2,4,2,3,2,4,2,4,3,2,0.725106408440227,0.589866022551152,0.917077076268906, 0.0031391, 0.0118590, 0.0070313, 0.0065118, 0.0042594,buy
2010-04-01,1,2,2,2,3,0,2,5,4,3,4,4,4,4,4,3,1,0.740235651032065,0.598103200671131,0.915596162931864, 0.0064335, 0.0151005, 0.0200846, 0.0152136, 0.0065733,buy
2010-04-02,1,1,4,1,4,0,2,4,4,3,5,3,4,4,4,2,2,0.754654964972541,0.60631993914317,0.914080861905018,-0.0033337, 0.0008147, 0.0048484, 0.0012876,-0.0005733,buy
2010-04-03,1,2,3,3,4,0,3,3,3,3,6,4,2,4,4,2,3,0.768306132877944,0.614494909638983,0.912530425629893,-0.0005255, 0.0013139, 0.0102631, 0.0019001, 0.0012812,buy
2010-04-04,1,2,2,3,3,0,1,3,2,5,5,3,2,4,4,2,2,0.781135788813206,0.622639665003057,0.910947844340384, 0.0007225, 0.0000766, 0.0006865,-0.0091405, 0.0006693,buy
2010-04-05,2,2,3,1,3,0,1,4,2,4,4,3,3,5,4,1,2,0.793097035441449,0.630750650514013,0.909330127802597, 0.0041486, 0.0059645,-0.0008791,-0.0000853, 0.0011227,buy
2010-04-06,1,3,2,1,1,0,1,4,2,2,5,2,2,4,2,0,2,0.804161572645592,0.638825200130814,0.907678023575004,-0.0011690,-0.0107988,-0.0061558,-0.0064288,-0.0052844,sell
2010-04-07,1,3,3,1,1,1,3,3,1,3,4,4,1,5,1,2,3,0.814288971686946,0.646862425173115,0.905993774333028, 0.0163796, 0.0163284, 0.0161530, 0.0140046, 0.0178339,buy
2010-04-08,1,2,2,2,1,1,3,5,0,2,5,3,0,6,1,2,2,0.823458209621393,0.6548561048785,0.9042736422843, 0.0179171, 0.0137818, 0.0154407, 0.0143453, 0.0148912,buy
2010-04-09,2,2,1,3,2,0,3,3,0,1,3,2,1,4,3,3,1,0.831641794906626,0.662807127927313,0.902519122545766,-0.0053955,-0.0063350,-0.0047380,-0.0103681,-0.0101234,sell
2010-04-10,2,2,1,2,3,0,2,2,2,0,2,2,1,4,2,3,2,0.838822747472395,0.670711939598174,0.9007309626759, 0.0090236,-0.0022984, 0.0163715,-0.0079055, 0.0095296,buy
2010-04-11,2,2,0,3,1,0,1,2,1,0,3,2,0,2,1,2,2,0.844988938697095,0.678569651210738,0.898909162674704, 0.0030152, 0.0047504, 0.0020358,-0.0007375, 0.0101075,buy
2010-04-12,3,2,1,4,1,1,2,3,0,1,3,3,1,3,3,3,2,0.850125005660023,0.686377596723969,0.897053722542177, 0.0101903, 0.0165032, 0.0113182, 0.0061885, 0.0067112,buy
2010-04-13,1,2,1,3,1,0,3,3,1,1,4,2,1,3,2,2,2,0.854219628314348,0.694133110096831,0.895165389836793, 0.0116618, 0.0074154, 0.0097178, 0.0086329, 0.0139971,buy
2010-04-14,1,3,0,4,2,0,5,2,3,0,4,2,2,3,3,4,2,0.857265529487105,0.70184063473105,0.893239679207708, 0.0210887, 0.0260689, 0.0262059, 0.0236053, 0.0308260,buy
2010-04-15,0,1,1,5,3,0,2,3,3,1,3,2,2,3,5,4,0,0.859260283453973,0.709481508339376,0.891284813798135,-0.0026220, 0.0145303, 0.0052478, 0.0072707, 0.0052809,buy
2010-04-16,1,1,1,5,2,0,1,2,4,1,3,1,2,3,4,4,1,0.86020146449063,0.717070838487679,0.889294813140284, 0.0090202, 0.0133136, 0.0097480, 0.0149045, 0.0146174,buy
2010-04-17,0,2,1,3,3,0,1,1,4,1,2,2,3,3,3,3,0,0.860093115470946,0.724599738372506,0.887268929675679,-0.0141395,-0.0116681,-0.0144973,-0.0087825,-0.0157008,sell
2010-04-18,0,3,0,3,2,0,2,2,3,1,3,3,2,2,3,2,1,0.858940896418337,0.732063764592131,0.88521239631364, 0.0174812, 0.0177387, 0.0291345, 0.0093424, 0.0157300,buy
2010-04-19,0,2,1,3,2,1,3,3,2,3,4,3,2,3,3,3,2,0.856764213127373,0.73946736054828,0.883121475261795, 0.0106600, 0.0130946, 0.0140334, 0.0115963, 0.0123891,buy
2010-04-20,0,2,1,4,2,1,2,2,3,2,4,2,3,3,2,4,1,0.85358570569172,0.746802528117846,0.880999156754041,-0.0012940,-0.0011192, 0.0336229,-0.0002634,-0.0064345,buy
2010-04-21,1,0,4,3,4,0,1,1,5,2,4,2,3,3,4,4,1,0.8494385256771,0.754068378620484,0.878842450556483,-0.0166981,-0.0066510,-0.0063553, 0.0015563,-0.0055337,sell
2010-04-22,1,0,2,5,4,0,1,2,2,2,3,2,2,4,4,4,0,0.84436876184562,0.761269355457919,0.876651356669119,-0.0002335, 0.0014664, 0.0127386, 0.0017045, 0.0016168,buy
2010-04-23,0,0,3,4,3,1,1,3,1,3,4,1,2,3,4,4,1,0.838433014431443,0.768390351064284,0.874430360442794, 0.0046877, 0.0064282, 0.0150707, 0.0084905, 0.0092159,buy
2010-04-24,0,1,3,3,0,0,1,4,1,2,3,2,1,2,3,3,1,0.831700012290336,0.775440252243029,0.872174976526664, 0.0251938, 0.0249815, 0.0229197, 0.0277096, 0.0284291,buy
2010-04-25,1,1,3,3,1,2,0,5,1,3,4,2,2,3,4,4,1,0.824252230049226,0.782413726912085,0.869887447596151, 0.0154389, 0.0040612, 0.0168511, 0.0148994, 0.0147333,buy
2010-04-26,1,0,3,5,2,1,0,4,2,3,3,2,3,3,4,4,2,0.816189930980057,0.789309886391105,0.867569268768203, 0.0084577, 0.0042457, 0.0091597, 0.0123125, 0.0168963,buy
2010-04-27,0,0,4,4,4,0,1,3,1,3,4,2,3,3,3,3,2,0.807619846952967,0.796127841999744,0.865215207133502, 0.0036731,-0.0004920, 0.0062250, 0.0044421, 0.0080978,buy
2010-04-28,0,1,3,4,3,0,2,4,1,3,4,3,2,4,3,3,2,0.798653561286734,0.802864039016622,0.862834233393736,-0.0050483,-0.0041737, 0.0030165,-0.0015794,-0.0017876,buy
2010-04-29,0,2,4,3,1,0,1,5,1,4,4,4,2,4,3,3,1,0.789423680244254,0.809516700081048,0.860417376847217,-0.0025075, 0.0000465, 0.0066624, 0.0044346, 0.0097729,buy
2010-04-30,0,2,3,3,1,1,2,4,1,2,4,3,1,3,3,3,2,0.780052298616367,0.816084936512676,0.857970617961737,-0.0057880,-0.0005632, 0.0041276,-0.0004831,-0.0004831,buy
2010-05-01,0,3,2,4,1,1,1,4,0,2,5,3,1,2,2,3,2,0.770670405516421,0.822566970950817,0.855490218944926, 0.0056258, 0.0079205, 0.0013219, 0.0062123, 0.0081945,buy
2010-05-02,1,1,1,4,2,0,1,4,2,4,4,3,2,3,3,3,2,0.761405755758669,0.82896102603478,0.852979917589154, 0.0028910, 0.0045045, 0.0065785, 0.0120031, 0.0111363,buy
2010-05-03,1,2,1,2,2,0,1,5,1,1,2,3,2,2,3,2,2,0.75237801840963,0.835261769682492,0.850435228543577, 0.0005207, 0.0029606,-0.0063989, 0.0024838,-0.0023637,buy
2010-05-04,0,3,2,3,0,0,1,2,3,1,1,3,2,1,4,3,1,0.743696351063761,0.841478088697408,0.847856899366669, 0.0068097, 0.0203597, 0.0030545,-0.0003962, 0.0065331,buy
2010-05-05,0,3,3,3,0,1,2,4,2,1,1,4,2,2,5,4,1,0.735466677016424,0.847589543431586,0.845253153201643, 0.0001373,-0.0021720,-0.0052664,-0.0055043,-0.0041086,sell
2010-05-06,1,3,2,4,1,1,1,5,1,1,2,4,2,3,5,3,1,0.727774705193637,0.853611241450895,0.842614271788339,-0.0025424,-0.0040336,-0.0045840,-0.0095673,-0.0069975,sell
2010-05-07,1,4,1,3,1,0,3,3,2,1,1,3,2,3,4,4,2,0.720695633049362,0.859536073312574,0.839943245360652, 0.0029355, 0.0088444, 0.0091057, 0.0042483, 0.0104964,buy
2010-05-08,0,3,1,2,1,0,1,3,2,2,0,4,1,3,2,3,2,0.71429252941595,0.865359595614896,0.837238578801634, 0.0176669, 0.0172798, 0.0167916, 0.0093067, 0.0178153,buy
2010-05-09,2,2,1,4,1,1,2,3,1,2,1,5,1,3,3,4,2,0.708613908779828,0.871081808357861,0.834504009903655, 0.0117161, 0.0119510, 0.0120175, 0.0053074, 0.0114575,buy
2010-05-10,1,2,2,4,0,1,2,3,1,2,0,5,2,4,3,3,1,0.703700199879684,0.876698268139743,0.831737295991293, 0.0141199, 0.0110419, 0.0118899, 0.0026891, 0.0119654,buy
2010-05-11,0,3,2,3,1,0,3,3,3,1,1,4,2,4,3,3,2,0.69956919136054,0.882213418362269,0.828937689506073, 0.0183864, 0.0154789, 0.0173127, 0.0086167, 0.0175273,buy
2010-05-12,0,2,2,3,1,0,3,3,3,1,3,4,1,4,1,3,2,0.696239480442193,0.887616594861295,0.826106685564945, 0.0144612, 0.0090621, 0.0142638, 0.0088250, 0.0129890,buy
2010-05-13,0,1,1,5,0,0,2,4,2,2,3,3,0,4,1,3,3,0.693711067124643,0.892916684440274,0.823245031726382, 0.0157230, 0.0099177, 0.0118925, 0.0155864, 0.0158680,buy
2010-05-14,0,1,2,4,1,0,2,0,3,2,3,1,1,5,1,3,1,0.69198395140789,0.898106577656443,0.820350485314961, 0.0163561, 0.0102809, 0.0108424, 0.0049114, 0.0169384,buy
2010-05-15,0,3,3,1,1,0,1,0,2,3,2,2,3,3,3,1,0,0.691050047544197,0.903178276386697,0.817424541447632,-0.0011964, 0.0103808, 0.0136732, 0.0058835, 0.0114279,buy
2010-05-16,1,1,4,1,0,1,1,1,3,7,3,3,3,3,3,4,1,0.690893184038087,0.908140667434486,0.814465705007446, 0.0118926, 0.0049952, 0.0023854, 0.0083114, 0.0114191,buy
2010-05-17,0,3,3,2,0,1,1,1,2,5,3,3,3,3,2,4,0,0.691493955094991,0.91298664135705,0.811479956462195, 0.0242627, 0.0020128, 0.0211209, 0.0185007, 0.0055897,buy
2010-05-18,0,1,5,2,2,0,2,0,3,4,3,2,4,3,3,3,1,0.692829720621244,0.917713532113353,0.808460567785612, 0.0019789, 0.0068325, 0.0047564,-0.0097162, 0.0039657,buy
2010-05-19,0,1,4,3,2,0,1,2,3,4,3,1,3,3,4,4,2,0.694869754775443,0.922322228383739,0.805411276770069, 0.0052815, 0.0120549, 0.0150988, 0.0115684, 0.0157760,buy
2010-05-20,1,1,3,4,2,2,1,2,3,4,4,2,3,4,4,4,2,0.697596268912564,0.9268145075289,0.802331335857091,-0.0006855,-0.0021716,-0.0008265,-0.0028846,-0.0060782,sell
2010-05-21,0,1,4,1,2,2,1,0,3,4,3,1,3,4,3,3,1,0.700973685742563,0.931181482745382,0.799222240163626, 0.0061486, 0.0051312, 0.0040722, 0.0051094, 0.0089337,buy
2010-05-22,1,2,3,1,2,3,1,1,3,2,2,3,3,5,2,3,1,0.704975322297905,0.935427597434913,0.7960832421312, 0.0213348, 0.0191903, 0.0191810, 0.0197698, 0.0201223,buy
2010-05-23,1,1,2,2,2,3,0,2,3,4,2,3,3,5,2,3,2,0.70956883558764,0.93954574215473,0.792914341759813,-0.0055750,-0.0115650,-0.0048279,-0.0055938,-0.0103508,sell
2010-05-24,0,2,2,2,2,1,1,1,3,0,1,3,2,4,1,1,2,0.714728351219007,0.943540360306559,0.789714791490991, 0.0136698, 0.0077382, 0.0108028, 0.0009567, 0.0156060,buy
2010-05-25,0,1,3,3,3,2,1,3,4,0,3,3,2,5,3,2,2,0.720420717626283,0.947405231127984,0.786488329117104,-0.0008649,-0.0006556, 0.0021886,-0.0156646,-0.0070321,sell
2010-05-26,0,3,1,5,1,2,1,4,1,1,3,3,2,4,3,1,3,0.726615208968064,0.951143020660041,0.783233459521204,-0.0142435,-0.0156744,-0.0078671,-0.0234513,-0.0188041,sell
2010-05-27,0,4,2,2,3,2,2,4,2,2,4,4,2,4,3,3,3,0.733285142276817,0.954753728902729,0.779947940027869,-0.0095012,-0.0047450,-0.0046710,-0.0088639,-0.0041820,sell
2010-05-28,0,6,0,2,3,2,2,3,1,0,4,3,2,3,2,3,2,0.740394940262496,0.958230246413286,0.776634013312521, 0.0023253, 0.0287436, 0.0244877, 0.0190840, 0.0230494,buy
2010-05-29,1,5,1,2,2,1,1,3,2,3,4,3,4,2,3,4,1,0.747917919957566,0.961575239232749,0.773293174492109, 0.0019443,-0.0098641,-0.0165975,-0.0133320,-0.0046505,sell
2010-05-30,1,5,0,3,3,2,1,4,1,2,4,3,4,2,3,4,2,0.755824164095399,0.964787818680772,0.769922433332735,-0.0049163, 0.0150053, 0.0024103,-0.0014718, 0.0077591,buy
2010-05-31,0,4,1,4,3,2,2,4,3,0,4,4,5,1,3,4,2,0.764079712535496,0.967865318716319,0.766523284951349, 0.0022796, 0.0103740, 0.0079843, 0.0033262, 0.0105321,buy
2010-06-01,0,5,1,4,3,1,3,3,3,0,4,3,4,2,5,4,1,0.77266111660942,0.970808628019736,0.763101709815742, 0.0195208, 0.0232971, 0.0234925, 0.0212768, 0.0245297,buy
2010-06-02,0,5,0,3,3,1,1,6,1,0,4,2,3,2,3,4,2,0.781529564728028,0.973615969230332,0.75964574699033, 0.0046348, 0.0322834, 0.0319656, 0.0249624, 0.0257817,buy
2010-06-03,1,3,0,3,3,2,3,3,2,0,2,2,4,3,3,4,2,0.790653522475144,0.976283787626726,0.756161376942904,-0.0117443, 0.0135579, 0.0120064, 0.0024273, 0.0108143,buy
2010-06-04,1,2,0,2,2,2,3,0,2,0,2,1,3,2,2,2,2,0.800012775481425,0.978813860569609,0.752653085024311,-0.0044659,-0.0078145,-0.0126410,-0.0207338,-0.0172803,sell
2010-06-05,2,2,1,1,3,2,2,0,1,0,2,1,3,1,3,2,2,0.809558809260445,0.981203522017944,0.749117881000652, 0.0075754, 0.0018498, 0.0008937, 0.0017232, 0.0003052,buy
2010-06-06,2,3,1,1,3,2,2,0,1,2,2,1,4,2,4,2,2,0.819265749419443,0.983451883291388,0.74555426975498, 0.0047065, 0.0049471,-0.0119393, 0.0023209,-0.0103646,buy
2010-06-07,0,3,1,1,2,1,1,1,3,2,2,1,3,1,3,2,3,0.829096401518827,0.985558944389939,0.741963746404244,-0.0035232,-0.0030071,-0.0031926, 0.0029909,-0.0036011,sell
2010-06-08,0,1,4,0,3,1,3,0,4,3,3,2,3,2,4,3,2,0.839011953969455,0.987526482674288,0.738345563389968, 0.0232764, 0.0233191, 0.0244617, 0.0207894, 0.0194498,buy
2010-06-09,0,2,4,2,3,1,1,2,3,2,3,3,3,3,5,3,0,0.848971978032641,0.989348277382019,0.734700468270628, 0.0129481, 0.0155206, 0.0108589,-0.0009486, 0.0139149,buy
2010-06-10,0,1,3,1,4,1,1,2,6,4,4,3,4,3,4,4,1,0.858936044969695,0.991028771914857,0.731031451280119,-0.0011592, 0.0005374, 0.0044611, 0.0024874, 0.0017086,buy
2010-06-11,0,2,5,0,5,1,0,1,5,4,4,2,5,3,4,4,1,0.868860491742834,0.992562634190732,0.727334027067597, 0.0089557, 0.0110055, 0.0183167, 0.0019265, 0.0114656,buy
2010-06-12,0,2,4,0,4,1,1,1,3,4,4,1,4,2,3,4,2,0.878696803865634,0.993952530250679,0.723611933425433, 0.0125367, 0.0131052, 0.0118661, 0.0064355, 0.0131022,buy
2010-06-13,0,2,4,1,4,2,1,0,3,4,5,2,4,3,2,4,1,0.888389998253478,0.995198460094698,0.719861432561255, 0.0000737, 0.0000144, 0.0017296,-0.0008528, 0.0002674,buy
2010-06-14,1,3,4,1,6,1,1,1,2,1,3,3,5,3,2,4,1,0.897893177569489,0.996298646362098,0.716088504942857,-0.0121278,-0.0117069,-0.0130074,-0.0274178,-0.0121278,sell
2010-06-15,1,1,6,1,6,0,2,1,2,1,3,2,4,3,4,4,1,0.907149741579502,0.99725131169219,0.712290907894816, 0.0000464, 0.0004530, 0.0088048,-0.0007023, 0.0003434,buy
2010-06-16,0,2,4,3,3,1,2,1,1,1,3,1,4,3,5,2,0,0.916095004301618,0.998058233445662,0.708467146300184,-0.0024987, 0.0024380, 0.0014920,-0.0023660,-0.0026402,sell
2010-06-17,1,2,5,0,4,1,3,0,0,2,3,2,3,3,3,3,1,0.924670748352125,0.998716745581481,0.704620210392857,-0.0094014,-0.0077838, 0.0002370,-0.0073061,-0.0096390,sell
2010-06-18,1,3,4,0,1,0,1,1,0,3,2,1,2,3,3,2,1,0.932812287749122,0.999232180181717,0.700746362380465, 0.0036821, 0.0066257, 0.0028269, 0.0090717, 0.0068438,buy
2010-06-19,1,2,3,0,2,2,2,1,1,4,3,2,2,4,3,2,2,0.940456553660256,0.999596539123264,0.696855320523171,-0.0024458,-0.0026755,-0.0038748,-0.0022316, 0.0113890,sell
2010-06-20,0,1,2,1,1,1,2,2,1,3,1,3,2,3,2,1,2,0.94753320008021,0.999818709209572,0.692938114119286, 0.0028526, 0.0026482, 0.0038747,-0.0082881, 0.0022912,buy
2010-06-21,0,0,3,0,3,1,2,2,2,4,2,3,2,4,2,2,2,0.953988052499143,0.999891580997881,0.688996985844233, 0.0169942, 0.0184172, 0.0188576, 0.0181106, 0.0173817,buy
2010-06-22,0,2,3,2,0,1,1,4,2,5,2,2,3,4,4,2,3,0.959753999210831,0.999817820529227,0.68503567349038, 0.0056751, 0.0048355, 0.0012974, 0.0012004, 0.0007322,buy
2010-06-23,0,1,4,1,0,1,2,3,1,6,3,1,3,3,4,3,2,0.964775248555885,0.999596539123264,0.681050439265359, 0.0072890, 0.0077027, 0.0049821, 0.0046434, 0.0121097,buy
2010-06-24,0,2,5,1,0,1,2,2,0,6,4,2,2,2,2,5,2,0.969004903197428,0.999232180181717,0.677042778286118, 0.0111856, 0.0085972, 0.0150152, 0.0136834, 0.0138538,buy
2010-06-25,0,3,2,3,0,2,1,2,1,8,5,2,2,2,3,5,3,0.972397682948128,0.998719411622517,0.673017175903499, 0.0162047, 0.0164656, 0.0183991, 0.0165584, 0.0145361,buy
2010-06-26,1,1,2,3,1,2,1,3,1,8,4,2,3,3,4,4,3,0.974922053391809,0.998060010806353,0.668968399208186, 0.0123246, 0.0137533, 0.0119034, 0.0116767, 0.0109517,buy
2010-06-27,0,1,1,4,1,2,1,3,0,3,3,3,1,3,2,2,2,0.976548905836616,0.997255755093916,0.664897195758652,-0.0133341,-0.0139613,-0.0130630,-0.0121389,-0.0133228,sell
2010-06-28,0,0,1,4,0,2,2,1,2,2,4,1,1,4,2,2,0,0.977268537385263,0.996306644485205,0.660807303347268, 0.0097539, 0.0108743, 0.0071678, 0.0099936, 0.0097539,buy
2010-06-29,0,1,0,5,1,3,1,4,2,0,3,2,1,5,2,3,1,0.977077713738656,0.995210901619531,0.656697226857085,-0.0003493,-0.0001531, 0.0104336,-0.0015506,-0.0019317,buy
2010-06-30,1,2,0,5,1,2,2,3,2,0,4,2,2,3,2,4,1,0.975978860621115,0.993969415177238,0.652566218729629,-0.0179783,-0.0168430,-0.0084949,-0.0179783,-0.0146977,sell
2010-07-01,1,3,0,5,1,1,2,0,3,0,3,3,3,2,1,4,0,0.973986532378568,0.992586628560053,0.648416521640323,-0.0106997, 0.0055671,-0.0067026,-0.0035180,-0.0095976,sell
2010-07-02,0,3,0,4,1,1,0,0,2,0,2,3,2,1,0,2,1,0.971129837702871,0.991058987046595,0.644246640472218, 0.0060423, 0.0034506, 0.0021895, 0.0006565, 0.0131789,buy
2010-07-03,2,4,0,5,1,1,1,0,2,1,4,2,3,2,1,3,2,0.967433842412011,0.989388267997554,0.64005582766684, 0.0095100, 0.0013179, 0.0079744, 0.0076244,-0.0030167,buy
2010-07-04,2,4,0,3,1,1,1,1,2,1,3,3,3,3,0,2,2,0.962934932370806,0.987575360093276,0.635848568575034, 0.0219597, 0.0258194, 0.0221759, 0.0133961, 0.0148014,buy
2010-07-05,0,3,1,2,2,1,3,1,2,0,2,3,4,1,1,2,2,0.957674344892718,0.98562026333376,0.631620377845955,-0.0117020, 0.0003282, 0.0016954,-0.0033493, 0.0059151,sell
2010-07-06,0,3,1,3,2,1,4,1,2,0,2,2,4,1,3,3,2,0.951695743015531,0.983522977719006,0.627375740830448, 0.0065751, 0.0005020, 0.0001910,-0.0088404,-0.0084712,buy
2010-07-07,0,4,3,3,2,1,2,2,2,2,2,2,4,2,4,4,3,0.945040364052706,0.981288835331087,0.62311241485309,-0.0005426, 0.0006315, 0.0025148,-0.0010737,-0.0027469,buy
2010-07-08,0,5,2,1,3,1,2,1,4,2,2,3,5,2,3,4,2,0.937753488191574,0.978912504087929,0.618831147472355,-0.0015204, 0.0115838, 0.0024330,-0.0044265, 0.0122556,buy
2010-07-09,0,5,2,1,4,1,2,1,2,1,3,3,4,2,3,3,1,0.929886864217655,0.976395761350225,0.614528948454348, 0.0032363, 0.0106634, 0.0023813, 0.0046832, 0.0040615,buy
2010-07-10,0,2,4,0,4,2,2,1,3,3,4,2,3,4,3,3,2,0.921480112294864,0.973747493921426,0.610215536059231, 0.0343793, 0.0369543, 0.0332956, 0.0334338, 0.0389764,buy
2010-07-11,0,4,3,1,3,2,2,2,3,0,4,3,2,4,2,3,2,0.912579321185306,0.970960592358771,0.605882687143788, 0.0138447, 0.0137999, 0.0103026, 0.0146979, 0.0132748,buy
2010-07-12,0,2,5,0,5,1,3,2,3,0,4,4,2,4,2,3,2,0.903226536777215,0.96803861138364,0.601532644383444, 0.0260444, 0.0093497, 0.0211568, 0.0140924, 0.0141659,buy
2010-07-13,0,1,3,3,4,1,3,3,1,0,4,4,1,5,2,2,1,0.893465422108375,0.964984217037069,0.597166902895144, 0.0109694, 0.0118576, 0.0115426,-0.0035238, 0.0106349,buy
2010-07-14,1,1,2,2,4,1,2,1,1,0,3,3,1,4,1,2,1,0.883333980193152,0.961793854597677,0.592787705354313, 0.0170683, 0.0174211, 0.0147131, 0.0091567, 0.0027083,buy
2010-07-15,2,2,2,0,2,0,0,2,1,0,2,3,0,4,1,0,1,0.872873448345009,0.958476410868916,0.588392809085527, 0.0078519, 0.0083020, 0.0073801, 0.0078050, 0.0073674,buy
2010-07-16,2,2,1,1,3,2,1,1,1,1,2,2,2,4,2,2,1,0.862113743830575,0.955027442449061,0.58398296164726, 0.0221394,-0.0122772, 0.0107906, 0.0099036, 0.0130929,buy
2010-07-17,0,1,1,4,2,1,2,1,1,1,3,2,2,4,1,1,1,0.851092061089441,0.951452281420182,0.579558910597987, 0.0162869, 0.0224064, 0.0216270,-0.0079245, 0.0155649,buy
2010-07-18,0,1,1,3,3,0,2,2,3,0,2,2,2,3,3,2,1,0.839846403135976,0.947745595700209,0.575122151054656, 0.0124443, 0.0136947, 0.0123145, 0.0074321, 0.0064503,buy
2010-07-19,0,2,1,5,3,0,1,4,4,0,3,2,2,4,4,4,1,0.82840264436294,0.943917160772939,0.570671187900318, 0.0006682, 0.0061710, 0.0015634, 0.0060188, 0.0066972,buy
2010-07-20,0,2,3,5,2,0,1,3,4,1,3,2,4,4,4,4,0,0.816789084887414,0.9399616445563,0.566209011368869, 0.0040596, 0.0063221, 0.0046558, 0.0051057, 0.0061040,buy
2010-07-21,1,0,3,2,2,0,2,0,3,2,2,2,3,2,3,2,1,0.805038067700349,0.93588882253409,0.561734126343363, 0.0082514, 0.0178411, 0.0143280, 0.0081007, 0.0112990,buy
2010-07-22,1,3,2,2,3,1,1,0,3,2,3,3,3,2,2,3,2,0.793175467194504,0.931689807902857,0.557247280382272, 0.0160532, 0.0090723, 0.0170079, 0.0175905, 0.0105140,buy
2010-07-23,2,2,2,0,3,2,1,0,2,4,2,3,4,2,3,3,1,0.781226349187867,0.927371710105362,0.552748473485596, 0.0111041, 0.0095401, 0.0041180, 0.0077673, 0.0032046,buy
2010-07-24,2,2,3,0,3,2,1,1,1,0,1,2,4,2,3,2,1,0.76921901379752,0.922935417821951,0.548239200770284, 0.0211160, 0.0223758, 0.0209529, 0.0073132, 0.0143241,buy
2010-07-25,1,1,4,1,4,2,4,0,3,0,2,2,4,3,4,4,1,0.757176101117127,0.91838359709366,0.54372020979481, 0.0096656, 0.0136870, 0.0097921, 0.0129122, 0.0143902,buy
2010-07-26,1,1,3,3,3,2,3,1,3,0,2,2,2,3,5,5,1,0.745120251240354,0.913712693199107,0.539189257883752,-0.0022298, 0.0039553, 0.0041303, 0.0045077, 0.0041110,buy
2010-07-27,2,1,3,2,6,3,2,3,1,0,4,3,3,4,4,4,1,0.733075721410413,0.9089307042614,0.534648587712531, 0.0115532, 0.0127785, 0.0139655, 0.0137611, 0.0159377,buy
2010-07-28,2,1,2,0,6,3,4,0,1,1,4,2,3,5,3,3,0,0.721067577445292,0.904034075559158,0.530099694398096, 0.0110050, 0.0111057, 0.0127850, 0.0107080, 0.0139961,buy
2010-07-29,1,1,2,0,4,4,2,0,0,1,3,1,2,4,2,2,1,0.709113607990012,0.899029027854797,0.525541082823498, 0.0095752, 0.0107520, 0.0048527, 0.0075438, 0.0119998,buy
2010-07-30,3,1,2,0,4,6,3,0,0,2,4,2,3,5,3,3,1,0.697239687437335,0.893912895107281,0.520974248105687, 0.0138888, 0.0118805, 0.0132981, 0.0139461, 0.0128808,buy
2010-07-31,3,2,1,0,3,4,3,1,0,2,3,2,3,5,3,3,0,0.685470073030474,0.888687454677302,0.516398442686187, 0.0116159, 0.0119537, 0.0105926, 0.0119755, 0.0123672,buy
2010-08-01,1,2,1,0,4,2,0,1,1,1,2,0,4,4,1,1,1,0.673825787713545,0.883358038646931,0.511815909240421,-0.0029781,-0.0065709,-0.0095407,-0.0084347,-0.0077619,sell
2010-08-02,1,0,2,1,5,3,2,0,1,1,3,1,2,3,2,3,2,0.662331088729761,0.877922869655476,0.50722515265144,-0.0037498, 0.0026124,-0.0014564,-0.0029283, 0.0032179,sell
2010-08-03,2,0,0,5,1,3,0,2,0,1,2,1,1,2,3,4,1,0.65101104189711,0.872384613743975,0.502626172919246,-0.0122148,-0.0082779,-0.0101630,-0.0112457,-0.0076823,sell
2010-08-04,2,0,3,3,2,3,0,2,2,2,3,2,2,3,4,4,1,0.639885861584936,0.866744159592771,0.498021212719259, 0.0009471,-0.0003716, 0.0006072, 0.0008447,-0.0013323,buy
2010-08-05,2,3,2,1,2,4,0,1,2,1,3,1,2,2,5,4,1,0.628987082209414,0.861005061923246,0.49341027205148, 0.0069174, 0.0033899, 0.0027041, 0.0104945, 0.0009005,buy
2010-08-06,2,3,1,3,1,5,0,1,0,6,4,1,2,4,5,4,2,0.618339769588532,0.855167320735401,0.488791855798961, 0.0137739, 0.0101679, 0.0186856, 0.0194237, 0.0176766,buy
2010-08-07,3,2,1,4,1,5,0,1,0,7,5,2,3,4,4,5,1,0.607973840988919,0.849231824709579,0.484169701754071, 0.0044332, 0.0042452, 0.0139594, 0.0129968, 0.0133644,buy
2010-08-08,3,2,2,4,3,3,0,1,2,2,5,1,3,4,4,4,1,0.597915170803335,0.843207460649234,0.479542314799864, 0.0088897, 0.0046823,-0.0006892, 0.0061653, 0.0150349,buy
2010-08-09,3,0,2,6,2,3,0,3,3,2,5,2,1,5,5,4,2,0.588196102022731,0.837088896472295,0.474908947377864, 0.0016008, 0.0032270, 0.0067765, 0.0030843, 0.0048627,buy
2010-08-10,2,0,1,6,2,4,2,4,0,2,5,2,1,5,4,4,2,0.578855446236246,0.83087790953945,0.470273337280442, 0.0026528,-0.0011516, 0.0030113, 0.0024831, 0.0014130,buy
2010-08-11,2,0,1,3,2,4,3,2,0,1,4,3,1,3,3,3,1,0.569923929285285,0.824580720613118,0.46563398939065, 0.0094106, 0.0122938, 0.0116349, 0.0102845, 0.0118982,buy
2010-08-12,3,2,0,3,1,4,0,2,0,2,3,2,2,5,3,2,0,0.561441979908534,0.818198218373644,0.460991651266962, 0.0134353, 0.0099684, 0.0121475, 0.0122088, 0.0225944,buy
2010-08-13,5,1,0,4,1,3,0,2,0,2,3,3,3,4,3,1,1,0.553450835419456,0.811729514140682,0.4563485655848, 0.0063188, 0.0075886, 0.0068982, 0.0062437, 0.0068469,buy
2010-08-14,2,1,1,4,2,1,1,2,1,1,3,2,3,4,3,1,0,0.545987690257644,0.805180828676648,0.451702489668742, 0.0066098, 0.0066098, 0.0119766, 0.0156659, 0.0049242,buy
2010-08-15,1,2,1,3,2,1,3,1,1,0,1,3,5,2,1,2,1,0.539104293208619,0.798553050661889,0.44705566619421, 0.0015845, 0.0032118, 0.0013411, 0.0032247, 0.0026271,buy
2010-08-16,1,2,1,4,0,1,1,5,0,1,1,4,5,2,1,2,1,0.532849967333579,0.791843514055368,0.442408842719678,-0.0095970, 0.0000776, 0.0050835,-0.0009038,-0.0155838,sell
2010-08-17,1,1,2,2,0,1,1,3,3,1,1,4,4,2,1,1,2,0.527269992819856,0.785058439619503,0.437761271686671, 0.0035033,-0.0000952, 0.0046139, 0.0098271, 0.0014759,buy
2010-08-18,1,3,0,2,1,1,0,1,2,0,1,3,3,1,0,2,1,0.522420969901613,0.778200493395328,0.433114448212139, 0.0071948, 0.0112966, 0.0093941, 0.0069688, 0.0196792,buy
2010-08-19,2,2,0,2,1,1,0,1,1,3,2,2,4,2,1,2,0,0.51836111596256,0.771267898022153,0.428469867413029,-0.0060050,-0.0070416,-0.0069193,-0.0059481,-0.0083289,sell
2010-08-20,2,2,0,2,1,1,0,2,0,4,1,3,4,2,2,1,1,0.515139754063897,0.764265096901705,0.423826034172393,-0.0170959,-0.0180636,-0.0175545,-0.0154740,-0.0190906,sell
2010-08-21,1,4,0,2,2,1,1,1,2,2,2,4,4,1,1,2,2,0.512815910164108,0.757192090033983,0.419184443607179, 0.0071533, 0.0167460, 0.0115817, 0.0097045, 0.0080767,buy
2010-08-22,1,3,2,2,2,1,5,1,2,0,2,4,4,3,2,2,2,0.51144456734781,0.750053320820714,0.414546590834335, 0.0153222, 0.0244257, 0.0201625, 0.0159175, 0.0161276,buy
2010-08-23,2,1,3,3,2,1,3,4,0,0,2,4,4,3,2,2,2,0.51107909155007,0.742847011901207,0.409910980736913, 0.0121802, 0.0116913, 0.0173570, 0.0195595, 0.0174332,buy
2010-08-24,2,1,1,3,3,1,5,1,1,0,2,4,3,3,2,2,2,0.511763954383446,0.735579384037879,0.405278360873388,-0.0008440, 0.0051455, 0.0003586,-0.0011220,-0.0007772,buy
2010-08-25,1,1,1,2,5,1,4,1,1,0,2,5,1,3,2,1,3,0.51353877601185,0.728246882509349,0.400653964153076,-0.0055926,-0.0050548,-0.0056711,-0.0087922,-0.0091286,sell
2010-08-26,3,1,1,0,4,0,4,1,0,0,2,4,1,2,1,2,2,0.516431047977593,0.720854839397688,0.396031810108187, 0.0114007, 0.0154781, 0.0081282, 0.0134836, 0.0172688,buy
2010-08-27,3,1,1,0,1,1,4,2,0,1,2,3,2,3,2,1,1,0.520451281752731,0.713406809424277,0.391416384089563,-0.0102080,-0.0027595, 0.0030951,-0.0014633,-0.0057629,sell
2010-08-28,1,2,1,0,1,2,3,2,0,0,1,4,1,3,1,0,2,0.52560028591204,0.705899237867736,0.386803948304836,-0.0021169,-0.0045289,-0.0090669,-0.0076257,-0.0050655,sell
2010-08-29,1,1,2,0,1,2,4,1,1,0,1,4,1,3,2,1,1,0.531847334614116,0.698337456810135,0.382201230780272,-0.0101533,-0.0137774,-0.0078563,-0.0153693,-0.0133199,sell
2010-08-30,1,0,2,2,2,0,2,3,0,0,2,3,0,3,3,1,0,0.539136636199569,0.69072057757113,0.377602998606551, 0.0047570, 0.0049025, 0.0118836, 0.0086898, 0.0054962,buy
2010-08-31,1,0,1,2,3,0,1,3,2,1,2,3,2,2,2,2,1,0.547395418938762,0.683050377511411,0.373014484692993, 0.0207972,-0.0031851, 0.0234473, 0.0200493, 0.0120468,buy
2010-09-01,1,1,2,2,1,0,0,2,2,1,1,3,3,1,1,1,2,0.556512908087688,0.67533752079512,0.368432698805701, 0.0096692, 0.0065214, 0.0071771, 0.0115713, 0.0060976,buy
2010-09-02,1,2,4,1,1,0,0,2,0,1,0,3,3,0,1,2,3,0.566352454509583,0.667574009299151,0.363860631178571, 0.0014030, 0.0032157, 0.0009423,-0.0012610, 0.0041003,buy
2010-09-03,1,3,3,1,1,1,0,3,0,3,1,4,3,1,1,3,3,0.576757194698337,0.65976428642523,0.359296786694655, 0.0035569, 0.0038114, 0.0020649, 0.0018705, 0.0046487,buy
2010-09-04,1,4,2,1,3,0,0,3,0,2,2,5,4,0,0,2,3,0.587547625054175,0.651909240853702,0.354743408029376, 0.0188671, 0.0197703, 0.0194987, 0.0193364, 0.0189753,buy
2010-09-05,1,0,4,0,4,0,1,3,1,2,2,4,3,1,2,2,2,0.598524836182751,0.644015093346984,0.350199747624259, 0.0072040, 0.0073751, 0.0067255, 0.0060982, 0.0040112,buy
2010-09-06,1,0,2,3,2,1,1,2,1,0,2,3,3,1,2,2,0,0.609481832941983,0.636080066544384,0.345668048154727, 0.0103946, 0.0040713, 0.0134633, 0.0079344, 0.0119701,buy
2010-09-07,1,0,3,0,5,1,2,3,3,0,2,4,3,2,3,3,1,0.620213237339336,0.628107715167285,0.341147562062305, 0.0146711, 0.0096731, 0.0168489, 0.0098593, 0.0022521,buy
2010-09-08,1,2,3,0,5,0,2,3,1,0,2,4,3,4,1,2,1,0.630520948555239,0.620100705256722,0.336641279580889, 0.0080572, 0.0091431, 0.0217961, 0.0123335, 0.0050625,buy
2010-09-09,2,1,3,1,5,2,3,0,1,1,3,2,4,4,2,3,1,0.64020929149444,0.612058148132349,0.332146958035058, 0.0056598, 0.0022149, 0.0090812, 0.0050992, 0.0083768,buy
2010-09-10,3,1,3,1,4,0,2,0,2,0,2,2,3,3,3,2,1,0.649113316903094,0.603986264556584,0.327667587658707, 0.0080673, 0.0029759, 0.0087787, 0.0043832,-0.0016609,buy
2010-09-11,3,1,3,0,6,0,3,0,3,0,3,2,2,4,3,3,2,0.657076969849864,0.595884165849081,0.323201673334888, 0.0040575,-0.0059656, 0.0065315,-0.0062416,-0.0089795,buy
2010-09-12,1,2,2,2,4,0,3,2,2,0,3,1,2,4,4,3,1,0.663965218347532,0.58775540673122,0.318752205297498,-0.0031771,-0.0062234,-0.0001578,-0.0028729,-0.0037477,sell
2010-09-13,1,1,4,0,3,0,5,1,4,1,3,2,2,5,4,2,2,0.669683459147568,0.579603541924384,0.314318435988063,-0.0091836,-0.0061478, 0.0017248,-0.0071709,-0.0043757,sell
2010-09-14,1,3,2,0,2,0,4,2,4,0,2,2,1,5,3,2,3,0.674136280426669,0.571428571428571,0.309902608082004,-0.0120311,-0.0144766, 0.0012832,-0.0156111,-0.0089747,sell
2010-09-15,2,3,2,0,3,0,2,1,6,2,3,2,3,5,2,3,3,0.677270316249765,0.563228717883092,0.305504721579322, 0.0146715, 0.0073549, 0.0184913, 0.0185453, 0.0177841,buy
2010-09-16,2,1,1,0,3,1,2,1,5,3,2,2,2,5,3,3,2,0.679046755027718,0.555011979411054,0.301123281363068, 0.0036629,-0.0043604, 0.0021025,-0.0013939, 0.0031136,buy
2010-09-17,1,1,1,0,3,2,3,1,5,0,3,1,3,3,3,3,1,0.679443765241635,0.546776578651765,0.296762025225613, 0.0056143, 0.0045661,-0.0015509, 0.0057830, 0.0012358,buy
2010-09-18,1,0,1,0,3,2,5,0,5,2,3,2,2,3,4,3,2,0.678469432639253,0.538528736367644,0.292418710491535, 0.0314681, 0.0287440, 0.0246028, 0.0242413, 0.0037418,buy
2010-09-19,1,2,1,1,3,2,3,3,2,1,3,2,1,2,5,3,3,0.676131034393537,0.530264897837308,0.288103055420995,-0.0011804, 0.0044601, 0.0016368,-0.0062486,-0.0054472,sell
2010-09-20,2,2,1,1,1,2,5,1,3,0,2,3,2,3,4,2,2,0.672477893565685,0.521991283823174,0.28379936128604,-0.0015253, 0.0018320,-0.0015361, 0.0033221, 0.0011948,buy
2010-09-21,1,0,2,0,2,2,5,0,3,1,2,2,1,3,4,2,2,0.667545587445745,0.513707005644898,0.279521084139201, 0.0048673, 0.0036434,-0.0002202, 0.0009197, 0.0030461,buy
2010-09-22,3,0,0,2,1,2,3,0,2,1,2,2,2,2,2,2,2,0.66140203631471,0.505415618023859,0.275265233746584, 0.0093359,-0.0097655, 0.0120097, 0.0108088, 0.0068103,buy
2010-09-23,3,1,0,3,3,3,3,0,2,2,3,2,3,3,3,3,3,0.654117586177899,0.497117120960059,0.271033305225135,-0.0040560,-0.0034886,-0.0013876,-0.0094602,-0.0103672,sell
2010-09-24,1,2,0,2,2,3,2,1,1,1,2,2,2,3,3,2,1,0.645776328811783,0.488815957855223,0.266825298574855,-0.0000223,-0.0097681,-0.0130976,-0.0199313,-0.0154665,sell
2010-09-25,2,3,1,2,0,2,4,0,2,1,3,1,2,5,3,3,0,0.63645750454419,0.480513017389697,0.262642708912691,-0.0030009,-0.0007475,-0.0039195, 0.0037396,-0.0025092,sell
2010-09-26,2,2,1,2,1,3,3,2,0,1,2,2,1,3,4,4,1,0.626254908048877,0.47220652220279,0.258484788680171,-0.0004293, 0.0013647,-0.0038780,-0.0009006,-0.0012408,buy
2010-09-27,2,2,0,5,0,1,2,3,2,2,4,2,2,3,4,3,1,0.615251013952766,0.463905359097954,0.254354528111189, 0.0008870, 0.0017422, 0.0013150, 0.0017065, 0.0018592,buy
2010-09-28,2,4,1,4,3,0,3,1,2,2,3,4,4,3,4,3,1,0.603550936976448,0.455605973353809,0.250247441854902, 0.0024334,-0.0101340, 0.0029809, 0.0109247,-0.0095462,buy
2010-09-29,2,5,1,5,3,2,2,2,0,1,3,5,4,2,4,3,2,0.591226640274786,0.44731280837208,0.246173248171472, 0.0030826, 0.0060561,-0.0016359, 0.0049530, 0.0036875,buy
2010-09-30,2,4,1,7,1,3,2,2,0,4,4,4,5,3,4,4,2,0.57837030137199,0.439026752833113,0.242124471476159, 0.0132990, 0.0126656, 0.0130990, 0.0142360, 0.0110109,buy
2010-10-01,2,4,2,6,1,3,2,2,0,1,4,4,5,1,3,4,2,0.565057926296792,0.430751361458289,0.238104849561333,-0.0020930, 0.0025143,-0.0022497,-0.0014970,-0.0048360,sell
2010-10-02,2,4,2,5,3,2,2,2,0,0,4,4,5,1,2,4,2,0.551367946802249,0.422485745567262,0.234115129985467, 0.0040663, 0.0066039,-0.0025123, 0.0001088, 0.0053018,buy
2010-10-03,2,3,0,8,2,2,1,2,1,3,4,4,4,3,2,4,3,0.537365048870259,0.41423612592245,0.230156060307037, 0.0050618, 0.0100474, 0.0055353, 0.0053011, 0.0082564,buy
2010-10-04,2,2,1,6,2,3,1,3,0,1,4,3,4,3,2,4,1,0.523109875608857,0.406000725163162,0.226229883201464,-0.0110927,-0.0113584,-0.0063085,-0.0090124,-0.0152401,sell
2010-10-05,3,3,1,5,0,1,2,2,2,1,2,4,3,4,3,3,1,0.508660644401752,0.397785764051814,0.22233884134417, 0.0016659,-0.0002773, 0.0008277,-0.0034198,-0.0042202,sell
2010-10-06,3,3,0,5,1,2,1,3,1,2,3,4,4,4,2,3,1,0.494069912609238,0.38958679918668,0.218474711591941, 0.0080096, 0.0039804, 0.0069123, 0.0098692, 0.0008102,buy
2010-10-07,3,2,0,7,0,1,3,2,0,2,2,4,5,3,2,3,1,0.479382960418648,0.38142071549432,0.214649454880361,-0.0125192,-0.0100337,-0.0128494,-0.0100099,-0.0168698,sell
2010-10-08,2,2,1,5,2,0,3,1,1,0,2,3,5,2,1,3,1,0.464640216568667,0.373273294089209,0.210858585858586,-0.0049513,-0.0012885,-0.0014447,-0.0048921,-0.0047562,sell
2010-10-09,4,3,0,6,0,0,3,2,1,0,2,3,4,3,2,3,2,0.449877258349343,0.365156087815837,0.207103599643564,-0.0040955,-0.0121769,-0.0027996,-0.0027019,-0.0098876,sell
2010-10-10,4,3,2,3,0,0,3,3,0,1,2,3,5,3,2,2,2,0.435125620176852,0.357067319313512,0.203383001118348,-0.0141997,-0.0206691,-0.0127799,-0.0141997,-0.0174115,sell
2010-10-11,2,3,1,3,0,0,6,1,1,0,2,3,2,2,3,3,2,0.420418453616917,0.349011431983961,0.199705760984624,-0.0102468,-0.0070516,-0.0047684,-0.0041618,-0.0067882,sell
2010-10-12,0,3,0,3,0,0,6,2,1,2,3,3,3,1,1,3,3,0.40577759018843,0.340990203187874,0.196061413423758,-0.0017430,-0.0127464,-0.0088681,-0.0001799,-0.0128845,sell
2010-10-13,1,1,0,2,0,0,4,4,2,3,2,3,3,2,2,2,3,0.391226478559831,0.333005410285942,0.192456686462015, 0.0043306,-0.0118203,-0.0012615, 0.0171089, 0.0055727,buy
2010-10-14,0,2,0,2,1,0,4,3,3,1,3,3,3,1,4,1,1,0.376786950250011,0.325058830638855,0.188894570333292,-0.0096652,-0.0087892,-0.0160133,-0.0069011,-0.0102516,sell
2010-10-15,0,2,1,2,2,0,5,2,3,0,4,3,3,2,3,2,0,0.36247194245535,0.317155796328684,0.185373569920639,-0.0063081,-0.0090279,-0.0248373,-0.0089813,-0.0114834,sell
2010-10-16,0,1,4,2,2,0,4,5,0,1,5,2,3,3,3,2,1,0.348304095269514,0.30929630735543,0.181892937665584,-0.0145116,-0.0167906,-0.0016393,-0.0143963,-0.0117492,sell
2010-10-17,1,2,3,3,4,0,5,3,0,2,5,3,5,2,3,4,1,0.334293920164561,0.301480363719092,0.178456411360497, 0.0084084, 0.0179163, 0.0183182, 0.0126091, 0.0073346,buy
2010-10-18,1,2,4,3,5,0,5,1,1,1,5,3,5,1,4,4,1,0.320455162911645,0.293714186182087,0.175064738563851, 0.0100681, 0.0120513, 0.0158439, 0.0072056, 0.0065436,buy
2010-10-19,1,1,6,3,5,0,3,1,0,1,5,3,4,0,3,4,2,0.306796717833278,0.286002218146142,0.171715676600224, 0.0047018, 0.0048722, 0.0045510, 0.0034097, 0.0046427,buy
2010-10-20,2,1,5,3,4,0,3,1,1,2,5,2,5,2,2,5,1,0.29333799072403,0.278333795447113,0.16841371082046, 0.0084661, 0.0108156, 0.0067159, 0.0036579, 0.0077816,buy
2010-10-21,0,2,3,3,4,1,2,2,1,2,3,2,4,3,3,4,1,0.280078981583901,0.27072402565087,0.165159588783035, 0.0049323,-0.0076596,-0.0082994, 0.0027106,-0.0131314,buy
2010-10-22,0,2,3,2,3,0,4,1,3,1,4,2,4,3,2,4,0,0.267035053333592,0.263170242716376,0.161948825137102, 0.0040915, 0.0056179, 0.0008972, 0.0038612, 0.0056953,buy
2010-10-23,1,1,4,2,3,1,3,3,3,1,3,2,4,3,3,5,2,0.254213483146067,0.255676890045358,0.158786652791981, 0.0113587, 0.0000595, 0.0048014, 0.0073704,-0.0007538,buy
2010-10-24,1,0,2,5,2,2,2,3,3,2,5,2,2,3,4,4,2,0.24161912246997,0.248244856318162,0.155675314423094, 0.0141521, 0.0021549, 0.0120691, 0.0139627, 0.0177246,buy
2010-10-25,1,1,2,3,2,1,3,1,4,2,4,2,3,3,4,2,2,0.229261674202584,0.240874141534787,0.152609577121122,-0.0028437,-0.0002857,-0.0021556,-0.0133339,-0.0137730,sell
2010-10-26,1,2,3,4,2,0,2,1,2,1,3,0,3,3,4,2,3,0.217151649815968,0.233570077777304,0.149598411587754,-0.0092509,-0.0191738,-0.0116921,-0.0137797,-0.0226275,sell
2010-10-27,1,2,2,4,1,1,2,1,2,3,3,1,3,4,3,3,2,0.205291475034445,0.226333553726059,0.14663808003062,-0.0117848,-0.0102212,-0.0152579,-0.0178157,-0.0240376,sell
2010-10-28,0,3,2,6,1,1,2,1,2,2,4,2,3,4,3,3,1,0.193689235605752,0.219169012782778,0.143730825125141,-0.0128519,-0.0249348,-0.0115808,-0.0128048,-0.0119676,sell
2010-10-29,0,2,4,5,1,0,3,1,2,0,4,3,2,4,1,3,1,0.182351400128078,0.212076454947461,0.140874404195896,-0.0184660,-0.0232751,-0.0152947,-0.0275176,-0.0193716,sell
2010-10-30,0,1,3,4,2,0,4,1,3,1,2,2,2,5,3,4,1,0.171286862923936,0.205058546261144,0.138072555035255,-0.0007474,-0.0037257, 0.0010614, 0.0018196, 0.0013017,buy
2010-10-31,0,2,0,4,2,1,3,2,2,0,2,2,2,4,3,3,0,0.160501284016741,0.198119730125553,0.135323782526269,-0.0004054,-0.0015435,-0.0015435,-0.0008478,-0.0123009,buy
2010-11-01,0,1,1,2,2,1,4,2,2,1,2,2,2,4,3,2,1,0.150001132004683,0.191256451819306,0.132631824461309, 0.0015624, 0.0051227,-0.0099577, 0.0016520, 0.0095238,buy
2010-11-02,0,2,1,2,1,2,4,2,1,0,3,1,2,4,2,2,1,0.13979206691118,0.184479375506548,0.129994438164953, 0.0004366, 0.0009901,-0.0009839, 0.0015929, 0.0007537,buy
2010-11-03,1,1,1,3,1,2,4,1,2,2,3,2,4,4,2,2,1,0.129883791633515,0.177784057785551,0.127418351663467,-0.0235994,-0.0203338,-0.0171532,-0.0217634,-0.0222315,sell
2010-11-04,1,1,3,3,2,0,3,3,1,1,3,2,4,3,3,3,0,0.120278731896011,0.171181162820458,0.124899827164481, 0.0013863, 0.0115532, 0.0049996, 0.0032177, 0.0091274,buy
2010-11-05,1,2,3,4,3,0,4,1,2,1,4,1,4,3,3,5,1,0.110986590595952,0.164667135889889,0.122439612226468, 0.0102702, 0.0025293, 0.0029298, 0.0038040, 0.0036806,buy
2010-11-06,0,3,4,3,1,0,4,3,1,2,4,0,4,3,4,5,1,0.10201626205585,0.158242865674188,0.120039201966378, 0.0053948, 0.0067651, 0.0053234, 0.0052582, 0.0056694,buy
2010-11-07,1,3,4,1,1,0,5,3,2,2,4,1,3,4,4,4,2,0.0933669377009308,0.151915461616119,0.117699343942683, 0.0089854, 0.0070011, 0.0071153, 0.0046630, 0.0070011,buy
2010-11-08,1,4,2,1,1,0,3,3,4,2,3,1,4,3,4,4,2,0.0850531718771225,0.145685812396024,0.115421533272333, 0.0021970,-0.0039640,-0.0048903,-0.0036819,-0.0048149,sell
2010-11-09,1,2,2,0,1,0,2,2,4,2,2,0,3,4,2,3,2,0.0770830503321625,0.139555695374597,0.1132065175138,-0.0045352,-0.0064209,-0.0049642,-0.0091883,-0.0031915,sell
2010-11-10,1,1,1,0,1,0,3,2,1,1,1,1,2,3,2,1,1,0.0694614245146934,0.133527776592871,0.111053549108611, 0.0046382, 0.0065304, 0.0035615, 0.0041155, 0.0077446,buy
2010-11-11,0,3,1,0,1,0,3,3,3,1,2,2,2,3,2,3,1,0.062192337298584,0.127603833411537,0.108964870732189,-0.0025644,-0.0077304,-0.0006641,-0.0047897,-0.0144576,sell
2010-11-12,0,3,3,0,1,0,2,4,3,1,3,2,1,3,2,4,2,0.055287108730667,0.121788309232322,0.106940482384532, 0.0030921,-0.0066976, 0.0053538,-0.0018532, 0.0041544,buy
2010-11-13,2,4,4,1,1,0,3,4,2,0,4,3,2,3,3,4,2,0.0487538245586799,0.116082981415917,0.104979636507168, 0.0173764, 0.0174745, 0.0175064, 0.0150862, 0.0145030,buy
2010-11-14,2,3,3,1,1,0,3,2,2,1,4,2,3,3,2,3,1,0.0425973362312653,0.11048784996232,0.103088313567887, 0.0009880, 0.0078797, 0.0012061, 0.0083527, 0.0071299,buy
2010-11-15,1,4,3,1,2,0,0,3,3,2,3,3,2,2,3,4,2,0.0368297723700297,0.105007358273259,0.101264270891269, 0.0058440,-0.0004552, 0.0076175, 0.0027888, 0.0062974,buy
2010-11-16,3,5,3,0,2,0,1,3,2,2,4,3,3,1,3,5,2,0.0314608358722581,0.0996423950290776,0.099503023126469, 0.0058321, 0.0050476, 0.0070340, 0.0055931, 0.0066606,buy
2010-11-17,2,5,4,0,2,1,0,4,2,2,3,4,3,1,4,5,2,0.0264856752893081,0.0943974036315034,0.0978165312090712, 0.0007296, 0.0007469, 0.0007304, 0.0034233, 0.0001195,buy
2010-11-18,1,4,4,0,1,2,2,4,3,1,3,3,4,1,4,5,2,0.0219245049905235,0.0892723840805358,0.0961958244373875, 0.0015118,-0.0000905, 0.0016552, 0.0044292,-0.0004214,buy
2010-11-19,1,2,4,1,1,1,2,4,3,1,3,3,3,1,3,5,2,0.0177805592749995,0.0842708910975558,0.0946446406037881, 0.0054531, 0.0094472, 0.0142086, 0.0111706, 0.0123583,buy
2010-11-20,1,2,3,1,3,0,0,5,2,1,1,3,2,2,4,5,1,0.0140603067409262,0.0793920360022182,0.0931667175006429, 0.0125886, 0.0101338, 0.0144555, 0.0034316, 0.0091010,buy
2010-11-21,1,2,2,2,4,0,0,1,4,2,1,2,3,2,4,5,1,0.0107694074117198,0.0746420395569396,0.091757569777108, 0.0105621, 0.0107382, 0.0148914, 0.0059731, 0.0116222,buy
2010-11-22,1,1,3,1,2,1,1,1,0,2,1,2,3,2,2,2,1,0.00791756418466555,0.0700217904420652,0.0904186925501313,-0.0080714,-0.0068109,-0.0106024,-0.0058782,-0.0044947,sell
2010-11-23,1,1,5,1,1,1,1,1,0,3,2,2,2,1,3,3,2,0.0055047770597634,0.0655321773379403,0.089153823612083, 0.0083422, 0.0052882, 0.0083514, 0.0078195, 0.0080556,buy
2010-11-24,1,4,3,1,1,1,1,1,1,5,3,1,4,2,3,4,2,0.00354560038294103,0.0611723115642196,0.087962215404489, 0.0135021, 0.0044099, 0.0122389, 0.0177413, 0.0134626,buy
2010-11-25,1,2,3,1,3,0,1,1,1,5,3,2,4,1,2,4,2,0.00203679985510342,0.0569501912440103,0.0868453630442973, 0.0111087, 0.0068542, 0.0064897, 0.0128469, 0.0044912,buy
2010-11-26,1,0,3,3,3,0,1,0,2,4,4,2,3,2,0,4,2,0.000983226924893124,0.0528649276969671,0.085800276297612,-0.0041098,-0.0093095,-0.0170990,-0.0247671,-0.0054484,sell
2010-11-27,1,0,2,4,3,1,1,0,4,3,4,3,4,2,1,4,1,0.000388115891405191,0.0489209643248162,0.0848299453983291,-0.0065407,-0.0119562,-0.0122410,-0.0132904,-0.0065043,sell
2010-11-28,1,1,3,0,3,1,1,1,4,4,3,3,4,2,1,4,2,0.000253892478960896,0.045115635086522,0.0839321276710265, 0.0133034, 0.0163266, 0.0174103, 0.0104047, 0.0094492,buy
2010-11-29,1,3,1,0,2,2,2,1,3,4,3,3,4,2,1,4,2,0.000574896664143935,0.0414551607445009,0.0831165413758664, 0.0070574, 0.0061566, 0.0077765, 0.0017523, 0.0071383,buy
2010-11-30,2,2,1,0,2,2,2,0,4,5,3,2,4,5,0,4,2,0.00135193702172804,0.0379386526184078,0.0823742158111608,-0.0000984, 0.0024754, 0.0007352, 0.0048887, 0.0007239,buy
2010-12-01,2,1,0,1,2,0,0,0,4,4,3,0,3,3,1,3,1,0.0025793535282969,0.0345696654296237,0.0817081412108055,-0.0142136, 0.0085828, 0.0120976, 0.0117265, 0.0131224,buy
2010-12-02,2,2,1,1,2,0,0,0,5,2,4,1,2,3,0,3,2,0.00425229473520795,0.0313499765388389,0.0811198126917488,-0.0000100,-0.0208734,-0.0134122,-0.0060037,-0.0050301,sell
2010-12-03,2,3,0,2,0,0,1,2,5,2,3,1,2,4,2,3,2,0.00636105774517607,0.0282795859460536,0.0806099778124645,-0.0042678,-0.0118256,-0.0062928,-0.0041141,-0.0073464,sell
2010-12-04,1,2,2,0,0,0,3,2,4,3,3,1,2,4,2,3,2,0.00889027963749978,0.0253584936512676,0.0801778890144787, 0.0081735,-0.0081152, 0.0059785, 0.0062032, 0.0058036,buy
2010-12-05,1,4,0,0,0,0,2,2,5,2,3,0,1,3,3,3,3,0.0118270232157989,0.0225929204168978,0.0798220511808434, 0.0041481, 0.0021218, 0.0040750, 0.0023598, 0.0028311,buy
2010-12-06,3,3,0,0,0,0,0,1,7,3,2,1,2,3,2,4,3,0.0151591598584671,0.0199810888822534,0.0795469496624026, 0.0083783, 0.0055167, 0.0092360, 0.0081501, 0.0156235,buy
2010-12-07,4,2,0,0,0,0,0,1,5,3,1,1,2,4,2,3,2,0.0188575808736489,0.0175292198097513,0.0793488466667863, 0.0136808, 0.0256768, 0.0239174, 0.0265436, 0.0246606,buy
2010-12-08,2,2,0,0,0,0,1,1,7,2,1,1,3,3,3,3,1,0.0229125833640592,0.0152310924369748,0.0792329751033126,-0.0035473, 0.0021526, 0.0014133, 0.0022872,-0.0005211,buy
2010-12-09,3,2,0,1,0,0,3,2,6,1,3,3,1,4,2,3,2,0.0272974843621639,0.0130964822477214,0.0791933545041893,-0.0113316,-0.0160298,-0.0097907,-0.0085103,-0.0050455,sell
2010-12-10,3,1,1,1,0,0,1,4,4,1,2,3,0,5,2,1,3,0.0319880266247502,0.0111147250778484,0.0792374604541568,-0.0065425,-0.0169668,-0.0079587,-0.0058587,-0.0076664,sell
2010-12-11,4,1,0,2,0,0,2,2,6,0,2,4,1,5,2,1,2,0.036967230081569,0.00929381905046285,0.0793585649269486,-0.0287708,-0.0377623,-0.0229309,-0.0224501,-0.0280060,sell
2010-12-12,3,0,1,2,1,0,0,0,5,1,2,3,0,4,2,0,2,0.0422108374894077,0.0076382075672909,0.0795611532734091,-0.0084473,-0.0226658,-0.0129616,-0.0195375,-0.0170270,sell
2010-12-13,5,0,0,3,1,0,1,0,3,1,3,2,1,3,1,2,2,0.0476962087546008,0.00614789062833258,0.0798452254935381, 0.0009946,-0.0004416, 0.0111319,-0.0081219, 0.0018050,buy
2010-12-14,5,0,0,3,1,0,1,1,4,4,3,3,3,4,0,3,3,0.0534007037834831,0.00481664747117124,0.0802107815873358,-0.0069494,-0.0123371,-0.0068857,-0.0031910,-0.0174773,sell
2010-12-15,3,3,0,2,1,1,0,1,2,4,2,4,3,4,1,2,1,0.0592919795851041,0.00365069885822352,0.0806540837624319, 0.0000522,-0.0004879, 0.0033461, 0.0096377,-0.0029983,buy
2010-12-16,3,3,1,2,0,1,2,0,3,2,3,3,3,4,1,3,0,0.0653279902712283,0.00265359951087037,0.0811796173696707,-0.0130980,-0.0083715,-0.0118096,-0.0080795,-0.0101539,sell
2010-12-17,3,1,2,2,1,1,0,3,2,2,3,3,3,3,1,3,1,0.0714529441824662,0.0018182399863499,0.081787382409052,-0.0093338,-0.0093279,-0.0105852,-0.0086853,-0.0153803,sell
2010-12-18,2,1,0,5,1,1,0,3,5,4,3,2,5,3,2,5,2,0.0775835581171205,0.00114728632569782,0.0824736410882059,-0.0075744,-0.0120772,-0.0097195,-0.0090916,-0.0103168,sell
2010-12-19,1,2,0,3,3,0,1,2,5,5,4,2,6,2,2,4,2,0.0836203773780184,0.000644293250295065,0.0832428787579765, 0.0032421,-0.0043436,-0.0048022, 0.0031347,-0.0062579,buy
2010-12-20,1,2,2,2,2,0,1,2,3,6,4,2,6,1,2,4,2,0.0894396900247747,0.000310149440486893,0.0840950954183636, 0.0077553,-0.0122978,-0.0129294, 0.0032575,-0.0109941,buy
2010-12-21,2,4,1,4,0,2,1,2,3,6,5,2,6,3,2,5,2,0.0948967611728862,0.000141300174892319,0.0850228154846272,-0.0015175,-0.0173943,-0.0194662, 0.0035849,-0.0197581,sell
2010-12-22,1,3,2,2,0,2,1,1,3,4,3,2,5,2,2,4,1,0.0998606017090037,0.000138634133856619,0.0860350096584555, 0.0053959,-0.0124730,-0.0120714, 0.0102209,-0.0120286,sell
2010-12-23,1,2,2,1,2,0,1,2,2,2,2,1,4,3,1,3,1,0.104202648244099,0.000303928678070253,0.0871264450305303,-0.0003066, 0.0006308,-0.0000700, 0.0045660, 0.0026298,buy
2010-12-24,1,2,0,3,2,0,1,2,3,4,2,2,3,4,3,2,2,0.107812934608941,0.000637183807533193,0.0882993642762737,-0.0029849,-0.0148559,-0.0074349,-0.0054127,-0.0048489,sell
2010-12-25,1,1,1,2,2,1,2,3,0,3,2,1,3,4,3,1,2,0.110621923372986,0.00113751084190024,0.0895545149541597, 0.0016158, 0.0057385, 0.0026268, 0.0023182, 0.0036629,buy
2010-12-26,1,1,2,0,0,0,3,3,1,1,0,1,1,4,4,0,2,0.11259646297051,0.00180402110082614,0.0908889068302923, 0.0040948, 0.0155030, 0.0053538, 0.0059574, 0.0066973,buy
2010-12-27,1,2,0,0,1,2,3,3,2,2,1,1,2,4,4,1,3,0.113732510527644,0.00263760326465615,0.0923025399046714,-0.0088734, 0.0008863,-0.0101444,-0.0084015,-0.0032535,sell
2010-12-28,2,1,0,1,0,0,4,3,1,3,0,3,2,3,4,0,3,0.114055940437148,0.00364092337442594,0.093797656852719, 0.0075522, 0.0070297, 0.0082531, 0.0054746, 0.0057306,buy
2010-12-29,2,0,1,0,2,0,3,2,2,2,1,2,2,3,3,1,2,0.11362416150796,0.00480598330702842,0.0953742576744353, 0.0177377, 0.0131526, 0.0132847, 0.0116503, 0.0130554,buy
2010-12-30,1,1,1,2,0,0,3,2,3,1,2,2,2,3,3,1,1,0.112509136894944,0.0061407811855707,0.0970315948113462,-0.0124726,-0.0100348,-0.0074972,-0.0106960,-0.0060993,sell
2010-12-31,2,1,4,1,0,0,3,4,2,3,2,2,4,3,4,3,2,0.110788489776381,0.00763731888694566,0.0987651829126074,-0.0030231,-0.0045053,-0.0043225,-0.0007752,-0.0011213,sell
2011-01-01,1,2,4,0,0,0,3,4,1,3,3,2,3,3,3,3,1,0.108547120503516,0.00930092849322473,0.100578759770589,-0.0120120,-0.0087142, 0.0019372,-0.0093251,-0.0099056,sell
2011-01-02,0,2,2,0,0,0,3,1,3,4,3,2,3,0,3,3,1,0.10587558945101,0.011124500561646,0.102473072943766, 0.0093728, 0.0085031, 0.0076292, 0.0000925, 0.0088327,buy
2011-01-03,1,0,2,0,0,0,2,3,2,5,2,1,4,1,3,2,2,0.10285475409624,0.0131160332153166,0.104443637081293, 0.0123377, 0.0069840, 0.0103597, 0.0072795, 0.0075191,buy
2011-01-04,2,0,2,0,0,0,1,3,0,4,1,2,3,1,3,1,1,0.0995695147904498,0.0152630849294033,0.106491947300118, 0.0178820, 0.0051540, 0.0113900, 0.0083204, 0.0058762,buy
2011-01-05,1,1,2,0,0,0,3,2,3,2,2,2,3,1,3,2,1,0.0960894089641834,0.0175727651466678,0.10861576092482,-0.0153263,-0.0152254,-0.0133828,-0.0256942,-0.0128810,sell
2011-01-06,0,0,3,0,0,0,3,4,1,3,2,1,4,1,3,3,0,0.0924880169218529,0.0200415191457294,0.110820310864716, 0.0177987, 0.0056488,-0.0112699, 0.0014410,-0.0166919,buy
2011-01-07,1,0,3,1,0,0,5,3,3,5,5,2,4,1,4,4,1,0.0888227474723953,0.0226684582462427,0.113101111768963, 0.0033780,-0.0038565,-0.0020962,-0.0025112,-0.0019847,buy
2011-01-08,1,0,2,1,0,0,4,2,4,5,4,2,4,1,3,4,1,0.0851542437238426,0.025450916407172,0.11545816363756, 0.0122042, 0.0059133, 0.0062734, 0.0044952, 0.0057504,buy
2011-01-09,0,1,1,0,1,0,3,2,4,3,3,3,2,1,3,2,1,0.081529403013073,0.0283880049481722,0.117887728678137, 0.0017090,-0.0005979, 0.0138792,-0.0018643, 0.0037834,buy
2011-01-10,2,1,1,0,0,0,4,1,4,4,3,2,3,2,3,3,1,0.0779935055274172,0.0314815012299336,0.120395039800013, 0.0082124, 0.0086560, 0.0120697, 0.0130645, 0.0108131,buy
2011-01-11,0,2,1,1,0,1,3,2,3,4,2,1,3,3,4,2,2,0.0745853628560155,0.0347260731703849,0.122975611652343, 0.0005214,-0.0072346, 0.0005823,-0.0022147, 0.0018206,buy
2011-01-12,0,2,0,1,0,1,5,1,4,3,3,2,3,2,3,3,1,0.0713429780132348,0.0381208320891809,0.125628696676654, 0.0053958, 0.0044941, 0.0038401,-0.0059895, 0.0046136,buy
2011-01-13,0,2,1,0,1,0,6,3,5,3,4,3,4,2,2,5,1,0.0682962682657042,0.041664000625631,0.128355789989893,-0.0085679,-0.0097704,-0.0009973,-0.0108266,-0.0041633,sell
2011-01-14,2,2,0,1,2,0,4,2,4,2,3,3,3,3,2,4,1,0.0654735337305053,0.0453555787797353,0.131156144033586,-0.0055875,-0.0102196, 0.0070109,-0.0072256,-0.0079022,sell
2011-01-15,2,1,1,2,1,1,4,0,6,2,4,3,3,4,2,3,1,0.0628957973517559,0.0491920118301128,0.134028263690786,-0.0168005,-0.0182165,-0.0235291,-0.0201821,-0.0313834,sell
2011-01-16,2,3,1,2,1,1,4,0,4,0,2,3,3,3,4,2,1,0.0605889335222164,0.0531670790143469,0.136970653844544,-0.0180447,-0.0216449,-0.0247861,-0.0149612,-0.0243830,sell
2011-01-17,2,4,2,1,1,1,4,0,4,2,3,4,3,3,4,4,0,0.0585731566112308,0.0572914444965804,0.139984062053334,-0.0082482,-0.0102513,-0.0195111,-0.0084480,-0.0195338,sell
2011-01-18,2,6,0,1,2,1,2,0,3,2,4,2,2,3,4,3,1,0.0568597866656317,0.0615517780716348,0.143068488317156, 0.0002194,-0.0022068,-0.0003224, 0.0054265, 0.0008797,buy
2011-01-19,2,4,2,1,1,1,2,0,3,1,4,2,2,2,3,3,1,0.0554690380547632,0.0659498571002005,0.146220194843641, 0.0108964, 0.0108905, 0.0104042, 0.0117600, 0.0181093,buy
2011-01-20,2,4,3,3,2,1,2,1,5,0,5,2,3,3,4,4,2,0.0544138479750054,0.0704847929019324,0.149441424308209, 0.0048744, 0.0068055, 0.0058839, 0.0034463, 0.0020229,buy
2011-01-21,2,5,1,3,2,1,2,2,4,0,4,1,3,3,5,4,2,0.0537071536227384,0.0751565854768304,0.152730681593914, 0.0035761, 0.0033055, 0.0039214, 0.0027318, 0.0025419,buy
2011-01-22,2,4,1,0,3,1,4,2,2,1,3,2,2,4,4,2,3,0.0533578493204738,0.0799563480214421,0.156087219142281, 0.0010510,-0.0003008, 0.0004073, 0.0005889, 0.0039502,buy
2011-01-23,1,4,0,1,1,2,4,2,2,2,3,3,2,3,4,2,2,0.0533812979889128,0.0848903012981843,0.159504308927044,-0.0043547,-0.0027755,-0.0043547,-0.0002685, 0.0017685,sell
2011-01-24,2,3,1,1,1,2,3,2,2,2,3,3,3,3,4,2,1,0.0537791167776032,0.0899486698232593,0.162994659442262, 0.0077315, 0.0061993, 0.0092781, 0.0072117, 0.0077593,buy
2011-01-25,2,3,1,1,2,0,3,2,2,1,2,3,3,2,3,2,2,0.0545666686072461,0.095138563039429,0.166547804869297,-0.0126677,-0.0198347,-0.0192897,-0.0210739,-0.0161660,sell
2011-01-26,1,3,1,2,2,0,3,2,2,2,3,4,2,3,2,2,2,0.0557439534778418,0.100449316782551,0.17016374520815,-0.0097757,-0.0136170,-0.0085557,-0.0106218,-0.0067593,sell
2011-01-27,1,2,1,2,0,0,5,3,1,3,2,3,2,3,3,3,2,0.0573239085857704,0.105882708413315,0.173844723134244, 0.0167651, 0.0105633, 0.0196609, 0.0215546, 0.0219905,buy
2011-01-28,1,1,2,0,0,0,4,3,1,2,2,3,1,3,2,2,1,0.0593105768049006,0.111434294529995,0.177585505738259, 0.0195678, 0.0350216, 0.0223484, 0.0340441, 0.0347126,buy
2011-01-29,2,2,0,0,0,0,4,3,3,2,1,3,1,3,2,4,2,0.0617039581352325,0.117104963812936,0.181389830812566, 0.0082107, 0.0034719, 0.0074944, 0.0075830, 0.0029390,buy
2011-01-30,3,0,0,0,0,0,3,4,2,3,1,3,3,2,0,4,2,0.0645169897731463,0.122890272860413,0.185255455681743, 0.0014479,-0.0044078,-0.0031363, 0.0042123,-0.0030463,buy
2011-01-31,2,0,0,0,0,0,3,4,2,3,1,3,3,1,1,4,1,0.0677480545690943,0.128788444311735,0.189176399877998, 0.0193276, 0.0110119, 0.0051248, 0.0176591, 0.0068222,buy
2011-02-01,1,2,1,0,0,0,4,4,4,2,2,2,3,0,4,5,2,0.0714020039717193,0.134795034765175,0.193157896310649, 0.0022803,-0.0018290, 0.0028519, 0.0033517, 0.0057499,buy
2011-02-02,2,2,2,0,0,0,5,7,5,2,5,3,3,1,4,6,3,0.0754877323035325,0.140904712138663,0.197198449862748, 0.0149593, 0.0095210, 0.0131885, 0.0088897, 0.0154504,buy
2011-02-03,3,1,3,0,0,0,3,9,3,2,5,3,3,1,4,6,2,0.0800068567140815,0.14712636323565,0.201293575183451, 0.0040941, 0.0059284, 0.0156508, 0.0048947, 0.0078871,buy
2011-02-04,2,1,2,1,0,0,4,6,5,2,5,2,3,2,4,5,2,0.0849553343294975,0.153447546531303,0.205443272272757, 0.0042934, 0.0020437, 0.0063668, 0.0075769, 0.0093281,buy
2011-02-05,2,1,2,0,1,0,4,5,4,2,4,3,2,3,4,4,1,0.0903461023461606,0.159868262025622,0.209650531364563,-0.0023238,-0.0042465, 0.0064517, 0.0032834, 0.0109291,buy
2011-02-06,4,1,2,0,1,0,4,7,1,3,5,4,1,3,4,4,2,0.096171883591107,0.166386732357918,0.213907876874129, 0.0125622, 0.0146384, 0.0166181, 0.0156309, 0.0176032,buy
2011-02-07,4,0,2,0,0,0,3,7,1,3,5,3,2,5,2,1,2,0.102442380961622,0.173004734888879,0.218223531944669, 0.0063559, 0.0037910, 0.0077472, 0.0033522, 0.0102817,buy
2011-02-08,2,2,2,0,0,1,2,6,2,1,4,3,1,5,3,0,2,0.109157594457705,0.179705384691948,0.22258777831602, 0.0054324, 0.0087970, 0.0088247, 0.0070978, 0.0042680,buy
2011-02-09,2,0,4,0,0,0,4,6,1,1,4,2,1,5,2,2,2,0.116319141228904,0.186498457250921,0.227002858663605, 0.0085087, 0.0065774, 0.0087296, 0.0018040, 0.0059418,buy
2011-02-10,2,0,4,1,1,0,3,8,0,2,5,3,0,6,3,2,2,0.123927021275219,0.193381286524762,0.231468025428949, 0.0041694, 0.0008736, 0.0043118, 0.0015128,-0.0001799,buy
2011-02-11,2,1,1,3,1,0,1,7,2,3,5,4,1,4,3,2,2,0.131986894620067,0.200345874390365,0.235981035936631,-0.0026301, 0.0030857,-0.0028929,-0.0012757,-0.0071238,sell
2011-02-12,3,2,2,1,2,0,0,7,2,1,3,3,4,4,3,2,1,0.140497144113899,0.207397552929801,0.240543385303598,-0.0043556,-0.0081646,-0.0121652,-0.0112845, 0.0007894,sell
2011-02-13,3,1,4,0,1,0,1,7,0,1,2,3,4,3,2,3,1,0.149456152607169,0.214520325896856,0.245152830854429,-0.0120467,-0.0093800,-0.0105850,-0.0142007,-0.0173169,sell
2011-02-14,4,2,3,2,0,2,1,8,0,2,3,4,5,5,2,4,1,0.158867962973744,0.221731078218089,0.249806382355228, 0.0092780, 0.0116221, 0.0110074, 0.0114521, 0.0106918,buy
2011-02-15,4,2,1,2,1,2,1,5,0,2,2,5,4,3,3,2,1,0.168736618087494,0.229010258925905,0.254507777598364, 0.0013618, 0.0021774,-0.0048006, 0.0036397, 0.0029967,buy
2011-02-16,4,0,3,1,3,0,2,4,0,1,2,3,4,3,3,3,0,0.179054840775456,0.236361422741686,0.259248793440623,-0.0019410,-0.0060430,-0.0031277,-0.0004218,-0.0091387,sell
2011-02-17,4,0,1,4,2,1,2,4,1,1,3,3,3,4,3,3,1,0.189825056761949,0.24378456966543,0.264032420115902, 0.0047623, 0.0016325, 0.0057893, 0.0018357, 0.0085490,buy
2011-02-18,5,0,1,4,2,2,2,4,0,1,3,3,5,3,3,3,1,0.201049691771296,0.251276144975757,0.268858657624199, 0.0027240, 0.0159596, 0.0148092, 0.0072770, 0.0198758,buy
2011-02-19,5,1,2,1,2,0,4,2,0,1,1,3,4,3,3,3,1,0.212723894354854,0.258830816590596,0.273726758407043, 0.0142406, 0.0144466, 0.0225537, 0.0146964, 0.0015665,buy
2011-02-20,5,2,0,3,2,2,4,0,0,2,2,3,4,2,4,4,1,0.224849281662171,0.266450361870637,0.278635227347483, 0.0036048, 0.0034583, 0.0035307, 0.0022769, 0.0037485,buy
2011-02-21,6,1,0,5,0,1,4,0,1,3,2,3,4,2,5,3,2,0.23742019366983,0.274130337414154,0.283580326653151, 0.0055474, 0.0055474, 0.0068821, 0.0064416, 0.0061931,buy
2011-02-22,5,0,2,3,2,0,4,0,2,2,2,3,4,2,4,4,1,0.250437438952605,0.281869854540801,0.288565794116416, 0.0314037, 0.0311357, 0.0291961, 0.0231070, 0.0291686,buy
2011-02-23,4,2,0,5,1,0,5,2,4,0,4,3,3,4,4,3,2,0.263893740337531,0.289666247209544,0.293587891944908, 0.0053360,-0.0004614, 0.0064031, 0.0110977, 0.0033574,buy
2011-02-24,3,0,2,4,0,0,4,4,3,2,4,3,2,4,4,2,3,0.277783437801194,0.297517738059691,0.298645125021679, 0.0125102, 0.0038803, 0.0048723, 0.0109059, 0.0046806,buy
2011-02-25,3,1,1,1,0,0,5,2,3,0,3,2,2,3,2,2,2,0.292096828446307,0.305419883689516,0.30373749334673, 0.0073403, 0.0039625, 0.0076359, 0.0095992, 0.0031795,buy
2011-02-26,2,3,0,1,0,0,5,1,7,1,3,2,3,3,3,4,2,0.30683148654855,0.313370018057985,0.308866492037007,-0.0164371,-0.0119044,-0.0114467,-0.0016113,-0.0102162,sell
2011-02-27,3,1,0,1,0,0,5,2,6,3,4,2,4,4,3,3,1,0.321969623462899,0.32136725248475,0.314028383300142, 0.0016614,-0.0023215,-0.0045318,-0.0021065,-0.0019889,buy
2011-02-28,1,2,0,1,1,0,5,3,4,1,3,1,3,2,5,2,2,0.337499919142523,0.329410698289468,0.319215691551393,-0.0022660,-0.0026183, 0.0053648,-0.0001309,-0.0018991,buy
2011-03-01,1,2,0,1,1,0,6,1,5,0,3,1,2,3,4,2,2,0.353411053540587,0.337493246029376,0.324438135050924,-0.0150893,-0.0206982,-0.0200798,-0.0039330,-0.0210914,sell
2011-03-02,0,1,1,0,1,0,4,4,4,0,4,0,1,4,3,2,1,0.36967230081569,0.34561756174551,0.329688985772467,-0.0013018,-0.0027895,-0.0037071,-0.0023339,-0.0025636,sell
2011-03-03,2,1,0,1,2,0,5,3,2,0,3,1,2,2,4,2,2,0.386266680897583,0.353774758634418,0.334967496157549,-0.0097833,-0.0130723, 0.0067210,-0.0124212,-0.0159632,sell
2011-03-04,2,1,0,1,3,0,5,2,3,0,2,1,2,3,5,1,3,0.403165893669183,0.361970168778171,0.340275161323119,-0.0070611,-0.0128621,-0.0045302,-0.0179811,-0.0114727,sell
2011-03-05,1,0,0,0,2,0,3,2,2,0,1,0,1,2,2,2,2,0.420333553265672,0.370195794053662,0.345607495918331, 0.0232158, 0.0147778, 0.0167198, 0.0157083, 0.0155958,buy
2011-03-06,2,0,0,0,1,0,5,1,3,1,3,2,1,3,1,1,2,0.43773327382223,0.378453411821581,0.35096524750166, 0.0093990, 0.0104523, 0.0109582, 0.0098822, 0.0066709,buy
2011-03-07,2,1,0,0,1,1,5,2,3,1,3,2,2,4,2,1,2,0.455322200875848,0.386736801319513,0.356348416073105, 0.0126963, 0.0181329, 0.0100818, 0.0102191, 0.0162820,buy
2011-03-08,1,1,0,0,1,0,5,1,3,0,2,2,2,3,1,2,0,0.473039691318494,0.39504329650642,0.361754758957246, 0.0008232,-0.0029039,-0.0063398,-0.0040935, 0.0035505,sell
2011-03-09,1,0,1,0,3,0,6,1,4,1,3,2,2,3,3,3,1,0.490837230663743,0.403374674742994,0.367182033478659, 0.0045749,-0.0049513,-0.0154276,-0.0099714,-0.0054895,sell
2011-03-10,1,1,0,2,3,0,4,2,3,1,3,2,2,2,4,3,1,0.508649324354919,0.411725603947163,0.372631734754293, 0.0005658,-0.0042861,-0.0010227, 0.0043580,-0.0009447,buy
2011-03-11,1,2,2,1,2,0,4,2,3,2,4,1,3,3,3,3,2,0.526401583512837,0.420092529397546,0.378100124991777, 0.0212496,-0.0057919, 0.0112901, 0.0095435, 0.0079817,buy
2011-03-12,2,1,3,0,2,0,2,1,2,2,4,2,1,2,3,2,1,0.544021236407858,0.428476339774489,0.383587951749586,-0.0086994,-0.0100125,-0.0086276,-0.0048492,-0.0088213,sell
2011-03-13,1,2,2,1,1,1,2,1,1,2,3,2,1,2,3,2,1,0.561423382688738,0.43687348035661,0.389092224793823,-0.0075733,-0.0099369,-0.0051498,-0.0115617,-0.0114068,sell
2011-03-14,1,2,2,1,2,1,1,1,1,3,3,2,1,2,4,2,1,0.578519079130362,0.445280396422528,0.394615934358386,-0.0088524,-0.0098831,-0.0120836,-0.0157221,-0.0157221,sell
2011-03-15,1,1,3,1,3,1,1,2,0,2,2,3,2,1,4,2,1,0.595223425381486,0.453697087972245,0.400154595092428,-0.0050108,-0.0063120,-0.0093025,-0.0058033,-0.0071443,sell
2011-03-16,2,0,3,2,4,2,2,2,1,1,2,3,3,2,4,4,1,0.611442626768353,0.462120888964723,0.405706711879003, 0.0148984, 0.0138019, 0.0074879, 0.0194335, 0.0167374,buy
2011-03-17,2,0,1,3,3,3,3,4,1,0,2,3,3,2,5,4,1,0.627084505766755,0.470548244678582,0.411273032276585, 0.0175233, 0.0122094, 0.0110867, 0.0149249, 0.0197415,buy
2011-03-18,2,0,2,0,4,3,4,4,0,0,2,3,3,2,5,3,1,0.642070630623637,0.478977377753132,0.416855798960595, 0.0187389, 0.0084448, 0.0235620, 0.0200000, 0.0067363,buy
2011-03-19,2,2,0,0,3,3,4,2,0,0,1,3,3,3,3,2,1,0.656299120917506,0.487409176868717,0.422439313203079, 0.0195531, 0.0059541, 0.0149058, 0.0126349, 0.0138138,buy
2011-03-20,3,1,0,2,2,3,3,2,0,1,2,3,4,3,2,2,1,0.669702056367365,0.495836532582576,0.428050487109102, 0.0128373, 0.0084158, 0.0087794, 0.0165262, 0.0107756,buy
2011-03-21,2,1,2,2,2,1,3,2,0,0,0,4,4,2,2,2,1,0.682199388070611,0.50426299961609,0.433661661015125, 0.0079576,-0.0008813,-0.0016740, 0.0055945, 0.0089589,buy
2011-03-22,2,3,1,2,2,1,4,2,1,0,2,3,4,3,2,3,1,0.693719152872381,0.512683245887187,0.439284795856732, 0.0002326, 0.0033899,-0.0049618, 0.0053217, 0.0013086,buy
2011-03-23,2,2,2,3,0,0,4,4,0,2,2,3,4,3,3,3,1,0.704194239066452,0.521098160076213,0.444916153841553, 0.0029608, 0.0037935, 0.0089064, 0.0057840, 0.0077686,buy
2011-03-24,2,3,2,2,0,0,5,3,1,2,3,3,3,4,3,4,0,0.713573706442077,0.529500632740406,0.450554987411115,-0.0035560,-0.0048361,-0.0036466, 0.0015250,-0.0009385,buy
2011-03-25,2,3,1,1,0,0,3,1,3,3,3,3,2,2,2,4,1,0.721800146190319,0.537894218601146,0.456200549006943, 0.0015140,-0.0043842, 0.0021830, 0.0024223,-0.0004275,buy
2011-03-26,3,2,0,1,0,0,2,3,2,4,3,1,3,3,2,3,2,0.728830703848169,0.546272696896017,0.461850595953616,-0.0048888, 0.0016687, 0.0021720, 0.0030439, 0.0108328,buy
2011-03-27,3,2,0,1,0,0,3,3,1,3,2,2,3,3,3,2,1,0.734621716377844,0.55463606762502,0.467505128251132, 0.0095668, 0.0104496, 0.0104901, 0.0155290, 0.0104679,buy
2011-03-28,2,2,0,1,0,0,6,1,2,1,1,2,3,3,2,3,1,0.739144075087488,0.562980776066772,0.473164145899492,-0.0026214, 0.0040616, 0.0028181, 0.0035649,-0.0020329,buy
2011-03-29,2,1,1,1,0,0,4,3,1,1,2,2,2,3,2,3,0,0.742369479860019,0.571305933540929,0.478823163547853, 0.0049082, 0.0025594, 0.0030489, 0.0029518, 0.0035140,buy
2011-03-30,5,1,0,2,0,1,5,4,1,1,3,2,3,4,3,4,1,0.744285802073833,0.57960798532611,0.484486666547057, 0.0053706, 0.0068771,-0.0005092, 0.0029304, 0.0134260,buy
2011-03-31,5,1,0,1,1,1,6,2,2,1,3,2,3,4,3,3,2,0.744883338831642,0.58788604274197,0.49014792687084,-0.0028574, 0.0063699, 0.0081234, 0.0031090, 0.0027319,buy
2011-04-01,2,1,0,0,1,1,2,2,1,1,2,0,2,3,2,1,1,0.744170984455959,0.596136551067127,0.495809934753096, 0.0076644, 0.0068983, 0.0029390, 0.0212054, 0.0018960,buy
2011-04-02,4,1,0,0,0,1,3,2,1,1,1,1,3,3,1,2,2,0.742169761890901,0.604359510301583,0.501469699959931,-0.0293013,-0.0332865,-0.0358703,-0.0322493,-0.0292873,sell
2011-04-03,3,2,0,0,0,2,2,3,1,1,2,0,3,4,2,1,2,0.738908779828323,0.612549588363264,0.507126474932869, 0.0028757, 0.0047659,-0.0049879, 0.0042333,-0.0025453,buy
2011-04-04,3,2,0,0,1,2,3,4,2,0,2,1,4,3,3,2,2,0.734442212778069,0.620707673932517,0.512781007230386, 0.0183431, 0.0272574, 0.0183290, 0.0273163, 0.0221357,buy
2011-04-05,2,1,1,0,2,1,3,2,3,0,1,1,3,3,3,2,2,0.728846875343644,0.628831100968306,0.518428063943162, 0.0021080,-0.0069253,-0.0113216,-0.0033751,-0.0052693,sell
2011-04-06,2,2,0,1,2,1,3,3,1,1,3,1,2,4,3,2,1,0.722205242151973,0.63691631474925,0.524074373097464, 0.0174723, 0.0122099, 0.0128018, 0.0136889, 0.0061430,buy
2011-04-07,3,2,0,2,2,1,2,2,2,2,4,1,3,5,3,2,0,0.714630513671382,0.644962426595003,0.529710963991604, 0.0016711, 0.0014684,-0.0005345, 0.0038752, 0.0034851,buy
2011-04-08,3,3,1,0,2,1,1,1,2,2,4,1,2,4,3,1,1,0.70624721041703,0.652964993103841,0.535338584184055, 0.0047987,-0.0007147,-0.0040285, 0.0001251, 0.0026157,buy
2011-04-09,3,4,1,0,1,0,2,1,1,3,4,0,2,3,2,2,3,0.697195215824779,0.660925791636451,0.540962466584136,-0.0009322,-0.0053531,-0.0075246,-0.0053836,-0.0068077,sell
2011-04-10,3,5,2,1,1,1,2,1,0,5,4,1,3,4,3,3,3,0.687624116227772,0.66884037879111,0.546575883165581, 0.0106219, 0.0154234, 0.0159316, 0.0159155, 0.0114298,buy
2011-04-11,2,5,1,1,1,1,2,1,0,3,5,1,3,3,2,1,2,0.677699669454633,0.676707865887472,0.552173601019072, 0.0001491, 0.0022623, 0.0019156, 0.0023255, 0.0021226,buy
2011-04-12,2,3,2,1,2,2,2,1,1,1,4,1,2,4,3,1,2,0.667577121861921,0.684522920843464,0.557769823755614, 0.0005100,-0.0060010,-0.0047153,-0.0083052, 0.0001877,sell
2011-04-13,2,2,2,3,1,3,2,2,1,1,4,2,2,4,4,1,2,0.657417379829617,0.692288209700124,0.563345862413358,-0.0012314, 0.0102708,-0.0011531,-0.0045465, 0.0078731,buy
2011-04-14,1,1,1,3,2,3,2,2,0,1,3,2,2,4,4,1,0,0.647371646840413,0.700002843777105,0.568913677927888, 0.0357526, 0.0343518, 0.0345172, 0.0273863, 0.0295051,buy
2011-04-15,2,1,1,0,2,3,1,1,0,1,2,2,1,3,3,0,1,0.637585466353587,0.707650826828193,0.574465794714463, 0.0279849, 0.0189991, 0.0081397, 0.0155322, 0.0280716,buy
2011-04-16,3,1,0,0,1,5,0,2,1,2,1,2,4,3,3,1,1,0.628183358884296,0.715249932460294,0.580002960331557, 0.0186464, 0.0196346, 0.0137193, 0.0204227, 0.0198160,buy
2011-04-17,3,0,0,1,1,4,0,2,1,2,2,2,4,2,3,0,1,0.619283376349511,0.722786830468228,0.585526669896119, 0.0177809, 0.0179110,-0.0010738, 0.0112616, 0.0130579,buy
2011-04-18,2,0,1,1,3,2,3,2,2,0,0,2,5,1,3,3,2,0.610976079123893,0.730264186893031,0.591032438057305, 0.0176147, 0.0214610, 0.0177798, 0.0164663, 0.0180429,buy
2011-04-19,2,1,1,3,2,2,3,4,2,0,1,3,5,2,4,3,2,0.603344750409139,0.737676669652633,0.59652325504901, 0.0095022, 0.0108869, 0.0087857, 0.0093082, 0.0086627,buy
2011-04-20,2,0,2,2,0,2,3,4,2,1,1,2,5,2,4,3,1,0.596450033313281,0.745025167427377,0.601995383078864, 0.0069495, 0.0107922, 0.0071305, 0.0120034, 0.0030425,buy
2011-04-21,3,2,2,0,0,2,3,2,2,0,2,2,4,1,3,3,1,0.590342059472292,0.752307902856574,0.607449569705342, 0.0152404, 0.0186799, 0.0072926, 0.0186305, 0.0070099,buy
2011-04-22,4,2,1,0,0,2,2,2,2,2,3,2,5,1,2,3,1,0.585046703278932,0.759521321218843,0.612883572253022, 0.0000248,-0.0024478,-0.0137176, 0.0014294, 0.0053519,buy
2011-04-23,4,2,0,0,0,2,2,3,1,3,3,2,5,2,3,2,0,0.580589839125963,0.766664533833838,0.618297390721902,-0.0038136,-0.0038116,-0.0020835,-0.0009972, 0.0001666,sell
2011-04-24,3,2,1,0,0,2,3,2,3,3,2,2,5,3,3,3,1,0.576976318462026,0.773733985980179,0.623688034878088, 0.0006717, 0.0057355,-0.0016697, 0.0080919,-0.0034217,buy
2011-04-25,3,1,2,0,0,1,3,3,4,1,1,2,4,4,2,4,1,0.574205332712348,0.780729677657865,0.62906298030632, 0.0061703, 0.0046799, 0.0042226, 0.0095046, 0.0067229,buy
2011-04-26,3,1,2,1,0,1,1,5,2,1,2,1,3,4,3,3,1,0.572275264727381,0.787648054145516,0.634411013629486, 0.0192006, 0.0189229, 0.0134702, 0.0223565, 0.0086888,buy
2011-04-27,3,1,1,1,1,2,3,4,1,1,2,1,3,4,4,3,1,0.571167517287329,0.794488226762786,0.639733629964536, 0.0113710, 0.0147834, 0.0073815, 0.0132961, 0.0024527,buy
2011-04-28,2,1,1,0,2,2,3,2,1,1,3,1,1,4,4,0,2,0.570865918896716,0.80124752946864,0.645033819545365, 0.0006652, 0.0029885,-0.0036956,-0.0053985, 0.0045696,sell
2011-04-29,3,1,1,0,1,2,3,1,0,1,2,1,2,3,3,1,1,0.571353489485294,0.807924184902387,0.650308592138077, 0.0219021, 0.0162561, 0.0063854, 0.0137160, 0.0130232,buy
2011-04-30,4,1,1,0,1,3,1,3,0,2,1,0,4,4,4,1,2,0.572597077487338,0.814517304383682,0.655556452625724, 0.0109163, 0.0140559, 0.0094925, 0.0149380, 0.0121918,buy
2011-05-01,5,2,1,0,1,3,0,3,0,0,2,1,3,3,4,0,2,0.574573234234409,0.821022444510799,0.660778896125255, 0.0112118, 0.0132409, 0.0041201, 0.0130133, 0.0083693,buy
2011-05-02,4,2,2,0,2,2,1,2,1,0,2,1,3,4,4,1,1,0.57726093678239,0.827437827923047,0.66596695193498, 0.0046102, 0.0081873, 0.0051049, 0.0118814, 0.0046747,buy
2011-05-03,2,2,1,1,2,2,3,3,0,0,2,1,2,4,4,1,2,0.580630267864651,0.833767898022153,0.671133328548959, 0.0057916, 0.0066742, 0.0014069, 0.0005116, 0.0002404,buy
2011-05-04,2,2,0,2,1,1,2,5,1,1,2,1,3,3,3,3,2,0.584653735938885,0.840001990643973,0.676269802823977, 0.0054807, 0.0211960, 0.0183048, 0.0180172, 0.0176258,buy
2011-05-05,3,3,1,0,2,0,0,6,2,1,3,1,4,3,2,2,3,0.589303040888009,0.846142771829544,0.681374879643086,-0.0063812, 0.0070738, 0.0037480,-0.0012826,-0.0042692,sell
2011-05-06,4,4,1,0,1,0,0,3,4,0,4,1,5,2,2,1,2,0.594553925468812,0.852186686857484,0.686446316330863,-0.0002862,-0.0012974, 0.0004996,-0.0000227,-0.0034688,buy
2011-05-07,4,3,1,0,0,1,0,2,2,2,3,1,3,3,2,2,1,0.60037162096602,0.858132847047448,0.691488598238154,-0.0148042,-0.0198397,-0.0185028,-0.0100317,-0.0069760,sell
2011-05-08,4,3,0,1,0,1,0,1,1,3,4,0,2,3,1,2,2,0.60673995588416,0.863978586358401,0.696497240014114, 0.0013571,-0.0040958,-0.0015100,-0.0032043,-0.0028077,sell
2011-05-09,4,4,1,1,2,0,0,1,2,3,5,1,2,4,1,2,3,0.613628204381828,0.869723016109997,0.701472241658743, 0.0036156,-0.0020071,-0.0020252,-0.0044055,-0.0070397,sell
2011-05-10,4,5,2,3,1,0,1,1,2,0,5,1,1,5,1,3,3,0.621016152089681,0.875363470261201,0.706414350730514, 0.0031454, 0.0043001, 0.0060189,-0.0033182,-0.0012036,buy
2011-05-11,3,2,4,3,1,1,2,2,1,0,4,1,2,5,1,4,2,0.628871456016767,0.880902614853048,0.711319081878585, 0.0015418, 0.0071180, 0.0087561, 0.0063262, 0.0069375,buy
2011-05-12,4,0,1,4,1,0,3,1,1,0,4,2,1,2,1,3,2,0.637177944667611,0.88633067440174,0.716187930219902,-0.0119724,-0.0085012,-0.0116226,-0.0048647,-0.0043415,sell
2011-05-13,5,1,0,2,4,1,2,1,3,1,4,3,4,3,1,3,2,0.645912977948549,0.891652092309005,0.72102164331294, 0.0058184, 0.0038162, 0.0098135, 0.0051964, 0.0031511,buy
2011-05-14,6,0,0,3,1,1,2,0,3,1,3,3,4,2,2,2,1,0.655045830018177,0.896864202533805,0.725817230923803, 0.0048444, 0.0052477, 0.0112295, 0.0086024, 0.0061993,buy
2011-05-15,5,0,2,3,1,3,4,0,4,0,4,3,5,3,1,4,2,0.664561137955794,0.901962561674416,0.730579178403335, 0.0071359, 0.0093200, 0.0116778, 0.0174983, 0.0133700,buy
2011-05-16,5,1,2,3,1,2,5,1,4,0,3,3,5,4,2,5,2,0.674434644518187,0.906947169730836,0.735294777257477, 0.0029704, 0.0039622, 0.0056328, 0.0065364, 0.0049272,buy
2011-05-17,3,1,2,3,3,0,5,2,3,1,2,3,5,4,2,5,2,0.684642092462143,0.911817138022722,0.739975988421814, 0.0113720, 0.0141546, 0.0151953, 0.0142144, 0.0004166,buy
2011-05-18,3,1,4,4,2,0,5,0,3,2,2,4,4,4,2,5,3,0.695164884567865,0.916572466550072,0.74461608387008,-0.0009832,-0.0000121,-0.0010221,-0.0005773, 0.0005483,buy
2011-05-19,3,1,5,3,0,0,4,0,3,2,2,3,4,3,1,5,3,0.70598038074169,0.921212266632541,0.749218053836171, 0.0037335,-0.0018473, 0.0031843, 0.0009785, 0.0041456,buy
2011-05-20,4,1,5,1,2,0,4,1,2,3,2,3,3,4,4,5,2,0.717058663716986,0.925728540147023,0.753776665410768, 0.0042947, 0.0071132, 0.0019510, 0.0080816, 0.0022192,buy
2011-05-21,3,4,3,1,3,0,5,1,1,2,3,3,3,3,5,4,2,0.728385179147827,0.930123953134553,0.758295656386243, 0.0032436, 0.0041299,-0.0010486, 0.0089424,-0.0004052,buy
2011-05-22,3,1,4,0,3,0,4,0,2,4,2,4,2,4,4,3,2,0.739923541169393,0.934397616914786,0.762769046294801,-0.0013244,-0.0089643,-0.0050954,-0.0073906,-0.0095118,sell
2011-05-23,3,0,4,1,3,0,0,2,1,3,0,3,1,4,5,2,2,0.751658386860983,0.938550420168067,0.767202815604237,-0.0046655, 0.0025242,-0.0056739,-0.0058649,-0.0046655,sell
2011-05-24,4,0,2,1,4,0,1,1,3,1,1,2,2,5,4,2,1,0.763555756082099,0.942575253451634,0.771590236288283,-0.0069247,-0.0128226,-0.0041705,-0.0114316,-0.0144284,sell
2011-05-25,4,0,1,0,5,0,1,2,4,1,1,3,2,3,4,3,2,0.775593008739076,0.946473894126178,0.775929813229991, 0.0037727,-0.0060713, 0.0047589,-0.0053488,-0.0097939,sell
2011-05-26,4,0,1,0,3,0,2,3,1,1,1,3,2,2,2,3,2,0.787725673219357,0.950243676150663,0.78023051713105, 0.0028007,-0.0025661, 0.0029298,-0.0018063,-0.0032291,buy
2011-05-27,3,0,0,1,3,1,4,3,1,1,1,3,1,3,3,3,3,0.799934343728371,0.953885488205434,0.78448487240672, 0.0025119, 0.0038067, 0.0033999, 0.0017595, 0.0006426,buy
2011-05-28,2,1,1,1,2,1,2,3,1,0,0,2,1,3,3,3,2,0.812175357228335,0.957394886888766,0.788689888823104,-0.0019394, 0.0001174,-0.0061045,-0.0127806,-0.0051323,sell
2011-05-29,3,1,2,2,2,0,1,2,2,0,1,1,1,4,3,4,1,0.824413136429204,0.960772760881002,0.792848556614098,-0.0058089,-0.0038510,-0.0010144,-0.0070894,-0.0048035,sell
2011-05-30,3,0,2,3,3,0,1,3,0,0,0,2,0,4,4,4,1,0.836605635442743,0.964018221501799,0.796959380662755, 0.0001536, 0.0018146,-0.0007418, 0.0010754, 0.0010049,buy
2011-05-31,3,1,1,5,1,0,2,3,0,1,2,2,2,4,3,3,1,0.848705148357299,0.967127714029774,0.801022360969075, 0.0014557, 0.0047725, 0.0055435, 0.0033216,-0.0039544,buy
2011-06-01,1,2,2,2,2,0,2,4,1,2,4,1,4,3,3,3,0,0.860662352111674,0.97010301582562,0.805036749974583, 0.0024292, 0.0023008, 0.0026006, 0.0024975,-0.0028306,buy
2011-06-02,1,3,2,3,0,0,3,4,1,1,3,2,3,1,5,3,1,0.872427923644667,0.972941460848299,0.808999557445383, 0.0034609,-0.0023655, 0.0018428,-0.0112336, 0.0024253,buy
2011-06-03,0,2,2,2,0,1,2,5,2,3,3,1,3,2,4,4,2,0.883945262722115,0.975643049097812,0.812913773615372, 0.0034624, 0.0152913, 0.0145529, 0.0134303, 0.0141712,buy
2011-06-04,0,2,1,4,1,1,1,3,3,2,2,1,3,4,3,3,2,0.895151300511666,0.978205114533123,0.816777903367601,-0.0086881,-0.0095215,-0.0093251,-0.0078887,-0.0107421,sell
2011-06-05,0,1,2,3,3,0,0,2,3,2,2,1,3,4,2,3,1,0.905987011054834,0.980626768473887,0.820588956468175, 0.0048990, 0.0051238, 0.0008763,-0.0048532, 0.0035098,buy
2011-06-06,0,2,2,5,2,0,2,2,2,1,3,2,1,5,3,4,0,0.916389325519267,0.982908010920104,0.824349175592515,-0.0076334,-0.0081578,-0.0095478,-0.0074092,-0.0080008,sell
2011-06-07,0,3,2,4,2,1,2,3,0,3,3,3,4,3,3,3,1,0.926287089324872,0.985046175830738,0.828054822948251,-0.0051748,-0.0137787,-0.0053597,-0.0074732, 0.0029989,sell
2011-06-08,0,4,3,3,1,1,3,3,0,1,5,2,4,2,3,2,1,0.935622893662714,0.987049261328897,0.831710383886228, 0.0015340, 0.0009598, 0.0004823, 0.0003079, 0.0073391,buy
2011-06-09,0,3,3,4,2,1,2,3,1,1,5,2,4,2,3,3,1,0.944328009677023,0.988903937209401,0.835309877938652, 0.0129630, 0.0142503, 0.0131955, 0.0142373, 0.0112917,buy
2011-06-10,1,1,1,5,2,1,2,3,1,2,4,2,4,2,2,3,2,0.952339368535445,0.990617312915014,0.838857042897896,-0.0058173,-0.0082338,-0.0014696,-0.0060912,-0.0152883,sell
2011-06-11,1,1,1,4,3,1,2,3,1,1,4,2,4,2,2,2,2,0.959606030027233,0.992189388445734,0.842346645854639,-0.0171361,-0.0171334,-0.0141210,-0.0149306,-0.0155939,sell
2011-06-12,0,0,1,2,3,1,4,1,2,1,3,2,2,3,2,2,1,0.966074628217319,0.993610388317764,0.845786162393622, 0.0196934, 0.0222026, 0.0215864, 0.0090473, 0.0069403,buy
2011-06-13,0,2,0,3,1,1,4,2,1,2,1,3,3,3,4,2,0,0.971704734367015,0.994890976695247,0.849170359605528, 0.0066701, 0.0099174, 0.0069816, 0.0037574, 0.0060667,buy
2011-06-14,0,2,2,2,2,2,4,1,2,1,2,3,1,3,6,2,1,0.976465622634919,0.996024044135421,0.852495499697986,-0.0020788,-0.0019998,-0.0018427,-0.0008742,-0.0040359,sell
2011-06-15,0,3,2,2,2,0,2,0,2,0,1,3,1,1,5,2,0,0.980328992903948,0.997013145359667,0.855766815580315, 0.0051267, 0.0128310, 0.0031757,-0.0040543,-0.0018686,buy
2011-06-16,1,2,3,2,3,0,2,0,3,4,2,4,3,2,5,3,1,0.983285142276817,0.997853836966259,0.858981317018617, 0.0131123, 0.0105830, 0.0150233, 0.0123605, 0.0155549,buy
2011-06-17,1,5,2,3,2,1,2,1,1,3,2,3,4,3,6,1,2,0.985327602155337,0.998553228397958,0.86213825645442, 0.0092334, 0.0139449, 0.0105395, 0.0058346, 0.0086399,buy
2011-06-18,0,4,4,2,1,1,3,0,2,3,3,2,5,3,4,2,1,0.986462032562923,0.999104210212004,0.865238381446197, 0.0107996, 0.0244126, 0.0081430, 0.0227907, 0.0134455,buy
2011-06-19,0,3,5,1,0,1,3,2,2,4,3,2,4,3,5,3,1,0.986704604995051,0.999505005047704,0.868283187110896, 0.0085406, 0.0104186, 0.0065504, 0.0084160, 0.0069989,buy
2011-06-20,1,4,2,2,0,1,3,2,3,4,4,3,4,2,5,3,1,0.986074725246292,0.999761833667477,0.871264450305303, 0.0001774, 0.0006402,-0.0029490,-0.0010202, 0.0005849,buy
2011-06-21,1,3,2,0,1,1,3,1,4,4,4,2,4,2,4,2,2,0.984602310583273,0.99986758662856,0.874190394172632, 0.0161295, 0.0116653, 0.0079514, 0.0086488, 0.0067980,buy
2011-06-22,0,2,1,1,1,1,3,3,2,4,4,2,4,1,3,2,2,0.982319703996947,0.999832928095096,0.877055785803566,-0.0051954,-0.0041642,-0.0059210,-0.0042166, 0.0020836,sell
2011-06-23,1,3,1,1,0,2,5,2,3,4,4,3,5,2,3,4,1,0.97926086562781,0.999647193902942,0.879863615431999, 0.0037509, 0.0042774, 0.0011018, 0.0036163, 0.0026218,buy
2011-06-24,1,3,1,1,1,2,3,4,3,3,3,3,5,4,1,4,2,0.975471884237967,0.999316604814515,0.882610145265563, 0.0008950, 0.0114324, 0.0066124, 0.0094095,-0.0058875,buy
2011-06-25,1,2,1,1,1,1,5,5,4,2,4,4,5,3,0,4,3,0.970985911393142,0.998837606108433,0.885298365538152, 0.0059547, 0.0071621, 0.0168607, 0.0077475,-0.0051512,buy
2011-06-26,1,1,2,1,2,1,5,3,3,2,4,3,4,3,1,4,2,0.965853887304082,0.998210197784698,0.887923790898924, 0.0234983, 0.0256607, 0.0272017, 0.0245329, 0.0007915,buy
2011-06-27,0,1,0,2,2,1,4,3,2,2,3,2,1,3,2,4,2,0.960112197835607,0.997439711925379,0.890491654257196, 0.0118322, 0.0155869, 0.0166563, 0.0099504, 0.0035678,buy
2011-06-28,1,0,1,1,2,1,5,2,3,3,4,3,1,3,3,3,2,0.953810166048915,0.996519039087716,0.892997470262124, 0.0169767, 0.0166357, 0.0174747, 0.0161876, 0.0084350,buy
2011-06-29,2,2,1,0,2,1,4,2,3,2,4,3,1,3,3,3,2,0.946984177808827,0.995459732116197,0.895441986472182, 0.0189165, 0.0196476, 0.0177225, 0.0184509, 0.0066625,buy
2011-06-30,1,2,2,0,2,2,4,1,3,3,4,2,2,3,4,3,2,0.93968113045222,0.994252015527023,0.897826698004318, 0.0125776, 0.0161228, 0.0089847, 0.0099091, 0.0156685,buy
2011-07-01,0,2,3,1,2,2,4,0,3,3,3,2,4,3,4,3,1,0.931937409843913,0.992901221402266,0.900147119507688, 0.0212450, 0.0182969, 0.0188244, 0.0175384, 0.0197433,buy
2011-07-02,0,2,4,1,3,1,4,1,1,1,1,2,4,2,3,4,2,0.923794253297368,0.991405572381237,0.902407736333136, 0.0110186, 0.0142945, 0.0150446, 0.0094568, 0.0120939,buy
2011-07-03,0,2,4,0,5,1,4,1,3,3,4,2,3,4,4,3,3,0.915290472401726,0.989765957144279,0.904607800922188, 0.0175165, 0.0129551, 0.0136417, 0.0126003, 0.0145022,buy
2011-07-04,0,3,3,3,3,1,3,2,1,3,3,1,5,3,4,3,3,0.906464070171353,0.987986819093119,0.90673909013163, 0.0043341, 0.0051401, 0.0006283, 0.0062116, 0.0011691,buy
2011-07-05,0,3,5,1,4,2,3,1,2,4,3,2,5,4,5,4,2,0.897346581022427,0.986061937465341,0.908813564897046, 0.0233229, 0.0301690, 0.0234612, 0.0301215, 0.0296337,buy
2011-07-06,0,4,3,2,2,1,3,0,3,4,3,4,4,3,4,3,1,0.887972773670218,0.984000199064397,0.910823002075222,-0.0074422, 0.0021772,-0.0196560, 0.0092167, 0.0061412,sell
2011-07-07,1,3,4,1,3,2,1,0,3,5,3,4,4,3,4,4,1,0.878379033979546,0.981798937849251,0.912771139458528,-0.0052072, 0.0005459, 0.0030377,-0.0037670, 0.0014416,sell
2011-07-08,1,3,2,3,1,1,1,0,3,2,2,4,3,2,3,2,1,0.868596087791815,0.979457265139558,0.914654239254594, 0.0294071, 0.0235214, 0.0273256, 0.0191577, 0.0270532,buy
2011-07-09,0,2,3,2,2,2,2,0,4,2,2,4,3,2,4,3,1,0.858653852373652,0.976975180935318,0.916476786814265,-0.0106064,-0.0172841,-0.0101165, 0.0002156,-0.0097277,sell
2011-07-10,0,3,2,3,1,2,1,2,3,2,2,2,3,2,5,3,2,0.848583862141235,0.974364238081019,0.918237287020591,-0.0175563,-0.0166041,-0.0183663,-0.0132574,-0.0190820,sell
2011-07-11,0,2,2,2,2,1,1,2,4,3,2,1,3,3,5,3,2,0.838416842935967,0.971609329010792,0.919928264288833, 0.0074402, 0.0077826, 0.0091987, 0.0136788, 0.0132848,buy
2011-07-12,0,4,2,3,2,2,1,0,4,1,4,2,2,2,4,4,1,0.828180286300156,0.968725561290506,0.921562427113049, 0.0071649, 0.0085917, 0.0032046, 0.0163605, 0.0044358,buy
2011-07-13,1,4,1,4,0,1,0,0,2,2,3,1,3,3,1,4,0,0.817904918075204,0.965702270756018,0.923130057233077, 0.0084178, 0.0103333, 0.0145324, 0.0182862, 0.0167316,buy
2011-07-14,1,3,1,3,1,1,1,1,1,3,2,3,3,2,2,3,1,0.807619038378193,0.962552787612507,0.924636387558235, 0.0326882, 0.0252910, 0.0324377, 0.0231258, 0.0245244,buy
2011-07-15,0,5,0,4,1,0,2,1,2,1,2,4,4,1,2,3,0,0.797345287302789,0.959269113736865,0.926078427854627, 0.0005463, 0.0054065, 0.0119808,-0.0056199, 0.0018006,buy
2011-07-16,0,2,2,4,1,0,3,0,2,2,2,4,2,2,2,3,1,0.787125710737226,0.955856581211165,0.927456925680727, 0.0189549, 0.0245659, 0.0241035, 0.0170181, 0.0216370,buy
2011-07-17,1,2,2,4,1,0,1,3,1,0,2,3,2,2,2,3,1,0.776976480176981,0.952315190035405,0.928776366387379, 0.0157775, 0.0168915, 0.0129640, 0.0157956, 0.0149592,buy
2011-07-18,1,3,0,5,1,0,2,2,3,0,3,3,2,2,3,3,1,0.766932364337324,0.948644051529241,0.930025536597473, 0.0069631, 0.0171064, 0.0192227,-0.0033827, 0.0188289,buy
2011-07-19,0,3,1,3,2,0,1,3,3,1,4,4,2,2,2,2,1,0.757020854760565,0.944846720414054,0.931215649688119,-0.0073242,-0.0037364, 0.0002781, 0.0235950,-0.0061747,sell
2011-07-20,1,2,1,1,1,0,2,3,1,2,3,3,2,2,1,2,1,0.747271060138557,0.940923196689844,0.932339230074576,-0.0175794,-0.0192103,-0.0169327,-0.0172989,-0.0213985,sell
2011-07-21,1,4,0,0,1,2,4,3,1,1,3,2,4,2,2,2,2,0.7377169406118,0.936877923758336,0.933403005783112,-0.0138793, 0.0009415,-0.0002702, 0.0023730,-0.0041921,sell
2011-07-22,0,1,0,0,1,2,2,3,3,1,1,3,4,1,2,0,2,0.728390839171243,0.93270734689815,0.934400996345934,-0.0152385,-0.0174080,-0.0176016,-0.0200868,-0.0185016,sell
2011-07-23,1,0,2,0,2,1,3,3,1,0,2,2,3,1,2,2,1,0.719324290233064,0.928417686871703,0.935337687113886,-0.0190923,-0.0146507,-0.0136187,-0.0196000,-0.0167723,sell
2011-07-24,1,0,2,1,3,1,3,4,0,0,2,3,2,3,2,2,1,0.71055367966208,0.924006277637959,0.93621158297002, 0.0108182, 0.0078489, 0.0080400, 0.0030256, 0.0011098,buy
2011-07-25,0,0,1,2,4,1,3,3,2,1,1,2,4,3,2,3,2,0.702113776173565,0.919473119196917,0.937020441238914,-0.0107592,-0.0037781,-0.0083786,-0.0070340,-0.0125617,sell
2011-07-26,0,1,2,0,4,1,3,3,1,1,2,1,5,2,2,2,2,0.694040157057564,0.914833319114448,0.937767999712938,-0.0077665,-0.0030395,-0.0030328,-0.0081279,-0.0142289,sell
2011-07-27,1,3,2,0,3,1,3,4,1,1,3,3,5,1,3,1,3,0.686378102501407,0.910075324546062,0.938451268158195, 0.0140793, 0.0188629, 0.0139826, 0.0212021, 0.0166110,buy
2011-07-28,1,2,3,1,2,2,3,2,2,3,3,3,5,2,4,2,2,0.679159955496044,0.905201801532796,0.939076974600953, 0.0261349, 0.0251237, 0.0227153, 0.0196558, 0.0207158,buy
2011-07-29,0,2,3,1,4,1,2,2,2,2,3,2,4,2,3,4,1,0.672435039102676,0.900218082156721,0.939636148339523, 0.0167490, 0.0148622, 0.0155812,-0.0060320, 0.0119045,buy
2011-07-30,1,1,4,0,6,1,2,3,2,2,3,3,4,3,3,4,2,0.666245399209537,0.895123277737491,0.940135517400171,-0.0033190,-0.0042124,-0.0021572,-0.0151174,-0.0036730,sell
2011-07-31,0,2,3,2,4,1,1,4,3,2,4,2,3,3,5,4,1,0.660630655980542,0.889920054316143,0.940574334224423, 0.0081281, 0.0027128, 0.0080742, 0.0099755, 0.0056749,buy
2011-08-01,0,2,4,0,4,2,3,2,3,2,4,2,3,3,5,3,2,0.655640941051665,0.884612855294402,0.940948861019909, 0.0152680, 0.0215895, 0.0116412, 0.0106683, 0.0215895,buy
2011-08-02,0,2,4,1,2,1,2,2,2,2,4,1,2,3,4,2,2,0.65132476890933,0.879200791991924,0.941263583137473,-0.0054563,-0.0013493, 0.0038926,-0.0043309,-0.0033351,sell
2011-08-03,1,2,2,1,4,3,0,2,3,5,4,2,3,4,4,4,2,0.647716908268809,0.873686530449743,0.941517753018641, 0.0105051, 0.0146239, 0.0094552, 0.0091474, 0.0134232,buy
2011-08-04,1,2,2,1,3,3,0,2,4,4,3,3,3,3,5,4,1,0.644870725065171,0.868069181987516,0.941709875546465, 0.0045396, 0.0004509, 0.0048211, 0.0055176, 0.0061201,buy
2011-08-05,0,1,3,0,3,3,0,2,4,4,3,3,3,3,4,3,1,0.642824222312783,0.862358522089039,0.941841445837893, 0.0151453, 0.0124677, 0.0167244, 0.0112471, 0.0162837,buy
2011-08-06,0,3,1,2,2,3,1,3,4,4,3,3,3,3,5,4,2,0.641617020175558,0.85654744131155,0.9419132114514, 0.0015831, 0.0028846, 0.0028632, 0.0034600, 0.0006398,buy
2011-08-07,0,2,2,2,2,2,1,4,3,3,1,4,3,3,5,4,1,0.641272567321936,0.850640383056776,0.941925172386984, 0.0082844, 0.0047246, 0.0110564, 0.0106907, 0.0080920,buy
2011-08-08,0,2,3,1,2,2,1,2,4,2,2,3,2,2,5,4,1,0.641825632467188,0.844640902046098,0.941881813995491, 0.0018986, 0.0073245,-0.0091818,-0.0029910, 0.0018986,buy
2011-08-09,1,2,1,5,0,3,0,2,3,2,1,2,3,3,4,5,1,0.643281875634731,0.838544554877789,0.941775660692179,-0.0129391,-0.0138713,-0.0113910,-0.0138069,-0.0054716,sell
2011-08-10,1,0,1,5,1,3,0,4,3,3,1,3,3,4,4,4,2,0.645646956847982,0.832367337798063,0.941612692944842,-0.0138394,-0.0168560,-0.0138009,-0.0125996,-0.0125995,sell
2011-08-11,0,3,0,4,1,2,1,4,1,2,2,2,3,3,4,3,1,0.648909556060106,0.826097697962434,0.941391415636531,-0.0013907,-0.0103772,-0.0018152,-0.0088860,-0.0003762,sell
2011-08-12,0,4,1,4,1,2,2,3,2,2,5,3,2,4,3,4,0,0.653045416027893,0.819741856133316,0.941111081208772,-0.0001383,-0.0020440, 0.0105643,-0.0017271,-0.0112240,buy
2011-08-13,0,3,1,5,0,3,0,5,1,2,5,3,1,4,2,4,1,0.65800925656401,0.813302478351747,0.940773184778513,-0.0023530,-0.0027015, 0.0101173,-0.0026887,-0.0147948,sell
2011-08-14,2,3,1,6,0,3,1,5,2,1,4,5,2,5,2,4,2,0.663740434560426,0.806777787257035,0.940376978787281,-0.0048189,-0.0055987,-0.0024269,-0.0055987,-0.0120725,sell
2011-08-15,1,3,1,4,1,2,1,4,3,1,5,4,1,4,2,4,1,0.67016536971273,0.800171337570561,0.939926948585918,-0.0020590,-0.0022649, 0.0011542,-0.0048282,-0.0049353,sell
2011-08-16,2,4,0,5,1,1,1,5,1,0,5,4,1,4,1,3,2,0.677191884496711,0.793487572694052,0.939418608823582, 0.0004388, 0.0141267, 0.0154351, 0.0082856, 0.0118539,buy
2011-08-17,2,4,0,4,0,4,2,5,1,2,5,5,4,5,2,1,2,0.68471243846746,0.786723826586472,0.938855697292642,-0.0045762, 0.0060645,-0.0010520, 0.0071258,-0.0049177,sell
2011-08-18,1,4,1,3,0,4,1,6,1,2,5,4,3,3,4,1,3,0.692604936834139,0.779884542649547,0.93823671887615,-0.0013531, 0.0114951,-0.0011925,-0.0029410, 0.0042717,buy
2011-08-19,1,3,2,3,0,2,1,5,2,1,4,3,4,2,3,2,2,0.70074728480591,0.772970609563622,0.937561673574107, 0.0012434,-0.0018120,-0.0031232, 0.0074453,-0.0022790,buy
2011-08-20,1,3,1,4,1,2,1,5,2,1,4,3,3,3,4,3,1,0.709003641820781,0.765985582050079,0.93683205650346,-0.0151824, 0.0065242, 0.0111761, 0.0029633, 0.0005944,sell
2011-08-21,0,2,0,5,2,2,0,6,1,3,2,3,4,2,5,3,2,0.717246253064498,0.758927682748226,0.936050110339631,-0.0025390,-0.0219641,-0.0022634,-0.0023489,-0.0041892,sell
2011-08-22,0,3,2,4,2,2,2,5,2,3,3,4,5,3,5,4,1,0.725338469400296,0.751802243740136,0.935213592407198,-0.0126739,-0.0145529,-0.0103689,-0.0096319,-0.0117502,sell
2011-08-23,0,3,2,3,2,2,2,5,1,1,4,3,4,2,4,4,0,0.733153344588694,0.744610153706153,0.934323250264636,-0.0042055,-0.0059073,-0.0053027,-0.0107670, 0.0047679,sell
2011-08-24,0,2,3,3,2,3,0,5,3,2,3,2,4,4,4,5,1,0.740573635287497,0.737350523965932,0.93338207414584,-0.0073040,-0.0013538, 0.0220485,-0.0014172,-0.0016661,sell
2011-08-25,1,2,2,4,2,3,1,3,3,3,2,3,4,4,3,6,2,0.747483715304056,0.730030463962235,0.932389316492336, 0.0133709, 0.0114583, 0.0168217, 0.0131912, 0.0144848,buy
2011-08-26,0,2,3,3,4,1,2,3,0,1,0,2,3,4,2,6,2,0.753785747090748,0.722645530293336,0.931344977304125, 0.0095574, 0.0089852, 0.0091251, 0.0091251, 0.0120944,buy
2011-08-27,0,1,4,5,3,1,3,2,2,2,2,3,2,5,4,6,1,0.75938270167472,0.715206387123377,0.930247561464258,-0.0007270, 0.0009211,-0.0000778, 0.0005281, 0.0007729,buy
2011-08-28,0,2,4,5,3,2,2,3,1,1,2,4,3,5,3,6,0,0.764189678704728,0.707709479730979,0.929103049440527,-0.0136658,-0.0167022,-0.0105569,-0.0160049,-0.0075267,sell
2011-08-29,1,1,5,3,2,1,2,3,1,1,2,4,2,4,3,4,1,0.768139566474549,0.70015658547683,0.927908450999037, 0.0110446, 0.0106068, 0.0136701, 0.0091949, 0.0123662,buy
2011-08-30,0,3,3,4,2,1,3,1,1,2,4,3,2,4,3,4,0,0.771164444703188,0.692549481721623,0.926662271022839,-0.0059166,-0.0103195,-0.0033415,-0.0102075,-0.0050816,sell
2011-08-31,1,2,3,4,2,1,3,0,0,3,4,2,2,3,3,4,1,0.773207713156482,0.68488550242432,0.925369742421252,-0.0022481,-0.0045498,-0.0019877, 0.0006451,-0.0000016,buy
2011-09-01,1,3,4,2,1,0,2,1,1,2,3,3,1,3,3,3,1,0.774228134520968,0.677187753273898,0.924033107869698,-0.0109021,-0.0126143,-0.0119666,-0.0073424,-0.0116240,sell
2011-09-02,0,4,4,3,1,1,3,1,2,0,4,3,2,3,2,4,1,0.774189322931827,0.669435794622418,0.922647134458857, 0.0132528, 0.0132283, 0.0073639, 0.0127758, 0.0122060,buy
2011-09-03,0,3,3,3,0,0,4,2,1,1,2,2,2,3,3,4,1,0.773061361122431,0.66163851327333,0.92121331730568,-0.0012184, 0.0058148,-0.0007496, 0.0042336, 0.0039046,buy
2011-09-04,0,1,2,2,1,0,4,1,2,2,3,3,1,2,4,1,1,0.770832929045946,0.65379679790698,0.919735394202534, 0.0043757, 0.0018493, 0.0009172, 0.0007758,-0.0027013,buy
2011-09-05,0,4,1,1,1,1,3,0,3,1,3,3,2,1,3,1,2,0.767502409552826,0.645916869285785,0.918209627357052, 0.0150808, 0.0151274, 0.0155684, 0.0058882, 0.0124009,buy
2011-09-06,1,3,2,1,0,1,3,1,2,1,4,2,3,2,2,1,1,0.763076271241259,0.63799428400802,0.91664124967855, 0.0036435, 0.0052626, 0.0053928, 0.0007796, 0.0039542,buy
2011-09-07,0,3,3,0,0,2,1,2,1,1,4,2,2,1,3,0,1,0.757569877031948,0.630039706237825,0.91502876605008, 0.0001285,-0.0010299,-0.0019450,-0.0083758, 0.0015521,sell
2011-09-08,0,3,1,2,1,2,3,1,2,1,3,2,2,2,3,2,2,0.751015569915844,0.622046915212786,0.913372924030118, 0.0107692, 0.0090506, 0.0050854,-0.0024111, 0.0045100,buy
2011-09-09,0,1,2,2,1,1,2,3,1,1,2,1,1,4,3,2,1,0.743452970056859,0.614020354334627,0.911674471177135, 0.0048539,-0.0106937,-0.0142884,-0.0135747,-0.0105719,sell
2011-09-10,1,1,2,2,3,1,2,3,2,0,1,2,2,4,4,3,1,0.734928166217099,0.605962689644386,0.909934902608082,-0.0063357,-0.0056252,-0.0057130,-0.0068841,-0.0050989,sell
2011-09-11,1,2,1,3,4,1,2,1,3,0,2,2,4,4,4,2,0,0.725500992929822,0.597874809822406,0.908151228089061,-0.0036207, 0.0039253,-0.0010396, 0.0004551,-0.0007008,buy
2011-09-12,0,1,3,2,4,1,2,2,1,0,3,3,3,2,3,1,1,0.715236944751703,0.589759380909724,0.906328680529391, 0.0097565, 0.0092707, 0.0088234, 0.0078726, 0.0097933,buy
2011-09-13,1,1,3,1,3,2,3,2,1,1,4,3,3,3,1,3,1,0.704201516239416,0.58161640290634,0.904465764812124, 0.0083429, 0.0085251, 0.0174397, 0.0080611, 0.0075796,buy
2011-09-14,0,3,2,2,2,2,1,2,1,1,4,3,3,4,1,1,0,0.692469904846921,0.573453873935361,0.902562480937259, 0.0178096, 0.0194772, 0.0184907, 0.0160431, 0.0159140,buy
2011-09-15,0,2,2,1,3,2,1,1,2,2,2,3,3,4,1,2,1,0.68010922228044,0.565264684554025,0.900619576463271, 0.0011437,-0.0003016,-0.0059603,-0.0037821,-0.0008604,sell
2011-09-16,1,1,2,2,4,1,2,1,2,1,3,2,3,3,2,2,2,0.667193048844385,0.557049723442677,0.898640041624056, 0.0007448,-0.0058249,-0.0014155, 0.0000885, 0.0015810,buy
2011-09-17,1,1,2,3,3,1,1,2,2,2,3,3,3,3,2,3,1,0.6537909219693,0.548822320806495,0.896621633744191,-0.0009136,-0.0073824, 0.0057452,-0.0016106,-0.0007653,buy
2011-09-18,0,1,2,2,3,1,2,1,2,2,2,2,3,3,2,3,1,0.639969953361407,0.540577144563409,0.894568090616048, 0.0009786, 0.0075634, 0.0016258, 0.0002036,-0.0002039,buy
2011-09-19,0,4,3,1,4,1,2,2,1,1,3,3,3,4,2,2,2,0.625795637577381,0.532315083393764,0.892475674447255, 0.0058456, 0.0102490, 0.0087384, 0.0104672, 0.0105830,buy
2011-09-20,0,3,3,2,4,2,2,2,1,2,4,3,3,4,3,3,1,0.611319723402741,0.52403969201894,0.890351113264079,-0.0161698, 0.0055288,-0.0135605, 0.0038775, 0.0081574,sell
2011-09-21,0,3,2,3,4,3,2,0,2,4,4,2,4,4,3,5,1,0.596605279669843,0.515755413840663,0.888190669274151,-0.0055517,-0.0026096,-0.0015066,-0.0039324,-0.0028243,sell
2011-09-22,1,2,1,3,5,1,0,0,1,2,2,2,5,3,1,3,0,0.581695969416468,0.507461360178589,0.885996585152891, 0.0000985,-0.0056348, 0.0027525, 0.0033304, 0.0066591,buy
2011-09-23,1,1,2,2,7,1,0,0,2,1,3,2,5,3,0,3,1,0.566638689979495,0.499158419713063,0.883769608458774, 0.0050467, 0.0065651, 0.0118572, 0.0080841, 0.0074761,buy
2011-09-24,0,1,1,4,4,3,0,1,3,2,4,1,4,3,1,4,2,0.55147791297148,0.490852813206501,0.881510486750274,-0.0045172,-0.0053932, 0.0092942,-0.0075410,-0.0087542,sell
2011-09-25,1,0,3,1,5,3,2,2,1,1,2,2,4,3,2,4,2,0.536247598532922,0.482544540658903,0.879220715144339,-0.0014344, 0.0059599, 0.0046856, 0.0008632, 0.0014505,buy
2011-09-26,1,1,2,2,4,2,2,1,2,2,2,3,4,4,2,3,1,0.520979281079997,0.474234490750615,0.876899546082495,-0.0022127,-0.0094450, 0.0010800,-0.0031249,-0.0068283,sell
2011-09-27,2,0,1,3,4,3,0,0,3,4,3,3,4,4,1,4,1,0.505709346477525,0.465927106883363,0.874547727123216, 0.0050058, 0.0113105, 0.0013958, 0.0054695, 0.0009032,buy
2011-09-28,3,0,2,2,4,2,0,0,2,3,4,2,3,3,2,3,1,0.490456391945302,0.457624166417836,0.872168248500398,-0.0030278,-0.0015874,-0.0032868,-0.0073741, 0.0007850,sell
2011-09-29,1,1,2,1,4,3,0,0,3,4,4,3,3,4,1,4,0,0.475250334749956,0.449325669354036,0.869760362655567, 0.0093787, 0.0158456, 0.0088679, 0.0094149, 0.0091473,buy
2011-09-30,1,2,0,1,3,3,2,1,2,4,4,3,2,4,2,3,1,0.460108963536512,0.441036947774033,0.867324069588723, 0.0043706, 0.0092345, 0.0054389, 0.0031658, 0.0054389,buy
2011-10-01,1,0,2,1,4,0,1,2,2,3,4,3,2,3,2,1,1,0.445052492674313,0.432757112997483,0.864860864416815, 0.0075678, 0.0122034, 0.0025931, 0.0016396, 0.0061673,buy
2011-10-02,1,1,1,3,4,0,0,0,5,2,5,4,2,2,2,1,1,0.430097093658833,0.424490608426112,0.862372242256789,-0.0124113,-0.0091862,-0.0136235, 0.0044372,-0.0095719,sell
2011-10-03,3,0,1,4,3,0,0,0,3,2,4,3,3,2,2,1,1,0.41526136370987,0.416239211420609,0.859858203108647,-0.0102904,-0.0030464,-0.0107379,-0.0003699,-0.0026934,sell
2011-10-04,3,0,2,2,3,0,0,1,1,3,3,2,4,2,3,0,1,0.400556622874257,0.408002921980975,0.857320242089336,-0.0042366,-0.0029453,-0.0080925,-0.0045619,-0.0017873,sell
2011-10-05,1,2,1,2,1,0,2,0,2,3,3,1,4,1,3,1,1,0.385999851222242,0.399787072189282,0.854759854315805, 0.0067328, 0.0100566, 0.0059641, 0.0072986, 0.0058720,buy
2011-10-06,1,2,2,1,0,1,1,2,2,2,2,2,2,2,3,2,1,0.371588623029503,0.391588107324148,0.852173301995682,-0.0044349,-0.0087957,-0.0026570, 0.0220830,-0.0073309,sell
2011-10-07,2,0,3,1,1,0,1,2,1,1,1,1,3,1,2,3,1,0.35735042983835,0.383422912312133,0.849564322921339, 0.0206692, 0.0145196, 0.0224282, 0.0254968, 0.0175798,buy
2011-10-08,3,0,2,3,2,0,1,0,3,1,2,2,3,1,3,2,2,0.343281228774912,0.375274602226678,0.846934412209723, 0.0206108, 0.0052868, 0.0144510, 0.0249453, 0.0093276,buy
2011-10-09,2,0,1,2,3,0,0,1,2,0,2,2,2,0,3,1,1,0.329401234208535,0.367155618592615,0.844284317419309, 0.0235683, 0.0081412, 0.0182601, 0.0189306, 0.0112898,buy
2011-10-10,3,0,2,3,3,0,2,1,2,1,2,2,4,2,3,3,1,0.315711254713991,0.359065961409945,0.841611795874673, 0.0078654, 0.0129469, 0.0122136, 0.0163749, 0.0108060,buy
2011-10-11,2,1,3,2,2,2,1,1,1,1,2,1,4,3,2,3,1,0.30222180176334,0.351006519359013,0.838922080485136,-0.0038437, 0.0033617, 0.0125200, 0.0028995, 0.0027034,buy
2011-10-12,1,2,2,1,2,2,1,0,2,0,1,2,2,2,2,4,0,0.288939343954772,0.342979958480854,0.836212181016799,-0.0148719,-0.0125364,-0.0120179,-0.0137598,-0.0106910,sell
2011-10-13,2,1,2,1,2,2,1,0,2,0,2,1,2,2,1,4,1,0.275872775610797,0.334991610857541,0.833484340145086,-0.0052949, 0.0031513, 0.0007529, 0.0016425,-0.0004541,buy
2011-10-14,3,0,1,2,2,2,0,1,2,1,3,1,1,3,2,3,1,0.263024522455739,0.327037921767692,0.830739305428471, 0.0027865, 0.0020860,-0.0049304, 0.0051631, 0.0019074,buy
2011-10-15,2,0,0,3,4,2,1,0,3,1,3,0,1,4,3,3,2,0.25040428738688,0.319126889334414,0.827977076866953,-0.0190149,-0.0187046,-0.0190575,-0.0212431,-0.0183567,sell
2011-10-16,2,2,0,3,3,2,1,0,4,0,4,1,1,4,2,3,2,0.238020964726734,0.311254958836326,0.825199897135954,-0.0117420,-0.0118716,-0.0121425,-0.0165596,-0.0135027,sell
2011-10-17,2,1,2,3,1,2,0,2,3,1,4,2,1,2,3,3,2,0.2258745544753,0.303428351035846,0.822407018677001, 0.0116127, 0.0099008, 0.0142168, 0.0063137, 0.0061058,buy
2011-10-18,2,4,3,4,0,3,0,1,3,1,4,1,4,3,3,3,3,0.213979610978505,0.295648843293663,0.81960143172399,-0.0139894,-0.0063475, 0.0009028,-0.0068020,-0.0048841,sell
2011-10-19,2,4,2,4,0,1,1,0,2,1,2,1,3,2,4,3,2,0.20233613423635,0.287914658249087,0.816780893601498, 0.0030136, 0.0072674, 0.0021394, 0.0002683, 0.0000755,buy
2011-10-20,1,4,2,3,2,1,0,0,1,2,3,0,4,2,2,3,2,0.190953018571345,0.280233794025224,0.813949142101895,-0.0097879,-0.0090530,-0.0095501,-0.0056213,-0.0124423,sell
2011-10-21,2,4,1,6,2,0,0,0,2,3,3,2,3,3,2,5,2,0.179835924006908,0.272608916663112,0.811106924783657, 0.0095924, 0.0026638, 0.0072610, 0.0086790, 0.0028407,buy
2011-10-22,2,4,3,5,2,1,0,2,2,1,3,2,4,4,3,5,1,0.168992936290776,0.265037360121714,0.80825199897136,-0.0072348,-0.0060587,-0.0012397,-0.0059341,-0.0023359,sell
2011-10-23,1,4,3,5,1,0,3,2,2,1,3,2,3,4,4,4,2,0.158429715446366,0.257523567802756,0.805389597574322,-0.0041645, 0.0052999,-0.0075844, 0.0049175, 0.0010141,sell
2011-10-24,1,4,1,5,3,2,4,4,2,3,4,4,4,5,4,5,3,0.148156772945735,0.250072871788309,0.802517477917123,-0.0078290,-0.0005537,-0.0019308,-0.0009939,-0.0007993,sell
2011-10-25,2,2,1,4,2,2,3,4,3,3,3,4,3,5,4,4,3,0.138173300214111,0.242681717356994,0.799636387558235, 0.0025411, 0.0139902, 0.0152134, 0.0182075, 0.0095190,buy
2011-10-26,2,2,1,2,2,2,3,2,4,2,3,3,2,5,4,3,2,0.128495468746968,0.235358102631916,0.796748569173081,-0.0100487,-0.0071017,-0.0064616,-0.0072816,-0.0100224,sell
2011-10-27,2,2,0,2,1,2,3,3,3,3,3,3,1,6,4,2,2,0.119123278544307,0.228102027613076,0.793855517878608,-0.0073011, 0.0052971, 0.0052252,-0.0071824,-0.0077553,sell
2011-10-28,2,1,1,1,2,1,4,4,2,5,2,4,2,6,5,2,2,0.110072092526829,0.22091971306289,0.790956486116344,-0.0123806,-0.0078003,-0.0064920,-0.0105470,-0.0140296,sell
2011-10-29,1,2,0,2,2,2,3,2,3,4,3,3,3,4,5,2,1,0.101342719269307,0.213804938218942,0.788053716561709, 0.0007369, 0.0049577, 0.0103029, 0.0006455,-0.0013579,buy
2011-10-30,2,1,2,2,0,2,3,0,4,5,3,3,4,3,4,2,2,0.0929480959681228,0.20676570120434,0.785145714097757, 0.0125482, 0.0107833, 0.0157274, 0.0103043, 0.0103815,buy
2011-10-31,2,0,3,2,0,2,0,2,2,5,2,3,4,3,1,3,2,0.0848954997962392,0.199806445420808,0.782234721399908, 0.0051722, 0.0059659,-0.0007768, 0.0051161, 0.0001441,buy
2011-11-01,1,1,2,0,1,2,1,0,4,5,2,3,4,1,2,3,2,0.0771938250761678,0.192927170868347,0.779322233585111, 0.0134565, 0.0135221, 0.0174094, 0.0095530, 0.0107342,buy
2011-11-02,1,1,2,0,1,2,2,1,4,4,3,1,4,2,2,4,2,0.0698503489808724,0.186131432268339,0.77640899821184, 0.0142177, 0.0111046, 0.0105481,-0.0025504,-0.0038537,buy
2011-11-03,2,1,3,0,2,2,2,2,1,2,2,1,5,3,2,3,1,0.0628780087067332,0.179424561702854,0.773493520163147, 0.0092793, 0.0082989, 0.0079984, 0.0049248, 0.0052255,buy
2011-11-04,2,1,3,2,2,2,3,0,3,3,3,1,5,3,3,4,2,0.0562848900014878,0.172795895007749,0.770579537231402, 0.0412496, 0.0406258, 0.0401399, 0.0210805, 0.0273479,buy
2011-11-05,1,2,2,2,4,1,2,3,2,0,3,0,2,3,5,4,2,0.0500758443137788,0.16626320578993,0.767665554299657,-0.0078671,-0.0008650,-0.0074427,-0.0045072,-0.0050461,sell
2011-11-06,2,2,3,1,5,1,4,3,0,1,4,1,3,3,3,5,3,0.0442678517138551,0.159819384606635,0.764753814043334, 0.0114920, 0.0140567, 0.0083109, 0.0077487,-0.0015425,buy
2011-11-07,2,1,1,2,3,1,3,3,0,1,3,1,3,3,2,3,2,0.0388681893746806,0.153473318261315,0.761845811579382,-0.0219487,-0.0179261, 0.0020344,-0.0230968,-0.0193568,sell
2011-11-08,1,4,1,3,3,2,2,3,1,0,2,4,4,3,3,2,2,0.0338906030674093,0.14722322939328,0.758939304232377, 0.0047636, 0.0035772, 0.0045836, 0.0060889, 0.0057995,buy
2011-11-09,2,3,2,2,2,2,3,3,1,0,1,3,3,4,3,3,3,0.0293399442406836,0.141072672723912,0.756035039560794, 0.0005115, 0.0018853, 0.0118743, 0.0155664, 0.0145323,buy
2011-11-10,2,4,2,2,2,1,2,4,0,0,2,3,2,5,2,3,2,0.0252331929647526,0.135018982212174,0.753137502915478,-0.0023536,-0.0012099, 0.0126664, 0.0128306, 0.0109922,buy
2011-11-11,1,4,1,2,2,1,1,4,1,2,2,4,3,2,3,4,1,0.0215800521369014,0.129073710702555,0.75024519917948, 0.0025770, 0.0057567,-0.0016895, 0.0017998, 0.0007358,buy
2011-11-12,1,3,1,2,2,2,2,3,1,2,2,3,3,2,4,3,2,0.0183902246544152,0.123231526112983,0.747360371028222, 0.0156261, 0.0148797, 0.0227473, 0.0048746, 0.0113836,buy
2011-11-13,1,4,3,1,1,2,1,2,0,0,3,2,3,1,2,2,2,0.015679882012769,0.117499537886221,0.744481523344756, 0.0096162, 0.0056585, 0.0068859, 0.0101134, 0.0119763,buy
2011-11-14,1,5,4,2,1,2,1,1,2,1,4,3,2,3,3,4,1,0.0134595356840219,0.111876857341922,0.741613141479927, 0.0221212, 0.0251851, 0.0078003, 0.0218794, 0.0242195,buy
2011-11-15,1,6,2,3,2,2,1,2,0,1,3,3,2,3,3,4,2,0.0117413142897803,0.106368816562158,0.738751487641363, 0.0061920, 0.0040597,-0.0089811,-0.0063201,-0.0063062,sell
2011-11-16,1,4,3,3,3,1,2,2,0,3,4,4,3,3,2,4,2,0.0105421979002931,0.100972749505894,0.735901794738385, 0.0052164,-0.0014219,-0.0004193, 0.0079343, 0.0017906,buy
2011-11-17,1,5,4,4,2,1,2,1,0,2,5,3,2,3,1,5,3,0.00987674086148793,0.0956966542962363,0.733063315212516,-0.0040867,-0.0062984,-0.0060035, 0.0036916,-0.0061719,sell
2011-11-18,2,5,4,4,2,1,1,0,2,1,5,3,2,2,3,5,2,0.00976354039316142,0.090542308293876,0.730239039297654, 0.0063670, 0.0065473, 0.0001605, 0.0019254,-0.0001262,buy
2011-11-19,2,5,5,3,2,1,1,1,1,1,5,3,2,2,3,5,2,0.0102163422664674,0.0855043794167414,0.727425229201428, 0.0160737, 0.0095408, 0.0028867, 0.0002172, 0.0083548,buy
2011-11-20,1,3,3,2,3,1,2,0,1,2,4,1,2,2,3,4,2,0.0112529351264288,0.0805935318289753,0.724627117833157, 0.0105428, 0.0100207, 0.0089929, 0.0017051,-0.0011197,buy
2011-11-21,1,2,3,2,4,1,2,0,2,2,4,2,4,2,2,4,1,0.0129024276649008,0.075810654210923,0.721843957634366, 0.0111948, 0.0135088, 0.0127952, 0.0007910, 0.0078567,buy
2011-11-22,2,2,4,2,2,1,0,1,3,1,4,2,4,1,2,3,2,0.015186651400775,0.0711530805215487,0.719077991280478, 0.0100261, 0.0110747, 0.0066407, 0.0050013, 0.0011475,buy
2011-11-23,1,3,4,2,2,1,0,2,5,2,4,2,4,2,3,5,2,0.0181258207033954,0.0666305862446502,0.716327723654544, 0.0048906, 0.0014407, 0.0058039, 0.0045433, 0.0053735,buy
2011-11-24,0,3,4,2,2,0,3,3,2,3,4,1,4,3,3,5,2,0.02175389571326,0.0622405053391915,0.713595397431987, 0.0116597, 0.0077537, 0.0113462, 0.0092125, 0.0121048,buy
2011-11-25,0,2,4,2,2,0,4,2,2,4,5,3,2,3,4,4,1,0.0261007936969979,0.0579837264855181,0.710884750405177, 0.0183024, 0.0095003, 0.0166573, 0.0141441, 0.0168416,buy
2011-11-26,1,4,3,2,1,0,1,2,3,3,4,3,2,2,3,5,1,0.0311915804725958,0.053864693085356,0.708193539898691, 0.0027654, 0.0038189, 0.0048604,-0.0019402,-0.0040343,buy
2011-11-27,3,2,5,1,1,0,1,2,3,3,4,3,3,4,2,4,1,0.0370497047084926,0.0498842938190505,0.705522513471004,-0.0106904,-0.0084285,-0.0068000,-0.0093728,-0.0105808,sell
2011-11-28,1,3,2,2,1,0,2,2,1,3,4,3,3,3,2,2,0,0.0436832521524261,0.0460460834079825,0.702875408914485, 0.0029374, 0.0039785, 0.0004258, 0.0006913,-0.0023563,buy
2011-11-29,1,3,2,2,1,0,4,2,1,4,3,4,1,4,4,3,1,0.0510792856080159,0.0423527278931878,0.700249983553714,-0.0017723, 0.0023390, 0.0004864, 0.0022325,-0.0006594,buy
2011-11-30,1,2,4,1,1,0,2,5,0,2,2,3,0,5,4,3,1,0.0591989934861216,0.0387971178319044,0.697651470298007, 0.0026546, 0.0033615, 0.0003675, 0.0111983, 0.0015243,buy
2011-12-01,2,1,3,1,0,0,2,4,3,1,2,2,1,5,3,2,2,0.0679582840102721,0.0353925834293108,0.695073888679573, 0.0099072, 0.0070671, 0.0109393, 0.0098292, 0.0099315,buy
2011-12-02,1,1,2,2,0,1,1,4,3,2,3,4,0,4,4,1,1,0.0772253594923444,0.0321364586443715,0.692523219166203,-0.0022975, 0.0019035, 0.0031061, 0.0048438, 0.0018879,buy
2011-12-03,2,1,2,1,1,0,3,4,0,2,3,3,1,2,4,2,1,0.0868166734586948,0.0290340755591577,0.690000209316373, 0.0157695, 0.0149061, 0.0035213, 0.0104493, 0.0100372,buy
2011-12-04,2,0,1,2,2,0,3,5,0,4,3,4,3,2,4,1,2,0.0965017820988014,0.0260747700095267,0.687505606688555,-0.0060634, 0.0074460,-0.0009332,-0.0022217,-0.0049936,sell
2011-12-05,1,2,1,1,1,1,2,5,0,3,1,4,2,3,4,0,3,0.106015472886871,0.0232736495613474,0.685038663724277,-0.0003960,-0.0018397,-0.0001451,-0.0012898,-0.0019243,buy
2011-12-06,1,3,2,2,0,1,3,4,1,2,2,4,2,3,4,2,2,0.115081213250277,0.0206227160915128,0.682600875540485,-0.0011151, 0.0030477, 0.0022148, 0.0002043,-0.0000735,buy
2011-12-07,1,2,4,2,0,0,2,5,0,2,4,4,1,2,3,3,1,0.123434599237999,0.0181317450838204,0.680192989695654,-0.0055138, 0.0061587,-0.0134219,-0.0080303,-0.0113812,sell
2011-12-08,0,3,2,4,1,0,2,3,1,2,4,3,2,2,2,3,2,0.130845187039517,0.0157971818168892,0.677818743982154, 0.0035446,-0.0018326,-0.0010906, 0.0011294,-0.0090549,buy
2011-12-09,0,4,1,4,2,0,2,3,1,3,4,4,3,2,3,2,2,0.137139941653244,0.0136199149710646,0.675475895724564,-0.0036943, 0.0047986, 0.0063616, 0.0058584, 0.0023315,buy
2011-12-10,0,3,1,3,2,0,1,4,0,1,5,2,2,1,2,1,2,0.142193533989249,0.0116026105873822,0.673168182715252, 0.0137816, 0.0098145, 0.0105258, 0.0133639, 0.0102793,buy
2011-12-11,0,2,3,2,1,1,1,2,1,1,5,0,1,2,2,3,1,0.145964726734069,0.009745268665842,0.670892614720323, 0.0122184, 0.0126385, 0.0104662, 0.0029955, 0.0062547,buy
2011-12-12,0,4,1,3,1,2,1,2,1,0,4,1,1,2,2,3,2,0.148448668439063,0.0080496665671345,0.668654424649096, 0.0121200, 0.0123141, 0.0089104, 0.0076474, 0.0087509,buy
2011-12-13,0,2,2,1,2,1,1,3,0,2,4,1,1,1,2,3,2,0.149699533614071,0.00651669297160492,0.666452864943096, 0.0173087, 0.0135307, 0.0094476, 0.0069112, 0.0117809,buy
2011-12-14,0,2,2,2,3,0,2,3,0,1,4,2,1,2,1,4,1,0.149794945437374,0.00514545919890802,0.664290178277745, 0.0098768, 0.0018534, 0.0003713, 0.0003862,-0.0038421,buy
2011-12-15,0,1,2,3,3,1,2,2,2,1,4,1,1,2,4,3,2,0.148839210054789,0.00393685392938905,0.662169354886939, 0.0073490, 0.0091832, 0.0049198, 0.0010088, 0.0007573,buy
2011-12-16,1,1,3,2,3,1,2,2,3,1,3,2,3,2,5,2,2,0.146951187958058,0.00289709792546463,0.660086656978309, 0.0349729, 0.0334175, 0.0317407, 0.0232128, 0.0131638,buy
2011-12-17,1,2,2,3,1,0,3,2,2,2,3,2,3,2,5,1,2,0.144252165363244,0.00202174778540861,0.658047317461172, 0.0048919, 0.0057653, 0.0099387, 0.0106156, 0.0078994,buy
2011-12-18,0,2,2,2,2,1,3,1,3,4,4,2,3,3,4,3,1,0.140856959888223,0.00131169218956621,0.656052083894002, 0.0047066, 0.0010448, 0.0047921,-0.0012105,-0.0005210,buy
2011-12-19,1,2,1,3,0,0,3,1,3,4,3,3,3,2,4,2,1,0.136886857749057,0.00076959717897314,0.654100208718326, 0.0049181,-0.0012152, 0.0042750, 0.0029426, 0.0034613,buy
2011-12-20,1,1,2,2,1,1,2,1,4,4,4,3,3,2,3,3,1,0.132450207965432,0.000392796712593699,0.652194682168039, 0.0153359, 0.0066475, 0.0218278, 0.0096004, 0.0093280,buy
2011-12-21,0,2,1,3,0,0,2,1,5,3,3,3,3,3,2,3,0,0.127641613785876,0.000185734192154053,0.650336251801616, 0.0016064,-0.0045950, 0.0022453, 0.0025245, 0.0020102,buy
2011-12-22,0,1,2,2,1,0,4,2,4,4,4,2,3,3,4,3,1,0.122555678458921,0.000142188855237549,0.648527160294478, 0.0121030,-0.0073256, 0.0126508, 0.0052330, 0.0032379,buy
2011-12-23,0,2,1,3,0,0,3,3,3,3,4,3,1,3,3,3,1,0.117269216588073,0.000270158824951334,0.646769650322048, 0.0147217, 0.0026001, 0.0110019, 0.0124033, 0.0149830,buy
2011-12-24,2,2,2,2,0,0,3,2,4,4,4,4,2,4,2,3,2,0.111856617052519,0.000566089379914431,0.645059984091956,-0.0120494,-0.0121817,-0.0085956,-0.0075503,-0.0032712,sell
2011-12-25,2,2,2,3,0,0,2,2,0,1,4,3,1,3,1,1,1,0.106381757259384,0.00102464843805546,0.643404142071993,-0.0119517,-0.0133207,-0.0125994,-0.0136565,-0.0113706,sell
2011-12-26,2,3,2,4,0,0,3,1,1,3,5,4,1,3,3,2,1,0.100902046017608,0.00165650016351721,0.641800629145212, 0.0142931, 0.0059353, 0.0141233, 0.0149461, 0.0153772,buy
2011-12-27,2,4,0,4,1,0,2,2,1,1,3,4,0,3,3,3,1,0.0954668063883876,0.00244920303146642,0.640252435545508, 0.0020084, 0.0066440, 0.0016304, 0.0048395, 0.0081373,buy
2011-12-28,2,3,1,2,1,0,2,3,1,1,3,3,1,3,3,3,0,0.0901205099842813,0.00341519856673637,0.638762551506779, 0.0092665, 0.0059788,-0.0026005, 0.0013829, 0.0027441,buy
2011-12-29,2,2,1,3,0,0,3,2,2,1,4,1,1,3,4,2,1,0.0849011598196555,0.00453937920345806,0.637328734353601, 0.0106063, 0.0080602, 0.0083989, 0.0083841, 0.0082574,buy
2011-12-30,1,2,0,2,1,1,1,3,0,1,2,2,0,1,3,2,2,0.0798475674836506,0.00583152042542908,0.635951731644449, 0.0005317, 0.0079857,-0.0095823,-0.0070934, 0.0020278,sell
2011-12-31,2,2,0,1,1,0,2,3,0,2,2,1,2,2,2,3,1,0.0749896502428959,0.00728806751126849,0.634633038496271, 0.0058767, 0.0067422, 0.0081386, 0.0088350, 0.0073419,buy
2012-01-01,1,3,0,0,1,0,0,3,1,2,0,2,2,3,1,2,1,0.0703476224667352,0.00890990914132153,0.633378635376859,-0.0019529,-0.0066338,-0.0010914, 0.0015762,-0.0017946,buy
2012-01-02,2,4,0,0,1,1,1,2,2,1,1,2,2,3,2,3,1,0.0659522099965717,0.0106952679548977,0.632182541818421,-0.0175233,-0.0184333,-0.0175235,-0.0170358,-0.0177434,sell
2012-01-03,2,1,1,1,1,1,1,3,1,1,1,3,2,3,1,3,0,0.0618252443512966,0.0126414779109614,0.631050738288749,-0.0129449,-0.0207011,-0.0005007,-0.0010316,-0.0103162,sell
2012-01-04,0,2,1,1,1,0,0,4,2,2,1,3,2,3,1,2,1,0.0579820884516117,0.0147494276898577,0.629982477229369,-0.0030552,-0.0122983,-0.0064655,-0.0059044,-0.0024470,sell
2012-01-05,0,4,2,1,3,0,1,3,3,1,3,3,3,4,2,2,1,0.054442148092087,0.0170200059719319,0.628979253757229, 0.0023580,-0.0039597,-0.0050438,-0.0055528,-0.0032947,sell
2012-01-06,0,5,2,1,2,0,0,4,2,2,3,3,3,3,2,2,2,0.0512232119177453,0.0194505467161484,0.628042562989277, 0.0054943,-0.0121919, 0.0043877, 0.0005150, 0.0054329,buy
2012-01-07,0,2,4,0,1,0,0,3,3,3,4,2,3,2,2,2,1,0.0483357914006456,0.0220312744387095,0.627173152483987, 0.0155350, 0.0040607, 0.0140664, 0.0118221, 0.0104900,buy
2012-01-08,0,5,4,2,1,1,0,2,3,2,3,3,4,3,3,3,1,0.0457903980128467,0.0247746306644485,0.626374012475256,-0.0060137,-0.0104997,-0.0020855,-0.0081857,-0.0082727,sell
2012-01-09,1,5,2,1,3,0,0,2,3,3,3,4,5,2,3,2,1,0.0436048203993713,0.0276717285899131,0.625644395404609,-0.0109566,-0.0130475,-0.0097468,-0.0088634,-0.0109957,sell
2012-01-10,2,4,4,0,4,0,0,2,2,3,4,4,3,4,3,2,1,0.0417855271584095,0.030725234256139,0.624987291505942, 0.0083149, 0.0065518, 0.0058653, 0.0049485, 0.0100722,buy
2012-01-11,2,4,3,2,2,1,2,2,1,1,4,5,1,5,1,3,1,0.0403430297620203,0.0339271495400191,0.624403448337729,-0.0059343,-0.0058272,-0.0123193,-0.0072938,-0.0200942,sell
2012-01-12,2,3,4,1,1,2,2,0,2,0,3,3,2,4,2,2,1,0.0392870311074887,0.0372836952039699,0.623893613458445,-0.0001264,-0.0035476, 0.0061414, 0.0047778, 0.0051271,buy
2012-01-13,3,3,3,1,0,0,1,1,1,0,2,3,1,4,2,1,0,0.0386256169425524,0.0407913165266107,0.623460029543511,-0.0086248,-0.0061647, 0.0011430,-0.0028718,-0.0115671,sell
2012-01-14,3,3,2,0,3,1,2,0,1,1,2,3,2,4,2,2,1,0.038366873014949,0.0444437927455246,0.62310120147598, 0.0046790, 0.0055744, 0.0017342, 0.0027089, 0.0051795,buy
2012-01-15,2,1,2,2,0,1,2,1,1,2,1,2,3,3,2,2,1,0.0385180764976422,0.0482446785820928,0.622822362165169,-0.0124446,-0.0091968,-0.0051403,-0.0102972,-0.0119013,sell
2012-01-16,3,1,4,1,1,1,3,2,1,1,2,3,4,2,3,2,2,0.0390840788392748,0.0521913079952794,0.622621268935656,-0.0090926,-0.0136137, 0.0111829,-0.0162956,-0.0107332,sell
2012-01-17,1,4,2,1,1,1,2,2,3,1,3,2,4,3,1,3,2,0.0400689229137154,0.0562810149440487,0.622503902255234,-0.0134601,-0.0123949,-0.0127059,-0.0099510,-0.0151273,sell
2012-01-18,0,4,1,1,1,0,3,2,4,4,4,1,4,3,2,4,2,0.0414815030434755,0.0605111333873651,0.622465029214585,-0.0076571,-0.0059207,-0.0035290,-0.0057074,-0.0046193,sell
2012-01-19,0,3,1,1,1,0,3,2,2,4,4,0,3,3,3,3,1,0.0433274792519713,0.0648798859645381,0.622513620515397,-0.0073300,-0.0056818,-0.0031025,-0.0073460,-0.0049988,sell
2012-01-20,0,3,2,1,0,0,1,2,4,4,4,2,3,2,3,3,0,0.045610085838298,0.0693854953148772,0.622642948131403, 0.0060011, 0.0059261, 0.0063576,-0.0012374, 0.0024897,buy
2012-01-21,1,3,2,0,0,0,1,2,5,3,3,2,3,3,2,2,2,0.0483357914006456,0.074029738799073,0.622857497413448,-0.0013933,-0.0153292,-0.0033574,-0.0131447,-0.0048255,sell
2012-01-22,0,3,2,1,0,0,2,3,3,4,4,2,3,2,3,2,2,0.0515078302381091,0.0788037296136729,0.623158015920005, 0.0175956, 0.0110053, 0.0158363, 0.0168340, 0.0166237,buy
2012-01-23,0,3,1,2,0,0,4,2,3,4,3,2,2,3,4,2,3,0.0551253937759148,0.0837092451193676,0.623544503651076, 0.0098659, 0.0004713, 0.0162828, 0.0180468, 0.0123778,buy
2012-01-24,0,2,1,3,1,0,4,4,2,2,2,4,1,5,3,2,2,0.0592038449347642,0.0887418419144308,0.624016213048185, 0.0125171, 0.0133732, 0.0119080, 0.0124776, 0.0145118,buy
2012-01-25,1,1,2,2,1,0,3,3,3,2,3,3,2,4,3,2,1,0.0637350979669196,0.0939006313185173,0.624573891669806,-0.0017628, 0.0004510, 0.0030621,-0.0021679,-0.0000521,buy
2012-01-26,1,1,0,3,0,1,2,3,3,3,4,2,1,3,3,2,2,0.0687264300453449,0.0991838359709366,0.625220529749837,-0.0001242,-0.0106103,-0.0015833, 0.0000387,-0.0018278,buy
2012-01-27,1,1,0,2,1,1,4,3,1,2,4,2,2,2,3,2,1,0.0741826926186826,0.104589678510998,0.62595313705438,-0.0012180,-0.0074602,-0.0049751,-0.0014007, 0.0017312,buy
2012-01-28,1,2,0,2,1,0,5,3,1,3,3,1,3,3,4,2,2,0.0801055028364803,0.110116381578012,0.626771713583437, 0.0110436, 0.0073644, 0.0168215, 0.0152674, 0.0142635,buy
2012-01-29,0,3,0,2,1,2,3,3,2,2,2,3,3,3,4,1,2,0.086498094997833,0.115755058368525,0.62768074468785,-0.0067714,-0.0003169,-0.0023729,-0.0019580, 0.0022045,sell
2012-01-30,1,2,1,3,1,2,4,3,2,1,3,5,2,4,2,2,2,0.093362894827062,0.121508374923574,0.628672754782879,-0.0051370,-0.0034077, 0.0005159,-0.0051262,-0.0020085,sell
2012-01-31,0,2,2,4,0,1,2,4,2,1,2,5,0,5,1,2,3,0.100699093749394,0.127374553882467,0.629752976777844, 0.0045249, 0.0016306, 0.0029910, 0.0058900, 0.0031173,buy
2012-02-01,0,3,1,3,1,1,3,3,2,1,2,4,1,4,3,2,2,0.108510734638696,0.133350929204169,0.630919167997321, 0.0011753,-0.0001439, 0.0040112, 0.0019257,-0.0054594,buy
2012-02-02,0,5,0,2,2,1,2,3,1,1,2,3,2,3,4,2,1,0.116801860368839,0.139434834847645,0.632174318675207,-0.0003893, 0.0031722,-0.0007347, 0.0005913,-0.0178905,buy
2012-02-03,0,4,2,2,0,1,1,3,0,2,1,3,2,2,4,1,2,0.125569236640728,0.145622716091513,0.633503477642021, 0.0048328, 0.0039771,-0.0049290,-0.0052553, 0.0019329,buy
2012-02-04,0,4,2,0,1,2,2,3,1,2,1,1,2,3,4,3,3,0.134816097753456,0.151918127657154,0.634923091184192,-0.0016496,-0.0006207,-0.0034881, 0.0019284, 0.0006006,buy
2012-02-05,1,6,0,2,1,2,1,3,1,0,1,2,2,2,4,4,2,0.144537592258382,0.158308628019736,0.63642568371698,-0.0035099,-0.0041808,-0.0100860,-0.0111204,-0.0094618,sell
2012-02-06,1,2,2,1,3,0,1,4,1,2,2,2,2,2,3,4,2,0.154740188753695,0.164795994539948,0.638007517448015, 0.0057382, 0.0079034, 0.0080635, 0.0081103, 0.0054087,buy
2012-02-07,1,2,1,3,4,0,3,4,0,1,4,4,1,2,1,5,2,0.165416610066433,0.171385559299862,0.63966933993577, 0.0175606, 0.0186864, 0.0266300, 0.0175882, 0.0258538,buy
2012-02-08,1,2,1,3,5,1,3,3,1,0,4,3,2,3,2,5,1,0.176569281920915,0.178058660012228,0.641410403621771, 0.0074871, 0.0081768, 0.0101113, 0.0058938, 0.0069007,buy
2012-02-09,2,0,2,2,5,1,2,5,0,0,4,3,2,3,2,4,1,0.188195778592821,0.18482773820188,0.643229213389071, 0.0101410, 0.0061757, 0.0230866, 0.0150325, 0.0183755,buy
2012-02-10,2,1,0,2,5,2,3,4,0,0,4,3,2,3,3,3,1,0.200285588610092,0.191683907065364,0.645121283886826, 0.0158644, 0.0132803, 0.0105538, 0.0195086, 0.0136977,buy
2012-02-11,2,0,1,2,5,2,3,2,0,1,3,2,4,3,3,2,1,0.212839520547502,0.198628943963372,0.64708960534893, 0.0262491, 0.0233417, 0.0226376, 0.0186563, 0.0196450,buy
2012-02-12,3,0,2,2,2,1,2,2,0,1,3,2,3,3,2,2,0,0.225845445783444,0.205656628133487,0.649125207073697,-0.0112206,-0.0141473,-0.0055416,-0.0056705,-0.0141908,sell
2012-02-13,3,1,2,2,3,1,2,2,1,1,3,2,3,3,2,4,1,0.239296087144955,0.212766959575709,0.651230331736548, 0.0049019, 0.0066793, 0.0027764, 0.0060729, 0.0059666,buy
2012-02-14,3,1,3,3,0,0,3,2,2,2,3,1,4,3,3,4,1,0.253180933159975,0.219954606207965,0.653397503752744, 0.0201353, 0.0195434, 0.0180628, 0.0186101, 0.0099074,buy
2012-02-15,2,0,4,1,1,0,4,2,1,2,4,0,3,3,4,2,1,0.267482195183482,0.227219568030258,0.655628965797705,-0.0031956, 0.0011490, 0.0007357,-0.0052728, 0.0007663,sell
2012-02-16,2,2,1,2,0,0,1,2,4,2,3,1,3,3,3,2,1,0.282186127444322,0.234557401640859,0.657917989845166,-0.0096784,-0.0097371,-0.0096519,-0.0086906,-0.0110023,sell
2012-02-17,3,2,2,1,0,0,2,1,4,3,3,1,3,4,2,3,2,0.297262004101091,0.241967218359425,0.66026158566123,-0.0148584,-0.0060867,-0.0046844,-0.0036846,-0.0032083,sell
2012-02-18,2,1,2,1,0,0,2,2,2,2,3,1,3,3,1,1,2,0.312692845083542,0.249449018185955,0.662655267895055,-0.0263971,-0.0276393,-0.0269376,-0.0298859,-0.0299134,sell
2012-02-19,1,1,1,3,0,0,4,1,3,3,4,1,3,3,3,2,1,0.328439030227759,0.256993914316996,0.665096046312743,-0.0127747,-0.0098329,-0.0098050,-0.0112906,-0.0113295,sell
2012-02-20,1,1,1,2,2,0,3,4,3,1,3,2,2,3,4,2,2,0.344469025117567,0.264602795432894,0.667577192888028, 0.0158002,-0.0134203,-0.0103236, 0.0216056, 0.0179781,buy
2012-02-21,2,0,2,2,2,1,3,5,3,0,3,3,3,2,4,3,2,0.360731080967444,0.272273884172959,0.670093474711592, 0.0088034,-0.0061833,-0.0142428, 0.0230586, 0.0152614,buy
2012-02-22,2,0,1,3,1,2,4,3,3,0,3,3,3,1,4,2,3,0.377184769038702,0.280004514496154,0.672644144224961, 0.0274397, 0.0308693, 0.0274087, 0.0234778, 0.0316447,buy
2012-02-23,2,1,0,3,2,2,4,4,1,0,4,3,3,1,4,2,2,0.39376540334944,0.287790243000754,0.675224716077292, 0.0216283, 0.0224829, 0.0200471, 0.0233849, 0.0187114,buy
2012-02-24,2,1,0,2,2,1,4,3,2,1,4,2,3,3,3,2,1,0.410408297917758,0.295629292326068,0.677816501306732,-0.0018019, 0.0113933, 0.0034345, 0.0098803, 0.0109948,buy
2012-02-25,2,2,0,0,2,1,2,4,2,1,2,3,3,4,1,1,2,0.427035020990601,0.30351899643106,0.680429218173446,-0.0098653,-0.0075610, 0.0007345,-0.0088940,-0.0090444,sell
2012-02-26,2,2,0,1,0,1,3,2,3,0,3,1,1,3,2,2,2,0.443567949389688,0.311458466635385,0.683051653300321, 0.0169100, 0.0201260, 0.0204539, 0.0203195, 0.0127660,buy
2012-02-27,1,1,2,1,0,0,2,3,3,0,3,2,1,3,1,2,1,0.459915714165583,0.319444148217663,0.685680816453463,-0.0018069,-0.0036978,-0.0083984,-0.0029849,-0.0036978,sell
2012-02-28,0,1,1,1,2,0,2,3,2,1,2,1,1,3,3,1,2,0.47598209492021,0.327473375136857,0.688306989372709,-0.0065908,-0.0111632,-0.0088153,-0.0048089,-0.0054210,sell
2012-02-29,0,2,0,1,3,2,3,2,3,1,2,2,2,3,5,1,2,0.491662785507753,0.335544370032277,0.690927929382636,-0.0036685,-0.0037519,-0.0057133, 0.0034663,-0.0062032,sell
2012-03-01,1,2,0,3,2,2,3,3,2,1,3,3,2,3,5,1,2,0.506850245483301,0.343653578182542,0.693536908456979, 0.0162774, 0.0151132, 0.0142278, 0.0157567, 0.0170482,buy
2012-03-02,1,0,2,2,1,2,2,2,4,1,2,2,3,1,5,2,2,0.521432891528077,0.351799222226962,0.696126451010998, 0.0135495, 0.0108077, 0.0145319, 0.0237759, 0.0059287,buy
2012-03-03,1,2,1,3,1,3,2,1,4,1,1,3,4,2,5,3,1,0.535304800346717,0.359979524804846,0.698698799720114, 0.0023767, 0.0019724, 0.0029135, 0.0011704, 0.0030199,buy
2012-03-04,1,2,2,3,2,2,3,2,2,2,0,4,4,1,6,4,2,0.5483495371718,0.368194485916194,0.701239003414847, 0.0053112, 0.0063803, 0.0068679, 0.0065200, 0.0063169,buy
2012-03-05,1,1,2,2,2,2,4,2,1,3,1,4,3,2,4,3,3,0.560461987282736,0.376436107437899,0.703747809653671, 0.0081923, 0.0076102, 0.0045438, 0.0075140, 0.0047612,buy
2012-03-06,1,2,1,4,0,3,5,1,2,0,2,3,3,2,4,3,2,0.571532993085068,0.384707944091342,0.706220733085742, 0.0111907, 0.0149116, 0.0174445, 0.0115246, 0.0180212,buy
2012-03-07,2,0,5,2,1,3,4,2,2,1,3,2,3,4,5,3,2,0.581469568479815,0.393002886433761,0.708651045684793,-0.0199525,-0.0141888,-0.0165655,-0.0206067,-0.0146562,sell
2012-03-08,3,1,4,2,0,1,4,2,1,1,5,1,1,4,4,2,2,0.590177918793218,0.401321823145502,0.711033514541508,-0.0019564,-0.0035814,-0.0038084,-0.0041260,-0.0064393,sell
2012-03-09,2,1,2,1,3,1,5,2,1,2,6,1,2,4,2,3,2,0.597573952248808,0.409661199505183,0.713365149421988,-0.0015486,-0.0021558,-0.0009757,-0.0021558,-0.0025865,buy
2012-03-10,3,0,3,1,1,0,4,3,1,2,5,2,2,4,2,2,1,0.603592982864683,0.418020126832459,0.71564146497539, 0.0023153,-0.0005569,-0.0002726, 0.0004951,-0.0040701,buy
2012-03-11,3,0,5,0,2,2,3,3,2,1,5,4,1,4,2,3,2,0.608172750383264,0.42639860512733,0.717857228292397, 0.0152859, 0.0216076, 0.0247669, 0.0201091, 0.0234052,buy
2012-03-12,2,1,4,1,1,2,4,3,2,1,5,3,1,5,2,3,2,0.611271208916316,0.43479041362738,0.720010196697586, 0.0006965, 0.0050031, 0.0060798, 0.0040231, 0.0005595,buy
2012-03-13,2,0,5,0,3,0,4,4,0,3,5,3,1,5,3,2,2,0.612857632622434,0.443195552332608,0.722098875074008, 0.0095408, 0.0100579, 0.0116578, 0.0101172, 0.0042146,buy
2012-03-14,2,2,4,2,4,0,3,3,0,2,6,4,0,4,3,2,3,0.612927978627752,0.451611355201979,0.724116535395399,-0.0027119,-0.0028427, 0.0034603,-0.0029228,-0.0010904,sell
2012-03-15,3,2,6,2,2,0,1,1,2,2,6,4,1,4,2,3,1,0.61150003557729,0.460035156194458,0.726059439869387, 0.0101719, 0.0099990, 0.0118920, 0.0126566, 0.0164639,buy
2012-03-16,3,0,7,1,2,0,1,2,0,2,4,4,2,4,1,2,1,0.608610997910643,0.468464289269007,0.727923850703602, 0.0151425, 0.0204971, 0.0142580, 0.0161271, 0.0125807,buy
2012-03-17,2,2,4,1,2,0,3,1,1,1,4,3,3,2,2,2,1,0.604326360184484,0.476898754425628,0.729708272781097, 0.0074277, 0.0005290, 0.0010043,-0.0017456, 0.0079118,buy
2012-03-18,2,2,2,0,4,0,4,2,1,2,4,2,3,2,2,4,2,0.598744768521214,0.485335885623285,0.731413453660345, 0.0104125,-0.0007938, 0.0060411,-0.0074300,-0.0019622,buy
2012-03-19,4,0,3,0,2,0,2,5,0,1,3,0,3,2,2,5,2,0.591983466263026,0.493769462099561,0.733031917756607, 0.0057778, 0.0027580,-0.0080171,-0.0036180,-0.0076361,sell
2012-03-20,4,0,3,1,2,1,3,2,2,0,3,1,3,2,3,5,1,0.584184762570104,0.502202149895491,0.734562169952934, 0.0165962, 0.0158829, 0.0026721, 0.0130593, 0.0102737,buy
2012-03-21,2,0,2,1,4,0,2,3,3,0,3,0,2,2,4,4,2,0.575513606696293,0.51062950560935,0.736004210249326, 0.0097662, 0.0100610, 0.0062968, 0.0107476, 0.0051307,buy
2012-03-22,3,0,1,0,5,0,3,4,0,1,1,1,3,2,3,5,2,0.566151927965691,0.519047974519757,0.737358786204257, 0.0062512, 0.0054719,-0.0037015,-0.0018020,-0.0118870,buy
2012-03-23,3,2,1,1,4,1,4,5,0,1,2,4,4,3,1,5,3,0.556282464277166,0.527458445307057,0.738615431999091, 0.0031219, 0.0083172, 0.0140574, 0.0152610, 0.0148059,buy
2012-03-24,2,2,1,2,3,2,4,3,1,0,1,3,5,3,2,5,1,0.546109785048482,0.535856474569523,0.739783118335516,-0.0228316,-0.0180375,-0.0118109,-0.0212596,-0.0133936,sell
2012-03-25,2,1,3,1,3,2,3,2,1,1,2,3,4,4,2,4,0,0.535806925281222,0.544239396266121,0.74085586474574,-0.0090682,-0.0140220, 0.0105188,-0.0072975,-0.0063035,sell
2012-03-26,3,2,2,2,4,1,2,3,0,1,2,3,3,5,2,4,1,0.525559857173352,0.552606321716504,0.741834418788238, 0.0008038, 0.0016422, 0.0161619, 0.0017365,-0.0067742,buy
2012-03-27,2,2,1,2,6,1,0,2,2,3,1,4,2,5,3,4,2,0.51552948710485,0.560955473559982,0.742716537787586, 0.0072426, 0.0104397, 0.0098869, 0.0092941,-0.0072845,buy
2012-03-28,1,2,1,2,5,1,2,2,2,2,3,3,2,4,3,4,1,0.505865401408861,0.569285074435866,0.743508202211577, 0.0159571, 0.0191667, 0.0204392, 0.0172568, 0.0124190,buy
2012-03-29,1,2,2,1,4,1,2,2,1,1,3,2,3,2,3,2,2,0.496685652002355,0.577589792262083,0.744204179150893, 0.0063191, 0.0035211, 0.0046400,-0.0011776, 0.0052898,buy
2012-03-30,1,2,2,1,3,2,1,3,3,2,4,2,2,3,4,3,2,0.488094545031146,0.585870515718978,0.744804468605534,-0.0091015, 0.0046250,-0.0044343,-0.0067577, 0.0002760,sell
2012-03-31,0,2,0,2,3,2,1,3,3,2,3,1,2,3,4,2,3,0.480178597996028,0.594125467445862,0.7453090705755,-0.0061784,-0.0059245,-0.0046017,-0.0017865,-0.0084902,sell
2012-04-01,0,0,1,1,5,1,2,1,2,3,2,1,3,3,3,2,2,0.47300007115458,0.602350204041007,0.74572695576248,-0.0045412,-0.0156229,-0.0045103,-0.0060342,-0.0025976,sell
2012-04-02,0,0,1,3,4,1,2,1,0,3,2,1,3,4,2,3,0,0.466604244694132,0.610544725504415,0.746051396140206, 0.0009803, 0.0009783, 0.0110131,-0.0026620, 0.0010893,buy
2012-04-03,1,1,0,2,4,2,1,1,1,2,2,1,4,1,3,3,1,0.461025887329957,0.618703699754013,0.746283139267154,-0.0047994,-0.0006138, 0.0031359,-0.0087513,-0.0061552,sell
2012-04-04,1,1,2,1,4,2,1,2,1,2,2,3,4,1,3,3,1,0.45627065908547,0.626830681511183,0.746425175377218, 0.0249212, 0.0202233, 0.0135862, 0.0099257, 0.0220994,buy
2012-04-05,0,1,1,2,3,2,3,1,1,2,2,3,4,1,2,3,1,0.45236200862911,0.634919450013508,0.74648124226277, 0.0040925, 0.0051162, 0.0034839, 0.0006106, 0.0042755,buy
2012-04-06,0,0,1,3,4,2,2,2,1,3,2,4,5,1,1,3,2,0.449286998764498,0.642970005260988,0.746444611897543, 0.0046703, 0.0065553, 0.0049095, 0.0063911, 0.0047970,buy
2012-04-07,1,0,1,3,4,1,1,2,2,2,1,4,5,0,2,3,2,0.447039160893443,0.650977903851896,0.746325002541699, 0.0030246, 0.0063168, 0.0057948, 0.0086307, 0.0025257,buy
2012-04-08,0,2,1,2,4,2,1,1,3,2,2,3,5,2,1,4,1,0.44560232352047,0.658946700507614,0.746118676402868,-0.0185783,-0.0200017,-0.0078044,-0.0100744,-0.0097028,sell
2012-04-09,0,2,1,2,3,2,1,2,1,4,0,3,5,3,2,4,1,0.444964358023973,0.666868397105035,0.745829371273421, 0.0091341, 0.0073375, 0.0094299, 0.0065622, 0.0062551,buy
2012-04-10,0,3,1,1,4,2,1,2,1,4,1,4,4,3,2,4,1,0.445095347137322,0.674743882324503,0.745454096919461,-0.0101826,-0.0078136,-0.0090731,-0.0072448,-0.0065946,sell
2012-04-11,0,3,1,2,4,2,0,0,3,2,1,4,2,2,3,4,1,0.445979927939816,0.68257315616602,0.745002571601151, 0.0078359, 0.0109580, 0.0103125, 0.0064984, 0.0003202,buy
2012-04-12,1,1,2,4,4,2,0,1,2,2,2,4,3,3,3,3,1,0.4475889917396,0.690350886547512,0.744468814850698, 0.0061963,-0.0026531, 0.0097999, 0.0040090, 0.0036629,buy
2012-04-13,0,2,1,3,4,2,1,2,1,1,3,2,3,2,4,2,1,0.44990232416733,0.698078850829672,0.74385432178505, 0.0045371, 0.0072473, 0.0047378, 0.0035629, 0.0048964,buy
2012-04-14,0,3,1,1,4,2,2,1,2,1,3,1,2,3,4,3,1,0.452887582232054,0.705749050889391,0.743162830196578,-0.0126373,-0.0042019,-0.0149900,-0.0150721,-0.0126223,sell
2012-04-15,0,2,1,1,3,2,1,3,0,1,2,0,2,3,4,2,1,0.456525360139204,0.713363264087361,0.742393592526808,-0.0052817,-0.0054691,-0.0111340,-0.0040903,-0.0078160,sell
2012-04-16,1,3,1,2,4,3,2,2,1,1,2,2,3,4,5,2,2,0.460793017795114,0.720920601743235,0.741548851451161,-0.0041722, 0.0024052,-0.0027367,-0.0038580, 0.0017732,sell
2012-04-17,1,2,0,2,4,2,2,1,2,1,3,1,3,2,4,3,1,0.465661446507927,0.728414843094598,0.740629354528111,-0.0083346,-0.0027549,-0.0115369,-0.0135067,-0.0124924,sell
2012-04-18,2,2,0,1,5,2,2,2,1,0,3,2,5,1,3,3,0,0.47111447478217,0.73584954286283,0.739635849316134, 0.0053361,-0.0016393,-0.0025183,-0.0021351,-0.0030366,buy
2012-04-19,2,2,1,2,4,2,3,3,2,1,4,4,6,2,2,3,1,0.477125419650308,0.743216702924825,0.738569830932176,-0.0257242,-0.0124423,-0.0154177,-0.0154452,-0.0257242,sell
2012-04-20,1,3,1,2,2,3,3,3,2,0,4,3,5,1,3,2,2,0.483672449593449,0.750518989321617,0.737432794493185, 0.0174632, 0.0245069, 0.0214511, 0.0190591, 0.0168327,buy
2012-04-21,1,2,3,1,2,2,4,2,2,0,3,3,5,1,2,4,1,0.49073777596657,0.7577484039301,0.736224739999163, 0.0023266, 0.0016988,-0.0028712,-0.0025624,-0.0024856,sell
2012-04-22,2,3,2,1,2,1,5,2,1,1,4,3,4,3,0,5,1,0.49830361012465,0.764912056193036,0.734952395476374, 0.0142272, 0.0251568, 0.0275807, 0.0252924, 0.0047848,buy
2012-04-23,2,3,1,1,3,1,3,2,2,3,4,4,5,2,1,5,0,0.506347311974022,0.772001947987317,0.733604547547709,-0.0286450,-0.0246489,-0.0282522,-0.0279300,-0.0330961,sell
2012-04-24,2,3,1,1,3,1,2,1,2,3,3,3,5,2,1,4,1,0.514854327168759,0.779016301952253,0.732196894941122,-0.0047114,-0.0184447,-0.0175187,-0.0138118,-0.0207583,sell
2012-04-25,2,3,3,0,1,1,3,0,1,1,3,1,4,2,1,3,1,0.523802015615196,0.785956006768189,0.730721962071873,-0.0041832,-0.0009937,-0.0011293,-0.0016699, 0.0020017,sell
2012-04-26,1,3,4,0,1,2,2,1,2,2,3,2,4,3,2,4,0,0.533176631542179,0.792813952992364,0.729181991615384, 0.0113168,-0.0008478, 0.0122008, 0.0135384, 0.0017639,buy
2012-04-27,1,4,2,1,1,2,3,1,1,2,3,2,3,3,1,5,1,0.542962812029005,0.799592806665814,0.727581468922499,-0.0111887, 0.0061722, 0.0024744,-0.0009818, 0.0004775,sell
2012-04-28,0,3,3,1,2,1,4,3,1,2,3,3,5,2,1,4,2,0.553142768430653,0.806285458345775,0.725920393993218,-0.0010187, 0.0020334, 0.0001072, 0.0016659,-0.0014063,buy
2012-04-29,0,2,2,0,3,1,3,2,1,1,3,1,4,2,0,3,2,0.563703563550743,0.81289901747501,0.724198019269067,-0.0212284,-0.0187525,-0.0204753,-0.0188039,-0.0204019,sell
2012-04-30,0,3,1,3,1,2,3,1,3,1,5,1,4,2,1,3,2,0.57462498301993,0.819424597250068,0.722415839866994,-0.0002059, 0.0033107, 0.0016887, 0.0085376,-0.0013891,buy
2012-05-01,1,2,3,1,2,2,2,2,1,0,4,2,3,3,1,2,1,0.585895706791381,0.825860420310256,0.720576846020896, 0.0070944, 0.0106709, 0.0145900, 0.0131535, 0.0126584,buy
2012-05-02,0,3,4,1,1,1,3,1,1,1,4,1,2,4,2,1,2,0.597496329070527,0.832204709294885,0.718683280406193, 0.0032570, 0.0001885, 0.0014884, 0.0027511, 0.0035902,buy
2012-05-03,0,4,3,2,2,3,4,2,1,1,4,2,3,5,4,2,2,0.609413912660987,0.838459241564646,0.716730657672043, 0.0097647, 0.0380434, 0.0080430, 0.0152441, 0.0352730,buy
2012-05-04,1,2,3,2,2,2,2,3,1,0,4,2,3,2,4,1,2,0.621634711791608,0.844617796357121,0.714726453403185, 0.0068409, 0.0110876, 0.0071032, 0.0008202, 0.0123941,buy
2012-05-05,1,2,3,2,2,2,2,1,3,0,3,2,2,3,4,2,2,0.634136894943497,0.850683039713347,0.712668424924198,-0.0086329,-0.0075616,-0.0193481,-0.0206442,-0.0132252,sell
2012-05-06,1,3,2,2,2,3,3,2,1,0,5,1,2,3,4,2,2,0.646908333495048,0.856652305592288,0.710557319793554, 0.0010363, 0.0129232,-0.0005588,-0.0060487, 0.0164539,buy
2012-05-07,1,2,3,0,1,2,2,2,1,2,3,1,2,3,4,2,1,0.659927195927371,0.862518484551181,0.708396875803625, 0.0002240,-0.0044218,-0.0098675,-0.0044146,-0.0027619,sell
2012-05-08,1,3,2,0,2,3,1,2,2,0,4,1,2,1,4,3,1,0.673181353618857,0.868287797352443,0.706184102720515, 0.0097556, 0.0096385, 0.0137687, 0.0162141, 0.0028051,buy
2012-05-09,2,1,3,1,1,1,1,2,2,1,4,1,3,2,2,3,0,0.686640889302879,0.873955800594349,0.703921990778119, 0.0206276, 0.0177779, 0.0155643, 0.0203507, 0.0171163,buy
2012-05-10,2,2,3,2,3,1,2,3,1,1,4,2,3,3,4,3,1,0.700291248633509,0.879516273514482,0.701612035093385,-0.0001845,-0.0019380,-0.0001957,-0.0014055, 0.0004210,buy
2012-05-11,1,4,3,2,4,1,4,3,2,1,4,3,3,3,5,4,3,0.714104940068438,0.884970993473532,0.699252740549366, 0.0148934, 0.0240874, 0.0127151, 0.0141954, 0.0147173,buy
2012-05-12,1,4,6,2,3,1,3,5,2,1,5,3,2,5,5,5,3,0.728059323514001,0.890321737832189,0.696845602263009,-0.0060092,-0.0047854, 0.0010934,-0.0051817,-0.0054148,sell
2012-05-13,2,2,6,2,2,1,3,5,2,1,4,3,2,5,5,5,2,0.74212448170357,0.895559619787001,0.694392862909737,-0.0066425,-0.0072135,-0.0004585,-0.0073047,-0.0072135,sell
2012-05-14,2,3,4,2,2,1,3,3,1,0,3,3,1,4,4,4,2,0.756270497370515,0.900686416698659,0.691891532255653,-0.0078579,-0.0090574,-0.0066841,-0.0091394,-0.0082989,sell
2012-05-15,1,2,4,1,3,0,3,3,1,1,4,2,1,3,4,3,2,0.770458558925695,0.905705683288544,0.689344600534654, 0.0015483,-0.0040807, 0.0075524,-0.0061341, 0.0012259,buy
2012-05-16,2,2,4,1,3,0,2,4,0,1,4,3,1,4,3,3,1,0.784662791976351,0.910606755392512,0.686755057980635, 0.0021366, 0.0029715, 0.0058508, 0.0026172, 0.0024441,buy
2012-05-17,1,3,2,2,3,1,2,2,1,1,4,3,1,4,4,1,1,0.798833873461282,0.915391410371255,0.684122157035123,-0.0037352,-0.0042194,-0.0032566,-0.0187887,-0.0011133,sell
2012-05-18,1,3,4,2,2,1,3,3,2,0,4,3,1,4,4,3,2,0.81292894891748,0.920060536905117,0.681443655022696,-0.0018375,-0.0025196, 0.0023681,-0.0167766,-0.0027882,sell
2012-05-19,2,2,4,1,2,0,3,3,1,1,4,2,2,3,3,3,2,0.826898695283745,0.924608802912028,0.678720299501827, 0.0084185, 0.0055251, 0.0100008, 0.0050537, 0.0070161,buy
2012-05-20,3,3,2,2,3,0,3,3,0,2,5,2,2,3,4,3,2,0.840694598073652,0.929036208391986,0.675956575823361,-0.0028314,-0.0047607,-0.0015664,-0.0040077,-0.0040862,sell
2012-05-21,1,4,2,2,3,0,2,2,1,3,3,4,2,3,4,3,1,0.854252779880072,0.933340975984302,0.673149493753401,-0.0059866,-0.0084533,-0.0033904, 0.0007607,-0.0035615,sell
2012-05-22,2,4,3,2,3,0,3,2,0,2,4,3,2,3,5,2,2,0.867518257618391,0.937523994369321,0.670302043525845, 0.0024005,-0.0074231, 0.0024532,-0.0067168, 0.0017421,buy
2012-05-23,2,3,4,1,2,1,3,1,0,2,4,2,2,3,4,2,2,0.880431196755351,0.941579931464972,0.667414225140691, 0.0063927, 0.0046477,-0.0040949,-0.0005183,-0.0014891,buy
2012-05-24,1,4,3,1,0,1,1,2,2,3,4,2,4,2,3,3,0,0.892917208411765,0.945510564631944,0.664486786156413, 0.0060045,-0.0143357, 0.0080059, 0.0144719, 0.0057331,buy
2012-05-25,0,3,2,2,2,0,2,2,2,3,3,2,4,2,4,2,1,0.904914032330054,0.949311450468512,0.661519726573013, 0.0049532, 0.0106703, 0.0100699,-0.0006743,-0.0011886,buy
2012-05-26,0,2,3,2,4,0,1,3,2,2,1,3,3,4,4,3,1,0.916359408252637,0.952979034253295,0.658512298832015, 0.0130445, 0.0113489, 0.0093433,-0.0027827, 0.0088014,buy
2012-05-27,0,1,2,4,2,0,1,0,4,3,2,1,2,4,4,3,1,0.927189458772389,0.956526646191471,0.655472726076634, 0.0087487,-0.0008266, 0.0008397,-0.0028574, 0.0036761,buy
2012-05-28,1,2,2,4,3,1,0,1,3,3,3,2,2,4,5,4,0,0.937336263608313,0.959937401356482,0.652394280280604, 0.0041425, 0.0023717, 0.0037580, 0.0023859, 0.0046763,buy
2012-05-29,1,4,3,2,3,0,1,1,2,2,3,2,1,4,5,3,1,0.946748882549663,0.963213965789361,0.649278456560872,-0.0196267,-0.0243577,-0.0198318,-0.0197055,-0.0199560,sell
2012-05-30,0,5,2,2,3,1,1,0,1,3,2,1,3,4,4,2,2,0.955382035409106,0.966358116850801,0.646126750034388,-0.0042795,-0.0086667,-0.0078459,-0.0027306,-0.0020757,sell
2012-05-31,2,2,2,3,1,1,1,0,1,3,1,3,3,2,3,2,2,0.963192059148862,0.969363633778384,0.642940655818098, 0.0101000, 0.0082007, 0.0076771,-0.0112329, 0.0094623,buy
2012-06-01,2,2,2,2,3,0,0,1,2,3,1,4,3,2,2,2,3,0.970145802203204,0.972235848654183,0.639717931236581,-0.0024266,-0.0023012,-0.0031129,-0.0087294, 0.0022091,sell
2012-06-02,1,4,2,3,3,0,1,1,2,3,0,4,5,3,3,2,3,0.976225475927112,0.974968540715779,0.636465304316104, 0.0114102, 0.0116560, 0.0109441, 0.0093627, 0.0133637,buy
2012-06-03,1,3,2,1,1,1,2,2,0,3,1,2,4,3,3,2,1,0.981412483100787,0.977565264684554,0.633178289705821,-0.0098249,-0.0070833,-0.0091573, 0.0012029,-0.0013868,sell
2012-06-04,0,3,2,0,0,1,2,1,1,3,1,3,2,1,3,2,1,0.985706015149457,0.980020688478437,0.629859130081155, 0.0022828, 0.0113631, 0.0104391, 0.0040230, 0.0132844,buy
2012-06-05,1,4,1,0,1,0,1,0,2,3,2,3,3,1,2,2,0,0.989112540671311,0.982336589458118,0.626506330325158, 0.0072620, 0.0113148, 0.0113225, 0.0119372, 0.0123210,buy
2012-06-06,1,2,2,1,1,0,1,1,1,4,2,3,4,1,2,1,1,0.991641762563635,0.984514744984288,0.6231236282302,-0.0005844, 0.0021394,-0.0006030, 0.0005065, 0.0051608,buy
2012-06-07,0,3,2,2,0,0,3,1,1,3,2,3,5,1,2,1,1,0.993311469471451,0.98654715693384,0.619709528679333, 0.0084747, 0.0091930, 0.0005632, 0.0074649, 0.0069420,buy
2012-06-08,0,4,2,1,1,0,3,0,1,2,2,4,4,1,1,1,1,0.99415400438571,0.988440934749534,0.616264779231031, 0.0032773,-0.0180183,-0.0100992, 0.0017579,-0.0029415,sell
2012-06-09,1,4,3,0,1,1,1,2,0,3,3,2,4,2,2,2,1,0.994194433124397,0.990188080308265,0.612789379885295,-0.0081740,-0.0086039,-0.0081723,-0.0048512,-0.0014564,sell
2012-06-10,1,4,2,1,0,2,2,0,1,4,1,2,4,2,4,2,2,0.993467524402786,0.991794814372449,0.609284825759071, 0.0074952, 0.0142712, 0.0125682, 0.0187334, 0.0158069,buy
2012-06-11,0,2,2,0,2,2,2,0,1,3,1,2,2,2,4,1,2,0.992009664085696,0.993254027499325,0.605750369293886,-0.0004174,-0.0023153,-0.0029215, 0.0005717,-0.0021182,buy
2012-06-12,1,2,1,1,1,1,3,0,3,3,1,1,2,3,4,3,2,0.989855620888397,0.994571051770962,0.602186758048215, 0.0013321, 0.0027503, 0.0027122, 0.0068698, 0.0059931,buy
2012-06-13,1,3,1,1,2,2,2,3,2,3,2,3,1,4,5,3,2,0.987049057848674,0.995737889064255,0.59859473958053,-0.0059530,-0.0065584,-0.0025306,-0.0096356,-0.0070506,sell
2012-06-14,0,3,1,2,2,2,3,3,2,2,2,4,2,3,5,2,2,0.983633638004308,0.996761648821965,0.594975061449307,-0.0192323,-0.0237230,-0.0193701,-0.0237599,-0.0238192,sell
2012-06-15,0,1,2,3,1,0,5,1,2,1,2,3,2,2,3,2,2,0.97963927862193,0.997643219724438,0.591329966329966,-0.0029500,-0.0002957,-0.0007214,-0.0023799,-0.0002917,sell
2012-06-16,1,2,2,3,2,0,1,2,1,1,2,3,1,3,4,2,0,0.975111259888869,0.998372826287875,0.587651978637769, 0.0144035, 0.0127851, 0.0135360, 0.0048868, 0.0165617,buy
2012-06-17,2,4,1,4,2,0,1,1,3,1,2,3,2,4,4,3,1,0.970094053417684,0.998958466635385,0.583951564191351, 0.0066822, 0.0065467, 0.0108685,-0.0113475, 0.0093218,buy
2012-06-18,1,5,1,3,2,0,2,2,3,2,2,4,2,3,5,3,2,0.96461919362455,0.999395697365241,0.580223490081394,-0.0024161,-0.0055572, 0.0030858,-0.0041281,-0.0026763,sell
2012-06-19,0,3,2,2,1,0,3,2,2,2,3,3,2,2,4,2,1,0.958733577846345,0.999687184518477,0.57646999898332, 0.0044023, 0.0053340, 0.0038952, 0.0044999, 0.0140691,buy
2012-06-20,0,4,2,3,1,1,4,2,2,2,3,2,4,3,4,3,2,0.952463889050604,0.999831150734405,0.572690343338656, 0.0034902, 0.0015562, 0.0047226,-0.0000083, 0.0026206,buy
2012-06-21,0,4,1,2,1,0,2,3,3,2,2,3,2,2,4,3,2,0.945854598849883,0.99982848469337,0.568886765822823, 0.0093402, 0.0073632, 0.0136770, 0.0039919, 0.0124525,buy
2012-06-22,0,3,2,1,3,0,2,2,5,1,2,4,2,3,3,3,2,0.938941284534229,0.99967918639537,0.565059266435821, 0.0053206,-0.0056512, 0.0042063,-0.0055445,-0.0062358,buy
2012-06-23,0,2,2,3,2,0,3,2,4,1,1,4,1,4,4,3,2,0.931757097669364,0.999382367160062,0.561209340294598, 0.0044764, 0.0051440, 0.0012243, 0.0028083, 0.0015698,buy
2012-06-24,1,1,2,3,2,2,3,1,3,2,3,2,2,5,4,3,1,0.924338424120109,0.99894069302848,0.557335492282206, 0.0032156, 0.0043425, 0.0042556, 0.0032712, 0.0065053,buy
2012-06-25,1,3,2,1,3,2,3,1,3,3,5,1,3,4,4,3,2,0.916720032601735,0.99835149795959,0.553437722398646, 0.0059686, 0.0012244,-0.0068051,-0.0016750, 0.0046206,buy
2012-06-26,2,4,2,1,3,1,3,0,3,1,5,2,3,4,3,2,1,0.908931840380871,0.997617447994426,0.549519020877813, 0.0001989, 0.0040033,-0.0027752, 0.0036920, 0.0048532,buy
2012-06-27,1,2,3,3,3,2,2,0,2,2,5,0,4,4,3,3,1,0.901010233322337,0.996736765772299,0.545579387719708,-0.0009427, 0.0027493,-0.0039569,-0.0025110, 0.0044774,buy
2012-06-28,2,2,2,4,3,1,2,0,2,1,5,1,4,3,3,2,1,0.892987554417082,0.995710339973553,0.541619570482803,-0.0023557,-0.0002286,-0.0021653,-0.0009953,-0.0040638,sell
2012-06-29,1,2,1,1,6,1,1,1,4,1,4,1,2,5,2,3,2,0.884900189529927,0.994539059278534,0.537638821608626, 0.0015250, 0.0002247, 0.0015129, 0.0015250,-0.0024199,buy
2012-06-30,1,3,1,2,3,2,1,2,4,2,3,2,3,5,3,4,1,0.876775630203179,0.993225589728277,0.533638636214125, 0.0069910, 0.0047811, 0.0010818, 0.0022509, 0.0039440,buy
2012-07-01,1,2,2,1,4,3,1,1,4,2,3,1,3,5,3,4,2,0.868648645152109,0.991769042642438,0.529619761857773, 0.0059479, 0.0084353, 0.0131214, 0.0079512, 0.0072874,buy
2012-07-02,1,3,1,1,4,1,0,0,5,2,2,1,3,4,3,4,1,0.860553194517216,0.99016675197998,0.525580703422622,-0.0009581,-0.0037917,-0.0027543,-0.0030767,-0.0040056,sell
2012-07-03,2,2,1,1,5,1,0,1,4,3,3,2,3,4,2,4,2,0.852524047013772,0.98842316114263,0.521525946259516, 0.0060124, 0.0060296, 0.0057161, 0.0060055, 0.0050211,buy
2012-07-04,1,2,2,3,3,1,1,1,3,2,3,2,3,3,3,3,2,0.844591928483178,0.986537381450042,0.517453247693035,-0.0098565,-0.0118306,-0.0118196,-0.0103370,-0.0124289,sell
2012-07-05,1,2,4,3,3,0,2,0,4,0,3,2,3,3,3,3,2,0.836791607640708,0.984510301582562,0.513364102840124, 0.0109121, 0.0101583, 0.0135913, 0.0099895, 0.0069585,buy
2012-07-06,1,2,3,3,3,0,0,2,2,0,3,1,2,3,2,3,2,0.82915947035118,0.982346364941916,0.509256269025363, 0.0059002, 0.0062018,-0.0068730,-0.0012482, 0.0096554,buy
2012-07-07,2,1,2,3,4,0,1,1,3,2,3,1,3,3,2,4,3,0.821728668180319,0.980039350765687,0.505134231599596,-0.0086163,-0.0082836,-0.0101163,-0.0073558,-0.0113572,sell
2012-07-08,1,0,2,3,4,0,1,1,3,1,3,0,2,3,3,3,2,0.81453720414249,0.977599034537673,0.5009957478874,-0.0084091,-0.0080294,-0.0093221,-0.0086171,-0.0089447,sell
2012-07-09,2,1,2,2,4,1,1,1,3,1,4,1,3,3,2,4,1,0.807622272677288,0.975014752093731,0.496842313005723,-0.0049197,-0.0001672, 0.0030917,-0.0044822, 0.0002182,sell
2012-07-10,2,2,2,2,3,2,1,3,4,3,5,1,4,5,2,5,2,0.801017025350436,0.972296278917658,0.49267467451304, 0.0177510, 0.0077177, 0.0109853, 0.0080026,-0.0021291,buy
2012-07-11,1,2,2,2,3,2,0,4,3,2,4,0,4,4,3,4,2,0.79476350805017,0.96944094896842,0.488491337292403,-0.0016982, 0.0018902, 0.0017755,-0.0032605,-0.0086674,sell
2012-07-12,1,1,3,2,3,1,3,1,3,2,4,1,3,3,2,5,2,0.78889163804312,0.966448762246015,0.484295291577707, 0.0104942, 0.0166725, 0.0164391, 0.0150772, 0.0195183,buy
2012-07-13,1,2,2,4,3,1,2,2,2,2,3,1,3,3,3,6,2,0.78344992981571,0.963331271594932,0.480084294693531,-0.0092593,-0.0020620,-0.0004818,-0.0015518, 0.0110258,buy
2012-07-14,1,2,3,4,3,1,0,2,3,3,3,2,3,3,4,6,1,0.778466683485022,0.960076035490338,0.47586133687377,-0.0000824,-0.0096103,-0.0083776,-0.0062680,-0.0086455,sell
2012-07-15,2,3,3,1,2,1,0,1,2,3,3,1,4,2,2,4,2,0.773982327789745,0.956689274694649,0.471624175443003, 0.0095223, 0.0050328, 0.0009139,-0.0053735, 0.0047338,buy
2012-07-16,1,4,4,0,0,1,0,1,1,2,2,1,3,1,2,3,2,0.770029205720828,0.953173655248902,0.4673765481936, 0.0097088, 0.0089056, 0.0023107, 0.0132102, 0.0106755,buy
2012-07-17,0,3,3,0,0,2,2,1,1,4,3,1,2,2,2,4,2,0.766642894568318,0.949530954513785,0.463117707567086, 0.0084723, 0.0087876, 0.0091521, 0.0081902, 0.0110029,buy
2012-07-18,0,3,2,1,0,2,1,2,2,4,3,1,2,2,3,4,2,0.763848460150201,0.945760283808955,0.458846158446514, 0.0019829, 0.0063805, 0.0066157, 0.0138918, 0.0076712,buy
2012-07-19,0,2,3,0,3,1,0,3,5,3,5,2,2,3,2,4,2,0.761672585434011,0.941866975216482,0.454567133741201, 0.0112344, 0.0152240, 0.0035283, 0.0113007, 0.0101398,buy
2012-07-20,0,1,3,2,2,1,0,0,7,1,3,2,1,4,1,4,2,0.760137101938639,0.937846585334641,0.45027540054183,-0.0014258, 0.0004301,-0.0058712, 0.0116806, 0.0011705,buy
2012-07-21,0,1,2,2,2,2,0,1,3,1,2,2,3,3,1,3,0,0.75925575543524,0.933706223606194,0.445969463731453, 0.0037514,-0.0054824,-0.0030515,-0.0025420,-0.0062424,buy
2012-07-22,0,1,3,0,3,2,1,1,2,3,3,2,3,3,1,3,1,0.759035823096777,0.929445001350794,0.441663526921076, 0.0073363, 0.0051420, 0.0055822, 0.0021996, 0.0056477,buy
2012-07-23,0,4,2,0,3,1,1,0,2,2,3,1,3,3,1,2,2,0.759478922072798,0.925062918568443,0.437355347435276,-0.0041807, 0.0031391, 0.0100207, 0.0115733, 0.0118846,buy
2012-07-24,1,2,3,1,3,2,0,0,2,2,3,2,4,3,0,3,1,0.760575349466017,0.920566196021556,0.433030721663049,-0.0047229,-0.0044776,-0.0089611,-0.0050264,-0.0015257,sell
2012-07-25,2,1,4,2,2,1,0,1,2,0,3,2,3,1,2,2,2,0.762306508056639,0.915949501628062,0.428701610539977,-0.0035862,-0.0031974,-0.0016621,-0.0026813,-0.0011853,sell
2012-07-26,0,0,4,1,5,1,1,1,2,0,3,1,2,3,1,3,2,0.76464814060145,0.911219944830724,0.424366518949112, 0.0089631, 0.0095188, 0.0092262, 0.0082636, 0.0090152,buy
2012-07-27,0,1,4,2,5,1,2,3,1,0,3,2,3,3,2,4,2,0.767565478385179,0.906378414309886,0.42002619444893, 0.0025930, 0.0017473, 0.0003250, 0.0006770, 0.0026341,buy
2012-07-28,0,0,4,2,4,1,2,3,3,1,3,2,4,3,3,4,1,0.771009198346626,0.901423132704858,0.415681384597903, 0.0003517, 0.0009989, 0.0014528, 0.0016464, 0.0025570,buy
2012-07-29,0,1,4,1,4,2,1,2,4,0,3,1,3,3,3,4,2,0.77493159457414,0.896362986819093,0.411330594279085, 0.0012866, 0.0095860, 0.0043175, 0.0013770, 0.0088778,buy
2012-07-30,1,1,3,1,4,1,0,1,3,1,2,0,3,3,2,4,2,0.779273641109235,0.891189089849138,0.406978308843318,-0.0033499,-0.0020799,-0.0002344,-0.0043471,-0.0006822,sell
2012-07-31,1,0,3,2,5,0,0,2,1,3,3,1,3,3,2,3,2,0.783970651970012,0.885912105959135,0.402622285615181,-0.0025020,-0.0027849,-0.0070857,-0.0031809,-0.0039117,sell
2012-08-01,0,2,3,3,4,0,2,0,2,1,3,1,3,3,3,2,2,0.788955515450247,0.88053114646874,0.398264019711622,-0.0061518,-0.0058890,-0.0058325,-0.0061561,-0.0070147,sell
2012-08-02,0,1,5,2,2,0,1,2,2,0,2,1,2,3,3,3,1,0.794154651245529,0.875044434017262,0.393905753808063, 0.0061875, 0.0061490, 0.0040147, 0.0043810, 0.0021245,buy
2012-08-03,1,1,4,3,2,0,1,2,2,0,2,1,3,3,3,3,1,0.799496096200992,0.869459078047463,0.389543750112134, 0.0152864, 0.0146515, 0.0088602, 0.0141403, 0.0143419,buy
2012-08-04,1,1,2,3,2,0,1,0,2,1,2,2,3,1,2,2,1,0.804907887161773,0.863770635157616,0.385183989091627, 0.0061297, 0.0089196, 0.0017501, 0.0058743, 0.0079152,buy
2012-08-05,0,0,2,1,3,0,2,0,1,1,1,1,4,0,2,0,2,0.810316443823459,0.857986214790485,0.380821985395698, 0.0041022, 0.0068191,-0.0022527, 0.0095570, 0.0010701,buy
2012-08-06,2,0,1,1,1,0,2,1,2,2,2,0,5,1,1,1,2,0.815652228755506,0.852104928265723,0.376462224375191,-0.0017269,-0.0008522,-0.0090868,-0.0010533,-0.0030503,sell
2012-08-07,1,1,1,1,1,2,1,2,2,0,3,1,4,1,2,0,1,0.820843278803051,0.846127664263675,0.372103958471632,-0.0015924,-0.0066230,-0.0054454,-0.0131014,-0.0059806,sell
2012-08-08,1,0,2,1,1,1,3,1,2,0,2,0,4,1,2,1,2,0.825820865110322,0.840054422784342,0.367745692568073, 0.0029220, 0.0043207,-0.0063452, 0.0010690,-0.0015990,buy
2012-08-09,1,0,2,2,2,0,3,2,1,0,1,2,3,2,1,2,2,0.830517067396325,0.833894979311522,0.363391164456884, 0.0030281,-0.0078140,-0.0047178,-0.0024175,-0.0060846,sell
2012-08-10,1,0,1,2,3,1,2,2,1,1,0,2,3,3,2,1,3,0.8348720511278,0.827644001763142,0.359039626579591, 0.0035937, 0.0031264,-0.0049899,-0.0004940,-0.0047583,buy
2012-08-11,2,1,1,4,2,1,2,0,2,1,1,2,4,3,2,2,2,0.838817896023753,0.821305933540929,0.354689583819246,-0.0039377,-0.0030196,-0.0072054,-0.0081758,-0.0034797,sell
2012-08-12,2,1,3,3,1,1,1,0,1,1,2,2,3,2,2,2,1,0.842294767550924,0.814879885964538,0.350346269085168,-0.0121999,-0.0124234,-0.0132163,-0.0138026,-0.0142658,sell
2012-08-13,2,1,4,3,2,2,1,0,2,2,1,3,3,4,3,3,2,0.845239596876961,0.808370302435695,0.346007439701934,-0.0120557,-0.0068498,-0.0088052,-0.0045639,-0.0089028,sell
2012-08-14,2,3,1,4,2,2,2,0,2,2,2,2,3,4,3,4,2,0.847597400917247,0.801779848995436,0.341670852994121,-0.0059805,-0.0019108,-0.0112583,-0.0025024,-0.0014175,sell
2012-08-15,1,1,1,4,3,1,1,1,2,3,2,2,3,3,3,4,1,0.849306727988978,0.795109414324105,0.337343984546471, 0.0057853,-0.0025014, 0.0024101, 0.0024604, 0.0020149,buy
2012-08-16,1,1,2,3,4,1,2,0,3,1,2,1,2,4,3,4,2,0.850318255030952,0.788357221061013,0.333026834358984, 0.0001469,-0.0002345,-0.0022954, 0.0015118, 0.0031485,buy
2012-08-17,1,2,1,5,2,2,2,1,5,1,3,3,2,4,4,4,2,0.850576190383782,0.781533044689957,0.328704451262178, 0.0006549,-0.0021532,-0.0014592,-0.0027805,-0.0011622,buy
2012-08-18,1,2,2,3,2,2,2,2,4,2,3,4,1,4,4,4,2,0.850036871009684,0.774634219169902,0.324401504685697,-0.0030222,-0.0073421,-0.0027255,-0.0086897,-0.0076858,sell
2012-08-19,1,4,1,2,1,2,4,2,4,2,5,4,1,3,5,3,2,0.848656633870874,0.767662521861537,0.3201105190448,-0.0151369,-0.0166085,-0.0138902,-0.0136966,-0.0172336,sell
2012-08-20,1,4,3,1,2,3,4,0,3,3,5,3,3,4,4,3,2,0.846400710252081,0.760618841445208,0.315825513871695, 0.0258545, 0.0323254, 0.0215465, 0.0253274, 0.0392237,buy
2012-08-21,3,3,3,4,1,2,2,0,3,1,5,3,4,1,4,2,3,0.843240800036224,0.753506732642296,0.311548731841805,-0.0026592,-0.0037871,-0.0004772,-0.0046065,-0.0024369,sell
2012-08-22,3,3,2,3,1,1,2,0,4,0,4,3,4,1,4,1,2,0.839159923153054,0.746332416215217,0.307284658305973, 0.0050962, 0.0032947, 0.0048279,-0.0011228, 0.0058893,buy
2012-08-23,1,3,2,3,2,1,3,1,3,0,4,2,4,2,3,2,2,0.834143525256642,0.739090560081901,0.303034788381147, 0.0137124, 0.0086960, 0.0087305, 0.0086554, 0.0071449,buy
2012-08-24,1,2,2,4,0,1,5,2,2,1,3,3,4,2,4,2,2,0.828198883519952,0.731788273685108,0.298794636716484,-0.0018500,-0.0045617,-0.0023378, 0.0097497,-0.0010733,buy
2012-08-25,0,3,3,3,1,2,3,2,2,0,4,3,3,3,1,3,2,0.821335700840271,0.724422890983805,0.294570931338249,-0.0075635,-0.0103737,-0.0089271,-0.0077436,-0.0014183,sell
2012-08-26,1,3,2,4,1,1,2,0,4,1,2,3,4,3,1,5,1,0.813570957287846,0.717001521420751,0.290359934454073,-0.0082299,-0.0191339,-0.0111800,-0.0104018,-0.0089341,sell
2012-08-27,1,2,2,4,2,2,1,1,3,1,2,3,4,3,1,4,2,0.80493942157795,0.709521498954912,0.286164636297851,-0.0277949,-0.0269514,-0.0292448,-0.0245806,-0.0193553,sell
2012-08-28,0,2,2,5,1,2,3,1,3,2,2,3,5,4,2,3,2,0.795482331024044,0.701987266988014,0.281985036869584,-0.0274801,-0.0258473,-0.0277322,-0.0282878,-0.0220032,sell
2012-08-29,0,4,3,2,2,1,3,0,4,1,1,4,3,4,2,5,1,0.785251434411649,0.694399714200401,0.277822631286219, 0.0036738,-0.0005377, 0.0055832, 0.0061956, 0.0070200,buy
2012-08-30,1,4,4,2,3,1,0,3,3,1,2,3,3,4,4,5,1,0.774292011928095,0.686760617952765,0.273678914664705,-0.0110226,-0.0034210,-0.0039609,-0.0029731, 0.0075715,sell
2012-08-31,1,3,3,2,2,1,1,1,4,2,2,3,3,3,4,4,1,0.762663089531868,0.679073532966486,0.269553887005042,-0.0013215,-0.0026101,-0.0092189,-0.0023990,-0.0003282,sell
2012-09-01,0,2,3,2,3,1,0,1,3,2,1,3,2,2,5,3,1,0.750432587503962,0.671335793200529,0.265446053190281, 0.0075747, 0.0045156, 0.0049580, 0.0019471, 0.0155678,buy
2012-09-02,1,2,3,0,5,1,1,2,3,3,2,4,2,4,3,4,2,0.737656297503768,0.66355361941731,0.261359898571266, 0.0044022, 0.0037878, 0.0062720, 0.0031286, 0.0035853,buy
2012-09-03,1,3,2,0,4,2,0,3,3,3,3,3,2,5,3,4,1,0.724394054064544,0.655725234256139,0.257293928031051, 0.0132377, 0.0095727, 0.0107399, 0.0106134, 0.0106797,buy
2012-09-04,0,2,2,0,3,3,1,3,3,3,3,3,3,4,3,3,1,0.710706500294321,0.647856858479432,0.253249636686582, 0.0118866, 0.0094055, 0.0066595, 0.0089037, 0.0092535,buy
2012-09-05,0,1,2,0,3,1,2,3,3,2,3,3,2,3,3,3,0,0.696647810702943,0.639945826046155,0.249226276979385, 0.0086085, 0.0067007, 0.0072671, 0.0038177, 0.0059569,buy
2012-09-06,0,1,1,1,4,0,1,5,3,4,4,2,2,3,4,3,2,0.682275394099345,0.631997469038377,0.245228334260306, 0.0000645, 0.0002917, 0.0028288,-0.0021898,-0.0052901,buy
2012-09-07,0,0,0,1,5,0,0,4,4,4,3,2,2,2,5,2,2,0.667632104946537,0.624010010095409,0.241252070736973,-0.0028508,-0.0029146,-0.0046144,-0.0093820,-0.0079109,sell
2012-09-08,1,1,0,1,4,0,0,5,3,2,4,2,2,2,3,2,2,0.652775352053456,0.615990558660012,0.237301971760231, 0.0079658, 0.0069096, 0.0069685, 0.0088829, 0.0062732,buy
2012-09-09,0,0,3,1,3,1,1,3,1,2,3,1,2,3,2,2,2,0.637737478411053,0.607935560010806,0.233375794654658, 0.0040092, 0.0047123, 0.0030243, 0.0005353, 0.0009524,buy
2012-09-10,0,1,3,1,3,1,2,2,0,3,5,1,3,2,1,2,2,0.622563764206659,0.599849457549517,0.229479519888046, 0.0019843,-0.0048244,-0.0049387,-0.0078070,-0.0075242,sell
2012-09-11,0,4,2,1,4,0,1,2,0,3,5,2,3,2,2,2,1,0.60728816958077,0.591734917317181,0.22560492431718,-0.0076550,-0.0006741,-0.0009296,-0.0002239,-0.0054442,sell
2012-09-12,1,3,2,0,4,0,0,2,0,2,2,2,1,4,1,2,2,0.591944654673886,0.583594605354832,0.221760231085276,-0.0004897, 0.0011507, 0.0091394, 0.0023081,-0.0021444,buy
2012-09-13,1,2,1,2,2,0,1,1,2,1,2,1,0,4,2,2,2,0.576554242430123,0.575429410342817,0.217943945075384,-0.0131767,-0.0114035,-0.0110692,-0.0076434,-0.0121707,sell
2012-09-14,0,4,2,2,3,1,2,2,1,0,2,1,2,5,2,3,2,0.561154935863849,0.567240220961481,0.214158308962927, 0.0116279, 0.0083132, 0.0053626, 0.0067513, 0.0142445,buy
2012-09-15,0,5,2,0,4,0,2,4,1,1,3,2,2,5,2,2,3,0.545759672171444,0.559027925891169,0.210402575189431, 0.0062414, 0.0052709, 0.0079142, 0.0021971, 0.0045427,buy
2012-09-16,0,5,1,0,4,1,3,4,0,1,3,2,3,4,3,2,2,0.530399985769084,0.550799634574642,0.206680481547267,-0.0051866,-0.0121030,-0.0034558,-0.0146827,-0.0074069,sell
2012-09-17,0,4,1,1,2,1,3,2,2,1,5,2,3,2,2,1,2,0.515090431002697,0.542552680970866,0.202988290244063, 0.0053065,-0.0047547, 0.0014667,-0.0085249,-0.0080067,buy
2012-09-18,1,4,1,1,3,1,2,1,2,2,5,2,3,3,3,2,0,0.499844753643438,0.534293285842256,0.199330486630664,-0.0042673, 0.0043064, 0.0042963, 0.0031058,-0.0020041,buy
2012-09-19,1,4,0,2,5,1,1,3,2,3,4,3,4,5,1,4,1,0.484683976635423,0.526020560508467,0.195707070707071, 0.0038045, 0.0032995, 0.0060644, 0.0036269, 0.0015342,buy
2012-09-20,1,5,1,2,2,1,3,3,1,3,3,3,4,5,2,4,1,0.469619420025486,0.517737171010536,0.192118042473282, 0.0006078, 0.0017013, 0.0023537,-0.0032747,-0.0003180,buy
2012-09-21,0,2,2,1,2,2,3,3,1,3,4,3,3,3,2,3,1,0.454664829584781,0.509445783389498,0.188566392163195, 0.0059942, 0.0015123, 0.0022524, 0.0014406,-0.0006742,buy
2012-09-22,1,3,1,4,2,2,2,2,3,2,4,3,3,4,2,4,2,0.439834759659234,0.501147286325698,0.185050624659861, 0.0194547, 0.0002446, 0.0088973, 0.0026355,-0.0050261,buy
2012-09-23,1,2,0,5,4,1,1,3,2,3,4,2,5,4,1,4,2,0.425136487421811,0.492845234540517,0.181571487521754, 0.0224608, 0.0139045, 0.0237521, 0.0242092, 0.0210205,buy
2012-09-24,0,2,1,5,3,1,2,2,2,2,5,2,5,2,2,3,1,0.410585375793212,0.484541405394645,0.178132718541244,-0.0020456,-0.0110628,-0.0110969,-0.0035302,-0.0166955,sell
2012-09-25,0,3,2,5,1,1,3,2,1,3,4,2,4,4,3,4,0,0.396180616198664,0.476234910207738,0.17473581283528,-0.0040602,-0.0069343,-0.0060595,-0.0053693,-0.0026418,sell
2012-09-26,1,1,3,4,1,2,0,4,0,3,2,3,3,4,2,4,1,0.381939188708415,0.467932858422557,0.171377780169965, 0.0024560, 0.0008825, 0.0019051, 0.0017027, 0.0001191,buy
2012-09-27,1,2,2,4,1,2,1,2,1,2,2,3,3,4,1,4,1,0.367869179070204,0.459633472678411,0.168060863220721,-0.0068503,-0.0062041,-0.0011786,-0.0056185,-0.0073291,sell
2012-09-28,0,1,2,5,1,1,1,2,1,3,2,4,1,4,1,4,1,0.353977864456994,0.451339419016338,0.164788052221445, 0.0036983, 0.0028962, 0.0027465, 0.0034728,-0.0003921,buy
2012-09-29,1,0,2,3,2,2,2,2,1,3,1,4,2,4,2,4,1,0.34026847916788,0.443053363477371,0.161557852055188, 0.0012020, 0.0000880, 0.0008503, 0.0009737,-0.0005207,buy
2012-09-30,1,1,0,3,0,2,2,3,2,3,1,4,2,4,2,3,1,0.326753151824468,0.434776194741856,0.158371010280424, 0.0022014, 0.0018199, 0.0020469, 0.0019547, 0.0000767,buy
2012-10-01,1,1,1,0,1,3,2,4,4,2,2,4,3,3,4,1,2,0.313438351024949,0.426511467531175,0.15523051713105, 0.0030314, 0.0044815,-0.0014531, 0.0040392, 0.0048379,buy
2012-10-02,1,0,2,0,1,3,3,2,3,3,1,4,3,2,4,2,2,0.300330545367513,0.418258293164982,0.152137867724013, 0.0098526, 0.0042869, 0.0082751, 0.0040164, 0.0033286,buy
2012-10-03,1,1,1,2,0,3,3,2,2,3,2,4,3,2,3,2,2,0.287430543426934,0.410022003725348,0.149087829149996, 0.0071294, 0.0070391, 0.0086705, 0.0004285, 0.0010932,buy
2012-10-04,1,0,1,3,2,3,2,2,3,4,1,4,5,2,4,3,2,0.274754516698686,0.401802599212274,0.146090119669161, 0.0046283, 0.0020099, 0.0053863, 0.0047379, 0.0043704,buy
2012-10-05,2,1,3,3,2,1,2,1,3,2,3,3,5,2,4,2,1,0.262305699481865,0.393592970182997,0.143141749047611, 0.0138476, 0.0071981, 0.0137259, 0.0102089, 0.0097652,buy
2012-10-06,2,0,5,3,2,1,2,1,2,2,3,4,5,1,5,1,1,0.250089751799887,0.385422443088911,0.14023972705145, 0.0083706,-0.0017719, 0.0105835,-0.0004803, 0.0051963,buy
2012-10-07,1,0,5,2,3,2,2,1,3,2,2,3,5,3,3,3,2,0.238112333676169,0.377267912241039,0.137391529265419, 0.0041025,-0.0047675,-0.0024581,-0.0014614,-0.0081764,buy
2012-10-08,1,2,3,4,2,2,3,2,2,1,3,3,5,3,3,3,2,0.22638638230709,0.369137375762488,0.134592670338674,-0.0055549,-0.0020702,-0.0033549,-0.0070467,-0.0089965,sell
2012-10-09,1,0,4,2,4,0,3,3,2,2,3,3,3,3,3,3,3,0.214914323416972,0.36103616573533,0.13184614050511, 0.0015892, 0.0157088, 0.0054716, 0.0015506, 0.0098540,buy
2012-10-10,0,1,4,3,3,0,2,1,3,1,2,2,2,4,1,5,2,0.203708285627422,0.352964282159564,0.129154182440151,-0.0002999,-0.0022950,-0.0050340,-0.0020381,-0.0153976,sell
2012-10-11,0,1,3,3,2,1,2,1,4,2,2,3,3,4,2,4,1,0.192769886087986,0.344926168436918,0.126514553468372, 0.0062101,-0.0054890,-0.0017672, 0.0058281,-0.0051267,buy
2012-10-12,1,0,4,1,2,1,2,2,3,3,2,2,3,4,3,3,2,0.182112061995045,0.336924490608426,0.123932486499094,-0.0153715,-0.0127016, 0.0133842,-0.0182600,-0.0037891,sell
2012-10-13,1,2,2,0,1,0,3,3,2,3,4,1,2,3,4,1,2,0.171744516245884,0.328958359993744,0.121406486415367, 0.0127092, 0.0031798, 0.0124610, 0.0127747, 0.0258131,buy
2012-10-14,0,1,2,1,2,1,4,2,2,2,4,2,2,2,3,2,2,0.161673717438694,0.321030442633906,0.118938795892615, 0.0319208, 0.0155219, 0.0288188, 0.0235248, 0.0200017,buy
2012-10-15,1,1,3,2,1,0,2,4,1,1,4,2,3,1,2,1,3,0.151908559895985,0.313146070610985,0.116527172255414, 0.0043069, 0.0053795, 0.0026523, 0.0091842, 0.0030192,buy
2012-10-16,1,2,2,1,3,0,2,3,3,1,4,2,3,2,2,2,3,0.14246683226278,0.305306132605326,0.114175353296135, 0.0131166, 0.0086188, 0.0044725, 0.0113565, 0.0114587,buy
2012-10-17,0,2,1,2,2,0,2,3,2,2,3,1,3,2,2,3,2,0.133346108814759,0.297511517297274,0.111883339014778,-0.0150005,-0.0087466,-0.0056795,-0.0086223,-0.0235952,sell
2012-10-18,1,1,2,1,1,1,3,4,1,2,3,2,2,3,3,3,1,0.124567412496038,0.28976577940821,0.109651129411343, 0.0117843,-0.0016347, 0.0096080, 0.0067160, 0.0114547,buy
2012-10-19,1,2,2,1,1,1,1,4,3,2,3,1,3,2,4,3,2,0.116142063353451,0.282077805741586,0.107480967161251, 0.0034915,-0.0020677,-0.0035512,-0.0034735,-0.0025660,sell
2012-10-20,2,3,2,2,1,0,2,4,3,2,3,2,4,4,3,3,2,0.108077338559961,0.274431600051188,0.105373599822978, 0.0017330,-0.0175150,-0.0158767,-0.0058323,-0.0081582,sell
2012-10-21,1,2,2,2,1,0,3,4,1,0,2,3,4,3,1,1,2,0.100396686784007,0.266847601984956,0.103327532279575, 0.0076092, 0.0091584,-0.0011329, 0.0042850, 0.0050991,buy
2012-10-22,1,1,1,4,0,1,3,3,3,1,3,3,2,4,2,2,2,0.0931049594742323,0.25932225682151,0.101346502323412,-0.0027167,-0.0036838,-0.0111486,-0.0159723,-0.0152765,sell
2012-10-23,1,2,2,3,1,1,1,4,2,0,3,2,1,4,2,2,3,0.0862239881495281,0.251858230601885,0.0994320050714367, 0.0109681, 0.0100366, 0.0083762, 0.0130121, 0.0107061,buy
2012-10-24,2,3,2,1,2,1,1,4,2,0,4,1,2,4,2,3,2,0.0797683271558221,0.244456412006427,0.0975817978482277,-0.0119842,-0.0127461,-0.0121210,-0.0118014,-0.0119491,sell
2012-10-25,1,2,1,2,2,1,1,2,2,3,4,1,3,3,3,2,1,0.0737614251615532,0.237120355756516,0.0957966282122588, 0.0003154, 0.0013649,-0.0001185,-0.0001185,-0.0030233,buy
2012-10-26,2,3,1,2,3,2,1,1,2,1,3,1,4,2,4,2,2,0.0682162193631018,0.229853616573533,0.0940809815143741, 0.0078199, 0.0119724, 0.0079392, 0.0061051, 0.0045791,buy
2012-10-27,2,2,2,1,3,2,3,2,3,2,4,1,5,3,5,2,2,0.0631642441766445,0.222649973695062,0.0924333626376255, 0.0307938, 0.0309913, 0.0295602, 0.0364285, 0.0296090,buy
2012-10-28,1,2,1,0,2,2,2,2,3,1,3,1,3,2,4,2,1,0.0586208625228827,0.215527200728007,0.0908545191404872, 0.0133329, 0.0139325, 0.0074560, 0.0136406, 0.0127783,buy
2012-10-29,1,1,1,1,3,3,3,2,3,1,3,1,3,2,5,3,2,0.0546192259675406,0.208475522188571,0.089344451022959, 0.0322836, 0.0354334, 0.0323873, 0.0215997, 0.0224869,buy
2012-10-30,1,1,2,2,3,2,4,2,2,1,3,1,2,3,4,5,2,0.0511860174781523,0.20149938147848,0.0879054009604631, 0.0221694, 0.0218702, 0.0218702, 0.0166981, 0.0151260,buy
2012-10-31,1,0,2,2,4,2,2,2,3,3,1,1,3,3,5,5,3,0.0483584314943109,0.194604110679805,0.0865358738360515, 0.0096617, 0.0101296, 0.0070693, 0.0022866, 0.0069717,buy
2012-11-01,1,2,2,0,4,3,2,1,3,3,2,1,4,3,4,5,2,0.046171236731288,0.187788821112201,0.0852388598836201, 0.0097787, 0.0099996, 0.0114220, 0.0033936, 0.0066924,buy
2012-11-02,1,3,1,1,0,3,2,1,2,2,2,1,2,2,4,3,2,0.0446624362034504,0.181056178816704,0.084013611544695, 0.0004113, 0.0014732, 0.0001745,-0.0098597,-0.0064619,sell
2012-11-03,0,2,3,0,1,3,3,1,2,4,2,0,2,4,4,4,3,0.04388620442064,0.174412404555731,0.0828631190531724, 0.0187856, 0.0154944, 0.0149846,-0.0050674, 0.0054023,buy
2012-11-04,0,3,1,1,2,2,3,1,0,4,2,1,2,3,3,5,1,0.0438870129954138,0.167855720968591,0.08178513973363,-0.0099960,-0.0086862,-0.0063888,-0.0080853,-0.0078155,sell
2012-11-05,0,4,2,0,3,1,2,2,0,3,2,1,3,2,4,5,0,0.04472469646103,0.161389682776664,0.0807796735860679,-0.0030686,-0.0037988,-0.0030502,-0.0010972,-0.0004686,sell
2012-11-06,0,2,3,2,3,0,2,2,2,3,4,1,4,3,3,3,1,0.0464574722011993,0.155017844701332,0.0798497108443823, 0.0082473,-0.0080892,-0.0113078, 0.0048458,-0.0099797,buy
2012-11-07,0,2,3,3,1,1,2,2,2,2,3,1,4,3,2,3,2,0.0491540690716915,0.148741095422941,0.078995999067047, 0.0003523, 0.0028616,-0.0114419, 0.0010051,-0.0041108,sell
2012-11-08,0,3,3,2,2,1,3,1,1,1,2,1,4,2,2,4,2,0.0528783644796336,0.142562100982525,0.0782200333710103, 0.0035069, 0.0042153, 0.0082427, 0.0020535,-0.0017759,buy
2012-11-09,0,5,3,2,1,0,3,2,0,3,4,2,3,3,2,3,2,0.057690192958284,0.136485304781811,0.0775188235223759, 0.0044089,-0.0114447,-0.0020138,-0.0022137,-0.0138356,buy
2012-11-10,0,4,2,2,2,1,2,2,0,3,3,1,4,3,2,4,1,0.0636453461670322,0.130509818140454,0.076893117079618,-0.0085119,-0.0247507,-0.0244032,-0.0101521,-0.0267735,sell
2012-11-11,1,2,3,3,0,1,1,2,1,2,2,1,4,2,1,4,2,0.0707785928211498,0.124641861820871,0.0763466518351066,-0.0222313,-0.0130466,-0.0163225,-0.0115037,-0.0174173,sell
2012-11-12,1,1,3,3,1,0,1,2,3,1,2,1,5,2,2,3,1,0.0790964015188269,0.11887965846237,0.0758831655812118, 0.0097101, 0.0106449, 0.0033106, 0.0100715, 0.0086064,buy
2012-11-13,1,2,1,3,2,0,3,4,2,1,1,2,5,3,2,4,2,0.0885688549934344,0.113229428827369,0.0754884547069272,-0.0155408,-0.0345679,-0.0324108,-0.0151197,-0.0163771,sell
2012-11-14,0,0,1,2,0,0,5,3,1,2,0,2,3,3,1,3,2,0.0991005414216685,0.107692061596212,0.0751774703817333,-0.0175932,-0.0033213,-0.0045318, 0.0016212,-0.0037703,sell
2012-11-15,0,1,1,1,0,1,3,3,2,1,1,1,2,2,2,3,2,0.110542683045157,0.1022675567689,0.0749464748132599,-0.0305750,-0.0290835,-0.0295223,-0.0197334,-0.0290835,sell
2012-11-16,2,1,0,0,0,0,2,3,4,2,0,2,3,3,2,2,2,0.122669687502021,0.096961246427505,0.074791730209137, 0.0179941, 0.0037706, 0.0093453, 0.0158909, 0.0165817,buy
2012-11-17,1,0,0,1,1,0,2,3,2,3,2,1,3,3,1,1,2,0.135190467873707,0.0917766852934067,0.0747184694786827,-0.0181278,-0.0257415,-0.0220576,-0.0235511,-0.0152321,sell
2012-11-18,0,1,0,2,0,0,4,2,3,4,2,1,3,3,2,2,3,0.147766231330008,0.0867112073255698,0.0747259450634229,-0.0070224,-0.0166175,-0.0036447,-0.0081665,-0.0019054,sell
2012-11-19,0,2,2,2,0,0,2,4,3,3,2,1,3,3,3,4,2,0.160031502073186,0.0817692559257206,0.0748149045218317,-0.0028445,-0.0387767, 0.0010050, 0.0011106, 0.0025276,sell
2012-11-20,1,2,3,2,0,0,2,5,3,2,2,4,4,2,3,4,1,0.171615144282083,0.0769552744955851,0.074981610061539, 0.0015650, 0.0077155,-0.0015751,-0.0079121,-0.0011096,buy
2012-11-21,2,2,2,3,0,0,2,2,5,3,3,4,5,3,2,3,1,0.182183216575136,0.0722728177565443,0.075232042150337, 0.0123113, 0.0002553, 0.0082538, 0.0101185,-0.0004356,buy
2012-11-22,2,1,2,4,2,0,2,2,3,3,2,3,5,2,3,4,2,0.191467272127457,0.0677165536265268,0.0755624629958555, 0.0079134, 0.0066456, 0.0064981, 0.0024008, 0.0050149,buy
2012-11-23,3,1,2,2,3,0,3,2,3,4,2,4,4,3,4,5,1,0.199265167245606,0.0632944802286397,0.0759766103904648, 0.0083000, 0.0055865, 0.0076116, 0.0089910, 0.0075326,buy
2012-11-24,2,3,2,1,1,0,2,2,3,3,1,4,4,3,3,4,0,0.205449955690102,0.0590065975628831,0.0764677563078984,-0.0045545,-0.0091271,-0.0098875,-0.0051036,-0.0051041,sell
2012-11-25,2,2,4,1,1,2,3,2,4,2,1,4,4,4,4,5,1,0.209987677320448,0.0548582377113282,0.0770418812159487, 0.0024960, 0.0024514, 0.0095053, 0.0066181, 0.0065575,buy
2012-11-26,2,1,3,1,1,2,5,2,3,2,1,4,2,4,4,6,1,0.212894503632118,0.0508431799115586,0.0777004802315637, 0.0127167, 0.0141196, 0.0176134, 0.0154295, 0.0068312,buy
2012-11-27,2,1,1,3,2,0,3,1,3,2,1,3,2,4,3,5,0,0.214236737756561,0.0469729770080621,0.0784375728869512,-0.0007559,-0.0020728, 0.0016202, 0.0014566,-0.0165058,buy
2012-11-28,3,2,1,1,7,1,3,0,4,2,4,3,3,4,4,5,1,0.214125154437782,0.0432431855991128,0.0792621298837995,-0.0000764, 0.0000578,-0.0130103,-0.0036371,-0.0004759,sell
2012-11-29,3,2,1,3,6,1,3,0,3,0,4,3,2,4,4,3,2,0.212696402812546,0.0396582490864366,0.0801599476111022,-0.0107489,-0.0101086,-0.0061589,-0.0107513,-0.0051829,sell
2012-11-30,2,1,3,3,2,2,3,1,3,1,3,2,2,5,5,3,1,0.21008713201762,0.0362172787896885,0.0811459772383396, 0.0116538, 0.0042104, 0.0085533, 0.0077192, 0.0106773,buy
2012-12-01,2,2,2,2,2,3,4,1,3,1,4,3,2,5,4,3,1,0.206451779834792,0.032926495471285,0.0822105005053495,-0.0020695,-0.0003215, 0.0018268,-0.0036209,-0.0004487,sell
2012-12-02,1,5,0,2,3,1,3,3,1,0,4,2,5,3,2,2,1,0.201928612550374,0.0297823444098452,0.0833580027629762,-0.0041606, 0.0072379, 0.0083705, 0.0084347, 0.0016218,buy
2012-12-03,1,3,1,1,5,1,2,3,2,2,5,3,4,4,1,2,2,0.196654279301133,0.0267910463677857,0.0845884840112194,-0.0028087,-0.0079232,-0.0038389,-0.0049402,-0.0120626,sell
2012-12-04,1,1,0,4,4,1,2,2,2,1,4,3,2,5,0,3,1,0.19076057777519,0.0239534900254518,0.0858974588992351,-0.0083954,-0.0110670,-0.0088751,-0.0114930,-0.0146345,sell
2012-12-05,0,1,1,4,2,2,1,2,2,0,2,3,3,3,1,3,0,0.184362325590421,0.0212661206614626,0.0872901603363415, 0.0217159, 0.0209592, 0.0221584, 0.0199351, 0.0170353,buy
2012-12-06,0,1,2,1,2,1,1,3,3,1,3,3,2,2,2,2,1,0.177561403168319,0.0187360477185798,0.0887635980886425, 0.0152328, 0.0169279, 0.0144281, 0.0155184, 0.0147698,buy
2012-12-07,0,4,0,1,1,2,1,5,2,0,2,3,3,3,1,2,2,0.170454030906962,0.0163623825164584,0.0903177721561381, 0.0159054, 0.0139145, 0.0118845, 0.0164517, 0.0064891,buy
2012-12-08,0,2,1,2,1,1,2,4,1,3,1,4,5,3,1,2,1,0.163131577755785,0.0141469024157887,0.0919526825388282,-0.0191812, 0.0008238,-0.0216443,-0.0193333,-0.0199851,sell
2012-12-09,0,2,1,3,1,0,2,4,0,2,1,3,5,2,0,3,1,0.155652261098497,0.0120913847772612,0.0936675816782389,-0.0039042, 0.0029459,-0.0036730,-0.0066554,-0.0075643,sell
2012-12-10,1,2,1,1,2,0,1,4,2,1,1,3,4,2,2,3,0,0.148096129837703,0.0101940522401854,0.0954647122497922, 0.0116385, 0.0086230,-0.0091903, 0.0077578, 0.0044519,buy
2012-12-11,1,2,1,2,0,0,1,6,1,2,0,4,4,2,1,4,1,0.140514124184148,0.00846023688663286,0.097340336461118, 0.0109149, 0.0095569, 0.0079283, 0.0100596, 0.0059165,buy
2012-12-12,0,1,2,0,0,1,3,5,0,2,1,3,3,2,2,3,0,0.132958801498127,0.0068890500362582,0.0992974445461124, 0.0142992, 0.0061200,-0.0031717, 0.0042953,-0.0121594,buy
2012-12-13,0,2,1,0,0,0,3,4,1,3,0,3,3,1,2,4,1,0.125478676266066,0.00548138036940667,0.101332298712405, 0.0138644, 0.0112168, 0.0028636, 0.0135623, 0.0068981,buy
2012-12-14,1,1,1,1,1,1,3,5,2,3,3,2,4,3,3,3,1,0.118099622880726,0.00423456184504262,0.103442656284575,-0.0011508,-0.0016990,-0.0034947,-0.0044977,-0.0044316,sell
2012-12-15,1,1,1,2,0,1,4,4,2,1,3,3,3,1,2,3,2,0.11087015582853,0.00315836994696359,0.105635992847361,-0.0177676,-0.0180122,-0.0145745,-0.0080249,-0.0069603,sell
2012-12-16,0,1,3,1,0,1,5,2,2,2,3,2,2,2,3,4,1,0.103817766651789,0.00223858578964583,0.107904832816023,-0.0149404,-0.0051532, 0.0002451,-0.0115107,-0.0039269,sell
2012-12-17,1,3,2,1,0,1,4,4,0,2,3,3,2,2,3,4,1,0.0969667125937138,0.00149120561930359,0.110252166424458,-0.0115910,-0.0185238,-0.0115910,-0.0182956,-0.0182956,sell
2012-12-18,1,1,2,1,0,1,4,3,2,3,4,3,3,2,3,2,1,0.0903436766218393,0.000909119993174969,0.112674255880295,-0.0113531,-0.0071121,-0.0088682,-0.0120563,-0.0119688,sell
2012-12-19,0,1,1,2,0,2,4,2,2,2,4,4,2,1,3,1,1,0.0839704902550568,0.000492328911259966,0.115172596300483,-0.0025548,-0.0000075, 0.0003676,-0.0015781,-0.0027214,sell
2012-12-20,1,0,2,2,1,2,5,1,3,2,4,3,3,3,3,2,1,0.077865750713163,0.000242609734249061,0.117744945009599,-0.0106153,-0.0058027,-0.0056462,-0.0161260,-0.0132928,sell
2012-12-21,1,1,2,2,1,1,3,3,2,1,4,2,2,3,2,2,2,0.0720440123420854,0.000159073781797026,0.120395787358487, 0.0034847,-0.0028328,-0.0001752,-0.0033314,-0.0024592,buy
2012-12-22,0,1,1,2,0,1,5,2,2,2,3,3,3,2,1,3,1,0.0665262980859418,0.000245275775284765,0.12311989043783,-0.0265301,-0.0165445,-0.0157850,-0.0157483,-0.0159080,sell
2012-12-23,0,2,2,1,1,2,6,1,2,1,3,3,3,2,2,4,1,0.06132716229066,0.000498549673676609,0.125917254247627,-0.0129797,-0.0151799,-0.0111774,-0.0170151,-0.0135333,sell
2012-12-24,0,2,1,1,0,1,3,2,1,1,1,3,2,2,1,3,0,0.05645307355443,0.000917118116282077,0.128786383670931, 0.0126066, 0.0085126, 0.0075505, 0.0124706, 0.0079981,buy
2012-12-25,2,1,1,1,3,2,3,2,2,2,3,2,3,4,3,3,1,0.0519234376718222,0.00150542450482734,0.131729521383163, 0.0110611, 0.0087908, 0.0076529, 0.0032496, 0.0020079,buy
2012-12-26,2,2,0,1,3,2,3,2,4,1,3,2,3,3,4,4,1,0.047746340390574,0.00225991411793147,0.134743677150427, 0.0054556, 0.0019703, 0.0025294, 0.0030585, 0.0042264,buy
2012-12-27,1,1,1,1,2,0,1,2,2,2,1,2,2,1,3,4,0,0.0439298674584231,0.00318147563593969,0.137830346089671, 0.0107938, 0.0060903, 0.0041017, 0.0078095, 0.0054551,buy
2012-12-28,1,1,2,1,3,1,2,2,2,2,2,2,3,2,3,4,1,0.0404869560717497,0.00426566565712582,0.140986537967, 0.0145685, 0.0158425, 0.0144620, 0.0063241, 0.0073539,buy
2012-12-29,1,2,0,1,2,1,1,3,3,1,2,1,3,2,3,3,1,0.0374281177026127,0.00551692758321606,0.144211505223939,-0.0029453,-0.0028518,-0.0034848,-0.0035805,-0.0042175,sell
2012-12-30,1,2,1,1,3,1,1,3,4,2,3,2,3,2,4,4,1,0.0347565866501071,0.00693170669282944,0.147505247860488, 0.0023087, 0.0015533, 0.0007148,-0.0036963, 0.0000310,buy
2012-12-31,1,1,3,1,2,1,1,1,4,1,3,2,2,2,2,4,1,0.0324836829610655,0.00851355770734692,0.150866270759699, 0.0121319, 0.0036739, 0.0073726, 0.0054038,-0.0024702,buy
2013-01-01,1,1,2,2,3,1,3,2,3,1,2,3,3,3,2,5,1,0.0306191095327732,0.0102580372250423,0.154298311713942, 0.0009075,-0.0073517, 0.0013260,-0.0053762,-0.0045389,sell
2013-01-02,1,2,2,0,3,1,2,3,4,3,3,3,3,3,4,4,1,0.0291636749400038,0.0121686999672966,0.157791652463056,-0.0091032,-0.0127036,-0.0135381,-0.0083387,-0.0104823,sell
2013-01-03,2,3,1,1,2,0,2,4,3,3,3,3,3,4,4,3,1,0.028131933528685,0.0142357704503121,0.161354516150253, 0.0072761,-0.0051015,-0.0017059, 0.0027246, 0.0005877,buy
2013-01-04,2,2,3,0,2,1,3,3,2,3,3,3,2,5,4,4,0,0.0275279281726857,0.0164672467971961,0.164981669866217, 0.0058014, 0.0054514, 0.0029300, 0.0060519, 0.0021782,buy
2013-01-05,1,2,1,2,1,0,3,3,3,3,3,3,2,3,4,3,1,0.0273548931711009,0.0188560195651865,0.168671618493999, 0.0195923,-0.0090999, 0.0192715, 0.0194042, 0.0210287,buy
2013-01-06,2,1,2,0,3,0,2,4,4,3,3,4,2,3,4,3,2,0.0276209142716682,0.0214056434756644,0.17242660470902, 0.0003967, 0.0086110, 0.0213542, 0.0177225, 0.0174055,buy
2013-01-07,2,1,1,1,2,0,2,5,3,2,3,3,3,4,4,1,1,0.0283300343482564,0.0241161185286298,0.176242890718912,-0.0043995,-0.0079265,-0.0073515,-0.0089061,-0.0017024,sell
2013-01-08,1,0,2,1,0,1,5,5,3,2,3,3,4,4,4,1,1,0.0294911477233769,0.0269794466009754,0.180121971640622,-0.0038984,-0.0089104,-0.0026744,-0.0061881,-0.0071495,sell
2013-01-09,1,1,1,1,0,1,4,5,3,2,3,4,3,3,4,2,0,0.0311058715465772,0.029993850332011,0.184060857240253,-0.0065405,-0.0025640,-0.0063671,-0.0077060,-0.0088081,sell
2013-01-10,2,1,0,1,1,0,3,4,3,3,2,3,4,2,3,3,1,0.0331831001403686,0.033169105205534,0.188060295076281,-0.0082456,-0.0114050,-0.0066847,-0.0041530, 0.0059572,sell
2013-01-11,1,0,0,3,2,0,3,2,2,2,5,2,3,2,2,1,0,0.0357228335047512,0.036491881016366,0.192117294914808,-0.0013429, 0.0016103, 0.0006887,-0.0007455, 0.0036170,buy
2013-01-12,1,0,1,3,1,0,4,1,2,3,5,0,3,3,2,2,1,0.0387315402379151,0.0399657324858878,0.196232604314309,-0.0198507,-0.0210383,-0.0214190,-0.0229373,-0.0013702,sell
2013-01-13,2,2,1,2,1,0,1,4,1,3,5,1,2,3,3,2,1,0.0422140717885027,0.0435844388516828,0.200402485482414, 0.0039613, 0.0035636, 0.0032973, 0.0024676, 0.0053729,buy
2013-01-14,2,2,1,2,1,0,1,3,3,2,5,0,1,3,3,3,2,0.0461752796051568,0.0473533321958225,0.204629181094545,-0.0068530,-0.0077316,-0.0048104,-0.0074036,-0.0063443,sell
2013-01-15,1,0,1,2,1,0,2,1,3,2,4,1,0,2,2,3,1,0.0506167808374247,0.051265303075545,0.208909700916806,-0.0031338,-0.0003417,-0.0104916,-0.0095225,-0.0145940,sell
2013-01-16,2,0,0,2,1,0,1,2,2,1,3,1,1,1,2,3,0,0.0555458526582704,0.0553185741301597,0.21324479250767,-0.0174617,-0.0169401,-0.0139829,-0.0211980,-0.0131949,sell
2013-01-17,2,0,0,0,2,0,3,3,3,2,2,2,4,2,2,2,1,0.0609576436190513,0.0595158114007024,0.217632213191716,-0.0074808,-0.0079689,-0.0037893,-0.0076057, 0.0042848,sell
2013-01-18,1,2,0,0,0,0,2,3,3,0,1,1,4,2,1,1,1,0.0668626651918263,0.0638507941247565,0.222072710527417, 0.0018019, 0.0006416,-0.0023320,-0.0017259, 0.0018383,buy
2013-01-19,1,2,2,0,0,1,4,2,2,0,2,0,4,2,2,2,2,0.0732593002270478,0.0683226336219767,0.226558808930035, 0.0012488, 0.0072032, 0.0080605,-0.0057916, 0.0075170,buy
2013-01-20,1,2,3,1,0,1,2,3,2,1,2,1,3,3,3,3,1,0.080154017322906,0.0729295525316726,0.231099479101255, 0.0054738, 0.0067869, 0.0052758, 0.0060736, 0.0009641,buy
2013-01-21,2,3,1,2,0,0,2,4,4,2,3,2,4,3,2,5,1,0.0875387307316631,0.0776671074521179,0.235685002780918, 0.0183781, 0.0089578, 0.0076350,-0.0041325, 0.0070437,buy
2013-01-22,1,4,2,1,3,0,3,3,3,1,4,1,5,3,2,4,2,0.0954231433506045,0.0825379644243484,0.240320612878339,-0.0023624,-0.0013857,-0.0022456,-0.0038982,-0.0070206,sell
2013-01-23,0,3,4,2,1,0,2,3,2,1,4,1,4,2,3,3,1,0.103804020880635,0.0875350140056023,0.245002571601151, 0.0115886, 0.0096077, 0.0113778, 0.0114745, 0.0135106,buy
2013-01-24,0,2,4,3,0,1,4,3,2,2,5,2,3,3,4,4,0,0.112682171896528,0.0926609222369151,0.249725646040033, 0.0094510, 0.0016705, 0.0103502, 0.0122307, 0.0121635,buy
2013-01-25,0,3,3,3,1,2,3,4,1,1,5,3,3,3,3,3,1,0.122055170673963,0.0979094683558703,0.254498059338201, 0.0014897,-0.0005658,-0.0029612,-0.0054310, 0.0018014,sell
2013-01-26,0,3,2,1,2,1,3,3,2,2,5,2,1,3,4,3,1,0.131914122890428,0.103280652362468,0.259312335910915, 0.0165369, 0.0158443, 0.0052044, 0.0143327, 0.0143216,buy
2013-01-27,0,2,2,2,2,0,3,1,2,3,4,1,1,4,4,3,0,0.14225821997115,0.108772696896017,0.264169223316648,-0.0030874,-0.0021997,-0.0046235,-0.0096965,-0.0072410,sell
2013-01-28,0,2,1,3,1,2,2,2,1,2,3,2,1,3,3,3,1,0.153085844766581,0.114382047235138,0.269066478879978,-0.0061146,-0.0071550,-0.0085580,-0.0090884,-0.0141360,sell
2013-01-29,1,2,2,2,1,2,2,2,2,2,4,2,2,3,3,3,1,0.16438406008034,0.120106037338793,0.274003355042431, 0.0123469, 0.0116455, 0.0111185,-0.0020833,-0.0003612,buy
2013-01-30,1,4,3,1,1,0,2,3,1,1,3,2,1,4,4,1,2,0.176139928716048,0.12594555588733,0.278980599362482, 0.0118133, 0.0140030,-0.0022190, 0.0137723, 0.0171231,buy
2013-01-31,1,3,2,0,2,1,4,4,0,2,2,2,3,5,4,2,1,0.188345364925967,0.131893493437984,0.283995969164708,-0.0026766, 0.0011904,-0.0023391,-0.0023661,-0.0001643,sell
2013-02-01,1,3,1,3,0,1,4,3,0,2,3,2,3,4,3,2,1,0.200976920041658,0.137956070753174,0.289048716890635,-0.0069283,-0.0011773,-0.0011773,-0.0012257,-0.0018185,sell
2013-02-02,1,2,2,1,2,0,3,2,0,2,3,2,3,2,2,2,1,0.214020848291967,0.144117291586685,0.29413809498179, 0.0014912,-0.0051177, 0.0049308,-0.0069275,-0.0070773,sell
2013-02-03,3,4,0,1,2,0,3,1,2,1,2,3,3,3,3,3,0,0.227448849559812,0.150385154061625,0.299265598555119,-0.0127496,-0.0111184,-0.0081249,-0.0046743,-0.0162427,sell
2013-02-04,3,4,2,1,0,1,3,2,2,3,3,4,5,2,2,4,1,0.241223729405601,0.156756992136956,0.304420761791987,-0.0114350,-0.0116390,-0.0170656,-0.0129194,-0.0161055,sell
2013-02-05,3,0,2,0,0,1,5,3,2,3,3,3,4,2,1,4,2,0.255315570562703,0.163226585050264,0.309614050511031, 0.0090772, 0.0070297, 0.0043045,-0.0010313, 0.0103977,buy
2013-02-06,3,1,1,0,1,0,6,3,3,2,3,3,4,0,1,6,3,0.269681518568111,0.169793044121202,0.314838736685984, 0.0001441, 0.0023968,-0.0016396, 0.0059521, 0.0000192,buy
2013-02-07,4,0,1,1,1,0,7,3,4,3,5,4,5,2,1,5,2,0.284263356038113,0.176453703308735,0.320094072758371,-0.0022253,-0.0021957,-0.0071430, 0.0009414,-0.0022627,sell
2013-02-08,3,1,1,1,0,0,7,3,2,3,5,4,4,1,1,5,1,0.299006908462867,0.183205007891481,0.32537931116972,-0.0053684,-0.0014170,-0.0086343,-0.0069069, 0.0013092,sell
2013-02-09,4,2,2,0,0,0,8,1,3,4,5,3,3,3,3,5,2,0.313841829837056,0.190045180508752,0.330692209244607,-0.0008265, 0.0061023, 0.0039842, 0.0007986, 0.0026408,buy
2013-02-10,4,4,2,0,0,0,5,4,3,3,5,2,3,5,4,5,1,0.328688071258078,0.1969733324802,0.336034262099982,-0.0021200,-0.0012465,-0.0080628,-0.0039638, 0.0088413,sell
2013-02-11,4,2,3,0,0,0,6,2,3,4,4,2,2,5,5,4,2,0.343460732374687,0.203985020404101,0.341401731943473,-0.0049949,-0.0007436,-0.0017811,-0.0039412,-0.0022194,sell
2013-02-12,1,2,3,1,0,0,4,3,2,3,3,1,0,4,6,2,3,0.35805793276539,0.211074912198382,0.346796113892029, 0.0246167,-0.0043416, 0.0107865, 0.0104533, 0.0094371,buy
2013-02-13,2,2,2,1,1,0,5,3,4,3,3,2,1,5,6,3,3,0.372377792008694,0.218246562584425,0.352213670153279, 0.0085324,-0.0022885, 0.0078422, 0.0077740, 0.0056294,buy
2013-02-14,1,3,2,0,1,0,3,4,3,3,3,3,1,5,5,1,2,0.386294172439891,0.225492862119467,0.357655895844173, 0.0071795, 0.0037117, 0.0045811, 0.0023686, 0.0040242,buy
2013-02-15,1,3,2,0,0,1,4,4,3,1,4,2,1,4,4,3,1,0.399697107889749,0.232814699483854,0.363117558055391,-0.0001570, 0.0038861,-0.0048912, 0.0033687, 0.0038839,buy
2013-02-16,2,2,2,0,0,1,3,3,2,1,2,2,1,3,3,3,2,0.412447523497183,0.24020585391517,0.368603142137778, 0.0049170, 0.0072983, 0.0012156, 0.0031327, 0.0046754,buy
2013-02-17,2,2,1,1,0,0,1,3,1,2,0,1,2,3,2,2,3,0.424415238723616,0.247668102774105,0.374107415182016, 0.0011570,-0.0008706,-0.0032212,-0.0042684,-0.0005839,sell
2013-02-18,3,4,1,0,2,0,1,2,2,2,2,2,3,3,3,2,2,0.435468455880926,0.25519167057686,0.379631872305052,-0.0185693,-0.0182399,-0.0178144,-0.0174154,-0.0129436,sell
2013-02-19,2,4,2,1,2,0,1,2,1,1,1,3,2,3,4,1,2,0.445473760131442,0.262781000725163,0.385174270831464, 0.0098009, 0.0083962,-0.0001019, 0.0005100, 0.0105038,buy
2013-02-20,2,3,3,2,0,1,2,2,1,1,2,2,2,3,3,2,3,0.454306630960005,0.270432538497633,0.390731620527358,-0.0106296,-0.0097745,-0.0142997,-0.0171978,-0.0159591,sell
2013-02-21,2,3,4,2,0,1,2,2,1,2,3,2,3,3,3,4,1,0.461850633599193,0.278143617853233,0.396306911626628,-0.0180784,-0.0156388,-0.0173360,-0.0220649,-0.0226135,sell
2013-02-22,2,4,1,2,2,0,1,3,0,1,3,3,3,1,2,3,1,0.467996610454548,0.285908906709892,0.401896406336904,-0.0167991,-0.0099687,-0.0314141,-0.0102682,-0.0197064,sell
2013-02-23,2,3,1,1,2,0,1,1,1,2,3,2,2,2,3,2,0,0.472660469749601,0.293729293747956,0.40750085221666,-0.0078644,-0.0053721,-0.0042531,-0.0042531,-0.0094814,sell
2013-02-24,3,2,0,2,2,1,1,1,0,2,2,2,2,3,2,2,1,0.475776716927675,0.301603001606734,0.41311875414895, 0.0009448, 0.0083993, 0.0078183, 0.0081418,-0.0015506,buy
2013-02-25,3,0,2,1,1,2,1,1,2,2,2,1,3,4,2,2,1,0.47730654039963,0.3095255868845,0.418747869458349, 0.0068053, 0.0152028, 0.0055685, 0.0134414, 0.0138883,buy
2013-02-26,3,1,2,0,1,1,1,1,2,2,3,2,2,3,2,2,0,0.477234577244765,0.317495272220563,0.424388945703333,-0.0256412,-0.0264299,-0.0216542,-0.0245479,-0.0259654,sell
2013-02-27,2,2,2,0,2,2,1,1,1,1,3,2,2,2,2,2,1,0.475586701855841,0.325507614213198,0.430038245091531,-0.0112581,-0.0099209,-0.0147958,-0.0138253,-0.0122731,sell
2013-02-28,2,0,2,3,3,1,3,0,1,2,3,2,3,2,2,3,2,0.472421940191341,0.333566167583785,0.43569875785684, 0.0171140, 0.0195368, 0.0215646, 0.0087522, 0.0140216,buy
2013-03-01,2,0,3,4,2,0,2,0,1,2,3,3,3,1,1,3,2,0.467834895499796,0.341664711569907,0.441365998648414,-0.0043208,-0.0077819,-0.0047079,-0.0087710,-0.0054386,sell
2013-03-02,2,1,3,2,2,0,1,0,2,2,3,1,3,2,3,2,1,0.461951705445913,0.349799691450184,0.447040715024729,-0.0000080, 0.0006558,-0.0028050, 0.0010169,-0.0028050,buy
2013-03-03,1,2,3,2,0,0,1,1,3,2,1,1,3,4,3,2,1,0.454936510708764,0.357974661945997,0.452722906985784,-0.0152321,-0.0189671,-0.0187998,-0.0158559,-0.0192049,sell
2013-03-04,1,1,4,1,0,1,3,0,3,3,2,1,2,4,5,2,1,0.446976900635863,0.366178958893202,0.458411079414632,-0.0069278,-0.0137539,-0.0137200,-0.0143056,-0.0165700,sell
2013-03-05,1,1,3,1,0,0,1,1,3,2,1,1,0,3,5,2,1,0.438271784621555,0.374419691734562,0.464103737194323,-0.0136012,-0.0185560,-0.0227191,-0.0110618,-0.0244327,sell
2013-03-06,2,0,2,1,1,0,1,1,5,3,3,0,1,3,5,2,2,0.429034626406111,0.382686196305934,0.469797890090963,-0.0157727,-0.0226754,-0.0184824,-0.0136304,-0.0183878,sell
2013-03-07,2,0,2,2,0,0,2,2,5,2,3,1,1,3,4,2,3,0.419480506879354,0.390979361287662,0.475496528338447, 0.0009989,-0.0122591,-0.0019447,-0.0010785, 0.0000607,buy
2013-03-08,1,0,3,1,0,0,4,2,4,3,3,2,1,3,4,2,3,0.409804292561759,0.399298297999403,0.481195914144404, 0.0086708,-0.0097165, 0.0068192, 0.0138408, 0.0067652,buy
2013-03-09,1,2,3,1,0,0,4,3,2,2,3,2,0,4,5,2,2,0.400196807099933,0.407639451719774,0.486895299950362, 0.0068986, 0.0040029, 0.0067026, 0.0046318, 0.0057924,buy
2013-03-10,2,2,3,1,0,0,3,2,3,2,3,1,2,4,5,3,0,0.390822191172951,0.416000156407741,0.492595433314794,-0.0159424,-0.0208499,-0.0076634,-0.0061261,-0.0098843,sell
2013-03-11,2,0,2,2,0,0,3,0,2,2,2,0,2,2,4,2,1,0.381824371090541,0.424375968661576,0.498291828886856,-0.0100266,-0.0112157,-0.0095829, 0.0101185,-0.0191472,sell
2013-03-12,3,0,1,3,0,0,3,0,2,1,2,1,3,1,4,2,0,0.373318973045351,0.432767777161626,0.503987476900443, 0.0178368, 0.0174965, 0.0108265, 0.0220801, 0.0046755,buy
2013-03-13,2,0,0,1,1,0,4,1,1,2,2,0,4,1,2,2,1,0.365400600285912,0.441172027186509,0.509679387121661,-0.0003264,-0.0005649, 0.0046550,-0.0017572,-0.0004056,buy
2013-03-14,1,1,0,1,0,0,5,2,1,1,2,2,4,1,1,1,1,0.358136364518445,0.44958783005588,0.515366811992034, 0.0001202,-0.0006038,-0.0024344,-0.0004187, 0.0000152,buy
2013-03-15,2,0,1,2,0,1,6,2,1,1,2,3,3,1,3,3,1,0.351582865977114,0.458009853687668,0.521048256394615, 0.0081181, 0.0154411, 0.0167649, 0.0162327, 0.0189812,buy
2013-03-16,2,0,1,3,0,1,3,2,1,1,1,2,2,2,3,3,1,0.34577487337719,0.466437209401527,0.526723720329404,-0.0003934, 0.0016005, 0.0034565, 0.0030616,-0.0107787,buy
2013-03-17,3,0,0,3,2,0,3,0,3,2,2,2,3,2,3,3,1,0.340721281041186,0.474869008517112,0.532392456237927,-0.0107562,-0.0103705,-0.0045877,-0.0066408,-0.0083116,sell
2013-03-18,3,1,0,2,2,0,3,0,1,0,1,1,3,1,3,3,0,0.336443920487991,0.483303473673734,0.538052969003235, 0.0095117, 0.0106837, 0.0008729, 0.0099656, 0.0030362,buy
2013-03-19,2,1,1,3,0,0,3,0,0,2,0,2,4,0,3,2,1,0.332940365993286,0.491734384108974,0.543704511066856, 0.0119200, 0.0123060,-0.0038182, 0.0059084, 0.0028063,buy
2013-03-20,2,1,2,2,0,1,5,0,1,2,2,2,4,1,3,3,1,0.330198488935463,0.500163517183523,0.54934558731184, 0.0108712, 0.0075931, 0.0118121, 0.0031668, 0.0033661,buy
2013-03-21,2,4,2,2,1,1,4,1,1,2,3,2,4,2,4,3,2,0.328209394992011,0.508586429495656,0.554976945296661,-0.0025573, 0.0034959, 0.0055730, 0.0065506, 0.0017412,buy
2013-03-22,2,1,4,0,3,0,5,1,2,3,4,2,5,2,4,3,1,0.326960146966551,0.517003121045373,0.560594099670476, 0.0050818, 0.0019975, 0.0062438, 0.0027126, 0.0156832,buy
2013-03-23,3,0,3,3,2,0,4,0,2,3,3,3,3,2,3,5,1,0.326430530489738,0.525410037111291,0.566203778459551, 0.0021778,-0.0007788, 0.0044908, 0.0049663, 0.0055018,buy
2013-03-24,4,0,1,3,2,1,4,0,2,2,2,2,4,3,2,5,1,0.326600331192227,0.533803622972032,0.571793273169827, 0.0184366, 0.0155363, 0.0211834, 0.0066673, 0.0221469,buy
2013-03-25,4,0,2,0,4,1,5,0,3,3,3,2,4,3,3,5,2,0.32745014327945,0.542186544668629,0.577371554502993, 0.0162703, 0.0170907, 0.0129413, 0.0113028, 0.0158353,buy
2013-03-26,5,2,1,0,2,0,5,1,2,2,3,2,4,3,3,4,1,0.328965412405478,0.550551692758322,0.582932641991257, 0.0151561, 0.0189799, 0.0237957, 0.0115836, 0.0145389,buy
2013-03-27,5,1,2,0,4,3,6,0,4,3,5,4,3,4,5,5,2,0.331114604154134,0.55889906724111,0.588479525868514, 0.0068958, 0.0064227, 0.0102806, 0.0070362, 0.0060850,buy
2013-03-28,5,0,1,2,3,1,5,0,4,5,5,4,3,5,4,4,1,0.333892867076776,0.567229556797338,0.594009215900868, 0.0016277, 0.0005497, 0.0029756,-0.0001779,-0.0095953,buy
2013-03-29,6,0,2,1,7,0,3,0,5,4,6,4,1,5,5,5,2,0.33726704960768,0.575536940664591,0.599520964529846,-0.0098150,-0.0068920,-0.0050098,-0.0062197,-0.0081791,sell
2013-03-30,5,1,1,3,6,0,3,1,5,4,5,5,1,6,5,4,3,0.341225831700012,0.583821218842867,0.605014771755447,-0.0034404,-0.0077505,-0.0064700,-0.0087446,-0.0098325,sell
2013-03-31,4,0,4,2,2,1,4,1,4,5,5,5,1,6,4,3,3,0.345752233283525,0.592078836610786,0.610489890019197, 0.0085523, 0.0054022, 0.0075093, 0.0073832, 0.0051289,buy
2013-04-01,4,1,4,0,2,1,4,2,4,4,5,4,1,5,5,4,2,0.350821997115005,0.600312460009385,0.615944076645675, 0.0048632, 0.0089307, 0.0127821, 0.0084468, 0.0081756,buy
2013-04-02,5,3,0,0,3,0,2,2,6,4,5,4,2,4,4,4,2,0.356428654596262,0.60851853431728,0.621378826751829,-0.0092960,-0.0021879,-0.0048621, 0.0007244,-0.0015294,sell
2013-04-03,4,0,0,1,2,0,2,3,3,6,5,4,3,3,2,2,2,0.36254713990931,0.616683729329295,0.626791150103761, 0.0004107,-0.0012734, 0.0001939,-0.0019881, 0.0008194,buy
2013-04-04,2,0,0,1,0,0,4,2,3,2,3,3,3,2,1,1,1,0.369171793030732,0.624823152611298,0.632181794259947, 0.0039126,-0.0018325,-0.0013910,-0.0000589,-0.0000323,buy
2013-04-05,2,1,1,0,0,0,3,4,4,2,2,4,3,2,2,2,2,0.376278356717316,0.632923473958111,0.637547021428016, 0.0007912, 0.0001216, 0.0006233,-0.0002413, 0.0003810,buy
2013-04-06,3,2,0,0,0,0,3,7,2,0,2,5,4,1,1,2,2,0.383862788095192,0.640986470730424,0.642889074283391, 0.0004886,-0.0001207,-0.0002606, 0.0016088,-0.0008401,buy
2013-04-07,3,1,1,1,0,0,5,5,1,1,1,5,4,2,2,1,3,0.391903255645469,0.649012142928237,0.648206457709122, 0.0070713, 0.0154675, 0.0129472, 0.0130144, 0.0132757,buy
2013-04-08,2,2,0,2,0,0,5,3,0,0,0,4,4,2,2,0,2,0.400390056470862,0.656992492428444,0.653496929029789, 0.0015228,-0.0006704, 0.0031060, 0.0017890, 0.0022801,buy
2013-04-09,3,2,0,1,1,0,3,3,1,1,1,3,4,3,2,1,1,0.409317530547955,0.664929296591733,0.658760488245391,-0.0021549,-0.0022665,-0.0022665,-0.0022020,-0.0032689,sell
2013-04-10,4,4,0,1,0,0,2,6,1,0,3,4,4,4,1,0,2,0.418666272082177,0.672819889377071,0.663997135355928,-0.0044038,-0.0038185,-0.0082574,-0.0055251,-0.0030585,sell
2013-04-11,3,4,1,1,0,1,4,4,1,0,3,3,3,5,2,1,2,0.428429003900565,0.680664270784456,0.669206122802926, 0.0092699, 0.0100479, 0.0158077, 0.0115053, 0.0080930,buy
2013-04-12,2,3,1,1,0,1,5,3,0,0,2,4,1,4,2,2,1,0.438592788806738,0.688455331371127,0.674381470118593,-0.0044410, 0.0204389, 0.0313025, 0.0206853, 0.0225060,buy
2013-04-13,2,3,0,1,0,0,3,3,0,1,1,3,2,4,0,1,2,0.449151158202506,0.696196625858465,0.679533643121565, 0.0050087,-0.0028344, 0.0073915,-0.0025696, 0.0055156,buy
2013-04-14,3,4,0,0,2,0,2,4,1,1,3,3,3,4,1,1,2,0.460088749167168,0.703881933484054,0.684652175993206, 0.0059896, 0.0102884, 0.0094876, 0.0071290, 0.0131238,buy
2013-04-15,3,3,0,1,0,0,2,4,3,0,4,3,3,2,1,0,3,0.471399901677308,0.711508588206856,0.689738563850464,-0.0043870, 0.0018820, 0.0015853, 0.0023869,-0.0060248,sell
2013-04-16,2,2,2,0,0,1,2,3,3,1,3,3,3,3,1,1,2,0.483071678536544,0.719077478707219,0.694792059134866,-0.0045026,-0.0047437, 0.0002402,-0.0043970,-0.0027494,sell
2013-04-17,3,3,1,1,1,1,3,3,1,1,4,2,3,3,2,3,1,0.495095185422367,0.726587716304796,0.699813409404884,-0.0051275,-0.0031685,-0.0136900,-0.0119885,-0.0089471,sell
2013-04-18,2,4,0,1,2,1,2,4,1,2,4,2,4,2,3,2,2,0.507462336587038,0.734033080237171,0.704800371985097,-0.0149254,-0.0052236,-0.0041473, 0.0105942,-0.0090746,sell
2013-04-19,2,2,1,0,3,1,3,2,2,3,3,2,3,2,3,3,3,0.520156960535083,0.741415347865034,0.709755189550927, 0.0070690, 0.0073221, 0.0037499, 0.0032646, 0.0039759,buy
2013-04-20,2,1,1,2,1,1,2,2,3,1,3,2,2,2,2,3,2,0.53317258866831,0.748728298425969,0.71467337675153, 0.0030804, 0.0016620,-0.0068527, 0.0106820, 0.0021823,buy
2013-04-21,2,0,4,1,2,2,2,2,5,2,4,2,4,4,3,3,2,0.546498709514661,0.755973709280667,0.719554933586905,-0.0006675, 0.0100723, 0.0045388, 0.0010183,-0.0005699,buy
2013-04-22,2,2,2,2,2,1,1,3,5,2,5,2,3,4,4,3,1,0.560122385877756,0.763146248347055,0.724401355174002,-0.0008258, 0.0039380, 0.0019471, 0.0023291,-0.0001237,buy
2013-04-23,2,2,1,1,3,3,2,3,3,2,4,2,3,4,4,3,2,0.574030680561216,0.770254802428586,0.729208156161975,-0.0061611, 0.0070407,-0.0043012,-0.0061860, 0.0063141,sell
2013-04-24,1,0,2,1,1,3,2,3,3,1,4,1,4,2,3,2,1,0.588214699242527,0.777281597918355,0.733973841433877, 0.0051550, 0.0083280, 0.0109403, 0.0160156, 0.0054907,buy
2013-04-25,2,0,2,2,1,4,2,3,4,0,5,2,5,2,4,2,0,0.602654227552347,0.784235521619816,0.738706634132922, 0.0164329, 0.0156931, 0.0181551, 0.0190259, 0.0179759,buy
2013-04-26,2,2,2,1,2,5,3,2,4,0,4,2,5,3,4,4,1,0.617335519719522,0.791108575409859,0.743401301349792, 0.0152666, 0.0185928, 0.0166111, 0.0184624, 0.0191154,buy
2013-04-27,1,2,3,1,1,2,3,3,2,1,2,2,5,4,3,3,0,0.632243212823349,0.797906980050904,0.748052610175168, 0.0002946, 0.0015002, 0.0115251, 0.0015365, 0.0035032,buy
2013-04-28,1,1,2,1,2,3,5,3,2,1,3,3,4,3,4,3,1,0.647359518218807,0.804618294018115,0.752663550842947, 0.0142749, 0.0106710, 0.0112469, 0.0117507, 0.0110933,buy
2013-04-29,1,2,2,2,0,2,3,1,4,1,1,3,3,2,4,4,1,0.66266179581223,0.8112505154346,0.757232628236181,-0.0124119,-0.0087277,-0.0118165,-0.0148521,-0.0186325,sell
2013-04-30,2,2,4,1,1,2,3,2,3,1,3,3,3,4,3,3,2,0.678120936911762,0.817795646177253,0.761761337471817, 0.0054942, 0.0226357, 0.0058197, 0.0164746, 0.0164767,buy
2013-05-01,1,2,3,1,0,2,4,2,1,2,3,3,3,2,3,2,2,0.693719961447155,0.824251908885382,0.766245940757486, 0.0044404, 0.0077348, 0.0096252, 0.0102235, 0.0120569,buy
2013-05-02,1,2,3,1,0,2,5,2,3,3,4,2,3,3,4,4,2,0.70942490927791,0.830621969600023,0.77068868076861, 0.0036112, 0.0040365, 0.0060076, 0.0052833, 0.0081021,buy
2013-05-03,2,2,3,1,0,3,3,4,1,1,4,1,2,4,4,4,1,0.725201820263531,0.83690138491945,0.775085819712818,-0.0033231,-0.0048952, 0.0018643,-0.0047353,-0.0024028,sell
2013-05-04,3,1,3,1,0,2,5,2,3,1,4,3,2,4,3,5,0,0.741013499964423,0.843087488802628,0.779439600265533,-0.0053380,-0.0057704,-0.0070067,-0.0078635,-0.0077579,sell
2013-05-05,2,0,3,2,0,2,3,3,2,1,3,3,1,4,3,3,1,0.756825179665315,0.84917583784783,0.783747032192858, 0.0080734, 0.0077116, 0.0099848, 0.0089157, 0.0034217,buy
2013-05-06,3,0,2,1,1,2,5,3,2,1,1,4,2,4,3,4,2,0.77258591915546,0.855170875456782,0.788008115494794,-0.0009108, 0.0023492, 0.0039838, 0.0030198, 0.0043194,buy
2013-05-07,3,1,2,1,0,2,5,3,1,1,2,3,1,5,2,4,2,0.788248012523206,0.861066380867068,0.792223597729814, 0.0004377, 0.0016574, 0.0078596, 0.0051206, 0.0068685,buy
2013-05-08,2,1,2,1,0,1,4,2,1,0,2,2,1,4,1,3,1,0.803758902408259,0.866861465398342,0.796391236222497, 0.0107495, 0.0113308, 0.0160950, 0.0071065, 0.0155805,buy
2013-05-09,3,0,3,1,0,1,5,2,1,0,4,3,1,4,1,3,0,0.819058754277361,0.872552574329224,0.800509535855895, 0.0055422, 0.0022838, 0.0021493, 0.0027703,-0.0037553,buy
2013-05-10,3,0,1,1,0,0,4,1,0,1,3,2,1,2,0,2,1,0.834086925022478,0.878145039741785,0.804583729539325, 0.0047015, 0.0013085, 0.0079645, 0.0083870,-0.0023137,buy
2013-05-11,2,0,1,0,2,0,4,0,1,2,3,2,2,2,1,1,1,0.848780345811259,0.883628197471882,0.808606341688047, 0.0042709, 0.0017931,-0.0016632, 0.0035735,-0.0085899,buy
2013-05-12,1,1,0,3,2,0,4,2,1,1,4,1,2,3,2,3,0,0.863072713512255,0.889002936199861,0.812579614977484, 0.0135584, 0.0116271, 0.0132120, 0.0122247,-0.0012400,buy
2013-05-13,0,0,2,3,1,1,4,3,0,1,3,1,2,3,3,2,1,0.876895299269695,0.894271033286411,0.816500559173739, 0.0110696, 0.0121060, 0.0121060, 0.0060713, 0.0134129,buy
2013-05-14,0,0,2,3,1,1,4,3,1,2,3,1,3,3,2,3,2,0.890184225676454,0.899430711370843,0.820373659627656, 0.0087219, 0.0210266, 0.0167970, 0.0110067, 0.0176650,buy
2013-05-15,0,2,0,3,2,0,3,3,2,1,3,1,2,3,2,4,1,0.90287723247495,0.904471306289013,0.824194430988392, 0.0109092, 0.0112232, 0.0096390, 0.0030639, 0.0033639,buy
2013-05-16,0,0,1,2,4,0,1,2,2,3,2,0,3,4,2,3,1,0.914912867982379,0.909401704844374,0.82796362081442,-0.0028312,-0.0032214, 0.0020920,-0.0063178,-0.0039691,sell
2013-05-17,0,0,1,3,4,0,1,1,3,3,2,1,2,4,2,4,1,0.926238574838447,0.914214797594165,0.831680481547267,-0.0023583,-0.0036056, 0.0003883,-0.0041579,-0.0026394,sell
2013-05-18,1,1,0,3,3,1,1,1,3,1,2,1,2,3,3,3,1,0.936811498580143,0.918912361899074,0.835343518069984,-0.0050055,-0.0026094,-0.0021255,-0.0084350,-0.0068535,sell
2013-05-19,1,1,2,1,4,1,1,2,3,3,2,2,2,4,3,4,2,0.946584741870589,0.923487288316342,0.838953477941045, 0.0103677, 0.0094551, 0.0109341, 0.0155100, 0.0089072,buy
2013-05-20,1,3,1,2,4,0,2,3,2,2,3,1,2,5,3,4,2,0.955536473190895,0.927941354206657,0.84251036116045,-0.0057565,-0.0079015,-0.0056000,-0.0091112,-0.0056528,sell
2013-05-21,1,2,1,4,3,1,2,2,2,1,2,1,3,5,1,5,2,0.963645669596941,0.932277225611056,0.846011177494304, 0.0093441, 0.0139722, 0.0174226, 0.0104256, 0.0011720,buy
2013-05-22,1,2,2,3,3,0,1,1,2,1,2,1,4,3,0,3,3,0.970894542443707,0.936489570447468,0.849458917176502, 0.0050805,-0.0072029, 0.0045159,-0.0035424, 0.0039535,buy
2013-05-23,3,2,1,4,4,0,1,1,2,1,3,0,4,3,3,3,3,0.977288751754607,0.940574833994511,0.852848347297726,-0.0087399,-0.0102878,-0.0095931,-0.0089653,-0.0119539,sell
2013-05-24,3,3,0,4,3,1,1,2,0,1,4,1,4,2,3,2,2,0.982825063230547,0.944533016252186,0.856183205650346,-0.0112799,-0.0106498,-0.0129745,-0.0113556,-0.0141111,sell
2013-05-25,3,2,1,3,1,1,3,1,0,2,3,0,4,2,4,2,2,0.987518031217455,0.948365894581183,0.859461249558941, 0.0012158,-0.0004515,-0.0073040,-0.0006137,-0.0013689,sell
2013-05-26,3,3,0,3,2,2,1,2,0,1,4,1,3,1,4,2,2,0.991390295808995,0.952070802940466,0.862684721698931, 0.0027315,-0.0030109,-0.0037507,-0.0015188,-0.0036296,buy
2013-05-27,4,2,0,4,1,0,2,1,2,2,3,2,3,2,4,3,1,0.994454794201548,0.955643297928308,0.865849136719474, 0.0023184, 0.0062888, 0.0088936, 0.0040168, 0.0073896,buy
2013-05-28,3,0,1,3,4,0,1,2,1,1,3,2,2,2,3,2,2,0.996748720834708,0.959086045585747,0.868958232412939,-0.0042129, 0.0010512,-0.0003963,-0.0034398,-0.0036695,sell
2013-05-29,3,2,1,4,2,0,4,1,2,2,3,4,2,3,4,3,2,0.998295524376912,0.962396379871746,0.872011261220853,-0.0008268,-0.0017833,-0.0009228, 0.0026871,-0.0005747,buy
2013-05-30,3,2,2,2,2,0,2,3,1,2,3,4,1,3,3,3,2,0.999130782118207,0.965568968704233,0.874998504883052, 0.0016708, 0.0048754, 0.0041532, 0.0055668, 0.0012139,buy
2013-05-31,3,2,2,1,2,0,3,3,2,1,2,3,1,4,2,4,3,0.999283602750448,0.968613587567006,0.87793341945207, 0.0057759,-0.0067002, 0.0086764,-0.0049035,-0.0030809,buy
2013-06-01,2,2,2,1,1,0,3,1,2,2,3,2,1,2,2,3,3,0.99879603216187,0.971518683615578,0.880806286667743, 0.0156599, 0.0074122, 0.0193396, 0.0093086, 0.0188556,buy
2013-06-02,3,0,2,0,3,0,3,0,2,4,2,3,3,2,3,2,2,0.997701221918198,0.974286922890984,0.883619349205495, 0.0073223, 0.0019686, 0.0032496,-0.0028127, 0.0002322,buy
2013-06-03,2,1,2,0,3,0,3,2,2,2,1,3,4,3,3,2,1,0.996037175033798,0.976913861991497,0.886373354623799, 0.0067292, 0.0085426, 0.0129653, 0.0037124, 0.0015156,buy
2013-06-04,1,2,4,0,2,2,3,1,4,1,1,3,6,3,4,1,2,0.993841894523038,0.97940838772057,0.889068302922655, 0.0287935, 0.0304296, 0.0328372, 0.0257509, 0.0177066,buy
2013-06-05,1,1,5,0,2,2,4,2,3,2,1,3,5,3,4,3,3,0.991146914802093,0.981759835914061,0.891701203868167, 0.0306325, 0.0304571, 0.0289872, 0.0293843, 0.0279490,buy
2013-06-06,1,1,4,1,1,1,2,2,1,2,1,1,4,2,3,3,2,0.987989430310557,0.983970872613004,0.894274300135757, 0.0112917, 0.0143061, 0.0030477, 0.0122034, 0.0060847,buy
2013-06-07,2,1,2,2,3,2,3,1,1,3,1,2,4,4,4,3,2,0.98441229551144,0.986038831776365,0.896784601491529, 0.0041802, 0.0039210, 0.0064364, 0.0035513, 0.0049141,buy
2013-06-08,3,2,2,2,2,2,1,0,1,2,1,2,4,3,4,2,1,0.980444619096595,0.987965490764834,0.899233603052431, 0.0086019, 0.0073697, 0.0062918, 0.0071474, 0.0096793,buy
2013-06-09,2,2,4,2,1,2,2,0,0,3,1,2,5,2,5,2,1,0.97612197835607,0.98974907221772,0.901623547493885, 0.0090423, 0.0113291, 0.0140888, 0.0188699, 0.0009082,buy
2013-06-10,2,1,4,1,2,3,2,0,0,4,0,2,4,4,4,3,2,0.971483184879005,0.991388687454677,0.903949201906573, 0.0071363, 0.0088363, 0.0077776, 0.0074734, 0.0088041,buy
2013-06-11,1,3,0,2,2,3,2,1,1,4,1,2,3,4,3,5,1,0.966557347357254,0.992887002516743,0.906213556524391, 0.0131535, 0.0147755, 0.0148365, 0.0120652, 0.0135798,buy
2013-06-12,2,2,1,2,4,2,3,1,2,4,3,2,4,4,3,5,2,0.961382468805185,0.994237796641499,0.908414368671917, 0.0096275, 0.0084424, 0.0081506, 0.0087306, 0.0010287,buy
2013-06-13,2,1,1,2,3,1,2,1,2,2,2,2,3,3,2,3,2,0.955989275064201,0.995443735869982,0.910553881024574, 0.0051604, 0.0067011, 0.0065945, 0.0061945, 0.0051100,buy
2013-06-14,2,0,0,4,1,2,1,1,3,1,2,1,2,3,2,3,2,0.950413343424346,0.996507486243228,0.91262835578999,-0.0082628,-0.0001462,-0.0041953,-0.0088133,-0.0103361,sell
2013-06-15,2,1,1,2,2,2,0,0,3,2,1,1,2,3,3,3,2,0.944684591152251,0.997420160957784,0.914640783202062,-0.0037211, 0.0023525, 0.0015186,-0.0048905,-0.0038560,sell
2013-06-16,2,3,0,2,1,0,0,1,2,2,2,1,2,2,2,2,2,0.938837786963187,0.998187980776067,0.91659116326079, 0.0001489, 0.0000788, 0.0028914, 0.0055064, 0.0204226,buy
2013-06-17,2,3,1,2,2,1,1,0,1,2,3,1,3,3,2,2,1,0.932907699572426,0.998809168337386,0.918474263056856,-0.0128732,-0.0125485,-0.0134429,-0.0104944,-0.0048469,sell
2013-06-18,2,3,2,4,1,1,0,0,1,2,3,2,3,2,2,2,2,0.926921820522275,0.999285501002431,0.920296810616527, 0.0149546, 0.0068171, 0.0088625, 0.0156518, 0.0038199,buy
2013-06-19,3,4,2,4,2,0,0,0,2,0,3,1,3,2,3,3,2,0.920914918528006,0.999613424049823,0.922055068147431, 0.0192249, 0.0141775, 0.0142347, 0.0073050, 0.0192652,buy
2013-06-20,2,6,1,4,3,0,0,1,2,0,2,1,4,3,2,5,2,0.914920145155343,0.999794714840251,0.923746792974146, 0.0132415, 0.0045677, 0.0028301, 0.0032197, 0.0038419,buy
2013-06-21,2,6,2,4,2,0,2,1,1,1,2,0,5,3,3,5,3,0.908967417670917,0.99983026205406,0.925376470447518,-0.0067150,-0.0087610,-0.0053142,-0.0065437,-0.0071787,sell
2013-06-22,2,5,3,3,1,1,1,1,1,0,1,1,4,1,4,4,3,0.903092313364771,0.999717399650215,0.926942605450598, 0.0023788, 0.0113134, 0.0050274, 0.0041207,-0.0002409,buy
2013-06-23,3,6,2,3,1,1,0,0,3,1,2,0,5,1,5,5,2,0.897323940928761,0.999458793669752,0.928442955307964,-0.0036853,-0.0061413, 0.0054024, 0.0022535, 0.0035882,buy
2013-06-24,3,5,2,2,1,1,1,1,0,1,2,1,4,1,4,3,2,0.891688983330422,0.999053555432325,0.929879762695038, 0.0077696, 0.0071733,-0.0155318, 0.0141933, 0.0122951,buy
2013-06-25,2,4,2,3,1,1,3,0,1,1,3,1,4,1,4,3,2,0.886231912182311,0.998501684937935,0.931252280053346, 0.0100632, 0.0046972, 0.0069797, 0.0100110, 0.0078549,buy
2013-06-26,2,5,3,3,0,1,2,2,1,0,3,1,3,3,4,4,1,0.88097051612945,0.997802293506235,0.932562002499836, 0.0154122, 0.0213546, 0.0167217, 0.0207669, 0.0215054,buy
2013-06-27,1,5,4,2,1,1,3,2,1,0,2,2,4,3,4,4,1,0.875941181036658,0.996959824538953,0.933802949566715, 0.0059014, 0.0190937, 0.0094064, 0.0223122, 0.0243673,buy
2013-06-28,1,5,2,4,1,1,3,1,1,2,2,4,5,2,5,2,1,0.871173824170564,0.995968945954016,0.934982596838725, 0.0068004, 0.0080670, 0.0038005,-0.0071686, 0.0035111,buy
2013-06-29,0,3,3,3,2,1,3,1,0,3,2,3,5,1,6,1,1,0.866691085624834,0.994834989833497,0.936097206523494, 0.0027792, 0.0043079, 0.0038019,-0.0030838,-0.0021283,buy
2013-06-30,1,4,3,2,2,1,3,2,1,3,1,3,6,2,5,3,2,0.862523691240871,0.993554401456014,0.93714603106255, 0.0084913, 0.0178063, 0.0165431, 0.0080559, 0.0125037,buy
2013-07-01,0,5,0,2,1,2,2,2,2,2,2,3,4,2,4,2,1,0.858696706836661,0.992130735542948,0.938129818014365, 0.0050179, 0.0015837, 0.0017095, 0.0139177, 0.0038802,buy
2013-07-02,0,3,1,2,2,2,3,3,2,3,3,3,4,3,4,3,1,0.855234389655418,0.990563103413954,0.939049314937414,-0.0008036, 0.0040950, 0.0037458,-0.0004640,-0.0010705,buy
2013-07-03,0,2,1,3,2,1,3,3,0,2,1,3,2,4,3,4,0,0.852152102617842,0.988851505069033,0.93990676450712, 0.0086125, 0.0069032, 0.0112375, 0.0065179, 0.0106505,buy
2013-07-04,0,1,1,3,4,1,3,2,1,3,1,3,3,4,4,3,1,0.849477337266241,0.987000383909909,0.940698428931111, 0.0034403, 0.0042874, 0.0041386, 0.0032374, 0.0032561,buy
2013-07-05,0,2,1,2,4,1,1,1,2,2,0,2,4,3,3,3,1,0.847215753624032,0.985003519174167,0.941425803326336, 0.0060308, 0.0091851, 0.0030887, 0.0020045, 0.0008695,buy
2013-07-06,2,2,1,2,1,1,0,2,0,1,1,2,2,2,2,2,1,0.845384331761464,0.982871575025949,0.942090382809743, 0.0192363, 0.0201849, 0.0192444, 0.0051079, 0.0167189,buy
2013-07-07,1,1,3,1,1,2,1,1,0,2,1,1,2,3,2,3,1,0.843994391725369,0.980597442022494,0.942690672264385,-0.0019059,-0.0009948,-0.0019059,-0.0033047,-0.0032222,sell
2013-07-08,0,3,1,3,1,1,2,1,0,2,0,2,3,2,2,4,1,0.843045933515748,0.978185563565528,0.943225924131785, 0.0060737, 0.0089579, 0.0046863, 0.0023064, 0.0084941,buy
2013-07-09,0,4,1,2,3,0,3,2,0,1,2,2,3,2,4,2,1,0.842543000006469,0.97563593965505,0.94369688597042, 0.0059437, 0.0067633,-0.0049652,-0.0005620,-0.0048955,buy
2013-07-10,1,1,2,2,2,0,2,4,0,1,3,2,3,1,2,2,2,0.84247669687502,0.97294857029106,0.944105052897238,-0.0040202,-0.0023655,-0.0032430,-0.0046235, 0.0025988,sell
2013-07-11,2,1,1,4,0,1,1,3,2,1,4,2,3,1,1,3,2,0.842847832696176,0.970125232834251,0.944451172470711,-0.0099886,-0.0050936,-0.0080754,-0.0029190,-0.0057806,sell
2013-07-12,1,1,1,3,1,1,1,2,3,1,3,2,3,1,2,3,1,0.843638618824915,0.967166815964965,0.944732254456944,-0.0169091,-0.0062992,-0.0164713,-0.0025032,-0.0103056,sell
2013-07-13,1,3,1,1,1,0,2,3,0,1,2,1,1,2,2,3,2,0.844837735214402,0.96408131780631,0.944949793972884,-0.0034832,-0.0035572,-0.0047444, 0.0003668, 0.0004450,sell
2013-07-14,1,3,1,1,1,2,1,2,0,4,3,1,2,3,3,3,1,0.846425776070068,0.96086074023518,0.945107528810903,-0.0049486,-0.0053073,-0.0069937, 0.0065449, 0.0067637,sell
2013-07-15,1,4,2,3,1,2,1,2,1,2,3,1,4,3,3,3,2,0.848376866999153,0.957508637972956,0.945200973620157, 0.0049814, 0.0034987, 0.0002066, 0.0184212, 0.0083435,buy
2013-07-16,2,2,5,3,0,1,0,1,1,1,3,1,4,2,3,2,1,0.850664325034122,0.954025899699982,0.945224895491325, 0.0266392, 0.0248324, 0.0202285, 0.0256200, 0.0277265,buy
2013-07-17,2,3,5,4,1,1,0,1,1,1,4,2,3,3,3,4,0,0.85326551008131,0.950416968817984,0.945199478503208, 0.0137627, 0.0102861, 0.0225143, 0.0109281, 0.0181361,buy
2013-07-18,1,3,2,5,2,1,1,2,0,3,3,2,3,3,3,4,2,0.856136759102935,0.946680067966273,0.945103791018533, 0.0064950,-0.0042472, 0.0000572, 0.0032554, 0.0009574,buy
2013-07-19,1,2,3,2,2,1,2,2,0,2,2,1,2,3,3,4,2,0.859250580556688,0.942819640546574,0.944949046414411, 0.0065371, 0.0178609, 0.0079626, 0.0135123, 0.0093116,buy
2013-07-20,1,2,3,2,0,4,0,2,2,1,2,1,2,3,3,4,2,0.862568162853428,0.938835686558888,0.944733002015418, 0.0109967, 0.0146095, 0.0180478, 0.0152856, 0.0160272,buy
2013-07-21,2,2,2,3,0,4,0,2,2,2,2,1,3,4,2,5,2,0.866040991506731,0.934727317322868,0.944456405380029, 0.0032045, 0.0011826, 0.0158557, 0.0034177, 0.0019927,buy
2013-07-22,1,1,2,1,3,3,1,2,0,2,2,1,4,2,2,3,2,0.86963348922655,0.930496310199207,0.94411850894977,-0.0067489,-0.0023438,-0.0037235,-0.0059435,-0.0079018,sell
2013-07-23,1,1,2,3,4,3,2,1,2,3,3,2,4,3,5,3,2,0.873296332951686,0.926147997269974,0.943723050517012,-0.0044301,-0.0039923,-0.0048057,-0.0049943,-0.0035309,sell
2013-07-24,2,1,4,2,1,4,0,3,2,2,4,1,4,3,5,2,2,0.876982625345261,0.92168060117448,0.943261059380065, 0.0104603, 0.0163113, 0.0064106, 0.0126605, 0.0140156,buy
2013-07-25,2,0,5,1,1,4,2,1,3,2,4,1,4,3,5,2,2,0.880639809046981,0.91709678795376,0.942742253799092, 0.0126293, 0.0126151, 0.0092386, 0.0120761, 0.0123218,buy
2013-07-26,1,2,2,1,1,3,2,0,3,3,4,2,4,2,4,2,0,0.884218560995647,0.91239566892747,0.942163643540198, 0.0130330, 0.0120042, 0.0090283, 0.0152419, 0.0107596,buy
2013-07-27,2,0,2,1,3,2,2,0,3,6,4,2,4,3,4,3,1,0.887664706681415,0.907580798816989,0.941525228603381, 0.0131698, 0.0135928, 0.0001290, 0.0022494, 0.0160565,buy
2013-07-28,2,1,1,2,2,2,1,1,3,3,3,1,4,4,2,3,1,0.890921645870123,0.902653066302663,0.940829999222539, 0.0057894, 0.0054077, 0.0021220, 0.0071915,-0.0001455,buy
2013-07-29,1,0,3,1,3,3,2,0,6,2,4,2,4,4,3,3,1,0.893931161178061,0.897617803466564,0.940075712722249, 0.0138495, 0.0212018, 0.0279416, 0.0214962, 0.0203848,buy
2013-07-30,1,1,3,2,3,3,3,1,5,2,5,3,3,5,4,3,1,0.89663988667016,0.892468789546275,0.939263864219459, 0.0342013, 0.0364097, 0.0329364, 0.0350537, 0.0387716,buy
2013-07-31,1,2,2,2,4,1,2,3,2,3,4,3,3,4,3,4,1,0.898982327789745,0.887214911345249,0.938393706155695,-0.0175197,-0.0121996,-0.0121755,-0.0183927,-0.0128003,sell
2013-08-01,1,2,2,1,4,1,4,0,3,4,4,3,3,4,3,4,1,0.900900267153105,0.881852614142104,0.937466733647906, 0.0136506, 0.0140745, 0.0140135, 0.0125216, 0.0105180,buy
2013-08-02,1,3,2,2,2,1,3,0,2,2,2,3,2,3,2,5,1,0.902330635927888,0.876389007379602,0.936482199137617, 0.0076480, 0.0067156, 0.0084119, 0.0147467, 0.0081051,buy
2013-08-03,1,2,3,1,2,2,2,0,1,2,2,2,2,3,2,5,0,0.903217642454704,0.870822313697052,0.935443840417197, 0.0023217, 0.0008238, 0.0012183, 0.0013312, 0.0048628,buy
2013-08-04,2,3,1,2,2,2,2,0,2,2,2,3,2,3,2,5,1,0.90350064362552,0.865155199135492,0.934344929460382, 0.0183126, 0.0185958, 0.0173675, 0.0196606, 0.0183594,buy
2013-08-05,0,4,1,2,3,0,2,2,1,2,1,2,3,1,4,5,1,0.9031222306314,0.85938944105561,0.933195932085808, 0.0045467, 0.0078232, 0.0090345, 0.0022908, 0.0076610,buy
2013-08-06,0,2,2,1,2,0,4,2,1,2,1,3,2,1,3,4,2,0.902035506135465,0.853526816818098,0.931989372708733,-0.0015879, 0.0003332, 0.0023927,-0.0055524,-0.0008932,buy
2013-08-07,0,1,2,3,0,0,3,2,1,1,1,3,1,1,1,5,1,0.900188721352196,0.847569103783645,0.930732726913899, 0.0135573, 0.0198664, 0.0110386, 0.0170507, 0.0253732,buy
2013-08-08,0,1,2,3,2,1,1,3,3,0,2,3,3,2,2,4,0,0.897543873267224,0.841518967993289,0.929414781324195,-0.0207735,-0.0108215,-0.0189998,-0.0052928,-0.0168752,sell
2013-08-09,1,1,1,1,2,0,1,2,3,1,1,3,2,2,3,1,1,0.8940686188896,0.835377298127373,0.92804824443368, 0.0094432, 0.0095408, 0.0103291, 0.0018524, 0.0023827,buy
2013-08-10,1,3,0,1,2,0,2,3,1,1,0,2,3,2,5,0,2,0.889741935275206,0.829147648907279,0.926628630891508,-0.0048321,-0.0112832,-0.0120013,-0.0087011,-0.0124798,sell
2013-08-11,0,2,0,2,3,1,2,2,0,4,1,2,4,3,4,1,1,0.884553310951984,0.822830020333006,0.925155940697681, 0.0105990, 0.0099607, 0.0110861, 0.0096748, 0.0017774,buy
2013-08-12,1,4,1,3,2,0,3,2,0,2,2,3,4,3,4,0,2,0.878493043022647,0.816427078445591,0.923632416527621, 0.0042587, 0.0153902, 0.0139183, 0.0114039, 0.0101800,buy
2013-08-13,1,3,3,2,3,0,2,2,1,1,2,2,3,4,3,2,2,0.871574877258349,0.809940600605725,0.922055815705905,-0.0067089,-0.0094377,-0.0064220,-0.0102882,-0.0062278,sell
2013-08-14,0,4,2,4,2,0,2,4,1,0,3,2,2,4,1,4,3,0.863823070902305,0.803371475493751,0.920430623583377, 0.0180404, 0.0186640, 0.0281750, 0.0220693, 0.0196102,buy
2013-08-15,0,3,2,6,2,0,4,2,1,1,4,2,2,4,2,5,2,0.855254604024762,0.796723257831051,0.918754597484615, 0.0171220, 0.0153795, 0.0145103, 0.0171220, 0.0044516,buy
2013-08-16,0,4,2,3,3,0,2,3,0,1,3,2,2,2,2,5,2,0.845915565387825,0.789996836297971,0.91702773740962, 0.0005651, 0.0018610,-0.0137558, 0.0001637, 0.0090331,buy
2013-08-17,1,4,1,3,1,1,1,2,2,2,2,1,3,2,2,5,3,0.835839915131992,0.783193988255201,0.91525153847534, 0.0073365, 0.0052589, 0.0090546, 0.0099300, 0.0096953,buy
2013-08-18,1,3,0,2,1,2,2,3,0,1,2,2,2,2,2,3,2,0.825085870640973,0.776317379743776,0.913426000681773,-0.0013299, 0.0001036,-0.0041570,-0.0058523,-0.0016106,sell
2013-08-19,0,2,1,3,2,1,5,2,1,1,2,3,2,3,3,3,2,0.813701946401195,0.769367010763696,0.911554114262818,-0.0012476,-0.0000340, 0.0024545, 0.0024326, 0.0011496,buy
2013-08-20,0,3,0,6,3,0,4,5,1,0,4,3,1,4,3,5,2,0.801739082623405,0.762347324716689,0.909635879218472, 0.0148725, 0.0228312, 0.0204246, 0.0224698, 0.0179499,buy
2013-08-21,1,2,2,6,3,0,4,5,1,1,4,4,2,5,3,5,2,0.789259539565181,0.755258321602753,0.907667557756368, 0.0116775, 0.0105325, 0.0096854, 0.0085042,-0.0003276,buy
2013-08-22,0,2,2,5,1,2,4,2,1,1,3,4,2,3,3,5,0,0.776311831712949,0.74810355614327,0.905653635227347,-0.0187607,-0.0185884,-0.0169862,-0.0216557,-0.0135920,sell
2013-08-23,1,3,1,3,2,4,4,2,0,4,5,3,4,3,3,5,1,0.762949325001779,0.740879473616858,0.903593364072938, 0.0074197, 0.0085226, 0.0075934, 0.0074136, 0.0121283,buy
2013-08-24,1,4,0,1,1,4,3,3,0,4,4,3,3,3,3,4,1,0.749222151067642,0.733592294785935,0.901487491851613, 0.0085970, 0.0070180, 0.0091879, 0.0068997, 0.0073995,buy
2013-08-25,0,2,1,0,0,4,2,1,3,3,1,2,4,3,4,2,0,0.735186101569929,0.726244685691536,0.899336766121846, 0.0062505, 0.0060935, 0.0028848, 0.0047800, 0.0060258,buy
2013-08-26,0,1,2,0,1,4,1,0,4,2,2,0,3,3,3,3,1,0.720873519499589,0.718835757653315,0.89714342955906, 0.0070036, 0.0041926, 0.0136664, 0.0104662, 0.0027858,buy
2013-08-27,0,0,1,2,0,3,0,2,3,2,2,1,2,3,2,2,1,0.706340196516013,0.711368176712309,0.894902996812411,-0.0080856,-0.0063568,-0.0074404,-0.0017923,-0.0085330,sell
2013-08-28,0,0,3,1,4,3,1,3,5,2,4,2,4,3,3,4,2,0.691614432736282,0.703843720229208,0.892622943466638, 0.0053595, 0.0133704, 0.0190111, 0.0112824, 0.0104901,buy
2013-08-29,0,1,3,2,3,2,1,1,4,1,3,1,4,3,3,3,1,0.676739082623405,0.696266831605739,0.890298784170898, 0.0064669, 0.0112718, 0.0116706, 0.0085054, 0.0124136,buy
2013-08-30,0,1,4,2,2,3,2,1,2,1,2,2,4,3,3,2,2,0.661740829144916,0.688634844800865,0.887932761600612, 0.0230083, 0.0227553, 0.0227489, 0.0224845, 0.0230947,buy
2013-08-31,1,1,3,2,3,2,1,1,2,3,3,1,5,2,2,3,3,0.646655249590861,0.680953091896657,0.885524875755782, 0.0173861, 0.0183322, 0.0097598, 0.0191170, 0.0184283,buy
2013-09-01,2,2,1,2,3,1,1,1,2,1,2,2,4,1,2,3,2,0.631504984054905,0.673223350253807,0.883077369311828,-0.0009256, 0.0025707, 0.0033244, 0.0035543,-0.0004889,buy
2013-09-02,1,0,2,1,4,0,2,2,3,2,3,2,3,2,4,2,1,0.616317524079357,0.665447397233005,0.880588747151802, 0.0051393, 0.0076874, 0.0075299, 0.0050331, 0.0042942,buy
2013-09-03,0,0,2,3,3,0,2,2,3,1,2,1,2,3,3,3,2,0.601117126907428,0.657624344153905,0.878061251951128,-0.0018881, 0.0102625, 0.0099150, 0.0099324, 0.0059696,buy
2013-09-04,0,1,2,3,2,1,2,4,3,1,2,2,3,4,3,2,3,0.585921581184142,0.64976130045927,0.875498621502174,-0.0060984,-0.0028154,-0.0024743,-0.0057971,-0.0051490,sell
2013-09-05,0,2,2,0,4,1,2,5,3,1,3,3,2,4,4,2,2,0.570748675554521,0.641854711427718,0.872891885103253, 0.0163732, 0.0207174, 0.0224075, 0.0169062, 0.0164782,buy
2013-09-06,0,3,0,0,4,0,2,4,1,1,2,2,2,3,3,1,2,0.555618624387909,0.633913463862703,0.870250761014527,-0.0002824, 0.0065917, 0.0101592, 0.0217135, 0.0009379,buy
2013-09-07,0,2,0,1,4,1,2,1,2,3,3,1,3,3,3,2,1,0.540547599179782,0.625934891723187,0.867573006560573,-0.0072631,-0.0023237,-0.0053130,-0.0092901,-0.0101993,sell
2013-09-08,1,3,1,1,3,1,1,0,1,2,4,0,2,2,1,3,2,0.525546111402198,0.617918995009171,0.864857126624445,-0.0063638,-0.0069853,-0.0078666,-0.0116511,-0.0078959,sell
2013-09-09,2,3,3,0,4,0,1,0,2,2,4,1,3,3,2,2,2,0.51063194970018,0.609872883163418,0.862107606556985,-0.0023942,-0.0109722,-0.0051940,-0.0087787,-0.0056670,sell
2013-09-10,1,3,3,1,3,0,1,1,2,1,3,1,3,3,2,3,1,0.49581400839624,0.601795667505581,0.859321456124298, 0.0063783,-0.0015786,-0.0042269,-0.0056461, 0.0031897,buy
2013-09-11,0,1,4,2,2,0,5,2,1,2,3,1,3,3,4,3,2,0.481106033261532,0.593689125396351,0.856502413118754, 0.0028745, 0.0039266, 0.0062716, 0.0039444, 0.0037462,buy
2013-09-12,0,1,4,1,3,0,4,3,1,2,3,2,2,3,5,2,2,0.46651772719334,0.585555922876765,0.853649729981879, 0.0050835, 0.0053061, 0.0088536, 0.0065489, 0.0065991,buy
2013-09-13,1,2,2,1,3,1,1,2,4,3,1,3,3,3,5,4,1,0.452060410238497,0.577398725987857,0.850762659155199, 0.0174827, 0.0176346, 0.0205158, 0.0171170, 0.0080877,buy
2013-09-14,2,1,2,0,2,2,1,2,2,3,1,2,2,4,5,3,0,0.437742168144741,0.569210425286866,0.84784419087261, 0.0061322, 0.0048953, 0.0052019, 0.0077053, 0.0055325,buy
2013-09-15,1,1,2,0,1,1,3,2,2,4,0,2,2,5,5,2,1,0.423573512384131,0.561018569864494,0.84489208245869,-0.0048826,-0.0070086,-0.0009797,-0.0014900,-0.0157909,sell
2013-09-16,1,3,2,0,2,2,4,3,3,4,2,3,2,6,6,3,2,0.409566571578273,0.55279916535142,0.841909324147335, 0.0034814, 0.0031328, 0.0007906, 0.0047305, 0.0033186,buy
2013-09-17,2,3,4,1,2,1,2,4,3,2,3,2,2,6,5,4,2,0.395718920002846,0.544561987231441,0.838895168380071,-0.0051233,-0.0051234,-0.0038782,-0.0046388,-0.0060631,sell
2013-09-18,2,1,4,1,2,1,2,2,3,1,3,3,2,3,3,4,1,0.38204996345242,0.536310590225938,0.835854848066216,-0.0042526,-0.0032146,-0.0016506,-0.0040420,-0.0037500,sell
2013-09-19,1,2,2,4,1,1,2,2,2,1,4,3,2,2,3,3,1,0.36856293622609,0.528045863015257,0.832782382737978, 0.0247767, 0.0244382, 0.0240081, 0.0133749, 0.0247423,buy
2013-09-20,2,2,2,1,3,0,2,3,2,4,4,4,3,3,3,3,1,0.355267541221142,0.519770471640433,0.829680015070779, 0.0016526,-0.0025854,-0.0075558,-0.0067520,-0.0042784,sell
2013-09-21,1,3,1,1,1,0,1,2,3,3,3,5,3,3,1,1,0,0.34217348133486,0.511485304781811,0.826549240181567,-0.0160751,-0.0132093,-0.0141657,-0.0147660,-0.0130658,sell
2013-09-22,1,2,2,1,2,2,2,1,2,3,3,4,3,3,2,2,1,0.329286416590661,0.503191251119737,0.823390058070342,-0.0009685,-0.0009729,-0.0026596,-0.0020407,-0.0014572,buy
2013-09-23,1,0,1,2,2,2,2,2,1,3,4,3,2,1,2,3,1,0.316613624161508,0.494890976695247,0.820203963854053, 0.0169380, 0.0168571, 0.0149259, 0.0022564, 0.0021683,buy
2013-09-24,0,0,1,1,4,0,1,3,1,2,3,2,2,2,1,3,0,0.304167232669008,0.48658803622972,0.816988714857276, 0.0101334, 0.0166439, 0.0081444, 0.0088018, 0.0063930,buy
2013-09-25,0,2,1,0,4,0,2,1,2,1,3,3,3,1,1,1,1,0.291953710711352,0.478282429723158,0.813751786664753,-0.0006240,-0.0023700,-0.0105815,-0.0010402,-0.0007367,sell
2013-09-26,0,1,2,2,2,0,2,2,1,1,3,4,3,0,1,0,2,0.279986804059692,0.469976823216596,0.810487946367165, 0.0091445, 0.0003355, 0.0083495, 0.0070456, 0.0066560,buy
2013-09-27,1,2,3,1,1,1,1,2,0,2,4,3,3,1,1,1,1,0.268269747013125,0.46167388275107,0.80719868908146, 0.0125047,-0.0006588, 0.0050709, 0.0072775, 0.0128151,buy
2013-09-28,1,4,3,1,1,1,3,2,0,3,4,3,4,2,2,3,1,0.256817902492351,0.45337538568727,0.803887005041534, 0.0064280,-0.0074821,-0.0015595,-0.0030629, 0.0000751,buy
2013-09-29,0,5,3,1,3,1,2,2,0,3,3,2,4,4,3,3,1,0.245639356245108,0.445082220705541,0.80055139913044,-0.0094098,-0.0104752,-0.0153954,-0.0104309,-0.0082060,sell
2013-09-30,1,3,3,2,2,1,3,2,0,4,4,3,3,4,2,3,2,0.234745428318229,0.43679883120761,0.797191871348177,-0.0005837,-0.0043721,-0.0047128,-0.0034158,-0.0000693,sell
2013-10-01,1,2,1,5,0,2,3,3,0,3,4,3,3,4,1,4,1,0.224152290207189,0.428525217193476,0.793810664370167,-0.0008781,-0.0041055, 0.0034120, 0.0030773,-0.0105989,buy
2013-10-02,0,2,2,3,1,2,2,3,2,2,4,2,3,4,2,4,0,0.213869644809273,0.420266710745212,0.790407778196411,-0.0040522,-0.0079290, 0.0062072,-0.0084426,-0.0097893,sell
2013-10-03,1,2,1,3,0,1,3,3,3,2,3,3,1,5,3,3,1,0.203914472194731,0.41202064582178,0.786981717709959, 0.0067597, 0.0056299, 0.0073245, 0.0058618,-0.0010570,buy
2013-10-04,1,2,1,3,2,2,2,5,2,3,1,3,2,6,4,5,2,0.194302135284263,0.403794131865944,0.783536968261657,-0.0018321, 0.0094620, 0.0073953, 0.0092699, 0.0012413,buy
2013-10-05,1,0,1,4,1,2,3,4,2,4,1,4,2,5,3,5,2,0.18504152840038,0.395580948115287,0.780078762760823, 0.0007428, 0.0085915, 0.0078923, 0.0123544,-0.0019785,buy
2013-10-06,2,1,1,3,2,1,2,1,3,3,1,3,2,4,3,5,1,0.176164185959261,0.387397090816022,0.776595887830346, 0.0007266,-0.0009656, 0.0057646, 0.0009216,-0.0021560,buy
2013-10-07,2,1,1,6,2,1,1,2,2,2,2,2,3,4,3,6,0,0.167680619432963,0.379234561845043,0.773095819054967,-0.0067551,-0.0068685, 0.0049288,-0.0072303,-0.0025712,sell
2013-10-08,2,2,1,6,1,1,1,1,1,4,4,2,4,4,1,4,1,0.159620746088115,0.371097804604075,0.769578556434684,-0.0120615,-0.0249040,-0.0247376,-0.0129445,-0.0161722,sell
2013-10-09,1,1,1,5,2,0,2,0,1,3,4,1,3,3,2,3,0,0.151997503121099,0.362989485134155,0.766041857294078,-0.0113507,-0.0073600,-0.0216420,-0.0068242,-0.0047011,sell
2013-10-10,2,1,1,4,2,0,1,1,2,2,3,1,3,3,2,3,1,0.144848084971506,0.354912269476318,0.762490954542464,-0.0203391,-0.0200004,-0.0329550,-0.0211251,-0.0171259,sell
2013-10-11,2,0,0,5,1,2,1,2,3,3,3,1,5,3,2,3,2,0.138200791756418,0.346867934991255,0.758924353062897,-0.0069094, 0.0011892, 0.0041514, 0.0006836, 0.0059122,buy
2013-10-12,1,0,0,4,2,2,2,2,1,2,3,1,5,2,1,2,2,0.132083923592918,0.338857370359311,0.755342052855374, 0.0054074, 0.0106042, 0.0082449, 0.0076197, 0.0071038,buy
2013-10-13,1,0,1,3,1,1,3,0,2,3,3,0,4,2,2,3,1,0.126536292070146,0.330885018982212,0.751744053919898,-0.0091765,-0.0081490,-0.0097240,-0.0149452,-0.0077212,sell
2013-10-14,2,2,2,3,1,2,2,2,0,1,5,1,4,2,3,2,0,0.121603177375431,0.322952658220649,0.748132598931889,-0.0048020,-0.0052151, 0.0015041,-0.0047180, 0.0014438,sell
2013-10-15,2,1,3,3,0,2,3,0,1,2,4,1,4,2,3,2,1,0.117328242546558,0.315062954115656,0.744507687891347, 0.0047788, 0.0043928, 0.0196125,-0.0098857,-0.0099865,buy
2013-10-16,0,3,4,1,1,1,2,1,0,1,4,2,2,1,3,1,1,0.113759193495178,0.307216795347581,0.740868573239799, 0.0078784,-0.0038568, 0.0028371, 0.0047648, 0.0084796,buy
2013-10-17,1,3,3,1,2,1,3,1,0,2,4,2,3,2,3,2,1,0.110954247605002,0.299415070596767,0.737220487886563, 0.0125775, 0.0008557, 0.0064119, 0.0039161, 0.0135940,buy
2013-10-18,1,3,3,2,1,1,2,2,0,2,3,2,3,3,2,2,2,0.108980516582251,0.291664000625631,0.733555956246898, 0.0072503,-0.0043923, 0.0050812, 0.0013540, 0.0058033,buy
2013-10-19,0,3,4,1,0,2,3,1,1,0,2,2,3,3,2,2,1,0.107902686408828,0.283955587311067,0.729880958788597, 0.0054358, 0.0031314, 0.0070162, 0.0076646, 0.0085314,buy
2013-10-20,0,3,3,1,1,2,2,2,1,0,3,2,2,2,2,3,1,0.107796763113466,0.276312047661704,0.726195495511659,-0.0007205, 0.0062918, 0.0092250, 0.0031555, 0.0058353,buy
2013-10-21,0,3,1,1,0,1,2,3,1,2,4,3,3,1,1,1,1,0.108737944150123,0.268716496750985,0.722498818857611, 0.0072198,-0.0023310, 0.0020212, 0.0073887, 0.0072900,buy
2013-10-22,0,4,2,0,3,2,2,2,1,2,5,2,5,1,2,1,2,0.110815172743915,0.261180487423396,0.718793919060349, 0.0015987,-0.0043550,-0.0007891,-0.0017878,-0.0018660,buy
2013-10-23,0,4,2,1,2,2,3,1,0,0,5,1,4,0,3,0,2,0.114106880647895,0.253700464957557,0.71507855344445, 0.0039055, 0.0026292,-0.0001354, 0.0094643, 0.0007138,buy
2013-10-24,1,3,5,1,1,2,1,1,2,1,4,3,4,2,3,1,1,0.118692308189892,0.246282650115884,0.711355712243812, 0.0089662, 0.0115392, 0.0134607, 0.0163200, 0.0138115,buy
2013-10-25,2,4,4,1,3,2,1,2,1,1,5,3,4,2,2,3,2,0.124632907052713,0.238930597619759,0.707625395458433, 0.0031845,-0.0022986, 0.0030170, 0.0097668, 0.0026959,buy
2013-10-26,2,5,3,1,4,1,2,2,1,0,5,4,4,1,2,2,3,0.13197476599846,0.231644307469181,0.703886107971366, 0.0033869, 0.0031111, 0.0017608, 0.0105022, 0.0048544,buy
2013-10-27,1,4,3,1,4,1,1,1,1,1,3,3,4,2,3,2,1,0.140736482246932,0.22442377966415,0.700140840016506,-0.0034165, 0.0009524, 0.0002489,-0.0044406, 0.0013038,sell
2013-10-28,1,3,3,2,3,1,1,1,2,1,4,2,2,3,2,4,1,0.150881669933309,0.217280567049155,0.696388844035381, 0.0049679, 0.0070464, 0.0004342,-0.0046452,-0.0000562,buy
2013-10-29,2,4,3,2,5,1,0,2,4,0,4,3,2,5,2,6,1,0.162316534383834,0.210206671501088,0.692633110261885,-0.0005799,-0.0028034,-0.0004293,-0.0050721, 0.0021678,buy
2013-10-30,2,5,2,0,5,0,0,3,6,1,4,4,0,5,3,5,3,0.174885020667171,0.203210091143056,0.688871396020597, 0.0118207, 0.0141337, 0.0151239, 0.0121886, 0.0134529,buy
2013-10-31,2,3,1,0,4,1,1,4,6,2,2,4,1,5,5,5,2,0.188358302122347,0.196291714655405,0.685105943986939, 0.0141320, 0.0177597, 0.0165469, 0.0168912, 0.0107341,buy
2013-11-01,2,2,1,1,4,1,2,2,5,2,1,4,2,4,5,5,1,0.202433163209201,0.189454208079171,0.681337501719384, 0.0180889, 0.0179801, 0.0205759, 0.0171183, 0.0054697,buy
2013-11-02,2,3,2,1,3,0,0,3,6,1,2,4,2,3,4,4,2,0.216747362429088,0.182701126135734,0.677564574100986, 0.0107072, 0.0086597, 0.0117549, 0.0105970, 0.0094701,buy
2013-11-03,2,5,3,0,4,0,0,2,8,0,3,4,3,4,4,5,1,0.230906315292413,0.176036023546474,0.673790898924114, 0.0283272, 0.0212454, 0.0362864, 0.0179089, 0.0281905,buy
2013-11-04,2,3,3,2,3,0,1,2,5,1,3,1,4,4,4,5,1,0.2445025001132,0.169450902188287,0.670014233513346, 0.0131190, 0.0035842, 0.0062009, 0.0088529, 0.0093602,buy
2013-11-05,1,2,3,1,3,0,3,1,5,2,2,2,3,4,4,5,1,0.257151843873914,0.162961758307384,0.666236820544103,-0.0055352,-0.0089686,-0.0057664,-0.0072031,-0.0081562,sell
2013-11-06,2,3,2,0,2,0,1,2,5,0,2,2,3,1,5,2,2,0.268518788043443,0.156565037182386,0.662459407574861, 0.0040677, 0.0038344, 0.0081711, 0.0106132,-0.0011711,buy
2013-11-07,3,2,3,0,1,0,0,3,6,1,1,2,5,2,5,2,2,0.278340545820315,0.150264293534673,0.658681994605618, 0.0060811, 0.0052621, 0.0098162, 0.0066678, 0.0018370,buy
2013-11-08,1,2,3,1,0,1,2,3,5,0,3,4,5,0,4,0,2,0.286432762156113,0.144059527364245,0.654904581636376, 0.0119178, 0.0103305, 0.0162134, 0.0171246, 0.0121149,buy
2013-11-09,1,2,2,1,1,0,3,2,5,1,2,4,4,1,4,1,2,0.292691130905022,0.137960514154901,0.651128663784081, 0.0162734,-0.0020926, 0.0185860, 0.0165956, 0.0156821,buy
2013-11-10,3,3,2,0,2,0,0,4,4,2,3,3,4,2,4,2,2,0.297088160524733,0.131961921824567,0.647354988607209, 0.0062496, 0.0046501, 0.0027229,-0.0027682, 0.0044037,buy
2013-11-11,3,3,3,1,0,1,1,2,6,1,3,3,4,3,4,2,2,0.299658619730518,0.126068193774972,0.643582808547285, 0.0029464, 0.0054967, 0.0036187, 0.0067830, 0.0022417,buy
2013-11-12,2,2,4,1,0,1,1,2,6,1,4,3,3,3,3,3,1,0.30048255742498,0.120282884727495,0.639812871162782, 0.0075595, 0.0222908, 0.0182844, 0.0168989, 0.0235822,buy
2013-11-13,2,3,2,2,0,0,1,2,2,3,4,1,3,3,2,3,1,0.299685302698052,0.114608660723173,0.636047419129124,-0.0110790,-0.0073320,-0.0125273,-0.0132793,-0.0143912,sell
2013-11-14,2,5,2,1,2,0,0,3,2,4,5,2,3,4,2,3,2,0.297407547560368,0.109044633081659,0.632284209770888, 0.0124081, 0.0086711, 0.0085793, 0.0134925, 0.0171975,buy
2013-11-15,1,4,2,2,0,0,0,2,3,2,4,2,3,3,1,2,1,0.29380453836849,0.103595245204681,0.628526980880444,-0.0162747,-0.0221287,-0.0160715,-0.0162874,-0.0171683,sell
2013-11-16,1,1,5,2,1,1,1,2,4,1,4,3,2,3,2,4,1,0.289026670030338,0.0982613857725832,0.624771994665423,-0.0055591,-0.0088855, 0.0047170,-0.0072618,-0.0054570,sell
2013-11-17,1,1,2,3,1,1,0,3,4,2,3,2,2,4,2,4,1,0.283234848925889,0.0930466095067469,0.621023736476667, 0.0189772, 0.0170690, 0.0205425, 0.0021725, 0.0062962,buy
2013-11-18,1,3,1,2,3,0,0,3,5,2,3,2,3,4,2,4,2,0.2765721927901,0.0879571371695887,0.617281458755704, 0.0117862, 0.0046209, 0.0099068, 0.0101241, 0.0087378,buy
2013-11-19,1,1,0,1,4,0,1,2,4,2,2,2,1,4,2,4,1,0.269181010783153,0.0829894140397276,0.613542171268637,-0.0016452,-0.0133394,-0.0053718,-0.0067930,-0.0050100,sell
2013-11-20,1,0,1,2,1,1,0,3,3,3,1,2,3,4,2,3,0,0.261181780546338,0.0781443287975089,0.60981409715868, 0.0014883,-0.0004385, 0.0041308, 0.0036933, 0.0042489,buy
2013-11-21,2,0,2,1,1,2,0,3,5,2,2,2,4,4,2,2,2,0.252687702547981,0.0734298795660396,0.606092003516515, 0.0028756, 0.0000343,-0.0034726,-0.0068771,-0.0180924,sell
2013-11-22,3,2,1,1,2,2,0,1,5,1,3,1,4,2,4,2,2,0.243804700083445,0.068842511623939,0.602378133017565, 0.0083062, 0.0090916, 0.0100430, 0.0083521, 0.0080808,buy
2013-11-23,1,1,1,1,3,1,0,2,4,1,3,1,3,2,3,2,1,0.234622524952618,0.0643884457336234,0.598671738103354, 0.0057589, 0.0043515, 0.0036056, 0.0041121, 0.0029971,buy
2013-11-24,1,1,1,3,2,1,2,1,4,2,4,1,2,4,3,2,2,0.22521880033378,0.0600650158540574,0.594975809007781,-0.0286591,-0.0327866,-0.0383889,-0.0386687,-0.0393694,sell
2013-11-25,1,2,1,4,1,2,2,2,3,1,6,1,4,2,2,2,2,0.215669532255665,0.0558837748297289,0.591290345730843,-0.0100211,-0.0083139,-0.0100242,-0.0069598,-0.0127039,sell
2013-11-26,1,2,4,2,1,2,0,2,5,1,6,0,4,2,3,2,3,0.206035363826305,0.0518331698161498,0.587613853155594,-0.0043838,-0.0014236,-0.0038891,-0.0074966,-0.0012259,sell
2013-11-27,2,3,3,1,1,1,0,2,4,1,4,1,4,2,4,1,2,0.196368852405995,0.0479283083791893,0.583947826398981, 0.0144098, 0.0139007, 0.0076300, 0.0123776, 0.0085606,buy
2013-11-28,1,4,2,2,1,2,2,2,2,2,3,0,4,4,4,3,2,0.186723363929803,0.0441620810760853,0.580296750811849, 0.0097969, 0.0116311, 0.0109094, 0.0065633, 0.0080935,buy
2013-11-29,1,2,2,3,0,1,3,2,3,2,4,2,3,3,3,2,2,0.177137709986869,0.0405415973495998,0.576655393484878,-0.0054287,-0.0035637,-0.0035876,-0.0138305,-0.0146453,sell
2013-11-30,0,3,3,2,1,1,2,3,4,0,4,3,3,4,1,3,1,0.16764989359156,0.0370650798390422,0.573028239768915,-0.0139265,-0.0122381,-0.0221518,-0.0126023,-0.0091759,sell
2013-12-01,1,2,2,2,1,1,1,4,5,0,2,3,2,5,1,4,2,0.158298726333016,0.0337360832657937,0.56941379454701, 0.0018082, 0.0056759, 0.0058861,-0.0014785, 0.0025528,buy
2013-12-02,0,1,2,3,0,1,2,3,4,1,2,2,1,5,0,4,3,0.149101188281488,0.0305537189495088,0.565815048053059, 0.0023445,-0.0044465,-0.0014223,-0.0274767,-0.0127375,sell
2013-12-03,0,2,2,1,1,1,4,2,1,1,2,2,0,4,1,4,2,0.140094473876566,0.0275268736936399,0.562229010053166, 0.0202283, 0.0260132, 0.0124560, 0.0269200, 0.0233412,buy
2013-12-04,1,3,1,0,0,1,2,2,2,3,1,3,2,4,1,3,1,0.131297180338049,0.0246502154161157,0.558658670781229,-0.0020441,-0.0037758,-0.0019444,-0.0019444,-0.0015531,sell
2013-12-05,2,2,1,1,1,2,2,2,2,2,3,3,3,3,3,1,1,0.122732756334375,0.0219246327972814,0.555104030237245, 0.0040032, 0.0039793, 0.0003457, 0.0025579, 0.0022854,buy
2013-12-06,1,1,1,1,1,0,4,1,2,1,1,2,3,3,2,1,1,0.114412521912376,0.0193554579192083,0.551568078655112,-0.0100327,-0.0065598,-0.0035004,-0.0061082,-0.0105530,sell
2013-12-07,0,1,0,2,3,0,3,3,2,2,3,2,2,3,3,2,1,0.10636154289004,0.0169435794622418,0.548046330683986, 0.0081095, 0.0035177, 0.0034914, 0.0070387, 0.0060762,buy
2013-12-08,1,2,1,2,3,0,3,4,1,1,3,1,3,3,3,3,2,0.0985911393141992,0.0146889974263818,0.544544766791658,-0.0205629,-0.0352513,-0.0265812,-0.0303640,-0.0327529,sell
2013-12-09,0,1,3,1,2,0,3,3,1,1,3,0,2,3,3,2,2,0.0911182912551021,0.0125926004919735,0.541058901627285,-0.0085670,-0.0068686,-0.0014983,-0.0089912,-0.0076444,sell
2013-12-10,1,2,2,2,2,1,3,2,1,0,4,1,2,2,3,2,2,0.0839510844604866,0.0106588320607431,0.537596210775607, 0.0185163, 0.0144884, 0.0203480, 0.0038003,-0.0014176,buy
2013-12-11,1,1,1,1,3,1,3,3,0,2,3,1,3,2,4,2,1,0.0771081161501491,0.0088832487309645,0.534151461327305, 0.0106109, 0.0073267, 0.0130276, 0.0076208, 0.0101554,buy
2013-12-12,0,1,1,0,4,0,2,3,1,2,2,1,3,2,3,1,2,0.0705926206231848,0.00726940522401859,0.530716430139166, 0.0107214, 0.0157949, 0.0111547, 0.0064244, 0.0105243,buy
2013-12-13,0,2,2,0,3,1,3,2,1,0,1,1,2,2,3,3,2,0.0644175350759737,0.00582174494163151,0.527309806173039,-0.0051129,-0.0081857,-0.0147065,-0.0084017,-0.0079747,sell
2013-12-14,0,2,2,2,3,2,3,3,1,0,3,1,1,3,4,3,3,0.0585990310039911,0.00453582448207713,0.523922618727237, 0.0063062, 0.0112995, 0.0061300,-0.0017642, 0.0008761,buy
2013-12-15,0,1,2,1,3,1,1,4,1,1,2,1,2,2,2,4,2,0.0531346826829158,0.0034160872470816,0.520554120243285, 0.0082012, 0.0014925, 0.0071074, 0.0017921,-0.0004298,buy
2013-12-16,0,3,0,1,4,1,2,2,1,0,2,1,2,1,3,3,2,0.0480430873325442,0.002458978515264,0.517210291188977, 0.0006914, 0.0056321, 0.0045842, 0.0024161,-0.0039552,buy
2013-12-17,0,2,1,1,4,1,2,1,0,1,2,2,2,0,4,2,1,0.0433307135510664,0.00166983036869573,0.513885898654993,-0.0048399,-0.0012248,-0.0079584,-0.0051856,-0.0024672,sell
2013-12-18,1,1,1,2,2,2,1,1,0,2,2,1,3,1,3,3,0,0.0389999870628036,0.00104242204496015,0.510584680433704,-0.0010545,-0.0004238,-0.0014813,-0.0006656, 0.0047582,buy
2013-12-19,1,3,1,1,2,3,1,1,0,0,2,0,2,1,3,4,1,0.0350654622136837,0.000587417708200061,0.507308879200531,-0.0068562,-0.0071901,-0.0074080,-0.0077604,-0.0052100,sell
2013-12-20,0,3,1,0,3,2,1,1,2,0,0,1,3,1,3,4,1,0.0315336076018966,0.000298596595998842,0.504054009604631,-0.0022381, 0.0030717, 0.0039058,-0.0003901, 0.0055723,buy
2013-12-21,0,3,1,1,2,1,3,2,2,2,1,2,3,2,3,5,1,0.0284100832508587,0.000176847388701719,0.500825304555322, 0.0000609, 0.0073276, 0.0046155, 0.0018013, 0.0027398,buy
2013-12-22,0,1,0,2,1,2,2,4,1,2,2,1,2,2,3,3,2,0.0257029749083076,0.000217726684582498,0.497620521377182,-0.0183957,-0.0176718,-0.0190397,-0.0120237,-0.0276038,sell
2013-12-23,0,1,1,1,2,2,2,3,3,1,2,1,3,2,2,3,3,0.0234195597472072,0.000429232606748315,0.494441902745633,-0.0175327,-0.0201350,-0.0198187,-0.0142160,-0.0262070,sell
2013-12-24,0,2,2,1,0,1,1,3,4,1,1,0,2,3,4,2,3,0.0215622634918787,0.000809587794508699,0.491289448660674,-0.0046755,-0.0061273,-0.0046726,-0.0077979,-0.0061703,sell
2013-12-25,1,1,1,0,1,2,1,4,2,2,0,1,3,3,4,2,2,0.0201432147639285,0.00135346016579224,0.488164654239255,-0.0021892, 0.0052815, 0.0007442, 0.0029908, 0.0012321,buy
2013-12-26,1,1,0,1,0,2,2,2,2,4,1,1,3,2,3,3,2,0.019168073586773,0.00206707048301557,0.485066024364426,-0.0302867,-0.0186421,-0.0195315,-0.0100217,-0.0187339,sell
2013-12-27,1,1,1,0,1,1,1,2,2,5,1,1,3,2,3,4,1,0.0186433085586023,0.00294686402479776,0.481998044387032, 0.0094878, 0.0103013, 0.0088400, 0.0103157, 0.0099706,buy
2013-12-28,3,1,2,0,1,1,1,2,3,5,1,3,4,4,3,4,0,0.0185713454037376,0.003997284192865,0.478954733839281, 0.0011226, 0.0014766, 0.0000660, 0.0101354, 0.0018311,buy
2013-12-29,3,2,1,2,0,1,0,4,1,6,2,4,2,4,3,4,1,0.0189570355708215,0.00520944418376491,0.475944315864387,-0.0053829,-0.0048605,-0.0035639,-0.0020075,-0.0116189,sell
2013-12-30,2,1,1,1,1,1,2,3,1,6,2,4,1,4,3,4,1,0.0198157419805554,0.00658512135818799,0.472961557553032, 0.0048778, 0.0113730, 0.0109867, 0.0082616, 0.0123510,buy
2013-12-31,2,2,0,0,1,2,2,1,1,5,2,3,1,3,2,4,1,0.0211409960347493,0.00812787043751515,0.470013186931482, 0.0161804, 0.0197264, 0.0252878, 0.0252235, 0.0218383,buy
2014-01-01,3,1,0,0,0,4,0,2,2,8,4,4,2,4,2,4,0,0.0229489692288784,0.00983680274140116,0.467091728414997, 0.0108294, 0.0134180, 0.0101517, 0.0102843, 0.0101517,buy
2014-01-02,3,2,0,0,0,4,1,2,1,5,4,4,3,3,1,2,1,0.0252331929647526,0.0117048088270842,0.464204657588317, 0.0047082, 0.0062975, 0.0068949, 0.0068998, 0.0055433,buy
2014-01-03,2,1,1,0,1,3,2,1,2,6,4,4,2,4,2,3,0,0.0280041787144308,0.0137345547355999,0.46134973177602, 0.0130835, 0.0142505, 0.0182228, 0.0180289, 0.0178896,buy
2014-01-04,2,2,0,2,1,3,1,4,1,5,5,4,3,3,3,2,1,0.0312683950761031,0.0159287065079839,0.458529193653528, 0.0040834, 0.0104215, 0.0090124, 0.0122628, 0.0059499,buy
2014-01-05,3,2,2,1,1,3,1,3,3,3,5,3,3,3,4,2,2,0.0350274591993169,0.0182783773407841,0.455740800545419,-0.0037623, 0.0025200, 0.0030449, 0.0226622, 0.0025200,buy
2014-01-06,2,2,2,0,0,2,1,2,3,3,5,2,3,2,3,0,2,0.0392797539345249,0.0207897879964169,0.452986795127115, 0.0165441, 0.0087129, 0.0116480, 0.0091856, 0.0098497,buy
2014-01-07,2,2,0,2,0,2,1,3,3,5,4,3,5,2,4,1,1,0.0440341736042382,0.0234558290321205,0.450268672515564, 0.0125050, 0.0161443, 0.0173180, 0.0191227, 0.0109944,buy
2014-01-08,1,2,0,1,1,2,0,2,3,5,3,3,3,2,4,0,2,0.0492939525075521,0.0262782778085854,0.447583442476871, 0.0073707, 0.0094908, 0.0122245, 0.0097261, 0.0114318,buy
2014-01-09,1,2,1,1,0,1,1,2,3,3,2,2,4,2,2,1,2,0.0550526220462764,0.0292571343258116,0.444934842803404, 0.0025818,-0.0084917,-0.0080855,-0.0004448,-0.0004629,sell
2014-01-10,1,1,2,2,1,2,1,3,3,2,3,2,3,3,3,2,2,0.0613190765429224,0.0323879551820729,0.442327358846009, 0.0270337, 0.0301847, 0.0306084, 0.0079865, 0.0161349,buy
2014-01-11,0,1,1,4,0,1,1,4,3,2,2,2,5,1,3,2,2,0.0680868473993001,0.035669851697024,0.439749029669101, 0.0010547,-0.0004484, 0.0004300, 0.0002459, 0.0029515,buy
2014-01-12,0,2,1,2,3,0,2,2,3,3,2,3,6,1,3,1,2,0.075357551764957,0.0391046012313555,0.437208078415894,-0.0021808, 0.0053648, 0.0016331, 0.0015466,-0.0017833,buy
2014-01-13,0,2,1,1,2,0,2,1,2,2,2,3,4,0,3,0,1,0.0831279553407981,0.0426877603833412,0.434708242878758, 0.0186774,-0.0104624, 0.0095053, 0.0117085, 0.0116604,buy
2014-01-14,1,2,1,2,0,2,1,1,3,3,3,3,4,1,3,2,0,0.0913859295052169,0.0464157744316001,0.432246532823798, 0.0180439, 0.0167010, 0.0180686, 0.0178530, 0.0167785,buy
2014-01-15,1,1,1,2,0,3,2,1,3,4,3,2,4,1,4,3,1,0.100134708557309,0.0502886433761322,0.429823695809486, 0.0194302, 0.0165084, 0.0214858, 0.0139783, 0.0149368,buy
2014-01-16,0,2,1,1,1,1,3,1,2,2,2,1,4,1,4,2,0,0.109355695277276,0.0543054785365923,0.427438236718876, 0.0067863, 0.0039290, 0.0039088, 0.0046775, 0.0037260,buy
2014-01-17,0,2,1,1,4,1,3,1,3,1,3,3,3,2,3,2,1,0.119042421066931,0.0584662799129804,0.425096136019759, 0.0016397, 0.0089892, 0.0008918, 0.0020398, 0.0051495,buy
2014-01-18,0,1,0,4,2,2,3,2,2,2,4,3,3,2,2,2,2,0.129175480131701,0.0627639380625347,0.42279440347824, 0.0084994, 0.0197432, 0.0126027,-0.0012685, 0.0051432,buy
2014-01-19,1,1,1,3,2,2,4,3,2,1,4,3,4,4,1,2,2,0.139735466677016,0.067202007706636,0.420533786652792,-0.0123589,-0.0083307,-0.0116222,-0.0175422,-0.0111457,sell
2014-01-20,1,1,2,1,2,1,5,1,2,1,3,3,3,3,2,1,2,0.150700549183986,0.071771602041832,0.418315780660363, 0.0082657, 0.0125668, 0.0054438, 0.0052951,-0.0008998,buy
2014-01-21,1,3,1,1,2,2,5,2,1,1,2,4,4,3,3,1,2,0.162035150362565,0.0764798305108846,0.416141880617902,-0.0077159, 0.0019644,-0.0073784,-0.0065898,-0.0081050,sell
2014-01-22,2,2,1,2,2,2,3,2,0,4,3,3,5,2,3,1,3,0.173708544371349,0.0813178063103414,0.414009843849986, 0.0030297, 0.0120147, 0.0162074, 0.0148095, 0.0126639,buy
2014-01-23,2,2,2,2,0,1,4,1,0,2,2,3,5,1,3,0,2,0.185673833873461,0.086287306800893,0.411924155707459, 0.0135123,-0.0002388, 0.0206710, 0.0027635, 0.0131170,buy
2014-01-24,1,1,3,1,1,1,2,1,2,1,2,2,3,2,2,2,1,0.197880887232928,0.0913829999004678,0.409884068631848, 0.0097631, 0.0077781, 0.0050915, 0.0081562, 0.0064495,buy
2014-01-25,2,2,2,3,0,1,3,3,3,1,3,3,3,3,3,3,2,0.210267444192169,0.0966057742894112,0.407887339947731, 0.0128929, 0.0041529,-0.0021368, 0.0195787, 0.0148071,buy
2014-01-26,1,1,2,4,1,1,4,5,1,2,4,3,3,4,2,4,2,0.222765584470189,0.101950297885652,0.405937707447477, 0.0033118, 0.0014077, 0.0069168, 0.0003447, 0.0018081,buy
2014-01-27,1,3,2,2,1,1,5,3,2,1,4,3,2,3,3,4,2,0.235293642014839,0.107417459369535,0.404038908923456, 0.0076041, 0.0097848, 0.0140910, 0.0096397, 0.0010958,buy
2014-01-28,3,3,1,2,1,2,3,4,2,2,5,2,3,4,3,4,2,0.247757013577588,0.113005481380369,0.402184963907877, 0.0084478, 0.0150920, 0.0146496, 0.0160503, 0.0104884,buy
2014-01-29,3,2,0,2,1,2,2,4,2,2,5,2,2,4,2,3,2,0.260057053036037,0.118703699754013,0.400381105310057, 0.0125565, 0.0174018, 0.0174721, 0.0162621, 0.0165908,buy
2014-01-30,2,2,0,2,2,1,5,3,2,0,5,1,3,4,1,3,2,0.272074091323669,0.124518335252883,0.398624342896101,-0.0035708,-0.0058349,-0.0043895,-0.0093009,-0.0140309,sell
2014-01-31,2,1,1,3,2,1,4,5,2,1,6,1,2,5,2,3,3,0.28369088509829,0.130444055794907,0.396922899809223, 0.0011201, 0.0068169, 0.0135181, 0.0054431, 0.0088499,buy
2014-02-01,3,2,1,4,1,1,3,5,3,0,6,1,3,5,2,3,3,0.294765125199718,0.136477306658704,0.39527079558163, 0.0009812, 0.0075838, 0.0065384, 0.0075160,-0.0013799,buy
2014-02-02,2,3,2,0,2,1,3,2,3,0,5,1,1,4,3,2,2,0.305162588215508,0.14261719916393,0.393669525330271, 0.0266155, 0.0250246, 0.0114382, 0.0221440, 0.0250458,buy
2014-02-03,3,3,0,1,2,1,3,1,0,3,5,1,2,3,3,1,2,0.314734496387288,0.148864621990928,0.392122079289042, 0.0089126, 0.0034346, 0.0009383, 0.0038335,-0.0167587,buy
2014-02-04,3,4,0,1,2,2,2,2,0,3,4,1,2,4,4,1,3,0.323342583428745,0.155208910975558,0.390624719665572,-0.0002416,-0.0002505, 0.0010681, 0.0021499, 0.0011298,buy
2014-02-05,2,4,0,0,1,2,3,0,1,0,2,1,2,3,3,1,1,0.330846157329245,0.161653620839199,0.389184174486128,-0.0021127,-0.0024791,-0.0024791,-0.0037059,-0.0029296,sell
2014-02-06,2,2,2,0,0,2,2,0,2,0,3,0,2,2,3,1,1,0.337114228975439,0.168194308180125,0.387795958399866, 0.0100987, 0.0107452, 0.0111285, 0.0105293, 0.0117313,buy
2014-02-07,2,2,0,2,1,2,1,3,0,2,3,1,2,2,4,1,2,0.342035215048547,0.17482652959661,0.386463809199156,-0.0010872, 0.0054805,-0.0021147,-0.0000460, 0.0007148,buy
2014-02-08,2,3,0,2,2,1,2,1,1,2,3,1,3,2,3,1,3,0.345521789473003,0.181556505851071,0.385183989091627, 0.0019171, 0.0012686,-0.0000226,-0.0007483,-0.0020554,buy
2014-02-09,2,3,1,0,3,1,2,2,0,1,3,1,2,2,4,1,2,0.347517352014645,0.18837268409902,0.383960983428124, 0.0063225, 0.0085323, 0.0034847,-0.0011027, 0.0045651,buy
2014-02-10,3,2,3,1,1,2,1,2,0,2,3,2,2,2,5,2,1,0.347994411131164,0.195273286979767,0.382794792208647,-0.0025433,-0.0026572,-0.0022120, 0.0006065,-0.0031068,sell
2014-02-11,3,3,2,3,0,3,1,4,0,2,4,2,3,3,4,3,2,0.34697237261713,0.202260980534346,0.381686910550143, 0.0001756, 0.0065304, 0.0119356, 0.0179283, 0.0096049,buy
2014-02-12,2,2,2,3,1,2,1,5,0,2,4,2,4,3,3,2,2,0.344507836706707,0.209329544000341,0.380637338452614,-0.0101496,-0.0046402, 0.0061324, 0.0163483, 0.0052182,buy
2014-02-13,2,2,3,2,3,0,2,5,0,1,4,2,3,4,3,2,2,0.340705918120484,0.216473645295682,0.379646075916058,-0.0033110,-0.0026739, 0.0103860,-0.0060262, 0.0026307,sell
2014-02-14,1,1,2,4,2,0,2,7,1,2,5,3,1,5,3,3,2,0.335703265995226,0.223701282543474,0.378716113174372,-0.0011647,-0.0132734, 0.0027856,-0.0006015,-0.0101027,sell
2014-02-15,1,1,2,5,1,1,1,7,2,3,5,4,2,4,4,4,1,0.329681001080256,0.23099912553854,0.377847450227557,-0.0123143,-0.0071494,-0.0074328,-0.0132097,-0.0128721,sell
2014-02-16,1,1,4,2,1,1,1,6,2,1,4,3,2,4,3,3,1,0.322823478423991,0.23836895164157,0.377032611490871,-0.0068183, 0.0011334,-0.0010401,-0.0126262,-0.0104850,sell
2014-02-17,0,3,3,2,1,0,2,5,1,1,3,3,2,3,3,2,2,0.315352247514441,0.245812538213255,0.376285053016847, 0.0018939, 0.0006230,-0.0024917,-0.0052811,-0.0035152,sell
2014-02-18,1,3,2,2,1,1,1,5,1,3,4,2,3,4,4,2,1,0.307463792021631,0.253320109769796,0.375599541896167, 0.0025485, 0.0081755,-0.0069454,-0.0053922,-0.0026757,sell
2014-02-19,2,2,2,2,0,0,3,3,1,3,3,3,3,2,4,1,2,0.299363489938095,0.26089433235223,0.374978320804253, 0.0033644,-0.0027663, 0.0019544, 0.0029196, 0.0006755,buy
2014-02-20,2,1,2,1,1,0,2,3,2,1,3,1,3,2,3,2,1,0.291238930611347,0.268534317280212,0.37442213729958,-0.0052256,-0.0096311,-0.0000315,-0.0032801,-0.0064713,sell
2014-02-21,2,3,1,2,1,0,3,2,3,1,3,1,3,1,5,3,2,0.283244551823174,0.276229400389598,0.373930991382146,-0.0064857,-0.0052311, 0.0001512,-0.0043394,-0.0122242,sell
2014-02-22,2,3,1,2,1,0,3,3,2,2,3,1,4,1,5,2,3,0.275513768411248,0.283984913762459,0.373504135493478,-0.0028219, 0.0051312, 0.0080996, 0.0025634, 0.0020408,buy
2014-02-23,1,2,1,0,1,0,5,3,1,2,2,1,3,1,5,1,3,0.268166249442083,0.291796413997071,0.373143064750525, 0.0017096, 0.0061947, 0.0065341, 0.0026513, 0.0047781,buy
2014-02-24,1,3,0,0,0,0,3,2,3,1,1,1,3,0,5,1,2,0.261278809519189,0.299662123732742,0.37285226450413, 0.0114014, 0.0135214, 0.0148698, 0.0149964, 0.0040998,buy
2014-02-25,3,2,1,0,0,1,1,3,3,2,3,1,4,1,4,2,1,0.254925028946977,0.307576710887401,0.37262949207887,-0.0106672,-0.0034851,-0.0040573,-0.0136650,-0.0033502,sell
2014-02-26,2,2,1,0,0,0,2,2,2,2,2,2,4,0,3,1,1,0.249140485015492,0.315540175461047,0.372473252357799, 0.0044346,-0.0135990, 0.0033957,-0.0012307,-0.0009004,buy
2014-02-27,1,3,1,1,1,0,3,0,3,2,3,3,2,2,3,2,0,0.243962372164328,0.323550740092992,0.372388030691761,-0.0156912,-0.0155255,-0.0189632,-0.0148631,-0.0199220,sell
2014-02-28,2,2,2,2,0,0,2,2,2,2,2,3,2,2,4,2,1,0.23940686188896,0.331601295340471,0.372376069756176, 0.0246175, 0.0025840, 0.0165746, 0.0239172, 0.0256336,buy
2014-03-01,1,2,3,2,0,0,2,1,3,1,2,3,1,2,4,2,1,0.23548527423622,0.339695395924867,0.372427651290884, 0.0189305, 0.0157907, 0.0100929, 0.0200132, 0.0235259,buy
2014-03-02,0,1,2,2,1,0,2,0,3,1,2,3,1,1,3,1,1,0.232197609206109,0.347828598444454,0.372553988672994, 0.0079626,-0.0074270, 0.0085623, 0.0082680, 0.0087992,buy
2014-03-03,1,0,1,2,0,0,2,1,1,3,2,2,2,2,1,2,0,0.229541441074305,0.355991127415433,0.372753586785558, 0.0020729, 0.0001212, 0.0070055, 0.0171594, 0.0071424,buy
2014-03-04,0,1,1,1,1,1,1,1,2,2,1,3,2,2,1,1,1,0.227511109817391,0.364193647001948,0.373019717602311,-0.0027126,-0.0034045,-0.0022257,-0.0025292,-0.0026658,sell
2014-03-05,0,2,2,1,0,0,2,0,3,3,3,2,1,2,1,2,2,0.226095295388536,0.372428159080891,0.373359856707992, 0.0038509, 0.0001618,-0.0061697, 0.0043921,-0.0138554,buy
2014-03-06,0,2,2,2,1,1,0,2,1,2,2,3,0,3,2,1,2,0.225283486315681,0.380687554209501,0.373769518751757, 0.0046640, 0.0008550,-0.0019302, 0.0009438, 0.0004809,buy
2014-03-07,0,1,1,3,2,0,3,2,2,3,3,4,2,3,2,2,1,0.225064362551991,0.388974498428813,0.374253936642924,-0.0040103,-0.0017530,-0.0007872,-0.0037226,-0.0039133,sell
2014-03-08,0,2,0,3,2,0,3,0,1,1,3,1,2,1,3,1,1,0.22542741262541,0.397284548337101,0.37480862503065,-0.0005500, 0.0030901,-0.0006403, 0.0016279, 0.0002162,buy
2014-03-09,0,1,3,2,2,0,2,1,0,1,2,1,2,0,5,1,1,0.226358890764782,0.405617703934366,0.375435826590356, 0.0007907,-0.0108897,-0.0021961,-0.0011754,-0.0018397,buy
2014-03-10,1,2,3,2,1,1,2,1,0,2,3,2,2,1,4,2,1,0.22784828549805,0.413972187859916,0.376131803529672,-0.0043613,-0.0095000,-0.0036119,-0.0056720,-0.0055093,sell
2014-03-11,0,3,3,2,0,1,2,1,0,2,2,3,2,1,4,2,0,0.229876999605416,0.422340001990644,0.376899546082495,-0.0075723,-0.0102215,-0.0077009,-0.0073407,-0.0074486,sell
2014-03-12,0,3,3,1,2,1,3,2,0,2,3,3,2,2,4,2,1,0.232442607362558,0.430724701047932,0.377739801807297,-0.0041692,-0.0037436,-0.0025042,-0.0083499,-0.0071238,sell
2014-03-13,0,3,3,1,3,1,3,3,0,2,5,3,1,2,5,2,1,0.235528937274003,0.439121841630053,0.378648085353236,-0.0084490,-0.0008878,-0.0121867,-0.0114029,-0.0022261,sell
2014-03-14,0,3,2,3,3,1,2,3,2,2,5,4,2,2,4,3,1,0.23912952074156,0.447529646376317,0.379628134512682, 0.0060070, 0.0124734, 0.0085558, 0.0081922, 0.0025731,buy
2014-03-15,0,3,3,1,4,1,2,3,2,1,5,4,2,2,3,3,1,0.243226569120206,0.455946337926033,0.380675463934789, 0.0074067, 0.0095354, 0.0041665, 0.0064727, 0.0042249,buy
2014-03-16,0,4,3,2,2,0,4,2,2,0,4,4,1,4,3,2,1,0.247818465260393,0.464370138918512,0.381794558970403,-0.0000779, 0.0059955, 0.0000562, 0.0040497, 0.0066660,buy
2014-03-17,0,4,3,1,3,1,3,3,1,2,5,4,1,4,3,3,1,0.252889037666647,0.472797494632371,0.382980186710205, 0.0058902, 0.0011771,-0.0028928,-0.0031649,-0.0025389,buy
2014-03-18,2,4,1,1,2,1,3,2,1,2,5,3,2,3,2,3,1,0.258439094913741,0.48122662770692,0.384230104478772, 0.0110951,-0.0058920, 0.0061846,-0.0088338,-0.0081886,buy
2014-03-19,2,6,2,0,2,0,3,1,1,0,5,3,2,2,3,1,1,0.264450039781879,0.489658426822506,0.385551040302373, 0.0246460, 0.0211386, 0.0099242, 0.0236001, 0.0265225,buy
2014-03-20,2,4,2,0,3,0,2,0,2,1,4,1,3,2,3,2,1,0.270917829397191,0.49808667121671,0.386931780803895, 0.0113631, 0.0155765, 0.0161204, 0.0118088, 0.0137246,buy
2014-03-21,2,4,0,3,1,0,3,1,1,1,4,1,4,2,3,2,0,0.277835995161489,0.506512249569879,0.388378306451131,-0.0132606,-0.0028822,-0.0051121,-0.0030074,-0.0103187,sell
2014-03-22,1,3,1,2,2,0,4,1,2,1,4,2,4,2,2,2,1,0.285198877051354,0.514931607160631,0.389884636776289, 0.0033075, 0.0138905, 0.0046906, 0.0131882, 0.0053278,buy
2014-03-23,1,3,1,2,0,0,4,1,3,0,2,2,3,1,3,2,2,0.292991112146087,0.523342966628276,0.391451519337843,-0.0202850,-0.0233371,-0.0285610,-0.0266577,-0.0257293,sell
2014-03-24,2,3,1,3,0,1,5,2,1,1,3,1,4,2,4,3,2,0.301215126170008,0.531745439292468,0.393073721226474,-0.0028274, 0.0095159, 0.0145495, 0.0095262, 0.0044089,buy
2014-03-25,2,2,1,3,0,0,4,1,2,1,2,2,4,2,4,1,1,0.30985879050151,0.540133693071137,0.394751990000658,-0.0030930, 0.0030904, 0.0000106,-0.0007489, 0.0028035,buy
2014-03-26,1,2,2,3,1,0,5,0,2,1,3,3,4,2,3,2,0,0.318915636542405,0.548508616644627,0.396484830543445,-0.0052515,-0.0053344,-0.0236241,-0.0079862,-0.0091582,sell
2014-03-27,2,1,3,4,0,0,4,2,2,3,4,3,2,3,4,4,1,0.32838323856837,0.556866655291558,0.398266262387044, 0.0084040,-0.0061483, 0.0080043, 0.0111427, 0.0077828,buy
2014-03-28,2,2,3,4,0,0,4,2,2,2,5,2,3,3,4,4,0,0.338252702256894,0.565205142970894,0.40009553797298,-0.0017683,-0.0088258,-0.0007488,-0.0013610,-0.0022329,sell
2014-03-29,1,2,4,3,1,0,5,0,2,2,6,2,2,2,4,3,1,0.348515941860239,0.57352496836298,0.401970414625832, 0.0010940,-0.0037392, 0.0027841,-0.0000449, 0.0049489,buy
2014-03-30,2,2,1,4,0,0,4,2,1,5,5,1,3,3,4,4,1,0.359169723079312,0.581818133344708,0.403881921643911, 0.0017682,-0.0050782,-0.0029319, 0.0029584, 0.0024122,buy
2014-03-31,2,2,2,3,2,1,2,3,1,5,4,3,3,4,5,3,1,0.370204343016825,0.590087303957116,0.405833796819587, 0.0046588, 0.0140159, 0.0101272, 0.0085204, 0.0051518,buy
2014-04-01,1,2,3,3,1,0,2,2,3,3,4,2,2,4,4,3,1,0.381621418822327,0.598330702839511,0.407816321892699, 0.0004681,-0.0070354,-0.0014928,-0.0003840, 0.0055431,buy
2014-04-02,1,1,2,2,2,1,2,3,1,4,5,2,1,3,4,3,1,0.393411247598533,0.606534999786717,0.409828001746297,-0.0118067,-0.0141644,-0.0130150,-0.0153120,-0.0150927,sell
2014-04-03,1,1,1,4,2,1,1,4,0,4,4,3,2,3,3,3,1,0.405563317873384,0.614721523127017,0.41186285591259,-0.0165165,-0.0282755,-0.0165001,-0.0145013,-0.0245114,sell
2014-04-04,1,4,2,3,3,0,3,2,1,3,5,3,3,3,3,3,2,0.418076821072105,0.622870721892818,0.413919389274629, 0.0012567, 0.0074766, 0.0071190, 0.0086018, 0.0086268,buy
2014-04-05,1,2,3,2,1,1,2,2,0,2,3,2,2,2,3,2,2,0.430941245722639,0.630979930043083,0.415991621364623, 0.0059003, 0.0063994, 0.0088409, 0.0012482, 0.0019949,buy
2014-04-06,2,2,2,5,0,2,2,2,0,2,3,3,2,3,2,3,3,0.444155783250212,0.639052702299194,0.418075066831728,-0.0020554,-0.0056337,-0.0036302,-0.0018637,-0.0032464,sell
2014-04-07,3,3,1,4,0,2,2,3,0,3,2,3,4,3,3,4,2,0.457709922182764,0.647082817898733,0.420165987883572, 0.0050935, 0.0076436, 0.0092515, 0.0084612, 0.0092215,buy
2014-04-08,1,4,1,3,3,1,2,2,0,0,1,2,5,1,5,1,2,0.471597193922105,0.655074720243427,0.422258404052365, 0.0031697, 0.0041513, 0.0056211, 0.0001618, 0.0006938,buy
2014-04-09,1,3,1,3,4,1,4,1,1,1,2,3,5,1,6,1,2,0.485806278421403,0.663020411210169,0.424350072662684, 0.0080489, 0.0150164, 0.0126755, 0.0064280, 0.0105732,buy
2014-04-10,1,1,0,5,1,1,3,3,1,1,1,4,4,1,5,1,1,0.500330707082468,0.670919002118614,0.426434265688262,-0.0020643,-0.0146538,-0.0044187,-0.0125425,-0.0036711,sell
2014-04-11,1,1,1,5,2,4,3,3,1,0,2,3,5,2,4,3,2,0.515162394157562,0.678768715608071,0.428507992895204, 0.0163768, 0.0181998, 0.0114616, 0.0133249, 0.0140277,buy
2014-04-12,2,2,1,3,2,2,3,1,2,2,2,3,4,3,4,3,1,0.530284359576436,0.686570440358885,0.430566021374192,-0.0000536,-0.0019910,-0.0030989,-0.0027585,-0.0069626,sell
2014-04-13,2,3,1,1,3,1,2,2,1,3,2,0,4,4,5,2,2,0.545694986189543,0.69431973296933,0.432603118215907,-0.0057489,-0.0084532,-0.0093963,-0.0060836,-0.0112845,sell
2014-04-14,3,2,1,1,3,3,3,2,1,6,4,2,4,5,4,4,2,0.561371633903217,0.702011261357335,0.434615545627979, 0.0065729, 0.0050580, 0.0123544, 0.0188120, 0.0095122,buy
2014-04-15,3,2,2,2,1,2,3,1,1,4,4,2,4,4,2,3,2,0.577303791245399,0.709653912326352,0.436599565818038, 0.0121142, 0.0052090, 0.0036647, 0.0053652,-0.0024303,buy
2014-04-16,3,1,4,0,2,2,2,0,2,4,4,3,2,5,1,4,1,0.593468818122425,0.717234355671202,0.438549945876767, 0.0131626, 0.0133691, 0.0109168, 0.0129553, 0.0108254,buy
2014-04-17,2,3,1,2,2,2,2,3,1,3,3,4,2,5,2,4,1,0.609850543038818,0.724754368752577,0.440461452894845,-0.0015304,-0.0015508,-0.0008216,-0.0004418,-0.0070840,buy
2014-04-18,0,2,2,2,3,2,2,3,2,4,4,4,2,5,1,4,2,0.626430368774783,0.732217506291857,0.442331844196853,-0.0010243,-0.0005914, 0.0019857, 0.0014318,-0.0026133,buy
2014-04-19,0,3,2,0,3,1,3,1,2,3,3,2,1,5,2,4,1,0.643175952339369,0.739613104124899,0.444157381990419,-0.0045961,-0.0028155,-0.0032117,-0.0031537,-0.0026199,sell
2014-04-20,1,3,1,0,2,2,1,2,3,4,3,2,2,5,2,4,1,0.660055759316399,0.746943828292738,0.44592984313233, 0.0031018,-0.0010954,-0.0006548, 0.0010388,-0.0006548,buy
2014-04-21,1,2,2,0,2,2,1,2,3,4,3,3,2,4,3,3,1,0.677042298163565,0.754208790115031,0.447652217856481, 0.0066043, 0.0032721, 0.0048848, 0.0102613, 0.0039634,buy
2014-04-22,0,2,3,0,2,1,3,1,2,2,3,3,1,4,1,3,1,0.694095948716953,0.761399991468669,0.449320020812028, 0.0115260, 0.0116358, 0.0125662, 0.0116248, 0.0116358,buy
2014-04-23,0,1,2,2,1,1,2,3,2,3,3,2,1,4,2,3,2,0.71117709081265,0.768526319157104,0.450922786180335, 0.0056043, 0.0114577, 0.0126442, 0.0112143, 0.0135962,buy
2014-04-24,1,1,1,2,1,1,0,3,2,2,2,2,3,2,2,2,1,0.72823316709036,0.77557622033585,0.452463504195298,-0.0149632,-0.0306147,-0.0292464,-0.0221737,-0.0281749,sell
2014-04-25,2,0,3,0,1,1,1,1,3,2,2,1,3,2,2,2,2,0.745218088787979,0.782551472365596,0.453936194389125,-0.0099809,-0.0105925,-0.0106727, 0.0099993,-0.0107046,sell
2014-04-26,1,1,2,1,0,2,1,1,2,2,2,1,3,1,3,1,2,0.762076064246117,0.789449409205307,0.45533786652792, 0.0011456, 0.0004723,-0.0076192, 0.0090389,-0.0035095,sell
2014-04-27,1,0,2,1,2,2,2,2,2,4,2,2,4,3,3,2,2,0.778744024632422,0.796267364813946,0.45667001572863,-0.0019209,-0.0012906,-0.0157765, 0.0002059,-0.0150372,sell
2014-04-28,0,1,2,0,3,1,2,2,4,2,2,2,4,3,2,2,2,0.795160518264087,0.803005339191514,0.457920681055672, 0.0079842, 0.0040489, 0.0195097, 0.0195194, 0.0173602,buy
2014-04-29,0,0,3,0,3,2,2,2,4,2,3,3,2,4,1,3,2,0.811257624860117,0.809658888936285,0.459095095418364, 0.0031780, 0.0052962, 0.0106589, 0.0158890, 0.0156557,buy
2014-04-30,0,0,2,2,2,3,2,3,4,2,4,3,1,4,2,4,2,0.826973084162931,0.816227125367914,0.460189521024335,-0.0080608,-0.0000885,-0.0005140,-0.0007192,-0.0089067,sell
2014-05-01,0,1,3,1,3,2,3,3,5,3,6,2,3,5,1,5,2,0.842236550167213,0.822709159806055,0.461199472522741, 0.0051677, 0.0055994, 0.0082123, 0.0081120,-0.0035726,buy
2014-05-02,0,3,2,0,4,2,2,0,3,3,5,3,2,3,2,3,1,0.856982528316289,0.829101437529326,0.462127940147478, 0.0086021, 0.0110135, 0.0061321, 0.0128772, 0.0117501,buy
2014-05-03,0,2,2,2,2,3,1,0,1,3,2,4,2,3,2,2,1,0.871149566927351,0.835403069857385,0.462967448313807, 0.0035166, 0.0042307, 0.0006959, 0.0036769, 0.0043940,buy
2014-05-04,1,2,3,5,2,3,1,0,1,3,3,3,3,4,4,3,1,0.884681874341012,0.841611390749193,0.463720239697149,-0.0031771,-0.0077792,-0.0045085,-0.0031771,-0.0031652,sell
2014-05-05,0,2,3,4,2,2,2,1,1,1,2,2,3,3,3,4,1,0.897528510346523,0.847725511524407,0.464387809414452,-0.0255053,-0.0273097,-0.0236802,-0.0263060,-0.0191251,sell
2014-05-06,0,2,3,3,3,2,3,2,2,1,4,2,3,4,3,4,1,0.90964338618178,0.853743654822335,0.464964176997925,-0.0168330,-0.0167811,-0.0024648,-0.0171431,-0.0105293,sell
2014-05-07,0,1,2,6,2,3,3,3,1,2,4,3,2,5,3,5,1,0.920995776005382,0.859662265921597,0.465454575356884, 0.0022100,-0.0004686, 0.0035944, 0.0022022, 0.0032023,buy
2014-05-08,0,1,1,4,2,4,3,4,1,1,4,3,3,4,2,4,1,0.931556571125471,0.865479567461502,0.465851528906591,-0.0101998,-0.0107349,-0.0014213,-0.0107349,-0.0064773,sell
2014-05-09,0,1,1,1,3,4,3,2,4,2,4,2,4,2,3,4,2,0.941303940023158,0.871197336802741,0.466161018114837, 0.0063169, 0.0071718, 0.0116615, 0.0093611, 0.0068852,buy
2014-05-10,0,1,1,1,1,3,1,2,3,2,2,2,3,2,4,1,1,0.950234648399345,0.876809353182898,0.466381547864674, 0.0090734, 0.0065109, 0.0074235, 0.0029985, 0.0018655,buy
2014-05-11,2,1,1,1,2,4,1,1,2,5,2,4,4,4,2,2,2,0.958340610506297,0.882314727921625,0.466511623039154,-0.0004644,-0.0005016,-0.0079528,-0.0013123,-0.0084529,sell
2014-05-12,1,1,1,2,2,3,2,0,1,5,2,3,4,4,2,2,1,0.965627486367429,0.887717015740306,0.466548253404381,-0.0044258,-0.0047996,-0.0115407,-0.0002923,-0.0190152,sell
2014-05-13,1,1,2,1,4,2,2,0,3,2,1,4,4,3,1,3,2,0.972109021753896,0.893007329835488,0.466504147454414, 0.0038259, 0.0048141, 0.0083886, 0.0087335, 0.0143133,buy
2014-05-14,2,1,2,3,4,2,1,2,3,2,2,5,2,4,2,4,3,0.977795728137755,0.898188336248205,0.466368091812142,-0.0040736,-0.0021285,-0.0041254,-0.0032583,-0.0022384,sell
2014-05-15,1,1,0,5,2,2,2,2,3,3,3,4,3,5,1,3,2,0.982708628463126,0.903256480257077,0.466145319386882,-0.0215609,-0.0225987,-0.0227588,-0.0237276,-0.0262336,sell
2014-05-16,1,0,2,2,5,0,3,1,3,3,3,2,2,4,3,4,2,0.986872788547994,0.90821265054245,0.465834335061689, 0.0211814, 0.0155229, 0.0207813, 0.0179672, 0.0041118,buy
2014-05-17,2,3,0,2,4,0,1,2,3,3,2,2,3,4,3,4,2,0.990312465635572,0.913052403702598,0.465441119304352,-0.0013997, 0.0001934, 0.0023443,-0.0013997,-0.0023649,buy
2014-05-18,2,2,0,2,3,1,1,2,4,5,3,3,4,3,3,4,2,0.993052725543847,0.917774851057174,0.464957448971659,-0.0125676,-0.0022472, 0.0021938, 0.0021041, 0.0000600,sell
2014-05-19,1,2,1,2,3,0,2,3,1,1,2,3,5,1,2,2,1,0.995128336988091,0.92237999260618,0.464391547206823, 0.0024512, 0.0111816, 0.0069383, 0.0101067,-0.0095011,buy
2014-05-20,1,1,1,2,4,0,3,3,3,2,4,2,4,2,3,3,2,0.996561940061969,0.926865162308578,0.463741171334422,-0.0072305,-0.0085091,-0.0086333,-0.0084861,-0.0077219,sell
2014-05-21,1,3,0,3,4,0,1,6,2,2,4,3,4,2,4,2,3,0.997386686331205,0.93123036016437,0.463009311588353,-0.0026936, 0.0058355, 0.0079053, 0.0083166, 0.0043328,buy
2014-05-22,1,3,2,2,4,0,2,4,2,1,4,2,4,3,3,2,3,0.997632493062428,0.935470254091484,0.462195967968615, 0.0153775, 0.0210501, 0.0212417, 0.0168322, 0.0201644,buy
2014-05-23,0,4,2,2,2,0,2,3,1,0,3,1,4,2,3,1,2,0.997334128970911,0.939588398811301,0.461300392916734, 0.0080234, 0.0045320, 0.0069114, 0.0091074, 0.0091709,buy
2014-05-24,1,3,0,1,2,1,1,3,1,3,3,2,4,2,2,2,1,0.996513425575543,0.943579462241749,0.460326324225081,-0.0144790,-0.0120088,-0.0120088,-0.0130691,-0.0114257,sell
2014-05-25,2,3,0,0,2,0,0,4,1,3,2,1,4,3,1,2,2,0.99520757731592,0.947443444382829,0.459270771659759, 0.0000211, 0.0101904,-0.0013668,-0.0007463, 0.0006912,buy
2014-05-26,1,2,2,0,2,1,1,2,2,2,1,3,4,3,1,1,2,0.993440841435253,0.951179456554195,0.458140463247035,-0.0172619,-0.0161140, 0.0006858,-0.0087588,-0.0085387,sell
2014-05-27,0,2,2,2,1,1,2,2,2,2,2,3,2,4,1,2,2,0.991239900901076,0.954784832714812,0.456930913636065, 0.0078676, 0.0035302, 0.0088208,-0.0006603, 0.0087633,buy
2014-05-28,0,2,2,3,2,0,1,3,1,3,2,4,3,4,1,1,2,0.988639524428661,0.958259572864679,0.455645113060744,-0.0141052,-0.0143251,-0.0143269,-0.0126731,-0.0110988,sell
2014-05-29,0,3,2,1,3,0,1,2,2,3,2,3,4,3,2,1,2,0.985666394985543,0.961603677003797,0.454289789547338,-0.0063054,-0.0013412, 0.0030436, 0.0035115, 0.0032076,buy
2014-05-30,0,3,2,2,2,0,1,1,2,2,2,3,4,2,2,0,2,0.982346386964481,0.964811813050093,0.452857467511109, 0.0010720, 0.0003469,-0.0021550, 0.0072146,-0.0013340,buy
2014-05-31,1,0,3,2,2,1,0,0,2,4,1,2,3,3,3,1,2,0.978702949033915,0.967885758364259,0.451354127419847, 0.0029513,-0.0038505, 0.0005629, 0.0040272,-0.0000722,buy
2014-06-01,1,1,2,2,2,1,0,0,2,3,1,1,4,3,2,2,1,0.974765998460473,0.97082640162664,0.449779769273553,-0.0001464, 0.0011355,-0.0007133,-0.0074237,-0.0069718,sell
2014-06-02,0,2,1,1,4,0,0,0,4,3,0,2,4,3,2,2,2,0.970558983912596,0.973626633394474,0.448139625981544,-0.0003229, 0.0044248, 0.0114277, 0.0101807, 0.0121929,buy
2014-06-03,0,1,2,1,5,0,1,1,4,2,1,4,3,3,2,2,2,0.966108588357817,0.976288231028452,0.446429959751452, 0.0329675, 0.0257231, 0.0340822, 0.0257232, 0.0065722,buy
2014-06-04,0,1,2,3,4,1,1,2,2,1,2,3,3,3,2,2,2,0.961443111913217,0.978816526610644,0.444652265700223, 0.0046694, 0.0085648, 0.0063301, 0.0050035,-0.0056757,buy
2014-06-05,0,0,4,1,5,2,1,1,3,1,1,3,3,4,3,3,1,0.956583577522915,0.981202633337599,0.442811776737176, 0.0060406, 0.0073135, 0.0060902, 0.0064029, 0.0066388,buy
2014-06-06,0,1,2,2,5,1,0,0,4,1,1,1,2,5,3,3,1,0.951562328177861,0.983448328570007,0.440907745303838, 0.0029311, 0.0029917, 0.0058181, 0.0026431,-0.0000483,buy
2014-06-07,1,2,1,2,6,2,0,1,2,2,0,2,4,5,3,3,2,0.946396343948303,0.985552723627522,0.438940171400207, 0.0081536, 0.0075009, 0.0119117, 0.0151743, 0.0174543,buy
2014-06-08,1,1,1,2,5,2,3,0,1,3,2,2,4,3,3,4,1,0.941123627848609,0.987510486428074,0.436914287935602, 0.0022026, 0.0028713, 0.0036393, 0.0036551, 0.0033380,buy
2014-06-09,0,2,2,2,3,2,2,1,1,2,3,1,4,2,3,3,1,0.935768437121991,0.989328726414424,0.434827852234602,-0.0028026, 0.0075332, 0.0040109,-0.0126121,-0.0068683,sell
2014-06-10,1,3,3,1,3,3,3,1,2,1,3,3,2,3,4,4,2,0.930359880460305,0.991004777545536,0.432682359414153, 0.0030492, 0.0162879, 0.0022771, 0.0037185, 0.0165299,buy
2014-06-11,1,3,2,3,2,2,2,3,0,2,3,3,3,3,4,3,1,0.924931109429276,0.99253508510003,0.430486032617471,-0.0161358,-0.0207967,-0.0155933,-0.0186368,-0.0153714,sell
2014-06-12,0,2,2,2,3,2,4,1,1,2,3,2,2,3,4,3,2,0.919513658445078,0.993921426438596,0.428232891376764, 0.0041864, 0.0072474, 0.0058048, 0.0063694, 0.0085193,buy
2014-06-13,0,3,1,2,2,2,3,2,1,1,2,1,2,1,4,4,3,0.914144721947307,0.995162024200543,0.425923683250504,-0.0101260,-0.0052142,-0.0108133,-0.0105888,-0.0119278,sell
2014-06-14,1,3,1,2,0,3,2,2,3,3,3,2,2,2,4,4,3,0.908859877226006,0.996257767066217,0.423564388706485, 0.0045926, 0.0053781, 0.0050594, 0.0051829, 0.0038534,buy
2014-06-15,0,3,1,1,0,3,2,2,2,2,3,2,2,1,3,3,2,0.903695510145996,0.997205988994583,0.421152765069284, 0.0080682, 0.0000072,-0.0015749,-0.0053037,-0.0011464,buy
2014-06-16,0,2,1,1,0,2,3,0,2,3,2,2,1,2,3,2,2,0.898694475170286,0.998008467346329,0.418692550131271,-0.0042361,-0.0054035,-0.0062590,-0.0124174,-0.0068073,sell
2014-06-17,1,2,0,2,1,2,2,2,2,3,3,2,1,2,5,3,1,0.893897201037563,0.998666090801803,0.416185986567869, 0.0032829,-0.0013919, 0.0015603, 0.0029738,-0.0030108,buy
2014-06-18,1,3,1,3,1,1,3,1,2,1,3,3,1,3,4,3,0,0.889341690762195,0.999176193319968,0.413630831703656, 0.0063987, 0.0103990, 0.0142882,-0.0013580, 0.0178465,buy
2014-06-19,0,2,2,5,1,1,4,0,2,1,3,4,0,2,5,2,2,0.885069181657643,0.999537886220478,0.411027085538631,-0.0046674, 0.0015884, 0.0039205, 0.0020701,-0.0024103,sell
2014-06-20,1,3,0,5,1,2,4,1,1,2,3,4,1,3,5,2,2,0.881120911037369,0.99975383554437,0.408382223657535,-0.0121650,-0.0114392,-0.0155339,-0.0116170,-0.0128056,sell
2014-06-21,1,4,0,3,1,2,4,3,1,3,4,4,1,4,3,3,3,0.877536499065288,0.999824041291643,0.405690265592575,-0.0120686,-0.0131182,-0.0127209,-0.0150418,-0.0177253,sell
2014-06-22,0,2,1,3,0,1,4,1,2,2,3,2,1,4,2,2,2,0.87434424585848,0.999744948740918,0.402957191811544, 0.0095656, 0.0039736, 0.0100444,-0.0004781, 0.0104187,buy
2014-06-23,0,1,1,4,1,2,4,1,2,1,2,3,1,4,3,3,1,0.871575685833123,0.999519223933228,0.400182254755967, 0.0101701, 0.0075536, 0.0070163, 0.0020648, 0.0061445,buy
2014-06-24,1,1,0,5,0,1,2,2,1,2,2,3,1,3,2,3,1,0.869259927681072,0.999143312147194,0.397365454425845,-0.0028801, 0.0078780,-0.0036718,-0.0039431,-0.0039734,sell
2014-06-25,1,2,2,2,2,1,2,2,1,2,2,3,3,2,3,3,1,0.867416377196898,0.998626100186267,0.3945090334966,-0.0006414,-0.0119275,-0.0187424,-0.0212906,-0.0154623,sell
2014-06-26,0,3,2,3,1,1,4,1,1,2,2,4,3,1,4,3,1,0.866059588726527,0.997964922009413,0.391613739526706,-0.0198703,-0.0202516,-0.0175768,-0.0170710,-0.0106634,sell
2014-06-27,0,2,3,3,0,2,3,1,0,2,1,3,3,1,4,3,1,0.865199265167246,0.997152668173868,0.388682562750058,-0.0118183,-0.0170202,-0.0113461,-0.0112873,-0.0135389,sell
2014-06-28,1,1,2,2,0,2,2,1,0,3,2,3,3,1,2,2,1,0.864837023668601,0.996198225483086,0.385711765374288,-0.0018973,-0.0231022,-0.0213144,-0.0213144,-0.0223321,sell
2014-06-29,1,4,1,2,1,2,2,1,1,1,3,2,5,1,2,2,1,0.864969629931498,0.995097150535341,0.38271181321803,-0.0244858,-0.0195451,-0.0224749,-0.0271881,-0.0192789,sell
2014-06-30,0,3,2,0,3,2,2,1,2,2,2,2,4,3,3,2,1,0.865587381058651,0.993850332010977,0.379669997787227, 0.0065284, 0.0040341, 0.0011717, 0.0064575, 0.0079563,buy
2014-07-01,0,2,2,3,1,2,3,2,1,2,3,3,4,3,2,3,0,0.86667733985368,0.992461324631375,0.376599775134411,-0.0110661,-0.0149693,-0.0133693,-0.0129203,-0.0026899,sell
2014-07-02,0,1,2,3,2,3,2,3,0,2,3,1,5,4,1,3,1,0.868221717671563,0.990928351035846,0.373495912350264,-0.0029128,-0.0051639, 0.0042812, 0.0013032,-0.0054070,sell
2014-07-03,0,1,2,1,2,2,3,2,3,2,4,1,3,3,2,3,2,0.870191405820445,0.989252299904733,0.37036289478563, 0.0059526, 0.0117055, 0.0096936, 0.0053165, 0.0068864,buy
2014-07-04,0,2,1,1,3,2,2,2,2,1,3,0,2,3,4,3,1,0.872565381356206,0.987435837279074,0.367199227323561,-0.0052784,-0.0003354,-0.0035322,-0.0088686,-0.0070724,sell
2014-07-05,1,0,2,2,3,3,3,1,1,2,2,1,3,3,4,4,1,0.875308066988803,0.985473631076796,0.364007152639479, 0.0058557, 0.0065207, 0.0065207, 0.0054125, 0.0059051,buy
2014-07-06,1,0,1,3,2,3,3,1,1,2,3,1,2,2,4,4,1,0.878381459703867,0.983378122822733,0.360789660967281, 0.0003286,-0.0007518,-0.0005488,-0.0044321,-0.0049332,sell
2014-07-07,1,2,2,2,4,2,1,1,2,1,3,0,3,3,3,4,2,0.881749173636581,0.981139537033087,0.357543014514595,-0.0054605,-0.0026662,-0.0018424,-0.0077720,-0.0052474,sell
2014-07-08,1,2,3,2,3,2,2,1,2,1,2,2,3,3,3,5,1,0.885373205772577,0.978762317109585,0.354272446190741,-0.0184130,-0.0122672,-0.0104289,-0.0186521,-0.0111047,sell
2014-07-09,0,1,4,3,1,1,2,2,1,2,3,2,3,3,2,4,0,0.889203424475882,0.976246463052226,0.350977955995718,-0.0160801,-0.0166880,-0.0078749,-0.0154430, 0.0011702,sell
2014-07-10,0,1,3,4,2,1,3,0,2,2,3,3,3,1,4,3,1,0.89320425245645,0.973594640902046,0.347661039046474,-0.0084008,-0.0080093,-0.0054172,-0.0053644,-0.0037667,sell
2014-07-11,1,2,2,3,1,0,1,1,1,2,2,2,4,1,3,2,0,0.897319898054892,0.970808628019736,0.344320947784536,-0.0062052,-0.0042356,-0.0190676,-0.0195813,-0.0113544,sell
2014-07-12,1,1,2,3,1,1,1,1,1,4,2,3,4,1,3,2,1,0.901505889658652,0.967885758364259,0.340960672443799, 0.0077748,-0.0024831, 0.0100017, 0.0122540, 0.0043760,buy
2014-07-13,0,2,2,4,0,1,3,0,1,1,2,3,4,1,2,1,1,0.905697541285828,0.964831364017688,0.337581708141211, 0.0084158, 0.0111331, 0.0095793, 0.0088150, 0.0118811,buy
2014-07-14,0,1,3,4,1,0,2,2,1,2,2,3,2,2,3,2,2,0.909851998473411,0.961641001578296,0.334182559759824, 0.0006828, 0.0001270, 0.0004425,-0.0018751, 0.0017322,buy
2014-07-15,1,2,3,5,1,0,3,2,1,1,4,4,3,2,2,2,2,0.913911852412464,0.9583208918085,0.330765469975061,-0.0131903,-0.0222281,-0.0145737,-0.0143748,-0.0116848,sell
2014-07-16,0,1,4,6,1,0,3,0,1,2,4,4,3,1,3,1,2,0.917815651420181,0.954873700749335,0.32733940948861,-0.0034907,-0.0037688,-0.0009603,-0.0013496,-0.0032885,sell
2014-07-17,0,0,3,5,1,0,2,0,0,3,2,3,4,1,3,0,1,0.921504369538077,0.951293207638385,0.32388568933862,-0.0069870,-0.0079966,-0.0081197,-0.0086869,-0.0068662,sell
2014-07-18,2,3,2,4,1,1,1,1,0,2,3,3,4,2,3,2,0,0.924917363658122,0.947585633238067,0.320422998486942,-0.0105266,-0.0143659,-0.0134340,-0.0157956,-0.0029585,sell
2014-07-19,1,2,1,1,0,2,1,1,2,3,4,2,3,2,1,1,1,0.92799156494796,0.94375275490907,0.316943113790361,-0.0014690,-0.0066016,-0.0071142,-0.0113677,-0.0044215,sell
2014-07-20,1,1,2,1,0,2,2,1,1,2,3,1,2,2,2,2,1,0.930659861701371,0.939792795290705,0.313452763275143, 0.0016107,-0.0214524,-0.0167833,-0.0210055,-0.0172435,sell
2014-07-21,1,2,2,2,1,2,2,2,1,3,4,3,3,2,2,2,2,0.932861610810321,0.935711975145388,0.309948956707394,-0.0067157,-0.0073463,-0.0189127,-0.0126547,-0.0096154,sell
2014-07-22,1,3,2,2,2,1,2,2,2,4,5,3,2,2,4,4,1,0.934532126292911,0.931508517112429,0.306434684321008,-0.0041056, 0.0000826,-0.0002337,-0.0006989,-0.0069476,sell
2014-07-23,1,4,3,3,1,1,2,1,1,3,5,4,2,1,5,3,0,0.935610765041108,0.927185975913208,0.302907703440563, 0.0132246, 0.0177528, 0.0184299,-0.0121246, 0.0178271,buy
2014-07-24,2,3,4,1,0,3,1,0,0,3,3,3,2,3,3,2,1,0.93604335254507,0.922742574187035,0.299373246975378,-0.0058128, 0.0064554, 0.0029338, 0.0039053, 0.0034958,buy
2014-07-25,2,4,4,2,0,3,0,0,0,4,2,3,4,3,3,3,1,0.935770054271539,0.918182755335637,0.295829072250031,-0.0000564,-0.0011512, 0.0033784, 0.0066036, 0.0039827,buy
2014-07-26,2,5,2,2,2,1,0,0,0,4,3,3,5,1,3,3,0,0.93474478145841,0.913505630678667,0.292278169498418, 0.0015683,-0.0088243, 0.0029779, 0.0148661,-0.0066952,buy
2014-07-27,2,3,3,1,3,1,1,0,0,4,3,2,4,2,4,2,1,0.932928722516543,0.908716532298198,0.288718296045117,-0.0091594,-0.0077745,-0.0097912,-0.0066840,-0.0092950,sell
2014-07-28,1,1,1,3,1,1,0,1,1,4,2,2,2,2,2,3,1,0.930284683006346,0.903813682833539,0.285155432357919,-0.0233124,-0.0345971,-0.0349176,-0.0312967,-0.0398121,sell
2014-07-29,1,2,2,3,1,2,1,1,1,2,3,1,3,3,2,3,1,0.926795682857568,0.898802414366762,0.281586588202929,-0.0096426,-0.0249936,-0.0183338,-0.0195746,-0.0186487,sell
2014-07-30,1,2,2,0,3,2,0,2,2,2,3,1,2,3,3,3,1,0.922443933425187,0.893680949537175,0.278014753814043, 0.0013396,-0.0095819,-0.0075083,-0.0202301,-0.0104081,sell
2014-07-31,2,4,2,0,3,1,1,2,1,3,5,3,3,3,3,2,0,0.917233477583073,0.88845106570547,0.274439181632787,-0.0028125,-0.0050661,-0.0020706,-0.0017012,-0.0073173,sell
2014-08-01,1,3,2,0,3,2,2,1,1,5,3,3,3,3,4,3,1,0.911169166779867,0.883116317593027,0.270862861893057, 0.0051353, 0.0121386, 0.0058821, 0.0074366, 0.0079611,buy
2014-08-02,1,4,2,2,3,1,1,0,0,4,2,2,5,1,3,3,2,0.904271215384914,0.877679371240882,0.267285047036379,-0.0031358,-0.0030297,-0.0033638, 0.0025202,-0.0036450,sell
2014-08-03,2,3,3,1,3,0,0,0,1,4,3,3,5,2,2,1,1,0.896565497790974,0.872137560608,0.263708727296649,-0.0091706,-0.0045116,-0.0063057,-0.0047159,-0.0039185,sell
2014-08-04,2,4,4,1,4,0,0,1,1,3,3,2,4,4,3,3,1,0.888092442736735,0.866497995137141,0.260132407556919,-0.0186621,-0.0123987,-0.0163078,-0.0185322,-0.0131331,sell
2014-08-05,1,2,4,3,3,0,1,1,0,4,3,3,5,3,1,2,2,0.878891670386111,0.860758897467617,0.256559078051085,-0.0085098,-0.0023601,-0.0117756,-0.0039960,-0.0006554,sell
2014-08-06,0,1,5,3,4,0,3,1,0,3,3,3,4,3,2,3,2,0.869004418052564,0.854922933640461,0.252989486337621,-0.0076721,-0.0014564,-0.0092778,-0.0037994, 0.0013775,sell
2014-08-07,0,2,3,2,4,0,0,2,2,3,3,3,3,2,3,3,1,0.858486477395484,0.848990992336021,0.249423632416528, 0.0019768,-0.0009741,-0.0012112,-0.0009675, 0.0005143,buy
2014-08-08,1,3,3,1,3,0,0,1,4,4,2,2,4,4,3,5,0,0.847384745751748,0.842966628275676,0.2458645065217, 0.0015206,-0.0089046,-0.0059554,-0.0015913,-0.0018566,buy
2014-08-09,0,2,3,0,0,2,1,1,1,4,2,2,3,1,2,3,1,0.835752589056425,0.836854284861153,0.242312108653139,-0.0064808,-0.0257453,-0.0145250,-0.0131373,-0.0130626,sell
2014-08-10,0,3,3,0,0,1,2,0,2,5,2,3,2,2,3,4,0,0.823640947520263,0.830647741330034,0.23876569125237, 0.0025050,-0.0038457, 0.0068139, 0.0019559,-0.0017170,buy
2014-08-11,1,4,3,1,2,0,0,2,1,3,2,3,2,3,3,3,1,0.811099144204459,0.824352329764393,0.235228244553289,-0.0099995,-0.0101482, 0.0000460,-0.0012209,-0.0032639,sell
2014-08-12,1,3,4,4,1,0,1,0,2,2,3,3,2,3,3,3,1,0.798175693595441,0.817976048287335,0.23170051611437,-0.0181163,-0.0189518,-0.0175594,-0.0177363,-0.0068741,sell
2014-08-13,1,3,4,4,0,0,1,0,1,2,4,2,2,2,3,2,1,0.784912641581443,0.811510010095409,0.228184748611036,-0.0128002,-0.0099446,-0.0134486,-0.0112702,-0.0054372,sell
2014-08-14,2,4,2,2,3,0,1,1,1,1,3,1,4,3,2,3,1,0.771357694074117,0.804962213311721,0.224680194484813, 0.0020305, 0.0070534, 0.0069851, 0.0052356,-0.0108991,buy
2014-08-15,2,4,0,3,2,0,1,1,2,2,3,0,3,4,2,2,3,0.757550471237378,0.798329991895235,0.221186853735699,-0.0137852,-0.0101268,-0.0107419,-0.0101877,-0.0061260,sell
2014-08-16,2,1,1,2,2,3,2,0,2,2,2,1,3,3,3,3,2,0.743520890337855,0.79162312132975,0.217708464156066,-0.0015030,-0.0045092,-0.0062475,-0.0043190,-0.0084934,sell
2014-08-17,2,1,0,3,2,2,3,1,1,0,2,0,2,3,3,4,1,0.729310188689009,0.784838046893885,0.214241287953544,-0.0017050,-0.0028534,-0.0027404,-0.0042113,-0.0101270,sell
2014-08-18,2,1,0,2,5,1,2,1,4,1,3,1,3,4,2,4,2,0.714953135006113,0.777978323309019,0.210793548271346, 0.0061829, 0.0047857, 0.0061829, 0.0061770, 0.0000816,buy
2014-08-19,2,2,1,1,6,1,2,2,2,0,3,1,3,5,3,2,2,0.700469135083736,0.771041284534118,0.20735926464168, 0.0104315, 0.0118593, 0.0095873, 0.0083397, 0.0061246,buy
2014-08-20,2,0,2,4,3,2,4,2,1,0,4,1,3,5,2,2,3,0.685892149062377,0.764032262651253,0.203942922415391, 0.0067521, 0.0064203, 0.0070700, 0.0116790, 0.0107883,buy
2014-08-21,2,0,4,3,2,2,4,0,2,2,3,3,3,5,2,3,2,0.671246434185248,0.756957478422841,0.200545269150953,-0.0157793,-0.0146146,-0.0113219,-0.0146553,-0.0099327,sell
2014-08-22,2,3,3,3,3,0,2,0,1,2,2,3,1,3,3,6,1,0.656554630546014,0.749814265807846,0.197167052406839, 0.0070537, 0.0071898, 0.0059383, 0.0093199, 0.0071450,buy
2014-08-23,4,3,3,2,5,0,1,0,2,3,2,4,1,4,4,6,2,0.641837761088794,0.742600847445577,0.193807524624576,-0.0042369,-0.0057517,-0.0044389, 0.0067474,-0.0169422,sell
2014-08-24,3,0,3,2,4,1,1,0,2,4,1,3,1,4,4,5,2,0.627114423033384,0.735324332778797,0.19046967603806,-0.0000767, 0.0019979, 0.0010935, 0.0022125, 0.0006813,buy
2014-08-25,1,0,1,3,2,2,2,0,2,2,1,2,2,1,3,5,1,0.612405639323902,0.727988276528886,0.187155749322712,-0.0026208,-0.0088865,-0.0060299,-0.0088990,-0.0118546,sell
2014-08-26,1,1,2,1,3,2,3,0,4,2,2,3,2,1,4,5,2,0.597724347156728,0.720589123974463,0.183862006686163, 0.0097994, 0.0121871, 0.0104651, 0.0076124,-0.0039546,buy
2014-08-27,1,2,1,1,2,1,2,5,4,2,3,4,1,1,5,4,3,0.583089143751658,0.713135761918981,0.180595923713153,-0.0089858,-0.0021501,-0.0072135,-0.0030945,-0.0112983,sell
2014-08-28,1,3,1,1,2,2,2,4,3,3,4,3,3,2,4,4,2,0.568512966305072,0.705623746960713,0.177350772377415, 0.0007992, 0.0051738, 0.0088353, 0.0042294, 0.0038081,buy
2014-08-29,1,3,0,1,1,2,4,1,3,3,4,3,3,2,3,2,2,0.554011177737672,0.698059299862077,0.174137766056061,-0.0052452, 0.0043124, 0.0029877, 0.0024954,-0.0123415,sell
2014-08-30,1,3,2,1,0,1,2,1,2,3,4,1,3,4,2,0,2,0.539594289521518,0.690442420623072,0.170950176722823,-0.0056158,-0.0066922,-0.0057060,-0.0094468,-0.0065170,sell
2014-08-31,3,5,2,1,1,1,2,1,1,2,5,2,4,4,2,1,1,0.525280090301631,0.682773109243698,0.167789499494651, 0.0038118, 0.0061577, 0.0074738, 0.0094285, 0.0073480,buy
2014-09-01,3,5,1,2,0,1,2,4,0,3,4,2,4,5,3,1,2,0.511073431526654,0.675055809125681,0.164659472163913, 0.0248129, 0.0269178, 0.0234571, 0.0216720, 0.0280983,buy
2014-09-02,1,4,3,2,0,1,3,2,0,2,3,1,3,5,3,2,1,0.49699210184161,0.667293186310057,0.16156009473061, 0.0018041, 0.0024910,-0.0027729,-0.0000257,-0.0010489,buy
2014-09-03,1,4,3,3,1,1,3,3,0,1,3,2,3,4,4,3,1,0.483042569844689,0.659487018157517,0.158493609870164,-0.0235336,-0.0122204,-0.0212606,-0.0206324,-0.0274441,sell
2014-09-04,1,3,2,3,3,0,1,4,2,1,3,1,3,4,3,4,2,0.469238581307045,0.651636415987715,0.155453289556309, 0.0014179, 0.0093986, 0.0064445, 0.0080395,-0.0059378,buy
2014-09-05,1,2,1,3,3,0,1,3,2,1,2,1,3,4,2,3,2,0.455593073425058,0.643745823202377,0.152455580075474,-0.0042818,-0.0010765,-0.0005094, 0.0014587,-0.0187216,sell
2014-09-06,0,2,1,1,3,2,3,3,1,0,3,1,4,3,1,3,1,0.442110089072597,0.63581612848185,0.149489268050547, 0.0068498,-0.0011194, 0.0004339, 0.0068313, 0.0009770,buy
2014-09-07,0,3,1,1,2,3,2,5,3,3,4,2,3,5,4,4,1,0.428807416894685,0.627851775227858,0.146560333949322, 0.0004914,-0.0020271, 0.0013509,-0.0016757,-0.0009482,buy
2014-09-08,1,4,1,2,3,2,2,3,3,1,4,2,4,3,3,5,1,0.415694759788606,0.619850986079711,0.143669525330271, 0.0149253, 0.0043776, 0.0130340, 0.0026792, 0.0010999,buy
2014-09-09,0,2,2,3,3,2,1,2,2,1,4,2,3,2,2,5,0,0.402776969203004,0.611816427078446,0.140813104401026, 0.0163095, 0.0118379, 0.0153592, 0.0120353, 0.0131947,buy
2014-09-10,1,1,2,4,2,2,1,2,2,2,4,3,2,3,2,4,1,0.390072642357675,0.603750764265097,0.137997051629378,-0.0041885,-0.0057276,-0.0037524,-0.0056186,-0.0027884,sell
2014-09-11,1,3,2,3,3,2,0,3,2,2,4,3,2,5,2,4,1,0.377589865000356,0.59565488632001,0.135224357249224, 0.0048682, 0.0009591, 0.0027885, 0.0004126,-0.0033361,buy
2014-09-12,0,2,3,1,2,2,3,2,3,2,5,2,2,4,2,4,1,0.365344000051749,0.587531459284221,0.132490535909719, 0.0014598, 0.0010725,-0.0035698,-0.0012181,-0.0048298,buy
2014-09-13,0,2,2,2,0,4,3,2,2,1,4,2,1,4,3,3,1,0.353344750409139,0.579379594477385,0.129799325403233, 0.0083421, 0.0043342, 0.0121370, 0.0057482, 0.0097327,buy
2014-09-14,0,1,1,3,2,3,2,2,2,2,2,2,3,3,2,4,2,0.341607478993227,0.57121262210468,0.127150725729767, 0.0159711, 0.0146340, 0.0164261, 0.0036375, 0.0018387,buy
2014-09-15,0,1,1,2,3,1,2,1,3,2,2,1,3,2,3,4,1,0.330149974449037,0.56300921383782,0.124549222240164, 0.0074593, 0.0094199, 0.0062445, 0.0109273, 0.0081209,buy
2014-09-16,0,1,2,3,3,1,2,2,1,1,2,2,4,1,4,3,0,0.318983556823401,0.554794252726471,0.12199032958358,-0.0005432, 0.0079071, 0.0091709, 0.0035243,-0.0025095,buy
2014-09-17,0,1,3,4,2,2,3,2,1,2,3,3,3,3,3,4,1,0.308125206186567,0.546558851967183,0.119477785552386,-0.0014737,-0.0043180,-0.0021002,-0.0044725, 0.0067036,sell
2014-09-18,0,2,1,4,1,0,3,3,2,2,3,2,3,1,3,4,2,0.297597562632202,0.538306566281335,0.117012337705055,-0.0097198, 0.0022188, 0.0020968,-0.0010064,-0.0114284,sell
2014-09-19,1,3,1,2,3,0,2,3,1,1,3,2,3,2,3,3,1,0.287415180506232,0.530040950390308,0.114596976275484,-0.0311271,-0.0153818,-0.0146850,-0.0155501,-0.0309588,sell
2014-09-20,1,3,1,2,2,0,3,1,1,2,3,1,2,2,4,3,1,0.277603934201419,0.521762892974449,0.112229458588251,-0.0206352,-0.0082622,-0.0076511,-0.0096827,-0.0204879,sell
2014-09-21,0,2,0,3,1,1,1,1,1,3,1,2,3,2,2,2,1,0.268190506685296,0.513477726115827,0.109911279760303,-0.0126348,-0.0118911,-0.0119672,-0.0097939,-0.0124514,sell
2014-09-22,0,1,1,1,1,1,1,1,1,2,2,1,2,2,1,2,0,0.25919349517766,0.505180117732372,0.107646177584011, 0.0007584, 0.0015844, 0.0016485, 0.0053667, 0.0015825,buy
2014-09-23,1,2,0,0,1,0,1,2,2,1,3,0,1,2,2,1,1,0.250646051244235,0.496878954627536,0.105432656942426, 0.0119215, 0.0134749, 0.0107889, 0.0160262, 0.0117268,buy
2014-09-24,0,2,0,0,2,0,2,4,2,2,2,1,3,4,3,0,1,0.242579709301197,0.488573348120974,0.103270717835549,-0.0008184, 0.0049279, 0.0000100,-0.0014025, 0.0057157,buy
2014-09-25,0,2,0,1,1,1,4,3,3,2,2,2,3,4,3,1,2,0.235030855213367,0.480265075573377,0.101167088289646,-0.0077018,-0.0034483,-0.0021636,-0.0087579, 0.0082375,sell
2014-09-26,0,1,1,1,1,0,4,4,0,1,2,1,4,2,2,0,2,0.228039917719431,0.471958580386469,0.0991172829538727, 0.0002098, 0.0072577,-0.0052905,-0.0056481,-0.0012599,buy
2014-09-27,1,1,1,0,2,0,3,4,1,2,3,1,3,3,2,1,2,0.221646516983305,0.463653862560253,0.0971227969451771,-0.0068316,-0.0054434,-0.0105702,-0.0107154,-0.0096444,sell
2014-09-28,1,3,0,1,2,0,2,3,1,1,3,0,2,3,2,2,2,0.215902401790508,0.455354476816107,0.0951858729389813,-0.0018274, 0.0000262,-0.0022503,-0.0006340,-0.0041842,sell
2014-09-29,1,2,3,1,1,0,3,2,1,1,3,1,2,3,1,3,2,0.210856895202241,0.447061311834378,0.0933042682598633,-0.0204321,-0.0146319,-0.0196921,-0.0148826,-0.0183716,sell
2014-09-30,1,1,4,0,2,0,4,2,1,1,2,2,3,4,2,2,1,0.206574683200404,0.438775256295412,0.0914847109340893, 0.0004525, 0.0005788, 0.0065688,-0.0001458, 0.0001559,buy
2014-10-01,1,2,3,1,2,0,3,4,2,2,3,2,4,4,3,2,2,0.203114791743481,0.430502530961623,0.0897249582862372,-0.0051515,-0.0103002,-0.0022950,-0.0083424, 0.0006058,sell
2014-10-02,1,1,3,0,3,0,3,5,2,2,3,3,4,3,3,2,2,0.200550801135886,0.422242247152668,0.0880227676408849,-0.0069668,-0.0002899,-0.0059536,-0.0099239,-0.0045267,sell
2014-10-03,0,0,4,0,1,1,4,5,1,1,2,3,3,3,2,2,2,0.19895629168203,0.413997070909582,0.0863856145827727,-0.0227886,-0.0191034,-0.0241632,-0.0246754,-0.0220961,sell
2014-10-04,0,0,3,1,1,2,3,4,3,2,3,3,2,4,2,3,2,0.198411312284515,0.405767002232365,0.0848105088780045,-0.0201152,-0.0174503,-0.0231879,-0.0245363,-0.0187178,sell
2014-10-05,1,1,3,1,2,1,1,4,2,3,1,2,3,5,3,3,2,0.19900157186936,0.397560039244124,0.0832981980850542,-0.0167300,-0.0193326, 0.0030285,-0.0183856,-0.0006060,sell
2014-10-06,1,0,4,0,3,1,1,2,3,3,3,3,3,3,2,3,1,0.200810353638263,0.389371738543133,0.081849429762396, 0.0116499, 0.0140437, 0.0175870, 0.0149040, 0.0080864,buy
2014-10-07,0,1,4,2,1,3,1,2,2,3,3,3,3,3,3,3,1,0.203917706493826,0.381210098252499,0.0804664465854519, 0.0110998, 0.0142978, 0.0190635, 0.0165871, 0.0189926,buy
2014-10-08,1,1,5,1,1,3,1,3,2,3,3,3,3,4,3,4,1,0.208396402165687,0.373071563650841,0.0791499961126959, 0.0111785, 0.0145606, 0.0218766, 0.0194965, 0.0125298,buy
2014-10-09,0,2,2,2,1,2,1,2,3,1,3,3,3,2,2,3,0,0.214308700911425,0.364962355500576,0.0779015734610761, 0.0151448, 0.0177384, 0.0180746, 0.0145691, 0.0167265,buy
2014-10-10,0,1,3,1,2,3,3,1,4,2,5,3,2,2,3,4,1,0.221689371446314,0.356879807760668,0.0767196835136445, 0.0180071, 0.0144231, 0.0141547, 0.0102775, 0.0136216,buy
2014-10-11,0,0,1,3,1,3,2,2,3,3,4,3,2,2,3,3,1,0.230535179471257,0.348831029873879,0.0756058213873489, 0.0101730, 0.0061551, 0.0056221, 0.0054123, 0.0093013,buy
2014-10-12,0,1,2,2,1,3,2,0,6,1,4,3,4,1,2,3,1,0.240812164845756,0.340814244479518,0.0745607346406636, 0.0120389, 0.0144637, 0.0141306, 0.0120041, 0.0223351,buy
2014-10-13,0,1,2,2,1,2,2,1,6,0,5,3,3,0,3,2,1,0.252416829998771,0.332835672340002,0.0735866659490106, 0.0204527, 0.0179900, 0.0195089, 0.0190779, 0.0188915,buy
2014-10-14,0,1,2,3,0,2,4,1,4,1,4,2,3,1,5,2,1,0.265197162872834,0.324895313455331,0.0726813726369677, 0.0119022, 0.0063037, 0.0136358, 0.0115361,-0.0004524,buy
2014-10-15,1,1,2,3,1,2,5,0,5,2,4,4,3,1,5,3,2,0.278929188255613,0.31699050178447,0.0718485924969051, 0.0046388, 0.0113276, 0.0085776, 0.0091117, 0.0007404,buy
2014-10-16,1,2,1,4,2,0,4,0,4,0,1,5,4,0,6,1,1,0.293327479251971,0.309131012811216,0.0710883255288229,-0.0152919,-0.0130876,-0.0123994,-0.0155765,-0.0080603,sell
2014-10-17,2,1,1,4,2,0,4,0,5,0,3,4,4,1,5,1,1,0.308055668756024,0.301318623896259,0.0703983290572989,-0.0104864,-0.0084794,-0.0075340,-0.0097107,-0.0038619,sell
2014-10-18,2,0,1,4,0,0,4,0,5,1,2,4,2,1,5,1,2,0.322736960923198,0.293551557678909,0.0697823408747032,-0.0099546,-0.0077190,-0.0014900,-0.0077460,-0.0015497,sell
2014-10-19,1,1,1,3,1,1,4,1,4,0,1,4,3,1,4,2,2,0.336984048436863,0.285833368880547,0.0692396134225619,-0.0159596,-0.0157882,-0.0106424,-0.0138383,-0.0102142,sell
2014-10-20,0,1,1,1,1,1,5,1,4,1,2,4,1,1,4,2,2,0.350421752601994,0.278167612222554,0.0687753796101931,-0.0085942,-0.0130639,-0.0077189,-0.0087878,-0.0087297,sell
2014-10-21,0,1,0,1,1,1,4,2,4,1,2,3,2,1,5,1,1,0.3627169406118,0.27055606506562,0.0683784260604865,-0.0012015,-0.0016104,-0.0028682, 0.0010336,-0.0036685,buy
2014-10-22,0,1,0,2,1,2,0,2,4,1,3,2,3,1,1,3,0,0.373575291248633,0.263003170811472,0.0680614612675004, 0.0038430, 0.0146286, 0.0038059, 0.0065645, 0.0083399,buy
2014-10-23,1,1,1,2,0,2,1,0,5,0,2,3,3,0,1,3,1,0.382776063599257,0.255506263419073,0.0678207474388647,-0.0126370,-0.0039406,-0.0132364,-0.0118966,-0.0038963,sell
2014-10-24,1,1,3,1,1,1,0,1,5,0,1,4,4,1,0,3,1,0.390172097054847,0.248073341011532,0.0676532943406834,-0.0170662,-0.0107502,-0.0159249,-0.0175459,-0.0085652,sell
2014-10-25,1,2,2,2,1,1,1,2,4,1,2,4,4,2,1,4,0,0.395685768437122,0.240702626228156,0.0675650824407485, 0.0012803, 0.0002563,-0.0038283, 0.0001235,-0.0022972,buy
2014-10-26,1,2,3,2,0,1,3,1,3,1,2,3,4,2,1,4,1,0.399298480526285,0.233397673790328,0.0675538690636382,-0.0043142,-0.0010178, 0.0010075,-0.0006189,-0.0008280,buy
2014-10-27,0,1,4,2,0,1,2,1,4,0,3,2,4,1,1,3,1,0.40105389636012,0.226162927099774,0.0676189066508782, 0.0022821, 0.0098479, 0.0086090, 0.0066495, 0.0124612,buy
2014-10-28,2,2,2,3,0,1,1,1,5,0,3,2,5,1,2,3,1,0.401027213392586,0.218998386156493,0.0677609427609428,-0.0023665,-0.0037595,-0.0037733,-0.0085099,-0.0081125,sell
2014-10-29,1,1,2,3,1,1,0,2,7,1,4,1,6,2,2,3,1,0.399329206367688,0.211906717001521,0.0679814725107798,-0.0091983,-0.0069167,-0.0099290,-0.0121491,-0.0103933,sell
2014-10-30,0,1,2,2,1,1,2,1,6,1,3,2,6,2,1,2,1,0.396099758721288,0.204894140397276,0.0682812434588634,-0.0041637, 0.0003133, 0.0003556,-0.0039715,-0.0004441,sell
2014-10-31,0,2,1,2,1,1,4,1,5,1,3,2,4,3,1,3,2,0.391479562464018,0.197957101622375,0.0686572653712974,-0.0142751,-0.0246802,-0.0210403,-0.0144148,-0.0156517,sell
2014-11-01,1,3,1,2,1,1,1,3,5,1,3,2,4,3,3,3,1,0.385618203929027,0.191101821439236,0.069116266274348, 0.0058175,-0.0187620,-0.0195568,-0.0213999,-0.0143945,sell
2014-11-02,1,1,1,2,3,0,2,1,6,0,3,1,3,3,3,3,1,0.378666886599005,0.184331854569239,0.0696530132586971, 0.0018548, 0.0014229,-0.0023347, 0.0004084,-0.0026682,buy
2014-11-03,0,0,1,4,3,0,2,1,4,1,4,1,3,2,3,2,1,0.370772771082779,0.177641868930313,0.0702690014412928,-0.0012277, 0.0035536,-0.0014382,-0.0034095, 0.0000638,buy
2014-11-04,2,1,0,4,3,0,2,2,4,2,3,2,4,4,3,3,1,0.362063612194601,0.171046083407983,0.0709627357051869, 0.0004782,-0.0183045, 0.0035185,-0.0088952,-0.0120568,sell
2014-11-05,2,2,1,1,4,0,1,2,5,0,3,1,3,4,3,3,1,0.352677676220786,0.16453827723983,0.0717394489596976, 0.0084671,-0.0003532, 0.0096116, 0.0114534, 0.0088195,buy
2014-11-06,1,1,2,1,2,1,2,1,3,1,3,1,2,3,2,3,1,0.342719269307148,0.158124671188272,0.0725954034124549, 0.0036664, 0.0059203,-0.0080454, 0.0033739,-0.0064903,sell
2014-11-07,1,1,1,3,1,2,2,2,2,2,3,1,2,4,3,3,1,0.332299166197693,0.151802599212274,0.0735268612710887,-0.0016211, 0.0021125,-0.0033212, 0.0011071,-0.0066809,buy
2014-11-08,2,1,0,2,3,1,1,2,2,3,2,1,2,4,4,4,0,0.321510352991403,0.145577393393906,0.074542045678813, 0.0060764, 0.0009757, 0.0009757, 0.0064397, 0.0050694,buy
2014-11-09,2,2,1,1,5,0,0,1,2,3,4,1,3,2,3,3,1,0.310438538614297,0.139455274495585,0.0756349761678359, 0.0130726, 0.0185520, 0.0132686, 0.0125974, 0.0088399,buy
2014-11-10,2,2,2,2,2,2,0,4,0,3,3,2,4,3,4,1,2,0.299155686221239,0.133434465156621,0.0768093905305273,-0.0096780,-0.0039401, 0.0029208, 0.0162125, 0.0054931,buy
2014-11-11,2,2,3,3,0,2,1,4,0,4,4,2,5,3,3,2,2,0.287730524667999,0.127515854057359,0.0780615509745172,-0.0115212,-0.0047068, 0.0027559, 0.0106433, 0.0023647,sell
2014-11-12,3,3,3,2,1,0,1,3,0,3,3,1,5,2,4,3,1,0.276220462763515,0.12170477327987,0.0793966904091238, 0.0288510, 0.0406553, 0.0438140, 0.0427376, 0.0438589,buy
2014-11-13,3,4,2,1,3,0,0,3,0,3,2,2,4,3,4,3,1,0.264676440718532,0.115999445463465,0.0808103234835029, 0.0277399, 0.0396396, 0.0389696, 0.0414646, 0.0397490,buy
2014-11-14,4,3,2,4,3,0,0,3,1,4,2,3,2,5,5,5,2,0.253142930145608,0.11041142345263,0.0823031977561285,-0.0078975,-0.0109595,-0.0116435, 0.0030437,-0.0102719,sell
2014-11-15,4,1,1,4,1,1,0,3,1,4,2,2,2,6,3,4,1,0.241661976932979,0.104934486484949,0.0838753132270006,-0.0204825,-0.0190176,-0.0217729,-0.0066385,-0.0202767,sell
2014-11-16,3,1,2,2,2,1,1,4,2,2,2,3,3,5,2,5,0,0.230269158370689,0.0995713006014589,0.0855281650130674, 0.0002419, 0.0012308, 0.0006081, 0.0062156,-0.0004584,buy
2014-11-17,3,4,0,2,2,0,1,4,4,3,3,3,4,5,3,4,1,0.218988731701953,0.0943289752449203,0.0872595104389066, 0.0175565,-0.0077792, 0.0010855, 0.0058649,-0.0020788,buy
2014-11-18,1,4,0,2,2,1,0,6,3,5,3,4,4,4,2,5,2,0.207857082791588,0.0892075104153337,0.0890671068290962,-0.0134058,-0.0028140,-0.0128155,-0.0022896,-0.0130130,sell
2014-11-19,1,1,0,2,2,1,1,5,3,3,3,3,3,3,3,3,1,0.196891191709845,0.0842042400716632,0.0909554395344804,-0.0118438,-0.0099566,-0.0131358,-0.0142359,-0.0121581,sell
2014-11-20,1,2,1,1,2,0,2,3,2,2,3,2,4,2,2,2,1,0.18611854999903,0.0793280510173613,0.0929222658796371,-0.0073262,-0.0055546,-0.0049781,-0.0040776,-0.0070991,sell
2014-11-21,2,3,0,1,2,0,0,3,3,3,4,3,4,2,2,2,0,0.17555128628075,0.0745789432524279,0.0949660907476183,-0.0091476,-0.0073137,-0.0181720,-0.0173203,-0.0099030,sell
2014-11-22,4,4,0,2,1,0,0,5,2,4,5,4,5,2,3,2,1,0.165211232073897,0.0699595828178988,0.09708990437232,-0.0067943, 0.0129547, 0.0019269,-0.0027874,-0.0009606,buy
2014-11-23,3,4,3,1,1,0,3,5,1,4,6,4,5,4,2,3,1,0.15511536744872,0.0654717470744643,0.0992892214028982, 0.0088517, 0.0110992, 0.0132144, 0.0166825, 0.0059672,buy
2014-11-24,1,4,2,3,1,0,3,3,2,2,6,3,4,2,2,4,0,0.145277438176373,0.0611154360221246,0.101563294280879, 0.0166171, 0.0088223, 0.0027089, 0.0193147, 0.0066313,buy
2014-11-25,2,2,1,2,1,0,2,5,3,3,4,2,5,3,3,3,1,0.135702295705498,0.0568968704232962,0.10391361812321,-0.0057560,-0.0112920,-0.0114595,-0.0103988,-0.0098766,sell
2014-11-26,2,1,1,1,2,0,2,5,3,1,3,3,4,2,3,2,1,0.126415814428855,0.0528160502779792,0.106342435605313,-0.0071059,-0.0155354,-0.0179811,-0.0079368,-0.0031262,sell
2014-11-27,1,1,1,1,1,0,3,4,3,1,2,2,3,3,2,3,1,0.11742122864554,0.0488729755861736,0.108844513817871,-0.0039157,-0.0273920,-0.0190836,-0.0056164,-0.0025207,sell
2014-11-28,2,1,1,1,1,1,2,4,2,3,3,2,3,3,3,3,1,0.108725815528517,0.0450738671102959,0.111421347877831,-0.0052769,-0.0112517,-0.0092861,-0.0065631,-0.0079202,sell
2014-11-29,2,3,1,1,1,0,2,3,2,4,3,2,3,2,4,4,1,0.100348172297581,0.0414151701289653,0.114071442668246, 0.0029997,-0.0048757,-0.0031074, 0.0050578, 0.0018958,buy
2014-11-30,0,3,2,0,2,0,2,1,3,3,4,2,2,2,2,2,2,0.0922931504013765,0.0379048827652889,0.116794798189114,-0.0079595,-0.0084327,-0.0067288,-0.0035299,-0.0045261,sell
2014-12-01,1,3,3,2,0,0,2,1,2,3,4,2,3,2,3,2,1,0.0845664098633185,0.0345403389782309,0.119591414440438, 0.0099078, 0.0072544, 0.0102153, 0.0096123, 0.0123347,buy
2014-12-02,1,2,4,1,1,0,1,2,1,3,3,2,2,3,3,2,1,0.0771841221788826,0.0313268708498628,0.122461291422215, 0.0114621, 0.0033899, 0.0069248, 0.0068042, 0.0052110,buy
2014-12-03,0,4,4,1,1,0,3,1,2,2,3,3,2,4,2,3,1,0.0701487130723901,0.0282600349784584,0.125401438900551,-0.0045342,-0.0039240,-0.0028989,-0.0039004,-0.0048278,sell
2014-12-04,0,3,4,1,1,1,3,1,1,1,4,2,0,4,2,3,1,0.0634690768663523,0.0253460521264344,0.128413351992393, 0.0074488, 0.0080698, 0.0059999,-0.0010418,-0.0013335,buy
2014-12-05,0,0,4,1,1,1,3,3,1,2,2,3,1,3,3,3,1,0.0571581507571494,0.0225858109741359,0.131496283139267,-0.0029184,-0.0063886,-0.0145651,-0.0105995,-0.0089923,sell
2014-12-06,0,1,3,1,1,0,4,2,3,1,2,3,3,3,2,3,0,0.051214317595234,0.0199802002019082,0.134647242107278,-0.0051625,-0.0061385, 0.0002912,-0.0064425,-0.0006476,sell
2014-12-07,0,2,4,0,2,1,4,2,2,0,2,3,3,2,3,3,1,0.0456529403013073,0.0175301084900966,0.13786921913032,-0.0038671,-0.0085707,-0.0054276,-0.0105190,-0.0075803,sell
2014-12-08,0,1,4,1,1,1,4,3,0,1,2,3,2,3,2,4,0,0.0404756360249171,0.0152373131993915,0.141158476416025,-0.0028929,-0.0010082, 0.0033012, 0.0024547, 0.0020651,buy
2014-12-09,0,2,2,2,1,1,3,2,0,1,2,2,2,1,3,3,1,0.0356977676867646,0.0131027030101381,0.144514266405918,-0.0192882,-0.0178728,-0.0207773,-0.0228007,-0.0201606,sell
2014-12-10,0,2,4,0,3,1,2,2,0,0,2,3,2,1,2,3,1,0.0313233781607188,0.0111289439633722,0.147932851307629,-0.0070919,-0.0079596,-0.0088471,-0.0106922,-0.0116520,sell
2014-12-11,1,2,3,1,1,0,3,2,1,0,3,3,2,1,2,2,1,0.0273557017458747,0.00931514737874848,0.151424696939795,-0.0022459,-0.0003246,-0.0045358,-0.0042779,-0.0054433,sell
2014-12-12,1,1,3,2,1,1,3,2,1,1,3,4,3,1,2,2,1,0.0238036327647436,0.00766220193661225,0.154978589925304,-0.0049390,-0.0005767,-0.0057501,-0.0024641,-0.0047150,sell
2014-12-13,0,1,4,1,2,1,3,2,1,0,3,4,3,1,1,2,1,0.0206760655398369,0.00617543971903486,0.158595277822631,-0.0004170, 0.0049124,-0.0001787,-0.0003873,-0.0015991,buy
2014-12-14,0,3,3,2,1,0,4,2,2,0,4,4,2,2,2,2,1,0.0179802772441184,0.00485041732429015,0.162278498424147,-0.0042891,-0.0008629,-0.0035111,-0.0034449,-0.0041479,sell
2014-12-15,0,2,2,1,1,1,3,3,2,2,3,4,3,2,2,2,1,0.0157178850271358,0.0036862460720329,0.166023018820532, 0.0000223, 0.0022545,-0.0029113, 0.0016643,-0.0007544,buy
2014-12-16,1,1,2,2,0,1,4,3,3,2,4,3,3,3,2,3,1,0.0139042518095904,0.00269181276571546,0.16983108168721,-0.0100518,-0.0150652,-0.0123543,-0.0112352,-0.0097846,sell
2014-12-17,1,3,2,2,0,0,5,1,4,1,3,3,4,2,3,4,0,0.0125393775914822,0.0018617853232664,0.173697454114861,-0.0258153,-0.0262144,-0.0227374,-0.0271818,-0.0267201,sell
2014-12-18,1,2,2,1,1,0,4,1,4,2,2,3,2,3,2,5,1,0.0116337738448701,0.00119882978572142,0.177625126337382,-0.0083782,-0.0060834, 0.0053379,-0.0058985,-0.0112914,sell
2014-12-19,2,3,0,3,0,0,4,4,2,2,3,2,2,3,4,5,1,0.0111890577193017,0.000701168792390082,0.181611108120877,-0.0007957,-0.0022022, 0.0075191, 0.0021585, 0.0015379,buy
2014-12-20,2,2,1,2,0,0,5,3,3,2,2,3,2,4,3,5,1,0.0112133149625145,0.000368802343272368,0.18565614702382, 0.0045213, 0.0058850, 0.0111401, 0.0061505,-0.0035234,buy
2014-12-21,1,2,2,1,0,0,6,3,3,1,2,4,1,3,3,5,1,0.0117154398970199,0.000205285159749209,0.189760990604685, 0.0048850, 0.0102903, 0.0136858, 0.0082312, 0.0013177,buy
2014-12-22,4,2,0,2,0,0,5,4,3,3,2,4,2,4,4,6,1,0.0126938153732705,0.000208839881130145,0.193918910837206, 0.0046442, 0.0052914, 0.0074039, 0.0080219, 0.0025367,buy
2014-12-23,4,1,0,1,1,0,5,5,3,3,2,4,3,4,4,5,1,0.0141597614380988,0.000379466507415183,0.198132150396804, 0.0096757, 0.0016779, 0.0121155, 0.0113572, 0.0071391,buy
2014-12-24,3,1,0,1,0,0,6,4,4,1,1,4,3,4,4,4,0,0.0161124695167311,0.000718942399294773,0.202399961725006, 0.0098431, 0.0003925, 0.0118500, 0.0047179,-0.0040698,buy
2014-12-25,2,1,0,1,1,1,6,6,3,2,3,4,2,4,4,5,1,0.0185592167821312,0.00122282415504276,0.206722344821812, 0.0019572, 0.0118017, 0.0143066, 0.0129969,-0.0019947,buy
2014-12-26,3,1,0,1,1,1,5,7,3,2,3,3,3,4,5,4,2,0.0214991946595254,0.00189288913534961,0.211097804570274, 0.0065574, 0.0079363, 0.0097389, 0.0149699, 0.0073401,buy
2014-12-27,2,1,0,1,2,1,4,4,3,1,4,4,3,2,2,2,2,0.0249380631723299,0.00273180338125101,0.215522603178021,-0.0066651,-0.0094424,-0.0088641,-0.0061880, 0.0021896,sell
2014-12-28,3,0,1,2,2,1,3,5,1,1,5,4,4,2,2,1,1,0.0288766308953187,0.0037351234910208,0.219997488203527,-0.0043127,-0.0021311,-0.0001213,-0.0030840, 0.0083021,buy
2014-12-29,3,1,1,3,2,1,1,5,2,2,6,3,4,3,2,1,2,0.0333124721041703,0.00490551550569469,0.224523207205268,-0.0018965, 0.0003387, 0.0042096, 0.0053905, 0.0124700,buy
2014-12-30,2,3,1,1,3,1,1,4,2,2,6,2,5,2,1,1,3,0.038241543925016,0.00624297942527268,0.229096022390871,-0.0021196,-0.0069076,-0.0009958, 0.0029636,-0.0032454,sell
2014-12-31,2,2,1,1,2,1,2,2,2,3,6,3,3,2,0,2,2,0.0436662720821771,0.00774307184802858,0.233717428877287, 0.0036339, 0.0009381, 0.0041257,-0.0000264,-0.0014363,buy
2015-01-01,2,1,1,2,1,2,1,2,1,4,4,3,2,2,2,2,2,0.0495793794026897,0.00940757013465288,0.23838294131367, 0.0177152, 0.0132980, 0.0140343, 0.0131002, 0.0123462,buy
2015-01-02,2,2,0,1,2,2,1,1,2,2,2,2,2,2,3,2,2,0.0559727801388161,0.0112338082441099,0.243097045050864,-0.0081587,-0.0041064,-0.0039912,-0.0092050,-0.0095838,sell
2015-01-03,2,1,1,1,3,1,0,1,3,1,2,1,1,2,4,1,3,0.0628286856455338,0.0132271182584709,0.247850021828707,-0.0087293,-0.0088572, 0.0035288,-0.0080893,-0.0092171,sell
2015-01-04,2,0,1,1,2,2,1,3,2,2,2,1,2,2,4,3,2,0.070139010175105,0.0153759473332481,0.252650842348889, 0.0109888, 0.0107660, 0.0086715, 0.0078970, 0.0089909,buy
2015-01-05,2,1,0,3,1,2,2,3,2,2,2,2,2,3,4,4,1,0.0778867736572807,0.0176865162308579,0.257492031026667,-0.0018401,-0.0000071,-0.0015529,-0.0048980,-0.0022878,sell
2015-01-06,2,1,1,1,2,2,3,3,2,1,2,1,4,2,4,3,2,0.0860493359983958,0.0201543815495742,0.262375082978991, 0.0250343, 0.0198895, 0.0322423, 0.0172500, 0.0181407,buy
2015-01-07,3,1,1,0,3,2,2,4,2,1,3,0,4,3,4,3,2,0.0945959713570472,0.0227839866911232,0.267294765296542, 0.0256762, 0.0246914, 0.0220739, 0.0220739, 0.0185057,buy
2015-01-08,3,1,0,2,1,1,2,4,2,1,2,1,3,3,5,2,1,0.103495145317058,0.0255664448520525,0.27225855356406, 0.0105284, 0.0066415, 0.0033728, 0.0098335, 0.0074420,buy
2015-01-09,2,0,1,2,3,2,2,4,0,2,1,1,4,4,3,3,2,0.112699960541551,0.0285070881144336,0.277258972196805, 0.0101574, 0.0062535, 0.0062983, 0.0033321, 0.0069551,buy
2015-01-10,1,0,1,1,2,0,3,4,1,1,2,0,3,2,2,3,2,0.122167562567516,0.0316005843961951,0.282295273636304,-0.0229914,-0.0237877,-0.0041555,-0.0181699,-0.0287815,sell
2015-01-11,1,1,0,1,3,0,5,5,3,1,3,1,4,4,3,3,2,0.131835691137374,0.0348469336973368,0.28736820544103, 0.0046885,-0.0219762,-0.0222220,-0.0091081,-0.0043069,sell
2015-01-12,1,0,1,2,2,1,2,5,3,2,3,1,3,4,2,4,2,0.141634000245807,0.0382470246982042,0.292476272494034,-0.0145539,-0.0203734,-0.0252048,-0.0102971,-0.0124847,sell
2015-01-13,2,1,1,2,1,0,3,4,3,1,2,2,3,3,3,3,2,0.151487292438856,0.0417946366363805,0.297615737002948,-0.0042156,-0.0297191,-0.0173529,-0.0008304,-0.0003395,sell
2015-01-14,2,1,2,0,2,0,3,3,3,2,1,1,3,4,2,4,3,0.161308241640954,0.0454879921511752,0.302794074552512, 0.0021697,-0.0270266,-0.0233558,-0.0004474, 0.0001153,sell
2015-01-15,2,2,0,1,1,1,2,3,3,3,2,1,3,5,1,4,2,0.170991733131513,0.0493270912425884,0.308002314441036,-0.0198070,-0.0128240,-0.0109600,-0.0128266,-0.0124037,sell
2015-01-16,3,2,0,1,0,1,2,1,2,3,2,1,3,3,2,3,1,0.180422949292659,0.0533119339106201,0.313241204226995, 0.0005930, 0.0175381, 0.0158195, 0.0132174, 0.0157265,buy
2015-01-17,2,0,2,0,0,2,3,0,3,2,3,0,2,3,1,3,2,0.189488689656065,0.0574407427945798,0.318510743910389, 0.0167453, 0.0007274, 0.0139805, 0.0006472, 0.0016943,buy
2015-01-18,2,1,1,1,0,2,2,1,3,1,4,1,2,1,2,2,2,0.19805553938406,0.0617081858123961,0.32380943837427, 0.0135978, 0.0046069, 0.0151862, 0.0013248, 0.0038018,buy
2015-01-19,3,0,0,1,1,2,2,4,4,2,4,2,3,2,3,2,3,0.205986040765106,0.0661142629640689,0.329133549826267,-0.0009058, 0.0156484, 0.0160153, 0.0105456, 0.0175470,buy
2015-01-20,2,0,0,0,1,2,4,2,3,1,3,2,3,1,3,1,2,0.213148396111079,0.0706563082085626,0.334486816058752, 0.0033635, 0.0095427, 0.0091119, 0.0063660, 0.0192375,buy
2015-01-21,3,0,0,0,0,3,4,0,2,0,3,1,2,2,1,1,2,0.219408382009535,0.0753325441851868,0.33986475172088, 0.0190794, 0.0027926, 0.0141983, 0.0149574, 0.0161616,buy
2015-01-22,4,0,0,0,0,3,2,3,2,1,3,1,3,2,2,3,1,0.22465764944079,0.0801420822135961,0.345268104371124, 0.0272066, 0.0286945, 0.0202019, 0.0293406, 0.0317934,buy
2015-01-23,3,1,0,0,1,2,3,2,3,0,3,1,3,3,2,3,0,0.228782189361743,0.085078701531374,0.350693883775589, 0.0110779, 0.0146919, 0.0082511, 0.0148695, 0.0144809,buy
2015-01-24,1,0,1,1,1,1,5,2,2,0,3,0,3,2,2,3,1,0.231722167239138,0.0901424021385204,0.356143585051223,-0.0003891, 0.0057432, 0.0118752,-0.0018010, 0.0054897,buy
2015-01-25,2,0,2,2,0,1,5,4,3,1,3,1,4,4,3,4,1,0.233422599988357,0.0953358500760711,0.361612722847181, 0.0178283, 0.0075342, 0.0080298, 0.0163966, 0.0088080,buy
2015-01-26,1,2,1,1,1,1,4,4,5,1,3,2,4,4,4,3,1,0.233885104758948,0.100651047220919,0.367103539838886, 0.0061702,-0.0023864,-0.0080497,-0.0082083,-0.0112492,sell
2015-01-27,0,1,1,0,1,1,5,2,5,2,3,2,2,4,3,4,0,0.23315253601392,0.106084438851683,0.372613793350916,-0.0060073, 0.0103605,-0.0005150,-0.0065348, 0.0062443,sell
2015-01-28,1,1,1,1,0,1,4,3,2,3,1,1,2,5,3,4,1,0.231294431183818,0.111638691009399,0.378141988266322, 0.0116424,-0.0056245, 0.0254351,-0.0094295,-0.0111095,buy
2015-01-29,1,2,0,1,1,1,5,3,4,4,0,3,3,5,3,6,2,0.228426416461289,0.11730758293165,0.383687377026631,-0.0218829,-0.0258854,-0.0186959,-0.0073700,-0.0346780,sell
2015-01-30,1,4,0,0,1,0,7,1,5,2,1,4,4,5,2,4,1,0.224691609581288,0.123090225938091,0.389250707190316,-0.0021890, 0.0008594, 0.0027077, 0.0048388,-0.0024131,sell
2015-01-31,1,2,2,0,2,0,5,1,3,1,2,2,3,2,3,3,2,0.220246874049925,0.128985731348377,0.394827493406534,-0.0166888,-0.0274410,-0.0186498,-0.0250238,-0.0247032,sell
2015-02-01,1,1,3,3,1,1,6,0,3,2,2,2,4,3,4,3,3,0.215259584845368,0.134990544441127,0.400425211260025, 0.0109313, 0.0126714, 0.0081280, 0.0057998, 0.0048555,buy
2015-02-02,1,2,1,4,2,1,6,0,3,1,3,2,4,2,5,3,2,0.209898734095334,0.141100221814614,0.406022929113515, 0.0219393, 0.0329334, 0.0260978, 0.0293321, 0.0215180,buy
2015-02-03,2,1,2,1,5,1,5,1,3,0,3,4,3,3,3,3,2,0.20431633385729,0.14731831819022,0.411641578604278,-0.0021641, 0.0040771,-0.0029142,-0.0073581,-0.0039685,sell
2015-02-04,2,2,1,2,3,1,4,1,4,0,3,3,2,5,3,4,0,0.198645798968905,0.153635946764493,0.41726919879673,-0.0090996,-0.0139636,-0.0106017,-0.0130883,-0.0088465,sell
2015-02-05,1,1,0,2,1,3,4,1,3,1,2,2,3,3,3,3,1,0.193010032795793,0.160053107537431,0.422907284807818, 0.0024651, 0.0070088, 0.0075156,-0.0040032, 0.0026851,buy
2015-02-06,0,1,1,0,2,4,5,1,3,0,3,3,2,3,2,3,1,0.187503638586482,0.166570689189381,0.428555089079068, 0.0011585, 0.0045245, 0.0067165,-0.0006230, 0.0092108,buy
2015-02-07,0,3,0,0,2,2,5,3,3,0,5,3,1,3,4,1,1,0.182204239519254,0.173177138875855,0.434213359168954, 0.0086074, 0.0091442, 0.0075875, 0.0077102, 0.0117950,buy
2015-02-08,0,3,0,0,4,2,2,3,4,1,5,2,1,3,4,2,2,0.177176521576009,0.17988400944134,0.439876862168159, 0.0050262, 0.0067155, 0.0060563, 0.0046424, 0.0077082,buy
2015-02-09,0,1,0,1,3,2,2,2,3,1,3,2,1,2,3,2,2,0.172467382093626,0.186677970680658,0.445548588310578, 0.0026811, 0.0060960,-0.0012353, 0.0006452, 0.0020305,buy
2015-02-10,0,1,1,2,1,1,3,1,2,0,2,2,1,1,3,1,2,0.168109164063056,0.193559911274154,0.451224799803841,-0.0095197,-0.0076722,-0.0116411,-0.0089056,-0.0069223,sell
2015-02-11,1,2,3,1,2,1,1,1,3,1,3,4,2,2,2,1,2,0.1641325933257,0.200528942541484,0.456906244206422, 0.0028794, 0.0060294, 0.0053560, 0.0063842, 0.0070854,buy
2015-02-12,2,4,2,1,1,0,1,2,1,1,2,3,2,1,3,1,3,0.160559501400452,0.20758062108092,0.462592921518321, 0.0112532, 0.0103153, 0.0049718, 0.0087600, 0.0113472,buy
2015-02-13,2,3,2,0,1,0,2,2,1,1,2,3,1,1,3,2,2,0.157397165460273,0.214712280851427,0.468282589064117, 0.0196368, 0.0190209, 0.0028063, 0.0095281, 0.0175396,buy
2015-02-14,1,1,2,1,0,0,3,2,1,2,2,3,0,2,2,3,1,0.154662565575414,0.221922144492315,0.473973004168386, 0.0261015, 0.0246356, 0.0023419, 0.0187797, 0.0223945,buy
2015-02-15,2,1,0,1,1,0,2,2,2,1,2,2,1,2,2,3,0,0.152362978918839,0.229207545962547,0.479666409506552,-0.0130362,-0.0116497,-0.0133869,-0.0090440,-0.0116697,sell
2015-02-16,2,0,0,1,1,0,1,4,3,1,2,3,1,2,2,2,1,0.15049921406532,0.236568485262125,0.485357572169295, 0.0000625,-0.0083751,-0.0021092,-0.0056721,-0.0048279,sell
2015-02-17,1,0,0,1,0,1,4,4,4,0,2,4,2,2,2,2,1,0.149074505313953,0.243996964267941,0.491050229948987,-0.0050983,-0.0034471,-0.0030600,-0.0025734,-0.0030764,sell
2015-02-18,1,0,0,2,0,1,5,6,2,0,3,4,1,3,1,3,2,0.14809774698725,0.251493871660339,0.496740645053256, 0.0012404, 0.0062344, 0.0034783, 0.0008262, 0.0066509,buy
2015-02-19,2,1,0,2,1,0,5,4,2,2,3,3,2,3,4,3,1,0.147563279061795,0.259054764037595,0.502427322365155, 0.0133967, 0.0089400, 0.0148301, 0.0218289, 0.0185025,buy
2015-02-20,3,1,1,3,1,0,3,2,2,1,4,3,1,2,4,2,1,0.147479187285323,0.266681418760398,0.508111009443159,-0.0044767,-0.0051320,-0.0002174, 0.0000950, 0.0001211,buy
2015-02-21,5,0,4,3,0,0,3,2,1,2,4,3,3,2,5,2,1,0.147834151611004,0.274364949025295,0.513790958728792,-0.0085264,-0.0047799, 0.0003607,-0.0030870,-0.0018044,sell
2015-02-22,3,2,3,3,0,0,4,3,1,2,4,3,3,3,5,2,1,0.148637066361349,0.282109798234014,0.519463432429685,-0.0055232,-0.0029764,-0.0034245,-0.0023871,-0.0019577,sell
2015-02-23,2,2,3,2,1,0,6,0,2,2,4,3,4,2,5,1,1,0.149885505812035,0.289907079583102,0.525130673221259,-0.0004040,-0.0035023,-0.0019714,-0.0041374, 0.0025386,sell
2015-02-24,2,0,3,3,0,0,5,3,1,2,3,3,4,2,4,2,1,0.151576235663969,0.297759459113595,0.530791185986568,-0.0088792,-0.0039341,-0.0025839,-0.0052062,-0.0050308,sell
2015-02-25,2,0,2,2,0,2,4,1,3,2,2,3,5,1,4,2,1,0.153708447342376,0.305658938702385,0.536442728050188, 0.0126517, 0.0029754, 0.0158644, 0.0034449, 0.0097201,buy
2015-02-26,2,1,2,0,1,1,5,0,4,2,2,2,6,2,3,2,1,0.156282949422031,0.313611739111888,0.542086794529068, 0.0138906, 0.0036387, 0.0108698, 0.0026535, 0.0110805,buy
2015-02-27,2,1,3,0,1,1,4,1,2,3,2,3,5,1,4,1,2,0.159293273304742,0.321606307497618,0.547717404955416, 0.0179515, 0.0050222, 0.0176353, 0.0065980, 0.0180624,buy
2015-02-28,3,1,2,1,1,2,5,0,2,3,2,4,4,2,3,3,2,0.162740227565284,0.329646198580955,0.553339044680075, 0.0307328, 0.0219751, 0.0371312, 0.0115341, 0.0230728,buy
2015-03-01,3,3,2,2,1,2,6,0,3,2,4,3,4,4,2,5,2,0.166627855077526,0.337726080279828,0.558953956378468, 0.0060735, 0.0068736, 0.0116896, 0.0083817, 0.0104539,buy
2015-03-02,4,1,6,0,3,1,5,0,3,1,4,3,4,4,2,5,2,0.170942410070314,0.3458432865532,0.56455017911501, 0.0189777, 0.0246210, 0.0120888, 0.0210672, 0.0216039,buy
2015-03-03,4,1,5,1,2,1,4,0,3,1,4,4,2,4,2,4,2,0.175693595440932,0.353996040040382,0.570129955565124, 0.0200411, 0.0254424, 0.0176765, 0.0246788, 0.0251172,buy
2015-03-04,3,2,1,4,1,2,4,0,3,2,3,3,2,4,3,5,2,0.180866856843453,0.362184340741373,0.575700013755076, 0.0025368,-0.0004867, 0.0069530, 0.0026965, 0.0041425,buy
2015-03-05,3,1,3,1,4,2,4,0,3,2,5,2,2,4,3,5,2,0.186468662876068,0.370406411295483,0.581254373217073, 0.0009340, 0.0036717, 0.0048894, 0.0056689, 0.0036798,buy
2015-03-06,2,2,3,1,3,0,3,1,2,2,5,0,1,5,2,4,2,0.192495779239681,0.37865691962064,0.586793033951116,-0.0030416,-0.0030370,-0.0051489,-0.0105959,-0.0065747,sell
2015-03-07,2,2,2,1,2,2,2,1,4,2,5,1,2,4,3,4,1,0.198945780209971,0.3869349770365,0.592313753281782,-0.0002904, 0.0005765,-0.0034050,-0.0040467,-0.0029732,sell
2015-03-08,2,1,1,2,2,3,1,3,2,3,3,2,3,4,3,4,1,0.205812197188747,0.395237028821681,0.597819521442967, 0.0012279, 0.0004906, 0.0042235, 0.0017838, 0.0009155,buy
2015-03-09,2,1,2,2,0,1,2,3,1,1,1,1,3,2,4,3,1,0.213097455900332,0.403563963656529,0.603305105525354, 0.0109504, 0.0151512, 0.0056017, 0.0207022,-0.0021917,buy
2015-03-10,1,1,2,1,2,0,1,4,2,2,2,2,2,4,3,3,0,0.220801556344725,0.411910449458971,0.608769757970468, 0.0177032, 0.0152234, 0.0140759, 0.0103161, 0.0164251,buy
2015-03-11,1,3,1,3,3,0,0,5,1,2,3,3,2,4,2,4,1,0.228912369900319,0.420276486229009,0.614218711687628, 0.0065504, 0.0084050, 0.0029486, 0.0009875, 0.0009654,buy
2015-03-12,2,3,4,5,0,0,1,5,0,2,3,3,2,5,4,4,1,0.237433939440984,0.428659407925607,0.619645238650567, 0.0031120, 0.0011034,-0.0013131, 0.0018380,-0.0007016,buy
2015-03-13,1,1,5,3,0,0,1,4,0,2,3,2,1,4,2,3,2,0.246363839242398,0.437056548507728,0.625049338859286, 0.0012504, 0.0014563, 0.0019928, 0.0061275,-0.0011567,buy
2015-03-14,1,4,2,2,0,0,1,4,1,2,3,2,2,3,3,3,1,0.255698026430692,0.445465241934337,0.630433254989205, 0.0083607, 0.0076822,-0.0051691,-0.0040659,-0.0017913,buy
2015-03-15,3,3,1,2,1,0,0,5,1,4,4,2,3,4,3,3,1,0.265434075281546,0.453884599525089,0.635794744364904, 0.0068904, 0.0052546,-0.0059641,-0.0030380, 0.0107960,buy
2015-03-16,2,2,0,2,0,0,1,4,1,3,2,1,4,2,4,1,1,0.275568751495863,0.462310177878258,0.641130816752486,-0.0047853,-0.0059034,-0.0069466, 0.0013046,-0.0047674,sell
2015-03-17,2,2,0,2,0,1,2,2,3,2,3,2,3,3,3,2,0,0.286101246498871,0.470742865674188,0.646443714827374,-0.0079407,-0.0054775,-0.0047313,-0.0082495,-0.0047782,sell
2015-03-18,3,2,0,2,1,0,0,5,2,2,2,3,3,2,4,2,1,0.297024283117606,0.479176442150464,0.65173044835567,-0.0161234,-0.0212912,-0.0167723,-0.0116377,-0.0149608,sell
2015-03-19,2,3,0,2,3,0,2,4,1,1,4,3,3,2,4,1,1,0.308341904225935,0.487612684667776,0.65699176489585,-0.0302893,-0.0206581,-0.0204428,-0.0129833,-0.0303780,sell
2015-03-20,1,1,1,3,2,0,4,1,2,0,4,1,4,1,3,1,1,0.320042789777027,0.496047149824397,0.662225421772491, 0.0075652, 0.0132719, 0.0088358, 0.0114078, 0.0112322,buy
2015-03-21,3,1,3,3,2,0,2,2,2,1,3,1,5,2,6,2,0,0.332127748345656,0.504476282898946,0.667431418985593, 0.0101862, 0.0224680, 0.0167975, 0.0112476, 0.0185300,buy
2015-03-22,2,3,1,3,3,0,1,2,3,0,3,1,4,2,6,1,1,0.344596779931821,0.512901861252115,0.672605271184312, 0.0031628, 0.0016224, 0.0053085, 0.0066617, 0.0027589,buy
2015-03-23,1,1,2,1,3,0,3,1,3,1,2,1,3,2,5,2,1,0.357436138764368,0.521316775441141,0.677758939304232, 0.0034424,-0.0011301, 0.0025624, 0.0088891, 0.0005851,buy
2015-03-24,0,2,1,1,1,1,3,2,2,2,1,1,3,3,4,2,1,0.370651484866715,0.529722802826715,0.682877472175874,-0.0137960,-0.0131836,-0.0182172, 0.0041251,-0.0153101,sell
2015-03-25,0,3,1,0,1,1,3,2,4,2,2,1,5,3,3,2,1,0.384237158215443,0.538115500007109,0.68796535515008,-0.0175933,-0.0170827,-0.0191867,-0.0042089,-0.0190415,sell
2015-03-26,0,4,2,0,2,0,2,4,3,1,3,2,4,3,3,1,2,0.398180221614174,0.546494866982326,0.693021093109903, 0.0019446,-0.0055021, 0.0043085,-0.0049202,-0.0064396,sell
2015-03-27,0,2,3,1,1,1,4,2,2,2,4,1,4,3,2,2,2,0.41248552651155,0.554854682989947,0.698046181172291,-0.0036653,-0.0015221,-0.0049392, 0.0020244,-0.0034968,sell
2015-03-28,0,3,2,3,0,1,4,2,1,3,4,2,3,3,2,3,2,0.42714013571119,0.563196725390664,0.703037629103348, 0.0044089, 0.0077879, 0.0069820, 0.0084022, 0.0068110,buy
2015-03-29,1,4,4,2,1,0,3,1,0,2,5,3,3,2,2,2,1,0.442138389189679,0.571517439463095,0.707993194227653, 0.0083852, 0.0028880, 0.0055774, 0.0032181, 0.0151599,buy
2015-03-30,1,4,3,1,2,0,3,1,0,2,5,2,2,3,1,2,2,0.457472201199278,0.57981504784655,0.712918857012996, 0.0030338,-0.0018927,-0.0011052,-0.0018540, 0.0085607,buy
2015-03-31,0,4,4,3,0,0,3,1,0,2,4,2,1,3,3,2,2,0.473129443118382,0.588085995819648,0.717807889433112,-0.0015914,-0.0032724,-0.0079409,-0.0032724, 0.0006248,sell
2015-04-01,1,3,5,3,2,1,4,1,0,2,3,3,2,5,3,4,2,0.489102837774026,0.596331172062734,0.722659543929526, 0.0040315, 0.0036743, 0.0036182, 0.0041336, 0.0026448,buy
2015-04-02,1,2,5,1,2,0,5,2,0,1,4,2,2,4,2,3,2,0.505377830820283,0.604550576575808,0.727475315619188, 0.0044868, 0.0022435, 0.0057509, 0.0022335, 0.0059554,buy
2015-04-03,1,3,2,1,3,0,3,2,1,1,3,2,2,3,3,2,2,0.521939867911225,0.612732656514383,0.732253709385148,-0.0005285,-0.0071491,-0.0019077,-0.0091145,-0.0013964,sell
2015-04-04,1,2,3,2,3,1,1,2,2,2,4,0,3,3,4,2,3,0.538773586126151,0.620882743960528,0.736996220344355,-0.0049199,-0.0070978,-0.0024705,-0.0061239,-0.0069066,sell
2015-04-05,1,1,2,2,2,2,2,2,0,1,3,1,2,1,4,2,2,0.555856345371395,0.62899817287321,0.741696868029017, 0.0086814, 0.0142064, 0.0131511, 0.0099734, 0.0059349,buy
2015-04-06,2,0,3,1,2,1,2,1,1,3,3,1,2,3,3,3,1,0.573157419805554,0.637077165891737,0.746360885348452, 0.0022430, 0.0005522, 0.0028764,-0.0006362, 0.0020679,buy
2015-04-07,2,2,1,1,2,1,0,2,2,3,3,0,2,4,2,3,2,0.590663872232249,0.64511794565542,0.750983039393341, 0.0004403,-0.0086596,-0.0073690,-0.0129721,-0.0055492,sell
2015-04-08,3,2,2,4,2,1,0,1,1,3,3,1,3,4,4,3,1,0.608332039613695,0.65311606876253,0.75556781551453,-0.0067446,-0.0084207,-0.0070402,-0.0081575,-0.0025525,sell
2015-04-09,2,0,2,4,2,0,1,1,1,3,1,2,2,4,3,4,0,0.626136856131908,0.66107153521307,0.760110728361172,-0.0029168,-0.0074164,-0.0003915,-0.0063306,-0.0045487,sell
2015-04-10,2,1,1,5,2,0,1,3,2,0,1,2,4,1,4,4,1,0.644032233024781,0.668983456326693,0.76461177793327, 0.0038562, 0.0040428, 0.0044079, 0.0043564, 0.0031232,buy
2015-04-11,3,1,1,4,2,1,1,4,2,1,1,1,4,2,6,5,1,0.661975315829307,0.676846500021328,0.769070964230822, 0.0100081, 0.0028238, 0.0051681, 0.0052139, 0.0055691,buy
2015-04-12,1,3,1,2,0,1,0,5,2,2,2,1,4,3,4,2,1,0.679916781484284,0.684662443657666,0.773487539695355, 0.0003209, 0.0007214, 0.0005459, 0.0112918, 0.0004115,buy
2015-04-13,0,3,1,2,0,2,2,3,3,2,3,1,4,3,3,2,2,0.69779760403123,0.69242684383398,0.777859261651446,-0.0036287,-0.0022114,-0.0010925, 0.0078353,-0.0040743,sell
2015-04-14,0,4,0,1,0,1,2,4,2,3,2,0,2,5,2,3,3,0.715561991810755,0.700134368468199,0.782191363008415,-0.0156622,-0.0064998,-0.0160461,-0.0114946,-0.0148495,sell
2015-04-15,1,4,0,1,2,1,2,4,3,4,3,1,4,5,4,3,2,0.733144450266183,0.707795681724466,0.786472630389149,-0.0067045, 0.0018144,-0.0033815, 0.0000511,-0.0073106,sell
2015-04-16,0,5,2,1,1,1,2,3,2,2,4,1,3,4,4,2,1,0.75047948484084,0.715393898676222,0.790712034495338, 0.0000076, 0.0000262,-0.0046793, 0.0088545,-0.0024341,buy
2015-04-17,1,2,3,1,1,1,3,1,3,3,3,1,5,3,4,1,2,0.767500792403278,0.722935240085882,0.794906585093086,-0.0018179, 0.0002296,-0.0037981, 0.0049788,-0.0028437,sell
2015-04-18,1,4,1,1,2,1,2,3,2,3,3,0,5,4,4,2,2,0.784141261247275,0.730413485191031,0.799051796831548,-0.0116551,-0.0098805,-0.0097646, 0.0015678,-0.0120121,sell
2015-04-19,2,4,2,0,1,1,4,0,3,4,6,2,3,4,2,2,2,0.800324885344097,0.737828633991668,0.803151407503095, 0.0088229, 0.0089811, 0.0081344, 0.0080036, 0.0056018,buy
2015-04-20,2,2,3,1,1,1,3,1,2,4,5,2,2,5,2,3,1,0.815995064459581,0.745179797807448,0.807203921990778, 0.0063702, 0.0062745, 0.0050145, 0.0043246, 0.0039472,buy
2015-04-21,2,2,2,1,3,1,5,1,4,4,5,3,3,6,2,4,2,0.831087112611826,0.752460755875954,0.811206350060702, 0.0122494, 0.0125136, 0.0124286, 0.0124346, 0.0074523,buy
2015-04-22,2,3,2,0,3,0,5,1,3,3,6,3,2,5,1,3,2,0.845543620991895,0.759672396877533,0.815161681946762, 0.0110891, 0.0125412, 0.0110060, 0.0127540, 0.0081347,buy
2015-04-23,1,2,3,0,3,0,5,2,2,3,6,3,2,4,2,3,1,0.859320117987231,0.766818275533564,0.819069917648958, 0.0067526, 0.0096304, 0.0062988, 0.0110379, 0.0067137,buy
2015-04-24,1,1,3,2,2,1,6,0,3,1,3,3,2,4,2,4,2,0.872372131985278,0.773885061638869,0.822923581582551,-0.0072617,-0.0071520,-0.0076529,-0.0054508,-0.0089562,sell
2015-04-25,1,1,2,1,2,0,3,1,3,0,1,2,2,2,2,4,1,0.884668128569858,0.780878975955865,0.826727906656859,-0.0032833, 0.0023400, 0.0013663,-0.0051379, 0.0009128,sell
2015-04-26,2,1,3,0,4,0,2,1,4,1,2,3,2,3,3,3,2,0.896184659072532,0.78779468640248,0.83048289287188, 0.0004455,-0.0034007, 0.0082564,-0.0065641,-0.0043477,sell
2015-04-27,2,3,2,2,3,0,2,0,3,1,1,4,2,4,2,4,1,0.90689989197441,0.794629526937679,0.834183307318298, 0.0084818, 0.0061024, 0.0148411, 0.0051781, 0.0057188,buy
2015-04-28,0,2,0,3,2,1,3,0,2,1,1,2,3,3,2,3,0,0.916803315803432,0.801385274922152,0.837834382905431, 0.0063979, 0.0109832, 0.0030588, 0.0016493, 0.0000745,buy
2015-04-29,0,1,2,1,1,2,3,0,2,2,2,2,3,2,1,3,1,0.925894121984825,0.808053043552446,0.841432381840908,-0.0083541,-0.0040748,-0.0039201,-0.0137013,-0.0099938,sell
2015-04-30,0,3,1,2,0,1,2,2,3,2,2,3,2,2,2,3,2,0.934169884794266,0.81464260831236,0.844977304124729, 0.0114499, 0.0126396, 0.0109195, 0.0025111, 0.0115998,buy
2015-05-01,0,3,0,2,1,2,1,2,3,2,2,2,3,3,3,2,1,0.941638689979495,0.821142416357406,0.84846466440605, 0.0061829, 0.0057381, 0.0062110, 0.0162788, 0.0031316,buy
2015-05-02,0,1,2,2,1,2,1,2,2,2,2,2,3,3,2,2,1,0.948311049012568,0.827553356367928,0.851903433386559, 0.0038197, 0.0064001, 0.0067330,-0.0033329, 0.0032526,buy
2015-05-03,0,1,2,2,0,1,2,2,1,2,3,1,3,2,2,1,1,0.954200707664642,0.833875428343926,0.855285387923043,-0.0038637, 0.0010061, 0.0007003,-0.0068296,-0.0060430,sell
2015-05-04,0,3,2,2,2,2,2,2,2,2,4,2,4,3,1,3,2,0.959317368833,0.84010330020333,0.85861202313245, 0.0036741, 0.0045823, 0.0059795, 0.0086261,-0.0068962,buy
2015-05-05,1,2,1,1,1,2,2,3,0,3,3,2,3,2,2,3,1,0.963684481186082,0.846236083265794,0.861884834131726,-0.0032413,-0.0028086,-0.0032413,-0.0041913, 0.0011791,sell
2015-05-06,1,0,3,1,1,1,3,2,0,3,3,1,2,2,3,4,0,0.967314981920268,0.852275554892008,0.86510157824545, 0.0104826, 0.0049066, 0.0127067, 0.0055543, 0.0052344,buy
2015-05-07,0,1,2,2,2,2,3,1,0,2,3,2,1,2,3,3,1,0.970227468255354,0.8582163829999,0.868261507915149, 0.0102945, 0.0111166, 0.0117944, 0.0096789, 0.0083111,buy
2015-05-08,1,1,1,2,2,2,3,2,1,3,3,2,2,3,4,3,1,0.972441345985911,0.864058567589472,0.871365370699296, 0.0087570, 0.0093493, 0.0091310, 0.0091487, 0.0096784,buy
2015-05-09,1,0,2,2,3,1,2,3,1,2,2,3,2,3,4,2,1,0.973975212331735,0.869799442619688,0.874413914156365, 0.0071732, 0.0059485, 0.0083774, 0.0060377, 0.0062795,buy
2015-05-10,0,1,2,1,2,2,4,1,2,1,3,3,2,3,3,1,1,0.974851707386492,0.875438119410201,0.877401157818565, 0.0179214, 0.0095751, 0.0092857,-0.0027051, 0.0088169,buy
2015-05-11,0,1,0,2,1,2,2,2,2,2,2,2,1,3,2,3,1,0.975076491173598,0.88096926587894,0.880332334595212, 0.0060981, 0.0068587, 0.0056667, 0.0040449, 0.0042142,buy
2015-05-12,1,1,1,1,3,1,1,3,2,3,2,1,2,4,4,3,1,0.974673820936265,0.886399102788323,0.883205201810886, 0.0023262, 0.0030905, 0.0022913, 0.0032506, 0.0054251,buy
2015-05-13,1,2,1,2,3,1,2,1,2,1,3,0,3,3,3,3,1,0.973665528193385,0.891716965974207,0.886020507024059,-0.0095823,-0.0031154,-0.0064925,-0.0114166,-0.0109346,sell
2015-05-14,0,1,3,2,1,1,1,1,2,2,3,1,3,2,2,1,2,0.972061315842244,0.896928187518662,0.888776007559311,-0.0050251,-0.0009445,-0.0007289,-0.0082827,-0.0062972,sell
2015-05-15,1,1,2,2,1,1,1,3,1,3,2,1,4,4,2,2,1,0.969878972527863,0.902023880618237,0.891473198533589, 0.0015374, 0.0041420, 0.0038508, 0.0017758,-0.0003809,buy
2015-05-16,0,2,1,1,2,1,2,2,3,1,2,1,4,3,2,1,2,0.967141138343909,0.907008488674658,0.894106847037575,-0.0148488,-0.0062972,-0.0055586,-0.0052067,-0.0180356,sell
2015-05-17,0,0,2,2,1,2,3,2,3,2,3,0,3,5,1,2,3,0.963861559061536,0.911878456966543,0.896685923772957,-0.0041474, 0.0004246, 0.0011300,-0.0047242,-0.0041087,sell
2015-05-18,1,0,1,3,1,4,2,3,1,2,2,1,3,5,3,2,2,0.960064491923955,0.916632896813548,0.899202953154996,-0.0023668,-0.0015892, 0.0091397, 0.0032117, 0.0001964,buy
2015-05-19,1,1,1,2,2,3,3,1,3,2,3,1,4,4,3,2,2,0.955770959875285,0.921269142174636,0.901659430300638,-0.0021091,-0.0024554, 0.0079141, 0.0033693,-0.0022501,sell
2015-05-20,0,1,1,2,2,3,3,2,2,2,3,1,4,3,4,2,1,0.951006837308287,0.925785415689118,0.904055355209885, 0.0022374, 0.0049238, 0.0165337, 0.0074951, 0.0015039,buy
2015-05-21,1,0,1,3,2,4,4,3,1,4,3,2,3,4,5,4,2,0.945800424340041,0.930179051315958,0.906389980324261, 0.0024052, 0.0000164, 0.0030276, 0.0016190, 0.0030057,buy
2015-05-22,2,1,1,4,1,3,3,3,1,4,3,2,3,4,4,5,2,0.940188915410141,0.934453603776536,0.908662558085293, 0.0008253, 0.0033148, 0.0043135, 0.0023058, 0.0010662,buy
2015-05-23,2,1,1,2,3,2,2,2,2,3,3,2,3,4,3,4,1,0.934210313532954,0.9386001862674,0.910871593376034, 0.0013541, 0.0043138, 0.0037948, 0.0015181, 0.0044138,buy
2015-05-24,2,1,1,2,3,2,2,1,1,3,3,1,3,4,3,3,1,0.927907473171489,0.942623242190277,0.913023066664275,-0.0018354, 0.0006749, 0.0010952,-0.0017258, 0.0031817,buy
2015-05-25,1,0,0,4,1,3,1,2,1,5,2,2,3,4,3,3,1,0.92132648308785,0.946520105504131,0.915109502365275,-0.0011905,-0.0029233, 0.0016920,-0.0014648,-0.0002960,buy
2015-05-26,1,0,1,2,2,3,2,2,1,4,2,2,3,3,2,4,2,0.914534454988259,0.95028722148758,0.91713538582988,-0.0035981, 0.0028542,-0.0005976,-0.0023165,-0.0023091,sell
2015-05-27,2,2,0,1,1,1,1,2,2,4,2,3,4,1,2,3,1,0.907584754807786,0.953919258058553,0.919098474382666,-0.0056272,-0.0041265,-0.0026710,-0.0026710,-0.0084075,sell
2015-05-28,2,1,1,1,2,0,0,4,2,5,2,3,5,3,2,2,1,0.900546919976972,0.957428656741885,0.920996525348213,-0.0132759,-0.0032911,-0.0075683,-0.0073128,-0.0067328,sell
2015-05-29,2,0,1,3,2,1,0,3,2,6,2,4,6,2,1,3,2,0.893492913650683,0.96080297601274,0.922832528960415,-0.0196241,-0.0081881,-0.0119687,-0.0118422,-0.0140461,sell
2015-05-30,2,1,1,3,1,0,1,2,1,4,1,4,6,1,1,0,3,0.886497124708104,0.96404399323181,0.9246057376608,-0.0046549, 0.0074696, 0.0034364, 0.0040865, 0.0003687,buy
2015-05-31,2,1,1,1,3,0,0,3,2,4,2,4,5,2,0,2,2,0.879633942028423,0.96714904235806,0.926316151449366,-0.0153985,-0.0066331,-0.0121190,-0.0118565,-0.0116162,sell
2015-06-01,2,2,1,2,3,0,0,4,1,3,3,2,4,3,1,3,2,0.872980180215146,0.970119012071834,0.927961527650693,-0.0110343, 0.0045598,-0.0093309,-0.0005834,-0.0102233,sell
2015-06-02,2,1,3,3,2,1,1,4,1,3,3,3,4,4,2,3,2,0.866609419572684,0.972953013692787,0.929544108940201,-0.0050923, 0.0116189, 0.0077440, 0.0172723, 0.0118951,buy
2015-06-03,1,0,3,3,3,1,2,2,2,2,3,3,3,3,2,3,2,0.860592006106357,0.975651047220919,0.931063895317892, 0.0023703, 0.0091328, 0.0033338, 0.0091959, 0.0114578,buy
2015-06-04,2,2,1,2,4,0,1,3,4,2,3,3,4,3,3,4,1,0.854990200073742,0.978208669254504,0.932518644108342,-0.0089050, 0.0007716,-0.0063164,-0.0046986,-0.0058100,sell
2015-06-05,2,1,1,0,4,1,0,4,4,2,3,3,3,3,2,4,1,0.849863836008099,0.980624102432851,0.933909102870027,-0.0037507,-0.0027603,-0.0030435,-0.0039676,-0.0039676,sell
2015-06-06,1,1,1,1,2,2,1,3,5,0,2,3,2,2,3,4,1,0.845262236970626,0.982904456198723,0.935239756953789,-0.0074461,-0.0038584,-0.0122573, 0.0026715,-0.0076836,sell
2015-06-07,1,1,2,0,2,2,2,2,6,0,3,3,1,3,2,5,1,0.841226640274786,0.985043509789703,0.936500888099467,-0.0040270,-0.0054424,-0.0044978,-0.0011734,-0.0042930,sell
2015-06-08,2,3,1,0,3,1,0,4,5,1,2,3,2,3,3,5,2,0.837795857509719,0.987035931123718,0.937699224333327, 0.0058884, 0.0064796, 0.0070355, 0.0061621, 0.0057953,buy
2015-06-09,2,4,1,1,2,1,1,2,6,1,3,4,2,2,3,5,2,0.834987677320448,0.988889718323878,0.938835513213844, 0.0058151, 0.0033739, 0.0060255, 0.0058910, 0.0057746,buy
2015-06-10,1,3,3,1,1,1,2,2,5,1,3,3,3,1,3,5,2,0.832820696926769,0.990596873267073,0.939907512065594, 0.0077339, 0.0045855, 0.0063495, 0.0067834, 0.0082296,buy
2015-06-11,2,4,2,1,1,1,1,3,6,1,3,3,5,1,2,5,3,0.831302193501646,0.992166282756757,0.940912230654682, 0.0077425, 0.0051766, 0.0062715, 0.0064739, 0.0074321,buy
2015-06-12,2,6,1,0,2,1,0,4,6,1,4,4,4,1,2,5,3,0.830430549895532,0.993582839227061,0.941856397007374, 0.0073118, 0.0070759, 0.0086716, 0.0069571, 0.0090558,buy
2015-06-13,1,3,1,0,1,1,2,3,6,2,4,4,4,1,1,4,2,0.830205766108427,0.994858984202818,0.942734030655878, 0.0036802, 0.0049107, 0.0040070, 0.0012392, 0.0035963,buy
2015-06-14,1,2,0,1,1,2,2,3,3,1,1,3,3,1,2,5,1,0.83060843634576,0.995985830880576,0.943551112067986, 0.0059666, 0.0073775, 0.0067805, 0.0006066, 0.0050548,buy
2015-06-15,1,2,0,1,2,2,0,3,6,1,1,2,4,2,2,5,2,0.831616729088639,0.996975820785167,0.944300913217432, 0.0091968, 0.0093454, 0.0106213, 0.0091470, 0.0094161,buy
2015-06-16,2,3,0,0,3,0,0,3,2,0,1,3,4,1,1,2,1,0.833219324290233,0.997813846350723,0.944988667013534,-0.0006281, 0.0138725, 0.0076602, 0.0127554,-0.0051464,buy
2015-06-17,1,2,1,1,4,1,1,3,0,1,1,2,5,2,3,1,1,0.835384687534364,0.998506128339661,0.945609888105448,-0.0003463, 0.0005496,-0.0011331, 0.0009456,-0.0099537,buy
2015-06-18,1,2,2,2,4,1,3,2,0,2,1,3,6,2,4,2,1,0.838082901554404,0.99905444411267,0.946168314285543, 0.0036281, 0.0100977, 0.0097545,-0.0016476,-0.0007663,buy
2015-06-19,2,3,1,1,5,0,1,3,0,1,0,4,5,1,4,2,1,0.841283240508949,0.99945168422699,0.946663197995347, 0.0039005, 0.0076049, 0.0069690, 0.0051950, 0.0038203,buy
2015-06-20,3,2,1,0,6,0,0,3,0,1,1,3,3,2,4,2,1,0.844951744257502,0.999704958125382,0.947094539234859,-0.0031502, 0.0010585,-0.0029361,-0.0035612,-0.0045210,sell
2015-06-21,2,1,1,2,3,0,0,2,1,2,1,3,1,2,4,3,0,0.8490471754866,0.999810711086465,0.947464580679501, 0.0076587, 0.0060382, 0.0080116, 0.0093232, 0.0090929,buy
2015-06-22,2,1,1,2,3,1,1,3,0,2,2,2,2,3,4,2,1,0.853540425504389,0.999768943110239,0.947769584536902, 0.0091679, 0.0038491, 0.0090621, 0.0101807, 0.0071849,buy
2015-06-23,2,1,2,0,4,0,2,2,1,2,3,3,1,2,4,2,1,0.85838459697399,0.999580542877049,0.948011793482486,-0.0000661, 0.0043008, 0.0010284, 0.0004411,-0.0008339,buy
2015-06-24,2,2,1,0,5,0,0,4,1,2,3,3,2,3,4,1,1,0.863544921180131,0.999247287747586,0.94818896484083,-0.0039987, 0.0014387,-0.0025430,-0.0025975,-0.0039987,sell
2015-06-25,2,2,1,0,5,1,0,4,2,2,4,3,2,3,4,2,1,0.868978543659803,0.998763845639779,0.948304836404304,-0.0018851, 0.0022906,-0.0008580,-0.0008923,-0.0016831,sell
2015-06-26,2,1,2,1,3,1,1,2,2,1,3,3,2,2,3,2,1,0.874635332777034,0.998136437316043,0.948358660614433, 0.0003034, 0.0031816, 0.0028548, 0.0009249, 0.0003034,buy
2015-06-27,2,1,4,1,2,0,1,3,1,1,3,4,3,2,3,1,0,0.880478902667003,0.997362396735344,0.948348194795797, 0.0243577, 0.0194977, 0.0203928, 0.0180699, 0.0220624,buy
2015-06-28,3,2,2,1,3,0,0,4,1,2,4,3,2,3,3,2,1,0.886455078819869,0.996446167299407,0.948275681623817, 0.0028943, 0.0064151, 0.0037018, 0.0042705, 0.0028815,buy
2015-06-29,3,4,2,1,3,0,1,4,1,1,4,3,3,3,3,3,1,0.892529901095134,0.99537886220478,0.948140373540018,-0.0045559, 0.0050582, 0.0050921, 0.0050582,-0.0038273,sell
2015-06-30,2,0,5,0,1,0,1,3,3,1,5,2,2,2,0,3,2,0.898640300660444,0.994171145615607,0.947944513219824, 0.0062465, 0.0015193, 0.0016539, 0.0081363, 0.0103057,buy
2015-07-01,2,2,4,2,1,2,1,3,4,0,6,3,3,2,1,3,3,0.904740997328469,0.992815908089124,0.947686605546286, 0.0058911, 0.0071846, 0.0061540, 0.0108972, 0.0067960,buy
2015-07-02,3,2,2,3,2,2,0,5,4,1,6,3,4,2,2,4,3,0.910779433738914,0.991320259068094,0.947368145636352,-0.0024533, 0.0034371,-0.0020453, 0.0085134, 0.0013218,buy
2015-07-03,1,1,3,1,3,1,1,4,4,1,5,2,5,1,2,3,2,0.916694158208974,0.989679755150791,0.946987638373074, 0.0050728, 0.0140800, 0.0154510, 0.0091537, 0.0077667,buy
2015-07-04,1,1,3,2,1,3,2,2,4,0,4,3,4,2,1,3,2,0.92243584767745,0.987897062378251,0.946546578873399,-0.0003512, 0.0078383, 0.0020247, 0.0081800, 0.0063284,buy
2015-07-05,2,1,4,2,1,3,0,4,4,1,4,3,4,2,3,4,2,0.927937390438118,0.985973069430818,0.946042724461907,-0.0011988, 0.0089911, 0.0065759, 0.0109115, 0.0091098,buy
2015-07-06,2,2,3,1,2,1,1,3,3,1,4,2,4,2,4,2,1,0.933141377682042,0.983908664988838,0.94548205560639, 0.0125913, 0.0148679, 0.0143649, 0.0098047, 0.0120539,buy
2015-07-07,1,1,2,2,3,1,1,2,1,1,3,2,1,2,4,1,2,0.937983123427322,0.981702960371966,0.944859339397528,-0.0081667,-0.0060023,-0.0118586,-0.0116590,-0.0075826,sell
2015-07-08,2,0,1,5,1,2,1,2,1,4,3,2,2,4,4,2,2,0.942399558841603,0.979358621621237,0.944176818510744,-0.0016876, 0.0053675, 0.0012219, 0.0010054,-0.0049583,buy
2015-07-09,2,1,3,3,2,2,0,3,0,2,3,1,2,4,5,2,1,0.946322763643891,0.976875648736652,0.943434492946038, 0.0072014, 0.0055700, 0.0079118, 0.0008014, 0.0092974,buy
2015-07-10,1,2,2,3,2,2,0,2,2,2,3,2,2,4,5,1,1,0.949695329025247,0.974254930398555,0.942634605378833, 0.0079762, 0.0041078, 0.0072857,-0.0042457, 0.0075502,buy
2015-07-11,1,1,3,3,0,3,1,4,0,4,4,2,2,5,3,2,2,0.952448526129902,0.971499132647983,0.941774913133705, 0.0097230, 0.0185688, 0.0147298, 0.0155701, 0.0166308,buy
2015-07-12,2,0,2,3,1,2,2,5,0,4,4,4,3,4,3,2,1,0.954528180448015,0.968606478124245,0.940857658886078, 0.0000078, 0.0137340, 0.0133157, 0.0165424, 0.0148741,buy
2015-07-13,2,1,2,4,2,2,2,4,3,3,5,3,5,4,4,2,2,0.955878500320195,0.965583187589757,0.939881347519003,-0.0097621,-0.0012544,-0.0079460,-0.0022413,-0.0066534,sell
2015-07-14,3,0,3,4,1,3,1,5,2,2,6,3,4,4,4,1,2,0.956454205559113,0.962423928962448,0.938850464383324,-0.0061634, 0.0066391,-0.0024164, 0.0038079,-0.0029835,sell
2015-07-15,3,0,2,6,0,3,2,5,0,3,5,3,4,4,4,2,2,0.956209207402664,0.95913403432439,0.937758281452775,-0.0095513, 0.0051027,-0.0034131, 0.0010452,-0.0058709,sell
2015-07-16,2,1,1,5,0,2,3,2,0,3,3,2,2,3,4,3,2,0.955116822883313,0.955714392355927,0.936610779195149,-0.0075209,-0.0036681,-0.0050643,-0.0024780,-0.0089744,sell
2015-07-17,2,2,2,4,2,2,2,2,0,3,2,3,2,4,5,4,1,0.95315764620649,0.952165891737406,0.935409452727392,-0.0116978,-0.0081645,-0.0096021,-0.0064742,-0.0117763,sell
2015-07-18,4,1,2,4,1,2,2,3,0,3,3,4,1,5,5,2,2,0.950315505876721,0.948488532468825,0.934146078906292,-0.0027684, 0.0034215,-0.0011103,-0.0053969,-0.0066720,sell
2015-07-19,4,0,2,6,0,2,2,2,0,4,4,3,3,4,4,3,1,0.946592827618327,0.944688535312602,0.932835608901328,-0.0083645,-0.0019880,-0.0021046,-0.0016126,-0.0053659,sell
2015-07-20,1,0,3,4,1,2,3,1,1,3,4,2,3,3,4,3,0,0.942001740052913,0.94075967950632,0.931466081776917,-0.0027233,-0.0100616,-0.0020618,-0.0032662,-0.0048091,sell
2015-07-21,1,1,2,3,1,1,5,1,1,2,4,1,2,3,4,2,2,0.936557606101182,0.936712629214122,0.930041982883901, 0.0124679, 0.0049573, 0.0040224, 0.0071324, 0.0033656,buy
2015-07-22,1,1,2,2,1,2,3,4,0,4,4,2,2,3,4,3,2,0.930287108730667,0.93253760895221,0.928564059780756, 0.0109278, 0.0142609, 0.0117455, 0.0138067, 0.0114425,buy
2015-07-23,1,2,2,2,0,1,4,3,2,4,4,2,1,2,5,4,3,0.923229059530509,0.928245282884727,0.927030069792059,-0.0007385, 0.0006194, 0.0046754, 0.0029577, 0.0067477,buy
2015-07-24,1,3,3,1,0,0,2,1,3,2,2,2,1,2,4,3,2,0.915423887239396,0.923832984970638,0.925445245827129, 0.0070500,-0.0001760, 0.0012258,-0.0000514, 0.0060862,buy
2015-07-25,1,3,3,2,1,0,1,0,1,3,2,1,3,2,2,4,1,0.906912020596017,0.919301603890287,0.923806597652068, 0.0029721, 0.0052543, 0.0015694, 0.0047843, 0.0085128,buy
2015-07-26,2,3,1,4,2,0,0,1,0,5,2,2,4,2,2,5,1,0.897743591236343,0.914660026447127,0.9221163679423, 0.0118060, 0.0106383, 0.0188387, 0.0147339, 0.0104113,buy
2015-07-27,1,4,1,4,2,0,1,0,0,3,2,2,3,2,1,5,1,0.88797115652067,0.90989847715736,0.920373809139351, 0.0157129, 0.0125716, 0.0146425, 0.0144138, 0.0120488,buy
2015-07-28,1,2,3,2,4,0,1,0,0,2,2,1,3,2,3,3,1,0.877638379486781,0.905028508865475,0.918578173684746, 0.0014381, 0.0076168, 0.0071766,-0.0105711,-0.0003538,buy
2015-07-29,2,3,1,4,3,0,1,1,1,2,3,0,4,3,3,3,2,0.866793774621102,0.90004656685009,0.916733199370855,-0.0151652,-0.0117766,-0.0116943,-0.0114684,-0.0127253,sell
2015-07-30,2,2,0,3,4,1,1,2,1,3,3,1,3,3,4,3,2,0.855489090709152,0.894952651111206,0.91483739108073,-0.0050518,-0.0050769,-0.0055149,-0.0070202,-0.0047103,sell
2015-07-31,1,1,2,2,4,0,3,0,1,2,3,0,3,3,4,2,1,0.843769607938264,0.889754759771929,0.912890748814372,-0.0070577,-0.0034085,-0.0026193,-0.0075711,-0.0057151,sell
2015-08-01,1,1,2,2,3,2,2,1,1,2,3,1,2,4,4,2,1,0.831675755047124,0.884447560750188,0.910894767688729,-0.0010753,-0.0005751,-0.0005048,-0.0024097, 0.0021263,buy
2015-08-02,2,1,2,3,2,2,2,2,1,2,3,2,3,4,4,2,1,0.819252812223063,0.879036386128055,0.908851690379221, 0.0035264, 0.0027614, 0.0034461, 0.0015531, 0.0074906,buy
2015-08-03,1,1,4,2,4,0,4,0,1,1,3,3,2,3,4,2,1,0.806536356756127,0.873524790626911,0.906757779093481,-0.0051866,-0.0065092,-0.0019528,-0.0043083,-0.0088903,sell
2015-08-04,3,2,4,6,4,0,4,0,0,3,5,4,3,4,6,1,3,0.793567625959778,0.867910108205719,0.904614528948454, 0.0004480,-0.0010027,-0.0016032,-0.0018403,-0.0017582,buy
2015-08-05,4,3,3,6,3,0,3,1,0,4,5,4,3,5,6,1,3,0.780374919951097,0.86219411622517,0.902427920411935,-0.0001375,-0.0032676,-0.0032795,-0.0030439,-0.0022784,sell
2015-08-06,3,4,4,3,2,0,3,0,1,3,5,3,2,5,5,0,3,0.766994624594904,0.856380369406646,0.900191225457655, 0.0031523,-0.0022545, 0.0012775,-0.0010005,-0.0012287,buy
2015-08-07,3,3,2,3,1,1,4,0,1,4,5,3,0,5,5,1,3,0.753455848583054,0.850471533791182,0.897909676994935,-0.0021344,-0.0066921,-0.0055536,-0.0059001,-0.0076441,sell
2015-08-08,3,2,1,4,2,1,3,1,1,5,4,3,1,5,5,3,2,0.73978527488308,0.844466720698432,0.895578789672928,-0.0083069,-0.0127364,-0.0135506,-0.0129562,-0.0158029,sell
2015-08-09,2,3,2,3,2,0,3,1,2,3,3,3,2,4,4,4,1,0.726011203612065,0.838373928251504,0.893204543959429,-0.0118312,-0.0116033,-0.0104194,-0.0062018,-0.0121761,sell
2015-08-10,2,3,3,2,2,1,3,0,3,1,4,2,3,2,4,4,1,0.712157892013222,0.83218515832729,0.890786939854436, 0.0021711, 0.0079799, 0.0001605, 0.0112549, 0.0076789,buy
2015-08-11,1,2,3,3,0,2,1,2,0,2,3,0,2,2,4,4,1,0.698245554455894,0.825909297729244,0.888322987124053, 0.0164604, 0.0198313, 0.0201805, 0.0210552, 0.0196720,buy
2015-08-12,1,3,3,3,0,1,3,1,0,2,3,1,2,1,4,5,1,0.68429763960852,0.81954723513771,0.885815676002177, 0.0078723, 0.0118877, 0.0110243, 0.0060937, 0.0181191,buy
2015-08-13,1,3,4,1,2,1,2,0,0,1,2,1,2,2,3,5,0,0.670334361840446,0.813098081872343,0.88326724916423,-0.0000092, 0.0001700,-0.0007528,-0.0002630, 0.0045583,buy
2015-08-14,1,2,4,1,1,1,1,0,0,1,1,0,1,3,2,4,1,0.656367849773276,0.806568947375905,0.880672473700893,-0.0012402,-0.0015414,-0.0011645,-0.0016760, 0.0021511,buy
2015-08-15,2,1,3,2,0,2,2,0,0,1,2,1,2,2,1,4,1,0.642426403524092,0.799950944844943,0.878036582521485,-0.0078123,-0.0056524,-0.0075378,-0.0092178,-0.0091975,sell
2015-08-16,0,1,4,1,2,2,3,1,0,0,1,2,3,2,0,5,1,0.628522151714502,0.793266291288089,0.87536032318448,-0.0093492,-0.0105969,-0.0098131,-0.0117293,-0.0095693,sell
2015-08-17,0,2,3,1,3,0,3,1,1,1,2,1,1,3,2,5,1,0.614672074414754,0.786498101778783,0.872641453014455,-0.0069991,-0.0057023,-0.0057958,-0.0073868,-0.0031748,sell
2015-08-18,0,2,2,1,3,0,2,4,2,2,2,2,2,4,3,3,2,0.600892343120322,0.779653485759786,0.869884457362255,-0.0024906, 0.0024947, 0.0024254, 0.0078744,-0.0038918,sell
2015-08-19,0,1,1,2,2,1,2,3,1,2,1,1,2,2,3,4,2,0.587196703602362,0.772735997952481,0.86708559843551,-0.0119905, 0.0055757,-0.0051901,-0.0040769,-0.0053179,sell
2015-08-20,1,2,2,2,2,0,2,1,1,2,2,2,3,1,3,3,1,0.573598093057254,0.765747415717556,0.864248614026589, 0.0156220, 0.0138451, 0.0156945, 0.0165509, 0.0146897,buy
2015-08-21,1,2,2,1,3,0,1,1,1,3,1,3,2,2,2,3,2,0.560118343003888,0.758687739055013,0.861372009018545, 0.0056048, 0.0057312, 0.0020116,-0.0100530, 0.0026097,buy
2015-08-22,2,4,1,2,3,0,1,2,0,3,2,2,2,2,3,4,3,0.54676715633955,0.751565854768303,0.858457278528326, 0.0007662, 0.0011637,-0.0011757, 0.0015508,-0.0005302,buy
2015-08-23,2,3,2,2,3,0,1,2,1,3,3,2,2,4,4,3,1,0.533560704559715,0.744370210012939,0.855505170114406,-0.0153379,-0.0178962,-0.0150691,-0.0170523,-0.0146978,sell
2015-08-24,1,3,3,3,2,0,2,1,1,1,2,2,1,4,4,3,1,0.520511924860763,0.737114134994099,0.852512693542889,-0.0170027,-0.0219772,-0.0231900,-0.0194368,-0.0211831,sell
2015-08-25,2,3,2,4,4,0,1,2,2,1,2,3,2,5,5,3,1,0.507636988738171,0.729794963670748,0.849490314632411,-0.0120868,-0.0111621,-0.0105580,-0.0098286,-0.0143092,sell
2015-08-26,3,3,1,2,5,0,0,4,2,2,2,3,3,4,4,4,2,0.494956919136054,0.722418028124956,0.846426072447387, 0.0108991, 0.0097664, 0.0095024, 0.0096823,-0.0046999,buy
2015-08-27,2,3,1,1,4,2,2,3,2,0,3,3,4,3,4,2,1,0.482474950353509,0.714980662315688,0.84332968524798,-0.0022750, 0.0113665, 0.0001527, 0.0152682, 0.0094185,buy
2015-08-28,2,3,1,1,3,3,3,2,2,0,2,3,3,4,3,3,2,0.470214531058974,0.707486420964325,0.840195172566398, 0.0094117, 0.0207690, 0.0115591, 0.0150061, 0.0148725,buy
2015-08-29,3,4,0,1,2,2,1,4,1,1,3,2,2,4,5,2,1,0.458197492771341,0.699937970111903,0.837028514870433,-0.0047005,-0.0018344,-0.0035841, 0.0009023,-0.0017139,buy
2015-08-30,3,4,0,1,4,1,2,1,2,0,2,2,2,4,4,2,2,0.446432729813122,0.692336198438766,0.833828964601611, 0.0035357, 0.0068415, 0.0047575,-0.0002761, 0.0034630,buy
2015-08-31,2,3,1,3,4,1,2,1,0,0,3,2,3,3,3,1,2,0.434946116577077,0.684689104068023,0.830593531526036,-0.0004629,-0.0055129,-0.0010101,-0.0041684, 0.0005706,sell
2015-09-01,3,3,3,3,3,1,2,1,0,1,3,2,4,5,3,2,1,0.423755441708227,0.676981579433804,0.827325953436078,-0.0036409,-0.0049180,-0.0042378,-0.0038231,-0.0021985,sell
2015-09-02,3,5,3,0,4,1,1,1,1,0,3,2,4,4,3,2,1,0.412882536725466,0.669234064184049,0.824026230331737, 0.0018762, 0.0050548,-0.0028709, 0.0064093, 0.0045684,buy
2015-09-03,1,3,3,0,3,1,2,0,1,2,2,2,3,4,2,2,1,0.402353276021553,0.661436782834961,0.820693614654538, 0.0010837,-0.0048959,-0.0068924,-0.0022316,-0.0011766,sell
2015-09-04,1,3,2,1,3,2,2,1,0,3,3,1,3,5,3,3,0,0.39218949111538,0.653596844829302,0.817331096638379,-0.0083405,-0.0092691,-0.0088645,-0.0092691,-0.0125888,sell
2015-09-05,1,3,2,0,3,1,1,1,3,3,2,2,4,4,2,3,1,0.382421099273576,0.645715138847417,0.813936433607837,-0.0007200,-0.0042127,-0.0057652, 0.0031456,-0.0048257,buy
2015-09-06,1,3,2,0,3,1,0,3,4,1,1,3,3,3,4,2,2,0.373078017762771,0.637791664889306,0.81051485847223, 0.0124816, 0.0129193, 0.0102603, 0.0113630, 0.0045185,buy
2015-09-07,1,2,3,1,2,1,2,2,2,1,1,3,2,4,4,1,2,0.364196632447782,0.629832643717386,0.807056652971395, 0.0042354,-0.0004312,-0.0050316,-0.0058008,-0.0001994,buy
2015-09-08,1,2,3,2,3,1,3,2,1,2,1,3,2,4,5,3,2,0.355804434870919,0.621836297970965,0.80357602071634,-0.0041996,-0.0035878,-0.0089265,-0.0088637,-0.0041865,sell
2015-09-09,1,3,3,0,4,0,2,1,1,1,1,1,1,4,4,3,2,0.347946705219512,0.613805293691081,0.800064738563851,-0.0064525,-0.0090068,-0.0073935,-0.0101226,-0.0068801,sell
2015-09-10,2,2,3,0,4,0,1,1,1,1,0,2,1,4,3,3,2,0.340669532255665,0.605741408238422,0.796525796747822,-0.0052817,-0.0041100,-0.0054473,-0.0067993,-0.0048113,sell
2015-09-11,2,1,2,2,2,1,1,1,1,2,1,2,1,3,3,4,1,0.334019004741482,0.597649973695062,0.79295844770978,-0.0051010,-0.0043742,-0.0025600,-0.0104846,-0.0051010,sell
2015-09-12,1,1,2,1,3,2,2,1,1,1,1,1,1,3,2,5,2,0.328042828588617,0.589529212700309,0.789366429242095,-0.0113632,-0.0107565,-0.0114812,-0.0113198,-0.0114812,sell
2015-09-13,0,2,2,0,3,1,3,2,2,1,0,2,0,4,3,4,3,0.322799221180778,0.581380902614853,0.785746751110872,-0.0095109,-0.0073604,-0.0101587,-0.0073350,-0.0090456,sell
2015-09-14,0,2,2,0,3,1,2,3,2,2,1,2,1,4,3,4,2,0.318350442775546,0.573211264201112,0.782101655991532,-0.0119246,-0.0057407,-0.0074240,-0.0067710,-0.0118938,sell
2015-09-15,0,1,1,2,3,2,2,4,3,2,2,3,2,4,3,4,2,0.314763605079143,0.565014076696668,0.778433386559497,-0.0043316, 0.0045456, 0.0055926, 0.0042224,-0.0044726,sell
2015-09-16,0,1,1,2,2,2,2,2,2,1,1,2,1,3,3,4,1,0.312108245522113,0.556802670306701,0.774739700139345,-0.0110205,-0.0041577,-0.0103091,-0.0091517,-0.0110205,sell
2015-09-17,0,1,2,1,2,1,1,1,3,2,1,1,1,4,2,3,2,0.310454710109772,0.548569935588449,0.771019849172602,-0.0088560,-0.0080471,-0.0092682,-0.0091435,-0.0089677,sell
2015-09-18,1,3,1,1,2,1,1,2,2,4,0,2,1,5,4,3,3,0.309879004870854,0.540321204623982,0.767279814127061, 0.0010970, 0.0005807,-0.0070197, 0.0015050, 0.0006646,buy
2015-09-19,1,5,1,2,0,1,2,3,2,5,1,4,2,5,5,3,2,0.310459561558415,0.532060032134681,0.763515109651877, 0.0008912, 0.0014338,-0.0003900, 0.0020613, 0.0047409,buy
2015-09-20,0,4,3,1,0,1,2,2,2,4,2,3,1,4,4,3,2,0.312267534752544,0.523786418120548,0.759727230863998, 0.0008875, 0.0018467,-0.0005769, 0.0014357, 0.0051251,buy
2015-09-21,0,4,4,2,0,1,2,2,3,2,2,3,1,3,5,4,2,0.315371653309011,0.515503028622617,0.755919915555795,-0.0055193,-0.0081426,-0.0082238,-0.0045886,-0.0002867,sell
2015-09-22,1,3,2,3,1,1,1,4,3,3,1,3,2,4,5,4,3,0.319822048863791,0.507210752321233,0.752089425934897, 0.0022714, 0.0038671, 0.0003222, 0.0044674, 0.0099523,buy
2015-09-23,0,2,1,2,2,1,1,3,2,3,1,3,1,3,5,3,1,0.325662384454665,0.498912255257433,0.748237257118252, 0.0053778, 0.0051966, 0.0048240, 0.0066112, 0.0029712,buy
2015-09-24,0,2,1,1,1,1,4,2,3,2,2,2,1,4,5,2,1,0.332899937254598,0.490610203472252,0.744361913988912, 0.0013429, 0.0004923,-0.0005277, 0.0104635,-0.0041126,buy
2015-09-25,0,2,1,2,0,2,2,4,2,3,1,3,0,4,5,4,1,0.341520961492435,0.482307263006726,0.740479095274832, 0.0037095, 0.0049446, 0.0024133, 0.0029392, 0.0016404,buy
2015-09-26,1,3,1,2,1,2,3,3,2,3,2,3,2,4,6,4,0,0.351464005485371,0.47400609990189,0.736569364455688,-0.0007135, 0.0024679,-0.0003362,-0.0000378,-0.0011889,buy
2015-09-27,0,2,2,2,4,0,3,1,1,2,1,2,2,3,4,3,2,0.362629614536234,0.465704048116709,0.732640944674692, 0.0026950, 0.0007374,-0.0018218,-0.0008737, 0.0038214,buy
2015-09-28,1,0,2,5,4,0,3,1,1,3,2,3,3,3,4,3,2,0.374852030816402,0.457406439733254,0.728694583490321, 0.0020019, 0.0006761,-0.0007450, 0.0031627,-0.0005181,buy
2015-09-29,1,1,3,4,3,1,2,2,0,1,2,3,4,1,3,3,2,0.387933153506304,0.44911416343187,0.724729533344098, 0.0105631, 0.0205722, 0.0124122, 0.0115107, 0.0096980,buy
2015-09-30,0,2,3,2,3,1,5,1,1,1,3,4,4,2,2,2,2,0.401618281552205,0.440831662614284,0.720748784469921, 0.0033746, 0.0111884, 0.0023951, 0.0040210, 0.0025432,buy
2015-10-01,0,2,0,3,2,2,4,2,0,3,2,4,3,2,2,3,2,0.415606625138266,0.432557159919806,0.716749346633894, 0.0035051, 0.0071054, 0.0047843, 0.0049117, 0.0048600,buy
2015-10-02,0,0,0,2,3,2,2,1,2,5,2,2,4,3,3,3,0,0.429588500126138,0.42429509875016,0.712733462511438,-0.0041596,-0.0082887,-0.0021715, 0.0008824,-0.0040463,sell
2015-10-03,0,2,0,2,4,1,2,0,3,2,1,1,4,4,3,2,1,0.443233199433351,0.416046367785693,0.708702627219501, 0.0018520, 0.0013515,-0.0095800, 0.0028231,-0.0001128,buy
2015-10-04,0,1,1,2,3,2,2,1,4,1,2,2,4,4,2,1,2,0.456213250276533,0.407810967026404,0.704655345641136, 0.0075646, 0.0048217, 0.0037709, 0.0085636, 0.0057280,buy
2015-10-05,0,1,0,4,1,2,3,3,2,3,3,2,3,4,3,2,2,0.46823352286326,0.399595117234711,0.700594608010239,-0.0044756,-0.0010753, 0.0012293,-0.0010423,-0.0027948,sell
2015-10-06,1,2,1,3,1,1,4,3,1,2,3,2,3,3,4,2,2,0.479032847541609,0.391396152369577,0.696519666768335, 0.0070196, 0.0102730, 0.0115281, 0.0143774, 0.0116311,buy
2015-10-07,1,2,1,2,2,2,4,1,1,2,3,1,2,4,4,3,1,0.488388866248795,0.383230068677217,0.692430521915424, 0.0101721, 0.0092295, 0.0001796, 0.0093517, 0.0106134,buy
2015-10-08,2,2,1,4,0,2,2,1,1,3,2,0,1,4,5,4,2,0.496148758352577,0.375079092550726,0.688327921009981,-0.0009210,-0.0000199,-0.0020606, 0.0009569, 0.0002998,buy
2015-10-09,4,1,2,3,0,3,2,1,1,3,3,1,2,5,4,3,2,0.502196089085534,0.366958331555973,0.684213359168954,-0.0014647, 0.0021432, 0.0006905, 0.0026312, 0.0041169,buy
2015-10-10,3,1,2,2,1,2,2,1,1,2,3,1,1,5,3,3,1,0.506477492512598,0.358865119651922,0.680086836392343, 0.0018334, 0.0001947,-0.0013713,-0.0015677,-0.0000437,buy
2015-10-11,1,2,1,2,1,3,3,1,2,1,1,1,3,4,4,2,2,0.508972754264423,0.350803011559954,0.675949100238621,-0.0022034, 0.0013925, 0.0017017, 0.0040750,-0.0007414,buy
2015-10-12,1,1,1,3,1,4,3,3,1,2,2,1,5,3,4,3,2,0.50971583448151,0.342772895960415,0.671799403149314, 0.0007030, 0.0037063, 0.0044874, 0.0040012, 0.0045738,buy
2015-10-13,1,1,1,3,0,4,2,5,2,1,2,1,4,2,5,3,3,0.508768993421436,0.334781882296066,0.667638492682898, 0.0106953, 0.0117027, 0.0083185, 0.0086898, 0.0092787,buy
2015-10-14,1,1,2,2,0,3,2,2,5,1,3,1,4,3,4,2,2,0.506219557159768,0.326824638484836,0.663470106631741, 0.0035510, 0.0069559, 0.0048015, 0.0056324, 0.0053989,buy
2015-10-15,1,2,1,2,2,2,1,1,4,1,2,1,4,4,2,3,1,0.502171831842321,0.318911828690867,0.659291254761948, 0.0108290, 0.0091744, 0.0058632, 0.0108290, 0.0092072,buy
2015-10-16,2,1,1,3,1,2,1,1,1,3,1,0,5,2,3,3,2,0.496748720834708,0.31103989819278,0.655101937073518, 0.0266801, 0.0263694, 0.0202005, 0.0203779, 0.0192603,buy
2015-10-17,1,1,2,2,1,2,2,0,1,4,2,1,4,2,1,3,3,0.490077170376408,0.30321506775299,0.650905143800348, 0.0206524, 0.0213136, 0.0154222, 0.0116272, 0.0093521,buy
2015-10-18,1,4,2,1,2,1,2,0,1,0,2,1,3,1,2,3,2,0.482287361005996,0.295433782650116,0.646702370059386,-0.0017877,-0.0033655, 0.0020563, 0.0041056, 0.0027253,buy
2015-10-19,3,1,5,1,2,1,2,2,1,1,4,1,4,3,2,3,2,0.473506238962954,0.287702263646575,0.642489878058262, 0.0035707, 0.0063340, 0.0017886, 0.0091798, 0.0009447,buy
2015-10-20,3,0,4,3,2,1,1,4,0,2,5,3,3,4,1,2,2,0.463863176211083,0.280024065463749,0.638269910472397, 0.0150831, 0.0160229, 0.0139034, 0.0162172, 0.0103433,buy
2015-10-21,3,0,2,3,4,1,4,2,1,1,6,3,3,4,1,1,3,0.453477033242126,0.272401854142672,0.634045457535688, 0.0072541, 0.0073859, 0.0077188, 0.0063444, 0.0067943,buy
2015-10-22,3,0,2,0,4,2,5,3,1,1,5,4,1,5,1,3,2,0.442454541926219,0.264835629683345,0.629814276572714, 0.0082857, 0.0103420, 0.0120247, 0.0083984, 0.0063141,buy
2015-10-23,4,0,1,0,1,3,4,5,1,2,5,3,1,4,3,3,2,0.430899199834404,0.257326280766114,0.625576367583472, 0.0081219, 0.0124813, 0.0115103, 0.0103627, 0.0072248,buy
2015-10-24,4,1,1,0,2,4,5,3,1,1,5,4,1,3,3,4,2,0.418914504537722,0.249883582874774,0.621335468360335, 0.0108925, 0.0129483, 0.0175524, 0.0119037, 0.0104394,buy
2015-10-25,3,0,2,0,2,1,5,3,0,2,4,3,1,3,3,3,1,0.40657727063968,0.242496871845185,0.617087093552458, 0.0059158, 0.0067251, 0.0088695, 0.0075840,-0.0008456,buy
2015-10-26,4,1,2,2,5,1,5,4,0,1,5,4,4,3,3,4,2,0.393963504169012,0.235180366562869,0.612837223627632, 0.0131582, 0.0112335, 0.0199733, 0.0102860, 0.0119392,buy
2015-10-27,3,1,3,4,3,1,4,4,1,0,5,4,4,3,3,3,2,0.381145976855356,0.227931400986791,0.608581373235015, 0.0144671, 0.0147714, 0.0214997, 0.0110157, 0.0180848,buy
2015-10-28,3,0,5,2,2,1,4,3,0,0,4,4,2,2,2,4,2,0.368181288932875,0.220753529838331,0.604322532608501, 0.0279536, 0.0280625, 0.0306281, 0.0286101, 0.0297819,buy
2015-10-29,3,3,1,2,3,1,2,2,0,1,3,4,3,2,2,3,1,0.355127657785281,0.213648530478181,0.600061449306565,-0.0044637,-0.0003924,-0.0003765, 0.0147751, 0.0037882,buy
2015-10-30,2,3,1,1,3,0,2,1,1,4,2,5,4,1,1,3,2,0.342028746450357,0.206617291586685,0.595796628212259, 0.0214490, 0.0211651, 0.0178551, 0.0224478, 0.0309575,buy
2015-10-31,2,0,2,0,2,0,1,2,0,2,2,3,2,0,2,1,1,0.328927409391111,0.199665145245916,0.591530312001005, 0.0257453,-0.0038340, 0.0079676, 0.0085690, 0.0137582,buy
2015-11-01,1,0,2,2,0,1,0,2,3,1,2,3,3,1,1,1,1,0.315868118220101,0.192788536734491,0.587261753114329, 0.0148767, 0.0030348, 0.0115555, 0.0148767, 0.0153808,buy
2015-11-02,1,1,2,2,1,0,1,3,3,1,2,3,3,1,3,2,1,0.302867853007575,0.185996352855863,0.582992446669179, 0.0221158, 0.0005929, 0.0194263, 0.0220689, 0.0235066,buy
2015-11-03,1,1,3,0,2,0,2,5,1,0,3,3,2,2,2,2,1,0.289969468216543,0.179287704929688,0.578722392665554, 0.0155156,-0.0047941, 0.0112800, 0.0121102, 0.0042622,buy
2015-11-04,1,1,2,1,1,0,4,2,1,0,2,3,1,3,2,1,1,0.277193178216349,0.172667925038036,0.57445233866193, 0.0084435, 0.0165979, 0.0283858, 0.0180045, 0.0180749,buy
2015-11-05,1,1,2,2,0,1,3,2,1,1,1,3,2,4,2,1,1,0.264562431675432,0.166135235820216,0.57018303221678,-0.0108287,-0.0097126, 0.0035749,-0.0109412,-0.0097113,sell
2015-11-06,3,1,2,0,2,1,1,3,2,0,3,4,2,3,1,2,0,0.252099060112683,0.159694080677957,0.565914473330104,-0.0298607,-0.0306507,-0.0155763,-0.0148332,-0.0304983,sell
2015-11-07,4,3,1,0,2,0,1,2,3,0,2,4,2,4,2,1,1,0.239818426448804,0.153348014332637,0.561647409560376,-0.0157516,-0.0200898,-0.0114670,-0.0104574,-0.0171788,sell
2015-11-08,2,3,1,0,2,1,1,2,4,1,2,3,2,6,1,2,1,0.227737510754044,0.147097036784257,0.55738258846607,-0.0140641,-0.0219709,-0.0185941,-0.0124550,-0.0124699,sell
2015-11-09,1,2,1,1,1,1,3,4,4,1,2,4,2,5,2,2,2,0.215871675949105,0.140947368795234,0.553118514930238,-0.0045161,-0.0042621, 0.0054284,-0.0050467,-0.0052833,sell
2015-11-10,1,2,1,0,2,0,3,3,4,0,2,3,1,4,2,2,2,0.204233859230366,0.134896344324532,0.548859674303724,-0.0109550,-0.0135821, 0.0017945,-0.0085794,-0.0107185,sell
2015-11-11,1,3,1,0,4,0,0,4,6,0,3,3,3,4,1,3,2,0.192837806368982,0.128950184134568,0.544601581235684, 0.0054106,-0.0050688, 0.0105482, 0.0039486, 0.0061537,buy
2015-11-12,2,4,0,1,3,0,0,4,7,1,3,3,4,4,2,3,3,0.181689985963142,0.123109776905686,0.540348721076963, 0.0053951, 0.0034637, 0.0098695, 0.0062579, 0.0122367,buy
2015-11-13,2,2,1,1,3,0,1,2,5,2,3,2,3,3,2,4,2,0.170804952358774,0.117376011318233,0.536100346269085, 0.0095480,-0.0015329, 0.0081768, 0.0075515, 0.0070570,buy
2015-11-14,0,4,1,0,2,0,1,2,3,2,4,2,3,2,1,2,1,0.160189174154069,0.11175599681497,0.531856456812052,-0.0041213,-0.0063729,-0.0045022,-0.0060349,-0.0064569,sell
2015-11-15,1,6,0,0,2,0,1,1,5,2,3,2,4,2,3,2,2,0.149855588545406,0.106249733395896,0.527617800264337,-0.0092912,-0.0106945,-0.0039659,-0.0039649,-0.0101399,sell
2015-11-16,1,5,1,0,1,0,0,3,3,1,2,1,4,2,3,1,2,0.13981147270575,0.100857221061013,0.52338437662594, 0.0068940,-0.0019237, 0.0035302, 0.0102175,-0.0012913,buy
2015-11-17,0,4,2,1,2,0,1,4,3,1,1,1,6,4,3,0,3,0.130064912382838,0.0955837918923915,0.519156185896861, 0.0045917,-0.0065757, 0.0044448, 0.0023296, 0.0031382,buy
2015-11-18,0,3,1,1,3,0,2,3,3,1,1,1,5,5,2,1,2,0.120623184749633,0.0904347779721026,0.514936218310996, 0.0120351, 0.0047575, 0.0078020, 0.0051819, 0.0055571,buy
2015-11-19,1,3,0,2,3,1,0,5,1,2,1,1,4,5,2,3,2,0.111496801278195,0.0853995151360037,0.510722978751398,-0.0058703,-0.0086398,-0.0096335,-0.0095722,-0.0093770,sell
2015-11-20,1,3,0,2,3,2,1,3,2,2,1,1,3,5,3,4,2,0.102692230566714,0.0804922222696185,0.50651721477654,-0.0069371,-0.0076255,-0.0097201,-0.0093803,-0.0092279,sell
2015-11-21,1,1,1,2,1,3,2,3,2,1,1,2,2,3,4,4,1,0.0942159412133797,0.0757128993729472,0.502319673944896,-0.0029959, 0.0017649,-0.0011074,-0.0078420,-0.0002810,sell
2015-11-22,2,0,1,3,2,3,1,4,2,3,1,2,4,4,4,4,2,0.0860752103911561,0.0710615464459896,0.498128861139518,-0.0020727,-0.0037544,-0.0015454,-0.0014470, 0.0009522,sell
2015-11-23,2,1,0,4,4,2,1,3,3,2,3,2,4,3,4,4,2,0.0782805495721023,0.0665461616118529,0.493948514152777, 0.0038007, 0.0035631, 0.0034158, 0.0080408, 0.0105798,buy
2015-11-24,2,0,2,5,4,1,2,3,3,2,3,3,4,3,5,4,2,0.0708327673309917,0.0621605241081204,0.489774895192302, 0.0072781, 0.0042674, 0.0050885, 0.0169313, 0.0136739,buy
2015-11-25,2,1,1,5,2,2,2,4,2,3,3,2,5,2,5,4,3,0.0637448008642047,0.0579117433775541,0.485612489608937, 0.0108306, 0.0122653, 0.0218777, 0.0001804, 0.0250504,buy
2015-11-26,2,2,2,3,2,2,1,3,3,4,3,2,6,1,5,4,3,0.0570255444942527,0.0538007081004991,0.481459054727261, 0.0213578, 0.0213270, 0.0203331, 0.0089590, 0.0214981,buy
2015-11-27,2,2,1,2,1,1,2,1,4,3,2,3,5,1,4,3,1,0.0506741896463618,0.0498238635555745,0.477315338105747, 0.0110247, 0.0072066, 0.0110066, 0.0124262, 0.0122117,buy
2015-11-28,2,1,1,2,2,2,2,1,3,3,1,3,4,2,5,3,1,0.0447085249655547,0.045990985226578,0.473182087302869, 0.0176026, 0.0128797, 0.0306829, 0.0112773, 0.0106369,buy
2015-11-29,1,1,1,3,1,1,2,1,4,4,2,2,4,3,4,3,1,0.0391269333022841,0.0422985183921285,0.469060049877101, 0.0034320,-0.0043089, 0.0018522, 0.0045764, 0.0048154,buy
2015-11-30,1,1,2,1,3,0,2,2,3,2,2,2,4,3,4,2,0,0.0339375004042874,0.0387562385360236,0.464949973386918, 0.0099759, 0.0056641, 0.0096007, 0.0016699, 0.0069103,buy
2015-12-01,1,1,2,1,2,0,2,2,4,3,2,3,3,3,4,2,1,0.0291539720427186,0.035355258854811,0.46085185783232, 0.0031109, 0.0010924, 0.0145826, 0.0039273, 0.0008736,buy
2015-12-02,1,1,1,2,0,2,3,2,3,4,2,2,2,4,5,3,1,0.0247779653671253,0.0321026887912526,0.456764955654831,-0.0040432,-0.0157979, 0.0057485,-0.0123213,-0.0160913,sell
2015-12-03,2,0,2,0,1,2,2,1,1,4,2,2,2,3,2,3,1,0.0208199918495663,0.0289994170256936,0.452691509529875, 0.0058483, 0.0109933, 0.0170626, 0.0181290, 0.0160091,buy
2015-12-04,2,1,1,0,1,1,2,0,1,2,2,1,0,3,1,3,1,0.0172832857891367,0.0260516643205506,0.448631519457452, 0.0218165, 0.0230205, 0.0184164, 0.0294472, 0.0190124,buy
2015-12-05,2,1,1,0,1,2,2,0,2,3,1,2,1,4,2,3,1,0.0141783586578953,0.023253209913407,0.444585732996035, 0.0117568, 0.0191691, 0.0226199, 0.0255317, 0.0221814,buy
2015-12-06,1,0,1,1,0,2,2,1,1,3,2,2,1,3,1,3,0,0.0115116790540322,0.020608497205989,0.44055340258715, 0.0140970, 0.0145862, 0.0207812, 0.0304763, 0.0202489,buy
2015-12-07,1,0,3,1,0,1,3,3,1,2,4,1,3,2,2,2,1,0.00929214130005889,0.0181210809196775,0.436534528230798,-0.0066412,-0.0146315,-0.0030802,-0.0065201,-0.0065201,sell
2015-12-08,1,0,3,0,1,1,3,2,3,1,3,2,2,3,1,3,1,0.00752055397074901,0.0157874063330916,0.432532847719349,-0.0127558, 0.0016210,-0.0042553, 0.0015180,-0.0042553,sell
2015-12-09,0,2,2,1,1,1,3,3,2,1,2,3,2,3,1,5,0,0.00620419423906647,0.0136172489300289,0.428545370818905, 0.0028911,-0.0012221, 0.0080957, 0.0057734, 0.0072033,buy
2015-12-10,1,2,3,1,0,1,4,3,2,3,3,3,2,4,2,5,1,0.00535114785274885,0.0116026105873822,0.424573592646417, 0.0000072, 0.0009642, 0.0080617, 0.0002245,-0.0055302,buy
2015-12-11,1,2,3,0,0,1,2,2,2,3,4,2,1,2,2,4,1,0.00496788340998625,0.00974882338722294,0.420619008318831, 0.0041309, 0.0076047, 0.0011821,-0.0047813,-0.0056380,buy
2015-12-12,0,4,2,0,0,1,2,2,4,2,4,1,3,1,2,4,2,0.00505359233600488,0.00805677600989638,0.416680870277673, 0.0116390, 0.0116008, 0.0116873, 0.0086593,-0.0008511,buy
2015-12-13,1,2,2,1,0,1,4,3,4,4,5,2,5,2,4,3,1,0.00561959467763743,0.00652557977505727,0.412759926081418, 0.0049944,-0.0017751,-0.0008200,-0.0018187,-0.0009364,buy
2015-12-14,0,3,2,2,0,1,4,3,4,2,6,2,5,2,4,2,0,0.00665942183669379,0.00516056676477701,0.408856175730066, 0.0054838, 0.0028812, 0.0011034, 0.0030772, 0.0037659,buy
2015-12-15,0,2,1,2,2,1,5,0,6,2,5,2,3,2,3,4,2,0.00818035098613782,0.00395818225767467,0.404964386314297, 0.0112807, 0.0130187, 0.0100815, 0.0104483, 0.0097300,buy
2015-12-16,2,2,1,2,2,1,3,2,4,1,4,2,3,3,2,4,2,0.010183999275517,0.00292109229478597,0.401103994354438,-0.0013466,-0.0112439,-0.0073679,-0.0052261,-0.0110835,sell
2015-12-17,2,0,1,2,2,1,3,2,4,2,2,2,3,3,3,4,2,0.0126679409805101,0.00205107423680135,0.397256310888638,-0.0014269,-0.0187055,-0.0187055,-0.0059663,-0.0133570,sell
2015-12-18,1,1,1,2,2,2,3,1,3,2,3,1,1,3,3,4,3,0.0156289418020221,0.00134635072303036,0.393428063943162, 0.0093891, 0.0097575, 0.0086953,-0.0047522,-0.0011578,buy
2015-12-19,2,0,1,2,2,1,3,1,2,2,1,0,2,3,3,4,3,0.0190572988427678,0.000809587794508699,0.389618505959536,-0.0144355,-0.0121346,-0.0038793,-0.0097479,-0.0084857,sell
2015-12-20,2,1,0,2,3,1,2,2,3,2,3,2,2,4,2,3,2,0.0229530121027472,0.000433676008474487,0.385829132054709,-0.0174690,-0.0177091,-0.0186026,-0.0208868,-0.0233897,sell
2015-12-21,1,2,1,2,2,0,3,1,3,1,3,1,2,3,2,4,1,0.0272999100864852,0.00023105688976101,0.382059942228681,-0.0106326,-0.0061753,-0.0168146,-0.0084972,-0.0204345,sell
2015-12-22,1,2,3,2,2,1,3,3,2,1,4,2,3,3,1,5,2,0.0320874813219227,0.00019195495457069,0.378310936481452, 0.0044712, 0.0022029, 0.0067989, 0.0019918,-0.0017995,buy
2015-12-23,1,3,1,3,1,1,2,3,2,3,4,3,4,3,2,3,1,0.0372938942901684,0.00032170228497494,0.374584357488443,-0.0053899,-0.0128125,-0.0140410,-0.0021563,-0.0155886,sell
2015-12-24,0,5,2,2,2,1,2,3,3,3,6,4,4,1,3,3,2,0.0428957003227831,0.000620298880973735,0.370876467457285,-0.0049988,-0.0001849, 0.0027762, 0.0059359, 0.0041453,buy
2015-12-25,0,4,3,2,2,1,2,3,3,2,5,4,5,1,3,1,3,0.0488645993026851,0.00108507870153141,0.367191004180347,-0.0097471,-0.0068195,-0.0060596, 0.0034510,-0.0025828,sell
2015-12-26,0,4,3,4,1,1,2,4,4,3,5,4,6,2,4,2,3,0.0551674396641504,0.00171693042699316,0.363528715216104,-0.0289977,-0.0190025,-0.0200554,-0.0067426,-0.0155768,sell
2015-12-27,0,4,3,3,1,0,2,5,4,2,6,3,6,1,4,2,2,0.0617605583693958,0.00251407669666855,0.359884367655238,-0.0152414,-0.0142809,-0.0121270,-0.0022927,-0.0055062,sell
2015-12-28,0,4,3,2,2,0,4,5,2,1,5,2,5,2,4,3,2,0.0685913980581268,0.00348096091228372,0.356265437082489,-0.0126341,-0.0042126,-0.0015024,-0.0122739,-0.0019720,sell
2015-12-29,0,4,2,3,0,0,4,3,3,2,4,3,2,2,4,4,2,0.0756057842205016,0.00461136231142206,0.35266893326396,-0.0092581,-0.0135758,-0.0076802, 0.0002260,-0.0134523,sell
2015-12-30,0,1,1,3,1,1,2,4,2,3,1,3,2,3,4,3,2,0.0827341794259766,0.00590794693511925,0.3490963513166, 0.0093157, 0.0100627, 0.0117865, 0.0116991, 0.0125481,buy
2015-12-31,1,1,1,1,1,0,3,4,2,2,2,4,1,2,4,2,1,0.0899013862205922,0.0073707147833753,0.345546196123461, 0.0048193, 0.0078346,-0.0026089, 0.0056128, 0.0039153,buy
2016-01-01,2,2,0,1,1,0,3,3,4,1,2,3,2,3,4,1,2,0.0970184613792345,0.00899522245446404,0.342020710359964, 0.0015414,-0.0112273,-0.0059376,-0.0016227, 0.0014069,buy
2016-01-02,1,0,0,2,1,1,2,4,3,3,1,1,4,3,4,2,2,0.103995653102016,0.0107832473090759,0.338518398909163,-0.0099599,-0.0149496,-0.0146085, 0.0032183,-0.0055313,sell
2016-01-03,2,0,0,2,0,1,3,3,0,3,1,2,2,1,3,3,2,0.110734315266539,0.0127365667079015,0.335042252004952,-0.0265586,-0.0113781,-0.0111309,-0.0092430,-0.0137308,sell
2016-01-04,3,0,1,0,1,0,3,2,1,3,1,2,2,2,4,2,1,0.117134993175629,0.014848959888524,0.331593017205806, 0.0158405, 0.0108927, 0.0044106, 0.0120473, 0.0152239,buy
2016-01-05,2,1,0,0,1,0,2,0,2,3,1,1,2,2,3,2,0,0.12308852923483,0.0171230928919792,0.328163966485459, 0.0091611, 0.0063372, 0.0079375, 0.0070298, 0.0071236,buy
2016-01-06,4,1,0,1,0,0,2,1,1,4,1,2,3,2,3,2,1,0.128499511620837,0.0195580770379218,0.324763322987124, 0.0136926, 0.0171256, 0.0146549, 0.0171277, 0.0175538,buy
2016-01-07,4,0,1,0,0,0,1,2,0,5,1,2,2,2,3,2,1,0.133278997108537,0.0221485802442805,0.321388844035381, 0.0178240, 0.0177952, 0.0153831, 0.0179519, 0.0183611,buy
2016-01-08,2,2,0,0,0,0,1,2,2,4,2,2,2,2,2,2,1,0.137360682566481,0.0248963798717457,0.318039782071754,-0.0010038, 0.0075879, 0.0077211, 0.0122558, 0.0066537,buy
2016-01-09,3,2,1,0,0,0,3,3,2,3,1,2,2,3,3,4,2,0.140683924886638,0.0278005872399722,0.314719874888614,-0.0040441,-0.0102684,-0.0133183,-0.0049658,-0.0048377,sell
2016-01-10,3,0,4,0,0,0,1,6,0,3,2,1,3,3,3,3,2,0.143229318274437,0.0308594249882695,0.311424637135117,-0.0179597,-0.0127892,-0.0126246,-0.0128627,-0.0141070,sell
2016-01-11,2,1,4,1,0,0,3,5,3,2,4,2,3,3,3,3,3,0.144990394131688,0.0340711157559471,0.308157806603633,-0.0098712,-0.0235025,-0.0062891,-0.0113756,-0.0067620,sell
2016-01-12,1,1,4,0,1,0,2,8,3,0,4,2,3,3,3,3,2,0.145997878299794,0.0374321048216241,0.304916393060265,-0.0070554,-0.0087037,-0.0048865,-0.0095770,-0.0073694,sell
2016-01-13,2,0,5,0,0,0,2,7,1,1,3,2,4,3,3,3,0,0.146294625241764,0.0409432808656458,0.301706376972807,-0.0203159,-0.0186356,-0.0179203,-0.0226231,-0.0232383,sell
2016-01-14,0,1,4,1,0,1,2,6,1,2,4,2,3,2,4,2,1,0.145948555238594,0.0446037552076669,0.298524020548887,-0.0215169,-0.0333744,-0.0098931,-0.0203626,-0.0202979,sell
2016-01-15,1,2,5,0,1,0,3,5,0,2,4,2,4,2,3,2,2,0.14503163144515,0.0484073070852707,0.295369323788507,-0.0337315,-0.0355502,-0.0192800,-0.0345416,-0.0331780,sell
2016-01-16,1,1,6,1,1,0,1,6,0,3,5,1,4,2,3,3,2,0.143616625591068,0.0523583799001835,0.292244529367087,-0.0312579,-0.0357261,-0.0162727,-0.0297542,-0.0292628,sell
2016-01-17,1,1,3,3,2,1,1,6,1,2,6,2,5,2,3,1,2,0.141787629452821,0.0564498642096433,0.289147394609206,-0.0121137,-0.0182297,-0.0045463,-0.0012263, 0.0014996,sell
2016-01-18,1,0,4,2,2,1,2,4,1,2,5,2,3,2,2,2,3,0.139606903287988,0.0606799826529597,0.286080162190287,-0.0101828,-0.0117772,-0.0015363,-0.0041197,-0.0048012,sell
2016-01-19,1,1,2,1,2,0,0,4,0,3,4,2,2,2,1,2,1,0.137142367377566,0.0650505125908232,0.283039094317958, 0.0038075,-0.0011914,-0.0001129, 0.0004281, 0.0005286,buy
2016-01-20,1,2,1,1,2,2,2,3,1,4,4,3,3,2,4,2,1,0.13445789912868,0.0695561219411623,0.280030919018486, 0.0011332, 0.0103160, 0.0049079, 0.0096045, 0.0019767,buy
2016-01-21,1,1,2,1,0,1,2,3,0,3,3,2,3,1,3,1,1,0.131602821602531,0.074200365425358,0.277052646057975, 0.0139527, 0.0039913, 0.0172767, 0.0051845, 0.0056924,buy
2016-01-22,1,0,3,0,1,1,2,3,0,2,1,2,2,2,4,2,0,0.128629692159412,0.0789734675596127,0.274102032761003, 0.0087217,-0.0129609,-0.0072213,-0.0064694,-0.0082219,sell
2016-01-23,1,3,1,2,1,1,2,2,1,2,2,2,2,2,3,4,1,0.125588642435298,0.0838798717456526,0.271181321802991,-0.0143046,-0.0117949,-0.0110675,-0.0115488,-0.0140899,sell
2016-01-24,1,2,3,2,3,0,3,2,1,2,3,2,3,2,3,4,2,0.122519292594102,0.0889089138193349,0.268291260742415, 0.0080271, 0.0153764, 0.0244011,-0.0057596,-0.0184809,buy
2016-01-25,1,3,3,3,1,0,4,1,2,1,4,1,2,4,4,3,1,0.119465305673607,0.0940703692644571,0.265431849579274, 0.0127524, 0.0147853, 0.0078619, 0.0089441, 0.0089496,buy
2016-01-26,1,3,2,3,0,1,3,0,3,2,2,2,3,3,4,3,1,0.116467918987276,0.0993544625972216,0.262603088313568,-0.0086681,-0.0129519,-0.0073243,-0.0074562,-0.0119079,sell
2016-01-27,2,3,1,1,1,1,3,0,4,2,3,2,3,3,3,3,1,0.113565135549475,0.104756750415902,0.259803481828349,-0.0091761,-0.0095921,-0.0134243,-0.0039654,-0.0126061,sell
2016-01-28,2,4,0,1,1,0,3,1,3,2,3,2,2,3,2,3,2,0.110790915500702,0.110285230843607,0.257036767915986,-0.0092302,-0.0090224,-0.0115535,-0.0089435,-0.0092082,sell
2016-01-29,1,3,0,1,2,1,4,0,4,3,2,2,3,4,3,4,1,0.10817598468236,0.11592568499481,0.254299208784111,-0.0086068,-0.0081214,-0.0111299,-0.0020909,-0.0086368,sell
2016-01-30,1,2,0,2,1,1,5,1,5,3,3,3,3,3,5,4,0,0.105750260361077,0.121681667590894,0.251593047108145,-0.0128113,-0.0082776,-0.0090291,-0.0096180,-0.0143464,sell
2016-01-31,1,1,1,1,1,0,3,2,5,2,3,2,3,2,4,2,1,0.103540425504389,0.127552289951514,0.248919778005036,-0.0036819, 0.0006127, 0.0027769,-0.0024762,-0.0037927,sell
2016-02-01,3,0,1,0,2,0,6,1,7,2,2,3,3,5,5,3,1,0.10157558880415,0.133531331314252,0.246276411240887,-0.0030517,-0.0004164, 0.0018696,-0.0040445,-0.0004164,sell
2016-02-02,2,1,1,1,1,0,4,2,7,2,2,3,2,5,4,4,1,0.0998686874567413,0.139617014318418,0.243663694374174,-0.0009270, 0.0001710, 0.0035525,-0.0028844,-0.0026294,buy
2016-02-03,3,0,2,1,1,0,6,1,6,4,1,4,2,6,4,6,1,0.0984480215792436,0.145813782365738,0.241084617638792,-0.0075403, 0.0008148,-0.0003650, 0.0010967, 0.0004965,buy
2016-02-04,3,0,2,0,1,0,6,2,5,4,2,5,1,5,4,5,1,0.0973200597698473,0.15211097129207,0.238536938359318,-0.0024332, 0.0077001, 0.0131560, 0.0028184, 0.0073720,buy
2016-02-05,5,2,1,0,1,0,4,2,6,3,2,4,2,5,4,5,2,0.0965139107204078,0.158507692417068,0.236022151652702,-0.0022509, 0.0058764, 0.0098469, 0.0045403, 0.0068444,buy
2016-02-06,5,0,2,0,1,0,4,3,7,4,3,4,2,5,5,5,2,0.0960344258795677,0.165004834421078,0.233538014843521,-0.0051952,-0.0013146, 0.0075949,-0.0019832, 0.0018504,buy
2016-02-07,2,0,2,1,2,0,4,3,5,2,5,2,3,3,4,3,1,0.0958969681680283,0.171598842582718,0.231088265724145, 0.0030646,-0.0029779, 0.0064390, 0.0052022, 0.0039531,buy
2016-02-08,2,0,2,1,3,0,5,2,7,3,6,3,3,4,3,4,2,0.0961104319083012,0.178280830098537,0.22866841894373, 0.0066370, 0.0055138, 0.0065168, 0.0066953, 0.0072368,buy
2016-02-09,3,1,2,0,3,0,1,5,4,2,5,3,3,4,0,4,2,0.0966893714463139,0.18505701773095,0.226282212294646, 0.0073274,-0.0011559, 0.0088589, 0.0103110, 0.0058590,buy
2016-02-10,3,0,3,0,2,1,1,4,6,3,5,3,3,3,2,4,3,0.0976329782072927,0.191919407356851,0.223928150659945, 0.0095205, 0.0153147, 0.0092436, 0.0112693, 0.0131197,buy
2016-02-11,1,1,1,1,2,1,1,3,4,1,4,3,3,1,2,1,2,0.0989533808128441,0.198869776336931,0.221607729156575, 0.0093219, 0.0087483, 0.0032530, 0.0084534, 0.0100019,buy
2016-02-12,2,0,2,1,4,0,1,4,3,3,4,4,4,2,2,2,2,0.100659473585479,0.205901015228426,0.219318705109114,-0.0038042, 0.0039676,-0.0021812,-0.0075044, 0.0032291,sell
2016-02-13,1,2,1,2,4,0,0,3,2,2,5,2,3,1,2,1,3,0.102756916548615,0.213011346670648,0.21706257363451, 0.0118741, 0.0095798, 0.0060565, 0.0134404, 0.0100754,buy
2016-02-14,1,1,2,1,3,1,1,3,2,1,4,2,2,1,3,2,2,0.105244092552703,0.220204325384976,0.214840082291237, 0.0168565, 0.0145468, 0.0113868, 0.0122736, 0.0105000,buy
2016-02-15,1,2,2,2,0,1,1,4,1,0,4,1,2,1,2,2,2,0.108128278770708,0.227469287207269,0.212651978637769, 0.0103991, 0.0125986, 0.0094117, 0.0128521, 0.0103525,buy
2016-02-16,1,3,0,3,2,1,0,4,2,2,4,1,3,3,3,2,2,0.111413518076498,0.234808009498216,0.210490787089366, 0.0066804, 0.0074500, 0.0065584, 0.0065584, 0.0034271,buy
2016-02-17,1,2,0,1,3,1,1,3,2,1,3,1,3,2,3,1,2,0.115104661918716,0.242218714897126,0.208363983230768, 0.0073575, 0.0057960, 0.0007313, 0.0055170, 0.0026966,buy
2016-02-18,1,1,1,3,2,1,1,3,1,1,3,1,3,2,2,2,2,0.119200093147814,0.249694293961239,0.206270071945028, 0.0102542, 0.0107692, 0.0096325, 0.0100928, 0.0050735,buy
2016-02-19,1,2,1,4,1,1,1,3,2,1,4,1,3,2,3,3,1,0.12370789751153,0.257238301411935,0.204206810556722, 0.0048474, 0.0113838, 0.0087198, 0.0079721,-0.0033897,buy
2016-02-20,1,3,0,3,1,1,1,4,1,0,4,1,3,1,2,2,2,0.128623223561222,0.264843627806453,0.202177189299747, 0.0088982, 0.0102002, 0.0106577, 0.0106968, 0.0049744,buy
2016-02-21,1,2,2,1,2,0,3,2,1,1,3,2,4,2,1,2,1,0.133948497021211,0.272509384464446,0.200177470381733, 0.0037006, 0.0074931, 0.0031787, 0.0068353, 0.0062859,buy
2016-02-22,1,2,0,3,1,1,3,2,1,1,2,1,4,2,2,2,2,0.139687760765365,0.280235571385915,0.198210644036577,-0.0148327,-0.0137818,-0.0070684,-0.0133021,-0.0212232,sell
2016-02-23,2,3,1,2,2,1,3,2,1,1,2,1,5,3,3,3,1,0.145844249092779,0.288018633849479,0.196274467588855,-0.0069958, 0.0023179, 0.0020504, 0.0035542,-0.0005411,buy
2016-02-24,2,3,1,2,1,0,2,2,3,1,2,2,3,4,2,3,1,0.152413110554812,0.295854128453412,0.194370436155516,-0.0103485,-0.0158928,-0.0139895,-0.0096336,-0.0183936,sell
2016-02-25,1,3,1,0,2,0,2,2,3,0,1,2,4,2,2,2,1,0.159397579450557,0.303741166517368,0.192497802178086, 0.0143672, 0.0061677, 0.0060134, 0.0061849, 0.0117219,buy
2016-02-26,1,2,1,1,2,1,4,2,4,1,2,3,5,2,3,3,1,0.16679846435479,0.311677970680658,0.190655070539618,-0.0029502, 0.0003834,-0.0025591,-0.0014568,-0.0000585,sell
2016-02-27,1,3,1,1,1,0,4,2,3,0,2,2,5,2,3,1,1,0.174614956692735,0.319661874902245,0.188844483915532, 0.0048464, 0.0081221, 0.0063203, 0.0068620, 0.0085333,buy
2016-02-28,1,2,1,0,2,0,4,1,6,1,3,1,4,3,3,3,1,0.182845439314846,0.327690213141094,0.187064547188881,-0.0021023,-0.0044006,-0.0046968,-0.0032102,-0.0043215,sell
2016-02-29,2,3,0,1,3,0,2,2,5,1,3,2,3,4,2,4,1,0.191495572244539,0.335760319356169,0.185316755476613, 0.0084624, 0.0022380, 0.0057804, 0.0065768, 0.0051283,buy
2016-03-01,3,3,0,1,2,0,1,2,2,1,2,2,4,3,2,2,0,0.200556461159302,0.343871304867125,0.183596623427885,-0.0114993,-0.0112319,-0.0048131,-0.0024449,-0.0187357,sell
2016-03-02,2,2,1,0,1,0,2,1,3,4,2,2,3,3,3,2,1,0.210032148933005,0.35201783759189,0.181907141276591, 0.0051118, 0.0099203, 0.0095654, 0.0124986, 0.0068962,buy
2016-03-03,1,4,0,0,1,0,2,2,4,2,2,3,3,3,2,2,1,0.219925061289968,0.360199917530464,0.180249056581206,-0.0107504,-0.0178025,-0.0163916,-0.0132801,-0.0136709,sell
2016-03-04,2,3,1,1,1,1,4,4,4,3,3,3,3,5,3,5,2,0.23022630390768,0.368419322043538,0.178620126666308,-0.0100314,-0.0117785,-0.0087643,-0.0096418,-0.0228383,sell
2016-03-05,1,2,1,2,1,1,3,5,3,3,4,3,2,5,2,5,1,0.240941536809558,0.376666275647315,0.177020351531897,-0.0089502,-0.0062283, 0.0023479,-0.0068682,-0.0047014,sell
2016-03-06,0,2,0,2,2,1,3,4,4,2,4,2,2,4,3,5,0,0.252067525696506,0.384941667022139,0.175452721411869,-0.0113821,-0.0038877, 0.0010276,-0.0073387,-0.0053267,sell
2016-03-07,1,2,0,1,1,1,2,5,3,3,2,3,1,5,2,5,1,0.263601844844204,0.393242830126975,0.173911255838432,-0.0093750,-0.0017668, 0.0046129, 0.0000598,-0.0005785,buy
2016-03-08,2,2,0,1,0,2,2,5,2,4,2,3,3,5,2,5,0,0.27554449425265,0.401567987601132,0.172401187720904,-0.0060146,-0.0036486, 0.0029491, 0.0013995,-0.0019680,sell
2016-03-09,1,2,1,1,0,2,3,3,2,2,2,2,1,4,3,4,1,0.287891431047978,0.409914473403575,0.170920274383862,-0.0000179,-0.0102858, 0.0010428,-0.0109193,-0.0115661,sell
2016-03-10,2,1,2,2,1,1,2,4,1,3,2,3,2,4,3,4,1,0.300643463804959,0.418279621493267,0.169468515827308,-0.0040214,-0.0048767,-0.0009437,-0.0019038,-0.0036824,sell
2016-03-11,2,2,1,4,2,1,1,3,2,2,3,4,2,5,2,3,1,0.313794123925404,0.426660765829174,0.168043669375819, 0.0006570,-0.0017223, 0.0066887, 0.0007511,-0.0037327,buy
2016-03-12,1,2,2,3,2,2,2,3,2,2,4,3,2,4,3,4,1,0.32734260283454,0.435056129050605,0.166647230146342, 0.0047550, 0.0014280, 0.0032380,-0.0003372,-0.0025565,buy
2016-03-13,1,2,2,2,1,2,2,4,1,3,3,3,1,5,2,5,1,0.341283240508949,0.443463045116524,0.16527770302193,-0.0060144,-0.0073192, 0.0005021,-0.0068171,-0.0061535,sell
2016-03-14,1,3,0,2,1,3,1,4,2,5,3,3,2,5,2,5,2,0.355613611224312,0.45187973666624,0.163937330678006,-0.0018562,-0.0003252, 0.0028325, 0.0015687, 0.0001163,buy
2016-03-15,0,4,0,1,1,2,1,3,2,3,2,2,1,4,3,4,1,0.370327246382437,0.460302648978373,0.162623122880672, 0.0007058, 0.0027312, 0.0026813, 0.0027766, 0.0020896,buy
2016-03-16,1,2,2,1,1,2,1,3,1,2,1,3,2,4,2,3,1,0.385413634511265,0.468731782052923,0.161335827188403, 0.0011061, 0.0003236,-0.0001346, 0.0005501,-0.0009103,buy
2016-03-17,1,2,1,4,1,2,1,3,2,2,2,3,3,4,2,4,1,0.400871967036024,0.477163581168508,0.160073200925776,-0.0003470,-0.0023870, 0.0024847,-0.0009378,-0.0068482,buy
2016-03-18,1,2,1,4,2,0,1,3,0,1,1,2,3,1,2,4,2,0.416686072461237,0.485596268964439,0.158835991651267,-0.0127314, 0.0051717, 0.0061517, 0.0005195,-0.0145082,sell
2016-03-19,1,3,2,1,3,0,1,2,0,1,1,2,2,2,3,3,1,0.432847865039167,0.494025402038988,0.157624946923348,-0.0221526,-0.0142688,-0.0100659,-0.0123785,-0.0231186,sell
2016-03-20,1,4,1,3,1,0,0,1,0,1,0,2,1,3,3,3,0,0.449342790423887,0.502452757752847,0.156438571625073, 0.0019067, 0.0004388, 0.0041332, 0.0034593, 0.0036365,buy
2016-03-21,2,3,2,3,0,3,0,1,0,2,2,2,2,3,4,2,1,0.466157911419016,0.51087389270429,0.155276865756439, 0.0076265, 0.0032475, 0.0022742, 0.0044273, 0.0044755,buy
2016-03-22,2,2,3,1,1,2,0,1,0,2,2,2,1,2,4,2,1,0.483265736482247,0.519287029532625,0.154139081758975,-0.0021014,-0.0036253,-0.0043778,-0.0007885,-0.0020455,sell
2016-03-23,1,3,2,1,1,1,0,1,2,1,1,3,2,3,3,1,0,0.50065575414152,0.527691279557508,0.153025967191154,-0.0019491,-0.0040998, 0.0030587, 0.0013832, 0.0018908,buy
2016-03-24,1,1,2,1,2,2,1,2,3,2,2,5,2,3,2,2,1,0.518294004256338,0.536082199377213,0.151936774494501, 0.0027538,-0.0002340,-0.0001355,-0.0000120, 0.0001952,buy
2016-03-25,0,1,2,3,0,2,3,4,1,2,2,5,2,3,2,3,1,0.536152995284392,0.544460677672084,0.150867765876647,-0.0004820,-0.0026317,-0.0009681,-0.0006830,-0.0017911,buy
2016-03-26,0,1,4,2,0,1,5,3,3,1,3,4,3,3,3,2,2,0.55419553278609,0.552823159720741,0.149822679129962,-0.0085596,-0.0084949,-0.0157864,-0.0083633,-0.0086465,sell
2016-03-27,0,2,3,1,2,1,4,1,3,2,3,3,4,3,2,3,1,0.572389273770481,0.561166979482148,0.148800019137497, 0.0065537, 0.0063502, 0.0102985, 0.0123429, 0.0122539,buy
2016-03-28,1,3,2,2,1,1,3,1,1,4,2,3,5,3,2,3,1,0.590678426578176,0.569492136956305,0.147799785899253, 0.0069662, 0.0067167, 0.0042904, 0.0061133, 0.0059761,buy
2016-03-29,3,2,3,2,1,1,4,0,1,5,3,3,4,3,2,5,2,0.609020945320939,0.577794188741486,0.146821231856756, 0.0057114, 0.0026765, 0.0031642, 0.0023322, 0.0058013,buy
2016-03-30,2,2,3,1,1,0,3,0,0,3,2,2,2,2,2,4,1,0.627355378315965,0.586072246157346,0.145863609451531,-0.0092316,-0.0113192,-0.0026335,-0.0108308,-0.0097636,sell
2016-03-31,2,2,3,2,2,0,4,0,1,2,3,4,3,2,2,4,0,0.64562512532909,0.594325420523539,0.144926918683579, 0.0021630, 0.0018954, 0.0078411,-0.0026304, 0.0020037,buy
2016-04-01,2,2,3,3,1,0,3,4,1,3,3,3,4,2,5,3,2,0.663762266079318,0.60254926843834,0.144012654669848, 0.0013922,-0.0005630, 0.0009056, 0.0018226,-0.0008593,buy
2016-04-02,1,1,1,3,2,0,3,4,2,2,3,2,5,1,3,2,3,0.681695645986558,0.610746455942783,0.143118574734916,-0.0003896,-0.0011166,-0.0006295,-0.0011301,-0.0028851,buy
2016-04-03,1,1,1,3,2,0,5,2,2,2,3,1,4,2,3,3,3,0.69936057906891,0.618908096233417,0.142239445969464,-0.0050288,-0.0048929,-0.0005235,-0.0032185,-0.0043520,sell
2016-04-04,2,2,1,4,1,1,3,3,0,3,3,2,4,3,3,3,2,0.716677824998545,0.627037744031623,0.141388724426025, 0.0076538, 0.0086582, 0.0116962, 0.0083474, 0.0117424,buy
2016-04-05,2,3,1,3,1,1,2,1,1,4,3,2,3,3,4,3,1,0.733577846344919,0.635128289894638,0.140555944285962, 0.0050538, 0.0041700, 0.0070084, 0.0077202, 0.0034261,buy
2016-04-06,2,3,2,3,1,0,2,0,0,2,2,1,2,2,4,2,2,0.749985445654072,0.643182399863499,0.13974185310775,-0.0119857,-0.0127452,-0.0120188,-0.0087633,-0.0088329,sell
2016-04-07,2,2,3,4,2,0,2,1,0,3,3,2,3,3,4,3,1,0.765841596967521,0.651194741856133,0.138949441125285,-0.0038143,-0.0040212,-0.0040377,-0.0014520,-0.0023036,sell
2016-04-08,1,3,2,6,3,0,2,1,1,2,3,4,3,3,4,2,2,0.781075145705174,0.659165315872542,0.138174970546196,-0.0139741,-0.0196111,-0.0136076,-0.0139776,-0.0088475,sell
2016-04-09,1,0,4,2,3,0,2,1,2,2,1,4,3,2,2,3,2,0.795629491632868,0.667089678510998,0.13742143160438,-0.0028412,-0.0030050,-0.0027871,-0.0031925, 0.0033035,sell
2016-04-10,1,1,1,3,1,1,1,1,2,3,1,4,3,2,0,3,2,0.809456928838951,0.674968718451848,0.136687329182889, 0.0037759, 0.0029147, 0.0038631, 0.0050816,-0.0010422,buy
2016-04-11,1,1,1,2,2,2,2,1,2,3,1,4,6,1,1,3,1,0.822519454309057,0.682797103613019,0.135971915723248, 0.0000109, 0.0025910, 0.0060427, 0.0028883, 0.0024728,buy
2016-04-12,1,1,3,2,2,0,2,1,1,2,1,4,6,0,0,2,2,0.834774213580175,0.690574833994512,0.135275191225458, 0.0029827, 0.0034290, 0.0021421, 0.0031597, 0.0048110,buy
2016-04-13,1,1,3,3,4,1,2,1,2,3,2,5,5,1,2,3,3,0.846192906535225,0.6982974661946,0.134597155689518,-0.0016775,-0.0010595,-0.0046109,-0.0021089, 0.0003687,buy
2016-04-14,1,2,4,6,2,1,2,2,1,2,4,4,5,2,2,4,2,0.85675289308054,0.705968554934664,0.133941546907799,-0.0074327,-0.0108244,-0.0041622,-0.0056502,-0.0038179,sell
2016-04-15,1,1,8,3,4,0,3,1,1,1,4,3,5,2,3,4,2,0.866436384571099,0.713578324730908,0.133300141737087, 0.0020404, 0.0024336, 0.0023768,-0.0013581, 0.0026976,buy
2016-04-16,0,3,6,6,3,0,4,1,0,2,4,3,3,5,5,3,2,0.875236103833938,0.721130330304711,0.132680415762121,-0.0102565,-0.0020683,-0.0042903,-0.0039884,-0.0066723,sell
2016-04-17,1,2,3,7,3,1,3,1,0,3,4,2,4,4,4,3,3,0.883138305097902,0.728621016934693,0.13208012630748, 0.0012092, 0.0031292, 0.0017119, 0.0017615, 0.0034768,buy
2016-04-18,2,1,3,3,4,1,3,1,0,4,3,1,4,4,4,4,2,0.890139754063897,0.736049495940508,0.131498525814689, 0.0028396, 0.0011541, 0.0029246, 0.0060317, 0.0023922,buy
2016-04-19,1,2,2,3,3,0,2,1,1,2,2,1,2,4,3,4,1,0.896233173558958,0.743411323920431,0.130937109400697, 0.0047589, 0.0035799, 0.0112667, 0.0041291,-0.0039882,buy
2016-04-20,1,2,2,3,2,2,3,0,2,3,3,1,2,5,3,4,2,0.901424223606502,0.750704723513771,0.13039512950703, 0.0055518, 0.0004436, 0.0024956, 0.0017470, 0.0108422,buy
2016-04-21,1,1,2,5,0,2,2,3,1,3,2,2,2,4,4,4,2,0.905708861332661,0.757935026802599,0.129874081250635, 0.0140806, 0.0177099, 0.0133763, 0.0156498, 0.0148352,buy
2016-04-22,1,1,2,5,0,0,3,2,1,2,3,2,3,3,2,3,1,0.909094363910397,0.765088903581737,0.129373217073039,-0.0099014,-0.0103388,-0.0094048,-0.0131958,-0.0032822,sell
2016-04-23,1,1,1,3,2,0,4,1,2,2,1,2,3,3,2,4,2,0.911573454166747,0.772169019892221,0.12889403209119,-0.0004171,-0.0022051, 0.0000669,-0.0011319,-0.0014916,buy
2016-04-24,2,2,0,5,3,0,2,2,0,1,0,3,3,2,1,5,3,0.913159069298092,0.77917715309474,0.12843503118814, 0.0001206, 0.0031876, 0.0046773, 0.0047418, 0.0047189,buy
2016-04-25,3,0,0,5,1,0,3,2,0,3,2,3,3,2,1,4,2,0.91384878358011,0.78610885978757,0.128002942390154, 0.0061241, 0.0052790, 0.0075628, 0.0066516, 0.0078487,buy
2016-04-26,2,1,2,3,1,0,3,1,0,1,2,2,2,1,1,4,2,0.913658768508276,0.792963251290364,0.1275843096447,-0.0035361,-0.0074114,-0.0067036,-0.0041477,-0.0041477,sell
2016-04-27,1,4,2,4,1,0,4,1,2,1,3,3,4,1,2,4,3,0.912588215507817,0.799735884201396,0.12719408412126,-0.0077637,-0.0150246,-0.0103581,-0.0124082,-0.0154686,sell
2016-04-28,1,2,1,4,1,0,3,3,2,3,3,2,5,2,2,3,3,0.910656530373303,0.806430313242048,0.126828528027462,-0.0046131,-0.0061299,-0.0030174,-0.0050076,-0.0082226,sell
2016-04-29,0,1,1,4,1,0,2,4,2,3,3,3,5,1,2,3,1,0.907879884600208,0.813034985567831,0.126487641363307,-0.0059550,-0.0058189,-0.0026935,-0.0045168,-0.0144739,sell
2016-04-30,0,1,1,3,2,0,3,1,4,1,3,2,4,2,2,3,0,0.904280918282199,0.819557010621507,0.126170676570321, 0.0089529, 0.0119095, 0.0055069, 0.0008769, 0.0126737,buy
2016-05-01,0,1,1,3,2,0,1,2,3,2,2,2,2,2,2,4,1,0.899887122961583,0.825991056321006,0.1258806238824,-0.0029798,-0.0098583,-0.0090874,-0.0099291,-0.0003716,sell
2016-05-02,1,2,1,2,2,1,2,3,3,3,2,3,3,3,3,4,2,0.894743778825691,0.832335345305635,0.125618978416492, 0.0053937, 0.0086700, 0.0136126, 0.0044668, 0.0085390,buy
2016-05-03,0,3,3,2,2,0,3,1,2,0,1,3,1,3,3,3,2,0.888890506038436,0.838588100214705,0.125384245055648,-0.0107035,-0.0058980,-0.0105936,-0.0064592,-0.0020999,sell
2016-05-04,1,0,4,2,3,0,3,0,1,1,2,3,2,2,2,3,1,0.882388756282626,0.844746655007181,0.125177918916818, 0.0080395, 0.0091869, 0.0066914, 0.0059972, 0.0079536,buy
2016-05-05,2,1,2,4,3,0,1,1,1,1,2,3,2,3,2,3,1,0.875306449839255,0.850812787043752,0.125002242675422, 0.0155445, 0.0153677, 0.0145581, 0.0125228, 0.0039427,buy
2016-05-06,1,1,5,1,4,0,2,0,2,0,2,2,2,4,2,3,1,0.867714741288415,0.856781164242347,0.124856468772987,-0.0009634,-0.0006552, 0.0046270,-0.0010244,-0.0068342,buy
2016-05-07,0,1,5,2,2,1,2,2,1,0,3,2,1,5,1,4,0,0.85970904245341,0.86264912056193,0.12473984965104,-0.0004311,-0.0006976, 0.0032438,-0.0005490,-0.0043464,buy
2016-05-08,0,0,3,2,4,2,3,2,2,2,2,2,2,5,3,5,1,0.851378296559352,0.868417544682848,0.124656870660423,-0.0056350,-0.0066076,-0.0008836,-0.0025857,-0.0027505,sell
2016-05-09,0,1,3,1,4,1,2,2,2,0,1,1,2,4,3,4,1,0.842828426901606,0.874083770564063,0.124603046450293,-0.0006719,-0.0023946, 0.0017588, 0.0015786,-0.0025635,buy
2016-05-10,0,0,5,2,4,1,2,1,3,0,2,2,2,5,3,3,1,0.834165356775533,0.879644243484196,0.124585105046917, 0.0008537,-0.0003397, 0.0005791, 0.0008537,-0.0016305,buy
2016-05-11,1,0,4,4,3,1,2,2,1,1,2,1,2,5,4,4,1,0.825497435200818,0.885098963443245,0.124591833073183, 0.0001222,-0.0028728,-0.0023978,-0.0003722,-0.0020425,buy
2016-05-12,1,1,5,2,4,0,2,2,1,1,3,1,2,4,4,3,2,0.816934628346691,0.890444375719831,0.124633696347728, 0.0034194, 0.0023747, 0.0021927, 0.0030658, 0.0012173,buy
2016-05-13,1,2,6,1,4,0,2,1,0,1,3,1,1,4,3,3,3,0.80858366808329,0.895682257674643,0.124708452195131, 0.0033554, 0.0033554, 0.0047477, 0.0037232, 0.0023693,buy
2016-05-14,2,2,4,3,2,1,2,1,0,1,3,1,1,4,3,4,2,0.800540774808691,0.900807277225611,0.124814605498442, 0.0028502, 0.0014453, 0.0014745, 0.0028017, 0.0019903,buy
2016-05-15,2,0,5,2,3,1,2,1,0,1,2,0,1,4,3,5,2,0.792906211794842,0.905817657012043,0.124952156257662, 0.0022921, 0.0010061, 0.0005971, 0.0018110, 0.0005678,buy
2016-05-16,1,2,5,2,2,0,2,1,2,0,2,1,1,5,1,4,3,0.785756793645249,0.910714285714286,0.125121104472792, 0.0025582, 0.0025144, 0.0047299, 0.0024824, 0.0016603,buy
2016-05-17,0,2,3,2,2,0,2,2,3,1,3,2,2,5,2,2,1,0.779166100664325,0.915495385971647,0.125320702585356, 0.0096411, 0.0068009, 0.0123693, 0.0067531, 0.0080338,buy
2016-05-18,0,1,2,2,3,2,2,4,2,1,4,2,3,4,3,2,1,0.773195584534875,0.920156514382403,0.125552445712304, 0.0042926, 0.0019860,-0.0017324, 0.0031217,-0.0007366,buy
2016-05-19,0,2,3,2,2,2,2,3,1,0,3,2,4,3,2,2,1,0.767898611191969,0.924699448307242,0.125811100944316, 0.0109394,-0.0017431, 0.0021738, 0.0061057, 0.0007979,buy
2016-05-20,0,2,3,1,2,1,2,1,3,0,3,1,3,4,2,2,0,0.763308332201329,0.929121521705129,0.126100406073763, 0.0020629,-0.0034603,-0.0016495,-0.0023038,-0.0026671,sell
2016-05-21,1,4,2,1,2,3,1,2,2,0,3,3,3,5,1,2,1,0.759455473404359,0.933421845895719,0.126415875749801, 0.0125076, 0.0106219, 0.0100595, 0.0120872, 0.0092433,buy
2016-05-22,2,4,2,3,1,2,1,2,1,2,4,3,4,6,2,1,0,0.756356206296533,0.937591534075559,0.126759752647852, 0.0033673, 0.0041758, 0.0075820, 0.0023098, 0.0026223,buy
2016-05-23,1,4,3,2,2,2,1,1,1,2,5,2,3,5,2,1,1,0.754014573751722,0.94164747117121,0.127126803858598, 0.0023270, 0.0036017, 0.0044871, 0.0024125, 0.0024086,buy
2016-05-24,0,5,2,2,2,2,1,2,2,0,4,3,3,4,1,2,1,0.752437044368115,0.94557277225611,0.127520019615934, 0.0107311, 0.0078362, 0.0070687, 0.0093155, 0.0072557,buy
2016-05-25,1,4,3,3,1,2,1,3,2,1,4,3,3,5,2,3,1,0.751610680949331,0.949368326010607,0.127931176776647, 0.0038014, 0.0026749, 0.0051487, 0.0038928, 0.0086142,buy
2016-05-26,0,2,3,3,1,2,0,4,2,1,3,3,3,4,2,2,1,0.751529823471955,0.953039464516771,0.128366255808529,-0.0010627,-0.0011725,-0.0015397, 0.0009915, 0.0051911,buy
2016-05-27,0,3,3,2,2,1,2,3,2,0,3,1,3,5,2,2,2,0.752163746094584,0.956572857569424,0.128820771360736, 0.0215639, 0.0146411, 0.0140189, 0.0189562, 0.0146302,buy
2016-05-28,0,3,2,1,1,1,1,4,2,2,2,2,3,5,1,3,1,0.753503554494705,0.959979169332708,0.129291733199371, 0.0298620, 0.0278002, 0.0280667, 0.0278558, 0.0286217,buy
2016-05-29,1,2,2,1,1,2,0,5,2,4,2,2,4,5,3,3,1,0.755517714256143,0.963252179044206,0.12977465597359, 0.0203650, 0.0200956, 0.0224462, 0.0211644, 0.0220438,buy
2016-05-30,1,3,3,0,1,2,1,3,1,4,3,2,4,3,4,3,0,0.758177116687043,0.966386554621849,0.13027252991729, 0.0114558, 0.0122561, 0.0083050, 0.0091027, 0.0120972,buy
2016-05-31,0,2,4,1,2,2,1,3,1,4,3,2,4,3,5,2,1,0.761455078819869,0.969394737590468,0.130780122121152, 0.0028565, 0.0027363,-0.0022513, 0.0023484, 0.0039202,buy
2016-06-01,1,2,3,3,2,2,1,5,0,5,5,2,5,4,4,3,1,0.765320066238445,0.972262509064539,0.131291452117385, 0.0035227, 0.0043041, 0.0034759, 0.0076455, 0.0081763,buy
2016-06-02,0,2,2,2,2,2,1,5,1,4,4,1,5,3,4,2,2,0.769740544526596,0.974993423765445,0.131811005256831,-0.0000439,-0.0028157,-0.0002875,-0.0007622,-0.0028354,buy
2016-06-03,0,2,3,0,2,3,3,1,1,4,4,1,4,3,3,3,1,0.774684979268143,0.977585704332494,0.132330558396278, 0.0081683, 0.0043051,-0.0032473, 0.0003097, 0.0062893,buy
2016-06-04,1,2,1,1,3,4,1,1,0,6,4,1,4,4,3,3,1,0.780116176023494,0.980039350765687,0.132848616418776, 0.0064992, 0.0071833, 0.0028836, 0.0085786, 0.0089599,buy
2016-06-05,1,2,1,0,5,3,1,0,1,6,3,1,5,4,3,3,1,0.786001791801699,0.982352585704333,0.133362936648905, 0.0058175, 0.0081206, 0.0039823, 0.0083731, 0.0084558,buy
2016-06-06,0,2,1,1,5,3,1,0,1,4,3,3,5,2,3,2,0,0.79231029218658,0.984524520468086,0.133867538618871, 0.0080129,-0.0019174,-0.0041925,-0.0015066,-0.0015956,buy
2016-06-07,0,1,2,3,4,4,2,1,1,3,4,3,3,3,4,3,1,0.799003674163772,0.986557821097982,0.134362422328675, 0.0049054, 0.0046356, 0.0006084, 0.0041223, 0.0039492,buy
2016-06-08,0,3,2,2,4,2,1,2,0,3,3,3,3,2,3,4,1,0.806052020466645,0.98844537815126,0.134843102427472,-0.0005902,-0.0024491,-0.0050161, 0.0004515,-0.0008243,buy
2016-06-09,0,3,2,0,5,1,2,0,2,2,2,3,2,3,1,5,1,0.81341490235651,0.990192523709992,0.135308831356789, 0.0196372, 0.0143477, 0.0176215, 0.0141973, 0.0278404,buy
2016-06-10,0,3,1,2,4,1,1,0,3,1,0,3,2,3,1,6,1,0.82106240256674,0.991795703052795,0.135753628648833, 0.0116551, 0.0122780, 0.0141483, 0.0127944, 0.0347540,buy
2016-06-11,1,4,1,3,4,2,1,0,2,1,2,3,4,4,1,5,0,0.828952475209097,0.993252250138634,0.136175999186656, 0.0137462, 0.0238145, 0.0216933, 0.0234325, 0.0249605,buy
2016-06-12,1,4,1,1,4,1,0,0,3,1,2,4,3,2,0,4,1,0.837053585867407,0.994563053647855,0.136572952736363, 0.0091452, 0.0341962, 0.0392233, 0.0374372, 0.0434479,buy
2016-06-13,0,5,0,1,4,0,1,1,3,0,2,3,3,2,1,3,1,0.845324497228206,0.995732556982184,0.136942994181005, 0.0043945, 0.0325334, 0.0363501, 0.0335942, 0.0403597,buy
2016-06-14,0,4,1,1,4,1,2,1,3,1,2,4,3,2,1,4,2,0.853723163403259,0.996752762018513,0.137283133286686, 0.0001969, 0.0234361, 0.0349788, 0.0259274, 0.0322106,buy
2016-06-15,0,3,1,2,3,1,1,2,2,0,2,3,3,1,1,4,1,0.862209964228652,0.997625446117533,0.137591874936458, 0.0047838, 0.0185701, 0.0246298, 0.0200463, 0.0275585,buy
2016-06-16,0,3,1,2,3,0,1,1,3,0,2,2,3,2,1,3,1,0.870744470965697,0.998355052680971,0.13786548133795, 0.0041638, 0.0162199, 0.0152519, 0.0168925, 0.0293694,buy
2016-06-17,1,4,0,1,4,1,0,2,3,0,2,2,3,2,1,4,2,0.879278977702742,0.998938026987445,0.13810320493269, 0.0051460, 0.0286309, 0.0286655, 0.0248852, 0.0338036,buy
2016-06-18,1,2,0,1,3,1,0,2,1,2,0,1,4,1,2,4,1,0.887764969953361,0.999370814315574,0.138304298162202, 0.0018359,-0.0057397,-0.0063556,-0.0087695,-0.0132887,sell
2016-06-19,1,1,1,1,1,1,2,1,0,3,1,1,3,1,2,4,0,0.896154741805903,0.999657858067085,0.138465770792591, 0.0048635,-0.0074296,-0.0080822,-0.0200982,-0.0167174,sell
2016-06-20,0,1,1,0,1,2,1,2,0,2,2,2,1,0,1,3,1,0.904391693026204,0.999800935602667,0.138586127706909,-0.0029785,-0.0157983,-0.0157983,-0.0178721,-0.0159906,sell
2016-06-21,1,1,1,1,2,2,1,2,1,2,2,2,2,2,2,3,1,0.91242326625397,0.999794714840251,0.138665368905156,-0.0053601,-0.0231198,-0.0234857,-0.0264752,-0.0243864,sell
2016-06-22,1,0,1,2,2,1,0,2,1,3,3,2,2,2,2,2,0,0.920189626955942,0.999640973140525,0.138701251711909,-0.0139085,-0.0251264,-0.0244584,-0.0169806,-0.0262711,sell
2016-06-23,0,0,0,2,4,1,2,0,1,1,3,1,1,2,2,1,1,0.927629323449315,0.999341487864181,0.138693028568695, 0.0048256,-0.0008332,-0.0010894, 0.0023353,-0.0098511,buy
2016-06-24,0,0,1,2,5,0,2,1,2,2,2,3,2,3,2,2,1,0.934684946925152,0.998896259011219,0.138639204358565, 0.0279282, 0.0279226, 0.0279999, 0.0259859, 0.0099770,buy
2016-06-25,1,2,2,2,4,1,0,2,1,2,2,4,3,2,2,3,1,0.941285342803361,0.998302620540602,0.138540526639994, 0.0028982, 0.0022170, 0.0000042, 0.0024557, 0.0038181,buy
2016-06-26,1,3,3,2,3,1,1,1,2,1,1,4,3,1,3,4,2,0.947366633676816,0.997565904534403,0.138395500296033,-0.0132045,-0.0121800,-0.0133925,-0.0119353,-0.0003243,sell
2016-06-27,0,3,3,3,3,1,2,0,1,1,0,5,3,1,3,3,2,0.952869793587032,0.996679001549859,0.138202630209735,-0.0059955,-0.0074238,-0.0060119,-0.0018062, 0.0037627,sell
2016-06-28,1,1,2,3,6,1,1,1,2,2,2,4,4,2,4,3,1,0.957731753701655,0.995649909710077,0.137967149290418, 0.0068185, 0.0052389, 0.0070672, 0.0049472,-0.0033425,buy
2016-06-29,1,2,2,3,5,1,0,1,2,0,2,2,4,2,4,3,0,0.961888636613559,0.994475962974022,0.137682329511814, 0.0128155, 0.0045274, 0.0122932, 0.0048634, 0.0046457,buy
2016-06-30,0,0,4,1,4,2,1,0,3,0,2,2,3,2,3,2,1,0.965292736411092,0.993156272661349,0.137349665990874, 0.0060796, 0.0086716, 0.0086231, 0.0060796, 0.0086760,buy
2016-07-01,0,1,1,3,2,3,1,2,1,0,2,3,1,2,2,3,1,0.967889878584412,0.991692616132747,0.136968411169122, 0.0084216,-0.0013087,-0.0040586,-0.0021449, 0.0013499,buy
2016-07-02,0,2,1,2,4,3,1,1,2,2,3,3,3,3,2,3,1,0.96964610299302,0.990086770748909,0.136540060163506, 0.0093954, 0.0032823,-0.0056182, 0.0000137,-0.0004561,buy
2016-07-03,0,1,3,3,4,2,1,0,2,0,1,5,3,2,2,2,1,0.970532300945062,0.988338736509832,0.136066108090975,-0.0027795,-0.0007880,-0.0021385, 0.0020691, 0.0009189,buy
2016-07-04,1,0,5,2,4,3,0,0,2,1,2,4,3,3,3,2,1,0.970521789473003,0.986449402095864,0.13554132204221,-0.0010163,-0.0013131,-0.0005539, 0.0010670,-0.0005272,buy
2016-07-05,1,1,4,4,3,4,0,1,3,2,4,3,3,4,4,4,1,0.969608908553427,0.984417878826657,0.134972430043478,-0.0103180,-0.0118809,-0.0095594,-0.0133404,-0.0117437,sell
2016-07-06,0,2,4,2,5,2,1,1,2,1,4,2,4,3,4,3,0,0.967796083910656,0.982247721423595,0.134352704068512,-0.0014378,-0.0031987, 0.0073705, 0.0021777,-0.0009856,buy
2016-07-07,0,1,4,3,2,2,2,0,2,2,3,2,3,4,2,3,1,0.9650922098672,0.979937152525985,0.133688872143579,-0.0133087,-0.0145772,-0.0050481,-0.0138109,-0.0032078,sell
2016-07-08,0,1,2,4,1,3,0,1,2,2,2,1,2,4,3,3,1,0.961511032194213,0.977492392896245,0.13297943915173,-0.0032134,-0.0122179,-0.0033916,-0.0041776,-0.0032602,sell
2016-07-09,1,0,3,2,2,3,0,1,4,3,3,3,2,3,2,4,2,0.957082468158325,0.974903667050576,0.13222515265144,-0.0036407,-0.0013917,-0.0003904,-0.0045839, 0.0035169,sell
2016-07-10,1,1,2,4,2,1,0,1,5,2,2,4,2,2,3,4,2,0.951845329348677,0.972182527833468,0.131425265084235,-0.0099172,-0.0138880,-0.0116740,-0.0107157,-0.0110117,sell
2016-07-11,1,0,2,4,2,1,1,1,2,2,2,3,3,2,3,2,1,0.945833575905765,0.96932719788423,0.130577533774692, 0.0001109,-0.0051150, 0.0002708,-0.0075549, 0.0001982,buy
2016-07-12,1,0,2,4,1,2,2,3,1,4,4,3,3,2,2,4,2,0.939090870867374,0.966337677202861,0.129700647684662, 0.0112249, 0.0071847, 0.0102708, 0.0182496, 0.0116551,buy
2016-07-13,1,1,3,3,1,1,1,2,2,3,3,2,2,2,3,3,3,0.931662494420834,0.963212188428671,0.12877517029382, 0.0015920, 0.0035423, 0.0029017, 0.0034502, 0.0044231,buy
2016-07-14,2,2,2,3,2,0,1,2,3,1,4,2,4,1,2,3,2,0.923594535328249,0.959956063643732,0.12781081986233, 0.0028439, 0.0000497,-0.0192740, 0.0003971, 0.0004959,sell
2016-07-15,3,3,2,3,2,0,0,3,1,1,3,2,2,1,2,6,2,0.914937933800366,0.956571080208733,0.12680759639019, 0.0071801, 0.0052920, 0.0042746, 0.0054433, 0.0047956,buy
2016-07-16,2,3,2,4,1,0,1,2,0,3,3,1,3,1,2,5,3,0.9057323100011,0.953056349443331,0.125768490111297, 0.0049682, 0.0009617, 0.0019119, 0.0041249, 0.0030693,buy
2016-07-17,1,4,4,3,2,0,2,2,0,2,4,2,3,1,3,5,2,0.896030221290744,0.949411871347524,0.12469350102565,-0.0031852,-0.0040848,-0.0108498,-0.0033824,-0.0027169,sell
2016-07-18,2,6,3,2,4,0,1,3,1,1,3,3,5,1,4,5,2,0.885874522132309,0.945642089323039,0.123584124250199, 0.0007560,-0.0029835,-0.0028589,-0.0001532, 0.0011781,buy
2016-07-19,2,6,4,2,3,0,0,3,2,2,2,4,6,1,4,6,1,0.875308066988803,0.941747003369876,0.122441107343416,-0.0053460,-0.0076332,-0.0044123,-0.0032241,-0.0036465,sell
2016-07-20,1,4,3,3,4,1,1,2,2,2,1,4,6,1,5,4,2,0.864369667449367,0.937731945570106,0.121268188097673,-0.0143307,-0.0136710,-0.0133707,-0.0089487,-0.0088862,sell
2016-07-21,1,4,3,2,6,1,2,0,2,1,1,4,5,3,4,3,2,0.853097326528368,0.933588029120278,0.120063871396021,-0.0053511,-0.0057834,-0.0057145,-0.0065915,-0.0038545,sell
2016-07-22,2,4,2,1,5,0,1,2,1,2,1,5,5,3,2,3,1,0.841529047240173,0.929326806864878,0.118834137706251,-0.0050778,-0.0033976,-0.0018406,-0.0016259, 0.0113035,sell
2016-07-23,2,5,1,1,5,1,2,1,1,1,2,3,4,3,3,3,2,0.82970768404779,0.924944724082526,0.117574501677521,-0.0022710,-0.0016602,-0.0044545,-0.0054158,-0.0033219,sell
2016-07-24,1,3,3,1,4,1,2,2,0,0,3,2,2,3,2,3,2,0.817654259895338,0.920444446814259,0.116287205985252, 0.0050711, 0.0043949, 0.0056248, 0.0018956, 0.0066596,buy
2016-07-25,2,2,3,1,3,0,2,2,0,1,3,2,2,3,1,3,2,0.805408394946731,0.91582864110111,0.114987201798925, 0.0037400, 0.0033925, 0.0119007, 0.0035318, 0.0002369,buy
2016-07-26,1,6,2,2,4,0,2,3,0,1,5,3,2,3,2,4,2,0.792995963594729,0.911097306943082,0.11365804283211,-0.0018322, 0.0029859,-0.0029657,-0.0013163,-0.0017763,buy
2016-07-27,0,5,3,1,3,0,2,2,1,2,5,2,2,3,2,3,2,0.78044203165732,0.906252221700863,0.112309447344971,-0.0009048, 0.0013763,-0.0017987, 0.0001335, 0.0012576,buy
2016-07-28,0,3,5,2,2,1,2,2,0,2,3,2,1,5,2,5,1,0.767777324975905,0.901293385374454,0.110942162895982, 0.0048237, 0.0038103, 0.0056969, 0.0042638, 0.0048442,buy
2016-07-29,0,4,3,2,2,1,1,3,0,2,3,1,2,4,3,5,0,0.755025292218923,0.896227018726272,0.10955768460209, 0.0013998,-0.0009914, 0.0005553, 0.0024155,-0.0007998,buy
2016-07-30,0,5,2,1,3,0,1,2,2,2,3,2,3,3,3,3,1,0.742210190629589,0.891050455715281,0.108156012463295,-0.0124974,-0.0054494,-0.0033378,-0.0077932,-0.0070542,sell
2016-07-31,0,4,3,2,3,1,1,3,0,1,2,3,3,3,4,2,1,0.729353043152019,0.885766362382516,0.10673938915502,-0.0303735,-0.0228905,-0.0240526,-0.0264257,-0.0216034,sell
2016-08-01,0,3,3,4,1,1,2,2,1,2,3,3,3,3,3,3,1,0.716478915604199,0.880379182129705,0.105310057352686,-0.0224887,-0.0160398,-0.0236809,-0.0267987,-0.0239190,sell
2016-08-02,0,4,4,3,3,0,2,3,0,2,3,3,4,4,3,3,1,0.703606405205928,0.8748880262765,0.103868017056294,-0.0343088,-0.0200778,-0.0316255,-0.0325718,-0.0262493,sell
2016-08-03,1,5,4,2,4,0,1,2,0,2,2,2,3,4,5,4,1,0.690758152050869,0.869289340101523,0.102415510941266,-0.0234763,-0.0141937,-0.0224328,-0.0228506,-0.0215446,sell
2016-08-04,1,3,3,4,2,2,1,1,0,4,1,2,4,4,5,4,1,0.677953561933593,0.863602674572367,0.100954781683023, 0.0112679,-0.0008622,-0.0038248, 0.0103208, 0.0078016,buy
2016-08-05,1,2,2,3,3,2,0,1,0,3,1,1,4,4,4,3,0,0.665212849223445,0.857812033442819,0.0994865768400405, 0.0170075, 0.0094931, 0.0123287, 0.0172327, 0.0130994,buy
2016-08-06,1,4,0,2,3,1,1,1,1,2,1,3,3,4,2,2,1,0.652556228289767,0.851925414835985,0.0980138866462135,-0.0052175,-0.0049373,-0.0046519,-0.0033550,-0.0061711,sell
2016-08-07,0,3,1,2,3,1,1,3,2,3,0,4,4,6,2,1,2,0.639999870628036,0.845946373473247,0.0965359635430683, 0.0023701,-0.0001926, 0.0020772, 0.0026516, 0.0047426,buy
2016-08-08,0,2,1,3,1,2,1,4,0,3,1,3,3,5,2,2,1,0.627568033481464,0.83987579803495,0.0950565453229752,-0.0051503,-0.0035580,-0.0008834,-0.0035580, 0.0017441,sell
2016-08-09,0,1,2,3,1,2,2,3,1,2,1,3,3,4,3,2,1,0.615276888345527,0.833708356439022,0.0935756319859339,-0.0051982,-0.0036254,-0.0032621,-0.0040693,-0.0041563,sell
2016-08-10,0,1,2,1,2,2,1,2,2,2,2,2,3,4,2,2,0,0.603149883888662,0.827457378890643,0.0920962137658408, 0.0047368,-0.0088899,-0.0044808,-0.0044491,-0.0054402,sell
2016-08-11,1,2,1,1,2,2,0,2,1,2,1,3,3,4,1,2,0,0.591205617330668,0.821116644627394,0.0906175431042216, 0.0069524,-0.0012239, 0.0013187, 0.0013336, 0.0015413,buy
2016-08-12,2,1,2,2,0,1,2,2,0,4,1,3,2,4,2,3,1,0.579465920190436,0.814694151772384,0.0891448529103947,-0.0035955,-0.0034382,-0.0022755,-0.0029502,-0.0059250,sell
2016-08-13,0,2,3,1,0,1,2,1,0,2,2,1,1,3,1,3,1,0.567954241136403,0.808186345604232,0.0876781431843599,-0.0080925,-0.0091132,-0.0007683,-0.0037205,-0.0033755,sell
2016-08-14,2,3,5,1,0,1,3,0,1,2,4,2,2,2,3,4,1,0.556692411687463,0.801598558205008,0.0862159188091693,-0.0116564,-0.0099489,-0.0077636,-0.0093942,-0.0114533,sell
2016-08-15,3,4,4,2,1,1,2,3,1,2,4,2,3,2,5,6,1,0.545708731960697,0.794927234853332,0.084764160252615,-0.0032252,-0.0032252, 0.0038130,-0.0028093, 0.0007971,sell
2016-08-16,2,2,3,4,1,1,1,3,2,2,4,3,2,1,5,5,1,0.535025033474996,0.788183039713347,0.0833258577485931, 0.0033199, 0.0027442, 0.0030648, 0.0020469, 0.0067089,buy
2016-08-17,2,2,2,2,2,1,3,0,2,0,3,2,2,2,3,3,1,0.524672042071763,0.781361529383327,0.0818942832708375,-0.0031385, 0.0002941,-0.0016156, 0.0020226,-0.0024150,sell
2016-08-18,2,2,2,2,2,1,1,1,1,2,3,2,2,3,2,4,0,0.514678057868079,0.774466258584652,0.0804784075210363, 0.0103509, 0.0068510, 0.0133145, 0.0083551,-0.0015832,buy
2016-08-19,3,3,2,2,1,1,1,1,1,3,2,3,2,3,3,4,1,0.505075423854896,0.767496338636978,0.0790797256161377, 0.0071866, 0.0065630, 0.0114386, 0.0075511, 0.0006634,buy
2016-08-20,2,4,2,2,1,2,2,0,1,1,3,2,1,3,3,4,1,0.49589567444839,0.76045799030272,0.0776952473222456, 0.0041706, 0.0047293, 0.0010051,-0.0001242, 0.0015809,buy
2016-08-21,2,2,3,2,2,0,2,0,0,2,2,2,2,3,3,2,1,0.487176004088154,0.753352102262225,0.0763317006656261, 0.0011304,-0.0002290, 0.0037098, 0.0033580,-0.0044853,buy
2016-08-22,3,3,0,4,4,0,1,1,0,2,3,2,2,3,3,4,1,0.478961692961518,0.746176008474456,0.0749868429708572, 0.0144907, 0.0109213, 0.0112383, 0.0107530,-0.0015352,buy
2016-08-23,4,2,1,4,4,0,1,0,1,1,4,1,2,3,3,3,2,0.471285084059434,0.73893592970183,0.073664412030309, 0.0045719, 0.0026383, 0.0043127, 0.0030712,-0.0044461,buy
2016-08-24,4,0,3,3,2,0,1,0,0,1,3,0,1,3,1,4,2,0.464200351891742,0.731630977264002,0.0723666505194036,-0.0062850,-0.0063230,-0.0094572,-0.0093295,-0.0069392,sell
2016-08-25,4,2,1,3,3,2,0,1,0,2,4,1,2,3,2,4,2,0.457748733771904,0.724265594562698,0.0710875779703489, 0.0036943, 0.0007455, 0.0025339, 0.0013095,-0.0021506,buy
2016-08-26,4,4,0,2,3,2,1,0,1,4,4,1,3,4,2,4,3,0.451991681382728,0.716839781597918,0.069837660201781, 0.0011101,-0.0001699, 0.0026670,-0.0002641,-0.0023404,buy
2016-08-27,4,1,1,1,3,1,1,0,0,3,3,1,2,3,2,2,2,0.446974474911542,0.709357093091044,0.068614654538278, 0.0095161, 0.0050881, 0.0082340, 0.0049105,-0.0009532,buy
2016-08-28,4,2,1,5,3,2,1,0,2,3,3,2,4,4,4,4,2,0.442763417489796,0.701818417722419,0.0674193085383139,-0.0012492,-0.0012520,-0.0015778,-0.0009975,-0.0021910,buy
2016-08-29,4,3,1,5,1,1,1,0,2,3,3,1,4,3,4,4,2,0.4394167265012,0.694225532852735,0.0662523697603627,-0.0013981,-0.0005907,-0.0005026, 0.0000289, 0.0018316,buy
2016-08-30,4,3,3,2,2,1,1,2,0,2,3,1,3,4,3,4,2,0.436998279352881,0.686584659244408,0.0651168284383205, 0.0010023, 0.0003423, 0.0011278, 0.0000759,-0.0007553,buy
2016-08-31,4,4,1,2,0,1,3,0,0,2,3,1,2,4,3,2,2,0.435571144877194,0.678885132733296,0.0640156748060833,-0.0065214,-0.0027272,-0.0086096,-0.0030556,-0.0036838,sell
2016-09-01,4,3,1,2,0,2,2,0,0,4,2,2,3,4,3,2,2,0.435195157607395,0.671143838245958,0.0629444235128072,-0.0010720, 0.0014425, 0.0004575, 0.0030251, 0.0032908,buy
2016-09-02,4,3,1,1,1,1,1,0,0,3,2,1,2,5,2,2,1,0.435934194950612,0.663357221061013,0.0619098025847582, 0.0037600, 0.0069049, 0.0080422, 0.0088221, 0.0068580,buy
2016-09-03,4,3,1,1,1,1,1,0,1,3,2,1,2,6,3,1,1,0.437835154243724,0.655524392498116,0.0609095693465143, 0.0022600, 0.0082664, 0.0061368, 0.0099712, 0.0087997,buy
2016-09-04,1,2,1,2,3,2,1,1,3,3,1,2,4,5,4,3,0,0.440944932823608,0.647651573319683,0.0599482091489197, 0.0112222, 0.0071395, 0.0069653, 0.0085215, 0.0083680,buy
2016-09-05,1,0,1,2,2,2,3,2,1,2,2,2,3,2,3,3,1,0.445282936484834,0.63973787484537,0.0590257219919742, 0.0061283,-0.0085003,-0.0083793,-0.0284209,-0.0246529,sell
2016-09-06,1,0,2,0,2,1,4,2,2,2,2,3,3,3,3,1,1,0.450870188171521,0.631785963116211,0.0581480883434702, 0.0030479, 0.0025520, 0.0042488, 0.0018221, 0.0022003,buy
2016-09-07,1,1,1,0,3,1,2,3,3,1,3,2,3,4,1,2,1,0.457686473514325,0.623797615492898,0.0573003570339272, 0.0028753, 0.0058678,-0.0029754, 0.0055810, 0.0037842,buy
2016-09-08,2,1,1,1,2,0,1,2,3,3,2,1,3,4,2,2,2,0.465687320900688,0.615775498016466,0.0565004694667217, 0.0026366,-0.0015257,-0.0030818, 0.0009226, 0.0019709,buy
2016-09-09,2,0,2,1,2,0,2,0,2,3,0,2,2,4,2,3,1,0.47479753287665,0.60772227672795,0.0557446878494836,-0.0035312,-0.0016416,-0.0003556,-0.0001366,-0.0014713,buy
2016-09-10,1,0,2,0,2,0,0,0,1,4,1,3,1,2,1,2,0,0.484907951847755,0.599637062947006,0.0550315170652649, 0.0033825, 0.0035700, 0.0024124, 0.0045428,-0.0005152,buy
2016-09-11,1,2,2,0,1,0,2,0,1,4,1,3,1,3,1,3,1,0.495867374331309,0.591526077436051,0.0543631997894876,-0.0064823,-0.0056171,-0.0033458,-0.0053002,-0.0057295,sell
2016-09-12,1,1,2,0,2,0,2,2,1,5,1,4,1,2,1,4,3,0.507498722451858,0.583386654154047,0.0537457164899439,-0.0033883, 0.0002836,-0.0031853,-0.0034314,-0.0041669,sell
2016-09-13,0,1,3,1,2,0,3,1,2,3,2,4,1,2,1,3,3,0.519587723894355,0.575225013863413,0.0531738342573156,-0.0002530, 0.0004952,-0.0004158,-0.0003770,-0.0035542,buy
2016-09-14,0,0,3,1,2,1,2,1,3,3,2,4,0,4,0,4,2,0.531896657675315,0.567034935801732,0.052652038442447,-0.0052779,-0.0107904,-0.0038283,-0.0056472,-0.0094566,sell
2016-09-15,1,0,2,1,2,1,1,2,2,3,1,3,1,3,1,4,2,0.544178908488741,0.558836859616943,0.05218257172076,-0.0027147,-0.0034996,-0.0022800,-0.0027459,-0.0047150,sell
2016-09-16,1,1,2,1,2,2,2,1,2,3,1,3,2,2,3,4,2,0.556183818154768,0.550613011702143,0.0517594536244625,-0.0006311,-0.0021549,-0.0032639,-0.0075863,-0.0062545,sell
2016-09-17,0,2,3,1,1,2,2,1,1,3,1,4,2,2,3,4,0,0.567662345643076,0.542373167541128,0.0513909072967688, 0.0039915, 0.0032182, 0.0032394, 0.0039691, 0.0036750,buy
2016-09-18,1,1,4,2,1,2,1,2,1,2,0,3,3,3,3,4,1,0.578380812844049,0.534117327133899,0.0510761851792047,-0.0009480,-0.0001626, 0.0008488, 0.0007004,-0.0010721,buy
2016-09-19,2,2,4,3,3,2,0,2,2,1,2,5,3,3,3,4,1,0.588135458914699,0.525849933882182,0.0508160348302444,-0.0037359,-0.0024484,-0.0010382,-0.0010382, 0.0017786,sell
2016-09-20,1,2,3,3,4,2,1,2,2,2,2,5,3,3,3,4,2,0.596743545956156,0.517570987785977,0.05061269892531,-0.0052843,-0.0073544,-0.0040156,-0.0055694,-0.0041389,sell
2016-09-21,1,2,3,3,2,3,1,3,1,3,2,4,3,3,3,4,3,0.604061956233465,0.509279600164939,0.0504639347889792,-0.0026117,-0.0068662,-0.0028464,-0.0062587,-0.0033051,sell
2016-09-22,1,4,2,2,1,4,1,3,2,3,3,4,4,3,3,4,2,0.609975872128751,0.500985546502865,0.0503734802136223, 0.0103859, 0.0094909, 0.0081270, 0.0053597, 0.0156929,buy
2016-09-23,1,3,4,0,1,2,1,2,2,3,3,4,3,2,3,2,2,0.614409287613281,0.492681717356994,0.0503435778746614, 0.0063335, 0.0070801, 0.0086357, 0.0060030, 0.0020300,buy
2016-09-24,1,3,2,1,1,1,1,1,1,3,2,3,2,3,2,1,2,0.61731368820063,0.484377888211122,0.0503660046288821, 0.0067006, 0.0066086, 0.0056184, 0.0047937, 0.0039253,buy
2016-09-25,1,4,1,2,1,0,1,1,2,3,3,4,1,2,1,2,3,0.618676945269191,0.476071393024215,0.0504504787364468,-0.0012966,-0.0029314,-0.0010943, 0.0002514,-0.0048937,buy
2016-09-26,1,3,2,1,2,0,1,2,2,1,4,3,1,3,1,1,2,0.61849825024419,0.467765786517653,0.0505970001973555, 0.0018728, 0.0009812, 0.0011149, 0.0026151, 0.0005165,buy
2016-09-27,1,3,3,2,1,0,2,2,0,1,5,3,0,4,1,1,1,0.616820457588636,0.459462846052127,0.0508048214531341, 0.0006776,-0.0028997, 0.0000653, 0.0013578, 0.0009378,buy
2016-09-28,1,3,4,2,1,1,2,1,1,2,4,2,3,4,2,1,2,0.613688038915087,0.451164348988326,0.0510709522698866,-0.0034903,-0.0043114,-0.0048679,-0.0036807,-0.0032149,sell
2016-09-29,1,2,3,0,3,1,2,2,0,2,3,2,3,2,2,2,2,0.609175383102728,0.442873850047633,0.0514021206738791,-0.0004948,-0.0007201,-0.0036325,-0.0075683,-0.0052660,sell
2016-09-30,2,2,1,0,4,0,3,2,2,2,4,2,3,1,3,2,3,0.603362539054162,0.434593126590738,0.0517938413142676, 0.0014082, 0.0017986,-0.0034774, 0.0018789, 0.0005102,buy
2016-10-01,2,1,1,0,3,1,2,1,2,2,3,1,3,1,3,2,2,0.596340875718823,0.426323067297985,0.0522535897757923,-0.0010129,-0.0025552,-0.0055910,-0.0043553,-0.0051773,sell
2016-10-02,1,1,1,1,2,1,2,2,3,1,3,2,3,1,3,2,1,0.588215507817301,0.418067226890756,0.0527753855906609,-0.0151284,-0.0083389,-0.0089550,-0.0127361,-0.0105113,sell
2016-10-03,1,1,2,0,2,0,3,1,4,2,2,2,3,3,3,1,2,0.57908427289722,0.409826494049396,0.0533629665512437,-0.0010665,-0.0032736,-0.0026062,-0.0008617,-0.0007290,buy
2016-10-04,1,2,1,0,3,0,2,3,3,2,2,2,3,3,3,2,2,0.56905228567917,0.401602646134596,0.0540140899821184, 0.0018978, 0.0005823,-0.0006649,-0.0045733, 0.0018232,sell
2016-10-05,1,1,0,1,3,0,2,2,3,3,2,1,3,3,3,3,1,0.558223852308966,0.393401015228426,0.0547317461171813, 0.0049759, 0.0022466, 0.0007159, 0.0084319, 0.0032943,buy
2016-10-06,1,2,1,1,1,0,4,1,4,3,2,1,3,4,3,3,2,0.546699236058554,0.385220712650542,0.0555151873979583, 0.0228633,-0.0014683, 0.0083406, 0.0114905, 0.0128160,buy
2016-10-07,0,2,1,0,0,0,1,3,3,2,2,0,1,3,1,2,3,0.534573848751237,0.37706618180267,0.0563636662659754, 0.0087207, 0.0064184, 0.0065132, 0.0086558, 0.0087859,buy
2016-10-08,3,3,0,0,0,0,1,3,4,3,4,1,2,4,2,2,2,0.521941485060772,0.36893742268481,0.0572831631890247,-0.0039938,-0.0089121,-0.0102285,-0.0105043,-0.0046763,sell
2016-10-09,2,3,0,0,1,0,2,5,4,3,4,1,2,4,4,3,2,0.508880576740215,0.360837101337997,0.0582676976993141, 0.0088096, 0.0029494, 0.0033853, 0.0033567, 0.0075862,buy
2016-10-10,1,2,1,0,2,1,3,5,2,4,4,3,4,2,3,4,1,0.49546551266875,0.352768772483613,0.0593202600307396,-0.0084889,-0.0039610, 0.0032917,-0.0048892,-0.0020319,sell
2016-10-11,1,1,1,1,2,1,4,4,3,4,5,4,3,2,2,4,2,0.481771490300337,0.344734213482347,0.0604401026248273,-0.0037236,-0.0060573, 0.0034479, 0.0068612,-0.0016619,buy
2016-10-12,3,3,0,1,3,1,1,6,3,3,5,3,4,2,2,5,3,0.467862387042104,0.336736979055582,0.0616287205985252,-0.0032680, 0.0002356,-0.0029618, 0.0019921,-0.0118632,sell
2016-10-13,3,3,0,1,3,1,2,4,4,4,4,3,5,3,3,5,2,0.453789143104798,0.328777069203316,0.0628905993026775, 0.0058093, 0.0049898, 0.0057824, 0.0122366, 0.0012065,buy
2016-10-14,2,3,1,1,2,2,2,3,2,3,4,2,4,2,3,4,2,0.43960593299826,0.32085448392555,0.0642130302432256,-0.0111103,-0.0098033,-0.0068383,-0.0029560,-0.0146426,sell
2016-10-15,2,2,1,2,2,2,2,4,2,4,2,3,5,4,3,4,2,0.425358845484595,0.312975443984701,0.0656087219142281,-0.0129250,-0.0035191,-0.0087935, 0.0008824,-0.0082469,sell
2016-10-16,2,4,0,2,2,1,1,5,2,2,1,3,4,4,4,3,2,0.41108588357817,0.305142615421803,0.0670754316402629,-0.0032022,-0.0052813,-0.0078776,-0.0058917,-0.0037074,sell
2016-10-17,1,2,2,2,2,2,2,4,3,2,2,3,4,4,4,4,1,0.396824241718577,0.297355109556513,0.0686086740704858, 0.0030281,-0.0084767,-0.0088649,-0.0107601,-0.0103514,sell
2016-10-18,1,1,1,4,0,3,2,5,0,1,2,2,2,4,2,4,2,0.382603028597673,0.289615592429865,0.070212186997267,-0.0028415,-0.0008084, 0.0015419,-0.0042210, 0.0006269,sell
2016-10-19,1,1,1,2,2,3,1,4,1,1,1,2,4,3,3,4,0,0.368452161482085,0.281928507443587,0.0718882130960284,-0.0004251,-0.0007627,-0.0011146,-0.0010795,-0.0000543,buy
2016-10-20,1,2,0,2,1,2,1,3,1,0,1,1,3,2,2,3,1,0.35439428046548,0.274293854597677,0.0736300243405039,-0.0043615,-0.0044544,-0.0041981,-0.0044879,-0.0096822,sell
2016-10-21,1,0,1,4,2,3,1,4,0,2,1,2,3,3,4,3,2,0.340452834216297,0.266712522572481,0.0754428536400117, 0.0057494, 0.0069750, 0.0022879, 0.0024115, 0.0099392,buy
2016-10-22,1,1,1,5,0,3,1,3,1,2,1,2,3,2,4,4,2,0.326646419954332,0.25918806608938,0.0773237107606557, 0.0042785, 0.0093103, 0.0025981, 0.0026712, 0.0123852,buy
2016-10-23,1,1,2,3,3,1,0,3,2,2,2,2,3,2,4,4,1,0.312994443474155,0.251728483271481,0.07927708105328, 0.0034900, 0.0081515, 0.0079310, 0.0027961, 0.0030889,buy
2016-10-24,1,3,2,2,2,0,0,4,1,2,3,2,1,3,4,3,1,0.299511459121694,0.244323998634987,0.0812992267255145,-0.0188099,-0.0009148,-0.0062303,-0.0063545,-0.0183115,sell
2016-10-25,2,3,0,4,0,1,1,3,1,4,4,1,2,2,5,3,2,0.286208786943781,0.236987942385076,0.0833886526604111, 0.0072169, 0.0057945, 0.0060853, 0.0066949, 0.0064315,buy
2016-10-26,2,1,2,2,1,1,1,1,1,4,3,1,2,2,3,4,1,0.273105024160214,0.229718537161057,0.08554909665034,-0.0184454,-0.0079574,-0.0052234,-0.0055784, 0.0036018,sell
2016-10-27,1,3,1,1,1,0,1,1,1,2,2,2,2,2,1,3,0,0.260205022219635,0.222518449003967,0.0877790635783531, 0.0046888, 0.0028914, 0.0034486, 0.0020913, 0.0028914,buy
2016-10-28,2,3,2,0,1,0,2,1,3,3,4,1,5,3,2,1,1,0.247522526893197,0.215393009995877,0.0900770583275024, 0.0014083,-0.0003912, 0.0033803, 0.0062124, 0.0020158,buy
2016-10-29,1,1,2,1,0,1,3,3,2,4,4,1,5,2,3,2,1,0.235068858227733,0.208336888054714,0.0924438284562619, 0.0115940, 0.0013584, 0.0080814, 0.0070925, 0.0068121,buy
2016-10-30,1,1,3,0,0,0,5,3,1,1,5,0,4,1,3,1,1,0.222851293396208,0.201360747344623,0.0948801215231055,-0.0028295,-0.0006041, 0.0067408, 0.0009949,-0.0004026,buy
2016-10-31,1,1,3,0,1,0,7,2,3,1,5,1,4,3,3,2,1,0.210879535295906,0.194465476545948,0.0973821997356633, 0.0000248,-0.0010923, 0.0023426,-0.0019529,-0.0012408,buy
2016-11-01,1,2,2,1,1,0,4,3,2,1,4,1,4,3,2,3,0,0.199162478249339,0.187648409617654,0.0999552960032534,-0.0014487, 0.0008930,-0.0024079, 0.0027608, 0.0020908,buy
2016-11-02,3,1,2,1,0,0,6,2,2,2,4,1,3,3,4,3,1,0.187704165130375,0.180914878641812,0.102593429858084,-0.0125478,-0.0017320,-0.0030335,-0.0050711,-0.0049965,sell
2016-11-03,3,1,3,0,0,0,8,2,2,1,3,1,2,4,5,3,2,0.176515107411073,0.174271104380839,0.105298096417102,-0.0071216,-0.0039386,-0.0051362,-0.0094013,-0.0060477,sell
2016-11-04,0,2,2,0,1,0,5,2,3,1,3,1,3,2,3,3,1,0.16560096511485,0.167712643433008,0.10807153835573, 0.0169212,-0.0018431, 0.0048525,-0.0062634,-0.0018431,buy
2016-11-05,1,3,2,0,1,0,6,3,3,2,4,0,4,3,4,4,2,0.154971441138991,0.161248382601772,0.110909270323125, 0.0058561, 0.0007368, 0.0039612,-0.0081510, 0.0003159,buy
2016-11-06,1,2,1,0,1,0,4,5,1,1,3,1,2,1,3,3,3,0.14462976978259,0.154879210567476,0.113811292319285,-0.0009541,-0.0062822,-0.0017048,-0.0187631,-0.0081464,sell
2016-11-07,0,2,2,0,1,0,5,2,2,0,3,0,2,2,3,2,2,0.134586462517708,0.148604238649775,0.116778351902686, 0.0107231, 0.0000948, 0.0059079,-0.0049670, 0.0006106,buy
2016-11-08,0,2,1,1,1,0,6,3,4,0,4,2,1,3,3,3,2,0.124850413666854,0.142432353652121,0.119816429541119, 0.0148120,-0.0045405, 0.0106266, 0.0070958, 0.0054396,buy
2016-11-09,1,1,0,1,3,0,4,5,2,1,3,3,2,3,3,3,1,0.11542162323003,0.136355557451407,0.122912816740525, 0.0033486,-0.0067486, 0.0035795, 0.0031003, 0.0058791,buy
2016-11-10,0,2,0,0,2,0,4,4,4,2,2,4,1,3,4,2,2,0.106312219828841,0.130387180252812,0.126074989085646, 0.0002125,-0.0019888, 0.0086892,-0.0010178, 0.0014631,buy
2016-11-11,0,3,1,0,1,1,4,3,3,2,2,3,2,3,4,1,3,0.0975270549119301,0.124519223933228,0.129297713667163,-0.0075007,-0.0039380,-0.0046768,-0.0047531, 0.0017673,sell
2016-11-12,1,3,2,1,1,1,2,4,1,1,2,2,2,3,3,2,3,0.0890758313765824,0.11876590737818,0.132583980718972,-0.0024699,-0.0016763,-0.0043265,-0.0034418,-0.0034096,sell
2016-11-13,0,2,2,2,3,0,2,3,2,1,2,4,1,3,3,1,3,0.0809601663723455,0.11312278718594,0.135933042682599, 0.0063546,-0.0057456, 0.0016726, 0.0021385, 0.0001058,buy
2016-11-14,0,2,1,4,3,0,3,3,1,0,3,3,1,3,2,3,2,0.0731873370721831,0.10758808599582,0.139341909324147, 0.0110442, 0.0055624, 0.0190437, 0.0111090, 0.0031556,buy
2016-11-15,0,2,2,3,3,1,2,3,1,1,2,3,2,3,2,4,2,0.0657727063967968,0.10217069061127,0.142813570877514, 0.0112713, 0.0133168, 0.0183235, 0.0150679, 0.0171660,buy
2016-11-16,0,4,1,2,2,1,3,1,3,1,2,3,5,1,2,4,1,0.0587187000705077,0.0968723783929816,0.146342794433381, 0.0131620, 0.0112137, 0.0132726, 0.0070462, 0.0045558,buy
2016-11-17,0,3,1,1,3,2,3,1,2,2,3,3,5,1,1,3,2,0.0520269352428635,0.091690483299919,0.149932570225643, 0.0103440, 0.0112953, 0.0113296, 0.0075788, 0.0109244,buy
2016-11-18,0,2,0,3,1,1,3,2,2,3,2,2,5,2,2,3,1,0.0457127748345656,0.0866312260944988,0.153581403137353,-0.0082496,-0.0163796,-0.0175645,-0.0104230,-0.0171079,sell
2016-11-19,0,3,0,3,2,1,3,2,4,1,3,3,6,1,1,3,2,0.0397851131681254,0.0816946067767209,0.15728705049309, 0.0112598, 0.0093811, 0.0103895, 0.0056765, 0.0083628,buy
2016-11-20,1,2,2,1,3,1,4,2,4,1,3,3,5,3,2,2,3,0.0342399073696739,0.0768859574286568,0.161050259851326,-0.0034807,-0.0025033,-0.0047887,-0.0075351,-0.0055961,sell
2016-11-21,2,3,1,3,1,1,4,3,2,2,4,2,5,4,2,3,2,0.0290973718085554,0.0722079440913421,0.164868788536639, 0.0065460, 0.0024325, 0.0075181, 0.0070569, 0.0030376,buy
2016-11-22,2,3,2,1,2,1,6,2,2,2,4,2,4,4,4,3,2,0.0243558893352222,0.0676525686416699,0.168744879224453, 0.0054085, 0.0063909, 0.0071426, 0.0034030, 0.0053734,buy
2016-11-23,2,2,1,2,1,0,5,2,2,2,3,2,2,4,3,3,2,0.0200292057208283,0.0632322726044733,0.172676289239344, 0.0163062,-0.0048533, 0.0139890, 0.0176751, 0.0118881,buy
2016-11-24,3,2,2,1,1,0,5,2,2,3,4,2,2,5,3,2,3,0.0161221724140162,0.0589488333404428,0.176660775905891, 0.0146947, 0.0032941, 0.0089720, 0.0106519, 0.0091987,buy
2016-11-25,3,1,3,2,0,1,6,2,2,3,5,3,2,5,3,3,2,0.0126388322886548,0.0547978074478523,0.180702077016464,-0.0011361, 0.0006271,-0.0012589,-0.0034954,-0.0014955,sell
2016-11-26,2,1,3,2,0,0,5,3,0,2,3,2,3,3,3,3,1,0.0095888882420291,0.0507907477711897,0.184793464544797,-0.0017182, 0.0093242, 0.0088402, 0.0069767, 0.0090290,buy
2016-11-27,2,0,3,1,1,0,5,0,3,4,3,1,3,3,4,4,1,0.00697719172278178,0.0469214335480385,0.188935686049363,-0.0021885, 0.0045053, 0.0122973, 0.0009214, 0.0100740,buy
2016-11-28,1,1,2,1,1,0,4,3,3,3,4,0,2,4,3,4,2,0.00481344562819794,0.0431943081801249,0.193131731764059, 0.0030656,-0.0073896, 0.0158519, 0.0164778, 0.0153148,buy
2016-11-29,2,0,2,2,0,0,3,4,3,4,4,1,3,4,3,4,1,0.00309522423395628,0.0396111490281392,0.19737711633804,-0.0017609,-0.0054263, 0.0064834,-0.0021586, 0.0089061,buy
2016-11-30,1,0,2,1,0,0,4,2,3,2,2,2,2,2,3,3,1,0.00183223043734195,0.0361719560920815,0.201669597095885, 0.0138068,-0.0105298, 0.0110090, 0.0037704, 0.0100009,buy
2016-12-01,0,1,1,1,0,0,2,3,3,2,1,2,3,1,1,4,1,0.00102527281312868,0.0328802840933328,0.206015154505385, 0.0002059, 0.0004668,-0.0128973, 0.0079701,-0.0116155,sell
2016-12-02,1,1,1,0,0,0,3,2,3,4,2,2,3,2,2,4,0,0.000680011384732847,0.0297387990729287,0.210407060540275, 0.0103344, 0.0094450, 0.0089171, 0.0082749, 0.0131013,buy
2016-12-03,2,1,1,0,0,0,4,4,2,4,3,2,3,3,3,3,1,0.000795637577380627,0.0267501670719049,0.214844567642081, 0.0047215,-0.0027517, 0.0126423, 0.0045902, 0.0183545,buy
2016-12-04,2,2,2,0,0,0,4,3,3,1,4,2,3,3,4,1,0,0.00136972566675078,0.0239134994099163,0.219328423369276,-0.0053857,-0.0039092, 0.0015381,-0.0031573,-0.0044786,sell
2016-12-05,2,2,2,0,0,0,4,2,5,1,4,2,2,3,3,3,1,0.0023982327789745,0.0212287960869627,0.223857132604912,-0.0053684,-0.0049651,-0.0079857,-0.0044403,-0.0059602,sell
2016-12-06,2,2,1,1,0,0,3,4,4,0,4,1,3,3,2,3,1,0.0038843932131468,0.0187031665458062,0.228429947790516,-0.0049031,-0.0071206,-0.0129922,-0.0041601,-0.0044089,sell
2016-12-07,2,2,1,0,1,0,3,3,5,1,4,2,2,2,4,3,1,0.0058120354737925,0.0163330560650657,0.233045373809139,-0.0009423, 0.0011672,-0.0006657, 0.0011159,-0.0008617,buy
2016-12-08,1,3,2,0,0,0,4,3,5,0,3,3,2,1,4,4,1,0.00817711668704277,0.0141220193661221,0.237702663102308,-0.0010190,-0.0012069,-0.0043871,-0.0017712,-0.0016716,buy
2016-12-09,2,2,2,0,0,1,2,4,5,1,3,3,3,2,4,4,0,0.0109618482078749,0.0120691677686303,0.242401815670022, 0.0032330, 0.0021585, 0.0009505, 0.0021678, 0.0026762,buy
2016-12-10,2,3,2,1,0,1,1,3,5,1,3,2,3,2,4,4,1,0.0141492499660399,0.0101762786332808,0.247140588836859, 0.0040437, 0.0035627,-0.0011106, 0.0002166,-0.0012670,buy
2016-12-11,1,3,2,1,2,0,2,2,4,2,3,2,2,2,4,4,2,0.0177166818678724,0.00844690668145433,0.251920477719767, 0.0107656, 0.0038522, 0.0180474, 0.0099346, 0.0099856,buy
2016-12-12,2,4,2,2,2,0,2,3,4,2,4,4,3,2,3,5,2,0.021639078095386,0.00687571983107967,0.256738492084851, 0.0038567, 0.0033024, 0.0058579, 0.0026863, 0.0045341,buy
2016-12-13,2,2,3,2,1,1,1,3,4,1,3,3,4,2,3,3,2,0.0258889471062726,0.0054716048856091,0.261592389256688, 0.0056455, 0.0107448,-0.0011189, 0.0170275, 0.0072983,buy
2016-12-14,2,2,4,1,1,1,1,2,4,0,3,3,4,1,3,2,2,0.0304185829888805,0.00423278448435215,0.266482169235278, 0.0087461, 0.0098585, 0.0147807, 0.0144532, 0.0084401,buy
2016-12-15,2,1,2,2,2,1,1,2,1,2,2,3,3,3,2,2,1,0.0351948341774854,0.00316014730765406,0.271410074696043,-0.0129294,-0.0071682,-0.0128115,-0.0081562,-0.0073384,sell
2016-12-16,2,1,1,2,3,1,2,2,1,2,1,3,3,2,3,3,2,0.0401708033352092,0.00224480655206248,0.276370125171191, 0.0094211, 0.0067983, 0.0207604, 0.0003138, 0.0032558,buy
2016-12-17,1,1,2,1,2,1,2,2,2,0,1,2,2,3,2,2,2,0.0452955502513051,0.00150098110310117,0.281365310894618, 0.0110838, 0.0049079,-0.0003058, 0.0089383, 0.0084243,buy
2016-12-18,1,0,2,2,1,1,3,3,2,0,2,3,1,5,1,2,1,0.0505132832663834,0.000920672837663017,0.286393389190903, 0.0056953, 0.0043334, 0.0164570, 0.0050114, 0.0051986,buy
2016-12-19,1,1,1,2,1,2,3,3,1,0,1,3,2,5,1,1,2,0.0557754878940185,0.000510991198509889,0.29145361250157,-0.0039289,-0.0098695,-0.0073814,-0.0023386,-0.0020820,sell
2016-12-20,1,0,1,2,3,0,3,2,1,1,2,3,0,4,1,1,3,0.0610255639000472,0.000265715423225165,0.296543738151198,-0.0033178,-0.0186399,-0.0124371,-0.0021162,-0.0025228,sell
2016-12-21,1,1,1,2,2,0,2,3,2,0,2,3,1,4,1,1,2,0.0662166139475914,0.000188400233189741,0.301664513698261, 0.0013364,-0.0125954,-0.0075933, 0.0004379, 0.0004379,sell
2016-12-22,2,0,2,3,1,1,2,3,4,1,3,3,2,4,2,3,2,0.0712993149754517,0.000279045628403687,0.30681593914276,-0.0036574,-0.0010059,-0.0155993,-0.0076185,-0.0076502,sell
2016-12-23,2,1,2,2,0,1,2,4,5,0,3,3,2,3,3,3,2,0.0762356639692612,0.000533208207140748,0.311992781575375, 0.0152126, 0.0147613, 0.0040806, 0.0210543, 0.0183555,buy
2016-12-24,1,2,3,1,0,0,1,3,5,1,2,2,2,4,2,3,2,0.0809900836389746,0.000957108731817633,0.317200273905425, 0.0090533, 0.0070078, 0.0084167, 0.0090561, 0.0112318,buy
2016-12-25,2,4,1,1,1,0,3,3,5,1,3,2,3,5,2,5,1,0.0855261881197726,0.00154896984174383,0.322433183223592,-0.0012643,-0.0082848,-0.0096117,-0.0086332,-0.0084136,sell
2016-12-26,1,3,1,2,0,0,0,5,5,2,3,2,5,2,1,5,1,0.0898116344207047,0.00230701417622889,0.327691509529875, 0.0161511, 0.0127437, 0.0069059, 0.0053376, 0.0099513,buy
2016-12-27,2,2,2,1,0,0,1,3,8,1,3,2,4,2,2,5,2,0.0938140795508206,0.00323035305492758,0.33297600038275, 0.0186705, 0.0261238, 0.0219257, 0.0218944, 0.0210153,buy
2016-12-28,2,3,2,1,0,0,0,2,9,0,3,3,3,0,2,6,2,0.097486626173242,0.00432342987956607,0.338283665548319, 0.0280366, 0.0318276, 0.0291774, 0.0253007, 0.0311567,buy
2016-12-29,2,3,1,1,0,0,0,3,8,0,2,3,4,1,1,5,2,0.100775099778127,0.00558091256807294,0.343613757468109, 0.0211161, 0.0223433, 0.0196483, 0.0243355, 0.0202119,buy
2016-12-30,2,2,0,1,0,0,2,3,4,2,2,3,4,1,1,4,1,0.103634220178145,0.00699835771872203,0.348965528583646, 0.0184763, 0.0085839, 0.0120175, 0.0087588, 0.0127634,buy
2016-12-31,1,3,0,1,0,0,3,2,2,0,2,2,3,0,1,3,1,0.105999301391395,0.00858642949565615,0.354337483777981, 0.0014830,-0.0047335,-0.0048359, 0.0006970,-0.0144844,sell
2017-01-01,2,1,1,1,0,0,3,2,5,0,2,2,3,2,1,3,2,0.107829106104416,0.0103335750543873,0.359731118168063, 0.0107811,-0.0181032,-0.0039377, 0.0083084, 0.0075443,buy
2017-01-02,5,0,1,1,0,0,0,3,4,0,2,2,3,3,1,1,2,0.109094525625352,0.0122442377966415,0.365142693961522,-0.0141333,-0.0159290,-0.0019529,-0.0017829,-0.0019400,sell
2017-01-03,4,0,0,1,1,0,1,2,4,1,2,2,3,3,1,2,1,0.109775345584858,0.0143201950831094,0.370571463599883,-0.0085356,-0.0114710,-0.0011749, 0.0086137,-0.0002977,sell
2017-01-04,2,1,0,0,1,0,2,2,3,1,1,1,1,3,2,2,2,0.10987237455771,0.0165543374710291,0.376017427083146, 0.0147553, 0.0163728, 0.0170804, 0.0169275, 0.0181252,buy
2017-01-05,3,1,0,1,0,1,3,3,3,1,2,2,2,4,1,2,3,0.109411486936666,0.0189466649604004,0.381481331969787, 0.0042660,-0.0132286,-0.0073784, 0.0007134,-0.0000453,buy
2017-01-06,3,1,1,1,0,1,0,5,4,2,2,2,2,5,1,3,3,0.108435537184737,0.0214980662315688,0.386958692908959,-0.0200793,-0.0197099,-0.0189982,-0.0147477,-0.0204970,sell
2017-01-07,3,1,1,2,0,0,0,3,5,2,2,3,3,5,1,2,1,0.106986571190157,0.0242076526041889,0.392451005017613,-0.0139656,-0.0253236,-0.0221545,-0.0079257,-0.0164415,sell
2017-01-08,3,0,1,2,2,0,2,2,3,2,3,2,2,5,2,3,0,0.105133317808698,0.0270727580372251,0.397956025620324, 0.0026099, 0.0022430, 0.0003227, 0.0042465, 0.0019207,buy
2017-01-09,2,0,0,3,1,0,1,3,2,5,3,2,2,5,1,3,1,0.102932377274521,0.0300969372520582,0.40347300715862,-0.0176918,-0.0195924,-0.0177715,-0.0171308,-0.0056239,sell
2017-01-10,2,3,1,1,1,1,2,1,3,3,3,3,2,3,2,4,1,0.100462181340682,0.0332650826828194,0.409002697190974,-0.0139024,-0.0138685,-0.0146999,-0.0128879,-0.0206009,sell
2017-01-11,2,2,3,1,0,1,2,2,2,2,3,3,3,3,1,3,1,0.0977785216665696,0.0365896358543418,0.414541357925017,-0.0164262,-0.0164262,-0.0200921,-0.0170583,-0.0175227,sell
2017-01-12,2,0,1,3,2,1,2,2,1,4,4,1,3,3,2,4,1,0.0949444670845381,0.0400608212828279,0.420090484477696,-0.0132509,-0.0229855,-0.0260730,-0.0116120,-0.0126096,sell
2017-01-13,1,1,0,3,4,0,2,1,1,3,3,1,3,2,3,3,1,0.092024703576488,0.0436857484110396,0.425647834173589,-0.0029212, 0.0009415,-0.0067212, 0.0001397, 0.0055893,sell
2017-01-14,1,0,2,1,5,0,2,1,2,3,4,1,3,2,3,3,1,0.0890758313765824,0.0474519757141436,0.431212659454222, 0.0070794, 0.0158459, 0.0113702, 0.0045338, 0.0102498,buy
2017-01-15,1,1,0,2,1,2,2,2,1,2,3,0,3,2,3,2,1,0.0861455563964733,0.0513657239545565,0.436784212761122,-0.0041818,-0.0030227,-0.0029564,-0.0025736,-0.0100355,sell
2017-01-16,1,1,1,0,2,3,3,2,2,3,4,1,3,3,4,2,1,0.0832767330991701,0.0554207723698617,0.442361746535814, 0.0162656, 0.0264920, 0.0274033, 0.0113034, 0.0195840,buy
2017-01-17,1,2,0,0,2,1,3,1,1,2,2,1,2,2,3,3,0,0.0805194931206458,0.0596206756814401,0.447946008336772, 0.0124809, 0.0118269, 0.0092305, 0.0066258, 0.0097942,buy
2017-01-18,2,2,0,0,3,1,1,1,1,2,2,0,3,3,1,3,1,0.0779037537275297,0.0639574357661847,0.453531765254678, 0.0070789, 0.0143384, 0.0182994, 0.0082179, 0.0176401,buy
2017-01-19,1,1,0,2,3,1,2,1,2,2,2,1,2,2,2,4,2,0.075465900784641,0.0684310526240954,0.459129483108169,-0.0053484,-0.0054815,-0.0099984,-0.0129974,-0.0073520,sell
2017-01-20,0,1,1,2,1,0,2,1,2,1,1,1,2,1,2,3,1,0.0732374687081563,0.0730406375748269,0.464719725376919,-0.0174220,-0.0130737,-0.0132960,-0.0166404,-0.0128274,sell
2017-01-21,0,3,3,1,3,0,4,0,3,1,4,2,3,2,2,4,1,0.0712435233160622,0.0777870792987246,0.470306977411773, 0.0089226, 0.0016820, 0.0018526,-0.0090147, 0.0004009,buy
2017-01-22,0,4,1,1,3,0,3,2,2,2,5,1,2,2,3,4,1,0.0695010446786077,0.0826614909923361,0.475904695265264,-0.0009070, 0.0000448, 0.0002960,-0.0058025,-0.0072043,sell
2017-01-23,0,4,1,1,2,0,2,2,2,4,4,1,2,3,2,4,2,0.0680375243381007,0.0876683160573874,0.481502413118754,-0.0016832,-0.0055586,-0.0005817,-0.0010958,-0.0043350,buy
2017-01-24,1,2,1,0,2,0,2,1,3,4,4,1,1,2,4,3,1,0.0668723680891114,0.092796890329736,0.487100130972245,-0.0053408,-0.0075323, 0.0002003,-0.0073611,-0.0017275,sell
2017-01-25,1,3,0,0,1,0,1,1,3,3,2,1,2,2,3,3,0,0.0660177045532463,0.0980507685307626,0.492697848825735, 0.0178275, 0.0092801, 0.0115583, 0.0098636, 0.0119106,buy
2017-01-26,2,1,0,0,1,0,3,2,3,3,3,0,4,2,3,2,1,0.0654921309503018,0.103428173299777,0.498295566679226, 0.0002575, 0.0083982, 0.0157171, 0.0054676, 0.0164478,buy
2017-01-27,1,2,0,0,1,0,4,4,3,2,4,1,4,1,4,1,2,0.0653013073036942,0.108925549915398,0.503893284532716, 0.0072261, 0.0074460, 0.0115810, 0.0068642, 0.0037083,buy
2017-01-28,1,2,1,0,1,0,4,4,2,1,4,1,2,2,4,2,1,0.0654638308332202,0.114539343656244,0.509474556099778, 0.0025364, 0.0024595, 0.0034442, 0.0040905, 0.0018874,buy
2017-01-29,1,1,1,0,1,0,4,3,2,2,3,1,1,3,3,3,1,0.0659902130109384,0.120272220563352,0.51505956545921, 0.0024659,-0.0049184, 0.0120246, 0.0002383, 0.0088222,buy
2017-01-30,2,0,0,1,1,0,3,3,1,3,3,1,2,3,2,3,0,0.0668836881359441,0.12611707119396,0.520637846792376,-0.0074263,-0.0046832,-0.0046832,-0.0069933,-0.0032883,sell
2017-01-31,4,0,0,0,2,0,3,1,1,4,3,2,1,2,4,2,1,0.0681588105541648,0.132070340826686,0.526205662306906, 0.0179506, 0.0150975, 0.0137184, 0.0153970, 0.0178621,buy
2017-02-01,4,1,0,0,0,0,3,2,0,4,1,2,3,2,4,1,1,0.0698155802656007,0.138129363420495,0.531770487587539, 0.0188460, 0.0167749, 0.0101269, 0.0177732, 0.0195327,buy
2017-02-02,3,2,1,0,0,1,4,3,0,4,2,1,3,4,5,2,1,0.0718669344666317,0.144299471057459,0.53732559460801, 0.0120753, 0.0130510, 0.0101171, 0.0138878, 0.0113359,buy
2017-02-03,1,2,0,1,0,0,5,3,1,2,1,2,4,2,3,1,2,0.0743120645824843,0.150570888253779,0.542872478485267, 0.0077951, 0.0086075, 0.0051344, 0.0051344, 0.0051970,buy
2017-02-04,1,1,1,1,2,0,3,3,1,2,2,2,2,2,4,2,1,0.0771639078095386,0.15694094896842,0.548408896543888,-0.0011087,-0.0070389,-0.0051156,-0.0010714,-0.0020482,buy
2017-02-05,1,1,0,2,1,0,2,2,4,2,2,2,2,2,3,2,2,0.0804216555730208,0.163413207922763,0.553934848783872, 0.0019352,-0.0168987,-0.0054724, 0.0001983,-0.0001158,buy
2017-02-06,1,2,1,1,1,1,3,2,3,1,2,2,4,2,3,2,1,0.084091776471121,0.169981444354392,0.559448840088272, 0.0084669, 0.0058426,-0.0020685, 0.0059716, 0.0064066,buy
2017-02-07,1,3,3,0,0,1,2,2,2,2,3,3,4,1,2,1,2,0.0881766962281604,0.176640326181234,0.564951618015561, 0.0100129,-0.0005169, 0.0029874, 0.0091937, 0.0112684,buy
2017-02-08,1,5,2,1,1,1,2,1,2,3,4,4,3,2,2,2,2,0.0926788405684604,0.183388964722945,0.570440939890318,-0.0012921,-0.0013333, 0.0080383, 0.0017442, 0.0056219,buy
2017-02-09,1,5,3,2,2,0,2,1,3,2,3,4,3,1,5,3,2,0.0976006352163423,0.19022647129918,0.575916058154069,-0.0106339,-0.0154731,-0.0120968,-0.0133204,-0.0145513,sell
2017-02-10,1,3,5,3,2,0,2,1,4,0,3,4,2,2,5,2,3,0.102947740195222,0.197150179868902,0.581378467923761,-0.0019235,-0.0099492,-0.0125285,-0.0107024,-0.0095547,sell
2017-02-11,1,3,3,4,2,0,1,3,4,0,4,3,1,2,5,3,3,0.108722581229422,0.204160090432112,0.586822188731603,-0.0023160,-0.0045430,-0.0175030,-0.0027128,-0.0071719,sell
2017-02-12,1,4,2,2,3,1,2,3,4,0,3,4,3,2,5,3,2,0.114926775468488,0.211248204865703,0.59225021081149,-0.0017235,-0.0039026,-0.0058109,-0.0043989,-0.0045501,sell
2017-02-13,0,3,2,0,1,0,4,2,4,1,3,2,3,1,5,2,1,0.121555471463779,0.21841718921071,0.59766402928037,-0.0035597,-0.0080637,-0.0023843,-0.0074032,-0.0091502,sell
2017-02-14,0,3,1,0,1,2,3,2,3,0,1,3,4,1,4,0,2,0.128619989262127,0.225662600065407,0.60305542099503, 0.0049911, 0.0019824, 0.0024925, 0.0012856, 0.0060007,buy
2017-02-15,1,1,1,1,1,2,3,2,4,1,2,3,5,1,4,1,1,0.136117903139211,0.232983548749449,0.608434851774106, 0.0087543, 0.0042560, 0.0073120, 0.0054789, 0.0062704,buy
2017-02-16,1,1,1,1,1,0,4,3,3,1,1,2,5,2,5,0,1,0.144048404520256,0.240372925820074,0.613791108240487, 0.0113652, 0.0104873, 0.0111105, 0.0114474, 0.0106330,buy
2017-02-17,0,1,1,0,3,0,5,3,3,1,1,3,4,3,4,1,1,0.152416344853907,0.247836952039699,0.619130170861965,-0.0047288, 0.0064779, 0.0030094, 0.0012229, 0.0033424,buy
2017-02-18,0,2,0,2,1,0,4,3,4,1,1,3,2,5,3,2,1,0.16121929841584,0.255362297203145,0.624446806729222,-0.0022975,-0.0016786, 0.0029797,-0.0050096,-0.0031344,sell
2017-02-19,1,1,3,2,0,0,2,4,2,2,2,4,2,4,1,3,1,0.170458073780831,0.262957848113865,0.629744753634629,-0.0096959,-0.0098820,-0.0094082,-0.0097898,-0.0091260,sell
2017-02-20,2,2,3,0,0,0,3,2,3,2,2,3,2,4,2,3,1,0.180132670948879,0.270606719845299,0.635019526227342,-0.0172010,-0.0204622,-0.0206006,-0.0186595,-0.0170467,sell
2017-02-21,2,4,1,0,0,1,2,4,5,2,3,3,2,3,3,4,3,0.190247132793852,0.278325797324006,0.640271872065833, 0.0185738, 0.0199568, 0.0203077, 0.0200579, 0.0237532,buy
2017-02-22,2,3,1,1,0,1,1,4,3,5,4,3,2,3,2,5,2,0.200799842166204,0.286096418262737,0.64550104359163, 0.0040319, 0.0114745, 0.0080435, 0.0093111, 0.0079185,buy
2017-02-23,2,2,1,1,0,1,2,5,2,4,5,2,2,3,3,4,1,0.211789181916387,0.293923026063217,0.65070853592168, 0.0125844, 0.0167387, 0.0081957, 0.0134996, 0.0128384,buy
2017-02-24,2,2,1,1,0,1,3,5,2,1,4,1,3,3,3,2,2,0.223210300595758,0.301802066004067,0.655883883237347,-0.0060369,-0.0032441,-0.0056110, 0.0048712,-0.0031142,sell
2017-02-25,2,1,1,1,0,1,2,6,4,1,3,2,2,4,3,3,2,0.235067241078186,0.30973264940494,0.661045026942007,-0.0051690,-0.0031800,-0.0130879, 0.0142614, 0.0033820,sell
2017-02-26,3,1,0,2,0,1,2,9,2,1,3,2,3,4,3,3,3,0.247359194788897,0.317705889462384,0.666175520749233, 0.0011676, 0.0005907,-0.0009550, 0.0063430, 0.0003828,buy
2017-02-27,3,1,1,2,1,1,4,5,1,2,4,2,4,3,3,4,1,0.260083736003571,0.325727118258471,0.671279850009868, 0.0132714, 0.0154839, 0.0119583, 0.0146406, 0.0110251,buy
2017-02-28,3,2,1,2,0,1,2,6,0,2,3,2,4,2,4,3,1,0.273231970399695,0.333790115030784,0.676354276931542,-0.0029989,-0.0004874,-0.0066593,-0.0066593,-0.0029781,sell
2017-03-01,6,2,2,2,0,2,2,7,0,1,4,3,6,2,4,4,1,0.286809558000686,0.341893102418632,0.681404034423573, 0.0138177, 0.0151341, 0.0135286, 0.0083287, 0.0142186,buy
2017-03-02,5,2,2,2,0,2,1,6,1,0,3,3,6,2,4,3,0,0.300804370184937,0.350032525700636,0.686422394459695, 0.0090619, 0.0136200, 0.0112189, 0.0043995, 0.0118538,buy
2017-03-03,3,1,2,2,2,1,5,4,1,0,3,3,5,1,4,3,2,0.315212364078581,0.358209273557139,0.69141159971533, 0.0230530, 0.0227313, 0.0223382, 0.0208917, 0.0151741,buy
2017-03-04,3,1,1,3,2,1,4,7,0,0,4,4,4,1,3,4,2,0.330027879658199,0.366417125225725,0.6963738928659, 0.0199065, 0.0137507, 0.0156597, 0.0144537, 0.0160725,buy
2017-03-05,3,2,2,1,1,1,2,5,3,1,3,3,6,2,2,3,2,0.345242022601282,0.374656969386739,0.701301050768191, 0.0000304, 0.0021376, 0.0021172, 0.0003068, 0.0019034,buy
2017-03-06,3,3,2,0,1,1,2,3,4,0,2,3,5,3,3,2,1,0.36084428143577,0.382923473958111,0.706197558773047,-0.0009852,-0.0019872,-0.0081221,-0.0028448,-0.0052600,sell
2017-03-07,2,3,2,0,1,1,2,3,2,3,3,2,5,4,2,1,2,0.376817676091414,0.39121663893984,0.71106192176352, 0.0057128, 0.0043035, 0.0165874, 0.0058598, 0.0031750,buy
2017-03-08,0,4,1,1,3,1,3,1,2,3,3,1,3,4,3,4,1,0.39315250367093,0.3995320209302,0.715894887298085,-0.0114201,-0.0114794,-0.0160617,-0.0137203,-0.0083017,sell
2017-03-09,0,4,2,1,4,0,3,1,2,0,2,1,3,4,3,3,1,0.409826932655424,0.407868731248845,0.720693465142844,-0.0017178,-0.0099140,-0.0100046,-0.0098453,-0.0032989,sell
2017-03-10,0,2,4,2,3,0,3,1,3,1,3,1,2,5,4,3,1,0.426814280077364,0.41622588121543,0.725451674830005,-0.0097937,-0.0173603,-0.0207848,-0.0142616,-0.0173392,sell
2017-03-11,0,3,3,4,3,1,3,2,1,1,3,2,3,3,5,3,2,0.444095948716954,0.42459725006754,0.730183719970576,-0.0022590, 0.0065543, 0.0014595, 0.0061167, 0.0013016,buy
2017-03-12,0,3,1,1,3,1,5,0,1,2,2,2,2,3,4,3,1,0.461635552709372,0.432986392526554,0.734878387187446, 0.0095478, 0.0114023,-0.0033893, 0.0092220, 0.0089430,buy
2017-03-13,0,3,0,0,3,1,3,0,1,3,1,2,2,3,4,1,1,0.47940074906367,0.441385310469365,0.739533433805192, 0.0095620, 0.0107079, 0.0039682, 0.0155436, 0.0117055,buy
2017-03-14,1,3,0,0,2,2,3,0,0,3,2,1,2,3,3,2,1,0.497346257592517,0.449795781256665,0.744154092733134, 0.0076399, 0.0097125, 0.0073973, 0.0086617, 0.0091945,buy
2017-03-15,1,2,0,1,1,2,3,0,1,2,2,2,2,2,3,2,0,0.515431649557224,0.458214250167072,0.748735131061952, 0.0054426, 0.0088752, 0.0088752, 0.0093916, 0.0088752,buy
2017-03-16,1,2,1,0,1,1,3,1,1,1,0,2,2,2,3,1,2,0.533591430401118,0.466638939839895,0.753278791467069,-0.0019090,-0.0032922,-0.0043693, 0.0001429, 0.0082809,buy
2017-03-17,1,4,0,1,1,0,6,0,1,1,1,2,2,2,4,2,2,0.55177465991345,0.47506896159479,0.757785821506958,-0.0039381,-0.0100412,-0.0201187,-0.0095819,-0.0074757,sell
2017-03-18,1,4,1,1,1,0,5,2,0,2,1,3,4,2,4,1,2,0.569914226387999,0.483498983349685,0.762253978506199,-0.0165347,-0.0183808,-0.0181921,-0.0124311,-0.0164750,sell
2017-03-19,1,3,2,2,1,0,5,0,1,2,1,4,3,1,3,2,3,0.587938166669901,0.491931671145616,0.766680272230894,-0.0020475,-0.0035302,-0.0061849, 0.0073448,-0.0023009,sell
2017-03-20,2,3,1,1,0,0,3,0,1,2,1,2,1,1,4,1,3,0.605773709029516,0.50035991553982,0.771066945356466, 0.0024708,-0.0018276,-0.0032435, 0.0010210, 0.0015016,buy
2017-03-21,1,3,1,0,0,1,2,0,2,3,1,2,3,2,3,1,1,0.623339187414695,0.508784605212644,0.775413997882914,-0.0120913, 0.0002771,-0.0010433, 0.0043204, 0.0030076,sell
2017-03-22,1,2,0,1,0,1,3,1,2,4,2,2,4,2,4,1,0,0.640553744348062,0.51720307412305,0.77971769201787,-0.0105115,-0.0012964,-0.0030226, 0.0016603,-0.0012920,sell
2017-03-23,1,2,0,1,0,1,3,2,2,2,2,3,3,1,3,1,1,0.657334905202693,0.525612656230005,0.783980270436754,-0.0108069,-0.0035692,-0.0057310,-0.0030652,-0.0030542,sell
2017-03-24,1,0,1,1,0,1,2,2,3,2,2,1,2,2,3,2,1,0.673601003926439,0.534009796812126,0.788200985581092,-0.0143927,-0.0140331,-0.0180271, 0.0138287,-0.0228993,sell
2017-03-25,1,0,0,2,0,1,1,2,3,1,2,0,1,2,2,3,1,0.689274417341018,0.542398050590795,0.792378342333937,-0.0126236,-0.0129329,-0.0160036, 0.0148174,-0.0186582,sell
2017-03-26,2,0,1,2,1,1,2,3,3,1,3,1,3,3,2,3,1,0.704278330842923,0.550766753401868,0.796512340695289,-0.0093265,-0.0077434,-0.0234994, 0.0080944,-0.0105883,sell
2017-03-27,2,1,1,1,1,1,1,2,2,1,2,1,2,1,4,2,1,0.718541589852063,0.559120348647073,0.800602233106674, 0.0114356, 0.0116917,-0.0004144, 0.0207339, 0.0001523,buy
2017-03-28,3,2,1,1,0,1,2,1,1,1,1,1,3,1,4,2,1,0.731996274087443,0.567455281605028,0.804647272009617, 0.0144861, 0.0202322, 0.0049996, 0.0225442, 0.0093108,buy
2017-03-29,2,2,2,1,0,1,2,3,1,1,1,1,4,2,4,2,1,0.744589826188767,0.575767108874007,0.80864596228717, 0.0111066, 0.0184254, 0.0053803, 0.0232829,-0.0012205,buy
2017-03-30,2,3,2,2,1,0,3,3,2,1,1,2,4,3,5,1,3,0.756265645921872,0.584054941773664,0.812599799056282, 0.0030838, 0.0116593, 0.0128619, 0.0127462, 0.0077509,buy
2017-03-31,1,2,3,3,3,0,3,3,2,1,3,2,3,4,5,1,3,0.76697441022556,0.592317891623655,0.816504296966109, 0.0040117, 0.0106354, 0.0097818, 0.0077074, 0.0087843,buy
2017-04-01,0,2,3,3,2,0,4,3,2,2,3,3,4,4,4,1,2,0.776679733235011,0.600553292382943,0.82036693160139, 0.0125230, 0.0175368, 0.0173159, 0.0125486, 0.0163344,buy
2017-04-02,0,4,3,1,2,1,4,3,2,2,3,4,4,3,5,1,2,0.785339569061989,0.608753145928422,0.824179479818911, 0.0125536, 0.0167152, 0.0174175, 0.0189668, 0.0208406,buy
2017-04-03,0,4,2,0,1,2,3,2,1,3,4,4,2,3,2,0,3,0.792926426164186,0.616926339063544,0.827944184294096, 0.0139989, 0.0149197, 0.0138073, 0.0114201, 0.0180032,buy
2017-04-04,0,2,2,1,2,2,3,1,1,4,3,3,2,4,3,1,2,0.7994095787002,0.625062207624166,0.83165880235152, 0.0091697, 0.0100987, 0.0087381, 0.0095838, 0.0159993,buy
2017-04-05,0,2,2,3,3,1,2,0,0,2,2,1,3,3,3,1,2,0.804768003725913,0.633161640290634,0.835327071783555,-0.0038644,-0.0064605,-0.0012202,-0.0040987,-0.0050849,sell
2017-04-06,0,1,3,2,4,1,2,0,1,3,3,2,2,4,3,1,2,0.808984721171075,0.641221971021911,0.838942264563934, 0.0037810,-0.0044983, 0.0038011, 0.0039914, 0.0060986,buy
2017-04-07,0,2,3,2,2,2,3,1,0,2,3,2,1,4,2,4,1,0.812044368114986,0.649240533776963,0.842508118485028, 0.0050180, 0.0027185, 0.0075003, 0.0038911, 0.0057817,buy
2017-04-08,1,2,3,1,2,3,4,0,0,2,3,2,1,4,2,5,1,0.813932390211717,0.657217328555788,0.84602538110531, 0.0053832, 0.0030912, 0.0058304, 0.0025848, 0.0062769,buy
2017-04-09,1,2,2,1,2,2,3,0,0,3,2,3,0,4,2,4,1,0.814653638909912,0.665149689317351,0.849489567073937, 0.0087480, 0.0080846, 0.0084528, 0.0096584, 0.0083530,buy
2017-04-10,2,2,1,1,1,1,3,0,0,3,2,2,1,5,1,3,0,0.814205688485248,0.673034950020617,0.852902171507855, 0.0073085, 0.0069673, 0.0075088, 0.0091064, 0.0067592,buy
2017-04-11,2,1,1,1,2,2,3,0,2,3,2,3,1,4,2,4,1,0.812607136157523,0.680872221985241,0.856263194407067, 0.0105628, 0.0091443, 0.0091443, 0.0097849, 0.0075737,buy
2017-04-12,1,1,1,2,2,1,3,1,2,2,1,2,2,2,4,3,2,0.809874153422212,0.688657950489841,0.859570393096148, 0.0002163, 0.0062721,-0.0036418,-0.0053091,-0.0021031,sell
2017-04-13,1,1,3,1,2,1,5,1,2,2,1,3,1,3,5,4,2,0.806049594742323,0.696393024214762,0.862826757808996, 0.0024281, 0.0025827,-0.0009347,-0.0021320,-0.0019514,buy
2017-04-14,1,2,2,1,2,1,4,3,1,1,1,3,2,2,4,5,1,0.80118116602951,0.704072999758279,0.866027055636292,-0.0009020, 0.0000728, 0.0003694,-0.0021481,-0.0012452,buy
2017-04-15,1,2,1,1,1,0,4,2,2,2,1,2,2,3,3,4,1,0.795326276092708,0.711695211079356,0.869176519487354,-0.0002070, 0.0056870, 0.0083588, 0.0018483, 0.0007209,buy
2017-04-16,2,1,2,0,2,0,4,1,2,2,1,3,1,2,4,4,1,0.788570633857937,0.719261435538683,0.872269916452865, 0.0014773, 0.0015655, 0.0005437,-0.0021549,-0.0011771,buy
2017-04-17,2,2,1,1,2,0,3,2,2,2,0,4,3,1,4,4,1,0.781008842573726,0.726767229734533,0.87531397455909, 0.0045480, 0.0047049, 0.0067801, 0.0045983, 0.0043688,buy
2017-04-18,2,3,2,2,1,0,5,2,3,3,2,4,3,3,5,5,1,0.772746016960664,0.734209927625873,0.878295237753497, 0.0011884, 0.0017727, 0.0014007, 0.0067463, 0.0012860,buy
2017-04-19,1,3,3,1,1,0,6,3,2,2,2,4,3,2,5,4,2,0.763909103258233,0.7415895292127,0.881224919413197, 0.0066710, 0.0066710, 0.0096444, 0.0072866, 0.0062129,buy
2017-04-20,1,3,3,1,1,0,6,4,1,1,2,4,3,3,5,2,2,0.754625856280685,0.748903368453981,0.884098534187344, 0.0086222, 0.0104046, 0.0159733, 0.0123868, 0.0124657,buy
2017-04-21,1,3,3,2,1,0,6,3,3,2,3,5,2,4,5,3,2,0.745035350889109,0.756150556669368,0.886918324751362, 0.0048419, 0.0072834, 0.0090220, 0.0077364, 0.0053204,buy
2017-04-22,2,2,1,3,2,0,4,4,1,2,3,4,3,4,3,3,1,0.735279087668911,0.763327539137482,0.889679805754406, 0.0108124, 0.0124821, 0.0140303, 0.0187506, 0.0022062,buy
2017-04-23,3,2,1,2,2,0,5,1,3,2,2,4,2,4,4,3,2,0.725506652953238,0.770428983776252,0.892384472313424,-0.0005757, 0.0009108,-0.0011081, 0.0052553, 0.0005177,buy
2017-04-24,2,2,1,2,0,1,4,2,2,2,2,4,2,2,4,2,2,0.71584903585544,0.777461111348092,0.895033071986891,-0.0009611, 0.0026491, 0.0044494, 0.0033384, 0.0049619,buy
2017-04-25,2,2,2,2,0,1,5,3,1,2,2,3,3,3,4,3,2,0.706433182614996,0.784414146369208,0.897622614540909, 0.0081402, 0.0103808, 0.0138216, 0.0138754, 0.0132733,buy
2017-04-26,2,2,2,3,1,0,5,3,1,1,2,2,3,3,4,3,3,0.697388465195707,0.791293420921668,0.900157585326324, 0.0099526, 0.0129919, 0.0156323, 0.0156111, 0.0131421,buy
2017-04-27,1,0,2,4,2,0,3,2,2,1,3,1,2,2,4,2,3,0.688810295420879,0.798089159521677,0.902632003875343, 0.0085694, 0.0100840, 0.0125060, 0.0126076, 0.0100393,buy
2017-04-28,2,0,2,5,1,0,2,2,1,2,3,2,2,2,4,3,1,0.680796510838136,0.80480758293165,0.905049607980336, 0.0087854, 0.0052658, 0.0013434, 0.0117783, 0.0065392,buy
2017-04-29,1,1,2,2,1,1,1,3,2,3,1,2,4,2,4,3,1,0.673423117476212,0.8114371383071,0.907407407407407, 0.0111265, 0.0083101, 0.0110322, 0.0127445, 0.0185113,buy
2017-04-30,1,3,2,2,0,1,2,3,2,3,2,3,4,1,4,3,2,0.666753184167459,0.817983157730097,0.909706149715031, 0.0057201, 0.0032756, 0.0056836, 0.0014970, 0.0061691,buy
2017-05-01,1,1,2,3,2,1,0,3,1,3,2,2,3,2,4,3,1,0.660836842547851,0.824441197798917,0.91194658246168, 0.0196691, 0.0136292, 0.0122121, 0.0198494, 0.0242188,buy
2017-05-02,1,1,2,4,3,0,0,2,2,1,1,2,3,1,4,4,1,0.655706435608339,0.830808592472522,0.914123472738038, 0.0244198, 0.0225967, 0.0175434, 0.0245309, 0.0250567,buy
2017-05-03,1,1,3,4,3,0,0,2,3,0,2,2,2,2,4,4,1,0.651387029166909,0.837084453070568,0.916248033921213, 0.0160190, 0.0145376, 0.0059153, 0.0248456, 0.0157086,buy
2017-05-04,1,0,3,3,2,0,0,3,1,1,2,2,1,1,3,4,1,0.647888326120846,0.843268779593056,0.918308305075623, 0.0348745, 0.0323629, 0.0241268, 0.0339930, 0.0349334,buy
2017-05-05,1,2,3,3,1,1,1,2,1,2,2,3,3,3,3,3,0,0.645216795068341,0.849353573916876,0.920309519110585, 0.0290590, 0.0114009, 0.0303946, 0.0282338, 0.0191809,buy
2017-05-06,1,2,3,1,2,1,0,2,1,2,1,2,2,3,3,3,1,0.643368393135524,0.855345056804448,0.922248685792203, 0.0171440, 0.0113458, 0.0166660, 0.0068825, 0.0156372,buy
2017-05-07,2,1,4,0,2,1,0,3,1,1,3,2,4,2,1,2,1,0.642330183126015,0.861234341452317,0.92412655267895, 0.0295087, 0.0191128, 0.0213844, 0.0131056, 0.0123450,buy
2017-05-08,2,0,4,2,2,1,0,3,2,2,3,3,5,2,2,3,0,0.642085993544339,0.867023205221175,0.925944614887777, 0.0325929, 0.0185171, 0.0315349, 0.0220078, 0.0195822,buy
2017-05-09,1,1,3,2,3,1,0,4,1,1,2,3,3,1,4,3,1,0.642616418595926,0.872712536791366,0.927696144392414, 0.0351310, 0.0329854, 0.0252851, 0.0285019, 0.0349835,buy
2017-05-10,1,1,4,1,2,0,1,4,1,1,2,2,3,2,3,2,2,0.643902861060979,0.878293449359439,0.929396839920819, 0.0260486, 0.0270995, 0.0122898, 0.0178611, 0.0180680,buy
2017-05-11,1,2,3,1,1,0,1,5,1,1,2,1,3,3,3,3,1,0.645909743649454,0.88377038632712,0.931030255186561, 0.0068996, 0.0078929, 0.0062961, 0.0080926, 0.0002029,buy
2017-05-12,1,2,4,1,0,1,1,4,1,2,2,2,4,2,2,4,1,0.648616851992005,0.889139792973027,0.932602370657433, 0.0139290, 0.0122973, 0.0123332, 0.0114223, 0.0115343,buy
2017-05-13,2,2,4,0,2,2,2,3,1,2,3,2,3,3,4,4,1,0.65199992884542,0.894402557977506,0.934113186333435, 0.0080204, 0.0064380, 0.0020710, 0.0015224, 0.0028124,buy
2017-05-14,2,3,3,0,2,1,2,2,0,2,2,1,3,2,4,3,2,0.656024205494427,0.899555126619176,0.935561954656093, 0.0117166, 0.0099148,-0.0013454, 0.0121470, 0.0019930,buy
2017-05-15,2,3,2,1,3,1,2,2,1,3,4,2,4,3,3,3,1,0.660661381821945,0.904590389455274,0.936947928066933,-0.0040939,-0.0041183,-0.0073132,-0.0091778,-0.0041686,sell
2017-05-16,2,3,2,2,2,1,3,3,0,2,4,2,4,3,4,3,0,0.665883157710892,0.909512789887529,0.938272601682904,-0.0028302,-0.0065195,-0.0041690,-0.0065195,-0.0044593,sell
2017-05-17,1,2,3,2,2,1,3,3,1,1,4,3,4,2,3,2,1,0.671662850193735,0.914324105276629,0.939536723062478, 0.0109529, 0.0088971, 0.0094106, 0.0073144, 0.0105033,buy
2017-05-18,0,2,2,2,2,1,4,4,3,0,4,2,3,3,4,2,2,0.677968924854295,0.919018114860157,0.940736554413286, 0.0177407, 0.0295044, 0.0299884, 0.0247188, 0.0281528,buy
2017-05-19,1,3,0,2,3,1,3,5,2,0,4,2,3,3,3,3,2,0.684774698725039,0.923587709195353,0.941875085969225, 0.0137506, 0.0274264, 0.0276194, 0.0212248, 0.0228309,buy
2017-05-20,1,1,0,1,3,1,4,2,1,2,3,2,2,3,2,3,1,0.692051063114112,0.928039997724978,0.942950822613345, 0.0134490, 0.0152870, 0.0148610, 0.0140885, 0.0030826,buy
2017-05-21,0,2,0,2,2,1,3,1,0,2,2,1,1,4,3,2,0,0.699774569353076,0.932373203088342,0.943965259462595, 0.0118683, 0.0117794, 0.0042576, 0.0043666,-0.0005093,buy
2017-05-22,2,2,0,2,1,3,2,1,1,2,3,2,2,5,2,1,1,0.707908831577109,0.936580215842682,0.944916153841553, 0.0204090, 0.0212968, 0.0266565, 0.0200241, 0.0211413,buy
2017-05-23,1,1,1,3,1,2,1,3,1,2,2,3,2,5,3,1,0,0.716435252566416,0.94066459070938,0.945799020399376, 0.0382747, 0.0374995, 0.0382747, 0.0245627, 0.0318578,buy
2017-05-24,0,0,1,3,3,2,3,2,2,1,3,3,2,4,3,1,1,0.725323915054369,0.944624550327745,0.946631052980964, 0.0232740, 0.0225930, 0.0225930, 0.0005688, 0.0191008,buy
2017-05-25,0,1,1,4,3,2,3,2,2,1,3,2,2,5,3,2,2,0.734549753222979,0.948452985255016,0.947395057741416, 0.0104686, 0.0156509, 0.0152303,-0.0077059, 0.0135823,buy
2017-05-26,1,1,1,3,2,2,0,3,4,2,2,3,3,4,3,2,2,0.744081232656071,0.952156116253608,0.948097762706999,-0.0112857,-0.0133567,-0.0118947,-0.0118146,-0.0119196,sell
2017-05-27,1,3,0,2,2,2,0,1,5,1,2,3,3,3,3,2,1,0.753897330409527,0.955728611241451,0.948736177643815, 0.0154357, 0.0179695, 0.0162486, 0.0103325, 0.0067961,buy
2017-05-28,1,1,3,2,2,2,1,1,3,3,2,3,3,4,4,2,1,0.763964086342849,0.959166915497163,0.949313292785762, 0.0054030, 0.0006934, 0.0059935,-0.0011765, 0.0049657,buy
2017-05-29,1,3,2,2,2,2,1,1,3,3,1,2,3,4,3,5,2,0.774254008913728,0.962476361102817,0.94982761301589, 0.0079003, 0.0076861, 0.0082691, 0.0156507, 0.0174679,buy
2017-05-30,1,4,4,1,3,1,0,2,4,1,4,2,3,3,3,4,2,0.784737989430311,0.96565161597634,0.95027540054183, 0.0082224, 0.0084178, 0.0071489, 0.0074989, 0.0086001,buy
2017-05-31,1,2,6,1,1,1,0,2,3,1,3,2,2,3,3,4,1,0.795383684901645,0.968688236716006,0.950671606533063, 0.0199136, 0.0102727, 0.0115672, 0.0010295, 0.0116810,buy
2017-06-01,1,3,4,3,0,2,1,2,2,1,3,1,4,3,3,4,1,0.806161986635876,0.971590666723542,0.95099978470316, 0.0074340, 0.0059703, 0.0031723, 0.0106840, 0.0138606,buy
2017-06-02,1,2,4,0,3,2,2,2,2,3,3,2,4,2,4,4,2,0.817034891618637,0.974355351277567,0.951265915519912, 0.0166801, 0.0167786, 0.0121023, 0.0093122, 0.0137430,buy
2017-06-03,2,4,2,1,4,1,2,2,2,2,4,3,4,1,3,5,2,0.827967631134657,0.97698051301739,0.95146999898332, 0.0058241, 0.0053803,-0.0006086,-0.0219772, 0.0042730,buy
2017-06-04,2,4,2,1,2,3,3,2,3,2,4,3,4,2,4,5,2,0.83892058502002,0.979467929303701,0.951613530210333, 0.0060685, 0.0060206, 0.0010282, 0.0011493, 0.0075853,buy
2017-06-05,1,3,3,2,2,3,3,2,3,1,3,3,4,2,4,5,2,0.849851707386492,0.981815822775811,0.951694266525528, 0.0026781, 0.0062919, 0.0067795, 0.0080415, 0.0062983,buy
2017-06-06,1,3,2,3,2,0,4,3,3,1,4,3,4,4,2,4,1,0.860715718046742,0.984019750031992,0.951715945721274, 0.0255824, 0.0271970, 0.0273692, 0.0275156, 0.0022831,buy
2017-06-07,1,3,1,3,4,0,4,3,2,1,4,4,3,5,1,3,2,0.87146976253776,0.986083265793627,0.951671839771307, 0.0077950, 0.0108337, 0.0177211, 0.0179823, 0.0008392,buy
2017-06-08,1,3,0,3,4,0,2,3,2,2,4,3,4,4,0,3,2,0.882054814901063,0.988008147421405,0.951568676701892, 0.0027603, 0.0112035, 0.0058427, 0.0104756,-0.0093727,buy
2017-06-09,1,2,1,3,1,0,3,1,2,1,2,2,2,4,1,2,2,0.892425594949319,0.989786396792219,0.951404213837606, 0.0182992, 0.0242352, 0.0232545, 0.0086002, 0.0218850,buy
2017-06-10,1,2,2,1,1,2,2,0,1,0,1,3,0,3,2,1,2,0.902518225275401,0.991421568627451,0.951178451178451, 0.0146544, 0.0073328, 0.0082489, 0.0032222, 0.0115182,buy
2017-06-11,1,3,2,0,1,2,2,1,2,1,3,3,1,3,1,2,2,0.912272871346051,0.992911885566409,0.950893631399848, 0.0138471, 0.0137392, 0.0140764, 0.0091671, 0.0136573,buy
2017-06-12,1,4,1,1,1,1,1,2,2,2,2,1,3,3,3,3,1,0.921628081478463,0.99425823628944,0.950548259384849,-0.0116312,-0.0081315,-0.0050531, 0.0083507, 0.0000626,sell
2017-06-13,0,1,2,1,2,1,1,3,1,3,3,2,3,1,3,2,1,0.930524021139379,0.995458843435851,0.950146072925824,-0.0027063,-0.0011199, 0.0020872,-0.0042814, 0.0035200,sell
2017-06-14,0,1,2,2,1,1,2,2,4,1,2,2,3,2,4,3,0,0.938886301449613,0.99651459568599,0.949678101321085,-0.0198884,-0.0106451,-0.0147296,-0.0052647,-0.0234108,sell
2017-06-15,0,1,2,3,2,1,0,2,5,1,3,3,2,2,3,3,1,0.94665589645068,0.99742460435951,0.949151820155373,-0.0259456,-0.0134304,-0.0252941, 0.0019327,-0.0184502,sell
2017-06-16,1,1,1,1,3,2,0,2,5,1,2,2,4,3,3,2,1,0.953766503011132,0.998187980776067,0.94856797698716,-0.0023870, 0.0053665, 0.0038641, 0.0047583,-0.0058872,sell
2017-06-17,0,3,0,1,2,2,1,1,4,1,2,2,2,2,4,2,1,0.960170415219318,0.99880650229635,0.947923581582551, 0.0111846, 0.0142730, 0.0116072, 0.0121682, 0.0014632,buy
2017-06-18,0,4,0,1,2,3,2,1,4,3,4,2,4,2,4,2,2,0.965797287069919,0.999273948157943,0.947220876616969, 0.0070879, 0.0048116, 0.0080507, 0.0080265, 0.0001769,buy
2017-06-19,1,5,1,1,1,3,1,2,4,2,5,1,5,2,4,3,1,0.970609115548569,0.999599205164299,0.946459114531939, 0.0031377, 0.0015826, 0.0059688, 0.0093856, 0.0042891,buy
2017-06-20,2,5,3,1,2,2,0,2,6,1,5,2,6,3,3,3,2,0.97456951479045,0.999775163872656,0.945637547768986, 0.0082680, 0.0037960, 0.0108732, 0.0105288, 0.0108338,buy
2017-06-21,1,4,3,2,3,1,1,2,4,1,6,1,5,3,2,3,2,0.977645333229836,0.999800935602667,0.944761409237431, 0.0176991, 0.0144922, 0.0133363, 0.0135769, 0.0166280,buy
2017-06-22,0,3,3,2,2,0,3,2,3,2,6,1,4,3,0,4,2,0.979812313623515,0.999688961879168,0.943826213586427, 0.0115365, 0.0111418, 0.0129120, 0.0111705, 0.0035607,buy
2017-06-23,0,4,3,0,2,1,2,3,3,2,6,1,4,2,1,3,3,0.981068030247165,0.999424135136288,0.942831960815975, 0.0024227, 0.0045114, 0.0032341, 0.0058098, 0.0025830,buy
2017-06-24,1,3,3,0,0,1,0,2,3,2,4,1,4,2,0,1,3,0.981409248801692,0.99901534217748,0.941783883835394,-0.0065638,-0.0047567,-0.0058294, 0.0058821,-0.0033138,sell
2017-06-25,2,1,3,1,2,2,0,1,1,4,4,2,3,3,2,1,2,0.980848906483476,0.998457250920673,0.940676749735364,-0.0153436,-0.0079887,-0.0145366,-0.0134091,-0.0075246,sell
2017-06-26,1,2,3,2,3,1,1,0,1,3,4,2,4,3,2,2,0,0.979402366213218,0.997755193447938,0.939514296308257,-0.0132572,-0.0141447,-0.0141447,-0.0165231,-0.0113100,sell
2017-06-27,1,0,5,0,3,2,1,2,1,3,4,3,3,4,2,1,1,0.977097928108,0.996906503718239,0.938295028437124,-0.0109522, 0.0049634,-0.0083399,-0.0073701,-0.0001621,sell
2017-06-28,1,2,4,2,1,3,1,2,1,2,4,3,3,4,2,2,1,0.973963892284903,0.995914736452957,0.937016703446544,-0.0021483, 0.0099173,-0.0025603,-0.0016571, 0.0002170,buy
2017-06-29,1,1,4,1,2,3,2,0,1,3,3,2,3,3,3,3,1,0.970039070333068,0.994773670889676,0.935692777389047, 0.0006701, 0.0082041,-0.0013673, 0.0010424, 0.0021684,buy
2017-06-30,1,1,2,2,3,2,1,0,0,2,2,1,1,3,3,2,2,0.965360656692088,0.993490416471157,0.934309046653629,-0.0109200,-0.0059616,-0.0044372,-0.0085340,-0.0076339,sell
2017-07-01,2,1,2,2,3,2,1,0,1,4,4,2,3,4,3,1,1,0.959975548698841,0.992064973197401,0.932869996591133,-0.0098150,-0.0097159,-0.0118424,-0.0108852, 0.0027963,sell
2017-07-02,1,1,2,2,3,3,1,0,2,4,2,3,3,3,3,3,2,0.953925792241563,0.990492897666681,0.931378617435456, 0.0033714, 0.0013239, 0.0060183, 0.0032656, 0.0028873,buy
2017-07-03,0,1,2,2,2,1,2,1,2,2,3,1,3,2,3,2,1,0.947255858932811,0.988778633280723,0.929831171394227,-0.0032735, 0.0051333, 0.0053627,-0.0118778, 0.0002129,sell
2017-07-04,0,0,3,3,3,2,3,1,2,2,4,1,3,3,3,3,2,0.94001022038514,0.986924846080564,0.928230648701341, 0.0050650, 0.0084572, 0.0052566, 0.0007508, 0.0081943,buy
2017-07-05,0,1,1,4,2,3,1,2,1,2,3,1,3,4,1,3,2,0.932233348211109,0.984928870025167,0.926576301798327,-0.0107861,-0.0051742, 0.0061813,-0.0100655,-0.0085463,sell
2017-07-06,1,0,1,5,2,2,2,0,2,3,3,2,3,4,2,3,1,0.923967288298953,0.982791593794878,0.924874111152974, 0.0112300, 0.0135423, 0.0103907, 0.0113742, 0.0037895,buy
2017-07-07,1,0,2,3,3,2,2,1,1,2,2,2,2,4,2,3,2,0.915256512261228,0.980515683430733,0.923115106063596, 0.0006609, 0.0038581, 0.0037775,-0.0002564, 0.0020041,buy
2017-07-08,1,1,1,3,2,2,0,1,2,2,3,1,2,4,2,1,2,0.906139023112301,0.978102027613076,0.921304519439511,-0.0117190,-0.0031469, 0.0001569,-0.0100387,-0.0100146,sell
2017-07-09,1,2,1,3,1,3,1,2,2,3,3,2,3,4,3,2,2,0.896655249590861,0.975547960300872,0.919445341514613,-0.0069890,-0.0034333,-0.0073439,-0.0054991,-0.0127236,sell
2017-07-10,1,2,2,2,2,2,0,3,1,2,2,3,2,2,4,2,2,0.886840768986953,0.972860590936882,0.917532339379586,-0.0020567,-0.0018893,-0.0020778,-0.0027300,-0.0022706,sell
2017-07-11,1,2,2,2,4,1,2,2,2,1,1,3,2,3,5,2,3,0.876729541441074,0.970033698758691,0.915572241060696,-0.0132445,-0.0130708,-0.0127416,-0.0147762,-0.0132445,sell
2017-07-12,1,2,0,3,4,1,1,2,4,1,2,3,2,3,4,3,2,0.866364421416235,0.967077059250096,0.913561308765572,-0.0175833,-0.0269176,-0.0179530,-0.0140571,-0.0205543,sell
2017-07-13,2,1,0,2,4,1,0,4,3,2,2,3,3,3,2,4,2,0.855771283305195,0.96398622900937,0.911500290052688,-0.0041424,-0.0006417,-0.0062225,-0.0036825,-0.0048440,sell
2017-07-14,2,1,2,1,5,1,1,3,3,3,3,3,4,3,3,5,1,0.84497923579981,0.960759430675824,0.909391427597467,-0.0199416,-0.0167686,-0.0161321,-0.0193885,-0.0163984,sell
2017-07-15,1,3,2,1,4,2,2,2,2,2,3,4,4,2,3,4,1,0.834023856190125,0.957403773692218,0.907230236049064,-0.0108746,-0.0110357,-0.0149348,-0.0237947,-0.0110357,sell
2017-07-16,2,1,2,1,3,1,1,4,2,5,3,4,5,2,2,4,2,0.822933444593222,0.953915703337172,0.905026433667642,-0.0274463,-0.0139118,-0.0144312,-0.0139010,-0.0135873,sell
2017-07-17,2,1,2,3,3,0,1,4,2,4,2,3,5,3,3,4,2,0.81173144967754,0.950306772455175,0.902771049751512,-0.0192628, 0.0057662, 0.0036062, 0.0012608, 0.0019713,sell
2017-07-18,1,0,3,3,5,0,2,2,1,3,2,2,4,3,4,4,1,0.800448597284482,0.946564539521392,0.900469317209992, 0.0019319, 0.0061645, 0.0089514, 0.0058091, 0.0086481,buy
2017-07-19,1,0,2,4,3,0,1,3,1,3,2,3,3,3,2,5,0,0.789111570381583,0.942698780019622,0.898119740926135, 0.0064215, 0.0033687, 0.0181223, 0.0063335, 0.0100279,buy
2017-07-20,2,1,3,2,2,2,0,4,0,4,2,3,5,2,3,4,1,0.777746243361601,0.938709493949864,0.895726058692311,-0.0022199,-0.0057678, 0.0015971, 0.0025801, 0.0000663,buy
2017-07-21,1,2,3,2,1,2,1,1,1,3,2,3,4,1,3,4,0,0.766378490617298,0.934594015271083,0.893286027833097, 0.0297890, 0.0101003, 0.0278206, 0.0239979, 0.0143730,buy
2017-07-22,1,0,4,2,2,2,1,1,0,3,2,2,3,2,3,3,1,0.755031760817113,0.930358564745695,0.890800395906968, 0.0072831, 0.0048843, 0.0081058, 0.0065843, 0.0047687,buy
2017-07-23,2,1,1,4,2,1,0,3,0,3,1,3,3,1,3,5,1,0.743734354078128,0.926003142373701,0.888271405589345, 0.0177319, 0.0148784, 0.0256958, 0.0197157, 0.0203103,buy
2017-07-24,1,1,2,4,3,1,0,2,2,2,2,1,3,3,3,4,2,0.732510527643554,0.921528636835445,0.885695319087859, 0.0100455, 0.0039672, 0.0133249, 0.0080166, 0.0153813,buy
2017-07-25,1,2,3,6,0,1,2,2,1,1,2,3,3,2,5,3,1,0.721382113032285,0.916941268893344,0.883077369311828,-0.0063182,-0.0112498,-0.0129584,-0.0105851,-0.0131194,sell
2017-07-26,1,2,2,4,0,2,2,2,1,2,2,3,2,2,5,3,1,0.710382261810043,0.912234817784982,0.880417556261251,-0.0078706,-0.0115210,-0.0120639,-0.0149720,-0.0155466,sell
2017-07-27,1,2,2,3,1,1,1,2,2,2,1,4,1,3,4,3,1,0.6995303797714,0.907415504272775,0.877713637260707, 0.0081738, 0.0051085, 0.0073759,-0.0046043, 0.0075194,buy
2017-07-28,2,3,1,3,1,1,1,1,2,1,2,3,2,3,3,2,1,0.688861235631626,0.902484217037069,0.874967107427143, 0.0214506, 0.0243533, 0.0268653, 0.0081845, 0.0219347,buy
2017-07-29,2,1,1,4,1,1,1,1,2,1,2,2,3,2,3,2,1,0.678397469484388,0.897446288159934,0.872180209435982, 0.0171320, 0.0201538, 0.0218730, 0.0199243, 0.0177780,buy
2017-07-30,1,3,2,5,0,1,1,2,1,1,1,3,3,1,4,3,2,0.668167381446767,0.892293719518264,0.869349953053328, 0.0014659,-0.0045558,-0.0073222,-0.0069992,-0.0060160,sell
2017-07-31,1,5,1,4,0,0,3,1,2,0,3,3,2,2,4,2,1,0.658205740234034,0.887036286595857,0.86648007607155, 0.0107297, 0.0149488, 0.0206243,-0.0075268, 0.0142076,buy
2017-08-01,1,7,1,3,3,0,2,2,1,0,2,4,3,2,4,4,1,0.648539228813724,0.881677544114092,0.863569083373702, 0.0130600, 0.0088371, 0.0172267,-0.0000551, 0.0144793,buy
2017-08-02,2,4,1,3,1,0,2,2,2,1,3,3,2,2,4,4,0,0.639204233050656,0.876211271310555,0.860620712752152, 0.0044142, 0.0044456, 0.0213369,-0.0084511, 0.0177505,buy
2017-08-03,2,4,1,2,1,1,2,0,1,0,2,3,1,1,3,3,1,0.630237947384422,0.870648132349387,0.857625993505212, 0.0205925, 0.0169785, 0.0320397,-0.0002871, 0.0282268,buy
2017-08-04,1,4,1,1,3,2,1,0,2,0,1,3,4,0,2,3,2,0.621673523380748,0.864977463066445,0.85460286703626, 0.0146196, 0.0222803, 0.0159506, 0.0123063, 0.0248465,buy
2017-08-05,2,5,0,2,4,1,2,0,3,1,3,3,4,2,3,4,1,0.613549772628774,0.859213482347254,0.851537129734288, 0.0243915, 0.0207279, 0.0065376, 0.0044377, 0.0190244,buy
2017-08-06,1,5,0,1,4,1,3,2,2,1,3,3,4,1,3,4,2,0.605912783890603,0.853351746790087,0.848433266950141, 0.0161361, 0.0192869, 0.0126182, 0.0041562, 0.0177928,buy
2017-08-07,1,4,1,1,4,2,4,1,3,0,3,4,4,2,3,3,2,0.598798943031056,0.847397588477015,0.845291278683819, 0.0183207, 0.0215571, 0.0214123, 0.0153494, 0.0215372,buy
2017-08-08,1,3,2,3,3,1,3,1,4,0,4,3,4,3,2,3,2,0.592259190260879,0.841347452686659,0.842114902727691, 0.0249788, 0.0296280, 0.0256621, 0.0289388, 0.0195726,buy
2017-08-09,2,2,3,2,4,1,2,2,4,0,2,4,5,3,2,4,2,0.586336380043081,0.835207560181433,0.838903391523285,-0.0053620,-0.0062368,-0.0069086,-0.0066031,-0.0075514,sell
2017-08-10,2,3,3,2,5,1,3,1,3,1,2,5,4,3,3,4,3,0.581083069737957,0.828979688322029,0.835652259719755, 0.0053336, 0.0049088, 0.0001871, 0.0037907, 0.0030811,buy
2017-08-11,1,4,2,2,3,2,4,0,2,1,1,4,4,3,3,3,3,0.576547773831933,0.822662059747757,0.832368235343369, 0.0182701, 0.0220842, 0.0197759, 0.0250593, 0.0207865,buy
2017-08-12,0,2,4,1,3,3,3,0,3,2,3,3,4,4,3,2,2,0.57278466683485,0.816259117860342,0.829049075718703, 0.0195725, 0.0397382, 0.0234137, 0.0339337, 0.0404345,buy
2017-08-13,1,4,3,2,3,2,2,1,3,1,3,3,4,4,4,3,1,0.569837411784492,0.809770862659785,0.825694780845758, 0.0013562, 0.0183279,-0.0151005, 0.0138957, 0.0198914,buy
2017-08-14,0,1,3,2,4,2,1,0,5,2,4,2,4,3,4,1,2,0.567764226064569,0.803200848867466,0.82230834095843, 0.0158202, 0.0248913, 0.0254640, 0.0253497, 0.0263407,buy
2017-08-15,0,1,2,3,5,2,2,1,2,1,5,1,3,3,4,2,1,0.566604729838997,0.79654996516373,0.818881532913505, 0.0040743, 0.0080729, 0.0060239, 0.0072352, 0.0106508,buy
2017-08-16,0,1,3,3,4,3,2,2,2,2,4,2,3,4,5,2,2,0.566405820444651,0.789819100228924,0.815431550555885,-0.0049314, 0.0012568,-0.0001804,-0.0039843, 0.0040598,sell
2017-08-17,0,3,4,1,3,3,2,1,3,1,4,3,2,3,5,3,1,0.567205500895901,0.783012697464773,0.811946432949985, 0.0118248, 0.0287243, 0.0023547, 0.0143387, 0.0286533,buy
2017-08-18,1,2,3,1,3,3,2,2,1,2,4,3,2,3,4,2,2,0.56902641128641,0.776129868190931,0.808429170329703,-0.0101285,-0.0019994,-0.0132442,-0.0136534,-0.0019528,sell
2017-08-19,1,1,2,3,3,3,2,1,1,3,3,2,2,3,5,3,2,0.571880680237786,0.769173278448435,0.804880510253512,-0.0064044,-0.0000548,-0.0058096,-0.0066723, 0.0001068,sell
2017-08-20,1,2,3,2,4,1,1,2,2,1,4,2,2,2,5,3,1,0.57577315919867,0.762148260319356,0.801300452721412, 0.0061247, 0.0061998, 0.0043998, 0.0082454, 0.0066112,buy
2017-08-21,1,1,4,3,3,1,2,3,2,2,5,2,2,4,4,3,2,0.580686868098814,0.755053036443004,0.797691240408825,-0.0050181,-0.0021886, 0.0009401,-0.0054041,-0.0028020,sell
2017-08-22,0,2,4,4,2,1,0,4,1,1,3,0,2,4,4,4,2,0.586580569624757,0.747891161540759,0.794050630640329, 0.0028242, 0.0156539, 0.0039407, 0.0131202, 0.0060227,buy
2017-08-23,0,1,3,3,1,1,2,2,2,2,3,1,2,2,3,4,2,0.593395237818012,0.740661746932275,0.790384603883716,-0.0023370, 0.0167533, 0.0095517, 0.0081201, 0.0111711,buy
2017-08-24,0,2,2,3,2,0,0,3,2,1,3,1,2,3,2,3,1,0.601051632350753,0.733369236019281,0.786687927229668, 0.0167019, 0.0213002, 0.0170038, 0.0197772, 0.0178535,buy
2017-08-25,1,1,2,4,1,1,0,2,3,2,4,1,3,3,3,3,0,0.609442212778069,0.726017183523156,0.782962843353607, 0.0205877, 0.0175522, 0.0149050, 0.0188154, 0.0212498,buy
2017-08-26,1,1,1,4,0,1,1,3,2,2,4,1,2,2,3,2,2,0.61843598998661,0.718604700763554,0.779211594930955, 0.0022707, 0.0110400, 0.0073916, 0.0124945, 0.0122251,buy
2017-08-27,0,2,3,3,0,0,3,3,2,1,4,0,2,3,4,2,2,0.627892271965742,0.711135342461858,0.775432686844765, 0.0080677, 0.0102383, 0.0124432, 0.0087776, 0.0106242,buy
2017-08-28,0,2,4,3,1,0,3,3,2,2,4,1,1,4,4,4,2,0.63764853518594,0.703609997298412,0.77162686665351,-0.0016911, 0.0037833,-0.0031199, 0.0041553, 0.0024500,buy
2017-08-29,0,3,3,4,1,0,2,3,1,1,3,1,2,4,2,4,2,0.647535787519487,0.696031331314252,0.767794881915664, 0.0048821, 0.0113975,-0.0035137, 0.0075904, 0.0082272,buy
2017-08-30,2,1,4,4,0,0,2,1,1,1,2,2,1,2,3,4,2,0.657376951090929,0.688399344509377,0.763935985072752, 0.0146173, 0.0204534, 0.0148554, 0.0221612, 0.0186495,buy
2017-08-31,2,1,4,2,1,1,0,1,0,0,1,2,1,1,3,3,1,0.667003842347325,0.680719368965861,0.760055409034095, 0.0167535, 0.0181591, 0.0108595, 0.0201705, 0.0210399,buy
2017-09-01,2,3,2,4,1,1,1,1,1,1,2,2,2,2,3,5,1,0.676242617712316,0.672992293364046,0.75614941600732, 0.0064182, 0.0064182, 0.0125771, 0.0015780, 0.0157095,buy
2017-09-02,2,3,2,4,2,1,1,2,0,2,3,2,3,3,3,5,0,0.684938839404113,0.665217229023589,0.752218005992429,-0.0083435,-0.0133789,-0.0051126,-0.0140182,-0.0014453,sell
2017-09-03,1,3,2,4,2,2,2,2,0,1,2,2,3,3,3,5,1,0.692947772538213,0.657400396706906,0.748263421664843,-0.0161771,-0.0126637,-0.0063615,-0.0168928,-0.0017676,sell
2017-09-04,1,2,3,3,1,3,2,0,2,0,1,2,3,3,2,5,1,0.700140045150815,0.649538241692616,0.74428715814151,-0.0154053,-0.0144987,-0.0123197,-0.0140790,-0.0070784,sell
2017-09-05,2,1,3,4,2,2,0,2,1,0,1,2,3,4,0,6,1,0.706402456773593,0.641638762103826,0.74028547763006, 0.0032841,-0.0024197,-0.0017313,-0.0018572,-0.0134941,buy
2017-09-06,2,1,3,4,4,1,0,1,1,1,2,1,3,5,1,5,1,0.71164363845711,0.633699291899501,0.736264360598286, 0.0200838, 0.0164614, 0.0152495, 0.0142736, 0.0024013,buy
2017-09-07,1,2,3,4,4,1,1,0,0,1,1,2,2,4,2,5,1,0.715778689850123,0.625724274481366,0.732220816812291, 0.0144410, 0.0170281, 0.0140791, 0.0171717, 0.0066583,buy
2017-09-08,1,1,5,4,2,2,1,0,0,1,1,2,3,5,2,3,1,0.718750202143693,0.617712821169077,0.728157088947497,-0.0096075,-0.0016562,-0.0128586,-0.0027340,-0.0191761,sell
2017-09-09,2,2,6,5,2,2,0,1,0,2,1,3,3,6,4,3,2,0.720511278000944,0.609670264044704,0.724070186770009,-0.0085105,-0.0011099,-0.0181884,-0.0062661,-0.0162834,sell
2017-09-10,1,2,5,3,2,1,0,0,1,2,0,3,2,5,4,1,2,0.721034425879568,0.601594825747558,0.719965343189144,-0.0062903,-0.0099581,-0.0159242,-0.0109809,-0.0145798,sell
2017-09-11,1,1,4,3,3,0,1,0,1,3,2,3,0,6,3,2,1,0.720303474284088,0.593491838359709,0.715839567971007, 0.0000245,-0.0068877, 0.0000864,-0.0030865,-0.0028652,buy
2017-09-12,1,1,3,4,2,0,1,1,1,3,3,2,1,6,3,2,0,0.718314380340636,0.585358635840123,0.711694356232545,-0.0031978,-0.0100213,-0.0046040,-0.0069031,-0.0088222,sell
2017-09-13,1,2,3,2,1,1,1,1,3,1,3,1,1,4,4,2,1,0.715088975568105,0.577201438951215,0.707528960415284,-0.0031906,-0.0165236,-0.0144398,-0.0190992,-0.0138341,sell
2017-09-14,1,3,2,2,0,1,1,2,3,1,4,2,1,3,4,1,1,0.710643431461968,0.569018470332295,0.703345623194646, 0.0246996, 0.0028996, 0.0028009,-0.0136335,-0.0001386,buy
2017-09-15,1,3,3,2,1,1,2,3,1,3,6,2,2,2,5,2,1,0.705028688232973,0.560816839426126,0.699145092129106,-0.0008696,-0.0016200,-0.0006551,-0.0129905,-0.0027996,sell
2017-09-16,1,3,2,2,2,0,2,2,1,2,4,2,2,0,5,4,0,0.698285983194582,0.552592991511325,0.69492661966019, 0.0161975, 0.0160733, 0.0176896,-0.0144857, 0.0174768,buy
2017-09-17,2,3,3,1,3,2,1,2,2,1,5,1,3,1,4,5,1,0.690486470926885,0.54435136998962,0.690690953346371, 0.0132875, 0.0120597, 0.0117009, 0.0183195, 0.0106746,buy
2017-09-18,3,3,2,4,1,3,1,3,2,1,6,2,3,2,4,5,1,0.681690794537916,0.536095529582391,0.686440335863071, 0.0343431, 0.0314413, 0.0206344, 0.0336004, 0.0295783,buy
2017-09-19,2,3,2,4,2,3,2,3,1,1,6,2,3,2,4,6,0,0.67197576863118,0.527826358969984,0.682173272093343, 0.0230376, 0.0226043, 0.0109030, 0.0218471, 0.0222095,buy
2017-09-20,1,3,2,3,2,2,4,2,0,1,4,2,2,3,3,5,1,0.661423059258828,0.519542969472053,0.677890509595661,-0.0122994,-0.0119844,-0.0083565,-0.0152609,-0.0092908,sell
2017-09-21,1,2,2,3,2,2,2,3,1,1,3,2,3,4,2,4,1,0.650110289599141,0.511253359211705,0.673592048370024,-0.0202319,-0.0178770,-0.0012508,-0.0158045,-0.0076290,sell
2017-09-22,1,2,1,4,1,3,1,3,2,1,3,1,3,4,2,4,2,0.638123168578137,0.502954862147905,0.669281626208802,-0.0163120,-0.0176196, 0.0016291,-0.0159149,-0.0135446,sell
2017-09-23,0,2,2,2,1,2,1,2,3,1,2,1,3,4,3,2,1,0.625536893649777,0.494651921682379,0.664954010202678, 0.0038293, 0.0008546, 0.0006383, 0.0042490, 0.0003303,buy
2017-09-24,0,4,2,2,2,1,2,1,2,1,2,1,3,4,4,3,0,0.612436365165305,0.486343649134781,0.660615180819444,-0.0071792,-0.0133845,-0.0103195,-0.0106714,-0.0121361,sell
2017-09-25,0,4,2,2,1,1,1,3,0,4,3,1,3,4,3,3,1,0.598888694830943,0.478037153947874,0.656262147825203, 0.0052227, 0.0074369, 0.0022846, 0.0083022, 0.0023823,buy
2017-09-26,1,3,1,3,1,2,2,3,0,4,4,1,3,3,3,4,2,0.584971505824973,0.469729770080621,0.65189565877843, 0.0142883, 0.0135260, 0.0102300, 0.0134078, 0.0097931,buy
2017-09-27,2,4,2,2,1,2,1,2,1,1,4,2,2,2,3,4,1,0.570738164082462,0.461426829615095,0.647519451471494, 0.0110248, 0.0161040, 0.0090495, 0.0130442, 0.0143705,buy
2017-09-28,2,3,3,2,1,2,1,2,1,0,3,2,3,3,1,4,1,0.556259015608727,0.453127443870949,0.643132030787448,-0.0126823, 0.0017847,-0.0019094,-0.0053214,-0.0022005,sell
2017-09-29,2,4,2,4,1,2,2,3,1,2,4,3,4,4,2,5,1,0.541580149165874,0.444837833610602,0.63873115405087,-0.0071775,-0.0063072, 0.0001942,-0.0063987,-0.0076741,sell
2017-09-30,1,4,2,4,1,2,2,4,0,2,5,2,4,4,2,4,1,0.526749270665554,0.436556221473361,0.634322054171077, 0.0033089, 0.0031475, 0.0075283, 0.0023532,-0.0054956,buy
2017-10-01,1,2,2,2,3,2,3,3,1,0,4,2,4,4,2,2,1,0.511824597491478,0.428286162180608,0.629901740914174, 0.0005049,-0.0136847, 0.0053400,-0.0005854,-0.0029935,sell
2017-10-02,1,1,3,1,1,2,0,3,2,0,3,1,3,4,1,2,0,0.496831195461632,0.420031210453725,0.625470961838635, 0.0061543, 0.0083929, 0.0089705, 0.0063740, 0.0063851,buy
2017-10-03,2,1,2,2,1,3,0,3,1,0,2,2,3,5,0,2,1,0.481809493314704,0.411790477612365,0.621031959619882,-0.0074328, 0.0024099, 0.0048644,-0.0015676,-0.0012885,sell
2017-10-04,1,1,2,0,3,2,1,1,1,2,2,2,2,4,2,1,1,0.466790216892097,0.40356751837791,0.616583239140966,-0.0011535, 0.0005473,-0.0051222,-0.0048943,-0.0000217,sell
2017-10-05,1,1,2,0,3,0,1,0,0,4,1,1,3,4,3,0,0,0.451803283460441,0.395363221430704,0.61212704307731, 0.0169519, 0.0083502, 0.0077360, 0.0077916, 0.0153376,buy
2017-10-06,2,1,3,0,4,1,1,1,0,4,1,2,4,5,3,1,1,0.436866481664758,0.387183807533166,0.607663371428913, 0.0154629, 0.0076329, 0.0072127, 0.0109967, 0.0128377,buy
2017-10-07,2,1,3,3,2,1,0,1,1,4,1,2,4,6,3,1,1,0.422015388795094,0.379027499324603,0.603190729078829,-0.0006469,-0.0085099,-0.0097023,-0.0011362,-0.0047603,sell
2017-10-08,1,0,4,1,5,0,1,0,1,4,1,2,3,5,3,2,1,0.40725889917396,0.370896074165707,0.598711358702478, 0.0161219, 0.0073415, 0.0112552, 0.0144561, 0.0129234,buy
2017-10-09,1,2,0,2,4,0,1,1,0,5,2,2,3,3,2,3,1,0.392616418595926,0.362793086777858,0.594225260299861, 0.0162652, 0.0199902, 0.0166831, 0.0191053, 0.0116404,buy
2017-10-10,1,2,1,1,2,1,1,1,2,7,2,3,2,3,4,3,2,0.378104927131241,0.354718537161057,0.589733181429451,-0.0018795,-0.0107524,-0.0044325,-0.0070237,-0.0023772,sell
2017-10-11,1,1,2,0,2,1,2,0,2,5,2,2,2,2,4,3,1,0.363740596275381,0.34667686871703,0.585233626974302, 0.0010009,-0.0059743, 0.0046006,-0.0037131, 0.0000718,buy
2017-10-12,1,1,1,1,3,2,3,0,4,3,2,4,2,2,4,4,1,0.349533128925631,0.338668970126122,0.580730334726782, 0.0245340, 0.0255145, 0.0269511, 0.0210849, 0.0059036,buy
2017-10-13,1,1,0,3,4,1,3,1,4,4,2,5,3,1,5,5,1,0.335496270853143,0.330699284790058,0.576221062011471, 0.0304059, 0.0306997, 0.0309055, 0.0307221, 0.0164250,buy
2017-10-14,1,2,2,2,4,2,4,2,2,2,2,4,2,3,5,6,1,0.321641342104753,0.322766035348149,0.571708051503789, 0.0170044, 0.0171481, 0.0165281, 0.0171481, 0.0091529,buy
2017-10-15,1,2,2,2,2,2,5,0,3,1,3,3,1,2,5,5,1,0.307975619853422,0.314872776521776,0.567190555645263, 0.0207158, 0.0171331, 0.0203526, 0.0212865, 0.0202417,buy
2017-10-16,1,2,1,3,1,3,4,1,1,2,3,2,3,2,4,4,1,0.294510424145983,0.307023951712665,0.562669321994366, 0.0111156, 0.0109406, 0.0156294, 0.0027493, 0.0031110,buy
2017-10-17,3,2,1,2,2,2,5,1,1,2,4,3,2,3,3,4,2,0.281253032155402,0.299221338281506,0.55814808834347, 0.0053972, 0.0062953, 0.0165583, 0.0056500, 0.0027589,buy
2017-10-18,2,2,0,1,2,2,4,0,1,2,3,1,2,3,2,3,2,0.268212338204188,0.291464936228298,0.553617883990886, 0.0054667, 0.0008782, 0.0050479, 0.0000719, 0.0021380,buy
2017-10-19,2,1,0,2,1,2,5,0,2,1,4,2,2,2,2,3,1,0.255394810890532,0.283762743676151,0.549091417430671,-0.0003244,-0.0073928, 0.0039031,-0.0021868,-0.0014086,buy
2017-10-20,3,1,1,2,2,2,5,3,1,0,4,3,4,1,3,3,2,0.242809344536945,0.27610587382161,0.544561213078087, 0.0177808, 0.0195521, 0.0230526, 0.0125930, 0.0128549,buy
2017-10-21,2,0,1,1,3,1,5,4,1,0,3,2,3,1,3,3,3,0.230461599166845,0.26851032291089,0.540030261167028, 0.0102957, 0.0149825, 0.0133275, 0.0042641, 0.0009321,buy
2017-10-22,1,2,1,1,3,1,5,3,1,0,3,2,4,2,2,3,2,0.218358043378419,0.260969870181575,0.535498561697496, 0.0065751,-0.0032142, 0.0094797,-0.0079757,-0.0079171,buy
2017-10-23,1,1,1,2,2,1,5,2,1,1,4,1,4,2,1,3,2,0.206507571494181,0.253490736396081,0.530966862227963,-0.0019071,-0.0107368, 0.0038155,-0.0062268,-0.0104460,sell
2017-10-24,2,1,2,0,1,1,4,2,1,2,4,2,2,3,2,2,1,0.194914226387999,0.246072921554409,0.526435162758431,-0.0042055,-0.0034811,-0.0040566,-0.0043812,-0.0088691,sell
2017-10-25,1,3,2,0,1,0,3,2,3,3,3,4,3,3,1,2,2,0.183585285232837,0.238719980377938,0.521904958405847,-0.0039675,-0.0088559,-0.0034015,-0.0005791, 0.0056995,sell
2017-10-26,2,3,1,0,1,0,4,2,2,3,2,3,4,4,1,2,2,0.172526408052111,0.23143191286667,0.51737624917021, 0.0017552,-0.0012662, 0.0028598,-0.0043197, 0.0065627,buy
2017-10-27,1,2,2,0,1,0,4,2,1,3,3,3,3,3,1,1,2,0.161745680593559,0.224214051102675,0.5128467923761, 0.0018111, 0.0009654,-0.0007637,-0.0015748, 0.0112612,buy
2017-10-28,1,2,2,1,0,0,5,3,1,2,4,4,1,4,2,0,2,0.151253614329239,0.217073504528715,0.508324811166729, 0.0117149, 0.0093717, 0.0094987, 0.0089608, 0.0185200,buy
2017-10-29,1,2,1,1,0,0,4,3,3,1,3,3,0,5,2,1,2,0.141046166385283,0.210001386341339,0.503803577515833, 0.0057503, 0.0002983, 0.0072575, 0.0022770, 0.0057503,buy
2017-10-30,2,1,2,1,1,0,4,4,2,1,3,3,2,4,3,1,2,0.131141933981487,0.203009249385033,0.499282343864937, 0.0145366, 0.0106534, 0.0113839, 0.0133978, 0.0102994,buy
2017-10-31,2,1,1,1,2,1,5,3,2,2,3,2,2,3,4,4,2,0.121536874243983,0.196094427618763,0.494764848006411, 0.0119994, 0.0047520, 0.0165508, 0.0190280, 0.0146655,buy
2017-11-01,1,2,1,1,2,2,6,2,1,1,3,3,3,1,5,3,1,0.112244732943924,0.189264030485291,0.490254080174151, 0.0212509, 0.0130121, 0.0253421, 0.0249720, 0.0052556,buy
2017-11-02,2,3,2,1,1,3,5,3,1,1,2,3,5,2,5,3,2,0.1032719786795,0.182514503263234,0.485747050134262, 0.0318470, 0.0113865, 0.0328074, 0.0314669, 0.0192042,buy
2017-11-03,1,3,2,2,3,3,4,3,2,0,2,3,6,2,5,3,2,0.0946266971984501,0.175852955395356,0.481243010328268, 0.0221173, 0.0099872, 0.0214110, 0.0206323, 0.0101851,buy
2017-11-04,0,2,2,3,5,2,4,2,2,0,2,2,5,3,5,3,2,0.0863121227998681,0.169281164242347,0.476745698548541, 0.0150924, 0.0106660, 0.0088548, 0.0177019, 0.0057914,buy
2017-11-05,0,1,2,3,5,1,4,3,2,1,2,2,5,3,4,4,2,0.0783420012549081,0.162798241123861,0.472255114795079, 0.0100310,-0.0010653, 0.0042919, 0.0071127,-0.0006491,buy
2017-11-06,0,3,2,3,3,2,2,3,3,1,3,2,6,3,3,3,2,0.0707155239887964,0.156407740761279,0.467767521275514, 0.0045523, 0.0007193, 0.0039561, 0.0044315, 0.0001403,buy
2017-11-07,0,3,3,2,1,2,3,1,2,1,4,2,5,2,1,2,2,0.0634504796465558,0.150114106556328,0.463287403340689, 0.0012536, 0.0050855, 0.0036137, 0.0106118, 0.0018710,buy
2017-11-08,1,2,2,0,2,2,2,1,1,2,4,1,2,3,1,2,2,0.056544442503865,0.143921781910734,0.458814760990605, 0.0115536, 0.0067082, 0.0091267,-0.0024332, 0.0083630,buy
2017-11-09,1,3,0,1,2,0,2,1,1,3,4,0,2,2,1,2,3,0.050014392630973,0.137820102660354,0.454348846666786,-0.0189484,-0.0164422,-0.0164422,-0.0175264,-0.0191192,sell
2017-11-10,1,1,0,2,3,0,2,1,2,2,3,1,2,3,1,2,2,0.0438635643269747,0.131826842412092,0.449891155486182,-0.0219408,-0.0278080,-0.0277720,-0.0261714,-0.0281253,sell
2017-11-11,1,0,2,2,2,0,2,1,4,1,3,2,2,3,1,2,2,0.0381032776387029,0.125935780403532,0.445440192331844,-0.0196753,-0.0258152,-0.0275722,-0.0293869,-0.0309561,sell
2017-11-12,1,1,1,3,1,1,3,1,4,2,3,2,3,4,2,2,2,0.0327367668652526,0.1201513600364,0.441000442554617,-0.0218031,-0.0301760,-0.0326390,-0.0354690,-0.0383509,sell
2017-11-13,1,0,2,1,3,0,3,3,2,3,3,2,3,3,2,3,2,0.027776969203004,0.114480690753459,0.436568168362129, 0.0322191, 0.0177651, 0.0303950, 0.0303652, 0.0302738,buy
2017-11-14,2,1,1,1,3,0,4,1,1,2,2,2,4,2,2,2,2,0.0232311618249209,0.108916663111945,0.432146359988278, 0.0102492, 0.0126515, 0.0286017,-0.0022981, 0.0092546,buy
2017-11-15,2,0,1,2,3,1,4,1,2,3,1,2,5,3,3,3,2,0.0191066219039672,0.103468163915312,0.427733522316116, 0.0417997, 0.0396152, 0.0464643, 0.0256079, 0.0339912,buy
2017-11-16,3,1,2,2,2,1,3,2,2,2,2,1,6,2,4,3,2,0.0154122437626542,0.0981360818439051,0.423333393138011, 0.0334456, 0.0332306, 0.0397112, 0.0240205, 0.0350706,buy
2017-11-17,3,1,2,0,1,0,5,2,2,1,2,3,3,3,3,1,2,0.0121536874243983,0.0929221942584141,0.418943729778543, 0.0153245, 0.0209440, 0.0247639, 0.0214229, 0.0146636,buy
2017-11-18,1,2,1,0,2,0,6,3,3,1,1,4,3,5,3,2,1,0.00934065578648452,0.0878336106016011,0.414563784679238, 0.0118903, 0.0080935, 0.0055150, 0.0046378, 0.0074576,buy
2017-11-19,0,1,1,1,1,0,7,3,3,2,1,4,3,5,2,2,2,0.00697800029755553,0.0828632214307043,0.410198790749412, 0.0107823, 0.0131759, 0.0077056, 0.0068956, 0.0144690,buy
2017-11-20,1,1,1,0,1,0,6,3,3,2,2,3,2,5,2,2,2,0.00507623242967018,0.0780208022295213,0.405844262638224, 0.0160387, 0.0137683, 0.0109549, 0.0111273, 0.0155090,buy
2017-11-21,1,1,2,0,1,0,4,4,4,1,3,2,2,4,2,3,2,0.00363454360805472,0.0733054643177068,0.401502443021093, 0.0031862,-0.0101053, 0.0027539, 0.0051523, 0.0059868,buy
2017-11-22,2,2,1,0,0,0,3,3,5,2,2,4,2,4,2,2,2,0.0026618281552205,0.0687198737362966,0.397175574573443,-0.0024887,-0.0103867,-0.0030972,-0.0087341,-0.0007697,sell
2017-11-23,2,2,1,0,0,1,3,4,3,3,1,5,2,4,2,3,2,0.00216374609458385,0.064269362567362,0.3928629097368,-0.0052352,-0.0020926,-0.0015144,-0.0000067, 0.0008108,buy
2017-11-24,1,2,1,0,1,1,3,4,2,2,2,4,2,3,2,3,1,0.00214029742614479,0.0599494874091769,0.388563700952689,-0.0010008, 0.0067476, 0.0040577, 0.0015657, 0.0021248,buy
2017-11-25,1,1,2,0,1,1,4,4,3,3,3,4,1,3,3,4,2,0.00259471644899836,0.0557655803438127,0.384280190896532, 0.0211536, 0.0235406, 0.0310874, 0.0314017, 0.0291804,buy
2017-11-26,2,2,2,1,1,1,3,5,2,2,3,3,1,3,3,5,3,0.00353104603701334,0.0517229734533408,0.380014622243752, 0.0253537, 0.0393657, 0.0407117, 0.0393639, 0.0400518,buy
2017-11-27,2,2,2,2,2,1,3,4,1,0,2,4,3,2,2,4,2,0.00494847761541598,0.0478207780574159,0.375761014526556, 0.0157496, 0.0212265, 0.0257537, 0.0269177, 0.0284085,buy
2017-11-28,1,1,2,3,2,1,5,3,1,1,3,3,2,2,3,5,2,0.00684215973556373,0.0440589941560381,0.371526843329685, 0.0254140, 0.0277348, 0.0310670, 0.0296480, 0.0305375,buy
2017-11-29,1,2,1,3,2,1,5,2,1,2,3,2,4,1,4,4,2,0.00921936957042041,0.040440287790243,0.367307623302295, 0.0158677, 0.0221475, 0.0234809, 0.0191281, 0.0112496,buy
2017-11-30,2,2,2,2,2,2,3,4,1,2,2,2,4,3,4,5,2,0.012076872820891,0.0369717684027926,0.363105597119807,-0.0055422,-0.0009605,-0.0012410, 0.0004008, 0.0040602,sell
2017-12-01,1,2,2,3,1,2,3,3,3,1,3,2,4,3,4,3,2,0.015413052337428,0.0336489925919607,0.358922259899169, 0.0292653, 0.0312433, 0.0302188, 0.0176310, 0.0207768,buy
2017-12-02,1,1,1,4,2,2,4,3,2,1,2,3,3,3,5,3,2,0.0192343767182214,0.0304746263987829,0.35475536896496, 0.0277117, 0.0283244, 0.0272959, 0.0279375, 0.0299187,buy
2017-12-03,1,1,0,4,3,2,2,4,2,2,3,3,4,3,3,3,2,0.0235311430659862,0.0274504471839498,0.350607914551076, 0.0130705, 0.0173860, 0.0142982, 0.0167758, 0.0194259,buy
2017-12-04,1,1,1,3,2,2,1,3,3,1,3,3,3,2,3,3,1,0.0283098199789124,0.0245800096688422,0.346479149099043, 0.0124755, 0.0165552, 0.0172491, 0.0110303, 0.0171654,buy
2017-12-05,1,1,3,2,1,3,2,3,2,1,3,3,3,3,3,3,1,0.0335647474335837,0.0218615364927697,0.342369072608859, 0.0165550, 0.0189663, 0.0266055, 0.0120588, 0.0167986,buy
2017-12-06,1,2,1,4,1,2,2,3,2,3,3,4,3,3,3,4,1,0.0393007768786427,0.0192985823771133,0.338279180197475,-0.0075817,-0.0112985,-0.0083795, 0.0042130,-0.0099618,sell
2017-12-07,1,2,2,3,3,1,2,2,2,4,4,3,4,2,4,4,1,0.0455025453933878,0.0168929246825634,0.334207976747941,-0.0024718,-0.0037052,-0.0043312, 0.0083426,-0.0121805,sell
2017-12-08,1,1,3,4,1,1,3,2,3,2,4,3,2,3,4,4,1,0.0521457957346064,0.0146436747287748,0.330158452494154, 0.0003206,-0.0095192, 0.0006700, 0.0080326, 0.0012002,buy
2017-12-09,1,2,2,4,0,2,2,3,4,2,3,4,3,2,4,4,2,0.0591795876915514,0.0125517211960927,0.32612985987764,-0.0030644,-0.0051883,-0.0019710, 0.0277287,-0.0007388,buy
2017-12-10,1,1,2,2,1,1,2,5,2,3,4,3,3,2,4,3,1,0.0665327666841319,0.0106232848469337,0.322122946456872,-0.0118712,-0.0011233,-0.0112505,-0.0087953,-0.0117594,sell
2017-12-11,1,1,1,1,2,0,4,3,2,2,3,3,2,2,3,3,1,0.0740953665431165,0.00885303359922651,0.318137712231851, 0.0129403,-0.0122036, 0.0174888, 0.0116782, 0.0097421,buy
2017-12-12,0,0,2,1,1,1,5,2,2,2,2,2,2,4,1,4,1,0.0817226523840019,0.00724541085469723,0.314175652319524, 0.0034244, 0.0086825, 0.0173487, 0.0103501, 0.0172405,buy
2017-12-13,2,0,2,1,0,1,4,4,2,1,1,4,2,3,2,3,2,0.0892343120322395,0.00579952793300064,0.310234524044471,-0.0060476,-0.0063974,-0.0059438, 0.0033691, 0.0035743,sell
2017-12-14,3,0,2,0,0,0,5,3,2,0,2,3,1,4,2,1,2,0.0964395218412218,0.00451893955551767,0.306317317640586, 0.0088765, 0.0151132, 0.0264124, 0.0264124, 0.0140270,buy
2017-12-15,2,1,1,0,1,0,6,3,1,0,3,2,1,3,2,2,2,0.10313209524364,0.00340097968121262,0.302429266017188, 0.0116714, 0.0260902, 0.0296633, 0.0316008, 0.0270305,buy
2017-12-16,2,1,1,1,0,0,6,3,0,1,2,3,2,3,2,2,1,0.10912848576585,0.00245098039215689,0.298557660680218, 0.0121113, 0.0304353, 0.0328418, 0.0327914, 0.0286148,buy
2017-12-17,3,0,3,1,0,0,5,4,0,2,3,3,2,3,1,4,2,0.114282341373801,0.00166360960627908,0.294713715006788, 0.0058912, 0.0118671, 0.0071354,-0.0065431, 0.0103460,buy
2017-12-18,3,0,3,0,0,0,3,4,1,1,3,3,1,2,2,3,1,0.118473184426203,0.00104331072530538,0.290895933879948,-0.0103473,-0.0101949,-0.0130425,-0.0157867,-0.0126342,sell
2017-12-19,2,1,2,0,0,0,3,2,3,1,3,2,2,3,1,3,0,0.121648457562762,0.000592749790271462,0.287102074624277,-0.0147550,-0.0137515,-0.0122143,-0.0124421,-0.0121668,sell
2017-12-20,2,0,2,1,0,0,3,3,1,2,3,1,2,1,2,4,1,0.123787137839359,0.00030392867807025,0.283336622590619,-0.0221009,-0.0224220,-0.0224220,-0.0268134,-0.0230440,sell
2017-12-21,2,0,2,1,0,0,3,4,0,2,2,2,4,0,3,2,1,0.124913482499208,0.000183068151118353,0.279597335103552,-0.0084937,-0.0275233,-0.0009109,-0.0208973,-0.0208284,sell
2017-12-22,2,1,2,1,0,0,3,5,1,3,4,3,3,1,3,3,1,0.12508813465034,0.000235500291487182,0.275884212163075,-0.0130577,-0.0076257,-0.0117044,-0.0154622,-0.0145322,sell
2017-12-23,2,2,2,1,0,0,2,4,3,1,4,3,2,1,3,3,1,0.124385483171942,0.000449672254688709,0.272200244003086, 0.0019885, 0.0021112,-0.0016580, 0.0025126, 0.0042136,buy
2017-12-24,3,0,4,1,0,0,2,4,1,1,4,2,3,2,2,3,0,0.122902557036865,0.000831804803139561,0.268543935506635,-0.0335720,-0.0312073,-0.0279736,-0.0322777,-0.0309065,sell
2017-12-25,2,0,2,3,0,0,3,2,1,3,5,2,2,1,3,2,1,0.120734768068412,0.00138278661718498,0.264916034232198, 0.0025259,-0.0064339, 0.0057825, 0.0042820, 0.0049125,buy
2017-12-26,2,2,1,1,2,0,3,2,0,3,5,2,3,0,4,0,2,0.117990465286268,0.00209906297544401,0.261315045062825, 0.0425361, 0.0396300, 0.0215945, 0.0387351, 0.0149166,buy
2017-12-27,4,2,1,0,2,0,4,2,0,2,4,2,4,2,3,1,1,0.11476586908851,0.00298241123860714,0.257746948466309, 0.0215482, 0.0215535, 0.0287318, 0.0208455,-0.0080146,buy
2017-12-28,3,1,3,0,0,1,3,3,1,1,3,2,4,2,3,1,1,0.111157199873215,0.00403372008701961,0.25420800665028,-0.0116235,-0.0126922, 0.0153756,-0.0197599,-0.0234019,sell
2017-12-29,2,1,2,2,0,2,4,2,2,1,4,2,4,2,3,2,1,0.107246932267308,0.00525210084033616,0.25069672449779,-0.0156767,-0.0136206,-0.0025034,-0.0173767,-0.0133311,sell
2017-12-30,2,1,1,2,2,0,4,2,1,1,2,1,3,2,3,3,2,0.103123200921128,0.00663133273614017,0.247218334918157,-0.0086839,-0.0215902, 0.0016318,-0.0119185,-0.0112038,sell
2017-12-31,1,3,1,0,4,0,3,2,4,1,3,3,5,2,1,4,1,0.0988515003913502,0.0081785252171935,0.243769847677485, 0.0142745, 0.0097335, 0.0142289, 0.0027942, 0.0145022,buy
2018-01-01,1,3,2,2,0,2,3,1,4,0,3,3,5,1,2,3,1,0.0945029852580647,0.00988834620142476,0.240351262775774, 0.0119595, 0.0157162, 0.0122046, 0.0125937, 0.0148979,buy
2018-01-02,1,2,4,1,0,2,2,1,4,1,3,2,5,3,1,3,1,0.090135064330209,0.0117599070084887,0.236964822888446,-0.0057984, 0.0042481, 0.0064502, 0.0056990, 0.0039188,buy
2018-01-03,1,5,2,1,3,0,2,1,6,1,4,3,5,2,2,5,1,0.0857978692437562,0.0137949849990758,0.233610528015501, 0.0219985, 0.0084736, 0.0198824, 0.0013232, 0.0204823,buy
2018-01-04,2,3,2,1,3,0,2,1,6,2,4,3,3,4,2,5,1,0.0815374887608107,0.0159882480911146,0.230287630598465, 0.0137215, 0.0014904, 0.0124406, 0.0032981, 0.0097449,buy
2018-01-05,3,2,3,3,0,1,1,1,7,0,3,2,3,5,2,5,1,0.0774008202182505,0.0183432510059862,0.226996878195813, 0.0392517, 0.0265568, 0.0354559, 0.0262714, 0.0346636,buy
2018-01-06,3,2,3,1,1,1,0,1,9,0,4,3,3,4,2,4,1,0.0734177808827049,0.0208564390223095,0.223740513482965, 0.0330013, 0.0224403, 0.0362159, 0.0283726, 0.0353463,buy
2018-01-07,3,2,1,0,1,0,0,3,5,1,4,3,0,4,2,2,1,0.0696190965955768,0.0235287008204297,0.220517788901448,-0.0428488,-0.0360665,-0.0328112,-0.0385855,-0.0380062,sell
2018-01-08,3,2,1,0,1,0,2,3,5,2,5,4,1,5,1,1,2,0.0660411532216853,0.0263573703593113,0.217327956892788,-0.0278907,-0.0372152,-0.0339891,-0.0281504,-0.0269038,sell
2018-01-09,4,0,1,1,0,1,2,1,6,2,4,3,1,4,3,2,1,0.0627033565556009,0.0293371155568827,0.214173260132408,-0.0223386,-0.0249843,-0.0173303,-0.0223407,-0.0253742,sell
2018-01-10,5,0,2,0,0,0,0,3,6,2,5,2,1,3,4,3,0,0.0596283466909886,0.0324741571755606,0.211052951061832,-0.0142502,-0.0181317,-0.0107226,-0.0142502,-0.0142502,sell
2018-01-11,6,1,1,0,2,0,0,3,7,2,5,3,2,4,3,4,1,0.0568387637215139,0.0357640518136189,0.207967029681062,-0.0153188,-0.0194976,-0.0124467,-0.0173993,-0.0146035,sell
2018-01-12,4,1,0,1,2,0,1,5,5,2,4,2,2,4,3,5,1,0.0543515877174258,0.0392023560693313,0.204919233782466, 0.0004825,-0.0094699,-0.0073526,-0.0042027,-0.0041511,sell
2018-01-13,4,0,0,1,1,0,3,6,4,3,4,4,3,4,2,4,1,0.0521789473003306,0.0427908473033884,0.201905078015202, 0.0056188,-0.0125707, 0.0033225, 0.0068355, 0.0074059,buy
2018-01-14,4,0,1,0,1,0,4,5,3,2,4,4,2,3,2,4,1,0.0503394396900248,0.0465241934337187,0.198925309937743,-0.0008670,-0.0064683,-0.0007919,-0.0025321, 0.0031462,buy
2018-01-15,3,1,0,0,1,0,0,6,4,2,3,4,3,1,2,4,0,0.0488443849333411,0.0504050605013579,0.195982919783986,-0.0046003,-0.0072057,-0.0053184,-0.0047210,-0.0031226,sell
2018-01-16,4,2,0,0,1,0,0,5,5,3,3,4,4,1,1,6,1,0.047709145950981,0.0544298937849252,0.193078655112403, 0.0119492, 0.0106751, 0.0116185, 0.0040261, 0.0113958,buy
2018-01-17,3,1,0,0,1,0,2,5,3,3,2,3,4,0,3,5,1,0.0469329141681706,0.0585924725220038,0.190211768364521, 0.0007311,-0.0033913,-0.0022006,-0.0009782, 0.0039000,buy
2018-01-18,0,1,0,0,1,0,3,4,2,2,1,2,4,1,2,3,0,0.0465399468281229,0.0628954627536294,0.187382259540341, 0.0132815, 0.0112803, 0.0016219, 0.0120642, 0.0065460,buy
2018-01-19,0,3,0,0,1,0,4,5,4,2,2,3,4,2,4,3,1,0.0465286267812902,0.0673370871191116,0.184590876198336, 0.0150964, 0.0191221, 0.0208762, 0.0150964, 0.0159280,buy
2018-01-20,1,4,0,0,1,0,3,4,3,0,1,3,4,1,3,3,1,0.0469070397754103,0.0719164569381052,0.181839861013929, 0.0259937, 0.0254777, 0.0223975, 0.0261823, 0.0186345,buy
2018-01-21,2,2,2,0,1,0,3,3,2,0,1,2,4,2,2,3,1,0.0476881230068632,0.076629128808884,0.1791239810778, 0.0092854, 0.0039588, 0.0007559, 0.0023806, 0.0122626,buy
2018-01-22,1,2,1,2,1,0,4,1,3,1,2,3,3,1,3,3,1,0.0488759193495178,0.0814697706493765,0.176449216857743,-0.0237111,-0.0266652,-0.0313579,-0.0271664,-0.0298992,sell
2018-01-23,2,2,0,1,2,0,3,1,2,1,2,2,2,2,3,2,1,0.0504760888267904,0.0864437145416543,0.173813325678335,-0.0188354,-0.0202520,-0.0141169,-0.0265857,-0.0179243,sell
2018-01-24,2,2,1,0,3,0,3,1,1,2,2,1,3,3,3,2,1,0.0524926743125498,0.0915402963215743,0.171215559981102, 0.0083009, 0.0056669, 0.0132042,-0.0002083, 0.0065318,buy
2018-01-25,1,3,2,1,0,1,2,0,2,2,2,0,3,3,3,1,2,0.0549345701293073,0.0967666254318987,0.16866264779231,-0.0098644,-0.0093708,-0.0076894,-0.0217015,-0.0100840,sell
2018-01-26,1,2,1,2,1,2,3,0,1,1,2,1,2,3,3,2,1,0.0577993505527417,0.102112037708484,0.166145618410272,-0.0103236,-0.0098507,-0.0118629,-0.0115575,-0.0150762,sell
2018-01-27,1,1,1,1,3,1,3,3,1,2,2,1,4,4,3,2,1,0.0610983356296857,0.107580976553058,0.163669704744305,-0.0002969, 0.0123266, 0.0075268, 0.0022721, 0.0085694,buy
2018-01-28,1,2,0,2,3,1,4,2,2,1,3,1,5,3,3,2,1,0.0648331425096867,0.113161889121131,0.161234159235935,-0.0018483, 0.0068351, 0.0072142, 0.0066547, 0.0068351,buy
2018-01-29,0,1,2,2,2,2,3,2,0,1,2,2,5,2,2,1,1,0.0690061969170661,0.118864550896501,0.158839729443637,-0.0127802, 0.0000682,-0.0135434,-0.0155328,-0.0133454,sell
2018-01-30,0,1,2,2,2,1,4,3,1,2,1,3,5,3,3,2,1,0.0736223503004664,0.12467918639537,0.15648641536741,-0.0249001,-0.0054674,-0.0243318,-0.0219998,-0.0242025,sell
2018-01-31,0,4,1,1,3,1,4,3,1,2,3,3,5,3,4,1,1,0.0786848369589826,0.130603129576704,0.154174217007254,-0.0235579,-0.0013461,-0.0180410,-0.0178605,-0.0095352,sell
2018-02-01,0,2,2,2,1,1,4,3,1,3,2,3,3,4,5,1,1,0.0841944654673886,0.136638157801192,0.15190313436317,-0.0280849,-0.0207902,-0.0241412,-0.0287102,-0.0295065,sell
2018-02-02,0,0,2,2,1,1,4,2,1,2,1,2,2,4,4,1,1,0.0901560872743268,0.142778050306417,0.149673914993631,-0.0239045,-0.0249125,-0.0210668,-0.0247903,-0.0223212,sell
2018-02-03,0,1,1,0,2,1,4,2,3,1,2,1,2,3,4,2,1,0.0965737452536661,0.149021918412035,0.147487306457111, 0.0078757, 0.0069910,-0.0030587, 0.0072926, 0.0079646,buy
2018-02-04,0,1,0,1,1,0,5,3,3,2,2,2,2,4,4,1,1,0.103443396531538,0.155367984757355,0.145340318519715,-0.0091736,-0.0058931, 0.0007968,-0.0091317, 0.0061020,sell
2018-02-05,0,0,1,2,1,1,6,4,2,2,2,2,3,4,4,3,1,0.110774744005227,0.161810917260305,0.143235941415338,-0.0100165,-0.0093150, 0.0199370,-0.0096202,-0.0097944,sell
2018-02-06,0,1,1,2,0,1,6,3,3,2,2,2,3,3,5,3,1,0.118565361950412,0.168354270642267,0.141173427585506,-0.0212295,-0.0211406,-0.0003037,-0.0223312,-0.0140910,sell
2018-02-07,1,1,1,1,1,0,4,3,3,3,3,2,2,3,3,3,2,0.126813633217545,0.174992712821169,0.139155767264115, 0.0216613,-0.0012616, 0.0266596, 0.0207688, 0.0289352,buy
2018-02-08,2,1,0,1,1,0,4,4,2,2,2,1,2,4,4,3,1,0.135529260703913,0.181720023034595,0.137177727541848, 0.0117586,-0.0036700, 0.0185374, 0.0065400, 0.0081937,buy
2018-02-09,1,0,0,2,0,0,5,3,1,2,1,1,2,4,3,3,0,0.144706584386098,0.188538867323579,0.135244541328023, 0.0197831, 0.0109307, 0.0242868, 0.0092125, 0.0015697,buy
2018-02-10,0,0,1,1,0,0,6,3,3,3,2,0,3,4,3,4,1,0.154348838563195,0.195444802286397,0.133355461064164, 0.0142229, 0.0005065, 0.0318298,-0.0005653, 0.0043556,buy
2018-02-11,1,1,1,1,0,0,4,4,3,3,3,1,2,3,4,4,1,0.16445278893611,0.202436939242702,0.131506748957904, 0.0121630, 0.0017551, 0.0317462, 0.0067492, 0.0368440,buy
2018-02-12,2,2,0,1,0,0,3,6,4,4,5,2,2,4,4,4,1,0.175023286953484,0.209509057430079,0.129703637918558, 0.0056745, 0.0100940, 0.0135800, 0.0106535, 0.0107292,buy
2018-02-13,1,1,0,1,0,0,3,5,4,4,4,1,2,3,4,4,1,0.186055481166676,0.216661156848526,0.127943137712232, 0.0147244, 0.0152043, 0.0364560, 0.0169175, 0.0355685,buy
2018-02-14,0,1,0,1,0,0,4,2,4,3,3,1,2,2,3,3,1,0.19755018015046,0.223895014858735,0.126224500780451, 0.0151602, 0.0097325, 0.0283205, 0.0068967, 0.0254311,buy
2018-02-15,0,1,0,1,0,0,2,3,4,4,4,0,2,2,3,4,0,0.20950657533006,0.231198189935873,0.12455221247406, 0.0314199, 0.0348412, 0.0386604, 0.0263289, 0.0391677,buy
2018-02-16,2,2,0,1,0,0,0,4,5,3,3,1,2,2,2,6,1,0.221915772382967,0.238576902842355,0.122922535000688, 0.0236843, 0.0259460, 0.0223892, 0.0122567, 0.0219993,buy
2018-02-17,3,2,1,1,0,0,1,3,4,2,2,2,3,2,1,6,1,0.23477777130918,0.24602226677473,0.121337711035757, 0.0204002, 0.0238696, 0.0237146, 0.0064953, 0.0251437,buy
2018-02-18,1,2,1,2,0,0,1,3,3,2,3,1,2,3,2,4,0,0.248087720660056,0.253536947774034,0.11979624546232, 0.0106625, 0.0091630, 0.0171188, 0.0109521, 0.0107204,buy
2018-02-19,1,2,1,2,1,0,2,2,2,4,3,2,3,2,4,2,1,0.26183591753831,0.261115613758194,0.118296643163428, 0.0013686,-0.0025183,-0.0019167, 0.0040555, 0.0009202,buy
2018-02-20,2,4,0,1,1,0,0,5,1,3,3,2,3,4,2,2,1,0.276015084770979,0.268752043964794,0.116842641931452, 0.0083302, 0.0034521,-0.0146201,-0.0099284, 0.0035543,sell
2018-02-21,1,3,1,1,1,0,0,4,4,2,2,3,3,3,3,2,1,0.290611476586909,0.276459568599013,0.115433494207917, 0.0132215,-0.0059824,-0.0082451,-0.0235023, 0.0067748,sell
2018-02-22,2,2,1,1,1,1,2,4,4,2,3,2,4,4,3,3,1,0.305617815813135,0.284215081971875,0.114068452434349,-0.0037941,-0.0172624,-0.0217239,-0.0196484,-0.0210134,sell
2018-02-23,2,2,0,1,1,1,1,4,2,4,2,2,4,4,3,2,1,0.321010653781219,0.292027470886832,0.112750506844645,-0.0014127,-0.0109336,-0.0159308,-0.0139748,-0.0099106,sell
2018-02-24,3,3,0,0,2,1,1,3,4,4,2,2,5,4,2,3,3,0.336775436145233,0.299891403261812,0.111469191620169,-0.0139784,-0.0160486,-0.0155413,-0.0046204,-0.0141342,sell
2018-02-25,3,3,1,1,0,1,1,3,3,2,2,2,4,3,2,3,2,0.352879819914226,0.307805101736126,0.110234225021081,-0.0211663,-0.0226134,-0.0221083,-0.0193631,-0.0189763,sell
2018-02-26,2,1,4,1,1,1,1,3,2,3,3,3,3,4,1,3,2,0.369304399293629,0.315767677629427,0.109042616813487,-0.0146323,-0.0196913,-0.0053118,-0.0125022,-0.0220861,sell
2018-02-27,3,3,1,3,2,0,2,2,3,3,4,3,4,4,2,3,2,0.386011171269074,0.3237729101793,0.107895114555861, 0.0126506, 0.0047685, 0.0211351, 0.0196716,-0.0019682,buy
2018-02-28,3,3,4,1,3,0,3,2,3,3,6,3,3,5,2,4,2,0.402958089952326,0.331821688066089,0.106789475572779, 0.0178304, 0.0184150, 0.0200886, 0.0194306, 0.0134675,buy
2018-03-01,2,1,4,2,1,1,4,1,3,3,4,3,2,4,2,5,2,0.420107152329019,0.339911345248759,0.105730932773562, 0.0143190, 0.0187806, 0.0134250, 0.0142565, 0.0166406,buy
2018-03-02,2,2,4,1,1,2,4,1,4,3,4,4,2,4,3,5,2,0.437392055267703,0.348037438325584,0.104711263014993, 0.0079582, 0.0137045, 0.0132916, 0.0120911, 0.0104833,buy
2018-03-03,2,2,2,0,1,1,4,2,2,4,5,3,1,3,2,4,2,0.454765092856727,0.35620441069829,0.10373719432334, 0.0080667, 0.0037774, 0.0099408, 0.0094860, 0.0034849,buy
2018-03-04,2,1,3,0,1,1,5,2,1,3,5,2,2,3,1,5,1,0.472156727665548,0.364398932161697,0.102805736464706, 0.0096733, 0.0084460, 0.0087705, 0.0062831,-0.0036077,buy
2018-03-05,2,0,1,1,1,1,5,2,2,1,2,2,2,2,1,5,2,0.489490145090657,0.372626334797879,0.101915394322144,-0.0056126,-0.0068357,-0.0157629,-0.0075811,-0.0157114,sell
2018-03-06,2,0,2,1,0,0,4,1,2,0,1,1,2,2,1,3,2,0.506687721953775,0.380885729926488,0.101070653246497,-0.0263213,-0.0292915,-0.0274643,-0.0289646,-0.0322173,sell
2018-03-07,3,1,2,1,1,0,4,1,2,0,2,1,2,3,1,3,3,0.523660515029788,0.38916911942442,0.100266280328447,-0.0399499,-0.0413364,-0.0396339,-0.0439024,-0.0463599,sell
2018-03-08,2,2,2,2,0,0,3,1,1,2,2,1,3,3,2,2,2,0.540316346794486,0.397480058013053,0.099503023126469,-0.0278258,-0.0271251,-0.0293911,-0.0289934,-0.0258442,sell
2018-03-09,3,2,3,2,0,0,3,0,1,2,4,2,2,2,1,3,2,0.556563848298435,0.405813213610317,0.098783124315984,-0.0185112,-0.0252144,-0.0171749,-0.0185112,-0.0233356,sell
2018-03-10,3,1,3,2,0,0,2,1,1,3,6,2,0,1,3,2,2,0.572297904821046,0.414165031494831,0.0981058363385184,-0.0023860,-0.0070468,-0.0019039,-0.0012179,-0.0055473,sell
2018-03-11,3,3,2,2,0,0,1,1,2,3,5,2,1,2,3,2,2,0.587423104539015,0.422538177707631,0.097466673843228, 0.0031565,-0.0000357, 0.0036443, 0.0038874,-0.0002977,buy
2018-03-12,2,2,2,2,0,0,3,1,2,3,5,3,2,2,2,2,1,0.601844035629039,0.4309264314863,0.0968716172979051, 0.0043927,-0.0044146, 0.0036937, 0.0044852,-0.0080293,buy
2018-03-13,1,2,2,2,0,0,5,2,2,2,3,4,3,1,3,2,2,0.615465286267813,0.439325349429112,0.0963146862347573,-0.0131970,-0.0134515,-0.0149521,-0.0019949,-0.0187748,sell
2018-03-14,1,2,2,2,0,0,4,3,3,3,4,3,2,2,3,3,3,0.628189018907713,0.447738486257447,0.0958011135631029,-0.0166172,-0.0267985,-0.0210440,-0.0060469,-0.0225780,sell
2018-03-15,1,3,2,1,0,0,4,3,4,3,4,4,2,3,3,3,2,0.639934376071362,0.456160509889235,0.0953234236982017,-0.0186458,-0.0264754,-0.0204713,-0.0072666,-0.0204659,sell
2018-03-16,2,3,3,1,0,0,4,2,2,2,4,3,3,2,2,3,2,0.650620500281384,0.464588754283439,0.0948890922247938,-0.0099035,-0.0135831,-0.0099888,-0.0056392,-0.0214799,sell
2018-03-17,1,2,3,0,0,0,4,0,1,2,2,4,2,1,0,3,1,0.66016572548563,0.473022330759715,0.0944958764674573,-0.0043284,-0.0054691,-0.0070780, 0.0008776, 0.0009884,sell
2018-03-18,2,3,1,1,0,0,4,0,0,3,1,5,3,0,1,2,2,0.668511834300389,0.481455907235991,0.094140038633822, 0.0128395, 0.0198242, 0.0070450, 0.0301608, 0.0244056,buy
2018-03-19,3,4,2,0,1,0,4,1,0,2,1,5,4,1,1,3,2,0.675592523594212,0.489892149753302,0.0938238213993099, 0.0252618, 0.0257761, 0.0204012, 0.0342324, 0.0298454,buy
2018-03-20,2,3,2,0,0,0,3,1,1,2,0,4,4,2,1,2,1,0.681362513179769,0.498324837549233,0.093544982088499, 0.0197161, 0.0189937, 0.0159034, 0.0231330, 0.0229757,buy
2018-03-21,1,3,1,2,0,1,5,0,1,2,1,4,3,2,2,2,2,0.685770054271539,0.506753970623783,0.0933050158183373, 0.0067710, 0.0023992, 0.0017467, 0.0189079, 0.0073363,buy
2018-03-22,1,3,0,2,3,1,2,2,0,2,2,4,1,2,3,2,2,0.688790889626309,0.51517599425557,0.0931016799134028,-0.0054366,-0.0008846,-0.0035230,-0.0077454,-0.0071937,sell
2018-03-23,1,4,0,0,4,0,1,1,2,3,2,3,3,2,2,2,2,0.690403187725188,0.523587353723215,0.0929364694906436,-0.0036820, 0.0080805, 0.0027456,-0.0001548, 0.0018441,buy
2018-03-24,3,3,0,2,3,2,1,1,2,2,5,3,2,2,3,2,2,0.690605331418628,0.531989826387408,0.0928078894331115,-0.0047784,-0.0141528,-0.0024998,-0.0055319,-0.0169524,sell
2018-03-25,2,2,2,2,1,3,1,1,0,4,5,3,2,2,4,1,1,0.689399746430951,0.540378968846422,0.0927159397408066,-0.0037789, 0.0094912,-0.0036894,-0.0006909,-0.0021058,sell
2018-03-26,2,5,1,2,3,1,1,1,0,5,5,3,2,2,4,3,2,0.686827670075618,0.548752115059222,0.0926591252967807,-0.0090300,-0.0020039,-0.0086383,-0.0087455,-0.0097821,sell
2018-03-27,2,5,0,3,5,0,1,2,0,4,5,4,3,2,5,2,1,0.682928722516543,0.557105710304426,0.0926322131917158, 0.0020047, 0.0010398,-0.0155822,-0.0022947, 0.0020300,sell
2018-03-28,2,1,4,4,2,0,1,2,0,3,4,4,2,2,4,2,1,0.67778295265633,0.565439754582036,0.0926479119196704,-0.0109548,-0.0108688,-0.0109941,-0.0106296,-0.0085846,sell
2018-03-29,2,0,3,4,0,1,1,2,1,2,3,2,3,2,3,2,1,0.671477686570543,0.573753359211705,0.0926935129865858,-0.0165587,-0.0144478,-0.0183265,-0.0181771,-0.0169674,sell
2018-03-30,2,2,1,1,2,1,1,2,1,2,3,2,3,1,3,2,1,0.664130167601379,0.582042969472053,0.0927735017433064,-0.0134110,-0.0151710,-0.0155748,-0.0150062,-0.0211423,sell
2018-03-31,2,2,0,1,2,0,2,3,0,5,3,2,4,2,4,1,1,0.655875427736055,0.590306808002389,0.0928856355144099,-0.0031700,-0.0053924,-0.0058593,-0.0045878,-0.0032718,sell
2018-04-01,2,1,0,2,1,2,3,2,0,5,3,2,5,2,3,2,1,0.646872756205003,0.598543986122368,0.0930299142998966,-0.0001000,-0.0045030,-0.0039605,-0.0014160, 0.0022620,buy
2018-04-02,2,1,1,2,0,2,2,2,2,4,2,3,5,1,4,2,1,0.637279016514331,0.606748283069573,0.0932055905412922, 0.0007263,-0.0054301, 0.0003901, 0.0018848, 0.0044134,buy
2018-04-03,2,1,1,1,1,0,1,4,1,2,3,2,3,2,3,1,0,0.627273712263815,0.614926808286767,0.0934134117970708, 0.0020999, 0.0035308, 0.0036249, 0.0037785, 0.0030512,buy
2018-04-04,2,2,1,1,2,0,4,4,0,2,3,3,2,2,5,1,2,0.617029069880266,0.62306623156877,0.0936503878333363,-0.0099869,-0.0214144,-0.0226790,-0.0053874,-0.0190090,sell
2018-04-05,1,1,2,3,1,0,6,2,0,3,3,3,2,3,4,1,3,0.606718932940043,0.631172773677999,0.0939180137670369,-0.0090347,-0.0232598,-0.0220351,-0.0026069,-0.0234386,sell
2018-04-06,1,2,3,2,0,0,4,1,1,2,3,2,2,2,3,2,2,0.596505016397896,0.639242879893074,0.0942118042473282,-0.0211537,-0.0230021,-0.0217627,-0.0164535,-0.0241578,sell
2018-04-07,3,3,3,1,1,0,2,1,2,3,3,3,3,1,5,2,2,0.586541758035616,0.647272995492613,0.0945347495081066, 0.0045063, 0.0076927, 0.0069490, 0.0046951,-0.0000336,buy
2018-04-08,3,4,2,1,1,0,2,0,3,3,3,2,3,2,4,3,2,0.57695772124223,0.655260454435581,0.0948853544324237, 0.0088013, 0.0132246, 0.0129173, 0.0127221, 0.0074570,buy
2018-04-09,1,3,2,1,1,0,2,1,2,4,2,1,4,1,5,2,2,0.567881469406765,0.663203479361288,0.0952613763448577, 0.0006534, 0.0045211, 0.0002600,-0.0001906, 0.0019672,buy
2018-04-10,1,2,2,1,1,0,4,0,2,4,3,2,3,2,5,1,1,0.559401137179562,0.671105624991113,0.0956635628038825,-0.0033467,-0.0013205,-0.0061534,-0.0037403,-0.0024218,sell
2018-04-11,1,3,1,1,1,0,1,2,3,3,4,2,2,2,4,2,0,0.551602433486639,0.678959781882296,0.0960889235756021, 0.0066297, 0.0087042, 0.0088107,-0.0002376, 0.0099909,buy
2018-04-12,2,3,1,1,1,0,0,3,5,2,3,3,3,2,4,2,1,0.544552470034219,0.686762395313455,0.0965419440108605, 0.0042287, 0.0074575, 0.0038101,-0.0219836, 0.0099055,buy
2018-04-13,2,2,2,1,1,1,1,2,5,1,4,2,3,2,1,4,2,0.538290058411442,0.694512576604246,0.0970166436418657, 0.0217080, 0.0186279,-0.0006170, 0.0202427, 0.0204264,buy
2018-04-14,1,3,2,2,1,1,1,2,2,2,4,2,2,2,2,3,2,0.532848350184032,0.702206771033286,0.0975137700270915, 0.0074641, 0.0126632, 0.0032624, 0.0131289, 0.0053252,buy
2018-04-15,2,4,2,1,2,1,2,1,2,4,4,3,3,3,3,3,2,0.528246751146559,0.70985386540403,0.098031080491116, 0.0049022, 0.0093783, 0.0100723, 0.0104515, 0.0049544,buy
2018-04-16,3,6,3,2,1,1,0,3,2,1,3,3,4,4,4,3,1,0.524491729897214,0.717437863470261,0.0985700701508872,-0.0011344, 0.0018558, 0.0080083,-0.0006659,-0.0002439,buy
2018-04-17,3,2,4,3,0,2,0,2,3,0,4,2,3,3,3,2,2,0.521585712160318,0.724962319953362,0.099127748772509,-0.0086265,-0.0159466,-0.0108996,-0.0082039,-0.0051402,sell
2018-04-18,3,2,2,5,1,2,1,2,2,1,4,2,2,4,4,3,2,0.519514143589943,0.732423680131951,0.0997048639144554, 0.0047915,-0.0031695, 0.0053133, 0.0014281, 0.0009344,buy
2018-04-19,2,2,1,3,4,1,1,3,2,2,4,2,3,4,3,3,2,0.518268129863577,0.73982549872741,0.100299920459778, 0.0143250, 0.0069794, 0.0191356, 0.0084019,-0.0098370,buy
2018-04-20,2,4,1,3,3,2,2,2,3,1,5,2,3,4,3,4,2,0.517828265186651,0.747157111575595,0.10091142329153, 0.0199137, 0.0049450, 0.0150579, 0.0057769,-0.0004793,buy
2018-04-21,2,3,2,3,0,4,1,2,2,1,5,2,3,3,3,3,1,0.518171100890726,0.754422962078232,0.101538624851236, 0.0283175, 0.0116701, 0.0091340, 0.0180387, 0.0176864,buy
2018-04-22,2,4,1,3,0,2,1,1,3,2,4,2,3,3,2,4,1,0.519273996882136,0.761613274751525,0.102178534905, 0.0200820, 0.0025072, 0.0080581, 0.0040309, 0.0039663,buy
2018-04-23,2,5,0,3,4,0,1,1,2,2,4,2,4,3,3,4,0,0.521112695917668,0.76873782507927,0.102834891245193, 0.0077467, 0.0027325, 0.0067133, 0.0029733,-0.0057763,buy
2018-04-24,2,2,1,2,3,0,1,1,1,3,3,2,2,3,2,3,1,0.52365889788024,0.775786837577671,0.103503208520971, 0.0102757, 0.0105358, 0.0148802, 0.0101818,-0.0044003,buy
2018-04-25,1,3,3,4,0,1,1,0,1,2,2,2,1,3,3,3,2,0.526890771250962,0.782756757525345,0.104182739173858,-0.0114249,-0.0084152,-0.0146699,-0.0073960,-0.0004556,sell
2018-04-26,1,4,4,3,1,1,1,0,2,1,2,3,1,4,3,3,2,0.530776781613657,0.789651139643675,0.104872735645382,-0.0142987,-0.0129649,-0.0102183,-0.0102845,-0.0016604,sell
2018-04-27,1,5,2,2,2,0,1,1,1,2,2,3,1,4,4,2,1,0.535293480299884,0.796464651850588,0.105571702818594,-0.0076321,-0.0129981,-0.0014848,-0.0023606, 0.0015824,sell
2018-04-28,1,3,1,3,2,1,1,0,1,4,2,4,1,4,4,1,1,0.54041822721598,0.803195516785394,0.106279640693495,-0.0004688,-0.0067782, 0.0020093,-0.0014816, 0.0012800,buy
2018-04-29,1,1,1,3,2,1,1,0,2,2,1,3,2,2,4,1,1,0.546119487945767,0.809841957087403,0.106993559036188, 0.0053837,-0.0002139, 0.0018187, 0.0003230, 0.0013938,buy
2018-04-30,2,1,2,2,2,0,1,1,4,1,2,3,2,3,5,0,1,0.552381899568545,0.81640308407627,0.107714952963621, 0.0073289, 0.0005827, 0.0173393, 0.0028918, 0.0078126,buy
2018-05-01,2,1,1,2,2,1,1,2,2,0,1,2,2,4,3,1,1,0.559174736242909,0.822879786432339,0.108441579800372, 0.0008701,-0.0012209, 0.0013915,-0.0019592,-0.0041522,buy
2018-05-02,1,1,1,3,2,1,3,2,1,1,2,2,4,3,3,1,1,0.566481826473385,0.82926495471285,0.109169701754071, 0.0032338, 0.0016112, 0.0046411, 0.0009243, 0.0006074,buy
2018-05-03,1,0,2,3,2,0,4,1,1,1,2,2,3,3,2,3,0,0.57427244441857,0.835562143639182,0.109901561500141, 0.0130456, 0.0117540, 0.0128099, 0.0017023, 0.0120954,buy
2018-05-04,2,1,1,1,3,1,1,2,1,2,3,1,3,2,3,2,1,0.582531227157763,0.841763355088228,0.11063342124621,-0.0075333,-0.0108971,-0.0124189,-0.0145031,-0.0184429,sell
2018-05-05,4,2,0,1,3,1,1,1,3,3,3,2,4,3,3,3,1,0.59123391744775,0.847873032461716,0.111364533433805, 0.0070931, 0.0054813, 0.0101522, 0.0055523,-0.0041980,buy
2018-05-06,3,1,0,2,2,1,1,2,2,4,4,2,4,3,1,3,1,0.600365960942604,0.853885843677572,0.112093402945978,-0.0064068,-0.0100893,-0.0078161, 0.0026662,-0.0227998,sell
2018-05-07,1,1,2,1,2,1,2,2,1,4,4,1,4,3,2,2,1,0.609897440375696,0.859802677416144,0.112820777341204,-0.0145022,-0.0178010,-0.0186128,-0.0113616,-0.0181086,sell
2018-05-08,0,2,2,0,3,1,3,2,2,5,5,2,3,4,2,3,1,0.619819461424515,0.865617312915014,0.113542171268637,-0.0069986,-0.0101215,-0.0159996,-0.0088680,-0.0092756,sell
2018-05-09,1,3,1,0,2,1,1,4,3,4,3,3,3,4,2,4,1,0.630105341121526,0.871330638854527,0.114257584728277, 0.0081876, 0.0087177, 0.0142228, 0.0116046, 0.0087177,buy
2018-05-10,2,1,2,1,2,1,0,4,3,5,3,2,4,4,3,4,1,0.640735673672158,0.876943543915028,0.114965522603178, 0.0017796, 0.0018105, 0.0023555, 0.0096815, 0.0018774,buy
2018-05-11,1,0,1,2,2,1,1,2,2,5,3,2,3,3,2,3,1,0.651697521880033,0.882449807334101,0.115663742217916,-0.0255021,-0.0277372,-0.0251037,-0.0199931,-0.0344802,sell
2018-05-12,1,1,1,2,3,1,1,2,1,4,4,1,3,3,3,2,1,0.662960968478521,0.887848540431401,0.11635373868944,-0.0146385,-0.0178717,-0.0186874,-0.0132355,-0.0229748,sell
2018-05-13,2,3,1,1,2,1,1,3,1,4,2,2,4,5,2,3,1,0.674513884846015,0.893140631887273,0.11703177422538, 0.0139570, 0.0138338, 0.0142772, 0.0178520, 0.0140739,buy
2018-05-14,2,3,2,1,1,1,0,4,1,2,1,2,4,4,2,3,1,0.686335248038398,0.898323415660681,0.117694111033365, 0.0202898, 0.0203214, 0.0202898, 0.0211748, 0.0211422,buy
2018-05-15,1,2,3,2,1,1,2,2,1,2,1,2,4,4,2,3,1,0.698399183662908,0.903389782308863,0.11834149667187, 0.0075345, 0.0047704, 0.0061495, 0.0061495, 0.0059151,buy
2018-05-16,1,2,3,3,3,0,1,3,1,3,1,4,4,3,3,5,0,0.71069113737362,0.90834506391389,0.118977668933264,-0.0107477,-0.0121971,-0.0160291,-0.0127440,-0.0055212,sell
2018-05-17,1,3,2,3,4,0,1,2,2,2,2,4,4,2,2,5,1,0.723178766179581,0.913187483115074,0.119591414440438,-0.0101580,-0.0088194,-0.0088194,-0.0087820,-0.0007915,sell
2018-05-18,1,3,4,3,2,1,1,1,2,1,3,3,4,1,3,4,1,0.735845090010544,0.917909041789305,0.120187218544235,-0.0134494,-0.0125566,-0.0138221,-0.0121908,-0.0075718,sell
2018-05-19,0,2,4,2,1,2,2,1,1,2,2,4,4,1,1,4,1,0.748659383025105,0.922513294657965,0.120762838569233,-0.0225457,-0.0078788,-0.0095583,-0.0061989,-0.0048825,sell
2018-05-20,0,4,2,2,3,2,2,2,2,3,4,4,5,0,2,5,2,0.761594153680956,0.926998464360363,0.121315284281537,-0.0005557, 0.0004637,-0.0008706,-0.0013031,-0.0026165,buy
2018-05-21,0,3,2,2,4,1,1,3,2,2,3,4,4,1,1,5,2,0.77462191043579,0.93136099617512,0.121845303239619,-0.0009583, 0.0004736,-0.0005050,-0.0022269, 0.0023520,buy
2018-05-22,0,2,3,3,2,3,1,2,3,1,2,4,4,1,2,5,2,0.787701415976144,0.935601778782579,0.122348410092637,-0.0282177,-0.0207366,-0.0226762,-0.0236229,-0.0147544,sell
2018-05-23,0,2,3,4,1,3,1,2,3,1,3,4,3,3,2,4,1,0.800804370184937,0.939714591420324,0.122826099957539,-0.0230618,-0.0233984,-0.0233841,-0.0187860,-0.0075320,sell
2018-05-24,0,3,3,3,2,2,1,3,1,3,3,4,2,3,4,3,2,0.813890344323482,0.943701211449047,0.123276877717375,-0.0159770,-0.0197506,-0.0118411,-0.0197934,-0.0135049,sell
2018-05-25,0,4,2,2,3,2,2,2,1,4,2,4,3,4,4,2,3,0.826912441054899,0.947562527549091,0.123692520228932,-0.0072763,-0.0144566,-0.0069347,-0.0209150,-0.0151047,sell
2018-05-26,0,2,3,3,1,2,0,2,1,3,0,3,2,3,4,2,3,0.839828614490954,0.95129231895804,0.124083493310847,-0.0095173,-0.0133469,-0.0110666,-0.0151039,-0.0155569,sell
2018-05-27,1,0,4,2,1,2,1,2,2,2,1,2,2,3,5,2,2,0.852586307271351,0.954890585675895,0.124437836027534,-0.0072328,-0.0051202,-0.0117106,-0.0098411,-0.0104130,sell
2018-05-28,1,1,2,3,2,1,2,3,1,1,1,1,3,2,5,3,2,0.865132962035797,0.958362659784726,0.124759286171364,-0.0053508,-0.0051435,-0.0092048,-0.0063361,-0.0091055,sell
2018-05-29,0,1,3,2,3,1,4,3,1,2,2,2,4,2,4,4,2,0.877411978550128,0.961697877120391,0.125044105949967, 0.0005520,-0.0007151,-0.0011122,-0.0013439,-0.0004238,buy
2018-05-30,0,0,4,3,2,1,4,3,0,1,2,3,3,3,3,2,2,0.889358670832444,0.964899792404271,0.125290800246395, 0.0053356, 0.0053893, 0.0035296, 0.0046711, 0.0045445,buy
2018-05-31,1,0,4,2,2,0,3,3,0,0,2,2,2,2,4,2,1,0.900910778625164,0.967969294316711,0.125498621502174, 0.0073986, 0.0082900, 0.0081635, 0.0068026, 0.0089514,buy
2018-06-01,2,1,3,1,2,2,3,1,2,0,2,2,3,3,4,2,1,0.912008467395031,0.970903716816676,0.125663831924933, 0.0010185, 0.0040087, 0.0025804, 0.0024179, 0.0020274,buy
2018-06-02,1,1,3,1,3,2,1,2,2,1,3,1,3,3,3,3,1,0.922580582561953,0.973700393863129,0.125787926631621, 0.0058966,-0.0041182,-0.0051893,-0.0054556,-0.0033683,sell
2018-06-03,1,0,3,1,2,1,2,2,0,3,3,2,3,2,3,2,0,0.932560012419708,0.976353993373999,0.125867167829868, 0.0082338,-0.0011598, 0.0023819,-0.0082875,-0.0008693,buy
2018-06-04,0,0,2,0,4,1,3,3,0,3,4,0,4,2,3,2,1,0.941890156734134,0.978879622915156,0.125894827493407,-0.0025055,-0.0060360,-0.0084031,-0.0118891,-0.0065557,sell
2018-06-05,0,1,1,1,2,1,3,4,2,2,3,1,3,3,3,3,1,0.950507138098103,0.981259508879694,0.125885109233244, 0.0005529,-0.0023542,-0.0019344,-0.0115400,-0.0044468,sell
2018-06-06,1,0,2,1,3,1,2,5,2,2,3,2,3,4,2,3,2,0.95835839915132,0.983500760710375,0.1258230618799, 0.0034232, 0.0047369, 0.0030194, 0.0029996, 0.0032276,buy
2018-06-07,1,0,2,2,4,1,3,4,1,2,4,2,3,4,1,4,2,0.965397851131681,0.985598935005474,0.125709432991849, 0.0046854, 0.0051331, 0.0043368, 0.0046824, 0.0038600,buy
2018-06-08,0,1,0,2,4,1,4,2,1,3,3,2,3,3,2,3,2,0.971592342473462,0.987556697806026,0.125543475010615,-0.0060696,-0.0049083,-0.0045112,-0.0063577,-0.0097729,sell
2018-06-09,1,2,0,2,4,1,3,1,0,3,2,2,2,4,2,2,3,0.976905487311845,0.98937049439065,0.125322945260778,-0.0132513,-0.0099004,-0.0101057,-0.0099044,-0.0100747,sell
2018-06-10,1,2,1,3,2,2,2,2,0,3,2,3,3,4,2,2,2,0.981321922726126,0.991040324759345,0.125049338859286,-0.0212555,-0.0207764,-0.0216406,-0.0201173,-0.0212210,sell
2018-06-11,0,3,1,5,1,1,2,1,3,3,3,4,4,2,2,3,2,0.984834371543343,0.992567966272803,0.124721160689189,-0.0115166,-0.0215742,-0.0140805,-0.0161188,-0.0199956,sell
2018-06-12,0,2,1,5,2,0,3,0,2,1,2,2,2,2,3,3,2,0.987441216613948,0.993953418931024,0.124335420516593,-0.0080587,-0.0077519,-0.0098010,-0.0085090,-0.0085368,sell
2018-06-13,0,2,1,4,4,1,2,2,1,2,3,3,3,2,3,3,2,0.989150543685678,0.995190461971591,0.123888380549127,-0.0130165,-0.0134092,-0.0130165,-0.0130269,-0.0124617,sell
2018-06-14,0,3,0,5,3,2,3,0,2,1,3,4,3,1,3,3,2,0.989978524254009,0.996284427476574,0.123385273696109,-0.0117867,-0.0122906,-0.0116203,-0.0113538,-0.0115072,sell
2018-06-15,0,1,2,2,3,3,2,0,1,1,2,3,2,2,3,2,1,0.989950224136927,0.997229983363904,0.122820867048221, 0.0096419,-0.0001979,-0.0021959, 0.0034913, 0.0017945,buy
2018-06-16,1,3,0,4,3,3,1,0,0,2,3,3,3,1,4,2,1,0.989094752026288,0.99802890699427,0.122196655722411,-0.0019580,-0.0068509,-0.0086576,-0.0063487,-0.0048163,sell
2018-06-17,0,3,1,4,5,3,1,0,0,2,4,4,3,1,5,2,0,0.98744606806259,0.998685641769398,0.121510397043257, 0.0032395, 0.0017786, 0.0003919, 0.0032750, 0.0031868,buy
2018-06-18,0,2,3,5,3,2,2,0,1,1,3,4,2,1,5,3,1,0.985038940961104,0.999192189566182,0.120764333686181, 0.0047180, 0.0067569, 0.0067162, 0.0082366, 0.0074799,buy
2018-06-19,0,2,4,5,3,2,2,1,2,0,3,5,3,2,4,2,2,0.98191622518484,0.999552105106002,0.119953232741865,-0.0052450,-0.0088107, 0.0031466, 0.0022662,-0.0009616,buy
2018-06-20,0,3,4,2,2,2,1,2,2,1,3,3,2,3,4,2,2,0.978111880874296,0.999763611028168,0.119083822236575,-0.0154082,-0.0197295,-0.0104601,-0.0181294,-0.0098502,sell
2018-06-21,0,2,3,1,2,2,2,0,2,2,3,2,3,3,3,1,1,0.97367523109067,0.999827596013024,0.118151616819468,-0.0020659,-0.0066037, 0.0012164,-0.0033846, 0.0009652,sell
2018-06-22,0,2,1,2,2,4,1,0,1,2,2,2,4,2,3,2,0,0.968645087423104,0.999747614781953,0.117156616490542,-0.0057413,-0.0225895,-0.0222797,-0.0182878,-0.0175591,sell
2018-06-23,1,2,2,2,0,4,1,0,2,3,3,2,4,1,3,3,1,0.963061070035513,0.999519223933228,0.116101811483694,-0.0052864,-0.0190817,-0.0253196,-0.0220430,-0.0234869,sell
2018-06-24,1,3,1,1,1,3,1,1,2,2,3,1,3,2,3,2,2,0.956970076264773,0.999142423466849,0.114984211565029,-0.0047916,-0.0170528,-0.0131364,-0.0103054,-0.0127431,sell
2018-06-25,0,4,0,0,2,3,2,1,2,1,1,2,3,2,3,3,1,0.95040768340093,0.998620768104196,0.113804564293019, 0.0118759,-0.0094541,-0.0088061,-0.0048745,-0.0034046,sell
2018-06-26,0,1,1,1,2,3,4,1,2,2,2,4,2,2,3,3,1,0.943417554481768,0.997953369164925,0.11256735501851, 0.0053848,-0.0026879,-0.0070290,-0.0011355,-0.0036122,sell
2018-06-27,1,2,1,2,2,1,2,2,1,2,3,2,2,1,3,4,1,0.936032841073011,0.997137560608,0.111268098390656,-0.0107911,-0.0225663,-0.0232593,-0.0254932,-0.0225720,sell
2018-06-28,2,3,1,3,4,1,2,0,2,2,3,2,3,2,4,4,2,0.928296397637668,0.996179563195837,0.109909784643355,-0.0076586,-0.0106427,-0.0104974,-0.0106607,-0.0099756,sell
2018-06-29,1,3,0,2,4,1,1,0,2,2,3,1,3,2,3,3,1,0.920244610040558,0.995075822207055,0.108493908893554, 0.0008919, 0.0006672, 0.0025762, 0.0006629,-0.0007048,buy
2018-06-30,1,2,0,2,4,1,2,1,0,2,1,2,3,1,5,3,0,0.911909821272632,0.99382544896131,0.107019723582779, 0.0150269, 0.0121687, 0.0155121, 0.0116245, 0.0127157,buy
2018-07-01,1,1,1,2,4,2,4,1,0,2,3,2,3,2,6,1,1,0.903325182899614,0.992433775540673,0.105493209178822, 0.0090079, 0.0132216, 0.0102745, 0.0141530, 0.0143309,buy
2018-07-02,0,2,1,2,3,3,2,2,2,1,3,2,1,3,6,2,1,0.894527889361097,0.990898135904108,0.103912870564736, 0.0098079, 0.0159740, 0.0117045, 0.0147844, 0.0133946,buy
2018-07-03,1,0,2,1,3,1,2,2,2,1,2,3,1,2,4,3,0,0.885548666498483,0.989217641371269,0.102280202857468, 0.0057675,-0.0002903,-0.0002822,-0.0028080,-0.0002486,buy
2018-07-04,1,0,3,2,4,1,1,2,1,0,3,3,2,2,3,1,1,0.87641904872795,0.987395846663538,0.100599691407862, 0.0101005, 0.0101194, 0.0114999, 0.0119450, 0.0082031,buy
2018-07-05,0,0,2,3,3,1,2,1,1,1,3,3,1,0,4,1,2,0.867177847638638,0.985430974420225,0.0988713362159188, 0.0046003, 0.0016117, 0.0019672, 0.0028789, 0.0011179,buy
2018-07-06,0,1,2,1,1,1,2,0,1,2,3,2,2,1,2,0,1,0.857839617576475,0.98333013408409,0.0971041079833265,-0.0008436,-0.0041930,-0.0056202,-0.0083651,-0.0056504,sell
2018-07-07,1,2,4,0,0,2,1,1,0,3,2,2,2,3,2,2,1,0.848452064453112,0.981087993573064,0.0952942689177148,-0.0003523,-0.0027220, 0.0036167, 0.0034125, 0.0034125,buy
2018-07-08,1,4,5,1,1,3,1,0,1,2,3,3,3,3,3,3,1,0.839037828362216,0.97870544156749,0.0934463043699278,-0.0069852,-0.0040608, 0.0015014, 0.0012609, 0.0023273,buy
2018-07-09,0,2,4,2,2,2,2,0,1,2,2,2,3,3,3,3,1,0.829629252294735,0.976182478067369,0.0915654472492839,-0.0116602,-0.0118384,-0.0051057,-0.0094992,-0.0047765,sell
2018-07-10,0,1,4,1,4,1,2,1,0,2,2,1,3,3,3,4,0,0.820253827792979,0.973527101195808,0.089656182906627,-0.0090279,-0.0073100, 0.0029977, 0.0009916,-0.0071114,sell
2018-07-11,0,2,3,4,2,2,1,1,2,2,2,1,4,3,4,4,1,0.810947940721766,0.970736644911772,0.0877207540173793,-0.0020901,-0.0174130,-0.0141301,-0.0079877,-0.0085905,sell
2018-07-12,0,1,5,2,3,3,1,1,2,1,2,1,3,4,4,3,2,0.801740699772952,0.967808443174224,0.0857643934908589,-0.0098049,-0.0076518,-0.0076240,-0.0082832,-0.0041941,sell
2018-07-13,0,2,3,3,4,3,2,1,0,2,2,2,3,4,4,3,2,0.792663639362714,0.964747828065236,0.08379158667791,-0.0091124,-0.0078236,-0.0092355,-0.0084528,-0.0086902,sell
2018-07-14,0,3,2,4,6,2,2,0,0,2,2,2,3,4,5,4,1,0.783752336781096,0.961555688265154,0.0818083140463247, 0.0133238, 0.0071076, 0.0106626, 0.0105805, 0.0167914,buy
2018-07-15,1,2,4,4,6,1,1,0,0,0,0,2,2,5,5,4,1,0.775036709294729,0.958231135093631,0.0798190609469473, 0.0243844, 0.0170052, 0.0175740, 0.0181717, 0.0208862,buy
2018-07-16,1,1,4,5,4,2,1,0,1,0,1,3,2,5,5,2,1,0.766554759917978,0.954775945911359,0.0778275651721478, 0.0161829, 0.0216789, 0.0158490, 0.0210696, 0.0189434,buy
2018-07-17,0,1,2,4,4,2,1,1,0,1,1,2,2,4,5,2,0,0.758336405917474,0.951193675439719,0.0758398071897184, 0.0300121, 0.0281684, 0.0230321, 0.0292944, 0.0283965,buy
2018-07-18,0,1,1,2,4,0,3,0,1,2,2,2,1,3,3,2,1,0.750423693181451,0.94748254631802,0.0738625150259254, 0.0250774, 0.0253264, 0.0285871, 0.0238865, 0.0075518,buy
2018-07-19,0,2,0,2,3,1,2,1,1,2,3,2,2,2,2,2,1,0.742853816149502,0.943646113267642,0.0718986789146647, 0.0066972,-0.0001818,-0.0018773,-0.0029813,-0.0036079,buy
2018-07-20,1,1,0,3,1,2,1,1,3,2,3,1,3,1,3,2,2,0.735665586410769,0.939685264968932,0.0699542793237287,-0.0066389,-0.0128538,-0.0109908,-0.0107975,-0.0139659,sell
2018-07-21,1,1,1,2,1,1,1,1,3,2,3,0,3,2,3,2,1,0.728897815554391,0.935600890102234,0.0680360442793836,-0.0061222,-0.0017178,-0.0073493,-0.0067093,-0.0046191,sell
2018-07-22,0,2,0,3,3,1,2,1,2,2,2,1,3,2,4,4,0,0.72258931516951,0.93139832074962,0.0661462164570513, 0.0092376, 0.0068874, 0.0076754, 0.0081637, 0.0076754,buy
2018-07-23,0,2,0,4,2,2,4,3,2,4,3,3,5,3,4,4,1,0.716791025466871,0.927071336148673,0.0642900287660501, 0.0136601, 0.0110840, 0.0151894, 0.0144397, 0.0132738,buy
2018-07-24,1,2,2,4,2,2,2,3,1,4,3,3,4,3,3,5,2,0.711530437988783,0.922628823102845,0.0624734616741722, 0.0209020, 0.0178800, 0.0210708, 0.0183729, 0.0214970,buy
2018-07-25,1,3,2,3,2,2,2,2,3,2,4,3,4,2,4,4,1,0.706860110095541,0.918066338210411,0.0607017480907357,-0.0003865,-0.0025078,-0.0031800, 0.0010938, 0.0012252,buy
2018-07-26,1,3,2,3,2,2,1,1,3,2,3,2,4,3,3,4,1,0.702820470525832,0.913392768274823,0.0589786258081107,-0.0005916,-0.0096119,-0.0094120,-0.0056541,-0.0066880,sell
2018-07-27,1,2,1,4,2,2,3,2,0,3,1,3,4,2,4,4,2,0.69944224512106,0.908601892533663,0.0573063375017194, 0.0110301, 0.0082930, 0.0104374, 0.0097885, 0.0108196,buy
2018-07-28,1,1,1,4,3,2,5,2,0,3,1,3,4,3,5,3,3,0.696770714068554,0.903699931749349,0.055694601431724, 0.0007803, 0.0059120, 0.0043529,-0.0000906,-0.0059029,buy
2018-07-29,0,2,1,2,3,2,5,2,2,2,1,3,3,3,5,4,2,0.694838220359266,0.898688663282572,0.0541404273642285, 0.0006503, 0.0035322, 0.0035482, 0.0015278, 0.0013456,buy
2018-07-30,1,2,2,2,2,1,3,2,2,1,2,3,2,3,5,2,1,0.693668212661634,0.893565421092295,0.052651290883973, 0.0016404, 0.0024679, 0.0037046, 0.0030544, 0.0056107,buy
2018-07-31,1,1,2,1,1,2,2,3,1,1,1,2,2,3,3,2,2,0.693287373943193,0.888336425940935,0.0512324249002757, 0.0019296,-0.0071279,-0.0174517,-0.0135250,-0.0206956,sell
2018-08-01,0,1,0,2,1,1,3,1,1,2,1,1,1,1,4,2,2,0.693709449975096,0.883000789148147,0.0498883147639809,-0.0057426,-0.0075975,-0.0112071,-0.0092670,-0.0100625,sell
2018-08-02,0,1,0,1,2,0,3,2,0,4,3,0,2,2,4,1,1,0.694936866481665,0.877560288074621,0.0486129800072962,-0.0141673,-0.0149055,-0.0134299,-0.0152833,-0.0175252,sell
2018-08-03,1,2,1,1,2,0,2,3,0,4,2,1,3,3,4,2,1,0.696962346289936,0.872021143482774,0.0474176340073321,-0.0073291,-0.0118375,-0.0073566,-0.0122190,-0.0114523,sell
2018-08-04,1,3,2,3,3,1,1,3,1,3,3,3,5,2,4,3,1,0.69977133505398,0.866376245929844,0.0463045194395106,-0.0059692,-0.0093349,-0.0087569, 0.0004507,-0.0063271,sell
2018-08-05,0,3,4,3,4,1,1,2,1,2,3,3,4,2,3,4,2,0.703329872633302,0.860634482219284,0.0452736363038317,-0.0211343,-0.0163075,-0.0229084,-0.0230851,-0.0240619,sell
2018-08-06,0,2,3,4,6,0,2,3,0,5,4,3,4,2,5,5,2,0.707595913139663,0.854794074990402,0.0443272272757175,-0.0171081,-0.0165475,-0.0160637,-0.0176677,-0.0148527,sell
2018-08-07,0,4,1,4,6,0,1,4,0,5,5,2,5,2,4,5,2,0.712506387740713,0.848860356325271,0.0434690301475382,-0.0186931,-0.0197952,-0.0221005,-0.0184808,-0.0210524,sell
2018-08-08,0,3,2,3,6,1,1,3,1,5,5,2,4,2,5,5,2,0.717999844753643,0.842830660182855,0.0426997924777676,-0.0240169,-0.0241767,-0.0228089,-0.0256447,-0.0241738,sell
2018-08-09,0,3,3,2,5,2,1,3,0,4,4,2,4,4,4,4,1,0.723989766677663,0.836706763923844,0.0420195142664059,-0.0106550,-0.0139846,-0.0106550,-0.0141021,-0.0170205,sell
2018-08-10,0,5,1,3,6,1,1,3,1,6,5,2,4,3,5,6,2,0.730388827437206,0.830498443032035,0.0414274479549791,-0.0191994,-0.0195301,-0.0185564,-0.0206617,-0.0180176,sell
2018-08-11,0,4,1,3,7,0,1,2,0,5,3,2,4,3,5,5,1,0.73709352946123,0.824200365425358,0.0409273313358571,-0.0166975,-0.0183190,-0.0165184,-0.0189561,-0.0154418,sell
2018-08-12,0,3,2,4,5,1,2,1,1,3,2,2,4,3,5,5,1,0.744008460926433,0.817814308464503,0.0405214070844622,-0.0001546,-0.0057498,-0.0047432,-0.0020780,-0.0018575,buy
2018-08-13,0,3,2,3,3,1,1,2,1,3,3,2,3,3,4,4,0,0.751026081387902,0.811342938190505,0.0402051898499501, 0.0010160,-0.0037930,-0.0010661,-0.0000536,-0.0006801,buy
2018-08-14,1,3,1,1,3,0,1,2,0,3,2,1,2,3,3,3,1,0.758038041825956,0.80479069800509,0.0399809223077429, 0.0021099,-0.0014952, 0.0068159,-0.0012180,-0.0074281,buy
2018-08-15,1,3,0,0,3,0,2,1,1,3,2,1,3,3,1,2,2,0.764945696118194,0.798156699227915,0.0398448666654706, 0.0025918, 0.0109170, 0.0081757, 0.0070941, 0.0071529,buy
2018-08-16,0,2,0,1,2,1,2,1,2,3,1,1,3,2,2,3,2,0.771642312394481,0.791445385260703,0.0397985180400811, 0.0020878, 0.0030798,-0.0018969,-0.0028523, 0.0038642,buy
2018-08-17,1,2,1,0,1,0,2,2,2,2,2,0,3,2,2,2,2,0.77804056457925,0.784658533464147,0.0398456142239446,-0.0021169, 0.0023537,-0.0039340, 0.0009591, 0.0018764,buy
2018-08-18,0,2,0,0,3,0,3,4,3,2,2,2,3,2,3,3,2,0.784047466573519,0.777794366477556,0.0399779320738468, 0.0003760, 0.0042136, 0.0019104,-0.0021613, 0.0012929,buy
2018-08-19,0,3,0,1,3,0,5,3,2,2,2,3,4,2,2,4,2,0.789572458002626,0.770859105063345,0.0401962191482618,-0.0021130,-0.0011662,-0.0010574,-0.0038526,-0.0027540,sell
2018-08-20,0,2,0,1,3,0,5,3,2,2,3,4,4,1,1,3,2,0.79454195856216,0.763849194500135,0.0404997278887155, 0.0011232,-0.0026931,-0.0023243,-0.0015297,-0.0034607,buy
2018-08-21,1,2,3,0,3,0,3,2,1,2,3,3,3,0,3,4,1,0.798877536499065,0.756774410271723,0.0408847205028378,-0.0123171,-0.0128866,-0.0118377,-0.0127693,-0.0167109,sell
2018-08-22,1,3,2,0,3,0,2,1,3,4,3,2,4,2,2,4,2,0.802516931555762,0.749626754255002,0.0413549347829987,-0.0032370, 0.0070273, 0.0008910, 0.0021860, 0.0025358,buy
2018-08-23,2,4,2,1,3,0,3,2,1,4,2,3,4,3,3,5,2,0.805394649175577,0.742420445335495,0.0419036427029322, 0.0040770, 0.0065069, 0.0039889, 0.0055867, 0.0050242,buy
2018-08-24,1,3,3,1,3,0,4,3,1,5,3,3,5,2,4,4,3,0.807451663400025,0.73514837407044,0.0425330869380603, 0.0086706, 0.0136358, 0.0102362, 0.0129186, 0.0129363,buy
2018-08-25,0,3,3,2,3,0,4,2,1,4,4,3,4,3,3,3,2,0.808641885467,0.727814983861565,0.0432365394621167, 0.0016476, 0.0125003, 0.0018107, 0.0043010, 0.0063999,buy
2018-08-26,0,3,2,3,3,0,2,2,3,3,3,2,3,4,3,4,2,0.808915183740531,0.720417608667833,0.0440162429505236, 0.0025415, 0.0020488,-0.0048380, 0.0014296, 0.0054338,buy
2018-08-27,1,2,3,2,4,0,1,3,2,3,3,2,4,4,2,4,2,0.80823759808012,0.712968690014077,0.0448684596109108, 0.0055944, 0.0066984, 0.0021583, 0.0058725, 0.0040009,buy
2018-08-28,0,1,2,3,3,0,3,1,3,4,3,1,2,4,4,4,2,0.806578402644363,0.70546022977719,0.0457946845602263, 0.0105617, 0.0032050, 0.0020391, 0.0021954, 0.0120242,buy
2018-08-29,0,2,2,3,3,0,3,1,1,5,3,0,3,4,5,4,1,0.803912531615274,0.697897560039244,0.0467904324476261, 0.0070448,-0.0002761, 0.0020693, 0.0014792, 0.0065514,buy
2018-08-30,1,3,1,2,3,1,2,2,1,5,2,1,4,5,4,3,2,0.80023513354421,0.690281569480584,0.0478564508315841, 0.0019552, 0.0020757, 0.0069483,-0.0042778,-0.0024322,sell
2018-08-31,1,2,1,2,1,0,1,2,2,4,1,2,3,4,3,2,1,0.795540548407755,0.682617590183281,0.0489897494782042,-0.0011171,-0.0042148,-0.0073116,-0.0089032,-0.0068710,sell
2018-09-01,0,1,2,2,2,1,1,1,2,1,1,2,2,2,3,1,2,0.789836053378872,0.674899401384919,0.0501903283874865, 0.0091289, 0.0047853, 0.0034540,-0.0001431,-0.0003108,buy
2018-09-02,0,0,1,3,2,1,2,1,1,2,0,3,2,1,2,2,3,0.783143479976454,0.667135889888951,0.0514514595331647, 0.0050078, 0.0062159,-0.0008314, 0.0063233, 0.0025876,buy
2018-09-03,0,0,1,3,3,1,1,2,1,3,1,4,3,1,1,2,3,0.775493554041904,0.659326167015029,0.0527828611754012, 0.0051771, 0.0050386, 0.0032788, 0.0050457, 0.0037700,buy
2018-09-04,0,1,1,3,3,2,1,1,2,2,1,4,4,1,2,2,2,0.766926704313908,0.651474676164882,0.0541740674955595, 0.0051922, 0.0055475, 0.0035130, 0.0058313, 0.0049828,buy
2018-09-05,0,1,4,3,1,4,1,1,1,2,1,3,4,1,3,4,2,0.757488210979799,0.643581417338509,0.0556250784936398,-0.0262576,-0.0217609,-0.0244084,-0.0226420,-0.0240591,sell
2018-09-06,0,1,3,5,2,4,1,1,2,4,3,4,4,2,3,5,2,0.747237099998059,0.6356481678966,0.05713738928659,-0.0218529,-0.0149387,-0.0218529,-0.0212019,-0.0189540,sell
2018-09-07,0,2,3,5,4,2,1,1,3,4,3,3,4,3,5,6,1,0.736233205901949,0.627677593880192,0.0587080096405141,-0.0050445,-0.0073651,-0.0072636,-0.0038885,-0.0049826,sell
2018-09-08,0,1,5,6,3,2,1,1,3,3,2,4,3,4,6,5,1,0.724541214673368,0.619668806608938,0.0603384346723601,-0.0091092,-0.0137154,-0.0140481,-0.0047216,-0.0089081,sell
2018-09-09,0,2,6,7,0,3,1,2,3,2,2,3,4,4,6,6,1,0.712222577995123,0.611630692886292,0.0620241790312839,-0.0056212,-0.0088058,-0.0108090,-0.0039540,-0.0036247,sell
2018-09-10,0,3,3,5,1,2,2,2,3,3,3,3,3,4,5,5,1,0.699354919045494,0.603557920630181,0.0637674853927074,-0.0028949,-0.0060934,-0.0063214,-0.0035751, 0.0007668,sell
2018-09-11,0,3,1,3,2,3,2,2,2,4,3,3,5,3,4,4,0,0.685995646633418,0.595457599283368,0.0655653635227348, 0.0059494, 0.0001485, 0.0041150, 0.0067924, 0.0038810,buy
2018-09-12,1,2,1,5,0,4,2,1,3,4,2,5,5,2,4,4,1,0.672207021016475,0.587327062804817,0.0674185609798399,-0.0088047,-0.0097359,-0.0100366,-0.0074431,-0.0080071,sell
2018-09-13,2,1,2,5,0,3,1,3,4,3,2,3,5,2,5,5,2,0.658057771050436,0.579175197997981,0.0693263302055487, 0.0057540, 0.0073252, 0.0005905, 0.0071405, 0.0081861,buy
2018-09-14,1,3,3,3,1,2,2,3,5,2,3,3,5,3,6,4,1,0.64359560264695,0.571002004862859,0.0712834382905431, 0.0081520, 0.0073119, 0.0041164, 0.0036104, 0.0062189,buy
2018-09-15,0,3,2,3,1,2,3,3,4,3,2,3,5,3,5,4,2,0.628881158914052,0.562797707915654,0.0732936230271932, 0.0057658, 0.0052269, 0.0062373, 0.0052845, 0.0052908,buy
2018-09-16,0,2,1,3,0,2,3,4,3,3,3,3,3,2,4,4,2,0.613955677165202,0.554579192082925,0.075356136857025,-0.0067154,-0.0067881,-0.0042394, 0.0007983,-0.0061647,sell
2018-09-17,1,1,2,1,0,1,2,3,3,2,2,2,1,1,4,4,2,0.598868480461599,0.546344680003981,0.0774672419876683,-0.0035421,-0.0024587,-0.0061554,-0.0059914,-0.0059914,sell
2018-09-18,2,2,1,0,0,1,1,3,5,2,3,1,2,2,4,3,2,0.583660806116706,0.538092394318133,0.0796299286530193, 0.0166883, 0.0095268, 0.0032760,-0.0034707, 0.0079189,buy
2018-09-19,2,1,0,0,0,1,2,3,3,2,1,1,3,1,3,4,1,0.568369039995343,0.529828555787797,0.0818412066191818,-0.0052667,-0.0017518,-0.0029701,-0.0001114,-0.0091857,sell
2018-09-20,1,0,0,0,2,1,3,2,1,3,0,1,3,0,3,5,1,0.553016630765947,0.521553164412973,0.0841010758861558, 0.0079058, 0.0086902, 0.0084705, 0.0079868,-0.0005553,buy
2018-09-21,0,1,2,0,2,0,3,2,0,4,1,2,2,1,4,3,1,0.537647241466302,0.513267997554352,0.0864087888954674, 0.0120190, 0.0090518, 0.0107590, 0.0074351, 0.0053101,buy
2018-09-22,0,2,3,0,2,0,2,2,2,4,2,3,1,1,4,4,2,0.522290789363037,0.504975721252968,0.0887628505301685, 0.0015698, 0.0093324, 0.0014441, 0.0015698,-0.0001143,buy
2018-09-23,1,2,4,0,2,0,2,5,2,3,3,4,2,3,4,4,1,0.506954551629116,0.496679001549859,0.0911655034656811,-0.0013697, 0.0035862,-0.0028145,-0.0019612,-0.0007782,buy
2018-09-24,1,2,3,1,2,0,3,4,2,4,2,4,2,3,4,5,2,0.491668445531169,0.488378727125368,0.0936145050265832,-0.0060680,-0.0011787,-0.0043251,-0.0042091,-0.0029327,sell
2018-09-25,0,3,2,1,3,0,4,2,1,4,3,3,1,2,5,4,2,0.476451876863765,0.480076675340187,0.0961091076544008,-0.0009104, 0.0150296,-0.0009104,-0.0008227, 0.0058565,buy
2018-09-26,0,3,2,0,2,0,3,2,0,3,3,2,1,3,3,2,1,0.461320208547606,0.471773734874661,0.0986485637906597,-0.0015290,-0.0007014, 0.0057558,-0.0017599,-0.0031210,buy
2018-09-27,1,3,2,0,1,1,2,3,0,3,2,2,1,3,3,3,2,0.446292037802488,0.463474349130515,0.101235863669256, 0.0051834, 0.0046601, 0.0048281, 0.0026851, 0.0010583,buy
2018-09-28,0,2,2,1,2,2,2,2,1,2,3,2,2,2,3,2,2,0.431376258950923,0.455178518107751,0.103870259731716, 0.0117665, 0.0146170, 0.0140766, 0.0012277, 0.0021158,buy
2018-09-29,0,1,3,1,2,1,3,1,0,2,2,2,1,3,3,2,1,0.416589043488386,0.446888907847403,0.10654801418567, 0.0002686, 0.0015033, 0.0041127, 0.0000322,-0.0009558,buy
2018-09-30,0,1,2,2,5,0,2,2,0,3,2,3,2,4,3,1,2,0.401944945760804,0.438607295710162,0.109271369706538, 0.0166946, 0.0117553, 0.0180091, 0.0162351, 0.0087393,buy
2018-10-01,0,2,2,2,4,1,1,2,1,1,2,3,3,3,2,2,1,0.387450434366368,0.430334570376374,0.112037336060427,-0.0084903,-0.0005772, 0.0006747, 0.0003770,-0.0128121,sell
2018-10-02,0,1,4,1,2,2,2,1,1,2,3,3,3,3,2,1,1,0.373111977903269,0.422074286567419,0.114850398598178, 0.0018891, 0.0012926, 0.0034918, 0.0019762, 0.0005565,buy
2018-10-03,0,3,4,1,2,1,2,1,0,3,3,3,4,3,2,1,1,0.35894574786698,0.413829999004678,0.117709062202846, 0.0005083,-0.0010359,-0.0016423, 0.0005389,-0.0009671,buy
2018-10-04,0,4,2,2,4,1,2,1,0,4,3,4,4,2,3,2,2,0.344959021430466,0.405599041647116,0.120610336640532,-0.0014282, 0.0015646, 0.0015889, 0.0021565, 0.0005708,buy
2018-10-05,0,2,3,2,3,0,1,1,0,3,3,2,3,3,2,2,0,0.331155841467596,0.397389412617839,0.123554969469712, 0.0040390, 0.0042510, 0.0038636, 0.0040786, 0.0011970,buy
2018-10-06,0,1,3,2,2,1,1,0,1,1,1,3,3,1,1,2,1,0.317549145174749,0.389199334556158,0.126549688716651, 0.0004058,-0.0001358,-0.0002154,-0.0003325,-0.0013781,buy
2018-10-07,0,2,2,3,2,2,1,1,1,1,2,3,4,1,1,3,1,0.304138932551927,0.381029696142416,0.129578048094922, 0.0082503, 0.0083307, 0.0103660, 0.0069524, 0.0091528,buy
2018-10-08,0,2,2,1,3,1,2,2,0,3,2,3,4,2,1,2,2,0.290941375094603,0.372885829458687,0.132656493890952, 0.0032570, 0.0037517, 0.0037262, 0.0021439, 0.0028389,buy
2018-10-09,0,2,1,2,2,2,2,0,1,3,1,3,5,2,1,2,1,0.277951621354136,0.364772177906696,0.135777550520002, 0.0002054, 0.0000420, 0.0016756, 0.0000481, 0.0003753,buy
2018-10-10,1,2,2,2,1,2,1,0,2,3,1,4,5,1,2,2,1,0.265189077125096,0.356685186765061,0.138941965540545,-0.0015014,-0.0011368, 0.0006837, 0.0013242,-0.0015790,buy
2018-10-11,2,0,2,1,1,1,1,1,2,3,1,2,5,2,2,1,1,0.252650508108388,0.348631076796201,0.142150486511055,-0.0077952,-0.0114233,-0.0115323, 0.0020211,-0.0077952,sell
2018-10-12,1,1,0,1,1,1,3,1,1,2,1,1,3,2,2,2,1,0.240347234350844,0.340611625360804,0.145402365873059,-0.0079120,-0.0090784,-0.0095125,-0.0091885,-0.0090702,sell
2018-10-13,1,0,0,1,0,1,4,1,2,3,0,2,2,3,2,2,2,0.228288150174976,0.332627721139217,0.14869835118503,-0.0072701,-0.0066349,-0.0032695,-0.0054670,-0.0050901,sell
2018-10-14,2,0,1,0,0,0,4,2,1,2,2,2,1,2,2,1,2,0.216474064155557,0.324683807533166,0.15203320953765, 0.0136504, 0.0143781, 0.0165729, 0.0111378, 0.0109179,buy
2018-10-15,3,1,1,0,0,0,3,1,3,3,2,3,2,2,2,2,2,0.20491629633942,0.316780773222995,0.155412173840238, 0.0112818, 0.0112011, 0.0105182, 0.0059423, 0.0025409,buy
2018-10-16,2,1,1,0,0,0,3,1,2,3,2,3,4,2,0,1,1,0.193618889600435,0.308921284249741,0.158835244092793, 0.0131737, 0.0135695, 0.0129038, 0.0162100, 0.0073098,buy
2018-10-17,1,0,1,0,0,0,3,1,1,3,2,1,3,0,1,1,2,0.182586695387243,0.301107117974093,0.162294944710575,-0.0025864,-0.0040804,-0.0027458,-0.0024788,-0.0024668,sell
2018-10-18,2,1,1,1,0,0,4,1,1,2,1,2,4,1,2,0,3,0.171835076620546,0.293342717797779,0.165797256161377, 0.0026314, 0.0035510, 0.0020499, 0.0015656, 0.0003092,buy
2018-10-19,0,1,1,1,0,1,3,2,4,2,2,1,3,3,3,2,1,0.161361607576022,0.285624528999417,0.169342926003672,-0.0013685, 0.0003657,-0.0105398,-0.0035510,-0.0003176,sell
2018-10-20,1,1,2,1,0,1,4,4,4,1,2,2,4,3,4,3,1,0.1511808425996,0.277966770464531,0.172925973769668,-0.0027236,-0.0083616,-0.0003884,-0.0067353,-0.0121544,sell
2018-10-21,1,1,2,2,0,1,4,3,3,1,2,3,4,3,3,2,1,0.141297633139922,0.270360555389669,0.176550137251736,-0.0033036, 0.0016921,-0.0060524,-0.0025932,-0.0005467,sell
2018-10-22,0,2,2,2,1,2,4,3,2,2,3,4,3,2,4,3,1,0.131720064944726,0.262810327176556,0.180213921332927,-0.0024940, 0.0027839, 0.0011747,-0.0024494,-0.0001830,sell
2018-10-23,0,3,0,2,1,2,4,2,4,2,2,4,3,3,5,2,1,0.122459458060844,0.255320529226919,0.183918821130189,-0.0048968,-0.0037105,-0.0024175,-0.0037105,-0.0046100,sell
2018-10-24,1,3,1,1,1,3,3,3,3,2,2,3,3,4,5,3,1,0.113519046787371,0.247892938901449,0.187659603734204,-0.0006697, 0.0016251, 0.0020484,-0.0012261,-0.0005203,buy
2018-10-25,2,3,2,2,0,3,2,2,4,1,1,3,3,4,6,3,1,0.104912576895461,0.2405266675198,0.191440754495817, 0.0006594, 0.0017011, 0.0011896,-0.0000964, 0.0015545,buy
2018-10-26,1,3,1,4,2,3,3,2,2,1,2,4,3,3,6,3,1,0.0966489427076258,0.233228824524734,0.19525928318113, 0.0160684, 0.0104661, 0.0104661, 0.0100262, 0.0106102,buy
2018-10-27,1,3,1,3,3,2,2,2,2,1,1,4,2,3,4,4,2,0.0887354213968291,0.226000298596596,0.199122665374886, 0.0105114, 0.0087451, 0.0080349, 0.0085978, 0.0093073,buy
2018-10-28,1,4,2,2,3,3,2,2,3,1,3,3,4,2,4,5,2,0.0811857587342247,0.218840201055041,0.203011464556758, 0.0029356, 0.0082265, 0.0054233, 0.0048425, 0.0035509,buy
2018-10-29,1,3,2,3,2,2,3,1,3,0,4,2,4,1,4,3,2,0.0740072318927765,0.211754752662486,0.206942874571649, 0.0132866, 0.0355009, 0.0225368, 0.0128156, 0.0024723,buy
2018-10-30,1,3,2,3,2,2,3,1,2,2,4,2,4,2,3,3,3,0.0672111609193172,0.204741287377895,0.210910914951768, 0.0068788, 0.0258602, 0.0138641, 0.0061427,-0.0027385,buy
2018-10-31,1,4,1,2,3,1,4,2,1,2,4,1,4,2,4,4,2,0.0608129087345482,0.197812246726102,0.214914838138639, 0.0003964, 0.0014028, 0.0101826, 0.0018535,-0.0065443,buy
2018-11-01,1,4,0,2,3,2,4,2,2,1,4,2,3,3,4,3,2,0.0548246039600758,0.190955189182272,0.218955391690738,-0.0013526, 0.0011668, 0.0054148,-0.0015707,-0.0005000,buy
2018-11-02,1,2,3,2,1,3,4,3,1,1,3,2,4,3,3,3,3,0.0492567580679591,0.18418433363193,0.223030332932642, 0.0113354, 0.0158916, 0.0184421, 0.0067635, 0.0052686,buy
2018-11-03,1,3,2,2,2,2,3,3,0,0,2,2,4,3,3,3,1,0.0441255425536732,0.17749879139473,0.227142652098247,-0.0017310, 0.0017798, 0.0022858, 0.0018834,-0.0033878,buy
2018-11-04,0,4,1,2,2,1,4,2,1,1,2,3,3,3,4,2,1,0.0394430860388245,0.170898562470674,0.231288611395183,-0.0070353, 0.0038807,-0.0068536,-0.0067311,-0.0058148,sell
2018-11-05,0,2,3,2,1,1,2,3,0,2,2,4,3,3,3,1,0,0.0352296028927571,0.164388978941831,0.235469705940399,-0.0112337,-0.0080485,-0.0077296,-0.0112226,-0.0069815,sell
2018-11-06,1,1,3,2,0,2,3,2,1,1,2,3,3,2,3,2,1,0.0314980303118511,0.157973595529582,0.239685935733893,-0.0054229, 0.0044249, 0.0068230,-0.0034515, 0.0041018,sell
2018-11-07,0,2,3,1,0,1,2,3,3,0,1,3,3,3,3,1,1,0.0282693912402244,0.151650634873239,0.243935805658719, 0.0025474, 0.0042382, 0.0053952, 0.0002458, 0.0028073,buy
2018-11-08,1,2,2,1,1,1,4,3,2,1,2,3,3,3,3,2,2,0.025563091472447,0.14542365169418,0.248219315714875, 0.0061813,-0.0040891,-0.0062147, 0.0055963, 0.0041214,buy
2018-11-09,1,2,2,2,1,1,3,4,2,3,3,2,5,2,3,4,2,0.023403388251732,0.139297978074479,0.252533475668467,-0.0045595,-0.0136309,-0.0139211, 0.0010672,-0.0106609,sell
2018-11-10,0,0,3,3,0,1,2,2,4,3,2,2,4,2,1,5,2,0.021808070223102,0.133272725333788,0.256883518428812,-0.0248879,-0.0138806,-0.0144193,-0.0091681,-0.0138317,sell
2018-11-11,1,0,2,2,0,1,1,3,4,2,2,3,2,1,2,4,2,0.0208070546531861,0.127355002914872,0.261263463528117,-0.0060597,-0.0051832,-0.0085634, 0.0024463,-0.0060602,sell
2018-11-12,2,1,1,2,0,1,0,4,3,3,2,2,3,2,2,4,2,0.0204278330842923,0.121543033457038,0.265674806083332,-0.0119768,-0.0126259,-0.0101448,-0.0038584,-0.0087456,sell
2018-11-13,1,0,1,2,0,1,2,3,3,4,2,2,3,2,2,4,2,0.020705982806466,0.115845703763739,0.27011829365293,-0.0197334,-0.0179777,-0.0161868,-0.0057116,-0.0178461,sell
2018-11-14,0,1,1,2,0,1,3,2,3,2,2,1,3,2,2,3,2,0.0216770811097527,0.110249683629797,0.274589440886066,-0.0266401,-0.0263662,-0.0281949,-0.0196319,-0.0276335,sell
2018-11-15,1,0,1,2,0,1,2,3,3,2,1,1,3,2,2,4,2,0.0233799395832929,0.104774524022807,0.27908974289969,-0.0286369,-0.0295102,-0.0306092,-0.0188487,-0.0295516,sell
2018-11-16,2,0,1,3,0,1,0,4,3,3,2,1,3,2,2,4,3,0.0258566041153222,0.0994131155000071,0.283622189927696,-0.0134064,-0.0132499,-0.0151964,-0.0073771,-0.0132162,sell
2018-11-17,1,1,0,3,0,1,0,4,3,2,2,0,3,2,2,4,2,0.0291555891922662,0.0941725675041591,0.28818005394382,-0.0169476,-0.0173406,-0.0164357,-0.0092719,-0.0169210,sell
2018-11-18,0,0,1,2,2,1,2,2,2,3,2,1,2,2,1,5,2,0.0333213664266817,0.0890528800352629,0.292764830065008,-0.0184169,-0.0097137,-0.0147100,-0.0090885,-0.0112904,sell
2018-11-19,1,2,1,3,1,1,2,3,1,4,4,2,4,2,2,4,1,0.0384008331554469,0.0840567191343543,0.297379508525157,-0.0146259,-0.0306085,-0.0313677,-0.0170730,-0.0222982,sell
2018-11-20,2,3,0,3,2,2,1,4,3,3,4,2,5,3,2,5,2,0.0444263323695122,0.0791858621621238,0.302017361298001,-0.0158831,-0.0138850,-0.0200037,-0.0049946,-0.0214417,sell
2018-11-21,2,2,1,2,2,2,0,3,4,2,3,1,5,2,2,5,2,0.0514221213120905,0.0744447525202975,0.306682873734384,-0.0023325,-0.0029640,-0.0029597,-0.0041364,-0.0028598,sell
2018-11-22,1,1,1,3,2,1,2,3,2,3,2,1,4,3,3,4,2,0.0593825399597653,0.0698307241678398,0.311372308041935,-0.0184231,-0.0139657,-0.0138858,-0.0064440,-0.0121496,sell
2018-11-23,1,1,0,4,3,2,2,4,1,5,3,2,4,3,3,5,3,0.0682598824008849,0.065349109186822,0.316084169103707,-0.0146703,-0.0126389,-0.0090082,-0.0110636,-0.0077902,sell
2018-11-24,2,3,1,2,2,1,1,5,2,4,3,3,4,4,2,4,3,0.0779627796860143,0.0610007962575894,0.32082219471207,-0.0188966,-0.0126778,-0.0185744,-0.0062911,-0.0212022,sell
2018-11-25,2,2,3,1,2,2,2,4,2,3,4,3,4,3,4,3,2,0.0883440712063289,0.0567875627408324,0.325583394633128,-0.0184919,-0.0097686,-0.0165262,-0.0041693,-0.0167560,sell
2018-11-26,2,2,1,3,0,3,2,3,1,4,4,3,3,4,4,1,2,0.0991854417729134,0.0527102973168963,0.330367021308407,-0.0005177, 0.0103834, 0.0140965, 0.0151122, 0.0116961,buy
2018-11-27,2,3,1,3,2,1,2,3,1,5,4,4,4,3,4,3,1,0.1102208702852,0.0487743320678526,0.335171579620958,-0.0018668, 0.0040793,-0.0029344, 0.0134233,-0.0071599,sell
2018-11-28,2,3,0,2,5,1,2,3,1,3,4,3,3,4,5,3,0,0.121143098329161,0.0449796669937011,0.339996322012308, 0.0253333, 0.0339570, 0.0149835, 0.0392973, 0.0238131,buy
2018-11-29,3,2,2,3,2,2,2,3,2,3,5,2,3,5,4,3,2,0.131631930294386,0.0413263020944419,0.344842743599404, 0.0056705, 0.0086711, 0.0079653, 0.0189683, 0.0053030,buy
2018-11-30,3,2,2,3,1,3,2,3,1,2,3,2,4,4,4,3,2,0.141370404869561,0.0378195694521464,0.3497093492653,-0.0010172, 0.0144882, 0.0135537, 0.0193413, 0.0165585,buy
2018-12-01,3,4,1,1,2,1,3,0,2,2,3,2,3,2,4,3,2,0.150092500954118,0.0344576917061241,0.354594643893045,-0.0039391,-0.0039391,-0.0040310,-0.0008448,-0.0015423,sell
2018-12-02,2,3,0,2,3,1,2,2,2,4,3,3,5,2,3,4,1,0.157580711933917,0.031244223577756,0.359499375041116,-0.0068744,-0.0110179,-0.0120061,-0.0043282,-0.0119351,sell
2018-12-03,2,2,0,4,1,2,3,2,1,3,2,3,5,1,2,5,2,0.163693537223548,0.0281818311080778,0.364423542709511,-0.0298165,-0.0263414,-0.0324886,-0.0305129,-0.0292381,sell
2018-12-04,2,2,2,3,1,2,3,1,2,2,1,3,6,0,3,5,2,0.168354162219505,0.0252696256167442,0.369368642015178,-0.0129789,-0.0124479,-0.0122467,-0.0124479,-0.0121481,sell
2018-12-05,1,4,2,2,2,1,2,3,2,2,0,4,6,1,3,5,2,0.171564204071336,0.0225129391858266,0.374324207139482,-0.0122817,-0.0105310,-0.0166193,-0.0130973,-0.0129930,sell
2018-12-06,2,4,0,3,2,1,3,3,0,4,2,4,6,1,2,6,1,0.173361665793406,0.0199099944546347,0.379301451459533,-0.0320409,-0.0301445,-0.0350081,-0.0316190,-0.0318544,sell
2018-12-07,2,2,0,3,1,1,3,3,0,4,2,3,5,1,2,5,1,0.173834682036056,0.0174599027428231,0.38429289939059,-0.0314327,-0.0334724,-0.0387467,-0.0329163,-0.0334724,sell
2018-12-08,2,2,1,1,1,1,4,2,1,2,2,2,3,2,2,5,1,0.173090793244196,0.0151715508538441,0.389302288725024,-0.0018811, 0.0005785, 0.0011101,-0.0081658,-0.0014215,sell
2018-12-09,3,2,0,1,1,1,3,2,3,2,2,2,4,2,2,5,1,0.171261797105949,0.013037829344936,0.39432513411199, 0.0185659, 0.0188082, 0.0206881, 0.0120874, 0.0206881,buy
2018-12-10,2,2,0,1,1,0,2,4,3,2,2,3,3,3,1,5,0,0.168477065585117,0.0110658476588605,0.399361435551489, 0.0172881, 0.0101274, 0.0093692, 0.0059864, 0.0119562,buy
2018-12-11,1,2,0,0,1,0,4,3,3,3,3,2,4,2,2,3,1,0.164872439243692,0.00925560579561777,0.404412688160468,-0.0050583,-0.0085173, 0.0005444,-0.0061283, 0.0022183,sell
2018-12-12,1,3,0,0,1,0,6,2,2,1,2,2,3,3,3,2,1,0.160572438596832,0.00760888111589817,0.409475154146557,-0.0010257,-0.0044803, 0.0011745,-0.0044166,-0.0029794,sell
2018-12-13,1,2,1,0,1,0,3,3,3,2,3,1,2,4,2,3,1,0.155700775584923,0.00612034153763031,0.414550328626705,-0.0027288,-0.0130301,-0.0050521,-0.0050710,-0.0041314,sell
2018-12-14,3,3,1,0,1,0,2,3,4,2,3,3,3,5,2,2,1,0.150362564928554,0.00479887386426655,0.419636716483963,-0.0199177,-0.0300768,-0.0276235,-0.0223446,-0.0217741,sell
2018-12-15,3,4,0,1,1,0,3,2,3,0,3,2,3,4,1,3,1,0.14466615564741,0.00364003469408071,0.424734317718332,-0.0123678,-0.0177328,-0.0181117,-0.0180106,-0.0155724,sell
2018-12-16,1,3,3,0,1,0,4,1,2,1,4,1,3,3,2,2,1,0.138694830943186,0.00264826742879896,0.429840889654389, 0.0104166, 0.0100625, 0.0139833, 0.0089265, 0.0100625,buy
2018-12-17,2,4,3,1,1,0,3,1,2,2,5,2,3,3,3,2,1,0.132532682592355,0.00182268338807607,0.43495568473366, 0.0182016, 0.0193278, 0.0096853, 0.0191636, 0.0192793,buy
2018-12-18,2,4,3,1,1,1,2,3,2,0,5,2,2,3,4,2,1,0.126250056600234,0.00116239389156681,0.440080945631567, 0.0339681, 0.0370453, 0.0281438, 0.0365074, 0.0365778,buy
2018-12-19,1,2,4,1,1,1,2,2,4,0,4,3,2,3,4,1,1,0.119910021799176,0.000668287619616402,0.445212934555741, 0.0233556, 0.0288384, 0.0224643, 0.0295518, 0.0284962,buy
2018-12-20,1,2,3,2,0,1,3,1,3,0,4,2,1,4,3,2,0,0.11356836984857,0.000345696654296274,0.450353894181603, 0.0129031, 0.0167687, 0.0164984, 0.0165565, 0.0161431,buy
2018-12-21,1,2,2,2,3,1,2,2,2,2,4,2,2,4,3,3,1,0.107274423809616,0.000187511552844531,0.455498591599835, 0.0004363,-0.0015829,-0.0109264,-0.0071997,-0.0114473,sell
2018-12-22,1,4,2,2,1,0,2,0,3,2,2,3,3,2,2,3,2,0.101071038145324,0.000196398356296875,0.460647026810437,-0.0159998,-0.0196028,-0.0188896,-0.0113157,-0.0177971,sell
2018-12-23,1,3,4,1,1,2,2,0,1,1,3,2,3,2,2,2,2,0.0949978330196063,0.000368802343272368,0.465804432722728, 0.0147037, 0.0125126, 0.0151594, 0.0050359, 0.0080019,buy
2018-12-24,1,3,4,3,0,1,3,0,1,2,3,2,3,2,1,4,3,0.0890871514234151,0.000715387677913833,0.470961838635018,-0.0005642,-0.0101540,-0.0016328, 0.0025955,-0.0039644,buy
2018-12-25,1,4,2,2,3,0,3,0,1,2,3,2,3,2,2,3,3,0.0833713363477001,0.00122460151573323,0.476128962807471,-0.0100951,-0.0182297,-0.0106110,-0.0054702,-0.0175363,sell
2018-12-26,1,3,2,3,2,0,3,0,1,2,3,2,2,4,1,3,2,0.0778706021618055,0.00190177593880194,0.481296086979924,-0.0254509,-0.0253245,-0.0263766,-0.0245285,-0.0271830,sell
2018-12-27,1,2,2,3,0,1,3,0,2,2,2,1,2,4,2,3,2,0.0726156747071342,0.00274246754539382,0.486463211152376,-0.0311222,-0.0304826,-0.0288370,-0.0308077,-0.0287833,sell
2018-12-28,1,3,1,0,1,2,4,0,2,0,2,2,1,3,2,2,2,0.0676251512034827,0.0037528970979255,0.491630335324829, 0.0046959, 0.0037796, 0.0024422, 0.0022020, 0.0030091,buy
2018-12-29,1,2,0,0,2,1,4,1,2,1,3,1,1,3,2,2,2,0.0629200545949687,0.00492862119467079,0.496797459497282, 0.0026093, 0.0034843, 0.0027398, 0.0009224,-0.0008429,buy
2018-12-30,1,0,0,1,2,1,5,2,1,1,2,1,2,3,2,2,2,0.05851493922752,0.00627230587666542,0.501964583669735,-0.0022035,-0.0048356, 0.0067263,-0.0015664,-0.0000064,buy
2018-12-31,1,0,1,2,1,1,5,2,3,0,3,2,3,2,3,2,1,0.054425168021838,0.00777417566011178,0.507132455400662,-0.0041620, 0.0047868,-0.0017113,-0.0014080, 0.0045190,buy
2019-01-01,2,0,2,1,1,0,5,2,4,0,2,1,2,3,4,3,2,0.0506661038986241,0.0094466720698432,0.512316773418017,-0.0173626,-0.0223752,-0.0207219,-0.0120341,-0.0140845,sell
2019-01-02,3,2,2,0,2,0,3,3,2,0,2,1,2,2,3,5,2,0.0472466411803898,0.0112773535810263,0.51748389759047, 0.0030095, 0.0005612,-0.0009911, 0.0032469,-0.0065127,buy
2019-01-03,2,2,1,1,1,0,5,2,1,2,2,2,2,2,3,5,1,0.0441861856617053,0.0132733296364231,0.522651021762922,-0.0010678, 0.0018833, 0.0049829, 0.0028343,-0.0071632,buy
2019-01-04,1,3,2,0,1,0,5,1,1,2,1,3,2,1,2,5,2,0.0414847373425705,0.0154301568343074,0.527812913026057,-0.0099027,-0.0130894,-0.0135844,-0.0101215,-0.0092689,sell
2019-01-05,2,3,2,0,1,0,3,2,2,2,2,2,3,0,3,5,2,0.0391625105923296,0.0177460578139886,0.532967328704451, 0.0062325, 0.0021010, 0.0065095, 0.0077142, 0.0055015,buy
2019-01-06,4,3,1,0,1,0,3,4,3,2,3,1,4,2,3,5,3,0.0372227397100775,0.0202210325754668,0.538131462643008, 0.0159818, 0.0131405, 0.0103355, 0.0129833, 0.0133087,buy
2019-01-07,2,2,0,0,1,0,2,3,3,2,2,2,3,1,2,3,2,0.0356751275930993,0.0228559697990872,0.543282888087506, 0.0071024,-0.0067160, 0.0035530, 0.0075954, 0.0050409,buy
2019-01-08,1,2,1,0,1,0,4,2,3,1,1,4,3,2,2,2,1,0.0345285685639065,0.0256464260831236,0.54842982818116,-0.0114901,-0.0156606,-0.0114058,-0.0115323,-0.0112247,sell
2019-01-09,1,2,1,0,1,0,1,3,1,2,0,3,1,3,1,3,1,0.0337919569450105,0.0285924014275761,0.553573778040918, 0.0004829,-0.0021893,-0.0084044, 0.0006644, 0.0000321,buy
2019-01-10,3,3,1,0,0,0,1,3,2,3,1,3,2,3,2,3,2,0.0334644841616374,0.0316903411110637,0.558709504757462,-0.0145569,-0.0168736,-0.0148558,-0.0146870,-0.0139536,sell
2019-01-11,3,3,1,0,0,0,2,2,3,2,3,2,3,3,2,2,1,0.0335582788353936,0.0349420224942769,0.56383850344774,-0.0144729,-0.0153897,-0.0143920,-0.0157684,-0.0092861,sell
2019-01-12,3,3,2,0,0,0,2,1,1,1,2,3,2,2,1,2,1,0.0340814267140168,0.0383456682165252,0.568958531436329,-0.0178371,-0.0164364,-0.0227841,-0.0240110,-0.0169078,sell
2019-01-13,3,1,3,1,0,0,2,1,1,3,2,3,2,3,2,1,2,0.0350363535218283,0.0418941688350467,0.574071831398652,-0.0014492, 0.0074171,-0.0009478,-0.0108616,-0.0155869,sell
2019-01-14,3,3,1,2,0,0,1,2,1,2,2,1,2,4,3,2,1,0.0364295278570181,0.0455964111532938,0.579174665542339,-0.0112270,-0.0010984,-0.0046473,-0.0078158,-0.0092392,sell
2019-01-15,4,2,2,1,2,0,2,3,2,2,3,2,4,4,3,3,1,0.0382674183177764,0.0494417310071237,0.584266286308915,-0.0042883,-0.0128663,-0.0235547,-0.0118603,-0.0085114,sell
2019-01-16,4,1,3,2,1,0,4,4,2,2,4,2,4,4,5,4,0,0.0405508334788768,0.0534319057572268,0.589349683932277, 0.0030661, 0.0075657, 0.0040269, 0.0069605, 0.0019326,buy
2019-01-17,2,1,2,3,1,2,4,5,2,4,5,3,5,3,4,5,1,0.043287859088057,0.057558937280496,0.594420373061581,-0.0046861,-0.0042929,-0.0153475,-0.0059615,-0.0055378,sell
2019-01-18,2,1,2,1,2,2,2,3,2,4,4,2,5,2,3,4,1,0.0464809208696384,0.0618290463393479,0.5994791012553,-0.0055741,-0.0118240,-0.0112750, 0.0031335,-0.0167899,sell
2019-01-19,2,1,3,1,2,1,2,2,1,4,4,2,5,1,3,3,1,0.0501356788470371,0.0662386782124017,0.604524373396487, 0.0043982,-0.0029594,-0.0008937, 0.0069261,-0.0042841,buy
2019-01-20,2,1,3,4,2,2,2,2,0,5,5,3,5,2,3,3,2,0.054256175894122,0.0707816121372407,0.609556189485142,-0.0068937,-0.0048286,-0.0102075,-0.0028068,-0.0086283,sell
2019-01-21,2,2,5,4,2,0,2,3,0,5,5,3,6,1,3,5,2,0.0588440291604407,0.0754605141549006,0.614575297079738,-0.0052584,-0.0017944,-0.0090005,-0.0067798,-0.0034634,sell
2019-01-22,1,1,6,3,3,0,2,5,0,4,5,3,5,1,4,5,2,0.0639040900946356,0.0802718295440004,0.619577958387905,-0.0144855,-0.0145047,-0.0110226,-0.0111372,-0.0128692,sell
2019-01-23,1,2,4,5,1,1,3,5,0,4,5,3,5,2,4,5,2,0.0694371672714806,0.0852111149028139,0.624565668526592,-0.0061082,-0.0056568,-0.0137231,-0.0047386,-0.0037663,sell
2019-01-24,1,0,4,2,2,1,3,4,0,5,5,2,4,2,3,4,2,0.0754481121396182,0.0902801475920318,0.629536184820377,-0.0053248,-0.0068044,-0.0055939,-0.0042666,-0.0061624,sell
2019-01-25,1,2,2,0,2,0,2,4,0,3,4,1,3,2,3,2,1,0.0819417761476911,0.0954709294885467,0.634488759710785, 0.0023755,-0.0060149, 0.0002317, 0.0016910, 0.0022862,buy
2019-01-26,1,1,2,0,1,2,2,3,2,4,4,2,3,4,2,1,2,0.0889173507209253,0.100789681354775,0.639428626107134, 0.0012105, 0.0002943, 0.0054177,-0.0037638,-0.0006219,buy
2019-01-27,1,0,2,1,0,1,2,4,0,2,4,1,2,2,1,1,2,0.0963756444340947,0.106225739026575,0.644349055983159, 0.0057986, 0.0007992, 0.0036996, 0.0025393, 0.0028262,buy
2019-01-28,0,0,3,0,1,0,4,2,2,2,2,2,2,3,2,0,3,0.104322317310616,0.111781768544981,0.649250049338859, 0.0013801,-0.0061167,-0.0069366,-0.0079610,-0.0074568,sell
2019-01-29,0,1,1,1,2,0,2,3,1,1,1,2,1,4,1,1,2,0.112751709327072,0.117457769909994,0.654132353732709,-0.0085508,-0.0118501,-0.0041581,-0.0046408,-0.0046408,sell
2019-01-30,1,1,3,2,0,0,4,2,0,2,2,2,3,3,2,2,1,0.121674331955522,0.123246633678852,0.658997464281656,-0.0095040,-0.0028247, 0.0029416,-0.0042676,-0.0045290,sell
2019-01-31,2,0,4,1,0,0,7,1,0,2,2,1,3,3,3,3,2,0.13107805657436,0.129148359851555,0.663840148076383,-0.0019037, 0.0007450,-0.0010032,-0.0008454,-0.0003251,sell
2019-02-01,2,1,3,0,0,0,4,1,2,1,2,1,3,1,3,2,2,0.140973394655644,0.135159393706721,0.668663395350784,-0.0009921,-0.0045139, 0.0034983,-0.0068125,-0.0126814,sell
2019-02-02,2,2,2,0,0,0,5,1,2,2,3,2,3,2,3,2,1,0.151348217577769,0.141282401285387,0.673466458546388,-0.0071105,-0.0060067,-0.0075626,-0.0086463,-0.0064412,sell
2019-02-03,1,0,1,0,0,0,6,3,2,3,3,1,3,3,2,2,2,0.162205759639828,0.147499608980648,0.67824709498777, 0.0071773,-0.0012153, 0.0079366, 0.0074558, 0.0112439,buy
2019-02-04,0,0,1,0,0,0,7,3,4,1,4,1,3,2,3,1,2,0.173541169393181,0.153825235678028,0.683002314441036,-0.0034463,-0.0019818,-0.0023094,-0.0034649,-0.0019943,sell
2019-02-05,1,0,1,0,0,0,6,3,7,1,3,2,2,3,3,3,3,0.185347169664862,0.160250394574073,0.687738844932451, 0.0018006, 0.0001980, 0.0027204, 0.0026218, 0.0015665,buy
2019-02-06,2,1,1,0,0,0,4,4,5,1,2,2,2,4,3,4,1,0.197617291856682,0.166773308308095,0.692453696228119,-0.0046991,-0.0052401,-0.0028353,-0.0037570,-0.0056002,sell
2019-02-07,2,1,0,0,0,0,5,2,5,2,2,3,2,4,3,3,0,0.210337790197486,0.173390422158711,0.697140887860248,-0.0018419, 0.0062257, 0.0110524,-0.0038107,-0.0028326,sell
2019-02-08,1,2,0,0,0,0,6,2,4,3,3,2,2,4,3,3,1,0.223500578939538,0.180099958765232,0.701804905179683,-0.0037443, 0.0077817, 0.0120288,-0.0043419, 0.0025444,sell
2019-02-09,1,3,1,0,0,0,2,2,3,2,3,1,2,1,3,2,2,0.237092720886457,0.186900140766967,0.706442010394053, 0.0184418, 0.0172004, 0.0172078, 0.0169316, 0.0141311,buy
2019-02-10,3,3,1,0,0,0,2,3,3,2,2,2,3,2,4,3,1,0.251089150220256,0.193786524762189,0.711053698620306,-0.0096149,-0.0094308,-0.0121001,-0.0106433,-0.0071556,sell
2019-02-11,3,3,1,1,0,0,1,3,4,0,2,2,3,2,3,3,1,0.26547369544546,0.200759110750899,0.715639222299968,-0.0039481,-0.0035918,-0.0052460,-0.0021125,-0.0041972,sell
2019-02-12,1,1,3,1,1,0,1,3,3,0,2,0,2,3,3,2,2,0.280210779272024,0.207812566651026,0.720197086316092, 0.0061181, 0.0041606, 0.0012259,-0.0011563, 0.0033845,buy
2019-02-13,2,1,1,3,0,0,3,3,1,0,0,1,2,4,4,2,1,0.295273718732414,0.214946892462569,0.724725047993254,-0.0017759,-0.0011533, 0.0033439, 0.0054885,-0.0121248,buy
2019-02-14,2,2,0,1,3,1,1,4,2,1,1,1,3,4,3,4,1,0.310622085087941,0.222159422144492,0.729229087799248, 0.0016674,-0.0010089,-0.0036801,-0.0037198,-0.0033980,sell
2019-02-15,2,3,0,0,1,1,1,2,5,0,1,1,3,3,2,4,1,0.326210598151275,0.22944571229507,0.733701730149332, 0.0033082, 0.0012408, 0.0041855, 0.0043046, 0.0023305,buy
2019-02-16,3,4,1,1,1,3,0,4,4,0,2,2,4,3,4,4,2,0.341989934861216,0.236803985553612,0.738143722601982, 0.0013868, 0.0022106, 0.0020972, 0.0018090, 0.0031205,buy
2019-02-17,3,4,0,3,1,2,0,3,5,2,3,3,4,2,5,5,1,0.357886514913353,0.244231575879083,0.742555065157197, 0.0034220, 0.0025329, 0.0012606, 0.0103421, 0.0001655,buy
2019-02-18,4,6,1,2,4,0,1,4,5,1,4,5,4,3,5,5,2,0.373842120923975,0.251728483271481,0.746935010256502, 0.0212968, 0.0216707, 0.0217397, 0.0160114, 0.0204487,buy
2019-02-19,4,5,3,4,3,0,1,4,5,0,4,4,3,4,6,5,3,0.389777512565252,0.259287598288046,0.751285053016847, 0.0210435, 0.0209525, 0.0197055, 0.0146851, 0.0192626,buy
2019-02-20,4,5,4,6,0,1,1,4,6,2,5,5,4,5,6,5,3,0.405600512312977,0.266915141691194,0.755602203204335, 0.0098838, 0.0094332, 0.0093204, 0.0116663, 0.0093948,buy
2019-02-21,4,6,2,2,2,0,1,4,5,2,4,5,2,5,4,5,3,0.42121894264294,0.274596894595402,0.759882723026595, 0.0158209, 0.0184127, 0.0187308, 0.0120962, 0.0182041,buy
2019-02-22,3,5,0,1,2,0,1,3,6,4,4,4,2,6,5,1,3,0.436526880259779,0.282334634361359,0.764132592951421,-0.0104934,-0.0039416,-0.0039416,-0.0110335,-0.0015049,sell
2019-02-23,2,2,0,2,0,2,1,4,4,4,5,4,1,5,3,1,2,0.451418401868131,0.290132804390792,0.768348822744915,-0.0139529,-0.0025550,-0.0036607,-0.0186777,-0.0120301,sell
2019-02-24,1,2,1,2,0,1,2,4,4,1,5,4,2,4,2,0,1,0.46577383840148,0.297982517880249,0.772529917290131,-0.0127396,-0.0078967,-0.0078967,-0.0086734,-0.0035827,sell
2019-02-25,1,3,1,1,1,0,2,4,6,1,4,3,2,5,3,1,2,0.479477563667178,0.305883774829729,0.776677371704015,-0.0183949,-0.0184164,-0.0138099,-0.0162078,-0.0118572,sell
2019-02-26,1,3,0,2,2,0,2,5,3,3,2,4,2,5,2,4,2,0.492404248575291,0.313837463919578,0.780788943311146,-0.0090678, 0.0013819, 0.0023147, 0.0031563,-0.0020668,sell
2019-02-27,2,2,1,3,0,0,4,4,3,2,2,4,2,5,1,4,3,0.504438266933173,0.321833809665998,0.784863136994576,-0.0038049,-0.0016599,-0.0027192,-0.0030764,-0.0023861,sell
2019-02-28,1,2,2,2,0,0,2,3,2,1,2,5,1,2,0,3,2,0.515455906800437,0.329876366790371,0.788902195429727, 0.0086086, 0.0102100, 0.0042510, 0.0080797, 0.0132369,buy
2019-03-01,3,2,1,1,0,0,2,4,3,1,2,4,3,2,1,4,1,0.525347202007853,0.337958914530279,0.792905371058124,-0.0011080,-0.0020779,-0.0019259,-0.0024124,-0.0017530,buy
2019-03-02,4,3,0,1,0,0,2,5,2,2,2,4,3,2,1,5,2,0.534002186386188,0.346084118926759,0.796870421204347,-0.0064459,-0.0059561,-0.0072765,-0.0082346,-0.0025314,sell
2019-03-03,2,1,0,0,0,0,2,5,2,3,1,4,4,0,0,4,2,0.541331108135556,0.354242204496012,0.800798093426868, 0.0000113,-0.0027711,-0.0015975, 0.0033485,-0.0015803,buy
2019-03-04,1,1,0,0,0,0,4,4,5,2,2,4,4,1,2,3,1,0.547243406881295,0.362436725959419,0.804680912140948,-0.0008732,-0.0034509,-0.0017718,-0.0008342,-0.0018799,buy
2019-03-05,1,0,0,0,0,0,3,6,5,1,2,2,3,2,2,4,1,0.551676013791051,0.370663239915255,0.808538313866911, 0.0052001,-0.0024435, 0.0032158, 0.0071229, 0.0019867,buy
2019-03-06,2,0,0,0,0,0,2,7,6,1,2,3,4,2,2,3,2,0.554571520055889,0.37891996900283,0.812347124292062, 0.0045465,-0.0037139,-0.0005112, 0.0034612,-0.0022427,buy
2019-03-07,2,0,1,0,0,0,2,5,5,1,2,3,3,1,3,3,1,0.555906477007368,0.387204247181106,0.816118556793512, 0.0063849,-0.0031342, 0.0055345, 0.0084122, 0.0061494,buy
2019-03-08,1,1,1,0,0,0,4,4,4,0,2,4,3,0,2,3,1,0.555676033196846,0.395512519728704,0.819848873578891, 0.0004505,-0.0009016, 0.0012517, 0.0031651, 0.0028686,buy
2019-03-09,2,0,2,0,0,0,3,4,4,3,3,3,3,2,3,3,1,0.553897168694572,0.403844786645623,0.823535831972777,-0.0002156,-0.0074295, 0.0012288, 0.0028838, 0.0010089,buy
2019-03-10,2,2,2,1,0,0,1,5,4,3,4,2,3,3,3,3,2,0.550627292309484,0.412194827169446,0.827185412442961,-0.0000067, 0.0001124, 0.0001831, 0.0039509, 0.0001404,buy
2019-03-11,2,1,3,1,1,0,1,3,5,3,5,3,3,3,3,1,2,0.545947261518956,0.420567084701901,0.830790139404704,-0.0030509,-0.0061645,-0.0053327,-0.0040660,-0.0028495,sell
2019-03-12,2,1,3,2,1,0,3,1,5,2,3,2,3,4,4,2,2,0.53997108536609,0.428951783759189,0.834353750650376,-0.0054465,-0.0080911,-0.0047794,-0.0052040,-0.0049667,sell
2019-03-13,0,0,2,2,1,0,2,2,4,4,2,2,3,3,4,1,2,0.532842690160615,0.437352479062691,0.837872508387606,-0.0059919,-0.0121529,-0.0066451,-0.0057628,-0.0061742,sell
2019-03-14,0,1,3,1,2,1,3,2,4,4,3,3,4,4,3,2,2,0.524725408006831,0.445762061169645,0.841344169940973, 0.0064808, 0.0119823, 0.0065549, 0.0095682, 0.0052935,buy
2019-03-15,0,1,3,1,2,1,2,1,5,3,3,3,4,3,3,1,2,0.515804402527928,0.454180530080052,0.844779948687586, 0.0079392, 0.0129739, 0.0106261, 0.0131582, 0.0077749,buy
2019-03-16,0,0,3,1,3,2,2,0,6,4,4,3,4,4,4,1,1,0.50628666886599,0.462605219752876,0.848167136133388, 0.0156261, 0.0178596, 0.0193932, 0.0208363, 0.0186546,buy
2019-03-17,1,1,2,2,2,0,5,0,5,4,4,2,5,4,3,3,1,0.496363030667624,0.471034352827425,0.851508722512275, 0.0038950, 0.0054611, 0.0021351, 0.0039646, 0.0031163,buy
2019-03-18,1,1,4,0,4,1,5,0,4,4,5,3,3,4,4,3,2,0.486238057350592,0.479466151943011,0.854804707824246, 0.0058149, 0.0064748, 0.0057005, 0.0084017, 0.0060450,buy
2019-03-19,1,2,3,3,1,1,5,0,4,2,4,3,3,4,4,3,1,0.476104189711048,0.487897951058596,0.858055092069302,-0.0012252,-0.0003354,-0.0013198, 0.0010961,-0.0016028,buy
2019-03-20,1,1,5,1,3,1,4,1,4,3,5,3,2,4,4,4,2,0.466133654175804,0.4963261954528,0.86125763257202, 0.0002464, 0.0001380, 0.0035832, 0.0002613,-0.0004676,buy
2019-03-21,1,2,2,2,3,0,3,1,3,1,2,2,2,4,4,3,1,0.4564792713771,0.504751773805969,0.864411581773926,-0.0076310,-0.0098035,-0.0124516,-0.0081524,-0.0062291,sell
2019-03-22,1,0,2,1,3,1,2,1,3,3,3,2,3,3,2,3,1,0.447278499026476,0.513170242716376,0.867519182350443, 0.0036528, 0.0098043, 0.0042714, 0.0053264, 0.0020201,buy
2019-03-23,1,2,2,1,1,1,2,2,2,1,4,1,2,2,1,3,2,0.438634834694973,0.521580713503676,0.870576696509201, 0.0047952, 0.0071042, 0.0093289, 0.0019853, 0.0065270,buy
2019-03-24,1,2,2,0,1,1,3,2,5,2,5,2,2,3,2,3,2,0.430644498780669,0.529982297487523,0.873588609601043,-0.0047305,-0.0022333,-0.0042719,-0.0024718,-0.0035445,sell
2019-03-25,1,2,1,0,2,1,2,3,4,2,4,2,2,3,2,4,1,0.423364900092501,0.538370551266192,0.876552678950547,-0.0029060, 0.0018916,-0.0010314,-0.0014486,-0.0033099,sell
2019-03-26,2,1,1,1,1,0,3,2,2,2,3,1,2,3,2,4,0,0.416849404565537,0.546746363520027,0.879465166765344, 0.0073857, 0.0046466,-0.0005300, 0.0059486, 0.0033318,buy
2019-03-27,2,1,1,0,2,0,3,2,3,1,3,2,1,1,3,4,1,0.411131972340274,0.555105290847303,0.882329810837804, 0.0057343, 0.0067525, 0.0064192, 0.0053554, 0.0056935,buy
2019-03-28,2,2,1,1,1,0,1,3,4,1,2,2,2,0,3,5,2,0.40622473203832,0.563446444567675,0.885145116050978, 0.0076671, 0.0066320, 0.0075564, 0.0084202, 0.0072819,buy
2019-03-29,3,2,1,1,0,0,2,4,3,1,2,2,3,1,3,5,1,0.402138195131733,0.571766269959761,0.88790809217097, 0.0036755, 0.0025775, 0.0040921, 0.0049566, 0.0049036,buy
2019-03-30,1,1,1,0,0,0,2,5,2,1,2,1,2,1,2,4,1,0.398866701597097,0.580066544384251,0.89062247699015, 0.0047625, 0.0016043, 0.0080277, 0.0081734, 0.0055966,buy
2019-03-31,1,2,0,0,0,0,4,4,3,0,3,1,2,2,3,3,0,0.396405399985769,0.58833926971804,0.893284532716149,-0.0003964,-0.0005135, 0.0026851, 0.0018057, 0.0026850,buy
2019-04-01,2,1,0,1,0,0,3,5,3,1,2,1,1,3,5,3,1,0.394741353101369,0.596587112002161,0.895897997141337, 0.0016883, 0.0024003, 0.0024091, 0.0079977, 0.0006630,buy
2019-04-02,3,0,0,1,0,0,1,7,3,1,0,2,2,2,5,4,1,0.393851112275459,0.604807405195581,0.898454647122498,-0.0010546,-0.0020718,-0.0012308,-0.0043877,-0.0040267,sell
2019-04-03,2,0,0,1,0,0,3,5,3,1,1,1,3,2,4,4,0,0.393716888863015,0.612994817216227,0.900961958244374, 0.0058142, 0.0049672, 0.0054415, 0.0084680, 0.0061762,buy
2019-04-04,1,1,0,1,0,0,4,3,2,0,1,2,2,1,2,3,1,0.394319277069466,0.621149348064099,0.903416192714594,-0.0019450,-0.0045193, 0.0021554, 0.0029953, 0.0020963,buy
2019-04-05,1,1,1,1,0,0,4,4,2,2,2,2,3,3,3,2,1,0.395633211076828,0.629270109058852,0.905821088325529,-0.0129869,-0.0084797,-0.0072357, 0.0075119,-0.0102402,sell
2019-04-06,3,2,1,2,0,0,3,5,2,3,1,2,4,4,5,4,1,0.397636050791433,0.637353545479105,0.908168421933964, 0.0062400, 0.0085223, 0.0119909, 0.0113608, 0.0115721,buy
2019-04-07,3,2,1,3,0,0,3,4,4,2,2,2,5,3,5,4,1,0.400299496096201,0.645397879964168,0.910465669124639, 0.0054440, 0.0064220, 0.0086989, 0.0087660, 0.0080923,buy
2019-04-08,3,0,2,2,1,0,3,3,4,2,2,2,4,3,4,4,1,0.403609801219978,0.653400446473006,0.912707596988236, 0.0103438, 0.0139177, 0.0118442, 0.0137971, 0.0129884,buy
2019-04-09,3,0,0,4,0,0,2,3,3,5,1,2,4,4,5,3,1,0.407537857470907,0.661359467644926,0.91489495308323, 0.0011406,-0.0008407, 0.0067597, 0.0064372, 0.0077225,buy
2019-04-10,3,2,1,2,2,1,1,3,3,5,3,1,5,4,5,2,3,0.41206425905442,0.669272277438894,0.917030727643516, 0.0014717, 0.0036873, 0.0022820, 0.0008714, 0.0021923,buy
2019-04-11,2,2,1,2,0,1,2,2,5,3,3,2,3,4,4,2,2,0.417167174451625,0.67713709849422,0.919108940201303,-0.0101948,-0.0087869,-0.0080975,-0.0076495,-0.0101191,sell
2019-04-12,2,0,3,2,1,2,1,3,4,4,4,3,2,5,5,1,2,0.42282719786795,0.684953930810903,0.921132580990485,-0.0020032,-0.0078257,-0.0070472,-0.0127576,-0.0084743,sell
2019-04-13,2,0,1,5,1,1,0,3,4,5,5,3,2,5,3,2,2,0.429026540658374,0.692715664946182,0.923102397569538,-0.0016809,-0.0009055,-0.0009984,-0.0289134,-0.0041814,sell
2019-04-14,2,1,2,4,4,0,0,1,4,4,5,2,2,5,4,1,3,0.435745797028326,0.700430299023163,0.925014652146091,-0.0016488,-0.0086434,-0.0022131,-0.0135079,-0.0040871,sell
2019-04-15,1,1,3,3,3,0,1,1,2,4,5,2,0,5,3,2,2,0.442963944033688,0.708075616033215,0.926871587395566, 0.0019085,-0.0018522, 0.0060727,-0.0032049, 0.0011493,buy
2019-04-16,1,2,3,4,0,2,1,1,2,4,4,3,1,5,3,2,2,0.450668853052855,0.715673832984971,0.928671708201015, 0.0131158, 0.0090491, 0.0103865, 0.0111385, 0.0085590,buy
2019-04-17,2,3,3,1,1,1,1,1,1,3,3,2,0,5,2,3,2,0.458845161165124,0.723206287591179,0.930420247471757, 0.0070717, 0.0065527, 0.0055045,-0.0023026, 0.0027350,buy
2019-04-18,2,2,2,1,1,0,1,1,2,3,3,2,1,4,2,2,1,0.467471036851604,0.730680089294601,0.932104496713733, 0.0017480,-0.0015806,-0.0004538,-0.0148515,-0.0053165,sell
2019-04-19,2,2,0,2,1,1,2,3,1,3,4,2,2,1,2,4,2,0.476540820088879,0.738085462611441,0.933734174187105,-0.0026516, 0.0004146,-0.0025951,-0.0009279, 0.0030532,sell
2019-04-20,2,2,1,1,1,1,3,4,2,0,3,2,2,1,2,5,2,0.486031870783283,0.745430405664804,0.935308532333399, 0.0051741, 0.0046533, 0.0061811, 0.0058509, 0.0062051,buy
2019-04-21,2,3,2,0,1,0,3,4,2,1,2,1,4,1,3,5,2,0.495934486037531,0.752706031651239,0.936824580918719, 0.0063017, 0.0096515, 0.0061892, 0.0086377, 0.0033630,buy
2019-04-22,2,5,1,1,1,1,3,5,0,2,1,2,4,2,3,6,3,0.506234111505696,0.759907008488675,0.938284562618488, 0.0071811, 0.0115246, 0.0086885, 0.0079950, 0.0090114,buy
2019-04-23,3,5,1,1,0,1,3,3,0,3,3,2,3,2,2,5,3,0.516920235715718,0.76705022110367,0.939685487198809, 0.0086833, 0.0103206, 0.0088509, 0.0088984, 0.0098556,buy
2019-04-24,2,4,1,0,1,0,1,3,0,2,2,2,2,1,1,4,2,0.527975070022575,0.774113452487594,0.941029597335103, 0.0051376, 0.0053830, 0.0038174, 0.0041766, 0.0033247,buy
2019-04-25,3,5,0,1,2,0,2,3,1,1,4,2,3,2,3,4,0,0.539388911528983,0.781101146042173,0.942315397910425,-0.0096684,-0.0150871,-0.0154639,-0.0178489,-0.0116188,sell
2019-04-26,3,3,0,2,1,0,2,5,1,2,4,2,3,2,3,4,1,0.551145588739464,0.788013301767407,0.943543636483246,-0.0107659,-0.0085589,-0.0110459,-0.0108632,-0.0076336,sell
2019-04-27,1,3,1,1,1,0,3,4,2,1,3,3,4,1,3,2,1,0.563237015906283,0.794846364941916,0.944715060612041, 0.0001957, 0.0039436, 0.0036715, 0.0074730,-0.0005714,buy
2019-04-28,1,3,1,1,1,1,4,2,3,2,4,2,3,2,4,3,1,0.575640552935773,0.801599446885353,0.945825184945966, 0.0043094, 0.0059718, 0.0053814, 0.0056704, 0.0033555,buy
2019-04-29,0,3,0,1,2,1,2,3,2,2,3,2,2,3,3,2,1,0.588352156954066,0.808266326835303,0.946879989952814,-0.0007807, 0.0029677, 0.0065022, 0.0141172,-0.0016091,buy
2019-04-30,1,1,1,1,2,1,2,2,3,5,4,2,3,4,3,2,1,0.601354847890914,0.814855891595217,0.947876485398688, 0.0112697, 0.0130934, 0.0051097, 0.0066967, 0.0120127,buy
2019-05-01,0,1,1,1,2,1,2,1,2,4,5,1,2,3,2,2,0,0.614633262825613,0.821355699640262,0.948814671283588, 0.0055197, 0.0095327, 0.0077438, 0.0046238, 0.0028180,buy
2019-05-02,1,1,1,1,2,1,4,1,2,4,4,2,4,2,3,2,1,0.628167995963595,0.827766639650784,0.949691557373618, 0.0164463, 0.0147840, 0.0062233, 0.0090349, 0.0107529,buy
2019-05-03,2,1,2,1,2,1,2,2,2,5,4,2,4,3,4,2,1,0.641944492958931,0.834089600307128,0.950512376578096, 0.0138234, 0.0123317,-0.0004771, 0.0031099, 0.0130942,buy
2019-05-04,1,2,1,1,2,1,2,3,3,2,3,2,4,3,3,2,1,0.655945773741372,0.840321026887913,0.951274138663126,-0.0022300, 0.0026510, 0.0024931, 0.0020452,-0.0043173,sell
2019-05-05,1,0,3,0,3,1,3,0,2,2,3,1,3,3,3,1,1,0.670154858240671,0.846456475991412,0.951977591187183,-0.0013507, 0.0064775, 0.0067157,-0.0009054, 0.0003817,buy
2019-05-06,1,1,1,2,2,1,2,2,1,2,2,0,3,3,4,2,1,0.684544254914517,0.852495947617626,0.952621986591791,-0.0090200,-0.0044814,-0.0034479,-0.0005236,-0.0087035,sell
2019-05-07,2,2,2,1,4,2,1,2,3,3,3,2,4,5,5,2,1,0.699097792267438,0.858438553086209,0.95320508220153, 0.0137243, 0.0121422, 0.0055485, 0.0110115, 0.0141173,buy
2019-05-08,2,3,2,0,2,2,1,1,4,2,3,2,4,4,3,2,1,0.713785553032802,0.864278960315091,0.953732858484191, 0.0114340, 0.0142467, 0.0050780, 0.0156057, 0.0147208,buy
2019-05-09,1,2,3,1,2,3,1,1,2,3,4,1,4,4,4,1,1,0.728580045668303,0.870020724025651,0.954203072764352, 0.0063785, 0.0074503,-0.0038978, 0.0072486, 0.0141884,buy
2019-05-10,1,3,3,3,3,3,1,2,2,4,6,3,3,5,4,2,2,0.74345539578118,0.875656734775128,0.954610492132695, 0.0052128, 0.0102546, 0.0037066, 0.0058843, 0.0103180,buy
2019-05-11,1,4,4,3,5,1,0,2,2,2,6,3,4,5,2,3,1,0.758359046011139,0.881189658604559,0.954961097057012, 0.0344784, 0.0304430, 0.0029417, 0.0187333, 0.0376613,buy
2019-05-12,0,3,6,2,4,1,0,1,3,1,5,3,3,4,3,2,1,0.773274824862704,0.886615052112216,0.955253392420355, 0.0218464, 0.0167131,-0.0093263, 0.0040634, 0.0218919,buy
2019-05-13,0,2,4,4,1,1,0,1,2,0,2,2,3,2,3,2,1,0.788145323526939,0.891930249257063,0.955485135547302, 0.0168611, 0.0204124, 0.0052570, 0.0209888, 0.0176179,buy
2019-05-14,1,2,4,1,3,1,0,2,2,2,2,3,4,2,3,3,1,0.802931730414702,0.897129917957031,0.955660811788698, 0.0237102, 0.0205049, 0.0152320, 0.0033705, 0.0206716,buy
2019-05-15,1,5,3,0,4,0,0,2,3,2,1,4,4,2,5,3,1,0.817582296740473,0.902227388417296,0.955775935793698, 0.0113927, 0.0182990, 0.0123503, 0.0065572, 0.0124155,buy
2019-05-16,1,2,4,1,3,2,0,2,4,2,3,3,5,3,3,3,1,0.832041230844864,0.907203998350609,0.955834245354672, 0.0062451, 0.0076451, 0.0115449,-0.0035565, 0.0089611,buy
2019-05-17,1,3,5,2,2,2,0,2,3,0,3,3,5,3,2,3,1,0.846247081045067,0.912069523240768,0.955831255120776,-0.0015931, 0.0018732, 0.0039689,-0.0059174, 0.0004742,sell
2019-05-18,1,3,4,2,2,0,1,1,4,0,3,3,3,4,3,2,0,0.860147289980788,0.916815964964666,0.955769955325906,-0.0053017,-0.0048334,-0.0159174,-0.0001530, 0.0004700,sell
2019-05-19,1,4,1,1,4,0,1,3,2,0,2,3,3,3,2,3,1,0.873669894497164,0.921445989563338,0.955651093528536, 0.0021331, 0.0200531, 0.0164900, 0.0203736, 0.0053822,buy
2019-05-20,2,3,1,3,0,0,3,1,2,1,2,2,3,3,2,3,1,0.88674778288797,0.925952487594022,0.955476164845614, 0.0147222, 0.0156895, 0.0187601, 0.0066585, 0.0191133,buy
2019-05-21,2,3,2,2,0,1,5,1,2,0,2,4,2,2,1,5,2,0.899322737769498,0.930341679819136,0.955242179043245,-0.0029668,-0.0034561,-0.0036715,-0.0052197,-0.0049078,sell
2019-05-22,3,3,1,3,0,1,5,0,2,0,2,3,2,2,3,5,1,0.911319561687787,0.934605568115571,0.954949883679901, 0.0002510,-0.0015164, 0.0041806,-0.0023802, 0.0003653,buy
2019-05-23,2,4,0,4,1,0,5,1,2,1,2,3,3,3,3,5,1,0.922682462983447,0.938743263802983,0.954600026314058,-0.0015688,-0.0004534, 0.0046290, 0.0028342,-0.0056175,buy
2019-05-24,0,1,0,4,1,0,6,2,1,2,2,3,3,1,2,4,2,0.933350798548446,0.942764542365169,0.954186626477923,-0.0001452, 0.0074234, 0.0092556, 0.0071107, 0.0094808,buy
2019-05-25,0,0,0,5,0,0,8,0,2,1,1,3,1,3,3,3,2,0.94327605389636,0.946653407555916,0.95372912069182, 0.0099530, 0.0064705, 0.0073621, 0.0128848, 0.0115933,buy
2019-05-26,0,0,1,3,0,0,4,2,2,0,0,3,0,3,2,3,1,0.952409714540762,0.950416080137639,0.953205829760004, 0.0190945, 0.0165709, 0.0209105, 0.0170151, 0.0168256,buy
2019-05-27,1,0,1,2,0,0,3,3,5,1,1,2,2,3,3,3,2,0.960718628915927,0.954046339347922,0.952627967059583, 0.0057694, 0.0067035, 0.0097033, 0.0149532,-0.0098206,buy
2019-05-28,1,2,1,2,1,1,4,3,4,2,3,2,3,2,4,5,2,0.968173688330002,0.957551294629527,0.951992542356663, 0.0027235, 0.0057837, 0.0081252, 0.0026063, 0.0126761,buy
2019-05-29,0,1,1,2,2,1,5,2,2,2,3,2,2,1,3,4,3,0.974757912712736,0.960922059179001,0.951301050768191,-0.0018334, 0.0049267, 0.0083820, 0.0030054, 0.0121855,buy
2019-05-30,0,0,3,2,3,1,5,1,1,3,3,1,3,4,4,2,2,0.980461599166845,0.964158632996346,0.950552744735693, 0.0025399,-0.0010734,-0.0033604,-0.0052754,-0.0000633,sell
2019-05-31,1,2,2,2,3,1,2,2,2,1,3,2,3,4,3,2,1,0.985287981991423,0.967261904761905,0.949747624259169,-0.0065291,-0.0001565, 0.0019178,-0.0022617,-0.0042836,sell
2019-06-01,1,0,4,1,4,1,2,2,3,1,3,3,3,4,3,1,2,0.989241912635113,0.970230097114988,0.948886436897094,-0.0001270,-0.0010566, 0.0026989,-0.0002393, 0.0026245,buy
2019-06-02,1,0,4,3,3,1,3,2,1,0,3,3,1,5,3,1,2,0.992337136869069,0.97306054401456,0.947970677766415, 0.0180395, 0.0168543, 0.0175506, 0.0033630, 0.0144501,buy
2019-06-03,0,1,2,2,4,1,5,2,1,1,2,3,3,4,3,2,2,0.994599529086052,0.975757688862347,0.946997356633236, 0.0042577,-0.0023981,-0.0023949,-0.0078136,-0.0030252,sell
2019-06-04,0,2,1,0,3,1,2,2,1,1,2,2,3,2,1,2,1,0.996055772253595,0.978310867494206,0.945972453965349,-0.0135091,-0.0111213,-0.0111213,-0.0153989,-0.0200984,sell
2019-06-05,1,2,2,0,1,2,1,2,2,1,1,3,4,2,1,2,1,0.996730123614911,0.980728966713589,0.944889989294963,-0.0065484,-0.0105357,-0.0091541,-0.0075499,-0.0096082,sell
2019-06-06,0,1,2,2,2,3,1,2,2,2,3,2,4,2,2,3,1,0.996662203333915,0.983003099717044,0.943753700414446,-0.0060125, 0.0009512, 0.0075164, 0.0033941,-0.0050635,sell
2019-06-07,0,2,2,2,3,2,2,2,1,2,3,3,5,0,3,4,0,0.995884354401558,0.985132377824226,0.9425635873238, 0.0111683,-0.0034714, 0.0101981, 0.0062964, 0.0001561,buy
2019-06-08,0,1,2,1,4,2,2,3,1,2,2,4,3,1,4,3,1,0.994433771257431,0.987130131240313,0.941318154906077,-0.0043089,-0.0028773,-0.0099488,-0.0036755,-0.0010541,sell
2019-06-09,0,2,2,3,3,3,2,3,2,2,3,4,3,2,4,4,2,0.992350074065449,0.988978586358401,0.940021140953645,-0.0120848,-0.0110499,-0.0122827,-0.0127770,-0.0118611,sell
2019-06-10,0,1,4,2,3,3,2,2,2,2,3,3,3,2,4,4,2,0.989668840115658,0.990682186580216,0.93866955523261, 0.0041797, 0.0056452, 0.0037697, 0.0038049, 0.0059106,buy
2019-06-11,0,2,2,1,4,2,2,2,0,1,2,2,2,2,4,3,1,0.986436966744937,0.992243597946793,0.937263397742971, 0.0053356, 0.0051462, 0.0016956, 0.0019734, 0.0021863,buy
2019-06-12,1,1,1,3,4,3,2,2,1,4,3,5,3,4,4,2,1,0.982684371219913,0.993659265736752,0.935806406277099, 0.0072631, 0.0134999, 0.0120237, 0.0087309, 0.0134171,buy
2019-06-13,1,1,2,3,5,5,2,3,0,1,4,4,4,3,4,3,1,0.97845471657837,0.994930967310782,0.934296338159571, 0.0161412, 0.0141998, 0.0133887, 0.0122298, 0.0179491,buy
2019-06-14,1,0,4,2,4,4,2,2,2,1,4,3,4,4,5,2,0,0.973784388685128,0.996050704545778,0.932733193390387, 0.0191024, 0.0188810, 0.0188772, 0.0190512, 0.0184107,buy
2019-06-15,1,1,2,3,4,6,1,4,1,0,3,3,3,6,4,3,1,0.968709773405005,0.997036251048643,0.93111921464497, 0.0221887, 0.0208020, 0.0189985, 0.0187259, 0.0239936,buy
2019-06-16,2,1,2,3,5,5,3,2,0,1,3,4,4,6,3,3,1,0.963272916626238,0.997868944532128,0.929451411689422, 0.0221231, 0.0217994, 0.0198786, 0.0180316, 0.0232997,buy
2019-06-17,2,0,3,2,4,4,2,0,0,1,3,2,3,5,3,2,0,0.957502927040681,0.998552339717613,0.927737260108486, 0.0118766, 0.0106816, 0.0148486, 0.0122202, 0.0147585,buy
2019-06-18,2,0,3,1,4,4,1,0,1,0,3,1,3,4,3,1,1,0.951439424812249,0.999097989449587,0.925968536758945, 0.0116878, 0.0117929, 0.0071382, 0.0088518, 0.0096785,buy
2019-06-19,3,2,2,1,2,5,1,0,1,0,3,2,4,3,3,1,1,0.945117178656213,0.99948900880149,0.924149726991645, 0.0137182, 0.0111366, 0.0031627, 0.0099070, 0.0079806,buy
2019-06-20,1,1,2,1,0,5,0,2,0,1,2,1,3,2,2,1,2,0.938570957287846,0.999736061937465,0.922283821040482, 0.0044658,-0.0101810,-0.0148289,-0.0076966, 0.0054168,sell
2019-06-21,1,1,1,0,2,4,3,0,1,1,2,2,3,3,3,0,1,0.931833912272871,0.999834705455786,0.920365585996137, 0.0201553, 0.0130101, 0.0116922, 0.0213008, 0.0155188,buy
2019-06-22,1,2,0,0,2,3,1,3,1,1,1,2,2,4,2,2,1,0.924942429476108,0.999787605397489,0.918398012092506, 0.0249098, 0.0072654, 0.0251415, 0.0235101, 0.0248516,buy
2019-06-23,2,2,0,1,1,3,0,3,3,3,2,2,3,3,3,3,2,0.917925617589412,0.999592984401883,0.916383342005012, 0.0009903, 0.0005453, 0.0018876, 0.0029233, 0.0002890,buy
2019-06-24,2,2,1,0,2,3,0,2,3,3,3,2,3,4,2,3,1,0.91082147962715,0.999253508510003,0.914318585499758, 0.0211208, 0.0123717, 0.0097042, 0.0164707, 0.0110691,buy
2019-06-25,1,3,1,1,2,2,1,1,1,1,3,3,2,2,1,3,0,0.903662358580272,0.998764734320124,0.912203742576744, 0.0053166, 0.0046851, 0.0037282, 0.0011834, 0.0018782,buy
2019-06-26,1,2,1,2,2,2,1,1,2,3,3,2,4,3,2,2,1,0.896478980290181,0.998134659955353,0.910045541262238, 0.0032873, 0.0075693, 0.0072867, 0.0053677,-0.0028126,buy
2019-06-27,2,3,0,3,2,2,0,3,2,3,3,2,4,4,2,3,2,0.889308539196471,0.997354398612237,0.907840991322341, 0.0016121, 0.0049925,-0.0142851, 0.0030868,-0.0147954,sell
2019-06-28,2,1,1,3,2,0,1,3,2,0,3,2,3,2,1,3,1,0.882182569715317,0.996431948413883,0.905587102523159,-0.0008540, 0.0057777,-0.0056456, 0.0038919, 0.0036366,buy
2019-06-29,1,0,2,4,2,0,2,1,3,1,3,3,2,2,2,3,1,0.875136649136766,0.995361088597876,0.90328536998164,-0.0186683,-0.0034335,-0.0269623, 0.0024420,-0.0056362,sell
2019-06-30,1,0,0,5,2,1,2,1,2,1,3,4,1,2,2,3,0,0.868206354750862,0.994147151246285,0.900936541256257,-0.0091127, 0.0138489,-0.0091767,-0.0070122,-0.0062744,sell
2019-07-01,2,2,0,4,2,1,2,2,1,2,3,4,5,1,1,3,1,0.861420795249461,0.992788358998422,0.898545849256329,-0.0112356,-0.0009240, 0.0108226, 0.0092986,-0.0166497,sell
2019-07-02,2,2,0,4,1,1,2,0,2,1,3,3,4,0,1,3,1,0.854820399371252,0.991282045813249,0.896106565955589,-0.0031727, 0.0093355, 0.0124145, 0.0136159,-0.0062919,buy
2019-07-03,2,1,1,4,1,2,3,0,0,1,3,3,4,1,1,1,2,0.848441552981053,0.989641541895946,0.89362467182183, 0.0198738, 0.0161791, 0.0248144, 0.0297325, 0.0144056,buy
2019-07-04,2,1,0,6,1,1,3,0,0,2,4,3,4,0,1,2,2,0.842312556195947,0.987854405721679,0.891097924179629, 0.0160882, 0.0200759, 0.0220414, 0.0229063, 0.0110756,buy
2019-07-05,1,2,1,4,4,1,2,1,1,2,4,2,4,1,2,4,2,0.836472220605073,0.985926858052866,0.888528565704409,-0.0019192,-0.0112388,-0.0016406,-0.0048829,-0.0152900,sell
2019-07-06,1,2,1,6,1,1,3,0,2,2,4,3,3,1,2,4,2,0.830956123498477,0.983855344168124,0.885912111045326, 0.0080375,-0.0052802, 0.0126466, 0.0111275,-0.0019301,buy
2019-07-07,1,1,3,5,1,2,2,1,1,3,4,3,5,1,2,4,1,0.825796607867109,0.981645196149526,0.883255288228645, 0.0023534,-0.0034780, 0.0093589, 0.0160736,-0.0131993,buy
2019-07-08,1,3,1,4,2,1,2,0,2,3,3,3,4,1,2,4,2,0.821030868150563,0.979296413997071,0.880554359461997, 0.0085278,-0.0060361, 0.0106717, 0.0127874,-0.0150631,buy
2019-07-09,1,2,1,4,2,2,2,0,2,4,4,2,4,3,2,3,2,0.816685587316373,0.976805442989378,0.877813810096226, 0.0237506, 0.0154802, 0.0188657, 0.0211099,-0.0015646,buy
2019-07-10,1,1,2,4,1,3,2,1,1,4,3,3,4,2,1,4,3,0.812794725505036,0.974186502011972,0.875028407222013, 0.0102141, 0.0055635, 0.0112940, 0.0142434,-0.0038410,buy
2019-07-11,1,1,3,3,1,3,2,0,3,3,3,4,4,2,2,4,1,0.809382539959765,0.971426260859674,0.872204131307151,-0.0053149,-0.0155323,-0.0036430, 0.0143406,-0.0152931,sell
2019-07-12,1,2,3,4,2,2,1,2,1,2,2,4,5,3,2,3,1,0.806477330797643,0.968530051614554,0.869337992117744,-0.0024699,-0.0133104,-0.0003725,-0.0007210,-0.0068363,sell
2019-07-13,2,1,2,3,3,3,1,2,0,3,3,2,5,2,4,3,1,0.804096886663691,0.965504983719376,0.866431484770739, 0.0069097,-0.0001220, 0.0022666, 0.0106684,-0.0026745,buy
2019-07-14,2,0,1,4,1,3,2,0,0,3,3,2,3,2,3,3,0,0.802257379053385,0.962340393009996,0.863485356824611,-0.0157389,-0.0157824,-0.0167060,-0.0169420,-0.0168475,sell
2019-07-15,1,0,3,2,2,3,1,0,0,2,3,1,3,1,2,3,1,0.800970936588332,0.959050498371938,0.860496618045464,-0.0072553,-0.0045240,-0.0114671,-0.0127494,-0.0132044,sell
2019-07-16,2,1,1,2,1,3,1,0,1,1,3,0,3,2,2,2,1,0.800244836441495,0.955627301682094,0.857475734251933,-0.0244479,-0.0213019,-0.0160511,-0.0209086,-0.0222028,sell
2019-07-17,1,1,1,2,1,4,0,2,0,2,3,1,3,3,1,3,0,0.800072610014684,0.952077023702882,0.854412987183858,-0.0229551,-0.0270111,-0.0223764,-0.0216781,-0.0162510,sell
2019-07-18,0,0,1,2,2,4,3,1,1,2,3,1,4,3,2,2,1,0.800452640158351,0.948396109712921,0.851312862192081, 0.0002447,-0.0061763, 0.0097201, 0.0159598,-0.0026744,buy
2019-07-19,0,0,2,3,2,3,3,1,0,0,4,0,3,3,3,0,1,0.801368755377022,0.944592557835317,0.848173864159655, 0.0162992, 0.0128117, 0.0205460, 0.0229508, 0.0034505,buy
2019-07-20,0,0,2,4,1,2,0,2,2,1,4,1,2,2,3,1,1,0.802805592749995,0.94066281334869,0.844997488203527, 0.0019890, 0.0085692, 0.0040084, 0.0055184, 0.0035027,buy
2019-07-21,1,1,3,3,2,2,0,1,2,1,5,2,2,2,3,1,1,0.804726766412451,0.93660865361373,0.841783734323699, 0.0013760, 0.0014285,-0.0017935, 0.0002171,-0.0020709,buy
2019-07-22,1,1,2,4,1,1,1,1,1,0,4,1,1,2,1,2,2,0.807109636270724,0.932436299392853,0.838537087871013,-0.0077107,-0.0104128,-0.0146336,-0.0045165,-0.0120964,sell
2019-07-23,1,1,3,3,1,1,2,0,0,2,4,1,2,2,2,1,2,0.809912156436579,0.928139529923645,0.835253063494627,-0.0084440,-0.0081933,-0.0114428,-0.0058225,-0.0111936,sell
2019-07-24,1,3,2,5,2,2,1,1,0,3,6,1,4,4,3,0,2,0.813096323895648,0.923724565968519,0.831933156311487, 0.0024040, 0.0005872, 0.0001193, 0.0024040,-0.0038244,buy
2019-07-25,2,3,2,5,3,2,0,1,0,2,6,2,3,3,3,2,1,0.816608772712865,0.919193184888169,0.828578113880068,-0.0068231,-0.0054323,-0.0059787,-0.0072296,-0.0013879,sell
2019-07-26,1,1,3,3,3,1,0,0,2,2,4,1,3,2,2,2,2,0.820409074149541,0.914540943280866,0.82518793620037,-0.0072187,-0.0049223,-0.0076102,-0.0083002,-0.0092147,sell
2019-07-27,1,1,1,6,2,1,1,0,1,1,3,0,3,2,2,3,2,0.82444224512106,0.909778505310754,0.821769351298659,-0.0096986,-0.0081288,-0.0115996,-0.0124621,-0.0075606,sell
2019-07-28,0,1,1,4,4,2,1,2,1,2,3,1,4,3,2,4,1,0.828657345416675,0.904901427576107,0.818307408005454,-0.0035972,-0.0065511, 0.0017027,-0.0088589,-0.0035841,sell
2019-07-29,0,2,1,3,4,1,1,2,1,1,2,1,4,3,1,4,1,0.832998583376996,0.899913264798305,0.814817805048711,-0.0055678,-0.0145489,-0.0085480,-0.0100448,-0.0073627,sell
2019-07-30,0,1,2,3,4,3,1,0,1,2,3,1,4,3,2,4,0,0.837411784492183,0.89481757169873,0.811293066843689, 0.0009996,-0.0006061, 0.0075593,-0.0008220, 0.0004789,buy
2019-07-31,1,1,2,4,3,2,1,0,0,3,3,1,4,3,1,4,1,0.841842774252392,0.889609016195311,0.807738426299705, 0.0079108, 0.0072817, 0.0069991,-0.0030316, 0.0024936,buy
2019-08-01,2,2,1,2,6,1,0,0,0,3,1,1,4,3,2,5,1,0.846236569573008,0.884298262452189,0.804151640741339, 0.0037054, 0.0035262, 0.0141005, 0.0128353, 0.0129060,buy
2019-08-02,1,3,1,3,4,1,2,0,0,2,1,2,3,4,1,5,1,0.850534144495546,0.878881755747985,0.80053271016859, 0.0129473, 0.0120293, 0.0156890, 0.0156890, 0.0176966,buy
2019-08-03,0,1,4,2,2,2,3,1,0,3,2,2,2,4,1,5,2,0.854678898785844,0.873362162123733,0.796885372373827, 0.0092011, 0.0057552, 0.0100244, 0.0088695, 0.0094878,buy
2019-08-04,0,3,2,1,4,2,2,2,1,1,1,3,2,4,2,4,2,0.85861261506019,0.86774214762047,0.793205889564682, 0.0130264, 0.0121654, 0.0121654, 0.0204011, 0.0115834,buy
2019-08-05,0,2,2,0,5,1,1,1,3,3,3,3,2,4,2,3,1,0.862282735958291,0.86202260091854,0.789497999533524, 0.0120457, 0.0135164, 0.0138064, 0.0175129, 0.0136787,buy
2019-08-06,0,1,2,2,5,2,1,1,1,1,4,2,3,3,2,2,0,0.865625384073018,0.856205299378635,0.78575945960493, 0.0008689, 0.0033586, 0.0012841, 0.0033465, 0.0002553,buy
2019-08-07,0,1,3,2,4,2,2,0,2,1,4,1,3,3,3,2,1,0.868586384894529,0.850292909041789,0.781992512454324, 0.0042847, 0.0075525, 0.0049721, 0.0025348, 0.0089656,buy
2019-08-08,0,4,3,1,5,0,1,1,2,1,3,2,4,2,4,2,1,0.871103478165247,0.844287207268694,0.778197158081705, 0.0084975, 0.0105461, 0.0105247, 0.0069209, 0.0090204,buy
2019-08-09,1,4,3,1,6,0,2,2,0,1,4,2,4,2,4,3,1,0.873121680800554,0.838181973296933,0.774374891604021, 0.0008098,-0.0013580,-0.0003278,-0.0038109,-0.0013580,buy
2019-08-10,1,2,4,2,6,0,3,0,0,1,4,2,3,3,3,3,1,0.874579541117644,0.832001201495827,0.770520480111954,-0.0065895,-0.0033740, 0.0010341,-0.0064146,-0.0063230,sell
2019-08-11,0,2,4,5,6,0,1,0,0,0,3,3,3,2,3,3,1,0.875422076031903,0.825726229578126,0.766645136982615,-0.0070526,-0.0028229,-0.0015076,-0.0066887,-0.0064470,sell
2019-08-12,2,3,2,4,6,0,1,0,1,0,3,1,4,3,3,4,1,0.875595919608262,0.819363278306246,0.762742134189736,-0.0084598,-0.0072552,-0.0024494,-0.0084329,-0.0063319,sell
2019-08-13,1,3,0,3,6,0,0,2,0,2,2,1,4,3,1,5,1,0.875049323061199,0.812916791081915,0.758812966850267,-0.0042515,-0.0132977, 0.0013897, 0.0017250, 0.0004903,sell
2019-08-14,0,3,0,3,4,0,2,1,1,2,3,0,5,2,2,4,0,0.873732963329517,0.806387656585477,0.754857634964207,-0.0190907,-0.0251135,-0.0174054,-0.0212870,-0.0202248,sell
2019-08-15,0,3,0,2,3,2,3,1,1,1,2,1,3,3,3,3,1,0.871603177375431,0.799779429538313,0.750877633648504,-0.0002183, 0.0005408,-0.0071500,-0.0080176,-0.0071458,sell
2019-08-16,1,3,0,2,2,2,0,2,1,1,1,2,1,3,2,4,1,0.868630047932312,0.793088555219042,0.746874458020106, 0.0161298, 0.0044176, 0.0134417, 0.0105832, 0.0153145,buy
2019-08-17,2,1,0,2,2,0,0,2,3,2,2,1,1,4,3,3,0,0.864790126331723,0.786321254390081,0.742845117845118,-0.0048963,-0.0027388,-0.0011963,-0.0009006,-0.0054485,sell
2019-08-18,3,2,0,3,3,0,1,1,1,1,2,3,1,2,3,3,1,0.860058346755675,0.77947930441212,0.738792603357435, 0.0157106, 0.0118380, 0.0138558, 0.0040630, 0.0132763,buy
2019-08-19,2,2,2,5,2,0,2,0,0,2,4,4,1,0,5,2,1,0.854432283479847,0.77256448264585,0.734717662115531, 0.0010726, 0.0138352, 0.0100556, 0.0046805, 0.0024950,buy
2019-08-20,2,3,3,6,1,0,1,0,0,2,5,3,1,1,6,0,2,0.847912745079014,0.765576789091271,0.73061730388551,-0.0098396, 0.0039155,-0.0025100,-0.0074389,-0.0182249,sell
2019-08-21,3,6,3,5,2,0,0,1,0,0,5,3,2,2,5,2,1,0.840516711623424,0.758517112428728,0.726496014018217,-0.0094707,-0.0071084,-0.0082140,-0.0177542,-0.0072655,sell
2019-08-22,3,6,4,4,4,0,0,0,1,0,5,3,2,3,5,3,1,0.832270866080612,0.751395228142018,0.722352297396702,-0.0140718,-0.0154865,-0.0138560,-0.0184814,-0.0134670,sell
2019-08-23,2,6,4,7,3,0,1,0,0,2,4,4,1,5,5,4,2,0.823201082843337,0.744197806025964,0.718186901579442,-0.0018573,-0.0101184,-0.0011257,-0.0057925,-0.0046535,sell
2019-08-24,2,4,2,5,4,1,1,1,0,3,4,3,2,5,3,5,1,0.813349407799836,0.736939953646433,0.713999826566434,-0.0087892,-0.0083605,-0.0075846,-0.0077267,-0.0114788,sell
2019-08-25,2,5,2,4,4,1,0,1,1,1,4,3,3,5,2,4,0,0.802772441184271,0.729619004962391,0.709791819916154, 0.0057685, 0.0042933, 0.0025593, 0.0011413, 0.0103045,buy
2019-08-26,2,5,4,5,2,1,0,0,3,0,4,3,2,4,3,5,1,0.791518697483068,0.722237626014873,0.705563629187075,-0.0076466,-0.0067227,-0.0009111,-0.0068574,-0.0006669,sell
2019-08-27,2,2,4,6,1,2,0,2,0,0,4,3,2,4,2,3,1,0.77964235120607,0.714793150762843,0.701315254379198,-0.0116708,-0.0060022,-0.0067328,-0.0094168,-0.0088428,sell
2019-08-28,2,2,4,6,2,0,2,0,0,1,4,3,2,3,2,4,1,0.767203236886534,0.707294466009754,0.697050433284892,-0.0061540,-0.0071868,-0.0014083,-0.0080462,-0.0015239,sell
2019-08-29,2,4,5,5,3,0,0,0,0,0,4,2,1,4,4,4,0,0.754259571908172,0.699740683075261,0.692764680553313,-0.0199070,-0.0198776,-0.0132018,-0.0218082,-0.0139317,sell
2019-08-30,5,2,6,6,0,1,0,0,0,2,4,4,1,4,4,4,1,0.740866339355598,0.692134468000398,0.688462481535306,-0.0022778,-0.0032098,-0.0014709,-0.0054008,-0.0040937,sell
2019-08-31,4,2,6,4,0,2,0,0,0,2,3,3,2,4,3,4,1,0.727082565187298,0.684479375506548,0.68413636064613, 0.0001154, 0.0002738,-0.0028856,-0.0019147,-0.0032753,buy
2019-09-01,3,3,4,3,2,1,2,0,1,2,3,4,2,4,3,4,1,0.712959189614019,0.676766518790257,0.67979827882137,-0.0034930,-0.0046482,-0.0047009,-0.0020114,-0.0090299,sell
2019-09-02,3,0,5,4,1,1,1,3,1,3,3,4,3,4,3,3,2,0.698543918547412,0.669012782778086,0.675440760476285, 0.0093831, 0.0121642, 0.0099396, 0.0162193, 0.0112921,buy
2019-09-03,2,0,8,2,0,2,1,2,3,1,3,3,3,1,5,4,2,0.683884457899129,0.661212835387962,0.671067543403245, 0.0250857, 0.0285699, 0.0263578, 0.0285970, 0.0169426,buy
2019-09-04,2,0,6,1,0,2,1,1,4,3,4,3,3,2,6,1,1,0.669022853557406,0.653369342660922,0.666677880043777, 0.0141720, 0.0075809, 0.0095878, 0.0106357, 0.0011532,buy
2019-09-05,4,1,4,1,1,3,1,2,0,5,5,3,4,2,5,2,1,0.654001151410478,0.645485859318347,0.662274013073303, 0.0010120, 0.0053038,-0.0073350,-0.0036661,-0.0011801,sell
2019-09-06,4,1,4,2,0,4,2,0,0,7,5,4,5,2,4,2,2,0.63885250302407,0.637564162720926,0.657852952257926,-0.0021030, 0.0009538,-0.0089004,-0.0044684,-0.0026822,sell
2019-09-07,3,2,6,3,0,4,1,0,0,4,3,3,4,3,3,4,3,0.623611677113453,0.62960247550797,0.65341918294849,-0.0036724,-0.0033962,-0.0060893,-0.0035660,-0.0019595,sell
2019-09-08,4,1,6,2,0,4,1,0,1,3,4,2,5,3,3,3,2,0.608306165220935,0.62160790712224,0.648970462469574,-0.0013271,-0.0014306,-0.0071179, 0.0008800,-0.0016152,buy
2019-09-09,3,1,6,3,0,3,1,2,1,2,4,2,5,4,2,3,2,0.592965076038372,0.6135777915227,0.644506790821178,-0.0028847,-0.0004081,-0.0067782, 0.0028611,-0.0030427,sell
2019-09-10,2,0,5,5,1,2,1,2,1,3,4,3,3,3,3,4,2,0.577610241084655,0.605518349471768,0.640032653354145,-0.0014633, 0.0044086,-0.0006722, 0.0039336,-0.0005162,buy
2019-09-11,2,0,3,3,2,2,3,0,1,2,3,2,3,3,2,2,3,0.562267534752544,0.597428692289098,0.635543564717632, 0.0168993, 0.0093748, 0.0054407, 0.0079420, 0.0024656,buy
2019-09-12,2,2,2,1,1,2,0,2,1,2,2,1,2,2,4,2,2,0.546953937112288,0.589311486015726,0.631042515145535, 0.0092661, 0.0094228, 0.0015297, 0.0103298, 0.0017145,buy
2019-09-13,3,2,3,1,0,3,0,2,3,3,3,2,3,4,4,3,1,0.531688853958459,0.581167619331997,0.626531747313275, 0.0061303, 0.0051376, 0.0019753, 0.0058033, 0.0047736,buy
2019-09-14,3,3,3,2,0,4,0,1,1,2,3,2,3,3,3,3,2,0.516487648211756,0.573005090361018,0.622006775870009, 0.0088923, 0.0054251, 0.0067743, 0.0114643, 0.0080633,buy
2019-09-15,2,3,3,2,1,3,1,0,0,2,2,1,2,2,4,4,2,0.501366491367656,0.564816789660027,0.617471338608106, 0.0105428, 0.0065935, 0.0024083, 0.0110343, 0.0052293,buy
2019-09-16,2,4,3,2,3,1,1,0,0,3,2,2,2,4,4,4,1,0.486335894898217,0.556602717229024,0.612924687969093,-0.0070898,-0.0074324,-0.0091690,-0.0070393,-0.0075817,sell
2019-09-17,3,6,2,4,3,1,0,1,0,2,2,2,2,6,3,5,2,0.471414456023235,0.548377091953533,0.608368319069918,-0.0045742,-0.0049435,-0.0060942,-0.0036309,-0.0069519,sell
2019-09-18,2,4,4,4,4,1,0,0,1,1,2,2,2,5,2,5,3,0.45660621761658,0.540133693071137,0.60380223191058, 0.0046868, 0.0041102, 0.0025370, 0.0026941, 0.0016547,buy
2019-09-19,1,2,3,3,3,1,0,0,1,1,2,1,2,4,1,3,2,0.441927351173727,0.531875186622873,0.599225678932606, 0.0048624, 0.0059966, 0.0025465, 0.0049160,-0.0025422,buy
2019-09-20,1,4,2,3,3,2,1,0,0,2,1,1,2,4,4,4,2,0.427388368166735,0.523603349969429,0.594641650369892,-0.0031030,-0.0038754,-0.0076160,-0.0051229, 0.0015505,sell
2019-09-21,1,5,1,1,3,2,0,1,0,3,1,1,3,4,3,3,2,0.412990077170376,0.515319960471498,0.590047155988541,-0.0028582,-0.0069014,-0.0110632,-0.0060940,-0.0042603,sell
2019-09-22,1,4,1,1,2,1,0,0,2,3,1,0,2,2,4,3,3,0.398750266829675,0.507029461530805,0.585445186022451,-0.0033870,-0.0049242,-0.0112100,-0.0055605,-0.0035785,sell
2019-09-23,1,2,2,1,2,2,0,0,2,3,2,1,2,3,4,1,2,0.384672171443726,0.498730964467005,0.580834992913146,-0.0099448,-0.0094770,-0.0190016,-0.0135106,-0.0114273,sell
2019-09-24,1,1,1,3,1,1,0,1,2,4,2,2,2,3,3,2,1,0.370769536783684,0.490428024001479,0.5762173242191,-0.0216366,-0.0245917,-0.0177410,-0.0157119,-0.0219425,sell
2019-09-25,1,2,2,1,6,0,1,1,3,4,3,2,3,3,4,4,2,0.357042362849547,0.482120640134226,0.571594422615737,-0.0214288,-0.0187265,-0.0185400,-0.0169471,-0.0171803,sell
2019-09-26,1,2,1,3,4,0,1,1,2,2,3,1,2,3,3,3,2,0.343506012562018,0.473814144947319,0.566963297869159,-0.0062729,-0.0114301,-0.0140018,-0.0104282,-0.0114717,sell
2019-09-27,1,3,3,2,3,1,2,0,2,3,4,2,3,4,3,3,1,0.330159677346322,0.465506761080067,0.56232619265479,-0.0062210,-0.0069191,-0.0117784,-0.0100871,-0.0097077,sell
2019-09-28,1,4,1,1,3,0,1,0,1,3,1,2,1,5,3,3,0,0.317018720123162,0.457205597975231,0.55768534964805, 0.0000356,-0.0017398, 0.0012574, 0.0004778,-0.0008590,buy
2019-09-29,1,3,0,0,4,0,2,0,2,5,2,2,2,5,3,2,1,0.304087183766406,0.448907989591776,0.553039273731991, 0.0112986, 0.0039289, 0.0046266, 0.0067566, 0.0046732,buy
2019-09-30,1,2,0,1,2,1,2,1,1,2,2,2,2,3,1,2,1,0.291373962598565,0.440620156692119,0.548387964906615,-0.0043630,-0.0043630,-0.0126804,-0.0048356,-0.0036728,sell
2019-10-01,0,2,1,1,2,1,3,1,3,1,2,2,3,3,2,2,1,0.278880673769188,0.432340321915568,0.543732918288869,-0.0006126, 0.0023469,-0.0083420, 0.0041598, 0.0018732,buy
2019-10-02,0,3,0,1,2,0,2,3,3,1,1,2,2,4,2,2,2,0.266622680198974,0.424074706024542,0.539074881437226,-0.0109976,-0.0095516,-0.0058580,-0.0165171,-0.0172623,sell
2019-10-03,1,3,0,2,2,1,3,3,0,3,2,1,3,4,3,4,1,0.254600790462699,0.415821531658349,0.534413106793213,-0.0162165,-0.0106037,-0.0127992,-0.0105756,-0.0103170,sell
2019-10-04,1,2,1,2,0,1,2,1,1,4,2,2,2,3,2,3,1,0.242827133181968,0.407588796940096,0.529749837032253,-0.0179969,-0.0141266,-0.0185401,-0.0189017,-0.0148541,sell
2019-10-05,1,3,1,1,0,1,2,1,1,2,2,3,2,1,3,2,0,0.231313028403615,0.399372947148403,0.52508432459587,-0.0031370, 0.0003183,-0.0007784,-0.0019888,-0.0009026,sell
2019-10-06,2,3,0,2,2,1,3,2,1,2,2,3,5,1,3,3,1,0.220062519001507,0.391182869086721,0.520416569484065, 0.0009734, 0.0002126,-0.0017491,-0.0005667, 0.0003489,buy
2019-10-07,0,2,1,2,2,1,2,3,0,3,2,3,4,0,2,3,2,0.209086925022478,0.383003455189182,0.51574881437226, 0.0008842, 0.0009051, 0.0005048,-0.0031304, 0.0017967,buy
2019-10-08,0,2,0,2,2,1,5,1,2,1,3,3,3,1,3,2,1,0.19839514078904,0.374859588505453,0.511080311701981, 0.0006224,-0.0037577,-0.0124498,-0.0003115,-0.0061187,sell
2019-10-09,0,2,1,2,3,2,2,4,3,1,4,3,2,3,3,4,1,0.187996869198476,0.36674060487139,0.506412556590177, 0.0073068, 0.0096039, 0.0097355, 0.0064958, 0.0042204,buy
2019-10-10,1,2,1,2,3,2,1,2,3,2,2,2,3,3,3,4,2,0.177904238872394,0.358650059008375,0.501744053919898, 0.0101341, 0.0139278, 0.0186593, 0.0009040,-0.0004734,buy
2019-10-11,1,2,0,2,2,1,1,2,4,3,3,1,3,3,4,3,1,0.168128569857626,0.350595060359169,0.497076298808093, 0.0017614,-0.0030137, 0.0002265,-0.0029458, 0.0015587,buy
2019-10-12,0,3,1,1,3,2,2,1,2,2,3,2,3,2,3,3,1,0.15867794790191,0.342572054202392,0.49241078637171, 0.0022818, 0.0074595, 0.0101448,-0.0057666,-0.0008860,buy
2019-10-13,0,1,2,1,2,2,2,1,2,3,3,2,4,3,2,2,0,0.149573395949364,0.334587261300459,0.487746021493801, 0.0009558, 0.0040550, 0.0032036,-0.0001939, 0.0024450,buy
2019-10-14,1,3,2,1,3,2,1,2,2,2,4,2,3,4,2,3,1,0.140823808322498,0.326635349571301,0.483083499291315, 0.0013107, 0.0002175, 0.0026081,-0.0038949, 0.0011092,buy
2019-10-15,1,2,2,1,2,2,1,2,3,1,3,2,3,3,2,3,1,0.132442930792468,0.318729649220094,0.478424714881198, 0.0052571, 0.0110882, 0.0152829, 0.0047094, 0.0102920,buy
2019-10-16,0,1,3,2,2,1,2,1,4,1,4,2,2,4,3,2,0,0.124450169153843,0.310863050804078,0.47376742558803, 0.0058453, 0.0102513, 0.0148807, 0.0085521, 0.0040530,buy
2019-10-17,0,1,2,2,3,0,3,0,4,1,2,2,1,4,4,2,1,0.116861694902098,0.303041775085669,0.469113874087231,-0.0020304,-0.0011361, 0.0009305,-0.0017213,-0.0004793,buy
2019-10-18,0,2,3,0,4,1,2,1,3,2,3,3,3,4,2,2,1,0.10969610525703,0.295266710745212,0.464464060378803, 0.0067178, 0.0017914, 0.0003017, 0.0018046, 0.0021203,buy
2019-10-19,0,3,2,1,1,1,2,0,3,1,2,3,3,3,1,1,1,0.10298170033572,0.287542301184433,0.459817984462745, 0.0016655, 0.0039477, 0.0032334, 0.0040756, 0.0036474,buy
2019-10-20,0,1,3,0,1,2,2,0,3,2,2,2,2,3,3,1,1,0.0967306087597757,0.279866769042642,0.455177141456005, 0.0029433, 0.0045453,-0.0004736, 0.0040248, 0.0045453,buy
2019-10-21,0,2,1,3,1,1,1,1,2,2,3,1,3,3,2,1,1,0.0909784078192415,0.272243669041221,0.450541531358583,-0.0009652, 0.0010374,-0.0057547, 0.0038240,-0.0102990,buy
2019-10-22,0,3,2,3,3,0,2,1,4,3,4,2,4,4,3,2,2,0.085747737607783,0.264678333262239,0.445911154170479,-0.0153635,-0.0189990,-0.0215964,-0.0182898,-0.0243752,sell
2019-10-23,0,1,3,3,4,1,2,2,3,2,3,2,4,4,4,3,1,0.0810717496911244,0.257169873025352,0.441287505008642, 0.0099092,-0.0094409,-0.0079643,-0.0105500,-0.0132073,sell
2019-10-24,1,1,4,4,1,2,3,1,3,1,3,2,4,4,3,3,2,0.07699006423318,0.249722731732287,0.436670583873071,-0.0007273, 0.0036601,-0.0001990,-0.0089954,-0.0076653,sell
2019-10-25,1,1,2,2,2,2,3,1,2,2,3,2,3,2,3,3,2,0.0735398756735428,0.242337798063388,0.43206113832224, 0.0279907, 0.0339697, 0.0343338, 0.0123016, 0.0082459,buy
2019-10-26,2,2,0,1,3,1,2,3,1,2,2,2,3,2,4,2,2,0.070764038475222,0.235017738059691,0.427459915914623, 0.0058001, 0.0044247, 0.0040557, 0.0056903, 0.0058126,buy
2019-10-27,2,0,0,2,2,2,3,3,2,3,4,2,4,2,3,2,2,0.0687118756994172,0.227763440401541,0.42286691665022, 0.0271214, 0.0259969, 0.0262940, 0.0101396, 0.0168601,buy
2019-10-28,1,0,1,2,1,2,2,4,2,1,3,2,4,1,3,2,1,0.0674440304541603,0.220582014531701,0.418280645412084, 0.0091613, 0.0065609, 0.0121105, 0.0057295, 0.0085633,buy
2019-10-29,2,1,1,0,2,1,3,6,2,1,3,3,3,1,5,2,2,0.067012251524972,0.213472571769825,0.413705587551058,-0.0063072,-0.0015021,-0.0042506,-0.0049847,-0.0044950,sell
2019-10-30,2,1,0,0,2,1,2,6,1,3,2,2,3,2,5,2,2,0.0674917363658122,0.206437778156948,0.409139500391721,-0.0024878,-0.0026574,-0.0007272,-0.0005303,-0.0027360,sell
2019-10-31,2,0,0,1,1,1,3,3,1,3,2,1,2,2,4,2,2,0.0689471709585816,0.199481188414452,0.404584626609493,-0.0069414,-0.0058981,-0.0039222,-0.0049752,-0.0049203,sell
2019-11-01,2,1,1,0,1,1,2,4,0,2,2,1,2,1,4,2,2,0.0714553699067875,0.192603691222682,0.400041713762851,-0.0006823, 0.0015024,-0.0001301,-0.0004039,-0.0004814,buy
2019-11-02,3,2,0,0,2,1,2,5,1,3,3,2,3,2,4,3,2,0.0750947649634848,0.185811507344054,0.395509266734844, 0.0002093,-0.0019987, 0.0003673, 0.0007149,-0.0003756,buy
2019-11-03,2,3,0,0,2,0,2,7,2,3,5,2,3,3,3,3,2,0.0799292335358005,0.179104636778569,0.390988033083948, 0.0114773, 0.0059849, 0.0058822, 0.0081389, 0.0112625,buy
2019-11-04,0,2,2,0,2,0,4,6,3,2,4,3,4,3,4,2,1,0.0860226530308617,0.172481302165536,0.386481003044058,-0.0006169, 0.0036871,-0.0028518,-0.0014144, 0.0009514,buy
2019-11-05,0,1,2,0,1,0,4,5,3,1,4,2,3,3,4,1,0,0.0934146436125827,0.165951278988753,0.381986681498227,-0.0008935, 0.0007344, 0.0016760, 0.0008987, 0.0022599,buy
2019-11-06,1,1,1,1,1,0,2,5,4,2,3,3,3,4,2,2,1,0.102111673879154,0.159511901207183,0.377506563563402,-0.0051712,-0.0156129,-0.0122539,-0.0112267,-0.0105596,sell
2019-11-07,1,2,1,0,2,0,2,3,5,2,3,3,3,4,2,2,1,0.112078166540529,0.153168500902899,0.37303990168111,-0.0074142,-0.0183595,-0.0153299,-0.0153810,-0.0102244,sell
2019-11-08,0,2,2,0,2,0,3,2,4,2,4,3,1,4,1,2,2,0.123216284049084,0.146922855436591,0.368588190968298,-0.0196383,-0.0212252,-0.0136519,-0.0197197,-0.0203916,sell
2019-11-09,0,1,2,0,0,0,4,2,4,3,3,2,2,5,2,1,1,0.135359460001423,0.140778519529639,0.36415217898344,-0.0083173,-0.0100158,-0.0102088,-0.0108130,-0.0066587,sell
2019-11-10,1,1,3,1,0,1,2,2,5,3,2,3,4,4,4,1,1,0.148270781988835,0.134731938460663,0.359731118168063, 0.0004677, 0.0010317, 0.0073716, 0.0019738,-0.0049420,buy
2019-11-11,1,2,2,2,1,0,1,2,6,2,2,1,5,4,4,1,2,0.161643800172065,0.128792887713461,0.355327251197589,-0.0042418,-0.0048680,-0.0075970,-0.0063655,-0.0120631,sell
2019-11-12,0,0,4,1,3,0,2,1,6,1,3,2,4,3,4,0,2,0.175118698776788,0.122957812566651,0.350939082955069,-0.0017902,-0.0022137, 0.0077227, 0.0032193,-0.0018134,buy
2019-11-13,0,0,1,4,2,0,3,1,5,1,2,3,2,3,4,2,1,0.188298467589089,0.117236488504031,0.346568108557451,-0.0093533,-0.0077538,-0.0030310,-0.0073367,-0.0080750,sell
2019-11-14,0,0,1,4,2,1,3,3,3,2,3,2,4,3,3,2,2,0.200803076465299,0.111620028722149,0.342214328004737, 0.0011513, 0.0051985,-0.0009859,-0.0034547,-0.0030468,sell
2019-11-15,0,1,2,2,1,2,4,2,4,1,4,1,4,3,2,3,2,0.212268666757227,0.106115542663766,0.337878488855398,-0.0092710,-0.0004871,-0.0103322,-0.0117357,-0.0154173,sell
2019-11-16,0,1,2,2,1,2,4,1,4,1,3,1,4,3,3,2,2,0.222402534396771,0.100730139771645,0.333566571577229,-0.0058856, 0.0081681,-0.0016609,-0.0110883,-0.0096007,sell
2019-11-17,0,1,2,3,2,3,4,1,3,3,4,3,5,3,3,3,1,0.230974235573409,0.0954593766440587,0.329264372559222, 0.0151199, 0.0191804, 0.0156100, 0.0032545, 0.0045054,buy
2019-11-18,0,1,1,5,2,1,4,1,1,2,4,2,4,1,2,4,1,0.237850355449471,0.0903103627237697,0.324986095412383,-0.0024015,-0.0010150,-0.0066431, 0.0014003,-0.0142452,sell
2019-11-19,1,1,2,4,3,1,3,1,2,0,6,2,2,2,2,3,1,0.242965399468281,0.0852839866911232,0.320728002344343,-0.0034203,-0.0012426,-0.0036342,-0.0118543, 0.0090740,sell
2019-11-20,1,2,2,4,0,2,3,4,2,0,6,3,2,2,2,3,2,0.246330687676674,0.080380248546119,0.316490093355102,-0.0199646,-0.0169175,-0.0172402,-0.0178261,-0.0167488,sell
2019-11-21,1,3,2,2,0,2,3,4,1,2,6,2,3,2,2,2,3,0.248014140355644,0.0756027030101381,0.31227610623703,-0.0128318,-0.0213434,-0.0140279,-0.0207817,-0.0234315,sell
2019-11-22,1,3,1,1,2,1,4,3,0,2,4,2,3,2,2,3,2,0.24811440362759,0.0709540161242162,0.308080808080808,-0.0067549,-0.0139387,-0.0011803,-0.0168844,-0.0212640,sell
2019-11-23,1,2,1,1,2,1,2,3,2,2,4,1,4,2,2,2,2,0.246768126629278,0.0664359652490438,0.303909431795755, 0.0006793,-0.0048915,-0.0019608,-0.0072341,-0.0071598,sell
2019-11-24,2,1,1,2,1,2,2,6,2,0,5,2,4,1,1,3,3,0.244128129992949,0.0620512164256566,0.299761229823397,-0.0111695,-0.0087243,-0.0089187,-0.0108686,-0.0034599,sell
2019-11-25,1,1,3,1,1,1,2,6,3,0,4,1,4,2,3,3,2,0.24033995717788,0.0578006583343998,0.295636949722207,-0.0055328,-0.0036405, 0.0000597,-0.0034001, 0.0005385,sell
2019-11-26,1,2,2,1,2,1,4,6,3,0,3,3,4,3,3,4,2,0.235556428816311,0.0536851796556186,0.291538834167609, 0.0086621, 0.0010582, 0.0048999, 0.0075900, 0.0131553,buy
2019-11-27,1,1,2,1,1,1,3,6,2,1,2,3,3,3,3,4,1,0.229924705517067,0.049711889832075,0.287460902691809, 0.0111578, 0.0063497, 0.0062421, 0.0087623, 0.0080273,buy
2019-11-28,3,1,3,0,1,1,2,5,3,0,3,4,2,2,2,4,2,0.223586287865557,0.045877234142388,0.283410630879547, 0.0072815, 0.0178546, 0.0176090, 0.0212286, 0.0232444,buy
2019-11-29,4,2,3,0,1,1,1,4,5,0,2,3,3,3,3,5,2,0.216655993479653,0.0421865446686289,0.279385776055403, 0.0096920, 0.0162985, 0.0111413, 0.0166630, 0.0173008,buy
2019-11-30,2,1,2,0,0,1,2,4,4,1,2,2,3,3,2,4,1,0.209255917150194,0.0386415987714883,0.275389328453272, 0.0018865,-0.0129057,-0.0091648,-0.0089274,-0.0098989,sell
2019-12-01,0,0,2,0,0,1,4,4,3,2,2,3,3,2,1,3,2,0.201481470700485,0.0352423964509662,0.271419792956205,-0.0195649,-0.0132476,-0.0152995,-0.0152995,-0.0163385,sell
2019-12-02,0,1,0,0,0,0,4,4,3,0,1,3,1,3,2,0,2,0.193424831654732,0.031990715067753,0.267477917122677,-0.0086428,-0.0106132,-0.0011435,-0.0059841,-0.0083949,sell
2019-12-03,0,0,1,0,0,0,1,4,6,0,1,3,0,2,2,1,3,0.185169283214635,0.0288909980235749,0.263563700952689,-0.0087555,-0.0034094, 0.0014050,-0.0060695,-0.0056990,sell
2019-12-04,1,0,1,0,0,0,1,3,5,1,0,3,2,3,1,1,2,0.17678112851164,0.0259405792773963,0.259677144446239, 0.0045553, 0.0012641, 0.0061436, 0.0033380, 0.0064453,buy
2019-12-05,1,0,0,1,0,0,2,2,5,2,1,3,3,2,1,2,1,0.168325862102424,0.0231474569523241,0.255826470746542, 0.0069447, 0.0057766, 0.0077904, 0.0076561, 0.0070589,buy
2019-12-06,0,1,0,1,1,0,3,1,3,3,2,3,3,1,0,2,2,0.159856849922053,0.0205080763269775,0.252001961593436,-0.0000727,-0.0006233,-0.0000750, 0.0005929, 0.0013751,buy
2019-12-07,1,2,1,1,1,0,4,2,2,4,3,3,4,1,3,1,3,0.15142584075605,0.0180224374013565,0.248208102337765, 0.0141624, 0.0067544, 0.0057587, 0.0129888, 0.0066885,buy
2019-12-08,2,4,2,1,1,1,3,3,2,1,3,3,5,1,3,3,2,0.143070029044006,0.015694094896842,0.244446388096477, 0.0042983, 0.0008953, 0.0008284, 0.0036367, 0.0008523,buy
2019-12-09,2,3,4,2,1,1,3,3,3,1,3,3,5,3,4,3,2,0.134830652099384,0.0135292695758507,0.240716071311098, 0.0063464, 0.0027301, 0.0053089, 0.0122389, 0.0013097,buy
2019-12-10,2,2,4,4,2,0,5,3,2,1,3,2,4,4,5,4,3,0.126737627188812,0.0115190746349301,0.237018647098576, 0.0000210, 0.0024789,-0.0012235, 0.0022224, 0.0035607,buy
2019-12-11,2,2,1,4,5,0,4,5,1,2,3,1,5,4,5,5,3,0.118823297303241,0.0096706195168423,0.233352620341963,-0.0053811,-0.0076091,-0.0063542,-0.0124364,-0.0036460,sell
2019-12-12,2,3,1,2,5,1,3,5,3,2,3,2,6,4,5,5,2,0.111111111111111,0.00798390422158714,0.229721728833629,-0.0039101,-0.0059579,-0.0039669,-0.0059052,-0.0040197,sell
2019-12-13,2,3,3,2,1,1,3,4,2,0,3,2,4,3,4,4,1,0.103626943005181,0.00646070610985514,0.226121487222731, 0.0099088, 0.0046979, 0.0076439, 0.0070451, 0.0068488,buy
2019-12-14,2,2,3,2,1,3,2,4,1,0,1,1,4,4,5,3,2,0.0963853473313798,0.00510013650130106,0.222559371094007,-0.0017971, 0.0062519, 0.0057122, 0.0057306, 0.0102843,buy
2019-12-15,2,2,1,1,1,1,2,4,1,1,2,1,2,3,4,2,2,0.0894138156320144,0.00390397275661537,0.219030895096614, 0.0002603,-0.0067194,-0.0095370, 0.0033770,-0.0005402,buy
2019-12-16,1,1,1,1,4,0,1,3,2,1,2,1,2,5,2,1,2,0.0827204336548227,0.00286866015441713,0.215537554347501,-0.0091131,-0.0186600,-0.0185589,-0.0081210,-0.0102748,sell
2019-12-17,1,0,3,3,2,0,1,3,2,1,2,0,3,5,2,1,3,0.0763302672177912,0.00200130813746821,0.212085329314459,-0.0001543,-0.0134653,-0.0206649,-0.0003340,-0.0126947,sell
2019-12-18,0,1,3,4,0,1,1,3,3,1,2,1,4,4,2,2,2,0.0702465506200151,0.00130191670576863,0.208660016386482,-0.0089138,-0.0138990,-0.0253856,-0.0082364,-0.0141663,sell
2019-12-19,0,3,3,1,1,0,0,4,2,3,3,1,3,3,2,3,2,0.0644927325299334,0.000768708498627905,0.205278809408472, 0.0111290,-0.0011487, 0.0097333, 0.0093990, 0.0084985,buy
2019-12-20,0,3,0,1,1,0,4,4,2,4,2,3,3,3,4,2,2,0.059072855821415,0.000399906155355577,0.201934232795689, 0.0062467,-0.0061401, 0.0077075, 0.0044419, 0.0068185,buy
2019-12-21,1,0,1,2,0,1,5,3,3,5,4,2,3,3,3,4,2,0.0539982405412923,0.000196398356296868,0.198628529223556, 0.0085601,-0.0037389, 0.0107933, 0.0089818, 0.0138633,buy
2019-12-22,2,0,2,1,0,1,4,4,5,2,5,2,3,3,3,4,1,0.0492834410354932,0.000162628503177956,0.195360951133598, 0.0011749,-0.0059661, 0.0036017, 0.0023302, 0.0007989,buy
2019-12-23,2,1,1,1,1,0,5,6,5,1,5,2,2,4,4,4,2,0.0449325001778865,0.000296819235308374,0.192133741201237, 0.0082113, 0.0035959, 0.0038284, 0.0065776, 0.0042892,buy
2019-12-24,1,1,1,1,1,0,6,6,3,2,4,1,3,3,4,4,3,0.0409632066134948,0.000597193191997637,0.188948394543421, 0.0128298, 0.0017813, 0.0017950, 0.0041478, 0.0003991,buy
2019-12-25,2,0,2,1,0,0,7,3,2,2,4,2,1,3,3,4,2,0.0373787946414133,0.00106641641428148,0.185801920926255, 0.0145286, 0.0154307, 0.0144125, 0.0114544, 0.0150611,buy
2019-12-26,2,0,2,0,0,0,4,2,3,0,3,2,1,2,1,2,2,0.0341824985607369,0.0017000455004337,0.182697310583634, 0.0051236, 0.0022156, 0.0065837, 0.0064706, 0.0030591,buy
2019-12-27,3,1,1,0,0,0,2,1,3,0,2,2,1,2,1,2,1,0.0313912984417147,0.0025025238521805,0.179634563515558,-0.0005649,-0.0012727, 0.0006565,-0.0034815,-0.0020828,sell
2019-12-28,3,0,2,0,0,0,3,2,2,1,3,2,1,2,0,3,2,0.0290084285834417,0.00347029674814091,0.176614427280502,-0.0002323,-0.0025628,-0.0030348,-0.0076632,-0.0060810,sell
2019-12-29,2,0,1,0,0,0,5,2,0,0,3,1,1,1,1,1,2,0.027040357584108,0.00460514154900542,0.173639892112361, 0.0061186, 0.0064143, 0.0085586, 0.0062845, 0.0086832,buy
2019-12-30,2,0,1,0,0,0,3,4,2,1,4,2,1,2,2,2,0,0.0254943626166774,0.00590705825477402,0.170708715335714,-0.0151817,-0.0197543,-0.0139771,-0.0156859,-0.0139771,sell
2019-12-31,3,1,1,0,0,0,2,4,2,0,3,2,2,1,1,3,1,0.0243785294288875,0.00737249214406577,0.167821644509034,-0.0113516,-0.0117403,-0.0119852,-0.0147068,-0.0124314,sell
2020-01-01,3,0,2,0,1,0,2,3,2,0,2,2,2,1,1,3,2,0.0236993266189284,0.00900233189722592,0.164978679632321,-0.0030225,-0.0093717,-0.0085669,-0.0114616,-0.0096871,sell
2020-01-02,2,1,2,0,1,0,2,2,0,1,3,2,2,0,0,3,1,0.0234599884858952,0.010794800153564,0.162183558497946,-0.0128286,-0.0146370,-0.0156574,-0.0152477,-0.0152643,sell
2020-01-03,2,2,0,1,1,0,3,1,2,3,4,2,4,1,2,1,1,0.023666983627978,0.0127552289951514,0.159433290872012,-0.0032462,-0.0039835, 0.0072918, 0.0014315, 0.0028856,buy
2020-01-04,2,4,0,0,2,0,3,3,2,2,3,2,4,3,3,2,1,0.0243316320920094,0.0148685108561191,0.156729371871468, 0.0020280,-0.0125811, 0.0042956,-0.0019681,-0.0086451,buy
2020-01-05,2,3,1,0,2,0,3,3,2,0,3,2,5,2,2,2,0,0.0254506995788943,0.01714530990061,0.154075539288683, 0.0086430,-0.0042810, 0.0041153, 0.0064592, 0.0062595,buy
2020-01-06,1,2,2,1,1,1,2,3,3,1,3,3,4,2,2,2,1,0.0270330804111441,0.0195820714072431,0.151461327305022,-0.0003845, 0.0002575,-0.0058276, 0.0010739, 0.0014087,buy
2020-01-07,0,3,0,2,2,1,3,3,2,0,2,3,3,2,2,3,1,0.0290868603364965,0.0221796840563637,0.148907667557756, 0.0135523, 0.0098525, 0.0082738, 0.0105089,-0.0127553,buy
2020-01-08,2,3,1,0,4,0,2,6,2,1,2,2,4,4,4,4,1,0.0316136565044989,0.0249301497248646,0.146395123526562, 0.0061665, 0.0020062, 0.0076621, 0.0066519, 0.0009201,buy
2020-01-09,4,4,1,1,4,1,2,5,3,0,2,3,4,5,5,4,2,0.0346175117890202,0.0278388004948172,0.143931918354654, 0.0002433, 0.0010492, 0.0010954, 0.0020806, 0.0017526,buy
2020-01-10,4,3,1,2,1,3,3,5,2,0,3,3,4,5,5,3,1,0.0381057033630242,0.0309011929644955,0.141518799600505,-0.0026220, 0.0006634, 0.0012678, 0.0012678,-0.0002216,buy
2020-01-11,4,3,1,2,3,2,2,5,2,1,3,4,4,5,4,4,1,0.0420782312265109,0.0341137724125183,0.139156514822589, 0.0007783, 0.0046349, 0.0042018, 0.0059119, 0.0044960,buy
2020-01-12,4,5,1,1,5,0,1,5,1,0,4,4,2,4,4,5,0,0.0465383296785754,0.0374800935602668,0.13684356890396, 0.0152634, 0.0110535, 0.0108340, 0.0110535, 0.0172895,buy
2020-01-13,4,3,1,3,3,1,1,4,1,1,2,4,1,5,5,4,1,0.0514965101912765,0.0409921582846337,0.134582952078512, 0.0011862, 0.0005428, 0.0027718, 0.0105042, 0.0020356,buy
2020-01-14,4,2,4,3,0,1,1,4,1,1,2,3,2,5,5,4,0,0.0569463041664241,0.0446552986676905,0.132371674112349, 0.0159928, 0.0068871, 0.0161017, 0.0168767, 0.0153770,buy
2020-01-15,4,1,2,1,2,1,1,4,1,0,2,1,2,4,4,3,1,0.0628941802022084,0.0484650713077109,0.13021496791479, 0.0228376, 0.0268737, 0.0225215, 0.0229266, 0.0181211,buy
2020-01-16,2,2,0,1,3,0,2,4,2,2,2,2,2,3,3,3,3,0.0693449897472719,0.0524188101636594,0.128109843251939,-0.0037167,-0.0237046,-0.0155713,-0.0046619,-0.0041991,sell
2020-01-17,2,0,1,2,1,1,2,7,1,3,1,2,3,4,4,3,3,0.0762963070772933,0.0565147378748454,0.126058542799218,-0.0027171,-0.0015690,-0.0017436,-0.0004620,-0.0007008,buy
2020-01-18,2,0,2,1,0,1,3,7,2,1,2,2,4,3,3,3,2,0.0837481321922726,0.0607484110395428,0.124058823881204, 0.0052195,-0.0060449,-0.0112226, 0.0011004, 0.0044296,buy
2020-01-19,1,2,1,0,1,0,2,8,4,3,3,2,4,3,4,4,2,0.0916996565174361,0.0651242730594776,0.122114424290268, 0.0017231, 0.0000274, 0.0012842, 0.0012378, 0.0001736,buy
2020-01-20,1,1,0,0,1,0,3,9,1,5,3,3,4,3,3,3,2,0.100149262903236,0.0696343258115429,0.120223848909462,-0.0086741,-0.0089734,-0.0078990,-0.0071979,-0.0076878,sell
2020-01-21,1,0,0,1,0,0,6,6,2,3,4,4,2,3,3,2,1,0.109096951349673,0.07428390137781,0.118388592855733, 0.0002637, 0.0057765, 0.0087364, 0.0114495, 0.0053429,buy
2020-01-22,1,0,1,0,0,0,5,5,3,3,4,4,2,1,3,2,2,0.118536253258556,0.0790641129548266,0.116607908570608, 0.0054559, 0.0039811, 0.0112962, 0.0105042, 0.0143975,buy
2020-01-23,4,1,0,1,0,0,4,3,4,3,4,3,4,2,2,3,2,0.128459891456922,0.0839749605425927,0.114884038729509,-0.0013302,-0.0069235,-0.0083601,-0.0027669, 0.0031111,sell
2020-01-24,3,1,0,1,0,0,4,5,2,4,3,3,5,1,2,4,2,0.138860588771807,0.0890120007393821,0.11321399309854,-0.0071591,-0.0125913,-0.0140543,-0.0049822,-0.0056425,sell
2020-01-25,1,0,0,1,0,0,7,3,3,4,4,3,6,0,0,4,2,0.14972298228251,0.0941805656272662,0.111601509470071, 0.0018595, 0.0025103, 0.0014825, 0.0051845, 0.0024639,buy
2020-01-26,1,0,0,1,0,0,8,3,4,3,4,3,5,1,1,4,2,0.16103656051697,0.0994699910421022,0.110047335402575, 0.0062391, 0.0034000, 0.0020480, 0.0097153, 0.0075338,buy
2020-01-27,1,0,0,1,0,0,3,4,4,3,4,2,3,1,1,4,1,0.172787577704036,0.10488205434458,0.108549228220631, 0.0101243, 0.0069158, 0.0110643, 0.0048928, 0.0126917,buy
2020-01-28,3,0,0,1,0,0,5,4,4,3,2,3,4,3,3,3,2,0.184945308002303,0.110414089493666,0.107109430599662, 0.0092814,-0.0148635,-0.0134954, 0.0120281, 0.0156156,buy
2020-01-29,1,1,0,1,0,0,6,1,4,2,1,3,3,3,2,3,1,0.19748791989288,0.116059875726941,0.105725699864243,-0.0076494,-0.0096894,-0.0043610,-0.0116285,-0.0102319,sell
2020-01-30,1,0,1,1,0,0,7,1,1,3,2,2,3,2,1,3,2,0.210385496109138,0.121822079085441,0.104408501833013, 0.0104028, 0.0131300, 0.0156513, 0.0125423, 0.0206481,buy
2020-01-31,2,1,1,1,0,0,6,3,2,4,3,2,4,3,3,3,2,0.223593565038521,0.127696256167442,0.103139147544121, 0.0132610, 0.0011163, 0.0104032, 0.0131289, 0.0185487,buy
2020-02-01,2,3,1,2,0,0,4,3,2,2,4,2,3,4,3,2,1,0.237070080792791,0.133682406972941,0.10193333572552, 0.0022877,-0.0041696,-0.0007098, 0.0025354,-0.0073624,buy
2020-02-02,0,1,3,1,1,0,4,2,5,2,3,2,3,3,4,2,2,0.250760060287335,0.139772533378834,0.100788076143316, 0.0066742,-0.0066434, 0.0111695, 0.0063287, 0.0023973,buy
2020-02-03,0,0,2,3,1,0,6,1,4,2,3,2,2,4,4,3,1,0.264600434689798,0.145971078786845,0.0996988834466632,-0.0172409,-0.0146901,-0.0036887,-0.0169326,-0.0157325,sell
2020-02-04,0,0,0,3,1,1,5,2,3,1,3,1,2,3,3,4,0,0.27852004942009,0.152270045073867,0.0986732332203025, 0.0050319, 0.0092195, 0.0051906, 0.0045579, 0.0132328,buy
2020-02-05,0,1,0,0,2,1,4,2,4,2,2,1,3,3,3,3,1,0.292435621276513,0.158671209600592,0.0977058925549156, 0.0117129, 0.0122597, 0.0026322, 0.0060379, 0.0121398,buy
2020-02-06,0,2,1,0,0,1,5,1,3,0,2,0,3,2,2,3,1,0.306255781309632,0.165166574243911,0.0967983565674507, 0.0112966, 0.0084834, 0.0071522,-0.0011371, 0.0081863,buy
2020-02-07,0,0,2,1,1,3,5,1,2,1,2,1,3,3,3,3,1,0.319875414798859,0.171758805044861,0.0959528679333298, 0.0043669, 0.0078593, 0.0021245, 0.0027931, 0.0071659,buy
2020-02-08,0,1,1,3,2,1,5,2,1,1,2,1,3,2,3,4,2,0.333178086976771,0.178445235962405,0.0951679315356047,-0.0147469,-0.0077013, 0.0074751,-0.0106925,-0.0165963,sell
2020-02-09,0,1,2,2,5,0,5,2,0,0,2,1,2,4,3,3,2,0.346046554501174,0.185219646234128,0.0944420522573276, 0.0011753, 0.0010218, 0.0084459, 0.0008616, 0.0010584,buy
2020-02-10,0,1,2,4,1,1,5,2,0,0,2,1,2,4,3,3,1,0.358346593959623,0.19208381322072,0.0937804630078165,-0.0005783,-0.0014015,-0.0009676,-0.0009789,-0.0004445,buy
2020-02-11,0,2,3,1,1,1,5,2,0,1,2,2,1,4,4,3,0,0.369940747640579,0.199031516159763,0.0931771833192792, 0.0016130, 0.0007991, 0.0048398, 0.0011118, 0.0011210,buy
2020-02-12,0,3,1,0,2,1,5,2,1,2,2,2,1,4,5,2,1,0.380692366407276,0.206063643731604,0.092635950984086, 0.0113951, 0.0113303, 0.0059132, 0.0104643, 0.0106188,buy
2020-02-13,0,1,0,1,1,1,5,2,2,3,1,2,2,4,5,2,0,0.390459141099532,0.213177529895207,0.0921582611191848,-0.0042565,-0.0045271, 0.0051315,-0.0046088,-0.0079680,sell
2020-02-14,0,1,0,1,1,1,3,3,3,1,1,4,1,2,4,1,1,0.399106848304904,0.220366065207809,0.0917388808152574,-0.0025413,-0.0026626,-0.0022518,-0.0016936,-0.0019941,sell
2020-02-15,1,1,2,1,0,0,5,3,4,0,1,4,2,3,4,1,2,0.406509350358684,0.227634581751482,0.0913837905400961,-0.0058025,-0.0052822,-0.0054841,-0.0045593,-0.0006241,sell
2020-02-16,1,2,2,1,1,0,5,5,3,0,1,3,2,4,5,2,3,0.412548595343903,0.23497685876381,0.0910900000598047,-0.0045310,-0.0082845,-0.0082144,-0.0066960,-0.0036580,sell
2020-02-17,1,1,2,1,0,0,7,5,1,1,2,2,2,4,5,2,2,0.4171340228859,0.242391118884102,0.0908590044913313,-0.0179782,-0.0128318,-0.0045866,-0.0137270,-0.0089190,sell
2020-02-18,2,2,2,0,0,0,4,3,2,0,1,3,1,2,3,3,2,0.420186392656847,0.249872030030286,0.090690803834676, 0.0146416, 0.0164037, 0.0016917, 0.0074597, 0.0150068,buy
2020-02-19,2,2,2,0,0,0,3,3,3,2,3,2,2,2,2,4,2,0.421664467343282,0.257420480882708,0.0905831554144165, 0.0036885,-0.0043426, 0.0040325, 0.0027412, 0.0095288,buy
2020-02-20,3,2,1,0,0,0,4,4,3,2,3,3,3,2,3,4,1,0.421557735473146,0.265032028039642,0.090536806789027,-0.0074619,-0.0079932,-0.0091977,-0.0087108, 0.0004963,sell
2020-02-21,1,1,1,0,0,0,4,4,3,2,2,3,3,1,2,3,2,0.419891262864425,0.272704005460052,0.0905569908678257,-0.0017668,-0.0097388,-0.0012056, 0.0000956, 0.0073948,buy
2020-02-22,0,1,1,0,0,0,5,4,3,1,3,3,2,2,2,2,1,0.416731352648568,0.280439967865319,0.0906377271830203, 0.0045998,-0.0017907, 0.0039322,-0.0006903, 0.0037711,buy
2020-02-23,0,1,1,0,0,0,3,6,5,1,3,4,1,3,2,3,1,0.412183928120937,0.288228362410954,0.0907797632930848,-0.0040611,-0.0074199, 0.0021530,-0.0104729,-0.0014013,sell
2020-02-24,1,1,1,0,0,0,2,8,6,1,3,4,2,4,2,3,2,0.406389681292167,0.296071855137994,0.0909860894319154,-0.0051479,-0.0059488,-0.0033478,-0.0063166,-0.0023335,sell
2020-02-25,1,1,1,0,0,0,3,6,7,2,4,3,2,4,1,5,2,0.399524072888164,0.303965113964368,0.0912529678071419,-0.0147473,-0.0134633,-0.0056852,-0.0173353,-0.0066753,sell
2020-02-26,0,1,1,0,0,0,2,5,4,3,3,4,1,3,0,4,1,0.391781160854631,0.311909027570419,0.0915848837696085,-0.0161995,-0.0112505, 0.0028896,-0.0167249,-0.0134683,sell
2020-02-27,1,2,1,0,0,0,1,5,3,5,4,4,1,4,1,2,2,0.383377643230935,0.319900929915113,0.091976604409997,-0.0200834,-0.0226988,-0.0139545,-0.0224168,-0.0237360,sell
2020-02-28,2,4,1,0,0,0,0,5,3,4,2,4,1,4,4,2,2,0.374522132308707,0.327933711555688,0.0924318675206775,-0.0028203,-0.0117082,-0.0153451,-0.0160421,-0.0053551,sell
2020-02-29,1,3,2,0,0,0,0,3,3,2,2,3,1,3,3,2,0,0.365424857529125,0.336007372492144,0.092949925543176, 0.0102459,-0.0017680, 0.0019507,-0.0049517, 0.0136352,buy
2020-03-01,0,1,3,2,0,0,3,3,3,2,3,3,1,3,4,2,1,0.356285536861307,0.344124578765516,0.0935292833605445, 0.0075017, 0.0011007, 0.0089166, 0.0093022, 0.0071173,buy
2020-03-02,0,1,0,3,1,0,2,4,3,3,2,3,1,3,4,2,2,0.34727558815729,0.352274666211662,0.094171436089731, 0.0162944, 0.0107926, 0.0181675, 0.0178760, 0.0230825,buy
2020-03-03,1,1,0,1,3,0,1,6,4,3,2,3,2,3,5,2,3,0.338551066348412,0.360459412191273,0.0948748886137874, 0.0039710, 0.0041271, 0.0044252, 0.0038694, 0.0020617,buy
2020-03-04,2,2,0,0,2,1,1,3,5,1,1,3,3,1,4,3,2,0.330235683375056,0.368677928024002,0.0956388933742397, 0.0130937, 0.0037745, 0.0105760,-0.0029527, 0.0081340,buy
2020-03-05,2,1,1,0,0,4,1,4,2,1,2,3,3,1,4,2,1,0.322429702509169,0.376924881627778,0.0964709259558283, 0.0182921, 0.0190831, 0.0168061, 0.0177694, 0.0155173,buy
2020-03-06,2,1,0,1,0,3,1,4,3,3,3,2,3,1,4,3,2,0.315211555503807,0.385201161682947,0.0973530449551764, 0.0110533, 0.0145043, 0.0129089, 0.0101593, 0.0143080,buy
2020-03-07,2,3,0,0,4,0,1,4,3,1,3,3,3,1,3,3,2,0.308640268317453,0.393498770066402,0.0983002015417646,-0.0104222,-0.0030830,-0.0035851,-0.0029796,-0.0087184,sell
2020-03-08,2,2,2,3,3,0,2,3,3,0,4,3,3,4,2,3,1,0.30275707826357,0.401820372819178,0.0993094054816968,-0.0229869,-0.0178484,-0.0004237,-0.0130091,-0.0248736,sell
2020-03-09,2,2,3,5,0,1,2,3,2,0,4,2,4,4,2,3,1,0.297578156837632,0.41016330390024,0.100379161658025,-0.0334595,-0.0354918,-0.0244323,-0.0330375,-0.0252340,sell
2020-03-10,2,5,3,1,2,0,2,3,3,0,4,2,3,5,2,3,2,0.293126144133305,0.418524008588207,0.101509470070749,-0.0089506,-0.0123278,-0.0028789,-0.0099637,-0.0024440,sell
2020-03-11,3,5,0,0,2,0,2,3,3,3,5,2,4,5,2,2,1,0.28939699727672,0.426900709522388,0.102701078278343, 0.0139875,-0.0011254, 0.0019340, 0.0094149, 0.0115865,buy
2020-03-12,3,4,0,1,0,2,2,3,3,3,4,1,4,4,3,4,1,0.286389907693104,0.435291629342092,0.103948753371489,-0.0101290,-0.0139909,-0.0140414,-0.0097397,-0.0032582,sell
2020-03-13,3,4,1,0,0,2,1,1,6,0,4,1,3,3,2,4,1,0.284094363910397,0.443695879366975,0.105262961168823, 0.0253174, 0.0232185, 0.0000237, 0.0226222, 0.0217185,buy
2020-03-14,1,4,0,0,2,0,1,3,6,0,4,1,2,4,3,2,1,0.282502280180862,0.452110793556001,0.10663174073476, 0.0160640,-0.0001430, 0.0139190, 0.0141555, 0.0138957,buy
2020-03-15,2,4,0,1,2,0,3,4,4,1,4,2,3,4,4,3,1,0.281597485009024,0.460533705868134,0.108061072537094, 0.0110000,-0.0088863,-0.0025732,-0.0016906,-0.0105491,buy
2020-03-16,2,2,1,2,0,0,5,0,4,1,3,1,2,3,4,3,1,0.281356529726443,0.468961950262338,0.109547966341927,-0.0185770,-0.0137470,-0.0143973,-0.0035771,-0.0147926,sell
2020-03-17,3,2,2,0,0,0,1,0,5,0,1,1,2,2,3,3,1,0.281768094286287,0.477395526738614,0.111093917266209, 0.0248188, 0.0104043, 0.0092151, 0.0210551, 0.0105774,buy
2020-03-18,6,4,1,0,0,0,1,0,5,0,2,1,2,3,4,3,2,0.282816815767855,0.48582910321489,0.112698177751464, 0.0073749, 0.0075156, 0.0077239, 0.0093478, 0.0109843,buy
2020-03-19,4,3,0,0,0,0,1,1,4,1,1,0,3,2,4,3,1,0.284480054077481,0.494263568371511,0.114360747797693, 0.0018219, 0.0090844, 0.0072544, 0.0103088, 0.0105923,buy
2020-03-20,2,2,0,0,0,0,6,0,4,1,2,1,3,2,3,3,1,0.286740020570142,0.502694478806751,0.116078637171,-0.0124725,-0.0123783,-0.0112059,-0.0033386,-0.0118866,sell
2020-03-21,2,2,0,0,0,0,6,3,4,0,4,2,1,2,4,4,0,0.289585395199006,0.511120945840265,0.117854088546806,-0.0109289,-0.0067125,-0.0149611,-0.0059406,-0.0070766,sell
2020-03-22,3,1,0,0,0,0,1,6,5,0,3,1,2,2,2,5,1,0.292995963594729,0.519539414750672,0.119685606808165, 0.0286235, 0.0326677, 0.0168349, 0.0119228, 0.0168349,buy
2020-03-23,4,1,1,0,0,0,1,4,8,0,4,1,2,3,4,4,1,0.296957171411383,0.527948996857626,0.121574687072023, 0.0099991, 0.0095120, 0.0076179, 0.0081548, 0.0081548,buy
2020-03-24,3,1,2,0,0,0,2,4,4,0,3,1,1,3,3,4,1,0.301456890027362,0.536347026120093,0.123516843987537, 0.0217851, 0.0226337, 0.0181975, 0.0191152, 0.0190121,buy
2020-03-25,3,0,2,0,0,0,3,3,2,3,4,2,2,4,1,2,1,0.306471670774227,0.544730836497035,0.125515815347076, 0.0012991,-0.0001470, 0.0009518,-0.0006512,-0.0151624,buy
2020-03-26,4,2,2,0,0,0,2,4,2,4,5,2,2,5,2,3,1,0.311999087927655,0.553096873267073,0.12756935847522, 0.0072787, 0.0064969, 0.0029913, 0.0059885, 0.0132224,buy
2020-03-27,4,4,2,0,0,0,1,4,2,0,4,2,3,4,2,2,0,0.318022161417399,0.561448691151588,0.129675978255019,-0.0109446,-0.0115922,-0.0160928,-0.0110971,-0.0082766,sell
2020-03-28,4,1,6,0,0,0,1,4,1,0,4,2,1,4,4,1,1,0.324527954047078,0.569778292027471,0.131836422244948,-0.0229937,-0.0203062,-0.0216658,-0.0235272,-0.0224694,sell
2020-03-29,4,0,5,3,0,0,2,4,0,0,4,4,0,4,3,2,1,0.331507571494182,0.578084787214378,0.134050690445007,-0.0105846,-0.0079170,-0.0146155,-0.0128433,-0.0161154,sell
2020-03-30,2,0,3,4,2,0,1,5,0,1,4,3,1,5,3,1,1,0.338941607964138,0.586368176712309,0.136317287738247,-0.0029387,-0.0135250, 0.0001952,-0.0024385,-0.0107288,sell
2020-03-31,2,1,4,0,4,0,1,4,1,0,2,3,3,2,4,2,1,0.346830063456948,0.594620462398157,0.138636214124669, 0.0128738, 0.0173792, 0.0116687, 0.0137708, 0.0071939,buy
2020-04-01,2,0,5,0,0,0,0,5,1,1,1,2,3,1,3,3,1,0.355156766477137,0.602845198993303,0.14100522692885, 0.0028515,-0.0037722,-0.0056479,-0.0091330,-0.0105124,sell
2020-04-02,2,0,5,1,0,4,0,4,1,2,2,3,4,2,4,3,1,0.363917674150835,0.611035277054984,0.143427316384688, 0.0201996, 0.0244461, 0.0261933, 0.0263646, 0.0181296,buy
2020-04-03,2,1,2,1,1,2,0,4,1,2,0,3,4,0,4,4,1,0.373096614982567,0.619203138108035,0.145896502024388, 0.0080852, 0.0079733, 0.0085152, 0.0072377, 0.0069724,buy
2020-04-04,2,1,2,0,5,0,1,4,0,2,1,3,4,1,4,3,1,0.382687120374144,0.627328342504515,0.148418764315745,-0.0015533, 0.0029822, 0.0040895, 0.0011096,-0.0115716,buy
2020-04-05,2,1,3,4,2,1,2,3,2,2,2,4,4,2,4,4,2,0.392682721727374,0.635417111006839,0.150984384998595, 0.0079512, 0.0076444, 0.0079022, 0.0077550, 0.0076053,buy
2020-04-06,2,1,7,3,0,1,2,3,2,1,2,4,4,2,4,4,2,0.403072098995427,0.643464111532938,0.153604577450048, 0.0240120, 0.0233118, 0.0235700, 0.0238882, 0.0164313,buy
2020-04-07,2,3,5,1,2,0,2,3,2,1,2,3,4,2,4,4,2,0.413851209304432,0.651471121443501,0.156271866085365, 0.0177371, 0.0139716, 0.0155216, 0.0149596, 0.0103809,buy
2020-04-08,1,2,2,2,2,1,2,1,2,4,2,2,4,2,4,3,2,0.425006306883235,0.659435474697493,0.15898699846302, 0.0035443, 0.0077935, 0.0053680,-0.0009926, 0.0002651,buy
2020-04-09,0,0,3,1,1,1,2,1,3,3,1,2,4,1,3,3,1,0.436538200306612,0.667352727893188,0.161746984349116, 0.0055379, 0.0056097, 0.0058692, 0.0049870, 0.0035844,buy
2020-04-10,0,0,2,1,0,1,2,1,6,3,3,1,3,4,2,2,1,0.448425866630442,0.675224658391275,0.164556309094497,-0.0134759,-0.0095568,-0.0092810,-0.0091550,-0.0025084,sell
2020-04-11,0,1,1,2,1,1,2,4,3,4,3,2,4,3,3,3,1,0.46067173157905,0.683047711470375,0.167411234906794,-0.0208681,-0.0221165,-0.0218376,-0.0144714,-0.0219386,sell
2020-04-12,0,0,1,3,0,0,6,3,1,4,3,2,3,3,3,4,0,0.473263666530826,0.690820998450142,0.170309519110585, 0.0052252, 0.0062192, 0.0134612, 0.0036264,-0.0021704,buy
2020-04-13,0,0,2,2,1,0,5,0,1,3,2,2,1,2,2,4,1,0.486193585738035,0.698538298568158,0.173252656822817, 0.0080862, 0.0045314, 0.0168943, 0.0061435, 0.0046280,buy
2020-04-14,2,1,1,3,0,0,3,0,3,3,3,2,1,3,1,4,2,0.499455829177259,0.706205832586842,0.176247376069756,-0.0091055,-0.0107233,-0.0081985,-0.0099657,-0.0120063,sell
2020-04-15,4,1,2,3,0,0,2,1,2,3,3,3,1,3,1,4,3,0.513032608203476,0.713817379743776,0.179271250097183,-0.0069539,-0.0086265,-0.0060798,-0.0081512,-0.0098662,sell
2020-04-16,1,0,2,2,0,0,2,1,2,3,2,3,2,2,0,2,2,0.526922305667139,0.721369385317579,0.182343715425421, 0.0040783, 0.0040023, 0.0025658, 0.0029578,-0.0046127,buy
2020-04-17,0,1,1,2,0,0,5,0,3,3,3,2,1,3,2,2,2,0.541109558647545,0.728860960627906,0.185458044028204, 0.0124154, 0.0005058, 0.0092461, 0.0116376, 0.0048330,buy
2020-04-18,0,0,1,2,0,0,2,3,3,4,3,3,0,3,3,1,2,0.55558223852309,0.736289439633722,0.18861199323011, 0.0177080, 0.0079494, 0.0179973, 0.0181044, 0.0161817,buy
2020-04-19,1,0,1,3,0,0,1,4,4,3,4,4,1,2,3,1,2,0.570329025246939,0.743653044974335,0.191807805706562, 0.0033544, 0.0039876, 0.0044270, 0.0054480, 0.0024655,buy
2020-04-20,1,0,1,3,0,0,2,2,5,1,2,3,2,2,3,2,1,0.585340215921808,0.750949999289056,0.19504174366519,-0.0023881,-0.0074560, 0.0050569, 0.0141727,-0.0039943,sell
2020-04-21,1,0,1,3,0,0,3,1,4,1,1,3,3,1,2,2,2,0.600593170454031,0.758175859176158,0.198316797339888,-0.0056725,-0.0042246,-0.0034481, 0.0075940,-0.0097237,sell
2020-04-22,2,0,1,2,0,0,3,3,1,4,2,2,5,1,3,2,1,0.616075760222002,0.765336845398058,0.201626238704392, 0.0113992, 0.0093366, 0.0099513, 0.0089770, 0.0123300,buy
2020-04-23,2,4,1,2,0,0,3,3,0,4,2,2,4,3,4,2,2,0.631767770856378,0.772424071151303,0.20497380555107, 0.0150667, 0.0133539, 0.0125484, 0.0118221, 0.0107288,buy
2020-04-24,1,2,3,2,0,0,3,1,1,5,3,2,5,3,3,1,1,0.647646562263492,0.779434870394859,0.208358002762976, 0.0155951, 0.0106947, 0.0029218, 0.0086129, 0.0086042,buy
2020-04-25,1,3,4,3,0,0,2,1,0,4,4,2,3,4,3,2,0,0.663689494349679,0.786371020489414,0.211780325457057, 0.0046764, 0.0044052,-0.0042098, 0.0040479, 0.0082011,buy
2020-04-26,2,2,2,4,0,0,2,3,0,5,3,2,4,3,3,3,2,0.679868266997859,0.793226300672553,0.215231802931625, 0.0106270, 0.0105378, 0.0137147, 0.0097216, 0.0132201,buy
2020-04-27,2,3,2,2,3,0,1,4,1,5,3,3,5,3,3,4,2,0.696148111492758,0.800002488304967,0.218720658329895, 0.0027111, 0.0048184, 0.0043666, 0.0094878, 0.0047196,buy
2020-04-28,2,3,1,2,1,0,2,4,1,3,2,2,5,1,3,4,2,0.712503153441618,0.806690696583202,0.222240911184073, 0.0031980, 0.0040868, 0.0058265, 0.0041475, 0.0014438,buy
2020-04-29,2,3,2,1,1,3,2,4,0,2,2,2,5,3,3,3,2,0.72888892123188,0.813301589671402,0.225795551728056, 0.0330837, 0.0330028, 0.0313811, 0.0314170, 0.0313393,buy
2020-04-30,2,5,1,2,0,3,2,4,0,3,3,1,4,4,4,4,2,0.745262560400536,0.819821837364387,0.229380094611, 0.0399294, 0.0402346, 0.0393225, 0.0397474, 0.0385116,buy
2020-05-01,2,6,1,1,3,1,2,3,1,1,3,2,4,4,2,4,2,0.761579599335028,0.826255883063885,0.232996782508328, 0.0014453, 0.0010813,-0.0004313,-0.0031128,-0.0033726,buy
2020-05-02,1,4,2,3,3,1,2,2,0,1,4,2,3,4,3,3,0,0.777784246375968,0.832596617327134,0.23664038251072,-0.0071603,-0.0074235,-0.0100314,-0.0078037,-0.0090857,sell
2020-05-03,1,5,4,5,1,1,3,1,0,2,5,2,3,4,4,4,1,0.793822327013513,0.838845817514823,0.240316127527495,-0.0070782,-0.0058015,-0.0072216,-0.0066934,-0.0042117,sell
2020-05-04,0,6,4,3,2,0,3,1,0,1,4,3,2,3,4,3,1,0.809632389564857,0.844999928905572,0.244019532207809,-0.0110978,-0.0100052,-0.0099745,-0.0145108,-0.0048996,sell
2020-05-05,0,5,3,2,2,0,3,1,1,3,3,3,3,3,4,2,2,0.825154599496743,0.851057174138691,0.247751344110136,-0.0050532, 0.0067339,-0.0010727,-0.0041094,-0.0010834,sell
2020-05-06,0,3,1,3,1,1,3,1,2,4,2,2,4,3,4,2,2,0.840325079402043,0.85701933057487,0.25151231079295, 0.0120822, 0.0105263, 0.0111651, 0.0073801, 0.0076682,buy
2020-05-07,0,2,2,0,2,1,3,1,4,2,2,2,4,4,1,2,2,0.855066206102475,0.862879288771346,0.255296451788459, 0.0114663, 0.0109710, 0.0207397, 0.0216603, 0.0222516,buy
2020-05-08,0,2,2,0,2,0,3,3,5,3,4,2,4,5,2,2,1,0.869324613662973,0.868639714769156,0.259108252447506, 0.0032940, 0.0042441, 0.0143931, 0.0112797, 0.0109153,buy
2020-05-09,0,2,2,1,2,1,5,4,3,3,4,2,5,5,2,3,2,0.883028338928671,0.874297053846919,0.262945470094671, 0.0032003, 0.0057790, 0.0177565, 0.0099164, 0.0095012,buy
2020-05-10,0,0,4,1,1,1,6,1,2,3,3,2,3,4,3,3,1,0.896118355941084,0.879851306004635,0.266799134028264,-0.0187786,-0.0137824,-0.0036962,-0.0293452,-0.0095546,sell
2020-05-11,1,1,5,0,2,0,3,2,2,2,2,2,3,5,2,3,1,0.908541298765144,0.885300693881614,0.270687933210136,-0.0131969,-0.0120986, 0.0024722,-0.0146728,-0.0148772,sell
2020-05-12,3,1,3,1,2,0,3,2,2,3,3,2,4,3,3,3,2,0.92024299289101,0.890639885395783,0.274594673795384, 0.0093719, 0.0093864, 0.0057776, 0.0008049, 0.0092151,buy
2020-05-13,1,0,3,1,1,0,3,2,1,3,2,1,3,2,3,3,1,0.931187861028636,0.895872435268524,0.278520103342483, 0.0145233, 0.0107428, 0.0139521, 0.0003527, 0.0117650,buy
2020-05-14,1,0,4,1,1,0,7,1,1,2,3,2,3,4,3,2,1,0.94133466586456,0.90099390009811,0.282467212085329,-0.0176626, 0.0010686, 0.0095486,-0.0262348, 0.0021707,sell
2020-05-15,1,1,2,2,1,0,5,3,1,1,5,1,1,4,2,3,1,0.950663193029438,0.905999836482816,0.286435252465448, 0.0014099, 0.0012127, 0.0039393,-0.0032114, 0.0026314,buy
2020-05-16,1,1,2,2,1,0,2,5,2,2,3,0,2,5,2,4,2,0.959158888177343,0.910893799144023,0.290420486690469, 0.0074899, 0.0034688, 0.0049469, 0.0004830, 0.0025408,buy
2020-05-17,1,0,2,2,1,0,4,2,3,2,3,1,2,4,2,4,1,0.966813665560536,0.915672233360349,0.294421419643445, 0.0073015, 0.0013485, 0.0056523,-0.0057180, 0.0058739,buy
2020-05-18,0,1,3,3,1,0,3,2,2,1,2,3,1,3,4,3,0,0.973625099454697,0.920328029689033,0.298441789116745, 0.0046298, 0.0081247, 0.0046409, 0.0001069, 0.0094315,buy
2020-05-19,1,2,3,2,1,0,2,2,2,4,3,3,2,3,4,2,2,0.979602892757111,0.924875407015598,0.302477109759525, 0.0001932,-0.0056036,-0.0018570,-0.0105873,-0.0066192,sell
2020-05-20,2,4,2,3,1,0,1,3,2,4,4,3,3,2,5,3,2,0.984761599813704,0.929294814372449,0.306526634013313,-0.0048935,-0.0041852, 0.0022379,-0.0024754,-0.0052024,sell
2020-05-21,2,5,3,2,0,0,2,3,2,2,2,2,3,3,5,4,2,0.989118200694727,0.933594249882694,0.31059110943658,-0.0023525,-0.0027319, 0.0053817,-0.0065543,-0.0060092,sell
2020-05-22,1,2,4,2,1,0,2,3,2,3,1,3,3,3,4,4,2,0.992695335493845,0.937772824865987,0.314668293353906,-0.0029754,-0.0013107,-0.0013014,-0.0066526,-0.0066704,sell
2020-05-23,2,3,2,4,1,0,1,3,1,4,1,4,3,3,4,4,2,0.99552373005246,0.94182076383853,0.318755943089869, 0.0038205, 0.0027877, 0.0025987, 0.0021664, 0.0013529,buy
2020-05-24,2,4,1,2,5,0,1,4,1,4,2,4,4,3,4,5,2,0.997631684487655,0.945745176243086,0.322857796436837, 0.0067822, 0.0030680, 0.0030084, 0.0018008, 0.0000448,buy
2020-05-25,0,3,2,1,4,0,1,3,2,3,3,4,3,2,3,4,0,0.999046690341736,0.949540729997583,0.326966377810072,-0.0027218,-0.0105774,-0.0070661,-0.0084320,-0.0057296,sell
2020-05-26,0,1,2,3,2,2,2,3,1,2,3,3,2,4,2,3,1,0.999807559203845,0.953210091143056,0.331086172560418,-0.0185314,-0.0078178,-0.0086245,-0.0068457,-0.0061621,sell
2020-05-27,0,0,0,4,4,3,1,3,1,3,3,3,2,4,3,3,1,0.999940974041515,0.956740818154673,0.335213442895503, 0.0037669, 0.0018263, 0.0024819, 0.0018263, 0.0043206,buy
2020-05-28,0,2,0,4,5,0,1,2,2,3,3,2,4,3,2,4,1,0.999491406467304,0.960145352557267,0.339348188815329, 0.0053802,-0.0171996, 0.0074143, 0.0053162, 0.0053162,buy
2020-05-29,0,2,1,4,6,1,1,2,1,2,4,2,3,4,3,4,0,0.998482305149651,0.96341569622773,0.343488167644473, 0.0128325, 0.0033758, 0.0152081, 0.0128131, 0.0126011,buy
2020-05-30,0,1,1,7,1,2,1,2,1,3,3,3,2,3,3,4,1,0.996954907402017,0.966552737846408,0.347635622058357, 0.0009231,-0.0000590, 0.0068002, 0.0058128, 0.0019142,buy
2020-05-31,0,2,3,5,2,1,1,3,1,2,4,2,2,3,4,4,1,0.994942364790126,0.969552034011574,0.35178830938156,-0.0032431,-0.0060333,-0.0028254,-0.0031207, 0.0019383,sell
2020-06-01,0,4,1,4,4,0,1,3,1,2,4,3,2,3,4,3,1,0.992478637454477,0.972413584723229,0.35594249182171, 0.0007653,-0.0045202, 0.0012175, 0.0015279, 0.0017878,buy
2020-06-02,0,2,0,8,2,1,1,3,1,5,4,3,3,3,6,3,1,0.98959606838602,0.975137389981373,0.360104149846601, 0.0000213,-0.0002697, 0.0059801, 0.0060369, 0.0001164,buy
2020-06-03,0,1,2,7,1,1,0,2,1,3,3,3,3,2,4,2,1,0.9863302348748,0.977727004507387,0.364265807871492,-0.0066472,-0.0086260,-0.0040087,-0.0035156,-0.0074915,sell
2020-06-04,0,2,1,5,0,0,0,2,4,2,4,3,2,2,4,1,0,0.982715097061316,0.980170875456782,0.368429708571805,-0.0058481,-0.0038667, 0.0041167, 0.0105191,-0.0018729,buy
2020-06-05,1,2,0,5,1,1,2,5,2,4,4,4,3,2,5,3,2,0.978779763637422,0.982477889633011,0.372592861713643, 0.0039050, 0.0020035, 0.0035135, 0.0026454, 0.0034185,buy
2020-06-06,1,0,0,4,0,0,5,2,1,4,2,3,2,2,4,3,1,0.974555769019296,0.984644492314692,0.376760500206326, 0.0015295, 0.0076074, 0.0026123, 0.0039343, 0.0013017,buy
2020-06-07,1,0,1,3,1,0,3,1,2,2,1,2,2,1,3,3,2,0.970079499071756,0.986665351419756,0.380922905789691,-0.0052727,-0.0022733,-0.0065512,-0.0062443,-0.0050030,sell
2020-06-08,4,1,0,4,0,0,2,2,3,2,2,3,3,2,3,3,2,0.965375211038016,0.988549353751653,0.385085311373056, 0.0029735, 0.0053062, 0.0080729, 0.0071476, 0.0050763,buy
2020-06-09,4,1,1,3,0,0,2,3,1,3,2,2,3,2,3,4,2,0.960481716507216,0.990286723826586,0.38924771695642, 0.0046193, 0.0046122, 0.0078268, 0.0050603, 0.0059614,buy
2020-06-10,1,1,1,3,0,0,6,2,1,3,2,2,3,2,2,4,3,0.955425698446889,0.991881905046282,0.393404142071993,-0.0022819,-0.0027077, 0.0039607,-0.0018357, 0.0001494,buy
2020-06-11,1,1,0,2,1,0,5,3,2,3,2,1,2,4,2,4,3,0.950235456974119,0.993334008730396,0.397556829395195, 0.0009101,-0.0040709, 0.0059560,-0.0079564,-0.0015875,buy
2020-06-12,3,0,0,2,2,0,1,6,2,3,3,2,3,4,2,4,1,0.944940909355534,0.994642146198581,0.401702788692131,-0.0048443, 0.0025151,-0.0038528,-0.0037025,-0.0040030,sell
2020-06-13,3,0,0,2,2,0,1,4,4,2,3,2,3,4,2,4,0,0.939576015731631,0.995802762729457,0.405842019962802,-0.0048246, 0.0027307,-0.0036693,-0.0003532,-0.0011028,buy
2020-06-14,1,0,0,2,2,0,2,2,4,2,3,1,2,3,1,4,1,0.93416422477085,0.996820301724751,0.409973775648731, 0.0020164,-0.0005124,-0.0002399,-0.0005172, 0.0027110,buy
2020-06-15,1,0,0,2,2,0,3,3,2,4,4,2,3,4,0,3,1,0.928741113763236,0.99768943110239,0.414095813074499,-0.0078881,-0.0114990,-0.0066429,-0.0015951,-0.0074494,sell
2020-06-16,2,2,0,2,2,0,3,5,2,4,5,3,2,5,1,4,2,0.923330131377229,0.998412816903411,0.418209627357052,-0.0021532,-0.0078876, 0.0029578,-0.0014659,-0.0021311,sell
2020-06-17,2,3,0,2,3,0,2,4,3,1,4,2,3,4,2,4,1,0.917966854902874,0.998986015726087,0.422312975820969, 0.0089279, 0.0257152, 0.0155763, 0.0140121, 0.0041118,buy
2020-06-18,1,0,3,1,3,0,1,2,4,1,3,2,2,4,2,3,0,0.91267473300861,0.999420580414907,0.426402120673879,-0.0014641,-0.0036925, 0.0009688,-0.0060667,-0.0031452,sell
2020-06-19,2,0,1,4,3,0,2,2,2,1,3,1,1,4,3,4,1,0.907484491535839,0.999704958125382,0.430479304591205, 0.0013281,-0.0006856, 0.0045070,-0.0003428, 0.0009175,buy
2020-06-20,1,1,0,3,4,0,1,2,2,2,4,1,3,3,2,3,0,0.90242362202687,0.999839148857513,0.434543032455999, 0.0053035,-0.0059227, 0.0058499, 0.0052217, 0.0029485,buy
2020-06-21,1,3,0,1,4,0,2,2,3,1,2,2,3,3,2,4,1,0.897522850323106,0.99983026205406,0.438591809151312, 0.0007575, 0.0209507, 0.0110046, 0.0122890, 0.0155389,buy
2020-06-22,0,2,1,1,1,2,1,2,4,0,2,1,2,3,2,3,1,0.892811285116402,0.999673854313299,0.442624139560196, 0.0091703, 0.0117233, 0.0097362, 0.0081998, 0.0043306,buy
2020-06-23,0,2,2,2,1,3,0,2,5,1,2,2,3,3,3,3,2,0.888312375075197,0.999370814315574,0.446639276124178, 0.0005587, 0.0038477, 0.0041666, 0.0028692, 0.0000801,buy
2020-06-24,0,3,0,3,2,0,0,1,5,1,1,2,3,2,2,4,1,0.884056846040894,0.99892025338054,0.450637218843258, 0.0002092,-0.0016846,-0.0025785,-0.0005806, 0.0084745,buy
2020-06-25,0,3,0,1,6,0,0,1,4,1,2,2,2,3,3,3,1,0.88006976383148,0.998323948868888,0.454615725042013, 0.0068589, 0.0177308, 0.0108361, 0.0110201, 0.0108791,buy
2020-06-26,0,3,1,4,1,1,0,0,3,1,1,1,2,2,3,3,2,0.876381045713583,0.997579234739581,0.458575542278917,-0.0018805,-0.0041048,-0.0048709,-0.0027323,-0.0048969,sell
2020-06-27,0,3,4,4,0,2,0,0,3,0,2,2,2,2,3,3,2,0.873010906056548,0.996691443074692,0.462513680320075, 0.0035286, 0.0119529,-0.0039220, 0.0119857, 0.0055419,buy
2020-06-28,0,5,2,2,1,1,0,0,3,0,2,2,1,2,3,3,1,0.869982793528814,0.995657019152839,0.466431634282434, 0.0034910, 0.0076729, 0.0063473, 0.0050667, 0.0080464,buy
2020-06-29,0,3,0,3,2,0,0,0,3,3,2,2,2,2,3,2,1,0.867318539649273,0.994477740334713,0.47032491881515, 0.0025409,-0.0011713, 0.0015118,-0.0034027, 0.0005093,buy
2020-06-30,0,1,0,4,2,1,2,0,3,1,1,3,1,1,2,4,2,0.865041593086362,0.993152717939968,0.474200261944489,-0.0017695,-0.0008583,-0.0015854,-0.0015449,-0.0012593,buy
2020-07-01,0,0,2,3,0,0,2,0,7,0,2,3,1,2,2,3,1,0.863161656737368,0.99168461800964,0.478050188085712,-0.0106827,-0.0062899,-0.0125621, 0.0133790,-0.0132741,sell
2020-07-02,0,1,1,2,1,1,2,3,5,0,2,2,1,2,3,4,2,0.861694902097766,0.990072551863385,0.481876192355766, 0.0006789, 0.0057512, 0.0018531, 0.0087754,-0.0101051,buy
2020-07-03,0,1,0,3,1,0,5,1,4,1,2,2,1,2,3,5,1,0.860652649214389,0.988319185542237,0.485678274754651,-0.0023802,-0.0022903,-0.0004008,-0.0034171,-0.0011734,sell
2020-07-04,0,2,1,3,1,0,5,0,4,2,2,4,1,2,2,5,2,0.860037323811557,0.986423630365852,0.489454192606946,-0.0008831, 0.0004198, 0.0026244,-0.0009327,-0.0006473,buy
2020-07-05,2,3,1,3,1,0,2,0,4,1,2,3,2,2,0,5,3,0.859853777337913,0.984388552375265,0.493202450795701, 0.0036870, 0.0029286, 0.0078522, 0.0016857, 0.0026929,buy
2020-07-06,3,3,1,3,0,0,2,1,4,2,2,4,3,2,1,4,3,0.860097158344815,0.982213062890131,0.496924544437866, 0.0052816,-0.0033459, 0.0082897, 0.0022417, 0.0036393,buy
2020-07-07,0,2,1,2,0,0,4,2,3,2,2,5,3,1,0,3,2,0.860760998234073,0.979898050590795,0.500618978416492, 0.0044598, 0.0024381, 0.0044440, 0.0033249, 0.0017338,buy
2020-07-08,0,3,1,2,0,0,8,1,2,1,2,5,3,2,1,3,2,0.861833976958853,0.977445292837947,0.504282762497683, 0.0040929, 0.0040187, 0.0062165, 0.0065691, 0.0048819,buy
2020-07-09,0,2,1,2,0,1,5,3,2,2,3,4,2,2,2,3,2,0.863298305874134,0.974855678311934,0.507915896681439, 0.0030619, 0.0015371, 0.0030481, 0.0030059, 0.0027601,buy
2020-07-10,1,2,1,2,0,2,3,2,4,1,3,3,3,3,2,3,1,0.865134579185345,0.9721300956931,0.511517633409285, 0.0021099, 0.0096989, 0.0036423,-0.0009578, 0.0018663,buy
2020-07-11,1,2,1,2,0,2,4,1,4,1,2,4,2,3,1,4,2,0.867315305350178,0.96926943366179,0.515086477564275,-0.0008105, 0.0017483, 0.0012531,-0.0022895,-0.0009020,buy
2020-07-12,1,2,1,3,0,2,4,0,2,3,3,4,3,3,1,3,1,0.869813801401098,0.966274580898349,0.518622429146408,-0.0057911,-0.0056833,-0.0104263,-0.0024893,-0.0085143,sell
2020-07-13,0,3,1,3,0,2,3,2,1,4,4,3,4,3,2,2,1,0.872599341496704,0.963143760042088,0.522122497921787, 0.0007490, 0.0018257, 0.0004248, 0.0004291,-0.0071376,buy
2020-07-14,1,5,1,3,0,2,4,1,1,1,3,4,3,3,2,3,1,0.875634731197402,0.959884080535767,0.52559341191668,-0.0003001, 0.0061508, 0.0022493,-0.0029662, 0.0041026,buy
2020-07-15,1,3,4,2,0,2,3,1,2,1,2,4,3,3,3,3,1,0.878881158914052,0.956491987658007,0.529017977286183,-0.0117243,-0.0049557,-0.0049396,-0.0060541, 0.0008961,sell
2020-07-16,1,2,3,4,0,3,3,1,3,0,2,4,2,4,3,4,1,0.882297387333191,0.952973702171224,0.53240965008283,-0.0247908,-0.0185185,-0.0153942,-0.0185068,-0.0097734,sell
2020-07-17,1,2,0,4,2,3,3,1,3,1,3,3,2,3,3,5,1,0.885836519117942,0.949322114632655,0.535761702280352,-0.0120639,-0.0149365,-0.0111348,-0.0114881,-0.0060930,sell
2020-07-18,0,3,0,1,3,3,2,1,2,1,2,2,3,2,3,4,0,0.889457316954843,0.945546111845754,0.539074881437226, 0.0162139, 0.0055385,-0.0054373, 0.0022185, 0.0009253,buy
2020-07-19,0,3,1,1,0,3,3,0,3,1,1,3,3,1,2,4,1,0.893105606334051,0.941645693810519,0.542346197319554, 0.0032239, 0.0015209,-0.0017649,-0.0003478, 0.0053680,buy
2020-07-20,0,2,1,1,0,5,2,1,2,0,1,3,1,2,3,2,2,0.896730447044821,0.937617305805571,0.545576397485811, 0.0103701, 0.0093353, 0.0075061, 0.0113096, 0.0141282,buy
2020-07-21,0,1,1,2,0,2,1,1,3,2,0,4,1,0,3,3,2,0.900280090301631,0.933472500675397,0.548766229494471, 0.0102205, 0.0118835, 0.0089292, 0.0061195, 0.0114682,buy
2020-07-22,0,2,1,2,4,1,1,0,3,2,1,5,2,1,3,3,1,0.903700361594639,0.929204168977236,0.551911207994689, 0.0048997, 0.0082016, 0.0075347, 0.0082853, 0.0104986,buy
2020-07-23,0,1,1,5,3,1,1,0,2,3,2,5,1,1,4,3,1,0.906930617815813,0.924814088071777,0.555010585427992,-0.0006493, 0.0114502, 0.0063407, 0.0047746, 0.0028189,buy
2020-07-24,0,1,3,3,2,2,1,0,2,3,2,3,3,1,3,3,2,0.9099077901328,0.920311144762474,0.55806809958675,-0.0023302,-0.0033122,-0.0022047, 0.0027230,-0.0040825,sell
2020-07-25,0,4,1,2,2,2,0,0,2,2,2,3,2,1,3,3,1,0.91258012976008,0.915688229606563,0.56107777000317, 0.0138550, 0.0158061, 0.0156935, 0.0136220, 0.0094299,buy
2020-07-26,0,2,1,1,4,1,0,0,2,5,2,3,3,3,2,2,1,0.914881333566203,0.910950674686118,0.564039596677252, 0.0218586, 0.0188724, 0.0197246, 0.0245241, 0.0198364,buy
2020-07-27,0,0,0,3,2,2,0,0,0,3,2,1,3,1,1,1,1,0.916747524144043,0.906099368681483,0.566957317401367,-0.0093152, 0.0142850,-0.0141191, 0.0019589, 0.0101858,buy
2020-07-28,0,0,2,1,4,2,2,1,3,3,4,2,5,2,1,2,2,0.918119675535115,0.901136977633693,0.569826446824671, 0.0159305, 0.0172934, 0.0148204, 0.0167177, 0.0152081,buy
2020-07-29,0,1,1,2,3,2,2,4,2,4,4,2,5,4,2,3,1,0.918929867458423,0.896066167583785,0.572646984947163,-0.0011753,-0.0033062, 0.0007564,-0.0036935,-0.0079766,sell
2020-07-30,0,1,2,2,3,3,4,3,0,5,4,2,6,4,1,4,2,0.919131202577089,0.890886938531758,0.575420426885791, 0.0104637, 0.0091238, 0.0176416, 0.0091697, 0.0108995,buy
2020-07-31,0,1,1,2,3,3,5,1,0,5,4,2,5,3,2,3,2,0.918657377759666,0.885603733879339,0.578146025082082, 0.0162428, 0.0162428, 0.0175985, 0.0160783, 0.0103567,buy
2020-08-01,2,1,2,1,2,3,2,1,1,4,3,2,5,3,2,3,1,0.917463112818821,0.880212998905146,0.580819294185191, 0.0061878, 0.0068696,-0.0032272, 0.0048588,-0.0024647,buy
2020-08-02,3,1,1,0,3,3,2,2,1,3,3,1,4,3,3,3,2,0.915500701842904,0.874720065691251,0.583444719545963, 0.0066519, 0.0060740, 0.0053159, 0.0078383, 0.0030506,buy
2020-08-03,0,0,0,1,2,2,2,2,1,4,1,1,2,3,2,3,2,0.912734567541868,0.869126711598345,0.586014825579657,-0.0084599,-0.0063617,-0.0153710,-0.0144911,-0.0162009,sell
2020-08-04,0,1,1,0,2,2,6,1,1,3,2,2,2,4,3,2,2,0.909137218373406,0.863433825306773,0.588535592754065, 0.0047368, 0.0021034,-0.0007364, 0.0011609,-0.0028408,buy
2020-08-05,0,1,1,1,1,1,3,5,1,3,2,2,2,2,4,3,2,0.904686822818627,0.857641406816534,0.591002535718344,-0.0001489, 0.0108324, 0.0061379,-0.0000848, 0.0070984,buy
2020-08-06,1,2,0,1,1,1,3,4,3,3,2,2,3,3,3,4,2,0.899376103704566,0.8517547882097,0.593414906914019, 0.0026067, 0.0099759, 0.0124676, 0.0009934, 0.0084870,buy
2020-08-07,1,2,0,1,2,0,2,2,3,3,3,2,4,2,2,2,1,0.89321072105464,0.845773969486272,0.595771958782616, 0.0008875, 0.0041179, 0.0030863,-0.0002989,-0.0025568,buy
2020-08-08,1,2,0,1,3,0,3,0,0,4,3,2,5,1,1,2,0,0.886197143467039,0.839698950646248,0.598073691324135,-0.0018338,-0.0027669,-0.0042642,-0.0022747,-0.0017663,sell
2020-08-09,1,3,0,1,3,0,2,0,1,6,4,2,5,2,2,1,1,0.878361245334524,0.833535063771702,0.600320104538577, 0.0099501, 0.0056837, 0.0024243, 0.0048121, 0.0043181,buy
2020-08-10,1,4,1,0,2,0,1,1,1,4,3,1,4,2,2,2,1,0.869737795372365,0.827282308862631,0.602502227724253,-0.0071625,-0.0047792,-0.0048449,-0.0016235,-0.0000631,sell
2020-08-11,1,3,3,0,3,0,2,1,1,3,3,2,4,3,1,3,1,0.860360753721061,0.820940685919038,0.604635012050643,-0.0077870,-0.0090886,-0.0099026,-0.0102319,-0.0084379,sell
2020-08-12,0,2,3,2,4,0,3,1,1,3,4,3,4,4,1,2,1,0.850279443441812,0.814511972301611,0.606704253906741,-0.0065720,-0.0071714,-0.0064642,-0.0064131,-0.0043926,sell
2020-08-13,0,2,1,3,6,0,3,2,0,3,4,2,5,3,2,2,2,0.839538336147174,0.807999722731732,0.608712195967969,-0.0017035,-0.0145788, 0.0014899,-0.0007634,-0.0002096,buy
2020-08-14,0,4,2,0,9,0,1,2,2,3,3,3,6,4,2,4,1,0.828191606346989,0.801408380611128,0.610658838234327, 0.0062799,-0.0037199, 0.0056722,-0.0018927, 0.0057306,buy
2020-08-15,1,4,2,0,8,0,1,1,2,2,2,2,5,3,3,4,2,0.816292619976325,0.794731725177381,0.612544180705815,-0.0035279,-0.0074789,-0.0011246,-0.0093083,-0.0020955,sell
2020-08-16,0,2,3,0,7,3,1,1,2,3,2,3,4,4,4,4,1,0.803893934395477,0.787981309274979,0.614367475823959,-0.0028129,-0.0029269,-0.0040043,-0.0024394,-0.0015214,sell
2020-08-17,0,3,2,1,5,2,1,1,1,4,0,4,2,4,4,4,2,0.791046489815192,0.781152689502197,0.616125733354863, 0.0105768, 0.0134868, 0.0114974, 0.0155912, 0.0170136,buy
2020-08-18,0,4,3,0,8,0,1,2,1,3,1,4,1,4,4,5,3,0.777806886469633,0.77425030926076,0.617821195973949,-0.0006312,-0.0101427,-0.0103296,-0.0038204,-0.0119773,sell
2020-08-19,0,2,4,5,5,0,0,2,2,2,2,4,0,4,5,4,3,0.764214744522715,0.767273279870324,0.619449378330373,-0.0124467,-0.0156572,-0.0112812,-0.0157741,-0.0155169,sell
2020-08-20,0,1,5,5,3,1,0,1,2,2,2,3,1,3,5,4,2,0.750321812759957,0.760227822093304,0.621010280424135,-0.0057041,-0.0004362, 0.0026644, 0.0077562, 0.0081221,buy
2020-08-21,0,2,3,3,3,2,0,1,1,2,4,2,1,3,3,3,1,0.736168519920048,0.753115713290392,0.622509135164553, 0.0030116, 0.0035573, 0.0010254, 0.0002842, 0.0019245,buy
2020-08-22,0,3,1,3,3,2,0,0,1,6,5,2,1,4,4,2,1,0.721797720465998,0.745931621379516,0.62393921452536,-0.0040021,-0.0028615,-0.0026328,-0.0032721, 0.0050454,sell
2020-08-23,0,1,1,6,2,3,0,0,0,4,3,2,2,3,4,2,1,0.707240140239209,0.738685321844474,0.625303508740454,-0.0089722,-0.0096800,-0.0065609,-0.0117206,-0.0111049,sell
2020-08-24,0,0,4,5,0,2,0,0,2,2,3,1,3,3,2,2,1,0.692535399403595,0.73137770336561,0.626601270251359, 0.0104922, 0.0081699,-0.0005450, 0.0110803, 0.0115659,buy
2020-08-25,0,1,3,5,1,2,0,2,2,2,3,2,3,5,3,1,1,0.67771422380056,0.72400609990189,0.62782950882418, 0.0181754, 0.0193738, 0.0168433, 0.0124205, 0.0159289,buy
2020-08-26,0,1,2,7,2,2,2,3,0,3,4,2,3,6,3,2,2,0.662800870673316,0.716579398256765,0.628991962251287, 0.0099645, 0.0062946, 0.0071467, 0.0069452, 0.0080100,buy
2020-08-27,0,1,4,5,1,2,3,0,0,3,5,2,2,4,3,2,1,0.647824448713719,0.709094932389199,0.630089378091154,-0.0007689,-0.0045419,-0.0013865,-0.0053374, 0.0019839,sell
2020-08-28,1,2,3,4,0,4,0,0,1,1,5,2,3,2,2,1,1,0.632809215164982,0.701555368340229,0.631117270992937, 0.0000049, 0.0001214,-0.0048924,-0.0005050, 0.0010532,buy
2020-08-29,3,3,3,2,0,5,0,0,2,2,5,2,3,3,3,2,2,0.617776192971221,0.693963372150891,0.632077136073584, 0.0096583, 0.0023787, 0.0003003, 0.0077312, 0.0077798,buy
2020-08-30,1,2,4,2,0,4,0,1,1,3,3,1,3,3,4,3,1,0.602745596501782,0.686317166460493,0.63297196356699, 0.0082593, 0.0055240, 0.0032372, 0.0097257, 0.0062909,buy
2020-08-31,0,1,4,4,1,3,4,0,2,3,3,3,3,4,4,3,2,0.587736831551235,0.678628304113524,0.633792782771468, 0.0116943, 0.0113222, 0.0134429, 0.0114533, 0.0147072,buy
2020-09-01,0,1,3,5,1,3,2,3,3,2,2,3,1,5,6,3,3,0.572762026741185,0.670890564347566,0.634548564388707, 0.0010851,-0.0009076, 0.0033948, 0.0017075, 0.0003007,buy
2020-09-02,1,1,3,5,1,3,0,3,4,2,2,4,2,5,5,3,2,0.557842205015751,0.663106613203657,0.635232580392438,-0.0115308,-0.0193687,-0.0134229,-0.0145853,-0.0146137,sell
2020-09-03,1,1,4,4,1,2,1,1,4,2,2,4,1,4,5,3,2,0.542989494996539,0.655277339362141,0.63585155880893, 0.0051065, 0.0022788, 0.0053819, 0.0054123, 0.0081359,buy
2020-09-04,0,2,2,3,1,2,2,0,1,2,1,4,0,1,4,3,2,0.52821683387993,0.647407186224744,0.636396528936493, 0.0033671, 0.0027039, 0.0041185, 0.0041831, 0.0042314,buy
2020-09-05,1,2,3,3,1,1,2,0,1,5,3,4,1,1,5,3,2,0.513537158862303,0.639497042471811,0.636873471242921, 0.0009911,-0.0006959, 0.0030257,-0.0043557, 0.0041948,buy
2020-09-06,2,5,2,3,1,2,0,1,1,5,4,4,3,2,5,2,2,0.498960172840944,0.631547796783688,0.637281638169738,-0.0166442,-0.0116850,-0.0096659,-0.0109473,-0.0195094,sell
2020-09-07,1,4,3,2,1,1,0,1,2,2,4,3,4,2,2,1,1,0.484501238736553,0.623561226521065,0.637617291924574, 0.0061745,-0.0018121,-0.0009888, 0.0010632, 0.0069980,buy
2020-09-08,0,2,4,3,0,1,1,0,3,2,5,3,3,1,2,0,2,0.470163590848227,0.615541775085669,0.637884170299801,-0.0024896,-0.0082837,-0.0083196, 0.0009047,-0.0059695,sell
2020-09-09,0,3,1,5,1,1,2,1,2,1,4,3,2,2,2,2,2,0.455965826395762,0.607487665116808,0.638078535503047, 0.0064143, 0.0098846, 0.0063128, 0.0008544, 0.0102294,buy
2020-09-10,0,3,2,2,4,1,1,3,2,2,4,2,3,3,3,3,2,0.441911988253026,0.599404228696555,0.638204125326683,-0.0044462,-0.0040399,-0.0037374,-0.0064101,-0.0075983,sell
2020-09-11,0,5,2,1,3,1,1,1,3,1,3,1,3,3,3,3,2,0.428012587892078,0.591289688464218,0.638260939770709,-0.0111331,-0.0108174,-0.0101921,-0.0130060,-0.0075700,sell
2020-09-12,0,4,3,1,1,4,1,0,2,2,3,1,3,3,3,3,2,0.414277328210204,0.583150265182215,0.638247483718176, 0.0044678, 0.0038097, 0.0042534, 0.0111772, 0.0045815,buy
2020-09-13,1,4,4,3,1,4,0,0,1,3,3,2,4,3,4,3,2,0.40071429495514,0.57498684753089,0.638163757169086, 0.0014769, 0.0003666, 0.0012603, 0.0060954, 0.0043505,buy
2020-09-14,1,5,2,3,3,1,0,0,0,4,3,2,4,2,3,4,1,0.387338042472816,0.5667985468299,0.638012002798859, 0.0022319,-0.0018418,-0.0016690,-0.0033358, 0.0054110,buy
2020-09-15,0,4,3,2,5,1,0,0,0,3,4,2,2,2,4,4,0,0.374152613637099,0.558582697038206,0.637792220607496, 0.0035004, 0.0056719, 0.0032282,-0.0020526, 0.0128728,buy
2020-09-16,0,3,4,5,2,2,1,0,0,3,4,3,3,2,4,3,1,0.361164477046179,0.550355294402025,0.637506653270419,-0.0164355,-0.0164591,-0.0156818,-0.0148773,-0.0059799,sell
2020-09-17,0,3,5,2,3,1,0,1,0,3,4,3,2,2,3,3,1,0.348388995620759,0.542108340798248,0.637154553229154, 0.0019767,-0.0023501,-0.0029757,-0.0071561, 0.0085195,buy
2020-09-18,0,5,2,1,5,0,0,0,1,5,5,2,2,3,3,3,1,0.335834255108575,0.533847168308948,0.636742648509966,-0.0206218,-0.0231115,-0.0233876,-0.0233876,-0.0286721,sell
2020-09-19,0,2,2,2,4,1,0,0,0,7,4,3,3,3,3,2,0,0.323508341257366,0.525573554294814,0.636263463528117, 0.0129566, 0.0161367, 0.0149551, 0.0134351, 0.0186588,buy
2020-09-20,0,1,2,2,4,1,0,0,1,5,4,1,4,1,3,2,1,0.311427425562606,0.517288387436193,0.635727464102242, 0.0022495, 0.0020665,-0.0005527, 0.0009395, 0.0002653,buy
2020-09-21,0,2,2,1,5,1,0,1,3,4,4,3,3,2,4,1,2,0.299596359472939,0.508994333774119,0.635134650232341,-0.0151163,-0.0103054,-0.0071764,-0.0081002,-0.0072176,sell
2020-09-22,0,3,1,1,5,1,1,3,0,4,4,3,3,3,3,1,2,0.288032931633386,0.500694059349628,0.634486517035363, 0.0159005, 0.0143954, 0.0128230, 0.0119179, 0.0154285,buy
2020-09-23,0,3,2,1,4,1,3,0,0,4,4,3,2,3,3,2,1,0.276745227791685,0.492391118884102,0.633785307186728, 0.0017196, 0.0043339,-0.0023015, 0.0036479, 0.0103982,buy
2020-09-24,1,4,2,1,3,1,0,0,0,4,4,3,1,3,2,2,1,0.26575103659286,0.484083735016849,0.633034758478808, 0.0025368, 0.0016345, 0.0007811,-0.0000533, 0.0028624,buy
2020-09-25,3,4,1,0,5,1,0,0,1,4,3,3,2,3,4,3,1,0.255059252359421,0.475778128510287,0.632238608703973,-0.0031413,-0.0032798,-0.0057283,-0.0042875,-0.0008646,sell
2020-09-26,2,3,1,0,3,1,0,1,0,5,1,3,2,3,4,3,0,0.244686855161618,0.467474299364416,0.631393867628326, 0.0090622, 0.0079816, 0.0098010, 0.0065953, 0.0091151,buy
2020-09-27,0,2,1,1,2,2,4,0,0,3,2,2,2,3,3,2,1,0.234655676518342,0.459174024939925,0.6305139913044, 0.0095751, 0.0111558, 0.0028783, 0.0110003, 0.0111558,buy
2020-09-28,0,3,1,1,3,2,3,2,1,2,2,3,2,5,3,2,1,0.224981079350294,0.450879971277851,0.62959075658898, 0.0118242, 0.0152158,-0.0036242, 0.0122415, 0.0157034,buy
2020-09-29,1,3,1,1,3,0,0,4,2,2,3,2,2,4,3,3,0,0.215681660877271,0.442593915738884,0.62863388174223, 0.0103618, 0.0109633, 0.0040347, 0.0055184, 0.0048840,buy
2020-09-30,1,3,1,1,3,0,1,1,3,2,2,2,2,3,3,3,1,0.206780869767713,0.43431852436406,0.627641124088726,-0.0034176,-0.0053664,-0.0128705,-0.0040191,-0.0050398,sell
2020-10-01,0,3,1,2,3,1,2,1,1,2,1,2,1,2,4,4,2,0.19830053754051,0.42605557451407,0.626622949447106,-0.0097190,-0.0070454,-0.0112511,-0.0110578,-0.0092177,sell
2020-10-02,1,2,0,3,2,1,2,0,0,5,2,1,2,3,4,3,1,0.190272198611839,0.417804177508567,0.625577115141946,-0.0078883,-0.0092812,-0.0121253,-0.0118484,-0.0090035,sell
2020-10-03,1,4,1,2,1,1,1,1,0,4,2,1,3,4,3,2,1,0.182722535949234,0.409570554109969,0.624508854082566,-0.0001003,-0.0000053,-0.0104900,-0.0019660,-0.0045904,sell
2020-10-04,1,6,2,2,1,1,0,1,1,2,3,0,3,3,3,3,2,0.175678232520231,0.401356481678966,0.623421156502862, 0.0042536, 0.0007478,-0.0070032,-0.0032873,-0.0008847,buy
2020-10-05,0,3,3,3,1,1,1,0,1,2,2,1,2,4,3,2,1,0.169188611386027,0.393166403617285,0.622318507753677,-0.0136623,-0.0107364,-0.0077164,-0.0106792,-0.0224529,sell
2020-10-06,0,2,1,6,1,1,1,1,0,3,2,2,0,4,4,3,1,0.163281972663704,0.384983434998365,0.621204645627381,-0.0261531,-0.0274511,-0.0285224,-0.0257499,-0.0294526,sell
2020-10-07,0,1,1,5,4,1,1,2,2,4,3,3,2,4,4,4,1,0.158007639414463,0.376830681511183,0.620084055474819,-0.0022498,-0.0086432,-0.0119747,-0.0018474,-0.0117271,sell
2020-10-08,0,2,1,4,4,1,1,1,3,4,3,2,4,3,4,3,2,0.153417360423823,0.36870814315574,0.618959727529887,-0.0103722,-0.0180500,-0.0161285,-0.0102111,-0.0172616,sell
2020-10-09,0,2,2,4,1,2,1,0,3,4,4,1,4,2,3,3,2,0.149564501626852,0.360609599169617,0.617835399584956, 0.0296695, 0.0330434, 0.0332799, 0.0181942, 0.0004428,buy
2020-10-10,0,0,2,3,1,5,1,1,1,5,3,3,3,3,3,2,2,0.146511323281132,0.352543047675923,0.616716304549342, 0.0023608, 0.0032238, 0.0029989, 0.0022729, 0.0023986,buy
2020-10-11,0,1,1,4,1,3,2,0,1,6,2,3,3,3,3,3,2,0.144324937092883,0.344506711313967,0.61560692777389,-0.0032216,-0.0208812,-0.0050476,-0.0169446,-0.0069188,sell
2020-10-12,0,1,2,2,5,2,2,0,1,6,3,2,3,4,3,4,2,0.143074071917875,0.336506810846166,0.614510259492498,-0.0103714,-0.0137984,-0.0109182,-0.0120273,-0.0087892,sell
2020-10-13,1,0,2,5,2,2,1,0,1,4,3,2,2,3,3,3,2,0.142846053831674,0.328544234952864,0.613430037497533,-0.0204956,-0.0191571,-0.0196435,-0.0306862,-0.0249250,sell
2020-10-14,1,0,5,4,2,4,1,0,1,5,3,2,4,4,4,4,2,0.143718506012562,0.320620760994753,0.612375232490686,-0.0111445,-0.0114621,-0.0075064,-0.0049369,-0.0065635,sell
2020-10-15,0,3,3,2,2,3,1,0,1,5,4,1,3,4,4,3,1,0.145775520237009,0.312739055012868,0.611346592030429,-0.0011474, 0.0002632,-0.0062965,-0.0008453, 0.0077832,buy
2020-10-16,0,2,1,0,3,4,2,0,0,8,4,3,3,4,3,2,1,0.149101996856261,0.304899117007209,0.610347106350659, 0.0142133, 0.0154491, 0.0201057, 0.0186613, 0.0201070,buy
2020-10-17,0,0,1,1,1,4,1,1,0,5,2,2,3,2,2,2,1,0.153776367623372,0.297107167740193,0.609385746153064,-0.0013408,-0.0015913, 0.0039882, 0.0054352, 0.0037350,buy
2020-10-18,0,0,3,0,2,3,1,0,4,4,3,2,3,4,2,2,1,0.159860084221148,0.289363207211819,0.608464006554593, 0.0058043, 0.0087320, 0.0064741, 0.0057511, 0.0046487,buy
2020-10-19,0,1,2,2,2,2,1,3,1,4,3,2,3,4,3,3,0,0.167393575388278,0.281672567504159,0.607587120464563, 0.0041899, 0.0042817, 0.0031320, 0.0020958, 0.0012511,buy
2020-10-20,0,0,3,2,2,2,4,2,0,5,3,2,3,3,3,4,2,0.17638330972295,0.274031693895832,0.606761068350766, 0.0171498, 0.0245938, 0.0155645,-0.0066952, 0.0027809,buy
2020-10-21,0,2,4,3,1,2,3,1,0,3,2,2,3,3,3,4,2,0.186784815612609,0.266450361870637,0.605986597771678, 0.0246976, 0.0241033, 0.0245922, 0.0024954, 0.0055370,buy
2020-10-22,3,1,5,3,0,2,1,1,1,4,3,1,5,3,3,4,2,0.198507532682592,0.25892501670719,0.605268194078141,-0.0062726,-0.0004977,-0.0083136,-0.0000298,-0.0058793,sell
2020-10-23,3,1,4,3,0,1,1,2,0,2,3,0,4,2,2,4,2,0.211380043080864,0.251462767848256,0.604610342621, 0.0076063, 0.0238005, 0.0141471, 0.0154743, 0.0116790,buy
2020-10-24,0,0,2,4,0,1,3,1,1,2,2,1,5,1,1,3,1,0.225167860123033,0.244063615293833,0.604010800724833,-0.0152631,-0.0130014,-0.0134776,-0.0134748,-0.0141266,sell
2020-10-25,0,0,2,3,1,0,5,1,1,1,2,2,4,2,2,1,1,0.239566959694165,0.236731113765303,0.60347704397438,-0.0008548, 0.0066441,-0.0022185, 0.0008468, 0.0030135,buy
2020-10-26,0,0,1,3,1,1,2,4,1,1,2,1,3,1,2,3,2,0.254217526019936,0.22946437458232,0.603009819928115,-0.0162077,-0.0127579,-0.0158574,-0.0081401,-0.0262149,sell
2020-10-27,1,0,1,2,0,2,3,2,3,1,2,1,4,1,3,2,2,0.268723357461205,0.22226606378592,0.602612866378408,-0.0036806,-0.0028042,-0.0037310,-0.0086093,-0.0064157,sell
2020-10-28,0,0,1,2,0,2,3,1,2,2,1,0,3,1,3,3,2,0.282679358056316,0.215145956859901,0.602285435766786,-0.0308758,-0.0308758,-0.0301148,-0.0188694,-0.0359808,sell
2020-10-29,1,0,0,1,0,1,4,0,0,4,2,1,3,1,1,2,1,0.295703880512054,0.208100499082882,0.602029023210196,-0.0078917,-0.0079977,-0.0042026,-0.0049182,-0.0056464,sell
2020-10-30,1,1,0,1,1,1,2,1,0,4,2,1,4,1,2,1,1,0.307458940572988,0.201130579135207,0.601848861617956,-0.0039681,-0.0112913,-0.0022813,-0.0004483,-0.0034990,sell
2020-10-31,1,4,0,0,2,1,2,1,0,2,2,1,2,2,2,3,1,0.317671239965587,0.194239751738259,0.601740465639222, 0.0066248, 0.0081711, 0.0109282, 0.0068684, 0.0107724,buy
2020-11-01,1,3,3,1,1,1,2,0,1,2,2,1,2,3,3,3,1,0.326143486445053,0.187431571613417,0.601706077949417,-0.0101232,-0.0139608,-0.0108086,-0.0109601,-0.0121767,sell
2020-11-02,0,2,4,2,1,1,2,1,0,2,3,1,1,4,2,3,1,0.332759245243963,0.180708704801718,0.601751679016333,-0.0029458,-0.0040744,-0.0053444,-0.0053850,-0.0060256,sell
2020-11-03,0,2,1,3,3,1,2,0,1,3,3,2,2,3,2,3,1,0.337473236174989,0.174068485262125,0.601874278606073,-0.0017747, 0.0030926,-0.0114807,-0.0046824,-0.0064986,sell
2020-11-04,0,5,0,0,5,1,1,1,1,3,2,2,3,3,3,3,1,0.340311333630889,0.167518022437401,0.602073876718637,-0.0090059,-0.0082781,-0.0115600,-0.0142915,-0.0068155,sell
2020-11-05,0,4,0,0,2,2,1,0,1,4,1,3,2,2,2,3,1,0.341343075042208,0.161059982368582,0.602348978237078,-0.0036754, 0.0060979, 0.0078998, 0.0005335, 0.0061376,buy
2020-11-06,0,4,2,0,2,4,1,0,0,4,2,4,3,3,3,1,1,0.340675192279081,0.154693476375322,0.602704816070713, 0.0058568, 0.0096726, 0.0053748, 0.0039478, 0.0095551,buy
2020-11-07,0,4,1,1,2,4,1,0,0,2,2,3,3,2,3,2,0,0.338445951627823,0.148424725220037,0.603136157310225,-0.0018491,-0.0043797,-0.0043234,-0.0118194,-0.0035807,sell
2020-11-08,0,3,2,0,5,1,1,0,1,2,1,3,4,2,2,2,1,0.33480332227203,0.142249285501002,0.603645244631035,-0.0004734, 0.0011534,-0.0017090,-0.0011389, 0.0003139,buy
2020-11-09,0,2,2,3,5,1,1,1,0,1,2,3,3,2,3,2,1,0.329904976292588,0.136180487423396,0.604233573150092,-0.0021888,-0.0004435,-0.0015637,-0.0045639,-0.0040323,sell
2020-11-10,0,1,4,5,3,2,2,0,2,1,3,3,5,3,3,2,1,0.323905351471283,0.13021033286411,0.604897405075025,-0.0106890,-0.0198203,-0.0201607,-0.0142895,-0.0215598,sell
2020-11-11,0,1,4,2,2,2,2,0,2,1,2,2,5,2,3,1,1,0.316954842716035,0.124347708626598,0.605638983081257, 0.0021037,-0.0006612,-0.0014693, 0.0056963,-0.0014056,buy
2020-11-12,1,3,1,1,3,2,1,0,2,4,4,2,5,4,1,1,1,0.309194142037479,0.118591726030514,0.606456812051839,-0.0004199,-0.0027044, 0.0013295,-0.0001302,-0.0007065,buy
2020-11-13,1,0,1,2,2,4,1,0,2,5,3,2,6,3,1,2,1,0.300751812824643,0.112945051116893,0.607355377337615, 0.0098981, 0.0099118, 0.0033191, 0.0120616, 0.0031888,buy
2020-11-14,0,0,2,2,2,2,2,0,4,2,3,1,6,3,0,2,1,0.291750758443138,0.107410349926773,0.608328698470794,-0.0054100, 0.0033474, 0.0050761, 0.0031558, 0.0062660,buy
2020-11-15,0,1,1,2,2,1,2,3,6,2,4,1,5,4,2,2,2,0.282300945062196,0.101992065861878,0.60937752300985,-0.0191042,-0.0217273,-0.0210667,-0.0225838,-0.0191518,sell
2020-11-16,0,1,1,2,1,1,2,4,3,4,3,1,4,4,3,3,1,0.272490507332156,0.0966901989222085,0.610501850954782,-0.0103121,-0.0129835,-0.0031570,-0.0106068,-0.0096163,sell
2020-11-17,0,1,0,1,0,1,4,0,4,4,3,1,2,3,3,2,1,0.262410814202454,0.0915065264684554,0.611702429864064, 0.0041807, 0.0092649, 0.0040432,-0.0101836, 0.0039246,buy
2020-11-18,0,1,1,1,0,1,1,0,4,4,2,3,2,2,2,2,0,0.252137871701824,0.0864472692630352,0.612978512179223,-0.0210171,-0.0204627,-0.0133530,-0.0120365,-0.0167476,sell
2020-11-19,3,1,0,1,1,1,1,1,3,5,3,3,3,2,3,2,1,0.241735557237391,0.0815115386256026,0.614321874757044, 0.0028406, 0.0063650, 0.0084775, 0.0101982, 0.0066401,buy
2020-11-20,1,1,0,2,1,1,2,1,2,4,1,3,4,0,3,2,2,0.231265322491963,0.0767020005971932,0.615739993182267, 0.0051512, 0.0076374, 0.0059936, 0.0073357, 0.0059641,buy
2020-11-21,0,1,2,2,1,0,5,1,2,1,1,4,4,1,3,0,2,0.220779724825833,0.0720213212188429,0.617224644311678, 0.0007216,-0.0001227, 0.0023195, 0.0050536, 0.0015500,buy
2020-11-22,0,0,2,2,1,0,3,4,2,1,2,3,3,1,4,1,1,0.21031919297769,0.0674730552119325,0.61878180861307, 0.0257642, 0.0074655, 0.0256489, 0.0238507, 0.0248514,buy
2020-11-23,1,1,1,3,1,1,2,4,4,0,2,3,5,2,2,3,1,0.199929007134864,0.0630580912568073,0.620404010501702, 0.0211790, 0.0056209, 0.0170594, 0.0247962, 0.0201510,buy
2020-11-24,1,1,1,2,2,1,2,1,4,0,1,2,5,2,1,3,1,0.189639084563984,0.0587773180338125,0.622094240211469, 0.0105467, 0.0055693, 0.0067143, 0.0072717, 0.0088530,buy
2020-11-25,1,1,1,2,3,1,3,1,1,0,0,3,5,2,0,3,1,0.179489854003739,0.0546298468626029,0.623845022157633, 0.0119669, 0.0086116, 0.0108337, 0.0083625, 0.0083093,buy
2020-11-26,1,1,1,2,1,1,2,1,2,3,2,2,5,3,1,2,0,0.169499912673924,0.0506281192680118,0.625660841691037,-0.0039941,-0.0026275,-0.0029192, 0.0030420,-0.0038270,sell
2020-11-27,1,4,0,2,1,2,1,2,2,2,3,1,4,3,2,3,1,0.159696752116849,0.0467632484465868,0.627535718343889,-0.0038617,-0.0008338, 0.0011545,-0.0018657,-0.0037352,sell
2020-11-28,1,4,1,0,1,2,2,2,4,0,3,1,3,4,2,3,1,0.150099778127082,0.0430450098821255,0.629468904557715,-0.0022602,-0.0015324,-0.0040125,-0.0023925,-0.0026019,sell
2020-11-29,0,1,3,0,1,1,1,3,4,0,3,1,3,3,2,2,0,0.140728396499195,0.0394671828122112,0.631461147890988, 0.0021725, 0.0045615, 0.0069244, 0.0045600, 0.0030014,buy
2020-11-30,0,1,0,4,2,1,2,3,4,1,3,3,3,3,2,3,1,0.131606864476399,0.0360359879992606,0.633507215434391, 0.0069632, 0.0080943, 0.0058897, 0.0013616, 0.0027574,buy
2020-12-01,0,1,0,3,4,1,1,4,3,1,3,2,3,2,4,3,1,0.122744884955981,0.0327532028039643,0.635607854746398, 0.0102095, 0.0085317, 0.0097005, 0.0082330, 0.0096143,buy
2020-12-02,0,2,0,2,4,0,1,3,3,0,3,2,3,1,3,2,1,0.114157012283868,0.029618827226322,0.637761570710061, 0.0156650, 0.0163799, 0.0230166, 0.0264080, 0.0113659,buy
2020-12-03,0,1,3,1,2,2,1,3,2,1,2,3,4,2,2,2,1,0.105853757932119,0.0266364159877149,0.639969110883853, 0.0146179, 0.0107208, 0.0200269, 0.0153758, 0.0160241,buy
2020-12-04,0,3,1,2,2,3,1,4,0,1,2,3,4,3,2,2,1,0.0978545276953032,0.0238050804077977,0.642222999683035, 0.0030553, 0.0083944, 0.0114975, 0.0071536, 0.0061337,buy
2020-12-05,0,3,3,2,3,0,1,3,0,3,1,4,6,1,1,3,2,0.090169024470707,0.0211319299293322,0.644525479783029, 0.0065663, 0.0067545, 0.0047060, 0.0031272, 0.0068502,buy
2020-12-06,0,2,3,2,6,0,1,3,0,2,2,5,5,2,2,2,1,0.0828061425808413,0.0186054117078304,0.646877298742308, 0.0035885, 0.0067304, 0.0034052,-0.0000908, 0.0020134,buy
2020-12-07,0,1,3,4,4,1,1,4,1,1,3,4,5,3,3,2,0,0.0757731591986701,0.0162379672681256,0.649269485859184, 0.0004167,-0.0059130,-0.0133786,-0.0042299,-0.0131898,sell
2020-12-08,0,0,5,3,3,1,1,5,2,1,4,3,4,3,4,2,1,0.0690862458196684,0.0140322626512534,0.65170802160145,-0.0139772,-0.0102359,-0.0153127, 0.0002484,-0.0149474,sell
2020-12-09,0,3,4,1,3,0,1,5,1,1,3,2,3,3,4,3,1,0.0627518710420265,0.0119820770947973,0.654190663293683, 0.0070374, 0.0034573, 0.0074124, 0.0009667, 0.0018501,buy
2020-12-10,0,3,1,1,2,1,2,2,1,6,3,3,4,4,3,1,1,0.0567756948891606,0.0100918540004835,0.656712178026565, 0.0118341, 0.0138103, 0.0170982, 0.0140335, 0.0111323,buy
2020-12-11,0,0,1,2,0,1,2,2,2,5,3,1,4,3,2,2,0,0.0511674202583558,0.00836337072900229,0.659274808475519, 0.0027412,-0.0029764, 0.0002343, 0.0017329, 0.0028214,buy
2020-12-12,1,0,3,1,1,0,2,2,6,3,3,3,4,4,3,1,1,0.0459375586216711,0.00680107068207995,0.66187780708207,-0.0010219,-0.0008492, 0.0029695,-0.0010983,-0.0073125,buy
2020-12-13,1,1,2,3,1,0,2,5,5,3,4,3,4,4,4,3,1,0.0410933871520703,0.00539517837591893,0.66451967872927,-0.0075898,-0.0056163,-0.0091113,-0.0113779,-0.0114096,sell
2020-12-14,0,0,3,3,0,0,7,2,2,3,3,3,3,4,3,3,1,0.036642991597291,0.00415724665500721,0.667197433183224,-0.0064055, 0.0003495, 0.0036724, 0.0007386, 0.0013812,buy
2020-12-15,0,1,3,2,0,0,6,1,2,2,2,3,2,3,2,3,2,0.0325879891068807,0.00308105475692818,0.669911818002404, 0.0113360, 0.0118567, 0.0081625, 0.0088439, 0.0125670,buy
2020-12-16,3,2,2,2,0,0,4,1,3,3,3,3,4,4,2,3,1,0.0289421254519933,0.00217282344409847,0.672661338069864,-0.0210196,-0.0231047,-0.0250684,-0.0231047,-0.0231648,sell
2020-12-17,3,2,2,3,0,0,5,1,3,2,3,3,3,4,3,4,1,0.0257110606560452,0.00143166403617287,0.675440760476285, 0.0093246, 0.0096652, 0.0117771, 0.0113797, 0.0023545,buy
2020-12-18,0,1,1,2,1,0,9,0,3,2,3,3,3,4,3,3,0,0.0229028804667741,0.000854021811770427,0.678256813247932,-0.0020438, 0.0081119, 0.0065497,-0.0008182, 0.0015660,buy
2020-12-19,0,1,0,1,1,0,10,3,3,2,3,3,2,6,4,2,1,0.0205240534823698,0.000447894893998241,0.681101273241593,-0.0002231, 0.0137640, 0.0126477,-0.0031755, 0.0051339,buy
2020-12-20,1,2,0,1,1,0,4,6,1,2,3,2,2,3,3,3,2,0.0185761968523801,0.000206173840094448,0.683974140457267, 0.0137624, 0.0003314, 0.0053569, 0.0166428, 0.0112495,buy
2020-12-21,1,2,0,1,1,0,5,4,3,1,4,2,2,3,4,2,1,0.0170754820722801,0.000132413371439957,0.686876162453427,-0.0009837, 0.0030699, 0.0034475, 0.0001156, 0.0028157,buy
2020-12-22,0,1,2,1,1,0,5,1,2,1,3,1,1,2,3,3,1,0.0160186748429748,0.000225724807689606,0.689803601437705, 0.0093711,-0.0020006,-0.0007534,-0.0046032,-0.0036195,buy
2020-12-23,1,1,2,2,1,0,5,1,0,2,2,2,2,3,2,2,2,0.0154195209356181,0.000487885509533794,0.692757204968573,-0.0014958, 0.0039245, 0.0070260, 0.0077913, 0.0048428,buy
2020-12-24,2,1,2,2,1,0,3,2,0,4,3,2,1,4,2,4,1,0.0152796374997575,0.000915340755591609,0.695731740136714,-0.0081899,-0.0079284,-0.0169512,-0.0084959, 0.0038329,sell
2020-12-25,1,4,2,1,1,0,2,4,1,1,3,2,2,3,3,3,1,0.0156046845588093,0.00151342262793445,0.698736925202289, 0.0104802, 0.0121087,-0.0104081, 0.0012075,-0.0007982,buy
2020-12-26,0,2,5,1,0,0,3,3,1,1,4,3,1,3,3,2,0,0.0164051735848324,0.00227679904449092,0.701752576086502, 0.0091452, 0.0185195, 0.0193052, 0.0176271, 0.0176271,buy
2020-12-27,0,1,4,2,0,1,1,3,0,2,2,3,1,2,2,3,1,0.0176802960030532,0.00320547000526102,0.704791401283408, 0.0100342, 0.0105094,-0.0066256, 0.0120091, 0.0145698,buy
2020-12-28,0,1,1,3,1,1,1,4,1,3,2,3,2,3,2,2,2,0.0194381375612091,0.00430210155128044,0.70784966300064,-0.0025778,-0.0011757,-0.0023638,-0.0037280,-0.0042775,sell
2020-12-29,0,2,1,1,3,0,1,3,2,2,2,2,2,2,2,4,1,0.0216827411331691,0.00556313896116826,0.710925866121248,-0.0002600,-0.0029460,-0.0031051,-0.0054341,-0.0039362,sell
2020-12-30,0,1,2,1,1,1,1,2,2,2,1,1,3,2,1,3,2,0.0244157238684805,0.00698947091526968,0.714017767969811,-0.0237493,-0.0253116,-0.0236391,-0.0130951,-0.0253116,sell
2020-12-31,0,2,2,3,1,3,2,2,1,3,2,3,4,3,2,2,3,0.0276500229635236,0.00857843137254904,0.71712387342938, 0.0187451, 0.0214834, 0.0175345, 0.0120982, 0.0042052,buy
2021-01-01,1,3,1,3,1,2,2,2,1,4,2,3,4,3,3,3,2,0.0313775526705608,0.010332686374042,0.720244182499955,-0.0006100,-0.0059251,-0.0012905, 0.0040618,-0.0060375,buy
2021-01-02,1,3,2,1,3,0,2,1,1,3,1,2,3,4,2,3,2,0.0356039730130084,0.0122513472394034,0.723375704947641,-0.0009820,-0.0078434,-0.0033316, 0.0112496,-0.0081511,buy
2021-01-03,1,3,2,3,2,0,2,0,1,2,1,3,1,4,2,3,2,0.0403365611638302,0.0143246384848356,0.726520683447859,-0.0142581,-0.0176596,-0.0166025,-0.0134583,-0.0200522,sell
2021-01-04,1,3,2,6,1,1,2,0,1,2,1,4,2,4,2,3,3,0.0455720828239313,0.0165632242744814,0.72967538020824,-0.0065463,-0.0132455,-0.0140874,-0.0088620,-0.0149875,sell
2021-01-05,1,3,4,1,2,0,2,0,1,3,1,4,1,4,2,3,2,0.0513064951194427,0.0189591064852337,0.732837552553361,-0.0037982,-0.0069183,-0.0072806,-0.0059283,-0.0065003,sell
2021-01-06,2,5,1,0,2,0,2,1,2,3,1,3,3,4,3,2,2,0.0575462666485546,0.0215149511581283,0.736010190717118,-0.0043847,-0.0063694,-0.0036184,-0.0050696,-0.0049286,sell
2021-01-07,2,3,1,1,0,2,3,1,2,6,3,4,3,3,4,2,2,0.0642816945139819,0.0242289809324745,0.739191052024089, 0.0076567, 0.0116379, 0.0157272, 0.0104612, 0.0082302,buy
2021-01-08,3,1,2,0,0,1,2,3,2,3,2,3,4,2,3,1,2,0.0715103529914033,0.0271003071279273,0.742377893798853,-0.0068334,-0.0193261, 0.0076421,-0.0160115,-0.0033938,sell
2021-01-09,3,3,1,0,2,0,4,3,4,3,4,4,4,3,4,2,2,0.0792265820574024,0.03012270898207,0.745570716041409, 0.0028312,-0.0127451,-0.0090084,-0.0058665, 0.0023715,sell
2021-01-10,4,3,2,2,1,0,4,5,2,5,5,4,5,3,4,6,1,0.0874190616651466,0.0333032959376644,0.748769518751757,-0.0005527, 0.0089989, 0.0077821, 0.0098959,-0.0003612,buy
2021-01-11,5,2,4,1,0,0,6,3,1,5,5,4,4,2,4,6,2,0.0960716203191606,0.0366331811912583,0.751971311696001,-0.0014452, 0.0006186,-0.0047767,-0.0046768, 0.0007615,sell
2021-01-12,6,4,4,0,0,0,5,2,2,4,4,5,4,2,4,6,2,0.105173746547386,0.0401123647428515,0.755179085108037, 0.0153544, 0.0126447, 0.0090190, 0.0131085, 0.0169756,buy
2021-01-13,7,4,2,0,0,0,4,3,1,5,4,4,4,2,4,6,2,0.114697948807514,0.0437381805514084,0.758388353637022, 0.0103645, 0.0128370, 0.0099252, 0.0145605, 0.0130065,buy
2021-01-14,5,3,2,0,0,0,5,2,0,5,4,3,3,2,3,5,2,0.124624012730201,0.04751418333831,0.761599117282954, 0.0045962, 0.0021245, 0.0024564, 0.0002124, 0.0051299,buy
2021-01-15,3,2,1,0,0,0,5,2,1,3,3,1,2,3,2,4,2,0.134921212474045,0.0514341523411395,0.76481062848736,-0.0054501,-0.0019295,-0.0015334,-0.0015334,-0.0029922,sell
2021-01-16,2,2,1,0,0,0,4,2,3,2,3,1,1,3,2,4,2,0.145549119300356,0.0554963101992066,0.768022139691767,-0.0008984,-0.0007605,-0.0011562,-0.0024999,-0.0020440,buy
2021-01-17,3,2,1,0,0,0,3,5,2,2,3,1,3,3,2,4,2,0.156460835872258,0.0597006569125112,0.771232155779225, 0.0091914, 0.0037135, 0.0032690, 0.0130326, 0.0073216,buy
2021-01-18,3,1,0,0,0,0,4,1,3,2,2,1,2,3,3,2,1,0.16760703912855,0.0640436377596724,0.774440676749735, 0.0002800, 0.0078307, 0.0071659, 0.0071209, 0.0078959,buy
2021-01-19,3,1,0,0,0,0,5,2,1,3,2,1,4,2,2,2,2,0.178923851662106,0.0685216980193093,0.777644712369402, 0.0128756, 0.0126487, 0.0125924, 0.0141220, 0.0147878,buy
2021-01-20,4,2,0,0,0,0,3,3,1,4,1,1,6,2,3,2,2,0.190338501743287,0.0731383924128027,0.780845757755172, 0.0258335, 0.0272963, 0.0252977, 0.0281400, 0.0279476,buy
2021-01-21,4,3,1,0,0,0,2,3,1,4,2,1,5,2,4,2,2,0.201763663296527,0.0778848341367004,0.784040822673149, 0.0118000, 0.0182257, 0.0220036, 0.0169628, 0.0171774,buy
2021-01-22,3,3,2,0,0,0,3,2,2,3,3,0,5,3,3,2,2,0.213107967372391,0.0827654665927285,0.787231402240283,-0.0021137,-0.0034696, 0.0087657,-0.0047594,-0.0033483,sell
2021-01-23,3,1,3,2,0,0,5,2,1,3,3,1,4,4,3,3,2,0.224265490675516,0.0877749576988156,0.790412263547255, 0.0026993, 0.0043560, 0.0043362, 0.0037222, 0.0045445,buy
2021-01-24,4,2,2,4,1,0,5,2,1,4,4,2,4,4,3,5,3,0.235114138415064,0.0929070866925451,0.79358639682796, 0.0019858, 0.0031698, 0.0040630, 0.0017917, 0.0065466,buy
2021-01-25,4,3,0,2,3,0,2,3,1,4,3,2,4,4,3,4,2,0.245531007225424,0.0981662969756431,0.796753054523925, 0.0118625, 0.0152064, 0.0115279, 0.0181920, 0.0036193,buy
2021-01-26,4,4,0,0,2,0,2,1,3,3,3,3,3,3,2,4,1,0.255373787946414,0.103546367785693,0.799907751284306,-0.0048848,-0.0072281,-0.0091418,-0.0126191,-0.0027814,sell
2021-01-27,4,3,1,0,0,2,2,1,1,3,2,2,3,4,1,3,2,0.26450825716559,0.109043744401314,0.803052729784524,-0.0210926, 0.0009206, 0.0008383,-0.0002367, 0.0039317,sell
2021-01-28,4,3,0,1,0,4,2,0,0,5,3,3,1,4,2,4,2,0.272783211400257,0.114661981543887,0.806185747349158, 0.0023879, 0.0016571, 0.0032167, 0.0024081, 0.0016411,buy
2021-01-29,4,5,0,0,3,1,2,0,0,4,3,4,1,4,1,4,2,0.280062001513652,0.120393969770649,0.809304561302785, 0.0053908, 0.0058256, 0.0000166, 0.0058376, 0.0056005,buy
2021-01-30,3,4,2,1,4,0,2,0,0,3,3,4,0,5,1,4,2,0.286216064116745,0.126237043040567,0.812412161879302, 0.0119044, 0.0050016, 0.0029674, 0.0076849,-0.0001142,buy
2021-01-31,2,2,3,5,1,1,2,0,0,2,4,3,1,5,1,2,2,0.291126538717795,0.132192090033983,0.815505558844813,-0.0053413,-0.0113622,-0.0140351,-0.0106385,-0.0113788,sell
2021-02-01,3,1,4,4,1,1,2,1,0,2,4,3,2,3,3,2,2,0.29470529066646,0.138255556029518,0.818582509523895, 0.0051333, 0.0113851, 0.0023529, 0.0093217, 0.0034273,buy
2021-02-02,2,4,2,0,3,0,1,1,0,2,3,3,2,2,3,1,1,0.296885208256519,0.144424774986137,0.821643013916549, 0.0178086, 0.0154158, 0.0011442, 0.0116200, 0.0171158,buy
2021-02-03,2,4,0,1,1,1,1,1,0,6,3,2,3,2,3,2,2,0.297639608520438,0.150698858223492,0.824691557373618, 0.0181368, 0.0142878, 0.0239187, 0.0245458, 0.0179310,buy
2021-02-04,2,1,1,1,0,2,2,1,0,6,3,3,4,1,2,2,1,0.296986280103239,0.157072473659515,0.827717674076466, 0.0057664, 0.0028722, 0.0068598, 0.0073204, 0.0089630,buy
2021-02-05,1,3,1,0,1,0,3,1,3,3,1,2,5,2,3,2,1,0.294983440388633,0.163548287335239,0.830731082285256,-0.0213426,-0.0124663,-0.0102301,-0.0090947,-0.0106849,sell
2021-02-06,2,3,0,0,2,0,3,3,4,4,3,3,6,2,4,2,1,0.291730544073794,0.170115635086522,0.833721316181352, 0.0049839, 0.0015790, 0.0103030, 0.0067009, 0.0052771,buy
2021-02-07,2,2,0,2,1,0,4,4,1,3,2,4,5,2,3,2,1,0.287361005996391,0.176782515036471,0.836695851349493,-0.0043058,-0.0050026,-0.0016918,-0.0059500,-0.0024005,sell
2021-02-08,2,1,2,1,0,0,5,1,1,3,2,4,4,0,3,2,1,0.282052712606651,0.18353915170129,0.839650949997309, 0.0044459, 0.0000473, 0.0106280,-0.0006748, 0.0106237,buy
2021-02-09,3,2,1,0,0,0,3,0,2,3,2,3,4,1,2,2,0,0.275986784653898,0.190382879039941,0.842585117007852,-0.0157596,-0.0064227,-0.0065735,-0.0052274,-0.0055769,sell
2021-02-10,7,2,0,0,0,0,3,1,1,3,3,2,4,2,3,2,1,0.269361322957702,0.197317251773806,0.845499099939597, 0.0183706, 0.0204289, 0.0144316, 0.0200507, 0.0136901,buy
2021-02-11,5,1,0,0,0,0,5,0,1,2,3,2,4,2,1,0,2,0.262374428337635,0.204332494419087,0.848391403675596, 0.0291152, 0.0283089, 0.0249112, 0.0265343, 0.0091045,buy
2021-02-12,3,1,0,0,0,0,5,1,2,1,2,1,3,3,2,1,1,0.255204795818698,0.211432161697166,0.851260533098899,-0.0027149, 0.0000625, 0.0000625,-0.0003025,-0.0044677,sell
2021-02-13,4,1,0,0,0,0,4,3,3,0,3,1,2,2,3,2,2,0.248020608953834,0.218608255484935,0.854107235767982, 0.0134275, 0.0111978, 0.0130040, 0.0173178, 0.0063420,buy
2021-02-14,4,1,0,0,0,0,3,5,4,1,3,3,3,2,3,2,2,0.240961751178902,0.225860775782394,0.856931511682844, 0.0025703,-0.0020158, 0.0013460, 0.0066210,-0.0012067,buy
2021-02-15,3,1,0,0,0,0,4,2,4,1,3,2,3,1,2,1,3,0.234143040111777,0.233187056548508,0.859729623051115, 0.0099791, 0.0064272, 0.0106711, 0.0100221, 0.0106670,buy
2021-02-16,3,2,0,0,0,0,4,0,3,2,3,3,3,2,2,0,1,0.227663121874858,0.240585320422585,0.862501569872796,-0.0106941,-0.0034650,-0.0038571,-0.0055804,-0.0077533,sell
2021-02-17,3,3,1,0,0,0,2,1,1,3,1,2,3,4,3,1,0,0.221588299599594,0.248052901363591,0.865248847264833,-0.0026711, 0.0023520, 0.0011905, 0.0025708,-0.0008065,buy
2021-02-18,4,4,1,0,0,0,3,0,2,4,2,3,3,4,4,1,1,0.215977599244468,0.255586244650144,0.867969212551806,-0.0076018,-0.0077657,-0.0110161,-0.0028310,-0.0072357,sell
2021-02-19,3,5,2,0,0,0,3,0,2,3,2,3,3,3,3,2,2,0.2108674066743,0.263181795560864,0.87066191817524,-0.0101589,-0.0119429,-0.0089473,-0.0103722,-0.0092872,sell
2021-02-20,2,3,3,1,0,0,3,0,1,2,2,2,2,3,3,2,1,0.206286830580945,0.27083955409575,0.873326216576661, 0.0042366, 0.0061380, 0.0068767, 0.0063258, 0.0046439,buy
2021-02-21,2,3,3,2,1,0,2,1,2,3,4,3,2,3,3,3,1,0.202244765286915,0.278558631574457,0.875962107756069, 0.0101866, 0.0088993, 0.0088802, 0.0081665, 0.0098137,buy
2021-02-22,2,4,2,2,2,0,3,1,2,2,3,4,1,3,4,3,2,0.198750105114721,0.286331029873879,0.878571834388886,-0.0099733,-0.0123748,-0.0146446,-0.0146528,-0.0107019,sell
2021-02-23,2,3,2,1,2,1,2,1,3,2,3,4,1,3,4,3,1,0.19581740441029,0.294158526354704,0.881147173331898, 0.0143551, 0.0149460, 0.0169509, 0.0159721, 0.0024899,buy
2021-02-24,2,2,2,1,1,2,2,0,2,2,2,3,2,3,3,2,1,0.19343291740247,0.302037566295554,0.883691862377475, 0.0078851, 0.0104910, 0.0107297, 0.0096794, 0.0113270,buy
2021-02-25,2,3,1,1,1,2,2,1,1,2,3,2,2,3,3,3,0,0.191603112689449,0.309962817614355,0.886205901525617, 0.0093494, 0.0098494, 0.0072513, 0.0077696, 0.0069196,buy
2021-02-26,2,3,1,0,2,2,1,1,1,1,3,2,1,3,2,2,1,0.190317478799169,0.317936946352145,0.888687795659376, 0.0051765, 0.0045057, 0.0026975,-0.0058925, 0.0039065,buy
2021-02-27,2,3,2,1,2,2,1,1,1,0,3,2,1,3,3,2,1,0.189570355708214,0.325956397787541,0.891136797220279, 0.0215329, 0.0141397,-0.0009353,-0.0020194, 0.0029034,buy
2021-02-28,1,2,3,3,2,1,1,1,2,0,4,2,1,3,2,3,1,0.189359317692263,0.334015839838473,0.89355215864985, 0.0051326, 0.0065824,-0.0014902,-0.0049126,-0.0006838,buy
2021-03-01,1,3,3,3,3,0,2,1,2,0,4,2,1,3,3,3,2,0.189670618980161,0.342115272504941,0.895930889714193,-0.0077441,-0.0174290,-0.0115504,-0.0167932,-0.0098127,sell
2021-03-02,1,4,2,3,2,0,2,1,2,1,4,3,2,3,3,2,1,0.190500216698039,0.350255584467289,0.89828046599805, 0.0066629,-0.0032659, 0.0022150,-0.0061209, 0.0085075,buy
2021-03-03,1,3,2,1,1,1,4,2,1,2,5,2,2,3,3,2,1,0.191838407948613,0.358422556839995,0.900591916799732, 0.0014055, 0.0000336,-0.0004134,-0.0003398, 0.0015422,buy
2021-03-04,1,3,2,0,0,1,3,2,2,1,4,2,2,4,1,1,1,0.193682767007562,0.366637517951343,0.902868232353135,-0.0093888,-0.0094070,-0.0106997,-0.0122478,-0.0097720,sell
2021-03-05,2,3,0,0,1,1,3,3,3,1,4,2,3,3,2,2,1,0.196021973828052,0.374875584751667,0.905109412658258,-0.0209820,-0.0105017,-0.0128628,-0.0126771,-0.0190827,sell
2021-03-06,2,2,0,1,1,0,4,3,2,1,4,2,3,3,2,2,0,0.198847134087572,0.383142978003384,0.90731321503968,-0.0099309,-0.0062407,-0.0064557,-0.0078239,-0.0064856,sell
2021-03-07,2,2,1,0,1,0,5,2,2,0,4,2,2,2,2,2,1,0.202158247786122,0.391440586386839,0.909476649263505,-0.0031143, 0.0023572, 0.0013799, 0.0002848, 0.0004518,buy
2021-03-08,3,3,0,1,0,0,5,1,2,0,4,2,3,2,2,1,1,0.20593752627868,0.399758634418234,0.911610928706843,-0.0093131,-0.0080658,-0.0036857,-0.0035017,-0.0039202,sell
2021-03-09,4,3,1,0,0,0,4,4,0,1,4,2,3,3,1,3,1,0.210189821013888,0.408101565499296,0.913702597317162,-0.0098035,-0.0088462,-0.0215347,-0.0203865,-0.0098996,sell
2021-03-10,5,3,0,0,0,0,6,3,0,1,5,2,5,1,2,2,1,0.214901386220592,0.416462270187263,0.915757635562254, 0.0188211, 0.0219361, 0.0194641, 0.0185739, 0.0079604,buy
2021-03-11,4,3,0,0,0,0,7,2,1,1,5,3,4,2,1,3,0,0.220065753300602,0.424842525842824,0.917771558091274, 0.0092607, 0.0051214, 0.0053543, 0.0053543,-0.0017783,buy
2021-03-12,4,2,0,0,0,0,6,4,2,1,4,2,3,3,2,4,1,0.225681305104371,0.43323700038391,0.919748102696593,-0.0044307,-0.0033515,-0.0102318,-0.0114043, 0.0013903,sell
2021-03-13,4,1,0,0,0,0,5,5,2,0,4,0,3,3,2,4,1,0.231742381608482,0.441644805130174,0.921683531585841, 0.0082981, 0.0128459, 0.0076319, 0.0091157, 0.0052857,buy
2021-03-14,2,1,1,0,0,0,4,5,4,0,3,1,2,3,4,4,0,0.238240897065197,0.45006149667989,0.923579339875965, 0.0054435, 0.0075710, 0.0067310, 0.0094754, 0.0036824,buy
2021-03-15,2,1,1,0,0,0,5,5,4,1,3,1,3,4,4,3,1,0.245168765726779,0.458487963713404,0.925434780008492, 0.0020747, 0.0053685, 0.0083715, 0.0100438,-0.0007339,buy
2021-03-16,3,2,1,1,0,0,6,7,2,1,2,2,4,6,3,4,2,0.25252841331755,0.466919762828989,0.927247609308, 0.0100571, 0.0107498, 0.0091915, 0.0121866, 0.0056242,buy
2021-03-17,2,1,1,1,0,0,2,6,3,2,1,1,3,4,4,4,1,0.260308519790676,0.475355116665956,0.929018575332963, 0.0076151, 0.0070602, 0.0114222, 0.0148867, 0.0068799,buy
2021-03-18,1,2,2,1,0,0,1,3,4,1,2,0,2,4,4,2,1,0.268511510870479,0.483791359183267,0.930746182966432,-0.0057020,-0.0165295,-0.0132024,-0.0020451,-0.0191519,sell
2021-03-19,1,1,3,2,0,0,2,3,4,1,1,2,0,5,4,4,1,0.277122832211032,0.492227601700579,0.932434917559251,-0.0035072,-0.0092743,-0.0118052,-0.0103194,-0.0068244,sell
2021-03-20,1,0,3,3,1,0,3,2,3,2,1,2,1,5,5,4,0,0.286143292387107,0.500659400816164,0.934079546202104,-0.0041952,-0.0044343, 0.0036989,-0.0041952,-0.0048950,sell
2021-03-21,0,1,2,3,1,0,2,3,3,3,2,1,2,4,4,4,1,0.29556965709961,0.509086756530023,0.935680068894989, 0.0044179, 0.0153051, 0.0122422, 0.0141352, 0.0146007,buy
2021-03-22,0,2,2,2,2,0,3,2,2,1,3,2,2,2,3,3,1,0.305394649175577,0.517507002801121,0.937235738079433, 0.0099777, 0.0112998, 0.0086621, 0.0087905, 0.0101083,buy
2021-03-23,0,1,3,1,1,1,2,4,1,1,3,2,1,3,2,2,2,0.315615034315913,0.52591569622773,0.938748048872383,-0.0019789,-0.0001654,-0.0008061, 0.0028326, 0.0003161,buy
2021-03-24,0,0,2,2,0,2,2,3,2,2,2,2,1,3,3,3,1,0.326225152497202,0.534312836809851,0.940215506156892,-0.0189957,-0.0128192,-0.0149559,-0.0031142,-0.0145401,sell
2021-03-25,0,1,1,2,2,2,4,3,1,1,3,2,1,3,3,4,1,0.337225003719444,0.542697535867139,0.941635867257537,-0.0013508,-0.0016819, 0.0004656,-0.0011052,-0.0060380,buy
2021-03-26,0,0,2,2,3,0,3,3,0,2,2,2,0,4,3,3,1,0.348602459361032,0.551063572637177,0.943012869966689,-0.0064992,-0.0070880,-0.0058551,-0.0051277,-0.0070826,sell
2021-03-27,1,1,3,4,2,1,2,2,2,2,3,3,2,3,5,4,0,0.360357519421966,0.559410947119965,0.944344271608925, 0.0047102,-0.0133799, 0.0048854, 0.0012077, 0.0048794,buy
2021-03-28,1,2,4,4,1,1,3,2,2,1,4,3,1,3,5,4,1,0.372488566752699,0.567738770635158,0.945625586833402,-0.0017702,-0.0215298,-0.0029118,-0.0026852,-0.0030425,sell
2021-03-29,1,2,4,2,2,1,3,3,2,1,5,1,2,3,5,4,1,0.384988324180267,0.57604615450241,0.946862796107912,-0.0120327,-0.0112540,-0.0061963,-0.0113859,-0.0121334,sell
2021-03-30,1,2,1,3,1,1,3,4,3,2,5,1,2,3,5,4,1,0.397847897382158,0.584327766639651,0.948052909198557, 0.0005257, 0.0024093, 0.0011017, 0.0025424, 0.0012281,buy
2021-03-31,1,1,1,1,2,1,3,4,5,2,5,2,2,2,4,4,2,0.411066477783599,0.592586273087915,0.949193683429918, 0.0033552, 0.0074191, 0.0042754, 0.0014155, 0.0041186,buy
2021-04-01,1,1,1,1,1,0,3,4,6,1,3,1,2,3,4,4,2,0.424636788211627,0.600813675724097,0.950290351711311, 0.0020990, 0.0024971, 0.0054742, 0.0131331,-0.0033213,buy
2021-04-02,1,1,1,1,1,1,3,4,6,2,2,2,4,3,5,4,1,0.438553168642823,0.60900908586785,0.95133618601647,-0.0042530, 0.0040792, 0.0083050, 0.0078350, 0.0016628,buy
2021-04-03,0,1,1,1,0,0,2,4,6,2,2,2,2,2,5,3,1,0.452813193352869,0.617183167683317,0.952334924137766, 0.0014411, 0.0037330, 0.0021667, 0.0109131,-0.0117021,buy
2021-04-04,1,0,1,0,1,0,3,2,5,2,2,3,3,2,3,1,1,0.467398265121965,0.625317258883249,0.953287313633673,-0.0102342,-0.0181190,-0.0090616, 0.0015108,-0.0098684,sell
2021-04-05,1,1,0,1,1,0,2,1,4,2,1,4,4,1,1,2,0,0.482308383950114,0.633417580230062,0.954190364270293,-0.0030057,-0.0076916,-0.0064309,-0.0066666,-0.0065528,sell
2021-04-06,1,0,1,1,0,0,2,1,3,2,0,4,4,0,1,1,1,0.497532229790482,0.641477910961339,0.955044076047628,-0.0014959,-0.0072590,-0.0017764, 0.0026085,-0.0023782,buy
2021-04-07,1,0,2,0,0,0,5,2,4,1,4,3,4,1,0,2,1,0.513060908320558,0.649500028437771,0.955847701407204,-0.0019014,-0.0015329,-0.0005810,-0.0005838,-0.0001717,buy
2021-04-08,0,1,1,0,0,0,4,4,5,2,3,3,3,2,2,3,1,0.528877439470092,0.657480377937977,0.956603483024442,-0.0017143,-0.0017882,-0.0014211,-0.0020655,-0.0021404,buy
2021-04-09,1,0,1,0,0,0,6,5,5,3,4,3,4,3,3,3,1,0.544966460318384,0.665416293420922,0.957310673340869, 0.0003298, 0.0016449, 0.0049223, 0.0001268, 0.0005635,buy
2021-04-10,0,0,1,0,0,0,6,5,7,2,6,2,3,2,3,4,1,0.561319885117696,0.673306886206259,0.957967777239536, 0.0024140,-0.0018486, 0.0025092, 0.0016821, 0.0024842,buy
2021-04-11,0,0,1,0,1,0,5,3,7,2,5,3,4,2,2,3,0,0.57791669092391,0.681146824211918,0.958573299603495,-0.0048384,-0.0022441,-0.0046019,-0.0054835,-0.0032330,sell
2021-04-12,1,0,1,1,1,0,2,1,7,4,4,3,3,4,2,1,1,0.594726960470396,0.688938773478935,0.959131725783591, 0.0014204, 0.0007923, 0.0010371,-0.0013639, 0.0008154,buy
2021-04-13,1,1,1,1,1,0,2,3,3,4,3,2,4,4,2,2,0,0.611737756560776,0.696675624564547,0.959637822870505, 0.0084451, 0.0092714, 0.0057808, 0.0071125, 0.0063186,buy
2021-04-14,0,1,2,1,1,0,4,1,4,5,4,2,4,4,3,1,1,0.628916736204097,0.704362709550825,0.960089348188815, 0.0099734, 0.0111111, 0.0076279, 0.0110449, 0.0091455,buy
2021-04-15,0,2,2,2,1,0,5,1,4,4,5,3,3,5,2,2,1,0.64623155640941,0.711988475593283,0.960499757791055, 0.0079577, 0.0077499, 0.0056681, 0.0098323, 0.0072723,buy
2021-04-16,0,1,2,2,1,0,2,2,4,4,4,2,3,4,2,2,1,0.663649065610991,0.719559143454336,0.960854848066216, 0.0059398, 0.0102164, 0.0064197, 0.0063764, 0.0053556,buy
2021-04-17,1,1,2,2,2,0,1,4,5,3,4,3,4,4,2,2,2,0.681123175046736,0.727065826330532,0.961159104365143,-0.0062583,-0.0035277,-0.0045336,-0.0040794,-0.0056977,sell
2021-04-18,1,1,1,2,2,0,0,2,6,2,4,2,2,3,2,3,1,0.698615073127503,0.734512967623598,0.961413274246311,-0.0166464,-0.0105727,-0.0182748, 0.0050058,-0.0161409,sell
2021-04-19,1,1,2,2,3,1,1,2,4,2,5,3,2,5,2,2,0,0.716071393918224,0.74189168053008,0.961615115034298,-0.0001448, 0.0018854, 0.0070800,-0.0009838,-0.0014660,buy
2021-04-20,2,1,1,2,2,2,1,3,3,3,3,3,3,4,2,3,2,0.733441197208153,0.74920551977136,0.961765374287577,-0.0146213,-0.0126436,-0.0202966,-0.0098444,-0.0189646,sell
2021-04-21,3,3,1,2,2,2,0,4,1,3,2,2,4,2,3,5,3,0.750661414164936,0.756449153265367,0.961865547123096, 0.0033775, 0.0126658,-0.0077065, 0.0077559,-0.0083083,buy
2021-04-22,3,4,1,1,3,1,0,3,2,1,2,2,3,4,2,4,2,0.767671401680542,0.763623469692445,0.961914885982381, 0.0133279, 0.0235105, 0.0192709, 0.0251270,-0.0066551,buy
2021-04-23,3,2,3,2,2,1,0,4,1,2,1,2,4,4,4,3,2,0.784405665198295,0.770722248290179,0.961911148190011, 0.0084716, 0.0130677, 0.0129131, 0.0251280, 0.0167301,buy
2021-04-24,3,2,2,4,2,1,0,3,1,3,2,3,3,4,4,3,2,0.800797901586747,0.777746377738913,0.961857323979882,-0.0046383, 0.0014888, 0.0035977, 0.0022325, 0.0033197,buy
2021-04-25,4,6,2,2,3,0,0,3,0,3,2,4,3,4,4,4,2,0.816778573415355,0.784694969358302,0.961749675559622, 0.0130317, 0.0106113, 0.0109373, 0.0112706,-0.0038281,buy
2021-04-26,4,3,3,2,1,0,0,3,0,3,2,3,4,2,4,3,1,0.83228137755267,0.79156357974662,0.961591940721603, 0.0176938, 0.0080565, 0.0112754, 0.0092070, 0.0127581,buy
2021-04-27,3,3,2,2,0,2,0,3,0,3,1,4,4,1,3,3,2,0.847245670890661,0.798353986264557,0.961382624348877,-0.0004951,-0.0035006, 0.0010691,-0.0004989,-0.0035892,buy
2021-04-28,2,2,1,1,1,1,0,3,2,2,1,4,4,2,1,1,2,0.861608384596974,0.805064411551423,0.961120231324494,-0.0043662, 0.0015937,-0.0129363,-0.0079673,-0.0089410,sell
2021-04-29,2,4,0,0,3,0,0,4,3,2,0,3,6,2,3,2,2,0.87532262133473,0.811683302762729,0.960807004323878, 0.0143657, 0.0214930, 0.0116166, 0.0209050, 0.0095724,buy
2021-04-30,2,3,1,2,1,1,1,4,3,2,1,3,5,3,3,2,3,0.888332589444542,0.818223101423311,0.960442195788555,-0.0080886, 0.0043642,-0.0054430, 0.0036185,-0.0066831,sell
2021-05-01,2,3,3,1,0,1,1,3,2,2,2,2,4,2,3,2,3,0.900604328785909,0.824674920729713,0.960029543510893, 0.0033035, 0.0012764,-0.0084676, 0.0068109,-0.0027246,sell
2021-05-02,3,5,2,0,1,0,1,1,3,2,2,2,4,3,3,2,2,0.912111156391298,0.831037872001593,0.959560824347681,-0.0011514,-0.0033329,-0.0025623, 0.0162680, 0.0105205,buy
2021-05-03,2,5,2,0,1,0,1,2,1,3,2,2,3,3,4,2,1,0.922826389293176,0.837311066558603,0.959041271208234,-0.0061513,-0.0063464,-0.0090949, 0.0123885, 0.0048791,sell
2021-05-04,3,4,2,1,0,0,2,1,2,4,3,2,3,4,4,2,1,0.932734664570841,0.843490949679364,0.958472379209502,-0.0047032,-0.0133722,-0.0121379,-0.0007514,-0.0052206,sell
2021-05-05,2,2,2,0,0,0,2,2,3,4,3,2,2,3,3,3,1,0.941832747925197,0.84957485532284,0.957850410559114, 0.0076134, 0.0018737, 0.0008296, 0.0079536, 0.0093947,buy
2021-05-06,2,3,2,0,0,0,2,3,5,2,1,4,3,3,3,4,1,0.950119022206698,0.855563672169375,0.957178355490966, 0.0074313, 0.0064766, 0.0069353, 0.0070440, 0.0065223,buy
2021-05-07,1,3,1,0,0,0,2,2,3,3,2,3,2,2,3,2,1,0.957595913139663,0.861454734177935,0.956453971329637, 0.0010426, 0.0034996, 0.0029138, 0.0026413, 0.0096309,buy
2021-05-08,0,2,1,1,1,0,3,2,2,2,2,2,1,2,3,3,1,0.964281209369117,0.867244486627138,0.955678753192075, 0.0054669, 0.0059571, 0.0067279, 0.0038155, 0.0028872,buy
2021-05-09,0,3,2,1,1,0,4,2,3,2,4,1,3,3,3,2,2,0.970183805217571,0.872934706877675,0.954855691312174, 0.0100796, 0.0105862, 0.0106754, 0.0061937, 0.0055792,buy
2021-05-10,1,2,1,1,1,0,3,1,4,3,3,2,2,3,3,3,1,0.975330383652559,0.878516508126093,0.953975814988248, 0.0024736, 0.0030969, 0.0019827, 0.0072661, 0.0017230,buy
2021-05-11,1,3,2,2,1,0,2,1,4,2,3,3,2,3,4,3,0,0.979734690445234,0.883996111134809,0.953047347363511,-0.0161510,-0.0113191,-0.0118018,-0.0166963,-0.0118567,sell
2021-05-12,1,2,2,2,1,0,2,1,3,2,4,2,2,2,3,2,1,0.983422599988356,0.889366406461062,0.952068793321014, 0.0027496, 0.0115184, 0.0103369, 0.0055512, 0.0054955,buy
2021-05-13,1,3,3,3,1,0,4,0,2,0,3,2,1,3,4,3,1,0.986417560950366,0.894630060145886,0.951040152860757,-0.0051264,-0.0073466,-0.0055284,-0.0078779,-0.0079204,sell
2021-05-14,0,2,4,3,2,0,2,2,2,1,3,2,2,3,5,3,0,0.988747064873571,0.899775519344794,0.949959930865792,-0.0078794,-0.0064055,-0.0090261,-0.0116071,-0.0084723,sell
2021-05-15,1,3,3,3,3,0,3,2,3,0,3,3,2,3,5,4,1,0.990439411875052,0.904819668984345,0.948830370011542,-0.0081416,-0.0072602,-0.0066058,-0.0069298,-0.0048839,sell
2021-05-16,1,3,4,3,2,1,3,2,3,0,4,3,2,3,5,3,2,0.991514816324154,0.909742958096944,0.947649227622585, 0.0141162, 0.0188639, 0.0158878, 0.0093864, 0.0157844,buy
2021-05-17,0,2,3,3,2,1,3,2,2,2,4,3,4,3,3,2,1,0.99200400406228,0.914550718764663,0.946420241491289, 0.0098626, 0.0155648, 0.0145328, 0.0133866, 0.0034175,buy
2021-05-18,0,2,2,3,1,1,3,1,2,3,3,3,2,2,4,3,1,0.991926380883999,0.919236730225085,0.945141168942235, 0.0057268, 0.0079085, 0.0077690, 0.0026300, 0.0048489,buy
2021-05-19,0,3,2,2,3,1,3,2,1,2,4,4,2,3,3,3,0,0.991314289780262,0.923811656642352,0.943811262416946,-0.0144017,-0.0172632,-0.0166334,-0.0168012,-0.0166580,sell
2021-05-20,0,2,3,3,2,1,2,2,1,3,4,4,1,3,4,2,1,0.990186327970865,0.928260390450597,0.942432764590846, 0.0114151, 0.0099213, 0.0103795, 0.0062235, 0.0094185,buy
2021-05-21,0,3,4,5,3,1,2,1,1,3,4,3,2,4,5,3,2,0.988569178423344,0.932586486371198,0.941004180346987,-0.0116567,-0.0081245,-0.0048116,-0.0071552,-0.0114657,sell
2021-05-22,0,3,3,4,4,0,2,1,0,2,5,2,1,3,4,3,1,0.986485481231362,0.936790833084503,0.939527004802316,-0.0008372,-0.0005613, 0.0022631,-0.0021527,-0.0015545,buy
2021-05-23,0,3,4,2,3,0,1,2,0,4,5,3,2,3,3,2,1,0.983956259339038,0.940867209828094,0.938002733073781,-0.0179486,-0.0224276,-0.0213379,-0.0205485,-0.0167657,sell
2021-05-24,1,2,2,3,1,1,1,2,0,5,3,3,4,2,2,2,2,0.981012238587775,0.944818282643006,0.936427627369013, 0.0090846, 0.0079743, 0.0088822, 0.0093304,-0.0035785,buy
2021-05-25,1,1,3,1,2,1,1,2,1,5,4,3,4,2,1,2,2,0.977666356173953,0.94864049680786,0.934804677921907,-0.0216540,-0.0197479,-0.0248618,-0.0229038,-0.0159962,sell
2021-05-26,1,1,1,2,2,0,2,3,2,4,3,4,4,3,1,2,1,0.973945295065106,0.95233296364231,0.933133884732464,-0.0121554,-0.0069534,-0.0092850,-0.0089997,-0.0113636,sell
2021-05-27,1,1,1,2,4,1,3,4,2,3,1,4,5,4,3,3,2,0.969872503929673,0.955897460507045,0.931417490476105,-0.0143051, 0.0067917, 0.0030685, 0.0065089, 0.0065089,buy
2021-05-28,1,0,2,3,2,1,4,5,1,2,2,3,3,5,3,4,1,0.965469005711772,0.959328655319996,0.929650262243513,-0.0002578, 0.0014820, 0.0056616, 0.0024259, 0.0023107,buy
2021-05-29,2,1,2,3,3,2,4,4,1,2,1,4,4,5,3,5,2,0.960760674804163,0.962630102802542,0.927837432944005,-0.0062908, 0.0016238, 0.0060988, 0.0069126, 0.0069756,buy
2021-05-30,3,1,2,4,3,1,4,4,0,3,1,3,4,5,4,5,3,0.955775811323928,0.965800025593994,0.925977507460633, 0.0034312, 0.0224165, 0.0196825, 0.0182712, 0.0179991,buy
2021-05-31,2,1,4,4,3,1,5,4,0,3,2,4,5,5,4,4,3,0.950537055364732,0.968830425571244,0.924070485793399, 0.0032406, 0.0159826, 0.0177584, 0.0291447, 0.0291212,buy
2021-06-01,2,1,4,4,3,1,4,3,0,1,3,4,3,5,3,3,2,0.945075941342752,0.971725746136018,0.922119358176196,-0.0008552,-0.0034103,-0.0016755, 0.0013626, 0.0036344,buy
2021-06-02,2,2,3,3,2,1,3,4,1,1,2,3,3,5,3,4,2,0.939431280847128,0.974487764649007,0.920119639258183,-0.0049067,-0.0050698, 0.0048345, 0.0022258,-0.0016209,buy
2021-06-03,1,2,4,2,1,1,3,5,1,2,3,3,3,4,3,4,2,0.933629756845394,0.977107594306758,0.918074319273254,-0.0053546,-0.0046716,-0.0006915, 0.0014800,-0.0008388,sell
2021-06-04,0,3,3,2,1,1,4,3,1,2,4,3,3,3,3,3,1,0.927715840950108,0.979592344552034,0.915983398221409, 0.0208130, 0.0201629, 0.0207537, 0.0188268, 0.0081674,buy
2021-06-05,0,3,3,1,1,1,4,2,1,3,3,4,4,4,2,2,0,0.921729961899957,0.981937571983108,0.913851361453493, 0.0022347, 0.0011638, 0.0016781,-0.0017098, 0.0014536,buy
2021-06-06,1,3,3,0,1,1,2,2,2,3,3,3,4,4,1,2,1,0.915718208457045,0.984140610558944,0.911666995592395,-0.0061162, 0.0015680,-0.0066719,-0.0013152,-0.0110160,sell
2021-06-07,1,3,2,0,1,1,1,2,2,2,2,0,4,3,2,2,2,0.909729903682573,0.986201460279543,0.909440766456752,-0.0126062,-0.0128124,-0.0133949, 0.0107727,-0.0119057,sell
2021-06-08,0,3,1,0,1,1,0,1,2,2,3,1,3,2,1,0,1,0.90381679636206,0.988120121144905,0.907169683812668,-0.0054764,-0.0037988,-0.0038324,-0.0168494,-0.0059834,sell
2021-06-09,0,3,1,1,1,1,2,1,1,3,4,1,3,2,1,2,1,0.898035486729671,0.989895704474683,0.90485524277709,-0.0037607, 0.0057211, 0.0025082,-0.0046926, 0.0007372,sell
2021-06-10,0,2,1,2,3,1,2,2,1,3,2,2,4,3,3,3,0,0.892438532145699,0.991530876309915,0.902495948233071, 0.0000065, 0.0093214, 0.0093619,-0.0005329,-0.0015323,buy
2021-06-11,1,1,1,1,3,1,1,1,1,3,2,1,4,2,2,2,1,0.887076872820891,0.993015861166802,0.900094790414506,-0.0162061,-0.0037958,-0.0055584,-0.0208868,-0.0224153,sell
2021-06-12,1,1,1,1,3,1,0,1,2,2,2,1,4,1,2,2,1,0.882011960438053,0.994361323209487,0.897649526645974,-0.0141357,-0.0035135,-0.0026927,-0.0166118,-0.0197910,sell
2021-06-13,1,1,1,2,4,2,0,1,1,2,5,2,3,3,1,1,0,0.877293118058386,0.995556598273827,0.895160156927475, 0.0006168, 0.0005675, 0.0005749, 0.0005687, 0.0045999,buy
2021-06-14,1,1,0,2,4,1,2,1,1,2,4,2,2,1,2,2,2,0.872966434443992,0.996613239204311,0.892631166609852,-0.0086154,-0.0032185,-0.0032185,-0.0104122,-0.0177467,sell
2021-06-15,0,2,0,2,5,2,2,3,1,2,4,1,2,2,3,4,3,0.869077998356976,0.99751613843507,0.890055080108366,-0.0168110,-0.0081420,-0.0086954,-0.0116945,-0.0092372,sell
2021-06-16,0,2,1,3,5,1,2,3,1,1,4,2,1,3,3,4,2,0.865669855685574,0.9982750714499,0.887444605917075, 0.0058018, 0.0183025, 0.0188435, 0.0151394, 0.0145128,buy
2021-06-17,0,1,2,5,3,1,2,3,1,1,3,2,2,3,3,4,2,0.862762220799131,0.998890038248802,0.884790025775816, 0.0041751, 0.0080719, 0.0041696, 0.0036401, 0.0106263,buy
2021-06-18,0,1,3,5,3,1,2,2,1,1,4,2,4,2,3,3,1,0.860389862412916,0.999353040708669,0.882094329918486,-0.0045958,-0.0021529, 0.0029944,-0.0045832,-0.0040661,sell
2021-06-19,0,2,4,4,4,1,2,2,0,2,5,1,3,4,3,3,2,0.858562483424217,0.999672965632954,0.879356770786611,-0.0047024,-0.0024558,-0.0014337,-0.0060571,-0.0047150,sell
2021-06-20,0,3,4,3,3,1,1,2,0,3,4,2,4,3,3,2,2,0.857297872478055,0.999841814898548,0.876580338614086,-0.0045587,-0.0045726,-0.0060285,-0.0023817,-0.0073977,sell
2021-06-21,0,4,5,3,2,2,1,1,0,2,4,2,4,2,3,3,2,0.856599263873526,0.999863143226834,0.873762790725491, 0.0171817, 0.0193272, 0.0146324, 0.0177989, 0.0159287,buy
2021-06-22,0,4,6,3,0,1,1,1,1,1,4,2,4,2,2,2,2,0.856456954713344,0.999743171380227,0.870904874679298, 0.0161099, 0.0155272, 0.0014629, 0.0174965, 0.0146894,buy
2021-06-23,0,3,4,4,1,1,1,2,1,1,2,2,5,2,3,3,1,0.856865284974093,0.999472123874931,0.868011075826351, 0.0208680, 0.0166650, 0.0138541, 0.0097089, 0.0198175,buy
2021-06-24,0,2,3,3,2,2,2,2,1,1,3,2,4,2,3,2,2,0.857816168908036,0.999057110153706,0.865077656374282, 0.0079104, 0.0115740, 0.0060994, 0.0085905, 0.0079104,buy
2021-06-25,0,2,3,1,2,2,2,2,1,0,4,1,3,1,3,2,1,0.859276454949448,0.998495464175518,0.862105363881563, 0.0068547, 0.0140002, 0.0123689, 0.0038081, 0.0121592,buy
2021-06-26,1,3,2,1,1,4,3,2,1,0,4,2,4,2,2,2,2,0.861234823051496,0.997785408579676,0.859094945906669, 0.0027735, 0.0067371, 0.0052414, 0.0086113, 0.0040214,buy
2021-06-27,1,2,1,1,1,3,4,2,0,2,4,2,4,1,2,3,1,0.863655695924136,0.99693227544825,0.856048645125022, 0.0022731, 0.0020583, 0.0066657, 0.0119595, 0.0013091,buy
2021-06-28,1,2,0,1,2,2,4,1,0,1,3,1,3,2,1,2,2,0.866503496277322,0.995934287420552,0.852963471302725,-0.0037764,-0.0053159,-0.0075482,-0.0085424,-0.0301517,sell
2021-06-29,1,2,0,2,3,1,3,2,1,1,3,2,2,1,2,3,3,0.869751541143519,0.99478966713589,0.84984316223215,-0.0050113,-0.0014666,-0.0017331,-0.0025574,-0.0079018,sell
2021-06-30,1,2,0,4,2,1,2,3,2,1,3,2,4,1,3,3,2,0.873356167484944,0.993501969315645,0.846685475237873,-0.0147927,-0.0121786,-0.0060956,-0.0006254,-0.0176017,sell
2021-07-01,0,2,2,3,2,1,3,3,3,2,3,3,4,1,4,4,2,0.8772834151611,0.992069416599127,0.843491157878369, 0.0028103, 0.0006139, 0.0037301, 0.0035845, 0.0031815,buy
2021-07-02,0,1,1,1,2,1,3,2,2,3,2,2,3,1,3,3,2,0.881483961110788,0.990495563707717,0.84026245282906,-0.0029967, 0.0034552,-0.0000690,-0.0090641, 0.0048083,sell
2021-07-03,0,3,0,1,1,2,2,2,2,4,1,2,4,2,3,2,3,0.885919802319639,0.988777744600378,0.836997117414524, 0.0092588, 0.0107771, 0.0107488, 0.0097346, 0.0040170,buy
2021-07-04,1,1,0,2,1,2,1,2,2,5,2,2,3,1,4,3,2,0.890541615726456,0.986917736637802,0.833697394310183, 0.0101683, 0.0068336, 0.0124010, 0.0101233, 0.0107349,buy
2021-07-05,2,1,1,2,2,2,1,1,2,5,2,3,3,2,4,4,1,0.895300886844812,0.984915539819989,0.830363283516037, 0.0129744, 0.0083591, 0.0123296, 0.0123415, 0.0126580,buy
2021-07-06,1,0,2,4,2,2,2,1,2,4,2,2,2,3,5,4,2,0.900150718337829,0.982772931507628,0.826993289915137,-0.0026635,-0.0010122,-0.0004475,-0.0009049,-0.0014792,buy
2021-07-07,1,1,1,4,3,2,2,1,3,4,2,3,3,3,5,4,2,0.905037744270439,0.980493466422102,0.823591898858329,-0.0036547,-0.0010939,-0.0012048,-0.0035581,-0.0053803,sell
2021-07-08,1,1,1,3,2,2,1,5,1,4,2,3,3,2,4,5,2,0.909915067305764,0.978071812481338,0.820155372553241, 0.0103211, 0.0060040, 0.0232079, 0.0135899, 0.0152198,buy
2021-07-09,1,1,1,3,2,1,3,3,2,3,3,4,2,1,3,5,2,0.914719618611451,0.975514190447753,0.816684458558348,-0.0043340,-0.0035531, 0.0055905,-0.0040341,-0.0024259,sell
2021-07-10,1,0,2,3,2,2,3,2,2,2,4,3,1,2,2,5,2,0.919392372229014,0.972820600321347,0.813183642224495, 0.0047299, 0.0110947, 0.0133357, 0.0085955, 0.0142966,buy
2021-07-11,1,0,2,3,2,3,1,3,0,2,3,3,2,2,3,3,1,0.923884005097255,0.969990153421775,0.809649933317784, 0.0044196, 0.0026145, 0.0027352, 0.0056927, 0.0040197,buy
2021-07-12,3,1,2,2,3,2,1,3,0,2,2,4,3,2,2,4,2,0.928124171210857,0.967025515790072,0.80608407939669,-0.0085865,-0.0105058,-0.0157824,-0.0071886,-0.0072652,sell
2021-07-13,1,2,2,1,5,2,1,3,0,0,2,3,5,3,1,2,1,0.932056270335655,0.963927576106585,0.802488323136636, 0.0003598, 0.0020044, 0.0055035, 0.0046079,-0.0182045,buy
2021-07-14,1,1,3,1,3,2,3,3,0,0,1,4,5,2,1,2,2,0.935613190765429,0.960697223051657,0.798861169420672,-0.0083048,-0.0081461,-0.0030409,-0.0093476,-0.0169388,sell
2021-07-15,1,1,3,2,4,2,3,4,0,0,2,5,5,3,1,1,3,0.938731863667824,0.95733623398598,0.795203365807273,-0.0072804,-0.0041877,-0.0014610,-0.0044066,-0.0045983,sell
2021-07-16,1,3,2,1,6,1,1,4,1,0,1,5,4,4,2,2,2,0.941346794486167,0.953848163630935,0.79151491229644,-0.0030075, 0.0154544, 0.0157811, 0.0143420,-0.0014370,buy
2021-07-17,1,3,2,1,6,1,1,2,2,1,2,4,5,4,2,1,2,0.943398957261972,0.950228568584794,0.787796556446645,-0.0033508, 0.0152256, 0.0164859, 0.0146985,-0.0043497,buy
2021-07-18,1,3,2,1,5,3,1,2,1,1,3,3,5,3,2,3,1,0.944824474588112,0.946481892249285,0.784051288491786,-0.0138660,-0.0095022,-0.0144867,-0.0132565,-0.0115699,sell
2021-07-19,1,3,2,1,6,3,1,2,2,3,5,4,4,4,1,4,2,0.945568363379972,0.942610800665444,0.780275370639491, 0.0022967, 0.0020844,-0.0125894,-0.0095294, 0.0016111,sell
2021-07-20,1,5,0,1,6,2,1,2,2,1,4,3,2,4,2,4,2,0.945580492001578,0.938611739111888,0.776471793123658, 0.0130351, 0.0177119, 0.0189139, 0.0157843, 0.0122341,buy
2021-07-21,1,2,2,2,5,2,1,2,2,1,4,2,2,4,1,5,2,0.944813154541279,0.934498926474143,0.77264130350276, 0.0027703, 0.0024904, 0.0159299, 0.0020692, 0.0014158,buy
2021-07-22,1,2,3,4,3,3,1,2,2,0,6,2,2,2,1,5,3,0.943228347984708,0.930259921227374,0.768780163984427,-0.0066934,-0.0040070,-0.0069515,-0.0017962,-0.0050307,sell
2021-07-23,1,3,2,2,5,4,1,2,1,0,6,1,3,4,0,4,3,0.940799389364331,0.925903610175034,0.764897345270347, 0.0051920, 0.0016029, 0.0117678, 0.0023704, 0.0009022,buy
2021-07-24,2,2,1,0,5,3,2,1,0,1,4,2,3,3,1,3,1,0.937514150058541,0.921428215956433,0.76098537177578, 0.0155876, 0.0139196, 0.0147490, 0.0137693, 0.0088187,buy
2021-07-25,2,1,1,0,3,4,3,0,0,1,4,2,3,3,1,2,0,0.933355649997089,0.916837293292952,0.757047981293097, 0.0163052, 0.0134812, 0.0131084, 0.0203075, 0.0204031,buy
2021-07-26,1,1,1,1,3,5,3,1,1,0,5,2,2,4,1,2,1,0.928330357778166,0.912129064823899,0.753084426263822, 0.0130613, 0.0126847, 0.0226631, 0.0260381, 0.0170628,buy
2021-07-27,1,1,0,2,3,2,2,2,2,0,2,1,2,5,3,2,0,0.922456062046794,0.907308862631347,0.749095454246431, 0.0073070, 0.0044735, 0.0078593, 0.0016855, 0.0095352,buy
2021-07-28,1,1,0,2,5,3,2,2,2,0,3,2,2,4,4,2,1,0.915752168597543,0.902374909354605,0.745081065240923, 0.0201527, 0.0202120, 0.0166680,-0.0027136, 0.0166217,buy
2021-07-29,0,1,0,4,3,2,3,1,1,0,3,2,3,1,3,2,1,0.908251020421364,0.897334314436434,0.741042006805772, 0.0079723, 0.0150686, 0.0013023,-0.0114470,-0.0020465,buy
2021-07-30,0,1,2,4,1,3,1,0,1,1,2,1,3,2,3,2,1,0.899990620532624,0.892179968434074,0.736979774057927, 0.0016823, 0.0012351,-0.0050395, 0.0009180,-0.0051308,buy
2021-07-31,1,2,3,3,1,3,1,1,1,1,2,1,3,2,4,3,2,0.891011397670011,0.886920758150976,0.732893619438913, 0.0049541, 0.0055768, 0.0035749, 0.0077239, 0.0063839,buy
2021-08-01,1,3,3,3,1,3,1,0,1,1,1,1,3,2,5,3,2,0.881365100619045,0.881557572267486,0.728782047831782, 0.0001235,-0.0001345,-0.0072024, 0.0047554,-0.0011522,buy
2021-08-02,0,2,3,4,1,3,1,0,1,4,2,1,3,3,5,3,2,0.871095392417509,0.876087744742567,0.724647301911956,-0.0014659,-0.0122446,-0.0098704,-0.0020000,-0.0069756,sell
2021-08-03,0,1,2,2,0,3,2,0,0,4,2,0,2,1,3,4,2,0.860254021850925,0.870518385018982,0.720491624354857,-0.0042070, 0.0066905,-0.0051948, 0.0016821, 0.0007664,buy
2021-08-04,0,0,2,1,1,3,1,1,1,4,2,1,1,1,3,4,2,0.848895163429133,0.864843272334315,0.71631202492659,-0.0123082,-0.0012427,-0.0119539,-0.0115157,-0.0114640,sell
2021-08-05,0,1,2,1,1,3,1,1,2,2,3,1,2,0,2,5,1,0.837065714489013,0.859072182172361,0.71211149386105,-0.0096520,-0.0043059,-0.0104475,-0.0115629,-0.0106509,sell
2021-08-06,0,0,2,1,3,3,1,1,2,2,2,1,3,1,2,4,2,0.824814998091764,0.853206891893813,0.707889283599763,-0.0112424,-0.0060865,-0.0160870,-0.0169850,-0.0147221,sell
2021-08-07,0,0,1,1,3,4,2,1,0,1,1,1,4,2,2,1,2,0.812184251550846,0.847244735457635,0.70364539414273, 0.0155588, 0.0151757, 0.0125245, 0.0234610, 0.0160447,buy
2021-08-08,0,1,1,3,5,3,3,1,0,2,1,1,4,4,3,3,3,0.79922684080133,0.841187490224516,0.699382815723846,-0.0074761,-0.0038671,-0.0032267,-0.0065629,-0.0055251,sell
2021-08-09,1,2,1,2,5,3,2,0,0,1,2,1,3,4,2,3,2,0.785973491684617,0.835039599596184,0.695100053226163,-0.0043590, 0.0004431,-0.0078419,-0.0097583,-0.0086837,sell
2021-08-10,1,1,2,3,4,3,1,0,0,1,1,1,3,4,3,3,1,0.772467867238491,0.828804618294018,0.690797854208156,-0.0063150,-0.0023613,-0.0047983,-0.0036183,-0.0030339,sell
2021-08-11,1,1,3,4,5,3,0,0,0,1,3,0,3,4,3,4,1,0.75874635332777,0.822478102916293,0.686470985760506, 0.0067845, 0.0065513, 0.0181588, 0.0045113, 0.0046271,buy
2021-08-12,0,2,2,5,5,2,1,0,0,0,4,1,2,3,3,4,0,0.744842910092954,0.816068940266462,0.682131408818798, 0.0049109, 0.0044161, 0.0087282, 0.0066944, 0.0054352,buy
2021-08-13,0,1,2,4,6,2,1,1,0,1,4,1,3,4,3,2,1,0.730782603352028,0.809577130344524,0.677770900239817, 0.0041980, 0.0034510, 0.0098092, 0.0048902, 0.0044164,buy
2021-08-14,1,2,2,4,5,2,1,1,1,1,3,2,3,3,5,2,2,0.71659939324549,0.803000895789788,0.673394692932881,-0.0058905,-0.0029996,-0.0062160,-0.0042707,-0.0055082,sell
2021-08-15,1,1,2,3,5,2,0,1,3,1,4,2,2,5,2,2,2,0.702320771315648,0.796344680003981,0.668999049105621,-0.0041900, 0.0092953, 0.0092382,-0.0064684,-0.0078154,sell
2021-08-16,1,2,1,3,6,1,0,1,3,2,3,2,2,5,3,4,1,0.687967760506621,0.789611149028139,0.664587706550406, 0.0062023, 0.0029026, 0.0067314, 0.0061881, 0.0054741,buy
2021-08-17,1,3,2,4,6,1,1,2,2,2,3,3,3,5,4,6,0,0.673563809486846,0.782802080222952,0.660159170150289,-0.0005546,-0.0062132, 0.0000467,-0.0032079,-0.0014327,buy
2021-08-18,1,2,3,4,4,1,2,2,1,2,3,3,2,4,4,5,1,0.659127515476121,0.775920139629456,0.655713439905269,-0.0146160,-0.0135500,-0.0122739,-0.0170829,-0.0158311,sell
2021-08-19,2,2,4,3,4,1,2,1,1,0,3,2,2,4,3,5,1,0.644689604315849,0.76896354988696,0.651254253607717, 0.0044229, 0.0076966, 0.0108375, 0.0077347,-0.0067231,buy
2021-08-20,3,2,4,2,1,1,1,1,1,0,2,2,2,3,2,4,1,0.63025250173035,0.761937643077536,0.646779368582211, 0.0110731, 0.0180458, 0.0180463, 0.0179412, 0.0176471,buy
2021-08-21,3,1,4,1,2,2,2,1,0,1,2,2,3,2,2,4,2,0.615846124986254,0.754844196561874,0.642289532387223, 0.0001324, 0.0068634, 0.0000262, 0.0034763,-0.0010104,buy
2021-08-22,2,2,3,2,1,2,3,1,0,0,3,1,2,3,2,3,2,0.601477751256525,0.747681432979283,0.637786240139704,-0.0047150, 0.0024335, 0.0050656, 0.0073891, 0.0065375,buy
2021-08-23,2,2,2,2,1,3,1,1,1,0,2,2,2,2,3,3,1,0.587168403485281,0.740458239133217,0.633268744281178, 0.0128951, 0.0151074, 0.0050896, 0.0089498, 0.0121873,buy
2021-08-24,2,2,3,2,0,3,1,2,1,0,3,2,2,3,3,3,0,0.572929401719353,0.733168394261258,0.628737044811645, 0.0151894, 0.0179359, 0.0221368, 0.0126162, 0.0163011,buy
2021-08-25,0,1,3,2,3,2,1,2,1,0,3,1,1,2,3,4,1,0.558774491729897,0.725818119125823,0.624193384406528,-0.0042523, 0.0030681, 0.0086855, 0.0027292, 0.0097619,buy
2021-08-26,0,1,3,2,3,3,2,1,1,1,4,1,3,3,2,3,1,0.54471822786284,0.718408302407257,0.619636267948879, 0.0022255, 0.0058522, 0.0096760, 0.0054763, 0.0046875,buy
2021-08-27,0,2,2,4,3,2,0,1,1,2,3,1,3,4,3,3,0,0.530773547314561,0.710939832785906,0.615064947880223, 0.0019889, 0.0008311, 0.0126425, 0.0021598, 0.0019210,buy
2021-08-28,1,3,4,4,4,2,0,1,1,1,2,1,4,5,4,4,1,0.516950152982347,0.70341448762246,0.610483909551405, 0.0028056, 0.0068493,-0.0073996, 0.0138116, 0.0011702,buy
2021-08-29,0,3,3,4,3,1,1,0,1,1,2,3,2,4,3,2,1,0.503262599212125,0.6958358216383,0.605890162728529,-0.0120641,-0.0131652,-0.0144963,-0.0178814, 0.0017902,sell
2021-08-30,0,2,2,5,3,1,2,0,0,0,2,2,1,2,3,3,2,0.489724631775048,0.688205612194116,0.601283707411594,-0.0128983,-0.0125390,-0.0143061,-0.0154181,-0.0141023,sell
2021-08-31,0,0,3,4,4,1,2,1,0,2,1,2,3,3,3,4,1,0.476343527844081,0.680522970609564,0.596668281392971, 0.0053782, 0.0063277, 0.0079327, 0.0051606, 0.0057121,buy
2021-09-01,0,2,2,4,6,1,1,1,0,0,3,1,3,3,3,3,1,0.463137076064246,0.672789674245333,0.592043137114185,-0.0051803,-0.0021557,-0.0010900,-0.0020989,-0.0051155,sell
2021-09-02,0,1,3,3,4,2,1,0,2,2,2,2,3,4,4,1,2,0.450112553608508,0.665011055183495,0.587406031899815, 0.0061831, 0.0031580, 0.0104935, 0.0098502, 0.0125271,buy
2021-09-03,0,1,5,4,4,3,1,0,1,2,4,2,4,4,5,1,1,0.437286940547114,0.65718889078474,0.582759208425283, 0.0127034, 0.0114183, 0.0095617, 0.0147616, 0.0158205,buy
2021-09-04,0,2,4,4,3,2,1,1,0,2,3,2,3,4,5,2,0,0.424669131202577,0.649323181049069,0.578104909366011, 0.0251732, 0.0171180, 0.0204547, 0.0204429, 0.0226214,buy
2021-09-05,0,3,4,3,4,2,2,0,1,2,4,2,3,5,3,3,1,0.412281765668562,0.641415703337172,0.573442387163524,-0.0028427, 0.0055945,-0.0025835, 0.0069664, 0.0180713,buy
2021-09-06,0,3,5,3,3,1,1,1,0,1,3,1,2,4,4,3,1,0.400129695393711,0.63347001237043,0.568770146700875,-0.0174250,-0.0195965,-0.0199172,-0.0192545,-0.0208095,sell
2021-09-07,1,2,6,4,4,2,2,1,0,1,4,2,3,4,4,4,2,0.388231517597821,0.625486996829189,0.56409117821196,-0.0083519,-0.0074452,-0.0057318,-0.0073884,-0.0097138,sell
2021-09-08,1,3,6,5,4,1,2,0,0,1,5,2,1,5,4,5,1,0.376605020925915,0.617469322754483,0.559404734138304,-0.0140516,-0.0140596,-0.0037280,-0.0131843,-0.0061067,sell
2021-09-09,1,4,4,4,4,2,2,0,0,2,5,2,3,5,3,4,1,0.365265568298694,0.609418767507003,0.554711562038383, 0.0012242, 0.0015215,-0.0037429,-0.0017555, 0.0122131,buy
2021-09-10,1,3,3,2,2,3,2,1,0,2,3,3,3,3,2,4,1,0.354234182660276,0.601337997127785,0.550012409470669,-0.0170782,-0.0088717, 0.0020771,-0.0115957,-0.0045278,sell
2021-09-11,0,2,3,3,2,2,1,1,2,2,3,3,3,3,2,4,0,0.343527844080909,0.593227900297175,0.545308771552111, 0.0135721, 0.0073852, 0.0175380, 0.0073852, 0.0135673,buy
2021-09-12,0,1,2,2,3,1,2,1,3,1,3,2,3,3,2,2,1,0.333168384079486,0.585091143056207,0.540596162931865, 0.0031090, 0.0051415, 0.0021694, 0.0042013, 0.0031035,buy
2021-09-13,0,1,1,3,4,1,2,3,2,2,2,1,5,3,4,3,1,0.323184911347862,0.576930391445918,0.53588205919467, 0.0062866,-0.0073391,-0.0042686, 0.0020689,-0.0105008,buy
2021-09-14,0,0,1,4,3,1,2,2,2,3,3,1,4,2,4,3,1,0.313598448830154,0.568741202064582,0.531164217665106, 0.0085761,-0.0037063,-0.0043572, 0.0045904,-0.0007163,buy
2021-09-15,1,1,2,3,2,1,2,1,2,1,3,1,4,2,3,2,1,0.304437296643444,0.560544014560139,0.526443385901645, 0.0200062, 0.0186203, 0.0179087, 0.0120762, 0.0077350,buy
2021-09-16,2,3,3,3,2,1,1,1,1,3,4,1,5,3,4,2,1,0.295736223503005,0.552321944006029,0.521712835878022,-0.0085496, 0.0014156, 0.0007889, 0.0012196, 0.0178531,buy
2021-09-17,1,4,3,4,2,1,1,1,0,4,3,2,5,2,4,3,2,0.287525955250238,0.54408476588605,0.516990508997614,-0.0022692,-0.0017706,-0.0029878, 0.0054263,-0.0032235,sell
2021-09-18,1,3,2,5,3,1,2,0,0,2,4,2,4,3,3,2,1,0.279850154922927,0.535828925478821,0.512253978506199,-0.0047349,-0.0034850,-0.0034088,-0.0033588,-0.0025816,sell
2021-09-19,0,2,3,3,3,2,1,1,1,2,3,1,3,3,3,4,1,0.272744399811117,0.52756597562883,0.507517448014784,-0.0110684,-0.0168353,-0.0090728,-0.0127750,-0.0194710,sell
2021-09-20,1,2,3,4,2,1,1,2,2,2,4,0,3,3,4,5,1,0.266254778676913,0.519287918212971,0.502791383342005, 0.0012123, 0.0104862, 0.0075348, 0.0081125, 0.0110305,buy
2021-09-21,0,2,3,3,2,2,1,2,2,1,4,1,1,3,3,4,2,0.260433040305835,0.511003640034694,0.49806232843533,-0.0023307, 0.0114663, 0.0147635, 0.0113998, 0.0069999,buy
2021-09-22,1,2,2,2,2,1,2,1,2,2,5,1,2,2,3,3,1,0.255336593506821,0.502710475052965,0.493325797943915, 0.0040100, 0.0097395, 0.0031145,-0.0040826,-0.0023978,buy
2021-09-23,1,3,2,2,2,1,1,1,1,3,4,2,3,3,3,2,0,0.25102769853745,0.494413755349856,0.4885892674525,-0.0017104, 0.0007544,-0.0010356,-0.0020838, 0.0031525,buy
2021-09-24,2,3,2,2,2,2,0,1,0,2,2,2,2,2,4,3,1,0.247565381356206,0.486111703564675,0.483852736961085, 0.0053778, 0.0059108,-0.0037404,-0.0006252, 0.0009656,buy
2021-09-25,2,2,4,3,1,2,0,0,1,2,3,2,2,2,4,3,1,0.245029690865692,0.477808763099148,0.47911620646967, 0.0057049, 0.0058615, 0.0007745, 0.0033657, 0.0035734,buy
2021-09-26,1,3,6,3,1,1,1,0,0,1,3,2,2,3,4,3,0,0.243487738772131,0.469505822633622,0.474379675978255,-0.0202036,-0.0219549,-0.0114833,-0.0223136,-0.0131393,sell
2021-09-27,1,3,6,4,2,1,1,1,0,3,5,4,2,4,4,2,1,0.24302523400154,0.461205548209131,0.46964314548684,-0.0057536,-0.0060846,-0.0065690,-0.0080272,-0.0046431,sell
2021-09-28,1,4,5,5,4,0,0,2,1,3,6,3,4,4,5,1,2,0.2437197997322,0.452908828506022,0.464921566164906, 0.0210462, 0.0224536,-0.0035906,-0.0045491, 0.0214224,buy
2021-09-29,1,3,4,4,2,0,1,1,2,3,5,3,3,3,4,1,2,0.245650676291941,0.444618329565329,0.460188025907387,-0.0052761,-0.0063091,-0.0055105,-0.0057383,-0.0033871,sell
2021-09-30,1,3,6,2,3,1,1,1,2,2,5,2,3,5,3,2,2,0.24889710400859,0.436335828747743,0.4554679417024,-0.0003153,-0.0068197,-0.0060413,-0.0010192, 0.0034048,buy
2021-10-01,1,4,4,3,2,1,1,1,2,3,4,3,3,4,4,2,2,0.25352376886405,0.42806576945499,0.450744867263517,-0.0042227, 0.0040952,-0.0019041, 0.0032359, 0.0051017,buy
2021-10-02,1,5,3,2,4,1,1,2,2,4,5,4,3,5,2,3,3,0.259576759620423,0.419805485646035,0.446027025733953, 0.0031381, 0.0101487, 0.0082649, 0.0126175, 0.0024043,buy
2021-10-03,1,4,3,3,6,1,1,2,1,3,5,3,3,6,3,3,2,0.267085184969565,0.411562086763639,0.441315912230655, 0.0260291, 0.0255794, 0.0008950, 0.0004687, 0.0273792,buy
2021-10-04,1,3,3,3,5,1,2,1,1,2,4,3,2,6,3,3,1,0.276028830542133,0.403332906766768,0.436607788961253,-0.0022444,-0.0048786,-0.0107870,-0.0072413,-0.0096402,sell
2021-10-05,1,3,3,3,4,1,0,1,2,1,3,2,2,5,3,3,1,0.286362416150796,0.395128609819562,0.431907141276591,-0.0053480,-0.0056377,-0.0165091,-0.0131468,-0.0197391,sell
2021-10-06,2,5,3,1,5,0,0,2,0,2,3,3,2,5,3,3,1,0.297980827074965,0.386938531757881,0.427211726501247, 0.0033812, 0.0004508, 0.0051746, 0.0030473, 0.0086803,buy
2021-10-07,2,3,2,1,4,0,1,2,0,2,2,3,3,3,2,2,2,0.310717496911244,0.378777780147592,0.422524534869117, 0.0027477, 0.0031640, 0.0038949, 0.0017985, 0.0051638,buy
2021-10-08,2,3,2,1,4,1,1,2,0,2,3,4,3,2,1,4,1,0.324352493321172,0.370640134226279,0.41784332370478, 0.0182587, 0.0209284, 0.0190139, 0.0207954, 0.0190320,buy
2021-10-09,3,1,1,0,4,0,0,3,2,1,1,4,3,1,1,3,2,0.338610092306896,0.362530926076014,0.413171083242131, 0.0043969, 0.0017016, 0.0057993, 0.0035072, 0.0031841,buy
2021-10-10,3,2,0,0,5,0,0,5,4,1,1,5,3,2,3,4,2,0.353157161061626,0.354452821737832,0.408504823247274, 0.0058117, 0.0059367, 0.0079929, 0.0060887,-0.0016857,buy
2021-10-11,2,2,1,1,4,0,3,4,3,1,3,4,4,2,3,3,2,0.36764682100742,0.346406709892079,0.403849776629528,-0.0066283,-0.0051439,-0.0026268,-0.0040914, 0.0052337,sell
2021-10-12,2,2,2,0,4,0,2,4,2,1,2,4,4,2,2,3,2,0.381709553472667,0.338399699981515,0.399202205596522,-0.0042313,-0.0000032, 0.0026131, 0.0021515, 0.0091246,buy
2021-10-13,2,5,2,0,3,0,1,3,2,2,3,4,4,4,2,2,1,0.394990394131688,0.330425571243726,0.394567343057574, 0.0005494,-0.0187792,-0.0120166,-0.0156842, 0.0031723,sell
2021-10-14,2,5,2,0,3,0,0,3,3,2,2,3,4,3,3,3,2,0.407169955948846,0.322494099162508,0.389942198778789, 0.0150033, 0.0058594,-0.0031481, 0.0062038, 0.0143319,buy
2021-10-15,2,4,4,1,3,0,2,2,2,2,4,3,4,4,4,2,1,0.417967663477648,0.314606172418206,0.385327520318639, 0.0150871, 0.0206343, 0.0119167, 0.0222100, 0.0207506,buy
2021-10-16,1,4,3,2,4,0,1,3,3,3,3,3,3,5,5,3,2,0.427170052977819,0.306760902330475,0.380728540586445,-0.0120122,-0.0130165,-0.0109201,-0.0121853,-0.0142562,sell
2021-10-17,2,5,3,1,5,0,1,3,4,3,4,2,4,6,5,3,3,0.434626729541441,0.298963620981388,0.376137783997464,-0.0092681,-0.0143652,-0.0145159,-0.0092244,-0.0134973,sell
2021-10-18,2,5,3,1,5,0,1,4,3,2,5,2,4,5,5,3,2,0.440243089919983,0.291216105731633,0.371561978577964, 0.0097056, 0.0077016, 0.0107907, 0.0064843,-0.0024773,buy
2021-10-19,1,3,4,1,3,1,2,2,3,2,5,2,2,4,4,3,2,0.443990833996365,0.283511247138449,0.366999629210997, 0.0003278, 0.0003278,-0.0004810,-0.0011059, 0.0019795,buy
2021-10-20,1,3,2,2,3,1,1,0,2,3,3,2,2,4,3,2,2,0.445893410439024,0.275870373530123,0.362450735896562,-0.0066443,-0.0082933,-0.0089363,-0.0074062,-0.0118965,sell
2021-10-21,2,4,2,2,4,0,0,1,1,3,2,1,2,4,4,3,3,0.446009845206445,0.26828104338182,0.357916046193133,-0.0149693,-0.0153172,-0.0180977,-0.0147985,-0.0176744,sell
2021-10-22,2,3,2,1,5,0,0,0,1,2,3,2,2,3,2,3,1,0.444436358696707,0.260748588775612,0.353397802776133, 0.0063146, 0.0111237, 0.0104234, 0.0103652,-0.0001850,buy
2021-10-23,1,3,3,2,3,0,0,0,0,3,3,3,1,4,2,2,0,0.44129585427542,0.25327656443288,0.348894510528614, 0.0098917, 0.0113024, 0.0109955, 0.0099162, 0.0066680,buy
2021-10-24,0,3,3,3,1,1,1,1,1,3,4,1,2,3,4,2,1,0.436716086756839,0.245864081673279,0.344407664567523, 0.0017717, 0.0029667,-0.0020377, 0.0005089,-0.0005359,buy
2021-10-25,0,3,3,2,2,1,0,2,1,3,3,1,4,3,3,2,1,0.430842599600241,0.238516472578879,0.339936517334386, 0.0102664, 0.0081331, 0.0082884, 0.0114194, 0.0110052,buy
2021-10-26,0,4,0,2,2,0,1,2,2,3,2,1,3,3,4,3,0,0.423813659091938,0.231235514510373,0.335483311504626,-0.0053882,-0.0094163,-0.0061844,-0.0098599,-0.0093090,sell
2021-10-27,0,2,1,1,4,1,1,1,2,4,2,2,4,3,3,2,1,0.415776425840756,0.224020318787413,0.331047299519768, 0.0108000, 0.0141909, 0.0145622, 0.0123034, 0.0141323,buy
2021-10-28,0,1,0,3,4,2,1,1,1,4,3,1,4,3,3,1,2,0.40686108038527,0.216881549574144,0.326629228938288,-0.0037604, 0.0002794,-0.0052092,-0.0017026,-0.0021666,sell
2021-10-29,0,1,2,3,2,2,1,1,1,3,4,0,5,1,3,1,2,0.397197803264055,0.209812986108149,0.322229847318657, 0.0144373, 0.0072405, 0.0071561, 0.0046279, 0.0025660,buy
2021-10-30,0,3,2,2,3,1,1,1,3,3,4,1,4,3,3,2,2,0.386903029244532,0.202819960471498,0.317852892453248,-0.0107796,-0.0071428,-0.0072749,-0.0086801,-0.0102422,sell
2021-10-31,0,3,2,3,2,2,1,2,3,2,3,2,3,3,4,3,2,0.376084298771613,0.195906027385574,0.313493131432741, 0.0177032, 0.0229193, 0.0207496, 0.0074598, 0.0075162,buy
2021-11-01,0,3,3,4,2,2,2,2,2,3,4,2,3,3,4,4,3,0.364839449392922,0.189072964211065,0.309155797166454, 0.0113822, 0.0290161, 0.0176335, 0.0187401, 0.0066320,buy
2021-11-02,0,3,2,4,2,1,2,0,2,3,4,1,2,3,3,4,2,0.353259850057894,0.182320770947973,0.304842384771337,-0.0110011,-0.0157013,-0.0153015,-0.0137521,-0.0181979,sell
2021-11-03,1,4,2,2,2,1,1,0,2,3,3,1,2,4,3,3,2,0.34142312394481,0.175656557039059,0.300545418662648,-0.0135152,-0.0146768,-0.0174662,-0.0149616,-0.0218019,sell
2021-11-04,1,3,0,3,0,2,0,1,2,3,2,1,2,1,3,3,3,0.329393148460797,0.169080322484324,0.29627461710055,-0.0047390,-0.0067640,-0.0082922,-0.0043136,-0.0065114,sell
2021-11-05,1,1,1,2,0,2,1,1,3,3,2,2,2,2,1,3,3,0.317245929634589,0.162592955964112,0.29202773740962,-0.0166951,-0.0131045,-0.0183337,-0.0077631,-0.0131505,sell
2021-11-06,1,2,0,3,1,1,2,1,3,1,1,3,3,1,2,3,2,0.3050210876301,0.15620067824084,0.287804032031386,-0.0258204,-0.0246573,-0.0242424,-0.0239999,-0.0267741,sell
2021-11-07,2,0,0,4,1,1,1,2,3,2,1,3,3,1,2,4,2,0.292773605531945,0.149901711953817,0.283604996082794,-0.0149000,-0.0112373,-0.0123550,-0.0043901,-0.0114422,sell
2021-11-08,2,1,2,3,0,1,1,1,3,2,2,3,3,0,3,3,2,0.280545529228361,0.143710275988568,0.279431377122319, 0.0164391, 0.0000301, 0.0133188, 0.0106955, 0.0068520,buy
2021-11-09,2,3,2,2,0,1,2,1,3,2,4,2,4,1,3,3,1,0.268370010285071,0.137605930697152,0.275285417825382, 0.0034636, 0.0057939, 0.0106776, 0.0034236, 0.0048818,buy
2021-11-10,3,3,1,2,0,2,2,2,2,4,3,3,4,1,4,4,2,0.256289094590311,0.13161267044889,0.271164875516563, 0.0118972, 0.0080896, 0.0065575, 0.0079576, 0.0120646,buy
2021-11-11,3,3,1,2,0,2,3,2,2,4,5,3,4,1,4,3,2,0.244324613662973,0.125723385801021,0.267072740429756, 0.0006696, 0.0034032, 0.0033173, 0.0111702,-0.0000049,buy
2021-11-12,2,2,2,1,0,2,3,2,4,3,5,3,2,3,4,2,2,0.232503250470591,0.11994252015527,0.263009012564963,-0.0225402,-0.0242506,-0.0203181,-0.0112641,-0.0215265,sell
2021-11-13,2,2,2,2,0,2,3,3,5,3,5,4,3,3,5,3,1,0.220847645106829,0.114270962191983,0.258974439480656,-0.0269831,-0.0345566,-0.0287113,-0.0053555,-0.0300853,sell
2021-11-14,2,2,2,1,0,2,2,3,3,2,5,3,2,2,3,4,0,0.209378011941032,0.108714043993232,0.254970516293785, 0.0044441, 0.0104162, 0.0047357,-0.0011923,-0.0001501,buy
2021-11-15,1,2,2,0,1,2,2,2,3,3,5,3,1,1,3,4,1,0.19811133104345,0.103273542919706,0.250994252770452, 0.0189408, 0.0209244, 0.0207650, 0.0101129, 0.0122335,buy
2021-11-16,0,2,3,0,0,2,2,1,3,3,4,1,3,2,2,3,1,0.187068625358199,0.0979467929303702,0.247052376936924, 0.0182510, 0.0202258, 0.0217704, 0.0115952, 0.0112348,buy
2021-11-17,1,2,3,0,0,2,1,2,2,3,3,2,2,2,3,3,1,0.176260406357338,0.0927409034679862,0.243138908325409, 0.0091169, 0.0087420, 0.0100770,-0.0026715,-0.0023000,buy
2021-11-18,1,3,4,0,0,2,1,1,4,4,5,2,2,4,3,3,1,0.165698802662475,0.0876558745325542,0.239258332286751, 0.0153923, 0.0153209, 0.0177315, 0.0087985, 0.0095199,buy
2021-11-19,0,3,3,1,0,1,1,1,4,3,6,1,2,3,2,2,1,0.155400794343858,0.0826970382061454,0.235412891496373, 0.0135631, 0.0142296, 0.0145500, 0.0090618, 0.0164513,buy
2021-11-20,0,2,3,1,2,1,1,1,3,2,5,2,1,3,1,3,1,0.145371232850129,0.0778590624066886,0.231597353044955, 0.0100141, 0.0134209, 0.0094915,-0.0004289,-0.0063963,buy
2021-11-21,0,1,3,2,3,1,0,2,2,2,3,3,2,2,1,3,2,0.135627098251538,0.0731526112983265,0.227816202283343, 0.0096964, 0.0051946, 0.0015967, 0.0068575, 0.0071150,buy
2021-11-22,0,2,2,2,2,1,0,2,3,1,4,2,1,2,1,4,1,0.126178093445369,0.0685732414793329,0.224071681886957, 0.0196124, 0.0177874, 0.0211639, 0.0141799, 0.0092574,buy
2021-11-23,0,0,4,1,2,3,0,1,3,1,3,2,2,2,1,3,2,0.117030687029814,0.064125396351434,0.220360801621903, 0.0198775, 0.0198383, 0.0285049, 0.0127204, 0.0152293,buy
2021-11-24,0,1,3,1,1,3,0,1,2,0,1,2,4,1,1,2,1,0.108194581902156,0.0598126306360108,0.21668729928055,-0.0000556, 0.0030141, 0.0029134, 0.0049405, 0.0039453,buy
2021-11-25,0,2,1,1,1,1,0,1,2,2,0,3,4,0,1,1,2,0.09967705523536,0.055634055652718,0.213048932187476,-0.0018412,-0.0006001, 0.0014290,-0.0008149,-0.0017332,buy
2021-11-26,0,3,1,0,3,1,0,1,3,1,1,2,5,1,1,1,2,0.0914853842023895,0.051595003483627,0.209447943018103, 0.0082901, 0.0065108, 0.0059066, 0.0021593, 0.0068191,buy
2021-11-27,0,3,2,2,2,1,0,1,4,0,1,1,4,2,3,2,2,0.0836341231491724,0.0476954741287378,0.205885826889379, 0.0134876, 0.0063267, 0.0028093, 0.0007622, 0.0007107,buy
2021-11-28,0,2,4,3,2,1,0,3,5,0,1,2,5,4,4,2,2,0.0761240806504823,0.043937244948741,0.202362583801305, 0.0026590, 0.0002756,-0.0079867, 0.0008539,-0.0000352,buy
2021-11-29,0,4,3,3,4,1,0,4,4,0,2,2,5,4,4,4,2,0.0689698110522469,0.0403238706650173,0.198881203987776,-0.0033614,-0.0149682,-0.0172335,-0.0068769,-0.0179428,sell
2021-11-30,1,5,3,1,4,0,1,4,5,2,2,3,5,6,4,3,3,0.0621769743778826,0.0368535739168764,0.195437949656422,-0.0002731, 0.0000635, 0.0017125, 0.0027421, 0.0016303,buy
2021-12-01,1,3,2,1,3,1,1,2,5,4,2,2,6,5,4,3,1,0.0557455706273894,0.0335307981060445,0.19203207324877, 0.0070446,-0.0055883, 0.0017303, 0.0008107,-0.0019527,buy
2021-12-02,2,2,2,1,2,1,0,2,7,3,3,2,5,5,3,3,1,0.0496933884457899,0.0303555432325215,0.188671797908032, 0.0063563,-0.0134170,-0.0148149,-0.0170717,-0.0165761,sell
2021-12-03,2,2,2,0,2,0,1,4,7,2,3,2,5,6,2,2,2,0.0440228535574056,0.0273313640176883,0.185351890724893,-0.0043979,-0.0151362,-0.0178309,-0.0114415,-0.0123187,sell
2021-12-04,1,1,1,0,3,0,4,4,6,2,3,2,4,5,3,3,2,0.0387404345604264,0.0244609265025808,0.182076837050194, 0.0072541,-0.0087540,-0.0154133,-0.0144188,-0.0145642,sell
2021-12-05,1,0,1,1,1,0,5,4,5,3,4,3,4,4,3,2,1,0.0338574515016851,0.0217433420068535,0.178845141766989, 0.0021408,-0.0073149, 0.0007745, 0.0029285, 0.0010784,buy
2021-12-06,3,0,1,0,1,0,2,3,5,2,3,3,3,4,1,2,1,0.0293763301055029,0.0191812765715424,0.175658299992225,-0.0065883,-0.0126973,-0.0128315, 0.0013398,-0.0096184,sell
2021-12-07,4,1,0,0,1,0,3,2,5,2,3,2,4,3,2,2,2,0.0253075818439386,0.016773841516302,0.172516311725903,-0.0008502,-0.0103086,-0.0088156,-0.0042460, 0.0016056,sell
2021-12-08,2,0,0,0,0,0,5,2,3,4,2,1,5,3,2,1,2,0.0216601010395038,0.0145263689232038,0.169419176968022, 0.0061209, 0.0016935, 0.0072696, 0.0062463, 0.0129513,buy
2021-12-09,2,1,0,1,0,0,7,1,4,4,4,3,4,4,1,2,2,0.0184355048417458,0.0124406361529384,0.166368390835531, 0.0060565, 0.0111304, 0.0065080, 0.0051457, 0.0093245,buy
2021-12-10,2,2,0,1,0,0,5,3,4,3,3,3,3,4,2,3,2,0.0156467304470448,0.0105113111234342,0.163369933796222, 0.0247295, 0.0093497, 0.0272892, 0.0232892, 0.0336234,buy
2021-12-11,2,1,1,1,0,0,5,3,5,2,4,3,2,4,2,3,2,0.013293777855401,0.00874461459710791,0.160417077823827, 0.0098172,-0.0000386, 0.0091703, 0.0091507, 0.0097157,buy
2021-12-12,1,1,1,2,0,0,5,3,4,2,4,4,1,3,3,3,1,0.0113895842631943,0.00713965789361434,0.157512065593771, 0.0042254,-0.0007253, 0.0051474, 0.0063241, 0.0063037,buy
2021-12-13,1,1,0,2,0,0,7,3,3,4,5,2,2,4,3,3,2,0.0099390011190675,0.00569999573433437,0.154657887339948, 0.0059081, 0.0020608, 0.0129685, 0.0081286, 0.0091590,buy
2021-12-14,2,3,0,1,1,0,3,2,2,5,4,2,2,4,2,3,2,0.00894849702121055,0.00442385075857757,0.15185304794541, 0.0146307,-0.0021436, 0.0086854, 0.0097248, 0.0260641,buy
2021-12-15,2,4,0,1,0,0,3,2,2,3,3,1,3,3,3,3,1,0.00842130626871853,0.00331211164668916,0.149099790085581, 0.0030524,-0.0060817, 0.0041050, 0.0098207, 0.0030873,buy
2021-12-16,1,2,2,1,0,1,3,1,2,2,3,2,2,3,2,2,1,0.00836308888500775,0.00236566707901438,0.146398113760458,-0.0295647,-0.0273729,-0.0292099,-0.0273759,-0.0312825,sell
2021-12-17,1,2,1,3,0,1,5,1,1,1,4,2,0,3,3,3,1,0.0087827391925896,0.00158540573589845,0.14374727141157, 0.0053940, 0.0001863, 0.0023427, 0.0032656, 0.0028630,buy
2021-12-18,1,3,3,4,2,0,5,2,1,1,4,1,2,4,4,5,2,0.00968430006533286,0.000973993658377088,0.141149505714337, 0.0061254, 0.0100799, 0.0062180, 0.0057174, 0.0128436,buy
2021-12-19,1,3,2,2,3,0,3,3,1,0,4,1,2,3,3,4,1,0.0110669629284638,0.000523432723343175,0.138607806902656,-0.0137571,-0.0007824,-0.0039449,-0.0026440,-0.0169994,sell
2021-12-20,1,3,2,3,2,0,3,2,2,0,4,2,3,2,3,4,0,0.01293881352972,0.000240832373558593,0.136116942067209,-0.0059332, 0.0040563,-0.0008596, 0.0057163,-0.0044679,sell
2021-12-21,1,2,2,2,1,2,3,2,1,0,4,1,2,3,2,3,1,0.0153030861681965,0.000131524691094721,0.133681396558839,-0.0082632,-0.0034564,-0.0058369,-0.0046043,-0.0128347,sell
2021-12-22,1,2,2,1,1,2,2,2,1,1,4,1,2,2,2,3,1,0.0181557379700245,0.000179513429737404,0.131300422819073, 0.0064814, 0.0099540, 0.0074097, 0.0003463, 0.0035997,buy
2021-12-23,1,4,1,0,4,2,2,3,2,1,4,2,2,3,3,5,1,0.0214991946595254,0.000399906155355574,0.128977011081807, 0.0030092, 0.0049271, 0.0033005, 0.0032501, 0.0029733,buy
2021-12-24,1,4,1,2,4,1,1,3,3,1,4,3,2,4,2,4,2,0.0253342648114727,0.000787370785877834,0.126708171113144, 0.0065946, 0.0044892, 0.0048823, 0.0033082, 0.0036299,buy
2021-12-25,1,2,1,2,2,1,1,3,2,1,2,2,3,3,2,3,1,0.0296577141267716,0.00134012996061372,0.124496893146982,-0.0034654,-0.0023552,-0.0019506,-0.0004040,-0.0070772,sell
2021-12-26,2,2,2,2,2,1,1,3,2,0,2,2,3,3,2,3,2,0.0344606482829106,0.00205907235990846,0.122343924741793, 0.0036794,-0.0107819,-0.0179692, 0.0093621, 0.0048538,buy
2021-12-27,3,4,1,1,3,0,1,3,3,0,1,4,3,4,2,3,2,0.039742258705116,0.002947752705143,0.120249265897579,-0.0063515,-0.0127779,-0.0039476,-0.0039005, 0.0011609,sell
2021-12-28,3,3,2,1,2,0,1,4,3,2,2,4,4,4,2,3,2,0.0454831395988176,0.00400172759459117,0.11821515928976,-0.0163659,-0.0193541,-0.0198434,-0.0129009,-0.0091115,sell
2021-12-29,3,5,2,1,1,1,3,3,3,1,2,4,4,3,4,5,1,0.0516752052162776,0.00522099702825296,0.116237867125967, 0.0027385, 0.0024302, 0.0028175, 0.0025581, 0.0025823,buy
2021-12-30,3,3,2,0,1,1,3,3,4,1,3,3,2,4,2,5,2,0.0583039012115685,0.00660289496509266,0.114323369873992, 0.0079461, 0.0076238, 0.0004085,-0.0004689, 0.0040813,buy
2021-12-31,4,2,1,0,2,0,3,5,3,1,2,4,2,4,3,4,2,0.0653368845937397,0.00815364216752693,0.112468677299938, 0.0020627,-0.0044839,-0.0007946, 0.0054804, 0.0072495,buy
2022-01-01,4,1,1,1,1,0,5,3,4,1,2,3,2,4,4,4,2,0.0727523238438998,0.0098687952338296,0.110675284520755, 0.0164687, 0.0061851, 0.0056061, 0.0201279, 0.0135108,buy
2022-01-02,2,1,2,0,1,0,5,5,3,0,4,3,1,3,4,4,0,0.0805130245224557,0.0117430220819292,0.10894468665339,-0.0033372, 0.0007772,-0.0015692,-0.0006348,-0.0060935,sell
2022-01-03,4,2,1,0,1,0,6,6,3,0,4,4,3,4,3,4,1,0.0885793664654933,0.013780766113552,0.107274641022421,-0.0033046,-0.0047091, 0.0033871, 0.0002167,-0.0003693,buy
2022-01-04,3,1,1,0,0,0,4,5,3,1,3,4,3,2,3,3,0,0.0969028351865867,0.0159811386483528,0.105668885420218,-0.0134848,-0.0153726,-0.0145452,-0.0155897,-0.0067383,sell
2022-01-05,3,0,1,0,0,0,7,3,3,0,3,4,3,2,3,1,1,0.105419553278609,0.0183405849649505,0.104125924729832, 0.0076298, 0.0242285, 0.0288115, 0.0270353, 0.0276842,buy
2022-01-06,1,0,0,0,0,0,6,6,2,1,4,3,3,2,2,1,1,0.114068877633528,0.0208582163829999,0.102649496743635, 0.0034609, 0.0112005, 0.0112106, 0.0120147, 0.0166880,buy
2022-01-07,1,0,0,0,0,0,3,7,5,2,2,4,5,2,2,2,1,0.122766716474873,0.0235340329025011,0.101235116110782,-0.0013022,-0.0063091,-0.0074479,-0.0018938, 0.0031391,sell
2022-01-08,0,1,0,0,0,0,4,6,4,2,3,4,4,1,2,3,0,0.131428169451398,0.0263680345234541,0.0998917535329614, 0.0113580, 0.0117796, 0.0026337, 0.0105830, 0.0073788,buy
2022-01-09,1,0,1,0,0,0,4,5,3,3,3,4,5,0,2,2,1,0.139950547566837,0.0293540004834421,0.0986074480745884,-0.0084394,-0.0008686,-0.0038484,-0.0078225,-0.0034717,sell
2022-01-10,1,1,1,1,0,0,3,4,3,3,3,4,6,1,1,1,1,0.148227118951052,0.0324954855038462,0.0973904228788776, 0.0005734,-0.0052702,-0.0097706, 0.0017752, 0.0048159,buy
2022-01-11,3,1,1,1,0,0,3,5,3,3,3,4,5,2,3,2,1,0.156140640261849,0.0357880461829402,0.096241425504303,-0.0048044,-0.0088691,-0.0125689,-0.0017766, 0.0049160,sell
2022-01-12,2,1,2,1,1,0,2,4,3,3,2,3,5,2,4,1,2,0.163572251007484,0.0392316825207241,0.0951597083923905,-0.0070343,-0.0078490,-0.0052212,-0.0104172, 0.0030960,sell
2022-01-13,2,1,2,3,0,0,4,2,1,3,2,2,2,4,4,3,1,0.170388536350288,0.0428228397958168,0.094143028867718, 0.0109854, 0.0047273, 0.0110691, 0.0041141, 0.0020415,buy
2022-01-14,2,2,1,2,1,1,4,2,1,3,2,3,3,3,3,4,1,0.176477104396706,0.0465606293278733,0.0931973673980779, 0.0025323, 0.0023824, 0.0021610, 0.0025160,-0.0005608,buy
2022-01-15,2,2,2,2,1,1,3,3,1,3,2,3,4,3,3,5,0,0.181722328954092,0.0504450511168935,0.0923152483987298,-0.0037296,-0.0108805,-0.0077531,-0.0016608,-0.0076383,sell
2022-01-16,2,2,2,2,1,1,3,3,1,2,3,2,3,2,3,5,1,0.186020712451405,0.0544725504414964,0.091506390129836,-0.0044911,-0.0078027,-0.0065861,-0.0038068,-0.0023335,sell
2022-01-17,2,1,2,2,2,2,3,3,0,2,1,3,3,3,4,4,1,0.189314846079706,0.0586377952196107,0.0907640645651303,-0.0066274,-0.0059664,-0.0068011,-0.0069734, 0.0021338,sell
2022-01-18,2,1,1,3,3,2,3,3,0,2,1,4,2,3,4,5,1,0.191549746754381,0.0629443401726173,0.0900920094969829, 0.0064483, 0.0065842, 0.0049229, 0.0062295, 0.0151805,buy
2022-01-19,1,2,1,2,2,1,4,3,0,2,1,3,2,2,3,6,1,0.19271490300337,0.0673859645380995,0.0894872346914976, 0.0004922, 0.0004179, 0.0006360, 0.0010883, 0.0028946,buy
2022-01-20,1,2,2,2,2,1,5,2,0,1,3,2,2,3,2,5,1,0.192841849242851,0.0719653343570931,0.0889527303825705, 0.0056191, 0.0068786, 0.0087609, 0.0076781, 0.0075537,buy
2022-01-21,1,2,3,2,1,2,5,2,0,0,3,2,2,3,3,4,1,0.191989611431307,0.0766797835885624,0.0884892441286758,-0.0035986,-0.0020382,-0.0005242,-0.0038806,-0.0021974,sell
2022-01-22,0,2,2,3,1,1,5,3,0,1,2,3,3,2,4,3,1,0.190251984242495,0.0815222027897454,0.0880952808128652,-0.0201134,-0.0109870,-0.0163550,-0.0202698,-0.0193998,sell
2022-01-23,0,2,2,2,2,0,5,3,0,2,3,2,2,2,4,3,2,0.18774621101861,0.0864979240427136,0.0877715879936129, 0.0098014,-0.0022002, 0.0137951, 0.0034100, 0.0025924,buy
2022-01-24,1,2,2,2,2,0,5,3,1,2,3,2,3,4,3,4,1,0.184600046573907,0.0915980605440146,0.0875196607878668, 0.0114060, 0.0087438, 0.0121574, 0.0116956, 0.0112658,buy
2022-01-25,1,2,2,1,0,1,4,2,2,2,2,2,2,3,4,3,1,0.180953374344246,0.0968261670150294,0.0873380040786791,-0.0056917,-0.0124490, 0.0047512,-0.0089692,-0.0020901,sell
2022-01-26,1,2,2,0,0,1,3,4,2,2,2,2,2,2,3,4,2,0.176935566293429,0.102175134012996,0.0872281129829976, 0.0206301, 0.0015874, 0.0146194, 0.0133548, 0.0136828,buy
2022-01-27,1,3,1,0,1,0,5,4,2,2,4,2,2,3,2,4,2,0.172667100062745,0.10764762757895,0.0871952204101405, 0.0204012,-0.0137046, 0.0218647, 0.0111155, 0.0120943,buy
2022-01-28,1,2,1,1,1,0,4,3,2,3,3,0,3,3,3,5,1,0.168259558970975,0.113240981671857,0.0872221325152053,-0.0005556,-0.0042891, 0.0129381,-0.0019112, 0.0121237,buy
2022-01-29,3,1,2,1,0,0,2,3,2,2,3,1,2,2,2,5,1,0.16380350339278,0.118944532127572,0.0873275382600427,-0.0021485,-0.0072295,-0.0074651,-0.0145417,-0.0061950,sell
2022-01-30,4,1,2,0,0,0,2,4,3,1,5,0,2,2,3,4,1,0.159379790805535,0.124764499708513,0.0875039620599124, 0.0094919, 0.0086629, 0.0075166, 0.0080573, 0.0085359,buy
2022-01-31,3,2,1,0,0,0,3,3,3,2,4,1,3,2,1,5,1,0.155049872892046,0.130697329693299,0.0877536465902363, 0.0120475, 0.0124440, 0.0124440,-0.0120613, 0.0139187,buy
2022-02-01,3,1,1,0,0,0,4,4,3,2,4,2,3,1,2,4,2,0.150868732736929,0.136737689999858,0.0880736016171185,-0.0135086,-0.0067541,-0.0096774,-0.0081546,-0.0049558,sell
2022-02-02,4,1,1,0,0,0,2,3,5,1,4,3,2,2,1,4,1,0.146882459102288,0.14288558062819,0.088463827140559,-0.0066409,-0.0056008,-0.0068309,-0.0149937,-0.0046588,sell
2022-02-03,5,1,2,0,0,0,1,2,6,1,4,2,2,2,2,5,1,0.1431225864043,0.14913655817657,0.0889317987452979,-0.0002327,-0.0008803, 0.0000129,-0.0062754,-0.0014892,buy
2022-02-04,4,1,2,0,0,0,1,3,4,1,4,2,2,2,2,4,0,0.139621457633916,0.155490622644997,0.089470040846595, 0.0103366, 0.0112691, 0.0101709, 0.0085484, 0.0103366,buy
2022-02-05,3,1,2,0,0,0,3,1,4,2,4,2,1,1,3,4,1,0.136400095735253,0.1619424419514,0.0900785534444504,-0.0035728,-0.0029938,-0.0037402,-0.0073577,-0.0034688,sell
2022-02-06,3,3,2,0,0,0,3,2,4,1,4,2,3,2,3,3,1,0.133485183675846,0.168494682136814,0.0907603267727602,-0.0083556,-0.0081464,-0.0110644,-0.0083452,-0.0058464,sell
2022-02-07,4,2,4,0,0,0,2,2,4,2,4,2,3,3,3,4,1,0.130890467226847,0.175134901676407,0.0915146132730502,-0.0085561,-0.0078897,-0.0087266,-0.0075850,-0.0044865,sell
2022-02-08,4,2,5,2,0,0,2,1,5,1,4,3,3,3,3,4,2,0.128633735033281,0.181870210012939,0.0923444031792167, 0.0165878, 0.0141845, 0.0199402, 0.0218795, 0.0186482,buy
2022-02-09,3,2,3,2,0,0,2,1,3,1,3,2,3,2,3,3,1,0.126724689992432,0.188694386383995,0.0932392306726232,-0.0053786,-0.0071766,-0.0079404,-0.0038622,-0.0148332,sell
2022-02-10,3,1,3,1,2,0,4,1,1,2,3,2,2,2,4,4,1,0.125177886450227,0.195604764748539,0.0942095615719062,-0.0084971, 0.0011316, 0.0069174,-0.0069365, 0.0012674,sell
2022-02-11,2,2,3,1,1,0,3,2,1,1,3,1,2,2,4,4,0,0.124002218729179,0.202598679065535,0.0952524056431694,-0.0179259,-0.0149781,-0.0178285,-0.0110253,-0.0147452,sell
2022-02-12,2,2,3,1,1,2,4,1,2,0,3,2,2,3,3,4,1,0.123203346852704,0.209673463293947,0.0963655202109909,-0.0014828, 0.0104477, 0.0089091, 0.0023825,-0.0003257,buy
2022-02-13,2,1,4,1,1,3,4,1,1,0,3,2,2,3,3,4,1,0.122795825166728,0.216829117433776,0.0975496528338447, 0.0079901, 0.0157851, 0.0223161,-0.0068145, 0.0083347,buy
2022-02-14,2,1,2,2,0,1,4,1,0,0,2,1,3,3,2,2,0,0.122778036521705,0.224057643361913,0.0988077937456268,-0.0064555,-0.0047768,-0.0034595,-0.0054861,-0.0044496,sell
2022-02-15,2,1,0,1,4,1,3,0,0,1,1,2,2,2,3,2,1,0.123154023791504,0.231362595799741,0.100133214920071,-0.0031199,-0.0041664,-0.0023093,-0.0100104,-0.0049373,sell
2022-02-16,2,2,0,2,4,1,3,1,0,0,0,4,1,3,3,2,2,0.123939149896826,0.238740420025878,0.101531149266496,-0.0064097,-0.0032077,-0.0091364,-0.0032597,-0.0036181,sell
2022-02-17,2,1,3,3,1,1,3,2,0,0,1,4,1,3,3,2,2,0.125123711940385,0.246185783958253,0.10299785899253,-0.0130372,-0.0029406, 0.0036640,-0.0066932,-0.0004062,sell
2022-02-18,1,0,4,2,1,2,3,2,2,0,1,3,4,3,3,2,1,0.126719838543789,0.253697798916521,0.104537081890545,-0.0111482, 0.0063051,-0.0002069,-0.0136944, 0.0001357,sell
2022-02-19,1,3,1,2,2,0,3,2,2,0,1,3,3,3,3,2,1,0.128724295407942,0.261274687539991,0.106146575285119,-0.0047064,-0.0016912,-0.0018491,-0.0009525,-0.0228702,sell
2022-02-20,1,1,1,1,3,0,3,2,2,3,2,3,4,3,3,1,1,0.131148402579677,0.268918227189353,0.107827834293198,-0.0122284,-0.0030233,-0.0108827,-0.0127677,-0.0125270,sell
2022-02-21,1,1,0,2,1,1,2,2,2,2,1,2,5,1,3,2,0,0.133982457161709,0.276615087659429,0.109574130888518, 0.0003697, 0.0015617,-0.0089601, 0.0057223,-0.0087868,sell
2022-02-22,1,1,2,1,0,1,3,2,4,2,2,3,5,0,4,2,1,0.137234544901774,0.284374155753672,0.111392193097344, 0.0056756, 0.0024617, 0.0079829, 0.0043122, 0.0046987,buy
2022-02-23,1,2,1,0,0,0,3,4,5,1,2,4,5,1,2,1,2,0.140906282949422,0.292188322029319,0.11327903068578, 0.0094956, 0.0068964, 0.0037217, 0.0060418, 0.0096123,buy
2022-02-24,2,1,0,0,1,0,4,5,3,3,2,4,5,2,2,2,2,0.144992819856009,0.300055809125681,0.115236138770775,-0.0000166,-0.0091188,-0.0099568, 0.0041235, 0.0097084,buy
2022-02-25,3,0,0,1,0,0,4,2,3,2,1,3,3,3,2,2,1,0.149498198495404,0.307973062321375,0.117259779559957, 0.0250741, 0.0217162, 0.0203300, 0.0204450, 0.0210563,buy
2022-02-26,4,1,1,0,0,0,2,3,4,1,3,2,2,2,3,4,0,0.154417567418965,0.315941858977093,0.119351448170276, 0.0157900, 0.0141359, 0.0128376, 0.0137147, 0.0191635,buy
2022-02-27,8,3,0,0,0,0,2,5,4,1,5,3,3,4,2,5,1,0.159755778075333,0.323955978330418,0.121511892160205,-0.0133650,-0.0183598,-0.0134213,-0.0116663,-0.0114911,sell
2022-02-28,6,2,0,0,0,0,2,5,3,2,5,2,3,3,2,5,0,0.165510404740189,0.332010088299279,0.123738121295848,-0.0105834,-0.0167155,-0.0115927,-0.0135385,-0.0101910,sell
2022-03-01,6,2,0,0,0,0,6,4,3,0,5,3,3,4,2,3,1,0.171682255988305,0.340108632285402,0.126030883135679,-0.0088348,-0.0107102,-0.0084200,-0.0089861,-0.0031078,sell
2022-03-02,6,2,0,0,0,0,3,7,3,0,5,3,2,4,2,4,1,0.17826890609536,0.348244500846024,0.12838868256275,-0.0033974,-0.0116373,-0.0051696,-0.0042759,-0.0011202,sell
2022-03-03,7,2,0,0,0,0,2,8,4,0,4,4,2,5,2,4,2,0.18526712076226,0.356417693981146,0.130813014694009, 0.0018463,-0.0112791, 0.0030992, 0.0036142, 0.0026144,buy
2022-03-04,5,2,0,0,0,0,3,6,4,0,4,3,1,4,2,5,1,0.192679325713325,0.364621990928351,0.133303879529457, 0.0018074,-0.0005014,-0.0019071,-0.0010583, 0.0002287,buy
2022-03-05,5,2,0,0,0,0,4,4,2,1,4,2,2,4,2,4,0,0.20050228664946,0.372860057728675,0.135853801484352,-0.0080452,-0.0068120,-0.0065678,-0.0042194, 0.0003593,sell
2022-03-06,6,3,0,0,0,0,4,6,1,3,4,3,3,6,2,4,1,0.208735194995892,0.381127450980392,0.138475489052754, 0.0057764,-0.0071274, 0.0039087, 0.0048148, 0.0159614,buy
2022-03-07,5,5,0,0,0,0,3,5,2,1,4,3,3,5,2,3,1,0.217378859327395,0.389420615962121,0.141156233740603,-0.0064301,-0.0096732,-0.0118157,-0.0133456,-0.0006574,sell
2022-03-08,5,3,3,0,0,0,3,3,1,1,3,4,2,4,3,2,1,0.2264292367701,0.397735997952481,0.143899025781797,-0.0012013,-0.0066734,-0.0090874,-0.0050456,-0.0042952,sell
2022-03-09,5,3,2,2,0,0,5,3,0,1,4,5,1,4,2,3,2,0.235883093024911,0.406075374312161,0.146706107851756, 0.0061904, 0.0090102, 0.0092131,-0.0037280, 0.0086919,buy
2022-03-10,4,2,1,3,1,0,5,5,0,2,5,4,3,4,2,3,2,0.245743662390923,0.414431635598402,0.149572994599638, 0.0169310, 0.0131213, 0.0197699, 0.0123856, 0.0131827,buy
2022-03-11,3,2,0,1,3,0,4,6,0,1,4,4,5,2,2,1,2,0.256005284844721,0.422806559171892,0.152501181142389,-0.0108304,-0.0090916,-0.0103419,-0.0063194,-0.0096404,sell
2022-03-12,3,1,2,1,3,0,3,5,1,0,4,4,5,0,3,1,2,0.266667960386305,0.431194812950561,0.155489172363062,-0.0035589,-0.0023348,-0.0017676,-0.0014560, 0.0054901,sell
2022-03-13,2,0,2,1,1,2,3,5,0,0,3,4,4,1,2,1,1,0.277726028992257,0.439597285614754,0.158539958495554,-0.0099563,-0.0073388,-0.0033193,-0.0107213,-0.0072582,sell
2022-03-14,2,0,0,2,1,3,3,5,1,1,3,4,4,2,1,2,2,0.289185150685995,0.448008645082398,0.161646063955123,-0.0015016, 0.0044765, 0.0057529, 0.0029334, 0.0150320,buy
2022-03-15,2,1,0,0,3,1,2,5,2,2,1,3,4,3,1,5,1,0.301033196845912,0.456428891353496,0.16481122653414, 0.0061466, 0.0067912, 0.0069716,-0.0004832, 0.0043133,buy
2022-03-16,2,1,1,1,3,0,2,5,2,1,0,4,3,4,0,5,2,0.31327501892065,0.46485535838701,0.168035446232604,-0.0011311, 0.0037461, 0.0146098, 0.0145570, 0.0157890,buy
2022-03-17,3,0,1,3,3,2,2,5,2,2,2,5,4,3,1,5,3,0.325904148312019,0.473283602781214,0.171316480375095,-0.0083163, 0.0010721, 0.0113247, 0.0159077, 0.0119725,buy
2022-03-18,3,0,2,4,1,1,1,5,2,2,1,4,4,3,2,5,2,0.338917350720925,0.481715401896799,0.174653581403137, 0.0037534, 0.0015489, 0.0064687, 0.0069935, 0.0054009,buy
2022-03-19,2,1,3,1,3,0,1,5,2,2,2,3,3,3,2,5,2,0.352316243296915,0.490146312332039,0.178046001758258, 0.0010481, 0.0063240, 0.0114295, 0.0012658, 0.0118163,buy
2022-03-20,3,3,1,2,2,0,2,3,1,3,3,2,4,3,3,3,2,0.366088697418383,0.498576334086934,0.181495236557404, 0.0216336, 0.0107519, 0.0224318, 0.0207744, 0.0266907,buy
2022-03-21,3,1,1,2,0,1,1,2,1,5,3,2,3,1,3,4,1,0.380236330234875,0.507000135079412,0.184998295566679, 0.0023444,-0.0045298,-0.0056868, 0.0086092, 0.0000603,buy
2022-03-22,3,1,2,0,0,0,2,3,2,3,4,1,3,2,3,3,0,0.394755098872523,0.51542038135051,0.188555926344559, 0.0038801, 0.0071295, 0.0057648, 0.0058862, 0.0029669,buy
2022-03-23,4,2,0,0,1,0,2,3,2,3,4,2,2,1,3,4,1,0.409632066134948,0.523830852137809,0.192166633774094,-0.0094357,-0.0174993,-0.0146619,-0.0104956, 0.0004956,sell
2022-03-24,4,0,0,1,0,0,3,6,4,3,3,4,2,3,4,3,2,0.42486318914828,0.532231547441312,0.195829670296811, 0.0146419,-0.0122033, 0.0041901, 0.0148517, 0.0158742,buy
2022-03-25,3,0,1,1,0,0,3,6,1,1,1,4,1,2,3,4,1,0.440440382164781,0.540621578580671,0.199544288354235,-0.0049420,-0.0065093,-0.0087681,-0.0126852,-0.0080480,sell
2022-03-26,4,1,1,0,0,0,5,3,3,1,2,3,3,2,3,4,1,0.456355559436715,0.548995613473816,0.203309740387893, 0.0018657,-0.0036016,-0.0056220,-0.0020507, 0.0153635,buy
2022-03-27,4,1,0,0,0,0,2,5,1,2,2,3,2,2,2,4,0,0.472590123744283,0.557353652120747,0.207124531280837,-0.0105575,-0.0104187,-0.0109160,-0.0109160,-0.0034730,sell
2022-03-28,6,0,0,0,0,0,6,5,1,2,3,3,2,2,5,3,2,0.489139223638845,0.565694805841118,0.210987165916118,-0.0010939,-0.0051805,-0.0037806,-0.0015056, 0.0074646,buy
2022-03-29,3,0,0,0,0,0,6,5,1,0,2,2,2,2,4,2,1,0.505976176152866,0.574015519913549,0.214901382086107, 0.0103058, 0.0279325, 0.0188838, 0.0273811, 0.0292619,buy
2022-03-30,4,0,0,0,0,0,7,6,1,0,3,2,2,1,5,3,2,0.523089661239513,0.582310462255968,0.218861199323011, 0.0080072,-0.0024563,-0.0009046,-0.0047506,-0.0026103,buy
2022-03-31,4,0,0,0,0,0,8,8,1,0,3,2,2,2,6,3,3,0.540453804506026,0.590581410229066,0.222869607860727, 0.0022504,-0.0050935,-0.0064274,-0.0076395,-0.0105761,sell
2022-04-01,2,0,0,0,0,0,10,5,2,0,3,2,3,1,5,3,2,0.558043540134418,0.598825697791807,0.226920627231462,-0.0082644,-0.0061245,-0.0109073,-0.0129664,-0.0124006,sell
2022-04-02,2,0,0,0,0,0,8,2,3,1,3,1,3,2,3,2,2,0.575832185157155,0.607044213624536,0.231017995227587, 0.0007559, 0.0036742, 0.0027546, 0.0028923, 0.0029084,buy
2022-04-03,3,1,0,0,0,0,6,3,0,0,2,0,3,2,2,3,1,0.593778502260775,0.61522451620242,0.235160964290627,-0.0020697, 0.0000308, 0.0166940, 0.0003551, 0.0043696,buy
2022-04-04,2,0,1,0,0,0,5,1,2,3,2,1,2,2,2,3,2,0.611848531304781,0.62337193760753,0.239344301511264, 0.0076788,-0.0044295,-0.0042955,-0.0054466,-0.0097233,sell
2022-04-05,1,3,1,1,0,0,6,1,2,1,2,2,1,3,3,2,3,0.629999417826163,0.631483811798831,0.243573239798817,-0.0181533,-0.0206412,-0.0203678,-0.0174334,-0.0189401,sell
2022-04-06,1,1,2,1,0,0,7,0,2,2,3,2,3,2,3,2,1,0.648175370165531,0.639558361415632,0.247843293802441,-0.0241617,-0.0007935,-0.0000351,-0.0159610,-0.0011684,sell
2022-04-07,1,2,3,1,1,0,7,1,2,2,4,2,4,3,4,2,1,0.666326256686913,0.647592920416898,0.252152220846715,-0.0146533, 0.0040708, 0.0045788,-0.0185063, 0.0040319,sell
2022-04-08,1,2,1,3,0,0,5,0,4,1,3,2,3,2,4,1,2,0.68439224285705,0.655583045400902,0.256498525814689,-0.0148954,-0.0153630,-0.0185573, 0.0067755,-0.0201785,sell
2022-04-09,1,0,2,1,2,1,7,0,4,1,4,2,4,3,4,1,1,0.702313494142684,0.663531402408679,0.260888189174157,-0.0124592,-0.0002931,-0.0006308,-0.0132599, 0.0010007,sell
2022-04-10,1,0,0,2,2,1,6,0,2,2,3,2,4,3,2,1,1,0.720019664538498,0.671429104636779,0.26531224022343, 0.0116995, 0.0103634, 0.0087449, 0.0091015, 0.0119457,buy
2022-04-11,1,0,0,2,2,1,5,0,2,2,4,1,4,2,3,1,0,0.737442025188721,0.679280595486926,0.269775164313353, 0.0121664, 0.0108651, 0.0085589, 0.0073303, 0.0103722,buy
2022-04-12,1,1,0,0,3,3,5,0,1,1,3,1,3,3,3,1,1,0.754511038662811,0.68708232023774,0.274273971210028, 0.0132417, 0.0135615, 0.0052538, 0.0164274, 0.0094600,buy
2022-04-13,0,0,1,1,0,1,3,2,2,0,2,0,2,2,1,1,2,0.771162018978867,0.694828946807149,0.278810156030405,-0.0044517,-0.0091753,-0.0241655,-0.0018187,-0.0119195,sell
2022-04-14,0,1,1,1,2,2,3,3,3,1,3,1,3,5,2,2,1,0.787316534383834,0.702522252555845,0.283379233423638, 0.0092540, 0.0060139, 0.0057581, 0.0043434, 0.0040623,buy
2022-04-15,1,2,1,3,3,0,3,3,3,1,2,2,2,6,2,4,2,0.802918793218322,0.7101577940821,0.287981950948203,-0.0010617,-0.0004373, 0.0022398,-0.0005347,-0.0007674,buy
2022-04-16,1,2,2,2,3,0,3,3,3,2,3,2,3,6,2,3,2,0.817906535224751,0.717735571385915,0.292618308604099, 0.0046261, 0.0046261, 0.0077352, 0.0046261, 0.0038205,buy
2022-04-17,1,2,2,3,0,1,3,3,3,2,3,1,3,5,2,3,3,0.832230437341924,0.725253807106599,0.297287558832852,-0.0050756,-0.0023233,-0.0094312,-0.0028387,-0.0031682,sell
2022-04-18,1,4,3,1,0,1,3,2,3,2,4,1,2,5,2,3,3,0.845841985083412,0.732710723883462,0.30198745895904, 0.0048328, 0.0106483, 0.0042262, 0.0073645, 0.0069386,buy
2022-04-19,1,4,1,0,1,0,1,2,4,3,3,2,1,5,0,3,3,0.858703175434851,0.740102766995123,0.306718008982663, 0.0039814, 0.0068273, 0.0038974, 0.0052896, 0.0063116,buy
2022-04-20,1,2,0,1,1,0,1,2,4,4,2,1,2,4,1,4,2,0.870788942578254,0.747428159080891,0.311481451579143, 0.0000163,-0.0004977,-0.0001970,-0.0049782, 0.0040160,buy
2022-04-21,1,0,1,1,0,0,1,2,4,4,1,2,1,3,2,4,1,0.882070986396538,0.754687788821112,0.316271058722213,-0.0109758,-0.0123428,-0.0063293,-0.0062283,-0.0088934,sell
2022-04-22,1,0,1,0,0,0,1,2,7,2,1,2,2,2,3,2,2,0.892533943969002,0.761884322256822,0.321089073087297,-0.0082407,-0.0061390, 0.0023685, 0.0080779,-0.0177786,sell
2022-04-23,2,1,0,0,0,0,3,3,6,1,3,2,4,1,3,1,2,0.902167303823588,0.76900087446146,0.325933999557445, 0.0043113, 0.0004221,-0.0001365,-0.0069322,-0.0017949,buy
2022-04-24,2,0,0,0,0,0,5,2,4,2,3,2,4,0,3,1,2,0.910971065960296,0.776046332238479,0.330805090574185,-0.0101072,-0.0046648,-0.0074063,-0.0037233,-0.0069689,sell
2022-04-25,4,0,1,0,0,0,5,1,4,1,3,2,4,2,3,0,2,0.918941187505256,0.783019806907535,0.335700103462093, 0.0098071, 0.0070442, 0.0101110, 0.0031332,-0.0003619,buy
2022-04-26,5,0,1,0,0,0,2,2,5,1,2,2,4,2,3,1,2,0.926082519907111,0.789914189025864,0.340622028455066, 0.0115003, 0.0097949, 0.0144552, 0.0050388, 0.0121516,buy
2022-04-27,5,1,1,0,0,0,2,3,6,1,3,1,4,5,3,1,2,0.932404766063146,0.796727701232777,0.345562642409889, 0.0026335,-0.0069833, 0.0015096,-0.0040902, 0.0055580,buy
2022-04-28,2,1,1,0,0,0,3,5,6,1,3,2,3,4,3,3,1,0.93790954312291,0.80346300956931,0.350529420911304, 0.0091595,-0.0045191,-0.0018977, 0.0023209,-0.0031494,buy
2022-04-29,3,1,1,0,0,0,5,5,6,1,4,2,3,5,2,4,2,0.942614639731424,0.810113893273045,0.355516383491517,-0.0100326,-0.0058471,-0.0104950,-0.0106066, 0.0007114,sell
2022-04-30,4,2,1,0,0,0,3,8,6,1,5,3,3,6,1,4,3,0.946527333061652,0.816679463663638,0.360524277709002,-0.0073909,-0.0051140,-0.0077486,-0.0053753, 0.0025148,sell
2022-05-01,4,2,1,0,0,0,1,7,7,1,4,2,4,5,2,4,2,0.949658134585654,0.823158832060743,0.365549365771391,-0.0009540,-0.0049676,-0.0106831,-0.0027859,-0.0052994,sell
2022-05-02,3,2,2,0,0,0,0,4,8,1,4,1,3,5,2,3,2,0.95202240722413,0.829548443742979,0.370594637912578, 0.0203502, 0.0149582, 0.0065860, 0.0160462, 0.0250462,buy
2022-05-03,2,2,1,1,0,0,1,4,4,1,2,2,1,5,1,4,1,0.953625811000498,0.835847410030002,0.375655608781719, 0.0259133, 0.0281796, 0.0268119, 0.0298354, 0.0268980,buy
2022-05-04,2,3,1,0,1,0,1,5,4,3,3,2,2,4,2,5,2,0.954487751709327,0.842056619602156,0.380734521054237,-0.0021146, 0.0020330, 0.0019686,-0.0021364, 0.0020973,buy
2022-05-05,2,5,1,1,1,0,0,4,4,2,4,3,1,3,2,5,2,0.954613889374034,0.848162742254262,0.385828384496235, 0.0091643, 0.0107488, 0.0078717, 0.0089922, 0.0102232,buy
2022-05-06,2,4,2,1,1,1,0,3,4,0,3,2,1,3,3,4,2,0.954017969765772,0.854178219511155,0.390937199107714, 0.0094041, 0.0089773, 0.0042663, 0.0080981, 0.0079763,buy
2022-05-07,1,1,3,1,1,1,0,3,3,0,2,2,1,2,3,2,2,0.952712930080922,0.860092387208691,0.396058722213252, 0.0006062, 0.0020908,-0.0080550,-0.0021554,-0.0135060,sell
2022-05-08,1,1,1,3,1,0,0,3,3,1,2,3,1,1,2,3,2,0.950713324665412,0.86590524534687,0.401194448929795,-0.0064710,-0.0026118,-0.0055185, 0.0016133,-0.0014928,sell
2022-05-09,1,2,0,2,4,1,0,2,3,1,3,2,1,1,3,4,2,0.948035325014716,0.871618571286383,0.406339146348027,-0.0028564,-0.0173622,-0.0077006,-0.0034188,-0.0098068,sell
2022-05-10,1,2,1,1,3,0,0,1,3,0,1,1,0,2,2,4,2,0.944699145498179,0.877223478223777,0.411504027845058,-0.0010519, 0.0008846, 0.0004696,-0.0006285, 0.0102743,buy
2022-05-11,1,1,2,1,2,3,0,1,2,1,1,2,3,2,4,1,1,0.940722574760824,0.882726186921469,0.416671152017511, 0.0078628,-0.0031707,-0.0065633,-0.0018121,-0.0076666,buy
2022-05-12,1,1,1,2,1,3,2,1,2,1,1,1,3,1,6,2,1,0.936133104344957,0.888120476617043,0.42184126642386, 0.0072103, 0.0079522, 0.0057284, 0.0091859, 0.0028901,buy
2022-05-13,1,2,1,1,3,1,2,1,3,1,1,2,3,1,6,2,1,0.930971162989269,0.893403681269462,0.427028574675111, 0.0191017, 0.0250893, 0.0192794, 0.0212077, 0.0139777,buy
2022-05-14,1,1,1,2,3,0,2,1,3,2,2,3,4,1,5,1,0,0.925265050810839,0.898579355600108,0.432220368277207, 0.0146763, 0.0127191, 0.0121102, 0.0080486, 0.0125918,buy
2022-05-15,1,2,3,3,1,1,2,1,3,2,2,3,4,1,5,2,2,0.919061665146546,0.903637724125183,0.437422627697939, 0.0034344, 0.0023106, 0.0043127,-0.0032919,-0.0012393,buy
2022-05-16,1,0,4,1,0,0,2,1,4,2,2,2,3,2,3,1,2,0.912415180506232,0.908583230246413,0.442629372469515, 0.0019799, 0.0008446,-0.0009768, 0.0017249,-0.0011353,buy
2022-05-17,1,3,2,0,1,0,2,2,5,3,2,3,4,3,3,2,2,0.905394325745668,0.913416762644144,0.447841350150409, 0.0160744, 0.0083428, 0.0278402, 0.0146647, 0.0191770,buy
2022-05-18,1,1,2,1,0,0,3,2,6,4,3,2,3,4,4,2,2,0.898056509673788,0.918132989236304,0.453058560740621,-0.0052125,-0.0056173,-0.0063644,-0.0063124,-0.0024515,sell
2022-05-19,1,1,3,0,0,0,3,2,6,2,2,1,3,3,4,2,3,0.89048663264184,0.922729243981857,0.458279509123204, 0.0082147, 0.0065083, 0.0061019, 0.0053289,-0.0029617,buy
2022-05-20,3,1,2,0,0,0,3,3,8,2,4,2,5,4,3,2,2,0.882759083529008,0.927207304241494,0.463503447739682, 0.0000647,-0.0031208,-0.0051922,-0.0033592,-0.0032541,sell
2022-05-21,3,1,2,0,0,0,2,4,7,1,4,3,3,3,3,3,1,0.874963614135181,0.931560949252798,0.468728133914635, 0.0195266, 0.0212391, 0.0141592, 0.0138839, 0.0211052,buy
2022-05-22,3,0,2,0,0,0,6,2,7,0,5,3,3,4,3,1,1,0.867189976260245,0.935797288458531,0.473953567648062,-0.0061045,-0.0050936,-0.0063043,-0.0060858,-0.0056714,sell
2022-05-23,2,0,2,0,0,0,3,3,7,1,4,2,2,5,2,2,1,0.85952630455454,0.939906546374895,0.479179748939962, 0.0044652, 0.0041670, 0.0043548, 0.0025766, 0.0112344,buy
2022-05-24,5,0,1,0,0,0,4,2,9,2,4,3,4,4,3,3,2,0.852065585117049,0.943891389042927,0.484405182673389,-0.0077803,-0.0040316,-0.0013723,-0.0021637,-0.0020007,sell
2022-05-25,4,1,1,0,0,0,4,3,8,2,4,4,3,4,4,3,1,0.84489110114947,0.947748261741245,0.489627626172919,-0.0029889, 0.0007597, 0.0035449, 0.0007643, 0.0017941,buy
2022-05-26,2,1,1,0,0,0,5,2,7,3,2,3,3,4,5,2,2,0.83808209297963,0.951477164469849,0.494847079438554,-0.0034799, 0.0022392,-0.0022652,-0.0038943,-0.0082491,sell
2022-05-27,2,2,1,0,0,0,7,2,6,3,4,3,4,5,4,1,2,0.831716183785812,0.955078097228739,0.500063542470292, 0.0010636, 0.0035804, 0.0057570, 0.0002122,-0.0005991,buy
2022-05-28,2,2,1,0,0,0,3,4,3,2,4,2,2,4,2,2,1,0.825855633825594,0.958544839255499,0.505274025034238, 0.0084720, 0.0137472, 0.0105069, 0.0098612, 0.0032144,buy
2022-05-29,1,1,2,0,0,0,4,3,4,3,4,3,2,3,3,1,2,0.820559469057461,0.96188094527151,0.510478527130392,-0.0188397,-0.0190632,-0.0190803,-0.0104728,-0.0193021,sell
2022-05-30,1,2,1,2,0,0,4,2,3,2,3,2,1,4,3,2,2,0.815873778243517,0.96508286055539,0.515679291434176, 0.0113861,-0.0027361, 0.0104543,-0.0025133, 0.0087716,buy
2022-05-31,1,1,2,2,1,0,3,2,1,2,2,1,2,4,3,2,1,0.811832521524261,0.968149696426794,0.52086884236085, 0.0122833, 0.0117736, 0.0129943,-0.0042896, 0.0126966,buy
2022-06-01,1,2,2,2,1,0,2,2,2,4,3,2,3,3,4,2,1,0.80846561616632,0.971078786844687,0.526051665261257, 0.0100851, 0.0060679,-0.0024772,-0.0013384, 0.0089923,buy
2022-06-02,1,4,1,2,0,0,2,2,3,2,3,3,3,2,4,1,1,0.805786807940851,0.97387368653045,0.531227012576924, 0.0194023, 0.0185976, 0.0183672,-0.0038672, 0.0184763,buy
2022-06-03,1,3,3,1,1,1,3,3,1,1,4,3,3,4,3,1,0,0.803812268343327,0.976524620000284,0.536388156281584, 0.0059535, 0.0028767, 0.0024509, 0.0045066, 0.0043641,buy
2022-06-04,1,1,3,2,0,1,3,3,1,3,3,3,3,4,2,2,1,0.802535528775559,0.979045806139715,0.541538086609135,-0.0001128, 0.0003398, 0.0008296,-0.0008361, 0.0014067,buy
2022-06-05,1,3,1,3,2,1,2,3,1,2,2,3,3,4,3,3,1,0.801955780662773,0.981422137382872,0.546677551118049,-0.0064416,-0.0066554,-0.0012328,-0.0145753,-0.0046668,sell
2022-06-06,1,3,2,2,4,1,2,3,1,1,2,4,3,4,3,2,2,0.802054426785171,0.983658057131482,0.551805054691378,-0.0056302,-0.0027948,-0.0032039,-0.0046066,-0.0053484,sell
2022-06-07,2,1,3,2,1,1,2,3,1,1,1,3,3,4,2,3,1,0.802822572820244,0.985749121983819,0.556916859536753, 0.0001329,-0.0033340, 0.0025828,-0.0062797,-0.0006678,buy
2022-06-08,1,1,2,3,1,2,2,3,1,1,1,2,3,4,3,3,1,0.804235152950004,0.98770333006299,0.562016703446544,-0.0058106,-0.0067929,-0.0027627,-0.0087971,-0.0074639,sell
2022-06-09,1,2,1,2,2,2,2,3,1,1,1,3,2,3,3,4,1,0.80626386705737,0.989511794565542,0.567100101069906,-0.0034576,-0.0111930,-0.0116109,-0.0110968,-0.0079858,sell
2022-06-10,1,2,2,0,4,0,2,2,1,2,1,2,2,4,3,3,1,0.808886075048676,0.991170960770095,0.572168547523787,-0.0041263,-0.0036225,-0.0010170,-0.0084517,-0.0036226,sell
2022-06-11,1,1,1,1,2,2,3,3,1,2,2,3,2,2,3,4,1,0.812065391059103,0.992692381521136,0.577219052574292, 0.0084211,-0.0158541,-0.0141913,-0.0043642,-0.0184717,sell
2022-06-12,1,0,3,2,1,2,2,3,2,3,2,4,3,2,4,3,1,0.815779983569761,0.994068058695559,0.582254606455317, 0.0072627, 0.0008691, 0.0066858, 0.0082323, 0.0081390,buy
2022-06-13,1,1,4,1,2,0,1,4,1,1,2,3,2,3,2,3,1,0.819982955243769,0.995297992293364,0.587270723816017, 0.0209885, 0.0210420, 0.0108201, 0.0200438, 0.0122921,buy
2022-06-14,1,3,3,1,2,0,2,3,1,2,2,3,3,3,2,4,1,0.824647623113595,0.996384848355586,0.592270394890288,-0.0001603, 0.0016746,-0.0002977,-0.0069314,-0.0034521,sell
2022-06-15,1,1,3,2,1,0,2,3,2,4,3,3,2,3,3,4,1,0.829735175590098,0.997320628759118,0.597249881885761, 0.0023406,-0.0016306, 0.0006556, 0.0060296,-0.0010531,buy
2022-06-16,2,1,4,0,1,0,2,2,3,3,2,2,3,3,3,4,1,0.835209226808458,0.998112442946722,0.602211427477857, 0.0058196, 0.0051746, 0.0092338,-0.0105921, 0.0033290,buy
2022-06-17,1,2,1,0,1,0,1,3,4,3,3,2,3,2,2,3,1,0.841034199478631,0.998759402238053,0.607148303640311,-0.0104576, 0.0004904,-0.0009605,-0.0007414,-0.0004209,sell
2022-06-18,1,1,2,0,1,0,3,4,3,4,3,3,3,3,4,2,1,0.847162387688964,0.99926150663311,0.61206574328244, 0.0078535, 0.0101808, 0.0073117, 0.0061138, 0.0114535,buy
2022-06-19,0,1,2,0,1,0,3,5,3,2,3,2,2,4,3,3,0,0.853562257023281,0.999616090090859,0.616961503728822, 0.0084831, 0.0179009, 0.0115996, 0.0083965, 0.0066196,buy
2022-06-20,1,1,2,0,1,0,3,3,5,2,1,2,3,4,4,3,1,0.860189335869024,0.999823152611298,0.621833342304035, 0.0076402, 0.0177603, 0.0165285, 0.0139162,-0.0004703,buy
2022-06-21,2,1,1,0,1,0,2,5,4,1,2,1,2,3,4,3,2,0.867000769763185,0.99988447155512,0.62668125900808, 0.0161893, 0.0173089, 0.0138936, 0.0266350, 0.0084650,buy
2022-06-22,2,1,1,1,1,0,3,4,4,1,2,2,2,3,5,3,1,0.873954512817527,0.999795603520596,0.631504506282481, 0.0086159, 0.0160250, 0.0142509, 0.0180755, 0.0047758,buy
2022-06-23,1,1,1,1,1,0,5,2,3,1,2,2,2,4,3,2,1,0.881004476269948,0.999561880589799,0.636302336568766, 0.0140505, 0.0122246, 0.0139990, 0.0110186, 0.0030015,buy
2022-06-24,1,2,1,1,0,0,2,2,1,1,2,0,2,3,2,2,0,0.888103762783567,0.999182414082384,0.641071012074565,-0.0095150,-0.0068378,-0.0065799, 0.0076909, 0.0001932,sell
2022-06-25,2,0,1,1,0,0,3,2,3,2,3,1,2,2,2,3,1,0.895203049297187,0.99865542663766,0.64581501815072,-0.0057814,-0.0098934,-0.0131478, 0.0120094,-0.0083703,sell
2022-06-26,1,3,1,2,0,0,2,2,3,2,3,1,2,4,3,2,1,0.902256247048702,0.997980029575282,0.650533607238758,-0.0080430,-0.0110730,-0.0091702, 0.0045166,-0.0074979,sell
2022-06-27,0,2,1,3,0,0,3,3,3,3,2,3,3,3,4,3,0,0.909201095780533,0.997161554977321,0.655220798870888,-0.0037423, 0.0058659,-0.0037524,-0.0079858,-0.0044578,sell
2022-06-28,0,3,1,1,1,0,3,3,3,4,3,2,4,2,4,3,1,0.915986655281934,0.996198225483086,0.659878088164056,-0.0017755, 0.0038674, 0.0029437, 0.0002920, 0.0017183,buy
2022-06-29,0,4,0,2,0,0,3,2,3,3,4,1,3,1,4,3,1,0.922560368192609,0.995085597690853,0.664505475118264,-0.0105774,-0.0057151,-0.0044162, 0.0052226, 0.0029999,sell
2022-06-30,0,3,2,2,1,1,2,2,3,4,3,2,4,3,5,2,1,0.928856739955884,0.993831669723727,0.669102212175036, 0.0133862, 0.0172325, 0.0146319, 0.0131264, 0.0061800,buy
2022-07-01,0,3,2,3,0,1,1,1,4,4,3,4,4,3,4,0,1,0.93481351031418,0.992432886860328,0.6736675517759, 0.0133790, 0.0093790, 0.0145929, 0.0078499, 0.0105876,buy
2022-07-02,0,3,1,4,2,1,1,1,4,4,3,3,5,3,5,1,1,0.940367610435142,0.990889249100655,0.678199998803907, 0.0138968, 0.0118374, 0.0146584, 0.0112314, 0.0095578,buy
2022-07-03,0,2,2,3,4,1,1,1,2,3,3,3,4,4,4,1,0,0.945456780061193,0.9892025338054,0.682698058142108,-0.0044650,-0.0055018,-0.0046300,-0.0071387,-0.0015464,sell
2022-07-04,0,1,2,4,2,0,2,2,1,3,1,3,3,4,2,3,1,0.950012290336561,0.987376295695943,0.6871647200244, 0.0070436, 0.0024283, 0.0049300, 0.0039902, 0.0064971,buy
2022-07-05,0,1,2,4,3,1,1,2,1,2,0,4,1,4,2,4,2,0.95397673245231,0.985406980050904,0.69159549909994, 0.0148760, 0.0159756, 0.0138823, 0.0147298, 0.0156731,buy
2022-07-06,0,2,2,3,2,1,1,2,2,1,1,3,0,5,1,4,2,0.957284611851765,0.983295475550626,0.695992638044148, 0.0147435, 0.0111587, 0.0133484, 0.0111149, 0.0138395,buy
2022-07-07,0,2,2,1,2,0,1,2,2,3,1,2,2,3,2,4,1,0.95988498832418,0.981046225596838,0.700353894181603, 0.0000337, 0.0017032, 0.0003999,-0.0069400, 0.0026061,buy
2022-07-08,0,2,1,3,2,1,1,2,2,2,2,3,3,1,3,3,1,0.961722878784938,0.978658341509193,0.704684500421623, 0.0064039, 0.0030012, 0.0051072,-0.0014476, 0.0099265,buy
2022-07-09,0,3,1,3,2,1,1,1,2,2,4,1,3,1,3,3,1,0.962747343023293,0.976133600648381,0.708970253153202,-0.0074257, 0.0023693, 0.0017504,-0.0082943,-0.0058860,sell
2022-07-10,0,3,3,2,1,0,1,2,2,3,4,2,4,2,3,2,0,0.962938166669901,0.973470225653713,0.713223860870397,-0.0055934,-0.0056691,-0.0049996,-0.0107392,-0.0006866,sell
2022-07-11,0,4,2,2,1,1,3,2,2,3,5,2,4,2,3,3,1,0.962254112411299,0.970670882566225,0.717440090663892, 0.0017107, 0.0016174, 0.0006089, 0.0020357,-0.0035059,buy
2022-07-12,0,2,2,1,2,1,2,2,3,3,4,2,2,2,4,3,1,0.96068466877543,0.96773823742695,0.721618194975211,-0.0053882, 0.0090829, 0.0084179,-0.0032565, 0.0058335,buy
2022-07-13,1,3,3,0,3,0,2,2,3,2,4,2,3,2,4,3,1,0.958224984313649,0.964673178916236,0.725761164038251, 0.0133168, 0.0068332, 0.0078821, 0.0069533, 0.0071429,buy
2022-07-14,1,5,2,1,4,1,2,2,4,2,4,2,5,4,4,3,2,0.954879910474601,0.961475707034083,0.729863764943694, 0.0139692, 0.0209027, 0.0071696, 0.0252985, 0.0237398,buy
2022-07-15,1,3,4,1,3,1,3,3,2,3,5,1,6,4,4,2,2,0.95065915015557,0.958146710460834,0.73392973548391, 0.0066231,-0.0001119, 0.0006597, 0.0041599,-0.0013620,buy
2022-07-16,1,3,4,0,3,2,4,3,1,1,5,1,5,6,4,0,1,0.945591003473637,0.954691521278562,0.737954590308054, 0.0158106, 0.0128318, 0.0112131, 0.0150760, 0.0113357,buy
2022-07-17,1,4,2,0,3,2,4,4,2,1,4,2,5,5,3,2,2,0.93970053624679,0.951103030044505,0.741939824533075, 0.0024875, 0.0076611, 0.0137636, 0.0091448, 0.0056439,buy
2022-07-18,2,2,2,0,3,2,4,5,1,1,3,2,4,5,4,2,2,0.933028177213716,0.94738923488177,0.745885438158973, 0.0088362, 0.0152551, 0.0175160, 0.0076354, 0.0108027,buy
2022-07-19,1,1,2,0,2,2,4,4,0,0,2,1,3,4,2,3,1,0.925614355113103,0.943550135790357,0.749789936068799, 0.0212143,-0.0018681, 0.0249372, 0.0204035, 0.0074085,buy
2022-07-20,0,1,1,0,1,2,4,2,2,1,1,0,3,4,2,2,2,0.917501924407962,0.939583955409575,0.753649580470184,-0.0050400,-0.0028714,-0.0081649,-0.0027375,-0.0124945,sell
2022-07-21,2,3,2,1,0,1,3,3,1,1,4,1,4,3,1,2,2,0.908744251033358,0.935497803182187,0.757471846947868,-0.0058938,-0.0015726,-0.0032146, 0.0038419,-0.0056326,sell
2022-07-22,2,2,3,2,0,1,2,4,1,2,4,1,5,3,2,2,2,0.899388232326172,0.931287235706465,0.761249259917111,-0.0015800,-0.0015666, 0.0002462, 0.0055027,-0.0015200,buy
2022-07-23,0,3,2,3,0,1,4,3,2,3,5,2,4,4,3,1,2,0.88947833989896,0.926957585064483,0.764984809611808, 0.0032403, 0.0054529, 0.0086929, 0.0083811, 0.0046729,buy
2022-07-24,0,3,2,3,0,1,4,2,1,2,3,2,3,3,3,2,2,0.879063088238148,0.922507073895548,0.768677748473486, 0.0050049, 0.0079732, 0.0085803, 0.0102961, 0.0079741,buy
2022-07-25,1,2,2,2,1,1,2,3,0,3,2,2,4,3,2,3,1,0.868190991830161,0.917936590880007,0.772324338709774,-0.0018753,-0.0055804,-0.0017376,-0.0061195,-0.0051757,sell
2022-07-26,2,3,0,3,0,0,1,3,1,4,2,3,4,1,2,3,2,0.856902479413686,0.913256800182002,0.775928318113043, 0.0025035, 0.0043716, 0.0078101, 0.0073641,-0.0066559,buy
2022-07-27,2,2,2,1,1,1,0,0,3,3,3,3,2,1,2,3,1,0.845244448325603,0.908460592358771,0.779488191566344, 0.0207552, 0.0151292, 0.0187062, 0.0127078, 0.0163563,buy
2022-07-28,1,1,3,2,1,2,0,0,1,3,3,2,3,1,3,2,0,0.833256518729826,0.903551522131695,0.78300246395273, 0.0085362,-0.0078734, 0.0116899, 0.0079038,-0.0180274,buy
2022-07-29,1,0,2,4,0,2,1,0,1,4,4,3,2,0,2,3,1,0.820978310790269,0.898529589500775,0.786474873064571,-0.0117633,-0.0111304,-0.0109964,-0.0040013,-0.0138000,sell
2022-07-30,1,2,1,3,3,2,0,1,2,4,3,4,3,1,2,5,1,0.808437316049239,0.893401015228426,0.789894205524756, 0.0006010,-0.0297726,-0.0000468, 0.0083585,-0.0302196,sell
2022-07-31,1,2,3,3,3,1,0,1,3,1,3,3,2,2,1,5,2,0.795681240418389,0.888162244593269,0.793273169827344,-0.0056157, 0.0002781,-0.0086969, 0.0098488,-0.0003581,sell
2022-08-01,1,1,4,3,3,2,0,0,3,0,3,2,3,3,2,3,1,0.782728681117515,0.882818609677373,0.796605785504542,-0.0013247,-0.0012591,-0.0059185,-0.0013247, 0.0042751,buy
2022-08-02,1,3,2,5,3,3,0,0,2,1,4,2,3,3,4,4,0,0.769617641160984,0.877374553882467,0.799889809880929, 0.0013793, 0.0010961, 0.0018718, 0.0008591, 0.0058285,buy
2022-08-03,1,4,2,2,6,1,0,1,2,2,4,3,3,2,4,4,1,0.756370760642461,0.871822967765787,0.803128980748874,-0.0039201,-0.0091559,-0.0153149,-0.0188056,-0.0083205,sell
2022-08-04,1,5,3,2,5,0,0,1,2,3,4,3,4,2,4,3,2,0.743015531104254,0.866176292852166,0.806323298108378,-0.0045055, 0.0017196,-0.0043303,-0.0117073, 0.0022808,sell
2022-08-05,1,5,3,3,2,3,0,1,3,2,5,3,4,1,4,4,2,0.729578635513898,0.860428308379189,0.809469771725544, 0.0204080, 0.0156786, 0.0087418, 0.0175394, 0.0185905,buy
2022-08-06,1,3,3,2,1,3,0,1,3,2,3,3,4,2,3,3,1,0.716079479665962,0.854582569068236,0.812569896717321, 0.0071883,-0.0039975,-0.0031678, 0.0142160,-0.0022674,buy
2022-08-07,1,4,2,1,3,1,0,2,2,2,4,2,3,2,2,4,1,0.702541512228885,0.848647073042415,0.815622925525235, 0.0038202,-0.0073358,-0.0165151,-0.0123439,-0.0087454,sell
2022-08-08,1,3,2,1,5,1,1,2,3,3,4,3,3,3,3,4,2,0.688988181871107,0.842613822178618,0.818631848383181,-0.0059523,-0.0030522,-0.0195612,-0.0100773,-0.0080926,sell
2022-08-09,1,1,3,3,1,2,0,3,2,3,3,3,2,3,3,4,1,0.675434042938555,0.836491703280297,0.821591432381841, 0.0193927, 0.0020588, 0.0197441, 0.0150056, 0.0180724,buy
2022-08-10,2,2,4,1,1,3,1,2,2,2,2,2,3,4,3,4,2,0.661902544099668,0.830279827667108,0.824507657989008, 0.0078023, 0.0055945, 0.0069195, 0.0101457, 0.0054679,buy
2022-08-11,1,3,1,1,1,3,0,3,2,3,3,2,2,3,3,3,2,0.648409856849922,0.823979084019395,0.827375292295363, 0.0019650, 0.0018378, 0.0003951, 0.0045104, 0.0043982,buy
2022-08-12,1,0,1,2,2,2,2,3,1,4,4,1,2,4,3,2,2,0.634974578409113,0.81759480441923,0.830198820651751, 0.0039368, 0.0040445, 0.0047059, 0.0018903, 0.0052974,buy
2022-08-13,0,0,2,3,2,2,1,3,2,2,3,0,2,4,2,3,3,0.621612071697942,0.811125211505922,0.832974505265802,-0.0055353, 0.0065501, 0.0078075, 0.0006268, 0.0021426,buy
2022-08-14,1,0,3,3,1,1,1,3,4,1,2,1,3,3,2,4,3,0.608339316786659,0.804574748681198,0.835702346137515, 0.0108606, 0.0152552, 0.0145653, 0.0185295, 0.0082933,buy
2022-08-15,1,0,4,1,3,1,1,5,1,1,4,1,2,2,3,4,2,0.59517491089506,0.797942527264713,0.838386828617735, 0.0075154, 0.0146312, 0.0098018, 0.0143638, 0.0091589,buy
2022-08-16,0,1,3,2,3,1,3,2,2,2,2,3,4,3,3,2,2,0.582131791219525,0.791231213297502,0.841024214914091, 0.0028257, 0.0121453, 0.0123328, 0.0092536, 0.0067188,buy
2022-08-17,0,1,3,2,3,2,3,2,1,3,3,2,6,4,2,1,2,0.56922855497985,0.784442584140255,0.843616000143531, 0.0267707, 0.0279865, 0.0291421, 0.0281509, 0.0273880,buy
2022-08-18,1,1,4,2,3,2,1,3,2,3,4,1,6,4,3,2,2,0.556479756521964,0.777575751112628,0.846157698955212, 0.0080935, 0.0079764, 0.0000443, 0.0108913, 0.0084266,buy
2022-08-19,2,1,5,2,3,2,0,2,2,2,4,2,4,4,4,2,1,0.543908035939532,0.770640489698418,0.848655291816926, 0.0124564, 0.0122237, 0.0134389, 0.0102550, 0.0104781,buy
2022-08-20,0,1,3,2,3,1,1,1,2,1,2,1,3,4,2,1,2,0.531524713279385,0.763629690454862,0.851108031170198,-0.0038298,-0.0056115,-0.0022157,-0.0015612,-0.0032052,sell
2022-08-21,0,2,4,1,4,1,2,2,0,2,1,2,4,4,3,2,2,0.519349194336095,0.756546908103343,0.853513674339607, 0.0051959, 0.0037306, 0.0040803, 0.0044035, 0.0034727,buy
2022-08-22,0,3,1,2,2,1,2,3,0,2,1,2,3,3,2,2,3,0.507403310628554,0.749403695488348,0.855872968883626,-0.0057605,-0.0022891,-0.0061362,-0.0127800,-0.0036338,sell
2022-08-23,0,4,2,0,2,2,1,2,1,3,2,2,3,3,2,3,2,0.495708085100878,0.742186722404698,0.85818666236073,-0.0009350,-0.0081428,-0.0097175, 0.0049741, 0.0030694,buy
2022-08-24,0,3,4,0,1,3,0,1,1,2,2,3,2,2,3,2,1,0.4842748377999,0.734906653016537,0.860455502329392, 0.0010649, 0.0065458,-0.0031744,-0.0152363, 0.0051433,sell
2022-08-25,1,2,3,1,0,3,0,1,1,3,1,3,2,1,3,3,2,0.473136720291346,0.727567042045244,0.862677993672665,-0.0019583,-0.0036590,-0.0116558,-0.0005665,-0.0029120,sell
2022-08-26,1,3,2,3,3,2,0,1,1,3,4,2,1,2,3,5,2,0.46231232979501,0.720163446089096,0.864856379065971, 0.0123442, 0.0161439, 0.0115471, 0.0117834, 0.0133906,buy
2022-08-27,0,3,1,3,3,1,0,1,1,3,4,3,0,2,2,4,1,0.451828349278428,0.712703863271197,0.866989910950835, 0.0179208, 0.0123080, 0.0105687, 0.0123222, 0.0123034,buy
2022-08-28,0,3,3,4,3,3,1,1,1,2,4,3,2,2,4,4,2,0.441710653134359,0.705188293591548,0.869077094210309,-0.0128488,-0.0070492,-0.0150282,-0.0156746,-0.0072524,sell
2022-08-29,0,2,3,5,3,4,1,2,1,2,5,3,2,1,5,4,3,0.431995627227624,0.697617625730495,0.871123909312187,-0.0130238,-0.0117178,-0.0125305,-0.0132842,-0.0106051,sell
2022-08-30,0,2,3,7,4,3,0,2,2,2,5,4,1,3,5,4,3,0.422709145950981,0.689995414409419,0.873122880671726,-0.0057742,-0.0056470,-0.0029191,-0.0062279,-0.0069722,sell
2022-08-31,0,1,2,5,7,2,0,0,2,2,5,4,2,3,4,2,1,0.413887595169251,0.682321659628318,0.875082231432143, 0.0067351, 0.0115749, 0.0075537, 0.0095267, 0.0077340,buy
2022-09-01,0,2,1,5,5,3,0,0,1,2,5,3,2,2,5,2,0,0.405569786471574,0.674599916108575,0.876996728684118, 0.0063070, 0.0066886, 0.0058690, 0.0063853, 0.0064298,buy
2022-09-02,0,1,2,5,3,2,0,0,2,3,4,2,2,4,3,2,1,0.397797765746185,0.66683196121088,0.878870857778495,-0.0136166,-0.0087580,-0.0104211,-0.0203015,-0.0110793,sell
2022-09-03,0,3,2,4,3,2,0,1,1,2,4,3,2,4,1,2,2,0.390613578881321,0.659020460976269,0.88070162848138,-0.0083154, 0.0004008, 0.0046569,-0.0068641,-0.0103012,sell
2022-09-04,0,4,2,4,2,1,1,1,2,2,3,2,2,5,2,3,2,0.384071400386822,0.651165415404741,0.882493526143615,-0.0010072,-0.0026889,-0.0153549,-0.0057715,-0.0045705,sell
2022-09-05,0,1,2,6,2,1,1,1,1,2,3,3,0,4,2,3,2,0.378218936174342,0.643269490537332,0.884242065414357, 0.0045709, 0.0082111, 0.0039475, 0.0063814, 0.0053056,buy
2022-09-06,1,1,2,5,1,1,1,0,2,0,2,3,1,3,2,2,1,0.373119255076232,0.635337129775768,0.885957712112241, 0.0092522, 0.0188401, 0.0018138, 0.0066033, 0.0148920,buy
2022-09-07,1,2,3,4,2,1,0,1,3,0,4,3,2,3,1,3,1,0.368833000200527,0.62736833312005,0.887631495535581, 0.0102576, 0.0210726, 0.0117199, 0.0198026, 0.0200812,buy
2022-09-08,1,2,3,2,2,1,2,2,0,1,3,3,2,2,3,3,0,0.365420006080482,0.619363989250523,0.889267153476745, 0.0085004, 0.0100863, 0.0043787, 0.0086740, 0.0115382,buy
2022-09-09,0,2,2,2,2,2,4,1,0,1,3,3,1,3,2,2,2,0.362951427296191,0.611330318929602,0.890865433494208, 0.0084016, 0.0109811, 0.0071866, 0.0042968, 0.0090691,buy
2022-09-10,1,0,2,2,2,1,2,1,2,1,2,2,1,3,3,2,1,0.361495992703421,0.603263767435908,0.892425588029496,-0.0111958,-0.0139661,-0.0162573,-0.0121369,-0.0140269,sell
2022-09-11,2,0,2,3,3,2,1,2,2,1,3,3,2,3,3,2,2,0.36112809118136,0.595166112130131,0.893948364641082,-0.0075434,-0.0048713,-0.0109219,-0.0102786,-0.0005832,sell
2022-09-12,1,0,2,4,3,2,3,0,2,2,3,3,2,3,3,2,3,0.361911600137134,0.587043573774688,0.895441238913708, 0.0066754, 0.0060507, 0.0061764, 0.0012103, 0.0046447,buy
2022-09-13,0,1,1,4,1,2,3,2,1,2,2,2,3,4,3,1,2,0.363913631276966,0.578892597648196,0.896895240145684, 0.0142269, 0.0124815, 0.0132390, 0.0051233, 0.0126388,buy
2022-09-14,1,1,2,4,1,2,3,2,0,2,3,2,2,3,3,3,2,0.367185124811602,0.570724736595146,0.898314853687855,-0.0071177, 0.0119818, 0.0088944, 0.0090319, 0.0053372,buy
2022-09-15,1,3,3,4,1,2,0,1,2,2,3,2,2,4,4,3,1,0.371772978077921,0.562525771730012,0.899702322215644,-0.0028900,-0.0161698,-0.0139650,-0.0216967,-0.0110860,sell
2022-09-16,1,3,1,5,1,2,0,0,1,2,2,3,1,4,3,1,2,0.377696596870492,0.554309921938319,0.901055403053627, 0.0033876, 0.0111453, 0.0099400,-0.0256517, 0.0065404,buy
2022-09-17,1,1,3,5,2,2,2,0,0,3,1,3,2,5,3,4,1,0.384957598338864,0.546073632498685,0.902377833994175,-0.0134804,-0.0000908,-0.0096466,-0.0027442,-0.0116780,sell
2022-09-18,0,2,2,4,2,2,1,1,0,3,2,2,3,3,3,4,0,0.393521213767764,0.537822235493182,0.90366811992034, 0.0056971,-0.0185919, 0.0112250,-0.0044969, 0.0027653,buy
2022-09-19,0,3,3,3,2,2,2,0,2,2,3,3,2,1,5,4,1,0.403313054278007,0.529556619602156,0.904928503507544, 0.0010299, 0.0026586,-0.0106203,-0.0121665, 0.0052036,sell
2022-09-20,0,3,5,2,2,4,2,2,2,1,3,5,3,2,4,4,2,0.41422719657423,0.521280339546986,0.906159732314262, 0.0090390, 0.0189941, 0.0022812, 0.0088045, 0.0186345,buy
2022-09-21,0,2,4,3,1,3,1,2,1,1,2,5,3,1,3,3,1,0.426092222804396,0.512990729286639,0.907362553898966, 0.0036351,-0.0121682, 0.0069474, 0.0040989,-0.0078987,buy
2022-09-22,0,2,3,4,3,4,2,0,1,1,3,3,2,2,4,5,1,0.438718117896671,0.504695786944219,0.908536220703183,-0.0163867,-0.0175223,-0.0190310,-0.0190073,-0.0086631,sell
2022-09-23,0,3,5,5,4,3,2,0,0,0,3,2,2,5,4,5,1,0.451859883694605,0.496391957798348,0.90968372296081,-0.0083593,-0.0049135,-0.0077425,-0.0047208,-0.0039369,sell
2022-09-24,2,2,4,3,1,5,1,0,0,1,2,3,3,3,3,3,2,0.465248264798536,0.488085462611441,0.910804313113372,-0.0124865,-0.0047865,-0.0105281,-0.0140812,-0.0094159,sell
2022-09-25,2,3,5,4,1,5,1,0,0,1,2,4,3,3,4,4,2,0.478587322841267,0.479776301383498,0.911898738719343,-0.0086650,-0.0080770,-0.0122999,-0.0179526,-0.0101841,sell
2022-09-26,1,4,5,4,1,4,1,0,0,0,2,4,2,3,4,4,1,0.491586779479019,0.4714680288359,0.912972232688041,-0.0160640,-0.0151420,-0.0171424,-0.0148809,-0.0114420,sell
2022-09-27,1,3,5,2,3,3,2,0,0,1,2,3,3,4,3,3,2,0.503945844895953,0.463160644968647,0.914020309668622, 0.0125694, 0.0306997, 0.0126179, 0.0239680, 0.0228008,buy
2022-09-28,1,3,3,5,1,4,2,1,0,0,3,3,3,2,3,3,3,0.51540496658969,0.454859481863812,0.915048202570405,-0.0066120,-0.0062144,-0.0042975,-0.0173713,-0.0042605,sell
2022-09-29,1,2,4,5,1,4,1,1,2,2,3,3,3,3,4,4,3,0.525725615001973,0.446563650841047,0.916053668717967,-0.0119335,-0.0118761,-0.0106101,-0.0120681,-0.0097694,sell
2022-09-30,0,2,4,4,0,3,1,1,2,1,3,1,4,3,3,3,1,0.534706455014134,0.43827759530208,0.917041193462153, 0.0165466, 0.0145153, 0.0132491, 0.0163117, 0.0154444,buy
2022-10-01,0,3,2,3,1,4,2,1,1,3,3,3,4,3,4,3,0,0.542193857419159,0.430003092607601,0.918009281686014, 0.0066634,-0.0027605, 0.0061344, 0.0097576, 0.0033739,buy
2022-10-02,0,2,2,3,0,2,2,1,0,5,2,2,3,3,3,3,1,0.548081090346911,0.421741031437956,0.918959428506498,-0.0059684,-0.0070060,-0.0133367,-0.0032652,-0.0054560,sell
2022-10-03,1,3,3,2,1,2,2,0,1,2,1,3,3,3,3,3,1,0.55230346781549,0.413494966514525,0.919893876599028, 0.0108786, 0.0039519, 0.0082756, 0.0065239, 0.0089557,buy
2022-10-04,1,3,3,3,1,2,1,1,2,2,2,4,4,3,2,3,1,0.55483188113304,0.405266675197998,0.920812625963603, 0.0053717, 0.0049699, 0.0141752, 0.0131499, 0.0059813,buy
2022-10-05,1,3,4,4,0,2,2,2,0,3,2,4,4,2,3,4,2,0.555681693220262,0.397056157488376,0.921717171717172,-0.0049591,-0.0069233,-0.0045965,-0.0077787,-0.0036342,sell
2022-10-06,1,4,3,1,1,1,4,0,0,2,1,4,3,4,2,1,2,0.554890907091524,0.388873188869456,0.922609756535156, 0.0020020, 0.0033015, 0.0058319, 0.0093399, 0.0037584,buy
2022-10-07,1,3,2,0,3,1,2,1,1,2,0,2,3,5,2,3,1,0.552525825878274,0.380709771218132,0.923488885300608, 0.0025587,-0.0005945,-0.0032366, 0.0001615,-0.0009851,buy
2022-10-08,2,2,3,0,2,2,1,2,2,2,2,1,3,5,4,3,0,0.548676201380399,0.372574791337855,0.924359043364372, 0.0032721, 0.0035060, 0.0027205, 0.0043698, 0.0030038,buy
2022-10-09,1,2,3,0,2,3,1,2,1,1,2,0,2,4,4,3,1,0.543441488295072,0.36446558318759,0.925218735609499, 0.0039429, 0.0013874,-0.0022225, 0.0012410, 0.0029345,buy
2022-10-10,0,2,2,2,3,2,3,0,2,2,2,1,2,5,3,4,1,0.536931652791524,0.356388367529753,0.926063476685146,-0.0093010,-0.0031345,-0.0086257,-0.0046360,-0.0049540,sell
2022-10-11,1,2,3,2,4,1,1,3,0,1,3,1,2,4,3,4,1,0.529264746786724,0.348341367003654,0.926902237293001,-0.0097207,-0.0091635,-0.0065524,-0.0196299,-0.0121026,sell
2022-10-12,1,2,4,2,5,1,1,1,1,2,2,3,3,3,4,4,1,0.52056286507151,0.340329913691365,0.927737260108486, 0.0201906, 0.0211032, 0.0199047, 0.0018436, 0.0215514,buy
2022-10-13,0,3,4,4,4,1,1,0,2,1,2,3,3,4,4,3,1,0.510940825263757,0.33235489627323,0.928562564663808,-0.0148534, 0.0043312,-0.0186184, 0.0059025, 0.0042017,sell
2022-10-14,1,1,5,3,5,1,1,0,0,2,1,3,4,2,4,4,1,0.500515870705659,0.324417203429595,0.929383383868286, 0.0203748, 0.0220977, 0.0186250, 0.0113226, 0.0211814,buy
2022-10-15,1,2,6,3,6,1,1,1,0,4,2,4,5,3,5,5,1,0.489399584715996,0.31651683516046,0.930198970163446, 0.0066616, 0.0080040, 0.0093229,-0.0179868, 0.0082379,buy
2022-10-16,0,4,4,2,5,0,0,1,1,3,2,3,4,2,5,3,1,0.477692230566714,0.308661789588932,0.93101156622471, 0.0054705, 0.0093794, 0.0100114,-0.0143874, 0.0096505,buy
2022-10-17,0,3,5,0,4,1,1,0,1,4,2,4,4,5,2,1,1,0.46549002865589,0.300851178034666,0.93181967693513, 0.0104467, 0.0049097, 0.0083466, 0.0063904, 0.0100237,buy
2022-10-18,0,2,3,1,3,1,1,1,0,3,1,5,4,5,0,0,0,0.452877070759996,0.293087666538697,0.932625544970128,-0.0010476,-0.0015965,-0.0044730,-0.0031577,-0.0032335,sell
2022-10-19,0,1,2,2,4,1,0,1,1,4,1,4,5,4,1,1,0,0.439938257230276,0.28537036642068,0.933429917888177, 0.0112689, 0.0124439, 0.0109995, 0.0135960, 0.0110053,buy
2022-10-20,0,2,3,0,9,1,0,0,2,4,3,3,4,5,2,3,1,0.4267423169225,0.277711719205449,0.934232795689279, 0.0108812, 0.0036722, 0.0087397, 0.0088090, 0.0084334,buy
2022-10-21,0,2,4,1,7,0,0,1,0,3,3,2,2,5,2,3,1,0.413357170117664,0.27010106072886,0.935034925931906, 0.0109749, 0.0014976, 0.0141075, 0.0127371, 0.0124237,buy
2022-10-22,0,1,5,1,5,2,1,1,0,4,3,3,2,5,2,3,2,0.399832948451741,0.262549055155057,0.93583630861606, 0.0196475, 0.0122325, 0.0191519, 0.0170551, 0.0186676,buy
2022-10-23,0,2,2,2,5,1,1,0,0,3,3,1,2,5,2,2,1,0.386225443584121,0.255055702484039,0.936639186417161, 0.0055104,-0.0033075, 0.0035815, 0.0035815, 0.0047241,buy
2022-10-24,0,2,4,0,7,0,0,0,0,2,2,2,3,3,3,2,0,0.372579935702134,0.247625446117533,0.937442064218263, 0.0121900, 0.0002109, 0.0133461, 0.0082985, 0.0089515,buy
2022-10-25,1,3,3,2,6,0,0,0,0,3,3,3,4,3,4,0,1,0.358936044969695,0.240254731334158,0.938246437136313, 0.0130046, 0.0047021, 0.0109250, 0.0127629, 0.0114341,buy
2022-10-26,0,3,2,4,5,1,0,0,1,3,3,3,5,3,4,1,0,0.345326114377753,0.232952444937366,0.939050810054362,-0.0045541,-0.0128463,-0.0161566,-0.0028570,-0.0114967,sell
2022-10-27,0,3,3,2,5,0,1,0,1,2,3,2,6,3,2,0,1,0.331786529791129,0.225722141648538,0.939858920764782, 0.0006735,-0.0021447,-0.0007239, 0.0000938,-0.0002308,buy
2022-10-28,0,4,1,3,4,1,1,2,1,3,2,3,6,3,3,1,2,0.318336697004392,0.218558489385602,0.940667779033676,-0.0177379,-0.0126081,-0.0154466,-0.0171661,-0.0107068,sell
2022-10-29,0,2,1,4,2,1,1,2,2,4,2,3,4,3,4,1,2,0.305008150433719,0.211468597591321,0.941479627536466,-0.0097686,-0.0085447,-0.0058276,-0.0081109,-0.0047834,sell
2022-10-30,0,3,1,4,2,0,1,1,2,1,1,2,4,1,5,1,1,0.291822721598003,0.204456020987075,0.942293718714678, 0.0195171, 0.0051951, 0.0176282, 0.0286527, 0.0174375,buy
2022-10-31,1,4,1,5,3,0,1,1,2,1,3,3,5,2,4,2,0,0.278792539118848,0.197525202974591,0.943108557451364, 0.0044754, 0.0003695, 0.0012673, 0.0000067, 0.0056212,buy
2022-11-01,1,3,0,7,2,0,0,2,0,3,3,3,5,1,3,2,1,0.265941051664694,0.190671700152142,0.943925638863472,-0.0201400,-0.0080902,-0.0021699, 0.0001089,-0.0249594,sell
2022-11-02,1,3,1,6,1,1,3,0,0,2,2,4,4,2,3,2,1,0.253282005006695,0.183904399323181,0.944741972717106, 0.0007743, 0.0000398,-0.0032678,-0.0054023,-0.0020927,sell
2022-11-03,0,2,1,7,1,1,2,1,1,2,4,4,3,2,2,2,1,0.240831570640327,0.177227743889434,0.945561296804636,-0.0034278,-0.0054433,-0.0033688,-0.0041772,-0.0022381,sell
2022-11-04,2,1,1,7,1,2,1,2,2,4,4,3,4,2,4,4,2,0.228595408589005,0.170630181006413,0.94637763065827,-0.0067917,-0.0085001,-0.0103697,-0.0017300,-0.0073922,sell
2022-11-05,1,0,0,7,2,2,1,2,0,2,4,2,2,1,2,4,2,0.216594541796847,0.164128595600677,0.947196207187326,-0.0034343,-0.0066447,-0.0081742,-0.0057641,-0.0061651,sell
2022-11-06,1,0,0,5,2,3,3,0,2,3,4,3,2,2,2,4,2,0.204828970263854,0.157720321631191,0.948010298365538, 0.0154041, 0.0129364, 0.0172036, 0.0031255, 0.0070352,buy
2022-11-07,1,1,1,3,1,3,1,2,1,5,3,3,3,3,3,3,1,0.193319716934143,0.151404470417609,0.948821399309854,-0.0111179,-0.0195111,-0.0084458,-0.0081322,-0.0102490,sell
2022-11-08,2,1,1,2,1,4,1,3,1,5,3,2,4,2,4,4,2,0.182067590382488,0.145187262722348,0.9496287624618, 0.0058956, 0.0155594, 0.0096306, 0.0053490, 0.0116474,buy
2022-11-09,1,1,2,2,2,4,1,0,2,4,3,2,3,2,4,3,2,0.171079867781853,0.139071364586444,0.950429397587479, 0.0091245, 0.0087253, 0.0074492,-0.0063839,-0.0043849,buy
2022-11-10,1,1,3,2,2,2,1,0,1,4,1,1,3,3,5,3,1,0.160372720627713,0.133055887329551,0.951223304686893,-0.0094941,-0.0118499,-0.0162266,-0.0095339,-0.0098096,sell
2022-11-11,2,0,4,0,5,2,1,1,1,5,1,3,5,3,3,4,2,0.149949383219163,0.127145274353396,0.952009736201566, 0.0163897, 0.0109524, 0.0142664, 0.0074758, 0.0122050,buy
2022-11-12,1,2,4,2,5,2,0,1,2,4,3,3,5,4,3,3,2,0.139821175603035,0.121339525657979,0.952785701897603,-0.0097471,-0.0215455,-0.0208594,-0.0079774,-0.0216531,sell
2022-11-13,1,1,6,1,5,2,1,0,3,2,2,4,5,4,2,2,3,0.129988906354104,0.115643973325371,0.953548959099581, 0.0207101, 0.0224886, 0.0239426, 0.0230213, 0.0224170,buy
2022-11-14,1,0,7,1,4,2,1,1,3,2,3,5,5,5,1,1,2,0.12046551266875,0.110059506035917,0.954299507807501, 0.0243333, 0.0231272, 0.0232462, 0.0229036, 0.0208814,buy
2022-11-15,1,1,4,2,3,1,0,1,3,3,3,3,4,4,2,1,2,0.111255845995614,0.104587012469963,0.955033610228992, 0.0009318, 0.0002726,-0.0001696,-0.0003191, 0.0003524,buy
2022-11-16,1,2,3,1,5,1,0,0,4,3,4,2,3,5,1,2,3,0.102367992082436,0.0992327133899245,0.955749771247107,-0.0001249,-0.0098339,-0.0032683,-0.0028246,-0.0026356,sell
2022-11-17,1,1,4,1,4,0,0,0,2,2,4,1,2,5,0,1,2,0.0938059938030829,0.0939939427547669,0.956447990861845,-0.0012536,-0.0130950,-0.0145798,-0.0210153,-0.0155267,sell
2022-11-18,1,0,7,1,3,1,0,0,1,2,3,2,3,4,2,1,1,0.0855860226530309,0.0888751439662159,0.957122288605415, 0.0065783, 0.0008460, 0.0031271, 0.0032585, 0.0035914,buy
2022-11-19,1,1,5,2,2,2,0,0,2,2,3,3,3,3,2,1,2,0.0777048443331846,0.0838807604259979,0.957773412036289, 0.0061870, 0.0022925, 0.0043560, 0.0044570, 0.0048077,buy
2022-11-20,1,3,4,1,3,0,0,1,2,1,1,2,3,3,3,1,3,0.0701745874651504,0.0790099034537673,0.958399866037522, 0.0047944, 0.0035786,-0.0020909, 0.0052634, 0.0028509,buy
2022-11-21,1,3,4,1,3,0,1,1,1,2,2,2,4,2,3,1,3,0.0630017206471186,0.0742670164512506,0.958996417699792,-0.0048105,-0.0073838,-0.0030268, 0.0065791,-0.0039787,sell
2022-11-22,1,3,2,3,0,1,1,2,1,2,2,1,4,3,3,1,2,0.0561951382016003,0.0696520994184476,0.959565309698525, 0.0063450, 0.0119738, 0.0120964, 0.0086224, 0.0081353,buy
2022-11-23,1,2,4,0,1,1,0,2,1,2,2,1,4,3,2,1,1,0.0497613087267858,0.0651704844374298,0.960103551799822, 0.0024007,-0.0013987, 0.0047102, 0.0012095, 0.0015431,buy
2022-11-24,2,4,3,0,1,1,0,3,1,1,3,1,4,3,2,1,2,0.0437067008208651,0.060821282827852,0.960607406211314,-0.0003514,-0.0080077, 0.0014275,-0.0044799,-0.0043871,sell
2022-11-25,1,5,2,1,2,1,1,3,1,3,5,1,4,3,3,3,1,0.0380369745072545,0.0566089379914403,0.961075377816053, 0.0061557, 0.0074098, 0.0058141, 0.0065215, 0.0043987,buy
2022-11-26,1,4,2,1,2,0,2,3,0,2,3,0,3,2,3,4,2,0.0327642584075605,0.0525343386085399,0.961511204406409, 0.0064954, 0.0030239, 0.0048021, 0.0013306,-0.0029006,buy
2022-11-27,2,5,2,0,3,1,3,3,3,1,3,2,4,3,3,5,3,0.0278925953956518,0.0485983733594961,0.961908157956115, 0.0138251, 0.0156221, 0.0136890, 0.0137048, 0.0155535,buy
2022-11-28,3,4,1,1,2,2,1,4,4,2,4,3,3,2,4,5,3,0.0234300712192661,0.0448054856460351,0.962267733582121, 0.0107904, 0.0178073, 0.0180006, 0.0165017, 0.0177396,buy
2022-11-29,2,3,2,0,2,2,4,1,3,3,4,3,4,1,4,4,2,0.0193807287522721,0.0411547867878116,0.962587688609003, 0.0133187, 0.0128844, 0.0148638, 0.0145850, 0.0028786,buy
2022-11-30,1,4,1,0,2,2,3,2,3,2,3,3,3,3,3,4,1,0.0157583137658238,0.0376507201865518,0.962865032802866,-0.0081622,-0.0036100,-0.0038570,-0.0079834,-0.0036481,sell
2022-12-01,3,2,1,0,1,2,2,2,4,5,2,3,5,3,4,3,2,0.0125676777085638,0.0342959518832914,0.963103503956079, 0.0118776, 0.0112020, 0.0130101, 0.0151625, 0.0123647,buy
2022-12-02,3,3,1,0,1,2,2,3,3,2,2,2,4,3,4,3,2,0.00981205487958706,0.03108870451734,0.963301606951696, 0.0035517, 0.0035347, 0.0037643, 0.0054159, 0.0051170,buy
2022-12-03,1,1,2,0,0,1,4,1,3,4,1,2,4,3,3,2,2,0.00749953102663124,0.0280316441297331,0.963458594231241, 0.0168680, 0.0050301, 0.0166469, 0.0042913, 0.0171384,buy
2022-12-04,1,3,2,2,1,2,5,3,2,4,3,3,5,5,3,3,3,0.00563738332266017,0.0251274367615067,0.96357371823624,-0.0026661,-0.0032914,-0.0043248, 0.0017639,-0.0057565,sell
2022-12-05,2,3,1,2,1,1,4,3,2,3,3,2,4,4,3,4,2,0.00422965464154266,0.0223760824126605,0.963646978966695,-0.0016167, 0.0002728,-0.0002954,-0.0001565, 0.0040483,buy
2022-12-06,2,2,2,1,2,1,4,1,2,4,4,2,2,4,3,4,2,0.00328200500669502,0.0197766924028495,0.9636813666565,-0.0010607, 0.0071362, 0.0042296, 0.0022678,-0.0057087,buy
2022-12-07,2,2,1,3,1,1,4,2,1,3,4,2,1,4,3,5,1,0.00279766871721231,0.0173390422158711,0.96367389107176,-0.0032636, 0.0020448, 0.0015419, 0.0018928, 0.0026592,buy
2022-12-08,2,1,1,4,2,2,3,2,1,4,4,2,1,5,3,5,2,0.00278392294605838,0.0150551337286184,0.96362754244637,-0.0036349,-0.0033337,-0.0059197,-0.0076262, 0.0155428,sell
2022-12-09,1,2,0,4,2,2,2,2,1,4,4,1,2,3,3,5,2,0.00323995911845946,0.0129302990231626,0.963543815897279,-0.0062668,-0.0140816,-0.0085060,-0.0083166,-0.0002994,sell
2022-12-10,1,3,1,4,2,1,3,1,2,2,3,2,3,2,4,5,1,0.00416254293532051,0.010965426779849,0.96342495409991, 0.0014093, 0.0078771, 0.0070139, 0.0032493,-0.0012903,buy
2022-12-11,1,1,2,2,3,2,1,3,1,2,3,2,2,2,4,3,2,0.00555976014437913,0.00916051699867767,0.963268714378839, 0.0328232, 0.0323542, 0.0281539, 0.0112917, 0.0123466,buy
2022-12-12,0,1,1,4,1,1,1,3,2,3,4,2,2,2,3,3,1,0.00742433357267148,0.00752179044206519,0.963082572318807,-0.0077754,-0.0167154,-0.0144635,-0.0164908,-0.0163781,sell
2022-12-13,0,1,0,4,3,1,1,2,2,2,1,2,2,2,4,4,1,0.00975464607065005,0.00603680558517826,0.962863537685918,-0.0013878,-0.0027101,-0.0047171,-0.0047014,-0.0023486,sell
2022-12-14,0,1,2,1,4,1,1,1,1,1,1,1,2,2,3,3,1,0.012543420465351,0.0047180039528502,0.962615348272542,-0.0049255,-0.0002857,-0.0027261,-0.0073335,-0.0033279,sell
2022-12-15,0,0,3,2,2,1,2,1,1,2,0,2,2,3,3,3,1,0.0157769109856203,0.00356805158611671,0.962340994312575,-0.0113302,-0.0083907,-0.0122056,-0.0118405,-0.0114309,sell
2022-12-16,0,2,2,2,2,2,2,1,1,1,1,2,2,3,3,3,1,0.0194502661828155,0.0025771730011802,0.962043466039914,-0.0104792,-0.0070074,-0.0122412,-0.0111139,-0.0084534,sell
2022-12-17,0,1,2,3,3,1,2,1,1,3,2,3,1,3,3,4,1,0.0235392288137238,0.00175336632114778,0.961723511013031,-0.0062059,-0.0033555,-0.0086992,-0.0081890,-0.0064201,sell
2022-12-18,0,1,3,3,5,0,2,1,0,3,2,4,2,4,2,4,0,0.0280308616819649,0.00109574286567422,0.961382624348877, 0.0174693, 0.0096333, 0.0159068, 0.0156354, 0.0135535,buy
2022-12-19,0,1,2,5,3,1,3,0,1,2,3,3,1,3,2,5,1,0.0328871617731722,0.000604302634759519,0.961027534073715, 0.0202653,-0.0008741, 0.0117254, 0.0180177, 0.0114601,buy
2022-12-20,0,1,3,4,2,1,3,1,3,2,2,2,3,3,3,5,2,0.0380854889936802,0.00028260034978462,0.960658240187547, 0.0186422, 0.0071239, 0.0108544, 0.0017461,-0.0014771,buy
2022-12-21,0,1,4,2,1,1,3,2,2,1,2,2,3,4,1,4,1,0.043582180305706,0.000127081289368578,0.960279975599691, 0.0041335, 0.0119703, 0.0102500, 0.0176083, 0.0163716,buy
2022-12-22,0,2,1,2,2,1,4,1,2,2,2,2,3,4,2,3,1,0.0493351898210139,0.000137745453511386,0.959892740310147,-0.0055141,-0.0076584,-0.0241131,-0.0073533,-0.0087432,sell
2022-12-23,1,0,1,4,1,0,3,1,2,3,2,2,2,3,3,3,1,0.0552879173054408,0.000316370202903533,0.959501019669758,-0.0067186,-0.0290051,-0.0120799,-0.0093044,-0.0087967,sell
2022-12-24,4,0,2,4,1,0,3,2,2,1,1,3,2,3,5,3,2,0.061384571099597,0.00066117817685452,0.959107803912422, 0.0083446,-0.0022802, 0.0025003, 0.0124370, 0.0097406,buy
2022-12-25,3,1,2,4,0,0,3,2,4,1,2,3,4,3,4,3,1,0.067553188048618,0.00117572409674533,0.958716830830508, 0.0060875,-0.0049856, 0.0022531, 0.0122339, 0.0101017,buy
2022-12-26,3,1,1,4,0,0,5,3,2,2,2,4,4,3,4,2,2,0.0737193792733177,0.00185823060188545,0.958328847982489, 0.0080006, 0.0017421, 0.0010316, 0.0104480, 0.0112824,buy
2022-12-27,3,1,0,3,1,0,5,3,2,1,1,5,3,4,4,0,2,0.0798006701467725,0.00270425429054874,0.957946098043789, 0.0107853, 0.0104717, 0.0120437, 0.0091997, 0.0050378,buy
2022-12-28,4,0,0,3,1,0,3,3,4,1,0,4,3,4,4,1,3,0.0857250975141177,0.00371823856446135,0.957572318806777, 0.0077657,-0.0040398,-0.0046014, 0.0064757, 0.0033176,buy
2022-12-29,5,0,0,3,1,0,3,3,5,0,1,4,3,4,5,1,2,0.0913988667015971,0.00490018342362328,0.957210500505349, 0.0108416, 0.0030069, 0.0033509, 0.0179617, 0.0149249,buy
2022-12-30,3,1,0,3,1,0,4,2,4,0,0,4,3,3,6,1,1,0.0967427373813821,0.00624653414665361,0.956858400464084, 0.0054303, 0.0104076, 0.0088434, 0.0104388, 0.0083485,buy
2022-12-31,3,1,0,3,1,0,4,2,4,2,2,4,3,4,5,0,2,0.101684746398608,0.00775373601217139,0.956524241826196, 0.0085267, 0.0101821, 0.0096922, 0.0086259, 0.0047491,buy
