Date,a120,a135,a150,a180,a30,a45,a60,a90,DiffPred1,DiffPred2,DiffPred3,DiffPred4,DiffPred5,EffPred
2010-01-01,0.09,0.42,0,0,0.25,4.07,0.19,0,-0.056217,-0.0587841,-0.056217,-0.0487908,-0.0799166,sell
2010-01-02,0.03,0.51,0,0,0.15,3.52,0.18,0,-0.065994,-0.0633361,-0.065994,-0.0570212,-0.0728980,sell
2010-01-03,0,0.56,0,0,0.13,2.16,0.17,0, 0.015029, 0.0502472, 0.018250, 0.0451448, 0.0171019,buy
2010-01-04,0,0.5,0,0,0.12,1.38,0.16,0,-0.041855,-0.0639972,-0.034022,-0.0418545,-0.0418545,sell
2010-01-05,0,0.41,0,0,0.11,1.01,0.14,0,-0.052452,-0.0576035,-0.038909,-0.0674297,-0.0729833,sell
2010-01-06,0,0.33,0,0,0.1,1.28,0.13,0,-0.048475,-0.0484754,-0.089088,-0.0484799,-0.0501152,sell
2010-01-07,0,0.26,0,0,0.12,1.7,0.12,0,-0.003541, 0.0182457, 0.024841, 0.0259359, 0.0202523,buy
2010-01-08,0.03,0.2,0,0,0.19,2.29,0.11,0, 0.009285, 0.0289506, 0.033993, 0.0255905, 0.0252965,buy
2010-01-09,0.07,0.2,0,0,0.43,1.73,0.11,0, 0.009153, 0.0096323, 0.009828, 0.0091527, 0.0098984,buy
2010-01-10,0.13,0.36,0,0,0.41,0.96,0.21,0,-0.008156,-0.0082301, 0.034117,-0.0100732,-0.0081560,sell
2010-01-11,0.23,0.56,0,0,0.36,0.49,0.37,0, 0.110878, 0.1120291, 0.069551, 0.1120635, 0.1013152,buy
2010-01-12,0.28,0.44,0,0,0.91,0.37,0.86,0,-0.004703, 0.0056644, 0.023917,-0.0097746,-0.0102287,buy
2010-01-13,0.22,0.16,0,0,2.06,0.56,1.46,0,-0.008656,-0.0420544,-0.011968,-0.0086563,-0.0087437,sell
2010-01-14,0.18,0,0,0,3.17,0.82,1.02,0, 0.029726, 0.0314862, 0.028552,-0.0003662, 0.0613777,buy
2010-01-15,0.17,0,0,0,2.49,0.82,0.43,0, 0.010318,-0.0641960, 0.029981, 0.0198721, 0.0544294,buy
2010-01-16,0.2,0,0,0,1.17,0.53,0.16,0,-0.058760, 0.0517445, 0.046277, 0.0343304, 0.0306030,buy
2010-01-17,0.28,0,0,0,0.65,0.28,0.06,0,-0.015243, 0.0164945, 0.008384, 0.0057161,-0.0155898,sell
2010-01-18,0.33,0,0,0,0.57,0.18,0.05,0,-0.011271, 0.0078822, 0.003465, 0.0073216,-0.0217573,sell
2010-01-19,0.35,0,0,0,0.54,0.15,0.05,0,-0.017366, 0.0070266, 0.000452, 0.0027697,-0.0250194,sell
2010-01-20,0.55,0,0,0,0.65,0.27,0,0, 0.021723, 0.0273149, 0.027315, 0.0273149, 0.0171762,buy
2010-01-21,1.3,0,0.08,0,0.89,0.4,0,0, 0.047641, 0.0655038, 0.054019, 0.0800789, 0.0674470,buy
2010-01-22,1.8,0,0.24,0,0.7,0.73,0.04,0, 0.066499, 0.0428145, 0.067375, 0.0684325, 0.0800395,buy
2010-01-23,1.32,0,0.27,0,0.6,1.53,0.05,0, 0.042281, 0.0293357, 0.048645, 0.0534845, 0.0447809,buy
2010-01-24,1.37,0,0.27,0,0.58,2.6,0.06,0,-0.018407,-0.0003575,-0.033112,-0.0254826,-0.0440933,sell
2010-01-25,0.87,0,0.24,0,0.3,2.82,0.07,0, 0.090667, 0.0838995, 0.070807, 0.0575917, 0.0649974,buy
2010-01-26,0.35,0.12,0.09,0,0.19,1.68,0.08,0,-0.026472, 0.0179980,-0.001633,-0.0146731,-0.0080323,sell
2010-01-27,0.13,0.18,0,0,0.19,0.99,0.09,0,-0.053300, 0.0230886,-0.053795,-0.0539732,-0.0539732,sell
2010-01-28,0,0.27,0.17,0,0.22,1,0.17,0,-0.055652, 0.0225386,-0.057155,-0.0546940,-0.0546940,sell
2010-01-29,0,0.4,0.21,0,0.37,0.96,0.25,0,-0.076412,-0.0194381,-0.073610,-0.0764103,-0.0712544,sell
2010-01-30,0,0.6,0.26,0,0.46,0.65,0.44,0,-0.049185,-0.0526522, 0.001393,-0.0120425,-0.0648792,sell
2010-01-31,0,0.81,0.34,0,0.33,0.71,0.61,0,-0.005424, 0.0001049, 0.023598, 0.0094221,-0.0043547,buy
2010-02-01,0,1.18,0.42,0,0.35,0.97,0.51,0,-0.035971,-0.0185453,-0.017545,-0.0152924,-0.0299085,sell
2010-02-02,0,1.67,0.54,0,0.59,1.17,0.4,0,-0.013523,-0.0499231,-0.066524,-0.0641219, 0.0008941,sell
2010-02-03,0,1.37,0.68,0,0.83,1.15,0.49,0, 0.018014,-0.0269155,-0.030724,-0.0290910, 0.0552206,sell
2010-02-04,0,0.51,0.87,0,0.59,0.8,0.64,0, 0.029161, 0.0073224, 0.005169, 0.0219292,-0.0331695,sell
2010-02-05,0,0,0.95,0,0.85,0.83,1.2,0, 0.031696, 0.0216701, 0.025141, 0.0103502, 0.0327250,buy
2010-02-06,0,0.43,0.82,0,2,1.05,1.68,0, 0.032004, 0.0144400, 0.032004, 0.0273177, 0.0349292,buy
2010-02-07,0,1.09,0.85,0,2.89,1.37,1.44,0, 0.106912, 0.0982862, 0.034239, 0.0908252, 0.1004907,buy
2010-02-08,0,1.2,0.82,0,1.83,1.44,1.07,0, 0.049850,-0.0009261, 0.037125, 0.0369880, 0.0849608,buy
2010-02-09,0,0.59,0.89,0,0.85,1.02,0.82,0, 0.008644, 0.0307829, 0.025453, 0.0254599, 0.0446660,buy
2010-02-10,0,0.29,1.1,0,0.3,0.65,0.78,0,-0.006464,-0.0240559,-0.011028,-0.0128308,-0.0263677,sell
2010-02-11,0.26,0.42,1.13,0,0.33,0.48,0.78,0,-0.010481,-0.0280470,-0.020996,-0.0330345,-0.0476938,sell
2010-02-12,0.97,0.33,0.9,0,0.63,0.48,0.86,0, 0.021598, 0.0294941, 0.034328,-0.0366461, 0.0354442,buy
2010-02-13,1.09,0.18,1.01,0,1.25,0.82,1.07,0, 0.023761,-0.0156851,-0.020908,-0.0155336,-0.0154040,sell
2010-02-14,0.32,0.1,1.24,0,1.15,1.6,1.49,0, 0.015589,-0.0027750, 0.004405, 0.0062209, 0.0422166,buy
2010-02-15,0.08,0,0.76,0,0.61,1.43,1.79,0, 0.043851, 0.0424369, 0.020187, 0.0431716, 0.0477634,buy
2010-02-16,0,0,0.34,0,0.2,1.05,1.39,0,-0.043286,-0.0507405,-0.050740,-0.0491376,-0.0371659,sell
2010-02-17,0,0,0.13,0,0.05,0.99,1.02,0, 0.007386, 0.0030891, 0.003089, 0.0030891,-0.0045758,sell
2010-02-18,0,0,0.1,0,0,0.28,0.77,0, 0.012322,-0.0613220,-0.038994,-0.0525825, 0.0388961,sell
2010-02-19,0,0,0,0,0,0.15,0.64,0,-0.034950,-0.0293802,-0.022703,-0.0544910, 0.0060821,sell
2010-02-20,0,0,0.33,0,0,0.2,0.58,0,-0.047861,-0.0484194,-0.044041,-0.0555124,-0.0297073,sell
2010-02-21,0,0.49,0.85,0,0.19,0.6,0.54,0, 0.008536,-0.0083074, 0.032587,-0.0083074,-0.0302909,buy
2010-02-22,0,1.08,0.95,0,0.7,1.23,0.65,0,-0.003881, 0.0155862,-0.002784,-0.0051834,-0.0021126,buy
2010-02-23,0,0.54,0.4,0,0.58,1.29,0.87,0,-0.024809,-0.0187490,-0.050162,-0.0017223,-0.0535866,sell
2010-02-24,0,0,0,0,0.13,0.59,0.95,0,-0.033807,-0.0352261,-0.032745,-0.0362771,-0.0358900,sell
2010-02-25,0,0,0,0,0.15,0.18,1.19,0, 0.014598, 0.0187244,-0.000786,-0.0256739, 0.0194585,sell
2010-02-26,0,0,0,0,0.59,0,1.56,0, 0.020850, 0.0222312, 0.044155, 0.0055962, 0.0192987,buy
2010-02-27,0,0,0,0,0.54,0,0.84,0, 0.114586, 0.1328870, 0.095396, 0.1071875, 0.0450484,buy
2010-02-28,0,0,0,0,0.13,0,0.39,0, 0.040430, 0.0460221, 0.046022, 0.0565656, 0.0460221,buy
2010-03-01,0,0,0,0,0,0.08,0.19,0,-0.026027,-0.0279859,-0.029506,-0.0002787,-0.0244032,sell
2010-03-02,0,0,0.77,0,0.19,0.4,0.23,0, 0.025366, 0.0153000, 0.021690, 0.0106234, 0.0020953,buy
2010-03-03,0,0,1.11,0,0.53,0.95,0.42,0,-0.015756,-0.0556919,-0.049035,-0.0506314,-0.0571613,sell
2010-03-04,0,0,0.47,0,1.54,0.43,0.74,0,-0.038262,-0.0378670,-0.035936,-0.0337950,-0.0382618,sell
2010-03-05,0,0,0.08,0,1.77,0.08,0.49,0,-0.009953,-0.0024132,-0.005494,-0.0039272, 0.0078769,sell
2010-03-06,0,0,0,0,0.72,0,0.38,0, 0.002080, 0.0506317, 0.024433, 0.0179512,-0.0037709,buy
2010-03-07,0,0,0,0,0.25,0,0.56,0,-0.006858,-0.0001839,-0.004317,-0.0355896, 0.0125540,sell
2010-03-08,0,0,0,0,0,0,1.03,0, 0.015228,-0.0211865,-0.044100,-0.0256444, 0.0252469,sell
2010-03-09,0,0,0,0,0,0,0.96,0, 0.000022,-0.0035879,-0.017769,-0.0120121, 0.0356911,sell
2010-03-10,0,0,0,0,0,0,0.83,0,-0.040252,-0.0150245,-0.016096,-0.0337907, 0.0234535,sell
2010-03-11,0,0,0,0,0,0,1.17,0,-0.012458, 0.0058002,-0.022222,-0.0138471, 0.0216225,sell
2010-03-12,0,0,0.12,0,0,0,0.59,0,-0.058489,-0.0584889,-0.041827,-0.0525599, 0.0024439,sell
2010-03-13,0,0.14,0.32,0,0,0,0.34,0, 0.005639,-0.0067322, 0.005685,-0.0094596,-0.0202429,sell
2010-03-14,0,0.28,0.57,0,0.21,0.12,0.31,0, 0.045655, 0.0415443, 0.081835, 0.0807374, 0.0617818,buy
2010-03-15,0,0.22,0.34,0,1.13,0.42,0.35,0, 0.050749, 0.0507493, 0.044097, 0.0436684,-0.0094382,buy
2010-03-16,0,0.08,0.18,0,2.42,1.23,0.4,0,-0.028220,-0.0207942,-0.024754,-0.0170380,-0.0348267,sell
2010-03-17,0,0.1,0.15,0,2.26,2.22,0.46,0,-0.036577, 0.0019417, 0.004023,-0.0122300,-0.0076551,sell
2010-03-18,0,0.11,0.17,0,2.19,1.63,0.53,0, 0.028089,-0.0702622, 0.027976, 0.0104399, 0.0402105,buy
2010-03-19,0,0.12,0.19,0,1.44,0.62,0.63,0,-0.077988,-0.0731726,-0.080163,-0.0684739,-0.0291241,sell
2010-03-20,0,0.24,0.21,0,0.62,0.12,0.81,0, 0.047957, 0.0633784, 0.018637, 0.0483369, 0.0608313,buy
2010-03-21,0,0.43,0.22,0,0.26,0,0.99,0, 0.000419,-0.0008310,-0.007236, 0.0006738, 0.0004705,sell
2010-03-22,0,0.28,0.24,0,0.05,0.36,1.2,0, 0.004812, 0.0067572,-0.005538, 0.0064624, 0.0012470,sell
2010-03-23,0.05,0.18,0.25,0,0.03,1.92,1.27,0,-0.000095,-0.0000946,-0.013545,-0.0345068,-0.0020347,sell
2010-03-24,0.16,0.2,0.26,0,0.14,2.18,1.15,0, 0.043136, 0.0480146, 0.012116, 0.0216787, 0.0160164,buy
2010-03-25,0.28,0.26,0.27,0,0.35,0.58,1.02,0, 0.044858, 0.0260969, 0.004689, 0.0124785, 0.0233093,buy
2010-03-26,0.14,0.35,0.27,0,0.19,0.06,0.95,0,-0.024787,-0.0193920,-0.007386,-0.0141042, 0.0011449,sell
2010-03-27,0.1,0.51,0.27,0,0.16,0,1.1,0,-0.007533,-0.0081597,-0.012373,-0.0081597,-0.0081597,sell
2010-03-28,0.27,0.47,0.38,0,0.33,0,1.56,0, 0.007643, 0.0009014, 0.007673, 0.0080383, 0.0009014,buy
2010-03-29,0.2,0.34,0.39,0,0.59,0,2.65,0, 0.011211, 0.0232656, 0.042966, 0.0218342, 0.0570650,buy
2010-03-30,0.04,0.25,0.64,0,0.5,0.25,3.2,0, 0.010262,-0.0080416, 0.038294, 0.0162232, 0.0478645,buy
2010-03-31,0.07,0.25,1.19,0,0.72,0.58,3.25,0, 0.018315, 0.0214360, 0.020349, 0.0139447, 0.0190140,buy
2010-04-01,0.18,0.26,1.64,0,0.58,1.28,3.15,0, 0.006188, 0.0156655, 0.017126, 0.0094257, 0.0094257,buy
2010-04-02,0.53,0.26,1.72,0,0.13,2.54,1.75,0,-0.013225,-0.0042552, 0.044359, 0.0592425, 0.0452793,buy
2010-04-03,0.75,0.25,1.24,0,0,2.67,0.73,0,-0.025085, 0.0086092,-0.005707, 0.0108357, 0.0099339,sell
2010-04-04,1.11,0.25,0.74,0,0,2.04,0.33,0, 0.055130, 0.0623315, 0.086841, 0.0703829, 0.0678270,buy
2010-04-05,1.18,0.25,0.6,0,0.04,1.11,0.22,0, 0.003812,-0.0061194,-0.008347,-0.0036421,-0.0088568,sell
2010-04-06,0.86,0.24,0.64,0,0.09,0.41,0.17,0,-0.003368,-0.0147923,-0.003414,-0.0408291,-0.0030552,sell
2010-04-07,0.41,0.23,0.72,0,0.17,0.25,0.13,0, 0.012153,-0.0342353,-0.007527,-0.0339784,-0.0323692,sell
2010-04-08,0.15,0.23,1.02,0,0.34,0.21,0.1,0, 0.015368, 0.0127854,-0.033669, 0.0037723, 0.0244513,buy
2010-04-09,0.11,0.21,1.14,0,0.36,0.35,0.08,0, 0.010234, 0.0125179,-0.017094, 0.0333073, 0.0216390,buy
2010-04-10,0.15,0.2,1.31,0,0.19,0.75,0.06,0,-0.007551,-0.0044053,-0.007075,-0.0093515,-0.0092017,sell
2010-04-11,0.37,0.69,1.4,0,0.1,1.06,0,0, 0.035871, 0.0388791, 0.009343, 0.0092336, 0.0092336,buy
2010-04-12,0.51,1.28,1.33,0,0.05,0.73,0,0,-0.010949,-0.0075159,-0.021765, 0.0053033,-0.0109491,sell
2010-04-13,0.93,0.92,1.19,0,0.03,0.58,0,0, 0.009582, 0.0280918, 0.030698, 0.0313898, 0.0213726,buy
2010-04-14,0.79,0.49,1.08,0,0,0.55,0.03,0, 0.009152, 0.0110488, 0.009152, 0.0050899, 0.0417932,buy
2010-04-15,0.24,0.55,1.01,0,0.07,0.76,0.26,0, 0.044843, 0.0423587, 0.044843, 0.0423587, 0.0417107,buy
2010-04-16,0.08,1.15,0.97,0,0.17,0.83,0.62,0, 0.003917,-0.0089800,-0.004968,-0.0049677, 0.0193875,sell
2010-04-17,0,1.14,1.18,0,0.38,0.88,1.54,0,-0.011698,-0.0191825,-0.005635,-0.0132983,-0.0424047,sell
2010-04-18,0,0.71,1.48,0,0.6,0.9,2.01,0,-0.037051,-0.0339426,-0.040872,-0.0329732,-0.0569709,sell
2010-04-19,0,0.35,1.8,0,0.4,0.92,1.53,0,-0.066886,-0.0658056,-0.083326,-0.0495716,-0.0698906,sell
2010-04-20,0,0.33,1.39,0,0.17,0.9,1.09,0,-0.036059,-0.0316344,-0.048133,-0.0411557,-0.0557333,sell
2010-04-21,0.04,0.28,1.07,0,0.08,0.88,0.59,0,-0.031692,-0.0343423,-0.014148,-0.0358065,-0.0474227,sell
2010-04-22,0.37,0,0.89,0,0,0.85,0.37,0, 0.022345, 0.0108493, 0.013783, 0.0045298,-0.0084018,buy
2010-04-23,1.06,0,0.91,0,0,0.84,0.68,0, 0.027022, 0.0278401, 0.032966, 0.0608261,-0.0178366,buy
2010-04-24,1.82,0.37,0.94,0,0,0.89,0.7,0,-0.019204,-0.0080394,-0.008609, 0.0078044, 0.0078044,sell
2010-04-25,1.46,0.83,0.98,0,0,0.96,0.27,0,-0.060587,-0.0899192,-0.035457,-0.0671287,-0.0599283,sell
2010-04-26,0.74,0.58,1.02,0,0,1.27,0.1,0, 0.043997, 0.0442267, 0.044227, 0.0442267, 0.0461330,buy
2010-04-27,0.24,0.19,1.24,0,0,1.68,0,0, 0.081653, 0.0800715, 0.081653, 0.0816525, 0.0816525,buy
2010-04-28,0.15,0,1.69,0,0,2.22,0,0,-0.019553,-0.0195782,-0.028127,-0.0208520,-0.0197252,sell
2010-04-29,0.11,0.14,1.97,0,0.05,2.18,0,0, 0.023193, 0.0231927, 0.013358, 0.0072330, 0.0240316,buy
2010-04-30,0.2,0.19,1.64,0,0.23,1.94,0,0, 0.007299, 0.0122013, 0.005667, 0.0173663, 0.0232276,buy
2010-05-01,0.36,0.26,1.36,0,0.19,2.03,0,0, 0.101400, 0.1014000, 0.100735, 0.1051285, 0.1073302,buy
2010-05-02,0.67,0.8,1.44,0,0.04,2.38,0,0, 0.080925, 0.0275461, 0.058009, 0.0428704, 0.0660785,buy
2010-05-03,1.03,1.59,1.5,0,0.04,2.69,0,0,-0.013190,-0.1154587,-0.101353,-0.1364148,-0.1034781,sell
2010-05-04,1.31,1.81,1.45,0,0.05,2.73,0,0,-0.071931,-0.1202069,-0.117100,-0.1364116,-0.1184284,sell
2010-05-05,1.5,1.14,1.68,0,0.06,2.22,0,0, 0.051235,-0.0397873,-0.019762,-0.0508241,-0.0221709,sell
2010-05-06,1.07,0.49,2.13,0,0.08,1.65,0,0,-0.020096,-0.0191171,-0.005145,-0.0266119, 0.0004863,sell
2010-05-07,0.58,0.35,2.38,0,0.1,1.37,0.07,0,-0.009512, 0.0112926, 0.016570,-0.0092040,-0.0013976,buy
2010-05-08,0.35,0.51,1.8,0,0.12,1.2,0.09,0,-0.018690, 0.0054426,-0.026192,-0.0353176,-0.0324570,sell
2010-05-09,0.21,0.81,1.32,0,0.15,1.37,0.1,0, 0.051785, 0.0748415, 0.023359, 0.0179901, 0.0235581,buy
2010-05-10,0.19,1.1,1.05,0,0.27,1.22,0.12,0, 0.017463, 0.0492940, 0.023899, 0.0174628, 0.0239244,buy
2010-05-11,0.18,0.77,0.82,0,0.33,1.03,0.12,0, 0.027807, 0.0204731, 0.020473, 0.0278073, 0.0350665,buy
2010-05-12,0.2,0.34,0.79,0,0.41,0.98,0.13,0,-0.034819,-0.0287561,-0.005063,-0.0224742,-0.0285020,sell
2010-05-13,0.23,0.29,0.76,0,0.49,0.97,0.12,0,-0.023908,-0.0579183,-0.010995,-0.0227566,-0.0111723,sell
2010-05-14,0.29,0.46,0.73,0,0.59,0.99,0.18,0,-0.024206,-0.0858406,-0.027350,-0.0460211,-0.0136727,sell
2010-05-15,0.4,0.64,0.71,0,0.68,1,0.25,0,-0.019743,-0.0523651,-0.015771,-0.0139563,-0.0173293,sell
2010-05-16,0.93,0.66,0.7,0,0.67,1.03,0.39,0,-0.050360, 0.0157527, 0.005281, 0.0064478,-0.0106629,sell
2010-05-17,1.59,0.71,0.67,0,0.62,1.06,0.79,0, 0.015473, 0.0065600, 0.048853, 0.0048074, 0.0048074,buy
2010-05-18,3.17,0.91,0.65,0,0.61,1.1,0.84,0, 0.016700, 0.0169642, 0.016700, 0.0167001, 0.0167001,buy
2010-05-19,3.39,0.95,0.64,0,0.6,1.12,0.65,0,-0.004355, 0.0024930,-0.006747,-0.0069885,-0.0060647,sell
2010-05-20,2.19,1.07,0.63,0,0.61,1.17,0.85,0, 0.027115, 0.0318024, 0.043662, 0.0271146, 0.0365101,buy
2010-05-21,1.23,0.63,0.61,0,0.64,1.21,0.72,0, 0.049549, 0.0255423, 0.054281, 0.0432755, 0.0861666,buy
2010-05-22,0.42,0.29,0.73,0,0.69,1.25,0.28,0,-0.031884,-0.0334860,-0.019850,-0.0258351,-0.0282746,sell
2010-05-23,0.15,0,0.95,0,0.79,1.3,0.12,0,-0.037868,-0.0313455,-0.036838,-0.0452501,-0.0665753,sell
2010-05-24,0,0,1.09,0,0.88,1.35,0.07,0,-0.046082,-0.0326158,-0.034947,-0.0669029,-0.0707911,sell
2010-05-25,0,0,1.09,0,0.99,1.4,0.03,0,-0.021392,-0.0331361,-0.031580,-0.0324403,-0.0385669,sell
2010-05-26,0,0,1.05,0,1.11,1.51,0.03,0, 0.006799,-0.0164594,-0.009463,-0.0143086,-0.0043308,sell
2010-05-27,0.13,0.42,0.8,0,1.26,1.62,0.04,0, 0.033600, 0.0209313, 0.014630, 0.0290208, 0.0221705,buy
2010-05-28,0.35,1.09,0.66,0,1.43,1.89,0.04,0, 0.106488, 0.0689475, 0.061884, 0.0734619, 0.1085289,buy
2010-05-29,0.83,1.36,0.56,0,1.35,2.42,0.04,0, 0.080630, 0.0713219, 0.065683, 0.0900542, 0.1126565,buy
2010-05-30,0.68,1.28,0.55,0,1.31,2.97,0.04,0, 0.097512, 0.0976100, 0.033489, 0.0595740, 0.0976434,buy
2010-05-31,0.22,2.11,0.55,0,1.34,2.64,0.04,0, 0.061336, 0.0472520, 0.017656, 0.0546636, 0.0563504,buy
2010-06-01,0.07,1.92,0.56,0,1.45,2.02,0.04,0, 0.055875, 0.0410104, 0.000887, 0.0557621, 0.0525556,buy
2010-06-02,0,1.82,0.87,0,1.71,1.79,0.04,0, 0.003589,-0.0219799,-0.030304,-0.0045915,-0.0303042,sell
2010-06-03,0.05,1.66,1.36,0,1.71,1.78,0.03,0, 0.045796, 0.0037283, 0.003296, 0.0427574, 0.0018866,buy
2010-06-04,0.09,1.26,1.6,0,1.34,1.69,0.03,0, 0.065369, 0.0466064, 0.046974, 0.0653687, 0.0452070,buy
2010-06-05,0.17,0.59,1.4,0,1.08,1.47,0.02,0, 0.000214,-0.0112276,-0.010176,-0.0189201,-0.0177599,sell
2010-06-06,0.31,0.35,1.42,0,0.92,1.34,0,0, 0.010998, 0.0034736,-0.001799,-0.0071835, 0.0028446,buy
2010-06-07,0.69,0.35,1.55,0,0.81,1.25,0,0, 0.002916, 0.0034497,-0.010264,-0.0136521, 0.0002484,sell
2010-06-08,1.39,0.63,1.52,0,0.75,1.17,0.13,0, 0.015682, 0.0108240, 0.002773, 0.0054763, 0.0049690,buy
2010-06-09,1.21,0.83,1.54,0,0.66,1.13,0.52,0, 0.014206,-0.0110403, 0.010658,-0.0014308,-0.0040162,sell
2010-06-10,0.39,0.23,1.34,0,0.68,1.08,1.29,0, 0.042647, 0.0407065, 0.043793, 0.0439850, 0.0018504,buy
2010-06-11,0.13,0,1.46,0,0.7,1.03,1.09,0,-0.015247,-0.0270146, 0.069488, 0.0014118, 0.0013751,buy
2010-06-12,0.31,0,2.33,0,0.74,0.99,1.23,0,-0.079261,-0.0661330,-0.066586,-0.0793659,-0.0393778,sell
2010-06-13,0.69,0,2.71,0,0.77,0.95,0.77,0,-0.071967,-0.0560240,-0.054419,-0.0556240, 0.0144109,sell
2010-06-14,1.4,0,1.86,0,0.73,0.92,0.28,0, 0.011073, 0.0010549, 0.019305, 0.0314506, 0.0063055,buy
2010-06-15,1.51,0,1.31,0,0.66,0.82,0.1,0, 0.033266, 0.0374718, 0.051232, 0.0389980, 0.0362956,buy
2010-06-16,0.96,0,1.58,0,0.58,0.79,0,0, 0.007254, 0.0266866, 0.033293, 0.0093503, 0.0236581,buy
2010-06-17,0.66,0,1.89,0,0.53,0.76,0,0,-0.015618, 0.0043548,-0.018258,-0.0083655, 0.0049495,sell
2010-06-18,0.76,0,1.44,0,0.49,0.73,0,0,-0.000921, 0.0209921, 0.006363, 0.0139763, 0.0071360,buy
2010-06-19,1.53,0,1.01,0,0.48,0.7,0,0, 0.056205, 0.0651269, 0.069459, 0.0562892, 0.0515369,buy
2010-06-20,1.66,0,0.86,0,0.4,0.71,0,0, 0.058862, 0.0540266, 0.069988, 0.0690705, 0.0567040,buy
2010-06-21,1.1,0,0.89,0,0.46,0.75,0,0, 0.008595, 0.0351141, 0.031549, 0.0291900, 0.0091710,buy
2010-06-22,0.94,0.09,0.93,0,0.49,0.86,0,0, 0.004735, 0.0340434, 0.027464, 0.0337624, 0.0144328,buy
2010-06-23,0.8,0.32,1.21,0,0.37,1.1,0,0, 0.007896, 0.0078958, 0.022216,-0.0000228, 0.0078958,buy
2010-06-24,1.73,0.41,1.7,0,0.27,1.25,0,0, 0.058031, 0.0282886, 0.026790, 0.0455936, 0.0530346,buy
2010-06-25,1.78,0.15,1.78,0,0.22,1.9,0,0, 0.005791, 0.0075126, 0.018193, 0.0101674, 0.0170107,buy
2010-06-26,0.79,0.3,1.38,0,0.19,1.74,0,0, 0.086526, 0.0735917, 0.079748, 0.0692304, 0.0785834,buy
2010-06-27,0.41,0.8,1.19,0,0.15,0.96,0,0,-0.092700,-0.0763688,-0.083348,-0.0763688,-0.0712451,sell
2010-06-28,0.6,0.83,1.2,0,0.14,0.66,0,0,-0.100090,-0.1063025,-0.095362,-0.0942444,-0.0991251,sell
2010-06-29,0.83,0.86,1.14,0,0.13,0.49,0.03,0,-0.108366,-0.1171672,-0.111659,-0.1116587,-0.1076897,sell
2010-06-30,0.66,1.19,1.18,0,0.12,0.47,0.16,0,-0.059634,-0.0596337,-0.059634,-0.0719097,-0.0644970,sell
2010-07-01,0.38,2.11,1.12,0,0.11,0.46,0.28,0, 0.037773, 0.0322328, 0.027355, 0.0304277, 0.0353338,buy
2010-07-02,0.22,1.52,1.08,0,0.1,0.44,0.13,0, 0.067103, 0.0638879, 0.093927, 0.0911483, 0.0771051,buy
2010-07-03,0.22,0.7,1.02,0,0.09,0.43,0.07,0,-0.046566,-0.0505831,-0.038152,-0.0534010,-0.0394787,sell
2010-07-04,0.35,0.86,0.98,0,0.08,0.41,0.08,0,-0.063103,-0.0537344,-0.052424,-0.0462038,-0.0429643,sell
2010-07-05,0.42,1.68,1.05,0,0.11,0.4,0.13,0, 0.017934, 0.0179343, 0.059144, 0.0590795, 0.0718538,buy
2010-07-06,0.18,1.74,1.25,0,0.21,0.39,0.2,0, 0.043766, 0.0367569, 0.073955, 0.0480253, 0.0458324,buy
2010-07-07,0.06,1.91,1.29,0,0.4,0.37,0.41,0, 0.051764, 0.0492199, 0.050002, 0.0492045, 0.0513875,buy
2010-07-08,0.12,1.05,2.15,0,0.77,0.4,0.93,0,-0.113378,-0.1278280,-0.120849,-0.1127694,-0.0838768,sell
2010-07-09,0.7,0.4,2.49,0,1.18,0.5,1.23,0,-0.069859,-0.0249282,-0.022381,-0.0279640, 0.0621509,sell
2010-07-10,0.91,0,2,0,0.88,0.65,0.4,0, 0.012803, 0.0775157, 0.078007, 0.0757007, 0.0825097,buy
2010-07-11,0.63,0,1.92,0,0.38,0.55,0.06,0,-0.046392,-0.0213270,-0.047361,-0.0415908,-0.0381612,sell
2010-07-12,0.39,0.1,1.46,0,0.18,0.43,0.04,0, 0.011252, 0.0133257, 0.012092, 0.0116656, 0.0163807,buy
2010-07-13,0.56,0.42,1.22,0,0.04,0.38,0.02,0,-0.012762, 0.0057041,-0.012762,-0.0124139, 0.0071497,sell
2010-07-14,0.43,0.29,1.43,0,0,0.38,0,0,-0.031725, 0.0564498, 0.035069, 0.0282575, 0.0367586,buy
2010-07-15,0.16,0,1.85,0,0,0.38,0,0,-0.030490, 0.0037211,-0.018415,-0.0163985,-0.0040005,sell
2010-07-16,0.06,0,1.41,0,0,0.76,0,0,-0.035721,-0.0242879,-0.048236,-0.0482363,-0.0482363,sell
2010-07-17,0.07,0.41,0.75,0,0,1.66,0,0, 0.007664,-0.0285768,-0.016820,-0.0158793,-0.0168203,sell
2010-07-18,0.19,0.87,0.99,0,0,1.4,0,0, 0.040154, 0.0462844, 0.030087, 0.0092793, 0.0250069,buy
2010-07-19,0.54,1.04,1.31,0,0.03,0.65,0.1,0, 0.027374, 0.0269951, 0.017836, 0.0240966, 0.0273743,buy
2010-07-20,0.98,0.96,2.14,0,0.07,0.43,0.22,0,-0.037606,-0.0256414,-0.025641,-0.0153436,-0.0246838,sell
2010-07-21,0.99,0.27,2.23,0,0.2,0.45,0.48,0,-0.037188,-0.0325271,-0.030314,-0.0285211,-0.0306612,sell
2010-07-22,1.05,0,1.82,0,0.24,0.46,1.04,0,-0.002026, 0.0008030,-0.025044,-0.0033606,-0.0250435,sell
2010-07-23,0.92,0.23,1.27,0,0.11,0.49,1.12,0, 0.050614, 0.0192849, 0.030180, 0.0282579, 0.0166688,buy
2010-07-24,0.53,0.82,1.25,0,0.04,0.51,0.53,0, 0.005861, 0.0070744,-0.006209,-0.0005072,-0.0005072,sell
2010-07-25,0.45,0.73,1.54,0,0.02,0.53,0.25,0, 0.028182, 0.0553496, 0.044195, 0.0412458, 0.0517186,buy
2010-07-26,0.49,0.2,2.3,0,0.21,0.57,0.11,0,-0.044152,-0.0025723,-0.026559,-0.0175658,-0.0032537,sell
2010-07-27,0.27,0.13,2.31,0,0.64,0.6,0,0,-0.022667,-0.0034929,-0.016691,-0.0016141,-0.0034929,sell
2010-07-28,0.21,0.33,2.08,0,0.94,0.64,0,0, 0.015744, 0.0282720, 0.025247, 0.0191078, 0.0282720,buy
2010-07-29,0.38,0.41,1.59,0,0.45,0.68,0,0,-0.050739,-0.0458599,-0.057402,-0.0460272,-0.0458640,sell
2010-07-30,0.56,0.21,0.98,0,0.15,0.75,0,0,-0.043470,-0.0824167,-0.062449,-0.0595432,-0.0576722,sell
2010-07-31,0.29,0.08,0.77,0,0,0.8,0,0, 0.003565,-0.0465762,-0.025118,-0.0270457,-0.0291252,sell
2010-08-01,0.1,0,0.73,0,0,0.87,0,0, 0.004088,-0.0388866,-0.036689,-0.0413944,-0.0380227,sell
2010-08-02,0.07,0,0.86,0,0,0.9,0,0,-0.004450,-0.0213665, 0.006187,-0.0285327,-0.0175627,sell
2010-08-03,0.2,0,1.16,0,0.04,0.9,0,0,-0.044337,-0.0790565,-0.071776,-0.0706987,-0.0694294,sell
2010-08-04,0.54,0,1.68,0,0.04,0.92,0,0,-0.013182,-0.0042249,-0.054003,-0.0407287,-0.0087437,sell
2010-08-05,0.83,0.14,1.64,0,0.04,1.07,0,0, 0.003522,-0.0015868,-0.015382,-0.0198696,-0.0021293,sell
2010-08-06,0.48,0.34,1.04,0,0.04,1.16,0,0,-0.088710,-0.0947237,-0.094688,-0.0947237,-0.0747340,sell
2010-08-07,0.19,0.7,0.35,0,0.04,1.25,0,0, 0.002712,-0.0229364,-0.034533,-0.0317211,-0.0499212,sell
2010-08-08,0.08,0.78,0.13,0,0.04,1.65,0,0,-0.005146, 0.0276409, 0.005965, 0.0270184, 0.0492389,buy
2010-08-09,0,0.73,0,0,0.04,1.9,0,0, 0.038757, 0.0434017, 0.048995, 0.0613237, 0.0695214,buy
2010-08-10,0.05,0.98,0,0,0.04,1.36,0,0,-0.037262,-0.0513827,-0.048931,-0.0231550,-0.0462267,sell
2010-08-11,0.11,0.79,0,0,0,0.9,0,0,-0.029918,-0.0362479,-0.012473,-0.0300469,-0.0394732,sell
2010-08-12,0.24,0.32,0,0,0,0.66,0,0,-0.032739, 0.0503167,-0.036460,-0.0251882,-0.0327390,sell
2010-08-13,0.42,0,0,0,0,0.46,0,0, 0.008520, 0.0068937, 0.011230, 0.0068937, 0.0276847,buy
2010-08-14,0.3,0,0,0,0,0.45,0,0, 0.000181, 0.0112015, 0.016595, 0.0165952, 0.0258727,buy
2010-08-15,0.13,0.46,0,0,0,0.43,0,0,-0.047021,-0.0199595,-0.030781,-0.0352387,-0.0470206,sell
2010-08-16,0.06,0.97,0,0,0,0.42,0,0, 0.001662,-0.0052404,-0.017122, 0.0062217, 0.0016624,sell
2010-08-17,0,2.16,0,0,0,0.41,0,0, 0.035001, 0.0165270, 0.027313, 0.0152079, 0.0253369,buy
2010-08-18,0,3.22,0,0,0,0.41,0,0,-0.019315,-0.0368354,-0.035562,-0.0307222,-0.0312643,sell
2010-08-19,0,3.68,0,0,0,0.4,0,0,-0.061596,-0.0621169,-0.063637,-0.0593209,-0.0760758,sell
2010-08-20,0,2.96,0.1,0,0,0.4,0,0,-0.017118,-0.0372593,-0.038156,-0.0364400,-0.0245881,sell
2010-08-21,0,1.9,0.25,0,0,0.4,0,0, 0.029358, 0.0293779, 0.038435, 0.0290720, 0.0293577,buy
2010-08-22,0,0.55,0.59,0,0,0.4,0,0, 0.019777, 0.0202050, 0.062266, 0.0210073,-0.0134461,buy
2010-08-23,0.08,0.17,0.7,0,0.14,0.4,0,0, 0.005874, 0.0016931, 0.022483, 0.0058475, 0.0099202,buy
2010-08-24,0.19,0,0.58,0,0.35,0.3,0,0,-0.047141,-0.0333507,-0.039455,-0.0548390,-0.0559713,sell
2010-08-25,0.45,0,0.35,0,0.71,0.32,0,0, 0.059557, 0.0723027, 0.072303, 0.0609644, 0.0609644,buy
2010-08-26,0.56,0,0.14,0,1.07,0.33,0.05,0,-0.023966,-0.0115698,-0.021989,-0.0185537,-0.0157647,sell
2010-08-27,0.28,0,0,0,0.93,0.35,0.11,0,-0.038611,-0.0385160,-0.039570,-0.0395695,-0.0437943,sell
2010-08-28,0.12,0,0,0,0.42,0.37,0.22,0,-0.009142, 0.0132626, 0.035123, 0.0029180, 0.0026854,buy
2010-08-29,0.15,0,0,0,0.19,0.4,0.47,0, 0.018899, 0.0214914, 0.021491, 0.0095162, 0.0188991,buy
2010-08-30,0.25,0,0,0,0.09,0.44,0.46,0, 0.011274, 0.0189280, 0.019268, 0.0152416, 0.0112738,buy
2010-08-31,0.62,0,0,0,0.05,0.49,0.32,0, 0.007787, 0.0288010, 0.033832, 0.0338318, 0.0212604,buy
2010-09-01,1.01,0,0,0,0.19,0.57,0.29,0, 0.035575, 0.0274912, 0.030233, 0.0250401, 0.0269234,buy
2010-09-02,0.96,0,0,0,0.35,0.73,0.35,0,-0.024715,-0.0226993,-0.039397,-0.0324756,-0.0322039,sell
2010-09-03,1.3,0,0,0,0.27,0.95,0.45,0,-0.054907,-0.0545413,-0.056926,-0.0675754,-0.0423442,sell
2010-09-04,2.17,0,0,0,0.22,0.75,0.36,0, 0.022600, 0.0152510, 0.015251, 0.0293211, 0.0361357,buy
2010-09-05,2.65,0,0.18,0,0.25,0.56,0.23,0, 0.006521, 0.0044775, 0.004478, 0.0142542, 0.0444201,buy
2010-09-06,2.24,0,0.47,0,0.3,0.45,0.15,0,-0.006308,-0.0052025, 0.007565,-0.0008527,-0.0190579,sell
2010-09-07,1.51,0,0.79,0,0.38,0.39,0.09,0, 0.044195, 0.0576591, 0.059573, 0.0570650, 0.0515470,buy
2010-09-08,1.42,0,0.8,0,0.45,0.33,0.12,0, 0.029805, 0.0518681, 0.026359, 0.0310076, 0.0213907,buy
2010-09-09,1.9,0,0.51,0,0.59,0.27,0.15,0, 0.050121, 0.0269853, 0.085043, 0.1045713, 0.1002504,buy
2010-09-10,2.15,0,0.37,0,0.81,0.22,0.22,0, 0.013880, 0.0040144, 0.075452, 0.0718263, 0.0787992,buy
2010-09-11,1.6,0,0.39,0,1.22,0.18,0.43,0, 0.011242,-0.0139202, 0.005836, 0.0140733,-0.0064061,sell
2010-09-12,0.97,0,0.64,0,1.28,0.14,0.6,0, 0.021449,-0.0337274, 0.020008, 0.0214490,-0.0295797,sell
2010-09-13,0.59,0,0.93,0,1.21,0.13,0.47,0, 0.012565, 0.0478055, 0.060061, 0.0120754, 0.0543924,buy
2010-09-14,0.39,0,0.76,0,1.42,0.12,0.36,0, 0.028371, 0.0236577, 0.015834, 0.0262300, 0.0409509,buy
2010-09-15,0.25,0,0.39,0,1.72,0.1,0.41,0,-0.088759,-0.0791562,-0.041231,-0.0887586,-0.0729422,sell
2010-09-16,0.26,0,0.2,0,1.88,0.08,0.5,0,-0.092517,-0.0905601,-0.048413,-0.0818198,-0.0883186,sell
2010-09-17,0.5,0,0.29,0,1.8,0.03,0.65,0,-0.071697,-0.0799407,-0.057562,-0.0929501,-0.0942433,sell
2010-09-18,0.83,0,0.89,0,1.39,0.03,1.05,0,-0.005416,-0.0370802,-0.034787,-0.0332921,-0.0287469,sell
2010-09-19,0.63,0,1.69,0,1.01,0.04,1.39,0,-0.003570, 0.0020045, 0.008791,-0.0238636,-0.0134650,sell
2010-09-20,0.26,0,1.41,0,0.9,0.05,1.24,0, 0.031048, 0.0374837, 0.023321, 0.0350310,-0.0233340,buy
2010-09-21,0.09,0,0.62,0,0.81,0.07,0.85,0, 0.000866, 0.0518155, 0.005840,-0.0152578,-0.0056984,buy
2010-09-22,0,0,0.11,0,0.9,0.09,0.59,0,-0.039847,-0.0213559,-0.015658,-0.0327053,-0.0441464,sell
2010-09-23,0,0,0,0,1.09,0.11,0.47,0,-0.064157, 0.0191050,-0.003490,-0.0334291,-0.0479928,sell
2010-09-24,0,0,0,0,1.39,0.14,0.56,0,-0.062855,-0.0654955,-0.039792,-0.0465919,-0.0619083,sell
2010-09-25,0,0,0,0,1.57,0.16,0.9,0,-0.007367,-0.0101862,-0.010186, 0.0160093,-0.0153504,sell
2010-09-26,0,0.09,0,0,1.39,0.19,0.83,0,-0.019021,-0.0117541,-0.013931,-0.0098340,-0.0200457,sell
2010-09-27,0,0.14,0,0,1.18,0.22,0.43,0,-0.061397,-0.0103106,-0.006937,-0.0209301,-0.0378509,sell
2010-09-28,0,0.38,0,0,1.07,0.27,0.23,0,-0.041476,-0.0004598, 0.056102, 0.0231507, 0.0197098,buy
2010-09-29,0,0.54,0,0,1.07,0.3,0.12,0, 0.028668, 0.0254587, 0.029920, 0.0078255,-0.0011715,buy
2010-09-30,0,0.84,0.67,0,1.17,0.4,0.06,0,-0.060820,-0.0139783,-0.062955,-0.0106477,-0.0404735,sell
2010-10-01,0,1.18,1.76,0,1.3,0.59,0,0,-0.018428,-0.0310191,-0.018428,-0.0184284,-0.0231533,sell
2010-10-02,0,1.9,0.97,0,1.35,0.74,0,0,-0.074521,-0.0810032,-0.067697,-0.0757132,-0.0769585,sell
2010-10-03,0,2.76,0,0,1.39,0.6,0,0,-0.064051,-0.0640510,-0.057323,-0.0491953,-0.0844406,sell
2010-10-04,0,3.73,0,0,1.56,0.61,0,0,-0.064654,-0.0654643,-0.066178,-0.0677340,-0.0889296,sell
2010-10-05,0,2.92,0,0,1.81,0.69,0,0,-0.039617,-0.0366439,-0.039585,-0.0174206,-0.0642330,sell
2010-10-06,0,1.62,0,0,2.06,0.67,0,0, 0.043862, 0.0456309, 0.045631, 0.0623726, 0.0419389,buy
2010-10-07,0,0.79,0,0,1.96,0.54,0,0, 0.000121,-0.0044396, 0.043636,-0.0000223, 0.0081574,buy
2010-10-08,0,1.07,0,0,1.83,0.49,0,0,-0.029154,-0.0177362,-0.028366, 0.0093646,-0.0282776,sell
2010-10-09,0,2.56,0,0,1.74,0.53,0,0,-0.020427,-0.0385596,-0.048226,-0.0264591,-0.0327741,sell
2010-10-10,0,2.42,0,0,1.74,0.68,0,0,-0.030339,-0.0372422,-0.056938,-0.0103702,-0.0511454,sell
2010-10-11,0,1,0,0,1.62,0.75,0,0,-0.018941,-0.0177777, 0.008168,-0.0189406,-0.0177777,sell
2010-10-12,0,0.95,0,0,1.3,0.6,0,0,-0.091073,-0.0784181,-0.090920,-0.0909012,-0.0723077,sell
2010-10-13,0,1.11,0,0,1.16,0.45,0,0,-0.084666,-0.0682864,-0.100198,-0.0826539,-0.0579510,sell
2010-10-14,0,1.16,0,0,1.13,0.55,0,0,-0.069954,-0.0534650,-0.067658,-0.0728517,-0.0476295,sell
2010-10-15,0,1.12,0,0,1.09,0.92,0,0,-0.014139, 0.0205353,-0.008470, 0.0078521, 0.0114978,sell
2010-10-16,0.4,1.1,0.14,0,1.07,1.06,0,0,-0.030811, 0.0578280,-0.000830, 0.0680672,-0.0462066,sell
2010-10-17,1.41,1.13,0.53,0,1.08,0.72,0,0, 0.043794, 0.0481422, 0.050103, 0.0448694, 0.0488795,buy
2010-10-18,3.38,1.16,1.01,0,1.16,0.59,0,0,-0.048226,-0.0556069,-0.009509,-0.0095089,-0.0381644,sell
2010-10-19,3.33,1.27,1.14,0,1.34,0.67,0,0,-0.033030,-0.0322172, 0.027295, 0.0282231,-0.0204439,sell
2010-10-20,2.13,1.3,0.91,0,1.63,0.97,0,0,-0.017175,-0.0651822, 0.049520, 0.0482728, 0.0486896,buy
2010-10-21,1.13,1.5,0.59,0,1.48,1.28,0.23,0,-0.012439,-0.0592641,-0.017848,-0.0334442,-0.0278693,sell
2010-10-22,0.69,1.56,0.24,0,1.08,1.05,0.87,0,-0.008684, 0.0197930, 0.008235, 0.0157885,-0.0142421,sell
2010-10-23,0.56,1.6,0,0,0.82,0.62,1.36,0,-0.050983,-0.0301511,-0.018703,-0.0097043,-0.0238911,sell
2010-10-24,0.75,1.69,0,0,0.67,0.37,1.39,0,-0.021849,-0.0207702,-0.024071,-0.0107152,-0.0274875,sell
2010-10-25,0.55,1.94,0,0,0.65,0.22,1.06,0,-0.032159,-0.0313757,-0.030410,-0.0254604,-0.0274334,sell
2010-10-26,0.28,2.32,0,0,0.82,0.13,1.29,0,-0.041382,-0.0365485,-0.036548,-0.0375070,-0.0188338,sell
2010-10-27,0.14,2.62,0,0,1.36,0,1.74,0,-0.036665,-0.0366650,-0.035975,-0.0374360,-0.0177229,sell
2010-10-28,0.07,2.7,0,0,1.05,0,2.46,0,-0.080976,-0.0685809,-0.066860,-0.0656859,-0.0597564,sell
2010-10-29,0,2.19,0,0,0.61,0,2.5,0,-0.101617,-0.0829451,-0.080091,-0.0829419,-0.0960205,sell
2010-10-30,0,1.75,0,0,0.49,0.09,1.55,0,-0.012292,-0.0118193,-0.010349, 0.0008470,-0.0110865,sell
2010-10-31,0,1.74,0,0,0.63,0.44,1.07,0,-0.039383,-0.0496597,-0.042281,-0.0451581,-0.0326503,sell
2010-11-01,0,1.77,0,0,1.04,1.01,0.89,0,-0.031184, 0.0039346,-0.011956,-0.0022385, 0.0104308,sell
2010-11-02,0,1.63,0,0,1.31,1.34,0.59,0, 0.034436, 0.0342453, 0.018716, 0.0382693, 0.0370069,buy
2010-11-03,0.11,1.6,0,0,1.69,1.03,0.36,0, 0.042794, 0.0171564, 0.017829, 0.0332747, 0.0350848,buy
2010-11-04,0.41,1.68,0,0,2.1,0.62,0.16,0,-0.006396,-0.0082560,-0.006396, 0.0104975,-0.0063963,sell
2010-11-05,0.54,1.39,0,0,1.57,0.53,0.09,0,-0.020508,-0.0088278,-0.020985,-0.0088278,-0.0145104,sell
2010-11-06,0.74,1,0,0,0.93,1.14,0.06,0,-0.062339,-0.0294353,-0.044162,-0.0442635,-0.0718207,sell
2010-11-07,0.69,0.73,0,0,0.67,1.26,0,0,-0.044850,-0.0173918,-0.050481,-0.0119277,-0.0200590,sell
2010-11-08,0.18,0.66,0,0,0.68,0.51,0,0,-0.089731,-0.0473984,-0.091853,-0.0929893,-0.0728692,sell
2010-11-09,0,0.6,0,0,0.68,0.44,0,0,-0.009760,-0.0035407,-0.060689,-0.0532190,-0.0208389,sell
2010-11-10,0.05,0.55,0,0,0.92,0.78,0.1,0,-0.016396, 0.0193988,-0.021811,-0.0183181, 0.0787614,sell
2010-11-11,0.19,0.5,0.13,0,1.49,1.24,0.18,0, 0.030831, 0.0299644, 0.037221, 0.0329540, 0.0359570,buy
2010-11-12,0.25,0.46,0.16,0,1.46,1.25,0.31,0, 0.050890, 0.0508896, 0.050908, 0.0509083, 0.0508896,buy
2010-11-13,0.37,0.41,0.19,0,0.77,0.69,0.54,0,-0.026172,-0.0347075,-0.066199,-0.0350218,-0.0211125,sell
2010-11-14,0.52,0.38,0.22,0,0.46,0.27,0.95,0, 0.009367, 0.0145801, 0.008599, 0.0131571, 0.0138871,buy
2010-11-15,0.82,0.13,0.25,0,0.4,0.12,1.21,0,-0.020603,-0.0190133,-0.012034,-0.0219698,-0.0209358,sell
2010-11-16,0.96,0.12,0.27,0,0.51,0.17,1.03,0,-0.053260,-0.0223701,-0.004611,-0.0349191,-0.0223037,sell
2010-11-17,0.87,0,0.28,0,0.68,0.49,1.38,0,-0.064591,-0.0202495,-0.026457,-0.0312033,-0.0429848,sell
2010-11-18,1.09,0,0.28,0,0.61,0.57,1.35,0,-0.044395,-0.0331290,-0.027549,-0.0341827,-0.0443954,sell
2010-11-19,1.2,0,0.28,0,0.72,0.83,0.51,0, 0.003215, 0.0341718, 0.038185, 0.0369477, 0.0273568,buy
2010-11-20,0.83,0,0.27,0,0.7,1.61,0.12,0,-0.027968,-0.0178794,-0.062779,-0.0760662,-0.0661202,sell
2010-11-21,0.6,0,0.25,0,0.42,1.74,0,0,-0.016900,-0.0120136,-0.063352,-0.0654695,-0.0675853,sell
2010-11-22,0.48,0,0.23,0,0.29,0.88,0,0, 0.007011,-0.0204516,-0.019040, 0.0148429, 0.0094178,sell
2010-11-23,0.37,0,0.2,0,0.35,0.43,0,0,-0.077471, 0.0213137,-0.079852,-0.0769323,-0.0801462,sell
2010-11-24,0.33,0,0.17,0,0.52,0.21,0,0, 0.009013, 0.0334053, 0.009013,-0.0004973,-0.0074351,buy
2010-11-25,0.27,0,0.14,0,0.96,0.05,0.34,0,-0.085508,-0.0249418,-0.062020,-0.0795407,-0.0885904,sell
2010-11-26,0.22,0,0.11,0,1.48,0,1.03,0,-0.033924,-0.0385563,-0.030389,-0.0310456,-0.0392139,sell
2010-11-27,0.18,0,0,0,1.16,0,2.11,0,-0.009804, 0.0000129, 0.010499, 0.0321757,-0.0113763,sell
2010-11-28,0.05,0,0,0,0.81,0,1.59,0,-0.023703,-0.0031990, 0.013000,-0.0240078,-0.0052514,sell
2010-11-29,0,0,0,0,0.6,0,0.89,0,-0.011336,-0.0251194,-0.012579,-0.0063817,-0.0128656,sell
2010-11-30,0,0,0,0,0.39,0,0.93,0,-0.014781,-0.0348190,-0.018036,-0.0116180,-0.0087786,sell
2010-12-01,0,0,0,0,0.36,0,1.36,0, 0.011022, 0.0096751, 0.014870,-0.0101397, 0.0096751,buy
2010-12-02,0,0,0,0,0.33,0,2.32,0, 0.138630, 0.1386298, 0.138630, 0.1326292, 0.0882840,buy
2010-12-03,0,0,0,0,0.33,0,2.29,0, 0.125618, 0.1256181, 0.134640, 0.1236335, 0.0815110,buy
2010-12-04,0,0,0,0,0.33,0,1.68,0,-0.002735,-0.0031819, 0.006465,-0.0011087,-0.0027348,buy
2010-12-05,0,0,0,0,0.35,0,1.55,0, 0.031951, 0.0064634, 0.009695, 0.0309749, 0.0230511,buy
2010-12-06,0,0,0,0,0.35,0,2.14,0, 0.007484, 0.0074839, 0.052209, 0.0089182, 0.0044690,buy
2010-12-07,0,0,0,0,0.37,0,2.48,0, 0.121781, 0.1217812, 0.134031, 0.1204998, 0.0770628,buy
2010-12-08,0,0,0,0,0.38,0.05,1.85,0, 0.100651, 0.1006510, 0.119720, 0.1017287, 0.0839356,buy
2010-12-09,0,0,0,0,0.44,0.07,1.22,0, 0.013248, 0.0118735, 0.016813, 0.0126109, 0.0126206,buy
2010-12-10,0,0,0,0,0.49,0.09,0.84,0, 0.004898, 0.0026613, 0.004211,-0.0028274,-0.0117347,sell
2010-12-11,0,0,0,0,0.59,0.12,0.5,0, 0.057276, 0.0531237, 0.034202, 0.0337789, 0.0141257,buy
2010-12-12,0,0,0,0,0.81,0.16,0.21,0, 0.036396, 0.0354693, 0.059304, 0.0354693, 0.0216539,buy
2010-12-13,0,0.11,0,0,0.98,0.21,0.1,0, 0.082114, 0.0711150, 0.073986, 0.0631263,-0.0147208,buy
2010-12-14,0,0.2,0,0,0.96,0.27,0,0, 0.093860, 0.0696765, 0.073593, 0.0579659,-0.0274694,buy
2010-12-15,0,0.36,0,0,0.79,0.34,0.16,0, 0.036377, 0.0054647, 0.016496,-0.0058927,-0.0042625,buy
2010-12-16,0,0.63,0,0,0.71,0.42,0.48,0, 0.012017, 0.0030017, 0.005933,-0.0130127, 0.0243451,buy
2010-12-17,0,0.67,0,0,0.69,0.52,1.18,0, 0.030727, 0.0082994, 0.022759, 0.0378592, 0.0247982,buy
2010-12-18,0,0.84,0,0,0.72,0.66,2.1,0, 0.016481, 0.0001857, 0.020535, 0.0001435,-0.0366566,buy
2010-12-19,0,0.64,0,0,0.76,1.12,2.09,0, 0.017305, 0.0091937, 0.031046,-0.0223946,-0.0223946,buy
2010-12-20,0,0.28,0,0,0.88,1.35,2.38,0, 0.022757, 0.0270230,-0.001081, 0.0236694, 0.0270230,buy
2010-12-21,0,0.13,0,0,1.2,1.49,2.17,0, 0.047931, 0.0518524, 0.028212, 0.0469300, 0.0441997,buy
2010-12-22,0,0,0,0,1.53,2.35,0.74,0, 0.055096, 0.0609879, 0.073613, 0.0714429, 0.0631221,buy
2010-12-23,0,0,0,0,1.76,2.94,0.17,0,-0.020086, 0.0000750,-0.015401,-0.0281710,-0.0206482,sell
2010-12-24,0,0,0,0,1.76,2.5,0,0,-0.047874,-0.0263921,-0.047392,-0.0400373,-0.0547255,sell
2010-12-25,0,0,0,0,1.3,2.18,0,0,-0.017528, 0.0134235,-0.024697,-0.0161259,-0.0445778,sell
2010-12-26,0,0,0,0,1.15,1.61,0,0,-0.041707,-0.0078533,-0.020249,-0.0052881,-0.0203538,sell
2010-12-27,0,0,0,0,1.23,1.19,0,0,-0.063644,-0.0211187,-0.040372,-0.0328227,-0.0164253,sell
2010-12-28,0,0,0,0,1.25,1.02,0,0,-0.073846,-0.0430587,-0.069753,-0.0338900,-0.0189316,sell
2010-12-29,0,0,0,0,1.17,0.59,0,0,-0.072141, 0.0233874,-0.000265,-0.0008602,-0.0006661,sell
2010-12-30,0,0,0,0,1.22,0.51,0,0,-0.061182, 0.0237658, 0.047165, 0.0352937, 0.0373665,buy
2010-12-31,0,0,0,0,1.29,0.72,0,0,-0.049223,-0.0170591,-0.004123,-0.0025603, 0.0127968,sell
2011-01-01,0.14,0,0,0,1.37,1.31,0,0,-0.038228,-0.0401773,-0.044574,-0.0083750, 0.0562971,sell
2011-01-02,0.3,0,0,0,1.47,2.23,0,0, 0.001713,-0.0081267, 0.003015,-0.0106092,-0.0061028,sell
2011-01-03,0.67,0,0,0,1.46,2.01,0,0,-0.018420,-0.0330088,-0.025981,-0.0350366,-0.0214370,sell
2011-01-04,1.11,0,0,0,1.37,1.09,0,0,-0.018547,-0.0439166,-0.049063,-0.0144228,-0.0252264,sell
2011-01-05,0.78,0,0,0,1.31,0.53,0.05,0,-0.012149,-0.0150420,-0.023537,-0.0082623,-0.0176836,sell
2011-01-06,0.34,0,0,0,1.33,0.36,0.08,0,-0.054697, 0.0026262,-0.017219,-0.0542126,-0.0518461,sell
2011-01-07,0.15,0,0,0,1.42,0.46,0.26,0,-0.052351,-0.0383073,-0.002909,-0.0493062,-0.0452636,sell
2011-01-08,0.03,0,0,0,1.85,0.94,0.63,0, 0.037671, 0.0060388, 0.027337, 0.0286291, 0.0384438,buy
2011-01-09,0,0,0,0,2.25,1.4,1.34,0, 0.068191, 0.0310733, 0.050386, 0.0482822, 0.0473911,buy
2011-01-10,0,0,0,0,2.35,0.91,2.44,0, 0.032678, 0.0231249, 0.029106, 0.0455529, 0.0276945,buy
2011-01-11,0,0,0,0,2.84,0.45,2.77,0, 0.014607, 0.0230625, 0.024589, 0.0336921, 0.0093496,buy
2011-01-12,0,0,0,0,3.26,0.26,2.16,0, 0.013732, 0.0226368, 0.032825, 0.0275986, 0.0260397,buy
2011-01-13,0,0,0,0,2.86,0.13,1.38,0, 0.046001, 0.0828324, 0.047266, 0.0303175, 0.0525539,buy
2011-01-14,0,0,0,0,2.29,0.14,0.85,0,-0.047626,-0.0551883,-0.044594,-0.0684856,-0.0091798,sell
2011-01-15,0,0,0,0,1.92,0.14,0.51,0,-0.043819,-0.0549306,-0.030122,-0.0433130,-0.0900118,sell
2011-01-16,0,0,0,0,2.29,0.15,0.59,0,-0.075740,-0.0401468,-0.003365,-0.0602875,-0.0781116,sell
2011-01-17,0,0,0,0,3.21,0.15,0.93,0, 0.075354, 0.0810481, 0.051274, 0.0432456, 0.0753544,buy
2011-01-18,0,0,0,0,3.08,0.16,0.96,0, 0.068384, 0.0794160, 0.052669, 0.0301891, 0.0691102,buy
2011-01-19,0,0,0,0,2.12,0.17,0.76,0,-0.040412, 0.0089354, 0.017356, 0.0143822,-0.0522215,sell
2011-01-20,0,0,0,0,1.57,0.31,0.6,0,-0.001688,-0.0353695,-0.003023,-0.0096467,-0.0012005,sell
2011-01-21,0,0,0,0,1.48,0.68,0.46,0,-0.086346,-0.0837352,-0.081387,-0.0888205,-0.0561964,sell
2011-01-22,0,0,0,0,1.2,1.84,0.67,0, 0.002470,-0.0031629, 0.025783, 0.0257825, 0.0115673,buy
2011-01-23,0,0,0,0,1.05,2.46,1.25,0, 0.036722, 0.0343677,-0.000392, 0.0358302,-0.0058362,buy
2011-01-24,0,0,0,0,0.89,1.53,1.04,0, 0.022842,-0.0002894, 0.025263, 0.0434030,-0.0084192,buy
2011-01-25,0,0,0,0,0.76,0.69,0.48,0, 0.026544, 0.0171356, 0.019673, 0.0193960, 0.0197672,buy
2011-01-26,0,0,0,0,0.76,0.36,0.27,0,-0.080909, 0.0074080,-0.073764,-0.0425497, 0.0125085,sell
2011-01-27,0,0,0,0,0.54,0.34,0.16,0,-0.096388,-0.0154062,-0.092950,-0.0933603,-0.0270756,sell
2011-01-28,0,0,0,0,0.29,0.49,0.18,0,-0.043165,-0.0503447,-0.050462,-0.0229470,-0.0431645,sell
2011-01-29,0,0,0,0,0.23,0.66,0.2,0,-0.062440,-0.0505289,-0.058039,-0.0240825,-0.0680449,sell
2011-01-30,0,0,0,0,0.18,1.07,0.46,0,-0.052912,-0.0523880,-0.052388,-0.0476532,-0.0982759,sell
2011-01-31,0,0,0,0,0.35,1.72,0.78,0,-0.022898,-0.0357128,-0.047829,-0.0505609, 0.0355976,sell
2011-02-01,0,0,0,0,0.87,2.51,1.74,0, 0.034889, 0.0340802, 0.025403, 0.0416065,-0.0065189,buy
2011-02-02,0,0,0,0,1.8,2.61,2.76,0, 0.068136, 0.0599864, 0.056356, 0.0530487, 0.0542998,buy
2011-02-03,0.28,0,0,0,2,2.6,2.39,0, 0.038820, 0.0382361, 0.036939, 0.0329040, 0.0191677,buy
2011-02-04,0.65,0,0,0,1.55,3.19,1.76,0, 0.007283,-0.0120849,-0.024642, 0.0023004,-0.0195671,sell
2011-02-05,1.48,0,0,0,0.63,2.63,1.34,0, 0.069712, 0.0186875,-0.056510,-0.0143596,-0.0143596,sell
2011-02-06,2.22,0,0,0,0.52,1.98,1,0,-0.061884,-0.0370278,-0.077711,-0.0633505,-0.0774859,sell
2011-02-07,1.48,0,0,0,0.64,1.89,0.77,0,-0.074491,-0.0651698,-0.078244,-0.0704255,-0.0743140,sell
2011-02-08,0.67,0,0,0,0.58,1.68,0.77,0,-0.038774,-0.0043190,-0.009441,-0.0122514,-0.0508085,sell
2011-02-09,0.31,0.12,0,0,0.19,1.59,0.85,0, 0.036629, 0.0207361, 0.036808,-0.0364231, 0.0549148,buy
2011-02-10,0.1,0.13,0,0,0,1.98,0.94,0,-0.055699,-0.0864224,-0.061050,-0.1293008,-0.0425908,sell
2011-02-11,0,0.14,0,0,0,2.36,0.95,0, 0.011138,-0.0657213,-0.050026,-0.0813135,-0.0474663,sell
2011-02-12,0.13,0.16,0,0,0,2.94,0.9,0,-0.044144,-0.0885209,-0.069829,-0.0816060,-0.0766772,sell
2011-02-13,0.59,0.17,0,0,0,2.69,0.86,0,-0.064509,-0.1096587,-0.086431,-0.0999296,-0.0957262,sell
2011-02-14,1.1,0.19,0,0,0.05,1.94,0.82,0,-0.076357,-0.0688810,-0.105970,-0.1098124,-0.1147405,sell
2011-02-15,0.42,0.21,0,0,0.12,2.84,0.86,0,-0.075888,-0.1174519,-0.099735,-0.1138766,-0.1040261,sell
2011-02-16,0.09,0.23,0,0,0.32,3.13,0.93,0,-0.091838,-0.0957100,-0.097607,-0.1185357,-0.1052798,sell
2011-02-17,0,0.25,0,0,0.7,2.48,1.17,0,-0.089965,-0.0866105,-0.082998,-0.0713894,-0.0813237,sell
2011-02-18,0,0.5,0,0,0.72,1.54,1.68,0,-0.009408,-0.0171859,-0.028842,-0.0055155, 0.0586767,sell
2011-02-19,0,0.89,0,0,0.7,0.8,1.57,0, 0.058131, 0.0202492, 0.040814, 0.0523845, 0.0662120,buy
2011-02-20,0,1.46,0,0,1.15,0.46,1.6,0, 0.039426, 0.0419477, 0.049779, 0.0313017, 0.0295730,buy
2011-02-21,0,1.5,0,0,1.46,0.2,2.32,0, 0.041748, 0.0451597, 0.049197, 0.0473905, 0.0394900,buy
2011-02-22,0,2.09,0,0,0.9,0.12,2.12,0, 0.043363,-0.0199674, 0.021639, 0.0428661, 0.0494915,buy
2011-02-23,0,1.73,0,0,0.49,0.1,1.6,0,-0.007677,-0.0076773, 0.000118,-0.0070358, 0.0040080,sell
2011-02-24,0,1.61,0,0,0.47,0.08,1.54,0,-0.009749,-0.0069001,-0.005889,-0.0120883, 0.0051550,sell
2011-02-25,0,1.6,0,0,0.76,0.08,2.17,0,-0.058583,-0.0497504,-0.058583,-0.0579664,-0.0379541,sell
2011-02-26,0,1.11,0,0,0.72,0.06,2.02,0,-0.066448,-0.0648701,-0.033556,-0.0562098,-0.0897959,sell
2011-02-27,0,0.92,0,0,0.76,0.11,1.48,0,-0.006114,-0.0233303,-0.037983,-0.0098359,-0.0232042,sell
2011-02-28,0,0.7,0,0,1.6,0.2,1.68,0, 0.022507,-0.0005964, 0.026179, 0.0054788,-0.0136308,buy
2011-03-01,0,0.63,0.34,0,2.13,0.32,2.19,0, 0.012522, 0.0082780, 0.009872, 0.0082780,-0.0255835,sell
2011-03-02,0,0.57,0.96,0,1.3,0.25,2.28,0, 0.015415, 0.0168030, 0.015536, 0.0092795, 0.0132677,buy
2011-03-03,0,0.5,0.43,0,1,0.13,2.19,0, 0.025752, 0.0213657, 0.019223, 0.0296389, 0.0225051,buy
2011-03-04,0,0.45,0,0,0.54,0.07,2.13,0, 0.022142, 0.0125241, 0.001760, 0.0212570, 0.0336355,buy
2011-03-05,0,0.65,0.41,0,0.56,0.04,1.79,0, 0.005435, 0.0146568, 0.015273, 0.0141538, 0.0146568,buy
2011-03-06,0,0.62,0.94,0,0.9,0,1.54,0, 0.007231, 0.0024616, 0.000839, 0.0057562, 0.0024616,buy
2011-03-07,0,0.61,0.84,0,1.04,0,1.44,0, 0.003806, 0.0126562, 0.001347, 0.0077881, 0.0093581,buy
2011-03-08,0,0.61,0.32,0,1.41,0,1.35,0, 0.039368, 0.0413642, 0.030463, 0.0370548, 0.0342625,buy
2011-03-09,0,0.61,0,0,1.64,0,1.44,0,-0.044386,-0.0445497,-0.040032,-0.0350259,-0.0545962,sell
2011-03-10,0,0.61,0,0,1.09,0,1.62,0, 0.011410,-0.0021638,-0.003920, 0.0031453,-0.0030854,sell
2011-03-11,0,0.61,0,0,0.49,0.17,1.43,0,-0.004956,-0.0029879,-0.009337, 0.0026512,-0.0188116,sell
2011-03-12,0.11,0.64,0.28,0,0.09,0.63,1.11,0, 0.037244, 0.0281754, 0.017595, 0.0370472, 0.0281365,buy
2011-03-13,0.32,0.66,0.6,0,0,1.26,0.9,0,-0.024485,-0.0211128,-0.021113,-0.0213256,-0.0422287,sell
2011-03-14,1,0.69,0.96,0,0,1.35,0.76,0,-0.016952,-0.0153333, 0.030442,-0.0054903,-0.0308295,sell
2011-03-15,1.09,0.74,0.7,0,0.03,0.99,0.67,0, 0.043749,-0.0193721, 0.054044, 0.0466003, 0.0585083,buy
2011-03-16,0.39,0.66,0.32,0,0.05,1.03,0.61,0,-0.049671,-0.0329651,-0.031852,-0.0447165,-0.0360130,sell
2011-03-17,0.13,0.72,0,0,0.23,2.04,0.54,0, 0.051905, 0.0689425, 0.047827, 0.0756054, 0.0669197,buy
2011-03-18,0,0.8,0,0,0.47,2.23,0.5,0, 0.028377, 0.0505608, 0.019761, 0.0605658, 0.0448222,buy
2011-03-19,0,0.87,0,0,1.04,1.51,0.46,0, 0.029018, 0.0323153, 0.003244, 0.0279560, 0.0276306,buy
2011-03-20,0,0.97,0,0,1.63,1.89,0.43,0, 0.046474, 0.0415466, 0.054792, 0.0024864, 0.0416115,buy
2011-03-21,0,1.06,0,0,1.25,1.37,0.39,0,-0.005156, 0.0067068, 0.017332, 0.0065336,-0.0051562,buy
2011-03-22,0,1.17,0,0,0.91,0.74,0.37,0,-0.070656, 0.0134605,-0.062803,-0.0730057,-0.0683286,sell
2011-03-23,0,1.29,0,0,1.06,0.64,0.49,0,-0.024625, 0.0096662,-0.029419,-0.0294189,-0.0188490,sell
2011-03-24,0,1.39,0,0,0.8,0.69,0.79,0,-0.037224,-0.0281278,-0.035654,-0.0312554,-0.0298311,sell
2011-03-25,0,1.77,0,0,0.44,1.01,1.14,0,-0.046817,-0.0427361,-0.046817,-0.0236011,-0.0342499,sell
2011-03-26,0,2.38,0,0,0.36,1.22,0.8,0, 0.002804,-0.0042017,-0.027691,-0.0042017,-0.0042017,sell
2011-03-27,0,2.1,0,0,0.62,1.14,0.47,0, 0.058417, 0.0007475,-0.003669,-0.0193781,-0.0069757,sell
2011-03-28,0,1.33,0,0,0.6,1.18,0.31,0, 0.026268, 0.0139434, 0.031126, 0.0224418, 0.0033923,buy
2011-03-29,0,0.94,0,0,0.38,1.34,0.33,0, 0.059686, 0.0583545, 0.058600, 0.0231346, 0.0602685,buy
2011-03-30,0,0.85,0,0,0.37,1.59,0.35,0, 0.058178, 0.0625662, 0.074806, 0.0448060, 0.0597462,buy
2011-03-31,0,0.77,0,0,0.56,1.6,0.5,0,-0.019241,-0.0242295,-0.017822,-0.0206431,-0.0096581,sell
2011-04-01,0,0.7,0,0,1.09,1.37,0.76,0,-0.010246, 0.0156297, 0.007186, 0.0095737, 0.0104838,buy
2011-04-02,0,0.64,0,0,1.24,1.57,0.98,0,-0.002859,-0.0028407,-0.001229, 0.0152175, 0.0134966,sell
2011-04-03,0,0.58,0,0,0.75,1.88,0.68,0, 0.007254, 0.0090186, 0.042530, 0.0401009, 0.0025132,buy
2011-04-04,0,0.53,0,0,0.51,2.39,0.39,0, 0.026851, 0.0353104, 0.043082, 0.0334848, 0.0268509,buy
2011-04-05,0,0.48,0,0,0.52,2.51,0.27,0, 0.040261, 0.0093948, 0.049613, 0.0399741, 0.0336865,buy
2011-04-06,0,0.43,0.47,0,0.74,1.81,0.19,0, 0.014533, 0.0228323, 0.021905, 0.0312903, 0.0115128,buy
2011-04-07,0,0.39,0.95,0,0.67,1.83,0.16,0,-0.014697,-0.0175501,-0.004053,-0.0130818,-0.0176383,sell
2011-04-08,0,0.36,0.6,0,0.48,2.1,0.14,0,-0.030605,-0.0058943,-0.005894, 0.0082530, 0.0034863,sell
2011-04-09,0,0.32,0.19,0,0.48,2,0.03,0, 0.047242, 0.0558501, 0.055313, 0.0537002, 0.0537002,buy
2011-04-10,0,0.3,0,0,0.75,1.94,0,0, 0.012156,-0.0085831, 0.010453, 0.0061848, 0.0115930,buy
2011-04-11,0,0.27,0,0,0.95,1.97,0,0, 0.039551, 0.0268299, 0.039695,-0.0036199, 0.0346281,buy
2011-04-12,0,0.25,0,0,0.64,1.79,0,0,-0.022441,-0.0254956,-0.017024,-0.0299083,-0.0170238,sell
2011-04-13,0,0,0,0,0.4,1.84,0,0,-0.045225,-0.0313573,-0.024807,-0.0263199,-0.0416538,sell
2011-04-14,0.12,0,0,0,0.25,2.08,0,0, 0.006741, 0.0238816, 0.016770, 0.0349527, 0.0243822,buy
2011-04-15,0.31,0,0,0,0.22,2.38,0,0,-0.007458, 0.0091546, 0.004957, 0.0311436, 0.0085880,buy
2011-04-16,0.78,0,0,0,0.2,2.18,0,0, 0.018814, 0.0282259,-0.044265,-0.0754330,-0.0442647,sell
2011-04-17,0.84,0,0,0,0.19,1.69,0.12,0,-0.033353,-0.0399333,-0.063794,-0.0692627,-0.0637939,sell
2011-04-18,0.35,0,0,0,0.2,1.56,0.28,0,-0.034781,-0.0110979,-0.034586,-0.0325685, 0.0219293,sell
2011-04-19,0.14,0,0,0,0.55,1.42,0.65,0,-0.057609,-0.0538299,-0.005461,-0.0062025,-0.0038866,sell
2011-04-20,0,0,0,0,1.06,1.55,1.38,0, 0.024796, 0.0133160, 0.030206, 0.0372936, 0.0113079,buy
2011-04-21,0,0,0,0,1.86,2.09,1.3,0, 0.096016, 0.0433790, 0.080742, 0.0755250, 0.0777500,buy
2011-04-22,0,0,0,0,1.86,2.19,0.65,0, 0.012817, 0.0388547, 0.018213, 0.0166913, 0.0373872,buy
2011-04-23,0,0,0,0,1.56,1.49,0.5,0, 0.003560, 0.0063094,-0.012224, 0.0033281, 0.0148788,sell
2011-04-24,0,0,0,0,1.56,1.07,0.73,0, 0.009511, 0.0095112, 0.005674, 0.0051442, 0.0084793,buy
2011-04-25,0.09,0,0,0,1.25,0.94,0.69,0,-0.057938,-0.0557092,-0.057938,-0.0644514,-0.0495741,sell
2011-04-26,0.22,0,0,0,0.77,1.08,0.37,0,-0.002680, 0.0020552, 0.005350,-0.0023526,-0.0026804,buy
2011-04-27,0.52,0,0,0,0.55,1.28,0.23,0, 0.008978, 0.0433388, 0.028673, 0.0089785, 0.0089785,buy
2011-04-28,0.56,0,0,0,0.43,1.21,0.25,0, 0.050880, 0.0528788, 0.052598, 0.0531740, 0.0157745,buy
2011-04-29,0.24,0.18,0,0,0.37,1.1,0.28,0, 0.046937, 0.0456287, 0.041336, 0.0463789, 0.0293727,buy
2011-04-30,0.1,0.45,0.22,0,0.36,1.3,0.18,0,-0.005989, 0.0039889,-0.021084,-0.0000264, 0.0445744,buy
2011-05-01,0.1,0.83,0.55,0,0.36,1.93,0.08,0, 0.011736, 0.0225587,-0.002373, 0.0237838, 0.0178832,buy
2011-05-02,0.12,0.6,0.94,0,0.45,1.95,0.09,0,-0.022169,-0.0270225,-0.022169,-0.0058419,-0.0030613,sell
2011-05-03,0.32,0.24,0.64,0,0.52,2.27,0.08,0, 0.050086, 0.0317933, 0.060190, 0.0524269, 0.0620518,buy
2011-05-04,0.61,0,0.26,0,0.34,2.15,0.15,0,-0.070329,-0.0650846,-0.098555,-0.0924427,-0.0985553,sell
2011-05-05,0.95,0,0,0,0.18,1.32,0.26,0, 0.002216, 0.0018020, 0.002216, 0.0049058, 0.0031797,buy
2011-05-06,0.79,0,0,0,0.09,1.37,0.42,0,-0.027892,-0.0537016,-0.052975,-0.0521064,-0.0543131,sell
2011-05-07,0.5,0,0,0,0,1.92,0.37,0, 0.037902, 0.0047186,-0.025400,-0.0620302,-0.0265952,sell
2011-05-08,0.4,0,0,0,0,1.72,0.35,0, 0.073532, 0.0707833, 0.069965, 0.0102808, 0.0706724,buy
2011-05-09,0.53,0,0,0,0,1.21,0.4,0, 0.051488, 0.0524076, 0.051488,-0.0096203, 0.0524076,buy
2011-05-10,0.84,0,0,0,0,0.57,0.62,0,-0.047940,-0.0215753,-0.046081,-0.0451241,-0.0340228,sell
2011-05-11,1.84,0.17,0,0,0.05,0.24,1.11,0,-0.009118, 0.0087729,-0.001148,-0.0378083,-0.0398503,sell
2011-05-12,2.32,0.41,0,0,0.1,0.19,1.39,0,-0.005972, 0.0067375, 0.008116, 0.0040193, 0.0045758,buy
2011-05-13,1.53,0.55,0,0,0.23,0.19,0.91,0, 0.052998, 0.0446026, 0.047985, 0.0447038, 0.0529979,buy
2011-05-14,1.02,0.31,0.21,0,0.43,0.28,1,0,-0.002838, 0.0207423, 0.008926, 0.0005228, 0.0050277,buy
2011-05-15,0.63,0.47,0.51,0,0.74,0.42,1.74,0,-0.025079,-0.0073192,-0.032182,-0.0154786,-0.0053921,sell
2011-05-16,0.53,0.84,0.71,0,1,0.57,3.2,0, 0.026834,-0.0133012, 0.035183,-0.0101531, 0.0103693,buy
2011-05-17,0.46,1.11,0.4,0,1.2,0.58,2.49,0,-0.019063,-0.0490996, 0.002637,-0.0309583,-0.0338398,sell
2011-05-18,0.5,0.58,0.16,0,1.55,0.83,1.69,0, 0.015838,-0.0041377, 0.029393, 0.0163868, 0.0184749,buy
2011-05-19,0.78,0.24,0,0,1.01,1.1,1.73,0,-0.029786,-0.0374047,-0.036393,-0.0238517,-0.0361478,sell
2011-05-20,1.53,0,0,0,0.36,0.73,1.41,0, 0.038698, 0.0106732, 0.049204, 0.0479569, 0.0422249,buy
2011-05-21,1.67,0.47,0,0,0.09,0.32,0.58,0, 0.015728,-0.0277672, 0.022445, 0.0200812, 0.0168257,buy
2011-05-22,0.89,1.44,0.6,0,0,0.12,0.27,0, 0.000083,-0.0033110, 0.021041,-0.0251567, 0.0015955,buy
2011-05-23,0.35,1.99,1.62,0,0,0.03,0.23,0, 0.002264,-0.0352217, 0.003498, 0.0158493,-0.0235159,sell
2011-05-24,0.18,1.62,1.86,0,0,0,0.54,0,-0.009954,-0.0471527,-0.033138, 0.0029497,-0.0471527,sell
2011-05-25,0,0.76,1.7,0,0,0,0.79,0,-0.039609,-0.0269760,-0.018741,-0.0166273,-0.0282305,sell
2011-05-26,0,0.25,1.12,0,0,0.17,0.51,0,-0.004035,-0.0423264,-0.003542,-0.0207630,-0.0181158,sell
2011-05-27,0,0,0.65,0,0,0.79,0.32,0, 0.048783, 0.1039794, 0.117233, 0.1145103, 0.1075665,buy
2011-05-28,0,0.18,0.67,0,0,0.76,0.35,0,-0.015067, 0.0002264, 0.070854, 0.0367839, 0.0420263,buy
2011-05-29,0.13,0.55,0.47,0,0,0.31,0.63,0, 0.008157,-0.0158254, 0.018239, 0.0006654,-0.0163905,sell
2011-05-30,0.32,0.69,0.86,0,0,0.44,0.65,0,-0.022154,-0.0176477,-0.027205,-0.0176477,-0.0580953,sell
2011-05-31,0.77,1.11,0.66,0,0.03,0.78,0.4,0, 0.000310, 0.0004932,-0.007252,-0.0178416,-0.0092810,sell
2011-06-01,1.11,0.75,0,0,0.12,0.54,0.43,0,-0.098473,-0.0379737,-0.078248,-0.0925703,-0.0824738,sell
2011-06-02,0.66,0.56,0,0,0.35,0.34,0.56,0,-0.027022,-0.0152541,-0.009820, 0.0126604,-0.0155856,sell
2011-06-03,0.27,0.49,0.29,0,0.2,0.37,0.93,0, 0.005776, 0.0023332,-0.019664, 0.0023332, 0.0023332,sell
2011-06-04,0.11,0.56,0.71,0,0.04,0.59,1.77,0, 0.035156, 0.0370351, 0.037035, 0.0330317, 0.0275974,buy
2011-06-05,0,1.1,0.91,0,0,1.11,1.58,0, 0.017541, 0.0111331, 0.025086, 0.0246432,-0.0013907,buy
2011-06-06,0.22,1.1,0.65,0,0,1.28,1.15,0, 0.004536, 0.0010430, 0.018470, 0.0184697, 0.0196081,buy
2011-06-07,1.13,0.53,0.09,0,0.03,0.76,1.19,0, 0.037174, 0.0626906, 0.064820, 0.0382495, 0.0264739,buy
2011-06-08,0.95,0.37,0,0,0.08,0.39,1.36,0, 0.061216,-0.0068864, 0.035983, 0.0542191,-0.0083409,buy
2011-06-09,0.32,0.56,0.13,0,0.2,0.39,1.4,0, 0.051496,-0.0467228,-0.019762, 0.0705420,-0.0479041,sell
2011-06-10,0.33,0.42,0.27,0,0.4,0.59,1.3,0, 0.038178, 0.0391680,-0.003373, 0.0391680, 0.0391680,buy
2011-06-11,0.45,0.21,0.54,0,0.3,0.2,1.27,0, 0.025684, 0.0104778, 0.013160, 0.0123287, 0.0115751,buy
2011-06-12,0.32,0.46,0.72,0,0.16,0.03,1.53,0,-0.028395,-0.0316276,-0.031037,-0.0316276,-0.0306375,sell
2011-06-13,0.08,0.66,0.63,0,0.11,0,1.55,0,-0.020004,-0.0226247,-0.022625,-0.0239390,-0.0226476,sell
2011-06-14,0,1.12,0.71,0,0.08,0,1.11,0,-0.049505,-0.0476665,-0.043985,-0.0486132,-0.0646464,sell
2011-06-15,0.23,0.98,0.46,0,0.09,0,0.99,0,-0.046273,-0.0656985,-0.068238,-0.0581299,-0.0565407,sell
2011-06-16,1.17,0.51,0.15,0,0.11,0,0.9,0, 0.071007, 0.0761962, 0.079463, 0.0515994, 0.0892702,buy
2011-06-17,2.32,0.27,0,0,0.13,0,1.04,0, 0.020505, 0.0284588, 0.038086, 0.0406041, 0.0336662,buy
2011-06-18,1.74,0.28,0,0,0.15,0,0.93,0,-0.022030,-0.0366332, 0.047976, 0.0574261,-0.0215035,buy
2011-06-19,1.31,0.26,0,0,0.17,0,0.5,0, 0.009013, 0.0493730, 0.037894, 0.0106744, 0.0508081,buy
2011-06-20,0.71,0,0,0,0.2,0,0.36,0, 0.028399, 0.0089967, 0.009161, 0.0154034, 0.0119475,buy
2011-06-21,0.86,0,0,0,0.26,0,0.32,0, 0.073310, 0.0312291, 0.037642, 0.0351519, 0.0700526,buy
2011-06-22,1.44,0,0,0,0.32,0.06,0.33,0, 0.043942,-0.0062069, 0.044723,-0.0066958, 0.0469036,buy
2011-06-23,1.08,0.61,0,0,0.41,0.16,0.46,0, 0.010001, 0.0327029, 0.011999, 0.0274506, 0.0100011,buy
2011-06-24,0.7,1.43,0,0,0.53,0.41,0.64,0,-0.049767,-0.0465256,-0.044971,-0.0418227,-0.0438997,sell
2011-06-25,0.76,0.86,0.11,0,0.71,0.48,0.92,0, 0.022407, 0.0224071,-0.043024, 0.0217417, 0.0233721,buy
2011-06-26,0.81,0.98,0.23,0,0.96,0.21,1.21,0,-0.013580,-0.0227911,-0.014158,-0.0284437,-0.0134489,sell
2011-06-27,0.87,0.67,0.74,0,1.15,0.08,1.22,0, 0.005325, 0.0053245,-0.028835, 0.0023004, 0.0347095,buy
2011-06-28,0.54,0.07,1,0,1.04,0,0.97,0,-0.063871,-0.0581629,-0.062278,-0.0705990,-0.0471354,sell
2011-06-29,0.36,0,0.66,0,0.83,0,0.75,0,-0.083867, 0.0189762,-0.007915,-0.0079146,-0.0601031,sell
2011-06-30,0.43,0,0.42,0,0.65,0,0.66,0, 0.004766, 0.0665690, 0.060105, 0.0661014, 0.0363100,buy
2011-07-01,0.63,0,0.64,0,0.53,0,0.69,0, 0.028417, 0.0541523, 0.065334, 0.0515553, 0.0113552,buy
2011-07-02,0.84,0,1.29,0,0.43,0,0.7,0, 0.085625, 0.0713876, 0.071388, 0.0743523, 0.0713876,buy
2011-07-03,1.37,0,0.72,0,0.34,0,0.68,0,-0.025865, 0.0217454,-0.022289,-0.0594781,-0.0222890,sell
2011-07-04,2.83,0.15,0.44,0,0.28,0,0.57,0,-0.014990, 0.0136865, 0.013686, 0.0082986, 0.0108141,buy
2011-07-05,3.01,0.47,1.07,0,0.24,0,0.49,0, 0.015468, 0.0180509, 0.030626,-0.0011128,-0.0005969,buy
2011-07-06,2.29,1.78,0.72,0,0.21,0,0.46,0, 0.063968, 0.0728247, 0.088140, 0.0692948, 0.0609921,buy
2011-07-07,1.98,2.5,0.12,0,0.18,0,0.67,0, 0.017293, 0.0013508, 0.019201, 0.0237229, 0.0062423,buy
2011-07-08,1.67,1.99,0,0,0.16,0,1.32,0,-0.010017, 0.0436326, 0.043517, 0.0259057, 0.0464948,buy
2011-07-09,1.04,1.01,0.11,0,0.14,0,1.78,0,-0.015937,-0.0322930,-0.029864,-0.0080934,-0.0208981,sell
2011-07-10,0.65,0.95,0.24,0,0.12,0,0.93,0, 0.012575,-0.0261642, 0.015984, 0.0570694, 0.0055378,buy
2011-07-11,0.41,1.19,0.2,0,0.11,0,0.42,0,-0.000451, 0.0036060,-0.025490, 0.0043454,-0.0623181,sell
2011-07-12,0.32,1.73,0.21,0,0.1,0,0.19,0, 0.006971, 0.0014310, 0.012373, 0.0061057, 0.0038739,buy
2011-07-13,0.32,1.45,0.34,0,0.09,0,0.14,0,-0.007225,-0.0066255, 0.010168,-0.0072246,-0.0069807,sell
2011-07-14,0.35,1.35,0.71,0,0.08,0,0.12,0, 0.057090, 0.1108189, 0.116357, 0.1093245, 0.0872939,buy
2011-07-15,0.56,2.21,0.59,0,0.07,0,0.1,0, 0.000030, 0.0177096, 0.012972, 0.0143145, 0.0081683,buy
2011-07-16,0.68,3.27,0.3,0,0.06,0,0.09,0,-0.036863,-0.0451486,-0.050713,-0.0347916,-0.0472601,sell
2011-07-17,1.01,2.51,0.23,0,0.05,0,0.08,0,-0.013483, 0.0023981,-0.025121, 0.0439590, 0.0076959,sell
2011-07-18,1,1.24,0.24,0,0.05,0,0.07,0,-0.053683, 0.0183087,-0.070555,-0.0387003,-0.0549832,sell
2011-07-19,0.47,0.92,0.07,0,0,0.15,0.06,0, 0.000544, 0.0013747,-0.028119, 0.0068468,-0.0289515,sell
2011-07-20,0.26,1.06,0.27,0,0,0.32,0.05,0, 0.014227, 0.0051807, 0.022945, 0.0037809, 0.0152887,buy
2011-07-21,0.17,0.61,1.03,0,0,0.63,0,0, 0.063664, 0.0572802, 0.062015, 0.0572802, 0.0405302,buy
2011-07-22,0.27,0.26,1.33,0,0,1.19,0,0,-0.002975, 0.0416548,-0.009568,-0.0121962,-0.0095684,sell
2011-07-23,0.48,0.23,1.39,0,0.02,1.68,0,0, 0.087908, 0.0897298, 0.089730, 0.0879081, 0.0897298,buy
2011-07-24,0.49,0.2,0.78,0,0.03,1.38,0,0,-0.058675,-0.0491197,-0.045218,-0.0452180,-0.0466876,sell
2011-07-25,0.35,0.17,0.44,0,0.05,0.85,0,0,-0.015411,-0.0006840,-0.015017,-0.0150171, 0.0011649,sell
2011-07-26,0.48,0.15,0.47,0,0.09,0.5,0,0,-0.020667,-0.0170169,-0.008580,-0.0118261,-0.0132998,sell
2011-07-27,0.87,0.18,1.44,0,0.16,0.31,0,0,-0.024941, 0.0358560, 0.022530, 0.0307302, 0.0111861,buy
2011-07-28,0.94,0.45,2.37,0,0.24,0.2,0,0,-0.030652,-0.0171480,-0.021022,-0.0126862,-0.0142417,sell
2011-07-29,0.72,0.83,1.88,0,0.18,0.13,0,0,-0.044816,-0.0059312,-0.012424, 0.0313721,-0.0117740,sell
2011-07-30,0.61,0.71,1.01,0,0.08,0,0,0,-0.030867,-0.0219518,-0.009136,-0.0123279,-0.0394291,sell
2011-07-31,0.91,0.59,1,0,0.04,0,0,0,-0.018186,-0.0252566,-0.008479,-0.0332898,-0.0234761,sell
2011-08-01,1.24,0.73,1.3,0,0,0,0,0,-0.029548, 0.0231999,-0.029139,-0.0136927,-0.0171683,sell
2011-08-02,1.3,1,0.9,0,0,0,0.16,0,-0.024249,-0.0236202,-0.015814,-0.0199174,-0.0122966,sell
2011-08-03,1.48,0.55,0.35,0,0,0,0.35,0,-0.024955,-0.0279294, 0.015973,-0.0545052,-0.0085316,sell
2011-08-04,1,0.15,0.2,0,0,0,0.76,0,-0.007794,-0.0209791, 0.000846,-0.0297769, 0.0101312,sell
2011-08-05,0.62,0,0.23,0,0,0,1.23,0, 0.012915,-0.0002886,-0.037932, 0.0071601, 0.0047623,sell
2011-08-06,0.46,0.15,0.28,0,0,0.11,1.08,0,-0.003028,-0.0000905,-0.037006, 0.0009770, 0.0042172,sell
2011-08-07,0.48,0.38,0.36,0,0,0.16,1.3,0, 0.023333,-0.0128919,-0.030022, 0.0147560,-0.0177506,sell
2011-08-08,0.6,0.81,0.35,0,0,0.27,1.25,0, 0.068128,-0.0191003,-0.033009, 0.0643378,-0.0029223,buy
2011-08-09,0.69,0.88,0.25,0,0,0.47,0.45,0, 0.002869,-0.0096442,-0.002259,-0.0250759, 0.0154382,sell
2011-08-10,0.5,0.9,0.17,0,0,0.87,0.16,0, 0.021936,-0.0019751,-0.005335, 0.0239652, 0.0032120,sell
2011-08-11,0.5,1.4,0.1,0,0,1.27,0,0, 0.011841,-0.0042925,-0.014517,-0.0017919,-0.0052064,sell
2011-08-12,0.84,2.26,0.06,0,0,0.92,0,0,-0.018906, 0.0012014,-0.068727, 0.0005648,-0.0084137,sell
2011-08-13,1.56,2.57,0,0,0,0.44,0.03,0,-0.015507,-0.0124694,-0.017594,-0.0146067,-0.0160593,sell
2011-08-14,1.36,1.71,0,0,0,0.2,0.06,0, 0.035673, 0.0402210, 0.009357, 0.0397794, 0.0353615,buy
2011-08-15,0.54,0.82,0.05,0,0,0.09,0.09,0,-0.001262, 0.0279133, 0.011855, 0.0218056, 0.0195510,buy
2011-08-16,0.19,0.57,0.1,0,0,0,0.16,0, 0.019189,-0.0009870, 0.019837, 0.0214286, 0.0214286,buy
2011-08-17,0.06,0.64,0.22,0,0,0,0.28,0,-0.009939,-0.0316605,-0.021574,-0.0212958,-0.0212958,sell
2011-08-18,0.13,0.71,0.24,0,0,0.13,0.42,0, 0.037463, 0.0704969, 0.025763, 0.0373510, 0.0374634,buy
2011-08-19,0.23,0.96,0.23,0,0,0.53,0.36,0,-0.026149,-0.0259029, 0.004941,-0.0272099,-0.0274967,sell
2011-08-20,0.42,1.31,0.54,0,0,1.35,0.21,0, 0.019561, 0.0127097,-0.004475, 0.0027537, 0.0127097,buy
2011-08-21,0.68,1.69,0.67,0,0,2,0.12,0,-0.066244,-0.0811346,-0.070893,-0.0760012,-0.0760012,sell
2011-08-22,0.84,2.33,0.45,0,0,1.83,0.07,0,-0.030280,-0.0412658,-0.044210,-0.0393939,-0.0739667,sell
2011-08-23,0.73,2.72,0.33,0,0,1.2,0.04,0,-0.021308,-0.0215789,-0.021579,-0.0174076,-0.0733744,sell
2011-08-24,0.66,3.37,0.59,0,0,0.46,0,0,-0.024836,-0.0360054,-0.035291,-0.0252611,-0.0722684,sell
2011-08-25,0.99,3.7,0.76,0,0,0.21,0,0,-0.022055,-0.0367670,-0.033538,-0.0214580,-0.0387408,sell
2011-08-26,1.01,3.1,0.68,0,0,0.1,0,0,-0.022849,-0.0247031,-0.021740, 0.0008540,-0.0259837,sell
2011-08-27,0.9,2.68,0.76,0,0,0,0,0, 0.003259,-0.0039701, 0.009124, 0.0378576,-0.0042166,buy
2011-08-28,1.2,2.41,0.56,0,0,0,0,0, 0.036368,-0.0077073, 0.034550, 0.0450814, 0.0235843,buy
2011-08-29,1.38,2.17,0.3,0,0,0,0,0, 0.048375, 0.0223455, 0.047154, 0.0284698, 0.0276374,buy
2011-08-30,1.43,2.35,0.41,0,0,0,0,0, 0.034912, 0.0051072, 0.035597, 0.0292252, 0.0171520,buy
2011-08-31,0.95,2.05,0.61,0,0.08,0,0,0, 0.031664, 0.0181549, 0.039039, 0.0249793, 0.0285259,buy
2011-09-01,0.55,1.42,0.78,0,0.23,0,0,0, 0.024883, 0.0504942, 0.050319, 0.0493100, 0.1045775,buy
2011-09-02,0.52,0.89,0.71,0,0.63,0,0,0,-0.019653,-0.0248019,-0.024283,-0.0094851,-0.0454450,sell
2011-09-03,0.49,0.49,0.4,0,0.95,0,0,0, 0.051819, 0.0916851, 0.051819, 0.0454729, 0.1126764,buy
2011-09-04,0.2,0.56,0.28,0,0.51,0,0,0, 0.036077, 0.0170268, 0.013982, 0.0139816, 0.0103413,buy
2011-09-05,0.08,0.53,0.23,0,0.28,0,0,0, 0.025807, 0.0192068, 0.040917, 0.0208768, 0.0174261,buy
2011-09-06,0.03,0.56,0.36,0,0.26,0,0,0, 0.026779, 0.0270419, 0.033743, 0.0267793, 0.0267793,buy
2011-09-07,0.05,0.69,0.14,0,0.41,0.1,0,0, 0.005816,-0.0226955, 0.016734, 0.0059760,-0.0247535,sell
2011-09-08,0.11,0.76,0,0,0.88,0.34,0.08,0,-0.095630,-0.0183449,-0.054911,-0.0785114,-0.0210499,sell
2011-09-09,0.24,0.71,0,0,0.95,1.24,0.09,0, 0.032774, 0.0247544, 0.003489, 0.0441927, 0.0456705,buy
2011-09-10,0.5,0.6,0.41,0,0.47,1.26,0.11,0,-0.076152,-0.0527074,-0.092343,-0.0720211,-0.0607620,sell
2011-09-11,0.7,0.74,0.65,0,0.22,0.32,0.12,0,-0.037243,-0.0624374,-0.064989,-0.0154396,-0.0550911,sell
2011-09-12,0.71,0.62,0.69,0,0.1,0,0.14,0,-0.043140,-0.0681353,-0.050936,-0.0636419,-0.0549004,sell
2011-09-13,0.31,0.63,1.1,0,0,0,0.17,0,-0.021882,-0.0166791,-0.004285,-0.0209607, 0.0272550,sell
2011-09-14,0.38,0.78,1.58,0,0,0,0.19,0,-0.043455, 0.0250026, 0.013064, 0.0324331, 0.0155960,buy
2011-09-15,0.41,0.74,1.33,0,0,0,0.22,0,-0.019845, 0.0324574, 0.002743,-0.0015643, 0.0131358,buy
2011-09-16,0.09,0.88,1.63,0,0,0,0.26,0,-0.058886,-0.0417863,-0.049655, 0.0528156,-0.0429303,sell
2011-09-17,0.03,1.09,1.63,0,0.19,0,0.3,0,-0.051279,-0.0491683,-0.047189, 0.0420761,-0.0512790,sell
2011-09-18,0.13,1.06,1.01,0,0.92,0,0.35,0, 0.016481, 0.0170577, 0.025077,-0.0329634, 0.0170577,buy
2011-09-19,0.34,0.72,0.62,0,0.93,0,0.41,0,-0.014831,-0.0115432,-0.008631,-0.0208029,-0.0115432,sell
2011-09-20,0.44,0.7,1,0,0.2,0,0.48,0,-0.002245,-0.0171137, 0.027961,-0.0202028,-0.0425999,buy
2011-09-21,0.39,1,1.79,0,0,0,0.55,0,-0.057064,-0.0315964,-0.025620, 0.0065533,-0.0336190,sell
2011-09-22,0.55,1.22,2.13,0,0,0,0.64,0,-0.063266,-0.0435480,-0.039199,-0.0155917,-0.0465943,sell
2011-09-23,0.69,1.32,1.44,0,0,0,0.75,0,-0.038125,-0.0420871,-0.042399,-0.0484963,-0.0413165,sell
2011-09-24,0.52,1.5,2.04,0,0,0,0.87,0,-0.082707,-0.0715166,-0.075874,-0.0576250,-0.0696502,sell
2011-09-25,0.29,1.99,2.31,0,0,0,1.02,0,-0.057881,-0.0694415,-0.053915,-0.0521698,-0.0683992,sell
2011-09-26,0.18,2.15,1.57,0,0,0,1.11,0,-0.013694,-0.0528682,-0.035744,-0.0242733,-0.0508927,sell
2011-09-27,0.16,1.53,0.98,0,0,0,1.18,0,-0.066074,-0.0615607,-0.052795,-0.0590228,-0.0575509,sell
2011-09-28,0.26,1.27,0.31,0,0,0,1.33,0,-0.055321,-0.0014474, 0.002774, 0.0132432, 0.0024547,sell
2011-09-29,0.5,0.83,0.27,0,0,0,1.6,0, 0.025269,-0.0028460,-0.000903, 0.0253440, 0.0253440,sell
2011-09-30,0.43,0.17,0.77,0,0,0,1.15,0, 0.028262, 0.0282623, 0.023514, 0.0251718, 0.0282623,buy
2011-10-01,0.18,0.08,0.89,0,0,0,0.71,0, 0.013183, 0.0087599, 0.016488, 0.0078848, 0.0078848,buy
2011-10-02,0.07,0.62,0.53,0,0,0,0.48,0, 0.008140,-0.0127715, 0.004371, 0.0102680, 0.0194121,buy
2011-10-03,0.03,1.38,0.16,0,0,0,0.42,0,-0.021534,-0.0271062,-0.021580,-0.0290111,-0.0215339,sell
2011-10-04,0,1.18,0.06,0,0,0,0.55,0,-0.024305,-0.0248012,-0.043070,-0.0426634,-0.0243050,sell
2011-10-05,0.15,1.22,0.08,0,0,0,1.13,0, 0.003523,-0.0095001, 0.003523, 0.0022255, 0.0028330,buy
2011-10-06,0.45,1.46,0.36,0,0,0,0.96,0,-0.032624, 0.0177723, 0.022450, 0.0184372, 0.0231167,buy
2011-10-07,1.46,1.52,0.29,0,0,0,0.37,0,-0.048200,-0.0241510,-0.047399,-0.0569442, 0.0373793,sell
2011-10-08,1.6,0.94,0,0,0,0.08,0.32,0,-0.002414,-0.0401772, 0.012332, 0.0001804, 0.0010759,buy
2011-10-09,1.05,0.94,0.22,0,0,0.25,0.48,0,-0.102955,-0.0341333,-0.009390,-0.0609405,-0.0238887,sell
2011-10-10,1.05,0.71,0.7,0,0,0.81,1,0, 0.032236, 0.0363246, 0.043038, 0.0323740, 0.0427591,buy
2011-10-11,1.05,0.65,0.83,0,0,0.93,1.08,0, 0.038674, 0.0464236, 0.058452, 0.0484071, 0.0539124,buy
2011-10-12,1.68,0.41,0.52,0,0,0.34,0.8,0,-0.015656,-0.0312000, 0.014906,-0.0312000,-0.0187492,sell
2011-10-13,1.36,0.12,0.37,0,0,0.4,0.77,0,-0.056736,-0.0389930,-0.059339,-0.0797808,-0.0671032,sell
2011-10-14,1.1,0.43,0.59,0,0,0.96,0.31,0,-0.081013,-0.0714620,-0.069121,-0.0197149,-0.0691207,sell
2011-10-15,0.59,0.72,0.41,0,0,0.71,0.29,0,-0.019988,-0.0223172,-0.022596,-0.0544232,-0.0226828,sell
2011-10-16,0.62,0.69,0.12,0,0,0.17,0.56,0,-0.016161,-0.0083018,-0.022409,-0.0092239,-0.0237740,sell
2011-10-17,0.96,0.7,0.21,0,0,0,0.37,0,-0.014104,-0.0161629,-0.014222,-0.0246391,-0.0265326,sell
2011-10-18,0.92,0.52,0.36,0,0,0,0.1,0,-0.034783,-0.0332406,-0.034986,-0.0593092,-0.0349030,sell
2011-10-19,0.85,0.31,0.32,0,0,0,0.09,0,-0.006660, 0.0281092, 0.018171, 0.0155074, 0.0042177,buy
2011-10-20,1.04,0.33,0.17,0,0.1,0,0.14,0, 0.027598, 0.0289379, 0.029517, 0.0106388, 0.0458086,buy
2011-10-21,1.92,0.59,0.1,0,0.31,0,0.2,0,-0.000147, 0.0121259, 0.014016,-0.0104269,-0.0208699,buy
2011-10-22,2.37,1.21,0,0,0.83,0.1,0.3,0,-0.020522,-0.0331766, 0.005294,-0.0005494,-0.0130573,sell
2011-10-23,1.87,1.56,0.18,0,0.96,0.38,0.44,0, 0.051237, 0.0266311, 0.025845, 0.0354448, 0.0267673,buy
2011-10-24,1.79,1.54,0.46,0,1.03,1.07,0.65,0, 0.038883, 0.0105993, 0.010599,-0.0412634,-0.0216304,sell
2011-10-25,1.11,0.97,0.6,0,0.82,1.82,0.95,0,-0.024575,-0.0177920, 0.008128, 0.0081279,-0.0018189,sell
2011-10-26,0.68,0.48,0.3,0,1.32,1.53,1.19,0,-0.024753,-0.0319150,-0.048193, 0.0344041,-0.0481935,sell
2011-10-27,0.58,0.23,0.12,0,1.68,0.83,1.1,0, 0.029319,-0.0116535,-0.001582, 0.0285156, 0.0058569,buy
2011-10-28,0.56,0,0,0,1.14,0.26,1.09,0,-0.003417,-0.0559031,-0.070876,-0.0112748,-0.0436817,sell
2011-10-29,0.54,0,0,0,0.37,0,0.98,0,-0.028844, 0.0030514, 0.013275, 0.0056600, 0.0043253,buy
2011-10-30,0.46,0,0,0,0.08,0,0.55,0,-0.007866,-0.0261947,-0.058967,-0.0677850,-0.0227967,sell
2011-10-31,0.4,0,0,0,0,0,0.31,0, 0.019150,-0.0146499,-0.013735,-0.0146499,-0.0086761,sell
2011-11-01,0.59,0,0,0,0,0,0.19,0,-0.028481,-0.0450890,-0.037333,-0.0385214,-0.0397569,sell
2011-11-02,1.1,0,0,0,0,0,0.1,0,-0.008993, 0.0020038,-0.012390, 0.0240949, 0.0020038,sell
2011-11-03,1.65,0,0,0,0,0,0,0, 0.027049, 0.0132505, 0.027398, 0.0144267, 0.0286334,buy
2011-11-04,0.98,0,0.24,0,0.11,0,0,0,-0.014010,-0.0221297,-0.023428, 0.0084230,-0.0221297,sell
2011-11-05,0.44,0,0.71,0,0.4,0,0,0, 0.014426, 0.0375051, 0.025969,-0.0408985, 0.0189020,buy
2011-11-06,0.23,0.13,0.59,0,1.15,0.29,0,0,-0.044036,-0.0440361,-0.007344,-0.0379419,-0.0530266,sell
2011-11-07,0.29,0.32,0.17,0,1.28,0.81,0,0, 0.066680, 0.0736073, 0.035870, 0.0771186, 0.0414440,buy
2011-11-08,0.47,0.69,0,0,1.05,2.21,0,0, 0.005536, 0.0054324, 0.009731,-0.0277098, 0.0141365,buy
2011-11-09,0.54,0.59,0.14,0,0.65,2.55,0,0,-0.002813, 0.0035488,-0.046775,-0.0291899,-0.0000752,sell
2011-11-10,0.31,0.24,0.22,0,0.25,1.13,0.05,0, 0.022219, 0.0681018, 0.008161, 0.0597212, 0.0486847,buy
2011-11-11,0.18,0,0.36,0,0.14,0.56,0.06,0, 0.041775, 0.1060208, 0.106021, 0.0986841, 0.1009557,buy
2011-11-12,0.17,0,0.57,0,0.07,0.41,0.06,0, 0.034849, 0.0528572, 0.063897, 0.0627538, 0.0556957,buy
2011-11-13,0.15,0,0.59,0,0.17,0.63,0.13,0, 0.086186, 0.0354474, 0.031503, 0.0407748, 0.0304394,buy
2011-11-14,0.21,0,0.39,0,0.29,0.4,0.21,0, 0.021674, 0.0719545, 0.074980, 0.0915528, 0.0749797,buy
2011-11-15,0.3,0.16,0.25,0,0.53,0.17,0.38,0, 0.041921, 0.0593254, 0.059325, 0.0635833, 0.0593254,buy
2011-11-16,0.5,0.56,0.16,0,1.05,0.07,0.51,0, 0.030013, 0.0324572, 0.035641, 0.0167513,-0.0150223,buy
2011-11-17,0.51,0.63,0,0,1.03,0,0.46,0,-0.045886,-0.0496541,-0.042983,-0.0341029,-0.0334433,sell
2011-11-18,0.33,0.51,0,0,0.54,0,0.46,0, 0.057806, 0.0705128, 0.023549, 0.0614237, 0.0763898,buy
2011-11-19,0.28,0.25,0,0,0.32,0,0.55,0, 0.008575, 0.0149902,-0.023567,-0.0090653, 0.0145173,sell
2011-11-20,0.35,0.13,0,0,0.23,0,0.65,0,-0.012569,-0.0145677,-0.027265,-0.0395786,-0.0049667,sell
2011-11-21,0.53,0.08,0,0,0.16,0,1.12,0,-0.019697,-0.0154444,-0.033542,-0.0190504,-0.0169116,sell
2011-11-22,0.93,0,0.07,0,0.17,0,1.63,0,-0.008362, 0.0212694, 0.016112, 0.0161121,-0.0159610,sell
2011-11-23,1.25,0,0.18,0,0.18,0,1.42,0, 0.000752, 0.0477887,-0.004156,-0.0030419,-0.0109017,sell
2011-11-24,0.89,0,0.35,0,0.2,0,2.02,0, 0.021588, 0.0217148, 0.028635, 0.0286355, 0.0256121,buy
2011-11-25,0.54,0.14,0.26,0,0.26,0,2.07,0, 0.014141, 0.0226230, 0.014141, 0.0166725, 0.0161092,buy
2011-11-26,0.53,0.15,0.09,0,0.33,0.11,1.5,0,-0.032703, 0.0097611, 0.008203, 0.0168642,-0.0381609,sell
2011-11-27,0.67,0.15,0,0,0.49,0.15,1.23,0,-0.023615, 0.0245484, 0.005681, 0.0056813,-0.0155793,sell
2011-11-28,0.6,0.26,0,0,0.75,0.2,0.66,0,-0.049232, 0.0425970, 0.010263, 0.0102628,-0.0204077,sell
2011-11-29,0.31,0.36,0,0,0.68,0.3,0.47,0, 0.022000,-0.0073281, 0.026542, 0.0193571, 0.0127216,buy
2011-11-30,0.22,0.58,0,0,0.51,0.59,0.41,0,-0.102951,-0.0380684,-0.090763,-0.0912916,-0.0649097,sell
2011-12-01,0.15,0.52,0,0,0.44,0.98,0.45,0, 0.008438, 0.0021758, 0.033986, 0.0043408, 0.0237359,buy
2011-12-02,0.17,0.31,0,0,0.4,1.85,0.6,0, 0.002317, 0.0275784, 0.016369, 0.0126235, 0.0206496,buy
2011-12-03,0.18,0.18,0,0,0.44,2.85,0.66,0,-0.081862,-0.1103191,-0.089389,-0.1267849,-0.0997087,sell
2011-12-04,0.19,0.18,0,0,0.61,3.59,0.71,0,-0.083608,-0.0905330,-0.084128,-0.1083342,-0.1005174,sell
2011-12-05,0.21,0.19,0,0,0.82,3.24,0.77,0,-0.042350,-0.0423729,-0.057948,-0.0583639,-0.0791537,sell
2011-12-06,0.23,0.3,0,0,0.89,2.65,0.82,0,-0.031941,-0.0328198,-0.020095,-0.1041061,-0.0330567,sell
2011-12-07,0.24,0.48,0,0,1.53,2.73,0.84,0, 0.010979, 0.0341679, 0.030179,-0.0042614, 0.0253165,buy
2011-12-08,0.26,0.61,0,0,1.86,1.9,0.8,0, 0.033603, 0.0443502, 0.054017, 0.0340602, 0.0585342,buy
2011-12-09,0.28,0.42,0,0,1.33,1.63,0.79,0, 0.047283, 0.0401848, 0.047056, 0.0536868, 0.0542354,buy
2011-12-10,0.29,0.28,0,0,1.04,1.01,0.81,0, 0.028257,-0.0081347,-0.011828, 0.0306056,-0.0121993,sell
2011-12-11,0.31,0.27,0,0,0.99,0.88,0.9,0,-0.008708,-0.0510557,-0.061821,-0.0012985, 0.0229257,sell
2011-12-12,0.33,0.3,0,0,1.05,0.72,1.1,0, 0.010671,-0.0771500,-0.034436, 0.0082875, 0.0023824,sell
2011-12-13,0.35,0.35,0,0,1.12,0.47,1,0, 0.023033,-0.0832269,-0.051779, 0.0136400, 0.0084480,sell
2011-12-14,0.38,0.42,0,0,1.09,0.39,0.78,0, 0.011170,-0.0754807,-0.075481,-0.0139410,-0.0385729,sell
2011-12-15,0.4,0.52,0,0,1,0.37,0.67,0, 0.016879,-0.0369797,-0.015867, 0.0290419,-0.0111759,sell
2011-12-16,0.42,0.6,0,0,0.92,0.31,0.72,0, 0.011552,-0.0404307, 0.001954, 0.0370261,-0.0103923,sell
2011-12-17,0.45,0.55,0,0,1.11,0.49,0.97,0, 0.045552,-0.0314850,-0.015481, 0.0355644, 0.0100216,sell
2011-12-18,0.47,0.45,0,0,1.52,0.82,1.53,0, 0.031404, 0.0018153, 0.017721, 0.0142734, 0.0142734,buy
2011-12-19,0.54,0.36,0,0,2.33,1.39,2.51,0,-0.008182,-0.0088232,-0.008179, 0.0010639,-0.0081795,sell
2011-12-20,0.62,0.31,0,0,2.34,1.15,3.41,0,-0.021637,-0.0145544,-0.015672,-0.0074772,-0.0151665,sell
2011-12-21,0.78,0.26,0,0,2.08,0.77,3.14,0,-0.015236,-0.0130180,-0.013018,-0.0082512,-0.0155475,sell
2011-12-22,0.98,0.24,0,0,1.51,0.63,2.14,0,-0.027505,-0.0333936,-0.032287,-0.0316851,-0.0337157,sell
2011-12-23,0.9,0.15,0,0,0.87,0.81,1.86,0,-0.025479, 0.0058398, 0.006142, 0.0030966,-0.0013600,buy
2011-12-24,0.75,0.15,0,0,0.7,1.12,1.34,0,-0.001943,-0.0036992, 0.029659, 0.0458465, 0.0296589,buy
2011-12-25,0.71,0,0,0,0.75,1.71,0.93,0,-0.006306,-0.0059878,-0.011939, 0.0062718,-0.0213341,sell
2011-12-26,0.69,0.07,0,0,0.95,2.53,0.73,0, 0.001168,-0.0004473, 0.000308,-0.0335214, 0.0120176,sell
2011-12-27,0.71,0.22,0,0,0.76,2.39,0.6,0, 0.024522, 0.0223035, 0.027120, 0.0166813, 0.0253876,buy
2011-12-28,0.74,0.41,0,0,0.52,1.85,0.59,0,-0.004999, 0.0585213, 0.060276, 0.0598950,-0.0029966,buy
2011-12-29,0.77,0.26,0,0,0.46,1.52,0.72,0,-0.043063, 0.0914267,-0.016806, 0.0227154,-0.0434614,sell
2011-12-30,0.79,0.08,0,0,0.42,1.26,1.09,0,-0.040933,-0.0076013, 0.023589, 0.0208967, 0.0202390,buy
2011-12-31,0.82,0,0,0,0.42,1.2,1.37,0,-0.016243, 0.0060783, 0.028504, 0.0319753, 0.0293664,buy
2012-01-01,0.85,0,0,0,0.54,1.45,0.95,0,-0.048121,-0.0299171, 0.032312, 0.0295264, 0.0323200,buy
2012-01-02,0.87,0,0,0,0.73,1.94,0.67,0, 0.050818, 0.0424433, 0.029538, 0.0373685, 0.0295381,buy
2012-01-03,0.9,0,0,0,1.13,2.01,0.54,0, 0.045017, 0.0363407, 0.051622, 0.0534643, 0.0530311,buy
2012-01-04,0.92,0,0,0,1.03,2.5,0.54,0, 0.075947, 0.0342604, 0.018215, 0.0334994,-0.0012818,buy
2012-01-05,0.94,0,0,0,0.66,2.46,0.91,0, 0.090975, 0.0425256, 0.030824, 0.0442661, 0.0094473,buy
2012-01-06,1,0,0,0,0.53,1.68,1.82,0,-0.021284,-0.0084195,-0.011604, 0.0088863,-0.0116038,sell
2012-01-07,1.13,0,0,0,0.45,2,3.07,0, 0.047751, 0.0050162, 0.013558, 0.0318523, 0.0284181,buy
2012-01-08,1.42,0,0,0,0.46,2.02,2.13,0, 0.071845, 0.0164865, 0.002297, 0.0360494, 0.0360494,buy
2012-01-09,1.33,0,0,0,0.52,1.1,1.59,0, 0.031172, 0.0332191, 0.055995, 0.0559490, 0.0598429,buy
2012-01-10,1.21,0,0,0,0.59,0.66,1.11,0,-0.013449, 0.0070764, 0.062012, 0.0442135, 0.0442135,buy
2012-01-11,1.3,0,0,0,0.74,0.44,0.67,0,-0.026571, 0.0492199, 0.042135, 0.0284337,-0.0135928,buy
2012-01-12,1.78,0,0,0,0.91,0.36,0.59,0,-0.035365,-0.0217204,-0.018264,-0.0372500,-0.0432491,sell
2012-01-13,2.19,0,0,0,0.9,0.35,0.65,0, 0.089786, 0.0743839, 0.068018, 0.0325167, 0.0065125,buy
2012-01-14,1.66,0,0,0,1.18,0.35,0.94,0, 0.071200, 0.0940012, 0.109934, 0.0715220, 0.0716194,buy
2012-01-15,1.3,0,0,0,1.54,0.65,1.17,0,-0.044576, 0.0300848, 0.030673, 0.0279063,-0.0057686,buy
2012-01-16,1.1,0,0,0,1.54,1.31,0.93,0,-0.018395,-0.0056825, 0.042962, 0.0071295, 0.0025417,buy
2012-01-17,1.1,0,0,0,1.19,3.06,0.68,0, 0.016606,-0.0147103,-0.010555,-0.0101180,-0.0153007,sell
2012-01-18,1.1,0,0,0,1.1,2.9,0.69,0, 0.074817, 0.0314280, 0.017764, 0.0312649, 0.0180174,buy
2012-01-19,1.1,0,0,0,1.58,1.66,0.99,0, 0.010572,-0.0042086, 0.003865, 0.0105716,-0.0042086,sell
2012-01-20,1.1,0,0,0,1.81,1.21,1.64,0,-0.014199,-0.0141995,-0.014199,-0.0148195,-0.0141995,sell
2012-01-21,1.1,0,0,0,1.23,0.49,1.98,0,-0.023711,-0.0121366,-0.023874,-0.0276414,-0.0229748,sell
2012-01-22,1.1,0,0,0,1.05,0.26,1.52,0,-0.037012,-0.0250972,-0.034867,-0.0335476,-0.0438029,sell
2012-01-23,1.09,0,0,0,1.18,0.26,0.92,0, 0.015320,-0.0385302, 0.001595,-0.0153864,-0.0109193,sell
2012-01-24,1.08,0.33,0,0,0.94,0.48,0.62,0,-0.001684,-0.0438516,-0.005914,-0.0414893,-0.0059140,sell
2012-01-25,1.07,0.94,0,0,0.8,1.17,0.5,0,-0.029164,-0.0508287,-0.055172,-0.0344235,-0.0334778,sell
2012-01-26,1.06,1.12,0,0,1.07,0.93,0.46,0,-0.008045,-0.0198608,-0.059353,-0.0141136,-0.0249168,sell
2012-01-27,1.04,0.45,0,0,1.78,0.73,0.68,0, 0.024222, 0.0126671,-0.017054, 0.0197296,-0.0052063,sell
2012-01-28,1.03,0,0,0,1.66,0.99,1.27,0,-0.022978,-0.0294930,-0.022825,-0.0229777,-0.0229777,sell
2012-01-29,1.02,0,0,0,1.5,0.95,1.47,0,-0.054807,-0.0448194,-0.042276,-0.0448194,-0.0448194,sell
2012-01-30,1,0,0,0,1,0.66,1.21,0,-0.044788,-0.0227728,-0.036179,-0.0328792,-0.0377114,sell
2012-01-31,0.98,0,0,0,0.66,0.36,1.35,0,-0.023093, 0.0253878, 0.009618, 0.0095546,-0.0278511,sell
2012-02-01,0.95,0,0,0,0.79,0.18,1.23,0,-0.044014, 0.0184121, 0.006611,-0.0001148,-0.0494423,sell
2012-02-02,0.94,0,0,0,0.67,0.12,1.09,0,-0.058228,-0.0087423,-0.012722,-0.0441944,-0.0486080,sell
2012-02-03,0.91,0,0,0,0.36,0.16,1.38,0,-0.004015, 0.0452092, 0.035926, 0.0380982, 0.0088667,buy
2012-02-04,0.89,0,0,0,0.28,0.28,0.82,0,-0.039642,-0.0176950,-0.020240,-0.0446378,-0.0208425,sell
2012-02-05,0.87,0,0,0,0.36,0.78,0.45,0,-0.025469,-0.0254688,-0.026905,-0.0386474,-0.0441057,sell
2012-02-06,0.84,0,0.38,0,0.53,1.6,0.4,0,-0.016512, 0.0471630,-0.026224,-0.0399617,-0.0603172,sell
2012-02-07,0.81,0,0.96,0,1.04,1.21,0.43,0, 0.045036, 0.0132789, 0.006720, 0.0050736,-0.0035382,buy
2012-02-08,0.78,0,0.81,0,1.53,0.66,0.46,0,-0.007265,-0.0522406,-0.057632, 0.0023888,-0.0010896,sell
2012-02-09,0.76,0,0.28,0,1.27,0.94,0.49,0, 0.037320, 0.0070425,-0.002854, 0.0726107, 0.0706357,buy
2012-02-10,0.73,0,0,0,1.15,1.25,0.52,0,-0.021521,-0.0527123,-0.077865, 0.0263961, 0.0406882,sell
2012-02-11,0.7,0.09,0,0,1.42,1.06,0.56,0, 0.078426, 0.0760687, 0.036120, 0.0727308, 0.0394907,buy
2012-02-12,0.96,0.13,0,0,1.22,1.14,0.6,0, 0.040026, 0.0698432,-0.004564, 0.0221354,-0.0055904,buy
2012-02-13,1.75,0.19,0,0,0.82,0.98,0.65,0, 0.008893,-0.0049204,-0.005436,-0.0418763,-0.0261390,sell
2012-02-14,1.47,0.28,0,0,0.82,0.5,0.72,0, 0.080300, 0.0707505, 0.071700, 0.0167222, 0.0147425,buy
2012-02-15,1.04,0.41,0,0,0.9,0.27,0.84,0, 0.023371, 0.0617711, 0.061523, 0.0603393, 0.0442884,buy
2012-02-16,1.44,0.42,0,0,0.5,0.17,1.07,0, 0.017972, 0.0617961, 0.016420,-0.0623356, 0.0109861,buy
2012-02-17,1.95,0.28,0,0,0.33,0.08,0.98,0,-0.038610,-0.0324676,-0.025581,-0.0324676,-0.0246061,sell
2012-02-18,2,0.19,0,0,0.38,0.09,1.17,0,-0.021361,-0.0016856,-0.005526,-0.0097021,-0.0068454,sell
2012-02-19,1.43,0.12,0,0,0.7,0.38,0.98,0, 0.077913, 0.0723451, 0.084432, 0.0297846, 0.0297846,buy
2012-02-20,0.79,0.33,0,0,0.79,0.87,0.56,0,-0.013624, 0.0082288, 0.040949,-0.0145676,-0.0145676,buy
2012-02-21,0.57,1.09,0,0,0.93,1.72,0.46,0,-0.032670,-0.0220961, 0.043634,-0.0288866,-0.0278203,sell
2012-02-22,0.42,0.89,0,0,0.93,1.43,0.47,0,-0.015555, 0.0209516, 0.000296,-0.0035333,-0.0155550,sell
2012-02-23,0.39,0,0,0,0.68,0.92,0.5,0, 0.044269,-0.0454673,-0.057139, 0.0163307, 0.0115516,sell
2012-02-24,0.41,0,0,0,0.54,1.03,0.62,0,-0.025710, 0.0129281,-0.048644,-0.0091797,-0.0421705,sell
2012-02-25,0.4,0,0,0,0.4,1.67,0.79,0, 0.004121,-0.0033614, 0.016167,-0.0806206, 0.0119438,buy
2012-02-26,0.39,0,0,0,0.31,1.48,0.72,0,-0.056505,-0.0530308,-0.049586,-0.0536028,-0.0263760,sell
2012-02-27,0.37,0,0.06,0,0.29,0.96,0.79,0, 0.023263, 0.0441536, 0.041940, 0.0282188, 0.0477023,buy
2012-02-28,0.36,0.36,0.13,0,0.29,0.88,0.85,0,-0.016042,-0.0083640,-0.021558,-0.0052800, 0.0009582,sell
2012-02-29,0.35,0.83,0.59,0,0.29,1.01,0.54,0,-0.017476,-0.0157004,-0.016142,-0.0108567,-0.0619105,sell
2012-03-01,0.35,0.66,1.29,0,0.58,1.29,0.31,0,-0.059342,-0.0586067,-0.058607,-0.0626891,-0.0602577,sell
2012-03-02,0.35,0.6,0.98,0,1.14,1.67,0.22,0, 0.022707, 0.0284853, 0.028485, 0.0162654, 0.0221106,buy
2012-03-03,0.35,0.95,0.35,0,1.59,1.72,0.27,0, 0.080557, 0.0634990, 0.070107, 0.0599509, 0.0880740,buy
2012-03-04,0.36,1.11,0.2,0,1.14,1.42,0.45,0,-0.058958,-0.0222570, 0.018294,-0.0461839,-0.0589578,sell
2012-03-05,0.37,0.5,0.17,0,0.98,1.22,0.95,0, 0.024008, 0.0370114, 0.015699, 0.0358792, 0.0190721,buy
2012-03-06,0.39,0.2,0.22,0,1.18,1.08,1.5,0,-0.047269,-0.0460358, 0.012678,-0.0460358,-0.0460358,sell
2012-03-07,0.46,0,0.27,0,1.48,0.99,0.99,0,-0.020998,-0.0318913, 0.053610, 0.0051310, 0.0062977,buy
2012-03-08,0.5,0,0.33,0,1.91,0.91,0.54,0, 0.043657, 0.0085539, 0.035783, 0.0436571, 0.0336022,buy
2012-03-09,0.67,0,0.41,0,1.83,0.79,0.47,0, 0.045370,-0.0423920,-0.024274, 0.0453696, 0.0452184,buy
2012-03-10,0.81,0,0.52,0,1.51,0.7,0.69,0,-0.035026,-0.0537486,-0.048713,-0.0311068,-0.0429410,sell
2012-03-11,1.08,0,0.65,0,1.48,0.68,0.75,0,-0.008601,-0.0136372,-0.008601,-0.0022661,-0.0018736,sell
2012-03-12,1.43,0,1.02,0,1.28,0.59,0.36,0, 0.052372, 0.0382879, 0.049792, 0.0555219, 0.0426670,buy
2012-03-13,2,0,1.41,0,1.13,0.69,0.18,0, 0.060369, 0.0482224, 0.071939, 0.0667835, 0.0558095,buy
2012-03-14,2.1,0,1.21,0,1.11,0.89,0.05,0, 0.070718, 0.0034913, 0.058862, 0.0188246, 0.0051835,buy
2012-03-15,1.59,0,0.84,0,0.94,0.83,0,0, 0.056768, 0.0575965, 0.055048, 0.0550478, 0.0608443,buy
2012-03-16,1.04,0,0.81,0,0.72,0.59,0,0, 0.031864, 0.0619903, 0.046188, 0.0444078, 0.0303893,buy
2012-03-17,0.71,0,1.01,0,0.52,0.46,0,0, 0.007795, 0.0421198, 0.012390, 0.0363862, 0.0073248,buy
2012-03-18,0.54,0.09,1.22,0,0.65,0.38,0,0, 0.028950, 0.0210235,-0.022146, 0.0064395,-0.0037510,sell
2012-03-19,0.42,0.17,0.71,0,0.87,0.35,0,0, 0.107058, 0.1057983, 0.085268, 0.1078583, 0.0353043,buy
2012-03-20,0.3,0.32,0.35,0,1.47,0.55,0,0,-0.018478,-0.0555374,-0.011442,-0.0184782,-0.0249756,sell
2012-03-21,0.24,0.42,0,0,2.63,0.78,0,0, 0.073302, 0.0627413, 0.035562, 0.0605022, 0.0745114,buy
2012-03-22,0.19,0.29,0,0,2.3,0.79,0,0, 0.067165, 0.0148440, 0.019974, 0.0736902, 0.0685378,buy
2012-03-23,0.15,0.16,0.19,0,1.11,1.07,0,0,-0.018579, 0.0049310,-0.001293,-0.0018722, 0.0551734,sell
2012-03-24,0.13,0.09,0.52,0,0.67,1.02,0,0, 0.029884,-0.0115359,-0.010203,-0.0109287, 0.0204321,sell
2012-03-25,0.14,0,0.95,0,0.5,0.76,0,0,-0.028619,-0.0587746,-0.065877,-0.0568636,-0.0672138,sell
2012-03-26,0.24,0.11,1.17,0,0.68,0.87,0,0,-0.040553,-0.0267544,-0.048486,-0.0177089,-0.0315538,sell
2012-03-27,0.5,0.26,0.87,0,0.98,0.71,0.02,0, 0.008958,-0.0079164, 0.020478, 0.0093646,-0.0066816,sell
2012-03-28,0.88,0.56,0.69,0,0.98,0.47,0.1,0, 0.028266, 0.0390852, 0.062391, 0.0189306, 0.0161262,buy
2012-03-29,0.59,0.5,0.83,0,1.03,0.37,0.28,0, 0.011813, 0.0298388, 0.017824,-0.0015547, 0.0093820,buy
2012-03-30,0.24,0.21,1.01,0,0.88,0.34,0.2,0,-0.061861,-0.0638791,-0.064469,-0.0662252,-0.0688533,sell
2012-03-31,0.09,0,1.54,0,0.57,0.3,0.06,0,-0.016238,-0.0162377,-0.008225,-0.0097773,-0.0061209,sell
2012-04-01,0,0,1.3,0,0.5,0.31,0,0, 0.003616, 0.0139283,-0.008304, 0.0056446, 0.0052202,sell
2012-04-02,0,0,0.75,0,0.56,0.34,0,0,-0.033653,-0.0324063,-0.030123,-0.0244632,-0.0397452,sell
2012-04-03,0.05,0.07,0.36,0,0.53,0.54,0,0,-0.064017,-0.0686823,-0.056115,-0.0650161,-0.0197729,sell
2012-04-04,0.06,0.11,0.3,0,0.35,0.79,0,0,-0.032402, 0.0537243,-0.034002,-0.0324017,-0.0324017,sell
2012-04-05,0.06,0.19,0.26,0,0.22,1.35,0,0, 0.000067, 0.0037799,-0.000807,-0.0002658, 0.0015639,buy
2012-04-06,0.07,0.28,0.22,0,0.16,2.13,0.09,0, 0.010214, 0.0190905, 0.019887, 0.0409906, 0.0116560,buy
2012-04-07,0.08,0.25,0.2,0,0.13,1.82,0.2,0, 0.049291, 0.0508076, 0.050331, 0.0503311, 0.0523925,buy
2012-04-08,0.08,0.15,0.34,0,0.1,1.26,0.41,0,-0.032837,-0.0334245,-0.032837,-0.0328372,-0.0186140,sell
2012-04-09,0.09,0.09,0.41,0,0.09,1.19,0.7,0,-0.023592,-0.0455899,-0.035440,-0.0347823, 0.0082740,sell
2012-04-10,0.1,0.36,0.58,0,0.09,1.11,0.57,0, 0.014204,-0.0163306,-0.004623, 0.0142044,-0.0015504,sell
2012-04-11,0.14,0.75,0.91,0,0.09,1.3,0.28,0,-0.014542,-0.0005257, 0.015632,-0.0178675,-0.0001385,buy
2012-04-12,0.18,0.84,1.21,0,0.08,1.51,0.14,0, 0.055047, 0.0753143, 0.038068, 0.0296604, 0.0380678,buy
2012-04-13,0.21,0.36,1,0,0.08,1.18,0.07,0, 0.027537, 0.0366041, 0.025515, 0.0395332, 0.0303489,buy
2012-04-14,0.25,0.44,0.89,0,0.1,0.76,0,0,-0.034805,-0.0371358,-0.023126,-0.0388079,-0.0231094,sell
2012-04-15,0.31,0.64,0.39,0,0.11,0.58,0,0, 0.008472,-0.0011667, 0.016575, 0.0110310,-0.0209945,buy
2012-04-16,0.37,1.1,0.19,0,0.27,0.44,0,0, 0.045087, 0.0579571, 0.030103, 0.0450874, 0.0397282,buy
2012-04-17,0.47,0.89,0.1,0,0.46,0.44,0,0, 0.011129, 0.0150639, 0.011129,-0.0045372, 0.0113249,buy
2012-04-18,0.58,0.42,0,0,0.86,0.55,0,0,-0.000775, 0.0057348, 0.006747, 0.0057317, 0.0027601,buy
2012-04-19,0.66,0.2,0,0,1.44,0.65,0.18,0, 0.020428, 0.0130619,-0.017304, 0.0185251,-0.0193398,sell
2012-04-20,0.62,0,0,0,1.21,0.48,0.41,0, 0.051973, 0.0007893,-0.022386, 0.0083102,-0.0227972,sell
2012-04-21,0.7,0,0,0,0.79,0.34,0.97,0,-0.036772, 0.0395992,-0.009257,-0.0039015,-0.0039015,sell
2012-04-22,0.95,0,0.1,0,0.64,0.23,1.39,0, 0.028299, 0.0296570, 0.037892, 0.0296570, 0.0296570,buy
2012-04-23,1.33,0.13,0.11,0,0.56,0.17,0.83,0,-0.001462,-0.0145535, 0.006748, 0.0067480,-0.0036851,sell
2012-04-24,1.02,0.14,0.26,0,1.01,0.14,0.35,0, 0.006094, 0.0194163, 0.059245, 0.0550905,-0.0486559,buy
2012-04-25,0.68,0.16,0.5,0,1.27,0.11,0.22,0, 0.004290,-0.0156519,-0.029217,-0.0135699,-0.0267528,sell
2012-04-26,0.61,0.17,0.84,0,0.96,0.12,0.16,0, 0.078790, 0.0827664, 0.087632, 0.0844358, 0.0563508,buy
2012-04-27,0.74,0.19,0.66,0,0.56,0.15,0.36,0,-0.032263,-0.0234314,-0.028808,-0.0160919,-0.0360678,sell
2012-04-28,0.99,0.21,0.37,0,0.4,0.17,0.7,0, 0.005791, 0.0100068, 0.007862, 0.0111017, 0.0135851,buy
2012-04-29,1.21,0.24,0.18,0,0.39,0.38,0.57,0, 0.021447, 0.0363411, 0.039817, 0.0341798, 0.0389365,buy
2012-04-30,1.04,0.26,0.2,0,0.4,0.9,0.25,0,-0.028409,-0.0450337,-0.047790,-0.0593727,-0.0465911,sell
2012-05-01,0.84,0.29,0.23,0,0.44,1.85,0.14,0,-0.018773,-0.0166129,-0.077100,-0.0747026,-0.0668711,sell
2012-05-02,0.72,0.51,0.26,0,0.49,1.35,0.09,0,-0.078845,-0.0509810,-0.078845,-0.0672543,-0.0329000,sell
2012-05-03,0.6,1.15,0.3,0,0.63,0.74,0.24,0,-0.024349,-0.0439151,-0.039967,-0.0757377,-0.0514723,sell
2012-05-04,0.64,1.22,0.35,0,0.43,0.76,0.28,0,-0.000945,-0.0086433, 0.019432, 0.0192270,-0.0330454,sell
2012-05-05,0.63,0.62,0.41,0,0.25,1.34,0.11,0,-0.056489,-0.0535471,-0.058563,-0.0585634,-0.0281984,sell
2012-05-06,0.7,0.46,0.48,0,0.16,1.18,0.04,0,-0.016094,-0.0284264,-0.037409,-0.0308349, 0.0046208,sell
2012-05-07,0.74,0.5,0.56,0,0.15,1.01,0,0, 0.031626,-0.0227791,-0.051707,-0.0356271, 0.0200919,sell
2012-05-08,0.8,0.55,0.6,0,0.14,0.95,0,0, 0.036107,-0.0207156,-0.062686,-0.0377450, 0.0244427,sell
2012-05-09,0.89,0.6,0.52,0,0.14,0.99,0.31,0,-0.082846,-0.0957574,-0.085129,-0.1078359,-0.0712026,sell
2012-05-10,1.02,0.76,0.63,0,0.18,1.08,1.4,0, 0.017121,-0.0050118, 0.022684, 0.0125140, 0.0402016,buy
2012-05-11,1.15,0.84,0.87,0,0.31,1.4,1.22,0, 0.025728, 0.0116869, 0.045285, 0.0168850, 0.0205507,buy
2012-05-12,1.36,0.99,1.56,0,0.75,1.75,0.32,0, 0.008240, 0.0090160, 0.000938,-0.0226880,-0.0102207,sell
2012-05-13,1.75,1.16,1.57,0,1.12,1.74,0.35,0,-0.008873,-0.0130519, 0.008461,-0.0081678, 0.0243459,buy
2012-05-14,2.18,1.43,1.71,0,0.88,1.77,0.69,0,-0.008604,-0.0097179,-0.002640,-0.0016159,-0.0028357,sell
2012-05-15,1.95,1.34,1.52,0,0.57,1.73,0.25,0, 0.004851,-0.0015176, 0.012498, 0.0283348,-0.0130505,buy
2012-05-16,1.9,1.13,1.33,0,0.48,1.54,0,0, 0.049733, 0.0411822, 0.049797, 0.0544048, 0.0400687,buy
2012-05-17,1.84,1.03,0.95,0,0.4,1.22,0,0, 0.011154,-0.0111481, 0.009767, 0.0240380, 0.0031110,buy
2012-05-18,1.68,1,0.73,0,0.26,1,0,0, 0.028268,-0.0091843, 0.043305, 0.0244833, 0.0213252,buy
2012-05-19,1.51,0.84,0.56,0,0.19,1.05,0,0,-0.041982,-0.0067987, 0.013540,-0.0159405,-0.0310641,sell
2012-05-20,1.36,0.87,0.74,0,0.25,1.55,0,0,-0.092338,-0.0932793,-0.079436,-0.1007483,-0.0910871,sell
2012-05-21,1.19,1.18,1.28,0,0.32,1.19,0,0, 0.002030, 0.0302894, 0.025637, 0.0479890,-0.0037888,buy
2012-05-22,1.01,0.89,0.65,0,0.12,0.45,0,0,-0.026443,-0.0311153,-0.019094,-0.0291083,-0.0115975,sell
2012-05-23,0.85,0.49,0.2,0,0.04,0.23,0,0,-0.045129,-0.0212274,-0.016329,-0.0187961,-0.0451291,sell
2012-05-24,0.72,0.43,0,0,0,0.03,0,0,-0.020149,-0.0024803,-0.004542, 0.0069932,-0.0193398,sell
2012-05-25,0.58,0.38,0,0,0,0,0.08,0,-0.024994,-0.0122767,-0.017829,-0.0205766,-0.0195378,sell
2012-05-26,0.45,0.26,0,0,0.04,0,0.27,0, 0.017374, 0.0091391, 0.009322,-0.0364280, 0.0164196,buy
2012-05-27,0.37,1.14,0.22,0,0.09,0,1.05,0,-0.015685,-0.0189357,-0.022852, 0.0099881,-0.0105273,sell
2012-05-28,0.32,2.13,0.67,0,0.21,0,1.38,0,-0.016658,-0.0347856,-0.021146,-0.0140206,-0.0261158,sell
2012-05-29,0.27,1.61,0.68,0,0.46,0,0.63,0,-0.009463,-0.0318399,-0.011457,-0.0302433,-0.0217037,sell
2012-05-30,0.19,0.82,0.48,0,0.52,0,0.23,0, 0.022202, 0.0163311, 0.003608, 0.0033022,-0.0075640,sell
2012-05-31,0.19,0.45,0.2,0,0.24,0,0.1,0, 0.014803, 0.0148868, 0.043506, 0.0124062, 0.0148868,buy
2012-06-01,0.19,0.19,0.08,0,0.13,0,0,0, 0.052899, 0.0504622, 0.052671, 0.0397342, 0.0528988,buy
2012-06-02,0.31,0.19,0,0,0.2,0,0,0, 0.027233, 0.0340165, 0.048905, 0.0121949, 0.0264006,buy
2012-06-03,0.97,0.18,0,0,0.47,0,0,0,-0.007909,-0.0184348, 0.015484,-0.0342097,-0.0079088,sell
2012-06-04,1.23,0.17,0,0,0.42,0,0,0, 0.034700, 0.0204447, 0.021615, 0.0007412, 0.0386062,buy
2012-06-05,0.35,0.16,0,0,0.53,0,0,0,-0.038280, 0.0181551,-0.040570,-0.0353028,-0.0353028,sell
2012-06-06,0.14,0.16,0,0,0.79,0.04,0,0,-0.031319, 0.0208539,-0.022192,-0.0288095,-0.0221924,sell
2012-06-07,0.34,0.15,0,0,0.59,0.14,0,0,-0.024202, 0.0045521,-0.003715,-0.0032749,-0.0201227,sell
2012-06-08,1.28,0.15,0.17,0,0.23,0.31,0,0, 0.033553, 0.0321813, 0.029775,-0.0617128, 0.0299064,buy
2012-06-09,1.53,0.14,0.7,0,0.08,0.18,0,0, 0.014072, 0.0289591, 0.031676, 0.0262027, 0.0289591,buy
2012-06-10,0.55,0.14,0.48,0,0.05,0.05,0,0,-0.023274,-0.0238650, 0.029680,-0.0222013,-0.0238650,sell
2012-06-11,0.67,0.14,0,0,0.03,0.1,0,0, 0.009971, 0.0615583, 0.027864, 0.0615380, 0.0268169,buy
2012-06-12,1.51,0.14,0,0,0.1,0.35,0,0, 0.014677,-0.0024885, 0.010109,-0.0081895, 0.0206127,buy
2012-06-13,1.63,0.13,0,0,0.36,0.47,0.05,0, 0.039410, 0.0173594, 0.030644, 0.0164722, 0.0435774,buy
2012-06-14,0.94,0.13,0.08,0,0.29,0.28,0.08,0, 0.027998, 0.0589466, 0.033262, 0.0123025, 0.0435334,buy
2012-06-15,0.43,0.13,0.12,0,0.31,0.37,0.13,0, 0.029768, 0.0470266, 0.047772, 0.0477722, 0.0489328,buy
2012-06-16,0.25,1.05,0.17,0,0.49,0.47,0.19,0, 0.010362,-0.0002582,-0.000352, 0.0109425, 0.0022789,buy
2012-06-17,0.11,2.43,0.24,0,0.78,0.2,0.31,0, 0.002271,-0.0259629,-0.001306,-0.0190946,-0.0009809,sell
2012-06-18,0.11,2.15,0.33,0,1.21,0.06,0.48,0,-0.032009,-0.0172231,-0.047170,-0.0207697,-0.0437606,sell
2012-06-19,0.1,0.91,0.43,0,1.34,0.06,0.76,0, 0.002049,-0.0176962,-0.004608,-0.0046083,-0.0166184,sell
2012-06-20,0.1,0.98,0.48,0,0.95,0.28,0.97,0,-0.005412,-0.0212333,-0.016791,-0.0280265,-0.0212333,sell
2012-06-21,0.3,1.59,0.43,0,0.68,0.31,0.83,0,-0.023811,-0.0231574,-0.014234,-0.0231574,-0.0088836,sell
2012-06-22,0.58,1.81,0.49,0,0.57,0.08,0.61,0,-0.013798,-0.0065556,-0.005777,-0.0075993,-0.0080766,sell
2012-06-23,1.26,1.46,0.64,0,0.59,0,0.52,0,-0.009866, 0.0051218, 0.008605,-0.0176743,-0.0091501,sell
2012-06-24,1.46,1.23,0.98,0,0.46,0,0.47,0, 0.025993,-0.0273814, 0.026857,-0.0070469,-0.0043280,buy
2012-06-25,0.75,1.12,0.85,0,0.27,0,0.53,0,-0.056790,-0.0363772,-0.031878,-0.0561619,-0.0566811,sell
2012-06-26,0.44,1.05,0.68,0,0.18,0,0.74,0,-0.050287,-0.0596262,-0.067705,-0.0628785,-0.0625673,sell
2012-06-27,0.48,1.01,0.79,0,0.27,0,0.85,0,-0.068896,-0.0716256,-0.086197,-0.0716256,-0.0830303,sell
2012-06-28,0.87,1.03,1.42,0,0.48,0,0.79,0, 0.002117, 0.0093168, 0.007582,-0.0296105,-0.0082754,sell
2012-06-29,1.16,1.09,1.2,0,0.42,0.04,0.87,0,-0.033607,-0.0328559,-0.032856,-0.0854582,-0.0338536,sell
2012-06-30,1.06,1.17,0.66,0,0.19,0.06,0.78,0,-0.088411,-0.0905714,-0.060600,-0.0755970,-0.0661944,sell
2012-07-01,0.97,1.26,0.43,0,0.09,0.09,0.66,0,-0.039181,-0.0401787,-0.021538,-0.0492463,-0.0214960,sell
2012-07-02,0.6,1.22,0.6,0,0.04,0.15,0.67,0,-0.047785,-0.0267480,-0.031959,-0.0388025,-0.0077503,sell
2012-07-03,0.57,1.08,1.01,0,0,0.25,0.87,0,-0.040720,-0.0450303,-0.050451,-0.0450303,-0.0503682,sell
2012-07-04,0.78,0.94,1.2,0,0,0.32,1.06,0,-0.018617,-0.0026570,-0.001867,-0.0388900,-0.0030070,sell
2012-07-05,0.61,0.79,1.47,0,0,0.24,1.1,0, 0.030673, 0.0022838, 0.037985,-0.0050763,-0.0033873,buy
2012-07-06,0.34,0.67,1.48,0,0,0.15,1.02,0, 0.016941,-0.0142771, 0.005689,-0.0234008,-0.0210462,sell
2012-07-07,0.23,1.06,1.4,0,0,0.09,1.1,0, 0.011474,-0.0243593,-0.012318,-0.0262779,-0.0356327,sell
2012-07-08,0.14,1.85,1.55,0,0,0.05,1.32,0,-0.051524,-0.0549859,-0.043532,-0.0597014,-0.0546139,sell
2012-07-09,0.15,2.84,1.45,0,0,0.06,1.24,0,-0.009632,-0.0602772,-0.019678,-0.0166395,-0.0463862,sell
2012-07-10,0.15,2.16,0.79,0,0,0.12,0.84,0, 0.039498,-0.0258108,-0.014840,-0.0142589, 0.0327707,buy
2012-07-11,0.12,1.23,0.56,0,0,0.22,0.62,0,-0.000968,-0.0332463,-0.014360,-0.0123185,-0.0027505,sell
2012-07-12,0.16,0.57,0.41,0,0,0.4,0.51,0, 0.010605, 0.0015712, 0.014504, 0.0017784, 0.0015066,buy
2012-07-13,0.2,0.64,0.2,0,0,0.75,0.5,0,-0.062146,-0.0374771,-0.038745,-0.0386593,-0.0529302,sell
2012-07-14,0.27,0.92,0.25,0,0,0.93,0.48,0, 0.017684, 0.0146064, 0.002715, 0.0146064, 0.0255606,buy
2012-07-15,0.36,1.3,0.3,0,0,0.72,0.51,0, 0.009797, 0.0121026, 0.045051, 0.0119601, 0.0025741,buy
2012-07-16,0.47,1.6,0.47,0,0,0.41,0.44,0, 0.006722, 0.0003800, 0.021438, 0.0068077, 0.0020513,buy
2012-07-17,0.57,1.43,0.63,0,0,0.23,0.43,0, 0.013832, 0.0233129, 0.023926, 0.0241524, 0.0206065,buy
2012-07-18,0.54,1.32,0.8,0,0,0.1,0.48,0, 0.031778, 0.0947433, 0.106607, 0.1168967, 0.0602789,buy
2012-07-19,0.47,1.29,0.97,0,0,0.11,0.58,0, 0.040151, 0.0922609, 0.128084, 0.1094825, 0.0697569,buy
2012-07-20,0.51,1.45,0.95,0,0,0.11,0.76,0,-0.009507,-0.0509427,-0.043825,-0.0500518, 0.0335048,sell
2012-07-21,0.62,1.5,0.8,0,0,0.09,1.09,0,-0.073788,-0.0449206,-0.029518,-0.0424916,-0.0146079,sell
2012-07-22,0.82,1.4,0.68,0,0,0.11,1.23,0,-0.088619,-0.0429922,-0.041732,-0.0408286,-0.0319055,sell
2012-07-23,1.24,1.31,1.24,0,0,0.14,1.06,0,-0.056554,-0.0646774,-0.050289,-0.0772520,-0.0565535,sell
2012-07-24,1.75,1.23,2.02,0,0,0.17,1.02,0, 0.017812, 0.0205831, 0.017812,-0.0005283, 0.0099014,buy
2012-07-25,1.62,1.19,2.17,0,0,0.21,0.9,0, 0.003730, 0.0036887, 0.007865,-0.0012925, 0.0027679,buy
2012-07-26,1.03,1.16,1.44,0,0,0.3,0.69,0,-0.047897,-0.0370906,-0.041069,-0.0659272,-0.0496427,sell
2012-07-27,0.71,1.13,0.91,0,0,0.49,0.74,0,-0.073944,-0.0581013,-0.055815,-0.0581013,-0.0444748,sell
2012-07-28,0.66,1.11,0.45,0,0,0.75,0.67,0,-0.063858,-0.0703767,-0.081142,-0.0711396,-0.0811415,sell
2012-07-29,0.91,1.12,0.63,0,0,0.71,0.57,0,-0.024336,-0.0199739,-0.009692,-0.0199739,-0.0117365,sell
2012-07-30,1.62,1.33,0.85,0,0,0.79,0.59,0, 0.068956, 0.0567621, 0.066741, 0.0623606, 0.0624164,buy
2012-07-31,2,1.41,1.14,0,0,1.04,0.52,0, 0.052536, 0.0535606, 0.054377, 0.0513057, 0.0379977,buy
2012-08-01,1.31,1.64,0.97,0,0,1.5,0.55,0, 0.009940, 0.0120594, 0.026572, 0.0156782, 0.0133840,buy
2012-08-02,0.85,2.09,0.91,0,0,1.59,0.6,0,-0.039627,-0.0647587,-0.060736,-0.0634341,-0.0811846,sell
2012-08-03,0.69,2.15,1.12,0,0,1.23,0.42,0, 0.012945,-0.0359674,-0.035967,-0.0442303,-0.0921567,sell
2012-08-04,0.67,1.57,1.2,0,0,0.99,0.29,0,-0.029692,-0.0319854,-0.081117,-0.0577002,-0.0497396,sell
2012-08-05,0.66,1.14,0.93,0,0,0.89,0.22,0,-0.030704,-0.0304980,-0.044481,-0.0286800,-0.0295121,sell
2012-08-06,0.87,0.87,0.87,0,0.04,0.9,0.23,0,-0.039164,-0.0754135,-0.044509,-0.0754135,-0.0231976,sell
2012-08-07,1.05,0.34,0.94,0,0.09,0.91,0.3,0,-0.072831,-0.0728312,-0.017617,-0.0728312,-0.0541566,sell
2012-08-08,1.39,0.31,1.34,0,0.2,0.9,0.42,0, 0.063661, 0.0340025, 0.053549, 0.0702633, 0.0600481,buy
2012-08-09,2.11,0.41,1.45,0,0.24,0.77,0.39,0, 0.067174, 0.0540730, 0.052978, 0.0685414, 0.0707414,buy
2012-08-10,1.94,0.49,1.25,0,0.14,0.69,0.23,0, 0.075878, 0.0428038, 0.044077, 0.0753511, 0.0739505,buy
2012-08-11,1.02,0.66,1.32,0,0.08,0.68,0.13,0, 0.014316, 0.0193983, 0.015249, 0.0144606, 0.0269898,buy
2012-08-12,0.55,1.03,1.05,0,0.05,0.71,0.07,0,-0.071671,-0.0728189,-0.071671,-0.0934467,-0.0652173,sell
2012-08-13,0.39,1.28,0.66,0,0.03,0.8,0.04,0, 0.023574, 0.0156622, 0.003059,-0.0091459, 0.0217724,buy
2012-08-14,0.34,1.46,0.38,0,0.02,0.82,0.15,0,-0.056023,-0.0680007,-0.068783,-0.0576342,-0.0717830,sell
2012-08-15,0.57,1.44,0,0,0.02,0.69,0.33,0,-0.063738,-0.0579973,-0.054514,-0.0579973,-0.0579973,sell
2012-08-16,0.78,0.84,0.14,0,0.02,0.56,0.73,0, 0.005267,-0.0060497, 0.016402,-0.0093885, 0.0300707,buy
2012-08-17,0.58,0.43,0.58,0,0.02,0.47,1.12,0,-0.035262,-0.0442125,-0.027918, 0.0021943,-0.0397864,sell
2012-08-18,0.82,0.17,1.06,0,0.07,0.42,0.76,0, 0.031547, 0.0401799, 0.058580, 0.0415775,-0.0144660,buy
2012-08-19,0.74,0.32,0.73,0,0.15,0.36,0.35,0, 0.007329, 0.0135157,-0.017533, 0.0058462,-0.0174040,sell
2012-08-20,0.22,0.49,0.16,0,0.38,0.36,0.2,0, 0.022164, 0.0163524, 0.023265, 0.0142497, 0.0034951,buy
2012-08-21,0.17,0.66,0,0,0.65,0.38,0.12,0,-0.001139,-0.0163246, 0.031470, 0.0150589,-0.0163246,buy
2012-08-22,0.19,0.78,0,0,0.79,0.39,0.47,0,-0.041359, 0.0173384,-0.051814,-0.0273141, 0.0185800,sell
2012-08-23,0.35,1.72,0,0,1.07,0.41,0.57,0,-0.069529,-0.0585717,-0.047104,-0.0625824,-0.0711662,sell
2012-08-24,0.63,2.38,0,0,1.25,0.42,0.39,0,-0.002879, 0.0022106,-0.027821,-0.0032183,-0.0310382,sell
2012-08-25,1.15,1.92,0,0,0.86,0.45,0.13,0, 0.070618, 0.0553971, 0.008256, 0.0527487,-0.0002341,buy
2012-08-26,1.44,0.9,0,0,0.44,0.47,0.1,0,-0.069910,-0.0626881,-0.070212,-0.0680050,-0.0915730,sell
2012-08-27,1.01,1.12,0,0,0.26,0.5,0.25,0,-0.092124,-0.0306674,-0.087576,-0.0943403,-0.0908226,sell
2012-08-28,0.72,1.48,0.13,0,0.18,0.53,0.61,0,-0.022532,-0.0297224,-0.018103,-0.0123148,-0.0199901,sell
2012-08-29,0.8,0.84,0.32,0,0.1,0.57,1.15,0, 0.043230, 0.0101571, 0.010078, 0.0721457, 0.0070799,buy
2012-08-30,0.77,0.75,0.59,0,0.2,0.61,1.2,0, 0.010603, 0.0076778,-0.007956,-0.0196194, 0.0002115,sell
2012-08-31,0.37,0.39,0.44,0,0.36,0.8,0.37,0,-0.035134,-0.0072131,-0.040000,-0.0307490,-0.0308105,sell
2012-09-01,0.34,0.15,0.33,0,0.32,0.97,0.23,0,-0.041237,-0.0297514,-0.040246,-0.0383822,-0.0245222,sell
2012-09-02,0.5,0,0.27,0,0.16,1.34,0.42,0,-0.007639,-0.0377193,-0.007639,-0.0102457,-0.0085171,sell
2012-09-03,0.92,0,0.61,0,0.08,1.84,0.56,0,-0.003073,-0.0078004, 0.045532,-0.0016213,-0.0171494,buy
2012-09-04,1.31,0.07,1.18,0,0.04,1.53,0.41,0,-0.007438, 0.0861034, 0.099520, 0.0531051, 0.0373100,buy
2012-09-05,1.16,0.1,0.92,0,0,1.29,0.23,0,-0.036489,-0.0391442,-0.036096,-0.0338754,-0.0407064,sell
2012-09-06,1.05,0.15,0.69,0,0.07,1.95,0.12,0, 0.044302, 0.0428192, 0.064675, 0.0632422, 0.0528184,buy
2012-09-07,0.54,0.21,1.31,0,0.08,2.09,0.07,0, 0.080649, 0.0958888, 0.080649, 0.0944474, 0.0898399,buy
2012-09-08,0.17,0.3,1.05,0,0.09,0.92,0,0,-0.039901,-0.0385821,-0.026428,-0.0483040,-0.0483040,sell
2012-09-09,0.06,0.42,0.39,0,0.11,0.52,0,0,-0.019173,-0.0117266,-0.015616,-0.0182362,-0.0191727,sell
2012-09-10,0.07,0.41,0,0,0.12,0.59,0,0,-0.058743,-0.0585458,-0.066726,-0.0587428,-0.0374954,sell
2012-09-11,0.2,0.28,0.44,0,0.14,0.88,0,0, 0.005837, 0.0636863, 0.037846, 0.0680891, 0.0807854,buy
2012-09-12,0.55,0.19,1.06,0,0.16,0.79,0,0, 0.028810,-0.0037299, 0.031813, 0.0135399, 0.0027254,buy
2012-09-13,0.69,0.13,1.02,0,0.26,0.47,0,0,-0.043065,-0.0407417,-0.043058,-0.0511285,-0.0518707,sell
2012-09-14,0.31,0.09,0.48,0,0.53,0.31,0.06,0,-0.012535, 0.0023040, 0.018159,-0.0213891,-0.0210222,sell
2012-09-15,0.11,0,0.24,0,1.2,0.27,0.32,0,-0.048326,-0.0678865,-0.065963,-0.0693087,-0.0609213,sell
2012-09-16,0,0,0.79,0,0.9,0.26,0.83,0,-0.096624,-0.0491507,-0.105016,-0.1031607,-0.0979399,sell
2012-09-17,0,0,1.48,0,0.57,0.37,0.4,0,-0.020695,-0.0042252,-0.018507,-0.0206946,-0.0188925,sell
2012-09-18,0.1,0,0.82,0,0.6,0.58,0.21,0,-0.054481,-0.0161063,-0.027742,-0.0351294,-0.0733965,sell
2012-09-19,0.11,0,0.32,0,0.92,0.49,0.32,0,-0.048126, 0.0158427,-0.045391,-0.0026209,-0.0017704,sell
2012-09-20,0.12,0,0.58,0,1.46,0.26,0.83,0,-0.006840,-0.0336338,-0.008891,-0.0092567,-0.0392807,sell
2012-09-21,0.14,0,0.61,0,1.45,0.22,1.25,0, 0.001789, 0.0019882,-0.041395, 0.0007746, 0.0021548,sell
2012-09-22,0.16,0.16,0.67,0,1.08,0.22,0.74,0,-0.053868,-0.0413238,-0.046927,-0.0523709,-0.0563231,sell
2012-09-23,0.18,0.29,1.18,0,0.99,0.46,0.29,0,-0.022233,-0.0232852,-0.020556,-0.0209374,-0.0225735,sell
2012-09-24,0.24,0.92,0.9,0,1.01,1.29,0.11,0, 0.001494, 0.0269690, 0.006320,-0.0181381, 0.0142252,buy
2012-09-25,0.4,2.46,0.43,0,0.95,1.57,0.05,0,-0.013882,-0.0093503,-0.052792, 0.0252848,-0.0530724,sell
2012-09-26,0.67,3.05,0.25,0,0.85,0.75,0.12,0, 0.015404,-0.0087425,-0.032675,-0.0162821,-0.0406057,sell
2012-09-27,0.52,1.32,0.49,0,0.73,0.28,0.28,0,-0.055120,-0.0680235,-0.013803,-0.0674390,-0.0712777,sell
2012-09-28,0.38,0.53,0.83,0,0.64,0.15,0.25,0,-0.034596,-0.0401090,-0.038069,-0.0266668,-0.0412632,sell
2012-09-29,0.39,0.69,0.64,0,0.55,0.08,0.1,0,-0.031351,-0.0135060,-0.030940,-0.0098962,-0.0427303,sell
2012-09-30,0.53,0.56,0.29,0,0.47,0.04,0.21,0, 0.073995, 0.0767431, 0.075366, 0.0572544, 0.0780571,buy
2012-10-01,0.73,0.22,0.06,0,0.41,0,0.46,0,-0.011317,-0.0109342,-0.003394,-0.0385402,-0.0296438,sell
2012-10-02,0.7,0.24,0,0,0.55,0,1.17,0,-0.021742, 0.0373993, 0.007640, 0.0064288, 0.0076404,buy
2012-10-03,0.74,0.27,0,0,0.91,0.14,1.38,0, 0.052648, 0.0542938, 0.017434, 0.0080089, 0.0154027,buy
2012-10-04,1.1,0.3,0,0,1.24,0.35,0.89,0, 0.006316, 0.0279047, 0.053723, 0.0267140, 0.0220408,buy
2012-10-05,2.33,0.57,0,0,0.94,0.87,0.48,0, 0.078380, 0.0222723, 0.020237, 0.0048796,-0.0045287,buy
2012-10-06,2.63,1.13,0.16,0,1.02,0.94,0.16,0,-0.041669,-0.0517458, 0.012854, 0.0136520, 0.0131297,buy
2012-10-07,1.94,1.41,0.4,0,1.11,0.4,0.11,0, 0.026428, 0.0161714, 0.033044, 0.0447213, 0.0418086,buy
2012-10-08,2.33,1.86,1.01,0,0.84,0.16,0.17,0, 0.092763, 0.0736159, 0.095476, 0.0684757, 0.0446466,buy
2012-10-09,2.88,1.47,1.26,0,0.53,0,0.45,0, 0.079810, 0.0855524, 0.092821, 0.0895435, 0.0401531,buy
2012-10-10,2.14,0.97,0.87,0,0.34,0,0.67,0, 0.043131, 0.0154996, 0.015185, 0.0142344, 0.0307397,buy
2012-10-11,1.74,0.98,0.36,0,0.23,0,0.38,0, 0.018744, 0.0034972, 0.016086, 0.0128890,-0.0248691,buy
2012-10-12,1.43,1.51,0.16,0,0.19,0,0.24,0,-0.016977, 0.0204733, 0.010574, 0.0135568,-0.0092334,sell
2012-10-13,1.37,1.75,0.09,0,0.06,0,0.2,0, 0.027370, 0.0483600, 0.041227, 0.0480960, 0.0456287,buy
2012-10-14,1.5,1.48,0,0,0.12,0.15,0.23,0,-0.010968, 0.0235165, 0.016835, 0.0127104,-0.0062656,sell
2012-10-15,1.59,1.29,0.11,0,0.22,0.4,0.26,0,-0.058413,-0.0190063,-0.010437,-0.0104366,-0.0235319,sell
2012-10-16,1.33,1.15,0.35,0,0.42,1.04,0.28,0, 0.057079, 0.0378183, 0.038814, 0.0222356, 0.0500817,buy
2012-10-17,1.1,1.16,0.34,0,0.55,1.27,0.27,0, 0.003971,-0.0154194,-0.034461,-0.0312720, 0.0317736,sell
2012-10-18,1.01,1.23,0.1,0,0.47,0.58,0.24,0,-0.034136,-0.0332246,-0.037827,-0.0446300,-0.0456038,sell
2012-10-19,0.79,1.3,0,0,0.61,0.31,0.23,0,-0.025851,-0.0203452,-0.043475,-0.0308229,-0.0356997,sell
2012-10-20,0.71,1.37,0,0,0.79,0.25,0.22,0,-0.012698,-0.0160020,-0.054155,-0.0178832,-0.0222484,sell
2012-10-21,0.82,1.03,0,0,0.47,0.63,0.21,0,-0.056892,-0.0277230,-0.053063,-0.0440851,-0.0619123,sell
2012-10-22,1.27,0.79,0,0,0.17,0.55,0.22,0,-0.061462,-0.0450748,-0.034685,-0.0631050,-0.0317921,sell
2012-10-23,1.77,0.78,0.11,0,0.07,0.2,0.3,0,-0.007298,-0.0395688, 0.009918, 0.0025405,-0.0024808,buy
2012-10-24,1.32,0.66,0.24,0,0,0.07,0.46,0,-0.062489, 0.0166764,-0.065729,-0.0673282, 0.0142477,sell
2012-10-25,1.01,0.4,0.18,0,0,0,0.94,0,-0.054752, 0.0147970,-0.054242,-0.0701471,-0.0092240,sell
2012-10-26,1.11,0.22,0.22,0,0,0,1.1,0,-0.038577,-0.0115791,-0.061606,-0.0804800,-0.0514860,sell
2012-10-27,1.18,0.19,0.81,0,0,0.12,0.62,0,-0.016194, 0.0063126,-0.009990,-0.0115607,-0.0101942,sell
2012-10-28,1.1,0,1.78,0,0.13,0.21,0.44,0,-0.001337, 0.0085415, 0.035760, 0.0357600, 0.0070035,buy
2012-10-29,0.66,0,1.43,0,0.46,0.36,0.51,0, 0.077717, 0.0834562, 0.083456, 0.0788298, 0.0834562,buy
2012-10-30,0.39,0,0.51,0,1.11,0.62,0.65,0,-0.012372,-0.0301878, 0.000809, 0.0065344, 0.0198094,sell
2012-10-31,0.3,0.09,0.34,0,1.34,1.07,0.41,0, 0.061004, 0.0598791, 0.052220, 0.0610035, 0.0482820,buy
2012-11-01,0.33,0.25,0.74,0,0.97,1.27,0.18,0,-0.025915,-0.0482819,-0.013868,-0.0233069,-0.0077682,sell
2012-11-02,0.39,0.28,0.79,0,1,0.86,0.09,0, 0.002330,-0.0196881, 0.006794, 0.0023304,-0.0111338,sell
2012-11-03,0.46,0.12,0.64,0,0.96,0.49,0,0,-0.055055,-0.0510205,-0.034154,-0.0464591,-0.0577230,sell
2012-11-04,0.44,0,0.57,0,0.8,0.37,0,0, 0.024550, 0.0263919, 0.024638, 0.0297390, 0.0186743,buy
2012-11-05,0.52,0,0.62,0,0.66,0.45,0,0, 0.004711, 0.0313027, 0.010969, 0.0121790, 0.0068631,buy
2012-11-06,0.58,0,0.76,0,0.65,0.99,0,0,-0.041971,-0.0148826,-0.041968,-0.0471045,-0.0409167,sell
2012-11-07,0.7,0,0.67,0,0.77,0.94,0,0,-0.028858,-0.0172676,-0.030454,-0.0589815,-0.0310320,sell
2012-11-08,0.9,0.49,0.56,0,1.03,0.31,0,0,-0.012423,-0.0111764, 0.004692, 0.0040261,-0.0542642,sell
2012-11-09,1.02,1.39,0.59,0,1.07,0.1,0,0, 0.013948, 0.0127021, 0.027547, 0.0336224, 0.0325903,buy
2012-11-10,0.76,2.07,0.68,0,0.91,0.07,0,0, 0.066284, 0.0622495, 0.054005, 0.0662629, 0.0444961,buy
2012-11-11,0.62,1.46,0.63,0,1,0.37,0,0,-0.000948, 0.0138641,-0.010898, 0.0151680,-0.0521763,sell
2012-11-12,0.55,1.02,0.56,0,0.92,0.37,0,0, 0.012360, 0.0123596, 0.016572,-0.0296758,-0.0028285,buy
2012-11-13,0.54,0.97,0.6,0,0.46,0.36,0.12,0,-0.030548,-0.0300849,-0.052880, 0.0175489,-0.0300849,sell
2012-11-14,0.64,0.65,0.69,0,0.29,0.64,0.28,0,-0.054118,-0.0383490,-0.057821,-0.0290168,-0.0830933,sell
2012-11-15,0.81,0.22,0.83,0,0.21,0.51,0.51,0,-0.027105,-0.0287076,-0.021408,-0.0315259,-0.0759298,sell
2012-11-16,0.98,0,0.71,0,0.27,0.21,0.96,0,-0.055884,-0.0521251,-0.059503,-0.0231704,-0.0558842,sell
2012-11-17,0.8,0,0.53,0,0.65,0.16,1.44,0, 0.087960, 0.0960697, 0.086872, 0.0884551, 0.0185074,buy
2012-11-18,0.64,0.07,0.54,0,1.17,0.28,1.12,0, 0.038134, 0.0444021, 0.044402, 0.0331991, 0.0374849,buy
2012-11-19,0.65,0.24,0.6,0,0.83,0.68,0.67,0,-0.052403, 0.0029737,-0.023299,-0.0300484,-0.0146783,sell
2012-11-20,0.79,0.57,0.61,0,0.51,0.56,0.56,0,-0.067858,-0.0659873,-0.058538,-0.0488631,-0.0641762,sell
2012-11-21,1.39,0.58,0.46,0,0.46,0.24,0.62,0,-0.069670,-0.0563473,-0.068892,-0.0448392,-0.0584119,sell
2012-11-22,1.99,0.69,0.51,0,0.48,0.13,0.84,0, 0.020913, 0.0077349, 0.013925, 0.0225665,-0.0054362,buy
2012-11-23,1.61,0.62,0.61,0,0.45,0.06,1.4,0, 0.026588, 0.0253696, 0.029300, 0.0236482, 0.0562136,buy
2012-11-24,1.2,0.43,0.74,0,0.44,0.07,1.77,0, 0.026354, 0.0266572,-0.001558, 0.0276973,-0.0136802,sell
2012-11-25,1.36,0.41,0.89,0,0.47,0.07,1.48,0, 0.027114, 0.0360631, 0.043800, 0.0351907, 0.0353971,buy
2012-11-26,1.66,0.56,0.71,0,0.62,0.15,0.95,0, 0.051017, 0.0511448, 0.058918, 0.0253977, 0.0468301,buy
2012-11-27,1.01,0.49,0.33,0,1.1,0.23,0.79,0, 0.055836, 0.0475477, 0.048395, 0.0613249,-0.0472789,buy
2012-11-28,0.52,0.3,0.2,0,1.29,0.38,0.86,0, 0.067029, 0.0463222, 0.046322, 0.0811625, 0.0793474,buy
2012-11-29,0.3,0.36,0.34,0,1.05,0.71,0.62,0, 0.014946,-0.0500275,-0.069089, 0.0142553, 0.0212884,sell
2012-11-30,0.2,0.59,0.66,0,0.81,1.07,0.26,0, 0.017848,-0.0573044,-0.056858,-0.0469354, 0.0232232,sell
2012-12-01,0.18,0.69,1.03,0,0.4,0.83,0.19,0, 0.025054, 0.0250535, 0.014004, 0.0250535, 0.0251563,buy
2012-12-02,0.17,0.53,0.66,0,0.16,0.55,0.15,0,-0.022161,-0.0120230, 0.055675,-0.0237550,-0.0411456,sell
2012-12-03,0.16,0.53,0.23,0,0.1,0.61,0.16,0,-0.060146,-0.0268358,-0.051284,-0.0608852,-0.0664409,sell
2012-12-04,0.14,0.41,0.08,0,0.05,0.89,0.17,0,-0.040488, 0.0376903,-0.060077,-0.0404881,-0.0404881,sell
2012-12-05,0.13,0.15,0.08,0,0.04,1.37,0.18,0, 0.056199, 0.0561517, 0.024954, 0.0762939, 0.0549480,buy
2012-12-06,0.12,0.25,0.24,0,0,1.72,0.19,0, 0.051618, 0.0577144, 0.060091, 0.0493475, 0.0603871,buy
2012-12-07,0.11,0.7,0.19,0,0,1.95,0.2,0, 0.056232, 0.0593951, 0.058146, 0.0599998, 0.0639315,buy
2012-12-08,0.11,0.61,0.3,0,0,1.45,0.22,0, 0.010196, 0.0163364, 0.015189, 0.0134086, 0.0248481,buy
2012-12-09,0.1,0.2,0.63,0,0,1.06,0.23,0,-0.036953, 0.0399417, 0.062401, 0.0482250, 0.0499416,buy
2012-12-10,0.09,0,0.69,0,0,1.24,0.24,0, 0.024904, 0.0957805, 0.084758, 0.0910058, 0.0794416,buy
2012-12-11,0.09,0,0.33,0,0,1.43,0.26,0, 0.080574, 0.0763410, 0.076648, 0.0625492, 0.0107638,buy
2012-12-12,0.19,0,0.15,0,0,1.31,0.28,0,-0.030673,-0.0306734,-0.030673,-0.0304579,-0.0472050,sell
2012-12-13,0.45,0,0.55,0,0.1,1.93,0.29,0, 0.020089,-0.0299102, 0.024037, 0.0055398, 0.0264356,buy
2012-12-14,0.76,0,0.78,0,0.34,2.24,0.31,0, 0.009277, 0.0307251, 0.030562, 0.0841266, 0.0259485,buy
2012-12-15,0.43,0,0.66,0,1.02,1.62,0.44,0, 0.007587,-0.0291726, 0.006081, 0.0120345, 0.0124180,buy
2012-12-16,0.16,0.11,0.6,0,1.85,0.95,0.56,0, 0.031549, 0.0289363, 0.038774, 0.0137952, 0.0153353,buy
2012-12-17,0.14,0.24,0.71,0,1.7,0.68,0.83,0, 0.030180, 0.0309878, 0.030908, 0.0089141, 0.0146939,buy
2012-12-18,0.3,0.42,0.83,0,0.66,0.44,1.21,0,-0.009193,-0.0016970, 0.007227, 0.0072274, 0.0033988,buy
2012-12-19,0.74,0.32,1.11,0,0.16,0.47,1.28,0,-0.008028, 0.0061598, 0.009776, 0.0049982, 0.0090222,buy
2012-12-20,0.68,0.14,1.48,0,0.12,0.51,1.18,0, 0.015723,-0.0159963, 0.007206, 0.0059951, 0.0067251,buy
2012-12-21,0.26,0,1.68,0,0.35,0.55,1.65,0,-0.059342,-0.0852055,-0.054047,-0.0537160,-0.0604829,sell
2012-12-22,0.07,0.07,1.56,0,1,0.6,1.92,0,-0.011801,-0.0048448,-0.003063,-0.0683195,-0.0128632,sell
2012-12-23,0,0.17,1.33,0,1.57,0.64,1.23,0, 0.003094, 0.0070625, 0.003094,-0.0278291,-0.0007449,buy
2012-12-24,0,0.28,1.08,0,0.96,0.63,0.91,0,-0.058424,-0.0630447,-0.042482,-0.0570465,-0.0496366,sell
2012-12-25,0,0.19,0.92,0,0.83,0.71,0.9,0,-0.031294,-0.0004331,-0.041111,-0.0314203,-0.0263041,sell
2012-12-26,0,0.08,0.77,0,1.3,0.98,1.13,0, 0.011139, 0.0062076, 0.011428, 0.0283471, 0.0121606,buy
2012-12-27,0,0,0.76,0,1.91,1.9,1.36,0, 0.083598, 0.0219154, 0.053355, 0.0496907, 0.0474839,buy
2012-12-28,0,0,0.82,0,1.11,1.8,1.22,0, 0.013726,-0.0284419,-0.008736, 0.0037951, 0.0184636,sell
2012-12-29,0,0,0.84,0,0.52,1.61,1.41,0,-0.019627,-0.0711990,-0.023868,-0.0236508,-0.0056541,sell
2012-12-30,0,0,0.61,0,0.28,1.34,2.22,0,-0.032272,-0.0252815,-0.030632,-0.0241489,-0.0354130,sell
2012-12-31,0,0,0.5,0,0.26,0.73,2.91,0, 0.033452, 0.0277865, 0.035092, 0.0277865, 0.0384425,buy
2013-01-01,0.06,0,0.49,0,0.41,0.48,2.98,0, 0.031599, 0.0315991, 0.045151, 0.0315991, 0.0437631,buy
2013-01-02,0.12,0,0.52,0,0.83,0.45,1.66,0, 0.009280, 0.0246068,-0.002245, 0.0246068, 0.0092799,buy
2013-01-03,0.27,0.16,0.21,0,1.3,0.88,1.12,0, 0.026755,-0.0378745,-0.004163, 0.0299595,-0.0110396,sell
2013-01-04,0.42,0.38,0.3,0,1.06,2.09,1.27,0, 0.013142, 0.0019474,-0.001473, 0.0198367,-0.0038055,sell
2013-01-05,0.31,0.42,0.36,0,0.56,3.54,1.21,0,-0.017343,-0.0460645,-0.022827,-0.0317149,-0.0519219,sell
2013-01-06,0.19,0.19,0.21,0,0.56,3.18,1.65,0,-0.052103,-0.0780720,-0.082758,-0.0729046,-0.0911445,sell
2013-01-07,0.17,0.08,0.24,0,0.48,1.53,1.69,0, 0.059426,-0.0081664, 0.051521, 0.0479702, 0.0532503,buy
2013-01-08,0.26,0,0.16,0,0.28,0.66,1.11,0,-0.054072,-0.0335495,-0.018551,-0.0554820,-0.0203920,sell
2013-01-09,0.28,0,0,0,0.14,0.9,1.49,0,-0.028581,-0.0404340,-0.061324,-0.0402734,-0.0329118,sell
2013-01-10,0.13,0.16,0.16,0,0.07,2.15,1.97,0,-0.025435,-0.0283488,-0.020573,-0.0285941,-0.0157126,sell
2013-01-11,0.06,0.42,0.36,0,0.04,2.53,1.39,0, 0.044690,-0.0052205,-0.038029, 0.0067740,-0.0349591,sell
2013-01-12,0.03,0.41,0.34,0,0,1.23,1.62,0,-0.005750,-0.0176598,-0.013328,-0.0084745,-0.0010028,sell
2013-01-13,0,0.47,0.58,0,0,1.06,1.88,0, 0.044010, 0.0205041, 0.033761, 0.0344559, 0.0445857,buy
2013-01-14,0,0.62,0.7,0,0,1.56,2.27,0, 0.052229, 0.0481057, 0.058797, 0.0593940, 0.0671773,buy
2013-01-15,0,0.56,0.35,0,0,1.35,2.03,0, 0.035363, 0.0168586, 0.025911, 0.0386410, 0.0143369,buy
2013-01-16,0,0.42,0.23,0,0,0.72,1.32,0,-0.017657,-0.0058948,-0.011653,-0.0302378,-0.0427714,sell
2013-01-17,0.04,0.17,0.24,0,0,0.37,1.65,0,-0.007270,-0.0090553, 0.022941,-0.0093355,-0.0072700,sell
2013-01-18,0.08,0,0.1,0,0.29,0.33,1.28,0, 0.004275, 0.0044316, 0.009287,-0.0073107, 0.0044316,buy
2013-01-19,0.18,0,0,0,1.02,0.56,0.77,0, 0.019426,-0.0579929,-0.042154, 0.0177345, 0.0180917,sell
2013-01-20,0.4,0,0,0,1.89,1.16,0.68,0,-0.023728,-0.0487600,-0.003964,-0.0352009,-0.0002387,sell
2013-01-21,0.48,0.19,0,0,1.68,1.59,0.85,0, 0.090455, 0.0466749, 0.095845, 0.1030070, 0.1030070,buy
2013-01-22,0.54,0.42,0,0,1.18,1.98,1.31,0, 0.061887,-0.0077411,-0.004196, 0.0420657,-0.0042008,sell
2013-01-23,0.61,0.34,0.08,0,1.02,1.26,1.08,0,-0.006224,-0.0519999,-0.026387, 0.0104775,-0.0268053,sell
2013-01-24,0.5,0.64,0.26,0,0.83,0.72,1.28,0, 0.012680, 0.0036399, 0.003843, 0.0165575, 0.0036399,buy
2013-01-25,0.62,0.84,0.35,0,0.75,0.62,1.53,0,-0.002145,-0.0140431, 0.009923, 0.0122143,-0.0140431,sell
2013-01-26,0.52,0.71,0.14,0,0.66,1.4,1.76,0, 0.061545, 0.0615446, 0.061545,-0.0135200, 0.0615446,buy
2013-01-27,0.26,0.42,0,0,0.72,1.46,1.48,0, 0.044234,-0.0324596, 0.020168, 0.0468708, 0.0217415,buy
2013-01-28,0.23,0.43,0,0,0.48,0.61,0.9,0, 0.025798, 0.0368584,-0.015170, 0.0368584, 0.0349952,buy
2013-01-29,0.42,0.45,0,0,0.57,0.38,0.68,0,-0.010885,-0.0381243,-0.019132,-0.0246150,-0.0248949,sell
2013-01-30,0.61,0.3,0,0,0.53,0.6,0.62,0,-0.061612,-0.0461044,-0.044504,-0.0474316,-0.0650000,sell
2013-01-31,0.39,0.21,0,0,0.21,0.8,0.64,0, 0.002943, 0.0100944,-0.001052, 0.0114478, 0.0075011,buy
2013-02-01,0.09,0.23,0,0,0.24,0.38,0.65,0, 0.036766, 0.0360200, 0.035412, 0.0130515, 0.0418606,buy
2013-02-02,0,0.25,0,0,0.5,0.6,0.66,0,-0.007999,-0.0088701,-0.003091, 0.0022697, 0.0066875,sell
2013-02-03,0,0.27,0,0,1.18,0.64,0.67,0, 0.076310, 0.0041846, 0.024965, 0.0474947, 0.0143211,buy
2013-02-04,0.03,0.45,0,0,1.02,0.14,0.77,0, 0.027546, 0.0241189, 0.012789, 0.0202998, 0.0057032,buy
2013-02-05,0.15,0.75,0,0,0.39,0,0.96,0,-0.021874,-0.0405081,-0.039660,-0.0354676,-0.0308117,sell
2013-02-06,0.43,0.73,0,0,0.32,0.08,1.39,0, 0.042656, 0.0332274, 0.028502, 0.0427893, 0.0358492,buy
2013-02-07,0.7,0.51,0,0,0.61,0.2,1.26,0, 0.021417,-0.0109456, 0.010686, 0.0203023, 0.0223770,buy
2013-02-08,0.65,0.42,0,0,1.5,0.46,0.9,0,-0.054898,-0.0561450,-0.044986,-0.0753991,-0.0753268,sell
2013-02-09,0.45,0.46,0,0,1.84,0.8,0.78,0, 0.000286,-0.0161442,-0.000556, 0.0104816, 0.0009454,sell
2013-02-10,0.49,0.5,0,0,1.32,0.56,0.82,0, 0.050729, 0.0451401, 0.047503, 0.0657850, 0.0805217,buy
2013-02-11,0.61,0.54,0,0,0.71,0.32,1.16,0, 0.062928, 0.0466373, 0.062118, 0.0533974, 0.0599458,buy
2013-02-12,1.25,0.6,0,0,0.29,0.3,1.37,0, 0.013958, 0.0055733, 0.006028, 0.0027377,-0.0133022,sell
2013-02-13,1.07,0.65,0,0,0.16,0.47,1.13,0, 0.067672, 0.0438465, 0.045960, 0.0530913, 0.0518067,buy
2013-02-14,0.66,0.7,0,0,0.05,0.63,1.14,0, 0.017582,-0.0054825, 0.007030, 0.0306156, 0.0139448,buy
2013-02-15,0.85,0.69,0,0,0.05,0.35,1.31,0, 0.045812,-0.0427546,-0.007224, 0.0643562,-0.0489708,sell
2013-02-16,1.26,0.63,0,0,0.05,0.21,1.22,0, 0.060869, 0.0504210, 0.058812, 0.0542046, 0.0577724,buy
2013-02-17,1.21,0.58,0,0,0.04,0.26,0.99,0, 0.056738, 0.0522909, 0.067671, 0.0463343, 0.0569143,buy
2013-02-18,0.99,0.53,0,0,0.03,0.6,0.88,0, 0.030955, 0.0329366, 0.032937, 0.0184518, 0.0440522,buy
2013-02-19,0.64,0.48,0,0,0.02,0.79,0.82,0,-0.069275,-0.0171514,-0.035007,-0.0290682,-0.0526959,sell
2013-02-20,0.48,0.44,0,0,0,0.43,0.75,0, 0.032845,-0.0233587, 0.005580,-0.0423065,-0.0043359,sell
2013-02-21,0.4,0.4,0,0,0,0.36,0.76,0,-0.048774,-0.0537855,-0.042917,-0.0537855,-0.0537855,sell
2013-02-22,0.45,0.37,0,0,0.09,0.63,0.76,0, 0.027080, 0.0310478, 0.079540,-0.0457248, 0.0298875,buy
2013-02-23,0.46,0.33,0,0,0.21,0.55,0.76,0,-0.050610,-0.0330606,-0.034587,-0.0391081,-0.0411145,sell
2013-02-24,0.55,0.31,0,0,0.49,0.19,0.76,0,-0.052236,-0.0086899,-0.014134,-0.0142503,-0.0146736,sell
2013-02-25,0.61,0.28,0,0,0.59,0.06,0.76,0,-0.047643, 0.0404340,-0.007122,-0.0050196,-0.0150875,sell
2013-02-26,0.79,0.25,0,0,0.3,0,0.83,0, 0.009129, 0.0009127,-0.021756,-0.0125799,-0.0172874,sell
2013-02-27,1.23,0.23,0,0,0.13,0,0.91,0, 0.008848, 0.0456603,-0.035408,-0.0792561,-0.0130437,sell
2013-02-28,1.56,0.21,0,0,0.06,0,1.1,0, 0.039095, 0.0466926, 0.027327,-0.0297282,-0.0092967,buy
2013-03-01,1.67,0.19,0,0,0.09,0,1.32,0,-0.026166, 0.0073168,-0.002114,-0.0472032,-0.0601282,sell
2013-03-02,1.34,0.17,0,0,0.26,0,1.16,0,-0.020956, 0.0230414,-0.038118,-0.0022625,-0.0058237,sell
2013-03-03,0.64,0.16,0,0,0.59,0,0.94,0,-0.029864, 0.0310935, 0.014052, 0.0093090, 0.0161392,buy
2013-03-04,0.55,0.14,0,0,0.46,0,0.97,0, 0.000908, 0.0007736,-0.000991, 0.0129845, 0.0000807,buy
2013-03-05,0.81,0.5,0,0,0.16,0,1.11,0,-0.036968, 0.0358661,-0.026381,-0.0439182, 0.0709669,sell
2013-03-06,1.94,0.88,0,0,0.05,0,1.69,0,-0.003247,-0.0053548,-0.007559,-0.0102219,-0.0060757,sell
2013-03-07,2.5,1.12,0,0,0,0,1.94,0,-0.011288,-0.0028299,-0.003597,-0.0071532,-0.0109826,sell
2013-03-08,1.49,0.78,0,0,0.07,0,1.34,0, 0.020278, 0.0105620, 0.008461, 0.0052346, 0.0091799,buy
2013-03-09,1.2,0.38,0,0,0.16,0,0.98,0, 0.038173, 0.0512951, 0.014816, 0.0347460, 0.0450839,buy
2013-03-10,1.23,0,0,0,0.34,0,0.8,0,-0.025121, 0.0253443, 0.011182, 0.0025160, 0.0023571,buy
2013-03-11,0.84,0,0,0,0.59,0,0.71,0,-0.025838,-0.0025717,-0.003306,-0.0045743,-0.0415332,sell
2013-03-12,0.77,0,0,0,0.55,0,0.67,0,-0.021011, 0.0073959, 0.011649, 0.0023045,-0.0263349,sell
2013-03-13,1.24,0,0.18,0,0.48,0,0.65,0, 0.039742, 0.0692968, 0.053612, 0.0502113, 0.0404362,buy
2013-03-14,1.16,0.29,0.21,0,0.5,0,0.6,0,-0.030645, 0.0236647,-0.013666, 0.0320008, 0.0144347,sell
2013-03-15,0.66,0.91,0.33,0,0.73,0,0.57,0, 0.013332,-0.0149184,-0.011887,-0.0127681,-0.0126596,sell
2013-03-16,0.53,1.46,0.39,0,1.24,0,0.54,0,-0.046342,-0.0482131,-0.016707,-0.0296850,-0.0589411,sell
2013-03-17,0.5,1.8,0.45,0,1.29,0,0.51,0,-0.085941,-0.0814067,-0.042494,-0.0791392,-0.0973911,sell
2013-03-18,0.55,2.19,0.51,0,0.72,0,0.49,0,-0.025454,-0.0081254,-0.002359,-0.0376693,-0.0159880,sell
2013-03-19,0.61,1.35,0.6,0,0.42,0,0.46,0,-0.060780,-0.0636466,-0.063647,-0.0617275,-0.0109940,sell
2013-03-20,0.66,0.5,0.7,0,0.28,0,0.43,0,-0.018136,-0.0178722,-0.028199,-0.0095361,-0.0107388,sell
2013-03-21,0.7,0,0.82,0,0.37,0,0.45,0, 0.063874, 0.0648282, 0.044255, 0.0630826, 0.0569729,buy
2013-03-22,0.66,0.16,0.97,0,0.67,0,0.45,0, 0.039654, 0.0396542, 0.033017, 0.0316892, 0.0380631,buy
2013-03-23,0.6,0.56,1.39,0,1.45,0,0.47,0, 0.037712,-0.0269312, 0.029519, 0.0204747,-0.0085035,buy
2013-03-24,0.66,1.29,1.7,0,2.65,0,0.53,0, 0.042923, 0.0312735, 0.007838, 0.0325718, 0.0532267,buy
2013-03-25,0.69,1.48,2.05,0,2.94,0,0.68,0, 0.020164, 0.0365886, 0.015314, 0.0186741, 0.0343183,buy
2013-03-26,0.83,0.72,1.87,0,2.01,0,0.78,0,-0.009930,-0.0127996,-0.054836,-0.0049637, 0.0116762,sell
2013-03-27,1.19,0.15,1.44,0,1.13,0,0.74,0, 0.032469,-0.0334186, 0.016866, 0.0201293,-0.0272785,sell
2013-03-28,1.47,0,1.54,0,0.57,0,0.8,0, 0.109360, 0.1017059, 0.101706, 0.0830724, 0.0410807,buy
2013-03-29,1.03,0,2.02,0,0.57,0,1.05,0, 0.003109,-0.0064088,-0.008129, 0.0086626,-0.0113880,sell
2013-03-30,0.59,0,2.84,0,0.91,0,1.11,0, 0.014709, 0.0000392,-0.007629, 0.0212889,-0.0050719,sell
2013-03-31,0.39,0,2.1,0,1.32,0,1.12,0,-0.015186,-0.0072216, 0.010328,-0.0316135,-0.0053525,sell
2013-04-01,0.24,0,1.06,0,0.99,0,0.96,0,-0.001136, 0.0570701, 0.011946, 0.0030113, 0.0421924,buy
2013-04-02,0.22,0,0.69,0,0.5,0.16,0.55,0,-0.092955,-0.0106444,-0.083691,-0.0691225,-0.0596014,sell
2013-04-03,0.35,0,0.75,0,0.28,0.32,0.32,0,-0.006163,-0.0266630,-0.007042,-0.0626258,-0.0373896,sell
2013-04-04,0.62,0,1.2,0,0.22,0.84,0.2,0,-0.001357, 0.0003487, 0.016024, 0.0052328, 0.0052328,buy
2013-04-05,0.99,0,1.82,0,0.18,1.84,0.16,0,-0.002090, 0.0208683, 0.017400, 0.0041378, 0.0247293,buy
2013-04-06,0.64,0,1.9,0,0.17,3.43,0.12,0,-0.021634,-0.0305887,-0.038743,-0.0131967,-0.0397207,sell
2013-04-07,0.28,0,1.57,0,0.13,2.89,0.11,0,-0.030930,-0.0180061,-0.030930,-0.0158440,-0.0215141,sell
2013-04-08,0.11,0.23,1.21,0,0.13,2.33,0.14,0, 0.034764, 0.0271789, 0.034764, 0.0451625, 0.0554049,buy
2013-04-09,0.1,0.8,0.86,0,0.13,2.03,0.22,0,-0.002720,-0.0381941,-0.019630,-0.0244267,-0.0019415,sell
2013-04-10,0.09,1.09,0.69,0,0.12,1.04,0.33,0, 0.029450, 0.0342172, 0.038982, 0.0135549, 0.0347106,buy
2013-04-11,0.08,0.42,0.6,0,0.1,0.67,0.43,0,-0.019794,-0.0152145, 0.059936,-0.0068708,-0.0084392,buy
2013-04-12,0.07,0,0.58,0,0.09,1.09,0.36,0,-0.020646,-0.0029585, 0.004204,-0.0022975, 0.0037939,sell
2013-04-13,0.06,0,0.59,0,0.08,1.16,0.33,0,-0.010430, 0.0077790, 0.007779, 0.0077790, 0.0089078,buy
2013-04-14,0.06,0.16,0.54,0,0.07,1.12,0.36,0,-0.035954,-0.0359543,-0.014523,-0.0309849,-0.0255014,sell
2013-04-15,0.05,0.65,0.48,0,0.27,1.28,0.53,0,-0.017324, 0.0193760, 0.007417,-0.0148345, 0.0083434,buy
2013-04-16,0,0.83,0.44,0,0.88,1.77,0.83,0,-0.006155, 0.0472680,-0.070340, 0.0766611,-0.0563502,sell
2013-04-17,0,0.25,0.39,0,1.22,1.76,1.13,0, 0.081089,-0.0179430, 0.078454, 0.1020430, 0.0824096,buy
2013-04-18,0,0,0.6,0,0.43,1.09,1.93,0, 0.001294,-0.0050350,-0.005885,-0.0002786, 0.0210982,sell
2013-04-19,0,0,1.25,0,0.12,1.02,2.05,0,-0.038107, 0.0218557, 0.008438, 0.0203388, 0.0077478,buy
2013-04-20,0,0,1.02,0,0.18,1.09,0.91,0, 0.005574, 0.0044747, 0.043293, 0.0434552, 0.0370296,buy
2013-04-21,0,0,0.4,0,0.68,0.82,0.51,0,-0.004008,-0.0328221, 0.034154,-0.0316785,-0.0479138,sell
2013-04-22,0.09,0,0.36,0,1,0.46,0.59,0,-0.026919, 0.0030225,-0.062203,-0.0219880,-0.0010767,sell
2013-04-23,0.26,0,0.51,0,0.73,0.27,1.38,0, 0.004579, 0.0068172, 0.004218, 0.0030524, 0.0035322,buy
2013-04-24,0.55,0,1.1,0,0.29,0.36,2.65,0, 0.019497, 0.0085111, 0.019497, 0.0158287, 0.0158287,buy
2013-04-25,0.38,0,1.12,0,0.1,1.07,3,0, 0.034119, 0.0528869, 0.038115, 0.0380538, 0.0380538,buy
2013-04-26,0.13,0,0.62,0,0.05,1.74,2.63,0, 0.057016, 0.0754728, 0.075720, 0.0754728, 0.0732706,buy
2013-04-27,0.04,0,0.56,0,0.2,0.72,2.27,0, 0.037147, 0.0371466, 0.037147, 0.0371466, 0.0371466,buy
2013-04-28,0.05,0,0.67,0,0.47,0.38,1.37,0, 0.043972, 0.0437338, 0.043734, 0.0331447, 0.0420549,buy
2013-04-29,0.12,0,0.7,0,0.75,0.52,0.75,0,-0.061768, 0.0194750,-0.045116,-0.0473233,-0.0473233,sell
2013-04-30,0.28,0,0.72,0,0.82,0.9,0.62,0,-0.004350, 0.0054556, 0.018603, 0.0155596, 0.0186034,buy
2013-05-01,0.7,0,0.58,0,0.58,0.49,0.72,0,-0.016258,-0.0176377, 0.007017,-0.0081897, 0.0013020,sell
2013-05-02,0.63,0,0.46,0,0.42,0.5,1.31,0,-0.051529,-0.0165439,-0.007296,-0.0359775,-0.0230905,sell
2013-05-03,0.45,0,0.37,0,0.49,0.66,2.36,0, 0.013687, 0.0124105, 0.012411, 0.0124105, 0.0136871,buy
2013-05-04,0.51,0,0.29,0,0.59,0.58,2.26,0, 0.014730, 0.0147300, 0.016173, 0.0147300, 0.0147300,buy
2013-05-05,0.75,0.24,0.23,0,0.61,1.18,1.02,0,-0.036510,-0.0471897, 0.011723,-0.0161766,-0.0109738,sell
2013-05-06,0.99,0.55,0.18,0,0.9,1.29,1.03,0,-0.026813,-0.0383941, 0.029018, 0.0359649, 0.0300106,buy
2013-05-07,0.98,0.42,0.14,0,0.72,0.56,1.74,0,-0.004649,-0.0075804,-0.008504,-0.0118278,-0.0084042,sell
2013-05-08,0.46,0.14,0,0,0.35,0.27,1.59,0,-0.035988,-0.0119023,-0.008049, 0.0032857,-0.0369809,sell
2013-05-09,0.27,0,0,0,0.41,0.15,0.61,0, 0.004448, 0.0150018,-0.024294,-0.0103754, 0.0069250,sell
2013-05-10,0.22,0,0,0,0.61,0.25,0.27,0,-0.017976, 0.0173427, 0.035170, 0.0084912,-0.0211026,sell
2013-05-11,0.23,0,0,0,0.52,0.61,0.16,0,-0.078923, 0.0000062,-0.067027,-0.0789227,-0.0215284,sell
2013-05-12,0.25,0,0,0,0.17,0.73,0.06,0,-0.014459,-0.0359481,-0.054512, 0.0210469,-0.0144595,sell
2013-05-13,0.27,0.58,0.21,0,0.11,1.13,0,0,-0.072192, 0.0100197,-0.072192,-0.0701838,-0.0583786,sell
2013-05-14,0.29,0.83,0.65,0,0.13,1.28,0,0,-0.020614, 0.0101631,-0.000983,-0.0236640, 0.0102104,sell
2013-05-15,0.32,0.7,0.96,0,0.25,1.09,0,0, 0.058873, 0.0494613, 0.060050, 0.0541608, 0.0564698,buy
2013-05-16,0.39,1,0.42,0,0.35,1.08,0.11,0, 0.020905, 0.0195206, 0.005908, 0.0209047, 0.0002299,buy
2013-05-17,0.41,1.19,0.19,0,0.32,0.76,0.32,0,-0.010041,-0.0221937,-0.000179, 0.0090840,-0.0299669,sell
2013-05-18,0.45,1.05,1.4,0,0.36,0.34,0.69,0, 0.011715,-0.0041498, 0.009779,-0.0033621,-0.0053450,sell
2013-05-19,0.48,1.14,1.31,0,0.49,0.24,0.58,0, 0.030240, 0.0224484, 0.036552, 0.0369734, 0.0293625,buy
2013-05-20,0.51,1.12,0.47,0,0.57,0.23,0.67,0, 0.012652,-0.0033711,-0.000345,-0.0177750,-0.0069551,sell
2013-05-21,0.55,0.92,0.76,0,0.39,0.28,0.75,0,-0.042569,-0.0425691,-0.044096,-0.0472676,-0.0300277,sell
2013-05-22,0.58,0.71,1.05,0,0.36,0.53,0.16,0, 0.037938, 0.0341396, 0.037938, 0.0321188, 0.0370095,buy
2013-05-23,0.62,0.69,1.25,0,0.61,0.72,0,0, 0.016767, 0.0095649, 0.016419, 0.0151932, 0.0145621,buy
2013-05-24,0.66,0.69,0.48,0,0.77,0.75,0,0, 0.016865,-0.0068691, 0.062868, 0.0065046,-0.0006729,buy
2013-05-25,0.71,1.91,0.28,0,0.37,0.91,0,0,-0.063500,-0.0663877,-0.075046,-0.0211967,-0.0875014,sell
2013-05-26,0.76,3.02,0.7,0,0.13,1.09,0,0,-0.045752,-0.0321600,-0.030111,-0.0321600,-0.0740166,sell
2013-05-27,0.79,1.82,0.95,0,0.04,0.88,0,0,-0.051413,-0.0514130,-0.025632,-0.0587733,-0.0590807,sell
2013-05-28,0.85,0.48,0.51,0,0,0.65,0,0, 0.045478, 0.0334065, 0.035495,-0.0090881, 0.0428298,buy
2013-05-29,0.9,0,0.21,0,0,0.5,0.05,0,-0.028707,-0.0301610,-0.058748,-0.0326374,-0.0306263,sell
2013-05-30,0.94,0.29,0.14,0,0,0.38,0.12,0, 0.002573, 0.0285170,-0.001023, 0.0260549, 0.0101986,buy
2013-05-31,1,0.83,0.34,0,0,0.22,0.28,0,-0.047123,-0.0083976,-0.050107,-0.0552153,-0.0479151,sell
2013-06-01,1.17,0.67,0.48,0,0,0.17,0.63,0, 0.047482, 0.0330615, 0.050258, 0.0306736, 0.0484285,buy
2013-06-02,1.82,0.47,0.28,0,0.02,0.13,0.69,0,-0.010694,-0.0430508, 0.017321, 0.0339891,-0.0211750,sell
2013-06-03,3.53,0.83,0.24,0,0.03,0.1,0.33,0,-0.008565,-0.0042229,-0.000592,-0.0009655,-0.0019634,sell
2013-06-04,3.4,0.46,0.32,0,0.05,0.08,0.14,0,-0.057695,-0.0564218,-0.044440,-0.0106661,-0.0181391,sell
2013-06-05,2.34,0.15,0.93,0,0.07,0.06,0.06,0,-0.013484,-0.0037025, 0.023000, 0.0037230, 0.0011137,buy
2013-06-06,2.72,0,1.06,0,0.12,0.05,0,0,-0.009139, 0.0033800, 0.028120, 0.0025430,-0.0023783,buy
2013-06-07,3.93,0,1.07,0,0.19,0.04,0,0,-0.021539,-0.0300340,-0.028265,-0.0379168,-0.0433564,sell
2013-06-08,3.16,0,0.95,0,0.24,0.03,0,0,-0.019294,-0.0109919, 0.005289,-0.0246382,-0.0274607,sell
2013-06-09,2.62,0.38,0.57,0,0.19,0.04,0,0,-0.032915,-0.0150269,-0.015613,-0.0110103,-0.0218377,sell
2013-06-10,2.8,0.94,0.29,0,0.12,0.05,0,0,-0.022458,-0.0220027,-0.015750,-0.0399315,-0.0254371,sell
2013-06-11,2.93,1.11,0,0,0.07,0.06,0,0,-0.043084,-0.0435421,-0.008742,-0.0580674,-0.0418585,sell
2013-06-12,2.6,0.53,0.09,0,0.05,0.08,0,0,-0.060079,-0.0484219,-0.027574,-0.0179585,-0.0253764,sell
2013-06-13,2.53,0.22,0.17,0,0.03,0.1,0.08,0,-0.014838,-0.0053551,-0.008681, 0.0090397, 0.0056341,sell
2013-06-14,3,0,0.33,0,0.05,0.13,0.14,0,-0.033124,-0.0150499,-0.015050, 0.0064714, 0.0074658,sell
2013-06-15,2.76,0.4,0.48,0,0.05,0.16,0.25,0,-0.028399,-0.0176717,-0.012704, 0.0158771,-0.0082609,sell
2013-06-16,2.05,0.93,0.36,0,0.08,0.21,0.46,0, 0.014367,-0.0143725, 0.002609, 0.0102739,-0.0065460,sell
2013-06-17,1.64,1.61,0.19,0,0.13,0.27,0.69,0,-0.024935, 0.0185659, 0.002216,-0.0150418,-0.0068571,sell
2013-06-18,1.52,2.38,0.28,0,0.21,0.34,0.57,0,-0.046905, 0.0024862,-0.020819, 0.0111740, 0.0049176,sell
2013-06-19,1.5,2.95,0.35,0,0.33,0.43,0.31,0,-0.085742,-0.0859759,-0.088743,-0.0777394,-0.0796393,sell
2013-06-20,1.5,2.86,0.68,0,0.36,0.48,0.17,0,-0.077777,-0.0864972,-0.097641,-0.0989352,-0.0851526,sell
2013-06-21,1.5,1.93,0.71,0,0.24,0.42,0.09,0,-0.023643,-0.0223880,-0.028287,-0.0158367, 0.0125277,sell
2013-06-22,1.49,1,0.38,0,0.15,0.33,0.05,0,-0.023590,-0.0211653,-0.025240,-0.0555166,-0.0238044,sell
2013-06-23,1.76,0.84,0.2,0,0.09,0.26,0,0,-0.056850,-0.0671803,-0.054809,-0.0556082,-0.0627276,sell
2013-06-24,2.11,0.73,0,0,0.06,0.21,0,0,-0.049502,-0.0400085,-0.007039,-0.0151113,-0.0266390,sell
2013-06-25,2.99,1.07,0.11,0,0.1,0.16,0,0,-0.051182,-0.0474068,-0.012808,-0.0512320,-0.0341383,sell
2013-06-26,4,1.5,0.11,0,0.13,0.13,0,0,-0.037852,-0.0220377,-0.003729,-0.0304176,-0.0068331,sell
2013-06-27,3.29,1.53,0.12,0,0.32,0.1,0,0,-0.041800,-0.0294273,-0.000266,-0.0267024,-0.0041322,sell
2013-06-28,2.29,1.55,0.13,0,0.36,0.08,0,0,-0.021942,-0.0304656, 0.036576,-0.0017022, 0.0058226,buy
2013-06-29,1.87,1.18,0.13,0,0.16,0.07,0,0,-0.012281, 0.0041374, 0.000593,-0.0027614,-0.0644444,sell
2013-06-30,1.57,0.68,0.52,0,0.07,0.05,0,0,-0.046471,-0.0286680,-0.036618,-0.0477223,-0.0265810,sell
2013-07-01,1.59,0.55,1.29,0,0.03,0.04,0,0, 0.047195, 0.0492126, 0.047195, 0.0492126, 0.0512661,buy
2013-07-02,1.75,0.39,1.35,0,0,0.03,0,0, 0.055433, 0.0548495, 0.054877, 0.0521210, 0.0473690,buy
2013-07-03,1.99,0.59,0.57,0,0,0,0,0,-0.011619, 0.0119624, 0.003474,-0.0011531,-0.0014972,buy
2013-07-04,2.62,0.93,0.31,0,0,0,0,0,-0.033073,-0.0187339,-0.012819,-0.0399315,-0.0336971,sell
2013-07-05,3.5,1.4,0.6,0,0,0,0,0,-0.009143, 0.0040249, 0.006096, 0.0201443, 0.0056404,buy
2013-07-06,3.28,1.26,0.68,0,0,0,0,0, 0.019850, 0.0320098, 0.033878, 0.0241297, 0.0373331,buy
2013-07-07,3.19,0.76,0.6,0,0,0,0,0,-0.012412,-0.0072775,-0.008256,-0.0106295,-0.0118065,sell
2013-07-08,3.06,0.62,0.82,0,0,0,0,0,-0.006892, 0.0077687, 0.033218, 0.0043901, 0.0016095,buy
2013-07-09,2.52,0.61,0.8,0,0.02,0,0,0,-0.024216,-0.0094490, 0.029334, 0.0048068, 0.0236061,buy
2013-07-10,2.49,1.13,0.44,0,0.15,0.06,0,0,-0.037307, 0.0138238, 0.003715,-0.0103200, 0.0056406,buy
2013-07-11,2.66,1.92,0.26,0,0.29,0.14,0,0,-0.016079,-0.0164121, 0.036383,-0.0133479, 0.0267863,buy
2013-07-12,2.92,1.93,0.28,0,0.16,0.35,0,0,-0.015837,-0.0128919, 0.038192,-0.0108522, 0.0315366,buy
2013-07-13,3.23,1.01,0.29,0,0.1,0.48,0,0,-0.048074,-0.0436126,-0.005304,-0.0441293,-0.0380546,sell
2013-07-14,3.66,0.45,0.31,0,0.12,0.27,0,0,-0.053154,-0.0717612,-0.077260,-0.0725904,-0.0725904,sell
2013-07-15,4.18,0,0.32,0,0.14,0.11,0,0,-0.017494,-0.0587156,-0.058653,-0.0486441,-0.0485819,sell
2013-07-16,5.02,0.13,0.34,0,0.18,0.05,0,0,-0.028997,-0.0542684,-0.060987,-0.0575173,-0.0563171,sell
2013-07-17,5.86,0.39,0.35,0,0.27,0,0,0,-0.032040,-0.0613550,-0.062853,-0.0638552,-0.0628526,sell
2013-07-18,6.35,0.83,0.37,0,0.35,0.03,0,0,-0.041133,-0.0788540,-0.063477,-0.0634772,-0.0656729,sell
2013-07-19,6.69,0.98,0.39,0,0.46,0.09,0,0,-0.039403,-0.0815808,-0.060162,-0.0601615,-0.0627104,sell
2013-07-20,7.33,1.38,0.41,0,0.61,0.26,0,0,-0.025943,-0.0749890,-0.041059,-0.0411050,-0.0436078,sell
2013-07-21,6.74,1.03,0.42,0,0.79,0.32,0,0,-0.031078,-0.0753022,-0.051616,-0.0516164,-0.0541652,sell
2013-07-22,5.28,0.39,0.44,0,0.89,0.14,0,0,-0.028753,-0.0663720,-0.056388,-0.0563877,-0.0563877,sell
2013-07-23,4.26,0,0.46,0,0.85,0.06,0,0,-0.009475,-0.0471915,-0.048264,-0.0481094,-0.0481094,sell
2013-07-24,3.53,0,0.48,0,0.78,0.02,0.17,0,-0.002453,-0.0433520,-0.030465,-0.0296709,-0.0189125,sell
2013-07-25,2.95,0,0.78,0,0.72,0,0.56,0,-0.039596,-0.0566783,-0.038140,-0.0555843,-0.0698386,sell
2013-07-26,2.39,0,1.18,0,0.78,0,1.24,0, 0.024478,-0.0021632, 0.025957,-0.0318310, 0.0149640,buy
2013-07-27,2.17,0,1.73,0,0.82,0,1.18,0,-0.000882,-0.0038809, 0.004534, 0.0014993,-0.0106528,sell
2013-07-28,2.13,0,1.44,0,0.82,0,0.77,0, 0.001805,-0.0131712, 0.005687,-0.0170133, 0.0006535,buy
2013-07-29,2.32,0,0.96,0,0.8,0,0.44,0,-0.037691,-0.0345359,-0.018725,-0.0294903,-0.0331170,sell
2013-07-30,2.79,0.45,0.71,0,0.88,0,0.27,0,-0.007730,-0.0453006,-0.029235,-0.0436524,-0.0391505,sell
2013-07-31,2.95,1.14,1.06,0,0.82,0,0.43,0, 0.079016, 0.0832385, 0.073672, 0.0772847, 0.0300214,buy
2013-08-01,3.03,1.4,1.63,0,0.62,0,0.88,0, 0.070770, 0.0691069, 0.082472, 0.0873002, 0.0039813,buy
2013-08-02,2.54,0.58,1.43,0,0.38,0,0.73,0, 0.032520, 0.0208226, 0.035554, 0.0070124, 0.0241923,buy
2013-08-03,2.09,0,1.08,0,0.23,0,0.27,0,-0.011346, 0.0069834, 0.015858, 0.0099263,-0.0138264,sell
2013-08-04,2.09,0,1.07,0,0.11,0,0.12,0,-0.007797, 0.0141329, 0.023583, 0.0218466, 0.0002215,buy
2013-08-05,1.71,0.14,1.08,0,0.11,0,0.05,0, 0.023761, 0.0486805, 0.047500, 0.0537847, 0.0305284,buy
2013-08-06,1.32,0.57,0.73,0,0.13,0.21,0.06,0, 0.011795, 0.0282384, 0.047287, 0.0282384, 0.0356315,buy
2013-08-07,1.12,0.68,0.56,0,0.19,0.57,0.06,0, 0.038016, 0.0411868, 0.015207, 0.0137684, 0.0219873,buy
2013-08-08,1.08,0.46,0.44,0,0.31,1.27,0.06,0,-0.053778,-0.0344342,-0.066780,-0.0639872,-0.0158557,sell
2013-08-09,1.07,0.49,0.65,0,0.39,1,0.06,0,-0.033753, 0.0148105,-0.050946,-0.0489230, 0.0131364,sell
2013-08-10,1.09,0.9,1.53,0,0.25,0.36,0.06,0,-0.020745, 0.0161447, 0.011490, 0.0114895,-0.0207454,sell
2013-08-11,1.1,1.39,1.59,0,0.17,0.25,0.06,0, 0.010408, 0.0274154, 0.046501, 0.0278268,-0.0210926,buy
2013-08-12,1.15,1.15,0.77,0,0.13,0.38,0.07,0, 0.027655,-0.0078615, 0.046111, 0.0153558, 0.0164581,buy
2013-08-13,1.31,0.63,0.86,0,0.27,1,0.07,0,-0.051724, 0.0105123,-0.002320,-0.0409219, 0.0069382,sell
2013-08-14,1.87,0.34,1.04,0,0.4,0.95,0.07,0, 0.034943, 0.0211901, 0.023650, 0.0349434, 0.0232768,buy
2013-08-15,2.11,0.22,0.95,0,0.17,0.57,0.07,0,-0.019382,-0.0056870, 0.001391, 0.0092990,-0.0100365,sell
2013-08-16,1.72,0.54,0.48,0,0.09,0.48,0.08,0,-0.041213,-0.0160489,-0.019532,-0.0463608,-0.0405505,sell
2013-08-17,1.77,0.68,0.34,0,0.07,0.38,0.08,0,-0.047915,-0.0432453,-0.038753,-0.0426328,-0.0478303,sell
2013-08-18,1.87,0.53,0.66,0,0.09,0.46,0.08,0,-0.037280,-0.0387652,-0.034562,-0.0398936,-0.0383135,sell
2013-08-19,1.81,0.79,1.28,0,0.23,0.62,0.12,0, 0.049797, 0.0298226, 0.040674, 0.0456530, 0.0428409,buy
2013-08-20,1.76,1.29,1.5,0,0.45,0.57,0.13,0, 0.054702, 0.0786192, 0.071095, 0.0728470, 0.0142274,buy
2013-08-21,1.7,1.39,0.8,0,1,0.67,0.14,0, 0.003236,-0.0234266, 0.003236,-0.0041482,-0.0063879,sell
2013-08-22,1.51,1.33,0.3,0,1.13,0.84,0.14,0,-0.013106,-0.0221207,-0.052800,-0.0139772,-0.0150239,sell
2013-08-23,1.32,0.95,0.29,0,0.67,0.43,0.15,0,-0.042308,-0.0360576,-0.038911,-0.0348550,-0.0389113,sell
2013-08-24,1.14,0.48,0.29,0,0.62,0.13,0.16,0, 0.049734, 0.0383110, 0.041542, 0.0415421, 0.0494806,buy
2013-08-25,1,0.26,0.55,0,0.97,0.08,0.26,0, 0.015634, 0.0904525, 0.053074, 0.0431289,-0.0426993,buy
2013-08-26,0.9,0.14,0.86,0,1.05,0.07,0.79,0, 0.087232, 0.0804920, 0.093326, 0.0646502, 0.0701156,buy
2013-08-27,0.99,0,0.69,0,0.6,0.13,1.47,0, 0.013693, 0.0323435, 0.031407, 0.0003600,-0.0386809,buy
2013-08-28,1.29,0,0.4,0,0.4,0.25,1.34,0, 0.021645, 0.0108081, 0.033774, 0.0244506, 0.0025207,buy
2013-08-29,1.03,0,0.78,0,0.27,0.47,2.08,0,-0.025371,-0.0253713,-0.025371,-0.0256086,-0.0465246,sell
2013-08-30,0.73,0,0.85,0,0.23,0.48,2.03,0,-0.053207,-0.0532069,-0.053207,-0.0546125,-0.0546125,sell
2013-08-31,0.82,0.68,0.73,0,0.21,0.25,1.46,0, 0.025605, 0.0297205, 0.007968, 0.0182838, 0.0195338,buy
2013-09-01,0.97,1.39,0.89,0,0.21,0.13,0.97,0,-0.082667,-0.0755524,-0.075552,-0.1092170,-0.0750568,sell
2013-09-02,0.72,0.95,1.64,0,0.21,0.07,1.21,0, 0.002759, 0.0113952, 0.016767,-0.0151913,-0.0096612,buy
2013-09-03,0.51,0.33,1.99,0,0.25,0.35,1.11,0,-0.059015,-0.0355076,-0.028692,-0.0148122,-0.0580707,sell
2013-09-04,0.39,0,1.49,0,0.32,1.33,0.68,0,-0.082695,-0.0664093,-0.058952,-0.0943923,-0.0898318,sell
2013-09-05,0.33,0,0.85,0,0.33,1.45,0.57,0,-0.028238,-0.0044007,-0.023907, 0.0008040,-0.0327764,sell
2013-09-06,0.32,0.22,0.52,0,0.26,1.18,0.6,0,-0.015542, 0.0010776,-0.005155,-0.0064667,-0.0237442,sell
2013-09-07,0.32,0.66,0.22,0,0.23,0.51,0.79,0, 0.003182,-0.0045247,-0.014416,-0.0046142, 0.0219449,sell
2013-09-08,0.32,0.69,0.34,0,0.35,0.11,0.72,0, 0.011852, 0.0147946, 0.020865, 0.0242897, 0.0210074,buy
2013-09-09,0.32,0.24,0.44,0,0.32,0,0.63,0,-0.016772,-0.0489179,-0.036403,-0.0364035,-0.0345237,sell
2013-09-10,0.39,0,1.19,0,0.14,0,0.64,0,-0.018725, 0.0349109,-0.009145,-0.0228117,-0.0091447,sell
2013-09-11,0.6,0,2,0,0.11,0,0.77,0,-0.007793,-0.0171597,-0.006307, 0.0006517, 0.0001414,sell
2013-09-12,0.95,0,1.31,0,0.31,0.1,0.76,0, 0.076147, 0.0373793, 0.037379, 0.0422816, 0.0373793,buy
2013-09-13,1.79,0,0.86,0,0.99,0.22,0.66,0, 0.012140, 0.0150233,-0.025272,-0.0322444,-0.0193579,sell
2013-09-14,2.46,0,1.01,0,1.62,0.57,0.63,0, 0.032767, 0.0316220, 0.052917, 0.0265122, 0.0316220,buy
2013-09-15,1.7,0,1.12,0,1.28,1.32,0.63,0,-0.013800,-0.0177729, 0.036602,-0.0181277, 0.0062470,buy
2013-09-16,0.99,0.26,1.01,0,0.51,1.88,0.77,0,-0.002185, 0.0327401, 0.047496, 0.0024092, 0.0771544,buy
2013-09-17,0.61,0.31,0.47,0,0.08,1.71,0.96,0,-0.031323, 0.0124293,-0.056703,-0.0503509,-0.0163145,sell
2013-09-18,0.66,0.35,0.18,0,0.02,1.05,1.41,0, 0.026679,-0.0016647, 0.002562, 0.0266794, 0.0270400,buy
2013-09-19,0.88,0.76,0.41,0,0.04,0.53,1.68,0, 0.048643, 0.0404823, 0.035438, 0.0520599, 0.0562194,buy
2013-09-20,1.16,1.79,0.78,0,0.06,0.29,1.5,0,-0.078964,-0.0845653,-0.075865,-0.0708207,-0.0801329,sell
2013-09-21,0.9,1.94,0.81,0,0.09,0.3,1.24,0,-0.059924,-0.0520968,-0.013326,-0.0447071,-0.0615717,sell
2013-09-22,0.64,1.01,0.48,0,0.14,0.46,1,0, 0.054685, 0.0292486, 0.022108, 0.0647363, 0.0343256,buy
2013-09-23,0.6,0.72,0.31,0,0.22,0.42,0.91,0, 0.051566, 0.0004718, 0.009058, 0.0365151, 0.0292842,buy
2013-09-24,0.63,1.01,0.76,0,0.34,0.3,0.85,0,-0.003825,-0.0077029,-0.075245, 0.0038166,-0.0020993,sell
2013-09-25,0.77,1.57,1.39,0,0.36,0.31,0.79,0,-0.055111,-0.0707455,-0.054614,-0.0579182,-0.0574214,sell
2013-09-26,1.04,1.76,1.57,0,0.25,0.35,0.78,0,-0.060368,-0.0658912,-0.065205,-0.0700634,-0.0612484,sell
2013-09-27,1.04,1.42,0.95,0,0.16,0.5,0.76,0,-0.057752,-0.0556816,-0.042647,-0.0665982,-0.0611812,sell
2013-09-28,0.87,1.38,0.64,0,0.12,0.8,0.75,0,-0.078746,-0.0682827,-0.058884,-0.0787460,-0.0681235,sell
2013-09-29,0.99,1.4,0.46,0,0.27,0.89,0.75,0,-0.070288,-0.0730376,-0.067928,-0.0703303,-0.0686721,sell
2013-09-30,1.33,1.26,0.5,0,0.5,0.79,0.75,0,-0.004928,-0.0249479,-0.024948,-0.0342940,-0.0434403,sell
2013-10-01,2.32,1.11,0.75,0,1.07,1.01,0.76,0,-0.040693,-0.0448612, 0.032231, 0.0038792, 0.0283911,buy
2013-10-02,2.23,1.45,1.09,0,1.58,1.21,0.77,0,-0.017332,-0.0101242,-0.026890,-0.0068627, 0.0031310,sell
2013-10-03,1.33,1.81,1.25,0,1.49,0.93,0.75,0, 0.039772, 0.0126956,-0.008972, 0.0089793, 0.0373268,buy
2013-10-04,0.97,1.85,1.02,0,0.93,0.77,0.78,0, 0.057176, 0.0185285, 0.036136, 0.0202824, 0.0571763,buy
2013-10-05,0.86,1.71,0.85,0,0.46,0.67,0.86,0, 0.008885,-0.0721092, 0.017703, 0.0069166, 0.0129721,buy
2013-10-06,0.96,1.53,0.85,0,0.22,0.55,1.13,0,-0.083333,-0.0759413,-0.065745,-0.0778144,-0.0783299,sell
2013-10-07,1.32,1.53,1.06,0,0.06,0.49,1.16,0,-0.073058,-0.0758939,-0.062895,-0.0681250,-0.0666191,sell
2013-10-08,1.23,1.29,1.15,0,0.07,0.45,0.83,0,-0.090592,-0.0884633,-0.083886,-0.0905923,-0.0920578,sell
2013-10-09,0.78,1.43,0.82,0,0.06,0.41,0.68,0,-0.111342,-0.1094227,-0.105405,-0.1112964,-0.1117738,sell
2013-10-10,0.6,2.12,0.57,0,0.07,0.36,0.61,0, 0.008393, 0.0074766,-0.029480, 0.0183883,-0.0121948,sell
2013-10-11,0.45,2.19,0.41,0,0.11,0.33,0.59,0,-0.028555,-0.0032777,-0.047600, 0.0037550,-0.0186538,sell
2013-10-12,0.43,1.28,0.38,0,0.23,0.3,0.61,0,-0.034612,-0.0299969,-0.030041,-0.0308378,-0.0108970,sell
2013-10-13,0.4,0.7,0.35,0,0.52,0.28,0.65,0, 0.060888, 0.0611261, 0.061126, 0.0495436, 0.0639732,buy
2013-10-14,0.47,0.3,0.32,0,0.97,0.25,0.66,0, 0.052958,-0.0071494,-0.012834, 0.0024322, 0.0129075,sell
2013-10-15,0.62,0.41,0.3,0,1.48,0.23,0.6,0,-0.046883,-0.1069900,-0.106148,-0.0942244,-0.0293916,sell
2013-10-16,1.07,0.57,0.27,0,1.24,0.22,0.55,0, 0.026641,-0.0075651,-0.010275, 0.0034424, 0.0233946,sell
2013-10-17,1.02,0.93,0.25,0,0.93,0.2,0.51,0, 0.006704, 0.0074267,-0.008894, 0.0058243, 0.0100926,sell
2013-10-18,0.62,0.61,0.23,0,1.14,0.23,0.51,0, 0.004969,-0.0672235,-0.028338,-0.0254178, 0.0235848,sell
2013-10-19,0.46,0.24,0.13,0,0.86,0.24,0.54,0, 0.059533,-0.0011028, 0.021773, 0.0237688,-0.0030444,buy
2013-10-20,0.37,0,0.13,0,0.35,0.26,0.53,0,-0.006028,-0.0045353,-0.013993,-0.0166256, 0.0060421,sell
2013-10-21,0.35,0,0.12,0,0.15,0.32,0.41,0, 0.006805, 0.0104519, 0.006905, 0.0025113, 0.0080605,buy
2013-10-22,0.33,0,0.12,0,0.05,0.41,0.33,0,-0.000360, 0.0127607, 0.011920, 0.0144654, 0.0213505,buy
2013-10-23,0.5,0,0.12,0,0.15,0.56,0.32,0, 0.045667, 0.0431836, 0.049367, 0.0493668, 0.0518217,buy
2013-10-24,0.81,0,0.2,0,0.24,0.61,0.32,0, 0.047048, 0.0460294, 0.046029, 0.0163771, 0.0776759,buy
2013-10-25,1.6,0,0.31,0,0.1,0.46,0.38,0, 0.029120, 0.0075380, 0.021498, 0.0485786, 0.0253428,buy
2013-10-26,1.57,0,0.47,0,0.02,0.49,0.5,0, 0.033756, 0.0159868, 0.063156, 0.0788965, 0.0464247,buy
2013-10-27,0.81,0,0.38,0,0,0.65,0.77,0,-0.008125,-0.0021177, 0.008455, 0.0771976, 0.0045680,buy
2013-10-28,0.54,0,0.37,0,0,1.31,0.96,0, 0.058372, 0.0635008, 0.049347, 0.0440548, 0.0566723,buy
2013-10-29,0.5,0,0.36,0,0,1.65,0.8,0, 0.004986, 0.0262608, 0.012809, 0.0128086, 0.0135086,buy
2013-10-30,0.82,0,0.67,0,0,1.21,0.64,0, 0.052347, 0.0549342, 0.052347, 0.0460870, 0.0523473,buy
2013-10-31,1.31,0,1.19,0,0,1.13,0.77,0,-0.064528,-0.0198518,-0.045195,-0.0284682,-0.0423261,sell
2013-11-01,1.86,0,1.76,0,0,1.15,1.34,0, 0.067773, 0.0641073, 0.054230, 0.0480700, 0.0561509,buy
2013-11-02,1.56,0,1.4,0,0,1.09,1.2,0, 0.013626, 0.0473199,-0.013743,-0.0233088, 0.0315480,buy
2013-11-03,0.73,0,0.63,0,0,1.29,0.56,0,-0.121656,-0.1218300,-0.122798,-0.0780053,-0.1226473,sell
2013-11-04,0.4,0,0,0,0,1.5,0.49,0, 0.037995, 0.0225257, 0.038162,-0.0492624, 0.0548943,buy
2013-11-05,0.39,0,0,0,0,0.98,0.58,0, 0.069406, 0.0694063, 0.059564, 0.0265391, 0.0200571,buy
2013-11-06,0.53,0,0,0,0.04,0.59,1.06,0,-0.087122,-0.0785810,-0.079020,-0.0828958,-0.0691283,sell
2013-11-07,0.86,0,0,0,0.1,0.47,2.11,0, 0.103391, 0.1085412, 0.103391, 0.1033913, 0.0540808,buy
2013-11-08,1.22,0,0,0,0.21,0.43,2.62,0, 0.029287, 0.0058085, 0.019811, 0.0287801, 0.0328146,buy
2013-11-09,1.54,0,0,0,0.36,0.62,2.05,0, 0.030835, 0.0030808,-0.001522, 0.0333356, 0.0459306,buy
2013-11-10,1.58,0,0,0,0.32,0.61,1.48,0, 0.006916,-0.0180252, 0.037220, 0.0366291, 0.0199733,buy
2013-11-11,1.72,0,0,0,0.21,0.44,1.32,0, 0.029298,-0.0476843, 0.062946, 0.0546001, 0.0382090,buy
2013-11-12,1.87,0,0,0,0.16,0.34,1.42,0,-0.017437,-0.0301534, 0.055293, 0.0506198, 0.0005652,buy
2013-11-13,1.47,0,0,0,0.14,0.33,1.21,0,-0.000420,-0.0008068, 0.019786, 0.0238030, 0.0098023,buy
2013-11-14,0.93,0.22,0,0,0.17,0.39,1.14,0, 0.011501, 0.0201061, 0.006095, 0.0201061, 0.0201061,buy
2013-11-15,0.55,0.56,0,0,0.22,0.53,1.05,0, 0.045861, 0.0262943, 0.047032, 0.0186302, 0.0593760,buy
2013-11-16,0.3,0.7,0,0,0.33,0.95,0.56,0,-0.011734,-0.0260524, 0.008063,-0.0169958, 0.0144702,buy
2013-11-17,0.24,0.34,0,0,0.36,1.08,0.35,0,-0.056098,-0.0509514,-0.039333,-0.0228219,-0.0228408,sell
2013-11-18,0.23,0.14,0.16,0,0.24,0.85,0.45,0, 0.037722, 0.0456438, 0.047885, 0.0456249, 0.0312086,buy
2013-11-19,0.5,0,0.44,0,0.14,0.92,0.7,0,-0.007588, 0.0402504, 0.042035, 0.0277557, 0.0334236,buy
2013-11-20,0.76,0,0.59,0,0.07,1.19,1.04,0, 0.081812, 0.0800139, 0.072688, 0.0767905, 0.0520085,buy
2013-11-21,0.44,0,0.26,0,0.04,1.71,1.16,0, 0.025070, 0.0250701, 0.024890,-0.0514656,-0.0507936,sell
2013-11-22,0.19,0,0,0,0,1.74,1.05,0, 0.000374, 0.0003739,-0.006520,-0.0388945, 0.0050397,sell
2013-11-23,0.06,0,0,0,0,1.59,1.34,0,-0.056150,-0.0561500,-0.043254,-0.0645250,-0.0446289,sell
2013-11-24,0.06,0,0,0,0,1.83,1.17,0,-0.009680,-0.0096801,-0.025448,-0.0649585,-0.0273914,sell
2013-11-25,0.05,0.16,0,0,0.09,2.12,0.79,0,-0.032217,-0.0316222,-0.025063,-0.0441324,-0.0238348,sell
2013-11-26,0.12,0.41,0,0,0.23,1.6,0.73,0, 0.016217, 0.0074679, 0.024391, 0.0007914, 0.0174597,buy
2013-11-27,0.31,0.41,0,0,0.6,0.97,0.7,0,-0.038957,-0.0341534,-0.039532,-0.0338265,-0.0505904,sell
2013-11-28,0.63,0.16,0,0,0.71,0.82,0.55,0,-0.059698,-0.0486985,-0.060750,-0.0515594,-0.0574229,sell
2013-11-29,0.6,0.18,0,0,0.38,0.65,0.27,0, 0.007948, 0.0285779, 0.029883, 0.0285779, 0.0084603,buy
2013-11-30,0.86,0.95,0,0,0.27,0.49,0.18,0,-0.084509,-0.0168569,-0.087896,-0.0855200,-0.0878544,sell
2013-12-01,0.72,0.93,0,0,0.36,1,0.17,0,-0.064801,-0.0326331,-0.064801,-0.0250912,-0.0222651,sell
2013-12-02,0.41,0.46,0,0,0.48,1.27,0.17,0,-0.058237,-0.0496965,-0.062208,-0.0579542,-0.0201275,sell
2013-12-03,0.3,0.32,0,0,0.25,0.99,0.31,0,-0.051632,-0.0170903,-0.051632,-0.0554660,-0.0397889,sell
2013-12-04,0.35,0.35,0,0,0.11,0.8,0.42,0,-0.040223,-0.0207194,-0.043591,-0.0435912,-0.0410191,sell
2013-12-05,0.4,0.38,0,0,0.04,0.86,0.32,0,-0.055240,-0.0288120,-0.055235,-0.0537689,-0.0552398,sell
2013-12-06,0.47,0.56,0,0,0.14,0.7,0.18,0, 0.024749, 0.0034208, 0.029150, 0.0256659, 0.0212399,buy
2013-12-07,0.56,0.88,0,0,0.42,0.55,0.1,0, 0.012306, 0.0349080, 0.014924, 0.0076315, 0.0054972,buy
2013-12-08,0.7,0.8,0.07,0,1.1,0.43,0.06,0,-0.013265,-0.0066162,-0.010864,-0.0458795,-0.0158182,sell
2013-12-09,1.01,0.57,0.45,0,1.35,0.51,0.06,0, 0.078919, 0.0789185, 0.037462, 0.0585812, 0.0633071,buy
2013-12-10,1.6,0.63,0.77,0,1.17,0.75,0.07,0, 0.048500, 0.0523845, 0.024799, 0.0502355, 0.0594698,buy
2013-12-11,1.53,0.7,0.88,0,0.92,1.35,0.21,0, 0.009793, 0.0309889, 0.093570, 0.0277774, 0.0572563,buy
2013-12-12,1.39,0.78,1.07,0,0.74,1.84,0.28,0,-0.070366,-0.0970952,-0.019541,-0.0769066,-0.1018281,sell
2013-12-13,1.29,0.88,1.19,0,0.32,1.6,0.18,0, 0.044561,-0.0540411,-0.001863,-0.0469242,-0.0208036,sell
2013-12-14,1.11,0.99,0.94,0,0.18,1.49,0.2,0,-0.061541,-0.1020862,-0.074206,-0.0954693,-0.0689891,sell
2013-12-15,0.95,1.1,0.71,0,0.45,1.4,0.42,0, 0.041151, 0.0690694, 0.048820, 0.0169499, 0.0820732,buy
2013-12-16,0.83,1.25,0.76,0,1.04,1.15,0.39,0,-0.043712,-0.0317898,-0.047690,-0.0576135,-0.0670808,sell
2013-12-17,0.74,1.4,0.52,0,1.7,1.52,0.13,0,-0.006723,-0.0414325,-0.038748,-0.0031280, 0.0174142,sell
2013-12-18,0.65,1.39,0,0,1.2,1.42,0.05,0,-0.102753,-0.1046831,-0.107990,-0.1207105,-0.0991850,sell
2013-12-19,0.59,1.22,0,0,0.78,0.59,0,0,-0.087725,-0.0832427,-0.082858,-0.0828585,-0.0840906,sell
2013-12-20,0.54,1.08,0,0,0.72,0.24,0,0, 0.008979, 0.0161146, 0.006708, 0.0168668,-0.0013246,buy
2013-12-21,0.51,0.95,0,0,0.55,0.17,0.12,0, 0.007801, 0.0122010, 0.005430, 0.0138987, 0.0030876,buy
2013-12-22,0.49,0.84,0,0,0.33,0.12,0.3,0, 0.015918, 0.0285295, 0.019400, 0.0344578,-0.0282381,buy
2013-12-23,0.48,0.74,0.13,0,0.36,0.25,0.82,0, 0.031177, 0.0277768, 0.033403, 0.0390428, 0.0339398,buy
2013-12-24,0.47,0.64,0.19,0,0.16,0.37,1.84,0, 0.012646,-0.0211438,-0.004718, 0.0103247,-0.0286146,sell
2013-12-25,0.46,0.56,0.28,0,0.04,0.99,2.65,0, 0.078372, 0.0834482, 0.074838, 0.0846627, 0.0883370,buy
2013-12-26,0.48,0.49,0.41,0,0,1.85,3.2,0, 0.003382, 0.0037457,-0.006765,-0.0067650,-0.0107333,sell
2013-12-27,0.42,0.43,0.6,0,0,2.11,1.98,0, 0.019908,-0.0220015,-0.013570, 0.0406073,-0.0133474,sell
2013-12-28,0.45,0.37,0.59,0,0,1.06,0.74,0,-0.020279,-0.0228925,-0.024177,-0.0122939,-0.0154562,sell
2013-12-29,0.48,0.33,0.41,0,0,0.41,0.57,0, 0.017252, 0.0411118, 0.037124,-0.0018271,-0.0130746,buy
2013-12-30,0.52,0.28,0.28,0,0,0.1,1.13,0,-0.023685,-0.0508994,-0.050711,-0.0494242,-0.0507109,sell
2013-12-31,0.55,0.25,0.19,0,0,0.14,1.12,0,-0.035073,-0.0350731,-0.029982,-0.0407961,-0.0350731,sell
2014-01-01,0.59,0,0.14,0,0,0.21,0.55,0, 0.007469, 0.0310465, 0.040385, 0.0403848, 0.0285417,buy
2014-01-02,0.64,0,0,0,0,0.33,0.19,0,-0.033557,-0.0379214,-0.037828,-0.0209278,-0.0045055,sell
2014-01-03,0.68,0,0,0,0,0.98,0.08,0, 0.012724, 0.0051914, 0.004648, 0.0165707, 0.0067671,buy
2014-01-04,0.73,0,0,0,0,2.36,0.16,0, 0.058795, 0.0554973, 0.007027,-0.0353667, 0.0070272,buy
2014-01-05,0.78,0,0,0,0,2.14,0.63,0, 0.056817, 0.0301321, 0.018122,-0.0221508, 0.0131874,buy
2014-01-06,0.85,0,0,0,0,1.04,1.11,0, 0.007988, 0.0126378, 0.007988, 0.0036497, 0.0032715,buy
2014-01-07,0.91,0,0,0,0,1.16,0.59,0,-0.003287,-0.0101359,-0.009001,-0.0412304,-0.0403469,sell
2014-01-08,0.97,0,0,0,0,2.38,0.48,0,-0.032398, 0.0107139,-0.070757,-0.1217933,-0.0713582,sell
2014-01-09,1.05,0,0,0,0,2.23,0.73,0,-0.017726,-0.0094248,-0.071542,-0.0856396,-0.0695291,sell
2014-01-10,1.13,0,0,0,0,0.77,1.5,0,-0.023857,-0.0055417,-0.021084,-0.0248078,-0.0248078,sell
2014-01-11,1.21,0,0,0,0,0.42,2.22,0, 0.070063, 0.0430357, 0.063607, 0.0648580, 0.0137838,buy
2014-01-12,1.3,0.26,0,0,0.24,0.39,1.57,0, 0.004683, 0.0302922, 0.001505, 0.0089755, 0.0089755,buy
2014-01-13,1.4,0.35,0,0,1.06,0.75,0.77,0,-0.011350,-0.0200329,-0.018275,-0.0200329,-0.0182749,sell
2014-01-14,1.38,0.48,0,0,1.19,1.41,0.38,0, 0.007387,-0.0179206, 0.004537,-0.0135993, 0.0067229,buy
2014-01-15,1.28,0.66,0,0,0.3,2.39,0.23,0, 0.035496, 0.0389041, 0.023350,-0.0177717, 0.0233503,buy
2014-01-16,1.18,0.9,0,0,0.08,2.11,0.44,0, 0.004479, 0.0016093,-0.006749,-0.0210640,-0.0078193,sell
2014-01-17,1.1,1.22,0,0,0.45,1.13,0.68,0,-0.016243,-0.0186946,-0.029338,-0.0070443,-0.0089741,sell
2014-01-18,1.07,1.39,0.06,0,1.11,0.63,0.24,0, 0.008525,-0.0055861,-0.028949,-0.0086398,-0.0088689,sell
2014-01-19,1.01,1.17,0.31,0,0.83,0.31,0.06,0,-0.004048,-0.0038931,-0.013290,-0.0116333,-0.0115528,sell
2014-01-20,0.94,0.88,0.36,0,0.41,0.19,0,0, 0.057166, 0.0856964, 0.024993, 0.0714531, 0.0696165,buy
2014-01-21,0.89,0.66,0.08,0,0.59,0.13,0,0,-0.019114,-0.0250908,-0.010437,-0.0252675,-0.0240061,sell
2014-01-22,0.85,0.5,0,0,0.77,0,0,0,-0.027039,-0.0355236,-0.005929,-0.0322181,-0.0256621,sell
2014-01-23,0.8,0.38,0,0,1.41,0,0,0,-0.084239,-0.0798076,-0.073726,-0.0579996,-0.0652302,sell
2014-01-24,0.77,0.29,0,0,1.53,0.07,0,0,-0.070192,-0.0846308,-0.091798,-0.0512613,-0.0313302,sell
2014-01-25,0.78,0.12,0,0,0.94,0.24,0,0,-0.004283,-0.0022750, 0.005444,-0.0082832,-0.0026275,buy
2014-01-26,0.8,0.12,0,0,0.75,0.85,0.15,0,-0.016866, 0.0304420,-0.011924,-0.0168661,-0.0201360,sell
2014-01-27,0.93,0.19,0,0,0.76,0.89,0.28,0,-0.046618,-0.0004117,-0.036315,-0.0391489,-0.0367541,sell
2014-01-28,1.05,0.39,0,0,0.92,0.82,0.57,0,-0.028279,-0.0009629,-0.042256,-0.0259085,-0.0385062,sell
2014-01-29,1.02,0.54,0,0,1.19,0.92,0.78,0,-0.005515, 0.0112421,-0.050231, 0.0061241,-0.0434998,sell
2014-01-30,1.17,0.33,0.11,0,1.47,0.58,0.5,0, 0.003701, 0.0037010,-0.014257, 0.0037010, 0.0037010,sell
2014-01-31,1.28,0.13,0.29,0,1.77,0.26,0.28,0,-0.024196, 0.0186036, 0.016115, 0.0429537,-0.0241962,buy
2014-02-01,1.21,0.13,0.36,0,1.71,0.06,0.18,0,-0.004910,-0.0156102, 0.015812, 0.0717540,-0.0049098,buy
2014-02-02,1.42,0.13,0.16,0,1.36,0.03,0.11,0,-0.058599,-0.0153923,-0.028934,-0.0267843,-0.0580937,sell
2014-02-03,1.74,0.14,0,0,0.89,0,0.11,0,-0.030228,-0.0081735, 0.033801, 0.0282116, 0.0390007,buy
2014-02-04,1.68,0.14,0,0,0.5,0,0.11,0,-0.055690,-0.0446356,-0.034320,-0.0326507,-0.0495104,sell
2014-02-05,1.47,0.14,0,0,0.33,0,0.1,0,-0.018907,-0.0195147,-0.021858,-0.0231929,-0.0161224,sell
2014-02-06,1.32,0.14,0,0,0.22,0,0.09,0,-0.017182,-0.0171822,-0.018297,-0.0231937,-0.0147446,sell
2014-02-07,1.2,0.26,0,0,0.18,0,0.08,0, 0.014262, 0.0142616,-0.008905,-0.0114335, 0.0167744,sell
2014-02-08,1.22,0.28,0,0,0.15,0,0.07,0, 0.036008, 0.0345122, 0.035659, 0.0256799, 0.0354716,buy
2014-02-09,1.37,0.3,0,0,0.13,0.04,0.05,0, 0.052797, 0.0494411, 0.053878, 0.0574100, 0.0538777,buy
2014-02-10,1.61,0.32,0,0,0.11,0.16,0,0, 0.027101, 0.0172276, 0.055946, 0.0267001, 0.0271006,buy
2014-02-11,1.64,0.33,0,0,0.1,0.43,0,0, 0.034675, 0.0185165, 0.048729, 0.0275833, 0.0450567,buy
2014-02-12,1.32,0.36,0,0,0.08,0.78,0,0,-0.011904,-0.0163283,-0.016658, 0.0064994, 0.0060144,sell
2014-02-13,0.98,0.57,0,0,0.07,1.26,0,0,-0.034184,-0.0369872,-0.033413,-0.0279612,-0.0268603,sell
2014-02-14,0.81,0.82,0,0,0,1.46,0,0,-0.028281,-0.0279730,-0.030134,-0.0301338,-0.0301338,sell
2014-02-15,0.5,0.97,0,0,0,1.69,0,0, 0.000261,-0.0177616, 0.004955,-0.0257680,-0.0211847,sell
2014-02-16,0.44,1.02,0,0,0,1.85,0,0,-0.004479, 0.0080068,-0.002789, 0.0021172,-0.0151856,sell
2014-02-17,0.55,0.82,0,0,0,1.91,0,0,-0.013530,-0.0118928,-0.015307,-0.0123924,-0.0141488,sell
2014-02-18,0.8,0.63,0,0,0,1.62,0,0,-0.038381,-0.0330255,-0.038381,-0.0383805,-0.0383805,sell
2014-02-19,1.16,0.51,0,0,0.02,1.79,0,0, 0.001634, 0.0031244,-0.010731,-0.0366213, 0.0003197,sell
2014-02-20,1.46,0.41,0,0,0.09,1.66,0.09,0,-0.053444,-0.0496589,-0.038382,-0.0228516,-0.0480524,sell
2014-02-21,0.86,0.42,0,0,0.24,1.02,0.17,0, 0.022132, 0.0086252,-0.004984, 0.0282871, 0.0308289,buy
2014-02-22,0.39,0.43,0,0,0.17,0.64,0.29,0,-0.062001,-0.0729877,-0.062982,-0.0879209,-0.0571207,sell
2014-02-23,0.22,0.43,0,0,0.05,0.42,0.52,0,-0.011446,-0.0237092,-0.025086,-0.0237092,-0.0237092,sell
2014-02-24,0.09,0.44,0,0,0,0.31,0.96,0,-0.052593,-0.0568782,-0.051729,-0.0584139,-0.0533182,sell
2014-02-25,0.09,0.43,0,0,0,0.16,1.11,0, 0.025730,-0.0147439,-0.001429, 0.0105179, 0.0075347,sell
2014-02-26,0.14,0.43,0,0,0.08,0.2,0.68,0,-0.052171,-0.0424975,-0.023198,-0.0299590,-0.0416213,sell
2014-02-27,0.21,0.42,0,0,0.18,0.32,0.36,0,-0.045125,-0.0320103,-0.024751,-0.0334719,-0.0320103,sell
2014-02-28,0.42,0.41,0,0,0.42,0.44,0.23,0,-0.006316,-0.0055033, 0.002431,-0.0019649, 0.0016284,buy
2014-03-01,0.48,0.39,0,0,0.59,0.62,0.2,0, 0.009958, 0.0050994, 0.008259,-0.0052250, 0.0070392,buy
2014-03-02,0.26,0.37,0,0,0.36,0.9,0.27,0,-0.035451,-0.0354513,-0.052133,-0.0253616, 0.0194125,sell
2014-03-03,0.13,0.4,0,0,0.15,1.36,0.56,0,-0.059975,-0.0599753,-0.081325,-0.0756525,-0.0422400,sell
2014-03-04,0.08,0.66,0,0,0.07,1.38,0.47,0,-0.044014,-0.0486266,-0.059668,-0.0486266,-0.0190167,sell
2014-03-05,0.05,1.19,0,0,0,1,0.2,0,-0.040928,-0.0273563,-0.010829,-0.0295843,-0.0346544,sell
2014-03-06,0,1.59,0,0,0,0.71,0.08,0, 0.005744, 0.0151685, 0.043602, 0.0034623, 0.0145343,buy
2014-03-07,0,1.28,0,0,0,0.55,0,0,-0.008415,-0.0084150, 0.005102, 0.0021673,-0.0086601,sell
2014-03-08,0,0.64,0,0,0.09,0.4,0,0,-0.021019,-0.0207387,-0.022808,-0.0287771,-0.0223993,sell
2014-03-09,0,0.4,0,0,0.23,0.35,0,0, 0.055255, 0.0670337, 0.062896, 0.0559633, 0.0616713,buy
2014-03-10,0.08,0.3,0,0,0.44,0.32,0,0, 0.002914, 0.0047664, 0.002914, 0.0049228, 0.0161876,buy
2014-03-11,0.2,0.4,0,0,0.91,0.37,0,0,-0.052594,-0.0001521, 0.008543,-0.0008539,-0.0001521,sell
2014-03-12,0.48,0.39,0,0,1.24,0.46,0,0, 0.052453, 0.0227887, 0.004040, 0.0219039,-0.0139525,buy
2014-03-13,1.11,0.61,0,0,0.8,0.75,0,0,-0.022083,-0.0201313,-0.014071,-0.0273197,-0.0158119,sell
2014-03-14,1.04,0.55,0,0,0.39,1.18,0,0,-0.078331,-0.0673942,-0.076962,-0.0450143,-0.0587326,sell
2014-03-15,0.58,0.38,0.08,0,0.21,1.19,0.07,0,-0.073540,-0.0587266,-0.073540,-0.0694941,-0.0503980,sell
2014-03-16,0.72,0.26,0.19,0,0.12,1.07,0.16,0,-0.031169,-0.0214011,-0.042911,-0.0318702,-0.0295753,sell
2014-03-17,1.21,0.29,0.41,0,0.18,0.66,0.36,0, 0.017438, 0.0271528, 0.017861, 0.0202139, 0.0113368,buy
2014-03-18,1.35,0.32,0.56,0,0.32,0.32,0.7,0,-0.055398, 0.0042071,-0.046593,-0.0708444,-0.0386862,sell
2014-03-19,0.58,0.36,0.83,0,0.56,0.22,0.6,0,-0.045059,-0.0453777,-0.029450,-0.0334019,-0.0481232,sell
2014-03-20,0.18,0.4,1.21,0,0.94,0.17,0.26,0,-0.000731,-0.0201878,-0.022138,-0.0243407,-0.0210767,sell
2014-03-21,0,0.44,1,0,1.11,0.17,0.12,0, 0.019856, 0.0053555, 0.003549,-0.0114699, 0.0043033,buy
2014-03-22,0,0.49,0.37,0,0.84,0.17,0.05,0,-0.006712,-0.0002517,-0.003692,-0.0037806, 0.0222101,buy
2014-03-23,0,0.54,0,0,0.62,0.17,0,0,-0.008783,-0.0151610,-0.017338,-0.0092169, 0.0006219,sell
2014-03-24,0.06,0.6,0,0,0.64,0.17,0,0, 0.010979, 0.0227708, 0.016479, 0.0227708, 0.0329858,buy
2014-03-25,0.21,0.66,0,0,1.05,0.17,0,0,-0.073258,-0.0497959,-0.045385,-0.0341333,-0.0261134,sell
2014-03-26,0.42,1.09,0,0,2.11,0.17,0.11,0, 0.032940, 0.0281067, 0.041753, 0.0361800, 0.0329404,buy
2014-03-27,0.24,2.23,0,0,2.4,0.18,0.39,0, 0.035948, 0.0569648, 0.041954, 0.0493541, 0.0569648,buy
2014-03-28,0.07,3.38,0,0,1.59,0.18,0.55,0,-0.072485,-0.0724850,-0.046584,-0.0571259,-0.0698976,sell
2014-03-29,0,2.78,0,0,1.24,0.19,0.21,0,-0.021830,-0.0218298,-0.000983,-0.0225374,-0.0142413,sell
2014-03-30,0.02,1.64,0,0,0.93,0.19,0.06,0,-0.060225,-0.0210793, 0.007035,-0.0155275,-0.0505659,sell
2014-03-31,0.07,1.42,0,0,0.64,0.28,0,0, 0.001848, 0.0477145, 0.024055, 0.0408818, 0.0393052,buy
2014-04-01,0.46,1.9,0,0,0.49,0.47,0,0, 0.002729, 0.0200928, 0.007289, 0.0122699, 0.0200928,buy
2014-04-02,1.42,2.18,0,0,0.46,0.85,0,0, 0.020181, 0.0157504,-0.007910, 0.0241516, 0.0156455,sell
2014-04-03,1.9,1.75,0.04,0,0.49,1.42,0,0,-0.031294,-0.0170255,-0.036096,-0.0211518,-0.0374868,sell
2014-04-04,1.33,1.2,0.28,0,0.69,1.41,0,0,-0.025468,-0.0687724,-0.057775,-0.0367686,-0.0052260,sell
2014-04-05,0.93,0.81,0.56,0,0.77,0.89,0,0,-0.014251, 0.0268858, 0.061324, 0.0551208,-0.0113525,buy
2014-04-06,0.4,0.63,0.92,0,0.46,0.54,0,0,-0.011414,-0.0272179,-0.019206, 0.0023233,-0.0185783,sell
2014-04-07,0.14,0.49,0.79,0,0.28,0.37,0,0, 0.011455, 0.0104960, 0.065424, 0.0108627,-0.0393825,buy
2014-04-08,0,0.21,0.19,0,0.22,0.5,0,0,-0.038169, 0.0846775,-0.020405,-0.0100631,-0.0381694,sell
2014-04-09,0,0.19,0,0,0.29,0.75,0,0,-0.024921, 0.0193308,-0.016909,-0.0023642,-0.0133016,sell
2014-04-10,0,0.52,0.36,0,0.8,1.28,0,0, 0.069842, 0.0658279, 0.014997, 0.0486417, 0.0742017,buy
2014-04-11,0,1.25,0.91,0,1.35,2.03,0,0,-0.028980, 0.0229002,-0.027811, 0.0038674, 0.0134966,sell
2014-04-12,0,0.89,1.08,0,0.59,1.68,0,0, 0.015788, 0.0201454, 0.032244, 0.0379247, 0.0440566,buy
2014-04-13,0,0.5,0.6,0,0.15,1.05,0,0,-0.022358,-0.0763365,-0.076337,-0.0758972,-0.0127118,sell
2014-04-14,0,0.48,0.31,0,0.07,0.81,0,0,-0.009473,-0.0365773,-0.036577,-0.0473008,-0.0509412,sell
2014-04-15,0.12,0.48,0.45,0,0.35,0.64,0.05,0, 0.015948,-0.0265120,-0.035389,-0.0264607,-0.0285053,sell
2014-04-16,0.21,0.37,0.6,0,0.78,0.63,0.14,0,-0.024155,-0.1109014,-0.082212,-0.0876144,-0.0143368,sell
2014-04-17,0.45,0.54,0.54,0,0.7,0.69,0.37,0,-0.001312,-0.0952541,-0.071646,-0.0818983,-0.0085714,sell
2014-04-18,0.48,0.83,0.91,0,0.6,1.31,0.55,0, 0.030754, 0.0299672, 0.032596,-0.0203342,-0.0065164,buy
2014-04-19,0.24,0.45,1.19,0,0.28,2.23,0.31,0, 0.073901, 0.0549940, 0.076610, 0.0579289, 0.0763801,buy
2014-04-20,0.15,0.16,0.43,0,0.11,1.55,0.11,0,-0.039161,-0.0150364,-0.015036,-0.0150019,-0.0143576,sell
2014-04-21,0.1,0,0.13,0,0.04,1.15,0.04,0,-0.067365,-0.0673882,-0.057993,-0.0606778,-0.0702544,sell
2014-04-22,0.18,0,0,0,0,0.93,0,0, 0.037558, 0.0601557,-0.025226, 0.0529902, 0.0302368,buy
2014-04-23,0.38,0,0.09,0,0,1.21,0,0, 0.008024, 0.0277714, 0.005709, 0.0110893,-0.0408910,sell
2014-04-24,0.94,0,0.24,0,0,1.15,0.17,0,-0.031488,-0.0569885,-0.059516,-0.0384975,-0.0369506,sell
2014-04-25,1.21,0,0.36,0,0,0.43,0.73,0, 0.063597, 0.1002582, 0.090048, 0.1036040, 0.1075302,buy
2014-04-26,0.6,0,0.41,0,0,0.39,2.28,0, 0.079647, 0.0778672, 0.078225, 0.0809629, 0.0445683,buy
2014-04-27,0.29,0,0.21,0,0,0.49,2.21,0, 0.102415, 0.0984401, 0.098440, 0.0998225, 0.1069780,buy
2014-04-28,0.26,0,0.07,0,0.09,0.35,1.03,0, 0.008106,-0.0053721,-0.018624,-0.0051622,-0.0080102,sell
2014-04-29,0.68,0,0.19,0,0.59,0.21,0.65,0,-0.032797,-0.0218363, 0.008524,-0.0251261,-0.0321277,sell
2014-04-30,0.49,0,0.55,0,0.55,0.14,1.03,0,-0.026103,-0.0211499, 0.010442,-0.0189839,-0.0206855,sell
2014-05-01,0.31,0,0.82,0,0.15,0.1,0.81,0,-0.006529,-0.0240993,-0.014188,-0.0353498,-0.0240993,sell
2014-05-02,0.41,0,0.69,0,0.13,0.08,0.18,0, 0.033055, 0.0003595,-0.005543,-0.0324898,-0.0105832,sell
2014-05-03,0.74,0,0.41,0,0.3,0.07,0.07,0, 0.007181, 0.0285401, 0.048782,-0.0307106, 0.0060604,buy
2014-05-04,0.78,0,0.1,0,0.59,0.06,0.23,0, 0.000741, 0.0324942, 0.055549, 0.0495549,-0.0353011,buy
2014-05-05,0.5,0.11,0.3,0,0.52,0.12,0.49,0,-0.006083, 0.0121765, 0.008875,-0.0007981,-0.0183560,sell
2014-05-06,0.39,1.07,0.73,0,0.32,0.55,0.85,0,-0.082252,-0.0680720,-0.072044,-0.0680720,-0.0682678,sell
2014-05-07,0.37,1.55,0.38,0,0.36,1.11,0.98,0,-0.011874,-0.0069676,-0.008204,-0.0142767,-0.0082042,sell
2014-05-08,0.36,1,0.24,0,0.74,0.72,0.61,0,-0.049923,-0.0251136,-0.049285, 0.0062748,-0.0615319,sell
2014-05-09,0.41,0.74,0.3,0,1.19,0.13,0.28,0,-0.004770,-0.0496362,-0.044579,-0.0380095, 0.0158973,sell
2014-05-10,0.51,0.47,0.42,0,0.72,0,0.15,0, 0.040270, 0.0818908, 0.042228, 0.0402699, 0.0706052,buy
2014-05-11,0.56,0.13,0.32,0,0.26,0,0.05,0,-0.041483,-0.0053032, 0.115032,-0.0533140,-0.0431781,sell
2014-05-12,0.72,0,0.33,0,0.1,0,0.08,0, 0.008504, 0.0133349, 0.011113,-0.0079301, 0.0136682,buy
2014-05-13,0.83,0.47,0.33,0,0,0,0.13,0,-0.048143,-0.0352764,-0.031123,-0.0504867,-0.0410224,sell
2014-05-14,0.89,0.83,0.67,0,0,0,0.38,0,-0.082032,-0.0926322,-0.030648,-0.0381966,-0.0165659,sell
2014-05-15,0.93,0.32,0.73,0,0.1,0,0.96,0,-0.023900, 0.0167518, 0.042404, 0.0167518,-0.0085259,buy
2014-05-16,1.02,0,0.68,0,0.31,0,0.95,0, 0.012732, 0.0139176, 0.060123, 0.0121461, 0.0184580,buy
2014-05-17,1.24,0.17,1.18,0,0.87,0.06,0.38,0, 0.039245, 0.0636019,-0.020658,-0.0212949,-0.0163655,sell
2014-05-18,1.37,0.4,2.13,0,0.93,0.13,0.2,0, 0.037372, 0.0704804, 0.065977, 0.0693611, 0.1085331,buy
2014-05-19,1.32,0.55,2.51,0,0.36,0.3,0.12,0,-0.014602,-0.0068497,-0.016307,-0.0106894, 0.0136213,sell
2014-05-20,1.05,0.38,1.49,0,0.13,0.95,0.1,0,-0.003428,-0.0020310, 0.051502, 0.0242115,-0.0011263,buy
2014-05-21,1.06,0.27,0.59,0,0,1.63,0.09,0, 0.000154, 0.0333854, 0.033385, 0.0333854, 0.0070416,buy
2014-05-22,1.23,0.28,0.3,0,0,2.07,0.09,0, 0.063715, 0.0635470, 0.052189, 0.0250889, 0.0507583,buy
2014-05-23,1.56,0.38,0.3,0,0,1.47,0.1,0, 0.001964,-0.0411357,-0.031619,-0.0430587,-0.0452476,sell
2014-05-24,2.09,0.49,0.29,0,0,0.83,0.11,0, 0.028007, 0.0164745, 0.032083, 0.0029488,-0.0350840,buy
2014-05-25,2.25,0.42,0.28,0,0,0.62,0.13,0, 0.025455, 0.0121574, 0.029567,-0.0008019,-0.0423340,buy
2014-05-26,1.66,0.17,0.26,0,0,0.32,0.17,0, 0.009770, 0.0022361,-0.000461,-0.0092360, 0.0208734,buy
2014-05-27,1.22,0.07,0.24,0,0,0.16,0.22,0, 0.013548, 0.0133895, 0.012327,-0.0231284, 0.0122203,buy
2014-05-28,0.97,0,0.23,0,0,0.15,0.28,0, 0.032767, 0.0313701, 0.019524, 0.0091727, 0.0425455,buy
2014-05-29,0.78,0,0.21,0,0,0.25,0.24,0, 0.060212, 0.0412015, 0.032474, 0.0140186, 0.0598641,buy
2014-05-30,0.7,0.16,0,0,0,0.58,0.15,0, 0.032657, 0.0316143, 0.035003, 0.0350029, 0.0311964,buy
2014-05-31,0.64,0.59,0,0,0,0.79,0.09,0, 0.042126,-0.0046936, 0.035852, 0.0358522, 0.0387437,buy
2014-06-01,0.61,1.14,0.11,0,0,0.38,0.05,0, 0.003513, 0.0335759,-0.019214,-0.0166395,-0.0110218,sell
2014-06-02,0.58,1.45,0.25,0,0,0.14,0.3,0,-0.022019,-0.0208865,-0.009324,-0.0216933,-0.0208865,sell
2014-06-03,0.52,1.27,0.47,0,0,0,0.84,0,-0.058833,-0.0342677,-0.034401,-0.0416176,-0.0160783,sell
2014-06-04,0.55,1.25,0.36,0,0,0,1.59,0,-0.028047,-0.0267397,-0.037770, 0.0118939,-0.0208614,sell
2014-06-05,0.6,1.5,0.15,0,0,0,1.34,0,-0.014841,-0.0134128,-0.015418, 0.0139088,-0.0094127,sell
2014-06-06,0.74,1.67,0.17,0,0,0,1,0,-0.038478,-0.0373208,-0.036129,-0.0325713,-0.0258172,sell
2014-06-07,1.07,1.72,0.42,0,0,0,0.57,0,-0.002283, 0.0128345, 0.013182,-0.0143691, 0.0015054,buy
2014-06-08,1.52,1.8,0.95,0,0.04,0,0.2,0, 0.043175, 0.0212766, 0.055189, 0.0422216, 0.0514533,buy
2014-06-09,1.66,2.05,0.85,0,0.11,0,0.09,0, 0.034185, 0.0029473, 0.068005, 0.0240578, 0.0337353,buy
2014-06-10,1.2,2.25,0.35,0,0.36,0.03,0.07,0, 0.047203, 0.0438411, 0.046799, 0.0538322, 0.0549554,buy
2014-06-11,0.88,2.37,0.21,0,0.68,0.11,0.2,0, 0.038525, 0.0444194, 0.040233, 0.0527946, 0.0267915,buy
2014-06-12,0.75,2.21,0.46,0,0.55,0.32,0.56,0, 0.020068, 0.0288333, 0.028833, 0.0425798, 0.0239457,buy
2014-06-13,0.8,1.8,0.6,0,0.46,0.22,0.7,0,-0.002992, 0.0100012, 0.010518, 0.0074472, 0.0068152,buy
2014-06-14,0.85,1.44,0.57,0,0.41,0.05,0.29,0,-0.004694,-0.0022458, 0.003888,-0.0227042,-0.0200555,sell
2014-06-15,1.08,1.13,0.31,0,0.2,0,0.15,0,-0.081624, 0.0159662,-0.079539,-0.0673657,-0.0692620,sell
2014-06-16,1.44,0.9,0.22,0,0.1,0,0.12,0,-0.088763,-0.0539426,-0.073517,-0.0850028,-0.0872526,sell
2014-06-17,1.21,0.56,0.28,0,0.05,0,0.29,0,-0.011968,-0.0252695, 0.022881,-0.0252695, 0.0040907,buy
2014-06-18,0.81,0.46,0.55,0,0.03,0,0.42,0,-0.019211,-0.0029710,-0.036670,-0.0256792,-0.0440673,sell
2014-06-19,0.63,0.48,0.9,0,0.13,0,0.25,0,-0.004832,-0.0122941, 0.013939, 0.0074820,-0.0172804,sell
2014-06-20,0.57,0.63,0.64,0,0.23,0,0.1,0,-0.031080,-0.0231397,-0.016499,-0.0341759,-0.0279160,sell
2014-06-21,0.59,1.04,0.36,0,0.46,0.06,0.04,0, 0.052171, 0.0408812, 0.007017, 0.0408812, 0.0381525,buy
2014-06-22,0.63,0.87,0.23,0,0.43,0.16,0,0, 0.043436, 0.0456204, 0.005288, 0.0381695, 0.0448486,buy
2014-06-23,0.7,1.22,0.24,0,0.49,0.44,0,0,-0.022515,-0.0144893,-0.019754,-0.0120305,-0.0259681,sell
2014-06-24,0.79,0.92,0.39,0,0.67,0.79,0,0,-0.019901,-0.0295856,-0.025126,-0.0295205,-0.0311355,sell
2014-06-25,0.92,0.44,0.46,0,1.01,0.49,0,0, 0.006826, 0.0068255, 0.029129, 0.0114444,-0.0309797,buy
2014-06-26,1.25,0.26,0.54,0,1.27,0.17,0,0, 0.007014, 0.0081417,-0.034068,-0.0002802, 0.0014330,sell
2014-06-27,1.66,0.59,0.67,0,1.38,0.06,0,0, 0.039853, 0.0238242,-0.031755, 0.0271071, 0.0453991,buy
2014-06-28,2.26,0.64,0.83,0,1.25,0,0,0,-0.024751,-0.0559016,-0.026200,-0.0381474,-0.0152420,sell
2014-06-29,2.49,0.31,0.93,0,0.99,0,0,0,-0.051396,-0.0574967,-0.002296,-0.0210642,-0.0036259,sell
2014-06-30,1.81,0.49,0.82,0,0.86,0.04,0,0,-0.026136,-0.0331263,-0.026476,-0.0286390,-0.0114659,sell
2014-07-01,1.37,0.84,0.69,0,0.81,0.1,0,0,-0.005915, 0.0207978, 0.020976, 0.0223765, 0.0114366,buy
2014-07-02,1.24,0.55,0.78,0,0.69,0.24,0,0,-0.004391, 0.0102701, 0.015533, 0.0088254, 0.0007784,buy
2014-07-03,1.22,0.18,1.03,0,0.54,0.48,0,0, 0.010906, 0.0317681, 0.003898, 0.0198767, 0.0198767,buy
2014-07-04,1.13,0,0.92,0,0.43,0.39,0.06,0,-0.003848, 0.0118133,-0.016922, 0.0002831, 0.0046503,sell
2014-07-05,1.01,0.24,0.71,0,0.28,0.16,0.17,0,-0.042747, 0.0056175,-0.034102,-0.0388910,-0.0087800,sell
2014-07-06,1,0.59,0.91,0,0.25,0.07,0.49,0, 0.021734, 0.0308482, 0.021630, 0.0249126, 0.0020316,buy
2014-07-07,1.18,0.76,1.39,0,0.22,0,0.69,0, 0.038718, 0.0424066, 0.037124, 0.0260732, 0.0288154,buy
2014-07-08,1.87,1.03,1.06,0,0.21,0,0.33,0, 0.005396, 0.0127538, 0.012754, 0.0062238, 0.0383580,buy
2014-07-09,2.22,1.43,0.67,0,0.22,0,0.11,0,-0.032075, 0.0275965, 0.035686, 0.0031265, 0.0369408,buy
2014-07-10,1.54,1.68,0.48,0,0.27,0,0,0,-0.023117,-0.0299475,-0.029840,-0.0070146, 0.0083688,sell
2014-07-11,1.14,1.38,0.48,0,0.39,0,0,0,-0.059335,-0.0513972,-0.030554,-0.0457188,-0.0514734,sell
2014-07-12,1.43,1.5,0.49,0,0.41,0,0,0,-0.041271,-0.0397627,-0.015280,-0.0403770,-0.0187998,sell
2014-07-13,1.85,1.93,0.5,0,0.26,0,0,0,-0.038254,-0.0255212,-0.039543,-0.0502700,-0.0415195,sell
2014-07-14,1.32,3.11,0.51,0,0.14,0,0,0,-0.124780,-0.1052235,-0.121745,-0.1169793,-0.1139113,sell
2014-07-15,0.71,2.47,0.52,0,0.05,0,0,0,-0.094229,-0.0329964,-0.036309,-0.0411735,-0.0473928,sell
2014-07-16,0.49,1.18,0.52,0,0.06,0,0,0,-0.000074, 0.0281198, 0.028120, 0.0281198, 0.0125304,buy
2014-07-17,0.66,0.35,0.52,0,0.14,0,0,0,-0.012004,-0.0151064,-0.025018,-0.0063181, 0.0027078,sell
2014-07-18,1.34,0.88,0.52,0,0.33,0,0,0,-0.057029,-0.0570292,-0.054646,-0.0570292,-0.0016578,sell
2014-07-19,1.75,1.65,0.53,0,0.36,0,0,0,-0.060306,-0.0017528,-0.020333,-0.0087949,-0.0125081,sell
2014-07-20,0.89,1.65,0.53,0,0.16,0,0,0,-0.003072,-0.0030723, 0.002917,-0.0015461,-0.0214461,sell
2014-07-21,0.51,1.01,0.53,0,0.07,0,0,0, 0.068247, 0.0670102, 0.044794, 0.0650293, 0.0674577,buy
2014-07-22,0.67,0.74,0.53,0,0.03,0,0,0, 0.012340, 0.0053171, 0.041739, 0.0323954, 0.0415803,buy
2014-07-23,1.46,1.06,0.53,0,0,0,0,0,-0.036589,-0.0293208,-0.054750,-0.0560705,-0.0504595,sell
2014-07-24,3.05,1.49,0.53,0,0,0,0,0,-0.043471,-0.0111527,-0.019471,-0.0284835,-0.0205178,sell
2014-07-25,3,1.78,0.52,0,0,0,0,0,-0.044444,-0.0220483,-0.005998,-0.0273972, 0.0182477,sell
2014-07-26,1.22,1.92,0.52,0,0,0,0,0, 0.001516,-0.0021810, 0.006200, 0.0116023, 0.0175007,buy
2014-07-27,0.51,2.86,0.52,0,0,0,0,0,-0.037895,-0.0507376,-0.050889,-0.0366111,-0.0465762,sell
2014-07-28,0.49,2.69,0.91,0,0,0,0,0, 0.014861, 0.0126729, 0.014518, 0.0246424, 0.0125892,buy
2014-07-29,0.58,1.55,1.47,0,0,0,0,0,-0.028259,-0.0288341,-0.024421, 0.0219940, 0.0019408,sell
2014-07-30,0.87,1.51,1.68,0,0,0,0,0,-0.018364,-0.0014161, 0.007551, 0.0221831,-0.0474911,sell
2014-07-31,1.56,1.3,1.07,0,0,0,0,0,-0.016818,-0.0047404,-0.009484,-0.0094838, 0.0025902,sell
2014-08-01,2.38,1.66,0.8,0,0,0,0,0, 0.064875, 0.0532006, 0.078459, 0.0613976, 0.0701526,buy
2014-08-02,1.8,1.44,0.65,0,0,0,0,0,-0.054891,-0.0002155,-0.014275,-0.0096805,-0.0048464,sell
2014-08-03,1.22,0.68,1.6,0,0,0,0,0,-0.053546,-0.0206372,-0.044559,-0.0368034,-0.0484258,sell
2014-08-04,1.1,1.27,2.11,0,0,0,0,0,-0.039719,-0.0219907,-0.024570,-0.0132471,-0.0375138,sell
2014-08-05,1.37,1.97,1.09,0,0,0,0,0, 0.029226,-0.0429268, 0.024320, 0.0196717, 0.0261315,buy
2014-08-06,1.85,1.51,0.96,0,0,0,0,0, 0.010622, 0.0324414, 0.033676, 0.0324522, 0.0421043,buy
2014-08-07,2.47,0.92,0.99,0,0,0,0,0, 0.039577, 0.0502696, 0.059678, 0.0539969, 0.0551349,buy
2014-08-08,3.04,0.64,1.66,0,0,0,0,0, 0.004656, 0.0193074, 0.037487, 0.0088548, 0.0215489,buy
2014-08-09,2.44,0.65,1.93,0,0,0,0,0, 0.035256, 0.0352562, 0.057924, 0.0381595, 0.0597664,buy
2014-08-10,1.29,0.67,1.16,0,0,0,0.22,0,-0.009868, 0.0259472, 0.014610, 0.0097392, 0.0014738,buy
2014-08-11,0.85,0.69,1.06,0,0,0,0.91,0,-0.036388,-0.0376480,-0.033458,-0.0467977,-0.0417323,sell
2014-08-12,0.65,1.17,1.06,0,0,0,0.9,0,-0.053031,-0.0530314,-0.049778,-0.1136136,-0.0531127,sell
2014-08-13,0.44,1.96,1.22,0,0,0,0.64,0, 0.000856,-0.0601238,-0.011458,-0.0164995, 0.0008164,sell
2014-08-14,0.41,1.58,1.44,0,0,0,1.12,0,-0.058741,-0.0498095,-0.048942,-0.0498977,-0.0604581,sell
2014-08-15,0.39,1.26,1.48,0,0,0,1.45,0,-0.056390,-0.0509261,-0.050926,-0.0566957,-0.0561823,sell
2014-08-16,0.36,1.45,1.83,0,0,0,1.04,0,-0.058613,-0.0474680,-0.045748,-0.0565174,-0.0566333,sell
2014-08-17,0.33,1.19,2.25,0,0.05,0.07,0.83,0,-0.029766,-0.0101811,-0.018966,-0.0137293,-0.0415639,sell
2014-08-18,0.37,1.21,1.68,0,0.15,0.4,0.46,0,-0.040501,-0.0330940,-0.041430,-0.0395721,-0.0383138,sell
2014-08-19,0.38,1.39,1.09,0,0.43,0.93,0.41,0, 0.058846, 0.0572378, 0.031833, 0.0444051, 0.0465437,buy
2014-08-20,0.58,1.16,1.05,0,0.36,0.4,0.3,0, 0.021844, 0.0334934, 0.026903, 0.0476918, 0.0278183,buy
2014-08-21,1.11,1,1.3,0,0.24,0.08,0.07,0,-0.022159, 0.0007743, 0.007837, 0.0130303,-0.0437398,sell
2014-08-22,1.2,1.1,1.22,0,0.24,0,0.02,0,-0.012338, 0.0127166, 0.017997, 0.0237965,-0.0312398,sell
2014-08-23,1.13,1.41,1.42,0,0.19,0,0.11,0,-0.005555, 0.0125541, 0.019232, 0.0180422,-0.0148787,buy
2014-08-24,1.08,1.62,1.53,0,0.12,0,0.49,0,-0.084585,-0.0858068,-0.081794,-0.0853551,-0.0997836,sell
2014-08-25,1.12,1.33,1.28,0,0.08,0.05,1.09,0,-0.026066, 0.0021656,-0.004568, 0.0021656,-0.0349166,sell
2014-08-26,0.66,1.13,0.57,0,0.22,0.15,0.6,0,-0.029672, 0.0291886, 0.012870, 0.0291886,-0.0034681,buy
2014-08-27,0.34,1,0.22,0,0.82,0.69,0.29,0,-0.019223, 0.0250860,-0.015124,-0.0093747,-0.0231368,sell
2014-08-28,0.13,1.02,0.23,0,0.78,1.01,0.42,0,-0.039701, 0.0334285,-0.026486,-0.0306919,-0.0328832,sell
2014-08-29,0.12,1.04,0.25,0,0.4,1.61,1.03,0, 0.064243, 0.0436061,-0.030986, 0.0431471,-0.0124141,buy
2014-08-30,0.11,1.07,0.27,0,0.48,1.46,1.03,0, 0.052710, 0.0451345, 0.010615, 0.0236366, 0.0080707,buy
2014-08-31,0.15,1.18,0.2,0,0.8,0.79,0.64,0,-0.047104, 0.0314732,-0.047104, 0.0303175,-0.0252998,sell
2014-09-01,0.22,1.41,0.25,0,0.78,0.5,0.37,0,-0.083393,-0.0483170,-0.034141,-0.0476263,-0.0570218,sell
2014-09-02,0.38,1.69,0.3,0,0.64,0.32,0.17,0, 0.010325, 0.0026847, 0.015981, 0.0060489, 0.0093907,buy
2014-09-03,0.63,1.51,0.36,0,0.61,0.82,0.1,0,-0.019929,-0.0552839,-0.027002,-0.0556170,-0.0634892,sell
2014-09-04,0.49,1.46,0.65,0,0.38,1.37,0.09,0, 0.045277, 0.0438087, 0.009448, 0.0242444,-0.0031054,buy
2014-09-05,0.24,1.7,1.26,0,0.23,0.83,0.07,0, 0.029067, 0.0270638, 0.026287, 0.0289493, 0.0163731,buy
2014-09-06,0.12,1.95,1.8,0,0.14,0.54,0.07,0,-0.013870,-0.0510686,-0.027320,-0.0172408,-0.0510686,sell
2014-09-07,0,1.59,1.26,0,0.18,0.63,0.11,0, 0.030861, 0.0412209, 0.060259, 0.0544736, 0.0552765,buy
2014-09-08,0,1.32,0.89,0,0.23,0.79,0.38,0, 0.012289, 0.0089067,-0.002522,-0.0025221, 0.0006490,buy
2014-09-09,0,1.34,0.59,0,0.42,0.86,0.75,0,-0.026738, 0.0128848,-0.024837, 0.0146706, 0.0042024,sell
2014-09-10,0,1.38,0.35,0,0.57,1.13,1.35,0, 0.064468, 0.0302246, 0.064509, 0.0546403, 0.0609011,buy
2014-09-11,0,1.54,0.33,0,0.5,0.63,1.63,0, 0.034071, 0.0237938, 0.040501, 0.0588150, 0.0385206,buy
2014-09-12,0.14,1.66,0.65,0,0.66,0.23,1.06,0, 0.021973, 0.0129652, 0.010032, 0.0235680, 0.0152511,buy
2014-09-13,0.33,1.85,0.71,0,1.1,0,0.53,0, 0.009928, 0.0204428, 0.021548, 0.0030561,-0.0418769,buy
2014-09-14,0.63,2.03,0.31,0,1.09,0,0.31,0, 0.020712, 0.0307482, 0.032347, 0.0062199, 0.0016254,buy
2014-09-15,0.46,1.83,0.19,0,1.39,0,0.23,0,-0.034918,-0.0294410,-0.034997,-0.0272273,-0.0713920,sell
2014-09-16,0.24,2.2,0.31,0,1.83,0,0.42,0,-0.070234,-0.0702340,-0.041781,-0.0544638,-0.0702340,sell
2014-09-17,0.19,2.78,0.71,0,1.33,0.08,0.39,0,-0.060450,-0.0731703,-0.040577,-0.0727100,-0.0626257,sell
2014-09-18,0.18,2.24,0.81,0,0.9,0.19,0.26,0,-0.051422,-0.0661732,-0.007954,-0.0947957,-0.0560043,sell
2014-09-19,0.22,1.56,0.47,0,0.74,0.37,0.3,0,-0.025774,-0.0291207, 0.012880,-0.0240431,-0.0240431,sell
2014-09-20,0.27,1.15,0.32,0,0.77,0.78,0.65,0,-0.040558, 0.0330333,-0.039475, 0.0313575,-0.0251605,sell
2014-09-21,0.33,1.12,0.4,0,1.24,1.37,1.15,0, 0.007586, 0.0390831, 0.021592, 0.0796128, 0.0097741,buy
2014-09-22,0.4,1.1,0.49,0,1.37,1.45,0.75,0, 0.024418, 0.0304515,-0.062237, 0.0449081, 0.0256592,buy
2014-09-23,0.49,1.06,0.6,0,0.98,1.02,0.35,0,-0.089726,-0.0677257,-0.102843,-0.0795908,-0.0547295,sell
2014-09-24,0.6,1.18,0.59,0,0.89,0.82,0.28,0,-0.055946,-0.0337504,-0.063302,-0.0705316,-0.0669665,sell
2014-09-25,0.7,1.32,0.48,0,0.96,0.85,0.28,0,-0.058826,-0.0487510,-0.058178,-0.0782212,-0.0758476,sell
2014-09-26,0.67,1.59,0.66,0,1.05,0.72,0.2,0,-0.049775,-0.0662691,-0.061175,-0.0670849,-0.0733418,sell
2014-09-27,0.55,1.66,0.99,0,1.03,1.07,0.1,0,-0.030305,-0.0178133,-0.046061,-0.0309772,-0.0447160,sell
2014-09-28,0.45,1.36,1.46,0,1.07,1.46,0.05,0, 0.051583, 0.0513791, 0.050037, 0.0471295, 0.0447090,buy
2014-09-29,0.37,1.15,1.08,0,1.22,1.18,0.03,0, 0.006381, 0.0215628, 0.013582, 0.0135818, 0.0075195,buy
2014-09-30,0.31,1.04,0.53,0,1.26,0.95,0,0,-0.069892,-0.0393943,-0.068020,-0.0654421,-0.0117178,sell
2014-10-01,0.33,0.87,0.15,0,1.01,0.56,0,0,-0.060936,-0.0400449,-0.060936,-0.0858042,-0.0401635,sell
2014-10-02,0.37,0.84,0.45,0,0.71,0.53,0,0,-0.007851,-0.0083433,-0.008550,-0.0474388,-0.0052319,sell
2014-10-03,0.52,0.81,1.11,0,0.52,1.09,0,0, 0.001681, 0.0136771, 0.013677, 0.0136771, 0.0016813,buy
2014-10-04,0.91,0.79,1.18,0,0.4,1.77,0.06,0, 0.062462,-0.0361397, 0.008652,-0.0091085, 0.0069368,buy
2014-10-05,1.01,0.77,0.59,0,0.32,1.16,0.07,0,-0.038117,-0.0446490,-0.087541,-0.0875405, 0.0059217,sell
2014-10-06,0.67,0.75,0.38,0,0.31,0.51,0.08,0, 0.033381, 0.0101835, 0.029299, 0.0386951, 0.0088124,buy
2014-10-07,0.56,0.72,0.6,0,0.33,0.29,0.22,0,-0.002941,-0.0044376,-0.004382, 0.0668116,-0.0112081,sell
2014-10-08,0.6,0.7,0.36,0,0.44,0.19,0.34,0, 0.045628, 0.0353145, 0.033876, 0.0533415, 0.0335153,buy
2014-10-09,0.5,0.86,0.32,0,0.4,0.29,0.61,0, 0.049708, 0.0448143, 0.031202, 0.0434206, 0.0424035,buy
2014-10-10,0.29,0.99,0.53,0,0.32,0.32,1.11,0,-0.061870,-0.0746014,-0.073511,-0.0742096,-0.0718383,sell
2014-10-11,0.15,1.67,0.59,0,0.3,0.25,1.5,0,-0.051905,-0.0709291,-0.048946,-0.0303251,-0.0482554,sell
2014-10-12,0.09,2.14,0.2,0,0.49,0.2,1.24,0,-0.035751,-0.0357514,-0.035692,-0.0381229,-0.0147904,sell
2014-10-13,0.05,2.3,0,0,0.85,0.21,1.03,0,-0.006637,-0.0059930,-0.006871,-0.0089155, 0.0062987,sell
2014-10-14,0.03,1.96,0,0,1.59,0.3,1,0,-0.021906,-0.0219062,-0.017152,-0.0219062, 0.0156307,sell
2014-10-15,0,2.3,0,0,2.67,0.36,0.75,0, 0.100345, 0.1003447, 0.062883, 0.0893825, 0.1003447,buy
2014-10-16,0,1.84,0,0,2.48,0.25,0.62,0, 0.098933, 0.1052204, 0.071538, 0.0943096, 0.1052204,buy
2014-10-17,0,0.95,0,0,2.79,0.2,0.68,0, 0.107938, 0.1079379, 0.060126, 0.0813255, 0.1079379,buy
2014-10-18,0,1.14,0,0,2.11,0.38,0.83,0, 0.076773, 0.0767725, 0.066806, 0.0665791, 0.0735413,buy
2014-10-19,0,1.9,0,0,1.09,0.27,1.02,0,-0.037352,-0.0329575,-0.034666,-0.0287220,-0.0135733,sell
2014-10-20,0,1.93,0,0,0.91,0.06,1.17,0,-0.021117,-0.0223654,-0.017184,-0.0171843, 0.0168418,sell
2014-10-21,0,1.9,0,0,0.79,0,1.02,0,-0.000666,-0.0001391, 0.005850, 0.0058504, 0.0206448,buy
2014-10-22,0,2.1,0,0,0.72,0,0.71,0, 0.012440, 0.0109229, 0.015707, 0.0157072, 0.0160132,buy
2014-10-23,0,1.27,0,0,0.55,0,0.55,0,-0.003281,-0.0273189,-0.001395, 0.0110341,-0.0313155,sell
2014-10-24,0,0.71,0,0,0.5,0,0.44,0,-0.050665,-0.0506312,-0.029289,-0.0459980,-0.0208846,sell
2014-10-25,0.33,0.4,0,0,0.39,0.05,0.38,0,-0.020782,-0.0238259, 0.001252,-0.0224247, 0.0100479,sell
2014-10-26,0.93,0.39,0,0,0.24,0.1,0.32,0, 0.014999, 0.0244231, 0.011557,-0.0084624, 0.0134718,buy
2014-10-27,2.33,0.37,0,0,0.18,0.12,0.28,0,-0.016454,-0.0137928,-0.012744, 0.0070856, 0.0028841,sell
2014-10-28,2.48,0.36,0,0,0.13,0.12,0.26,0,-0.024800,-0.0229788,-0.016874,-0.0021004,-0.0032532,sell
2014-10-29,1.17,0.68,0,0,0.1,0.13,0.44,0,-0.052031, 0.0338350,-0.060055,-0.0539758, 0.0326123,sell
2014-10-30,0.45,1.06,0,0,0.07,0.11,0.71,0, 0.022138, 0.0074920, 0.040146, 0.0129762, 0.0399484,buy
2014-10-31,0.14,1.83,0,0,0.07,0.11,1.33,0,-0.035025,-0.0407937,-0.035025,-0.0213346,-0.0350254,sell
2014-11-01,0.12,1.83,0,0,0.08,0.07,2.55,0,-0.028866,-0.0384929, 0.019632, 0.0130947,-0.0288657,sell
2014-11-02,0.44,1.23,0.28,0,0.26,0.08,2.55,0, 0.004910,-0.0038921, 0.023015, 0.0278968, 0.0033906,buy
2014-11-03,0.83,0.7,0.6,0,0.55,0.19,1.65,0, 0.039559, 0.0400027, 0.017101, 0.0453860, 0.0380948,buy
2014-11-04,0.73,0.51,0.64,0,1.29,0.27,1.08,0,-0.005229,-0.0052285,-0.054670, 0.0022159,-0.0027863,sell
2014-11-05,0.81,0.4,0.72,0,1.26,0.4,0.46,0, 0.025606, 0.0197968, 0.004348,-0.0105995, 0.0611546,buy
2014-11-06,0.57,0.59,0.55,0,1.06,0.64,0.09,0, 0.067383, 0.0644514, 0.061371, 0.0484609, 0.0109672,buy
2014-11-07,0.23,0.93,0.22,0,1.02,1.08,0.04,0,-0.003468, 0.0013738,-0.039225, 0.0173576, 0.0237872,buy
2014-11-08,0.09,0.5,0,0,0.65,1.46,0,0, 0.023574,-0.0047817,-0.009065, 0.0155528, 0.0339593,sell
2014-11-09,0,0.13,0,0,0.89,1.25,0.09,0,-0.029304,-0.0162123,-0.025537,-0.0974153,-0.0085141,sell
2014-11-10,0.27,0,0,0,0.98,1,0.17,0,-0.062395,-0.0775466,-0.080987,-0.0057797, 0.0138541,sell
2014-11-11,1.08,0,0,0,0.58,0.87,0.34,0,-0.017266, 0.0006624,-0.005926,-0.0459779,-0.0118255,sell
2014-11-12,1.36,0,0,0,0.46,0.69,0.66,0, 0.028009, 0.0427606, 0.046772,-0.0237230,-0.0224608,buy
2014-11-13,0.44,0.15,0,0,0.47,0.89,0.69,0,-0.017994,-0.0087189, 0.043927,-0.0132133, 0.0023659,buy
2014-11-14,0.11,0.48,0,0,0.25,0.88,0.42,0,-0.087373,-0.0753344,-0.079674,-0.0829515,-0.0673399,sell
2014-11-15,0.08,0.69,0,0,0.1,0.49,0.42,0,-0.082624,-0.0609150,-0.050194,-0.0739051,-0.0662851,sell
2014-11-16,0.35,0.31,0.31,0,0.05,0.59,0.65,0, 0.005466, 0.0469106, 0.047371,-0.0060605,-0.0091222,buy
2014-11-17,0.7,0,0.59,0,0,1.09,0.31,0,-0.122798,-0.1296286,-0.124641,-0.0758626,-0.1246412,sell
2014-11-18,0.32,0.18,0.26,0,0.16,2.01,0.08,0,-0.029283, 0.0147079, 0.005464, 0.0081285, 0.0583017,buy
2014-11-19,0.08,0.59,0,0,0.68,2.03,0,0, 0.020238, 0.0077957, 0.020562, 0.0217688, 0.0202379,buy
2014-11-20,0,0.84,0,0,0.71,1.81,0,0, 0.014536,-0.0061586,-0.016560, 0.0098358, 0.0073321,sell
2014-11-21,0,0.58,0,0,0.17,2.24,0,0, 0.006126, 0.0367918, 0.016447, 0.0503184, 0.0228686,buy
2014-11-22,0,0.35,0.09,0,0.02,2.12,0,0, 0.012620, 0.0297609, 0.022874, 0.0421604, 0.0154013,buy
2014-11-23,0,0.22,0.18,0,0.09,1.84,0,0, 0.017248, 0.0343889, 0.031436, 0.0462145, 0.0275257,buy
2014-11-24,0.07,0.25,0.34,0,0.26,1.91,0,0,-0.001995, 0.0290054, 0.038286, 0.0277931, 0.0233476,buy
2014-11-25,0.21,0.51,0.36,0,0.57,1.69,0,0, 0.043754, 0.0534467, 0.063664, 0.0495371, 0.0692688,buy
2014-11-26,0.66,1.01,0.19,0,0.62,1.42,0,0, 0.064032, 0.0531888, 0.059680, 0.0275961, 0.0648899,buy
2014-11-27,0.69,0.84,0.1,0,0.32,1.09,0.19,0,-0.072676,-0.0514175,-0.064664,-0.0533342,-0.0569149,sell
2014-11-28,0.23,0.41,0,0,0.13,1.5,0.45,0, 0.007840, 0.0163418, 0.011515, 0.0163418, 0.0445087,buy
2014-11-29,0.07,0.46,0,0,0.04,1.72,1.13,0, 0.034818, 0.0313817,-0.001593, 0.0190155, 0.0141225,buy
2014-11-30,0,0.52,0,0,0.05,1.15,1.53,0,-0.009106,-0.0085226,-0.015072,-0.0104577,-0.0131896,sell
2014-12-01,0,0.59,0,0,0.11,1.17,1.4,0,-0.007808,-0.0060542,-0.016549,-0.0152477,-0.0118923,sell
2014-12-02,0.17,0.66,0,0,0.2,1.39,1.09,0, 0.026392, 0.0233322,-0.070734, 0.0214038,-0.0631723,sell
2014-12-03,0.45,0.7,0,0,0.42,1.21,0.55,0,-0.046625,-0.0333750,-0.063880,-0.0174921,-0.0479180,sell
2014-12-04,1.24,0.66,0,0,0.73,0.93,0.31,0,-0.030873,-0.0420731,-0.043702,-0.0265922,-0.0163277,sell
2014-12-05,1.53,0.58,0,0,0.93,0.85,0.25,0,-0.008250,-0.0173784,-0.008044,-0.0224620,-0.0011621,sell
2014-12-06,1.06,0.52,0,0,0.81,0.88,0.42,0,-0.018373, 0.0095088,-0.016410,-0.0154933,-0.0092387,sell
2014-12-07,0.36,0.46,0,0,0.7,0.88,1.01,0,-0.018451, 0.0184044,-0.038889, 0.0316059,-0.0359713,sell
2014-12-08,0.05,0.41,0,0,1.05,0.75,1.65,0, 0.000374,-0.0117518,-0.012402,-0.0130283,-0.0229036,sell
2014-12-09,0,0.37,0,0,1.6,0.65,0.82,0,-0.005089,-0.0150154,-0.017415,-0.0023241,-0.0289970,sell
2014-12-10,0.05,0.33,0,0,1.59,0.58,0.26,0,-0.016983,-0.0318848,-0.009381,-0.0233271, 0.0028079,sell
2014-12-11,0.23,0.29,0,0,1.52,0.53,0.07,0,-0.030611,-0.0566114, 0.008532,-0.0371870,-0.0322822,sell
2014-12-12,0.5,0.26,0,0,0.99,0.51,0.2,0, 0.033065, 0.0237751,-0.018551, 0.0211901,-0.0116832,sell
2014-12-13,0.42,0.24,0,0,0.5,0.49,0.61,0, 0.020797, 0.0033103, 0.001248, 0.0012484, 0.0200834,buy
2014-12-14,0.47,0.21,0,0,0.38,0.5,1.4,0,-0.025140,-0.0033600,-0.004013,-0.0159738,-0.0244523,sell
2014-12-15,0.31,0.37,0,0,0.54,0.51,1.01,0, 0.000949,-0.0048369,-0.023330, 0.0030544, 0.0009494,sell
2014-12-16,0.12,0.59,0,0,0.99,0.5,0.33,0,-0.064804,-0.0400427,-0.055025,-0.0525836,-0.0195824,sell
2014-12-17,0.05,0.46,0,0,0.72,0.55,0.18,0,-0.061561,-0.0330128,-0.004832,-0.0309459,-0.0268134,sell
2014-12-18,0,0.23,0,0,0.45,0.6,0.34,0,-0.017535,-0.0175348,-0.002230, 0.0263507, 0.0335672,sell
2014-12-19,0,0.13,0,0,0.54,0.75,1.2,0,-0.007780,-0.0470506,-0.007608,-0.0642010,-0.0104827,sell
2014-12-20,0,0.12,0,0,1.12,0.99,2.39,0, 0.056407, 0.0576734, 0.037800, 0.0425204, 0.0535049,buy
2014-12-21,0.11,0.42,0.1,0,1.91,1.53,1.99,0, 0.054088, 0.0462607, 0.056172, 0.0486511, 0.0453564,buy
2014-12-22,0.23,0.31,0.11,0,1.71,2.19,0.91,0, 0.069320, 0.0649318, 0.088338, 0.0741812, 0.0795002,buy
2014-12-23,0.49,0.07,0.12,0,0.9,1.86,0.37,0,-0.020971,-0.0218816,-0.023405,-0.0234049,-0.0234049,sell
2014-12-24,0.83,0,0.12,0,0.43,1.79,0.55,0,-0.014994, 0.0623058,-0.029620,-0.0582527,-0.0611464,sell
2014-12-25,0.67,0,0.13,0,0.22,2.49,1.22,0,-0.082132,-0.1060360,-0.098875,-0.0995403,-0.0776605,sell
2014-12-26,0.32,0.07,0.22,0,0.05,4.22,1.64,0, 0.012529,-0.0736139, 0.012506, 0.0125286, 0.0022333,buy
2014-12-27,0.15,0.18,0.42,0,0,3.52,1.5,0,-0.009798,-0.0656337, 0.018761,-0.0097976,-0.0203893,sell
2014-12-28,0.07,0.41,0.53,0,0.03,2.16,0.65,0, 0.030018, 0.0232190,-0.033704, 0.0232190, 0.0232190,buy
2014-12-29,0,0.35,0.42,0,0.07,2.66,0.27,0,-0.014158,-0.0149676,-0.018156, 0.0176316,-0.0074162,sell
2014-12-30,0,0.13,0.55,0,0.14,2.23,0.11,0,-0.012041,-0.0128701,-0.010318, 0.0047884,-0.0116331,sell
2014-12-31,0,0,0.5,0,0.3,1.17,0,0, 0.006466, 0.0442452, 0.027663, 0.0193819, 0.0126411,buy
2015-01-01,0,0,0.3,0,0.41,0.98,0.07,0, 0.016617, 0.0558897, 0.036988, 0.0208601, 0.0001457,buy
2015-01-02,0,0,0.25,0,0.36,1.45,0.38,0,-0.070430,-0.0522033,-0.063331,-0.0704300,-0.0393921,sell
2015-01-03,0,0,0.27,0,0.44,1.61,1.07,0,-0.072749,-0.0759057,-0.079212,-0.0541713,-0.0388614,sell
2015-01-04,0,0,0.29,0,0.33,1.62,2.12,0,-0.056484,-0.0270022,-0.031202,-0.0416920,-0.0582022,sell
2015-01-05,0,0,0.31,0,0.22,1.34,2.33,0,-0.032171,-0.0045766,-0.001043,-0.0045766,-0.0322967,sell
2015-01-06,0,0,0.34,0,0.51,1.69,1.49,0, 0.022537,-0.0463716, 0.045605, 0.0618641, 0.0069687,buy
2015-01-07,0,0,0.37,0,1.49,1.93,0.47,0, 0.076041, 0.0693688, 0.105761, 0.0891839, 0.0693372,buy
2015-01-08,0,0,0.4,0,2.38,1.84,0.11,0, 0.039785,-0.0080274, 0.045986,-0.0153424, 0.0419371,buy
2015-01-09,0,0.24,0.52,0,1.36,2.21,0.05,0, 0.034690, 0.0362081, 0.036964, 0.0058093, 0.0326518,buy
2015-01-10,0,0.51,0.71,0,0.42,2.76,0.07,0,-0.000869, 0.0008919, 0.000892, 0.0402182, 0.0238432,buy
2015-01-11,0,0.83,0.88,0,0.08,2.49,0.23,0, 0.020551, 0.0191015,-0.007585, 0.0190825, 0.0289037,sell
2015-01-12,0.08,0.64,0.76,0,0.2,1.33,0.55,0, 0.011349,-0.0235547, 0.002488, 0.0116649,-0.0053832,sell
2015-01-13,0.41,0.3,0.67,0,0.69,0.64,1.31,0,-0.030794,-0.0602103,-0.056661,-0.0698668,-0.0566609,sell
2015-01-14,1.22,0.14,0.58,0,1.63,0.3,1.53,0, 0.002999, 0.0029994,-0.024334,-0.0223138,-0.0232882,sell
2015-01-15,1.65,0,0.53,0,1.91,0.14,0.98,0, 0.012324,-0.0066898, 0.009642, 0.0096422, 0.0134517,buy
2015-01-16,0.95,0,0.48,0,1.18,0.17,0.67,0, 0.042298, 0.0161687, 0.048951, 0.0598423, 0.0097542,buy
2015-01-17,0.4,0,0.45,0,0.51,0.42,0.44,0,-0.049904,-0.0164375,-0.047433,-0.0467620,-0.0202538,sell
2015-01-18,0.16,0,0.41,0,0.24,0.84,0.24,0, 0.094426, 0.0844511, 0.067634, 0.0768554, 0.0227872,buy
2015-01-19,0.09,0,0.37,0,0.16,1.27,0.17,0, 0.039017, 0.0278207, 0.039017, 0.0404440, 0.0390175,buy
2015-01-20,0.06,0,0.34,0,0.08,1.03,0.29,0, 0.045943, 0.0258264, 0.044668, 0.0495890, 0.0446675,buy
2015-01-21,0,0,0.31,0,0.07,0.47,0.48,0, 0.088530, 0.1004674, 0.081417, 0.0920203, 0.0470056,buy
2015-01-22,0,0,0.29,0,0.1,0.19,0.96,0, 0.005793,-0.0485090,-0.047479,-0.0425270, 0.0166439,sell
2015-01-23,0.07,0,0.26,0,0.39,0.14,1.14,0, 0.000640, 0.0301134, 0.025652,-0.0097603, 0.0129173,buy
2015-01-24,0.1,0.14,0.24,0,0.76,0.31,0.66,0, 0.024927, 0.0614502, 0.020794, 0.0608308, 0.0656507,buy
2015-01-25,0.18,0.45,0.22,0,1.65,0.95,0.35,0,-0.003845,-0.0463643,-0.042475,-0.0376172,-0.0178703,sell
2015-01-26,0.38,0.83,0.2,0,2.68,1.45,0.37,0, 0.068599, 0.0478124, 0.068557, 0.0442117, 0.0472808,buy
2015-01-27,0.84,0.47,0.39,0,2.39,0.89,0.65,0, 0.021360, 0.0351400, 0.010741, 0.0227977, 0.0227977,buy
2015-01-28,0.75,0.15,0.6,0,1.65,0.34,0.89,0,-0.031171,-0.0397793,-0.056025,-0.0404570,-0.0115115,sell
2015-01-29,0.29,0,0.86,0,1.15,0.12,0.68,0, 0.034274, 0.0774567, 0.079124, 0.0340923, 0.0864951,buy
2015-01-30,0.18,0,0.68,0,0.66,0.07,0.73,0, 0.025381, 0.0195174, 0.019492, 0.0004635, 0.0257689,buy
2015-01-31,0.21,0,0.38,0,0.83,0.09,0.6,0, 0.016388, 0.0046758, 0.005407, 0.0099536, 0.0037488,buy
2015-02-01,0.54,0,0.23,0,1.13,0.11,0.68,0, 0.078484, 0.0675929, 0.068267, 0.0722483,-0.0067733,buy
2015-02-02,0.83,0,0.21,0,1.99,0.14,0.97,0,-0.042899,-0.0547171,-0.025236,-0.0309167,-0.0584178,sell
2015-02-03,0.48,0,0.25,0,1.9,0.18,0.95,0,-0.082313,-0.0882933,-0.065856,-0.0833808,-0.0825411,sell
2015-02-04,0.19,0,0.36,0,1.27,0.23,1.21,0, 0.005535, 0.0050175, 0.017556, 0.0128494, 0.0050175,buy
2015-02-05,0.07,0,0.42,0,0.8,0.34,1.65,0,-0.004013, 0.0456263,-0.003972, 0.0426803,-0.0040130,buy
2015-02-06,0,0,0.74,0,0.56,0.43,1.17,0, 0.048241, 0.0481443, 0.046923,-0.0001790, 0.0335499,buy
2015-02-07,0,0,0.82,0,0.66,0.47,0.92,0,-0.001522, 0.0344198,-0.015231,-0.0338104,-0.0024114,sell
2015-02-08,0,0,0.37,0,0.35,0.61,0.85,0,-0.004118,-0.0178287,-0.005281,-0.0212549,-0.0137809,sell
2015-02-09,0,0,0.35,0,0.12,0.89,0.4,0, 0.098652, 0.1217362, 0.096463, 0.1198787, 0.0571560,buy
2015-02-10,0,0,0.53,0,0.04,0.9,0.19,0, 0.055936, 0.1203370, 0.104209, 0.1064431, 0.1082689,buy
2015-02-11,0,0,0.4,0,0,0.71,0.09,0, 0.044812, 0.1386900, 0.115735, 0.1157345, 0.1129979,buy
2015-02-12,0,0,0.25,0,0,0.66,0.09,0, 0.044769, 0.1155047, 0.078858, 0.0807679, 0.0677289,buy
2015-02-13,0.05,0,0.3,0,0,0.62,0.11,0, 0.058095, 0.1003166, 0.085605, 0.0987640, 0.0790606,buy
2015-02-14,0.06,0.2,0.45,0,0,0.65,0.14,0, 0.050520, 0.0643800, 0.087244, 0.0806843, 0.0806843,buy
2015-02-15,0.07,0.51,0.52,0,0.03,0.84,0.19,0,-0.059694,-0.0378077, 0.049327,-0.0351712,-0.0326324,sell
2015-02-16,0.08,0.84,0.61,0,0.04,1.14,0.28,0,-0.009583, 0.0096757, 0.004644,-0.0119629, 0.0225045,buy
2015-02-17,0.1,0.52,0.72,0,0.05,1.69,0.46,0, 0.062065, 0.0156546,-0.006870, 0.0135405, 0.0151708,buy
2015-02-18,0.11,0.28,0.75,0,0.15,1.85,0.79,0, 0.041797, 0.0220288,-0.026820, 0.0356524, 0.0318328,buy
2015-02-19,0.13,0.25,0.69,0,0.24,1.3,1.12,0,-0.023341,-0.0086487,-0.028683,-0.0233406, 0.0015247,sell
2015-02-20,0.15,0.64,0.64,0,0.41,0.87,0.84,0,-0.073259,-0.0732586,-0.067419,-0.0707801,-0.0727385,sell
2015-02-21,0.18,0.82,0.59,0,0.76,0.51,0.43,0,-0.042951,-0.0613664,-0.058519,-0.0768016,-0.0412479,sell
2015-02-22,0.53,0.4,0.57,0,1.34,0.2,0.21,0,-0.039724,-0.0483885,-0.053544,-0.0489367, 0.0140408,sell
2015-02-23,1.06,0.09,0.55,0,1.16,0.11,0.1,0,-0.053415,-0.0531650,-0.071972,-0.0719717,-0.0745063,sell
2015-02-24,1.98,0,0.56,0,0.83,0.06,0,0, 0.018069, 0.0100109, 0.082479, 0.0843463, 0.0893658,buy
2015-02-25,2.26,0,0.56,0,1.06,0.04,0,0,-0.029294,-0.0133480,-0.003621, 0.0446098,-0.0053916,sell
2015-02-26,2.27,0,0.58,0,1.7,0,0.05,0,-0.018243, 0.0056701,-0.018243, 0.0187019,-0.0250004,sell
2015-02-27,1.97,0,0.62,0,1.76,0,0.13,0, 0.042624, 0.0128538, 0.049570, 0.0541392, 0.0384092,buy
2015-02-28,1.28,0,0.75,0,1.68,0,0.34,0,-0.000714,-0.0468882, 0.002768,-0.0002766, 0.0001815,buy
2015-03-01,0.89,0,0.9,0,2.3,0,0.76,0, 0.030570,-0.0141047,-0.010097, 0.0267523, 0.0336267,sell
2015-03-02,0.8,0,1.09,0,2.17,0,0.6,0, 0.053173,-0.0029656, 0.014782, 0.0484743, 0.0535097,buy
2015-03-03,0.89,0,0.95,0,1.77,0,0.33,0,-0.002026,-0.0541701,-0.032760,-0.0065162,-0.0067871,sell
2015-03-04,1.07,0,0.75,0,1.52,0,0.35,0, 0.003658,-0.0608073,-0.000856,-0.0006011,-0.0616426,sell
2015-03-05,0.84,0,0.62,0,1.46,0,0.63,0, 0.016330,-0.0420743,-0.010171,-0.0359832,-0.0773529,sell
2015-03-06,0.61,0,0.42,0,1.52,0,0.68,0,-0.058195,-0.0615419,-0.041328,-0.0612429,-0.0727299,sell
2015-03-07,0.51,0.33,0.29,0,1.24,0,0.42,0, 0.039554, 0.0533975, 0.049913,-0.0056123, 0.0005295,buy
2015-03-08,0.55,0.97,0.2,0,0.62,0.12,0.36,0,-0.031859,-0.0453152,-0.047927,-0.0436159,-0.0501293,sell
2015-03-09,0.68,1.46,0.18,0,0.3,0.33,0.4,0,-0.002397,-0.0023971,-0.017559,-0.0175587,-0.0023971,sell
2015-03-10,0.72,1.26,0.16,0,0.24,0.95,0.33,0,-0.064975,-0.0759311,-0.065793,-0.0756941,-0.0770313,sell
2015-03-11,0.5,0.51,0.15,0,0.28,1.87,0.27,0, 0.054805, 0.0595681, 0.062909, 0.0523985, 0.0634960,buy
2015-03-12,0.34,0,0.13,0,0.41,1.87,0.26,0,-0.010909, 0.0065189, 0.011992,-0.0381116,-0.0037386,sell
2015-03-13,0.25,0,0.12,0,0.56,1.74,0.32,0,-0.039827,-0.0452469,-0.037531,-0.0385810,-0.0443478,sell
2015-03-14,0.18,0,0.11,0,0.72,0.66,0.45,0, 0.044296, 0.0515743, 0.039644, 0.0515743, 0.0447183,buy
2015-03-15,0.16,0.25,0.1,0,0.74,0.15,0.51,0, 0.058597, 0.0661452, 0.043560, 0.0587414, 0.0481062,buy
2015-03-16,0.14,0.49,0.1,0,0.44,0,0.36,0, 0.023002, 0.0563116, 0.005229, 0.0406726, 0.0624648,buy
2015-03-17,0.13,1.09,0.09,0,0.25,0.15,0.24,0, 0.004140, 0.0239855, 0.073510, 0.0684158, 0.0228700,buy
2015-03-18,0.12,1.45,0.21,0,0.14,0.6,0.18,0,-0.052121,-0.0775960,-0.042381,-0.0694842,-0.0696141,sell
2015-03-19,0.1,1.05,0.77,0,0.08,1.51,0.14,0, 0.051520, 0.0409350,-0.014294,-0.0060216, 0.0434229,buy
2015-03-20,0.09,0.53,1.41,0,0,1.79,0.1,0, 0.050904, 0.0478199, 0.042630, 0.0486106, 0.0406732,buy
2015-03-21,0.08,0.08,1.48,0,0.13,1.54,0.38,0,-0.065246,-0.0499225,-0.065374,-0.0709620,-0.0652818,sell
2015-03-22,0.17,0,0.72,0,0.57,1.73,1.01,0,-0.041461,-0.0409635,-0.041944,-0.0364333,-0.0352540,sell
2015-03-23,0.28,0,0.19,0,0.6,1.18,1.57,0, 0.072770, 0.0487466, 0.071440, 0.0714612, 0.0722981,buy
2015-03-24,0.58,0,0.19,0,0.14,0.62,1.58,0, 0.046480, 0.0379864, 0.041609, 0.0421709, 0.0396915,buy
2015-03-25,1.17,0,0.59,0,0,0.33,0.78,0, 0.049267, 0.1059252, 0.085978, 0.1014614, 0.0788035,buy
2015-03-26,1,0,0.71,0,0.15,0.18,0.36,0,-0.015850,-0.0158497,-0.006901,-0.0261531,-0.0139210,sell
2015-03-27,0.43,0,0.28,0,0.34,0,0.13,0,-0.062488,-0.0427592, 0.020895,-0.0458691,-0.0667913,sell
2015-03-28,0.29,0.09,0.21,0,0.89,0.03,0.19,0, 0.051932, 0.0637395, 0.054841, 0.0637395, 0.0380264,buy
2015-03-29,0.38,0.41,0.23,0,1.46,0.05,0.35,0,-0.065628,-0.0901236,-0.100012,-0.0923232,-0.0060491,sell
2015-03-30,0.58,0.33,0.25,0,1.42,0.09,0.65,0,-0.014975,-0.1000778,-0.100078,-0.0864037,-0.0364921,sell
2015-03-31,0.36,0,0.27,0,1.07,0.17,0.59,0, 0.001170,-0.0372884,-0.053062,-0.0372884,-0.0259512,sell
2015-04-01,0.74,0,0.29,0,0.52,0.37,0.85,0,-0.062563,-0.0432400,-0.018996,-0.0566858,-0.0316573,sell
2015-04-02,1.51,0,0.31,0,0.13,0.44,0.91,0, 0.037517,-0.0323666, 0.045636, 0.0382319, 0.0389492,buy
2015-04-03,0.81,0,0.34,0,0.43,0.39,0.54,0,-0.024653,-0.0246530, 0.001344,-0.0289131,-0.0228851,sell
2015-04-04,0.21,0,0.64,0,1.17,0.48,0.4,0,-0.056358,-0.0500447, 0.003392,-0.0420177,-0.0508734,sell
2015-04-05,0.2,0.2,0.94,0,0.56,0.77,0.35,0,-0.023871,-0.0414756,-0.061574,-0.0303538,-0.0458932,sell
2015-04-06,0.41,0.61,1.37,0,0.18,0.82,0.36,0,-0.077264,-0.0760884,-0.071744,-0.0764405,-0.0748288,sell
2015-04-07,0.19,1.1,1.28,0,0.18,0.52,0.3,0,-0.089734,-0.0872319,-0.088484,-0.0884843,-0.0861760,sell
2015-04-08,0.03,1.21,0.9,0,0.55,0.36,0.38,0,-0.073377,-0.0556558,-0.072746,-0.0590451,-0.0581143,sell
2015-04-09,0,2.22,0.74,0,1.19,0.37,0.46,0,-0.071313,-0.0899250,-0.052977,-0.0813335,-0.0643438,sell
2015-04-10,0.04,1.8,0.57,0,0.78,0.92,0.63,0,-0.011146,-0.0760829,-0.047178,-0.0553744,-0.0123384,sell
2015-04-11,0.08,0.78,0.84,0,0.23,2.43,1.02,0, 0.026562, 0.0265621, 0.000285, 0.0235429,-0.0168762,sell
2015-04-12,0.19,0.55,1.12,0,0.07,3.1,1.46,0,-0.032200,-0.0301100,-0.025016,-0.0151690,-0.0526937,sell
2015-04-13,0.42,0.22,1.42,0,0,2.59,1.22,0,-0.018392,-0.0209387,-0.007196, 0.0168689,-0.0078542,sell
2015-04-14,0.39,0,1.31,0,0,2.09,0.67,0,-0.043731,-0.0437306,-0.043123,-0.0146574,-0.0292460,sell
2015-04-15,0.17,0,1.26,0,0.02,1.11,0.37,0,-0.064379,-0.0667813,-0.060567,-0.0667204,-0.0667204,sell
2015-04-16,0.08,0.12,1.97,0,0.04,0.96,0.21,0,-0.060554, 0.0073714,-0.006137,-0.0273284,-0.0060034,sell
2015-04-17,0.22,0.13,1.72,0,0.09,0.96,0.24,0,-0.059991,-0.0033638,-0.030794,-0.0448275,-0.0310641,sell
2015-04-18,0.52,0.14,1.35,0,0.21,0.17,0.83,0, 0.049263, 0.0367378, 0.039758, 0.0229259, 0.0387182,buy
2015-04-19,0.99,0.16,1.82,0,0.24,0,1.65,0,-0.007313,-0.0188262,-0.015940,-0.0048210,-0.0159911,sell
2015-04-20,0.83,0.18,1.4,0,0.19,0,0.75,0, 0.064947, 0.0283690, 0.022706, 0.0266853, 0.0227062,buy
2015-04-21,0.94,0.19,1.2,0,0.23,0,0.26,0, 0.059806, 0.0999170, 0.085000, 0.0820091, 0.0959585,buy
2015-04-22,1.13,0.21,1.46,0,0.49,0.09,0.42,0, 0.062155, 0.0985360, 0.095347, 0.0970526, 0.0985360,buy
2015-04-23,0.53,0.24,2.03,0,1.01,0.21,0.54,0,-0.050889, 0.0258327, 0.039623, 0.0322426, 0.0403419,buy
2015-04-24,0.19,0.26,2.36,0,0.88,0.49,1.01,0,-0.105318,-0.0451511,-0.061735,-0.0661432,-0.0082905,sell
2015-04-25,0.08,0.29,1.83,0,0.53,0.83,1.13,0,-0.074004,-0.0960136,-0.098947,-0.0647984,-0.0834207,sell
2015-04-26,0.04,0.99,1.22,0,0.26,0.61,1.25,0, 0.002238,-0.0120072,-0.012051,-0.0206672,-0.0477367,sell
2015-04-27,0,1.26,1.01,0,0.14,0.29,1.46,0,-0.031016,-0.0192480,-0.005562,-0.0053817,-0.0427645,sell
2015-04-28,0,0.8,1.28,0,0.08,0.16,1.53,0,-0.032226,-0.0381777,-0.038001,-0.0171221,-0.0491661,sell
2015-04-29,0,0.85,1.41,0,0.04,0.05,1.95,0,-0.030236,-0.0387474,-0.038364,-0.0172564,-0.0488931,sell
2015-04-30,0,1.39,1.03,0,0,0.12,1.61,0,-0.039449,-0.0224211,-0.006584,-0.0154260,-0.0383180,sell
2015-05-01,0,1.69,0.76,0,0,0.29,0.72,0, 0.024954,-0.0504038,-0.029997,-0.0299969, 0.0299088,sell
2015-05-02,0,1.72,0.65,0,0,0.68,0.33,0, 0.037927, 0.0133805, 0.023766, 0.0209310, 0.0303806,buy
2015-05-03,0.1,1.49,0.63,0,0,0.95,0.11,0, 0.052783, 0.0195977, 0.023862, 0.0130526, 0.0313084,buy
2015-05-04,0.25,1.1,0.59,0,0,0.59,0.02,0, 0.070782, 0.0467156, 0.070782, 0.0393352, 0.0422165,buy
2015-05-05,0.73,0.86,0.57,0,0.04,0.5,0.03,0, 0.003716, 0.0015253,-0.006562, 0.0207555, 0.0183799,sell
2015-05-06,1.27,0.58,0.55,0,0.1,0.64,0.05,0, 0.013699, 0.0132129, 0.024913,-0.0072485, 0.0136991,buy
2015-05-07,1.47,0.52,0.54,0,0.22,0.6,0.09,0,-0.027563,-0.0168989,-0.001593,-0.0197701,-0.0284463,sell
2015-05-08,1.16,0.47,0.76,0,0.5,0.38,0.21,0,-0.001994, 0.0057964, 0.001522, 0.0041057,-0.0048438,sell
2015-05-09,0.57,0.52,1.18,0,0.59,0.29,0.4,0,-0.024225,-0.0211715,-0.026751,-0.0258049,-0.0241204,sell
2015-05-10,0.25,0.57,1.46,0,0.31,0.25,0.65,0,-0.017975,-0.0218179,-0.007034,-0.0330499,-0.0312683,sell
2015-05-11,0.14,0.7,0.95,0,0.14,0.26,0.89,0,-0.006716,-0.0115052,-0.004546,-0.0076716,-0.0467113,sell
2015-05-12,0,1.19,0.65,0,0.06,0.35,0.73,0,-0.030185,-0.0440292,-0.038035,-0.0380345,-0.0065427,sell
2015-05-13,0.1,1.53,0.59,0,0,0.42,0.36,0, 0.029215, 0.0054030, 0.027070, 0.0273794, 0.0151508,buy
2015-05-14,0.25,1.31,0.73,0,0,0.55,0.23,0, 0.049220, 0.0343113, 0.040133, 0.0254518, 0.0350942,buy
2015-05-15,0.64,0.69,0.87,0,0,0.75,0.11,0, 0.016674,-0.0006486, 0.015322,-0.0006486, 0.0332010,buy
2015-05-16,1.4,0.2,0.76,0,0,1.07,0.09,0, 0.013352, 0.0139792, 0.011912, 0.0133521,-0.0053739,sell
2015-05-17,1.14,0.18,0.64,0,0.03,1.23,0.09,0,-0.027686,-0.0275759,-0.026906,-0.0225687,-0.0334562,sell
2015-05-18,0.51,0.16,0.57,0,0.08,1.01,0.09,0,-0.014763, 0.0011920,-0.006753,-0.0178471,-0.0061251,sell
2015-05-19,0.31,0.27,0.4,0,0.28,0.82,0.08,0,-0.025520,-0.0157740,-0.024304,-0.0309924,-0.0243044,sell
2015-05-20,0.31,0.44,0.45,0,0.37,0.74,0.07,0,-0.036762,-0.0167262,-0.036954,-0.0455494,-0.0422058,sell
2015-05-21,0.6,0.83,0.48,0,0.39,0.69,0.06,0,-0.006205,-0.0079902,-0.008039,-0.0047366,-0.0154497,sell
2015-05-22,0.97,1.15,0.45,0,0.39,0.74,0.04,0,-0.009542,-0.0405909,-0.005477,-0.0138254,-0.0153292,sell
2015-05-23,0.93,1.29,0.4,0,0.18,0.91,0.03,0, 0.002033,-0.0125771,-0.004082, 0.0126846, 0.0126846,sell
2015-05-24,0.85,0.6,0.35,0,0.08,1.23,0,0,-0.028932,-0.0294136,-0.031927,-0.0359168,-0.0120702,sell
2015-05-25,0.82,0.22,0.31,0,0.03,1.58,0,0,-0.047680,-0.0448827,-0.051129,-0.0476803,-0.0476803,sell
2015-05-26,0.88,0,0.27,0,0,1.4,0,0,-0.082464,-0.0821911,-0.076702,-0.0821396,-0.0821396,sell
2015-05-27,1.37,0,0.24,0,0,1.13,0,0, 0.052210, 0.0006450,-0.009077, 0.0154604, 0.0157493,buy
2015-05-28,1.9,0,0.21,0,0,1.02,0,0, 0.078091, 0.0443241, 0.079229, 0.0772349, 0.0647009,buy
2015-05-29,1.65,0.41,0.18,0,0,0.99,0,0, 0.087221, 0.0601342, 0.081153, 0.0768257, 0.0832731,buy
2015-05-30,1.44,0.99,0.25,0,0,1.15,0,0,-0.020073, 0.0226335,-0.006534,-0.0125139, 0.0108027,sell
2015-05-31,1.16,1.39,0.3,0,0,1.02,0.04,0,-0.015838, 0.0118163, 0.005880,-0.0144831, 0.0059572,buy
2015-06-01,0.87,0.78,0.43,0,0,0.88,0.06,0, 0.000166,-0.0370934,-0.047034,-0.0466437, 0.0029417,sell
2015-06-02,0.96,0.32,0.58,0,0,0.9,0.1,0, 0.018188, 0.0123854,-0.026376,-0.0113835, 0.0300902,buy
2015-06-03,1.3,0,0.55,0,0,0.93,0.16,0, 0.021075, 0.0345458, 0.027541, 0.0405906, 0.0253845,buy
2015-06-04,1.5,0,0.4,0,0,1.01,0.32,0, 0.005957, 0.0042184,-0.008898,-0.0063935,-0.0024439,sell
2015-06-05,1.73,0,0.58,0,0,1.09,0.57,0,-0.035431,-0.0172569,-0.026970,-0.0273097,-0.0395843,sell
2015-06-06,1.75,0,0.47,0,0,1.21,0.7,0,-0.038753,-0.0216093,-0.023162,-0.0238204,-0.0275002,sell
2015-06-07,1.07,0,0.2,0,0,1.37,0.87,0,-0.035133,-0.0742895,-0.074289,-0.0772451,-0.0526282,sell
2015-06-08,0.65,0,0.08,0,0,1.52,1.35,0,-0.023448,-0.0229737,-0.017417,-0.0513748,-0.0493293,sell
2015-06-09,0.46,0,0,0,0,1.68,1.77,0,-0.034616,-0.0402086,-0.026727,-0.0432085,-0.0391284,sell
2015-06-10,0.34,0.19,0,0,0,1.74,1.94,0,-0.016749,-0.0162367,-0.002211,-0.0156605,-0.0023618,sell
2015-06-11,0.36,0.44,0,0,0,1.72,1.82,0, 0.006037, 0.0004944, 0.001125, 0.0084108, 0.0149279,buy
2015-06-12,0.4,0.77,0,0,0,1.8,1.42,0, 0.018615, 0.0027778,-0.001316, 0.0204392, 0.0254723,buy
2015-06-13,0.45,0.79,0,0,0,1.91,0.78,0, 0.023927, 0.0121863, 0.015351, 0.0232308, 0.0197272,buy
2015-06-14,0.54,0.88,0.43,0,0,2.03,0.3,0, 0.003158,-0.0136819,-0.005328,-0.0114853,-0.0167109,sell
2015-06-15,0.66,0.84,0.94,0,0,2.04,0.13,0, 0.029285,-0.0115663, 0.056524, 0.0079270, 0.0504811,buy
2015-06-16,0.84,0.47,1.19,0,0,1.95,0.04,0, 0.098983, 0.0740626, 0.095666, 0.0709712, 0.0956658,buy
2015-06-17,1.19,0.22,0.67,0,0,1.84,0.04,0, 0.019650, 0.0350312, 0.048694, 0.0486940, 0.0292023,buy
2015-06-18,1.35,0.07,0.31,0,0,1.73,0.04,0, 0.017599,-0.0005722, 0.002359,-0.0014082,-0.0038019,sell
2015-06-19,1.18,0,0.5,0,0,1.64,0.03,0,-0.041380,-0.0191564,-0.019156,-0.0191564,-0.0393616,sell
2015-06-20,1.13,0,1.07,0,0,1.58,0.03,0,-0.037160,-0.0550514,-0.054304,-0.0340252,-0.0493396,sell
2015-06-21,1.24,0,1.86,0,0,1.55,0,0,-0.005631, 0.0251645, 0.028308,-0.0056712, 0.0202368,buy
2015-06-22,1.14,0,1.71,0,0,1.5,0,0, 0.004584, 0.0449543, 0.041323, 0.0080182, 0.0240777,buy
2015-06-23,0.82,0,1.56,0,0,1.56,0,0, 0.037042, 0.0445265, 0.034301, 0.0146001, 0.0318227,buy
2015-06-24,0.65,0,1.16,0,0,1.72,0,0, 0.035614, 0.0319323, 0.042889, 0.0370403, 0.0370403,buy
2015-06-25,0.6,0,0.7,0,0,1.95,0,0, 0.000451,-0.0365840, 0.006151, 0.0109480, 0.0061511,buy
2015-06-26,0.61,0,0.65,0,0,2.08,0,0, 0.034014,-0.0092666, 0.029588, 0.0233954, 0.0330831,buy
2015-06-27,0.69,0,0.79,0,0,2.24,0,0, 0.039899, 0.0249946, 0.033956, 0.0334387, 0.0338169,buy
2015-06-28,1.02,0.05,1.33,0,0,2.38,0,0, 0.029184, 0.0752885, 0.025383, 0.0320909, 0.0320909,buy
2015-06-29,1.25,0.08,1.4,0,0,2.36,0,0, 0.030521, 0.0820430, 0.041310, 0.0431882, 0.0431882,buy
2015-06-30,1.33,0.11,1.29,0,0,1.89,0.08,0, 0.019831, 0.0646472, 0.042013, 0.0328685, 0.0328685,buy
2015-07-01,1.86,0.16,1.31,0,0,1.43,0.31,0, 0.012478, 0.0027727, 0.015723, 0.0128104, 0.0037334,buy
2015-07-02,1.6,0.39,1.01,0,0,1.13,0.85,0, 0.035923, 0.0260912, 0.023492, 0.0490857, 0.0258422,buy
2015-07-03,0.77,0.7,0.94,0,0,1.02,1,0, 0.018151, 0.0423432, 0.049560, 0.0375957, 0.0481174,buy
2015-07-04,0.49,0.84,0.83,0,0,0.98,0.76,0,-0.018726,-0.0014824,-0.005418,-0.0132546, 0.0097286,sell
2015-07-05,0.35,1.05,0.48,0,0,1.07,0.41,0, 0.020146, 0.0404549, 0.031292, 0.0281066, 0.0247675,buy
2015-07-06,0.52,1.23,0.33,0,0,0.97,0.19,0, 0.034831, 0.0220241,-0.003389, 0.0223334, 0.0194445,buy
2015-07-07,0.85,0.65,0.97,0,0,0.8,0.06,0, 0.018558, 0.0122688, 0.009257, 0.0084722, 0.0562619,buy
2015-07-08,1.46,0.3,1.11,0,0,0.68,0.02,0, 0.047331, 0.0451665, 0.048052, 0.0517177, 0.0473308,buy
2015-07-09,1.41,0.05,0.36,0,0,0.55,0,0, 0.004140, 0.0119182,-0.009292, 0.0012172, 0.0158488,sell
2015-07-10,0.79,0.09,0.25,0,0,0.5,0,0, 0.020712, 0.0151028, 0.015754,-0.0002470, 0.0222898,buy
2015-07-11,0.51,0.15,0.36,0,0,0.51,0,0,-0.012981,-0.0169714,-0.016971,-0.0169714,-0.0160448,sell
2015-07-12,0.79,0.57,0.14,0,0,0.64,0,0, 0.042594, 0.0104717, 0.048101, 0.0501891, 0.0404841,buy
2015-07-13,2.11,0.96,0,0,0.03,0.89,0,0,-0.075195,-0.0406750,-0.024058,-0.0523256,-0.0443197,sell
2015-07-14,1.67,1.82,0,0,0.06,0.69,0,0,-0.017578, 0.0291699,-0.001583, 0.0239376, 0.0243698,buy
2015-07-15,0.49,3.1,0,0,0.11,0.72,0,0,-0.019358,-0.0299816,-0.036827,-0.0330831,-0.0387271,sell
2015-07-16,0.14,2.69,0,0,0.22,0.72,0,0,-0.006653,-0.0356359,-0.035221,-0.0276016,-0.0137636,sell
2015-07-17,0.06,2.06,0,0,0.36,0.48,0,0, 0.040712, 0.0208254, 0.013244, 0.0220269, 0.0311473,buy
2015-07-18,0.42,1.1,0,0,0.3,0.41,0,0, 0.024761, 0.0427826, 0.027641, 0.0317328, 0.0104034,buy
2015-07-19,0.99,0.57,0,0,0.18,0.41,0,0,-0.011885, 0.0076390,-0.010959,-0.0109590,-0.0072416,sell
2015-07-20,0.95,1.54,0,0,0.29,0.41,0,0, 0.002926, 0.0043795, 0.004553, 0.0045526,-0.0086739,sell
2015-07-21,1.42,1.31,0,0,0.5,0.41,0,0,-0.038614, 0.0019654,-0.040162,-0.0329582,-0.0409500,sell
2015-07-22,1.9,0.13,0.06,0,0.41,0.41,0,0, 0.037647, 0.0196994, 0.036339, 0.0364075, 0.0312285,buy
2015-07-23,1.15,0.11,0.08,0,0.71,0.41,0,0, 0.006400, 0.0345360, 0.028774, 0.0287744, 0.0202631,buy
2015-07-24,0.52,0.1,0.1,0,0.63,0.42,0.44,0, 0.014671, 0.0373372, 0.001634, 0.0259100, 0.0003771,buy
2015-07-25,0.56,0.4,0.13,0,0.23,0.42,1.06,0,-0.000513, 0.0286278, 0.010894, 0.0005814, 0.0212636,buy
2015-07-26,0.7,0.8,0.15,0,0.08,0.43,0.91,0, 0.056956, 0.0084981, 0.009215, 0.0676979, 0.0264993,buy
2015-07-27,0.47,0.64,1.36,0,0.03,0.43,0.84,0, 0.017729,-0.0029325, 0.001571,-0.0183480,-0.0091068,sell
2015-07-28,0.35,1.08,1.31,0,0,0.44,0.44,0, 0.011198,-0.0010090, 0.021473, 0.0275819,-0.0010090,buy
2015-07-29,0.41,1.7,0.54,0,0,0.44,0.18,0, 0.017914, 0.0143875, 0.021402, 0.0176287, 0.0109428,buy
2015-07-30,0.24,2.06,0.91,0,0,0.45,0.07,0, 0.026513, 0.0152192, 0.031011, 0.0279676, 0.0310108,buy
2015-07-31,0.03,2.05,0.88,0,0.03,0.73,0,0, 0.032283, 0.0287391, 0.029185, 0.0255111, 0.0322825,buy
2015-08-01,0.32,1.43,1.51,0,0.04,1.41,0,0,-0.007044,-0.0620870,-0.047710,-0.0587790,-0.0508961,sell
2015-08-02,0.87,1.22,1.77,0,0.06,1.02,0,0,-0.008619, 0.0038182, 0.000068,-0.0015056,-0.0228832,sell
2015-08-03,0.7,1.24,1.02,0,0.08,0.58,0,0,-0.048396,-0.0488254,-0.056356,-0.0374206,-0.0468469,sell
2015-08-04,0.69,1.32,0.29,0,0.12,0.5,0,0, 0.016396, 0.0208857, 0.003733, 0.0085537, 0.0169034,buy
2015-08-05,1.17,1.56,0.47,0,0.18,0.51,0,0,-0.021424,-0.0214237,-0.000934,-0.0057363,-0.0350897,sell
2015-08-06,1.39,1.91,0.73,0,0.27,0.52,0,0,-0.030669,-0.0306692,-0.020255,-0.0315468,-0.0302405,sell
2015-08-07,0.9,1.54,0.69,0,0.36,0.54,0,0,-0.054178,-0.0541784,-0.033620,-0.0588848,-0.0571157,sell
2015-08-08,0.5,0.67,0.3,0,0.56,0.68,0,0,-0.061547,-0.0556700,-0.054775,-0.0521450,-0.0534500,sell
2015-08-09,0.27,0.56,0,0,0.94,0.89,0.08,0,-0.037077,-0.0356275,-0.047123,-0.0370773,-0.0217727,sell
2015-08-10,0.22,0.87,0,0,0.58,1.4,0.15,0, 0.036665, 0.0135312,-0.010221, 0.0366084, 0.0257340,buy
2015-08-11,0.28,0.78,0.14,0,0.19,1.54,0.29,0, 0.008984, 0.0194483,-0.007314, 0.0103348, 0.0117671,sell
2015-08-12,0.46,0.27,0.35,0,0.13,1.06,0.53,0,-0.029848,-0.0381991,-0.029848,-0.0379470,-0.0286324,sell
2015-08-13,0.73,0.1,0.59,0,0.13,0.82,0.83,0, 0.019564, 0.0195638, 0.021411, 0.0612403, 0.0147698,buy
2015-08-14,0.65,0.36,0.48,0,0.13,0.71,0.68,0,-0.026529,-0.0149146,-0.024444,-0.0177939,-0.0282242,sell
2015-08-15,0.84,0.72,0.41,0,0.13,0.62,0.37,0, 0.009044,-0.0031846,-0.009272,-0.0327886,-0.0031846,sell
2015-08-16,0.68,0.76,0.34,0,0.16,0.6,0.2,0,-0.028582,-0.0361994,-0.035827,-0.0380656,-0.0313648,sell
2015-08-17,0.39,0.7,0.3,0,0.2,0.58,0.11,0, 0.042119, 0.0287753, 0.045670, 0.0446175, 0.0042470,buy
2015-08-18,0.48,0.46,0.51,0,0.28,0.62,0,0,-0.051275,-0.0268188,-0.036117,-0.0559128,-0.0504727,sell
2015-08-19,0.69,0.45,1.43,0,0.48,0.64,0,0, 0.013506, 0.0370731, 0.025077, 0.0274804, 0.0394043,buy
2015-08-20,0.6,0.62,1.97,0,0.66,0.69,0,0,-0.002080,-0.0003225,-0.001966,-0.0003225,-0.0015961,buy
2015-08-21,0.37,0.84,1.7,0,0.6,0.77,0,0,-0.029225,-0.0292248,-0.030917,-0.0255184,-0.0249341,sell
2015-08-22,0.26,0.58,1.46,0,0.68,0.91,0,0,-0.048947,-0.0410589,-0.044807,-0.0433118,-0.0395280,sell
2015-08-23,0.27,0.24,0.99,0,0.84,1.12,0,0,-0.038583,-0.0641933,-0.038552,-0.0407207,-0.0443420,sell
2015-08-24,0.53,0,0.47,0,0.89,1.39,0.16,0,-0.033064,-0.0493691, 0.002114,-0.0090313,-0.0342541,sell
2015-08-25,0.47,0.12,0.26,0,1.19,1.34,0.51,0, 0.037846, 0.0427045, 0.041411, 0.0303791, 0.0414106,buy
2015-08-26,0.21,0.3,0.11,0,1.04,1.09,1.12,0,-0.006137,-0.0150654, 0.020594,-0.0060371,-0.0148529,sell
2015-08-27,0.22,0.54,0.2,0,0.55,1,0.78,0, 0.005566, 0.0055661,-0.003735, 0.0244079, 0.0029459,buy
2015-08-28,0.28,0.92,0.36,0,0.38,1.02,0.27,0, 0.031073, 0.0357362, 0.024973, 0.0356520, 0.0273129,buy
2015-08-29,0.17,0.82,0.48,0,0.3,0.76,0.09,0, 0.017633,-0.0218775,-0.016776,-0.0127548,-0.0272024,sell
2015-08-30,0.09,0.57,0.35,0,0.42,0.58,0,0, 0.005322, 0.0099145,-0.033535,-0.0105269, 0.0117372,sell
2015-08-31,0.04,0.43,0.28,0,0.47,0.6,0,0,-0.013451,-0.0144031,-0.019147,-0.0188432,-0.0126209,sell
2015-09-01,0.02,0.66,0.22,0,0.3,0.66,0.08,0, 0.017261,-0.0102511,-0.018500, 0.0082100, 0.0152553,sell
2015-09-02,0.06,0.97,0.6,0,0.19,0.83,0.09,0, 0.069350, 0.0524283, 0.065413, 0.0578936, 0.0526945,buy
2015-09-03,0.1,1.11,1.35,0,0.13,1.16,0.09,0, 0.012101, 0.0263650,-0.002722,-0.0075241,-0.0063658,sell
2015-09-04,0.3,0.8,1.58,0,0.09,1.31,0.1,0, 0.046298, 0.0583652, 0.021042, 0.0122331, 0.0210419,buy
2015-09-05,0.69,0.56,0.97,0,0.18,0.98,0.11,0, 0.043550, 0.0355150, 0.043550, 0.0355150, 0.0485180,buy
2015-09-06,0.78,0.38,0.66,0,0.35,0.69,0.13,0,-0.012170,-0.0062693,-0.021292,-0.0235737,-0.0649197,sell
2015-09-07,0.65,0.3,0.65,0,0.47,0.64,0.16,0,-0.034933,-0.0156398,-0.048523,-0.0437005,-0.0744826,sell
2015-09-08,0.79,0.24,0.73,0,0.28,0.66,0.19,0,-0.021308,-0.0025510,-0.033116,-0.0305112,-0.0482597,sell
2015-09-09,0.67,0.19,0.51,0,0.13,0.75,0.24,0, 0.031788, 0.0317878, 0.035875, 0.0261873, 0.0447515,buy
2015-09-10,0.35,0.16,0.44,0,0.06,1.02,0.3,0,-0.047284,-0.0382156,-0.047284,-0.0472845,-0.0353274,sell
2015-09-11,0.19,0.13,0.51,0,0,1.43,0.37,0,-0.015192,-0.0165722,-0.015192,-0.0151917,-0.0096936,sell
2015-09-12,0.11,0,0.67,0,0,1.76,0.42,0, 0.021609, 0.0013313, 0.005913, 0.0212571, 0.0212571,buy
2015-09-13,0.06,0.08,0.47,0,0,1.69,0.47,0,-0.003658,-0.0063047,-0.003658,-0.0036581,-0.0048988,sell
2015-09-14,0,0.17,0.29,0,0,1.54,0.51,0, 0.011083, 0.0110828, 0.011083, 0.0110828, 0.0126853,buy
2015-09-15,0.05,0.28,0.17,0,0,1.59,0.54,0, 0.043489, 0.0434889, 0.043489, 0.0509556, 0.0506271,buy
2015-09-16,0.13,0.21,0.3,0,0,1.64,0.56,0, 0.027239, 0.0272393, 0.027239, 0.0272393, 0.0225731,buy
2015-09-17,0.36,0.1,0.36,0,0,1.45,0.56,0, 0.017960, 0.0163716, 0.017960, 0.0179605, 0.0211761,buy
2015-09-18,0.52,0.11,0.39,0,0,1.28,0.56,0, 0.009800, 0.0055323, 0.009800, 0.0098000,-0.0003548,buy
2015-09-19,0.4,0.19,0.35,0,0,1.26,0.56,0,-0.003332, 0.0022383,-0.003332,-0.0033322,-0.0002092,buy
2015-09-20,0.35,0.34,0.41,0,0,1.44,0.72,0, 0.034085, 0.0340932, 0.033116, 0.0325146,-0.0051872,buy
2015-09-21,0.44,0.56,0.53,0,0.05,1.5,0.89,0, 0.016338, 0.0021355, 0.003511, 0.0119714,-0.0342476,sell
2015-09-22,0.63,0.52,0.59,0,0.1,1.09,1.27,0, 0.034804, 0.0200033, 0.037848, 0.0399341, 0.0690245,buy
2015-09-23,0.7,0.3,0.4,0,0.18,0.6,1.88,0, 0.049341, 0.0445670, 0.041820, 0.0490286, 0.0378927,buy
2015-09-24,0.46,0.24,0.24,0,0.33,0.34,1.8,0, 0.082779, 0.0768957, 0.082779, 0.0829851, 0.0472522,buy
2015-09-25,0.26,0.26,0.14,0,0.65,0.2,1.39,0, 0.031436, 0.0145891, 0.030634, 0.0083859, 0.0209543,buy
2015-09-26,0.19,0.28,0,0,0.85,0.11,1.29,0,-0.028568,-0.0357697,-0.053242,-0.0442172,-0.0303863,sell
2015-09-27,0.14,0.23,0,0,0.81,0.15,1.19,0,-0.038257,-0.0283369,-0.051317,-0.0294232,-0.0364918,sell
2015-09-28,0.06,0.27,0.38,0,0.55,0.24,1.01,0, 0.019993, 0.0249033, 0.008003, 0.0323009, 0.0318086,buy
2015-09-29,0.07,0.3,1.42,0,0.23,0.48,0.9,0,-0.022939,-0.0325046,-0.042918,-0.0335444,-0.0358559,sell
2015-09-30,0.08,0.54,2.34,0,0.11,0.39,0.79,0,-0.013484,-0.0044778,-0.007103,-0.0025351,-0.0349807,sell
2015-10-01,0.1,0.69,1.96,0,0.04,0.23,0.7,0,-0.028267,-0.0057466,-0.009251,-0.0024037,-0.0250545,sell
2015-10-02,0.12,0.49,1.01,0,0.07,0.24,0.62,0,-0.010251,-0.0087787, 0.026181,-0.0220513,-0.0278217,sell
2015-10-03,0.14,0.39,0.77,0,0.14,0.3,0.68,0, 0.005801,-0.0086567, 0.051470,-0.0120885,-0.0172866,buy
2015-10-04,0.17,0.38,0.41,0,0.29,0.37,0.79,0,-0.008021,-0.0100486,-0.032113,-0.0100486,-0.0003714,sell
2015-10-05,0.2,0.46,0.22,0,0.44,0.45,1.05,0, 0.036941, 0.0537458, 0.003082, 0.0511041, 0.0511041,buy
2015-10-06,0.24,0.56,0.1,0,0.41,0.54,1.49,0,-0.013542, 0.0130676, 0.004715, 0.0171381, 0.0023239,buy
2015-10-07,0.28,0.33,0,0,0.53,0.8,1.42,0, 0.006039, 0.0125022, 0.019895, 0.0054721, 0.0197091,buy
2015-10-08,0.34,0.29,0,0,0.88,1.01,1.01,0,-0.000818, 0.0166576, 0.003107, 0.0225713, 0.0157910,buy
2015-10-09,0.4,0.14,0.18,0,0.89,1.38,0.8,0,-0.007844,-0.0044212,-0.019453, 0.0131327,-0.0075129,sell
2015-10-10,0.47,0.32,0.45,0,0.49,1.76,0.74,0, 0.033334, 0.0374969, 0.037690, 0.0333342, 0.0221984,buy
2015-10-11,0.62,0.61,0.83,0,0.24,1.28,0.84,0, 0.007266, 0.0165853, 0.055200, 0.0213333, 0.0190993,buy
2015-10-12,0.66,1.04,0.61,0,0.13,0.76,1.08,0,-0.040062,-0.0262910,-0.012432,-0.0299709, 0.0139961,sell
2015-10-13,0.64,1.06,0.23,0,0.05,0.51,1.26,0,-0.000604,-0.0066369,-0.012792, 0.0216828, 0.0027519,sell
2015-10-14,0.69,1.4,0,0,0.04,0.31,0.96,0,-0.020079,-0.0122740,-0.020613, 0.0078247,-0.0048171,sell
2015-10-15,0.85,2.17,0,0,0.04,0.28,0.55,0,-0.018372, 0.0316648,-0.021311, 0.0510158, 0.0320971,buy
2015-10-16,0.85,2.07,0,0,0.04,0.26,0.31,0, 0.018429, 0.0477919,-0.015688, 0.0459218, 0.0411744,buy
2015-10-17,0.6,1.21,0.55,0,0.05,0.24,0.18,0, 0.008448, 0.0054579,-0.012640,-0.0126404, 0.0229509,sell
2015-10-18,0.42,0.84,1.19,0,0.07,0.23,0,0,-0.052331,-0.0436534,-0.042259,-0.0577055,-0.0425285,sell
2015-10-19,0.3,0.6,0.83,0,0.1,0.21,0,0,-0.024925,-0.0280921, 0.005453,-0.0597343,-0.0249249,sell
2015-10-20,0.3,0.63,0.25,0,0.25,0.25,0,0, 0.005179, 0.0029990, 0.011589, 0.0062111,-0.0273305,sell
2015-10-21,0.35,0.71,0.16,0,0.49,0.3,0,0,-0.010346,-0.0223860,-0.010346,-0.0140647,-0.0381692,sell
2015-10-22,0.52,0.84,0.38,0,0.97,0.41,0,0, 0.005939,-0.0030379, 0.001794,-0.0443233,-0.0186728,sell
2015-10-23,0.65,0.95,0.76,0,1.17,0.62,0,0,-0.012573,-0.0197224,-0.003486,-0.0343393,-0.0417345,sell
2015-10-24,0.39,1.24,1.04,0,0.91,0.88,0,0,-0.056619,-0.0200739,-0.051946,-0.0291113,-0.0519457,sell
2015-10-25,0.2,1.39,1.03,0,0.66,1.26,0,0, 0.034559, 0.0278656, 0.027620, 0.0290021, 0.0345593,buy
2015-10-26,0.12,1.3,0.79,0,0.79,1.56,0,0, 0.022886, 0.0025606, 0.017993, 0.0260013, 0.0240242,buy
2015-10-27,0.15,1.39,0.79,0,0.98,0.72,0,0,-0.068679,-0.0642052,-0.067840,-0.0419539,-0.0686792,sell
2015-10-28,0.3,1.88,0.73,0,0.57,0.3,0,0, 0.039635, 0.0331619, 0.048519, 0.0312885, 0.0381806,buy
2015-10-29,0.65,1.02,0.42,0,0.26,0.18,0,0, 0.092292, 0.0880346, 0.057289, 0.0922918, 0.0893530,buy
2015-10-30,1.39,0.27,0.2,0,0.18,0.19,0,0, 0.019405,-0.0091205, 0.010374,-0.0598386, 0.0105056,buy
2015-10-31,1.26,0.24,0.32,0,0.28,0.2,0,0,-0.011992, 0.0056804,-0.019221,-0.0736694,-0.0179365,sell
2015-11-01,0.51,0.21,0.52,0,0.71,0.25,0,0, 0.056237, 0.0565171, 0.041487, 0.0585604, 0.0565171,buy
2015-11-02,0.21,0.43,0.52,0,0.38,0.42,0,0,-0.060757,-0.0561795,-0.024981,-0.0713433,-0.0544558,sell
2015-11-03,0,0.85,0.42,0,0.3,0.8,0.08,0, 0.038945,-0.0167496,-0.005936, 0.0389446, 0.0238783,buy
2015-11-04,0.13,0.61,0.51,0,0.86,0.78,0.19,0, 0.006766,-0.0688757,-0.098254,-0.0736198, 0.0112721,sell
2015-11-05,0.57,0.28,0.6,0,0.96,0.99,0.46,0, 0.046617, 0.0584426, 0.038074, 0.0522196, 0.0034077,buy
2015-11-06,1.43,0.28,0.59,0,0.26,1.2,0.56,0, 0.058478, 0.0122487, 0.086697, 0.0876062, 0.0808768,buy
2015-11-07,0.87,0.18,0.49,0,0,0.77,0.31,0,-0.083709,-0.1054002,-0.106323,-0.0690293,-0.1067805,sell
2015-11-08,0.52,0.07,0.62,0,0,0.6,0.25,0,-0.063761,-0.0838756,-0.097216,-0.0548107,-0.0895109,sell
2015-11-09,0.78,0.11,0.86,0,0,0.88,0.49,0,-0.099631,-0.1261674,-0.109188,-0.0806296,-0.1072425,sell
2015-11-10,0.85,0.28,0.89,0,0,1.29,1.03,0,-0.090845,-0.0382472,-0.051056,-0.0540559,-0.0187808,sell
2015-11-11,0.89,0.15,0.68,0,0,0.79,0.98,0,-0.054414,-0.0087327,-0.008009, 0.0627704,-0.0223014,sell
2015-11-12,1.21,0,0.9,0,0,0.53,1.01,0, 0.035364, 0.0826485, 0.073344, 0.0870830, 0.0584821,buy
2015-11-13,0.65,0,1.06,0,0,0.5,1.62,0,-0.052458,-0.0433903,-0.031244,-0.0421315,-0.0595806,sell
2015-11-14,0.2,0,1.35,0,0,0.58,1.23,0,-0.042018,-0.0420180,-0.049383,-0.0405321,-0.0372132,sell
2015-11-15,0.08,0,1.31,0,0,0.69,0.44,0,-0.047881,-0.0417736,-0.048926,-0.0535191,-0.0558238,sell
2015-11-16,0.04,0,0.58,0,0,0.83,0.15,0, 0.062419, 0.0930666, 0.073415, 0.0670860, 0.0842406,buy
2015-11-17,0.06,0,0,0,0,0.95,0.25,0,-0.001413,-0.0008892,-0.038313, 0.0351148,-0.0322940,sell
2015-11-18,0.18,0,0,0,0,1.12,0.72,0, 0.044690, 0.0446902, 0.029833, 0.0330982, 0.0614651,buy
2015-11-19,0.44,0,0,0,0,1.53,1.53,0,-0.052850,-0.0520827,-0.034044,-0.0543512,-0.0527750,sell
2015-11-20,0.59,0.13,0,0,0,1.68,1.5,0,-0.044931,-0.0432090,-0.016774,-0.0528298,-0.0500535,sell
2015-11-21,0.52,0.56,0.29,0,0,1.36,1.03,0, 0.006265,-0.0040860,-0.002989, 0.0164499,-0.0203446,sell
2015-11-22,0.41,0.85,0.72,0,0,0.87,0.86,0,-0.038837,-0.0310685,-0.032469,-0.0443034,-0.0048507,sell
2015-11-23,0.38,0.59,1.42,0,0,0.58,1.16,0, 0.010600, 0.0100179,-0.000154, 0.0100179,-0.0165987,sell
2015-11-24,0.42,0.69,1.74,0,0.05,0.43,1.33,0, 0.026753, 0.0249357, 0.024481, 0.0270422, 0.0245802,buy
2015-11-25,0.42,0.48,1.19,0,0.13,0.43,1.23,0, 0.031463, 0.0336240, 0.038606, 0.0431785, 0.0431785,buy
2015-11-26,0.35,0.53,0.59,0,0.33,0.57,0.79,0, 0.054820, 0.0649904, 0.065442, 0.0356941, 0.0548200,buy
2015-11-27,0.27,0.95,0.35,0,0.4,0.99,0.47,0,-0.039803,-0.0221519, 0.013358,-0.0312324,-0.0602777,sell
2015-11-28,0.21,1.39,0.21,0,0.31,1.49,0.29,0, 0.018832, 0.0685153, 0.068515,-0.0108852, 0.0306869,buy
2015-11-29,0.23,0.71,0,0,0.53,1.02,0.27,0, 0.033245, 0.0229196, 0.048773, 0.0214942, 0.0247427,buy
2015-11-30,0.41,0.26,0,0,0.45,0.49,0.33,0, 0.026402, 0.0452848, 0.042694, 0.0415341, 0.0327324,buy
2015-12-01,0.8,0,0,0,0.4,0.27,0.42,0, 0.009209, 0.0445275,-0.005442, 0.0019000,-0.0095220,sell
2015-12-02,0.47,0,0,0,0.72,0.13,0.41,0, 0.022210, 0.0544005, 0.073116, 0.0501933, 0.0191094,buy
2015-12-03,0.16,0,0.07,0,0.58,0.11,0.22,0,-0.006220, 0.0424898, 0.035165, 0.0295309,-0.0055124,buy
2015-12-04,0.05,0,0.16,0,0.29,0.1,0.12,0, 0.018403, 0.0184027, 0.020611, 0.0191304, 0.0123552,buy
2015-12-05,0.04,0.27,0.24,0,0.31,0.15,0.06,0, 0.040253, 0.0402534, 0.040392, 0.0362271, 0.0402509,buy
2015-12-06,0.1,0.69,0.14,0,0.48,0.29,0.03,0, 0.016534,-0.0102371, 0.016534,-0.0003765,-0.0105540,sell
2015-12-07,0.24,0.6,0.05,0,0.36,0.54,0,0, 0.023630, 0.0100465, 0.023630, 0.0109922, 0.0012870,buy
2015-12-08,0.74,0.21,0.15,0,0.15,0.44,0,0,-0.000172, 0.0189063, 0.016372, 0.0056885, 0.0078333,buy
2015-12-09,1.05,0,0.25,0,0.13,0.31,0,0, 0.030770, 0.0485175, 0.023824,-0.0258428, 0.0320870,buy
2015-12-10,1.33,0,0.42,0,0.17,0.45,0,0, 0.034791, 0.0294921, 0.007086,-0.0134983, 0.0128419,buy
2015-12-11,1.51,0,0.59,0,0.44,0.48,0,0, 0.040682, 0.0605225, 0.040934, 0.0449869, 0.0434359,buy
2015-12-12,0.69,0,0.52,0,0.94,0.31,0.11,0,-0.061272,-0.0429746,-0.044997,-0.0467691,-0.0637729,sell
2015-12-13,0.23,0,0.31,0,0.78,0.41,0.44,0, 0.027058, 0.0489427,-0.000688, 0.0489427, 0.0319934,buy
2015-12-14,0,0,0.19,0,0.5,0.96,1.4,0, 0.026679, 0.0078979,-0.012803, 0.0081949, 0.0336538,sell
2015-12-15,0,0,0.11,0,0.82,0.88,1.22,0, 0.004408, 0.0213072, 0.012622, 0.0292604, 0.0336465,buy
2015-12-16,0,0,0,0,0.99,0.29,0.62,0,-0.077541,-0.0742717,-0.095124,-0.0831436,-0.0347113,sell
2015-12-17,0.12,0.33,0.16,0,0.47,0.1,0.55,0, 0.040905, 0.0591015, 0.001005, 0.0182516, 0.0760569,buy
2015-12-18,0.34,0.61,0.48,0,0.3,0,0.34,0,-0.007191, 0.0142129, 0.012183, 0.0061506,-0.0070736,sell
2015-12-19,0.69,1.06,0.6,0,0.4,0.05,0.24,0,-0.051822,-0.0446303,-0.045085,-0.0450848,-0.0029784,sell
2015-12-20,0.48,1.67,0.24,0,0.61,0.21,0.4,0,-0.040514,-0.0362854,-0.018541,-0.0332166,-0.0380669,sell
2015-12-21,0.17,1.51,0,0,0.56,0.35,0.76,0,-0.044780,-0.0462944,-0.046284,-0.0462944,-0.0439076,sell
2015-12-22,0.06,0.89,0,0,0.46,0.57,0.55,0,-0.000545,-0.0156865, 0.011826, 0.0284383,-0.0189946,sell
2015-12-23,0.05,0.5,0,0,0.35,1.22,0.43,0,-0.052130,-0.0540948,-0.047927,-0.0417194,-0.0576656,sell
2015-12-24,0.16,0.31,0,0,0.33,2.07,0.58,0, 0.044228, 0.0442278, 0.030645, 0.0444342, 0.0527550,buy
2015-12-25,0.49,0,0,0,0.45,2.97,0.58,0, 0.010865,-0.0064696,-0.031525,-0.0033987,-0.0654670,sell
2015-12-26,0.56,0,0,0,0.69,2.66,1.12,0, 0.083492, 0.0597108, 0.023250, 0.0597108, 0.0129823,buy
2015-12-27,0.73,0,0,0,0.74,2.57,1.18,0, 0.082293, 0.0382322, 0.024055, 0.0382322, 0.0100312,buy
2015-12-28,0.88,0,0,0,0.46,2.21,1.12,0, 0.080960, 0.0515955, 0.028623, 0.0515955, 0.0171687,buy
2015-12-29,0.4,0.12,0,0,0.27,1.57,1.53,0,-0.046650,-0.0517481,-0.045986,-0.0406719,-0.0402161,sell
2015-12-30,0.16,0.35,0,0,0.3,1.26,1,0,-0.011608,-0.0231397,-0.113921,-0.0273503,-0.0597818,sell
2015-12-31,0.07,0.69,0,0,0.42,0.67,0.42,0,-0.059102,-0.0622913, 0.002639, 0.0013256,-0.0614986,sell
2016-01-01,0,0.45,0,0,0.79,0.34,0.18,0,-0.039693, 0.0106057, 0.023408, 0.0075487, 0.0106057,buy
2016-01-02,0.04,0.16,0,0,0.94,0.22,0,0,-0.054989,-0.0566093,-0.051536,-0.0383754,-0.0383754,sell
2016-01-03,0.1,0,0,0,0.53,0.17,0,0,-0.058500, 0.0088525,-0.026988,-0.0270898,-0.0572083,sell
2016-01-04,0.23,0.13,0,0,0.24,0.2,0,0, 0.001396, 0.0683589,-0.001952,-0.0046745, 0.0013956,buy
2016-01-05,0.28,0.21,0,0,0.1,0.2,0.07,0,-0.020317, 0.0117318,-0.023420,-0.0170033,-0.0203174,sell
2016-01-06,0.14,0.34,0,0,0,0.19,0.17,0, 0.008914, 0.0203886, 0.008914, 0.0071968, 0.0071968,buy
2016-01-07,0.06,0.53,0,0,0,0.16,0.4,0, 0.003707, 0.0274641, 0.007511,-0.0029611,-0.0011560,buy
2016-01-08,0.03,0.69,0,0,0,0.2,0.69,0,-0.034512,-0.0289800,-0.035950,-0.0302855,-0.0363360,sell
2016-01-09,0,0.58,0,0,0.06,0.37,0.49,0,-0.039427,-0.0424131,-0.046250,-0.0408688,-0.0477254,sell
2016-01-10,0.08,0.37,0,0,0.16,0.97,0.2,0,-0.107209,-0.1003737,-0.094503,-0.0948422,-0.0853852,sell
2016-01-11,0.43,0.23,0,0,0.51,1.76,0.08,0,-0.034055,-0.0288362,-0.051464,-0.0569461,-0.0549901,sell
2016-01-12,1.43,0.15,0,0,0.6,1.92,0,0,-0.060369,-0.0428865,-0.046621,-0.0302649,-0.0522452,sell
2016-01-13,2.43,0,0,0,0.6,2.3,0,0, 0.029219, 0.0586942, 0.049629, 0.0579985, 0.0536314,buy
2016-01-14,2.39,0,0,0,0.67,2.46,0,0, 0.070158, 0.0796359, 0.066375, 0.1015890, 0.0934755,buy
2016-01-15,2.15,0,0,0,0.55,2.33,0,0, 0.028621, 0.0589177, 0.057067, 0.0753716, 0.0671672,buy
2016-01-16,1.56,0,0,0,0.59,1.51,0.06,0,-0.015969,-0.0606505,-0.020103, 0.0282679,-0.0167080,sell
2016-01-17,1.38,0,0,0,0.33,1.48,0.19,0,-0.002199,-0.0126817,-0.008180, 0.0163219, 0.0024429,sell
2016-01-18,1.48,0,0,0,0.14,2.04,0.58,0,-0.042791,-0.0346426,-0.087204,-0.0882412,-0.0872044,sell
2016-01-19,1.1,0,0,0,0.11,1.79,0.8,0,-0.087178,-0.0672755,-0.113795,-0.1144984,-0.1173212,sell
2016-01-20,0.71,0,0,0,0.08,1.5,0.62,0, 0.042595, 0.0392423, 0.036586,-0.0786785, 0.0256828,buy
2016-01-21,0.46,0,0,0,0.13,1.42,0.59,0, 0.046227, 0.0524391, 0.055810,-0.0285636, 0.0454636,buy
2016-01-22,0.3,0,0,0,0.26,1.16,0.41,0,-0.052165,-0.0553558,-0.048722,-0.1100909,-0.0558603,sell
2016-01-23,0.19,0,0,0,0.36,1.34,0.21,0,-0.086738,-0.0855413,-0.042764,-0.1132149,-0.0867379,sell
2016-01-24,0.12,0,0,0,0.47,1.15,0.07,0,-0.131206,-0.0996216,-0.108681,-0.1370722,-0.1092898,sell
2016-01-25,0,0,0.04,0,0.7,0.68,0.03,0,-0.111119,-0.0083825,-0.064744,-0.0716958,-0.0083825,sell
2016-01-26,0,0.14,0.05,0,0.97,0.49,0,0,-0.123922, 0.0223670,-0.005147,-0.0039731, 0.0225241,sell
2016-01-27,0,0.54,0.06,0,1.43,0.37,0,0,-0.044678,-0.0517424, 0.022215,-0.0328438,-0.0254810,sell
2016-01-28,0,0.88,0.07,0,2.26,0.33,0.28,0, 0.079888, 0.0761432, 0.047271, 0.0632539, 0.0761432,buy
2016-01-29,0,1.01,0.08,0,2.39,0.33,0.78,0, 0.087916, 0.0879162, 0.036942, 0.0750864, 0.0879162,buy
2016-01-30,0,0.57,0.09,0,1.76,0.32,1.61,0,-0.041897,-0.0448109,-0.019618,-0.0195440,-0.0421310,sell
2016-01-31,0,0.22,0.1,0,1.15,0.29,1.48,0,-0.010359,-0.0103590, 0.026077, 0.0038428,-0.0103590,sell
2016-02-01,0.05,0,0.24,0,0.84,0.24,1.16,0, 0.042162, 0.0447644, 0.042162, 0.0487440, 0.0421624,buy
2016-02-02,0.1,0,0.32,0,0.82,0.18,1.63,0, 0.010680, 0.0345672, 0.003949, 0.0140474, 0.0106802,buy
2016-02-03,0.16,0,0.43,0,1.16,0.13,2.45,0, 0.021256, 0.0269100, 0.028067, 0.0259260, 0.0355204,buy
2016-02-04,0.25,0,0.6,0,1.73,0.13,2.06,0, 0.017202,-0.0048921, 0.012058, 0.0177726,-0.0086766,sell
2016-02-05,0.49,0,0.76,0,1.68,0.3,1.46,0, 0.007216,-0.0124598, 0.009888, 0.0084785,-0.0048115,sell
2016-02-06,0.92,0,0.73,0,1.31,0.58,1.49,0, 0.011381, 0.0200352, 0.004059, 0.0052819, 0.0072086,buy
2016-02-07,1.27,0,0.57,0,1.19,1.26,1.39,0,-0.013941,-0.0175625,-0.027930,-0.0175625,-0.0175625,sell
2016-02-08,1.6,0,0.47,0,1.23,2.07,1.29,0,-0.014790,-0.0172604,-0.053481,-0.0161789,-0.0160132,sell
2016-02-09,1.65,0,0.56,0,0.9,1.51,0.72,0,-0.014812,-0.0352710, 0.014453,-0.0236465,-0.0355944,sell
2016-02-10,1.62,0,0.83,0,0.61,0.98,0.34,0, 0.022161, 0.0090951, 0.065281, 0.0206527, 0.0084258,buy
2016-02-11,1.6,0,0.88,0,0.46,1.58,0.2,0,-0.081170,-0.0467356, 0.046402,-0.0592611,-0.0705738,sell
2016-02-12,1.13,0,1.02,0,0.34,2.02,0.36,0, 0.020258, 0.0460791, 0.141388, 0.0665007, 0.0941123,buy
2016-02-13,0.51,0,0.69,0,0.32,1.91,0.55,0,-0.020385,-0.0271585,-0.018829, 0.0018043,-0.0205769,sell
2016-02-14,0.3,0,0.37,0,0.28,1.62,0.61,0,-0.004142,-0.0009369,-0.004142,-0.0007519,-0.0105350,sell
2016-02-15,0.19,0,0.16,0,0.26,0.85,0.57,0, 0.050580, 0.0532637, 0.042787, 0.0532637, 0.0604660,buy
2016-02-16,0.15,0.07,0.15,0,0.25,1.37,0.65,0,-0.061430,-0.0612653,-0.041943,-0.0622016,-0.0303024,sell
2016-02-17,0.13,0.27,0.14,0,0.26,2.11,0.87,0, 0.048938, 0.0575735, 0.024078, 0.0566226, 0.0492692,buy
2016-02-18,0.08,0.64,0.13,0,0.42,1.37,0.89,0, 0.012533, 0.0058408,-0.086821, 0.0147918,-0.0780048,sell
2016-02-19,0.08,1,0.13,0,0.81,1.03,0.6,0,-0.031449, 0.0340622,-0.032845,-0.0106686,-0.0229266,sell
2016-02-20,0.08,1.02,0.12,0,1.74,1.59,0.37,0, 0.080895, 0.0593280, 0.062321, 0.0609959, 0.0841574,buy
2016-02-21,0.08,0.78,0.12,0,1.46,2.08,0.24,0, 0.096154, 0.0920148, 0.089871, 0.0633676, 0.0955136,buy
2016-02-22,0.08,0.7,0.12,0,0.78,1.35,0.16,0, 0.043070, 0.0205420, 0.000096, 0.0430702, 0.0468448,buy
2016-02-23,0.08,0.83,0.11,0,0.89,0.59,0.29,0,-0.103952,-0.0863553,-0.094326,-0.1020692,-0.0787399,sell
2016-02-24,0.08,0.46,0.23,0,1.62,0.16,0.81,0, 0.034175,-0.0094429, 0.010854, 0.0075404, 0.0136853,buy
2016-02-25,0.13,0.15,0.24,0,1.8,0.07,1.31,0,-0.004354, 0.0027582, 0.008536, 0.0136690,-0.0220413,sell
2016-02-26,0.14,0,0.36,0,1.43,0,1.18,0,-0.023420,-0.0278402,-0.020020,-0.0056162,-0.0278402,sell
2016-02-27,0.14,0,0.64,0,0.98,0.03,0.91,0, 0.024886, 0.0355567, 0.031774,-0.0048028, 0.0288093,buy
2016-02-28,0.14,0,0.84,0,0.98,0.06,0.53,0, 0.033332, 0.0058577, 0.007167, 0.0165884, 0.0122498,buy
2016-02-29,0.15,0,1.14,0,0.68,0.1,1.1,0, 0.009975, 0.0060953, 0.009284, 0.0138967, 0.0308058,buy
2016-03-01,0.16,0,0.9,0,0.75,0.17,1.34,0, 0.032083, 0.0396079, 0.036007, 0.0225453, 0.0015325,buy
2016-03-02,0.17,0,0.64,0,0.7,0.29,1.09,0, 0.035206, 0.0276975, 0.021365,-0.0026007,-0.0058346,buy
2016-03-03,0.18,0,0.87,0,0.58,0.37,0.97,0, 0.049658, 0.0526659, 0.047635, 0.0296890, 0.0268737,buy
2016-03-04,0.2,0,0.97,0,0.86,0.32,0.62,0, 0.056123, 0.0742180, 0.062159, 0.0561230, 0.0797302,buy
2016-03-05,0.21,0,1.28,0,0.79,0.52,0.45,0, 0.065078, 0.0650783, 0.065208, 0.0650783, 0.0779079,buy
2016-03-06,0.23,0,1.43,0,0.51,1.15,0.52,0,-0.089710,-0.0801750,-0.057067,-0.0897101,-0.0897101,sell
2016-03-07,0.25,0,0.93,0,0.57,1.4,0.55,0,-0.043820,-0.0731650,-0.041163,-0.0552873,-0.0559396,sell
2016-03-08,0.28,0,0.6,0,0.82,0.8,0.28,0, 0.009649, 0.0036461, 0.020533, 0.0181651,-0.0336302,buy
2016-03-09,0.3,0,0.54,0,0.74,0.44,0.12,0,-0.023360,-0.0106054,-0.021797,-0.0382885,-0.0081180,sell
2016-03-10,0.33,0,0.49,0,0.44,0.45,0.05,0, 0.017379, 0.0717993, 0.072151, 0.0884406, 0.0721511,buy
2016-03-11,0.37,0.14,0.45,0,0.32,0.66,0.04,0, 0.064914, 0.0842134, 0.084213, 0.0710484, 0.0842134,buy
2016-03-12,0.41,0.18,0.43,0,0.22,0.8,0.08,0, 0.016355,-0.0428159,-0.042816,-0.0205819,-0.0449845,sell
2016-03-13,0.46,0.23,0.4,0,0.22,1.17,0.24,0, 0.021546, 0.0534404, 0.013517, 0.0615219, 0.0223125,buy
2016-03-14,0.51,0.3,0.39,0,0.29,1.49,0.61,0, 0.066711, 0.0510362, 0.051393, 0.0498377,-0.0141615,buy
2016-03-15,0.56,0.38,0.38,0,0.57,1.67,0.78,0, 0.040263, 0.0434476, 0.050299, 0.0415109, 0.0287538,buy
2016-03-16,0.62,0.47,0.37,0,0.81,1.18,0.29,0, 0.082962, 0.0753783, 0.040997, 0.1013597, 0.0553292,buy
2016-03-17,0.61,0.59,0.34,0,0.42,0.45,0.05,0, 0.025817,-0.0343611,-0.014785,-0.0463409,-0.0409812,sell
2016-03-18,0.54,0.7,0.2,0,0.22,0.21,0.02,0,-0.008748,-0.0127016, 0.014294,-0.0231078,-0.0127016,sell
2016-03-19,0.49,0.68,0.18,0,0.22,0.11,0,0, 0.009802, 0.0193605, 0.037026,-0.0028830, 0.0037946,buy
2016-03-20,0.42,0.55,0.16,0,0.22,0.08,0,0, 0.020593,-0.0043277, 0.022116, 0.0215805, 0.0236366,buy
2016-03-21,0.38,0.45,0.25,0,0.22,0.07,0,0, 0.011173,-0.0048663, 0.015112, 0.0236104, 0.0273557,buy
2016-03-22,0.34,0.37,0.24,0,0.22,0.05,0,0, 0.017306, 0.0384717, 0.017306, 0.0098789, 0.0230420,buy
2016-03-23,0.26,0.31,0.24,0,0.25,0,0,0, 0.030520, 0.0430102, 0.030520, 0.0225246, 0.0381514,buy
2016-03-24,0.23,0.26,0.23,0,0.32,0,0.11,0, 0.000118, 0.0092964, 0.000118, 0.0097638, 0.0350729,buy
2016-03-25,0.2,0.22,0.24,0,0.66,0,0.32,0, 0.074266, 0.0914300, 0.077677, 0.0783130, 0.0701353,buy
2016-03-26,0.18,0.19,0.24,0,1.3,0,0.56,0, 0.007682,-0.0714843,-0.062407,-0.0493850,-0.0246700,sell
2016-03-27,0.16,0.16,0.25,0,2.04,0,0.31,0,-0.027237,-0.0120602,-0.014557, 0.0019110,-0.0095934,sell
2016-03-28,0.28,0.14,0.33,0,1.55,0,0.1,0,-0.050805,-0.0619393,-0.070940,-0.0476587,-0.0015025,sell
2016-03-29,0.95,0.12,0.58,0,1.29,0.03,0,0, 0.027247, 0.0358328, 0.031904, 0.0272466,-0.0077331,buy
2016-03-30,1.23,0,0.48,0,1.66,0.07,0,0,-0.002523,-0.0343408,-0.004859,-0.0093099,-0.0414845,sell
2016-03-31,0.34,0,0.68,0,1.49,0.14,0,0, 0.058119, 0.0054624, 0.024955, 0.0234744,-0.0091916,buy
2016-04-01,0.1,0,1.01,0,1.26,0.28,0,0, 0.051128, 0.0344695, 0.038885, 0.0437591, 0.0315089,buy
2016-04-02,0.19,0,0.62,0,1.15,0.71,0,0, 0.025489, 0.0223758, 0.040080, 0.0254891, 0.0109222,buy
2016-04-03,0.32,0,0.61,0,0.81,1.71,0,0,-0.053316,-0.0598972,-0.028317,-0.0582223,-0.0503491,sell
2016-04-04,0.66,0.07,0.77,0,0.56,1.16,0,0,-0.028673,-0.0146198,-0.035557,-0.0572470,-0.0355616,sell
2016-04-05,1.17,0.76,0.67,0,0.43,0.24,0,0, 0.001769, 0.0144144, 0.017756, 0.0145035,-0.0066146,buy
2016-04-06,0.89,1.45,0.59,0,0.41,0,0,0,-0.002113,-0.0006522, 0.002586,-0.0070151,-0.0223162,sell
2016-04-07,0.43,0.8,0.7,0,0.35,0,0,0,-0.026398,-0.0270113,-0.009811,-0.0178103,-0.0507130,sell
2016-04-08,0.23,0.84,0.94,0,0.27,0.1,0,0,-0.019705,-0.0363220, 0.013601,-0.0874367,-0.0312849,sell
2016-04-09,0.09,0.73,1.29,0,0.31,0.45,0,0,-0.091774,-0.0939014,-0.091701,-0.0917007,-0.0977188,sell
2016-04-10,0.09,0.15,1.1,0,0.38,0.79,0.2,0,-0.022973,-0.0619668,-0.069635,-0.0627008,-0.0620532,sell
2016-04-11,0.09,0,0.71,0,0.59,0.33,0.78,0,-0.018248, 0.0436334,-0.051190,-0.0400929,-0.0306773,sell
2016-04-12,0.1,0,0.44,0,0.96,0.3,1.38,0, 0.027284, 0.0425701, 0.009621, 0.0313729, 0.0210383,buy
2016-04-13,0.23,0,0.39,0,1.07,0.5,0.65,0,-0.034210,-0.0368334,-0.052416,-0.0494064,-0.0384931,sell
2016-04-14,0.51,0,0.61,0,1.48,1.16,0.19,0, 0.008735, 0.0084536, 0.021752, 0.0077192, 0.0005500,buy
2016-04-15,0.46,0,1.24,0,1.07,2.05,0,0,-0.017497,-0.0567838,-0.037750,-0.0517282,-0.0549122,sell
2016-04-16,0.74,0.1,1.55,0,0.43,1.57,0,0, 0.029553, 0.0358627, 0.064640, 0.0097325, 0.0537279,buy
2016-04-17,1.33,0.24,0.98,0,0.36,0.69,0,0, 0.054203, 0.0492011, 0.056003, 0.0492011, 0.0477401,buy
2016-04-18,1.91,0.69,0.36,0,0.36,0.32,0,0,-0.023490,-0.0298323,-0.035530,-0.0411716,-0.0572780,sell
2016-04-19,1.75,0.95,0.22,0,0.59,0.05,0,0,-0.003948,-0.0055132,-0.008771,-0.0073618,-0.0502232,sell
2016-04-20,1.07,1.21,0.52,0,0.97,0.03,0.07,0,-0.013279, 0.0059535, 0.001963,-0.0006411, 0.0089099,buy
2016-04-21,0.41,0.73,0.89,0,1.21,0,0.12,0,-0.045781,-0.0543121,-0.058305,-0.0562055,-0.0118656,sell
2016-04-22,0.25,0.53,0.65,0,1.23,0,0.19,0, 0.077700, 0.0712041, 0.071204, 0.0777589, 0.0376420,buy
2016-04-23,0.19,0.61,0.31,0,1.25,0,0.29,0, 0.032942, 0.0320867, 0.038104,-0.0185978, 0.0059375,buy
2016-04-24,0.15,0.83,0.13,0,1.33,0.15,0.4,0,-0.045597,-0.0601675,-0.041694,-0.0420894,-0.0368243,sell
2016-04-25,0.09,0.45,0.12,0,0.95,0.54,0.5,0,-0.050387,-0.0230714,-0.025946,-0.0228445, 0.0032640,sell
2016-04-26,0.1,0.31,0.11,0,0.49,1.53,0.58,0,-0.084343,-0.0860033,-0.029976,-0.0493902,-0.0386615,sell
2016-04-27,0.1,0.32,0,0,0.31,2.06,0.62,0, 0.044228, 0.0442278, 0.027060, 0.0464134, 0.0530865,buy
2016-04-28,0.15,0.83,0,0,0.17,1.42,0.78,0, 0.027123, 0.0352885,-0.070774, 0.0291269,-0.0609550,sell
2016-04-29,0.17,1.25,0,0,0.19,0.84,0.98,0, 0.030581, 0.0345250, 0.036091, 0.0264839, 0.0360915,buy
2016-04-30,0.27,1.47,0,0,0.21,0.32,1.43,0, 0.010131, 0.0041587, 0.008717, 0.0119904, 0.0043967,buy
2016-05-01,0.4,1.01,0,0,0.23,0.22,1.85,0,-0.020424,-0.0038505,-0.000248,-0.0106987,-0.0106987,sell
2016-05-02,0.69,0.93,0,0,0.3,0.2,1.27,0, 0.004086,-0.0419319,-0.016815, 0.0296711,-0.0347477,sell
2016-05-03,0.97,1.33,0.31,0,0.44,0.39,0.65,0,-0.033860,-0.0367915,-0.022606,-0.0297553,-0.0267530,sell
2016-05-04,0.84,1.01,0.78,0,0.68,0.54,0.34,0, 0.022785, 0.0305363, 0.016212, 0.0109276, 0.0240306,buy
2016-05-05,0.7,0.69,0.95,0,0.85,0.45,0.11,0,-0.009316, 0.0085697,-0.007383, 0.0000081,-0.0040045,sell
2016-05-06,0.94,0.61,0.46,0,0.84,0.61,0.07,0, 0.017236, 0.0168459, 0.040561, 0.0237910,-0.0024076,buy
2016-05-07,1.34,0.47,0.18,0,0.6,0.85,0.26,0,-0.065960,-0.0501199,-0.068611,-0.0371416,-0.0573393,sell
2016-05-08,1.86,0.36,0,0,0.32,0.45,0.76,0,-0.012114,-0.0116930, 0.022826, 0.0234215,-0.0003829,buy
2016-05-09,1.98,0.27,0,0,0.26,0.16,1.38,0,-0.008034, 0.0113472, 0.011066, 0.0072569, 0.0068235,buy
2016-05-10,2.01,0.21,0.3,0,0.28,0,0.84,0,-0.006082, 0.0029746, 0.020635, 0.0035837, 0.0007359,buy
2016-05-11,1.79,0.15,0.95,0,0.41,0.05,0.36,0,-0.009018, 0.0014474, 0.002100,-0.0008927,-0.0175342,sell
2016-05-12,1.53,0,0.93,0,0.64,0.1,0.25,0, 0.002887, 0.0062658,-0.023180,-0.0234865,-0.0234865,sell
2016-05-13,1.83,0,0.29,0,0.46,0.15,0.34,0,-0.014271,-0.0045167, 0.026266,-0.0033175,-0.0562763,sell
2016-05-14,2.09,0,0.18,0,0.23,0.22,0.69,0,-0.029234,-0.0297761, 0.023856, 0.0226228,-0.0318831,sell
2016-05-15,1.65,0,0.26,0,0.17,0.33,0.61,0, 0.007378,-0.0497575, 0.059460, 0.0490843, 0.0004730,buy
2016-05-16,0.87,0,0.36,0,0.18,0.53,0.26,0, 0.081871, 0.0798909, 0.081871, 0.0439994, 0.0955180,buy
2016-05-17,0.58,0,0.47,0,0.47,0.73,0.2,0,-0.023490, 0.0059952,-0.035376,-0.0413273,-0.0433948,sell
2016-05-18,0.43,0,0.57,0,0.67,0.72,0.38,0, 0.000506,-0.0160740, 0.003493, 0.0022213, 0.0026681,buy
2016-05-19,0.45,0,0.65,0,0.38,0.66,0.77,0, 0.043948, 0.0420763, 0.038889, 0.0452222, 0.0370405,buy
2016-05-20,0.48,0.1,0.71,0,0.24,0.78,0.82,0, 0.057945, 0.0566403, 0.053064, 0.0710603, 0.0486961,buy
2016-05-21,0.51,0.25,0.72,0,0.19,0.83,0.41,0, 0.018341, 0.0183407, 0.025148, 0.0183407, 0.0105082,buy
2016-05-22,0.5,0.55,0.72,0,0.26,0.79,0.24,0,-0.040818,-0.0317895,-0.038832,-0.0317895,-0.0667087,sell
2016-05-23,0.53,0.58,0.67,0,0.33,0.84,0.16,0,-0.071434,-0.0566389,-0.052292,-0.0566389,-0.0427386,sell
2016-05-24,0.53,0.51,0.59,0,0.36,0.69,0.15,0,-0.065234,-0.0493733,-0.051476,-0.0504818,-0.0727765,sell
2016-05-25,0.54,0.7,0.49,0,0.33,0.47,0.13,0,-0.032711,-0.0377908,-0.039735,-0.0043972,-0.0402587,sell
2016-05-26,0.61,0.98,0.37,0,0.3,0.38,0.11,0, 0.055113, 0.0218512, 0.013018, 0.0218512, 0.0562378,buy
2016-05-27,0.65,0.59,0.27,0,0.29,0.5,0,0,-0.005960,-0.0456530,-0.030063,-0.0265894,-0.0478359,sell
2016-05-28,0.76,0.2,0.18,0,0.32,0.96,0,0, 0.027966, 0.0186745, 0.007347, 0.0439993, 0.0296901,buy
2016-05-29,0.97,0.11,0,0,0.36,1.11,0,0, 0.053089, 0.0433437, 0.049775, 0.0487130, 0.0610337,buy
2016-05-30,1.37,0,0,0,0.34,1.14,0,0, 0.038875, 0.0218912, 0.034612, 0.0489908, 0.0384539,buy
2016-05-31,1.75,0,0,0,0.28,0.93,0,0, 0.062709, 0.0362928, 0.051059, 0.0532420, 0.0602071,buy
2016-06-01,1.53,0,0,0,0.21,0.35,0,0, 0.026627, 0.0066006, 0.024294, 0.0238199, 0.0266273,buy
2016-06-02,1.03,0,0,0,0.15,0.1,0,0,-0.009303,-0.0236855,-0.023237,-0.0160493,-0.0240156,sell
2016-06-03,0.79,0,0,0,0.1,0,0,0,-0.044924,-0.0538836,-0.050493,-0.0434526,-0.0515857,sell
2016-06-04,0.68,0,0,0,0.12,0,0,0,-0.049347,-0.0529030,-0.051665,-0.0520432,-0.0503692,sell
2016-06-05,0.6,0,0.28,0,0.18,0,0.03,0,-0.053190,-0.0529747,-0.048987,-0.0055041,-0.0393042,sell
2016-06-06,0.66,0,0.75,0,0.34,0,0.19,0, 0.052932, 0.0386045, 0.013126, 0.0441006, 0.0438360,buy
2016-06-07,0.74,0,0.95,0,0.59,0,0.44,0, 0.091178, 0.0881433, 0.061471, 0.0830532, 0.0697151,buy
2016-06-08,0.82,0,0.44,0,0.41,0,1.06,0,-0.025280,-0.0439290,-0.049885,-0.0384750,-0.0439290,sell
2016-06-09,0.93,0,0.1,0,0.16,0,1.4,0,-0.022377,-0.0381843,-0.049186,-0.0401762,-0.0401762,sell
2016-06-10,1.06,0,0.11,0,0.06,0,1.09,0,-0.001247,-0.0013431,-0.044677,-0.0178937,-0.0178937,sell
2016-06-11,1.21,0,0.14,0,0,0,0.98,0,-0.007669, 0.0410148,-0.021068,-0.0076686,-0.0037505,sell
2016-06-12,1.31,0.11,0.17,0,0,0,1.15,0,-0.017168, 0.0432762,-0.019169,-0.0162866,-0.0171683,sell
2016-06-13,1.26,0.39,0.22,0,0,0,1.09,0, 0.037392, 0.0534209, 0.029632, 0.0122027, 0.0373917,buy
2016-06-14,1.18,0.56,0.27,0,0,0,0.92,0, 0.053407, 0.0662602, 0.044357, 0.0342122, 0.0657984,buy
2016-06-15,1.12,0.21,0.33,0,0,0.05,0.49,0, 0.061013, 0.0592164, 0.043766, 0.0603243, 0.0594021,buy
2016-06-16,1.08,0,0.41,0,0,0.22,0.18,0, 0.025122,-0.0000394,-0.013315, 0.0276088, 0.0340067,sell
2016-06-17,1.04,0,0.56,0,0,0.71,0.08,0,-0.041461,-0.0503554,-0.067998,-0.0501219,-0.0481494,sell
2016-06-18,1.01,0,0.69,0,0,1.23,0,0,-0.078243,-0.0895378,-0.059694,-0.0738935,-0.0097086,sell
2016-06-19,0.98,0,0.78,0,0,0.76,0,0,-0.070792,-0.0707925,-0.078518,-0.0576387,-0.0434575,sell
2016-06-20,0.98,0,0.79,0,0,0.19,0,0, 0.018999, 0.0008805,-0.056853,-0.0114846,-0.0114846,sell
2016-06-21,0.98,0,0.82,0,0,0,0,0, 0.000604,-0.0205364,-0.051721,-0.0320424,-0.0339139,sell
2016-06-22,0.99,0,1.05,0,0,0,0,0,-0.046757,-0.0491015,-0.065575,-0.0453894,-0.0617560,sell
2016-06-23,1.01,0,1.07,0,0,0,0,0,-0.057241,-0.0411744,-0.056049,-0.0442542,-0.0560495,sell
2016-06-24,1.04,0,0.63,0,0,0,0,0,-0.002518,-0.0001577,-0.015012,-0.0051996,-0.0102563,sell
2016-06-25,1.34,0,0.68,0,0,0,0.12,0,-0.031987,-0.0339989,-0.036227,-0.0331498,-0.0362266,sell
2016-06-26,1.82,0,1.16,0,0,0,0.69,0, 0.015548, 0.0256362, 0.041915, 0.0301878, 0.0262308,buy
2016-06-27,2.45,0,1.29,0,0,0,1.1,0, 0.026276, 0.0272759, 0.049282, 0.0248175, 0.0388439,buy
2016-06-28,1.86,0,0.59,0,0,0,0.47,0,-0.029397,-0.0442608,-0.022273,-0.0460249,-0.0308830,sell
2016-06-29,1.2,0,0.23,0,0,0,0.43,0, 0.058948, 0.0370274, 0.030602, 0.0410707, 0.0491770,buy
2016-06-30,1.11,0,0.45,0,0,0,1.01,0, 0.015449, 0.0769486, 0.026649, 0.0373421, 0.0373421,buy
2016-07-01,1.18,0.12,0.78,0,0.02,0,1.11,0, 0.036930, 0.0733147, 0.070574, 0.0567432, 0.0473572,buy
2016-07-02,1.66,0.13,1.19,0,0.05,0,0.57,0, 0.026287, 0.0342359, 0.038683, 0.0451609, 0.0374921,buy
2016-07-03,2.11,0.14,0.88,0,0.1,0,0.2,0,-0.013861, 0.0062259, 0.011889, 0.0085350,-0.0039882,sell
2016-07-04,2.04,0.15,1.32,0,0.2,0,0.15,0, 0.009347, 0.0215038, 0.035413, 0.0224250, 0.0149850,buy
2016-07-05,2.43,0.16,1.24,0,0.24,0,0.31,0,-0.003549, 0.0027788, 0.027409, 0.0048067, 0.0115136,buy
2016-07-06,1.49,0.18,0.35,0,0.14,0,1.16,0,-0.004147, 0.0400552,-0.003697, 0.0107302,-0.0041471,sell
2016-07-07,1.07,0.63,0.39,0,0.07,0,1.92,0,-0.021409,-0.0355769,-0.036707,-0.0355769,-0.0204344,sell
2016-07-08,1.3,1.93,0.44,0,0.03,0,1.23,0,-0.009294, 0.0468392, 0.047045, 0.0285562, 0.0378642,buy
2016-07-09,0.93,2.45,0.53,0,0.05,0,0.68,0,-0.008531, 0.0028310,-0.014523, 0.0464566, 0.0090090,buy
2016-07-10,0.9,1.48,0.62,0,0.2,0.16,0.49,0,-0.011732,-0.0117316, 0.002897,-0.0297965,-0.0131273,sell
2016-07-11,1.3,2.16,0.68,0,0.23,0.5,0.24,0, 0.042614, 0.0284562, 0.046918, 0.0402632, 0.0441893,buy
2016-07-12,1.04,2.55,0.7,0,0.06,1.08,0.12,0,-0.001201, 0.0199970, 0.044073, 0.0529020, 0.0422418,buy
2016-07-13,0.75,0.8,0.73,0,0,1.3,0.06,0,-0.034940,-0.0453046,-0.058290,-0.0812725,-0.0257167,sell
2016-07-14,0.84,0.28,0.73,0,0.02,1.44,0.03,0,-0.108137,-0.0821646,-0.042972,-0.0821973,-0.0819103,sell
2016-07-15,1.01,0.57,0.63,0,0.04,1.02,0,0,-0.000469,-0.0161681,-0.067515,-0.0740640, 0.0055301,sell
2016-07-16,1.45,1.24,0.54,0,0.06,0.83,0,0, 0.014015, 0.0389610, 0.019932, 0.0142642, 0.0187335,buy
2016-07-17,1.77,2.01,0.44,0,0.1,0.27,0,0,-0.025575,-0.0128514,-0.006089, 0.0047413,-0.0023689,sell
2016-07-18,2.07,3.11,0.37,0,0.17,0.09,0,0, 0.001591,-0.0217296,-0.002790, 0.0022212,-0.0012277,sell
2016-07-19,2.55,3.12,1.36,0,0.24,0.25,0,0, 0.067312, 0.0426424, 0.113443, 0.0356473, 0.0399832,buy
2016-07-20,2.12,1.8,1.93,0,0.4,0.66,0,0, 0.060649, 0.0153325, 0.059417, 0.0168423,-0.0253935,buy
2016-07-21,1.22,0.97,1.87,0,0.9,1.04,0,0, 0.038133, 0.0641990, 0.049615, 0.0445423, 0.0522406,buy
2016-07-22,0.69,0.39,1.49,0,0.73,1.2,0,0,-0.075149,-0.0228092,-0.013141,-0.0641084,-0.0126580,sell
2016-07-23,0.41,0.4,0.68,0,0.74,0.8,0,0,-0.003216,-0.0849946,-0.020157,-0.0303301,-0.0134728,sell
2016-07-24,0.36,0.42,0.42,0,1.02,0.46,0,0, 0.076268, 0.0871470, 0.075209, 0.0654822, 0.0873296,buy
2016-07-25,0.41,0.43,0.48,0,0.67,0.26,0,0, 0.033563, 0.0799949, 0.032312, 0.0339129, 0.0807229,buy
2016-07-26,0.7,0.44,0.42,0,0.21,0.16,0,0, 0.026115, 0.0407932, 0.093472,-0.0226780, 0.0356787,buy
2016-07-27,0.95,0.45,0.6,0,0.09,0.27,0,0,-0.001821,-0.0015357,-0.004496,-0.0409604,-0.0085335,sell
2016-07-28,0.46,0.46,0.3,0,0.15,0.45,0,0,-0.005738,-0.0067640, 0.003756, 0.0014044,-0.0366686,sell
2016-07-29,0.41,0.57,0,0,0.36,0.58,0.02,0, 0.014974, 0.0035564, 0.016281, 0.0060976, 0.0008463,buy
2016-07-30,0.66,1.07,0.12,0,0.32,0.43,0.06,0,-0.004704, 0.0427697,-0.010805,-0.0023936,-0.0165033,sell
2016-07-31,1.47,1.45,0.38,0,0.13,0.35,0.16,0,-0.054202,-0.0041010,-0.011195,-0.0194205,-0.0235573,sell
2016-08-01,2.4,1.37,0.95,0,0.05,0.36,0.28,0, 0.077559, 0.0804454, 0.086802, 0.0826783, 0.0826907,buy
2016-08-02,1.63,0.98,1.15,0,0,0.45,0.18,0,-0.000199, 0.0089603, 0.013393, 0.0133933, 0.0059311,buy
2016-08-03,0.73,0.71,1.31,0,0.1,0.58,0.07,0, 0.030745, 0.0501470, 0.031745, 0.0317108, 0.0443690,buy
2016-08-04,0.35,0.81,0.8,0,0.26,0.64,0.03,0, 0.058556, 0.0479249, 0.058374, 0.0497462, 0.0053984,buy
2016-08-05,0.16,1.47,0.56,0,0.64,0.48,0,0, 0.013108, 0.0056002, 0.013712, 0.0246303, 0.0146008,buy
2016-08-06,0.22,1.75,0.47,0,0.71,0.33,0,0, 0.039379, 0.0357909, 0.040547, 0.0390419, 0.0302932,buy
2016-08-07,0.32,1.04,0.78,0,0.32,0.22,0.03,0, 0.038534, 0.0703640, 0.070364, 0.0698675, 0.0270377,buy
2016-08-08,0.61,0.52,0.71,0,0.13,0.15,0.07,0,-0.032283,-0.0293870,-0.000545,-0.0207446,-0.0356385,sell
2016-08-09,0.69,0.53,0.59,0,0.05,0.1,0.14,0, 0.042401, 0.0402090, 0.028723, 0.0349643, 0.0337114,buy
2016-08-10,0.83,0.52,0.55,0,0,0.1,0.28,0, 0.006165, 0.0015200,-0.007480, 0.0077085, 0.0135926,sell
2016-08-11,0.73,0.68,0.69,0,0,0.1,0.26,0,-0.009012,-0.0392157,-0.009534,-0.0012740,-0.0028749,sell
2016-08-12,0.32,1.08,0.86,0,0.04,0.07,0.12,0, 0.051441, 0.1067061, 0.121690, 0.1071616, 0.0902458,buy
2016-08-13,0.25,1.41,0.96,0,0.07,0.12,0.06,0, 0.055923, 0.0991236, 0.111274, 0.1084018, 0.0793070,buy
2016-08-14,0.26,1.24,0.96,0,0.09,0.2,0.03,0, 0.050113, 0.1022767, 0.120480, 0.1112588, 0.0848890,buy
2016-08-15,0.49,0.82,0.98,0,0.15,0.32,0,0,-0.069449,-0.0798833,-0.057171,-0.0829076,-0.0588197,sell
2016-08-16,0.96,0.63,1.11,0,0.25,0.29,0,0,-0.059683,-0.0678859,-0.072404,-0.0645252,-0.0550059,sell
2016-08-17,1.21,0.49,1.01,0,0.41,0.18,0,0,-0.016935,-0.0249545,-0.032106,-0.0321063,-0.0421318,sell
2016-08-18,0.93,0.47,0.83,0,0.36,0.11,0,0, 0.011995, 0.0554211, 0.031203, 0.0308008, 0.0074054,buy
2016-08-19,0.42,0.61,0.81,0,0.2,0.06,0,0,-0.026893,-0.0392596, 0.024164,-0.0643153,-0.0266814,sell
2016-08-20,0.17,0.92,0.69,0,0.12,0.04,0,0,-0.023391,-0.0451370,-0.030599,-0.0686669,-0.0467076,sell
2016-08-21,0.1,1.43,0.4,0,0.04,0.02,0,0,-0.007829, 0.0517792, 0.060244, 0.0602442, 0.0481965,buy
2016-08-22,0.09,2,0.25,0,0,0,0,0,-0.073810,-0.0008278, 0.025516,-0.0015895,-0.0008278,sell
2016-08-23,0.09,1.78,0.16,0,0,0,0,0,-0.065257,-0.0497431, 0.003393,-0.0467072,-0.0497431,sell
2016-08-24,0.09,1.13,0.42,0,0,0,0,0,-0.052482,-0.0668805,-0.048970,-0.0668750,-0.0619205,sell
2016-08-25,0.14,0.7,0.65,0,0,0,0,0,-0.047795,-0.0295461,-0.045108,-0.0201052,-0.0160824,sell
2016-08-26,0.22,0.57,0.36,0,0,0,0,0,-0.060048, 0.0090535,-0.055267,-0.0057569,-0.0111145,sell
2016-08-27,0.41,0.36,0.07,0,0,0,0,0,-0.038568, 0.0230534,-0.038568,-0.0380687,-0.0380687,sell
2016-08-28,0.5,0.35,0.09,0,0.04,0,0,0,-0.038028, 0.0264007,-0.038186,-0.0371431,-0.0371431,sell
2016-08-29,0.29,0.34,0.1,0,0.06,0,0,0,-0.022841, 0.0469112,-0.022841,-0.0280306,-0.0228409,sell
2016-08-30,0.17,0.58,0.12,0,0.1,0,0,0, 0.036013, 0.0389973, 0.026818, 0.0071726, 0.0230793,buy
2016-08-31,0.11,0.93,0.14,0,0.17,0,0,0, 0.028724, 0.0729960, 0.030271, 0.0434136, 0.0308337,buy
2016-09-01,0.07,0.99,0.24,0,0.28,0,0,0, 0.014377, 0.0741513, 0.014477, 0.0292152, 0.0329127,buy
2016-09-02,0.06,0.59,0.4,0,0.47,0,0,0, 0.011953, 0.0115694, 0.011953, 0.0021073, 0.0012115,buy
2016-09-03,0.06,0.39,0.6,0,0.48,0,0,0, 0.031627, 0.0278171,-0.006367, 0.0277333, 0.0083441,buy
2016-09-04,0.14,0.25,0.44,0,0.29,0,0.08,0, 0.016003, 0.0126728, 0.026066, 0.0290016, 0.0562489,buy
2016-09-05,0.25,0.24,0.27,0,0.17,0,0.26,0, 0.026437, 0.0290859, 0.026437, 0.0142643, 0.0219371,buy
2016-09-06,0.49,0.22,0.72,0,0.16,0,0.69,0,-0.002375,-0.0312757,-0.021996,-0.0245832,-0.0312757,sell
2016-09-07,0.61,0.21,1.47,0,0.26,0,1.18,0, 0.056155, 0.0333679, 0.039590, 0.0317997, 0.0344892,buy
2016-09-08,0.33,0.3,1.23,0,0.64,0,0.79,0,-0.007117,-0.0106338,-0.007023,-0.0107868,-0.0352804,sell
2016-09-09,0.17,0.36,0.96,0,0.71,0,0.49,0,-0.043445,-0.0404037,-0.021287,-0.0286078,-0.0499745,sell
2016-09-10,0.1,0.6,0.57,0,0.26,0,0.36,0, 0.027882, 0.0149801, 0.023555, 0.0235550, 0.0253939,buy
2016-09-11,0.04,0.97,0.27,0,0.08,0,0.17,0,-0.006484,-0.0068480,-0.012265,-0.0189795,-0.0160967,sell
2016-09-12,0.1,1.09,0.05,0,0,0,0.16,0, 0.029234, 0.0789530, 0.065227, 0.0769648, 0.0578615,buy
2016-09-13,0.14,0.94,0,0,0.07,0,0.25,0, 0.038468, 0.0725192, 0.065851, 0.0703132, 0.0570039,buy
2016-09-14,0.22,0.66,0.22,0,0.24,0,0.3,0,-0.017232, 0.0152348, 0.016238, 0.0150047, 0.0091651,buy
2016-09-15,0.37,0.28,0.54,0,0.15,0,0.13,0, 0.010450, 0.0014251, 0.003188,-0.0292695,-0.0171675,sell
2016-09-16,0.67,0.08,0.84,0,0.07,0,0.04,0, 0.027692,-0.0029251,-0.002925,-0.0083574,-0.0029251,sell
2016-09-17,0.87,0,0.85,0,0.06,0.12,0,0,-0.004816,-0.0106052,-0.012452,-0.0220996,-0.0106052,sell
2016-09-18,0.75,0.64,0.55,0,0.07,0.44,0,0,-0.004548,-0.0055924,-0.007166,-0.0164413,-0.0023467,sell
2016-09-19,0.69,1.39,0.14,0,0.09,1.27,0,0, 0.001254,-0.0105545,-0.025443,-0.0142610,-0.0142610,sell
2016-09-20,0.7,0.96,0,0,0.11,2.2,0,0,-0.000754,-0.0098185,-0.017308,-0.0236104,-0.0062756,sell
2016-09-21,0.64,0.31,0,0,0.14,1.48,0,0,-0.058455,-0.0648485,-0.058455,-0.0607892,-0.0481856,sell
2016-09-22,0.53,0,0,0,0.17,0.64,0,0, 0.015310, 0.0145055, 0.014506, 0.0145055, 0.0217628,buy
2016-09-23,0.56,0,0,0,0.24,0.4,0,0, 0.028850, 0.0285157, 0.028516, 0.0285157, 0.0320504,buy
2016-09-24,0.49,0,0.12,0,0.34,0.23,0,0, 0.006494, 0.0030704, 0.003070, 0.0030704, 0.0153162,buy
2016-09-25,0.35,0,0.34,0,0.51,0.11,0,0,-0.004354, 0.0143615,-0.004354,-0.0144219,-0.0493466,sell
2016-09-26,0.22,0.1,0.36,0,0.75,0.06,0,0,-0.008162, 0.0029316,-0.005527,-0.0116039,-0.0084909,sell
2016-09-27,0.16,0.24,0.14,0,0.74,0.04,0,0, 0.037582, 0.0247991, 0.034321, 0.0375824, 0.0338036,buy
2016-09-28,0.14,0.75,0,0,0.57,0.03,0,0, 0.012660, 0.0105315, 0.015802, 0.0200407, 0.0051945,buy
2016-09-29,0.37,0.94,0,0,0.41,0,0,0, 0.006473, 0.0136409, 0.021180, 0.0212171, 0.0005265,buy
2016-09-30,0.97,0.52,0.27,0,0.44,0,0.12,0,-0.046563,-0.0384907,-0.043947,-0.0428759,-0.0481558,sell
2016-10-01,1.8,0.14,0.87,0,0.63,0,0.5,0,-0.006130,-0.0080438,-0.021614,-0.0264663,-0.0237221,sell
2016-10-02,1.24,0,1.78,0,1.23,0,1.15,0, 0.007018, 0.0014553, 0.007018, 0.0098215, 0.0070175,buy
2016-10-03,0.44,0,1.3,0,1.84,0.02,1.37,0, 0.030217, 0.0304528, 0.024535, 0.0192379, 0.0354548,buy
2016-10-04,0.16,0,0.47,0,1.17,0.03,1.79,0, 0.016797, 0.0167970, 0.000781, 0.0164525, 0.0167970,buy
2016-10-05,0,0,0,0,0.54,0.04,1.7,0,-0.038163,-0.0381630,-0.038354,-0.0411889,-0.0448198,sell
2016-10-06,0,0,0.06,0,0.22,0.06,0.96,0,-0.008331, 0.0041135,-0.006212,-0.0086332, 0.0227075,sell
2016-10-07,0,0,0.31,0,0.11,0.09,0.5,0,-0.037615,-0.0376149,-0.032525,-0.0399453,-0.0303701,sell
2016-10-08,0.06,0,0.36,0,0.1,0.17,0.39,0,-0.025476,-0.0326807,-0.030020,-0.0298986,-0.0326807,sell
2016-10-09,0.24,0,0.07,0,0.09,0.32,0.46,0,-0.019221,-0.0169377,-0.016938,-0.0129800,-0.0159037,sell
2016-10-10,0.61,0,0.15,0,0.09,0.58,0.87,0, 0.009316, 0.0286397, 0.021390, 0.0224872, 0.0339481,buy
2016-10-11,1.14,0,0.69,0,0.21,0.79,1.39,0,-0.031810,-0.0000478, 0.002498, 0.0265063,-0.0362329,sell
2016-10-12,1.24,0,1.85,0,0.53,0.55,1.16,0,-0.024279,-0.0110722,-0.017614, 0.0005333,-0.0238687,sell
2016-10-13,0.91,0,1.79,0,1.08,0.27,0.95,0, 0.011747,-0.0025755, 0.015012, 0.0145996, 0.0150116,buy
2016-10-14,0.42,0,1.05,0,0.88,0.14,1.44,0,-0.012363,-0.0123626,-0.010993,-0.0577500,-0.0126019,sell
2016-10-15,0.27,0.35,0.67,0,0.99,0.22,0.98,0,-0.020970,-0.0073497,-0.014609,-0.0091966,-0.0091966,sell
2016-10-16,0.24,0.86,0.65,0,1.12,0.5,0.19,0, 0.003619,-0.0039069, 0.015140,-0.0256421,-0.0266035,sell
2016-10-17,0.28,1.39,0.75,0,0.88,1.23,0,0,-0.024712,-0.0250903,-0.024296,-0.0147354,-0.0242964,sell
2016-10-18,0.24,0.9,0.82,0,0.63,1.78,0,0,-0.005434,-0.0135248,-0.005434, 0.0278211, 0.0120593,sell
2016-10-19,0.1,0.36,1.18,0,0.53,1.17,0,0, 0.004360,-0.0103923,-0.007454,-0.0140714,-0.0046356,sell
2016-10-20,0.04,0.53,1.17,0,0.49,1.47,0,0, 0.013377, 0.0133768, 0.013377, 0.0008800,-0.0006389,buy
2016-10-21,0,1.38,0.87,0,0.52,2.27,0,0, 0.011046, 0.0069306,-0.012621, 0.0168532, 0.0288944,sell
2016-10-22,0,0.93,1.06,0,0.52,1.84,0,0,-0.029789,-0.0293959,-0.028695,-0.0081228,-0.0114141,sell
2016-10-23,0,0.53,1.2,0,0.65,1.67,0.04,0,-0.023429,-0.0234294,-0.023429,-0.0382680,-0.0424786,sell
2016-10-24,0,0.69,1.1,0,0.79,1.4,0.18,0,-0.006085,-0.0060850,-0.006085,-0.0312556,-0.0421402,sell
2016-10-25,0,0.29,0.9,0,0.86,0.32,0.4,0,-0.044476,-0.0177087,-0.060186,-0.0619935,-0.0630081,sell
2016-10-26,0,0.12,0.74,0,0.76,0,0.74,0, 0.026836, 0.0665529, 0.017955,-0.0024642, 0.0006676,buy
2016-10-27,0,0.91,0.61,0,0.65,0,0.93,0,-0.024960,-0.0424196, 0.000180, 0.0165818,-0.0131715,sell
2016-10-28,0.14,1.66,0.5,0,0.63,0.16,0.89,0,-0.029369,-0.0357271,-0.013199,-0.0125281,-0.0343804,sell
2016-10-29,0.75,1.18,0.41,0,0.72,0.31,0.82,0,-0.061714,-0.0553767,-0.066167,-0.0540771,-0.0528559,sell
2016-10-30,1.8,0.6,0.34,0,1.08,0.59,1.23,0, 0.025553, 0.0353060, 0.079623, 0.0293367, 0.0076729,buy
2016-10-31,1.7,0.78,0.28,0,1.33,1.15,1.12,0,-0.066297,-0.0607872,-0.029531,-0.0607872,-0.0450502,sell
2016-11-01,1.56,1.09,0.23,0,1.19,1.59,1.08,0,-0.058064,-0.0684311,-0.041135,-0.0659241,-0.0482887,sell
2016-11-02,0.82,0.91,0,0,1.63,1.13,0.96,0, 0.039069, 0.0309016,-0.022761, 0.0686711, 0.0223013,buy
2016-11-03,0.48,0.44,0,0,1.52,0.59,0.83,0, 0.038125,-0.0373950,-0.032244,-0.0148434, 0.0116643,sell
2016-11-04,0.68,0.16,0,0,1.06,0.39,0.43,0, 0.036379, 0.0081191,-0.016009,-0.0083703,-0.0103700,sell
2016-11-05,0.96,0,0,0,0.97,0.32,0.32,0,-0.006259,-0.0117892,-0.007353,-0.0212613,-0.0139519,sell
2016-11-06,1.21,0,0.42,0,1.38,0.29,0.51,0, 0.054027, 0.0441333, 0.028406, 0.0594884, 0.0441333,buy
2016-11-07,1.04,0,0.68,0,1.4,0.5,0.67,0, 0.013549, 0.0282096, 0.005995, 0.0293211, 0.0280585,buy
2016-11-08,0.38,0,0.56,0,0.91,0.86,0.45,0, 0.013363,-0.0141288, 0.007705, 0.0200749, 0.0062571,buy
2016-11-09,0.12,0,0.3,0,0.71,1.36,0.27,0,-0.046759,-0.0557234,-0.024067,-0.0360406,-0.0420163,sell
2016-11-10,0.13,0,0.06,0,0.66,1.35,0.21,0,-0.041808,-0.0509943,-0.032243,-0.0332010,-0.0363817,sell
2016-11-11,0.33,0,0.16,0,0.61,1.26,0.16,0,-0.014006,-0.0061160, 0.017483, 0.0043001,-0.0059737,sell
2016-11-12,0.7,0,0.42,0,0.61,1.24,0.17,0, 0.020749, 0.0231018, 0.038152, 0.0188763, 0.0353538,buy
2016-11-13,0.61,0,0.7,0,0.64,0.96,0.18,0,-0.051327,-0.0190537,-0.053519,-0.0575313,-0.0484636,sell
2016-11-14,0.33,0,0.71,0,0.61,0.45,0.2,0,-0.037165,-0.0103400,-0.028358,-0.0298895,-0.0600546,sell
2016-11-15,0.37,0.24,0.65,0,0.53,0.38,0.21,0,-0.021622,-0.0280636, 0.012477,-0.0221657,-0.0132145,sell
2016-11-16,0.27,0.83,0.38,0,0.45,0.74,0.23,0, 0.001843,-0.0312871,-0.023075, 0.0033148, 0.0219915,sell
2016-11-17,0.24,0.89,0.12,0,0.49,0.79,0.41,0,-0.027653,-0.0542078, 0.009809, 0.0009802,-0.0308880,sell
2016-11-18,0.56,0.38,0.27,0,0.53,0.48,0.74,0,-0.069242,-0.0432307,-0.032477,-0.0722228,-0.0382146,sell
2016-11-19,0.83,0,0.44,0,0.68,0.37,1.67,0,-0.020413,-0.0103952,-0.010395,-0.0103952,-0.0436969,sell
2016-11-20,0.4,0,0.71,0,1.01,0.46,1.68,0, 0.025556, 0.0260062, 0.018794, 0.0240628, 0.0260062,buy
2016-11-21,0.13,0,0.56,0,1.57,0.83,0.94,0, 0.034374, 0.0202943, 0.033739, 0.0317063, 0.0165521,buy
2016-11-22,0,0,0.27,0,1.7,1.11,0.91,0, 0.043178, 0.0198506, 0.040315, 0.0403043, 0.0467150,buy
2016-11-23,0,0,0.13,0,1.27,0.71,0.67,0, 0.010949, 0.0205487, 0.007819, 0.0125515,-0.0216590,sell
2016-11-24,0.11,0.05,0,0,0.75,0.36,0.47,0, 0.061403, 0.0643392, 0.041002, 0.0431511, 0.0010697,buy
2016-11-25,0.47,0.31,0,0,0.81,0.19,0.42,0,-0.043276,-0.0393591,-0.027797, 0.0006309,-0.0295594,sell
2016-11-26,1.23,0.71,0,0,1.14,0.06,0.41,0,-0.013346,-0.0046012,-0.028075,-0.0103567,-0.0039061,sell
2016-11-27,1.15,1.09,0,0,0.94,0.07,0.55,0, 0.004251, 0.0023869,-0.035220, 0.0073769, 0.0041522,sell
2016-11-28,0.48,0.99,0,0,0.56,0.08,0.89,0,-0.021166,-0.0261957,-0.026074,-0.0276744,-0.0319193,sell
2016-11-29,0.23,0.74,0,0,0.51,0.1,1.31,0, 0.002879,-0.0094620,-0.010880,-0.0090915,-0.0126161,sell
2016-11-30,0.26,0.68,0,0,0.59,0.37,1.25,0, 0.012815, 0.0070872, 0.002495, 0.0042917, 0.0003439,buy
2016-12-01,0.38,0.95,0,0,0.5,0.86,1.16,0, 0.048885, 0.0482446, 0.040935, 0.0218322, 0.0488852,buy
2016-12-02,0.47,0.6,0,0,0.3,1.74,1.42,0,-0.007079,-0.0089912,-0.014274,-0.0029937,-0.0042354,sell
2016-12-03,0.33,0.29,0,0,0.27,1.36,1.79,0,-0.007308,-0.0086976,-0.008264,-0.0053387,-0.0022043,sell
2016-12-04,0.23,0.13,0,0,0.33,0.62,1.66,0,-0.010723,-0.0265727,-0.020708,-0.0111419,-0.0254891,sell
2016-12-05,0.17,0.14,0.06,0,0.45,0.37,1.53,0,-0.035915,-0.0281113,-0.029513,-0.0320936,-0.0290982,sell
2016-12-06,0.27,0.14,0.19,0,0.86,0.25,1.82,0, 0.003445, 0.0085670, 0.008567, 0.0084039, 0.0085670,buy
2016-12-07,0.51,0.15,0.24,0,1.14,0.29,2.14,0, 0.038256, 0.0373983, 0.026611, 0.0525301, 0.0373983,buy
2016-12-08,0.94,0.15,0.09,0,0.79,0.52,2.04,0,-0.008892, 0.0044560,-0.002212, 0.0095610,-0.0185653,sell
2016-12-09,0.83,0.16,0,0,0.38,0.91,2.45,0, 0.047108, 0.0618305, 0.045995, 0.0471082, 0.0291401,buy
2016-12-10,0.64,0.27,0,0,0.2,1.79,2.68,0,-0.006568, 0.0206194,-0.039628,-0.0360355, 0.0206194,sell
2016-12-11,0.96,0.45,0,0,0.08,2.18,1.77,0, 0.015998, 0.0436550,-0.049211,-0.0058788,-0.0150247,sell
2016-12-12,1.29,0.43,0.28,0,0.04,1.85,1.16,0,-0.034711,-0.0564781,-0.070253,-0.0641497,-0.0702527,sell
2016-12-13,0.9,0.28,0.82,0,0.23,1.32,0.96,0, 0.058933, 0.0728617, 0.075187, 0.0608909, 0.0723704,buy
2016-12-14,0.52,0.19,0.74,0,0.55,0.83,0.8,0, 0.011682, 0.0173117,-0.006148, 0.0067838, 0.0096168,sell
2016-12-15,0.37,0.19,0.35,0,1.18,0.74,0.82,0, 0.010201,-0.0423301,-0.052415, 0.0102005,-0.0033233,sell
2016-12-16,0.29,0.2,0.16,0,0.99,0.62,0.83,0,-0.002575,-0.0887570,-0.108247,-0.0063553,-0.0153561,sell
2016-12-17,0.32,0.21,0.18,0,0.36,0.65,0.85,0, 0.015320, 0.0044714,-0.001307,-0.0091851, 0.0109162,buy
2016-12-18,0.36,0.22,0.2,0,0.17,0.69,0.86,0,-0.011440, 0.0084293,-0.011384, 0.0062010, 0.0028359,sell
2016-12-19,0.4,0.23,0.22,0,0.16,0.77,0.88,0,-0.017091, 0.0124472,-0.015001, 0.0053053,-0.0033947,sell
2016-12-20,0.45,0.24,0.24,0,0.39,0.97,0.89,0,-0.030031,-0.0566288,-0.024520,-0.0472333,-0.0191368,sell
2016-12-21,0.5,0.24,0.27,0,0.57,1.15,0.9,0,-0.033136,-0.0373636,-0.020907,-0.0367091,-0.0285808,sell
2016-12-22,0.6,0.26,0.36,0,0.51,1.04,1,0,-0.035632,-0.0391025,-0.013825,-0.0441250,-0.0279013,sell
2016-12-23,0.72,0.36,0.57,0,0.29,0.9,1.26,0,-0.019412,-0.0409659,-0.024005,-0.0233753, 0.0064034,sell
2016-12-24,0.94,0.43,0.81,0,0.29,0.97,2.01,0,-0.033440,-0.0336279,-0.028940,-0.0765122,-0.0660533,sell
2016-12-25,1.27,0.56,0.77,0,0.55,1.21,3.24,0,-0.012671,-0.0448160,-0.001963,-0.0059951,-0.0161370,sell
2016-12-26,1.3,0.73,0.57,0,0.6,1.61,3.82,0,-0.022460,-0.0546055,-0.037047,-0.0378327,-0.0368545,sell
2016-12-27,1.64,0.68,0.46,0,0.24,1.83,3.3,0,-0.021931,-0.0419979,-0.023243,-0.0217623,-0.0403629,sell
2016-12-28,1.64,0.54,0.5,0,0.09,1.88,2.1,0, 0.059431, 0.0567982, 0.039841, 0.0159566, 0.0134868,buy
2016-12-29,1.54,0.47,0.53,0,0,1.55,1.71,0, 0.052720, 0.0579377, 0.045951, 0.0057719, 0.0000599,buy
2016-12-30,1.05,0.37,0.58,0,0,1.29,2.34,0, 0.064585, 0.0547649, 0.054765, 0.0254669, 0.0301051,buy
2016-12-31,0.55,0.39,0.7,0,0,1.19,2.29,0, 0.033860, 0.0138738, 0.018516, 0.0070434, 0.0184338,buy
2017-01-01,0.4,0.4,0.8,0,0,1.19,1.48,0, 0.020006, 0.0267138, 0.020105, 0.0201050, 0.0255193,buy
2017-01-02,0.31,0.43,0.78,0,0,1.15,1.21,0, 0.053514, 0.0762833, 0.047246, 0.0424872, 0.0718936,buy
2017-01-03,0.28,0.45,0.74,0,0,1.09,1.17,0, 0.074565, 0.0828848, 0.087677, 0.0843703, 0.0863492,buy
2017-01-04,0.25,0.47,0.8,0,0,1.28,1.11,0, 0.046375, 0.0489456, 0.070944, 0.0597999, 0.0693315,buy
2017-01-05,0.23,0.5,0.68,0,0,1.4,0.93,0, 0.007256, 0.0069492, 0.018738, 0.0072641, 0.0181555,buy
2017-01-06,0.21,0.58,0.51,0,0,1.13,0.86,0, 0.033952, 0.0341044, 0.033426, 0.0332833, 0.0453387,buy
2017-01-07,0.19,0.76,0.45,0,0,1.13,0.92,0, 0.034600, 0.0344313, 0.035697, 0.0358123, 0.0471798,buy
2017-01-08,0.17,1.2,0.44,0,0,1.39,1.03,0, 0.013888, 0.0161607, 0.033983, 0.0339832, 0.0161607,buy
2017-01-09,0.16,1.67,0.44,0,0.11,1.1,1.24,0, 0.008882, 0.0000319, 0.012365, 0.0111921, 0.0114688,buy
2017-01-10,0.15,1.99,0.48,0,0.23,0.81,1.69,0,-0.026362,-0.0434172,-0.022133,-0.0217357,-0.0221326,sell
2017-01-11,0.13,1.53,0.58,0,0.58,0.84,2.03,0,-0.094574,-0.0720198,-0.094574,-0.0882243,-0.0979098,sell
2017-01-12,0.12,1.03,0.55,0,1.03,1.07,1.56,0, 0.030724,-0.0288839, 0.028730, 0.0096811, 0.0528788,buy
2017-01-13,0.11,0.66,0.43,0,0.93,1.19,1.12,0, 0.025279, 0.0103707, 0.025279, 0.0027603, 0.0943992,buy
2017-01-14,0.1,0.69,0.35,0,0.67,1.88,0.89,0, 0.011617, 0.0087768, 0.047125, 0.0418523, 0.0140023,buy
2017-01-15,0.1,0.76,0.37,0,0.74,1.94,0.74,0, 0.020991, 0.0221789, 0.039595, 0.0435246, 0.0210769,buy
2017-01-16,0.2,0.84,0.44,0,0.53,1,0.67,0, 0.050218, 0.0482582, 0.044053, 0.0648105, 0.0405516,buy
2017-01-17,0.34,0.66,0.57,0,0.28,0.54,0.7,0, 0.095823, 0.1011780, 0.084836, 0.0863489, 0.0958230,buy
2017-01-18,0.7,0.49,0.64,0,0.17,0.36,0.77,0,-0.016880, 0.0016825, 0.033658, 0.0000744,-0.0000532,buy
2017-01-19,0.9,0.46,0.51,0,0.12,0.23,0.92,0, 0.025699, 0.0347825, 0.050850, 0.0286726, 0.0387969,buy
2017-01-20,0.49,0.43,0.4,0,0.13,0.23,1.13,0, 0.017019, 0.0120051,-0.006448, 0.0209852, 0.0139945,sell
2017-01-21,0.27,0.41,0.34,0,0.24,0.23,1.14,0, 0.014821, 0.0157130,-0.004480, 0.0157130, 0.0157130,buy
2017-01-22,0.2,0.38,0.4,0,0.46,0.23,1.24,0, 0.018030, 0.0244597, 0.006220, 0.0254675, 0.0254675,buy
2017-01-23,0.33,0.36,0.59,0,0.9,0.3,1.95,0, 0.034000, 0.0356736, 0.027625, 0.0512507, 0.0276254,buy
2017-01-24,0.26,0.33,1.1,0,0.95,0.4,1.73,0, 0.022200, 0.0394793, 0.038752, 0.0184936,-0.0128958,buy
2017-01-25,0.09,0.31,1.12,0,0.52,0.72,0.88,0, 0.013875, 0.0135401, 0.018574, 0.0227380, 0.0218591,buy
2017-01-26,0.08,0.29,0.85,0,0.28,1.22,0.57,0, 0.025457, 0.0119823, 0.009067, 0.0261864, 0.0011156,buy
2017-01-27,0.11,0.37,0.49,0,0.32,1.44,0.4,0, 0.005819, 0.0189281, 0.011743, 0.0233318, 0.0112194,buy
2017-01-28,0.28,0.37,0.38,0,0.46,1.71,0.38,0, 0.013593, 0.0300019, 0.031301, 0.0135935,-0.0064754,buy
2017-01-29,0.26,0.56,0.29,0,0.98,1.67,0.35,0, 0.048261, 0.0470678, 0.037256, 0.0619906, 0.0379674,buy
2017-01-30,0.1,1.03,0.29,0,1.31,0.92,0.39,0,-0.030587, 0.0296540,-0.015617,-0.0134361,-0.0313438,sell
2017-01-31,0.04,1.17,0.44,0,0.78,0.66,0.49,0,-0.034427, 0.0091890,-0.038687, 0.0147753,-0.0058755,sell
2017-02-01,0,0.61,0.6,0,0.59,0.59,0.88,0,-0.039313,-0.0373402,-0.041491,-0.0264851,-0.0319301,sell
2017-02-02,0,0.34,0.92,0,0.8,0.8,0.96,0, 0.009588, 0.0194755,-0.012544, 0.0061160, 0.0057797,sell
2017-02-03,0,0.34,1.04,0,1.34,1.45,0.49,0, 0.061925, 0.0619251, 0.061925, 0.0588604, 0.0590265,buy
2017-02-04,0,0.33,0.77,0,1.14,2.18,0.31,0, 0.025966, 0.0144437, 0.019534, 0.0175797, 0.0194508,buy
2017-02-05,0,0.34,0.56,0,0.63,1.33,0.22,0,-0.016905,-0.0169046,-0.013405, 0.0311522,-0.0246694,sell
2017-02-06,0,0.34,0.53,0,0.63,0.62,0.25,0,-0.097163,-0.0670311,-0.062465,-0.0612188,-0.0228328,sell
2017-02-07,0,0.35,0.69,0,0.54,0.3,0.35,0,-0.027233,-0.0048521, 0.005951, 0.0059508,-0.0125440,sell
2017-02-08,0.04,0.24,1.15,0,0.44,0.23,0.56,0,-0.010376,-0.0113687,-0.021840,-0.0294581,-0.0283801,sell
2017-02-09,0.09,0.26,1.81,0,0.59,0.18,0.99,0,-0.075579,-0.0678509,-0.071009,-0.0643388,-0.0757203,sell
2017-02-10,0.22,0.28,1.86,0,1,0.22,1.06,0,-0.053207,-0.0151851,-0.030131,-0.0328390,-0.0267958,sell
2017-02-11,0.41,0.31,1.17,0,1.7,0.43,0.83,0, 0.000229, 0.0043508, 0.002881,-0.0436680,-0.0112005,sell
2017-02-12,0.3,0.33,0.73,0,1.67,1.04,0.73,0, 0.048476, 0.0417408, 0.048476, 0.0324330, 0.0322615,buy
2017-02-13,0.12,0.35,0.57,0,1.28,1.22,1.04,0, 0.032835, 0.0354761, 0.040168, 0.0503583, 0.0257330,buy
2017-02-14,0.05,0.38,0.6,0,1.62,1.41,1.24,0, 0.067362, 0.0249527, 0.066805, 0.0814550, 0.0618529,buy
2017-02-15,0,0.41,0.58,0,1.03,0.58,0.69,0, 0.025951, 0.0437054, 0.048038, 0.0489117, 0.0502303,buy
2017-02-16,0,0.44,0.54,0,0.44,0.15,0.35,0, 0.029839, 0.0034634, 0.009176, 0.0106419, 0.0070462,buy
2017-02-17,0,0.47,0.5,0,0.3,0,0.19,0, 0.039511, 0.0250912, 0.029470, 0.0294695, 0.0294695,buy
2017-02-18,0,0.51,0.46,0,0.64,0,0,0, 0.037915, 0.0254159,-0.034009,-0.0012095, 0.0439450,buy
2017-02-19,0,0.73,0.49,0,0.94,0.1,0.15,0, 0.033055, 0.0330550, 0.010503, 0.0149580, 0.0306899,buy
2017-02-20,0.12,0.92,0.63,0,0.93,0.25,0.58,0,-0.020318,-0.0203183,-0.016868,-0.0077180,-0.0203183,sell
2017-02-21,0.41,1.27,0.5,0,1.38,0.59,0.8,0, 0.023625, 0.0003954,-0.020193,-0.0159001,-0.0136540,sell
2017-02-22,0.29,1.44,0.32,0,1.79,0.8,0.67,0, 0.071030, 0.0344439, 0.020817, 0.0374451, 0.0407415,buy
2017-02-23,0.06,1.18,0.29,0,1.36,0.77,1.46,0, 0.073930, 0.0040808, 0.085459, 0.0802248, 0.0593267,buy
2017-02-24,0,1.11,0.27,0,0.91,1,1.38,0, 0.096161, 0.0234823, 0.120124, 0.0907744, 0.0922449,buy
2017-02-25,0,0.93,0.24,0,0.79,0.95,0.49,0,-0.035192, 0.0438462,-0.028189,-0.0277503,-0.0278257,sell
2017-02-26,0,0.79,0.22,0,0.71,0.6,0.15,0, 0.065609, 0.0393270, 0.055212, 0.0674002, 0.0420504,buy
2017-02-27,0,0.57,0.19,0,0.72,0.73,0.08,0, 0.048323, 0.0346090, 0.043625, 0.0484538, 0.0198340,buy
2017-02-28,0,0.68,0.17,0,0.91,0.88,0.11,0, 0.079853, 0.0714612, 0.073751, 0.0789408, 0.0219735,buy
2017-03-01,0.11,0.94,0.15,0,1.11,1.1,0.25,0, 0.058422, 0.0854895, 0.062624, 0.0521395, 0.0518574,buy
2017-03-02,0.2,0.7,0.14,0,1.14,1.03,0.42,0, 0.041568, 0.0138282, 0.018587,-0.0596577, 0.0231294,buy
2017-03-03,0.36,0.35,0.12,0,1.13,0.71,0.17,0,-0.016827,-0.0085825,-0.047884,-0.0357395,-0.0660116,sell
2017-03-04,0.65,0.25,0.11,0,1,1.03,0.05,0, 0.025034,-0.0102420, 0.014756,-0.0137699,-0.0169732,sell
2017-03-05,1.11,0.23,0,0,0.84,1.59,0,0, 0.034093,-0.0342232,-0.023427,-0.0173260, 0.0194367,sell
2017-03-06,1.03,0.22,0,0,0.59,1.3,0.14,0, 0.029007, 0.0043071, 0.008327,-0.0206068, 0.0284462,buy
2017-03-07,0.66,0.2,0,0,0.51,0.7,0.53,0,-0.040380,-0.0055118,-0.084711,-0.0300930,-0.0853298,sell
2017-03-08,0.66,0.19,0.11,0,0.75,0.38,0.94,0,-0.042765, 0.0373736,-0.006077,-0.0075903,-0.0059738,sell
2017-03-09,0.63,0.18,0.36,0,1.35,0.21,0.7,0,-0.002751,-0.1060075,-0.060555,-0.0605553,-0.0814463,sell
2017-03-10,0.57,0.17,0.33,0,1.79,0.23,0.32,0,-0.059097,-0.0768392,-0.032436,-0.0599340,-0.0552969,sell
2017-03-11,0.5,0.16,0.36,0,1.74,0.48,0.13,0,-0.025656,-0.0504663, 0.020198,-0.0332460,-0.0227951,sell
2017-03-12,0.69,0.15,0.31,0,1.94,0.45,0.06,0, 0.019792,-0.0521133,-0.017529, 0.0373626, 0.0204547,buy
2017-03-13,0.86,0.14,0.11,0,1.71,0.11,0,0,-0.045719,-0.0854956,-0.061151, 0.0213893,-0.0341950,sell
2017-03-14,0.56,0.13,0.59,0,0.99,0.04,0,0, 0.094715, 0.1017420, 0.085557, 0.0891263, 0.0190629,buy
2017-03-15,0.28,0.12,0.71,0,0.57,0.07,0,0, 0.089665, 0.0878179, 0.016725, 0.0889205, 0.0497671,buy
2017-03-16,0.14,0.11,0.14,0,0.33,0.13,0,0,-0.050075, 0.0474503,-0.050194,-0.0500746,-0.0590760,sell
2017-03-17,0.07,0.11,0,0,0.14,0.23,0,0, 0.061359, 0.0815541, 0.062326, 0.0546765, 0.0617426,buy
2017-03-18,0,0.1,0,0,0.23,0.4,0,0, 0.051515, 0.0782742, 0.035985, 0.0462894, 0.0481379,buy
2017-03-19,0,0.09,0,0,0.8,0.54,0,0,-0.079599,-0.0657461,-0.063959,-0.0715391,-0.0657461,sell
2017-03-20,0,0,0.19,0,1.37,0.43,0,0,-0.082472,-0.0827418,-0.078799,-0.0710767,-0.0508100,sell
2017-03-21,0,0.23,0.47,0,0.71,0.38,0,0,-0.044200,-0.0527820,-0.059155,-0.0643769, 0.0091072,sell
2017-03-22,0,0.82,0.72,0,0.18,0.47,0,0, 0.090466, 0.0814500, 0.089144, 0.0889871, 0.0190478,buy
2017-03-23,0,0.55,0.42,0,0.05,0.71,0.15,0,-0.059368,-0.0330134,-0.014021,-0.0482053,-0.0482053,sell
2017-03-24,0,0.2,0.16,0,0,0.84,0.27,0, 0.032295, 0.0535950,-0.020288, 0.0667449, 0.0377823,buy
2017-03-25,0,0.36,0,0,0.04,0.54,0.49,0,-0.013952,-0.0069320,-0.013567,-0.0302051,-0.0291122,sell
2017-03-26,0,0.67,0,0,0.16,0.36,0.9,0, 0.005225,-0.0345602,-0.012049,-0.0510974,-0.0175189,sell
2017-03-27,0.14,1.12,0.16,0,0.54,0.6,1.4,0,-0.063327,-0.0636795,-0.068611,-0.0007154,-0.0686110,sell
2017-03-28,0.45,0.98,0.26,0,0.59,1.2,1.17,0, 0.051002, 0.0477012, 0.044168,-0.0251936, 0.0504729,buy
2017-03-29,1.1,0.53,0.42,0,0.2,2.16,0.64,0, 0.016009, 0.0209441,-0.008976,-0.0095637,-0.0100642,sell
2017-03-30,0.96,0.28,0.67,0,0.25,1.55,0.35,0,-0.079721,-0.0690494,-0.018223,-0.0655188,-0.0737667,sell
2017-03-31,0.59,0,0.72,0,0.47,0.64,0.19,0,-0.068764,-0.0040087,-0.076844,-0.0747413,-0.0817915,sell
2017-04-01,0.86,0,0.49,0,1.05,0.32,0.11,0,-0.057035,-0.0523782,-0.078658,-0.0786581,-0.0771898,sell
2017-04-02,0.91,0,0.39,0,1.32,0.1,0,0,-0.076322,-0.0643427,-0.072253,-0.0763469,-0.0719022,sell
2017-04-03,0.57,0.15,0.37,0,0.77,0.11,0,0, 0.046403, 0.0487647, 0.046403, 0.0464030, 0.0487647,buy
2017-04-04,0.47,0.38,0.47,0,0.32,0.11,0,0, 0.049340, 0.0743356, 0.073131,-0.0157048, 0.0493405,buy
2017-04-05,0.61,0.83,0.36,0,0.13,0.12,0,0, 0.047619, 0.0474828, 0.014976, 0.0474828, 0.0375878,buy
2017-04-06,0.63,0.72,0.19,0,0,0.13,0,0,-0.017824,-0.0161388,-0.024843,-0.0108252,-0.0304820,sell
2017-04-07,0.33,0.28,0.09,0,0,0.14,0.02,0, 0.063206, 0.0531836, 0.073392, 0.0381198, 0.0576484,buy
2017-04-08,0.18,0,0,0,0.09,0.15,0.03,0, 0.031773, 0.0074793,-0.007997, 0.0057233, 0.0343287,buy
2017-04-09,0.1,0,0,0,0.15,0.16,0.05,0,-0.025055,-0.0274414,-0.037925,-0.0067610,-0.0211578,sell
2017-04-10,0.05,0,0,0,0.27,0.17,0.08,0,-0.041663,-0.0392438,-0.026514,-0.0132133,-0.0416629,sell
2017-04-11,0.02,0,0,0,0.51,0.18,0.17,0,-0.022655,-0.0255626,-0.004050, 0.0002789,-0.0441277,sell
2017-04-12,0.03,0,0,0,0.86,0.2,0.27,0, 0.069306, 0.0693057, 0.062840, 0.0549536,-0.0210523,buy
2017-04-13,0.04,0,0,0,1.13,0.21,0.43,0, 0.062144, 0.0629546, 0.055666, 0.0569095,-0.0058216,buy
2017-04-14,0.3,0,0,0,1,0.22,0.6,0, 0.032676, 0.0329335, 0.027536, 0.0275364, 0.0118926,buy
2017-04-15,0.53,0,0.25,0,1.1,0.48,0.75,0, 0.057339, 0.0245650, 0.025297, 0.0745872, 0.0720858,buy
2017-04-16,0.98,0,0.47,0,1.36,0.8,0.88,0, 0.004264, 0.0015973,-0.004137, 0.0079770, 0.0072507,buy
2017-04-17,1.63,0,0.89,0,0.96,1.56,0.7,0,-0.032172,-0.0358784,-0.025845,-0.0450175,-0.0338634,sell
2017-04-18,1.67,0,0.95,0,0.48,2.01,0.47,0,-0.010144,-0.0402288,-0.006854,-0.0171028,-0.0303921,sell
2017-04-19,2.01,0,0.54,0,0.22,1.37,0.35,0, 0.015940, 0.0130146, 0.034621, 0.0396519, 0.0330903,buy
2017-04-20,2.2,0.07,0.29,0,0.13,1.14,0.3,0, 0.013584,-0.0115907, 0.007335, 0.0074860, 0.0029628,buy
2017-04-21,1.53,0.15,0,0,0.26,1.37,0.25,0, 0.032102, 0.0257114, 0.031336, 0.0271488, 0.0586372,buy
2017-04-22,1.27,0.32,0,0,0.49,1.96,0.23,0,-0.042570,-0.0515508,-0.036914,-0.0223049,-0.0287257,sell
2017-04-23,1.43,0.42,0.12,0,0.86,1.89,0.25,0,-0.032997,-0.0560863,-0.037694,-0.0044652,-0.0202387,sell
2017-04-24,1.51,0.36,0.17,0,1.04,1.23,0.27,0, 0.021268,-0.0000769, 0.019102, 0.0012833, 0.0165295,buy
2017-04-25,1.1,0.31,0.25,0,0.8,0.89,0.28,0,-0.021927,-0.0030023,-0.025994,-0.0320487,-0.0046037,sell
2017-04-26,0.79,0.33,0.37,0,0.46,0.72,0.29,0,-0.023486,-0.0327348,-0.032086,-0.0488295,-0.0238369,sell
2017-04-27,0.62,0.56,0.56,0,0.25,0.65,0.29,0, 0.039060, 0.0192887, 0.036266,-0.0083145, 0.0363828,buy
2017-04-28,0.52,0.49,0.72,0,0.14,0.51,0.29,0, 0.056394, 0.0365781, 0.026566, 0.0069996, 0.0417576,buy
2017-04-29,0.46,0.26,0.81,0,0.09,0.63,0.28,0,-0.007622,-0.0494217,-0.011453,-0.0192995,-0.0066538,sell
2017-04-30,0.43,0.43,0.62,0,0.07,0.77,0.36,0,-0.049358,-0.0441057,-0.044106,-0.0898070,-0.0361238,sell
2017-05-01,0.42,0.7,0.51,0,0.05,1.05,0.48,0,-0.076083,-0.0742421,-0.084496,-0.0806079,-0.0701772,sell
2017-05-02,0.41,1.1,0.45,0,0.04,1.5,0.78,0,-0.010636,-0.0064442, 0.005839, 0.0219746,-0.0180274,sell
2017-05-03,0.41,0.69,0.45,0,0,1.38,1.52,0, 0.049146,-0.0045277, 0.036018, 0.0507719, 0.0328607,buy
2017-05-04,0.42,0.28,0.63,0,0,1.18,1.56,0, 0.059861, 0.0500091, 0.063541, 0.0625136, 0.0688035,buy
2017-05-05,0.45,0,0.79,0,0,1.23,0.77,0, 0.094800, 0.0901454, 0.087640, 0.0948239, 0.0873043,buy
2017-05-06,0.53,0,0.77,0,0.05,1.52,0.38,0, 0.052614, 0.0193682, 0.027963, 0.0456410, 0.0591915,buy
2017-05-07,0.66,0,0.71,0,0.06,1.61,0.22,0, 0.000095,-0.0405659, 0.032430,-0.0174609, 0.0576977,buy
2017-05-08,0.97,0,0.7,0,0.08,1.34,0.08,0,-0.067467,-0.0726326,-0.052620,-0.0569718, 0.0126075,sell
2017-05-09,1.46,0,0.77,0,0.11,1.18,0.07,0,-0.018479,-0.0464750, 0.002516, 0.0234437, 0.0303963,sell
2017-05-10,1.74,0,0.85,0,0.16,1.28,0.05,0, 0.017563, 0.0245199, 0.048811, 0.0540064, 0.0354065,buy
2017-05-11,2.18,0,0.94,0,0.26,1.37,0.04,0,-0.015096,-0.0261754, 0.007333, 0.0032220,-0.0222835,sell
2017-05-12,2.2,0,1.01,0,0.45,1.53,0.03,0,-0.091858,-0.0436902,-0.033413,-0.0459713,-0.0605348,sell
2017-05-13,1.74,0,1.1,0,0.65,1.97,0,0,-0.084200,-0.0756941, 0.025990,-0.0710858,-0.0712908,sell
2017-05-14,1.8,0,1.2,0,0.55,2.83,0,0,-0.028367,-0.0095706,-0.004208, 0.0095584,-0.0167818,sell
2017-05-15,1.71,0,1.6,0,0.49,2.86,0.06,0,-0.012611,-0.0181720,-0.026781,-0.0021379,-0.0329946,sell
2017-05-16,1.2,0,2.25,0,0.86,2.15,0.15,0,-0.038744,-0.0355964,-0.047426,-0.0332484,-0.0303566,sell
2017-05-17,0.98,0.32,2.58,0,0.96,1.84,0.34,0,-0.001392,-0.0057812,-0.004182, 0.0019020,-0.0013638,sell
2017-05-18,0.95,0.73,2.23,0,0.91,1.74,0.69,0, 0.010324, 0.0256060, 0.020836, 0.0394416, 0.0395249,buy
2017-05-19,0.9,1.25,2.03,0,1.31,1.69,0.61,0, 0.083222, 0.0695462, 0.070208, 0.0916259, 0.0916259,buy
2017-05-20,0.86,0.92,1.69,0,1.1,1.74,0.27,0, 0.087827, 0.0715830, 0.085165, 0.0923170, 0.0991282,buy
2017-05-21,0.81,0.41,1.48,0,0.5,1.73,0.12,0, 0.041680, 0.0124408, 0.051553, 0.0221928, 0.0780060,buy
2017-05-22,0.76,0,1.36,0,0.28,1.74,0.05,0, 0.064837, 0.0663717, 0.072392, 0.0784254, 0.0761844,buy
2017-05-23,0.72,0.2,1.24,0,0.19,1.75,0,0, 0.085025, 0.0858224, 0.090091, 0.0863995, 0.0863995,buy
2017-05-24,0.68,0.79,1.22,0,0.17,1.69,0,0, 0.079626,-0.0189760, 0.040788,-0.0066481, 0.0407881,buy
2017-05-25,0.65,1.63,1.21,0,0.36,1.69,0.02,0,-0.000221,-0.1221675,-0.101209,-0.1157430,-0.0873063,sell
2017-05-26,0.62,1.37,1.33,0,0.34,1.83,0.36,0, 0.012791,-0.1216199,-0.101985,-0.1155975,-0.0873047,sell
2017-05-27,0.59,0.42,1.57,0,0.14,2.25,1.09,0,-0.022484,-0.0224836,-0.014069, 0.0223148, 0.0037246,sell
2017-05-28,0.58,0,1.51,0,0.06,1.97,1.78,0, 0.045266, 0.0579418, 0.065227, 0.0925393, 0.0687268,buy
2017-05-29,0.73,0,1.28,0,0,1.51,1.22,0, 0.085346, 0.0872623, 0.084129, 0.0919785, 0.1111193,buy
2017-05-30,1.07,0,1.15,0,0,1.43,1.32,0, 0.105905, 0.1171234, 0.101618, 0.1116681, 0.0881216,buy
2017-05-31,1.75,0,1.09,0,0,1.51,1.42,0, 0.108914, 0.1097415, 0.110631, 0.1077886, 0.0773741,buy
2017-06-01,2.1,0,1.03,0,0.06,1.82,1.43,0, 0.103417, 0.0946486, 0.103621, 0.0976578, 0.0695711,buy
2017-06-02,1.89,0,0.99,0,0.13,2.23,1.15,0, 0.062954, 0.0623932, 0.060723, 0.0523153, 0.0336545,buy
2017-06-03,1.91,0,1.49,0,0.36,2.17,0.63,0, 0.009531,-0.0150646, 0.005332, 0.0053320, 0.0053320,buy
2017-06-04,1.85,0.08,1.83,0,0.95,2.46,0.45,0, 0.000121,-0.0457106,-0.018460,-0.0089424,-0.0268188,sell
2017-06-05,1.17,0.42,1.18,0,1.19,3,0.66,0,-0.032102,-0.0656734,-0.037351,-0.0373514,-0.0435424,sell
2017-06-06,0.85,0.39,0.85,0,0.59,2.5,0.75,0,-0.015918,-0.0211087,-0.009879,-0.0226111, 0.0434683,sell
2017-06-07,0.68,0.18,0.94,0,0.38,1.97,0.18,0, 0.062339, 0.0933910, 0.101336, 0.1314489, 0.1013361,buy
2017-06-08,0.64,0.55,1.08,0,0.18,1.58,0,0, 0.078386, 0.0600474, 0.068685, 0.0600474, 0.0686848,buy
2017-06-09,0.68,0.54,1.24,0,0.08,1.24,0,0, 0.056720, 0.0476896, 0.059292, 0.0476896, 0.0600288,buy
2017-06-10,0.72,0,1.05,0,0.03,1.12,0,0,-0.072034,-0.0716306,-0.035330,-0.0399912,-0.0399912,sell
2017-06-11,0.75,0,0.85,0,0,1.14,0,0,-0.087452,-0.0855699,-0.048340,-0.0433368,-0.0395654,sell
2017-06-12,0.91,0,0.72,0,0,1.45,0,0,-0.081261,-0.0813005,-0.079485,-0.0832823,-0.0869172,sell
2017-06-13,1.24,0.2,0.7,0,0,1.75,0.08,0, 0.027374, 0.0321392, 0.045754, 0.0434418, 0.0204679,buy
2017-06-14,1.05,0.52,0.7,0,0,1.19,0.28,0,-0.064309,-0.0880212,-0.075846,-0.1025492,-0.0553496,sell
2017-06-15,0.76,1.12,0.98,0,0,0.97,0.37,0,-0.024927,-0.0305030,-0.049782,-0.0498402,-0.0268570,sell
2017-06-16,0.68,0.87,1.16,0,0,0.97,0.44,0,-0.039302,-0.0356982,-0.031154,-0.0358866,-0.0359177,sell
2017-06-17,0.63,0.33,0.89,0,0,1.1,1.09,0, 0.052011, 0.0661618, 0.071730, 0.0737082, 0.0736939,buy
2017-06-18,0.51,0,0.91,0,0,1.41,1.98,0, 0.039287, 0.0501807, 0.056423, 0.0584244, 0.0895838,buy
2017-06-19,0.47,0,1.06,0,0,2,2.9,0, 0.028299, 0.0347417, 0.020936, 0.0209361, 0.0211510,buy
2017-06-20,0.44,0,0.94,0,0,2.12,3.31,0,-0.003447, 0.0060560,-0.010464,-0.0104635,-0.0104981,sell
2017-06-21,0.57,0,0.81,0,0,2.09,1.32,0,-0.027754,-0.0012001,-0.048882,-0.0598938,-0.0536225,sell
2017-06-22,0.72,0,0.73,0,0,2.38,0.35,0, 0.052049, 0.0364463, 0.051446, 0.0521864, 0.0533562,buy
2017-06-23,1.08,0,0.75,0,0,2.15,0.12,0, 0.056484, 0.0684694, 0.062998, 0.0640051, 0.0613091,buy
2017-06-24,1.52,0,0.77,0,0,1.42,0,0,-0.009582, 0.0005838,-0.026238,-0.0092416,-0.0382108,sell
2017-06-25,1.78,0,0.79,0,0,1.24,0,0,-0.041596,-0.0300016,-0.051917,-0.0405738,-0.0539637,sell
2017-06-26,1.98,0,0.83,0,0,1.91,0,0,-0.110843,-0.0598198,-0.077758,-0.0623428,-0.1149888,sell
2017-06-27,2.46,0,1.06,0,0.04,1.69,0,0,-0.116450,-0.0038811,-0.089506,-0.0105175,-0.0941004,sell
2017-06-28,2.1,0,1.68,0,0.08,0.8,0,0, 0.067242, 0.0481587, 0.048909, 0.0669892, 0.0652587,buy
2017-06-29,0.73,0,1.8,0,0.14,0.57,0,0,-0.027317,-0.0157254,-0.024451,-0.0309248,-0.0319779,sell
2017-06-30,0.37,0,1.26,0,0.34,0.58,0,0, 0.019330, 0.0189544, 0.014193, 0.0225263, 0.0189544,buy
2017-07-01,0.19,0,1.33,0,0.67,0.7,0.1,0,-0.005693,-0.0061401,-0.006140,-0.0067392,-0.0054839,sell
2017-07-02,0.28,0.14,1.96,0,1.07,1.07,0.26,0,-0.010050, 0.0273250, 0.027219,-0.0048280, 0.0273250,buy
2017-07-03,0.47,0.34,1.48,0,1.51,1.24,0.71,0, 0.062289, 0.0614136, 0.062289, 0.0528575, 0.0584274,buy
2017-07-04,1.06,0.92,1.19,0,1.49,0.72,0.73,0,-0.003087, 0.0256517, 0.008942,-0.0319319, 0.0260516,buy
2017-07-05,2.15,1.56,1.2,0,0.58,0.41,0.36,0, 0.099950, 0.0777973, 0.094763, 0.0775120, 0.0558304,buy
2017-07-06,1.79,0.98,1.33,0,0.15,0.27,0.29,0, 0.036870, 0.0473313, 0.047331, 0.0449380, 0.0401383,buy
2017-07-07,0.79,0.55,1.42,0,0,0.17,0.28,0,-0.025627, 0.0548661, 0.005730, 0.0043393, 0.0062194,buy
2017-07-08,0.38,0.51,1.68,0,0,0.09,0.21,0,-0.049958, 0.0331313, 0.013786, 0.0195241, 0.0180715,buy
2017-07-09,0.22,0.75,1.85,0,0.05,0.07,0.12,0,-0.066328,-0.0198295,-0.024570, 0.0235653,-0.0202541,sell
2017-07-10,0.1,1.09,1.49,0,0.09,0.07,0.07,0,-0.043776,-0.0455349,-0.027209, 0.0321973,-0.0455349,sell
2017-07-11,0.1,0.44,1.1,0,0.19,0.06,0.04,0,-0.015200,-0.0065250,-0.042471,-0.0156292, 0.0492203,sell
2017-07-12,0.09,0.14,1.06,0,0.34,0.05,0.06,0, 0.008777, 0.0141782,-0.040999,-0.0004448, 0.0259541,buy
2017-07-13,0.09,0.58,1.86,0,0.64,0.04,0.13,0,-0.081615,-0.0799679,-0.072916,-0.0740956,-0.0787751,sell
2017-07-14,0.16,0.69,2.68,0,0.74,0.2,0.42,0,-0.054941,-0.0350623,-0.067322,-0.0350623,-0.0000127,sell
2017-07-15,0.26,0.44,1.87,0,0.58,0.55,0.35,0,-0.071319,-0.0562135,-0.070239,-0.0562555,-0.0468512,sell
2017-07-16,0.42,0.43,1.25,0,0.53,1.2,0.1,0,-0.056875,-0.0530720,-0.053072,-0.0568750,-0.0445814,sell
2017-07-17,0.85,0.78,0.8,0,0.79,1.1,0,0,-0.033299, 0.0573357, 0.043664, 0.0498300,-0.0052167,buy
2017-07-18,1.65,1.39,0.47,0,0.86,0.44,0,0, 0.004540, 0.0070753, 0.012176, 0.0070753, 0.0016200,buy
2017-07-19,2.3,1.72,0.5,0,0.42,0.17,0,0, 0.005249, 0.0107648, 0.048554, 0.0099003, 0.0459881,buy
2017-07-20,1.92,1.6,0.75,0,0.25,0,0,0,-0.036394, 0.0026223, 0.024709,-0.0160614, 0.0213378,buy
2017-07-21,1.22,1.81,0.75,0,0.2,0,0,0,-0.040883,-0.0408832,-0.038502,-0.0403790,-0.0506888,sell
2017-07-22,0.62,0.94,0.41,0,0.17,0,0,0, 0.004098, 0.0251445, 0.021779, 0.0251445, 0.0078861,buy
2017-07-23,0.58,0.39,0.45,0,0.21,0,0,0,-0.019795, 0.0060802,-0.012875,-0.0288716,-0.0047879,sell
2017-07-24,0.76,0,0.59,0,0.28,0.06,0,0, 0.040892, 0.0530567, 0.048237,-0.0171843, 0.0422399,buy
2017-07-25,0.5,0,0.48,0,0.39,0.16,0.17,0,-0.064560,-0.0393644,-0.001169,-0.0564890,-0.0689754,sell
2017-07-26,0.18,0.13,0.17,0,0.54,0.38,0.48,0, 0.021141, 0.0224317, 0.006919, 0.0062656, 0.0585244,buy
2017-07-27,0.07,0.59,0,0,0.6,0.47,0.89,0, 0.032282, 0.0299542, 0.020017, 0.0379420, 0.0359604,buy
2017-07-28,0,1.48,0,0,0.52,0.25,0.65,0,-0.055065,-0.0339475,-0.038849,-0.0339475,-0.0433294,sell
2017-07-29,0,2.07,0,0,0.51,0.11,0.65,0,-0.048994,-0.0634582,-0.050765,-0.0456899,-0.0417429,sell
2017-07-30,0,2.11,0,0,0.54,0.05,0.7,0,-0.053883,-0.0639768,-0.055610,-0.0530477,-0.0417429,sell
2017-07-31,0,1.4,0,0,0.65,0,0.39,0,-0.039500,-0.0014958,-0.017258,-0.0052025,-0.0317176,sell
2017-08-01,0,0.57,0,0,0.64,0,0.17,0, 0.013025, 0.0324026, 0.022766, 0.0311805, 0.0469478,buy
2017-08-02,0,0.32,0,0,0.47,0,0.06,0,-0.011759, 0.0192136,-0.011759,-0.0053057,-0.0123866,sell
2017-08-03,0,0.17,0.22,0,0.38,0,0.08,0,-0.031565, 0.0162315,-0.031565,-0.0315645,-0.0801175,sell
2017-08-04,0,0.4,0.53,0,0.36,0,0.1,0, 0.014717, 0.0161656, 0.008696, 0.0086062, 0.0087822,buy
2017-08-05,0,0.7,1.18,0,0.36,0,0.15,0, 0.001633, 0.0064917, 0.002780,-0.0001075, 0.0301240,buy
2017-08-06,0,0.49,1.1,0,0.39,0.12,0.2,0,-0.006917, 0.0111211,-0.015638,-0.0069166, 0.0117933,sell
2017-08-07,0,0.4,0.81,0,0.4,0.35,0.33,0, 0.000671, 0.0137110, 0.020548, 0.0186598,-0.0133027,buy
2017-08-08,0,0.36,0.68,0,0.37,0.96,0.5,0, 0.035534, 0.0174762, 0.026002, 0.0434713,-0.0021401,buy
2017-08-09,0.13,0.66,1.32,0,0.3,0.85,0.84,0, 0.015687,-0.0216603,-0.026034,-0.0218470,-0.0406482,sell
2017-08-10,0.45,0.69,1.61,0,0.25,0.28,1.14,0, 0.011297, 0.0141528, 0.009156, 0.0207370, 0.0040805,buy
2017-08-11,1.27,0.53,1.1,0,0.2,0.1,0.88,0, 0.014676, 0.0428021, 0.048579, 0.0431965, 0.0283115,buy
2017-08-12,1.88,0.35,0.51,0,0.16,0,0.51,0,-0.029974,-0.0363785,-0.026367,-0.0393068,-0.0307216,sell
2017-08-13,1.73,0.26,0.39,0,0.14,0,0.34,0,-0.028575,-0.0376991,-0.025403,-0.0538387,-0.0303134,sell
2017-08-14,1.3,0.13,0.2,0,0.09,0,0.31,0, 0.063814, 0.0322412, 0.028574, 0.0298620, 0.0529363,buy
2017-08-15,0.5,0.12,0.36,0,0.08,0,0.24,0,-0.042901,-0.0419981,-0.036438, 0.0124667,-0.0220163,sell
2017-08-16,0.26,0,0.48,0,0.06,0,0.3,0, 0.064380, 0.0676838, 0.087354, 0.0873542, 0.1072407,buy
2017-08-17,0.17,0,0.75,0,0.05,0,0.38,0, 0.069200, 0.0677797, 0.087646, 0.0919073, 0.1002419,buy
2017-08-18,0.32,0,1.28,0,0.11,0,0.49,0,-0.015529, 0.0253343,-0.008968,-0.0220232,-0.0090497,sell
2017-08-19,0.57,0,1.2,0,0.24,0.06,0.65,0, 0.014791, 0.0557812, 0.051809, 0.0342592, 0.0497941,buy
2017-08-20,1.09,0,0.86,0,0.66,0.32,0.82,0, 0.060465, 0.0712413, 0.057595, 0.0027845, 0.0581327,buy
2017-08-21,1.65,0,0.45,0,0.71,0.34,0.84,0,-0.027569,-0.0367819,-0.027929,-0.0363302,-0.0437377,sell
2017-08-22,1.76,0,0.18,0,0.26,0.18,0.79,0,-0.024113,-0.0445754, 0.046957, 0.0396363,-0.0065970,buy
2017-08-23,1.64,0.86,0,0,0.09,0.3,0.8,0, 0.022699, 0.0412890, 0.027204, 0.0457772, 0.0251333,buy
2017-08-24,1.37,1.86,0,0,0,0.68,0.92,0,-0.016188, 0.0488824, 0.017266, 0.0357558, 0.0488824,buy
2017-08-25,0.71,1.5,0,0,0,0.87,1.02,0,-0.079994,-0.0774470,-0.077447,-0.0784711,-0.0774470,sell
2017-08-26,0.39,0.71,0,0,0.05,1.01,1.17,0,-0.019881,-0.0248681,-0.024868,-0.0254878,-0.0080896,sell
2017-08-27,0.22,0.4,0,0,0.17,0.97,1.26,0,-0.042473,-0.0601657,-0.067985,-0.0640140,-0.0154155,sell
2017-08-28,0.19,0.56,0,0,0.29,0.87,1.17,0,-0.012148,-0.0185541,-0.017151,-0.0378251,-0.0171510,sell
2017-08-29,0.29,0.74,0.15,0,0.13,0.88,1.05,0,-0.021634,-0.0013405, 0.011257,-0.0018778, 0.0113271,buy
2017-08-30,0.42,0.95,0.27,0,0.08,0.84,0.96,0,-0.014855, 0.0099211, 0.019913,-0.0009230, 0.0211693,buy
2017-08-31,0.62,1.24,0.5,0,0.09,0.61,0.9,0,-0.056094,-0.0141264,-0.013549,-0.0180664,-0.0079461,sell
2017-09-01,0.94,0.58,0.71,0,0.12,0.35,0.87,0,-0.033032, 0.0107498,-0.003769, 0.0104011,-0.0322951,sell
2017-09-02,1.26,0.2,0.53,0,0.14,0.18,0.86,0,-0.024443, 0.0144150,-0.017566,-0.0250682,-0.0222550,sell
2017-09-03,1.18,0.33,0.39,0,0.18,0.06,0.88,0,-0.017697, 0.0086852,-0.000758,-0.0594882, 0.0056500,sell
2017-09-04,1.02,0.89,0.74,0,0.22,0.03,0.93,0,-0.091939,-0.0651837,-0.075097,-0.0696759,-0.0908020,sell
2017-09-05,0.9,1.51,1.38,0,0.27,0,1.02,0,-0.055409,-0.0456012,-0.041789,-0.0621278,-0.0686129,sell
2017-09-06,0.9,1.01,1.26,0,0.33,0,1.1,0,-0.029338,-0.0245459,-0.024546,-0.0768491,-0.0245459,sell
2017-09-07,0.88,0.6,0.63,0,0.41,0,1,0,-0.082505,-0.0739292,-0.082472,-0.0582766,-0.0764176,sell
2017-09-08,0.97,0.55,0.45,0,0.48,0,0.82,0,-0.090222,-0.0451883,-0.101131,-0.0466754,-0.0760036,sell
2017-09-09,1.06,0.41,0.47,0,0.45,0,0.66,0,-0.083319,-0.0385370,-0.083319,-0.0304962,-0.0730107,sell
2017-09-10,0.9,0.4,0.23,0,0.37,0,0.54,0,-0.041189, 0.0035305,-0.030980,-0.0312264,-0.0295971,sell
2017-09-11,0.9,0.5,0,0,0.3,0,0.45,0,-0.019338,-0.0005887, 0.005577,-0.0294344,-0.0108348,sell
2017-09-12,1.45,0.55,0,0,0.33,0,0.39,0, 0.027197, 0.0624234, 0.061321, 0.0501949, 0.0292826,buy
2017-09-13,1.5,0.34,0,0,0.41,0,0.38,0,-0.013451,-0.0214569,-0.026068,-0.0245992,-0.0121014,sell
2017-09-14,0.83,0.12,0,0,0.78,0,0.44,0,-0.013862, 0.0145022,-0.002868, 0.0201812,-0.0056804,sell
2017-09-15,0.65,0,0.25,0,0.99,0,0.55,0, 0.030712, 0.0553078, 0.078627, 0.0809300,-0.0493097,buy
2017-09-16,0.67,0,0.56,0,0.77,0.09,0.47,0,-0.039952, 0.0108536, 0.010677, 0.0108536,-0.0320194,sell
2017-09-17,1.08,0,0.77,0,0.89,0.21,0.26,0,-0.041597,-0.0331009,-0.069716,-0.0715928,-0.0746221,sell
2017-09-18,1.26,0.24,0.66,0,0.91,0.61,0.21,0, 0.011197, 0.0470972, 0.030859, 0.0294692, 0.0294692,buy
2017-09-19,0.91,0.82,0.67,0,0.54,0.71,0.13,0,-0.024360,-0.0149137,-0.019687,-0.0189257,-0.0158668,sell
2017-09-20,0.78,1.32,0.94,0,0.43,0.79,0.23,0, 0.051295, 0.0629802, 0.025976, 0.0198033, 0.0570932,buy
2017-09-21,0.9,1.24,0.8,0,0.37,0.8,0.4,0, 0.069101, 0.0606295, 0.037328, 0.0288074, 0.0669173,buy
2017-09-22,1.37,1.09,0.7,0,0.15,0.56,0.42,0, 0.058409, 0.0463105, 0.076260, 0.0356320, 0.0522641,buy
2017-09-23,1.27,1.14,0.6,0,0.08,0.52,0.25,0, 0.029156,-0.0056020, 0.052709, 0.0213853, 0.0285401,buy
2017-09-24,1.05,1.46,0.52,0,0.27,0.41,0.14,0,-0.032603,-0.0291970,-0.002401,-0.0331601,-0.0442553,sell
2017-09-25,1.05,1.69,0.42,0,0.73,0.3,0.08,0, 0.019191, 0.0082992, 0.014031,-0.0073715,-0.0102525,buy
2017-09-26,1.12,1.62,0.33,0,0.44,0.3,0.05,0, 0.015206, 0.0074687, 0.002197,-0.0118095,-0.0275816,sell
2017-09-27,1.13,1.61,0.48,0,0.22,0.42,0,0,-0.025002,-0.0174838,-0.015502,-0.0208528,-0.0492856,sell
2017-09-28,1.08,1.59,0.8,0,0.35,0.73,0,0,-0.014393,-0.0231621, 0.009388,-0.0136702,-0.0212231,sell
2017-09-29,1.07,1.64,0.47,0,0.21,1.42,0.06,0,-0.091410,-0.0930652,-0.080653,-0.0596258,-0.0841434,sell
2017-09-30,1.12,1.55,0.13,0,0.05,1.49,0.24,0,-0.043496,-0.0384762,-0.037427,-0.0357079,-0.0396231,sell
2017-10-01,1.36,0.94,0.11,0,0,0.87,0.41,0,-0.054422,-0.0134285,-0.025644,-0.0272754,-0.0051610,sell
2017-10-02,1.45,0.56,0,0,0,0.91,0.19,0,-0.017427, 0.0030584,-0.012188, 0.0149509, 0.0144659,sell
2017-10-03,1.48,0.45,0.42,0,0,1.52,0.05,0,-0.015499,-0.0253399,-0.005800,-0.0236962,-0.0273330,sell
2017-10-04,1.17,0.37,1.02,0,0.06,1.4,0,0,-0.007384,-0.0000963,-0.000718, 0.0121647, 0.0282175,buy
2017-10-05,0.74,0.3,1.54,0,0.23,1.03,0,0, 0.020017, 0.0213939, 0.042157, 0.0092831, 0.0213939,buy
2017-10-06,0.55,0.24,1.73,0,0.59,0.65,0,0,-0.004146, 0.0083740,-0.000380, 0.0083740, 0.0083740,buy
2017-10-07,0.4,0,1.01,0,1.08,0.4,0,0, 0.037898, 0.0204441, 0.040063, 0.0317073, 0.0337327,buy
2017-10-08,0.36,0,0,0,1.07,0.26,0,0,-0.051175, 0.0354186,-0.003499,-0.0359907,-0.0396745,sell
2017-10-09,0.32,0,0,0,0.84,0.15,0,0,-0.024139, 0.0326323,-0.019207,-0.0192070,-0.0200971,sell
2017-10-10,0.29,0,0.21,0,0.41,0.12,0.16,0,-0.004722, 0.0310254,-0.004722,-0.0195246,-0.0688880,sell
2017-10-11,0.26,0,0.6,0,0.22,0.09,1.06,0, 0.003625,-0.0328265,-0.001966,-0.0315245,-0.0353018,sell
2017-10-12,0.23,0,0.52,0,0.16,0.07,1.96,0, 0.023488, 0.0203692, 0.020849, 0.0142861, 0.0177106,buy
2017-10-13,0.21,0,0.41,0,0.18,0.05,2.1,0, 0.036030, 0.0379555, 0.037956, 0.0377554, 0.0369308,buy
2017-10-14,0.19,0.7,0.73,0,0.28,0.04,1.47,0, 0.009415,-0.0003493,-0.000349,-0.0004324,-0.0036156,sell
2017-10-15,0.17,1.39,0.57,0,0.36,0,1.23,0,-0.019951,-0.0275351,-0.027727, 0.0004442,-0.0251666,sell
2017-10-16,0.15,0.59,0.61,0,0.18,0.08,1.27,0,-0.005080,-0.0019254,-0.005669,-0.0017235,-0.0052146,sell
2017-10-17,0.13,0,0.96,0,0.07,0.26,0.78,0,-0.032160,-0.0351509,-0.036949,-0.0390426,-0.0386449,sell
2017-10-18,0.12,0.55,1.02,0,0.05,0.81,0.37,0,-0.071337,-0.0903179,-0.089933,-0.0713374,-0.0615528,sell
2017-10-19,0.15,1.38,0.61,0,0.02,0.94,0.25,0, 0.042344, 0.0197055, 0.013235, 0.0122602, 0.0214001,buy
2017-10-20,0.15,1.38,0.28,0,0.03,0.45,0.25,0,-0.006424,-0.0046428, 0.019010,-0.0099472, 0.0039404,buy
2017-10-21,0.14,0.56,0,0,0.07,0.52,0.42,0,-0.067785,-0.0655348,-0.038450,-0.0658170,-0.0677846,sell
2017-10-22,0.2,0.26,0.45,0,0.1,1.25,0.29,0,-0.030783,-0.0285772,-0.031037,-0.0310370,-0.0239589,sell
2017-10-23,0.6,0.68,1.19,0,0.13,1,0.12,0, 0.059702, 0.0606122, 0.059702, 0.0606122, 0.0671408,buy
2017-10-24,1.49,0.42,1,0,0.18,0.26,0.05,0, 0.045910, 0.0616608, 0.057076, 0.0616608, 0.0616608,buy
2017-10-25,0.97,0,0.33,0,0.25,0,0,0, 0.025926, 0.0220237, 0.024261, 0.0291553, 0.0259259,buy
2017-10-26,0.33,0,0,0,0.34,0.08,0.11,0,-0.035089, 0.0139830,-0.037948,-0.0350888,-0.0383088,sell
2017-10-27,0.12,0,0,0,0.46,0.15,0.44,0,-0.003212, 0.0157839, 0.003081,-0.0268624, 0.0178055,buy
2017-10-28,0.14,0,0,0,0.6,0.28,0.67,0,-0.014435, 0.0246772, 0.016230,-0.0086723,-0.0035204,sell
2017-10-29,0.16,0,0,0,0.62,0.63,0.56,0, 0.030310, 0.0350437, 0.030679, 0.0312426, 0.0311990,buy
2017-10-30,0.17,0,0,0,0.6,1.21,0.88,0,-0.020190, 0.0013005, 0.010469, 0.0166439, 0.0104694,buy
2017-10-31,0.43,0.25,0,0,0.74,1.51,0.65,0,-0.035940,-0.0327883,-0.017563,-0.0302017,-0.0302017,sell
2017-11-01,0.94,0.63,0.27,0,1.06,1.78,0.44,0,-0.005177,-0.0058599,-0.008758, 0.0092666, 0.0130538,sell
2017-11-02,1.59,0.69,0.93,0,1.17,1.49,0.75,0,-0.059170,-0.0664226,-0.044550,-0.0636955,-0.0569984,sell
2017-11-03,1.92,0.88,1.17,0,0.51,0.69,1.1,0, 0.014232, 0.0073172, 0.019031, 0.0140339, 0.0210210,buy
2017-11-04,1.56,1.5,0.43,0,0.2,0.32,0.57,0,-0.028609,-0.0087785,-0.007994,-0.0079944,-0.0176538,sell
2017-11-05,0.84,1.03,0,0,0.07,0.22,0.21,0,-0.069377,-0.0058485,-0.046478,-0.0511758,-0.0494955,sell
2017-11-06,0.59,0.34,0.21,0,0.04,0.39,0.06,0,-0.011297, 0.0101595, 0.015101, 0.0171555,-0.0032752,buy
2017-11-07,0.46,0,0.37,0,0.03,0.62,0.14,0, 0.035876, 0.0358759, 0.035876, 0.0415965, 0.0381051,buy
2017-11-08,0.52,0,0.66,0,0.1,0.28,0.39,0, 0.035779, 0.0176560, 0.022162,-0.0249766, 0.0168208,buy
2017-11-09,0.59,0,1.17,0,0.22,0.08,0.61,0, 0.020007, 0.0601650, 0.054086, 0.0478283, 0.0540861,buy
2017-11-10,0.66,0,1.2,0,0.38,0,0.43,0, 0.025297, 0.0786570, 0.079597, 0.0606896, 0.0754549,buy
2017-11-11,0.7,0.13,0.68,0,0.21,0,0.26,0, 0.028538, 0.0418017, 0.031090,-0.0251289, 0.0372041,buy
2017-11-12,0.65,0.48,0.39,0,0.07,0,0.22,0,-0.058445,-0.0443231,-0.055156,-0.0554966,-0.0614915,sell
2017-11-13,0.63,0.89,0.22,0,0.03,0.15,0.23,0,-0.054166,-0.0406120,-0.023079,-0.0406120,-0.0401603,sell
2017-11-14,0.94,1.04,0.08,0,0,0.38,0.34,0,-0.091819,-0.0311367,-0.023985,-0.0650252,-0.0256261,sell
2017-11-15,1.66,0.86,0.22,0,0.12,1,0.42,0,-0.069169,-0.0326303,-0.016748,-0.0204719,-0.0146934,sell
2017-11-16,2.88,0.45,0.42,0,0.35,1.59,0.35,0, 0.028304, 0.0297402, 0.021679, 0.0290580, 0.0200408,buy
2017-11-17,2.21,0.26,0.7,0,0.85,1.06,0.32,0, 0.026435, 0.0251116, 0.030274, 0.0288994, 0.0275046,buy
2017-11-18,1.34,0.32,0.52,0,1.44,0.49,0.3,0, 0.080983, 0.0776893, 0.041001, 0.0790783, 0.0813682,buy
2017-11-19,1.46,0.39,0.27,0,0.96,0.19,0.47,0,-0.002164,-0.0212655,-0.019125,-0.0348213,-0.0409616,sell
2017-11-20,1.12,0.47,0.12,0,0.4,0.16,0.86,0, 0.007244, 0.0337793, 0.038863, 0.0329477, 0.0323638,buy
2017-11-21,0.63,0.58,0.13,0,0.17,0.26,1.44,0, 0.081673,-0.0352825, 0.006146, 0.0820015,-0.0352633,buy
2017-11-22,0.56,0.7,0.14,0,0.02,0.37,1.14,0, 0.082204,-0.0075336, 0.013723, 0.0806395,-0.0068637,buy
2017-11-23,0.6,0.69,0.15,0,0.04,0.7,0.54,0,-0.001866,-0.0160356,-0.010670,-0.0256370, 0.0059143,sell
2017-11-24,1,0.57,0.16,0,0.08,1.24,0.24,0,-0.034729,-0.0327255,-0.032725,-0.0319698,-0.0265315,sell
2017-11-25,1.45,0.47,0.27,0,0.12,1.17,0.13,0, 0.014155, 0.0348622, 0.043498, 0.0515873, 0.0390210,buy
2017-11-26,1.7,0.39,0.52,0,0.25,0.68,0.07,0,-0.001169, 0.0074268, 0.010156, 0.0127016, 0.0024064,buy
2017-11-27,1.48,0.32,0.94,0,0.48,0.47,0,0,-0.030815,-0.0354282,-0.031383,-0.0293313,-0.0308147,sell
2017-11-28,1.06,0.26,0.82,0,0.91,0.34,0,0, 0.047518, 0.0217350, 0.075915, 0.0302374, 0.0116596,buy
2017-11-29,1.01,0.22,0.82,0,1.35,0.32,0,0, 0.022572, 0.0458142, 0.026566, 0.0109289,-0.0234356,buy
2017-11-30,1.02,0.74,0.84,0,0.96,0.33,0,0, 0.066161, 0.0855186, 0.078142, 0.0829179, 0.0830781,buy
2017-12-01,1.2,1.33,0.69,0,0.52,0.44,0.12,0,-0.053178,-0.0515119,-0.043687,-0.0543325,-0.0574168,sell
2017-12-02,1.41,1.69,0.53,0,0.4,0.66,0.18,0,-0.058505,-0.0563888,-0.061966,-0.0375066,-0.0750261,sell
2017-12-03,1.4,1.67,0.45,0,0.41,1.04,0.29,0,-0.046979,-0.0575842,-0.058997,-0.0031360,-0.0589968,sell
2017-12-04,1.19,1.26,0.33,0,0.29,0.91,0.46,0,-0.076156,-0.0744721,-0.075596,-0.0665394,-0.0759204,sell
2017-12-05,1.01,0.72,0.36,0,0.13,0.69,0.73,0,-0.019684,-0.0209243,-0.035642,-0.0458036,-0.0289560,sell
2017-12-06,0.88,0.42,0.38,0,0.09,0.76,1.11,0,-0.073591,-0.0705337,-0.088329,-0.0809635,-0.0792073,sell
2017-12-07,0.99,0.41,0.41,0,0.13,1.08,1.06,0,-0.072292,-0.0681845,-0.075791,-0.0570161,-0.0618286,sell
2017-12-08,1.26,0.53,0.44,0,0.24,1.24,0.67,0, 0.071888, 0.0613362, 0.089861, 0.0938884, 0.0938884,buy
2017-12-09,2.2,0.69,0.48,0,0.61,0.96,0.43,0, 0.010951, 0.0007113, 0.018543, 0.0185431, 0.0035451,buy
2017-12-10,2.31,0.28,0.48,0,0.74,0.72,0.27,0, 0.009478, 0.0044884, 0.004599, 0.0045993, 0.0056298,buy
2017-12-11,1.19,0,0.44,0,0.79,0.65,0.17,0, 0.052062, 0.0742197, 0.074184, 0.0741844, 0.0741844,buy
2017-12-12,0.6,0,0.41,0,0.62,0.69,0.11,0,-0.072862,-0.0572771,-0.074450,-0.0656287,-0.0564917,sell
2017-12-13,0.72,0,0.38,0,0.41,0.75,0,0,-0.059796,-0.0750786,-0.081263,-0.0665800,-0.0526783,sell
2017-12-14,1.65,0,0.35,0,0.59,0.8,0,0, 0.085056, 0.0717540, 0.088362, 0.0887294, 0.0920012,buy
2017-12-15,3.13,0,0.33,0,1.01,0.85,0,0, 0.020903,-0.0294060,-0.023173,-0.0294060,-0.0294060,sell
2017-12-16,2.47,0,0.3,0,0.84,0.9,0,0, 0.044645, 0.0188361, 0.023139, 0.0211540, 0.0235057,buy
2017-12-17,1.14,0,0.28,0,0.63,0.96,0,0, 0.053467, 0.0680636, 0.080044, 0.0772465, 0.0800603,buy
2017-12-18,0.53,0,0.26,0,0.52,1.09,0,0, 0.067925, 0.0716140, 0.070844, 0.0628847, 0.0564724,buy
2017-12-19,0.39,0,0.24,0,0.34,1.21,0,0, 0.056850, 0.0847184, 0.061718, 0.0808272, 0.0807932,buy
2017-12-20,0.69,0,0.22,0,0.15,1.41,0,0, 0.058373, 0.0600728, 0.056317, 0.0552740, 0.0611662,buy
2017-12-21,0.68,0.18,0.21,0,0.08,1.74,0,0,-0.023857,-0.0168733,-0.019747,-0.0254473, 0.0611288,sell
2017-12-22,0.22,0.71,0.19,0,0.06,1.74,0,0, 0.017443, 0.0432020, 0.029727, 0.0415064, 0.0669012,buy
2017-12-23,0.21,1.78,0.18,0,0.04,1.59,0.04,0, 0.026327, 0.0406047, 0.025248,-0.0603900, 0.0273485,buy
2017-12-24,0.24,2.16,0.17,0,0.04,1.56,0.04,0,-0.009655,-0.0036260,-0.015624,-0.0533051,-0.0096545,sell
2017-12-25,0.41,1.74,0.15,0,0.05,1.8,0.05,0, 0.024972, 0.0232117,-0.004816,-0.0365152, 0.0136243,sell
2017-12-26,0.7,1.82,0.14,0,0.06,1.76,0.06,0, 0.031193, 0.0265757, 0.007107,-0.0467655, 0.0311932,buy
2017-12-27,1.29,1.78,0.13,0,0.09,1.53,0.07,0,-0.055595,-0.0243428,-0.044535,-0.0351879,-0.0445353,sell
2017-12-28,1.63,0.92,0.12,0,0.14,1.34,0.07,0,-0.082536,-0.0557883,-0.056877,-0.0453912,-0.0153839,sell
2017-12-29,1.44,0.52,0.11,0,0.29,1.18,0.08,0,-0.050720,-0.0421053,-0.042665,-0.0020991,-0.0371690,sell
2017-12-30,1.65,0.61,0.1,0,0.46,1.3,0.26,0,-0.073083,-0.1065348,-0.093188,-0.0534806,-0.0508125,sell
2017-12-31,1.52,0.71,0.1,0,0.51,1.38,0.5,0,-0.036877,-0.1088578,-0.100628,-0.0116067,-0.0241793,sell
2018-01-01,0.76,0.82,0.09,0,0.63,1.33,1.26,0, 0.028319, 0.0240093, 0.025010,-0.0326193, 0.0250100,buy
2018-01-02,0.33,0.96,0.08,0,0.5,1.32,2.12,0, 0.056081, 0.0573484, 0.057491, 0.0612977, 0.0560814,buy
2018-01-03,0.03,1.12,0,0,0.21,1.45,2.4,0, 0.017753, 0.0470235, 0.046270, 0.0462696, 0.0192515,buy
2018-01-04,0.08,1.12,0,0,0.09,1.77,1.62,0, 0.012513, 0.0694280, 0.070847, 0.0727592, 0.0081727,buy
2018-01-05,0.23,0.96,0.6,0,0.03,1.93,0.89,0,-0.024923,-0.0235306, 0.004301, 0.0054986,-0.0229179,sell
2018-01-06,0.68,0.83,1.72,0,0.06,1.6,0.76,0, 0.043877, 0.0062030, 0.042528, 0.0427194, 0.0383089,buy
2018-01-07,0.69,0.71,2.12,0,0.12,1.23,1.08,0, 0.064308, 0.0139940, 0.044676, 0.0634925, 0.0446758,buy
2018-01-08,0.23,0.62,0.92,0,0.24,0.98,1.67,0, 0.047622, 0.0333630, 0.041999, 0.0371111, 0.0440799,buy
2018-01-09,0.07,0.52,0,0,0.22,0.82,1.4,0, 0.021192,-0.0003433,-0.003598, 0.0224376, 0.0308050,buy
2018-01-10,0,0.77,0,0,0.11,0.71,0.87,0,-0.041907,-0.0480653,-0.050966,-0.0480653,-0.0501682,sell
2018-01-11,0,1.44,0,0,0.05,0.67,0.72,0,-0.052459,-0.0253952,-0.025696,-0.0259889,-0.0253952,sell
2018-01-12,0,1.5,0,0,0.02,0.65,0.81,0,-0.024631,-0.0184624,-0.018428,-0.0184624,-0.0184278,sell
2018-01-13,0.06,0.68,0,0,0,1.07,1.32,0,-0.007489,-0.0170120,-0.021392,-0.0074895, 0.0041544,sell
2018-01-14,0.1,0.25,0.12,0,0,1.69,1.71,0,-0.092668,-0.0861769,-0.104776,-0.0936495,-0.0863457,sell
2018-01-15,0.17,0.22,0.21,0,0,2.66,1.52,0,-0.048095,-0.0760914,-0.083438,-0.0854326,-0.0843863,sell
2018-01-16,0.28,0,0.36,0,0,2.96,1.07,0,-0.039223,-0.0566022,-0.052649,-0.0504704,-0.0717141,sell
2018-01-17,0.46,0,0.59,0,0,2.53,0.86,0,-0.026316,-0.0078178,-0.042971, 0.0054053,-0.0091265,sell
2018-01-18,0.7,0,0.57,0,0.12,1.63,1.06,0, 0.066338, 0.0618009, 0.055899, 0.0320014,-0.0172770,buy
2018-01-19,0.62,0,0.39,0,0.34,0.85,1.99,0, 0.035062, 0.0350619, 0.035062, 0.0350619, 0.0329833,buy
2018-01-20,0.37,0,0.47,0,1.01,0.6,2.07,0, 0.042715, 0.0429313, 0.042931, 0.0386489, 0.0429313,buy
2018-01-21,0.22,0,0.9,0,1.12,0.43,0.98,0,-0.095183,-0.0717943,-0.090656,-0.0906555,-0.0917516,sell
2018-01-22,0.13,0,0.81,0,0.73,0.46,0.64,0,-0.077607, 0.0077080,-0.065716,-0.0567649,-0.0606481,sell
2018-01-23,0.08,0,0.28,0,1,0.53,0.63,0,-0.046375, 0.0037814,-0.070927,-0.0432005,-0.0024702,sell
2018-01-24,0,0,0,0,0.94,0.87,0.78,0, 0.033059, 0.0011706, 0.030683, 0.0361162,-0.0181470,buy
2018-01-25,0,0,0,0,0.56,1.13,0.87,0, 0.008955, 0.0066396,-0.010395, 0.0157704, 0.0066396,sell
2018-01-26,0,0,0,0,0.53,1.27,0.64,0,-0.056164,-0.0537804,-0.030362,-0.0243206,-0.0155087,sell
2018-01-27,0,0,0,0,1.07,0.92,0.59,0,-0.049991,-0.0562721,-0.046633,-0.0499917,-0.0401543,sell
2018-01-28,0,0,0,0,1.18,1.03,0.95,0,-0.029930,-0.0265954,-0.030169,-0.0314617,-0.0344898,sell
2018-01-29,0,0,0,0,0.68,2.14,0.74,0,-0.025103,-0.0173220,-0.029438,-0.0056948, 0.0284544,sell
2018-01-30,0,0,0,0,0.58,2.85,0.31,0,-0.046186,-0.0516490,-0.055170,-0.0498802,-0.0474907,sell
2018-01-31,0,0,0,0,0.92,1.75,0.17,0,-0.034077,-0.0351387,-0.012674,-0.0195457,-0.0340122,sell
2018-02-01,0,0,0,0,1.84,1.44,0.16,0,-0.015272,-0.0989993,-0.014793,-0.0784922,-0.0136958,sell
2018-02-02,0,0,0,0,2.37,2.14,0.15,0, 0.076507, 0.0262357, 0.082367,-0.0141829, 0.0737974,buy
2018-02-03,0,0,0,0,2.73,2.25,0.14,0, 0.090570, 0.0506409, 0.091142, 0.0121884, 0.0942471,buy
2018-02-04,0,0,0,0,1.91,1.33,0.23,0,-0.023734,-0.1055838,-0.016550,-0.0839039,-0.0219317,sell
2018-02-05,0,0,0,0,0.92,0.94,0.42,0,-0.015708,-0.0090040,-0.015288, 0.0014391, 0.0260067,sell
2018-02-06,0,0,0.21,0,0.81,1.16,1.01,0, 0.001746, 0.0334377, 0.035389, 0.0303873, 0.0379928,buy
2018-02-07,0.06,0,0.23,0,1.55,1.63,1.08,0, 0.091940, 0.0225057, 0.097353, 0.1004579, 0.0942055,buy
2018-02-08,0.12,0.12,0.25,0,2.3,1.57,0.44,0, 0.034090,-0.0750901, 0.049740,-0.0007251, 0.0339077,buy
2018-02-09,0.25,0.2,0.27,0,1.31,1.72,0.22,0, 0.057734, 0.0539989, 0.074751, 0.0475472, 0.0675130,buy
2018-02-10,0.42,0.34,0.29,0,0.41,1.22,0.09,0,-0.062473, 0.0009535,-0.062969,-0.0602429,-0.0321378,sell
2018-02-11,0.33,0.57,0.31,0,0.24,0.98,0.2,0,-0.069223,-0.0580448,-0.070784,-0.0681632,-0.0705150,sell
2018-02-12,0.16,0.69,0.34,0,0.56,1.56,0.35,0, 0.022730, 0.0106405,-0.022989, 0.0245210, 0.0268862,buy
2018-02-13,0.08,0.5,0.37,0,0.5,1.83,0.89,0,-0.010103, 0.0306813,-0.046374,-0.0011337,-0.0596672,sell
2018-02-14,0.12,0.3,0.39,0,0.62,1.29,1.41,0, 0.099178, 0.0488506, 0.086657, 0.0923476, 0.0958921,buy
2018-02-15,0.14,0.18,0.5,0,0.96,1.06,2.19,0, 0.049825, 0.0558298, 0.049890, 0.0556601, 0.0554851,buy
2018-02-16,0.25,0,0.72,0,0.89,0.74,1.68,0,-0.002707, 0.0273344,-0.004741, 0.0261844,-0.0138627,sell
2018-02-17,0.45,0,0.86,0,0.32,0.69,0.59,0,-0.037536, 0.0058450, 0.007856, 0.0200507,-0.0023264,buy
2018-02-18,0.81,0,0.69,0,0.06,0.95,0.21,0,-0.118288,-0.1213175,-0.078874,-0.0813175,-0.0735742,sell
2018-02-19,0.83,0,0.59,0,0,1.35,0.07,0,-0.079705,-0.0977918,-0.026135,-0.0567079,-0.0026458,sell
2018-02-20,0.48,0,0.8,0,0,1.37,0.34,0,-0.095693,-0.1036707,-0.087085,-0.0745206,-0.0914227,sell
2018-02-21,0.27,0,1.54,0,0,1.34,1.16,0, 0.031513,-0.0019194,-0.001919, 0.0425093,-0.0019194,buy
2018-02-22,0.15,0,1.8,0,0,1.03,1.05,0, 0.042025,-0.0224397,-0.022440, 0.0469059,-0.0224397,sell
2018-02-23,0.08,0,1.24,0,0,1.84,0.5,0,-0.053778,-0.0568970,-0.054730,-0.0304756,-0.0544066,sell
2018-02-24,0,0.12,1.39,0,0.04,1.9,0.64,0,-0.056406,-0.0810834,-0.062651,-0.0233895,-0.0637966,sell
2018-02-25,0,0.13,2.04,0,0.07,1,1.28,0, 0.030651,-0.0159172,-0.015917, 0.0306507,-0.0159172,sell
2018-02-26,0,0.29,1.59,0,0.12,0.78,1.29,0, 0.037017, 0.0104360, 0.011571, 0.0408063, 0.0096266,buy
2018-02-27,0.08,0.7,1.13,0,0.2,0.85,1.07,0, 0.041877, 0.0019598, 0.000791, 0.0076490,-0.0304616,sell
2018-02-28,0.27,0.97,1.2,0,0.37,1.09,0.91,0, 0.031969,-0.0218769,-0.022629,-0.0302642,-0.0479174,sell
2018-03-01,0.57,1.14,1.17,0,0.61,1.44,0.71,0, 0.010590,-0.0014889, 0.001706,-0.0367961,-0.0417524,sell
2018-03-02,0.66,0.75,1.29,0,0.81,1.26,0.21,0, 0.010806, 0.0016415, 0.003619,-0.0088922,-0.0118618,sell
2018-03-03,0.28,0.45,1.55,0,1.43,0.96,0.06,0, 0.023698, 0.0056634, 0.033025, 0.0353197, 0.0290077,buy
2018-03-04,0.04,1.04,1.64,0,1.44,0.85,0.06,0, 0.016572, 0.0137823, 0.008465, 0.0137309, 0.0080797,buy
2018-03-05,0.05,1.94,1.21,0,0.76,0.78,0.06,0, 0.002437,-0.0236309,-0.017926,-0.0309478,-0.0270066,sell
2018-03-06,0.08,1.35,0.92,0,0.47,0.83,0.06,0,-0.066384,-0.0669944,-0.072585,-0.0685358,-0.0611495,sell
2018-03-07,0.18,0.57,0.72,0,0.22,0.87,0.06,0,-0.102187,-0.0966074,-0.091207,-0.0966074,-0.0659620,sell
2018-03-08,0.49,0.49,0.67,0,0.13,0.93,0.12,0,-0.051309,-0.0479530,-0.051957,-0.0509242,-0.0629882,sell
2018-03-09,0.88,0.65,0.61,0,0.08,0.98,0.22,0,-0.015914,-0.0551635,-0.079003,-0.0976772,-0.0103242,sell
2018-03-10,1.15,1.13,0.57,0,0.05,1.03,0.42,0, 0.063308, 0.0539546, 0.085201, 0.0431939, 0.0683879,buy
2018-03-11,1.22,1.46,0.52,0,0.03,1.1,0.63,0, 0.040865, 0.0312632, 0.072978, 0.0404123, 0.0421898,buy
2018-03-12,0.93,1.52,0.48,0,0,1.16,0.43,0,-0.027593,-0.0275934, 0.016152,-0.0279715,-0.0306701,sell
2018-03-13,1,1.75,0.45,0,0.1,1.24,0.22,0,-0.071029,-0.0833088,-0.073558,-0.0600455,-0.0891220,sell
2018-03-14,1.13,1.79,0.41,0,0.33,1.28,0.14,0,-0.089645,-0.0979480,-0.096632,-0.0576879,-0.0983962,sell
2018-03-15,1.27,1.35,0.38,0,0.77,1.24,0.08,0, 0.002359,-0.0344258,-0.034891,-0.0435257,-0.0195991,sell
2018-03-16,1.14,1.15,0.35,0,1.82,1.16,0.08,0,-0.049871,-0.0516997,-0.052355,-0.0477203,-0.0643238,sell
2018-03-17,1.09,1.26,0.32,0,2.29,1.09,0.08,0,-0.074560,-0.0601252,-0.078808,-0.0477368,-0.0745605,sell
2018-03-18,0.51,1.33,0.3,0,2.14,1.02,0.09,0,-0.073400,-0.0689316,-0.070352,-0.0277880,-0.0715441,sell
2018-03-19,0.19,0.99,0.27,0,1.32,0.95,0.09,0, 0.004579, 0.0649740, 0.005735, 0.0845195,-0.0135458,buy
2018-03-20,0,0.62,0.25,0,0.59,0.88,0.09,0, 0.047047, 0.0317633,-0.004740, 0.0350462, 0.0448951,buy
2018-03-21,0,0.37,0.23,0,0.29,0.81,0.1,0,-0.011170, 0.0185147,-0.020822,-0.0082898,-0.0111698,sell
2018-03-22,0.05,0.34,0.28,0,0.16,0.76,0.1,0,-0.046288, 0.0132962,-0.028635,-0.0347520,-0.0347520,sell
2018-03-23,0.11,0.31,0.19,0,0.17,0.7,0.11,0,-0.039550, 0.0561044,-0.035578,-0.0355781,-0.0355781,sell
2018-03-24,0.25,0.27,0.41,0,0.21,0.66,0.12,0,-0.006117,-0.0034057, 0.000859, 0.0014748, 0.0008586,sell
2018-03-25,0.42,0.25,0.66,0,0.28,0.61,0.13,0,-0.028918,-0.0367009,-0.040220,-0.0575694,-0.0499798,sell
2018-03-26,0.3,0.34,0.54,0,0.42,0.61,0.13,0,-0.061826,-0.0542845,-0.037096,-0.0679910,-0.0493309,sell
2018-03-27,0.16,0.48,0.27,0,0.74,0.61,0.14,0,-0.020174,-0.0417418,-0.064174,-0.0753277,-0.0177609,sell
2018-03-28,0.21,0.59,0.17,0,1.34,0.8,0.15,0,-0.008850, 0.0115719,-0.010912, 0.0283342,-0.0091083,sell
2018-03-29,0.31,0.41,0.11,0,1.53,1.17,0.16,0,-0.034444,-0.0276901,-0.033591,-0.0159228, 0.0073649,sell
2018-03-30,0.71,0.24,0.07,0,1.2,2.2,0.17,0,-0.005095,-0.0204655,-0.013607,-0.0259628,-0.0172941,sell
2018-03-31,1.14,0.14,0,0,0.61,2.44,0.18,0,-0.026164,-0.0596675,-0.057569, 0.0070955,-0.0014836,sell
2018-04-01,1.76,0.12,0,0,0.35,1.26,0.2,0, 0.060536,-0.0024820, 0.006276,-0.0175318,-0.0177881,sell
2018-04-02,1.41,0,0,0,0.23,0.69,0.21,0, 0.022246, 0.0360388, 0.026357,-0.0245975,-0.0136387,buy
2018-04-03,0.61,0,0,0,0.53,0.38,0.23,0,-0.006442, 0.0382253, 0.018392, 0.0323724, 0.0250138,buy
2018-04-04,0.28,0,0.16,0,1.19,0.31,0.25,0,-0.036242, 0.0180806,-0.029668,-0.0487673,-0.0592644,sell
2018-04-05,0.32,0.11,0.27,0,1.18,0.24,0.27,0,-0.101197,-0.0141355,-0.028350,-0.0517742,-0.0430640,sell
2018-04-06,0.66,0.19,0.45,0,0.72,0.22,0.29,0,-0.035726,-0.0262256,-0.011228,-0.0043078,-0.0393893,sell
2018-04-07,1.26,0.32,0.71,0,0.36,0.2,0.31,0, 0.006613, 0.0246211, 0.018881, 0.0246211, 0.0179726,buy
2018-04-08,1,0.42,0.66,0,0.12,0.18,0.45,0, 0.004731, 0.0175866,-0.021295, 0.0047305,-0.0270639,sell
2018-04-09,0.66,0.35,0.48,0,0,0.25,0.54,0,-0.029509, 0.0189883,-0.042021,-0.0251866,-0.0290648,sell
2018-04-10,0.4,0.24,0.44,0,0,0.37,0.9,0,-0.015036,-0.0140770,-0.038920,-0.0183643,-0.0178192,sell
2018-04-11,0.2,0.18,0.5,0,0,0.77,1.51,0, 0.037415, 0.0322150, 0.032215, 0.0322150, 0.0364210,buy
2018-04-12,0.12,0.2,0.22,0,0,0.91,2.52,0, 0.089599, 0.0826779, 0.086632, 0.0907491, 0.0892835,buy
2018-04-13,0.09,0.27,0.09,0,0,0.47,2.55,0, 0.090662, 0.0923720, 0.089490, 0.0932346, 0.0855245,buy
2018-04-14,0.06,0.4,0,0,0,0.29,2.3,0, 0.074319, 0.0867572, 0.079768, 0.0828667, 0.0781768,buy
2018-04-15,0.15,0.33,0,0,0,0.3,1.9,0, 0.040154, 0.0155529, 0.028008, 0.0348575, 0.0123171,buy
2018-04-16,0.33,0.23,0,0,0,0.31,1.29,0,-0.029104,-0.0170920,-0.026069,-0.0170920,-0.0225605,sell
2018-04-17,0.6,0.2,0,0,0.09,0.32,0.97,0,-0.014587,-0.0091245,-0.011683,-0.0279006,-0.0279006,sell
2018-04-18,0.38,0.69,0,0,0.2,0.43,0.74,0, 0.055037, 0.0231371, 0.069471, 0.0168846, 0.0626868,buy
2018-04-19,0.16,1.51,0.16,0,0.46,0.86,0.62,0,-0.066379,-0.0398676,-0.045558,-0.0447370,-0.0442892,sell
2018-04-20,0.12,1.42,0.17,0,0.59,1.57,0.55,0,-0.012996, 0.0339282, 0.026305,-0.0054317, 0.0216891,buy
2018-04-21,0.12,0.59,0.18,0,0.44,1.27,0.41,0,-0.034023,-0.0180174,-0.067624,-0.0211723,-0.0573531,sell
2018-04-22,0.2,0.15,0.19,0,0.43,0.55,0.55,0, 0.033655, 0.0130375, 0.013037, 0.0154170, 0.0431417,buy
2018-04-23,0.35,0.09,0.19,0,0.65,0.23,0.84,0, 0.015497, 0.0614537, 0.026843, 0.0555823, 0.0516746,buy
2018-04-24,0.6,0,0.2,0,0.44,0,1.29,0,-0.025864,-0.0039095, 0.003619,-0.0009949,-0.0114492,sell
2018-04-25,0.72,0,0.21,0,0.15,0,1.15,0,-0.015059,-0.0577253,-0.057559,-0.0563070,-0.0577253,sell
2018-04-26,1.04,0,0.28,0,0.06,0,0.6,0, 0.051184, 0.0423330, 0.042279, 0.0455683, 0.0540968,buy
2018-04-27,1.46,0,0.37,0,0,0,0.34,0, 0.025204,-0.0181820,-0.014269,-0.0233885, 0.0183273,sell
2018-04-28,1.64,0.21,0.47,0,0,0,0.2,0,-0.030974,-0.0124680,-0.026160,-0.0539770,-0.0062450,sell
2018-04-29,1.52,0.55,0.37,0,0,0,0.16,0,-0.022572,-0.0090591, 0.038900,-0.0386111,-0.0013423,buy
2018-04-30,0.85,0.48,0.58,0,0.21,0,0.21,0,-0.032082,-0.0490178,-0.057956,-0.0595448,-0.0556618,sell
2018-05-01,0.28,0.16,1.07,0,0.48,0,0.37,0,-0.008659, 0.0173390,-0.003448,-0.0026693,-0.0030520,sell
2018-05-02,0.11,0,1.2,0,1.21,0,0.85,0,-0.076467,-0.0861334,-0.056660,-0.0764905,-0.0849787,sell
2018-05-03,0,0,0.69,0,1.26,0.09,1.48,0, 0.016190, 0.0104290,-0.036036, 0.0104290, 0.0104290,sell
2018-05-04,0.1,0,0.47,0,0.52,0.36,1.21,0, 0.005047, 0.0110579, 0.016283, 0.0184825, 0.0239984,buy
2018-05-05,0.12,0,0.64,0,0.25,0.88,1.2,0, 0.008442, 0.0242282, 0.020648, 0.0024467, 0.0292824,buy
2018-05-06,0.14,0,0.48,0,0.13,1.59,1.54,0,-0.039548,-0.0622665,-0.035926,-0.0412659,-0.0231067,sell
2018-05-07,0.15,0,0.29,0,0.16,1.13,1.06,0,-0.034167,-0.0123132,-0.042234,-0.0399971, 0.0036105,sell
2018-05-08,0.22,0.07,0.44,0,0.2,0.44,0.47,0,-0.017891,-0.0275956,-0.033533,-0.0287126,-0.0310836,sell
2018-05-09,0.3,0.16,0.65,0,0.24,0.18,0.22,0,-0.010696,-0.0215754,-0.016316,-0.0410074,-0.0286155,sell
2018-05-10,0.46,0.4,0.71,0,0.3,0,0.04,0,-0.026710, 0.0352192,-0.016977,-0.0431665,-0.0267097,sell
2018-05-11,0.82,0.34,0.75,0,0.37,0.13,0.05,0,-0.042467, 0.0278291,-0.033471,-0.0420657,-0.0239956,sell
2018-05-12,0.85,0.54,0.79,0,0.54,0.53,0.07,0, 0.022266, 0.0535838, 0.037302, 0.0423582, 0.0296154,buy
2018-05-13,0.57,0.91,0.53,0,0.82,1.54,0.1,0, 0.055508, 0.0507795, 0.034166, 0.0585568, 0.0204400,buy
2018-05-14,0.52,1.35,0.32,0,1,2.66,0.14,0, 0.082075, 0.0820749, 0.048222, 0.0573019, 0.0821829,buy
2018-05-15,0.61,0.95,0.33,0,0.58,2.04,0.19,0, 0.043027, 0.0391961, 0.003772, 0.0246410, 0.0157986,buy
2018-05-16,0.78,0.58,0.33,0,0.33,1.24,0.26,0,-0.060473,-0.0529420,-0.060121,-0.0529420,-0.0446548,sell
2018-05-17,1.03,0.35,0.33,0,0.22,1.2,0.47,0,-0.092337,-0.0913802,-0.091380,-0.0913802,-0.0620429,sell
2018-05-18,1.77,0.41,0.33,0,0.26,1.53,0.8,0,-0.031061,-0.0654767,-0.066865,-0.0382035,-0.0273085,sell
2018-05-19,1.43,0.57,0.34,0,0.34,1.95,1.41,0,-0.042186,-0.0258015,-0.016100,-0.0064219,-0.0160999,sell
2018-05-20,0.96,0.9,0.34,0,0.57,1.82,1.39,0,-0.010202,-0.0066556, 0.010908, 0.0080730, 0.0109085,buy
2018-05-21,0.93,1.04,0.34,0,0.72,1.36,1.32,0, 0.007526,-0.0145593,-0.008244,-0.0161825,-0.0087926,sell
2018-05-22,1.04,0.84,0.34,0,0.51,1.32,2.31,0,-0.032777,-0.0404072,-0.012424,-0.0147410,-0.0354642,sell
2018-05-23,1.18,0.81,0.43,0,0.31,1.41,2.29,0,-0.039381,-0.0509442,-0.033944,-0.0257182,-0.0580748,sell
2018-05-24,1.52,0.87,0.57,0,0.32,0.72,0.81,0, 0.014281, 0.0083560, 0.056066, 0.0088858, 0.0072836,buy
2018-05-25,1.95,1.17,0.58,0,0.44,0.45,0.29,0,-0.012770,-0.0079764,-0.040780,-0.0322699,-0.0188877,sell
2018-05-26,1.56,1.95,0.43,0,0.81,0.54,0.19,0, 0.066706,-0.0079313, 0.019379,-0.0177317,-0.0064405,buy
2018-05-27,1.21,1.47,0.63,0,0.88,0.49,0.2,0, 0.007270,-0.0077201, 0.015804,-0.0010214, 0.0234093,buy
2018-05-28,1.04,0.67,1.06,0,0.46,0.29,0.3,0,-0.054821,-0.0466888,-0.040949,-0.0466888,-0.0479026,sell
2018-05-29,0.94,0.44,1.29,0,0.47,0.07,0.74,0, 0.061527, 0.0438954, 0.043895, 0.0438954, 0.0438954,buy
2018-05-30,1.02,0.27,0.95,0,0.72,0.03,1.56,0,-0.011372, 0.0030410,-0.006373, 0.0016789,-0.0150188,sell
2018-05-31,1.29,0.36,0.76,0,0.33,0,1.08,0,-0.033578, 0.0227721,-0.010189,-0.0326749,-0.0015538,sell
2018-06-01,2.03,0.77,0.68,0,0.18,0,0.39,0,-0.009063,-0.0066491,-0.006662,-0.0073137,-0.0075039,sell
2018-06-02,2.27,0.55,1.27,0,0.21,0,0.71,0, 0.032139, 0.0205063, 0.036125, 0.0068647, 0.0215378,buy
2018-06-03,1.36,0.17,0.77,0,0.33,0.08,0.82,0, 0.003067, 0.0468708, 0.011491,-0.0202219, 0.0135122,buy
2018-06-04,0.76,0.15,0.48,0,0.46,0.17,0.14,0,-0.012768, 0.0182144, 0.005513,-0.0426501,-0.0041122,sell
2018-06-05,0.46,0.14,1.03,0,0.67,0.71,0,0,-0.001878,-0.0337844,-0.044502,-0.0238799,-0.0422162,sell
2018-06-06,0.42,0.12,0.96,0,0.98,1.59,0,0,-0.008595,-0.0283727,-0.031851,-0.0423022,-0.0283727,sell
2018-06-07,0.38,0,0.58,0,1.19,0.98,0.03,0, 0.006811, 0.0068110,-0.006482, 0.0068110,-0.0442024,sell
2018-06-08,0.35,0,0.77,0,1.15,0.51,0.18,0,-0.053827,-0.0563841,-0.043738,-0.0487561,-0.0549114,sell
2018-06-09,0.32,0,0.6,0,1,1.07,0.41,0, 0.009387,-0.0306895,-0.002630, 0.0093473,-0.0105755,sell
2018-06-10,0.3,0,0.55,0,0.86,0.67,0.18,0,-0.013308,-0.0183379,-0.009151,-0.0075391,-0.0236161,sell
2018-06-11,0.27,0.12,0.78,0,0.77,0.2,0.08,0, 0.010382,-0.0286767,-0.018865, 0.0099371,-0.0380451,sell
2018-06-12,0.25,0.41,0.74,0,0.59,0.29,0.32,0,-0.020951,-0.0196183,-0.004210, 0.0004173,-0.0266152,sell
2018-06-13,0.34,0.58,0.68,0,0.41,0.71,0.78,0,-0.092863,-0.0905246,-0.087774,-0.0960541,-0.0883118,sell
2018-06-14,0.5,1.1,0.48,0,0.31,0.95,0.44,0, 0.039184, 0.0377032, 0.010571, 0.0355495, 0.0170791,buy
2018-06-15,0.89,1.38,0.34,0,0.4,0.51,0.29,0,-0.023723,-0.0312792,-0.003390,-0.0243470,-0.0259263,sell
2018-06-16,0.79,0.61,0.27,0,0.9,0.28,0.42,0, 0.016934, 0.0027196, 0.006020, 0.0057984, 0.0169340,buy
2018-06-17,0.4,0,0.45,0,0.63,0.38,0.36,0,-0.023833, 0.0294155, 0.012441, 0.0197964,-0.0167890,sell
2018-06-18,0.34,0.12,0.83,0,0.22,0.47,0.22,0,-0.008384,-0.0278252,-0.015509,-0.0484824,-0.0480952,sell
2018-06-19,0.76,0.3,1.22,0,0.12,0.18,0.13,0,-0.006907, 0.0218420, 0.015399, 0.0175461,-0.0197997,buy
2018-06-20,1.46,0.42,0.79,0,0.1,0.05,0.19,0,-0.029038,-0.0381426,-0.037390,-0.0480560,-0.0261604,sell
2018-06-21,1.6,0.23,0.43,0,0.09,0,0.29,0,-0.025375,-0.0427171,-0.031347,-0.0481414,-0.0211843,sell
2018-06-22,0.5,0.09,0.25,0,0.08,0,0.56,0,-0.021969,-0.0563490,-0.056435,-0.0588551,-0.0295054,sell
2018-06-23,0.13,0.13,0.24,0,0.07,0,0.7,0,-0.059663,-0.0599309,-0.017337,-0.0298660, 0.0049121,sell
2018-06-24,0.12,0.28,0.24,0,0,0,0.38,0,-0.029302,-0.0301303,-0.023446,-0.0275109,-0.0237134,sell
2018-06-25,0.12,0.17,0.23,0,0,0.03,0.17,0,-0.003585,-0.0047711,-0.003118,-0.0041929,-0.0047711,sell
2018-06-26,0.11,0.05,0.76,0,0.13,0.03,0.07,0, 0.010433, 0.0145637,-0.011766,-0.0120989,-0.0120989,sell
2018-06-27,0.11,0.25,1.45,0,0.31,0.04,0,0,-0.018576,-0.0143100,-0.037507, 0.0014991, 0.0542725,sell
2018-06-28,0.17,0.95,1.46,0,0.8,0.05,0,0,-0.034135,-0.0242791,-0.001249,-0.0242791,-0.0269461,sell
2018-06-29,0.32,1.7,0.83,0,1.06,0.06,0,0, 0.052762, 0.0552546, 0.025910, 0.0552213, 0.0299053,buy
2018-06-30,0.79,2.11,0.48,0,0.57,0.06,0,0, 0.042406, 0.0400782, 0.040331, 0.0452833, 0.0344613,buy
2018-07-01,0.67,1.58,0.94,0,0.23,0.08,0,0, 0.017618, 0.0201201, 0.037450, 0.0461444, 0.0757493,buy
2018-07-02,0.31,0.83,1.42,0,0.09,0.09,0,0,-0.016737, 0.0135627,-0.001765, 0.0199823, 0.0212211,sell
2018-07-03,0.15,0.29,1.25,0,0,0.1,0,0,-0.047308,-0.0114082,-0.047308,-0.0390611,-0.0390611,sell
2018-07-04,0.4,0.05,0.47,0,0,0.1,0,0, 0.066645, 0.0451924, 0.061781, 0.0667393, 0.0737919,buy
2018-07-05,0.84,0.17,0.19,0,0,0.11,0,0,-0.034067,-0.0410366,-0.036385,-0.0299744,-0.0442125,sell
2018-07-06,0.77,0.28,0.19,0,0,0.12,0,0,-0.001138, 0.0317669, 0.010576, 0.0293346, 0.0051531,buy
2018-07-07,1.01,0.12,0.19,0,0,0.13,0,0, 0.015679, 0.0375890, 0.017012, 0.0155760, 0.0304779,buy
2018-07-08,1.5,0,0.18,0,0,0.18,0,0, 0.006289,-0.0104928, 0.000735,-0.0112150, 0.0056382,sell
2018-07-09,1.15,0,0.18,0,0,0.26,0,0, 0.006637, 0.0147229, 0.003636,-0.0131455, 0.0170718,buy
2018-07-10,0.72,0,0.7,0,0,0.32,0,0, 0.017081, 0.0022437, 0.002190,-0.0297736, 0.0022437,buy
2018-07-11,1.04,0.2,1.51,0,0.07,0.41,0,0,-0.024877, 0.0338197,-0.004797,-0.0037878,-0.0048410,sell
2018-07-12,1.15,0.57,2.04,0,0.07,0.56,0,0,-0.030126,-0.0206408,-0.030101,-0.0217392,-0.0231949,sell
2018-07-13,1.29,1.22,1.28,0,0.17,0.7,0,0,-0.000753, 0.0319997, 0.040195, 0.0589471,-0.0007526,buy
2018-07-14,1.41,1.49,1.08,0,0.34,0.63,0,0,-0.000964, 0.0237611, 0.015731, 0.0303913,-0.0078997,buy
2018-07-15,0.72,1.59,1.07,0,0.82,0.49,0,0, 0.023578, 0.0326173, 0.018911, 0.0009243, 0.0189113,buy
2018-07-16,0.42,1.24,1.15,0,0.82,0.4,0,0, 0.010491, 0.0264924, 0.007637,-0.0134615, 0.0064546,buy
2018-07-17,0.27,0.6,0.79,0,0.39,0.35,0,0, 0.001317,-0.0489757, 0.036482,-0.0818038, 0.0013271,buy
2018-07-18,0.3,0.32,0.31,0,0.26,0.33,0,0, 0.019915, 0.0392547, 0.037291, 0.0154451, 0.0309115,buy
2018-07-19,0.38,0,0.12,0,0.19,0.32,0.04,0, 0.003922, 0.0119553, 0.011955, 0.0119553, 0.0489910,buy
2018-07-20,0.47,0,0,0,0.23,0.29,0.11,0, 0.027335, 0.0539500, 0.048242, 0.0551457, 0.0464992,buy
2018-07-21,0.56,0,0,0,0.28,0.31,0.28,0, 0.028286, 0.0467766, 0.046777, 0.0467766, 0.0474506,buy
2018-07-22,0.65,0.52,0,0,0.33,0.33,0.46,0,-0.010235, 0.0018860,-0.001685, 0.0174145,-0.0068375,sell
2018-07-23,0.72,1.22,0,0,0.39,0.36,0.3,0,-0.023479,-0.0136763,-0.021960,-0.0219595,-0.0313035,sell
2018-07-24,1.03,1.64,0.17,0,0.47,0.4,0.16,0, 0.019210, 0.0071639, 0.019732, 0.0112888,-0.0071395,buy
2018-07-25,1.23,1.29,0.41,0,0.57,0.43,0.13,0,-0.056904,-0.0403966,-0.048759,-0.0563069,-0.0551989,sell
2018-07-26,1.03,0.96,0.94,0,0.68,0.58,0.12,0,-0.011081, 0.0064007,-0.011204, 0.0013458, 0.0070316,sell
2018-07-27,1.17,0.28,0.88,0,0.83,0.91,0.15,0, 0.059690, 0.0597299, 0.062807, 0.0597299, 0.0530359,buy
2018-07-28,1.16,0.08,0.36,0,0.98,1.47,0.19,0, 0.025810,-0.0049896,-0.008819,-0.0096018, 0.0243296,sell
2018-07-29,0.83,0.2,0,0,0.98,1.74,0.23,0,-0.008029,-0.0438530,-0.051024,-0.0191654, 0.0021498,sell
2018-07-30,0.78,0.28,0,0,0.99,1.3,0.29,0, 0.012791, 0.0792981,-0.026704,-0.0014022,-0.0170987,sell
2018-07-31,0.79,0.16,0,0,0.8,1.11,0.36,0,-0.040618,-0.0016337,-0.066196,-0.0438082,-0.0611194,sell
2018-08-01,0.81,0.07,0,0,0.56,0.98,0.45,0,-0.059575,-0.0482013,-0.059222,-0.0570604,-0.0629308,sell
2018-08-02,0.74,0,0.13,0,0.42,1.03,0.56,0,-0.047378,-0.0485951,-0.047378,-0.0479151,-0.0563483,sell
2018-08-03,0.72,0.28,0.22,0,0.34,1.16,0.69,0,-0.026513,-0.0465236,-0.039831,-0.0356593,-0.0401930,sell
2018-08-04,0.71,0.5,0.41,0,0.29,1.35,0.7,0,-0.013044,-0.0323740,-0.032374,-0.0372057,-0.0429197,sell
2018-08-05,0.74,1.07,0.48,0,0.3,1.68,0.58,0,-0.003683,-0.0118718,-0.008631,-0.0090758,-0.0395257,sell
2018-08-06,0.75,1.79,0.61,0,0.34,1.99,0.47,0,-0.047516,-0.0627196,-0.055089,-0.0636477,-0.0666026,sell
2018-08-07,0.81,1.96,1.39,0,0.52,2.12,0.39,0,-0.050041,-0.1176529,-0.104215,-0.1317859,-0.1068790,sell
2018-08-08,0.86,2.02,2.2,0,0.64,2.41,0.32,0,-0.014351,-0.0518326,-0.046148,-0.0264888, 0.0226378,sell
2018-08-09,0.92,2.09,2.54,0,0.5,2.19,0.39,0, 0.009977,-0.0133205,-0.010055, 0.0089515, 0.0352678,sell
2018-08-10,0.99,1.84,1.99,0,0.5,1.7,0.54,0,-0.038813,-0.0923357,-0.085662,-0.0571791,-0.0275414,sell
2018-08-11,1.07,1.37,1.18,0,0.45,1.44,0.99,0, 0.063047, 0.0304837, 0.018326, 0.0393378, 0.0264888,buy
2018-08-12,1.17,0.51,0.79,0,0.31,1.27,1,0, 0.022292, 0.0093405, 0.019258, 0.0176578, 0.0634749,buy
2018-08-13,1.31,0.15,0.37,0,0.21,1.22,0.48,0,-0.057236,-0.0718921,-0.085600,-0.0856005,-0.0551355,sell
2018-08-14,1.48,0.17,0.25,0,0.09,1.12,0.26,0, 0.031372,-0.0043633,-0.010508,-0.0084634, 0.0120432,sell
2018-08-15,1.73,0.19,0.17,0,0.06,1.04,0.11,0, 0.088127, 0.0443241, 0.088479, 0.0884788, 0.0800130,buy
2018-08-16,1.82,0.22,0.17,0,0.04,0.98,0.15,0, 0.072176, 0.0466713, 0.069759, 0.0694225, 0.0540003,buy
2018-08-17,1.82,0.24,0.17,0,0,0.93,0.24,0, 0.035983, 0.0401771, 0.048718, 0.0431134, 0.0380056,buy
2018-08-18,1.93,0.28,0.18,0,0,0.92,0.36,0, 0.001716,-0.0072450, 0.001296,-0.0043087,-0.0086660,sell
2018-08-19,1.97,0.32,0.18,0,0.03,0.9,0.28,0, 0.032114, 0.0204462, 0.033011, 0.0175293,-0.0168101,buy
2018-08-20,1.83,0.36,0.41,0,0.06,0.91,0.16,0, 0.045066, 0.0408600, 0.052198,-0.0054375,-0.0154998,buy
2018-08-21,1.7,0.41,0.74,0,0.12,0.92,0.12,0,-0.011668, 0.0039712, 0.009056,-0.0223138,-0.0274332,sell
2018-08-22,1.72,0.47,1.52,0,0.25,0.95,0.09,0, 0.073326, 0.0453192, 0.046526, 0.0733260, 0.0715634,buy
2018-08-23,1.82,0.54,1.62,0,0.36,0.99,0.1,0, 0.067592, 0.0476599, 0.054613, 0.0656212, 0.0760207,buy
2018-08-24,2.2,0.62,1.51,0,0.32,1.04,0.1,0, 0.062576, 0.0454034, 0.051339, 0.0627356, 0.0631934,buy
2018-08-25,3.11,1,1.33,0,0.29,1.1,0.11,0, 0.010764, 0.0273085, 0.038271, 0.0382707, 0.0019432,buy
2018-08-26,2.8,1.37,1.53,0,0.46,1.19,0.12,0, 0.014482, 0.0204929, 0.046866, 0.0250142, 0.0109372,buy
2018-08-27,1.85,2.2,1.41,0,0.74,1.29,0.14,0, 0.004860, 0.0047100, 0.016455, 0.0062172,-0.0041912,buy
2018-08-28,1.41,2.45,0.82,0,0.5,1.42,0.15,0,-0.015839, 0.0392874, 0.042396, 0.0543854, 0.0181027,buy
2018-08-29,1.11,1.89,0.62,0,0.2,1.57,0.16,0,-0.092834,-0.0882509,-0.083492,-0.0652921,-0.0910423,sell
2018-08-30,1.08,0.75,0.72,0,0.08,1.74,0.23,0,-0.095856,-0.0971764,-0.032152,-0.0841065,-0.0925080,sell
2018-08-31,1.07,0.32,0.43,0,0,1.94,0.29,0, 0.051781, 0.0675590, 0.059829, 0.0414280, 0.0509051,buy
2018-09-01,1.12,0.27,0.27,0,0,2.09,0.38,0, 0.056256, 0.0559773, 0.034197, 0.0119953, 0.0341974,buy
2018-09-02,1.21,0.23,0.28,0,0.02,2.2,0.55,0, 0.056250, 0.0668723, 0.012202, 0.0118186, 0.0122018,buy
2018-09-03,1.48,0.2,0.3,0,0.05,2.31,0.78,0, 0.025716, 0.0464322, 0.014134,-0.0078043, 0.0141339,buy
2018-09-04,1.43,0.17,0.31,0,0.15,2.26,0.8,0, 0.001450, 0.0352913,-0.008272,-0.0197156,-0.0082720,sell
2018-09-05,1.28,0.14,0.53,0,0.39,2.13,0.7,0, 0.003465, 0.0347572,-0.006188,-0.0049479,-0.0101235,sell
2018-09-06,1.78,0.38,0.93,0,0.54,2.05,0.62,0,-0.120921,-0.0685928,-0.015166,-0.0774308,-0.0811076,sell
2018-09-07,2.64,1,0.78,0,0.77,2.02,0.62,0, 0.046803, 0.0293990, 0.029287, 0.0522272, 0.0307420,buy
2018-09-08,1.47,1.88,0.6,0,0.93,2.14,0.81,0, 0.031541,-0.0332121, 0.021599, 0.0171868, 0.0485863,buy
2018-09-09,0.88,2.25,0.84,0,0.4,2.41,1.05,0, 0.034804,-0.0570497, 0.002899, 0.0011328, 0.0330826,buy
2018-09-10,0.93,1.59,1.01,0,0.29,3,1.44,0, 0.021967,-0.0248295, 0.013149,-0.0118260, 0.0044095,buy
2018-09-11,1.13,0.77,0.84,0,0.33,3.13,1.97,0,-0.049969,-0.0234035,-0.061702,-0.0590752,-0.0720684,sell
2018-09-12,0.97,0.27,0.67,0,0.39,2.31,2.43,0, 0.010918, 0.0260850,-0.030098,-0.0223702,-0.0223702,sell
2018-09-13,0.7,0,0.6,0,0.47,1.7,2.46,0, 0.033284, 0.0437345, 0.014548, 0.0195496, 0.0195496,buy
2018-09-14,0.66,0.5,0.52,0,0.55,1.53,1.91,0,-0.027030,-0.0170107,-0.001887,-0.0121231,-0.0209058,sell
2018-09-15,0.89,0.69,0.55,0,0.63,2.04,1.5,0,-0.040547,-0.0164420, 0.006677, 0.0070070, 0.0066775,sell
2018-09-16,1.01,0.17,0.59,0,0.71,1.8,1.38,0, 0.032137, 0.0383437, 0.017170, 0.0171696, 0.0171696,buy
2018-09-17,0.57,0,0.63,0,0.76,0.96,0.91,0,-0.036033,-0.0523626,-0.057899,-0.0578991,-0.0578991,sell
2018-09-18,0.42,0,0.67,0,0.83,0.57,0.6,0,-0.026705, 0.0191603, 0.013305, 0.0008900, 0.0053658,buy
2018-09-19,0.4,0,0.72,0,0.94,0.41,0.37,0,-0.028398,-0.0170480, 0.047706, 0.0079391,-0.0089084,buy
2018-09-20,0.39,0,0.76,0,1.08,0.33,0.3,0, 0.040109, 0.0583679, 0.079387, 0.0536125, 0.0498416,buy
2018-09-21,0.37,0,0.82,0,1.26,0.27,0.25,0, 0.038259, 0.0604379, 0.079082, 0.0380217, 0.0530478,buy
2018-09-22,0.35,0,1.45,0,1.24,0.11,0.5,0,-0.002394, 0.0089232, 0.025186,-0.0083618, 0.0093782,buy
2018-09-23,0.34,0,1.81,0,1.04,0.15,1.13,0,-0.017963,-0.0161198,-0.007381,-0.0286172,-0.0159968,sell
2018-09-24,0.33,0,1.7,0,0.89,0.21,0.99,0,-0.042300,-0.0295565,-0.026705,-0.0375580,-0.0388967,sell
2018-09-25,0.31,0,1.41,0,0.81,0.47,1.01,0,-0.030852,-0.0308520, 0.000487,-0.0373152,-0.0185840,sell
2018-09-26,0.3,0,1.04,0,0.83,0.31,0.8,0, 0.000867, 0.0314726, 0.002545, 0.0013658, 0.0319836,buy
2018-09-27,0.28,0,0.78,0,0.89,0.16,0.35,0, 0.044137, 0.0352031, 0.051078, 0.0449942, 0.0371334,buy
2018-09-28,0.27,0,0.72,0,0.7,0.21,0.17,0,-0.008624,-0.0193337,-0.002501,-0.0130322,-0.0215465,sell
2018-09-29,0.26,0,1.25,0,0.5,0.42,0.04,0, 0.008766, 0.0087661, 0.012037, 0.0158789, 0.0114123,buy
2018-09-30,0.26,0,1.78,0,0.42,0.48,0,0,-0.043803,-0.0288290,-0.049683,-0.0342689,-0.0344059,sell
2018-10-01,0.24,0,1.08,0,0.39,0.26,0,0, 0.026732, 0.0266358, 0.001881, 0.0518152, 0.0266358,buy
2018-10-02,0.23,0,0.52,0,0.39,0.13,0,0,-0.046177,-0.0376695,-0.032448,-0.0446895,-0.0515703,sell
2018-10-03,0.22,0,0.48,0,0.63,0.06,0,0,-0.001538, 0.0092184, 0.008522,-0.0022819, 0.0037082,buy
2018-10-04,0.21,0,0.44,0,0.75,0,0,0, 0.002512, 0.0096964, 0.007517, 0.0033693, 0.0082731,buy
2018-10-05,0.2,0,0.67,0,0.66,0,0,0,-0.017692,-0.0264784,-0.023981,-0.0175489,-0.0264784,sell
2018-10-06,0.19,0,1.02,0,0.38,0,0,0, 0.028046, 0.0259702, 0.011772, 0.0400893, 0.0259702,buy
2018-10-07,0.18,0,1.53,0,0.13,0,0,0,-0.042427,-0.0016411,-0.041046,-0.0387159,-0.0378186,sell
2018-10-08,0.17,0.61,1.4,0,0.03,0,0,0,-0.001664, 0.0210623, 0.002297,-0.0129085, 0.0293074,buy
2018-10-09,0.17,1.38,1.21,0,0.03,0,0,0, 0.010868, 0.0302511, 0.080880, 0.0626930, 0.0374392,buy
2018-10-10,0.16,0.74,0.61,0,0.03,0,0.21,0, 0.000642, 0.0161061, 0.004652, 0.0046672, 0.0187731,buy
2018-10-11,0.15,0,0.23,0,0.03,0,0.72,0,-0.058646,-0.0580714,-0.041894,-0.0531497, 0.0067715,sell
2018-10-12,0.14,0,0.21,0,0.02,0,1.18,0,-0.014737, 0.0027870,-0.021732,-0.0103290, 0.0293501,sell
2018-10-13,0.14,0,0.19,0,0.15,0.08,0.66,0,-0.033904,-0.0324335,-0.020424,-0.0503124, 0.0079634,sell
2018-10-14,0.13,0,0.17,0,0.22,0.13,0.47,0,-0.022042,-0.0220416,-0.016096,-0.0286281,-0.0147968,sell
2018-10-15,0.13,0,0,0,0.37,0.21,0.42,0, 0.020742, 0.0266176, 0.020559,-0.0186304, 0.0256586,buy
2018-10-16,0.13,0,0,0,0.6,0.33,0.41,0,-0.003347, 0.0315851, 0.019253,-0.0048759, 0.0024475,buy
2018-10-17,0.29,0,0,0,0.95,0.54,0.24,0,-0.017221, 0.0114234,-0.012992,-0.0081593, 0.0010586,sell
2018-10-18,0.86,0.41,0,0,1.52,0.79,0.1,0, 0.016713, 0.0113645,-0.008909, 0.0065855,-0.0131790,sell
2018-10-19,1.47,0.69,0,0,1.48,0.71,0.11,0, 0.011887,-0.0004121,-0.000326, 0.0072574, 0.0118871,buy
2018-10-20,0.78,0.66,0.17,0,0.89,0.54,0.2,0, 0.017780, 0.0090148, 0.013599,-0.0032074, 0.0089645,buy
2018-10-21,0.32,0.88,0.42,0,0.55,0.6,0.45,0,-0.008679,-0.0141174,-0.009914,-0.0066688,-0.0098888,sell
2018-10-22,0.16,1.39,0.59,0,0.42,1.27,1,0, 0.007407, 0.0048353, 0.010891, 0.0039774, 0.0048353,buy
2018-10-23,0.18,0.87,0.33,0,0.37,1.5,1.23,0, 0.043771, 0.0378662,-0.007624, 0.0150207, 0.0002093,buy
2018-10-24,0.21,0.35,0.13,0,0.52,0.68,1.33,0, 0.020939, 0.0362466,-0.001132, 0.0384047, 0.0333512,buy
2018-10-25,0.24,0,0,0,0.54,0.43,1.03,0,-0.024078,-0.0128858,-0.033170,-0.0269326,-0.0240783,sell
2018-10-26,0.29,0,0,0,0.47,0.45,0.89,0,-0.005177, 0.0005915, 0.009128,-0.0021035,-0.0097991,sell
2018-10-27,0.39,0,0,0,0.55,0.68,1.23,0,-0.022818,-0.0223337,-0.014394,-0.0242054,-0.0228176,sell
2018-10-28,0.59,0,0,0,0.52,1.07,1.26,0, 0.000675, 0.0124693, 0.006833, 0.0016358, 0.0074899,buy
2018-10-29,1.23,0,0.11,0,0.32,1.33,0.54,0,-0.006644,-0.0435004,-0.028092,-0.0280924,-0.0298272,sell
2018-10-30,1.63,0.57,0.47,0,0.34,1.15,0.24,0, 0.008813, 0.0026933, 0.012101, 0.0155165, 0.0037356,buy
2018-10-31,1.84,0.79,0.87,0,0.43,0.92,0.11,0, 0.019159, 0.0062059, 0.021874, 0.0236983, 0.0131218,buy
2018-11-01,1.71,1.13,0.72,0,0.4,0.87,0,0, 0.007671,-0.0200009, 0.000955, 0.0072522, 0.0006487,sell
2018-11-02,1.14,1.63,0.71,0,0.6,0.81,0,0,-0.011025,-0.0158574,-0.017842,-0.0281805,-0.0199078,sell
2018-11-03,1.07,1.79,0.82,0,0.87,0.92,0,0, 0.007286,-0.0115516, 0.001398, 0.0107763, 0.0043556,buy
2018-11-04,1.19,1.5,0.82,0,1.16,0.59,0,0, 0.027569, 0.0008090, 0.027569, 0.0412639, 0.0327805,buy
2018-11-05,1.8,1.6,0.72,0,0.83,0.19,0,0, 0.010566, 0.0175619, 0.026061, 0.0169483, 0.0175619,buy
2018-11-06,2.16,1.36,0.71,0,0.36,0.06,0,0,-0.022355, 0.0081422, 0.031430, 0.0135456, 0.0304362,buy
2018-11-07,1.57,0.87,0.75,0,0.17,0,0,0, 0.000900, 0.0109443, 0.019456, 0.0037733, 0.0295668,buy
2018-11-08,1.27,0.33,0.74,0,0.06,0.06,0.05,0, 0.026164, 0.0391644, 0.048450, 0.0359410, 0.0346439,buy
2018-11-09,1.24,0.35,0.62,0,0.11,0.16,0.16,0, 0.007313, 0.0226044, 0.030182, 0.0080534, 0.0094469,buy
2018-11-10,1.11,0.36,0.41,0,0.19,0.47,0.41,0, 0.016248, 0.0237213, 0.023572, 0.0070715, 0.0169123,buy
2018-11-11,0.92,0.37,0.32,0,0.33,0.62,0.73,0, 0.001916, 0.0024581, 0.004467,-0.0155872,-0.0143215,sell
2018-11-12,0.77,0.39,0.37,0,0.59,0.95,0.71,0,-0.021424,-0.0645083,-0.020902,-0.0214307,-0.0302068,sell
2018-11-13,0.65,0.54,0.42,0,0.6,1.33,0.69,0,-0.006412,-0.0319862,-0.020696,-0.0295891,-0.0225639,sell
2018-11-14,0.52,0.76,0.56,0,0.38,0.94,0.89,0,-0.110034,-0.1104136,-0.110414,-0.1117139,-0.1002668,sell
2018-11-15,0.47,0.87,0.84,0,0.3,0.45,0.91,0,-0.048291,-0.0482907,-0.040967,-0.0482907,-0.0568197,sell
2018-11-16,0.43,0.95,0.79,0,0.36,0.24,0.62,0,-0.064393,-0.0643935,-0.073517,-0.0471500,-0.0651990,sell
2018-11-17,0.48,0.97,0.38,0,0.53,0.09,0.35,0, 0.051427, 0.0153982, 0.015398, 0.0153982, 0.0082967,buy
2018-11-18,0.59,0.98,0.21,0,0.37,0.2,0.21,0, 0.036902, 0.0408511, 0.003367, 0.0248227, 0.0072950,buy
2018-11-19,0.96,0.93,0.11,0,0.16,0.29,0.12,0,-0.070163, 0.0064809,-0.078077,-0.0765418,-0.0795751,sell
2018-11-20,1.43,0.84,0.27,0,0.07,0.48,0.05,0,-0.068088,-0.0508349,-0.065652,-0.0796847,-0.0720096,sell
2018-11-21,1.57,0.58,0.6,0,0.03,0.83,0,0,-0.024399,-0.0140509, 0.025352,-0.0288545,-0.0323817,sell
2018-11-22,1.44,0.61,0.62,0,0,1.45,0.11,0,-0.090588,-0.0906031,-0.009747,-0.0906031,-0.0937265,sell
2018-11-23,0.9,0.63,0.33,0,0.11,1.36,0.17,0,-0.040120,-0.0443888,-0.044389,-0.0451940,-0.0364498,sell
2018-11-24,0.7,0.66,0.18,0,0.39,0.93,0.28,0,-0.091541,-0.0525531,-0.091541,-0.0653649,-0.0661412,sell
2018-11-25,0.6,0.99,0.24,0,1.15,0.95,0.45,0,-0.035805, 0.0400460, 0.013994, 0.0236311,-0.0242353,sell
2018-11-26,0.57,1.15,0.34,0,1.2,1.43,0.72,0,-0.059634,-0.0208296, 0.021379,-0.0383610,-0.0585022,sell
2018-11-27,0.51,1.35,0.48,0,0.63,1.78,1.11,0, 0.039944,-0.0302216, 0.014474, 0.0225091, 0.0071314,buy
2018-11-28,0.47,1.67,0.6,0,0.63,1.36,1.07,0, 0.018908,-0.0791348, 0.007378, 0.0029542, 0.0146339,buy
2018-11-29,0.54,2.14,0.49,0,1.3,0.88,0.7,0,-0.039511,-0.0391921,-0.046213,-0.0616928,-0.0458806,sell
2018-11-30,0.73,2.29,0.5,0,1.47,0.59,0.53,0,-0.033041,-0.0178851,-0.044923, 0.0038498,-0.0449231,sell
2018-12-01,1.15,1.91,0.63,0,1,0.47,0.54,0, 0.024304, 0.0080609, 0.012839,-0.0257941,-0.0007972,buy
2018-12-02,1.55,1.6,0.72,0,0.64,0.39,0.33,0,-0.019554,-0.0159406,-0.024157,-0.0417607,-0.0433500,sell
2018-12-03,1.53,1.42,0.41,0,0.34,0.4,0.15,0,-0.077771,-0.0103942,-0.054522,-0.0479593,-0.0545215,sell
2018-12-04,1.38,1.97,0.24,0,0.19,0.41,0.02,0, 0.010452, 0.0241601, 0.007761, 0.0196500, 0.0142557,buy
2018-12-05,1.11,2.67,0.16,0,0.16,0.47,0,0,-0.057295,-0.0319618,-0.086518,-0.0319618,-0.0319618,sell
2018-12-06,0.97,3.24,0.13,0,0.14,0.73,0,0,-0.128686,-0.1156397,-0.128837,-0.1286856,-0.1280085,sell
2018-12-07,1.02,2.82,0.14,0,0.16,1.09,0,0,-0.098965,-0.0817331,-0.104685,-0.1038007,-0.0989651,sell
2018-12-08,1.21,2.34,0.18,0,0.2,1.09,0,0,-0.046600,-0.0239413,-0.048492,-0.0676087,-0.0484920,sell
2018-12-09,1.51,1.79,0.27,0,0.31,0.81,0,0, 0.001289,-0.0025225,-0.002576, 0.0468811, 0.0032348,buy
2018-12-10,1.71,1.57,0.44,0,0.45,0.72,0,0,-0.076519,-0.0627393,-0.080618,-0.0352486,-0.0806184,sell
2018-12-11,1.58,1.29,0.59,0,0.77,0.77,0,0,-0.014580,-0.0211606,-0.035956,-0.0073941,-0.0129187,sell
2018-12-12,1.07,1.22,0.43,0,0.89,0.75,0.18,0, 0.011600,-0.0244051,-0.008909,-0.0320381,-0.0323100,sell
2018-12-13,0.75,1.15,0.22,0,0.74,0.65,0.32,0,-0.029442,-0.0372654,-0.037769,-0.0520221,-0.0525706,sell
2018-12-14,0.57,1.09,0,0,0.75,0.65,0.56,0,-0.030303,-0.0219467,-0.062624,-0.0277269,-0.0424368,sell
2018-12-15,0.45,1.03,0,0,0.68,0.76,1.01,0, 0.030237, 0.0304751,-0.016601, 0.0208757, 0.0239246,buy
2018-12-16,0.47,0.97,0,0,0.55,0.92,1.57,0, 0.066428, 0.0664284, 0.057105, 0.0070794, 0.0664284,buy
2018-12-17,0.56,0.92,0,0,0.51,1.22,1.46,0, 0.063444, 0.0623785, 0.061407,-0.0301406, 0.0623785,buy
2018-12-18,0.84,1.07,0.23,0,0.5,1.19,0.88,0,-0.003112,-0.0161127,-0.017897,-0.0407224,-0.0125908,sell
2018-12-19,1.29,1.24,0.59,0,0.61,0.75,0.54,0, 0.061836, 0.0607907, 0.061836, 0.0202963, 0.0371904,buy
2018-12-20,2.06,1.46,0.71,0,0.78,0.59,0.43,0, 0.001264,-0.0209219, 0.002198,-0.0200247,-0.0185981,sell
2018-12-21,2.53,1.25,0.32,0,1.3,0.5,0.35,0,-0.008998,-0.0272798, 0.056723, 0.0567226, 0.0567226,buy
2018-12-22,1.99,1.09,0.12,0,1.58,0.53,0.25,0, 0.009937,-0.0482897, 0.021572, 0.0334475, 0.0334475,buy
2018-12-23,1.3,1.44,0,0,1.12,0.62,0.1,0,-0.001120, 0.0130270,-0.031526, 0.0030042, 0.0001739,sell
2018-12-24,1,2.13,0,0,0.91,0.8,0.05,0, 0.040031, 0.0314844,-0.039579, 0.0271945,-0.0418885,sell
2018-12-25,0.91,1.48,0,0,0.9,0.86,0.07,0,-0.014284,-0.0210033,-0.063284,-0.0399236,-0.0582574,sell
2018-12-26,0.89,0.69,0,0,1.06,0.71,0.12,0,-0.003920, 0.0218803,-0.001423, 0.0502330,-0.0099261,sell
2018-12-27,1.09,0.66,0,0,1.36,0.6,0.26,0,-0.046136,-0.0418811,-0.014924, 0.0049733,-0.0461362,sell
2018-12-28,1.38,0.67,0,0,1.79,0.56,0.65,0,-0.040934, 0.0159304, 0.017768, 0.0298978,-0.0409343,sell
2018-12-29,1.22,0.69,0,0,2.41,0.53,0.62,0,-0.034398,-0.0065704,-0.010187,-0.0019205,-0.0341960,sell
2018-12-30,0.85,0.73,0,0,2.16,0.46,0.34,0,-0.018924, 0.0020583,-0.000480, 0.0108465,-0.0197961,sell
2018-12-31,0.64,0.93,0,0,1.56,0.48,0.22,0,-0.027173,-0.0271726,-0.019750, 0.0019143,-0.0271726,sell
2019-01-01,0.52,1.03,0,0,1.26,0.55,0.29,0, 0.005765, 0.0207814,-0.003361, 0.0339110, 0.0030476,buy
2019-01-02,0.72,1.19,0.38,0,1.19,0.76,0.41,0,-0.015295,-0.0122019,-0.033995,-0.0184994,-0.0200499,sell
2019-01-03,1.36,1.39,0.7,0,1.05,1.29,0.8,0,-0.070271,-0.0762928,-0.028471,-0.0575287,-0.0765680,sell
2019-01-04,2.22,1.41,0.54,0,0.78,1.6,1.57,0, 0.011719, 0.0190278, 0.004962, 0.0208744, 0.0208744,buy
2019-01-05,2.03,1.3,0.52,0,0.66,1.13,1.39,0, 0.013894, 0.0196093, 0.025344, 0.0196093, 0.0196093,buy
2019-01-06,1.21,1.2,0.59,0,0.6,0.86,0.71,0, 0.069401, 0.0694296, 0.080165, 0.0223331, 0.0549784,buy
2019-01-07,0.62,1.16,0.26,0,0.57,0.58,0.43,0,-0.041593,-0.0415930,-0.049389,-0.0534047,-0.0525306,sell
2019-01-08,0.36,0.93,0.11,0,0.63,0.29,0.25,0,-0.000104,-0.0071934,-0.023749,-0.0068241,-0.0132819,sell
2019-01-09,0.24,0.97,0,0,0.6,0.3,0.27,0,-0.014245, 0.0166926,-0.056431,-0.0134202,-0.0142453,sell
2019-01-10,0.23,0.9,0,0,0.49,0.47,0.29,0,-0.061577, 0.0152812,-0.065927,-0.0556161,-0.0498627,sell
2019-01-11,0.21,0.75,0,0,0.4,0.84,0.32,0,-0.043453,-0.0198430,-0.026332,-0.0115233,-0.0036789,sell
2019-01-12,0.2,0.48,0,0,0.4,1.06,0.51,0,-0.033560,-0.0369618,-0.022877,-0.0203758,-0.0172244,sell
2019-01-13,0.18,0.41,0,0,0.46,0.93,1.04,0,-0.035437,-0.0365595,-0.024240,-0.0365595,-0.0117132,sell
2019-01-14,0.17,0.42,0,0,0.62,0.54,1.89,0, 0.080350, 0.0653793, 0.073717, 0.0653357, 0.0545230,buy
2019-01-15,0.16,0.39,0,0,0.46,0.29,1.35,0, 0.009180, 0.0286971, 0.016528, 0.0349607, 0.0000713,buy
2019-01-16,0.14,0.56,0,0,0.29,0.34,1.06,0, 0.045882, 0.0350958, 0.014986, 0.0413869, 0.0405831,buy
2019-01-17,0.13,0.89,0,0,0.32,0.49,1.2,0, 0.017084, 0.0149506, 0.012981, 0.0201387, 0.0201387,buy
2019-01-18,0.12,1.45,0,0,0.66,0.96,1.53,0,-0.032253,-0.0401257,-0.024560, 0.0217267,-0.0245604,sell
2019-01-19,0.14,1.45,0,0,1.24,1.97,1.48,0,-0.034562,-0.0148579, 0.002209, 0.0106398,-0.0097799,sell
2019-01-20,0.16,1.42,0,0,1.77,2.12,1.05,0, 0.025719, 0.0064345, 0.036455, 0.0161225, 0.0086987,buy
2019-01-21,0.18,0.78,0,0,1.6,1.33,1.02,0,-0.000572,-0.0053298,-0.003920, 0.0068926,-0.0044462,sell
2019-01-22,0.21,0.43,0,0,1.62,1.09,1.29,0, 0.017894, 0.0032231, 0.017894, 0.0285836, 0.0285836,buy
2019-01-23,0.27,0.22,0,0,1.29,1.89,1.9,0, 0.016794, 0.0243604, 0.018525, 0.0235610,-0.0072853,buy
2019-01-24,0.38,0.16,0,0,0.76,2.34,1.57,0, 0.070287, 0.0406833, 0.028134, 0.0424738, 0.0175419,buy
2019-01-25,0.49,0.12,0,0,0.57,1.23,1.13,0, 0.003417, 0.0023514, 0.017963, 0.0035194, 0.0172871,buy
2019-01-26,0.44,0.09,0,0,0.6,0.59,1.05,0,-0.026574,-0.0045989,-0.018090,-0.0253270,-0.0043525,sell
2019-01-27,0.3,0,0,0,0.68,0.55,1.08,0,-0.029272,-0.0254564,-0.032953,-0.0284788,-0.0292719,sell
2019-01-28,0.22,0,0,0,0.37,0.65,1.16,0,-0.025451,-0.0396135,-0.023577,-0.0429436,-0.0298540,sell
2019-01-29,0.15,0,0.16,0,0.19,0.78,1.25,0, 0.001672,-0.0107299, 0.000332, 0.0007809,-0.0075358,sell
2019-01-30,0.06,0,0.46,0,0.13,0.81,1.34,0, 0.014922, 0.0100320, 0.009791, 0.0235426, 0.0043453,buy
2019-01-31,0.13,0,0.71,0,0.49,1.1,1.4,0, 0.041311, 0.0147717, 0.019780, 0.0396539, 0.0416606,buy
2019-02-01,0.25,0,0.38,0,2.23,1.72,1.39,0, 0.030264, 0.0046147, 0.012399, 0.0355316, 0.0122062,buy
2019-02-02,0.68,0,0.13,0,2.9,1.67,1.43,0,-0.008881,-0.0101308,-0.009982,-0.0070255,-0.0099816,sell
2019-02-03,0.69,0,0,0,2.27,1.51,1.7,0,-0.000935,-0.0042890,-0.000928, 0.0107949,-0.0009278,sell
2019-02-04,0.26,0,0,0,2.39,1.01,1.7,0, 0.008874, 0.0051118, 0.005112, 0.0221689, 0.0051828,buy
2019-02-05,0.1,0,0,0,1.78,0.68,1.5,0, 0.011526, 0.0194896, 0.029602, 0.0197163,-0.0100378,buy
2019-02-06,0,0,0.13,0,1.17,0.51,1.42,0,-0.017866,-0.0006685,-0.017267,-0.0150523,-0.0132886,sell
2019-02-07,0,0,0.68,0,0.72,0.38,1.45,0, 0.042621, 0.0426211, 0.034485, 0.0239059, 0.0305403,buy
2019-02-08,0,0,0.71,0,0.44,0.33,1.5,0, 0.055119, 0.0547471, 0.054986, 0.0336841, 0.0425227,buy
2019-02-09,0,0,0.14,0,0.81,0.54,1.74,0,-0.019296,-0.0175392,-0.019236,-0.0192357,-0.0192357,sell
2019-02-10,0,0,0,0,1.26,1.58,1.52,0, 0.075728, 0.0507681, 0.077907, 0.0638307, 0.0840121,buy
2019-02-11,0,0,0,0,0.89,1.75,0.89,0, 0.015629,-0.0081403, 0.023801, 0.0476112,-0.0194639,buy
2019-02-12,0,0,0.22,0,0.57,1.04,0.67,0, 0.037771, 0.0377709, 0.037770, 0.0377709, 0.0317620,buy
2019-02-13,0,0,0.56,0,0.7,1.38,0.63,0, 0.012655, 0.0132347, 0.013235, 0.0394747, 0.0430092,buy
2019-02-14,0,0,0.71,0,0.71,2.28,0.72,0,-0.063427,-0.0502271,-0.038281,-0.0791955,-0.0678967,sell
2019-02-15,0,0.68,0.35,0,0.51,1.95,0.99,0, 0.009618, 0.0278750, 0.017227, 0.0323374,-0.0006744,buy
2019-02-16,0,0.83,0.13,0,0.41,1.18,1.68,0,-0.012724, 0.0058160,-0.002201, 0.0506301,-0.0085126,sell
2019-02-17,0,0.2,0,0,0.48,1.07,2.43,0,-0.026597,-0.0110072,-0.047559,-0.0340563,-0.0218640,sell
2019-02-18,0,0,0,0,0.77,1.43,2.18,0, 0.027666, 0.0372863, 0.000026, 0.0601544, 0.0392417,buy
2019-02-19,0,0.07,0,0,0.77,1.24,2.08,0, 0.029970, 0.0119799,-0.012274, 0.0420361, 0.0377149,buy
2019-02-20,0,0.11,0,0,0.52,1.45,1.87,0,-0.049294,-0.0417759,-0.049518,-0.0530871,-0.0530871,sell
2019-02-21,0,0.18,0,0,0.59,1.35,0.99,0,-0.015693,-0.0212753,-0.030281, 0.0005443,-0.0156930,sell
2019-02-22,0,0.3,0,0,0.58,0.76,0.85,0, 0.023104, 0.0185325, 0.016751, 0.0169001, 0.0231044,buy
2019-02-23,0.13,0.42,0,0,0.34,0.71,1.09,0, 0.006455, 0.0129864, 0.004063, 0.0043489, 0.0058083,buy
2019-02-24,0.43,0.36,0.08,0,0.27,0.82,0.93,0,-0.047880,-0.0373951,-0.045345,-0.0440221,-0.0376497,sell
2019-02-25,0.83,0.22,0.12,0,0.22,0.83,0.65,0,-0.015826,-0.0150886,-0.015089,-0.0354355,-0.0481240,sell
2019-02-26,0.53,0.35,0.18,0,0.24,0.89,0.55,0,-0.014015, 0.0004972,-0.014182,-0.0190033,-0.0205220,sell
2019-02-27,0.2,0.65,0.27,0,0.33,0.78,0.54,0,-0.046321,-0.0352758,-0.019776,-0.0299475,-0.0732099,sell
2019-02-28,0.08,0.83,0.36,0,0.4,0.78,0.61,0,-0.004787,-0.0055664, 0.003260,-0.0073533,-0.0184465,sell
2019-03-01,0,0.47,0.32,0,0.5,1.15,0.9,0,-0.019623,-0.0269152,-0.042684,-0.0121017,-0.0439839,sell
2019-03-02,0,0.18,0.21,0,0.63,1.77,1.03,0,-0.023913,-0.0274468,-0.028517, 0.0262331,-0.0331613,sell
2019-03-03,0,0,0.14,0,0.75,1.22,0.62,0,-0.007085,-0.0434493,-0.018189,-0.0035884,-0.0175384,sell
2019-03-04,0,0,0.22,0,0.83,0.76,0.37,0,-0.057081,-0.0477677,-0.051212,-0.0710194,-0.0379115,sell
2019-03-05,0,0,0.21,0,0.88,1.05,0.36,0,-0.010327, 0.0141583, 0.013610, 0.0111988, 0.0196951,buy
2019-03-06,0,0,0.17,0,0.9,0.98,0.58,0,-0.023356,-0.0430084,-0.022179,-0.0356123,-0.0316931,sell
2019-03-07,0,0,0.2,0,0.86,0.92,0.92,0, 0.004090, 0.0115557, 0.016609, 0.0119462,-0.0039970,buy
2019-03-08,0,0,0.23,0,0.76,0.98,1.66,0,-0.007604,-0.0137992,-0.005900,-0.0180699,-0.0156105,sell
2019-03-09,0.11,0,0.26,0,0.64,0.9,2.39,0, 0.023693, 0.0217754, 0.004881, 0.0194473, 0.0115709,buy
2019-03-10,0.18,0,0.29,0,0.53,0.95,2.57,0, 0.006941, 0.0034975, 0.008093, 0.0063986, 0.0124032,buy
2019-03-11,0.37,0,0.33,0,0.45,0.9,2.24,0, 0.015840, 0.0157601, 0.018918, 0.0157601, 0.0205407,buy
2019-03-12,0.8,0,0.38,0,0.44,0.64,1.63,0, 0.012618, 0.0130046, 0.021037, 0.0210371,-0.0016456,buy
2019-03-13,1.55,0,0.43,0,0.57,0.41,1.35,0, 0.015755, 0.0162581, 0.012767,-0.0004423,-0.0173123,buy
2019-03-14,2.44,0,0.48,0,0.97,0.57,1.07,0,-0.002136,-0.0117995,-0.002648,-0.0312272,-0.0066902,sell
2019-03-15,2.27,0,0.54,0,1.66,0.86,0.9,0, 0.008497, 0.0084971, 0.021788, 0.0084971, 0.0084971,buy
2019-03-16,1.39,0,0.61,0,1.51,0.48,0.91,0, 0.014244, 0.0169606, 0.003484, 0.0136614, 0.0157995,buy
2019-03-17,0.78,0,0.68,0,1.57,0.17,0.91,0,-0.019496,-0.0227943,-0.021900,-0.0185702,-0.0128724,sell
2019-03-18,0.53,0,0.8,0,1.45,0.06,1,0,-0.032344,-0.0309987,-0.032742,-0.0333557,-0.0392010,sell
2019-03-19,0.57,0,0.97,0,1.13,0,1.54,0, 0.009477, 0.0094768,-0.000572,-0.0098202, 0.0094768,buy
2019-03-20,0.56,0,1.33,0,1.34,0,2.38,0, 0.011474, 0.0127988, 0.000669,-0.0022997,-0.0029294,buy
2019-03-21,0.42,0,1.62,0,1.48,0.09,2.5,0, 0.005580, 0.0057871, 0.006968,-0.0086118,-0.0169748,sell
2019-03-22,0.23,0,1.16,0,1,0.15,1.65,0, 0.013780, 0.0113663, 0.013653, 0.0208936, 0.0165188,buy
2019-03-23,0.13,0,0.64,0,0.56,0.25,1.01,0, 0.014155, 0.0117034, 0.014637, 0.0192716, 0.0117034,buy
2019-03-24,0.07,0,0.52,0,0.34,0.38,0.69,0, 0.017357, 0.0127958, 0.012796, 0.0503840, 0.0125748,buy
2019-03-25,0.04,0,0.43,0,0.23,0.53,0.61,0,-0.000678,-0.0091290,-0.006123, 0.0250318, 0.0014423,sell
2019-03-26,0,0,0.34,0,0.3,0.66,0.62,0,-0.008669, 0.0097443,-0.006417, 0.0107161, 0.0206647,sell
2019-03-27,0,0,0.31,0,0.49,0.77,0.95,0, 0.027908, 0.0279077, 0.023434, 0.0303610, 0.0199353,buy
2019-03-28,0,0,0.28,0,0.83,0.99,0.75,0, 0.042610, 0.0298081, 0.049673, 0.0413345, 0.0261226,buy
2019-03-29,0,0,0.26,0,0.7,1.34,0.4,0, 0.006203, 0.0228129, 0.027312,-0.0034954, 0.0073238,buy
2019-03-30,0,0,0.24,0,0.49,2.07,0.34,0, 0.018777, 0.0326594, 0.034048, 0.0201734, 0.0201734,buy
2019-03-31,0,0.2,0.22,0,0.51,1.87,0.32,0, 0.015934, 0.0490847, 0.047101, 0.0405438, 0.0405438,buy
2019-04-01,0.06,0.61,0.21,0,0.66,1.32,0.47,0, 0.068993, 0.0715297, 0.079646, 0.0399798, 0.0708609,buy
2019-04-02,0.14,0.84,0.19,0,0.75,1.21,0.66,0, 0.048806, 0.0476968, 0.048806,-0.0234321, 0.0796590,buy
2019-04-03,0.33,0.36,0.18,0,0.58,0.7,0.96,0,-0.001621,-0.0001302, 0.022255,-0.0016215, 0.0054072,buy
2019-04-04,0.42,0.21,0.17,0,0.55,0.35,1.13,0, 0.027267, 0.0081687, 0.029211, 0.0367870, 0.0251349,buy
2019-04-05,0.23,0.36,0.16,0,0.65,0.18,1.06,0, 0.015764,-0.0273752, 0.007701,-0.0019576, 0.0077014,buy
2019-04-06,0.16,0.62,0.15,0,1.09,0.08,1.26,0, 0.016338,-0.0037074,-0.009777,-0.0100595,-0.0011143,sell
2019-04-07,0.2,1.09,0.14,0,1.44,0.25,1.46,0, 0.048453, 0.0056631, 0.038586, 0.0385859, 0.0508467,buy
2019-04-08,0.34,1.12,0.13,0,0.97,0.58,1.07,0,-0.013192,-0.0562598,-0.025824, 0.0336925,-0.0237149,sell
2019-04-09,0.77,0.77,0.12,0,0.57,1.21,0.8,0,-0.004857, 0.0031785,-0.006558,-0.0048574, 0.0182789,sell
2019-04-10,0.83,0.59,0,0,0.41,1.41,1.05,0,-0.043317,-0.0419372,-0.028187,-0.0439456,-0.0314826,sell
2019-04-11,0.48,0.61,0,0,0.28,1.18,1.27,0,-0.056817,-0.0462087,-0.084778,-0.0544528,-0.0651091,sell
2019-04-12,0.47,0.56,0,0,0.3,0.68,1.51,0,-0.034361,-0.0119891,-0.012699,-0.0205756,-0.0211437,sell
2019-04-13,0.93,0.43,0,0,0.31,0.32,1.16,0, 0.027938, 0.0319736, 0.039316, 0.0398872, 0.0296593,buy
2019-04-14,1.24,0.24,0,0,0.33,0.17,0.92,0, 0.045492, 0.0347644, 0.061466, 0.0422760, 0.0539371,buy
2019-04-15,0.61,0.14,0,0,0.36,0.09,0.77,0,-0.044722,-0.0338703,-0.024807,-0.0400161,-0.0343306,sell
2019-04-16,0.23,0,0,0,0.44,0,0.31,0, 0.019370, 0.0476361, 0.039319, 0.0287463, 0.0154281,buy
2019-04-17,0.05,0.12,0,0,0.6,0,0.19,0,-0.011257, 0.0341183, 0.008953, 0.0088860,-0.0018381,buy
2019-04-18,0,0.31,0,0,0.96,0,0.12,0,-0.006776,-0.0180065,-0.001172, 0.0244383, 0.0244383,sell
2019-04-19,0,0.42,0,0,1.09,0,0.12,0, 0.010346, 0.0114790, 0.026926, 0.0030459,-0.0089701,buy
2019-04-20,0,0.22,0,0,0.93,0.23,0.12,0, 0.049714, 0.0497140, 0.045702, 0.0345190,-0.0159741,buy
2019-04-21,0,0.09,0,0,1.11,0.54,0.13,0,-0.028887, 0.0156808,-0.004510,-0.0147006,-0.0168883,sell
2019-04-22,0,0,0,0,1.48,1.33,0.13,0,-0.030080,-0.0201911,-0.030080,-0.0182022,-0.0314478,sell
2019-04-23,0,0,0,0,1.56,1.73,0.13,0,-0.034687,-0.0279975,-0.041833,-0.0287386,-0.0583003,sell
2019-04-24,0,0,0,0,1.29,1.08,0.13,0,-0.045331,-0.0086572,-0.029178,-0.0304071,-0.0160810,sell
2019-04-25,0.12,0,0,0,0.84,0.76,0.14,0,-0.095126,-0.0484695,-0.079381,-0.0560166, 0.0006861,sell
2019-04-26,0.41,0,0,0,0.57,0.82,0.14,0, 0.061934, 0.0619340, 0.054647, 0.0503765, 0.0566470,buy
2019-04-27,0.34,0.11,0,0,0.56,0.79,0.14,0, 0.031470, 0.0314699, 0.034402, 0.0436289, 0.0436289,buy
2019-04-28,0.11,0.27,0.22,0,0.81,0.56,0.14,0,-0.050143,-0.0350884,-0.039596,-0.0435768,-0.0246749,sell
2019-04-29,0.1,0.42,0.39,0,1.74,0.33,0.15,0,-0.025701,-0.0248496,-0.032349,-0.0191163,-0.0086073,sell
2019-04-30,0.33,0.25,0.7,0,1.64,0.19,0.15,0,-0.029826,-0.0254311,-0.074669,-0.0298258, 0.0111128,sell
2019-05-01,0.48,0.1,1.06,0,1.16,0.11,0.15,0, 0.049557, 0.0248891, 0.038844, 0.0391134, 0.0495569,buy
2019-05-02,0.45,0,1.14,0,1.16,0.07,0.16,0, 0.034407, 0.0073807, 0.044663, 0.0253420, 0.0344071,buy
2019-05-03,0.57,0,0.94,0,1.2,0,0.16,0, 0.035522,-0.0193580, 0.001144, 0.0184708, 0.0370254,buy
2019-05-04,0.22,0.29,0.72,0,1.5,0,0.17,0,-0.044059,-0.0467801,-0.076452,-0.0440592, 0.0172070,sell
2019-05-05,0.12,0.41,0.48,0,2.02,0,0.27,0,-0.025661,-0.0210525,-0.031298,-0.0145586,-0.0154845,sell
2019-05-06,0.12,0.1,0.36,0,1.61,0.13,0.41,0,-0.020300,-0.0377776,-0.029266,-0.0198020,-0.0026434,sell
2019-05-07,0.19,0,0.2,0,1.03,0.77,0.71,0,-0.033109,-0.0520441,-0.081375,-0.0512698,-0.0122550,sell
2019-05-08,0.45,0,0.11,0,1.19,1.81,1.47,0, 0.012227,-0.0018000, 0.009053,-0.0093271,-0.0151664,sell
2019-05-09,0.89,0,0,0,1.21,1.22,1.77,0,-0.066054,-0.0627236,-0.041544,-0.0631889,-0.0653543,sell
2019-05-10,1.23,0.53,0,0,0.73,0.91,1.32,0, 0.019441, 0.0194411, 0.054230, 0.0496479, 0.0496479,buy
2019-05-11,1.46,0.77,0.22,0,0.56,0.5,1.33,0, 0.032358, 0.0312812, 0.037600, 0.0312812, 0.0423929,buy
2019-05-12,1.06,0.42,0.52,0,0.51,0.22,0.94,0,-0.088294,-0.0611732,-0.088360,-0.0584098,-0.0821237,sell
2019-05-13,0.96,0.12,0.46,0,0.49,0.1,0.47,0, 0.024889, 0.0332257, 0.027994, 0.0425647,-0.0109357,buy
2019-05-14,0.88,0,0.29,0,0.48,0,0.52,0, 0.028163, 0.0304112, 0.024291, 0.0290662, 0.0009868,buy
2019-05-15,0.64,0,0.11,0,0.53,0.35,1.53,0,-0.002606, 0.0490367, 0.038829, 0.0396757, 0.0122375,buy
2019-05-16,1.51,0,0,0,0.74,1.2,2.4,0, 0.013215,-0.0046917, 0.005009, 0.0329063, 0.0283433,buy
2019-05-17,1.69,0,0.47,0,0.74,1.7,1.4,0,-0.000469,-0.0440321,-0.044175,-0.0466873,-0.0466873,sell
2019-05-18,0.97,0,0.43,0,0.83,1.66,0.5,0, 0.021285, 0.0277924, 0.028814, 0.0192743, 0.0121397,buy
2019-05-19,0.42,0.1,0.13,0,1,0.69,0.46,0, 0.014958,-0.0632605,-0.058664, 0.0432153, 0.0186459,buy
2019-05-20,0.3,0.34,0.14,0,0.73,0.24,0.59,0,-0.026905,-0.0349365,-0.044614,-0.0038118,-0.0340179,sell
2019-05-21,0.33,0.41,0.31,0,0.52,0,0.81,0,-0.030739,-0.0535615,-0.034879,-0.0162312,-0.0138971,sell
2019-05-22,0.35,0.38,0.52,0,0.73,0.2,1.17,0, 0.039508,-0.0195055,-0.006641,-0.0124800,-0.0072078,sell
2019-05-23,0.37,1.09,0.38,0,1.12,1.07,1.68,0, 0.037716, 0.0159265, 0.094534, 0.0477730, 0.0404566,buy
2019-05-24,0.39,1.42,0.17,0,0.87,0.98,1.3,0, 0.087150, 0.0607907, 0.081198, 0.0706839, 0.0783756,buy
2019-05-25,0.42,1.24,0.26,0,1.02,1.05,1.02,0, 0.012751, 0.0582490, 0.028742, 0.0654434, 0.0099334,buy
2019-05-26,0.44,1.25,0.38,0,0.99,1.07,1.21,0, 0.031558, 0.0469791, 0.055338, 0.0541735, 0.0201082,buy
2019-05-27,0.47,1.01,0.56,0,0.75,0.59,1.03,0, 0.013595, 0.0147908, 0.012714, 0.0078498, 0.0090918,buy
2019-05-28,0.5,0.8,0.54,0,0.74,0.24,0.9,0, 0.040012, 0.0338356, 0.010774,-0.0079103, 0.0338356,buy
2019-05-29,0.7,0.75,0.65,0,0.96,0.49,1.34,0, 0.010390, 0.0081241, 0.023309, 0.0442017, 0.0117807,buy
2019-05-30,1.08,0.61,1.32,0,1.31,1.09,2.32,0,-0.044358,-0.0502122,-0.055378,-0.0629891,-0.0477296,sell
2019-05-31,1.74,0.44,1.31,0,0.86,1.11,2.37,0,-0.046608,-0.0566846,-0.046608,-0.0572136,-0.0644451,sell
2019-06-01,1.53,0.32,1.1,0,0.58,1.03,1.41,0,-0.026792,-0.0371727,-0.026792,-0.0180001, 0.0011731,sell
2019-06-02,1.35,0.38,0.57,0,0.52,0.59,0.98,0,-0.063116,-0.0155072,-0.005278,-0.0179018,-0.0028175,sell
2019-06-03,1.34,0.44,0.32,0,0.55,0.43,0.89,0,-0.050172,-0.0303548,-0.007381,-0.0316347,-0.0115869,sell
2019-06-04,0.96,0.51,0.34,0,0.58,0.23,0.79,0,-0.061969,-0.0424225,-0.085013,-0.0340730,-0.0466860,sell
2019-06-05,0.85,0.6,0.36,0,0.64,0.14,0.78,0,-0.048597,-0.0291480,-0.091585,-0.0320749,-0.0447482,sell
2019-06-06,0.83,0.7,0.49,0,0.7,0.09,0.98,0,-0.030100,-0.0069612,-0.052653,-0.0436589,-0.0268949,sell
2019-06-07,0.87,0.69,0.77,0,0.89,0.05,1.45,0, 0.005671, 0.0056714,-0.037666, 0.0146461, 0.0163355,sell
2019-06-08,0.92,0.6,0.93,0,1.19,0.15,1.18,0, 0.000880, 0.0041559,-0.017146, 0.0054622, 0.0306947,buy
2019-06-09,1.09,0.51,1.12,0,1.53,0.26,0.94,0,-0.007399, 0.0169881,-0.004598,-0.0253312, 0.0177145,buy
2019-06-10,1.24,0.65,1.47,0,1.64,0.79,0.9,0, 0.006232, 0.0343349, 0.006232,-0.0208554, 0.0290700,buy
2019-06-11,1.46,1.03,1.18,0,1.37,1.42,1.06,0,-0.030038,-0.0190669,-0.030247,-0.0399804, 0.0036491,sell
2019-06-12,1.8,1.57,1.12,0,1.44,1.41,1.32,0, 0.000167,-0.0036605,-0.041272, 0.0003086, 0.0198463,sell
2019-06-13,2.37,1.29,1.32,0,1.57,0.66,1.77,0, 0.005067,-0.0100162,-0.017455,-0.0093959, 0.0037330,sell
2019-06-14,2.87,1.24,1.46,0,1.27,0.23,1.65,0, 0.012025,-0.0003415, 0.002419, 0.0050970, 0.0198769,buy
2019-06-15,2.99,1.28,1.36,0,1.05,0,1.39,0, 0.005393,-0.0075934, 0.001004, 0.0010038, 0.0037073,buy
2019-06-16,3.31,0.98,1.22,0,0.89,0,1.34,0, 0.012076, 0.0032628, 0.007066, 0.0079029, 0.0059480,buy
2019-06-17,2.46,0.32,0.95,0,0.84,0,1.35,0, 0.022596, 0.0123614, 0.041531, 0.0020496, 0.0177601,buy
2019-06-18,1.75,0.13,0.65,0,0.8,0,1.4,0, 0.027222, 0.0114207, 0.026024,-0.0109099, 0.0150199,buy
2019-06-19,1.28,0,0.6,0,0.75,0,1.36,0, 0.023816, 0.0240183, 0.045358, 0.0171469, 0.0165321,buy
2019-06-20,1.22,0,0.57,0,0.72,0,1.28,0, 0.014074, 0.0173634, 0.043997, 0.0171469, 0.0078324,buy
2019-06-21,1.16,0,0.53,0,0.74,0,1.21,0, 0.018870, 0.0253083, 0.039564, 0.0260432, 0.0103305,buy
2019-06-22,1.11,0,0.89,0,0.84,0,1.14,0, 0.022350, 0.0396610, 0.056268, 0.0310002, 0.0384088,buy
2019-06-23,1.06,0,1.62,0,1.22,0.12,1.07,0,-0.003517,-0.0018199,-0.003517,-0.0072424,-0.0035168,sell
2019-06-24,1.01,0,1.73,0,1.3,0.31,1.08,0, 0.008237, 0.0026614, 0.011501, 0.0110890, 0.0115009,buy
2019-06-25,0.99,0,1,0,0.83,0.86,1.14,0, 0.021821,-0.0108108, 0.022960,-0.0188994, 0.0121928,buy
2019-06-26,1,0,0.7,0,0.62,1.08,1.31,0,-0.011858,-0.0629747,-0.017283,-0.0172834,-0.0393646,sell
2019-06-27,1.04,0.1,0.84,0,0.52,0.62,1.61,0,-0.049277,-0.0710429,-0.049102,-0.0491016,-0.0767798,sell
2019-06-28,1.19,0.2,0.58,0,0.5,0.26,1.5,0, 0.017048, 0.0170478, 0.014053, 0.0016553,-0.0415464,buy
2019-06-29,1.26,0.7,0.33,0,0.48,0.08,1.23,0, 0.005216,-0.0237887, 0.001221,-0.0237887, 0.0340398,buy
2019-06-30,1.09,0.94,0.32,0,0.47,0.04,1.09,0,-0.054773,-0.0620590,-0.056431,-0.0503597,-0.0515951,sell
2019-07-01,1.07,1.12,0.3,0,0.45,0,0.9,0,-0.075520,-0.0814135,-0.047865,-0.0590751,-0.0457288,sell
2019-07-02,1.12,1.46,0.28,0,0.43,0,0.73,0,-0.054712,-0.0427247,-0.027097,-0.0232537,-0.0353083,sell
2019-07-03,1.26,1.78,0.46,0,0.42,0,0.65,0, 0.003410, 0.0164313, 0.016431,-0.0020974, 0.0149364,buy
2019-07-04,1.18,1.91,0.62,0,0.44,0,0.59,0, 0.019063, 0.0235337, 0.025427, 0.0148493, 0.0248941,buy
2019-07-05,0.97,1.76,0.45,0,0.46,0,0.54,0,-0.001018, 0.0068973, 0.006897, 0.0169950, 0.0127333,buy
2019-07-06,0.94,1.98,0.37,0,0.57,0,0.61,0, 0.008387, 0.0209693, 0.020969, 0.0178773, 0.0282858,buy
2019-07-07,0.92,2.51,0.42,0,0.62,0,0.79,0, 0.017065, 0.0230338, 0.023034, 0.0399115, 0.0216433,buy
2019-07-08,1.13,2.29,0.58,0,0.48,0,1.13,0, 0.011241, 0.0287450, 0.028745, 0.0350267, 0.0298787,buy
2019-07-09,1.53,1.64,0.47,0,0.4,0,0.89,0,-0.044406,-0.0079694,-0.000665,-0.0187611, 0.0026868,sell
2019-07-10,2.4,1.37,0.3,0,0.36,0,0.56,0,-0.056403,-0.0321632,-0.038200,-0.0407443,-0.0312397,sell
2019-07-11,2.7,1.13,0.2,0,0.35,0,0.47,0,-0.038528,-0.0133578,-0.034261,-0.0257924,-0.0214946,sell
2019-07-12,1.78,1.4,0.19,0,0.35,0,0.43,0,-0.026686,-0.0195000,-0.015292,-0.0068710,-0.0484376,sell
2019-07-13,1.14,1.27,0.18,0,0.34,0,0.52,0,-0.066570,-0.0708412,-0.042298,-0.0349804,-0.0456176,sell
2019-07-14,0.83,1.04,0.25,0,0.34,0,0.59,0,-0.080591,-0.0753306,-0.020000,-0.0261162,-0.0494860,sell
2019-07-15,0.61,0.98,0.4,0,0.34,0,0.48,0,-0.028655,-0.0417035,-0.013589,-0.0090125,-0.0104451,sell
2019-07-16,0.83,0.95,0.53,0,0.34,0,0.36,0,-0.081208,-0.0828072,-0.085776,-0.0828072,-0.0118299,sell
2019-07-17,1.28,0.48,0.33,0,0.34,0,0.3,0, 0.014187, 0.0157406, 0.000076, 0.0000762, 0.0170430,buy
2019-07-18,2.2,0.42,0.16,0,0.34,0,0.25,0,-0.005419,-0.0079366, 0.014997, 0.0333004, 0.0325338,buy
2019-07-19,1.75,0.37,0.16,0,0.34,0,0.24,0,-0.000410, 0.0014053, 0.030713,-0.0073212,-0.0288049,buy
2019-07-20,0.92,0.21,0.16,0,0.34,0,0.23,0, 0.031084, 0.0110616, 0.038878, 0.0169432, 0.0284457,buy
2019-07-21,0.69,0.26,0.16,0,0.34,0,0.21,0,-0.003209,-0.0093235, 0.017352, 0.0001168, 0.0056078,buy
2019-07-22,0.69,0.41,0.16,0,0.34,0,0.2,0,-0.008639,-0.0332777, 0.025967,-0.0291466,-0.0122121,sell
2019-07-23,0.89,0.42,0.16,0,0.41,0,0.19,0,-0.029931,-0.0304432, 0.001648,-0.0334993,-0.0299307,sell
2019-07-24,0.96,0.51,0.4,0,0.46,0,0.18,0,-0.039157,-0.0337081,-0.017093,-0.0365899,-0.0397151,sell
2019-07-25,0.87,0.82,0.62,0,0.56,0,0.18,0,-0.039961,-0.0098126,-0.005079,-0.0041377, 0.0170816,sell
2019-07-26,0.83,1.52,1.03,0,0.73,0,0.17,0,-0.007660,-0.0016326,-0.001633, 0.0153140, 0.0046464,sell
2019-07-27,0.91,1.47,1.33,0,1.05,0,0.16,0,-0.024854,-0.0171908,-0.017191,-0.0105412, 0.0127100,sell
2019-07-28,1.37,0.84,1.11,0,1.09,0,0.15,0,-0.056738,-0.0483596,-0.054018,-0.0431161,-0.0211828,sell
2019-07-29,1.35,0.68,1.18,0,0.79,0,0.15,0,-0.057677,-0.0430411,-0.042284,-0.0430411,-0.0313065,sell
2019-07-30,0.81,1.39,1.36,0,0.62,0,0.14,0,-0.005750, 0.0081336, 0.009026, 0.0110380,-0.0145610,sell
2019-07-31,0.73,1.26,1.26,0,0.53,0,0.14,0,-0.005211, 0.0087786, 0.008779, 0.0091017,-0.0183228,sell
2019-08-01,1,0.64,0.88,0,0.48,0,0.13,0,-0.040308,-0.0212443,-0.015005,-0.0231056,-0.0256201,sell
2019-08-02,0.75,0.5,0.69,0,0.43,0,0.12,0,-0.059655,-0.0550148,-0.063675,-0.0596295,-0.0565526,sell
2019-08-03,0.4,0.69,0.49,0,0.45,0,0.12,0, 0.010575, 0.0113509,-0.001608, 0.0192551,-0.0187673,sell
2019-08-04,0.32,0.53,0.66,0,0.46,0,0.12,0, 0.006731, 0.0419933,-0.007027,-0.0050580,-0.0044142,sell
2019-08-05,0.35,0.29,0.58,0,0.54,0,0.11,0, 0.043295, 0.0619519,-0.000484,-0.0091361, 0.0337365,buy
2019-08-06,0.57,0.16,0.78,0,0.64,0,0.11,0, 0.025839,-0.0060576,-0.022190, 0.0068013,-0.0060576,sell
2019-08-07,0.76,0,1.42,0,0.94,0,0.1,0, 0.030708, 0.0153669, 0.044927, 0.0341474, 0.0307078,buy
2019-08-08,0.84,0,1.76,0,1.49,0,0.1,0,-0.026039,-0.0134764, 0.007894, 0.0114026,-0.0193646,sell
2019-08-09,0.65,0.12,2.01,0,1.87,0,0.1,0,-0.026083,-0.0164768, 0.009382, 0.0218429,-0.0175236,sell
2019-08-10,0.35,0.28,2.31,0,1.52,0,0,0,-0.023315, 0.0077899,-0.004321, 0.0248697,-0.0074987,sell
2019-08-11,0.28,0.61,2.62,0,0.94,0,0,0,-0.007395, 0.0006646,-0.048383, 0.0141338, 0.0202054,sell
2019-08-12,0.33,1.32,1.91,0,0.73,0,0,0,-0.029871,-0.0291286,-0.027293,-0.0289087,-0.0289062,sell
2019-08-13,0.65,2.45,1.47,0,0.69,0,0,0,-0.011458,-0.0348610,-0.033910,-0.0359953,-0.0178668,sell
2019-08-14,0.78,2.5,1.23,0,0.73,0.09,0,0,-0.015930,-0.0353467,-0.035452,-0.0484632,-0.0143235,sell
2019-08-15,0.98,1.25,0.75,0,0.77,0.16,0,0, 0.002188, 0.0186699, 0.000029,-0.0018302,-0.0018302,buy
2019-08-16,0.8,0.7,0.42,0,0.82,0.3,0,0,-0.015880,-0.0171363, 0.053245,-0.0240542,-0.0102757,sell
2019-08-17,0.31,1.11,0.33,0,0.87,0.56,0,0, 0.003335, 0.0122940, 0.001569, 0.0129363, 0.0122940,buy
2019-08-18,0.15,0.95,0.35,0,0.93,0.95,0,0,-0.023075,-0.0037766,-0.033458,-0.0170717, 0.0097993,sell
2019-08-19,0.19,0.86,0.38,0,0.96,1.03,0,0,-0.020746,-0.0259940,-0.057402,-0.0175620, 0.0201437,sell
2019-08-20,0.35,1.53,0.91,0,1.13,1.03,0,0,-0.059209,-0.0573295,-0.061111,-0.0478346,-0.0611107,sell
2019-08-21,0.56,1.61,1.37,0,1.59,1.43,0,0, 0.047406, 0.0064701, 0.003490, 0.0415410, 0.0015685,buy
2019-08-22,0.3,1.46,1.73,0,1.28,1.28,0,0, 0.060533, 0.0405362, 0.039942, 0.0602780, 0.0413130,buy
2019-08-23,0.22,1.39,2.08,0,0.85,1.21,0,0, 0.030396, 0.0303963, 0.022892, 0.0303963, 0.0317979,buy
2019-08-24,0.33,1.36,1.93,0,0.72,0.65,0,0,-0.008354,-0.0096615,-0.018386,-0.0028150,-0.0046288,sell
2019-08-25,0.62,0.85,2.06,0,0.67,0.26,0,0,-0.016465,-0.0021195,-0.008597,-0.0021195,-0.0095986,sell
2019-08-26,1.11,0.95,1.73,0,0.63,0.11,0,0, 0.005597, 0.0052449, 0.005245, 0.0052449, 0.0034685,buy
2019-08-27,1.22,1.12,1.52,0,0.58,0.09,0,0,-0.032753, 0.0012249, 0.001225, 0.0012249,-0.0308871,sell
2019-08-28,1.23,1.87,1.49,0,0.54,0.57,0,0,-0.017538,-0.0187320,-0.023391,-0.0209852,-0.0363696,sell
2019-08-29,1.28,1.81,1.15,0,0.5,0.96,0,0,-0.012932,-0.0383170,-0.013982,-0.0246074,-0.0277097,sell
2019-08-30,1.23,0.52,0.91,0,0.47,0.25,0.06,0,-0.034318,-0.0063118,-0.008762,-0.0063118,-0.0058096,sell
2019-08-31,1.27,0.47,1.14,0,0.43,0,0.2,0,-0.019749,-0.0099610,-0.011548,-0.0099610,-0.0099610,sell
2019-09-01,2.14,0.56,0.87,0,0.4,0,0.64,0, 0.018717, 0.0015086, 0.010838,-0.0039502,-0.0048914,sell
2019-09-02,1.44,0.16,0.44,0,0.37,0,0.83,0,-0.005249,-0.0355376,-0.000163,-0.0194546, 0.0030698,sell
2019-09-03,0.52,0,0.39,0,0.34,0,0.33,0,-0.030813,-0.0392310,-0.006002, 0.0092012,-0.0078076,sell
2019-09-04,0.96,0,0.35,0,0.31,0,0.41,0, 0.026745, 0.0241274, 0.029581, 0.0255763, 0.0296956,buy
2019-09-05,1.99,0,0.32,0,0.29,0,1.17,0,-0.017576,-0.0057741, 0.017451, 0.0198681, 0.0007858,buy
2019-09-06,2.48,0.34,0.28,0,0.26,0,1.33,0, 0.026541, 0.0356160, 0.040057, 0.0406910, 0.0352515,buy
2019-09-07,2.31,0.7,0.25,0,0.24,0,1.24,0, 0.032089, 0.0441361, 0.038710, 0.0462322, 0.0340782,buy
2019-09-08,2.06,0.77,0.22,0,0.22,0,1,0, 0.024695, 0.0436255, 0.026768, 0.0435667, 0.0143877,buy
2019-09-09,1.95,0.83,0.2,0,0.2,0,1,0, 0.013482, 0.0381470, 0.014414, 0.0419429, 0.0129676,buy
2019-09-10,0.97,0.27,0.17,0,0.19,0,0.72,0,-0.018177, 0.0256902, 0.003670,-0.0083154, 0.0186540,buy
2019-09-11,0.79,0,0.15,0,0.17,0,0.35,0, 0.045731, 0.0030440, 0.006566, 0.0011459, 0.0147927,buy
2019-09-12,1.04,0.22,0.14,0,0.15,0,0.19,0, 0.053729, 0.0387019, 0.054357, 0.0537657, 0.0577094,buy
2019-09-13,0.99,0.52,0,0,0.14,0,0.1,0, 0.050532, 0.0449036, 0.068910, 0.0399906, 0.0505319,buy
2019-09-14,0.57,0.7,0,0,0.13,0,0,0,-0.022515,-0.0283897,-0.014248,-0.0233519,-0.0257780,sell
2019-09-15,0.27,0.37,0,0,0.12,0,0,0, 0.028527, 0.0285265, 0.058902, 0.0211963, 0.0285265,buy
2019-09-16,0.2,0.15,0.15,0,0.11,0,0,0, 0.035642, 0.0356417, 0.046862, 0.0356417, 0.0402429,buy
2019-09-17,0.23,0.19,0.7,0,0.1,0,0,0, 0.001398, 0.0079341, 0.000705,-0.0024076,-0.0024076,buy
2019-09-18,0.42,0.34,0.84,0,0.09,0,0.04,0,-0.009362, 0.0011305,-0.006047,-0.0026791,-0.0026791,sell
2019-09-19,0.69,0.61,0.7,0,0.08,0,0.14,0,-0.044397,-0.0458125,-0.045173,-0.0524536,-0.0473506,sell
2019-09-20,0.74,0.77,0.32,0,0.07,0,0.42,0,-0.025200,-0.0183561, 0.008347, 0.0137557,-0.0102604,sell
2019-09-21,0.52,0.71,0.1,0,0.07,0,0.42,0,-0.015137,-0.0014558,-0.017501, 0.0184271,-0.0183177,sell
2019-09-22,0.26,0.47,0,0,0,0,0.3,0,-0.036893,-0.0368254,-0.026656,-0.0326951,-0.0368254,sell
2019-09-23,0.13,0.31,0.5,0,0,0,0.6,0,-0.062514,-0.0241576, 0.007665,-0.0401806,-0.0126836,sell
2019-09-24,0.05,0.28,1.19,0,0,0,0.94,0,-0.000022,-0.0200911, 0.004080,-0.0169216,-0.0219889,sell
2019-09-25,0.02,0.21,0.67,0,0,0,0.68,0,-0.044464,-0.0059957, 0.003682,-0.0584322,-0.0059957,sell
2019-09-26,0.04,0.07,0.32,0,0.03,0,0.36,0,-0.043211,-0.0488230,-0.047850,-0.0379108,-0.0444400,sell
2019-09-27,0.07,0,1.2,0,0.04,0,0.33,0, 0.008726,-0.0183389,-0.022800, 0.0081175, 0.0143698,sell
2019-09-28,0.12,0,1.68,0,0.04,0,0.52,0,-0.006692, 0.0199537, 0.017402, 0.0178220, 0.0360382,buy
2019-09-29,0.22,0,1.03,0,0.05,0,0.53,0,-0.004847, 0.0002121, 0.000690,-0.0258176, 0.0007732,sell
2019-09-30,0.28,0,0.4,0,0.05,0.05,0.27,0, 0.018845,-0.0069855, 0.000875,-0.0015928,-0.0069855,sell
2019-10-01,0.18,0,0.35,0,0.06,0.15,0.19,0, 0.016367, 0.0021400, 0.010853, 0.0050786,-0.0051573,sell
2019-10-02,0.1,0,0.14,0,0.07,0.42,0.13,0, 0.031338, 0.0613985, 0.046120, 0.0444950, 0.0364892,buy
2019-10-03,0.05,0.85,0,0,0.08,0.51,0.14,0,-0.028361,-0.0215190,-0.018535,-0.0039567,-0.0215190,sell
2019-10-04,0.03,1.66,0.28,0,0.09,0.33,0.15,0, 0.010050, 0.0148295, 0.026252, 0.0100499, 0.0114291,buy
2019-10-05,0,1.21,0.74,0,0.1,0.46,0.15,0, 0.029770, 0.0604216, 0.029770, 0.0268368, 0.0402664,buy
2019-10-06,0,0.41,0.63,0,0.12,0.47,0.21,0,-0.018191,-0.0181906, 0.077886, 0.0178605, 0.0162429,buy
2019-10-07,0,0.31,0.22,0,0.13,0.26,0.25,0, 0.021586, 0.0220203, 0.020394, 0.0033456, 0.0215863,buy
2019-10-08,0,0.74,0.42,0,0.15,0.23,0.33,0, 0.019817, 0.0139769, 0.017822, 0.0134464, 0.0165582,buy
2019-10-09,0,1.72,1.3,0,0.17,0.4,0.46,0, 0.047349, 0.0214574, 0.027725, 0.0404649, 0.0570133,buy
2019-10-10,0.11,1.72,1.92,0,0.2,0.57,0.67,0, 0.015456,-0.0217426,-0.018992,-0.0088558,-0.0217426,sell
2019-10-11,0.36,0.89,1.63,0,0.23,0.51,0.76,0,-0.007389,-0.0197925,-0.031515,-0.0308017,-0.0308017,sell
2019-10-12,0.83,0.56,1.05,0,0.26,0.59,0.93,0, 0.005677, 0.0096285, 0.014433, 0.0075108,-0.0029598,buy
2019-10-13,0.75,0.67,0.4,0,0.3,0.4,1.56,0, 0.043711,-0.0040558,-0.028939, 0.0287349,-0.0040558,sell
2019-10-14,0.68,0.7,0.22,0,0.35,0.13,1.78,0, 0.003599,-0.0118963,-0.027839, 0.0085802,-0.0117063,sell
2019-10-15,1.45,0.81,0.12,0,0.44,0.05,1,0, 0.005982,-0.0130219,-0.007336,-0.0106966, 0.0188726,sell
2019-10-16,1.47,1.08,0,0,0.55,0,0.56,0,-0.032457,-0.0255280,-0.038786,-0.0129474,-0.0341880,sell
2019-10-17,0.92,1.17,0.08,0,0.7,0,0.42,0,-0.009904,-0.0133956,-0.050879,-0.0006621,-0.0006695,sell
2019-10-18,1.01,0.78,0.22,0,0.87,0,0.74,0,-0.004661,-0.0155542,-0.034361,-0.0077290,-0.0046607,sell
2019-10-19,0.65,0.57,0.24,0,0.98,0,1.47,0, 0.004493,-0.0014905,-0.028532,-0.0091226,-0.0098638,sell
2019-10-20,0.68,0.52,0.09,0,0.89,0,2,0, 0.008929, 0.0092740,-0.011259, 0.0118648, 0.0092740,sell
2019-10-21,1.38,0.59,0,0,0.65,0,1.32,0, 0.011082, 0.0107524, 0.017232, 0.0057728, 0.0321289,buy
2019-10-22,1.15,0.91,0,0,0.44,0,0.76,0,-0.036888,-0.0386851,-0.009703,-0.0163371,-0.0245766,sell
2019-10-23,0.37,1.28,0,0,0.4,0,0.68,0,-0.054586,-0.0530350,-0.053362,-0.0507220,-0.0553821,sell
2019-10-24,0.12,1.75,0.2,0,0.4,0,0.8,0, 0.001880,-0.0064795,-0.009172,-0.0046952,-0.0096485,sell
2019-10-25,0,1.67,0.51,0,0.5,0,1.05,0, 0.010159, 0.0120578, 0.012813, 0.0205513, 0.0136580,buy
2019-10-26,0,1.11,0.9,0,0.85,0,0.82,0, 0.034184, 0.0269411, 0.034550,-0.0208060, 0.0341843,buy
2019-10-27,0,0.83,0.86,0,0.71,0,0.67,0, 0.022924, 0.0111500, 0.019695,-0.0367678, 0.0196190,buy
2019-10-28,0,0.98,1.17,0,0.35,0.05,0.61,0, 0.050682, 0.0440444, 0.051357, 0.0445581, 0.0433449,buy
2019-10-29,0,1.23,1.19,0,0.19,0.25,0.66,0, 0.046403, 0.0299079, 0.040462, 0.0424849, 0.0488598,buy
2019-10-30,0,1.21,0.73,0,0.1,0.53,0.7,0,-0.031312,-0.0324875,-0.038835,-0.0382376,-0.0083284,sell
2019-10-31,0,0.61,0.4,0,0.06,1.03,0.76,0,-0.004409,-0.0046575,-0.003629,-0.0055942, 0.0202401,sell
2019-11-01,0.23,0.32,0.22,0,0.08,1.81,0.81,0, 0.045674, 0.0456737, 0.045555, 0.0465077, 0.0371859,buy
2019-11-02,0.66,0.38,0,0,0.09,2.08,0.88,0, 0.038217, 0.0382168, 0.032509, 0.0364227, 0.0432408,buy
2019-11-03,1.47,0.53,0.17,0,0.18,1.14,0.95,0,-0.024750, 0.0001390, 0.004942,-0.0031889, 0.0152671,buy
2019-11-04,1.26,0.83,0.51,0,0.3,0.61,1.02,0,-0.020963, 0.0061050, 0.032320, 0.0061050, 0.0038899,buy
2019-11-05,0.59,0.81,0.82,0,0.49,0.45,1.21,0, 0.000555, 0.0037671, 0.003549,-0.0129087, 0.0045472,buy
2019-11-06,0.41,0.44,0.51,0,0.51,0.71,1.48,0,-0.031837,-0.0163580,-0.027113,-0.0187689,-0.0031246,sell
2019-11-07,0.69,0.36,0.11,0,0.42,0.46,1.99,0, 0.026894, 0.0216374, 0.029200, 0.0167170, 0.0158908,buy
2019-11-08,1.4,0.37,0.05,0,0.12,0.14,2.75,0,-0.023963,-0.0222386,-0.023272,-0.0200377, 0.0073967,sell
2019-11-09,1.11,0.69,0.32,0,0.04,0.05,2.9,0,-0.013573,-0.0080873,-0.002656, 0.0017982, 0.0224016,sell
2019-11-10,0.45,0.51,0.71,0,0,0,2.5,0, 0.013803, 0.0157338, 0.011344, 0.0193977, 0.0193977,buy
2019-11-11,0.33,0.36,0.5,0,0,0,2.13,0,-0.001486, 0.0122642,-0.004037, 0.0016176, 0.0134872,buy
2019-11-12,0.48,0.51,0.16,0,0.1,0,2.42,0, 0.019189, 0.0358576, 0.012728, 0.0446203, 0.0427993,buy
2019-11-13,1.38,0.7,0,0,0.39,0.1,3.11,0,-0.007074,-0.0022834,-0.013874,-0.0036053, 0.0141025,sell
2019-11-14,1.32,0.31,0,0,1.03,0.37,2.41,0, 0.015277, 0.0055102,-0.010526, 0.0139816, 0.0152713,sell
2019-11-15,0.48,0.21,0.08,0,0.99,0.52,1.53,0, 0.026839,-0.0006714,-0.009194,-0.0091941,-0.0091941,sell
2019-11-16,0.3,0.91,0.23,0,0.51,0.3,1.18,0, 0.011665,-0.0108181,-0.009218,-0.0073643,-0.0061557,sell
2019-11-17,0.27,1.61,0.18,0,0.41,0.35,0.92,0,-0.022931,-0.0262139,-0.021157,-0.0262139,-0.0212096,sell
2019-11-18,0.24,1.54,0.16,0,0.66,0.48,0.86,0,-0.043774,-0.0375733,-0.039045,-0.0375733,-0.0342938,sell
2019-11-19,0.29,1.28,0.2,0,0.79,0.44,0.83,0,-0.047511,-0.0195247,-0.065535,-0.0270738,-0.0362669,sell
2019-11-20,0.3,1.56,0.36,0,0.46,0.31,0.79,0,-0.010582,-0.0136837,-0.020932,-0.0136837,-0.0090703,sell
2019-11-21,0.38,1.2,0.59,0,0.24,0.41,0.81,0,-0.052992,-0.0411380,-0.043034,-0.0405025,-0.0268934,sell
2019-11-22,0.47,0.67,0.54,0,0.13,0.62,0.85,0,-0.089591,-0.0853782,-0.092153,-0.0923850,-0.0738831,sell
2019-11-23,0.74,0.37,0.29,0,0.13,1.15,0.87,0, 0.004454,-0.0080796,-0.001865,-0.0048327,-0.0035256,sell
2019-11-24,0.92,0,0.37,0,0.15,1.94,0.79,0,-0.047191,-0.0476332,-0.063097,-0.0854156,-0.0948712,sell
2019-11-25,0.61,0.08,0.53,0,0.26,1.98,0.68,0,-0.049521,-0.0268690,-0.049521,-0.0272951,-0.0529277,sell
2019-11-26,0.64,0.4,0.6,0,0.36,1.16,0.58,0, 0.043085, 0.0197630, 0.020542, 0.0096853,-0.0057882,buy
2019-11-27,1.27,0.51,0.25,0,0.3,0.82,0.66,0,-0.008110, 0.0116854, 0.033809, 0.0139481, 0.0164746,buy
2019-11-28,2.08,0.74,0,0,0.2,0.92,0.78,0, 0.031943, 0.0412498, 0.024127, 0.0427782, 0.0470463,buy
2019-11-29,1.42,0.7,0,0,0.14,0.76,1.23,0, 0.060899, 0.0865572, 0.080069, 0.0644257, 0.0644257,buy
2019-11-30,0.6,0.26,0.2,0,0.11,0.39,1.5,0,-0.015412,-0.0159159,-0.017163,-0.0115456,-0.0295073,sell
2019-12-01,0.39,0,0.51,0,0.1,0.32,0.99,0, 0.029237,-0.0365781,-0.025747,-0.0294526,-0.0196850,sell
2019-12-02,0.42,0,0.71,0,0.09,0.42,0.89,0, 0.062848,-0.0042569, 0.001009, 0.0153358,-0.0042569,sell
2019-12-03,0.85,0,0.37,0,0.11,0.52,0.78,0,-0.017154,-0.0194524,-0.011946,-0.0617416,-0.0125996,sell
2019-12-04,0.9,0.38,0.18,0,0.14,0.3,0.43,0,-0.019868, 0.0050887,-0.011835,-0.0069716, 0.0025265,sell
2019-12-05,0.59,0.83,0.13,0,0.16,0.16,0.23,0, 0.016517, 0.0179039,-0.013068, 0.0291566,-0.0194986,sell
2019-12-06,0.52,0.5,0.24,0,0.2,0.1,0.31,0,-0.008714, 0.0142264, 0.021560, 0.0234593, 0.0071714,buy
2019-12-07,0.53,0,0.15,0,0.25,0.06,0.62,0,-0.012082,-0.0274264,-0.053916,-0.0578765,-0.0246786,sell
2019-12-08,0.55,0.17,0.05,0,0.49,0.07,1.51,0,-0.022367, 0.0424309, 0.021958, 0.0193870,-0.0048989,buy
2019-12-09,0.8,0.44,0,0,0.82,0.12,1.37,0,-0.025148, 0.0044131,-0.034069,-0.0386122,-0.0340690,sell
2019-12-10,1.24,0.69,0.29,0,1.46,0.43,0.52,0,-0.051481,-0.0264786,-0.015452, 0.0010798,-0.0488263,sell
2019-12-11,1.19,0.61,0.59,0,1.73,1.09,0.14,0,-0.006884, 0.0154310, 0.005954, 0.0281439,-0.0060189,sell
2019-12-12,1.48,0.52,0.31,0,1.28,1.7,0,0,-0.003847,-0.0217476,-0.038465,-0.0062483,-0.0090827,sell
2019-12-13,1.86,0.63,0,0,1.06,1.44,0,0, 0.003779,-0.0240793,-0.036948,-0.0013955, 0.0053631,sell
2019-12-14,1.61,0.69,0.31,0,0.91,1.27,0.12,0, 0.016430,-0.0121910,-0.003596,-0.0113862, 0.0069106,sell
2019-12-15,1.28,0.42,0.72,0,0.54,0.86,0.2,0, 0.023549, 0.0294298, 0.024246, 0.0216502, 0.0137158,buy
2019-12-16,0.99,0.23,0.46,0,0.48,0.84,0.33,0,-0.049976,-0.0375610,-0.048484,-0.0595568,-0.0652351,sell
2019-12-17,0.72,0.18,0.24,0,0.56,0.68,0.58,0,-0.066955,-0.0782322,-0.065564,-0.0641643,-0.0600512,sell
2019-12-18,0.53,0.13,0.21,0,0.38,0.63,0.96,0, 0.011346, 0.0389143, 0.035436,-0.0038687, 0.0386597,buy
2019-12-19,0.34,0.28,0.05,0,0.2,0.79,1.38,0,-0.070438,-0.0326223,-0.044517,-0.0326223,-0.0424072,sell
2019-12-20,0.27,0.63,0,0,0.19,1.54,1.45,0,-0.001737, 0.0039103,-0.015672,-0.0038313, 0.0044981,sell
2019-12-21,0.22,0.77,0,0,0.38,1.78,1.59,0, 0.008936, 0.0018342, 0.023779, 0.0102431, 0.0041897,buy
2019-12-22,0.3,0.52,0,0,1.21,0.77,1.26,0, 0.050911,-0.0167417, 0.015502, 0.0319390, 0.0235797,buy
2019-12-23,0.43,0.46,0,0,1.64,0.31,0.76,0, 0.016193,-0.0340536,-0.034223,-0.0044490,-0.0040879,sell
2019-12-24,0.8,0.83,0,0,1.14,0.04,0.37,0,-0.007521, 0.0041789,-0.016467,-0.0147348, 0.0010242,sell
2019-12-25,0.74,0.78,0.18,0,0.43,0.03,0.14,0,-0.023500,-0.0090787, 0.020046,-0.0090787,-0.0090787,sell
2019-12-26,0.33,0.57,0.56,0,0.12,0.02,0.08,0,-0.043200,-0.0412611,-0.010091,-0.0429433,-0.0420861,sell
2019-12-27,0.16,0.48,0.71,0,0.03,0,0.05,0,-0.019430,-0.0354619,-0.026331,-0.0378937,-0.0436024,sell
2019-12-28,0,0.11,0.28,0,0,0,0,0, 0.024716, 0.0192455, 0.021278, 0.0242340, 0.0215117,buy
2019-12-29,0.18,0,0,0,0,0,0,0, 0.083150, 0.0764560, 0.090605, 0.0555479, 0.0849397,buy
2019-12-30,0.69,0,0,0,0,0,0,0,-0.047293,-0.0536665,-0.052507,-0.0498289,-0.0515572,sell
2019-12-31,0.67,0,0,0,0.22,0.11,0,0,-0.040335,-0.0442020,-0.039332,-0.0409671,-0.0442020,sell
2020-01-01,0.33,0,0,0,0.67,0.32,0,0,-0.010756, 0.0368991,-0.017281,-0.0120250,-0.0048278,sell
2020-01-02,0.38,0,0,0,1.26,0.78,0,0,-0.047287,-0.0447997,-0.055336,-0.0180626,-0.0280480,sell
2020-01-03,0.51,0,0,0,0.87,0.65,0,0,-0.014152,-0.0117501,-0.015730, 0.0050425,-0.0282059,sell
2020-01-04,0.6,0,0.14,0,0.63,0.22,0.18,0, 0.043755, 0.0633748, 0.046383, 0.0504500, 0.0154572,buy
2020-01-05,1.03,0,0.26,0,0.78,0.14,0.44,0, 0.028636, 0.0556217, 0.065705, 0.0646057, 0.0255931,buy
2020-01-06,0.95,0.28,0.48,0,1.1,0.19,1.21,0, 0.073214, 0.0518164, 0.020414, 0.0393525, 0.0139601,buy
2020-01-07,0.45,0.84,0.59,0,1.52,0.4,2,0,-0.016481,-0.0347025,-0.011490,-0.0422414,-0.0509604,sell
2020-01-08,0.21,0.77,0.4,0,0.89,0.53,2.13,0,-0.031132,-0.0246159,-0.002518,-0.0640179,-0.0692381,sell
2020-01-09,0.12,0.25,0.22,0,0.3,0.34,1.03,0, 0.012384, 0.0150130, 0.011374, 0.0127688, 0.0098391,buy
2020-01-10,0.07,0,0.12,0,0.11,0.41,0.3,0, 0.040435, 0.0526186, 0.054543, 0.0699192, 0.0545433,buy
2020-01-11,0,0,0.13,0,0,0.51,0,0, 0.110969, 0.1156974, 0.081031, 0.1000292, 0.1156974,buy
2020-01-12,0,0,0.26,0,0.08,0.74,0,0, 0.077234, 0.0859837, 0.066187, 0.0711046, 0.0859837,buy
2020-01-13,0,0,0.5,0,0.18,1.19,0.08,0, 0.085367, 0.0971072, 0.073882, 0.0697685, 0.0977500,buy
2020-01-14,0,0,0.72,0,0.45,1.9,0.23,0, 0.032396, 0.0510257, 0.046098, 0.0288151, 0.0406896,buy
2020-01-15,0,0,0.54,0,0.67,2.36,0.69,0,-0.072119,-0.0656472,-0.065647,-0.0658305,-0.0645043,sell
2020-01-16,0,0,0.28,0,0.44,2.24,0.84,0,-0.081678,-0.0617234,-0.059246,-0.0832529,-0.0717382,sell
2020-01-17,0.11,0,0.14,0,0.3,2.91,0.92,0,-0.071659,-0.1126339,-0.102770,-0.1083756,-0.1102546,sell
2020-01-18,0.34,0,0,0,0.31,2.3,0.74,0,-0.009337,-0.0651313,-0.049001,-0.0852136,-0.0346241,sell
2020-01-19,0.83,0,0.14,0,0.4,1.93,0.21,0,-0.058767,-0.0253133,-0.066340,-0.0678752,-0.0911911,sell
2020-01-20,0.64,0,0.71,0,0.36,2.75,0.18,0, 0.074585, 0.0515805, 0.071505, 0.0664442, 0.0784469,buy
2020-01-21,0.21,0,0.78,0,0.32,3.06,0.45,0, 0.040416, 0.0404161, 0.032971, 0.0428183, 0.0330236,buy
2020-01-22,0.07,0,0.27,0,0.4,2.65,0.97,0,-0.019663,-0.0608673,-0.059395,-0.0626383,-0.0503237,sell
2020-01-23,0,0,0.18,0,0.67,1.71,1.04,0,-0.022289,-0.0371535,-0.022289, 0.0229614,-0.0371030,sell
2020-01-24,0,0,0.24,0,0.64,0.85,0.64,0,-0.012834,-0.0410149, 0.018813,-0.0278656,-0.0410149,sell
2020-01-25,0,0,0.38,0,0.67,0.61,0.5,0,-0.055744,-0.0429073,-0.043587,-0.0665416,-0.0388042,sell
2020-01-26,0,0.14,0.62,0,1.32,1.08,0.28,0, 0.051834, 0.0585638, 0.046827, 0.0548082, 0.0626218,buy
2020-01-27,0,0.26,0.79,0,0.78,1.2,0.09,0, 0.007213, 0.0430857, 0.061094, 0.0551093, 0.0555242,buy
2020-01-28,0,0.84,0.44,0,0.25,0.97,0.04,0, 0.022695,-0.0257148,-0.001472, 0.0000261, 0.0099103,sell
2020-01-29,0,1.53,0.15,0,0.39,0.49,0,0,-0.046750, 0.0302060, 0.028920, 0.0289565, 0.0241081,buy
2020-01-30,0,0.95,0,0,1.03,0.17,0.05,0,-0.046846,-0.0296682,-0.059792,-0.0468461,-0.0159723,sell
2020-01-31,0,0.32,0,0,1.19,0.1,0.14,0,-0.043322,-0.0457389,-0.028603, 0.0024596, 0.0051019,sell
2020-02-01,0,0.18,0,0,0.58,0.15,0.57,0, 0.012119, 0.0075244, 0.001729, 0.0097085, 0.0022087,buy
2020-02-02,0,0,0,0,0.44,0.47,1.01,0,-0.034808,-0.0425604,-0.031716,-0.0534882,-0.0348080,sell
2020-02-03,0,0,0,0,0.85,0.43,1.6,0,-0.035928,-0.0359281,-0.038118,-0.0381178,-0.0369350,sell
2020-02-04,0,0,0,0,1.45,0.25,1.65,0,-0.008229,-0.0229750,-0.015305,-0.0342962,-0.0345507,sell
2020-02-05,0.08,0,0,0,1.97,0.33,1.24,0, 0.005888, 0.0241553, 0.047028, 0.0262213,-0.0057923,buy
2020-02-06,0.3,0,0,0,2.14,0.71,0.66,0,-0.063454,-0.0234159, 0.006784, 0.0028977,-0.0143692,sell
2020-02-07,0.84,0,0,0,1.74,0.94,0.34,0, 0.042208, 0.0237731, 0.021612, 0.0492240, 0.0227111,buy
2020-02-08,0.65,0.21,0,0,1.15,0.77,0.31,0, 0.034922, 0.0632073,-0.016645, 0.0330118,-0.0116239,sell
2020-02-09,0.21,0.55,0,0,1.27,1.23,0.41,0, 0.007757, 0.0077565, 0.008767, 0.0125975, 0.0169102,buy
2020-02-10,0.07,0.83,0,0,1.71,1.32,0.59,0,-0.024919,-0.0307654,-0.026109,-0.0173116,-0.0181435,sell
2020-02-11,0,0.47,0,0,1.48,1.22,0.85,0,-0.007555,-0.0075546,-0.006400, 0.0067166, 0.0067141,sell
2020-02-12,0,0.18,0,0,1.2,1.51,0.83,0, 0.014768, 0.0070096, 0.031259, 0.0312585, 0.0237970,buy
2020-02-13,0,0,0,0,1.03,1.33,0.74,0,-0.014309,-0.0143073,-0.000945, 0.0083997, 0.0049888,sell
2020-02-14,0,0,0,0,0.84,0.84,0.75,0,-0.049681,-0.0429099,-0.038239,-0.0343887, 0.0414742,sell
2020-02-15,0,0,0,0,1.17,0.65,0.81,0,-0.083319,-0.0862328,-0.087225,-0.0771351,-0.0482792,sell
2020-02-16,0.05,0,0,0,1.07,0.6,0.88,0,-0.094679,-0.0992900,-0.102465,-0.0928734,-0.0495742,sell
2020-02-17,0.1,0,0,0,0.51,0.69,1.03,0,-0.048400,-0.0657425,-0.060818,-0.0657057,-0.0483996,sell
2020-02-18,0.17,0,0,0,0.43,0.97,1.18,0,-0.021142,-0.0345012,-0.035807,-0.0345130,-0.0080821,sell
2020-02-19,0.3,0,0,0,0.31,1.5,1.42,0,-0.042654,-0.0485743,-0.046212,-0.0412156,-0.0362308,sell
2020-02-20,0.55,0,0,0,0.29,1.68,1.67,0,-0.044948,-0.0490310,-0.042316,-0.0426726,-0.0432728,sell
2020-02-21,0.77,0,0,0,0.68,1.39,1.85,0, 0.009345,-0.0074529,-0.005787, 0.0126691,-0.0057868,sell
2020-02-22,0.68,0.06,0,0,1.6,1.29,1.98,0,-0.021732,-0.0166825,-0.016260,-0.0136316,-0.0242489,sell
2020-02-23,0.77,0.09,0,0,2.04,1.28,1.63,0, 0.006411, 0.0033155, 0.003315, 0.0093242, 0.0033155,buy
2020-02-24,1.05,0.13,0,0,1.14,1.02,1.23,0,-0.025699,-0.0388382,-0.029438,-0.0025432,-0.0210021,sell
2020-02-25,0.78,0.18,0,0,0.49,0.81,1,0,-0.084102,-0.0557226,-0.088423,-0.0515283,-0.0820724,sell
2020-02-26,0.64,0.26,0,0,0.43,0.99,0.9,0,-0.090061,-0.0432351,-0.105140,-0.0501281,-0.1039753,sell
2020-02-27,0.92,0.28,0,0,0.57,1.17,0.98,0,-0.037580,-0.0213908, 0.043771, 0.0267839, 0.0389080,buy
2020-02-28,0.63,0.21,0,0,0.88,1.5,1.3,0,-0.012195,-0.0311596,-0.004912, 0.0388007,-0.0051980,sell
2020-02-29,0.26,0.15,0,0,0.87,1.25,1.35,0, 0.066326,-0.0053257, 0.018192, 0.0541347, 0.0137077,buy
2020-03-01,0.11,0.11,0,0,0.67,1.09,0.93,0,-0.024540,-0.0010841, 0.022635, 0.0198100, 0.0243248,buy
2020-03-02,0,0.08,0,0,0.64,1.44,0.71,0,-0.046390,-0.0462290, 0.009950, 0.0010123,-0.0009630,sell
2020-03-03,0,0.05,0,0,0.51,1.85,0.69,0,-0.029909,-0.0221677,-0.025417,-0.0048560, 0.0069047,sell
2020-03-04,0,0,0,0,0.62,1.5,0.82,0,-0.036890,-0.0386773,-0.009183, 0.0122425,-0.0091829,sell
2020-03-05,0,0,0,0,0.87,1.22,0.78,0,-0.002956,-0.0378274, 0.000682, 0.0040526,-0.0036591,sell
2020-03-06,0,0,0,0,1.33,1.37,0.68,0, 0.022423, 0.0123626, 0.021610, 0.0281957, 0.0211997,buy
2020-03-07,0,0,0,0,1.52,2.09,0.78,0,-0.045755,-0.0275994,-0.044705,-0.0418079,-0.0535302,sell
2020-03-08,0,0,0,0,1.54,2.78,1.17,0,-0.093400,-0.0731230,-0.103144,-0.0597742,-0.0933119,sell
2020-03-09,0,0,0,0,1.4,2.05,1.65,0,-0.056528,-0.0525082,-0.063872,-0.0382648,-0.0618062,sell
2020-03-10,0,0,0,0,0.95,1.14,1.52,0,-0.001906,-0.0059005, 0.022928,-0.0059005,-0.0059005,sell
2020-03-11,0,0,0,0,0.74,0.71,1.6,0,-0.033902,-0.0343339,-0.033902,-0.0317204,-0.0339020,sell
2020-03-12,0,0,0,0,0.69,0.46,1.73,0,-0.027227,-0.0272274,-0.027227,-0.0247223,-0.0398935,sell
2020-03-13,0,0,0,0,0.73,0.37,2.11,0, 0.036799, 0.0367993, 0.003000, 0.0014798, 0.0295370,buy
2020-03-14,0,0,0,0,0.93,0.35,2.73,0,-0.016014,-0.0160144, 0.012449,-0.0177496, 0.0421620,buy
2020-03-15,0,0,0,0,1,0.33,2.21,0, 0.013837, 0.0138370, 0.011333,-0.0352604, 0.0399832,buy
2020-03-16,0,0,0,0,0.76,0.32,1.54,0,-0.057202,-0.0572274,-0.063378,-0.0704033,-0.0575270,sell
2020-03-17,0,0,0,0,0.5,0.31,1.31,0,-0.004946,-0.0199164,-0.010474,-0.0573479,-0.0049462,sell
2020-03-18,0.1,0,0,0,0.33,0.29,1.46,0,-0.002172, 0.0085335, 0.007952,-0.0351664,-0.0056454,sell
2020-03-19,0.2,0,0,0,0.28,0.28,2.08,0, 0.141991, 0.1436377, 0.141126, 0.1427247, 0.1022023,buy
2020-03-20,0.43,0,0,0,0.26,0.41,2.22,0, 0.144377, 0.1375106, 0.144377, 0.1443765, 0.1054681,buy
2020-03-21,0.83,0,0,0,0.35,0.77,1.97,0, 0.081414, 0.0773884, 0.085935, 0.0859350, 0.0530753,buy
2020-03-22,0.7,0,0,0,0.69,1.44,2.56,0,-0.025022, 0.0346138,-0.018794,-0.0238582, 0.0346138,sell
2020-03-23,0.29,0,0,0,0.91,1.96,2.37,0, 0.001583, 0.0262184,-0.016479,-0.0036798, 0.0262184,buy
2020-03-24,0.16,0,0,0,0.95,1.95,1.22,0,-0.042263,-0.0429306,-0.048687,-0.0474704,-0.0448352,sell
2020-03-25,0.08,0,0,0,0.78,1.87,0.66,0,-0.012017,-0.0188675,-0.013143,-0.0224296,-0.0186062,sell
2020-03-26,0.26,0,0,0,0.37,1.77,0.38,0, 0.025264, 0.0412328, 0.033278, 0.0184835, 0.0247555,buy
2020-03-27,0.56,0,0,0,0.16,1.54,0.24,0, 0.023406, 0.0278277, 0.031565,-0.0697623, 0.0234056,buy
2020-03-28,0.91,0,0,0,0.1,0.92,0.22,0,-0.030078,-0.0398179,-0.040616,-0.0428806,-0.0096736,sell
2020-03-29,0.79,0,0,0,0.04,0.64,0.2,0,-0.035849,-0.0289901,-0.041586,-0.0415858,-0.0484304,sell
2020-03-30,0.38,0,0,0,0,0.68,0.18,0, 0.025501, 0.0299210, 0.019120, 0.0270623, 0.0197382,buy
2020-03-31,0.17,0,0,0,0,1.18,0.16,0, 0.023604, 0.0297112, 0.023604, 0.0236043, 0.0209594,buy
2020-04-01,0.21,0,0.13,0,0,1.72,0.15,0,-0.001938, 0.0280114, 0.004524, 0.0045244, 0.0070133,buy
2020-04-02,0.33,0,0.26,0,0,1.28,0.13,0, 0.033922, 0.0239014, 0.033560, 0.0335599, 0.0419401,buy
2020-04-03,0.68,0,0.51,0,0,1.31,0.12,0, 0.047280, 0.0602184, 0.047280, 0.0311985, 0.0472796,buy
2020-04-04,1.16,0,0.71,0,0.11,1.97,0.19,0, 0.029912, 0.0271191, 0.021013, 0.0141970, 0.0210130,buy
2020-04-05,0.97,0,0.51,0,0.41,2.42,0.32,0,-0.022490, 0.0048653,-0.011277,-0.0002458, 0.0146443,sell
2020-04-06,0.53,0,0.26,0,1,2.27,0.61,0, 0.012512, 0.0200485, 0.022634,-0.0418717, 0.0176638,buy
2020-04-07,0.33,0,0.29,0,1.71,1.58,1.52,0, 0.062447, 0.0417727, 0.066827, 0.0586573, 0.0604105,buy
2020-04-08,0.26,0,0.18,0,2.16,1.23,1.83,0, 0.057597, 0.0335822, 0.055376, 0.0489970, 0.0441012,buy
2020-04-09,0.21,0,0.2,0,1.92,1.01,1.27,0, 0.069051, 0.0461744, 0.070110, 0.0693608, 0.0597642,buy
2020-04-10,0.28,0,0.22,0,1.2,0.84,1.36,0,-0.037553,-0.0402112, 0.034863,-0.0388998,-0.0402112,sell
2020-04-11,0.28,0,0.24,0,0.57,0.67,2,0, 0.042519, 0.0435277, 0.038502, 0.0453400, 0.0371631,buy
2020-04-12,0.21,0,0.26,0,0.32,0.73,1.66,0, 0.057948, 0.0265398, 0.036123, 0.0355354, 0.0398003,buy
2020-04-13,0.16,0.17,0.28,0,0.27,0.68,0.58,0, 0.020997, 0.0208151, 0.017615, 0.0079225, 0.0103749,buy
2020-04-14,0.12,0.44,0.31,0,0.64,0.49,0.18,0,-0.009487,-0.0103684,-0.006962,-0.0123827, 0.0000041,sell
2020-04-15,0.09,0.76,0.33,0,0.48,0.36,0.29,0,-0.012319,-0.0272116,-0.017047,-0.0108659, 0.0036864,sell
2020-04-16,0.07,0.82,0.36,0,0.11,0.27,0.53,0, 0.048711, 0.0608300, 0.036735, 0.0619910, 0.0487111,buy
2020-04-17,0.06,0.66,0.39,0,0,0.29,0.92,0, 0.025229, 0.0269657, 0.025714, 0.0430558, 0.0252289,buy
2020-04-18,0.04,0.41,0.43,0,0,0.47,0.76,0, 0.016480, 0.0334986, 0.039391,-0.0164774,-0.0103614,buy
2020-04-19,0.03,0.16,0.46,0,0,0.58,0.49,0, 0.039410, 0.0287301, 0.065759, 0.0432996, 0.0051115,buy
2020-04-20,0.03,0.09,0.5,0,0,0.26,0.49,0, 0.018871,-0.0281031, 0.018871,-0.0313051,-0.0582626,sell
2020-04-21,0.02,0.15,0.54,0,0.34,0.26,0.89,0,-0.005063,-0.0052267,-0.001295,-0.0214007,-0.0122288,sell
2020-04-22,0,0.52,0.58,0,1.19,0.34,0.86,0, 0.022430, 0.0359529, 0.035953, 0.0359529, 0.0359529,buy
2020-04-23,0,0.95,0.63,0,0.8,0.8,0.33,0,-0.011664,-0.0071188,-0.031060,-0.0197504,-0.0045013,sell
2020-04-24,0,1.47,0.67,0,0.37,1.6,0.13,0, 0.047946, 0.0556659, 0.029437, 0.0355121, 0.0479463,buy
2020-04-25,0,1.64,0.72,0,0.46,1.38,0,0, 0.046704, 0.0371691, 0.020643, 0.0178500, 0.0467043,buy
2020-04-26,0,1.43,0.76,0,0.97,0.72,0.04,0,-0.051016,-0.0647374,-0.066881,-0.0651159,-0.0500576,sell
2020-04-27,0,0.92,0.82,0,1.3,0.68,0.36,0,-0.012727,-0.0116872,-0.010292,-0.0134914,-0.0086642,sell
2020-04-28,0,0.49,0.88,0,1.45,0.55,1.25,0, 0.009881, 0.0252962, 0.024955, 0.0252962, 0.0173474,buy
2020-04-29,0,0.33,0.93,0,1.27,1.34,0.75,0, 0.070857, 0.0693065, 0.066936, 0.0711982, 0.0662743,buy
2020-04-30,0,0.22,0.96,0,0.92,2.16,0.12,0,-0.045147,-0.0473041,-0.029824,-0.0612541,-0.0516614,sell
2020-05-01,0,0,0.93,0,0.97,1.31,0,0, 0.028693, 0.0159343, 0.003111, 0.0008819, 0.0152794,buy
2020-05-02,0,0,0.87,0,0.48,0.93,0,0,-0.008922,-0.0305773,-0.044138,-0.0370664,-0.0467287,sell
2020-05-03,0,0,0.82,0,0.25,0.76,0,0,-0.008846, 0.0188225,-0.005796, 0.0215662, 0.0176056,sell
2020-05-04,0,0,0.77,0,0.37,0.92,0,0,-0.009161,-0.0440812,-0.038582,-0.0583202,-0.0379776,sell
2020-05-05,0,0,0.73,0,0.71,1.86,0,0,-0.023148,-0.0328013,-0.023753,-0.0381805,-0.0392060,sell
2020-05-06,0,0,0.69,0,0.9,1.86,0.55,0,-0.003701,-0.0281261,-0.000044,-0.0171917,-0.0231721,sell
2020-05-07,0,0,0.65,0,0.85,1.35,1.5,0, 0.053909,-0.0063810, 0.023447, 0.0333184, 0.0572655,buy
2020-05-08,0.18,0,0.62,0,0.91,1.44,0.81,0,-0.002805,-0.0548581, 0.001774,-0.0209958,-0.0259063,sell
2020-05-09,0.67,0,0.59,0,0.79,0.86,0.76,0,-0.024853,-0.0384821,-0.033391,-0.0333907,-0.0333907,sell
2020-05-10,0.72,0,0.56,0,0.63,0.55,1.39,0,-0.069791,-0.0716204,-0.070126,-0.0701256,-0.0714120,sell
2020-05-11,0.54,0,0.53,0,0.99,0.7,1.06,0,-0.050388,-0.0637626,-0.062491,-0.0545980,-0.0594979,sell
2020-05-12,1.45,0,0.51,0,1.47,1.04,0.46,0, 0.044689, 0.0458786, 0.029254, 0.0470112, 0.0472451,buy
2020-05-13,1.49,0,0.49,0,0.83,1.22,0.2,0, 0.045432, 0.0501264, 0.056942, 0.0491709, 0.0559873,buy
2020-05-14,1.43,0,0.47,0,0.8,0.86,0.15,0, 0.062581, 0.0664980, 0.062990, 0.0629904, 0.0765702,buy
2020-05-15,1.38,0.14,0.45,0,1.55,0.57,0.68,0, 0.021175, 0.0164382, 0.016016, 0.0195750, 0.0193331,buy
2020-05-16,0.9,0.64,0.43,0,1.27,0.41,0.54,0, 0.022643, 0.0217824, 0.025161, 0.0075437, 0.0407445,buy
2020-05-17,0.75,0.77,0.41,0,0.58,0.28,0.1,0, 0.008398, 0.0147458, 0.026081, 0.0260808, 0.0327066,buy
2020-05-18,0.47,0.38,0.4,0,0.36,0.23,0,0, 0.080021, 0.0665439, 0.068229, 0.0149758, 0.0682660,buy
2020-05-19,0.26,0.56,0.38,0,0.35,0.18,0,0, 0.033833, 0.0303540, 0.030354, 0.0053434, 0.0281546,buy
2020-05-20,0.35,1.1,0.37,0,0.58,0.14,0.06,0,-0.009610,-0.0128576,-0.012858,-0.0120011,-0.0133009,sell
2020-05-21,0.7,0.48,0.36,0,0.78,0.1,0.11,0,-0.054517,-0.0495717,-0.016134,-0.0444969,-0.0444969,sell
2020-05-22,1.12,0,0.35,0,0.52,0.22,0.19,0, 0.008362, 0.0341924, 0.029684, 0.0298788, 0.0170298,buy
2020-05-23,0.72,0,0.42,0,0.38,0.69,0.34,0,-0.054867,-0.0526778,-0.066120,-0.0558715,-0.0606330,sell
2020-05-24,0.3,0,0.68,0,0.46,0.91,0.59,0,-0.017823, 0.0087215,-0.013322, 0.0169184, 0.0323276,sell
2020-05-25,0.13,0.21,0.93,0,0.59,0.49,0.69,0, 0.027818, 0.0428613, 0.028896, 0.0273571, 0.0487368,buy
2020-05-26,0,0.32,0.82,0,0.61,0.55,0.55,0, 0.010656, 0.0110624,-0.006548, 0.0040936, 0.0050004,sell
2020-05-27,0,0.49,0.53,0,0.49,0.71,0.45,0, 0.021947, 0.0403432, 0.013365, 0.0093404, 0.0305648,buy
2020-05-28,0,0.91,0.62,0,0.61,0.66,0.58,0,-0.014335,-0.0081549,-0.029431, 0.0016546, 0.0106806,sell
2020-05-29,0,1.41,1.19,0,0.69,0.57,0.79,0,-0.052796,-0.0622695,-0.061813,-0.0498130,-0.0500492,sell
2020-05-30,0,1.59,1.22,0,0.4,0.63,0.55,0, 0.045657, 0.0224824, 0.015698, 0.0401091, 0.0269945,buy
2020-05-31,0,1.21,0.59,0,0.16,0.48,0.22,0, 0.000703,-0.0016028,-0.002911,-0.0165131, 0.0136632,sell
2020-06-01,0,0.95,0.27,0,0.07,0.21,0.1,0, 0.013169, 0.0110141,-0.017240,-0.0105966,-0.0008672,sell
2020-06-02,0,0.56,0.27,0,0,0.24,0.09,0, 0.007350, 0.0089599, 0.007565,-0.0012884, 0.0067914,buy
2020-06-03,0.04,0.22,0.26,0,0,0.31,0.21,0, 0.015953, 0.0266727, 0.015953, 0.0421040, 0.0274901,buy
2020-06-04,0.09,0.37,0.26,0,0,0.46,0.47,0, 0.006074, 0.0257630, 0.022332, 0.0115699,-0.0056434,buy
2020-06-05,0.18,0.81,0.25,0,0.02,0.85,0.7,0,-0.019050, 0.0011843, 0.008472, 0.0011843, 0.0077869,buy
2020-06-06,0.33,1.56,0.25,0,0.11,1.27,0.53,0, 0.003774, 0.0054794, 0.003683, 0.0071557, 0.0068407,buy
2020-06-07,0.42,1.41,0.25,0,0.3,1.02,0.34,0, 0.009058, 0.0071445, 0.001379, 0.0071445,-0.0058358,sell
2020-06-08,0.3,0.91,0.25,0,0.39,0.54,0.32,0,-0.047458,-0.0189992,-0.036038,-0.0504771,-0.0526961,sell
2020-06-09,0.18,0.63,0.25,0,0.36,0.29,0.4,0,-0.007789, 0.0235236, 0.008786, 0.0256266, 0.0230566,buy
2020-06-10,0.12,0.69,0.24,0,0.51,0.16,0.55,0,-0.014924,-0.0025794,-0.009087, 0.0003252, 0.0044725,sell
2020-06-11,0.08,0.53,0.24,0,0.6,0.08,0.7,0,-0.040219,-0.0530114,-0.053011,-0.0382217,-0.0334572,sell
2020-06-12,0.06,0.29,0.24,0,0.45,0.17,0.54,0, 0.005553,-0.0051145,-0.016387,-0.0042736, 0.0022018,sell
2020-06-13,0.04,0.19,0.42,0,0.28,0.39,0.34,0, 0.016662, 0.0243568, 0.028178, 0.0558115, 0.0281782,buy
2020-06-14,0.04,0.13,0.77,0,0.2,0.88,0.28,0, 0.013861,-0.0025716, 0.012337, 0.0164427, 0.0143281,buy
2020-06-15,0.03,0,0.98,0,0.17,0.87,0.25,0,-0.025764,-0.0546249,-0.052294,-0.0479890,-0.0406779,sell
2020-06-16,0.03,0,0.81,0,0.18,0.58,0.33,0,-0.008975,-0.0186336,-0.009026,-0.0079822,-0.0122718,sell
2020-06-17,0.03,0,0.52,0,0.25,0.59,0.48,0, 0.057510, 0.0378847, 0.032010, 0.0219328, 0.0281573,buy
2020-06-18,0.03,0,0.31,0,0.28,0.83,0.79,0, 0.018912, 0.0187328, 0.016596, 0.0134638, 0.0071838,buy
2020-06-19,0.04,0,0.46,0,0.16,0.79,0.88,0,-0.008367,-0.0083666,-0.015869,-0.0043897,-0.0022597,sell
2020-06-20,0.05,0,0.78,0,0.09,0.48,0.73,0,-0.001789,-0.0017892,-0.005994, 0.0064770, 0.0025517,sell
2020-06-21,0.07,0,1.19,0,0.05,0.28,0.44,0,-0.017829, 0.0024996,-0.018660,-0.0111363,-0.0111363,sell
2020-06-22,0.09,0,0.91,0,0.03,0.17,0.24,0, 0.029187, 0.0316450, 0.029187, 0.0375924, 0.0316505,buy
2020-06-23,0.14,0,0.51,0,0.07,0.1,0.12,0, 0.010198, 0.0053863, 0.013704, 0.0051195,-0.0275962,buy
2020-06-24,0.21,0,0.25,0,0.13,0.06,0.18,0,-0.032357,-0.0018939,-0.037162,-0.0324766,-0.0485694,sell
2020-06-25,0.35,0,0.25,0,0.3,0,0.25,0,-0.020967,-0.0297004,-0.013096,-0.0131989,-0.0313518,sell
2020-06-26,0.42,0,0.25,0,0.48,0,0.54,0,-0.026459, 0.0041087,-0.004435,-0.0121920, 0.0176622,sell
2020-06-27,0.3,0,0.25,0,0.33,0,0.96,0,-0.035315,-0.0521154,-0.049236,-0.0325462,-0.0306323,sell
2020-06-28,0.17,0,0.25,0,0.15,0,1.46,0, 0.001086, 0.0010855, 0.009186,-0.0187176, 0.0010855,buy
2020-06-29,0.1,0,0.26,0,0.07,0,1.46,0,-0.011119,-0.0087950, 0.009573,-0.0213052,-0.0087950,sell
2020-06-30,0.06,0,0.26,0,0.04,0,1.69,0,-0.003197,-0.0031967, 0.020299,-0.0073614,-0.0031967,buy
2020-07-01,0.09,0,0.26,0,0,0,1.73,0, 0.003331, 0.0033308, 0.022448,-0.0008340, 0.0033308,buy
2020-07-02,0.14,0,0.27,0,0.03,0,1.06,0,-0.015263,-0.0177012,-0.027462,-0.0262387,-0.0152626,sell
2020-07-03,0.31,0.07,0.27,0,0.07,0,0.57,0,-0.004528,-0.0009449,-0.005318, 0.0051076,-0.0131295,sell
2020-07-04,0.42,0.21,0.28,0,0.19,0,0.42,0, 0.006952, 0.0058532, 0.010194, 0.0196960, 0.0075547,buy
2020-07-05,0.24,0.3,0.28,0,0.3,0,0.34,0, 0.011301, 0.0113010, 0.011301, 0.0115473, 0.0225916,buy
2020-07-06,0.1,0.45,0.28,0,0.26,0,0.38,0, 0.005184, 0.0096084, 0.005184,-0.0003972, 0.0162436,buy
2020-07-07,0.04,0.7,0.29,0,0.2,0,0.41,0, 0.015745, 0.0380493, 0.010520, 0.0263908, 0.0154103,buy
2020-07-08,0,0.83,0.29,0,0.19,0,0.54,0, 0.023931, 0.0352742, 0.007355, 0.0360714, 0.0231864,buy
2020-07-09,0.12,0.81,0.3,0,0.24,0.06,0.72,0,-0.001418, 0.0027077,-0.013715, 0.0161276,-0.0046770,sell
2020-07-10,0.29,0.63,0.3,0,0.4,0.06,0.96,0, 0.000672,-0.0113046,-0.010102, 0.0159343,-0.0054473,sell
2020-07-11,0.69,0.39,0.31,0,0.61,0.07,0.92,0,-0.028299,-0.0297607,-0.025715,-0.0386662,-0.0273840,sell
2020-07-12,1.39,0.19,0.31,0,0.74,0.07,0.72,0, 0.004489, 0.0161045, 0.028267, 0.0282673, 0.0042255,buy
2020-07-13,1.16,0.11,0.32,0,0.67,0.07,0.6,0, 0.018617, 0.0228509, 0.036280, 0.0362804, 0.0186168,buy
2020-07-14,0.49,0,0.32,0,0.67,0.08,0.54,0,-0.029849,-0.0234799,-0.023574, 0.0003030,-0.0202186,sell
2020-07-15,0.21,0.24,0.33,0,0.81,0.09,0.53,0,-0.044211,-0.0447923,-0.044792,-0.0360272,-0.0394567,sell
2020-07-16,0,0.45,0.34,0,0.83,0.09,0.53,0,-0.023679,-0.0370200,-0.032952,-0.0188581,-0.0233187,sell
2020-07-17,0,0.94,0.34,0,0.7,0.16,0.54,0, 0.015081, 0.0043057,-0.001704, 0.0019700, 0.0047422,buy
2020-07-18,0,1.34,0.35,0,0.78,0.18,0.65,0,-0.017484,-0.0136681, 0.003694,-0.0216369,-0.0220882,sell
2020-07-19,0,1.16,0.36,0,1.22,0.2,0.75,0,-0.023321,-0.0351835,-0.014928,-0.0138247,-0.0361631,sell
2020-07-20,0,0.67,0.36,0,1.06,0.24,0.9,0, 0.037777, 0.0271365, 0.024151, 0.0242594, 0.0271365,buy
2020-07-21,0.04,0.32,0.37,0,0.52,0.28,1.16,0, 0.026724, 0.0315984, 0.007286, 0.0319603, 0.0320278,buy
2020-07-22,0.11,0,0.38,0,0.21,0.32,1.59,0, 0.023035, 0.0200075, 0.020007, 0.0176831, 0.0158639,buy
2020-07-23,0.29,0,0.38,0,0.07,0.37,1.6,0, 0.025148, 0.0158097, 0.016017, 0.0158097, 0.0251478,buy
2020-07-24,0.42,0,0.39,0,0.04,0.42,1.35,0, 0.028667, 0.0062840, 0.006284, 0.0062840, 0.0237284,buy
2020-07-25,0.2,0,0.49,0,0,0.48,1.29,0, 0.032243, 0.0190243, 0.019024, 0.0172914, 0.0274227,buy
2020-07-26,0.06,0.45,0.59,0,0,0.54,1.32,0, 0.020587, 0.0205871, 0.017749, 0.0205871, 0.0129681,buy
2020-07-27,0,1.07,0.76,0,0.02,0.61,1.4,0, 0.003621, 0.0083686, 0.026097, 0.0133481,-0.0112889,buy
2020-07-28,0.17,1.39,0.81,0,0.03,0.68,1.35,0,-0.016118,-0.0067450, 0.015104, 0.0117679,-0.0143915,sell
2020-07-29,0.55,0.74,0.77,0,0.04,0.75,1.24,0,-0.020444,-0.0102507, 0.003353,-0.0551641, 0.0090117,sell
2020-07-30,1.66,0.31,0.87,0,0.18,0.93,1.13,0, 0.010138, 0.0077971, 0.007595, 0.0363607, 0.0229442,buy
2020-07-31,1.67,0,0.99,0,0.28,1.17,1.04,0, 0.032874, 0.0348387, 0.038057, 0.0589256, 0.0351045,buy
2020-08-01,0.92,0.1,0.88,0,0.51,1.51,0.95,0, 0.089104, 0.0741453, 0.085284, 0.0588872, 0.0539576,buy
2020-08-02,0.31,0.42,1.11,0,1.05,2.09,0.87,0,-0.072994,-0.0729944,-0.057413,-0.0756444,-0.0666458,sell
2020-08-03,0.13,0.31,1.14,0,1.62,2.38,0.8,0,-0.020551,-0.0142977,-0.045747,-0.0205509,-0.0257618,sell
2020-08-04,0.05,0,1.52,0,1.32,1.82,0.74,0,-0.005147,-0.0051259,-0.014535,-0.0291890, 0.0102303,sell
2020-08-05,0,0,1.38,0,1.3,1.19,0.68,0, 0.080681, 0.0806811, 0.074979, 0.0776247, 0.0795710,buy
2020-08-06,0,0.24,0.86,0,1.3,0.93,0.63,0, 0.079203, 0.0792031, 0.084799, 0.0691831, 0.0752214,buy
2020-08-07,0,1.34,0.49,0,1,0.75,0.59,0,-0.049938,-0.0218879,-0.045456,-0.0180344,-0.0338837,sell
2020-08-08,0.17,1.25,0.5,0,0.69,0.75,0.55,0,-0.038197, 0.0128364,-0.035831, 0.0084812,-0.0011274,sell
2020-08-09,0.69,0,0.96,0,0.48,0.97,0.51,0,-0.038764,-0.0054767,-0.040596,-0.0428086,-0.0437432,sell
2020-08-10,0.44,0,1.4,0,0.33,1.79,0.48,0,-0.032864,-0.0328636,-0.025341,-0.0351058,-0.0112886,sell
2020-08-11,0.07,0,1.54,0,0.22,1.7,0.44,0,-0.072593,-0.0629635,-0.060105,-0.0756651,-0.0542615,sell
2020-08-12,0,0,1.88,0,0.16,1.12,0.42,0,-0.074257, 0.0019142,-0.001143,-0.0518638, 0.0007236,sell
2020-08-13,0.03,0,1.71,0,0.11,1.14,0.45,0,-0.081943,-0.0283481,-0.030795,-0.0644980,-0.0314676,sell
2020-08-14,0.1,0.21,2.29,0,0,1.38,0.45,0,-0.042657,-0.0000056, 0.015709,-0.0173448, 0.0015908,buy
2020-08-15,0.27,0.5,2.49,0,0,1.43,0.61,0,-0.007643, 0.0177785, 0.027814, 0.0042922, 0.0120624,buy
2020-08-16,0.42,1.35,1.59,0,0,1.5,0.94,0, 0.024632,-0.0270232,-0.002249,-0.0289083,-0.0292559,sell
2020-08-17,0.22,1.09,1.64,0,0,1.44,2.04,0, 0.031621, 0.0141577, 0.014307, 0.0193909, 0.0135412,buy
2020-08-18,0.07,0.16,2.28,0,0,1.21,2.95,0, 0.001711, 0.0121664, 0.044721, 0.0554150, 0.0499098,buy
2020-08-19,0,0,1.81,0,0,1.13,1.98,0,-0.034485, 0.0061712, 0.039724, 0.0402201, 0.0315952,buy
2020-08-20,0,0.11,1,0,0.03,1.13,1.27,0,-0.016618,-0.0057444, 0.012680,-0.0057141, 0.0223872,buy
2020-08-21,0,0.41,0.73,0,0.11,1.11,1.16,0,-0.009071,-0.0138670, 0.022844,-0.0092732, 0.0120864,buy
2020-08-22,0,0.24,0.56,0,0.24,1.15,1.09,0,-0.021492,-0.0088635, 0.009756,-0.0095995, 0.0098134,sell
2020-08-23,0,0.49,0.77,0,0.13,1.2,0.99,0,-0.040779,-0.0407791,-0.037829,-0.0276544,-0.0098948,sell
2020-08-24,0.23,0.95,1.14,0,0.04,1.27,0.81,0,-0.002212,-0.0079544,-0.007954,-0.0084401,-0.0097272,sell
2020-08-25,0.92,1.65,0.85,0,0,1.32,0.69,0,-0.025038,-0.0361298, 0.016220,-0.0362853,-0.0361298,sell
2020-08-26,0.97,1.45,0.56,0,0.02,1.34,0.58,0,-0.000203, 0.0009811, 0.063730,-0.0042366,-0.0061336,buy
2020-08-27,1.49,0.55,0.55,0,0.04,1.36,0.5,0,-0.106042,-0.1140319,-0.076364,-0.1182992,-0.0960723,sell
2020-08-28,1.42,0.54,0.55,0,0.06,1.37,0.44,0,-0.119673,-0.1280051,-0.097255,-0.1245425,-0.1109025,sell
2020-08-29,0.89,0.54,0.72,0,0.1,1.35,0.4,0,-0.111770,-0.1252435,-0.068050,-0.1252435,-0.1086670,sell
2020-08-30,0.52,0.64,0.96,0,0.26,1.28,0.36,0, 0.061530, 0.0635939, 0.063523, 0.0635939, 0.0616334,buy
2020-08-31,0.47,0.62,1.13,0,0.52,1.26,0.36,0,-0.026519,-0.0265192,-0.026519,-0.0290030,-0.0290030,sell
2020-09-01,1.09,0.77,0.88,0,0.94,1.3,0.37,0,-0.038854, 0.0525209, 0.056413, 0.0300878, 0.0122626,buy
2020-09-02,1.59,1.67,0.67,0,0.79,1.38,0.41,0,-0.011720,-0.0430461,-0.046425,-0.0325535,-0.0322922,sell
2020-09-03,1.63,1.74,0.53,0,0.32,1.2,0.45,0,-0.047626,-0.0704362,-0.069540, 0.0143230,-0.0695398,sell
2020-09-04,0.59,0.62,0.52,0,0.14,1.01,0.54,0,-0.033883,-0.0453108,-0.041177,-0.0849359,-0.0317279,sell
2020-09-05,0.17,0,0.51,0,0.03,0.91,0.52,0,-0.049768,-0.0406136,-0.048988,-0.0477436,-0.0371546,sell
2020-09-06,0.04,0,0.58,0,0.02,0.85,0.42,0,-0.001634, 0.0434812, 0.073280, 0.0732799, 0.0688222,buy
2020-09-07,0.09,0,0.94,0,0,0.8,0.3,0,-0.028210,-0.0022896,-0.008864,-0.0301101,-0.0256107,sell
2020-09-08,0.23,0.3,1.1,0,0,0.75,0.27,0,-0.006787,-0.0247065,-0.001490,-0.0313082,-0.0417055,sell
2020-09-09,0.42,0.81,0.91,0,0,0.72,0.24,0, 0.024374, 0.0136848, 0.024374, 0.0136848, 0.0367357,buy
2020-09-10,0.36,1.39,0.61,0,0,0.67,0.23,0, 0.068192, 0.0248662, 0.041290, 0.0228273, 0.0304746,buy
2020-09-11,0.32,0.84,0.74,0,0,0.64,0.23,0, 0.063881, 0.0434427, 0.063881, 0.0434427, 0.0438294,buy
2020-09-12,0.57,0.3,1.04,0,0,0.72,0.23,0, 0.037363, 0.0288949, 0.041563, 0.0330944, 0.0423241,buy
2020-09-13,0.92,0,0.76,0,0,0.91,0.27,0, 0.020125, 0.0244584, 0.001254, 0.0356727, 0.0170009,buy
2020-09-14,1.05,0,0.51,0,0,1.48,0.35,0,-0.077604,-0.0776038,-0.074377,-0.0776038,-0.0725464,sell
2020-09-15,0.9,0.27,0.5,0,0,1.48,0.51,0,-0.041753,-0.0709316,-0.020647,-0.0549961,-0.0549961,sell
2020-09-16,0.76,0.77,0.5,0,0,0.84,0.49,0,-0.045904,-0.0792245,-0.076064,-0.0686757,-0.0432287,sell
2020-09-17,1.19,1.05,0.89,0,0,0.59,0.36,0, 0.032193,-0.0008942, 0.021074,-0.0043832, 0.0197981,buy
2020-09-18,1.06,0.63,1.68,0,0,0.45,0.3,0,-0.039060, 0.0064790,-0.019098,-0.0190983,-0.0307869,sell
2020-09-19,0.42,0.22,1.47,0,0,0.44,0.27,0,-0.055896, 0.0345262, 0.003203, 0.0029063, 0.0042699,sell
2020-09-20,0.31,0,0.87,0,0,0.43,0.34,0, 0.018326,-0.0154742, 0.008662,-0.0476597,-0.0171956,sell
2020-09-21,0.44,0,1.13,0,0,0.41,0.37,0,-0.045139,-0.0343374,-0.045441,-0.0608524,-0.0556969,sell
2020-09-22,0.83,0,1.77,0,0,0.38,0.39,0,-0.048136,-0.0362860,-0.052411,-0.0514244,-0.0505634,sell
2020-09-23,0.47,0,2.13,0,0,0.38,0.41,0,-0.033183, 0.0240276,-0.018658,-0.0186575, 0.0023371,sell
2020-09-24,0.15,0.18,1.42,0,0,0.4,0.44,0,-0.041881,-0.0278116,-0.035114,-0.0440163,-0.0354650,sell
2020-09-25,0.09,0.53,1,0,0,0.45,0.62,0,-0.005592,-0.0213603, 0.035756,-0.0219406,-0.0428555,buy
2020-09-26,0.28,0.69,0.9,0,0,0.51,0.94,0,-0.015583,-0.0150539,-0.011777,-0.0277729,-0.0476930,sell
2020-09-27,0.41,0.31,1.06,0,0,0.63,1.4,0,-0.031176,-0.0291177,-0.028344,-0.0306718,-0.0272019,sell
2020-09-28,0.2,0,1.43,0,0,0.62,1.18,0,-0.025022,-0.0330167,-0.025921,-0.0250224,-0.0159436,sell
2020-09-29,0.07,0.49,1.22,0,0,0.49,0.88,0, 0.008303,-0.0223560, 0.003940,-0.0215804,-0.0305242,sell
2020-09-30,0,1.26,0.83,0,0,0.41,0.84,0,-0.000380,-0.0342144,-0.034599,-0.0345987, 0.0229188,sell
2020-10-01,0.02,1.4,0.75,0,0,0.36,0.88,0,-0.018537,-0.0456703,-0.045450,-0.0455258, 0.0249648,sell
2020-10-02,0.04,0.61,1.19,0,0,0.33,1,0, 0.025792, 0.0004873, 0.001283, 0.0039038,-0.0305099,sell
2020-10-03,0.08,0.5,1.28,0,0,0.3,1.13,0, 0.008803,-0.0192982,-0.025669,-0.0185688,-0.0310242,sell
2020-10-04,0.14,0.57,1.14,0,0,0.28,1.3,0, 0.026007,-0.0039716,-0.010340, 0.0002264,-0.0198580,sell
2020-10-05,0.27,1.33,0.73,0,0,0.27,1.51,0,-0.046236,-0.0244854, 0.004699, 0.0009148,-0.0190902,sell
2020-10-06,0.28,1.53,0.54,0,0,0.27,1.68,0,-0.041739,-0.0394754,-0.000975, 0.0130962,-0.0189185,sell
2020-10-07,0.15,1.08,0.67,0,0,0.26,1.67,0,-0.009076, 0.0063600, 0.018374, 0.0111173,-0.0335715,sell
2020-10-08,0.16,0.8,0.82,0,0,0.26,1.62,0, 0.010174, 0.0192743, 0.019274, 0.0141410,-0.0067888,buy
2020-10-09,0.27,0.71,0.91,0,0,0.26,1.61,0, 0.010738, 0.0105915, 0.010591, 0.0048385,-0.0042740,sell
2020-10-10,0.71,0.74,1.04,0,0,0.25,1.67,0, 0.042489, 0.0293091, 0.024161, 0.0109052, 0.0333360,buy
2020-10-11,0.68,1.1,1.45,0,0.09,0.25,1.81,0,-0.030043,-0.0387006,-0.038702,-0.0529032,-0.0385972,sell
2020-10-12,0.23,0.88,1.15,0,0.11,0.25,1.91,0,-0.036039,-0.0357910,-0.034881,-0.0183353,-0.0477014,sell
2020-10-13,0.22,0.31,0.65,0,0.15,0.24,1.69,0, 0.002817, 0.0039515, 0.003952, 0.0032084, 0.0034236,buy
2020-10-14,0.36,0,0.31,0,0.19,0.24,1.41,0, 0.020282, 0.0058306,-0.000384, 0.0055728, 0.0202819,buy
2020-10-15,0.83,0,0.33,0,0.25,0.24,1.2,0,-0.010885,-0.0226690, 0.017012,-0.0084409,-0.0047146,sell
2020-10-16,0.78,0,0.35,0,0.32,0.23,1.04,0,-0.055661,-0.0256032, 0.006638,-0.0421733,-0.0139648,sell
2020-10-17,0.4,0,0.37,0,0.41,0.23,0.92,0,-0.029591, 0.0122618, 0.065534,-0.0108248, 0.0119989,buy
2020-10-18,0.45,0,0.39,0,0.53,0.23,0.79,0,-0.028495,-0.0041289, 0.049349, 0.0014957, 0.0087851,buy
2020-10-19,0.58,0.21,0.41,0,0.68,0.23,0.72,0,-0.063810,-0.0055376, 0.021646, 0.0058578,-0.0132861,sell
2020-10-20,0.67,0.44,0.43,0,0.86,0.28,0.69,0, 0.005377,-0.0077981,-0.009303,-0.0013906, 0.0038666,sell
2020-10-21,1.05,1.02,0.66,0,1.09,0.53,0.67,0, 0.039529, 0.0377959, 0.043914, 0.0204801, 0.0249602,buy
2020-10-22,1.01,1.24,1.02,0,1.19,0.46,0.7,0, 0.022027, 0.0038674, 0.028114, 0.0212370, 0.0360776,buy
2020-10-23,0.83,1.3,1.07,0,1.05,0.25,0.7,0,-0.020916,-0.0194429,-0.021003,-0.0092820, 0.0034570,sell
2020-10-24,1.21,1.73,0.68,0,0.84,0.21,0.59,0, 0.036640, 0.0170129, 0.038866,-0.0257604, 0.0192250,buy
2020-10-25,0.78,2.37,0.54,0,0.68,0.21,0.54,0,-0.015238, 0.0032876, 0.003411,-0.0278871,-0.0200218,sell
2020-10-26,0.33,2.12,0.84,0,0.57,0.21,0.64,0, 0.001552, 0.0016065,-0.011689,-0.0382521, 0.0015907,sell
2020-10-27,0.24,1.11,1.13,0,0.67,0.21,0.48,0, 0.052600, 0.0479127, 0.061232, 0.0289318, 0.0554682,buy
2020-10-28,0.38,0.89,1.26,0,0.68,0.2,0.28,0,-0.011855,-0.0057344, 0.011353,-0.0134187,-0.0063239,sell
2020-10-29,0.41,0.86,1.09,0,0.5,0.24,0.2,0,-0.008668,-0.0127774,-0.008244,-0.0319978,-0.0012530,sell
2020-10-30,0.18,0.93,0.78,0,0.51,0.25,0.17,0, 0.009573, 0.0307513, 0.010371, 0.0132326,-0.0082518,buy
2020-10-31,0.08,0.44,0.58,0,0.42,0.27,0.15,0,-0.007329,-0.0073637, 0.013276,-0.0073637,-0.0126017,sell
2020-11-01,0.04,0.15,0.62,0,0.29,0.28,0.13,0,-0.001334,-0.0189087,-0.011135,-0.0262379,-0.0339515,sell
2020-11-02,0,0,0.84,0,0.21,0.29,0.11,0, 0.008937, 0.0155599,-0.017815,-0.0084788,-0.0144605,sell
2020-11-03,0,0,1.24,0,0.17,0.31,0.1,0, 0.025040, 0.0169403, 0.010914, 0.0482273, 0.0259763,buy
2020-11-04,0,0,1.4,0,0.14,0.34,0,0,-0.015250,-0.0145004,-0.003070,-0.0110969,-0.0020124,sell
2020-11-05,0,0,1.12,0,0.12,0.37,0,0, 0.010270, 0.0243760, 0.008197, 0.0256963, 0.0170726,buy
2020-11-06,0.03,0,0.93,0,0.14,0.41,0,0,-0.002578, 0.0124537,-0.003970,-0.0143123,-0.0161816,sell
2020-11-07,0.23,0.11,0.83,0,0.15,0.44,0,0, 0.008486,-0.0022259, 0.010647,-0.0157002,-0.0183379,sell
2020-11-08,0.54,0.29,0.71,0,0.15,0.49,0,0,-0.054384,-0.0547097,-0.052317,-0.0619447,-0.0529704,sell
2020-11-09,1.29,0.41,0.61,0,0.15,0.55,0,0,-0.022651,-0.0213815,-0.024157,-0.0180760,-0.0272207,sell
2020-11-10,1.77,0.41,0.89,0,0.17,0.61,0,0, 0.004519, 0.0011354, 0.009014, 0.0318125, 0.0007801,buy
2020-11-11,1.11,0.55,1.77,0,0.18,0.66,0.08,0,-0.031723,-0.0336135,-0.035856,-0.0279943,-0.0336135,sell
2020-11-12,0.62,1.28,2.06,0,0.19,0.63,0.19,0,-0.039064,-0.0360639,-0.034197,-0.0346118,-0.0371839,sell
2020-11-13,0.61,1.8,1.57,0,0.22,0.6,0.43,0,-0.004100,-0.0119817,-0.052587,-0.0058829,-0.0136689,sell
2020-11-14,0.85,1.42,1.05,0,0.25,0.59,0.92,0,-0.036172,-0.0472464,-0.031661,-0.0479308,-0.0448136,sell
2020-11-15,0.51,1.04,1,0,0.3,0.64,0.92,0,-0.013851,-0.0345752,-0.026643,-0.0360437,-0.0426518,sell
2020-11-16,0.16,0.83,0.4,0,0.34,0.76,0.65,0,-0.003394, 0.0037866, 0.032984, 0.0037866, 0.0006612,buy
2020-11-17,0,0.26,0.11,0,0.4,0.67,0.72,0, 0.018902, 0.0053450, 0.015796, 0.0002101, 0.0035371,buy
2020-11-18,0,0,0.1,0,0.47,0.5,1.17,0, 0.015885,-0.0057717, 0.007652,-0.0427391, 0.0158853,buy
2020-11-19,0,0,0.09,0,0.56,0.41,1.28,0, 0.027145,-0.0035073, 0.017521,-0.0439337, 0.0271453,buy
2020-11-20,0.05,0,0.09,0,0.6,0.36,0.69,0,-0.010410, 0.0218369, 0.018335,-0.0039980,-0.0036971,buy
2020-11-21,0.12,0,0.08,0,0.54,0.33,0.29,0,-0.001305, 0.0117324, 0.034907,-0.0089980,-0.0044816,buy
2020-11-22,0.57,0.39,0,0,0.47,0.31,0.12,0,-0.046914,-0.0437429,-0.030582,-0.0416044,-0.0464213,sell
2020-11-23,1.44,1.17,0,0,0.43,0.3,0,0,-0.035265,-0.0130362,-0.034312,-0.0308823,-0.0709654,sell
2020-11-24,1.72,1.93,0.45,0,0.39,0.29,0,0,-0.062220,-0.0294105,-0.066227,-0.0244323,-0.0328413,sell
2020-11-25,0.84,1.85,1.3,0,0.38,0.28,0.07,0,-0.000518,-0.0243407,-0.023093,-0.0192879,-0.0203842,sell
2020-11-26,0.85,1.16,1.04,0,0.38,0.27,0.32,0, 0.030781, 0.0349257, 0.006012, 0.0360085, 0.0441482,buy
2020-11-27,0.64,0.34,0.45,0,0.39,0.37,0.65,0,-0.061676,-0.0502845,-0.060987,-0.0621964,-0.0554602,sell
2020-11-28,0.26,0,0.42,0,0.42,0.51,0.71,0, 0.025830, 0.0284557, 0.023558, 0.0235583, 0.0265243,buy
2020-11-29,0.1,0,0.59,0,0.45,0.9,0.89,0, 0.053881, 0.0619872, 0.054493, 0.0516563, 0.0525408,buy
2020-11-30,0,0,0.33,0,0.51,0.96,1.32,0, 0.074557, 0.0457025, 0.068404, 0.0712279, 0.0813022,buy
2020-12-01,0,0,0.13,0,0.58,0.69,1.03,0,-0.012689,-0.0680558,-0.018423,-0.0657121,-0.0148646,sell
2020-12-02,0,0,0,0,0.68,0.88,0.57,0, 0.021988, 0.0091009, 0.021988, 0.0148614, 0.0123178,buy
2020-12-03,0.28,0,0,0,0.83,1.13,0.33,0, 0.058138, 0.0529738, 0.053782, 0.0297385, 0.0568464,buy
2020-12-04,0.98,0,0,0,0.98,1.34,0.2,0, 0.013077, 0.0525251,-0.016397,-0.0037917,-0.0233942,sell
2020-12-05,1.75,0,0.27,0,1.2,1.75,0.18,0, 0.005981,-0.0312494, 0.011286, 0.0094597, 0.0058877,buy
2020-12-06,1.58,0.33,0.87,0,1.18,1.6,0.18,0,-0.029466,-0.0376048, 0.035071,-0.0282066,-0.0344811,sell
2020-12-07,0.58,0.69,1.02,0,0.93,1.3,0.24,0,-0.010093, 0.0175861, 0.012087, 0.0092574,-0.0336804,sell
2020-12-08,0.19,0.47,0.56,0,0.75,0.74,0.43,0, 0.042260,-0.0388311,-0.070484,-0.0734912,-0.0030497,sell
2020-12-09,0,0.15,0.18,0,0.58,0.99,0.74,0,-0.007669,-0.0386312,-0.019132,-0.0284613,-0.0386312,sell
2020-12-10,0,0,0,0,0.46,1.89,1.14,0,-0.046621,-0.0716945,-0.048512,-0.0250684,-0.0418171,sell
2020-12-11,0,0.14,0,0,0.35,1.66,1.12,0,-0.050441,-0.0534370,-0.054651,-0.0337666,-0.0253786,sell
2020-12-12,0,0.35,0,0,0.34,0.65,1.1,0, 0.008329, 0.0080707, 0.008670, 0.0005272, 0.0086697,buy
2020-12-13,0,0.69,0,0,0.37,0.35,1.03,0, 0.047271, 0.0005118, 0.032864, 0.0076277, 0.0472706,buy
2020-12-14,0,0.7,0,0,0.55,0.25,1.49,0,-0.001079,-0.0032293, 0.001312, 0.0366721,-0.0402284,sell
2020-12-15,0,0.9,0,0,0.71,0.26,1.81,0,-0.019859,-0.0335334,-0.013832,-0.0396823,-0.0873665,sell
2020-12-16,0,0.65,0,0,0.8,0.27,1.08,0,-0.009092,-0.0261391,-0.014482,-0.0036415, 0.0224507,sell
2020-12-17,0.11,0.16,0,0,0.57,0.28,0.47,0, 0.059739, 0.0457181, 0.048051, 0.0238371,-0.0016649,buy
2020-12-18,0.33,0,0,0,0.29,0.29,0.2,0, 0.060341, 0.0596324, 0.062134, 0.0658665, 0.0525746,buy
2020-12-19,0.69,0,0.14,0,0.55,0.42,0.08,0, 0.029704, 0.0939025, 0.104259, 0.0916822, 0.0916822,buy
2020-12-20,0.47,0,0.42,0,1.56,0.64,0,0, 0.002874,-0.0080381,-0.020394,-0.0220404,-0.0391144,sell
2020-12-21,0.15,0,0.59,0,2.6,0.85,0,0,-0.012414,-0.0004552, 0.006693,-0.0112364, 0.0082589,buy
2020-12-22,0.05,0,0.26,0,1.72,1.29,0,0,-0.027928,-0.0132301,-0.027928,-0.0074591,-0.0209902,sell
2020-12-23,0.1,0,0,0,0.7,1.24,0,0,-0.059238,-0.0170312,-0.025429,-0.0168640, 0.0093331,sell
2020-12-24,0.43,0,0,0,0.26,0.98,0,0,-0.009989,-0.0091870,-0.009048,-0.0091870,-0.0518570,sell
2020-12-25,0.79,0,0,0,0.12,0.95,0.06,0,-0.029082,-0.0371602,-0.037160,-0.0557860,-0.0430521,sell
2020-12-26,0.48,0,0,0,0,1.27,0.19,0, 0.009182, 0.0091824, 0.009182,-0.1068742, 0.0048363,buy
2020-12-27,0.65,0,0,0,0,1.88,0.41,0, 0.048844, 0.0547159, 0.068585, 0.0068152, 0.0477638,buy
2020-12-28,0.69,0.15,0,0,0,2.86,0.33,0,-0.005469,-0.0643490,-0.062777,-0.0915806,-0.0561030,sell
2020-12-29,0.32,0.19,0,0,0,2.78,0.19,0,-0.046327,-0.0857677,-0.050037,-0.0813960,-0.0474430,sell
2020-12-30,0.13,0.25,0,0,0,2.11,0.31,0, 0.040278, 0.0154749, 0.040769, 0.0235055, 0.0408057,buy
2020-12-31,0.08,0.51,0.24,0,0.02,1.86,0.9,0, 0.013520, 0.0123592,-0.001284,-0.0088963,-0.0088178,sell
2021-01-01,0.12,1.01,0.71,0,0.08,1.82,1.75,0, 0.040362, 0.0777861, 0.080188, 0.0761749, 0.0181199,buy
2021-01-02,0.28,1.43,0.45,0,0.18,1.98,1.21,0,-0.002634, 0.0106655, 0.038025, 0.0380248,-0.0028275,buy
2021-01-03,0.17,1.17,0,0,0.48,2.17,0.66,0, 0.009714, 0.0380208, 0.039777, 0.0148029, 0.0279459,buy
2021-01-04,0.04,1.12,0,0,0.55,2.28,0.39,0, 0.019765, 0.0172262, 0.031365, 0.0392202, 0.0153112,buy
2021-01-05,0,1.12,0,0,0.3,2.13,0.51,0,-0.012704, 0.0026465, 0.042399, 0.0357852,-0.0099592,buy
2021-01-06,0,0.99,0.16,0,0.23,2.01,0.69,0,-0.005003, 0.0022760, 0.005262, 0.0087446,-0.0242213,sell
2021-01-07,0,0.92,0.41,0,0.24,2.13,1.16,0, 0.004807, 0.0271248, 0.013793, 0.0304299,-0.0461549,buy
2021-01-08,0.04,0.88,0.71,0,0.38,2.39,1.88,0, 0.011629, 0.0270705, 0.029488, 0.0464514,-0.0621188,buy
2021-01-09,0.1,1.23,0.46,0,0.56,2.5,1.71,0,-0.018207,-0.0397926,-0.018388, 0.0024820,-0.0352406,sell
2021-01-10,0.24,1.74,0.18,0,1.12,3.62,1.35,0,-0.003650,-0.0132809,-0.042828, 0.0124452,-0.0084558,sell
2021-01-11,0.35,1.57,0,0,1.09,3.36,1.64,0, 0.044552, 0.0038389, 0.023704, 0.0258484, 0.0018081,buy
2021-01-12,0.36,1.2,0,0,0.74,2.97,1.22,0, 0.014108, 0.0228890, 0.017190, 0.0424544, 0.0188142,buy
2021-01-13,0.72,1.19,0,0,0.6,3.34,0.77,0, 0.031670, 0.0258398,-0.053491, 0.0293257, 0.0354488,buy
2021-01-14,0.71,1.12,0,0,0.34,3.76,0.57,0, 0.030500, 0.0166771,-0.055737, 0.0294904, 0.0302682,buy
2021-01-15,0.23,1,0,0,0.31,3.41,0.5,0,-0.041387,-0.0419880,-0.063938,-0.0120667,-0.0296064,sell
2021-01-16,0.08,0.92,0,0,0.4,2.74,0.45,0, 0.008727, 0.0249386, 0.016428, 0.0584819, 0.0281606,buy
2021-01-17,0.06,0.83,0,0,0.56,2.34,0.4,0,-0.006548, 0.0184417,-0.007228, 0.0163130,-0.0034542,sell
2021-01-18,0.23,0.79,0,0,0.83,2.11,0.37,0, 0.001533, 0.0010377,-0.000980,-0.0066256, 0.0015333,buy
2021-01-19,0.83,0.79,0,0,1.18,1.98,0.34,0,-0.039702,-0.0406427,-0.032214,-0.0573027,-0.0475033,sell
2021-01-20,0.79,0.93,0,0,1.85,2.22,0.32,0,-0.081217,-0.0731476,-0.063352,-0.0471934,-0.0655677,sell
2021-01-21,0.23,1.06,0.39,0,1.28,2.83,0.56,0, 0.047674, 0.0572645, 0.024602, 0.0339051, 0.0429387,buy
2021-01-22,0.07,1.29,0.95,0,0.51,3.16,1.06,0,-0.001886,-0.0022118,-0.000970, 0.0040147,-0.0236634,sell
2021-01-23,0.04,0.9,0.72,0,0.3,3.53,2.18,0, 0.041879,-0.0508407,-0.026034, 0.0288468,-0.0231601,sell
2021-01-24,0.13,0.57,0.23,0,0.2,3.2,2.35,0, 0.020099, 0.0218089,-0.019244, 0.0234052, 0.0228564,buy
2021-01-25,0.28,0.49,0,0,0.34,2.07,1.66,0,-0.042212, 0.0052484,-0.075446,-0.0451814,-0.0461120,sell
2021-01-26,0.17,0.28,0,0,0.51,1.48,1,0,-0.036676,-0.0445610,-0.061097,-0.0317274,-0.0191156,sell
2021-01-27,0.05,0.11,0,0,0.45,1.08,0.53,0,-0.023999,-0.0239990,-0.039564,-0.0239990,-0.0148481,sell
2021-01-28,0,0,0,0,0.36,0.95,0.39,0, 0.009513, 0.0104873, 0.020502, 0.0057485,-0.0006445,buy
2021-01-29,0,0,0,0,0.42,0.87,0.34,0,-0.045282,-0.0452818,-0.022291,-0.0482604,-0.0583793,sell
2021-01-30,0,0,0,0,0.33,0.76,0.37,0, 0.018161, 0.0161863, 0.006746, 0.0669723, 0.0763695,buy
2021-01-31,0,0,0,0,0.24,0.7,0.4,0, 0.036911, 0.0389188, 0.037432, 0.0669879, 0.0684997,buy
2021-02-01,0,0.18,0,0,0.26,0.65,0.42,0,-0.010021,-0.0044574,-0.010021, 0.0342901, 0.0378147,sell
2021-02-02,0.07,0.59,0,0,0.45,0.77,0.46,0,-0.068138,-0.0679056,-0.018270,-0.0114353,-0.0678239,sell
2021-02-03,0.18,0.83,0,0,0.65,1.02,0.49,0,-0.002378,-0.0118569, 0.015678, 0.0245216,-0.0001421,buy
2021-02-04,0.47,0.47,0,0,0.73,1.94,0.65,0, 0.038640, 0.0118188, 0.010111, 0.0141867, 0.0141993,buy
2021-02-05,0.83,0.28,0,0,0.82,2.2,0.96,0, 0.021559, 0.0250431, 0.024129,-0.0218656,-0.0095582,buy
2021-02-06,0.56,0.2,0.11,0,1.02,1.56,1.29,0,-0.044082,-0.0431531,-0.048393,-0.0442087,-0.0345829,sell
2021-02-07,0.22,0.06,0.26,0,1.96,1.64,1.04,0, 0.065609, 0.0486331, 0.065393, 0.0643073, 0.0655178,buy
2021-02-08,0.17,0,0.48,0,3.07,1.44,0.95,0, 0.025372, 0.0072437, 0.025394, 0.0078367, 0.0253944,buy
2021-02-09,0.24,0,0.33,0,2.37,1.7,0.9,0, 0.078326, 0.0058837, 0.042260, 0.0421945, 0.0421945,buy
2021-02-10,0.61,0,0.12,0,1,1.56,1.01,0, 0.033205,-0.0171448,-0.018144, 0.0181604,-0.0187728,sell
2021-02-11,0.98,0,0,0,0.53,0.93,1.15,0,-0.062589,-0.0235120,-0.039245,-0.0198173,-0.0382539,sell
2021-02-12,0.89,0,0,0,0.35,0.63,1.43,0,-0.016042,-0.0115383,-0.010947,-0.0136401,-0.0166329,sell
2021-02-13,0.81,0,0,0,0.57,0.57,1.88,0, 0.103550, 0.0752708, 0.075832, 0.0934680, 0.0703791,buy
2021-02-14,1.07,0,0.04,0,0.68,0.75,1.92,0, 0.041989, 0.0110934, 0.026659, 0.0393728, 0.0159222,buy
2021-02-15,0.77,0,0.16,0,0.7,1.1,1.41,0, 0.011186, 0.0247083, 0.027443, 0.0289476, 0.0207945,buy
2021-02-16,0.32,0,0.24,0,1.18,1.25,1.04,0, 0.040507, 0.0400287, 0.040015, 0.0386589, 0.0497986,buy
2021-02-17,0.17,0,0.09,0,1.56,1.41,0.8,0, 0.086006, 0.0212944, 0.087369, 0.0869530, 0.0810056,buy
2021-02-18,0.15,0,0,0,0.82,1.7,0.65,0,-0.033526,-0.0372031,-0.013689, 0.0057510,-0.0093971,sell
2021-02-19,0.24,0,0,0,0.35,1.37,0.53,0,-0.086701,-0.0880967,-0.058257,-0.0759750,-0.0426298,sell
2021-02-20,0.32,0,0,0,0.18,0.67,0.37,0, 0.023174, 0.0261505, 0.026151, 0.0261505, 0.0282159,buy
2021-02-21,0.43,0,0,0,0.39,0.4,0.35,0, 0.039152, 0.0534811, 0.043986, 0.0541653, 0.0587724,buy
2021-02-22,0.6,0,0,0,0.54,0.24,0.39,0, 0.021427, 0.0477895, 0.039544, 0.0487140, 0.0210203,buy
2021-02-23,0.85,0,0,0,0.5,0.19,0.45,0, 0.006613, 0.0241365, 0.026186, 0.0241985,-0.0274090,buy
2021-02-24,1.2,0,0,0,0.77,0.13,0.61,0, 0.047216, 0.0643954, 0.045788, 0.0572315, 0.0035657,buy
2021-02-25,1.4,0,0,0,1.27,0.12,0.98,0, 0.034599,-0.0030498, 0.021397, 0.0135579, 0.0010102,buy
2021-02-26,1.17,0,0,0,1.55,0.18,0.9,0, 0.005015,-0.0285375,-0.026833,-0.0266952,-0.0088534,sell
2021-02-27,0.96,0,0,0,1.22,0.18,0.53,0, 0.040319,-0.0331051,-0.012995,-0.0253236,-0.0145307,sell
2021-02-28,0.82,0,0.08,0,0.66,0.43,0.36,0,-0.031423,-0.0475107,-0.021984,-0.0475107,-0.0347066,sell
2021-03-01,0.85,0,0.18,0,0.37,0.64,0.33,0,-0.007195,-0.0067484,-0.006748,-0.0532632,-0.0102339,sell
2021-03-02,1.18,0,0.24,0,0.57,0.39,0.53,0,-0.013927, 0.0293636, 0.021444, 0.0216907, 0.0196699,buy
2021-03-03,1.06,0,0.12,0,1.11,0.2,0.9,0, 0.044114, 0.0800858, 0.050455, 0.0485596,-0.0276583,buy
2021-03-04,0.55,0,0.04,0,1.44,0.26,0.71,0,-0.050258,-0.0653989,-0.060855,-0.0811998,-0.0613634,sell
2021-03-05,0.3,0,0,0,1.16,0.48,0.37,0,-0.021357, 0.0284075,-0.019466,-0.0138055,-0.0438499,sell
2021-03-06,0.17,0,0,0,0.95,0.83,0.25,0, 0.007181, 0.0294824, 0.008998,-0.0153759, 0.0307565,buy
2021-03-07,0.09,0,0,0,1.55,0.84,0.18,0,-0.013153,-0.0779416,-0.020276,-0.0238389,-0.0119724,sell
2021-03-08,0.07,0,0,0,1.77,0.87,0.17,0,-0.061360,-0.1187402,-0.056840,-0.0902071,-0.0248332,sell
2021-03-09,0,0,0,0,1.06,1.04,0.17,0,-0.080650,-0.0689605,-0.069452,-0.0470005,-0.0044034,sell
2021-03-10,0,0,0,0,0.69,1.05,0.19,0,-0.023159,-0.0103301, 0.037382,-0.0385113,-0.0290510,sell
2021-03-11,0,0,0,0,0.64,0.64,0.19,0, 0.013872, 0.0387517, 0.070691, 0.0283168, 0.0283168,buy
2021-03-12,0,0,0,0,1.19,0.87,0.25,0,-0.059359,-0.0128536,-0.043227,-0.0406567,-0.0064273,sell
2021-03-13,0,0,0,0,1.3,1.31,0.34,0,-0.023733,-0.0025403,-0.021003,-0.0190920,-0.0490606,sell
2021-03-14,0,0,0,0,0.89,1.7,0.47,0,-0.023358, 0.0035139,-0.019958,-0.0280949,-0.0286172,sell
2021-03-15,0,0,0,0,0.85,2.36,0.74,0,-0.042643,-0.0333157,-0.025774,-0.0697158,-0.0582826,sell
2021-03-16,0.11,0,0,0,0.93,2.27,1.25,0, 0.030687, 0.0274837, 0.016848, 0.0456916,-0.0067919,buy
2021-03-17,0.18,0,0,0,1.23,1.98,1.57,0, 0.060562, 0.0257215, 0.052439, 0.0564750, 0.0504257,buy
2021-03-18,0.27,0,0,0,1.46,1.27,1.69,0, 0.027346, 0.0084692, 0.020774, 0.0258325, 0.0089057,buy
2021-03-19,0.43,0,0,0,1.5,0.42,1.28,0,-0.001560,-0.0135373, 0.008307,-0.0206479,-0.0288771,sell
2021-03-20,0.67,0.14,0,0,1.63,0.22,0.91,0,-0.021258,-0.0680940,-0.068094,-0.0601851,-0.0365356,sell
2021-03-21,1.05,0.23,0,0,2.14,0.11,1.24,0,-0.084358,-0.0536592,-0.055544,-0.0495917,-0.0839709,sell
2021-03-22,1.11,0.37,0,0,2.3,0.29,1.17,0,-0.076722,-0.0547199,-0.072099,-0.0635103,-0.0767215,sell
2021-03-23,0.75,0.56,0,0,2.29,0.75,0.67,0, 0.007618, 0.0012351,-0.053967, 0.0129005, 0.0039400,sell
2021-03-24,0.48,0.49,0,0,1.63,0.9,0.52,0, 0.013730,-0.0077206, 0.009091, 0.0093620, 0.0175681,buy
2021-03-25,0.3,0.29,0,0,0.99,0.59,0.52,0, 0.037555,-0.0364153,-0.049137, 0.0978665, 0.0556639,buy
2021-03-26,0.19,0.17,0,0,0.81,0.75,0.5,0, 0.017438, 0.0486014, 0.038646, 0.0051064, 0.0226037,buy
2021-03-27,0.12,0.1,0.17,0,0.95,1.2,0.42,0, 0.005544,-0.0181929,-0.005485,-0.0332017,-0.0167736,sell
2021-03-28,0.08,0,0.43,0,1.44,1.01,0.67,0, 0.080334, 0.0588841, 0.061749, 0.0592515,-0.0232191,buy
2021-03-29,0.08,0,0.39,0,1.47,0.71,1.1,0, 0.104067, 0.1157039, 0.094332, 0.0880612, 0.0362424,buy
2021-03-30,0.09,0,0.14,0,1.1,0.77,2.02,0, 0.057909, 0.0600549, 0.041279, 0.0584400, 0.0365855,buy
2021-03-31,0.1,0,0,0,0.84,1.46,2.6,0, 0.017451, 0.0429444,-0.006321, 0.0175857, 0.0429444,buy
2021-04-01,0.11,0,0,0,0.43,1.94,2.91,0,-0.053144,-0.0098187,-0.037390,-0.0398068,-0.0132332,sell
2021-04-02,0.12,0,0,0,0.24,1.87,2.55,0,-0.071665,-0.0392135,-0.058650,-0.0496621,-0.0650842,sell
2021-04-03,0.14,0,0,0,0.22,0.93,1.62,0, 0.038591, 0.0212555, 0.035256, 0.0296615, 0.0260484,buy
2021-04-04,0.16,0,0,0,0.2,0.63,0.85,0,-0.019829,-0.0246747,-0.024051,-0.0277031,-0.0277031,sell
2021-04-05,0.17,0,0,0,0.32,0.72,0.36,0,-0.007370,-0.0040695, 0.007664,-0.0009142,-0.0180541,sell
2021-04-06,0.2,0,0,0,0.56,0.8,0.22,0,-0.117639,-0.0296277,-0.062710,-0.1107619,-0.0291984,sell
2021-04-07,0.22,0.14,0.17,0,1.35,0.84,0.16,0,-0.022231,-0.0142055,-0.011195,-0.0064588, 0.0184785,sell
2021-04-08,0.24,0.38,0.24,0,1.86,0.93,0.2,0,-0.036534,-0.0466639,-0.016610,-0.0139336, 0.0135334,sell
2021-04-09,0.27,0.31,0.05,0,1.45,1.17,0.74,0,-0.034633,-0.0346332,-0.040934,-0.0096591, 0.0034795,sell
2021-04-10,0.34,0.3,0,0,1.22,0.9,1.99,0,-0.001379,-0.0041982,-0.015302,-0.0181421,-0.0048307,sell
2021-04-11,0.39,0.4,0,0,1.33,0.91,1.86,0, 0.007116,-0.0258588,-0.005974,-0.0043880,-0.0032160,sell
2021-04-12,0.45,0.33,0,0,0.91,1.28,0.66,0,-0.021393, 0.0198587,-0.008595,-0.0103021,-0.0103021,sell
2021-04-13,0.53,0.21,0,0,0.51,1.89,0.25,0,-0.043551,-0.0412556,-0.074957,-0.0489415,-0.0654910,sell
2021-04-14,0.64,0.24,0.09,0,0.74,1.7,0.32,0,-0.016722,-0.0101813,-0.024240,-0.0247853,-0.0242403,sell
2021-04-15,0.76,0.62,0.15,0,1.4,1.39,0.49,0, 0.000157, 0.0162196, 0.032890, 0.0246713,-0.0055671,buy
2021-04-16,0.93,0.58,0.25,0,0.83,1.13,0.53,0,-0.015938,-0.0302038,-0.015955,-0.0189960,-0.0084179,sell
2021-04-17,1.05,0.68,0.43,0,0.41,1.78,0.65,0,-0.002826,-0.0353324,-0.005950,-0.0137536,-0.0284427,sell
2021-04-18,1.05,1.02,0.48,0,0.37,2.61,0.39,0,-0.015080,-0.0265695,-0.052493,-0.0311234, 0.0285776,sell
2021-04-19,1.17,1.29,0.31,0,0.43,2.03,0.2,0,-0.000434, 0.0370593,-0.030194,-0.0483645,-0.0220604,sell
2021-04-20,1.23,1.08,0.18,0,0.58,2,0.12,0, 0.015981,-0.0157137,-0.048388,-0.0121067, 0.0294470,sell
2021-04-21,1.18,0.74,0.11,0,0.7,1.43,0.14,0,-0.019262,-0.0633331,-0.055663,-0.0221304,-0.0204106,sell
2021-04-22,1.34,0.53,0,0,1.1,2.08,0.15,0,-0.027964,-0.0545399,-0.057605,-0.0184170,-0.0220539,sell
2021-04-23,1.25,0.41,0,0,1.52,1.25,0.15,0,-0.025254,-0.0072514,-0.018706, 0.0370286,-0.0217388,sell
2021-04-24,1.22,0.23,0,0,2.05,0.53,0.16,0,-0.029473, 0.0266434, 0.022087, 0.0302290,-0.0325165,sell
2021-04-25,1.2,0.24,0,0,2.01,0.63,0.17,0, 0.031007, 0.0066716, 0.011591, 0.0613892, 0.0310068,buy
2021-04-26,1.27,0.25,0,0,0.83,1.28,0.18,0, 0.020727, 0.0320045, 0.012997,-0.0211853, 0.0203595,buy
2021-04-27,1.17,0.26,0,0,0.43,1.69,0.19,0,-0.035869,-0.0356605,-0.032867,-0.0135702,-0.0328639,sell
2021-04-28,0.94,0.27,0,0,0.41,1.01,0.39,0,-0.010506,-0.0070943,-0.010911,-0.0107544,-0.0141777,sell
2021-04-29,0.82,0.29,0,0,0.62,0.48,1.3,0,-0.051918,-0.0207957,-0.042161,-0.0437356,-0.0479818,sell
2021-04-30,0.78,0.3,0,0,1.01,0.43,1.78,0, 0.015574, 0.0035088, 0.007756,-0.0129299,-0.0377854,sell
2021-05-01,0.92,0.31,0,0,1.27,0.88,1.05,0,-0.023587,-0.0384418,-0.028347, 0.0007894, 0.0000857,sell
2021-05-02,1.16,0.33,0,0,1.56,0.68,1.7,0,-0.046596,-0.0463103,-0.046310,-0.0481537,-0.0485071,sell
2021-05-03,0.76,0.34,0,0,1.2,0.3,1.71,0, 0.010255,-0.0083459,-0.018043,-0.0058606,-0.0117519,sell
2021-05-04,0.66,0.36,0,0,0.6,0.39,0.91,0,-0.035263,-0.0131112,-0.032968,-0.0361524,-0.0269445,sell
2021-05-05,0.8,0.37,0,0,0.41,0.86,0.72,0,-0.014146,-0.0151983,-0.012896,-0.0378601,-0.0344277,sell
2021-05-06,1,0.39,0,0,0.33,0.64,0.67,0, 0.004258, 0.0266952, 0.043207, 0.0098072, 0.0265119,buy
2021-05-07,0.73,0.41,0,0,0.42,0.22,0.64,0,-0.027090,-0.0206851,-0.022815,-0.0103260,-0.0332371,sell
2021-05-08,0.49,0.43,0,0,0.64,0.08,0.66,0,-0.022603,-0.0353226, 0.003991, 0.0127653,-0.0275605,sell
2021-05-09,0.36,0.44,0,0,0.96,0,0.91,0, 0.041796, 0.0288859, 0.003870, 0.0213574, 0.0214024,buy
2021-05-10,0.47,0.74,0,0,1.28,0,1.69,0, 0.020885, 0.0172346, 0.003081, 0.0051907, 0.0039006,buy
2021-05-11,0.76,1.04,0,0,1.48,0,2.35,0,-0.028380,-0.0492699,-0.035348,-0.0522534,-0.0550618,sell
2021-05-12,1.4,0.81,0.23,0,1.37,0,2.59,0,-0.009026,-0.0162670,-0.021113,-0.0234334,-0.0040845,sell
2021-05-13,1.15,0.63,0.4,0,1.24,0.12,2.49,0,-0.003483, 0.0109741,-0.006889, 0.0043485, 0.0072529,sell
2021-05-14,0.63,0.55,0.68,0,0.87,0.25,1.63,0, 0.010177, 0.0159674,-0.014126, 0.0254443, 0.0159674,sell
2021-05-15,0.52,0.67,0.96,0,0.74,0.52,1.2,0,-0.003465, 0.0028016, 0.015074, 0.0056606,-0.0034653,buy
2021-05-16,0.61,0.72,0.78,0,0.8,1.07,1.1,0,-0.027313,-0.0267199,-0.023648,-0.0259571,-0.0212036,sell
2021-05-17,0.89,1.06,0.46,0,0.97,1.27,1.23,0,-0.002614,-0.0183257,-0.015173,-0.0389526,-0.0314844,sell
2021-05-18,0.87,1.48,0.27,0,1.16,0.74,1.51,0,-0.039612,-0.0775700,-0.024854,-0.0426487,-0.0472151,sell
2021-05-19,1.32,1.28,0,0,0.92,0.4,1.22,0, 0.032464, 0.0371511, 0.030244, 0.0316140, 0.0324637,buy
2021-05-20,1.37,0.85,0,0,0.61,0.23,0.9,0, 0.003060, 0.0024100,-0.010396, 0.0173658, 0.0040517,sell
2021-05-21,0.59,0.62,0,0,0.47,0.11,0.77,0,-0.015490,-0.0168404,-0.011179, 0.0012839,-0.0100421,sell
2021-05-22,0.31,0.54,0,0,0.39,0.09,0.67,0,-0.034447,-0.0027475,-0.031291, 0.0019122,-0.0008782,sell
2021-05-23,0.16,0.42,0,0,0.35,0.11,0.64,0,-0.006290, 0.0340578,-0.028436, 0.0066877, 0.0427418,buy
2021-05-24,0.15,0.41,0,0,0.36,0.14,0.61,0,-0.004056, 0.0257045,-0.032620, 0.0031025, 0.0422507,buy
2021-05-25,0.15,0.39,0,0,0.36,0.3,0.57,0,-0.029670,-0.0398688,-0.032028,-0.0253678, 0.0031152,sell
2021-05-26,0.28,0.38,0,0,0.37,0.51,0.55,0,-0.019003,-0.0224481,-0.015348,-0.0109212,-0.0190094,sell
2021-05-27,0.37,0.37,0,0,0.43,0.64,0.53,0,-0.009132,-0.0090519,-0.007882,-0.0011045,-0.0020999,sell
2021-05-28,0.55,0.35,0.09,0,0.53,0.53,0.5,0,-0.004539,-0.0096167,-0.034074,-0.0120171,-0.0463192,sell
2021-05-29,0.83,0.34,0.29,0,0.56,0.52,0.48,0,-0.022710,-0.0150852,-0.047715,-0.0109917,-0.0529833,sell
2021-05-30,1.33,0.7,0.57,0,0.48,0.84,0.56,0, 0.034518, 0.0238413, 0.077569, 0.0705410, 0.0700121,buy
2021-05-31,1.61,1.36,0.45,0,0.43,1.3,0.66,0,-0.022317,-0.0419097,-0.040371,-0.0288827,-0.0333357,sell
2021-06-01,1.31,1.98,0.2,0,0.53,1.19,0.91,0, 0.028894,-0.0207529,-0.007990, 0.0581385, 0.0026183,buy
2021-06-02,1.33,1.29,0,0,0.78,0.96,1.14,0,-0.029030,-0.0348111,-0.034811,-0.0407761,-0.0407761,sell
2021-06-03,1.95,0.49,0,0,0.69,0.92,0.9,0, 0.060349, 0.0463323, 0.031907, 0.0684678, 0.0603491,buy
2021-06-04,1.63,0.28,0,0,0.35,1.1,0.63,0,-0.063669,-0.0987749,-0.091040,-0.0448204,-0.0401124,sell
2021-06-05,0.75,0.27,0,0,0.21,0.83,0.52,0,-0.015032,-0.0150319,-0.012806,-0.0404513,-0.0493009,sell
2021-06-06,0.3,0.26,0,0,0.14,0.44,0.43,0,-0.010921,-0.0008056,-0.000806,-0.0069681,-0.0109215,sell
2021-06-07,0.09,0.25,0,0,0.09,0.27,0.44,0,-0.020623,-0.0198795,-0.019879,-0.0380210,-0.0206233,sell
2021-06-08,0.09,0.24,0,0,0.15,0.19,0.44,0,-0.017197,-0.0171970,-0.017122,-0.0256085,-0.0171225,sell
2021-06-09,0.09,0.24,0,0,0.29,0.16,0.45,0, 0.019233, 0.0294528,-0.008806,-0.0070771, 0.0272212,buy
2021-06-10,0.09,0.23,0,0,0.75,0.12,0.56,0,-0.033408,-0.0488834,-0.040940,-0.0195498,-0.0424494,sell
2021-06-11,0.08,0.22,0.28,0,0.77,0.16,0.75,0,-0.028657,-0.0421424,-0.036245,-0.0201035,-0.0246412,sell
2021-06-12,0.08,0.21,0.75,0,0.29,0.21,1.18,0, 0.033201, 0.0192426, 0.033201,-0.0131397, 0.0237259,buy
2021-06-13,0.08,0.21,1.16,0,0.13,0.27,1.59,0,-0.023188,-0.0365102,-0.033355,-0.0538300,-0.0523305,sell
2021-06-14,0.08,0.27,0.81,0,0.05,0.32,1.29,0, 0.025943, 0.0270660, 0.026957, 0.0159245, 0.0003947,buy
2021-06-15,0.08,0.41,0.52,0,0.11,0.29,0.95,0,-0.027506,-0.0284205,-0.019712,-0.0275060,-0.0294951,sell
2021-06-16,0.08,0.61,0.59,0,0.29,0.33,0.9,0,-0.031369,-0.0306593,-0.030080,-0.0321027,-0.0356031,sell
2021-06-17,0,0.91,0.59,0,0.28,0.42,0.88,0,-0.038809,-0.0483984,-0.051579,-0.0457523,-0.0751643,sell
2021-06-18,0,1.34,0.31,0,0.21,0.74,0.72,0, 0.008775, 0.0026083, 0.008517,-0.0309446, 0.0115519,buy
2021-06-19,0.24,1.28,0.1,0,0.28,0.95,0.67,0, 0.030523, 0.0185619, 0.031008, 0.0165008, 0.0157637,buy
2021-06-20,0.77,0.63,0,0,0.41,0.79,0.67,0,-0.031351,-0.0281211,-0.030517,-0.0292556,-0.0361949,sell
2021-06-21,1.51,0.63,0,0,0.33,0.81,0.67,0,-0.018915, 0.0270712, 0.028523, 0.0313766, 0.0379056,buy
2021-06-22,1.18,0.65,0,0,0.24,1.4,0.78,0,-0.007305,-0.0314825,-0.009149, 0.0102222, 0.0102222,sell
2021-06-23,0.72,1.02,0,0,0.19,1.31,0.83,0,-0.028760,-0.0142111,-0.025528,-0.0167466,-0.0245145,sell
2021-06-24,0.36,1.54,0,0,0.16,0.73,0.96,0, 0.013553, 0.0179828, 0.017187, 0.0084269, 0.0225201,buy
2021-06-25,0.11,1.44,0,0,0.13,0.39,1.14,0, 0.025577, 0.0149357, 0.029274, 0.0093352, 0.0285174,buy
2021-06-26,0.05,0.88,0,0,0.12,0.2,1.46,0, 0.028979,-0.0185724, 0.005058, 0.0174094, 0.0004260,buy
2021-06-27,0.06,0.57,0.13,0,0.11,0.2,1.4,0,-0.016140,-0.0183559,-0.027781, 0.0037281,-0.0217867,sell
2021-06-28,0.11,0.38,0.35,0,0.2,0.27,1,0,-0.006956,-0.0069560,-0.018198,-0.0093171,-0.0069560,sell
2021-06-29,0.19,0.13,0.32,0,0.39,0.32,0.77,0,-0.007728,-0.0101400,-0.020311,-0.0109974,-0.0005298,sell
2021-06-30,0.33,0.13,0.11,0,0.82,0.24,0.62,0, 0.039574, 0.0458392, 0.017015, 0.0538461, 0.0351085,buy
2021-07-01,0.56,0.12,0,0,0.79,0.18,0.53,0, 0.033276, 0.0203720, 0.027287, 0.0307346,-0.0158907,buy
2021-07-02,0.69,0.6,0.39,0,0.45,0.18,0.63,0, 0.017596, 0.0379846, 0.007496, 0.0264383, 0.0179882,buy
2021-07-03,0.49,1.5,0.95,0,0.41,0.25,0.94,0,-0.070981,-0.0717940,-0.075023,-0.0696488,-0.0691331,sell
2021-07-04,0.29,1.41,0.93,0,0.36,0.36,1.57,0,-0.047468,-0.0303835, 0.002414,-0.0100348,-0.0361221,sell
2021-07-05,0.26,0.55,0.37,0,0.26,0.28,1.64,0, 0.005707,-0.0546169,-0.009824, 0.0054070,-0.0490397,sell
2021-07-06,0.37,0.2,0.08,0,0.15,0.15,1.13,0,-0.014903,-0.0125453,-0.032362,-0.0141475,-0.0125453,sell
2021-07-07,0.76,0.53,0.23,0,0.11,0.08,0.64,0,-0.052178,-0.0238786,-0.043953,-0.0296868,-0.0432662,sell
2021-07-08,0.59,1.1,0.47,0,0.08,0.09,0.42,0,-0.018826,-0.0188258,-0.012374, 0.0010190,-0.0049313,sell
2021-07-09,0.2,1.51,0.32,0,0.05,0.18,0.33,0,-0.004324,-0.0162850, 0.012773,-0.0043238,-0.0096342,sell
2021-07-10,0.11,0.86,0.1,0,0.07,0.59,0.27,0,-0.032791,-0.0433995,-0.019303,-0.0171947,-0.0433995,sell
2021-07-11,0.13,0.1,0,0,0.08,0.83,0.25,0,-0.004586, 0.0776277, 0.009609, 0.0122544,-0.0045864,buy
2021-07-12,0.67,0,0,0,0.1,0.44,0.24,0, 0.049732, 0.0543139, 0.054314, 0.0543139, 0.0619044,buy
2021-07-13,0.83,0,0,0,0.13,0.33,0.26,0, 0.074907, 0.0446906, 0.045372, 0.0398220, 0.0745334,buy
2021-07-14,1.15,0,0.29,0,0.16,0.53,0.27,0, 0.053375, 0.0604977, 0.051200,-0.0212074, 0.0579696,buy
2021-07-15,1.48,0,1.1,0,0.31,1.05,0.31,0, 0.005237, 0.0058806, 0.044591, 0.0052370, 0.0050615,buy
2021-07-16,0.89,0,1.73,0,0.79,1.01,0.38,0, 0.031918, 0.0449405, 0.047254,-0.0112708, 0.0449405,buy
2021-07-17,0.43,0,1.9,0,1.02,0.78,0.5,0,-0.025012, 0.0353296, 0.032909, 0.0215139, 0.0326881,buy
2021-07-18,0.23,0.17,2.61,0,0.58,0.98,0.64,0,-0.077500,-0.0755271,-0.078538,-0.0883851,-0.0205028,sell
2021-07-19,0.09,0.49,1.97,0,0.5,0.56,0.8,0,-0.098407,-0.1149556,-0.115603,-0.0911351,-0.0885618,sell
2021-07-20,0.09,1.03,0.78,0,0.5,0.25,1.04,0,-0.027217,-0.0517534,-0.052568,-0.0718082,-0.0504069,sell
2021-07-21,0.09,0.75,0.79,0,0.45,0.24,0.55,0, 0.010785,-0.0124214, 0.031187,-0.0027967,-0.0069337,buy
2021-07-22,0.09,0.08,0.77,0,0.46,0.22,0.27,0,-0.000807,-0.0069179,-0.002905, 0.0006216,-0.0219459,sell
2021-07-23,0.45,0.17,0.74,0,0.48,0.43,0.3,0,-0.052248,-0.0216504,-0.044120,-0.0444630,-0.0759588,sell
2021-07-24,1.44,0.3,0.38,0,0.37,1.18,0.35,0,-0.103604,-0.1118038,-0.104703,-0.0998060,-0.0632981,sell
2021-07-25,0.88,0.53,0.18,0,0.24,0.79,0.43,0,-0.026907,-0.0118915,-0.031753,-0.0371132,-0.0204345,sell
2021-07-26,0.22,0.69,0,0,0.16,0.32,0.48,0,-0.051231,-0.0510678,-0.038058,-0.0268282,-0.0517080,sell
2021-07-27,0.1,0.52,0.29,0,0.12,0.26,0.72,0,-0.021477,-0.0270408,-0.004495,-0.0054058,-0.0160790,sell
2021-07-28,0.1,0.65,0.35,0,0.08,0.28,0.58,0, 0.004435,-0.0101265, 0.007706, 0.0002489,-0.0018906,buy
2021-07-29,0.1,1.09,0.42,0,0.06,0.3,0.79,0,-0.026866,-0.0443563,-0.043163,-0.0431633,-0.0171829,sell
2021-07-30,0.1,2.23,0.93,0,0.05,0.33,1.44,0,-0.011643,-0.0543258,-0.006368,-0.0197896,-0.0083431,sell
2021-07-31,0.17,2.99,0.93,0,0.04,0.34,1.65,0,-0.002948,-0.0478707,-0.009537,-0.0063123,-0.0147142,sell
2021-08-01,0.41,1.58,0.81,0,0.05,0.38,0.8,0,-0.017917,-0.0197226,-0.036333,-0.0209259, 0.0101169,sell
2021-08-02,1.21,0,0.44,0,0.04,0.4,0.24,0, 0.012252, 0.0062289,-0.030765, 0.0085977, 0.0225627,buy
2021-08-03,1.79,0,0.15,0,0.09,0.43,0.07,0, 0.037893, 0.0251850, 0.033775, 0.0433403, 0.0340247,buy
2021-08-04,1.28,0,0,0,0.2,0.46,0.06,0, 0.031077, 0.0138626, 0.032583,-0.0007293, 0.0325831,buy
2021-08-05,0.9,0,0,0,0.24,0.49,0.06,0, 0.057735, 0.0536947, 0.053695, 0.0343713, 0.0510752,buy
2021-08-06,0.4,0,0,0,0.13,0.56,0.06,0, 0.014192, 0.0232971, 0.023297, 0.0232971, 0.0276651,buy
2021-08-07,0.24,0,0.93,0,0.09,0.67,0.05,0,-0.015074,-0.0265326,-0.006223,-0.0319675,-0.0299326,sell
2021-08-08,0.17,0,1.43,0,0.05,0.92,0.05,0,-0.029765,-0.0042209,-0.041134,-0.0425068,-0.0411335,sell
2021-08-09,0.2,0.4,0.73,0,0.04,0.91,0.05,0,-0.074457,-0.0744574,-0.020504,-0.0662644,-0.0461681,sell
2021-08-10,0.32,1.27,0.31,0,0.03,0.77,0,0, 0.044433, 0.0119398, 0.045223, 0.0045167, 0.0410228,buy
2021-08-11,0.69,1.63,0.32,0,0.03,0.75,0,0,-0.013450,-0.0135190,-0.025071,-0.0135727,-0.0226204,sell
2021-08-12,0.66,0.88,0.66,0,0.04,0.82,0,0,-0.017195,-0.0510896,-0.032261,-0.0503263,-0.0161451,sell
2021-08-13,0.32,0.61,1.56,0,0.04,0.89,0,0, 0.051862, 0.0565720, 0.011438, 0.0100081, 0.0100081,buy
2021-08-14,0.2,0.79,2.14,0,0.08,0.95,0,0,-0.021775,-0.0069718,-0.028629,-0.0090671,-0.0152719,sell
2021-08-15,0.14,1.1,2.23,0,0.1,1.02,0,0,-0.009272,-0.0182491,-0.027250,-0.0263686,-0.0239371,sell
2021-08-16,0.14,1.21,2.24,0,0.1,1.1,0,0, 0.002461,-0.0022403,-0.033092,-0.0022714,-0.0029926,sell
2021-08-17,0.24,0.95,2.19,0,0.14,1.19,0,0, 0.007825, 0.0073997,-0.005785,-0.0145207,-0.0145207,sell
2021-08-18,0.43,0.46,1.71,0,0.21,1.25,0,0,-0.046492,-0.0286928,-0.042680,-0.0474948,-0.0458378,sell
2021-08-19,1.05,0.57,1.15,0,0.37,1.23,0,0, 0.063324, 0.0261269, 0.028399, 0.0261269, 0.0283991,buy
2021-08-20,1.95,0.7,0.38,0,0.41,1.21,0,0,-0.074971,-0.0740238,-0.067713,-0.0677349,-0.0670666,sell
2021-08-21,2.41,0.35,0.14,0,0.29,1.21,0,0, 0.019080, 0.0199526, 0.032456, 0.0339091, 0.0123302,buy
2021-08-22,2.28,0.14,0,0,0.26,1.24,0,0, 0.065218, 0.0349637, 0.075075, 0.0750933, 0.0690814,buy
2021-08-23,2.01,0,0,0,0.25,1.31,0,0, 0.081891, 0.0431421, 0.083087, 0.0874550, 0.0793253,buy
2021-08-24,1.25,0.47,0,0,0.29,1.33,0,0,-0.073534,-0.0734323,-0.075419,-0.0550094,-0.0685848,sell
2021-08-25,0.76,1.52,0,0,0.33,1.24,0,0,-0.025507,-0.0305479,-0.031716,-0.0237755,-0.0392121,sell
2021-08-26,0.79,1.24,0.14,0,0.35,1.13,0,0, 0.004389,-0.0133278,-0.016161,-0.0011163,-0.0021474,sell
2021-08-27,0.49,0.33,0.62,0,0.34,1.06,0,0,-0.045531,-0.0537685,-0.051549,-0.0487330,-0.0517741,sell
2021-08-28,0.24,0.17,0.8,0,0.33,1.02,0,0,-0.015708,-0.0143862,-0.001586,-0.0157079,-0.0145093,sell
2021-08-29,0.16,0.63,0.72,0,0.32,0.98,0,0, 0.005423,-0.0157542,-0.003339, 0.0136581, 0.0052396,sell
2021-08-30,0.16,0.81,0.82,0,0.32,0.95,0,0, 0.061049, 0.0540689, 0.054069, 0.0610490, 0.0355440,buy
2021-08-31,0.17,0.47,0.95,0,0.31,0.93,0,0,-0.015855,-0.0108780,-0.011469,-0.0104025,-0.0095501,sell
2021-09-01,0.34,1.14,0.53,0,0.31,0.93,0,0, 0.044050, 0.0091991, 0.019145, 0.0342014, 0.0364345,buy
2021-09-02,0.77,1.86,0.8,0,0.32,0.92,0,0,-0.027840,-0.0187428,-0.065654,-0.0206535,-0.0276591,sell
2021-09-03,1.49,2.17,1.61,0,0.33,0.93,0,0,-0.030899,-0.0376440,-0.025250,-0.0372852,-0.0419264,sell
2021-09-04,2.19,1.64,1.86,0,0.35,0.93,0,0, 0.045479, 0.0103091, 0.078538, 0.0300313,-0.0123230,buy
2021-09-05,2.71,1.22,0.88,0,0.36,0.94,0,0, 0.013806, 0.0467500, 0.031127, 0.0284504, 0.0199951,buy
2021-09-06,2.53,1.04,0.43,0,0.46,0.94,0,0, 0.005200,-0.0016912, 0.014982, 0.0067213,-0.0024956,buy
2021-09-07,1.8,0.42,0.36,0,0.49,0.95,0,0,-0.021395,-0.0927840, 0.007681, 0.0117298, 0.0002028,sell
2021-09-08,0.86,0.09,0.3,0,0.52,0.95,0,0, 0.083246, 0.0832465, 0.083246, 0.0726507, 0.0860539,buy
2021-09-09,0.43,0,0.39,0,0.57,0.96,0,0, 0.050528, 0.0495004, 0.046436, 0.0386967, 0.0536148,buy
2021-09-10,0.29,0,0.59,0,0.61,0.96,0,0,-0.044127,-0.0321778,-0.044968,-0.0436102,-0.0385396,sell
2021-09-11,0.21,0.18,0.44,0,0.63,0.97,0,0,-0.024782,-0.0352409,-0.004416,-0.0161322,-0.0094233,sell
2021-09-12,0.16,0.32,0.16,0,0.61,1.01,0,0,-0.044396,-0.0341376,-0.036478,-0.0435103,-0.0088785,sell
2021-09-13,0.16,1,0.15,0,0.58,1.03,0,0, 0.024887,-0.0039057,-0.005493, 0.0297549, 0.0324061,sell
2021-09-14,0.25,1.99,0.51,0,0.55,1.05,0,0, 0.069040, 0.0630711, 0.046296, 0.0494650, 0.0667041,buy
2021-09-15,0.37,2.83,1.12,0,0.53,1.07,0,0, 0.031778, 0.0504911, 0.050696, 0.0365743, 0.0427482,buy
2021-09-16,0.66,2.95,1.23,0,0.5,1.07,0,0, 0.011098, 0.0395775, 0.034666, 0.0360046, 0.0364452,buy
2021-09-17,0.77,1.85,1.4,0,0.48,1.1,0,0,-0.000995,-0.0796559,-0.093085,-0.0796559,-0.0796559,sell
2021-09-18,0.6,0.6,1.36,0,0.49,1.11,0,0,-0.039139,-0.0340508,-0.034051,-0.0455172,-0.0340508,sell
2021-09-19,0.65,0,1.18,0,0.49,1.14,0,0,-0.057308,-0.0497843,-0.048833,-0.0508164,-0.0455100,sell
2021-09-20,0.93,0.24,1.32,0,0.49,1.17,0,0,-0.062406,-0.0139930, 0.017541,-0.0365521, 0.0012212,sell
2021-09-21,1.26,0.59,0.88,0,0.51,1.18,0,0,-0.056277, 0.0524364, 0.014389, 0.0145265, 0.0120988,buy
2021-09-22,1.41,0.77,0.25,0,0.55,1.21,0,0,-0.098872,-0.1169750,-0.115316,-0.0813902,-0.0755758,sell
2021-09-23,1.25,0.44,0,0,0.6,1.24,0,0,-0.062294,-0.0645210,-0.066696,-0.0339500,-0.0584249,sell
2021-09-24,1.28,0.35,0,0,0.68,1.28,0,0,-0.044583,-0.0429197,-0.046386,-0.0254697,-0.0499446,sell
2021-09-25,1.7,0.3,0,0,0.69,1.3,0,0,-0.085044,-0.0987257,-0.068547,-0.0504202,-0.0716971,sell
2021-09-26,1.93,0.46,0,0,0.61,1.33,0,0,-0.061156,-0.0955242,-0.066617,-0.0302336,-0.0551317,sell
2021-09-27,2.02,0.56,0,0,0.55,1.37,0,0,-0.077323,-0.0963103,-0.086710,-0.0382806,-0.0595053,sell
2021-09-28,2.19,0.5,0,0,0.52,1.41,0,0,-0.051921,-0.0739179,-0.062223,-0.0198462,-0.0597410,sell
2021-09-29,3.12,0.45,0,0,0.5,1.47,0.05,0, 0.011058,-0.0199353,-0.023111,-0.0051049,-0.0199353,sell
2021-09-30,2.54,0.58,0,0,0.53,1.52,0.14,0,-0.022836,-0.0230810,-0.017882,-0.0228360,-0.0230810,sell
2021-10-01,1.24,0.49,0,0,0.68,1.58,0.39,0,-0.028763,-0.1078049,-0.113568,-0.0263963,-0.0365506,sell
2021-10-02,1.02,0.53,0,0,0.7,1.6,0.56,0,-0.000044,-0.0383971, 0.013596, 0.0487320, 0.0440950,buy
2021-10-03,1.1,0.69,0.46,0,0.52,1.56,0.29,0,-0.084421,-0.0698419,-0.079221,-0.0873378,-0.0635445,sell
2021-10-04,1.21,0.43,0.96,0,0.46,1.49,0.11,0,-0.091751,-0.0995417,-0.058059,-0.1121585,-0.0979675,sell
2021-10-05,0.9,0.35,1.89,0,0.46,1.42,0.04,0,-0.004811, 0.0100146, 0.048352,-0.0070899, 0.0417628,buy
2021-10-06,0.49,0.46,2.01,0,0.46,1.36,0,0, 0.008598, 0.0343051, 0.019054, 0.0085260, 0.0295541,buy
2021-10-07,0.26,0.84,1.31,0,0.46,1.31,0,0,-0.028156,-0.0284547,-0.034399,-0.0336201,-0.0336201,sell
2021-10-08,0.15,0.56,0.46,0,0.46,1.41,0,0,-0.006184,-0.0042970,-0.057665,-0.0068765,-0.0224792,sell
2021-10-09,0.08,0.2,0.12,0,0.46,1.52,0,0,-0.112868,-0.1149329,-0.081734,-0.1089090,-0.1089090,sell
2021-10-10,0.11,0.49,0.18,0,0.46,1.25,0,0,-0.014415,-0.0140478,-0.022253,-0.0124141, 0.0525550,sell
2021-10-11,0.08,1.11,0.47,0,0.48,1.11,0.19,0, 0.045512,-0.0005570,-0.003817, 0.0508827, 0.0506350,buy
2021-10-12,0.23,1.32,1,0,0.52,1.08,0.5,0, 0.057844, 0.0550428, 0.011507, 0.0505161, 0.0534916,buy
2021-10-13,0.51,1.15,1.31,0,0.69,1.13,1.11,0, 0.014428,-0.0328997,-0.033808,-0.0447103,-0.0503129,sell
2021-10-14,0.83,0.68,1.67,0,0.68,1.24,0.94,0,-0.051574, 0.0451886, 0.030387,-0.0114757, 0.0072739,buy
2021-10-15,1.02,0.36,1.18,0,0.52,1.55,0.43,0,-0.001357,-0.0054325, 0.007968, 0.0057245, 0.0078356,buy
2021-10-16,1.23,0.19,1.37,0,0.46,1.59,0.39,0, 0.007143, 0.0423461, 0.102396, 0.0785466, 0.1182858,buy
2021-10-17,1,0,1.19,0,0.45,1.19,0.28,0,-0.015591, 0.0056478, 0.004462,-0.0074941, 0.0018615,buy
2021-10-18,0.73,0.17,0.89,0,0.45,1.01,0.1,0,-0.049963,-0.0285345,-0.058143,-0.0581429,-0.0504763,sell
2021-10-19,0.61,0.41,0.95,0,0.47,0.88,0.09,0, 0.004705, 0.0024137,-0.001737,-0.0013996,-0.0186781,sell
2021-10-20,0.41,0.39,0.58,0,0.49,0.85,0.05,0,-0.029545,-0.0462738,-0.026299,-0.0300158,-0.0307960,sell
2021-10-21,0.41,0.15,0.22,0,0.52,0.83,0.05,0, 0.042448, 0.0526297, 0.033261, 0.0436628, 0.0488693,buy
2021-10-22,0.5,0.1,0.15,0,0.58,0.8,0.06,0, 0.043554, 0.0402213, 0.049331, 0.0435536, 0.0463287,buy
2021-10-23,0.37,0.2,0.31,0,0.62,0.79,0.06,0, 0.001386, 0.0330011, 0.024925, 0.0327250, 0.0305389,buy
2021-10-24,0.15,0.39,0.8,0,0.56,0.77,0.06,0,-0.027895,-0.0518961, 0.002280,-0.0174051,-0.0125525,sell
2021-10-25,0.06,0.42,1.01,0,0.48,0.9,0.1,0,-0.061540,-0.0611160,-0.057913,-0.0579129,-0.0571892,sell
2021-10-26,0,0.22,0.89,0,0.43,1.08,0.15,0,-0.010320,-0.0096892,-0.007909,-0.0008617,-0.0378547,sell
2021-10-27,0,0.99,0.37,0,0.46,1.58,0.28,0, 0.043020, 0.0404836, 0.019315, 0.0416376, 0.0534417,buy
2021-10-28,0,2.22,0.14,0,0.51,1.99,0.5,0,-0.016550, 0.0285414, 0.028541,-0.0258759, 0.0246962,buy
2021-10-29,0,1.99,0.4,0,0.68,1.47,0.44,0,-0.003906, 0.0305745, 0.031039,-0.0039056, 0.0303056,buy
2021-10-30,0.09,0.72,1.31,0,1,1.01,0.24,0,-0.015114,-0.0151137,-0.000295,-0.0253909,-0.0252808,sell
2021-10-31,0.32,0,1.48,0,0.92,0.83,0.16,0, 0.004569, 0.0141456, 0.013615,-0.0027796, 0.0193519,buy
2021-11-01,0.42,0.33,1.34,0,0.58,0.68,0.12,0,-0.011883,-0.0118829,-0.011883,-0.0118829,-0.0118829,sell
2021-11-02,0.15,0.98,1.28,0,0.41,0.68,0.15,0, 0.001482, 0.0152772, 0.002041,-0.0008663,-0.0008663,buy
2021-11-03,0.04,1.02,1.08,0,0.3,0.68,0.18,0, 0.041867, 0.0506801, 0.045975, 0.0418672, 0.0114721,buy
2021-11-04,0,0.66,0.59,0,0.28,0.69,0.24,0, 0.030077,-0.0128857, 0.031666, 0.0300772, 0.0187693,buy
2021-11-05,0,0.58,0.27,0,0.27,0.7,0.33,0,-0.046647,-0.0446067,-0.060179,-0.0377205,-0.0527370,sell
2021-11-06,0,0.81,0.78,0,0.27,0.7,0.43,0, 0.051590, 0.0470174, 0.047017, 0.0592132, 0.0105478,buy
2021-11-07,0,1.39,1.42,0,0.26,0.73,0.39,0, 0.025513, 0.0221066, 0.004073, 0.0296387, 0.0044880,buy
2021-11-08,0,2.02,1.03,0,0.26,0.75,0.3,0, 0.039806, 0.0222117, 0.032037, 0.0233671, 0.0400319,buy
2021-11-09,0.12,2.05,0.37,0,0.26,0.78,0.25,0, 0.051958, 0.0504865, 0.051588, 0.0545648, 0.0519576,buy
2021-11-10,0.29,0.95,0.88,0,0.35,0.82,0.24,0, 0.043731, 0.0453622, 0.044040, 0.0437312, 0.0262708,buy
2021-11-11,0.72,0,1.58,0,0.46,0.93,0.23,0,-0.010636, 0.0255286, 0.027068, 0.0042565, 0.0180108,buy
2021-11-12,1.39,0,1.49,0,0.7,1.04,0.23,0, 0.075648, 0.0562172, 0.073731, 0.0756485, 0.0824622,buy
2021-11-13,1.05,0,1.04,0,1.17,1.25,0.29,0, 0.037379, 0.0403167, 0.036299, 0.0437787, 0.0167931,buy
2021-11-14,0.42,0.24,0.75,0,1.13,1.55,0.36,0,-0.012225,-0.0276395,-0.003177,-0.0119032,-0.0031768,sell
2021-11-15,0.23,0.62,0.35,0,0.67,1.62,0.54,0,-0.009756,-0.0054059,-0.062950,-0.0010253,-0.0515687,sell
2021-11-16,0.24,0.69,0.07,0,0.44,1.53,0.87,0, 0.007978, 0.0065564,-0.092221, 0.0123629,-0.0857924,sell
2021-11-17,0.78,0.3,0,0,0.34,1.55,0.84,0,-0.008394,-0.0174662, 0.016002, 0.0166580, 0.0005481,buy
2021-11-18,1.94,0.12,0,0,0.24,1.58,0.57,0,-0.052061,-0.0469629,-0.051643,-0.0559746,-0.0516431,sell
2021-11-19,1.55,0.22,0,0,0.25,1.51,0.56,0,-0.090522,-0.1048767,-0.104109,-0.1182410,-0.0793410,sell
2021-11-20,0.6,0.69,0,0,0.27,1.38,0.73,0,-0.004198,-0.0296525,-0.037084,-0.0081190,-0.0370839,sell
2021-11-21,0.19,0.49,0,0,0.3,1.2,1.02,0, 0.019676, 0.0016628,-0.075807, 0.0087455,-0.0761069,sell
2021-11-22,0.09,0.21,0,0,0.32,1.06,0.74,0,-0.049815,-0.0382244,-0.045234,-0.0377123, 0.0242883,sell
2021-11-23,0,0.44,0,0,0.35,0.93,0.6,0,-0.076691,-0.0817466,-0.044452,-0.0233974,-0.0641034,sell
2021-11-24,0,0.83,0,0,0.38,0.8,0.59,0,-0.017641,-0.0228210, 0.017618, 0.0171324,-0.0262471,sell
2021-11-25,0.15,0.79,0,0,0.41,0.85,0.64,0,-0.053601,-0.0586891, 0.003896, 0.0070913,-0.0643702,sell
2021-11-26,0.28,0.4,0,0,0.45,0.79,0.84,0,-0.055515,-0.0521235,-0.053457,-0.0533015,-0.0539022,sell
2021-11-27,0.57,0.34,0,0,0.48,0.57,1.06,0,-0.013246, 0.0166052,-0.016062, 0.0157107,-0.0170709,sell
2021-11-28,1.24,0.28,0,0,0.46,0.43,1.54,0, 0.036822, 0.0038881, 0.038130, 0.0292380,-0.0110953,buy
2021-11-29,2.36,0.42,0,0,0.43,0.59,2.64,0, 0.031184, 0.0196357, 0.023675, 0.0291333, 0.0239057,buy
2021-11-30,2.46,0.28,0.12,0,0.39,1.06,4.15,0, 0.002584,-0.0283493,-0.012154, 0.0021204,-0.0118222,sell
2021-12-01,1.27,0.32,0.61,0,0.35,1.41,3.33,0, 0.011992,-0.0201952, 0.011903,-0.0025882, 0.0045367,buy
2021-12-02,0.57,0.33,0.91,0,0.32,0.98,1.91,0, 0.017029, 0.0181991, 0.038438, 0.0110832, 0.0333560,buy
2021-12-03,0.25,0.62,0.75,0,0.29,0.44,1.22,0,-0.005448,-0.0212420,-0.016588,-0.0165878,-0.0226542,sell
2021-12-04,0,0.69,0.43,0,0.26,0.26,1,0,-0.008866,-0.0235139,-0.030352,-0.0249081,-0.0249081,sell
2021-12-05,0,0.41,0.17,0,0.27,0.18,0.96,0, 0.033520, 0.0235944,-0.009162, 0.0235944, 0.0235944,buy
2021-12-06,0,0.22,0,0,0.24,0.12,1.01,0,-0.017554, 0.0317451, 0.015684,-0.0078145, 0.0044743,buy
2021-12-07,0,0,0,0,0.23,0.11,0.71,0,-0.000539, 0.0032201, 0.012254,-0.0256700, 0.0173758,buy
2021-12-08,0,0,0,0,0.3,0.28,0.5,0, 0.014096, 0.0177392, 0.014695,-0.0283290, 0.0177813,buy
2021-12-09,0,0,0,0,0.51,0.74,0.42,0,-0.002104,-0.0069765,-0.001179,-0.0032187, 0.0164381,sell
2021-12-10,0,0.34,0,0,0.94,1.29,0.44,0, 0.054396, 0.0414942, 0.051086, 0.0296396, 0.0521302,buy
2021-12-11,0,0.69,0,0,0.69,0.58,0.62,0,-0.026510, 0.0002370,-0.020181,-0.0288977,-0.0167022,sell
2021-12-12,0,0.33,0.15,0,0.35,0.16,0.52,0,-0.000390, 0.0003278, 0.001607,-0.0263266, 0.0187481,buy
2021-12-13,0,0,0.77,0,0.2,0.09,0.27,0, 0.041197, 0.0247472, 0.040927, 0.0276430, 0.0147442,buy
2021-12-14,0,0,1.07,0,0.31,0.22,0.16,0, 0.031396, 0.0317918, 0.016943, 0.0362243, 0.0309681,buy
2021-12-15,0,0,0.35,0,0.43,0.49,0.15,0,-0.022097, 0.0133053,-0.018286,-0.0289295,-0.0668763,sell
2021-12-16,0,0.27,0,0,0.72,1.12,0.18,0, 0.014580, 0.0253286, 0.004475,-0.0468601, 0.0209311,buy
2021-12-17,0,0.69,0,0,1.02,1.28,0.22,0, 0.044162, 0.0476416, 0.031244, 0.0415348, 0.0438347,buy
2021-12-18,0,0.68,0,0,0.97,0.62,0.31,0,-0.074036,-0.0409077,-0.056862,-0.0613007,-0.0269070,sell
2021-12-19,0.2,0.27,0.19,0,0.9,0.27,0.51,0, 0.043218, 0.0366873, 0.001938, 0.0544686, 0.0366873,buy
2021-12-20,0.69,0,0.52,0,1.18,0.19,0.51,0, 0.006386,-0.0290194, 0.034885, 0.0309468,-0.0626731,buy
2021-12-21,0.65,0,1.07,0,0.68,0.24,0.29,0, 0.040529, 0.0202815, 0.039411, 0.0024668, 0.0164904,buy
2021-12-22,0.29,0.85,0.81,0,0.2,0.48,0.18,0,-0.056858,-0.0869974,-0.045828,-0.0987685,-0.0519116,sell
2021-12-23,0.28,1.25,0.31,0,0.03,0.26,0.11,0, 0.028269, 0.0685687, 0.059645, 0.0512492, 0.0482027,buy
2021-12-24,0.52,0.41,0,0,0.03,0.14,0.17,0, 0.025481, 0.0493343, 0.022854,-0.0192886, 0.0213814,buy
2021-12-25,0.69,0,0,0,0.04,0.12,0.58,0, 0.000592, 0.0524522, 0.031933, 0.0112201, 0.0053465,buy
2021-12-26,0.49,0,0.15,0,0.09,0.21,1.64,0, 0.024171,-0.0038923,-0.003828,-0.0034159,-0.0038275,sell
2021-12-27,0.26,0,0.3,0,0.23,0.38,1.63,0, 0.024345, 0.0037186, 0.015584, 0.0155841, 0.0155841,buy
2021-12-28,0.14,0,0.57,0,0.29,0.63,0.95,0,-0.019450,-0.0222020,-0.021950,-0.0179328,-0.0268636,sell
2021-12-29,0.15,0,0.6,0,0.23,0.57,1.09,0,-0.003029, 0.0138319, 0.010672, 0.0242910, 0.0126941,buy
2021-12-30,0.31,0,0.32,0,0.41,0.31,1.11,0, 0.011269, 0.0117506, 0.012707, 0.0234051, 0.0117506,buy
2021-12-31,0.96,0,0.17,0,0.53,0.17,0.79,0,-0.042373, 0.0470289, 0.030917, 0.0252326,-0.0489896,sell
2022-01-01,1.95,0,0,0,0.81,0.09,0.59,0,-0.020653,-0.0246284,-0.012996,-0.0420184,-0.0707545,sell
2022-01-02,1.33,0.33,0,0,1.33,0.05,0.57,0, 0.019670,-0.0110689,-0.020670,-0.0111530,-0.0068772,sell
2022-01-03,0.42,0.82,0,0,1,0.05,0.69,0,-0.019098,-0.0299790,-0.018804,-0.0185231,-0.0053784,sell
2022-01-04,0.12,1.18,0,0,0.42,0.31,1.03,0,-0.010378,-0.0318961,-0.010378,-0.0101810,-0.0108858,sell
2022-01-05,0,0.78,0,0,0.18,0.82,1.4,0,-0.009809,-0.0149163,-0.010603,-0.0114392,-0.0093896,sell
2022-01-06,0,0.25,0,0,0,2.01,1.23,0, 0.024287, 0.0296610, 0.015370, 0.0110742, 0.0268867,buy
2022-01-07,0.04,0,0,0,0,2.05,0.81,0, 0.069338, 0.0693377, 0.045502, 0.0492210, 0.0520469,buy
2022-01-08,0.04,0,0,0,0,0.98,0.9,0, 0.010854, 0.0076595, 0.011094, 0.0090141, 0.0009871,buy
2022-01-09,0.04,0,0,0,0,0.64,1.36,0, 0.021257,-0.0032741, 0.005312, 0.0053125, 0.0011919,buy
2022-01-10,0.05,0,0,0,0,0.68,1.99,0, 0.096710, 0.0697471, 0.113350, 0.0617103, 0.0585636,buy
2022-01-11,0.05,0,0,0,0,0.46,1.79,0, 0.027711, 0.0165810, 0.023324, 0.0213337,-0.0150140,buy
2022-01-12,0.06,0,0,0,0,0.22,0.92,0,-0.036440,-0.0161418,-0.017213,-0.0346922, 0.0244849,sell
2022-01-13,0.06,0.15,0,0,0.11,0.11,0.47,0,-0.019188,-0.0191881,-0.010884,-0.0285101,-0.0086786,sell
2022-01-14,0.07,0.23,0,0,0.2,0.05,0.28,0, 0.091964, 0.0897158, 0.106154, 0.0790235, 0.0887495,buy
2022-01-15,0.19,0.44,0,0,0.4,0,0.21,0,-0.026737, 0.0440060,-0.027065, 0.0266953, 0.0310349,sell
2022-01-16,0.38,0.89,0,0,0.7,0,0.3,0,-0.053043,-0.0393698,-0.053654,-0.0530425,-0.0590653,sell
2022-01-17,0.88,1.4,0,0,1.12,0,0.52,0,-0.003819, 0.0036386,-0.042777, 0.0023471, 0.0083649,sell
2022-01-18,1.41,1.85,0,0,1.17,0.29,0.7,0, 0.053969, 0.0446350, 0.015997, 0.0232565, 0.0323099,buy
2022-01-19,1.06,1.67,0.25,0,1.07,0.62,0.46,0, 0.042789, 0.0288234, 0.028085,-0.0022789, 0.0208135,buy
2022-01-20,0.58,1.15,0.48,0,0.92,1.49,0.19,0,-0.033557,-0.0431606,-0.047424,-0.0706880,-0.0308587,sell
2022-01-21,0.44,0.78,0.92,0,0.95,2.05,0.07,0,-0.038123,-0.0394108,-0.045140,-0.0469858,-0.0430027,sell
2022-01-22,0.38,0.46,1.07,0,0.83,1.47,0,0,-0.028687,-0.0311655,-0.031166,-0.0496532,-0.0508503,sell
2022-01-23,0.46,0.37,0.64,0,0.44,1.71,0,0, 0.015638, 0.0149818, 0.045290, 0.0311942, 0.0188725,buy
2022-01-24,0.54,0.29,0.34,0,0.37,1.7,0,0,-0.047605,-0.0401264,-0.057104,-0.0482932,-0.0293187,sell
2022-01-25,0.83,0.25,0,0,0.41,1.91,0,0,-0.047150,-0.0464090,-0.073255,-0.0715444,-0.0732551,sell
2022-01-26,1.31,0.15,0,0,0.38,1.98,0.1,0,-0.044646,-0.0198960,-0.058275,-0.0404952,-0.0582754,sell
2022-01-27,2,0.15,0,0,0.32,1.07,0.25,0, 0.060146, 0.0418923, 0.068882, 0.0639060, 0.0607763,buy
2022-01-28,1.75,0.15,0,0,0.39,0.49,0.61,0,-0.012791,-0.0110279,-0.009488,-0.0515135,-0.0324540,sell
2022-01-29,1.22,0.15,0,0,0.53,0.14,0.73,0,-0.010400,-0.0114576,-0.003748,-0.0037476,-0.0103998,sell
2022-01-30,1.02,0.17,0,0,0.73,0,0.38,0,-0.002691, 0.0657577, 0.050856, 0.0488529, 0.0152286,buy
2022-01-31,0.91,0.19,0,0,0.7,0.04,0.22,0, 0.027354, 0.0668082, 0.058895, 0.0571112, 0.0245113,buy
2022-02-01,0.86,0.22,0,0,0.42,0.06,0.19,0, 0.011844, 0.0166932, 0.010920,-0.0095014,-0.0000646,buy
2022-02-02,0.76,0.26,0,0,0.29,0.1,0.31,0, 0.015845, 0.0084472, 0.004852,-0.0168610, 0.0053539,buy
2022-02-03,0.72,0.33,0,0,0.25,0.13,0.43,0, 0.004829, 0.0096244, 0.003380,-0.0226621, 0.0064917,buy
2022-02-04,0.76,0.43,0,0,0.21,0.15,0.59,0,-0.056271, 0.0354419,-0.042202,-0.0354567, 0.0445630,sell
2022-02-05,0.77,0.57,0,0,0.23,0.16,0.53,0,-0.058681, 0.0474181,-0.029141,-0.0379667, 0.0614544,sell
2022-02-06,0.92,0.78,0,0,0.27,0.16,0.4,0, 0.021894, 0.0179173, 0.045736,-0.0079178, 0.0152289,buy
2022-02-07,1.16,0.98,0,0,0.45,0.22,0.24,0,-0.009368, 0.0023751, 0.000373,-0.0129670,-0.0017344,sell
2022-02-08,1.45,1.01,0,0,0.69,0.2,0.21,0,-0.002815,-0.0024737,-0.007397, 0.0105453,-0.0238008,sell
2022-02-09,1.41,1.11,0,0,1.25,0.23,0.21,0, 0.005802, 0.0060325,-0.001195, 0.0053496, 0.0144994,buy
2022-02-10,1.4,1.26,0,0,1.8,0.31,0.22,0, 0.032869,-0.0065901,-0.005129, 0.0348762, 0.0339464,buy
2022-02-11,1.61,0.95,0,0,1.51,0.42,0.22,0, 0.004674,-0.0399511, 0.020792, 0.0360630, 0.0030597,buy
2022-02-12,1.35,0.63,0,0,1.13,0.7,0.26,0, 0.004226, 0.0033373, 0.004226, 0.0103039, 0.0052477,buy
2022-02-13,0.93,0.63,0,0,1.07,0.98,0.32,0, 0.001501, 0.0374508,-0.009384, 0.0196895,-0.0106161,sell
2022-02-14,0.81,0.72,0,0,1.15,0.75,0.39,0, 0.028104, 0.0419994, 0.017208, 0.0516253, 0.0022807,buy
2022-02-15,0.87,0.84,0,0,1.69,0.48,0.47,0,-0.010127,-0.0218412,-0.049445,-0.0127131,-0.0294772,sell
2022-02-16,0.84,0.65,0,0,2.27,0.38,0.58,0,-0.031483,-0.0178568,-0.049403,-0.0125855,-0.0359349,sell
2022-02-17,0.63,0.43,0,0,2.36,0.34,0.69,0,-0.043341,-0.0183798,-0.039587,-0.0030693,-0.0468390,sell
2022-02-18,0.48,0.28,0,0,1.76,0.52,0.7,0, 0.007843,-0.0240585,-0.012978,-0.0052791,-0.0030361,sell
2022-02-19,0.39,0.19,0,0,1.11,0.82,0.7,0, 0.004983,-0.0501803,-0.071450, 0.0032438,-0.0302774,sell
2022-02-20,0.31,0.07,0,0,0.68,1.43,0.86,0,-0.009026, 0.0014083, 0.005486, 0.0204287, 0.0054861,buy
2022-02-21,0.29,0,0,0,0.45,2.33,1.18,0, 0.055302, 0.0143127,-0.004715, 0.0079111, 0.0014738,buy
2022-02-22,0.27,0,0,0,0.29,2,1.83,0,-0.050596,-0.0511423,-0.040799,-0.0482621,-0.0471034,sell
2022-02-23,0.25,0,0,0,0.19,1.47,3.09,0, 0.021925, 0.0339891, 0.016395, 0.0238976, 0.0219255,buy
2022-02-24,0.24,0,0,0,0.15,1.3,3.56,0, 0.038499, 0.0446194, 0.035248, 0.0414068, 0.0398965,buy
2022-02-25,0.29,0,0,0,0.27,1.18,2.28,0,-0.010214, 0.0071191,-0.007582, 0.0071191,-0.0142633,sell
2022-02-26,0.44,0,0,0,0.5,1.24,1.21,0,-0.025902, 0.0279668,-0.023513, 0.0101672,-0.0251294,sell
2022-02-27,0.67,0,0,0,0.47,1.35,0.73,0,-0.057170, 0.0328665,-0.048763,-0.0713922,-0.0577126,sell
2022-02-28,1.17,0,0,0,0.58,1.62,0.61,0,-0.021597, 0.0323315, 0.033138,-0.0362832,-0.0181402,sell
2022-03-01,1.85,0,0,0,0.63,1.81,0.65,0, 0.036502,-0.0378429,-0.019807,-0.0178971,-0.0073578,sell
2022-03-02,1.5,0,0,0,0.3,2.05,0.76,0, 0.030845, 0.0050357, 0.012143, 0.0015930, 0.0032493,buy
2022-03-03,0.78,0,0,0,0.39,2.23,0.42,0, 0.017484,-0.0012860, 0.002842,-0.0064190, 0.0047370,buy
2022-03-04,0.43,0,0,0,0.98,2.08,0.2,0,-0.028705,-0.0101728,-0.046866,-0.0222447,-0.0396834,sell
2022-03-05,0.26,0,0,0,1.19,2.2,0.06,0,-0.021830,-0.0167548,-0.021830,-0.0455575,-0.0231598,sell
2022-03-06,0.12,0,0,0,0.47,2.63,0,0, 0.007263,-0.0015304, 0.034750, 0.0015761, 0.0167769,buy
2022-03-07,0.11,0,0,0,0.44,2.66,0,0,-0.045289,-0.0589611,-0.039810,-0.0539772,-0.0496636,sell
2022-03-08,0.1,0,0,0,0.88,1.94,0,0,-0.040585,-0.0405850,-0.040585,-0.0428150,-0.0405850,sell
2022-03-09,0.09,0,0,0,1.31,1.48,0,0, 0.041950, 0.0201598, 0.038151,-0.0109920, 0.0296350,buy
2022-03-10,0.14,0,0,0,1.34,1.14,0,0, 0.070522, 0.0583041, 0.049872, 0.0437607, 0.0569827,buy
2022-03-11,0.2,0,0,0,0.84,1.13,0,0,-0.027248,-0.0147293,-0.019338,-0.0902972, 0.0049653,sell
2022-03-12,0.28,0,0,0,0.5,1.31,0.1,0,-0.090759,-0.0943120,-0.049249,-0.0830624,-0.0813943,sell
2022-03-13,0.41,0,0,0,0.37,1.69,0.21,0,-0.014694, 0.0248665, 0.001457, 0.0005068, 0.0081468,buy
2022-03-14,0.62,0,0,0,0.35,2.8,0.38,0,-0.011001,-0.0836513,-0.050453,-0.0289582,-0.0102569,sell
2022-03-15,0.63,0,0,0,0.56,3.2,0.99,0, 0.034423, 0.0148378,-0.017804, 0.0143286,-0.0700277,sell
2022-03-16,0.56,0,0,0,0.87,3.37,1.56,0, 0.056210, 0.0360571, 0.006958, 0.0398457,-0.0151946,buy
2022-03-17,0.6,0,0,0,0.89,3.74,1.97,0, 0.081827, 0.0292238, 0.047976, 0.0747388, 0.0339177,buy
2022-03-18,0.52,0,0,0,0.43,2.8,2.02,0, 0.056586, 0.0256916,-0.007100, 0.0366553,-0.0070997,sell
2022-03-19,0.36,0,0,0,0.29,1.39,1.54,0,-0.047557,-0.0539653,-0.050182,-0.0403532,-0.0392577,sell
2022-03-20,0.23,0,0,0,0.37,0.88,1.04,0,-0.028120,-0.0744969,-0.053505,-0.0587739,-0.0268245,sell
2022-03-21,0.16,0,0,0,0.7,0.84,1.09,0, 0.015213, 0.0096171, 0.023250, 0.0109629, 0.0092629,buy
2022-03-22,0.12,0,0,0,1.29,0.71,0.88,0, 0.012966,-0.0379493, 0.029482, 0.0180730,-0.0219716,buy
2022-03-23,0.06,0,0,0,0.91,0.59,0.84,0,-0.014898,-0.0161507,-0.003196,-0.0197793,-0.0287907,sell
2022-03-24,0.04,0,0,0,0.59,0.72,1.37,0, 0.017227,-0.0029742,-0.002974,-0.0029742, 0.0101774,sell
2022-03-25,0,0,0,0,0.6,1.46,1.26,0,-0.020580,-0.0195946,-0.021204, 0.0117046,-0.0255751,sell
2022-03-26,0,0,0,0,0.78,2.09,1.1,0, 0.006847,-0.0019811, 0.006847, 0.0252399,-0.0305566,sell
2022-03-27,0,0,0,0,1.03,1.85,0.71,0, 0.051196, 0.0511386, 0.049851, 0.0405227, 0.0306885,buy
2022-03-28,0,0,0,0,1.12,1.26,0.64,0,-0.032048,-0.0010567,-0.021958,-0.0336399,-0.0258673,sell
2022-03-29,0,0,0,0,1.5,1.49,0.69,0,-0.039758,-0.0205640,-0.037666,-0.0350490,-0.0488538,sell
2022-03-30,0,0,0,0,2.06,2.82,0.74,0,-0.011172, 0.0279917, 0.019943, 0.0011462, 0.0199669,buy
2022-03-31,0,0,0,0,1.8,2.77,0.82,0,-0.005091, 0.0317665, 0.000118,-0.0194276, 0.0037648,buy
2022-04-01,0,0,0,0,1.78,2.27,1.04,0,-0.075821,-0.0824133,-0.078381,-0.0685197,-0.0810311,sell
2022-04-02,0,0,0,0,2.69,1.61,1.24,0,-0.100656,-0.0853032,-0.099676,-0.0760696,-0.0966808,sell
2022-04-03,0,0,0,0,2.86,1.25,1.54,0,-0.088313,-0.0805253,-0.092147,-0.0900649,-0.0788640,sell
2022-04-04,0,0,0,0,2.66,0.8,1.37,0,-0.027463,-0.0379605,-0.060309,-0.0602633, 0.0107827,sell
2022-04-05,0,0,0,0,2.6,0.54,1.15,0,-0.015115,-0.0256080,-0.026972,-0.0526612, 0.0331136,sell
2022-04-06,0,0,0,0,3.12,0.41,1.49,0, 0.046105, 0.0591683, 0.026986,-0.0187512, 0.0710721,buy
2022-04-07,0,0,0,0,4.16,0.37,2.22,0, 0.063725, 0.0603354, 0.018073, 0.0101638, 0.0695027,buy
2022-04-08,0,0,0,0,3.94,0.5,1.72,0, 0.065049, 0.0609471, 0.023128, 0.0109040, 0.0725431,buy
2022-04-09,0,0,0,0,2.03,0.61,1.53,0,-0.000250,-0.0377783,-0.008702,-0.0002498,-0.0002498,sell
2022-04-10,0,0,0,0,1.49,0.89,1.74,0,-0.026936,-0.0323060,-0.030018,-0.0246057,-0.0320013,sell
2022-04-11,0,0,0,0,1.7,1.5,2.24,0,-0.004895,-0.0048950,-0.004750, 0.0420703,-0.0063716,sell
2022-04-12,0,0,0,0,2.29,1.85,3.1,0, 0.016671, 0.0182197, 0.000203, 0.0584474, 0.0150686,buy
2022-04-13,0,0,0,0,3.51,1.34,3.29,0, 0.011447, 0.0092090, 0.011390, 0.0135236, 0.0105910,buy
2022-04-14,0,0,0,0,3.51,1.52,2.64,0, 0.025779, 0.0161304, 0.024337, 0.0227728, 0.0277315,buy
2022-04-15,0,0,0,0,2.18,2.79,2.27,0,-0.000758, 0.0027809, 0.002373, 0.0470895,-0.0067880,buy
2022-04-16,0,0,0,0,1.81,2.15,2.12,0, 0.035959, 0.0229694, 0.022957, 0.0339084,-0.0045025,buy
2022-04-17,0,0,0,0,2.23,1.3,2.27,0, 0.024349, 0.0176387, 0.023195, 0.0309458, 0.0048547,buy
2022-04-18,0,0,0,0,1.9,1.03,2.3,0,-0.032317,-0.0155354,-0.001358, 0.0023143,-0.0008645,sell
2022-04-19,0,0,0,0,1.19,0.61,1.76,0,-0.046457,-0.0464573,-0.011469,-0.0224228,-0.0477690,sell
2022-04-20,0,0,0,0,1.06,0.41,1.37,0,-0.058611,-0.0528300,-0.001939,-0.0880434,-0.0528300,sell
2022-04-21,0,0,0,0,1.16,0.34,1.16,0,-0.018561,-0.0169967,-0.011577,-0.0606542,-0.0032144,sell
2022-04-22,0,0,0,0,1.43,0.31,1.12,0,-0.030369,-0.0271509,-0.028554,-0.0400693,-0.0271509,sell
2022-04-23,0,0,0,0,1.35,0.33,1.38,0,-0.050604,-0.0506037,-0.000055,-0.0277342,-0.0506037,sell
2022-04-24,0,0,0,0,1.2,0.35,2.41,0, 0.001508,-0.0072024,-0.019349,-0.0099573,-0.0142259,sell
2022-04-25,0.04,0,0,0,1.24,0.37,2.53,0, 0.037258, 0.0363307, 0.029736, 0.0082511, 0.0335728,buy
2022-04-26,0.12,0,0,0,1.55,0.75,2.33,0, 0.000276,-0.0019509,-0.019359, 0.0148851,-0.0009317,sell
2022-04-27,0.33,0,0,0,1.83,1.3,2.02,0,-0.025632,-0.0286007,-0.039576, 0.0168588,-0.0193330,sell
2022-04-28,0.56,0,0,0,1.46,2.27,1.26,0,-0.058202,-0.0531358,-0.061968,-0.0465165,-0.0597250,sell
2022-04-29,0.36,0,0,0,1.17,3.08,1.06,0, 0.004567, 0.0050549,-0.011828,-0.0402927,-0.0151915,sell
2022-04-30,0.15,0,0,0,1.11,2.69,1.25,0, 0.003510,-0.0005841, 0.002013,-0.0190930,-0.0207298,sell
2022-05-01,0.07,0,0,0,1.19,2.17,1.54,0, 0.025447, 0.0126440, 0.031852, 0.0123113,-0.0081763,buy
2022-05-02,0,0,0,0,1.46,2.34,1.44,0, 0.067253, 0.0491147, 0.077342, 0.0576169, 0.0759482,buy
2022-05-03,0,0,0,0,1.92,2.01,1.55,0, 0.068662, 0.0435832, 0.055355, 0.0364267, 0.0476011,buy
2022-05-04,0,0,0,0,2.15,1.36,1.74,0, 0.063494, 0.0354159, 0.057089, 0.0485256, 0.0459349,buy
2022-05-05,0,0,0,0,1.78,0.89,1.56,0, 0.056159, 0.0177934, 0.058607, 0.0484297, 0.0467759,buy
2022-05-06,0,0,0,0,1.42,0.73,1.26,0,-0.051441,-0.0537502, 0.028391,-0.0364781,-0.0534628,sell
2022-05-07,0,0,0,0,1.24,0.81,0.91,0,-0.077735,-0.0638392,-0.064113,-0.0585549,-0.0534766,sell
2022-05-08,0,0,0,0,1.13,1.33,0.68,0,-0.024545,-0.0330228,-0.008986, 0.0057747,-0.0018657,sell
2022-05-09,0,0,0,0,1.11,2.01,0.48,0,-0.030167,-0.0300735,-0.025035,-0.0250347, 0.0017963,sell
2022-05-10,0,0,0,0,1.12,2.36,0.41,0,-0.045739,-0.0502985,-0.037897,-0.0502985,-0.0236324,sell
2022-05-11,0,0,0,0,1.14,2.44,0.46,0,-0.016002,-0.0161602,-0.037746,-0.0195006, 0.0021178,sell
2022-05-12,0,0,0,0,1.15,1.68,0.66,0, 0.035451, 0.0300890, 0.027473, 0.0272979, 0.0080865,buy
2022-05-13,0,0,0,0,1.24,1.14,1.03,0,-0.007740,-0.0271496,-0.027627,-0.0185011,-0.0180011,sell
2022-05-14,0,0,0,0,1.49,0.73,1.77,0,-0.042854,-0.0447893,-0.031083,-0.0309504,-0.0447893,sell
2022-05-15,0,0,0,0,1.93,0.6,2.42,0,-0.010259,-0.0122818,-0.003964,-0.0051765,-0.0085296,sell
2022-05-16,0.06,0,0,0,2.24,0.58,1.81,0,-0.012541,-0.0368967,-0.006915,-0.0126658,-0.0047681,sell
2022-05-17,0.15,0,0,0,2.31,0.82,0.99,0,-0.046827,-0.0504218,-0.030626,-0.0468273,-0.0121038,sell
2022-05-18,0.35,0,0,0,2.43,0.93,0.73,0,-0.049844,-0.0465479,-0.032912,-0.0461186,-0.0154439,sell
2022-05-19,0.56,0,0,0,2.31,0.92,0.67,0,-0.023828,-0.0370094,-0.038558,-0.0137620,-0.0088149,sell
2022-05-20,0.42,0,0,0,2.17,1.32,0.75,0, 0.057889, 0.0183461, 0.076988, 0.0585909, 0.0590210,buy
2022-05-21,0.23,0,0,0,2.42,1.6,0.86,0, 0.069460, 0.0179951, 0.054591, 0.0575051, 0.0539486,buy
2022-05-22,0.2,0,0,0,2.38,1.52,1.22,0, 0.059858, 0.0259292, 0.050508, 0.0458109, 0.0430209,buy
2022-05-23,0.22,0,0,0,2.43,1.35,1.68,0, 0.006801,-0.0009409, 0.004450, 0.0141084, 0.0044500,buy
2022-05-24,0.36,0,0,0,2.93,1.06,1.7,0, 0.000097,-0.0052915, 0.007634, 0.0094752, 0.0058217,buy
2022-05-25,0.56,0,0,0,2.52,1.09,0.93,0,-0.036189,-0.0222667,-0.019166,-0.0341455,-0.0279054,sell
2022-05-26,0.54,0,0,0,2.11,1.11,0.52,0,-0.025874,-0.0565762,-0.010177,-0.0404359,-0.0080956,sell
2022-05-27,0.35,0,0,0,1.76,0.77,0.35,0, 0.001808,-0.0221605,-0.001244,-0.0000515, 0.0289102,sell
2022-05-28,0.24,0,0,0,1.44,0.47,0.39,0, 0.008498, 0.0064747,-0.000539, 0.0143866,-0.0139207,sell
2022-05-29,0.17,0,0,0,1.37,0.34,0.63,0,-0.088231,-0.0704033,-0.068076,-0.0885048,-0.0756393,sell
2022-05-30,0.13,0,0,0,1.44,0.33,0.7,0,-0.087978,-0.0802792,-0.072286,-0.0762491,-0.0561526,sell
2022-05-31,0.1,0,0,0,1.58,0.47,0.66,0,-0.037247,-0.0549233,-0.036994,-0.0341729,-0.0340125,sell
2022-06-01,0.09,0.1,0,0,1.49,0.78,0.73,0,-0.044979,-0.0508033,-0.050803,-0.0460951,-0.0343070,sell
2022-06-02,0.08,0.24,0,0,1.31,1.14,0.8,0,-0.021959,-0.0242316, 0.004777,-0.0003928,-0.0093136,sell
2022-06-03,0.08,0.56,0,0,1.23,1.24,0.99,0, 0.016361, 0.0034067, 0.031850, 0.0318923, 0.0174437,buy
2022-06-04,0.09,0.53,0,0,1.25,1.21,1.31,0, 0.036304, 0.0288631, 0.040922, 0.0458747, 0.0385438,buy
2022-06-05,0.1,0.22,0,0,1.34,1.9,1.54,0, 0.064996, 0.0259189, 0.070838, 0.0627856, 0.0845065,buy
2022-06-06,0.12,0,0,0,1.56,2.76,1.45,0, 0.073733, 0.0564569, 0.068474, 0.0723182, 0.0643757,buy
2022-06-07,0.16,0,0,0,1.72,2.49,0.97,0, 0.103542, 0.0454076, 0.090534, 0.0796789, 0.0814443,buy
2022-06-08,0.24,0,0,0,1.64,1.86,0.59,0, 0.061290,-0.0487041, 0.086216, 0.0331245, 0.0418626,buy
2022-06-09,0.36,0,0,0,1.61,1.07,0.33,0,-0.000422,-0.0295641, 0.006679,-0.0295641, 0.0051353,buy
2022-06-10,0.56,0,0,0,2.02,0.93,0.17,0, 0.035079,-0.0498346,-0.014056, 0.0193362, 0.0356298,sell
2022-06-11,0.53,0,0,0,2.4,0.93,0.1,0, 0.002932,-0.0362468,-0.038804, 0.0098893, 0.0112883,sell
2022-06-12,0.31,0,0,0,2.01,1.03,0,0,-0.046675,-0.0498549,-0.035742,-0.0121538,-0.0071277,sell
2022-06-13,0.32,0,0,0,1.48,1.42,0,0,-0.070788,-0.0663939,-0.071501,-0.0179318, 0.0162848,sell
2022-06-14,0.43,0,0,0,1.29,2.11,0,0,-0.025015,-0.0153844,-0.026660,-0.0201204,-0.0451076,sell
2022-06-15,0.87,0,0,0,1.3,2.14,0,0,-0.032465,-0.0759746,-0.069363,-0.0543384,-0.0618649,sell
2022-06-16,1.11,0,0,0,1.53,1.42,0.14,0,-0.048726,-0.0549086,-0.056279,-0.0275582,-0.0357828,sell
2022-06-17,0.61,0,0.14,0,1.64,1,0.44,0, 0.072084, 0.0565875, 0.050609, 0.0746491, 0.0669036,buy
2022-06-18,0.29,0,0.34,0,1.48,0.76,1.24,0,-0.007036,-0.0200266, 0.035190,-0.0090664,-0.0296276,buy
2022-06-19,0.24,0,0.48,0,1.39,0.61,1.69,0, 0.013306, 0.0133058,-0.002480, 0.0110019, 0.0098100,buy
2022-06-20,0.37,0,0.27,0,1.5,0.69,1,0, 0.016015,-0.0452448,-0.030039,-0.0118002,-0.0439070,sell
2022-06-21,0.55,0,0.11,0,1.75,0.95,0.42,0, 0.000635,-0.0040994, 0.000069, 0.0006347, 0.0183540,sell
2022-06-22,0.28,0,0,0,1.6,1.42,0.08,0,-0.026791,-0.0848920,-0.027772,-0.0848920,-0.0249882,sell
2022-06-23,0.09,0.1,0,0,1.29,2.42,0.08,0, 0.034562, 0.0337124, 0.028583, 0.0090652, 0.0363723,buy
2022-06-24,0.02,0.36,0,0,1.25,2.62,0.15,0, 0.032474, 0.0442670, 0.044336,-0.0018676, 0.0596447,buy
2022-06-25,0.05,0.55,0,0,1.29,1.93,0.39,0, 0.080102, 0.0812061, 0.090488, 0.0546600, 0.0879706,buy
2022-06-26,0.1,0.22,0,0,1.5,1.78,0.97,0, 0.064633, 0.0223220, 0.077087, 0.0857456, 0.0855821,buy
2022-06-27,0.23,0,0,0,2.18,1.31,1.93,0, 0.002047, 0.0000398, 0.000040, 0.0123177, 0.0000398,buy
2022-06-28,0.28,0,0,0,3.36,0.68,1.75,0,-0.007934,-0.0059689, 0.002349, 0.0067689,-0.0038957,sell
2022-06-29,0.15,0.28,0,0,3.5,0.42,1.05,0, 0.006664, 0.0342039, 0.039154, 0.0046478, 0.0323144,buy
2022-06-30,0.17,0.67,0,0,2.42,0.29,0.46,0, 0.013919, 0.0303004, 0.050005, 0.0272582, 0.0129182,buy
2022-07-01,0.53,1.12,0,0,1.44,0.3,0.21,0,-0.048921,-0.0539020,-0.051524,-0.0656434,-0.0606591,sell
2022-07-02,1.09,0.99,0,0,1.05,0.31,0,0, 0.003842, 0.0268612,-0.003913, 0.0007191, 0.0251635,buy
2022-07-03,0.44,0.87,0.38,0,0.89,0.32,0,0, 0.005778, 0.0043324, 0.004332,-0.0359826, 0.0020977,buy
2022-07-04,0.08,0.4,0.47,0,0.75,0.34,0.11,0,-0.043360,-0.0572586,-0.069865,-0.0691268, 0.0224865,sell
2022-07-05,0,0.14,0.1,0,0.76,0.5,0.31,0,-0.002675, 0.0008384, 0.021207, 0.0008384, 0.0008384,buy
2022-07-06,0,0,0,0,0.87,1.42,0.69,0,-0.027118,-0.0366619, 0.009578, 0.0157896, 0.0095781,buy
2022-07-07,0.07,0,0,0,1.28,1.83,0.62,0, 0.026553, 0.0194934, 0.036183, 0.0361828, 0.0325275,buy
2022-07-08,0.27,0.21,0,0,1.62,0.93,0.47,0, 0.027079,-0.0000267, 0.013019, 0.0047205, 0.0290955,buy
2022-07-09,0.16,1.12,0,0,1.48,0.46,0.75,0, 0.001709, 0.0061268,-0.013802,-0.0115265,-0.0258680,sell
2022-07-10,0.11,0.82,0,0,0.95,0.5,1.14,0, 0.024665, 0.0243057, 0.002604, 0.0078292, 0.0179631,buy
2022-07-11,0.28,0,0,0,0.67,0.55,1.29,0,-0.019746,-0.0222390,-0.007635,-0.0293870,-0.0197460,sell
2022-07-12,0.86,0.09,0,0,0.6,0.61,1,0,-0.048378,-0.0184574,-0.023075,-0.0339109,-0.0217539,sell
2022-07-13,1.09,0.23,0,0,0.7,0.67,1.42,0,-0.011068, 0.0031402,-0.010054,-0.0132943,-0.0132943,sell
2022-07-14,0.56,0.36,0.4,0,0.87,0.74,1.89,0, 0.048276, 0.0363276, 0.034083, 0.0518083, 0.0384792,buy
2022-07-15,0.5,0.4,1.32,0,0.85,0.92,0.68,0, 0.033950, 0.0434374, 0.020965, 0.0484748, 0.0217481,buy
2022-07-16,1.28,0.18,2.34,0,0.8,1.09,0.14,0, 0.039281, 0.0343936, 0.018295, 0.0297961, 0.0350519,buy
2022-07-17,2.79,0,1.24,0,0.83,1.34,0.07,0, 0.020371,-0.0233973, 0.021007, 0.0139606, 0.0028502,buy
2022-07-18,1.74,0,0.24,0,0.73,1.93,0.04,0, 0.018019,-0.0440449,-0.051205, 0.0148679, 0.0031831,sell
2022-07-19,0.57,0,0,0,0.59,3,0,0, 0.029257, 0.0115659, 0.003037,-0.0132716, 0.0147323,buy
2022-07-20,0.26,0,0,0,0.6,4.28,0,0,-0.034310,-0.0422354,-0.041705,-0.0274960,-0.0474772,sell
2022-07-21,0.18,0,0.09,0,0.64,3.97,0,0,-0.033506,-0.0354888,-0.037042,-0.0095370,-0.0407220,sell
2022-07-22,0.36,0,0.24,0,0.53,2.44,0,0, 0.048046, 0.0635158, 0.056548, 0.0500765, 0.0536678,buy
2022-07-23,0.69,0.83,0.08,0,0.41,1.67,0,0, 0.064445, 0.0391771, 0.064445, 0.0356784, 0.0424234,buy
2022-07-24,0.36,2.45,0,0,0.4,1.21,0,0,-0.040704,-0.0383107,-0.039017,-0.1195107,-0.0390175,sell
2022-07-25,0.08,1.72,0,0,0.41,0.99,0,0, 0.000716, 0.0087439, 0.023864,-0.0349059, 0.0349607,buy
2022-07-26,0.2,0.36,0.06,0,0.45,0.92,0,0,-0.062545,-0.0639661,-0.071376,-0.0577533,-0.0577533,sell
2022-07-27,0.7,0,0.16,0,0.55,0.86,0,0,-0.056766,-0.0527964,-0.052796,-0.0611156,-0.0596891,sell
2022-07-28,0.45,0,0.24,0,0.75,0.8,0,0,-0.010221,-0.0142648,-0.013622, 0.0418619, 0.0181535,sell
2022-07-29,0.16,0,0.12,0,0.89,0.75,0,0,-0.060087,-0.0491039,-0.059511,-0.0131779, 0.0105223,sell
2022-07-30,0.18,0.13,0.05,0,0.71,0.7,0.07,0, 0.040184, 0.0458071, 0.007384, 0.0314518, 0.0276933,buy
2022-07-31,0.41,0.81,0.53,0,0.52,0.67,0.35,0, 0.002057, 0.0017001, 0.007282,-0.0135610, 0.0364147,buy
2022-08-01,0.4,1.26,1.36,0,0.4,0.63,1.09,0, 0.014327, 0.0040373, 0.021311, 0.0143274, 0.0181667,buy
2022-08-02,0.17,1.67,0.99,0,0.35,0.6,1.52,0, 0.011310,-0.0682463, 0.011471, 0.0133427, 0.0079191,buy
2022-08-03,0.07,1.25,0.24,0,0.27,0.57,0.73,0,-0.052496,-0.0436223,-0.046789,-0.0436223,-0.0435486,sell
2022-08-04,0.03,1.03,0.42,0,0.26,0.54,0.24,0, 0.051600, 0.0159610, 0.036443, 0.0759581, 0.0221589,buy
2022-08-05,0.27,0.69,0.94,0,0.26,0.58,0.05,0,-0.044676,-0.1206931,-0.042917,-0.1123131,-0.0234532,sell
2022-08-06,0.76,0.18,0.67,0,0.32,0.6,0,0,-0.077084,-0.0512305,-0.054496,-0.0683087,-0.0601215,sell
2022-08-07,1.72,0,0.21,0,0.44,0.67,0.15,0, 0.052199, 0.0203307, 0.041763, 0.0435831, 0.0479153,buy
2022-08-08,1.7,0,0.16,0,0.62,0.8,0.26,0, 0.063389, 0.0224520, 0.060296, 0.0602228, 0.0631113,buy
2022-08-09,0.94,0,0.36,0,0.52,0.93,0.46,0,-0.069867,-0.0642449,-0.069867,-0.0683679,-0.0731719,sell
2022-08-10,0.42,0.19,0.19,0,0.36,0.8,0.82,0,-0.002573,-0.0305649,-0.012555,-0.0345501,-0.0070452,sell
2022-08-11,0.22,0.56,0,0,0.29,0.63,1.39,0,-0.030565,-0.0000908,-0.006004,-0.0083998,-0.0090073,sell
2022-08-12,0.19,0.4,0.14,0,0.26,0.55,1.33,0,-0.019449, 0.0165554,-0.009734, 0.0154866, 0.0005122,sell
2022-08-13,0.41,0.11,0.45,0,0.25,0.49,0.76,0, 0.020633,-0.0176254,-0.019529,-0.0092328,-0.0269102,sell
2022-08-14,0.95,0.16,0.7,0,0.26,0.47,0.43,0,-0.037240,-0.0372401,-0.046075,-0.0372401,-0.0460754,sell
2022-08-15,1.62,0.39,0.68,0,0.25,0.42,0.24,0, 0.025211, 0.0381024, 0.027242, 0.0444536, 0.0254972,buy
2022-08-16,1.68,0.42,0.72,0,0.18,0.42,0.14,0, 0.019821, 0.0289995, 0.030405, 0.0365795, 0.0201075,buy
2022-08-17,1.13,0.18,1.64,0,0.18,0.51,0,0,-0.026438,-0.0207505,-0.011064,-0.0196974,-0.0142672,sell
2022-08-18,0.68,0.65,2.18,0,0.19,0.57,0,0,-0.026246,-0.0173887,-0.026269,-0.0144433,-0.0269492,sell
2022-08-19,0.31,1.4,1.63,0,0.19,0.68,0,0,-0.045194,-0.0418049,-0.041438,-0.0270499,-0.0384298,sell
2022-08-20,0.13,1.05,0.59,0,0.2,0.88,0,0, 0.005241,-0.0284070,-0.012624,-0.0200809, 0.0241809,sell
2022-08-21,0.2,0.35,0.15,0,0.2,1.26,0,0, 0.020993, 0.0562370, 0.016198, 0.0562370, 0.0286577,buy
2022-08-22,0.66,0.26,0,0,0.21,1.3,0,0, 0.038325, 0.0172405, 0.019207,-0.0050679, 0.0383253,buy
2022-08-23,0.8,0.63,0.06,0,0.21,1.04,0,0,-0.008562,-0.0207107,-0.046914,-0.0002409,-0.0084122,sell
2022-08-24,0.88,0.7,0.19,0,0.26,0.98,0,0,-0.069600,-0.0454343,-0.076622,-0.0197913,-0.0416111,sell
2022-08-25,0.59,0.31,0.24,0,0.26,1.05,0,0, 0.021741, 0.0534054,-0.014711, 0.0544701, 0.0597423,buy
2022-08-26,0.17,0.47,0.09,0,0.26,0.94,0,0,-0.024444, 0.0150177,-0.024444,-0.0255388,-0.0244440,sell
2022-08-27,0.05,0.84,0,0,0.27,0.74,0.03,0,-0.020930,-0.0287998,-0.003525, 0.0268087,-0.0224641,sell
2022-08-28,0,1.23,0.09,0,0.27,0.58,0.06,0,-0.000435,-0.0056705, 0.006756, 0.0169635, 0.0074802,buy
2022-08-29,0,1.32,0.23,0,0.28,0.51,0.1,0,-0.006242, 0.0040801, 0.004768,-0.0063051, 0.0111434,buy
2022-08-30,0,1.54,0.88,0,0.28,0.49,0.18,0, 0.004779, 0.0436462, 0.012010, 0.0120104, 0.0436720,buy
2022-08-31,0,1.29,1.5,0,0.25,0.54,0.31,0, 0.012960,-0.0037058, 0.008527, 0.0404369,-0.0057396,buy
2022-09-01,0,1.42,1.27,0,0.25,0.54,0.42,0, 0.058633, 0.0539564, 0.060568, 0.0590604, 0.0648823,buy
2022-09-02,0,1.02,0.75,0,0.25,0.55,0.32,0, 0.014185, 0.0458387, 0.016728, 0.0166144, 0.0166301,buy
2022-09-03,0,0.97,0.21,0,0.26,0.54,0.18,0, 0.007310,-0.0160688,-0.020710, 0.0197444, 0.0087622,sell
2022-09-04,0,1.12,0,0,0.26,0.57,0.1,0, 0.018198, 0.0111604, 0.010469, 0.0396443, 0.0181981,buy
2022-09-05,0,0.91,0,0,0.27,0.6,0.06,0,-0.020785,-0.0207244, 0.003793, 0.0343617,-0.0207244,sell
2022-09-06,0.14,0.56,0.22,0,0.27,0.63,0.03,0,-0.021517, 0.0000879,-0.021517,-0.0389803,-0.0280491,sell
2022-09-07,0.34,0.34,0.54,0,0.27,0.66,0,0,-0.038207,-0.0329461,-0.031034,-0.0541501,-0.0397932,sell
2022-09-08,0.9,0.37,0.7,0,0.28,0.74,0,0, 0.023164, 0.0165274,-0.015758,-0.0063521,-0.0203623,sell
2022-09-09,0.96,0.56,0.62,0,0.3,0.81,0,0, 0.012343, 0.0104563,-0.040405,-0.0348565, 0.0217838,sell
2022-09-10,0.73,0.64,0.64,0,0.33,0.87,0,0,-0.018047,-0.0191107,-0.021690,-0.0268764,-0.0494859,sell
2022-09-11,0.82,0.48,0.6,0,0.47,0.97,0,0,-0.044349,-0.0346666,-0.036362,-0.0363621,-0.0706635,sell
2022-09-12,0.47,0.47,0.96,0,0.56,1.15,0.07,0,-0.057625,-0.0519985,-0.055131,-0.0551314,-0.0484948,sell
2022-09-13,0.2,0.64,0.71,0,0.47,1.44,0.11,0,-0.002948, 0.0095005,-0.011863, 0.0091247,-0.0104163,sell
2022-09-14,0.08,0.73,0.28,0,0.5,1.42,0.17,0, 0.025408, 0.0100189,-0.031038, 0.0220753, 0.0276389,buy
2022-09-15,0.09,0.29,0.2,0,0.58,1.27,0.27,0,-0.055040,-0.0574017,-0.055215,-0.0453465,-0.0458080,sell
2022-09-16,0.37,0.23,0.58,0,0.74,1.25,0.41,0,-0.034885,-0.0525418,-0.010658,-0.0103856,-0.0237844,sell
2022-09-17,1.08,0.58,0.83,0,1.01,1.27,0.65,0,-0.006261, 0.0224144, 0.082190, 0.0226412, 0.0565404,buy
2022-09-18,1.38,1.21,0.38,0,1.19,1.37,0.7,0,-0.003739,-0.0327689,-0.026878,-0.0403400,-0.0188762,sell
2022-09-19,1.33,1.74,0.39,0,1.29,1.48,0.49,0, 0.023889,-0.0519799,-0.041986,-0.0139703, 0.0215762,sell
2022-09-20,1.03,1.26,0.95,0,1.16,1.59,0.32,0, 0.013450, 0.0218210, 0.012852, 0.0296567, 0.0175348,buy
2022-09-21,0.49,1.06,0.8,0,0.92,1.69,0.21,0,-0.020857, 0.0087108,-0.008915, 0.0011863,-0.0078933,sell
2022-09-22,0.29,1.4,0.31,0,0.79,1.69,0.14,0, 0.007637, 0.0283148, 0.039453, 0.0157203, 0.0340836,buy
2022-09-23,0.26,1.67,0.2,0,0.83,1.65,0.09,0, 0.023803, 0.0633984, 0.064391,-0.0061541, 0.0294163,buy
2022-09-24,0.52,1.05,0.24,0,1.04,1.61,0.06,0, 0.028830, 0.0296434,-0.013439, 0.0300198, 0.0368468,buy
2022-09-25,1.06,1.09,0.08,0,1.27,1.59,0,0,-0.056759,-0.0525077,-0.067151,-0.0618567,-0.0669711,sell
2022-09-26,1.62,1.54,0,0,1.19,1.57,0,0,-0.026713,-0.0486742,-0.083376,-0.0486742,-0.0355368,sell
2022-09-27,1.82,1.74,0,0,1.04,1.57,0,0, 0.001347,-0.0253914,-0.098641,-0.0245946,-0.0481014,sell
2022-09-28,1.62,1.24,0,0,0.98,1.57,0,0,-0.002429,-0.0742490,-0.087625,-0.0270522, 0.0130671,sell
2022-09-29,1.09,1.15,0.06,0,0.95,1.49,0,0,-0.042806,-0.0697181,-0.067817,-0.0713756,-0.0561321,sell
2022-09-30,0.78,1.07,0.07,0,0.74,1.37,0,0,-0.019165,-0.0227755,-0.049903,-0.0343161,-0.0136285,sell
2022-10-01,0.58,1.55,0.08,0,0.58,1.31,0,0,-0.065348,-0.0578235,-0.061860,-0.0410952,-0.0564604,sell
2022-10-02,0.44,1.94,0.08,0,0.49,1.21,0,0,-0.006100,-0.0152055,-0.009075, 0.0066096,-0.0090753,sell
2022-10-03,0.39,0.92,0.08,0,0.42,1.12,0,0,-0.034166,-0.0051829,-0.040572,-0.0240751,-0.0174084,sell
2022-10-04,0.4,0.32,0.07,0,0.4,1.03,0,0,-0.027743, 0.0003346,-0.022744,-0.0245271, 0.0149920,sell
2022-10-05,0.48,0.28,0.05,0,0.35,0.96,0,0,-0.015444,-0.0073132,-0.025466,-0.0154445, 0.0216909,sell
2022-10-06,0.69,0.2,0.27,0,0.36,0.9,0,0, 0.035384, 0.0437957, 0.033863, 0.0308215, 0.0605965,buy
2022-10-07,0.7,0.07,0.69,0,0.36,0.83,0,0,-0.088048,-0.0277046,-0.093946,-0.0956788,-0.0997141,sell
2022-10-08,0.48,0.15,0.72,0,0.36,0.78,0,0,-0.078316,-0.0456391,-0.094287,-0.0800048,-0.1018384,sell
2022-10-09,0.52,0.41,0.67,0,0.37,0.77,0,0,-0.027696,-0.0316738,-0.048890,-0.0541719,-0.0688602,sell
2022-10-10,0.74,0.84,1.11,0,0.37,0.75,0,0, 0.060391, 0.0603375, 0.060432, 0.0603375, 0.0668648,buy
2022-10-11,1.4,0.7,1.3,0,0.37,0.74,0,0, 0.062602, 0.0686699, 0.061447, 0.0878740, 0.0544119,buy
2022-10-12,1.61,1.08,0.81,0,0.37,0.78,0,0, 0.032322,-0.0120817, 0.031190, 0.0279497, 0.0202917,buy
2022-10-13,1.5,1.8,0.74,0,0.42,0.9,0,0,-0.023615,-0.0357919,-0.038998,-0.0208087,-0.0255079,sell
2022-10-14,1.53,1.06,0.69,0,0.51,1.09,0,0,-0.001673,-0.0119702,-0.044850,-0.0189943, 0.0016327,sell
2022-10-15,0.88,0.29,0.86,0,0.72,1.17,0,0, 0.013267, 0.0317628, 0.039349, 0.0393486,-0.0087369,buy
2022-10-16,0.66,0.28,1.68,0,0.74,1.13,0,0, 0.015086, 0.0386030, 0.019851,-0.0055914, 0.0386030,buy
2022-10-17,0.58,0.24,2.19,0,0.52,1.16,0,0, 0.016691, 0.0325058, 0.010335, 0.0001028, 0.0249939,buy
2022-10-18,0.51,0.06,1.57,0,0.43,0.9,0,0,-0.003671, 0.0081584, 0.003970, 0.0005250, 0.0081584,buy
2022-10-19,0.28,0,0.9,0,0.39,0.69,0,0,-0.036339,-0.0257502,-0.038540,-0.0519526,-0.0549453,sell
2022-10-20,0.16,0,0.89,0,0.4,0.57,0,0,-0.018627,-0.0392781,-0.036457,-0.0332471,-0.0399878,sell
2022-10-21,0.32,0,0.72,0,0.4,0.48,0,0,-0.009199, 0.0029409,-0.051381,-0.0034777,-0.0010535,sell
2022-10-22,1.09,0,1.1,0,0.41,0.45,0,0, 0.027402,-0.0157516,-0.032610,-0.0206125, 0.0072634,sell
2022-10-23,1.22,0,1.2,0,0.41,0.37,0,0, 0.012445,-0.0156665,-0.038299,-0.0185763, 0.0054574,sell
2022-10-24,0.4,0,1.19,0,0.41,0.36,0,0, 0.001931,-0.0047864,-0.006579,-0.0040220,-0.0073291,sell
2022-10-25,0.23,0,1.6,0,0.42,0.42,0,0,-0.007883,-0.0058474,-0.003289,-0.0058474,-0.0050017,sell
2022-10-26,0.4,0,1,0,0.42,0.52,0,0, 0.002318,-0.0000655, 0.004300,-0.0060047,-0.0070500,sell
2022-10-27,0.29,0,0.27,0,0.42,0.83,0,0, 0.062750, 0.0850600, 0.079329, 0.0627505, 0.0335268,buy
2022-10-28,0.19,0.61,0.39,0,0.43,0.93,0,0,-0.034259,-0.0348185,-0.042140,-0.0515121,-0.0438427,sell
2022-10-29,0.17,1.75,0.63,0,0.43,0.61,0,0, 0.030743, 0.0229302, 0.035617, 0.0149295, 0.0307426,buy
2022-10-30,0.2,1.93,0.52,0,0.44,0.52,0,0, 0.034991, 0.0244697, 0.039570, 0.0259282, 0.0349911,buy
2022-10-31,0.24,1.71,0.27,0,0.44,0.47,0.04,0, 0.041565, 0.0317851, 0.039283, 0.0376344, 0.0415648,buy
2022-11-01,0.28,0.82,0.52,0,0.45,0.48,0.08,0,-0.045863,-0.0513343,-0.049094,-0.0396841,-0.0433793,sell
2022-11-02,0.27,1.04,0.85,0,0.46,0.48,0.17,0, 0.024405, 0.0648470, 0.075099, 0.0244050, 0.0172154,buy
2022-11-03,0.22,1.77,0.84,0,0.46,0.49,0.37,0, 0.007452, 0.0062802, 0.045891,-0.0210020, 0.0096080,buy
2022-11-04,0.18,1.18,0.78,0,0.47,0.49,0.46,0,-0.051095,-0.0198458,-0.048671,-0.0216178,-0.0101295,sell
2022-11-05,0.14,0.31,1.05,0,0.47,0.49,0.29,0, 0.004610,-0.0007336, 0.002566,-0.0001372,-0.0401462,sell
2022-11-06,0.11,0.62,1.12,0,0.48,0.49,0.31,0, 0.017536, 0.0239471, 0.011646,-0.0010242, 0.0047984,buy
2022-11-07,0.08,0.74,0.65,0,0.48,0.48,0.44,0, 0.052676, 0.0480461, 0.053574, 0.0520226, 0.0495573,buy
2022-11-08,0.3,0.32,0.16,0,0.49,0.48,0.82,0,-0.000607,-0.0146086, 0.018240, 0.0229411,-0.0039336,sell
2022-11-09,0.78,0,0.14,0,0.5,0.41,0.86,0,-0.052430,-0.0191981,-0.057050,-0.0587999,-0.0645485,sell
2022-11-10,1.51,0,0.12,0,0.51,0.41,0.45,0, 0.001645, 0.0151556, 0.046409, 0.0466980,-0.0166210,buy
2022-11-11,1.27,0,0.1,0,0.52,0.41,0.35,0, 0.020011, 0.0583095, 0.070816, 0.0558454, 0.0557301,buy
2022-11-12,1.81,0.14,0.09,0,0.52,0.4,0.49,0,-0.000992, 0.0017777, 0.018957, 0.0012028,-0.0258885,buy
2022-11-13,1.57,0.45,0,0,0.53,0.4,0.77,0, 0.019814, 0.0226311, 0.055377, 0.0167418, 0.0236425,buy
2022-11-14,1.71,0.9,0,0,0.54,0.39,0.81,0, 0.013186, 0.0138765, 0.004047, 0.0357030, 0.0131858,buy
2022-11-15,1.95,1.02,0,0,0.55,0.39,0.75,0,-0.009339, 0.0099201,-0.014561, 0.0471069,-0.0080089,sell
2022-11-16,1.27,0.53,0,0,0.57,0.38,0.33,0,-0.016543,-0.0281244, 0.009139,-0.0199054,-0.0028013,sell
2022-11-17,0.59,0.26,0,0,0.58,0.37,0.35,0,-0.049125,-0.0104851, 0.004330, 0.0036298,-0.0506665,sell
2022-11-18,0.23,0.32,0,0,0.59,0.36,0.62,0, 0.028040,-0.0014216,-0.004776, 0.0043661, 0.0199199,buy
2022-11-19,0.14,0.69,0,0,0.6,0.37,0.58,0, 0.001544,-0.0086313, 0.011687, 0.0367828, 0.0111573,buy
2022-11-20,0.35,0.59,0,0,0.6,0.36,0.29,0,-0.050653,-0.0262300,-0.052503,-0.0464567,-0.0464567,sell
2022-11-21,0.52,0.23,0,0,0.58,0.35,0.17,0, 0.053581, 0.0578791, 0.051982, 0.0578791, 0.0438097,buy
2022-11-22,0.34,0,0,0,0.57,0.39,0.08,0, 0.002922, 0.0029217, 0.014720, 0.0029217, 0.0055142,buy
2022-11-23,0.46,0,0.12,0,0.56,0.64,0.08,0, 0.042488, 0.0409750, 0.047901, 0.0424712, 0.0409750,buy
2022-11-24,0.95,0,0.76,0,0.55,1.29,0.08,0,-0.029090,-0.0300773,-0.013600,-0.0443575,-0.0304522,sell
2022-11-25,1.74,0,1.41,0,0.53,1.47,0.08,0,-0.039616,-0.0789623, 0.035432,-0.0694984,-0.0703921,sell
2022-11-26,1.52,0,1.06,0,0.52,0.83,0.08,0, 0.062331, 0.0691986, 0.069411, 0.0624961, 0.0542808,buy
2022-11-27,1.12,0,0.95,0,0.59,0.43,0.09,0, 0.007167, 0.0282315,-0.045566,-0.0449802,-0.0449802,sell
2022-11-28,1.19,0,0.97,0,0.58,0.29,0.32,0, 0.013960, 0.0579497,-0.013625,-0.0355387,-0.0152621,sell
2022-11-29,1.02,0,0.7,0,0.57,0.29,1.03,0, 0.044972, 0.0541882, 0.056881, 0.0048918, 0.0482995,buy
2022-11-30,0.69,0,0.21,0,0.62,0.29,1.51,0,-0.024956, 0.0215395, 0.016633, 0.0166327,-0.0226005,sell
2022-12-01,0.55,0,0,0,0.61,0.38,1.41,0,-0.017389, 0.0279609, 0.025182, 0.0238349,-0.0184394,sell
2022-12-02,0.52,0,0.3,0,0.68,0.52,1.32,0,-0.057269,-0.0364740,-0.036474,-0.0362690,-0.0504469,sell
2022-12-03,0.72,0.3,0.71,0,0.82,0.87,0.54,0,-0.010701,-0.0364405,-0.015712,-0.0157125,-0.0167330,sell
2022-12-04,0.83,0.82,0.65,0,1.16,0.91,0.24,0,-0.020683, 0.0132148,-0.000071,-0.0029065,-0.0419553,sell
2022-12-05,0.46,0.7,0.25,0,1.21,0.55,0.08,0,-0.014533,-0.0145326,-0.012108,-0.0250852,-0.0354972,sell
2022-12-06,0.15,0.86,0.24,0,1.14,0.4,0.08,0,-0.067822,-0.0308667,-0.064793,-0.0772074,-0.0352364,sell
2022-12-07,0.06,1.52,0.59,0,1.41,0.33,0.08,0,-0.032514,-0.0224139,-0.034084,-0.0224201,-0.0932069,sell
2022-12-08,0,0.74,0.56,0,1.45,0.44,0.11,0,-0.029775,-0.0409240,-0.046039,-0.0440564,-0.0071061,sell
2022-12-09,0,0.29,0.22,0,1.24,0.82,0.27,0,-0.040238,-0.0390451,-0.048347,-0.0185613,-0.0317048,sell
2022-12-10,0,0.69,0,0,1.02,1.58,0.54,0, 0.060351, 0.0466865, 0.058445, 0.0618475, 0.0605165,buy
2022-12-11,0,0.51,0,0,0.86,1.17,0.98,0, 0.016070, 0.0312533, 0.021513, 0.0440607, 0.0215134,buy
2022-12-12,0.1,0.16,0,0,0.77,0.7,1.4,0,-0.035716, 0.0061279,-0.011988, 0.0061279, 0.0061279,sell
2022-12-13,0.37,0.11,0,0,0.76,0.81,1.19,0, 0.000385, 0.0008926, 0.010691, 0.0095315, 0.0106906,buy
2022-12-14,0.82,0.15,0,0,0.75,1.6,0.72,0,-0.063592,-0.0399487,-0.005793,-0.0034685,-0.0054976,sell
2022-12-15,0.58,0.21,0,0,0.73,1.42,0.6,0,-0.068885,-0.0401083,-0.034825,-0.0471496,-0.0524043,sell
2022-12-16,0.47,0.63,0,0,0.82,0.77,0.64,0,-0.010448,-0.0164046,-0.036160, 0.0000628,-0.0139962,sell
2022-12-17,0.99,1.24,0,0,0.94,0.56,0.69,0,-0.008374,-0.0083743,-0.034964,-0.0134353,-0.0217376,sell
2022-12-18,1.45,1.34,0,0,1.18,0.47,0.7,0, 0.019002, 0.0197802,-0.010636, 0.0333800, 0.0190016,sell
2022-12-19,0.9,0.85,0,0,1.32,0.52,0.81,0, 0.037834, 0.0217503,-0.033938, 0.0209595, 0.0104012,buy
2022-12-20,0.42,0.61,0,0,1.29,0.58,0.76,0, 0.030107,-0.0600963,-0.037174, 0.0160478,-0.0156143,sell
2022-12-21,0.49,0.83,0,0,1.42,0.75,0.72,0, 0.036095, 0.0179431,-0.013564, 0.0298192,-0.0175626,sell
2022-12-22,0.69,0.92,0,0,1.81,0.83,0.78,0, 0.038057, 0.0218451,-0.008857, 0.0300474,-0.0099785,sell
2022-12-23,0.36,0.52,0,0,2.23,0.91,1.03,0,-0.035524, 0.0031442,-0.021567,-0.0279368,-0.0411382,sell
2022-12-24,0.11,0.27,0,0,2.1,0.93,1.62,0, 0.015217, 0.0276827, 0.032526, 0.0334040, 0.0186363,buy
2022-12-25,0,0.1,0,0,1.92,0.98,1.73,0, 0.027902, 0.0322317, 0.039176, 0.0384261, 0.0279024,buy
2022-12-26,0,0,0,0,2,1.05,1.29,0, 0.035437, 0.0323186, 0.059691, 0.0502824, 0.0354366,buy
2022-12-27,0,0,0,0,2.36,1.34,1.58,0, 0.012464,-0.0028962, 0.001094, 0.0143191, 0.0010942,buy
2022-12-28,0,0,0,0,2.06,1.95,1.89,0, 0.029221, 0.0134630, 0.011538, 0.0165483, 0.0042616,buy
2022-12-29,0.13,0,0,0,1.61,1.8,1.15,0, 0.090965, 0.0576354, 0.088225, 0.0829689, 0.0849776,buy
2022-12-30,0.33,0,0,0,1.49,1.13,0.75,0, 0.037815, 0.0286433, 0.027536, 0.0403356, 0.0416539,buy
2022-12-31,0.83,0,0,0,1.52,0.86,0.72,0, 0.074603, 0.0389176, 0.005562, 0.0613832, 0.0526566,buy
