Date,a120,a135,a150,a180,a30,a45,a60,a90,DiffPred1,DiffPred2,DiffPred3,DiffPred4,DiffPred5,EffPred
2010-01-01,0,0.86,0.57,0,2.29,1.64,0.21,0, 0.0027159, 0.00201743, 0.003627123, 0.0031780, 0.0027117,buy
2010-01-02,0,0.86,0.3,0,2.12,1.23,0.17,0,-0.0066954,-0.00537305,-0.006486522,-0.0060186,-0.0054993,sell
2010-01-03,0,0.87,0.12,0,1.97,0.8,0.14,0,-0.0007787,-0.00077802,-0.004954331,-0.0016138, 0.0024950,buy
2010-01-04,0,0.79,0.06,0,1.88,0.67,0.11,0, 0.0056604, 0.00320441, 0.004278781,-0.0004626, 0.0020893,buy
2010-01-05,0,0.67,0.09,0,1.78,0.61,0.09,0, 0.0019998, 0.00337934, 0.000499524,-0.0026497,-0.0026475,buy
2010-01-06,0,0.57,0.27,0,1.7,0.63,0.07,0,-0.0026694,-0.00266938,-0.004928858,-0.0026694, 0.0051167,sell
2010-01-07,0,0.47,0.82,0,1.71,0.54,0.07,0,-0.0037761,-0.00278218,-0.003776059,-0.0038985,-0.0010304,sell
2010-01-08,0,0.54,1.04,0,1.85,0.74,0.06,0, 0.0031203, 0.00321854, 0.003282022, 0.0042361, 0.0043079,buy
2010-01-09,0,0.74,0.43,0,2.49,0.81,0.06,0, 0.0018290, 0.00510495, 0.004534447, 0.0000955, 0.0051267,buy
2010-01-10,0,1.42,0.12,0,2.55,0.5,0.09,0, 0.0035172, 0.00344753, 0.001568219, 0.0030854, 0.0010865,buy
2010-01-11,0,2.99,0.02,0,2.23,0.32,0.16,0, 0.0004941, 0.00306496, 0.002767907, 0.0018667, 0.0048115,buy
2010-01-12,0,2.39,0,0,2.78,0.33,0.34,0, 0.0027744, 0.00250163, 0.002507562, 0.0023053, 0.0070216,buy
2010-01-13,0,0.93,0,0,4.45,0.49,0.59,0, 0.0006254,-0.00142534, 0.001061941, 0.0004646, 0.0002794,buy
2010-01-14,0,0.42,0,0,5.01,0.76,0.41,0,-0.0000760, 0.00003628, 0.000036279,-0.0018385, 0.0000363,sell
2010-01-15,0,0.2,0,0,3.61,0.75,0.18,0, 0.0013622, 0.00903044, 0.001276652, 0.0010804, 0.0088127,buy
2010-01-16,0,0.14,0,0,2.42,0.5,0.08,0, 0.0053965, 0.00261469, 0.003459181, 0.0053965, 0.0034201,buy
2010-01-17,0,0.12,0,0,2.11,0.27,0.06,0,-0.0044438,-0.00026975,-0.004104744,-0.0032197,-0.0050067,sell
2010-01-18,0,0.13,0,0,2.39,0.19,0.04,0,-0.0080435,-0.00272293,-0.005906875,-0.0055100,-0.0068666,sell
2010-01-19,0,0.14,0.02,0,2.39,0.14,0.05,0,-0.0090832,-0.00329188,-0.006814421,-0.0056368,-0.0077134,sell
2010-01-20,0,0.14,0.08,0,2.53,0.14,0.05,0,-0.0099138,-0.00516942,-0.009274046,-0.0073175,-0.0099138,sell
2010-01-21,0,0.14,0.31,0,2.77,0.21,0.06,0,-0.0044021,-0.00231839,-0.004679333,-0.0046757,-0.0046793,sell
2010-01-22,0,0.14,0.9,0,2.37,0.36,0.07,0,-0.0013076, 0.00158862, 0.004117030, 0.0027828, 0.0047130,buy
2010-01-23,0,0.14,0.94,0,2.07,0.68,0.07,0, 0.0026893, 0.00125851, 0.000729498, 0.0007295, 0.0020616,buy
2010-01-24,0,0.13,1.08,0,2.08,0.91,0.08,0, 0.0064291, 0.00724655, 0.006738231, 0.0061232, 0.0064291,buy
2010-01-25,0,0.13,1.35,0,1.73,0.75,0.09,0, 0.0058413, 0.00647236, 0.006592937, 0.0067264, 0.0039339,buy
2010-01-26,0,0.14,0.85,0,1.56,0.4,0.11,0,-0.0039329,-0.00672972,-0.004606683,-0.0047901,-0.0033377,sell
2010-01-27,0,0.15,0.29,0,1.61,0.2,0.19,0,-0.0001947, 0.00091381, 0.000759059,-0.0000318, 0.0044237,buy
2010-01-28,0,0.18,0.09,0,1.81,0.2,0.28,0, 0.0018439, 0.00396732,-0.000793701, 0.0027432,-0.0000349,buy
2010-01-29,0,0.27,0.02,0,2.16,0.18,0.47,0,-0.0034079, 0.00184135,-0.001395198,-0.0012764,-0.0029096,sell
2010-01-30,0,0.46,0.02,0,2.41,0.18,0.84,0,-0.0018662,-0.00088179,-0.001519728,-0.0050310,-0.0011570,sell
2010-01-31,0,0.91,0.03,0,2.07,0.29,1.21,0, 0.0050513, 0.00389814, 0.004938828, 0.0039587, 0.0043057,buy
2010-02-01,0,1.69,0.04,0,1.77,0.47,0.98,0, 0.0019136, 0.00191356,-0.000622891,-0.0008051, 0.0024385,buy
2010-02-02,0,1.24,0.05,0,1.65,0.51,0.7,0, 0.0043232, 0.00488260, 0.007425490, 0.0050117, 0.0074255,buy
2010-02-03,0,0.51,0.09,0,1.67,0.41,0.7,0,-0.0041646,-0.00400840,-0.002546330, 0.0007984,-0.0031445,sell
2010-02-04,0,0.22,0.13,0,1.68,0.19,0.84,0,-0.0061698,-0.00604562,-0.007230017,-0.0085738,-0.0070231,sell
2010-02-05,0,0.13,0.16,0,1.99,0.12,1.18,0,-0.0031747,-0.00345721,-0.003676719,-0.0074255,-0.0096387,sell
2010-02-06,0,0.16,0.21,0,3.19,0.14,1.69,0,-0.0004126, 0.00144368,-0.001276957, 0.0030857,-0.0032379,buy
2010-02-07,0,0.29,0.27,0,3.77,0.25,1.79,0,-0.0026358,-0.00308381,-0.003793627,-0.0093618,-0.0034637,sell
2010-02-08,0,0.36,0.41,0,2.4,0.35,1.37,0, 0.0037601, 0.00336763, 0.002471402, 0.0039382, 0.0035730,buy
2010-02-09,0,0.44,0.7,0,1.72,0.23,0.92,0, 0.0043613, 0.00365383, 0.004361320, 0.0032327, 0.0035655,buy
2010-02-10,0,0.71,1.25,0,1.45,0.12,0.65,0,-0.0058457,-0.00776778,-0.007937003,-0.0066732,-0.0093137,sell
2010-02-11,0,1,1.49,0,1.39,0.08,0.49,0,-0.0001307,-0.00728372,-0.007422030,-0.0005227,-0.0070993,sell
2010-02-12,0,0.77,0.95,0,1.65,0.13,0.46,0,-0.0059101,-0.00592522,-0.006339987,-0.0071636,-0.0071636,sell
2010-02-13,0,0.43,0.78,0,2.33,0.27,0.52,0, 0.0035101, 0.00273140, 0.001486090, 0.0034789, 0.0017337,buy
2010-02-14,0,0.24,0.97,0,2.49,0.5,0.78,0, 0.0018798, 0.00158504, 0.001585039, 0.0014798, 0.0015850,buy
2010-02-15,0,0.14,0.67,0,1.86,0.33,0.98,0, 0.0028719, 0.00262361, 0.001004961, 0.0045812, 0.0026386,buy
2010-02-16,0,0.08,0.28,0,1.22,0.21,0.58,0, 0.0061662, 0.00353184,-0.001703491, 0.0049676, 0.0035318,buy
2010-02-17,0,0.05,0.17,0,0.96,0.16,0.32,0,-0.0009086,-0.00600748,-0.007194575, 0.0008783,-0.0060075,sell
2010-02-18,0,0,0.13,0,0.84,0.04,0.23,0, 0.0103475, 0.01071700, 0.009575431, 0.0011707, 0.0088441,buy
2010-02-19,0,0,0.25,0,0.83,0.01,0.25,0, 0.0051048, 0.00547593, 0.004058137, 0.0037056, 0.0038567,buy
2010-02-20,0,0.01,0.59,0,0.81,0.01,0.27,0,-0.0041766,-0.00146412,-0.004777359,-0.0015910,-0.0014641,sell
2010-02-21,0,0.06,0.68,0,0.79,0.06,0.36,0,-0.0038925,-0.00177605,-0.004941035,-0.0017760,-0.0012173,sell
2010-02-22,0,0.24,0.32,0,0.89,0.19,0.6,0, 0.0016646, 0.00225987, 0.001664562, 0.0016646, 0.0050980,buy
2010-02-23,0,0.43,0.15,0,0.85,0.34,1,0, 0.0002627,-0.00473483,-0.004689102,-0.0046000,-0.0063098,sell
2010-02-24,0,0.97,0.07,0,0.78,0.18,1.05,0, 0.0024362, 0.00049547, 0.002121017, 0.0027567, 0.0004955,buy
2010-02-25,0,0.69,0.05,0,0.81,0.05,1.22,0, 0.0051441, 0.00012636, 0.005146055, 0.0035046,-0.0009345,buy
2010-02-26,0,0.2,0.06,0,1,0.01,1.57,0, 0.0067671, 0.00653400, 0.003928430, 0.0060428, 0.0065340,buy
2010-02-27,0,0.06,0.08,0,0.93,0,1.01,0,-0.0040115,-0.00384491,-0.002838114,-0.0042945,-0.0042945,sell
2010-02-28,0,0,0.19,0,0.74,0,0.69,0,-0.0035243,-0.00302310,-0.004063535,-0.0037690,-0.0037690,sell
2010-03-01,0,0,0.67,0,0.71,0.01,0.69,0,-0.0082709,-0.00647467,-0.006454083,-0.0064747,-0.0065124,sell
2010-03-02,0,0.05,0.93,0,0.87,0.02,0.85,0,-0.0044486,-0.00456831,-0.002681564,-0.0038631,-0.0030176,sell
2010-03-03,0,0.12,0.95,0,1.21,0.06,1.25,0, 0.0024767, 0.00247668, 0.002476679, 0.0000790, 0.0027600,buy
2010-03-04,0,0.32,1.06,0,2.23,0.03,1.83,0,-0.0004206,-0.00218380, 0.000208238,-0.0004206, 0.0013995,sell
2010-03-05,0,0.83,0.51,0,2.76,0.01,1.71,0,-0.0052557,-0.00605926,-0.004160557,-0.0054958,-0.0028272,sell
2010-03-06,0,0.98,0.3,0,1.67,0,1.71,0,-0.0016693,-0.00187835,-0.000694784,-0.0028612,-0.0043900,sell
2010-03-07,0,0.49,0.21,0,1.02,0,1.8,0, 0.0073112, 0.00720339, 0.006752642, 0.0068817, 0.0071336,buy
2010-03-08,0,0.36,0.2,0,0.81,0,1.97,0, 0.0061111, 0.00540567, 0.004950566, 0.0050895, 0.0054057,buy
2010-03-09,0,0.92,0.21,0,0.69,0,1.99,0, 0.0003590, 0.00142639, 0.001303281,-0.0006323,-0.0004199,sell
2010-03-10,0,1.07,0.21,0,0.69,0,1.8,0,-0.0006626, 0.00349738,-0.000302723,-0.0005323,-0.0058080,sell
2010-03-11,0,0.35,0.29,0,0.7,0,1.6,0, 0.0063869, 0.00254094, 0.005510622, 0.0016696, 0.0040865,buy
2010-03-12,0,0.33,0.45,0,0.69,0,1.29,0, 0.0063228, 0.00458016, 0.006342267, 0.0034227, 0.0063594,buy
2010-03-13,0,0.81,1.06,0,0.72,0,1.05,0, 0.0012126, 0.00218885, 0.001427660, 0.0020903, 0.0019980,buy
2010-03-14,0,1.53,1.89,0,0.97,0.04,0.9,0, 0.0025458,-0.00024818,-0.002996621, 0.0025453,-0.0009677,buy
2010-03-15,0,0.95,1.07,0,1.79,0.12,0.77,0,-0.0078744,-0.00783388,-0.007833884,-0.0086522,-0.0081973,sell
2010-03-16,0,0.44,0.58,0,3.44,0.36,0.68,0, 0.0054280, 0.00440007, 0.004876654, 0.0061376, 0.0057530,buy
2010-03-17,0,0.31,0.46,0,3.4,0.78,0.61,0, 0.0010459, 0.00098166, 0.004701658, 0.0017112,-0.0009335,buy
2010-03-18,0,0.28,0.43,0,3.83,0.75,0.55,0,-0.0030599,-0.00116228, 0.002135165,-0.0016914,-0.0025393,sell
2010-03-19,0,0.39,0.46,0,3.23,0.3,0.49,0,-0.0043263,-0.00141459,-0.002614106,-0.0026141,-0.0036904,sell
2010-03-20,0,0.87,0.5,0,1.81,0.11,0.45,0,-0.0050014,-0.00669143,-0.004476855,-0.0048268,-0.0063876,sell
2010-03-21,0,1.79,0.52,0,1.19,0.06,0.44,0,-0.0017233, 0.00067449,-0.000506180, 0.0005615,-0.0036124,buy
2010-03-22,0,0.97,0.55,0,0.93,0.12,0.42,0,-0.0000296, 0.00151988, 0.000974944,-0.0003043,-0.0026067,sell
2010-03-23,0,0.56,0.57,0,0.88,0.57,0.41,0, 0.0004649, 0.00133549,-0.001330760, 0.0016718,-0.0013308,buy
2010-03-24,0,0.61,0.6,0,1.09,0.86,0.36,0,-0.0026275,-0.00696534,-0.006094730,-0.0059665,-0.0067512,sell
2010-03-25,0,0.8,0.61,0,1.61,0.33,0.33,0,-0.0062237,-0.00736352,-0.005132879,-0.0007953,-0.0072664,sell
2010-03-26,0,1.24,0.64,0,1.25,0.08,0.33,0,-0.0002064, 0.00210316,-0.001996131, 0.0022789,-0.0023410,buy
2010-03-27,0,2.02,0.64,0,0.95,0.03,0.42,0, 0.0010255, 0.00228014, 0.000806438,-0.0037832, 0.0010255,buy
2010-03-28,0,1.8,0.67,0,0.98,0.04,0.7,0,-0.0012672,-0.00304649,-0.002588154,-0.0029991,-0.0022118,sell
2010-03-29,0,1.13,0.69,0,1.11,0.06,1.5,0,-0.0008292,-0.00104958,-0.004530370, 0.0011006, 0.0021100,buy
2010-03-30,0,0.88,0.71,0,1.08,0.12,2.45,0,-0.0030303,-0.00222916,-0.001174480,-0.0032416,-0.0032416,sell
2010-03-31,0,0.79,0.79,0,1.19,0.22,2.58,0, 0.0016951,-0.00054045, 0.001533090, 0.0010018,-0.0017713,buy
2010-04-01,0,0.73,0.83,0,1.13,0.49,2.76,0, 0.0068409, 0.00467356, 0.005838979, 0.0066396, 0.0042272,buy
2010-04-02,0,0.74,0.86,0,0.94,1.02,1.9,0,-0.0031017,-0.00320217,-0.003629084,-0.0027539,-0.0012529,sell
2010-04-03,0,0.79,0.84,0,0.94,1.33,0.58,0, 0.0015255, 0.00149633, 0.001705902, 0.0009214,-0.0030488,buy
2010-04-04,0,0.8,0.8,0,0.95,1.25,0.22,0, 0.0003606, 0.00036057,-0.001814564,-0.0018144,-0.0047411,sell
2010-04-05,0,0.8,0.85,0,1.02,0.72,0.1,0,-0.0005634, 0.00173378,-0.001019533,-0.0039010, 0.0017338,buy
2010-04-06,0,0.8,0.9,0,1.14,0.36,0.08,0,-0.0061349,-0.00788010,-0.007794206,-0.0078291,-0.0059722,sell
2010-04-07,0,0.78,0.97,0,1.34,0.19,0.07,0,-0.0047053,-0.00906145,-0.008824873,-0.0064127,-0.0101479,sell
2010-04-08,0,0.77,1.08,0,1.76,0.16,0.06,0, 0.0007608, 0.00076083, 0.000615923, 0.0008967, 0.0051076,buy
2010-04-09,0,0.77,1.2,0,1.82,0.15,0.05,0, 0.0023780, 0.00237799, 0.001204750, 0.0023780, 0.0032240,buy
2010-04-10,0,0.75,1.35,0,1.43,0.24,0.01,0,-0.0013691,-0.00136908,-0.001957415,-0.0010520,-0.0013691,sell
2010-04-11,0,0.77,1.43,0,1.23,0.29,0.01,0,-0.0032369,-0.00323692,-0.003002069,-0.0031083,-0.0030351,sell
2010-04-12,0,0.86,1.4,0,1.15,0.25,0.01,0,-0.0035247,-0.00358158,-0.003581579,-0.0023283,-0.0035816,sell
2010-04-13,0,0.84,1.3,0,1.1,0.23,0.03,0,-0.0016883,-0.00201888,-0.002268264,-0.0021388,-0.0020189,sell
2010-04-14,0,0.96,1.19,0,1.07,0.26,0.1,0, 0.0009639, 0.00091918,-0.000445581, 0.0009192, 0.0009192,buy
2010-04-15,0,1.43,1.1,0,1.04,0.27,0.28,0,-0.0019637,-0.00226297,-0.005302497,-0.0057024,-0.0027433,sell
2010-04-16,0,1.99,1.02,0,1.08,0.29,0.68,0,-0.0052200,-0.00372152,-0.004507235,-0.0045072,-0.0056336,sell
2010-04-17,0,1.72,0.97,0,1.17,0.33,1.55,0, 0.0010645, 0.00128912,-0.000282939,-0.0015611, 0.0010645,buy
2010-04-18,0,1.02,0.97,0,1.25,0.34,1.94,0,-0.0027808,-0.00278079,-0.001883373,-0.0019011,-0.0018834,sell
2010-04-19,0,0.63,0.96,0,1.15,0.36,1.86,0,-0.0058141,-0.00581411,-0.003733764,-0.0056436,-0.0046632,sell
2010-04-20,0,0.46,0.92,0,1.02,0.38,1.68,0,-0.0046697,-0.00466973,-0.001339608,-0.0049165,-0.0028197,sell
2010-04-21,0,0.39,0.87,0,0.97,0.39,0.86,0,-0.0065188,-0.00500432,-0.005922448,-0.0065573, 0.0022229,sell
2010-04-22,0,0.35,0.87,0,0.94,0.41,0.43,0,-0.0048886,-0.00990353,-0.005425873,-0.0050195,-0.0049682,sell
2010-04-23,0,0.34,0.85,0,0.91,0.46,0.37,0,-0.0022658,-0.00998178,-0.002723694,-0.0021301,-0.0070789,sell
2010-04-24,0,0.34,0.87,0,0.89,0.52,0.34,0,-0.0028485,-0.01287801,-0.003529771,-0.0028485,-0.0125748,sell
2010-04-25,0,0.39,0.9,0,0.89,0.6,0.11,0,-0.0071040,-0.01280415,-0.012011619,-0.0120116,-0.0135240,sell
2010-04-26,0,0.32,0.98,0,0.88,0.75,0.04,0,-0.0079667,-0.00979135,-0.009931707,-0.0099317,-0.0101910,sell
2010-04-27,0,0.23,1.18,0,0.86,1.01,0.01,0,-0.0071840,-0.01109698,-0.009768949,-0.0097689,-0.0098074,sell
2010-04-28,0,0.2,1.68,0,0.94,1.35,0,0, 0.0061812, 0.00608919, 0.002800321, 0.0051064, 0.0034264,buy
2010-04-29,0,0.17,1.91,0,1.13,1.25,0,0, 0.0074248, 0.00742482, 0.003987645, 0.0054717, 0.0052822,buy
2010-04-30,0,0.16,1.45,0,1.98,0.95,0,0, 0.0049665, 0.00434675, 0.004966458, 0.0064077, 0.0036733,buy
2010-05-01,0,0.18,1.17,0,1.77,0.77,0,0, 0.0080082, 0.00947334, 0.008092786, 0.0080928, 0.0065750,buy
2010-05-02,0,0.24,1.08,0,1.06,0.72,0.03,0,-0.0078186,-0.01037888,-0.010524078,-0.0105241,-0.0107192,sell
2010-05-03,0,0.36,1.03,0,0.93,0.68,0.06,0,-0.0070132,-0.01109471,-0.010903796,-0.0109038,-0.0115064,sell
2010-05-04,0,0.42,1.02,0,0.94,0.67,0.2,0,-0.0094069,-0.01389768,-0.013256254,-0.0145288,-0.0128163,sell
2010-05-05,0,0.34,1.02,0,0.97,0.6,0.36,0,-0.0131853,-0.01532966,-0.014347385,-0.0143474,-0.0127422,sell
2010-05-06,0,0.3,1.05,0,1.01,0.51,0.66,0,-0.0135549,-0.01124794,-0.014148858,-0.0133833,-0.0050944,sell
2010-05-07,0,0.38,1.07,0,1.05,0.5,1.15,0, 0.0033267, 0.00309383, 0.003130070, 0.0033267, 0.0043516,buy
2010-05-08,0,0.64,0.98,0,1.1,0.58,1.14,0, 0.0067913, 0.00465203, 0.005841905, 0.0067913, 0.0070057,buy
2010-05-09,0,1.39,0.91,0,1.16,0.89,0.73,0, 0.0087469, 0.00718993, 0.009658879, 0.0010076, 0.0103570,buy
2010-05-10,0,1.85,0.86,0,1.24,0.82,0.52,0, 0.0039180, 0.00391798, 0.003917985,-0.0081965, 0.0039180,sell
2010-05-11,0,1.31,0.8,0,1.35,0.5,0.44,0,-0.0062695,-0.00726879,-0.006890250,-0.0071197,-0.0070854,sell
2010-05-12,0,0.81,0.77,0,1.47,0.4,0.41,0,-0.0093803,-0.00938025,-0.009463106,-0.0000317,-0.0024571,sell
2010-05-13,0,0.78,0.74,0,1.64,0.38,0.44,0,-0.0098100,-0.00981003,-0.009810030, 0.0000806,-0.0061674,sell
2010-05-14,0,1.01,0.69,0,1.81,0.34,0.52,0,-0.0102171,-0.01026811,-0.009830606,-0.0060392,-0.0090485,sell
2010-05-15,0,1.26,0.68,0,1.96,0.34,0.74,0,-0.0033396,-0.00313241,-0.003339570,-0.0033396,-0.0031324,sell
2010-05-16,0,1.21,0.65,0,1.9,0.34,1.24,0, 0.0018686, 0.00635579, 0.006692892, 0.0051662, 0.0055795,buy
2010-05-17,0,1.15,0.61,0,1.8,0.33,2.39,0,-0.0085238,-0.00854641,-0.003016672,-0.0096839,-0.0104405,sell
2010-05-18,0,1.05,0.6,0,1.72,0.33,2.5,0,-0.0084852,-0.00814231,-0.003026907,-0.0108856,-0.0115900,sell
2010-05-19,0,0.79,0.57,0,1.67,0.32,1.39,0, 0.0080285, 0.01477021, 0.008280007, 0.0078343, 0.0086354,buy
2010-05-20,0,0.61,0.59,0,1.61,0.32,0.95,0, 0.0125418, 0.01272337, 0.009075617, 0.0056266, 0.0075139,buy
2010-05-21,0,0.42,0.62,0,1.55,0.33,0.7,0, 0.0076747, 0.00748070, 0.003632822, 0.0032221, 0.0051355,buy
2010-05-22,0,0.31,0.76,0,1.54,0.34,0.5,0, 0.0019808,-0.00062087, 0.002091859, 0.0017503, 0.0073183,buy
2010-05-23,0,0.23,1.14,0,1.53,0.36,0.45,0,-0.0131060,-0.01192586,-0.013132691,-0.0130231,-0.0070095,sell
2010-05-24,0,0.18,1.19,0,1.57,0.39,0.47,0,-0.0134421,-0.01222911,-0.013468798,-0.0132983,-0.0074468,sell
2010-05-25,0,0.13,1.05,0,1.61,0.45,0.56,0,-0.0130995,-0.01185588,-0.014335985,-0.0131453,-0.0104431,sell
2010-05-26,0,0.11,1,0,1.68,0.55,0.63,0,-0.0110208,-0.00916852,-0.010727878,-0.0116120,-0.0072995,sell
2010-05-27,0,0.1,0.74,0,1.78,0.76,0.73,0, 0.0079452, 0.01018022, 0.007926583, 0.0085827, 0.0090707,buy
2010-05-28,0,0.23,0.55,0,1.82,0.95,0.84,0, 0.0057001, 0.00953197, 0.006576850, 0.0099547, 0.0098980,buy
2010-05-29,0,0.39,0.48,0,1.79,1.07,0.97,0, 0.0034988, 0.00752233, 0.002769458, 0.0074539, 0.0075658,buy
2010-05-30,0,0.85,0.43,0,1.75,1.04,1.11,0, 0.0059529, 0.00057449, 0.001901186, 0.0059935, 0.0024978,buy
2010-05-31,0,2.03,0.4,0,1.73,0.79,1.29,0,-0.0016480,-0.00072107,-0.003581571,-0.0019096, 0.0002874,sell
2010-06-01,0,2.34,0.43,0,1.74,0.64,1.47,0,-0.0075432,-0.00608936,-0.007056690,-0.0069543,-0.0007322,sell
2010-06-02,0,2.24,0.47,0,1.75,0.71,1.67,0,-0.0059301,-0.00457338,-0.006416575,-0.0055675,-0.0006681,sell
2010-06-03,0,1.71,0.54,0,1.79,0.93,1.63,0, 0.0057124, 0.00658578, 0.004943754, 0.0057082, 0.0013319,buy
2010-06-04,0,0.78,0.62,0,1.76,0.83,1.42,0, 0.0007014,-0.00845418,-0.006339942,-0.0010522,-0.0066990,sell
2010-06-05,0,0.3,0.66,0,1.78,0.55,1.24,0,-0.0001768, 0.00074499,-0.000092598, 0.0001748, 0.0008458,buy
2010-06-06,0,0.1,0.78,0,1.81,0.41,1.09,0,-0.0024301,-0.00028572,-0.003364930,-0.0030126,-0.0003385,sell
2010-06-07,0,0.06,0.95,0,1.86,0.33,1.02,0,-0.0009505, 0.00111388,-0.004329594,-0.0019652,-0.0003531,buy
2010-06-08,0,0.12,0.96,0,1.94,0.29,1.02,0, 0.0014370, 0.00044019,-0.004395176, 0.0003955, 0.0019169,buy
2010-06-09,0,0.15,1.21,0,2.01,0.25,1.33,0, 0.0079100, 0.00506202, 0.005072842, 0.0079100, 0.0071511,buy
2010-06-10,0,0.05,1.15,0,2.14,0.24,1.93,0, 0.0059889, 0.00229510, 0.005966065, 0.0059889, 0.0069783,buy
2010-06-11,0,0.01,0.91,0,2.26,0.23,1.47,0,-0.0020901,-0.00093031,-0.003079730,-0.0020901, 0.0012556,buy
2010-06-12,0,0,1.55,0,2.39,0.22,1.15,0, 0.0060893, 0.00890822, 0.007478730, 0.0050226, 0.0099556,buy
2010-06-13,0,0,1.83,0,2.52,0.21,1.06,0,-0.0013601, 0.00298475, 0.004983224,-0.0083406, 0.0070153,sell
2010-06-14,0,0,1.5,0,2.53,0.2,0.94,0, 0.0057535, 0.00835937, 0.007246877, 0.0039199, 0.0097382,buy
2010-06-15,0,0,1.32,0,2.4,0.19,0.77,0, 0.0082385, 0.00938069, 0.008608719, 0.0074122, 0.0112232,buy
2010-06-16,0,0,0.86,0,2.37,0.19,0.64,0,-0.0024177,-0.00241774, 0.000404473, 0.0006095, 0.0002703,sell
2010-06-17,0,0,0.9,0,2.44,0.18,0.53,0,-0.0022178,-0.00154526, 0.004039443, 0.0040394, 0.0042598,buy
2010-06-18,0,0,0.78,0,2.63,0.18,0.45,0,-0.0012873, 0.00050543, 0.004031503, 0.0031671, 0.0037757,buy
2010-06-19,0,0,0.5,0,3.01,0.19,0.37,0,-0.0047944, 0.00014684,-0.000613458,-0.0048165,-0.0010114,sell
2010-06-20,0,0,0.42,0,3.43,0.22,0.32,0,-0.0091163,-0.00392231,-0.007107676,-0.0086883,-0.0064371,sell
2010-06-21,0,0.06,0.4,0,3.68,0.3,0.27,0,-0.0086911,-0.00611855,-0.008773954,-0.0087740,-0.0069550,sell
2010-06-22,0,0.22,0.4,0,3.6,0.5,0.23,0,-0.0027576,-0.00045861,-0.001977439,-0.0021994,-0.0021254,sell
2010-06-23,0,0.75,0.45,0,2.87,0.63,0.17,0, 0.0048292, 0.00613357, 0.006275657, 0.0037635, 0.0005641,buy
2010-06-24,0,0.98,0.51,0,2.32,0.42,0.15,0,-0.0009503, 0.00162921, 0.001073576, 0.0003518,-0.0001619,buy
2010-06-25,0,0.43,0.54,0,2.04,0.3,0.13,0,-0.0021573,-0.00091983,-0.004205061,-0.0024190,-0.0013307,sell
2010-06-26,0,0.31,0.51,0,1.89,0.22,0.11,0,-0.0010260,-0.00347675,-0.003089016,-0.0036329,-0.0039948,sell
2010-06-27,0,0.55,0.52,0,1.79,0.17,0.1,0,-0.0021753,-0.00320811,-0.002337366,-0.0026333,-0.0032081,sell
2010-06-28,0,0.86,0.52,0,1.71,0.13,0.09,0,-0.0028751,-0.00406020,-0.002832963,-0.0067771,-0.0056636,sell
2010-06-29,0,1.24,0.51,0,1.71,0.12,0.36,0,-0.0051133,-0.00522898,-0.006281485,-0.0076382,-0.0082260,sell
2010-06-30,0,1.47,0.5,0,1.71,0.12,1.43,0, 0.0046084,-0.00213519, 0.004119921, 0.0014889, 0.0059333,buy
2010-07-01,0,1.86,0.48,0,1.72,0.11,2.54,0, 0.0085293, 0.00149672, 0.004874822, 0.0031177, 0.0048748,buy
2010-07-02,0,2.07,0.48,0,1.73,0.1,1.25,0,-0.0031889,-0.00544473, 0.000682928, 0.0000560, 0.0020135,sell
2010-07-03,0,1.06,0.47,0,1.71,0.1,0.61,0,-0.0026568,-0.00359999,-0.003396519,-0.0019830,-0.0033009,sell
2010-07-04,0,0.69,0.48,0,1.71,0.1,0.58,0,-0.0020356, 0.00137357,-0.002086234, 0.0001373,-0.0016258,sell
2010-07-05,0,1.03,0.62,0,1.75,0.1,0.85,0,-0.0022154,-0.00324624,-0.002674798,-0.0018570,-0.0027111,sell
2010-07-06,0,1.27,1.01,0,1.87,0.11,1.3,0, 0.0036746,-0.00265674, 0.005426031,-0.0021536,-0.0027068,sell
2010-07-07,0,1.73,0.84,0,2.23,0.13,1.78,0, 0.0009720,-0.00200959, 0.006281377,-0.0024645,-0.0021296,sell
2010-07-08,0,1.23,1.09,0,2.63,0.19,1.77,0, 0.0020174,-0.00060693, 0.004139118,-0.0002224,-0.0005810,buy
2010-07-09,0,0.5,1.66,0,2.38,0.43,1.55,0,-0.0014182, 0.00030996, 0.001125670,-0.0033955,-0.0010970,sell
2010-07-10,0,0.19,1.52,0,1.9,0.84,1.43,0, 0.0023462, 0.00120516, 0.000564398, 0.0015844, 0.0017037,buy
2010-07-11,0,0.12,1.31,0,1.59,0.84,1.29,0, 0.0008457, 0.00078209, 0.001961061, 0.0008457, 0.0025600,buy
2010-07-12,0,0.23,1.17,0,1.43,0.58,0.95,0,-0.0061841,-0.00568902,-0.005921963,-0.0060859,-0.0028844,sell
2010-07-13,0,0.97,1.27,0,1.33,0.26,0.68,0, 0.0037443, 0.00808834, 0.006732837, 0.0085890, 0.0080916,buy
2010-07-14,0,0.69,1.35,0,1.23,0.17,0.48,0, 0.0017333, 0.00518289, 0.004311904, 0.0051678, 0.0051829,buy
2010-07-15,0,0.12,1.34,0,1.2,0.15,0.35,0, 0.0072820, 0.00745011, 0.005631743, 0.0069362, 0.0106673,buy
2010-07-16,0,0.04,0.98,0,1.18,0.16,0.23,0, 0.0063047, 0.00553472, 0.005534724, 0.0055051, 0.0041778,buy
2010-07-17,0,0.24,0.82,0,1.13,0.21,0.18,0, 0.0041824, 0.00564252, 0.004530478, 0.0056569, 0.0041958,buy
2010-07-18,0,0.56,0.86,0,1.16,0.21,0.15,0,-0.0040640,-0.00130649,-0.005862272,-0.0030920,-0.0036901,sell
2010-07-19,0,1.37,1.02,0,1.23,0.18,0.12,0,-0.0064003,-0.00797831,-0.009093098,-0.0082173,-0.0030818,sell
2010-07-20,0,1.53,1.43,0,1.47,0.18,0.12,0,-0.0056702,-0.00959673,-0.010805890,-0.0089254,-0.0099537,sell
2010-07-21,0,0.42,1.65,0,2.21,0.2,0.13,0,-0.0046775,-0.00431135,-0.002455144,-0.0049975,-0.0027726,sell
2010-07-22,0,0.12,1.83,0,2.47,0.21,0.19,0,-0.0064436,-0.00712738, 0.001835511,-0.0080473, 0.0002798,sell
2010-07-23,0,0.04,1.65,0,1.76,0.22,0.17,0,-0.0013342,-0.00186147,-0.001280989,-0.0029508,-0.0012810,sell
2010-07-24,0,0.14,1.29,0,1.56,0.22,0.1,0, 0.0054170, 0.00704456, 0.005417013, 0.0041781, 0.0103975,buy
2010-07-25,0,0.17,1.37,0,1.83,0.25,0.06,0, 0.0029744, 0.00297435, 0.002974351, 0.0003337, 0.0039000,buy
2010-07-26,0,0.15,1.61,0,1.96,0.27,0.04,0, 0.0004972, 0.00049724, 0.000658029,-0.0013665, 0.0006580,sell
2010-07-27,0,0.32,1.56,0,1.56,0.29,0.04,0, 0.0029620, 0.00296199, 0.003318622,-0.0001761, 0.0033186,buy
2010-07-28,0,0.77,1.59,0,1.31,0.34,0.03,0, 0.0037966, 0.00379665, 0.004378598, 0.0012877, 0.0043786,buy
2010-07-29,0,0.96,1.68,0,1.08,0.39,0.03,0, 0.0021818, 0.00218180, 0.003010721, 0.0021452, 0.0030107,buy
2010-07-30,0,0.49,1.55,0,0.97,0.43,0.03,0, 0.0007113, 0.00121778, 0.006436913,-0.0020615, 0.0064369,buy
2010-07-31,0,0.2,1.04,0,0.93,0.48,0.03,0,-0.0034357,-0.00615040,-0.010281310,-0.0049037,-0.0061504,sell
2010-08-01,0,0.08,0.79,0,0.86,0.56,0.02,0, 0.0018713,-0.00306896, 0.003038127, 0.0028363,-0.0107764,sell
2010-08-02,0,0.03,0.83,0,0.85,0.61,0.02,0, 0.0044943, 0.00079861, 0.002980979, 0.0029810,-0.0045342,buy
2010-08-03,0,0.01,1.02,0,0.84,0.66,0.02,0, 0.0001162, 0.00064960, 0.000448264, 0.0004483,-0.0046542,buy
2010-08-04,0,0.02,1.47,0,0.83,0.76,0.02,0,-0.0008133,-0.00075437,-0.002774028,-0.0031877,-0.0007544,buy
2010-08-05,0,0.06,1.76,0,0.83,0.94,0.02,0, 0.0044549, 0.00445486, 0.001689634, 0.0028858, 0.0024917,buy
2010-08-06,0,0.18,1.9,0,0.82,0.95,0.02,0, 0.0062984, 0.00629835, 0.004318853, 0.0043449, 0.0048588,buy
2010-08-07,0,0.42,1.57,0,0.8,0.73,0.02,0,-0.0026630,-0.00266298,-0.001834844,-0.0067216,-0.0018139,sell
2010-08-08,0,0.56,1.04,0,0.79,0.59,0.02,0,-0.0077187,-0.01011352,-0.012002342,-0.0101936,-0.0101135,sell
2010-08-09,0,0.9,0.61,0,0.76,0.5,0.02,0,-0.0038804,-0.00460197,-0.003521799,-0.0046020,-0.0046597,sell
2010-08-10,0,1.57,0.39,0,0.74,0.42,0,0,-0.0125366,-0.01184080,-0.012016013,-0.0119311,-0.0117110,sell
2010-08-11,0,1.22,0.24,0,0.72,0.36,0,0,-0.0109434,-0.00682338,-0.011487210,-0.0128243,-0.0114872,sell
2010-08-12,0,0.51,0.17,0,0.7,0.33,0,0, 0.0081008, 0.00869517, 0.008695172, 0.0086952, 0.0086952,buy
2010-08-13,0,0.26,0.11,0,0.69,0.29,0,0, 0.0065226, 0.00853584, 0.008534550, 0.0085358, 0.0085345,buy
2010-08-14,0,0.2,0.08,0,0.64,0.28,0,0, 0.0065485, 0.00703677, 0.007384024, 0.0073853, 0.0073840,buy
2010-08-15,0,0.27,0.06,0,0.62,0.27,0,0, 0.0065142, 0.00913406, 0.009134064, 0.0092447, 0.0088343,buy
2010-08-16,0,0.57,0.03,0,0.61,0.27,0,0, 0.0068819, 0.00814058, 0.008140583, 0.0086136, 0.0078788,buy
2010-08-17,0,1.11,0.03,0,0.6,0.29,0,0, 0.0010768, 0.00106337, 0.001063374, 0.0011177, 0.0010768,buy
2010-08-18,0,1.98,0.03,0,0.6,0.31,0,0,-0.0011983,-0.00104397,-0.000421981,-0.0012353, 0.0034541,buy
2010-08-19,0,2.94,0.01,0,0.6,0.34,0,0,-0.0044364,-0.00055005,-0.005256856,-0.0005500,-0.0044364,sell
2010-08-20,0,3.6,0.03,0,0.59,0.39,0,0,-0.0071868,-0.00382633,-0.007094337,-0.0039755,-0.0070943,sell
2010-08-21,0,2.67,0.1,0,0.6,0.45,0,0,-0.0037286,-0.00297697,-0.005001826,-0.0028884,-0.0013260,sell
2010-08-22,0,1.29,0.23,0,0.7,0.55,0,0, 0.0006733, 0.00407962, 0.001774963, 0.0009047, 0.0020917,buy
2010-08-23,0,0.63,0.33,0,0.85,0.63,0,0, 0.0040769, 0.00171089, 0.000055959, 0.0006006, 0.0033893,buy
2010-08-24,0,0.3,0.51,0,1.37,0.6,0.03,0, 0.0002222, 0.00268022,-0.002288068, 0.0014083,-0.0018792,buy
2010-08-25,0,0.1,0.5,0,2.2,0.52,0.06,0,-0.0031531, 0.00425179, 0.001043465, 0.0010435, 0.0046979,buy
2010-08-26,0,0.08,0.2,0,2.28,0.46,0.13,0, 0.0029490, 0.00127304, 0.002655063, 0.0022172, 0.0019458,buy
2010-08-27,0,0.05,0.07,0,1.6,0.41,0.29,0, 0.0037677, 0.00177452, 0.003971286, 0.0032088, 0.0000323,buy
2010-08-28,0,0.13,0.03,0,0.94,0.39,0.59,0,-0.0025685, 0.00710902, 0.007185621,-0.0071903,-0.0012709,sell
2010-08-29,0,0.21,0,0,0.74,0.37,1.08,0,-0.0025706,-0.00476162,-0.004819017,-0.0057314,-0.0066380,sell
2010-08-30,0,0.33,0,0,0.72,0.38,1.09,0,-0.0028699,-0.00571449,-0.005648879,-0.0060646,-0.0080350,sell
2010-08-31,0,0.53,0,0,0.91,0.39,0.74,0, 0.0038988, 0.00365081, 0.003650810, 0.0014661,-0.0008996,buy
2010-09-01,0,0.86,0,0,1.43,0.45,0.68,0, 0.0085197, 0.00830819, 0.009437615, 0.0100851, 0.0082550,buy
2010-09-02,0,1.34,0,0,2.31,0.64,0.83,0, 0.0020576, 0.00072236, 0.001003606, 0.0031367, 0.0008081,buy
2010-09-03,0,1.67,0.01,0,1.91,0.97,1.04,0,-0.0021975, 0.00170963, 0.000679821, 0.0014389, 0.0004174,buy
2010-09-04,0,1.79,0.04,0,1.58,0.81,0.89,0, 0.0012905,-0.00126807, 0.000190580, 0.0000669,-0.0011918,sell
2010-09-05,0,1.38,0.1,0,1.81,0.84,0.56,0,-0.0013515,-0.00150350,-0.001852167, 0.0029492,-0.0007952,buy
2010-09-06,0,0.85,0.22,0,2.04,0.61,0.37,0, 0.0040544, 0.00189165, 0.000430291,-0.0011270, 0.0011553,buy
2010-09-07,0,0.52,0.43,0,1.78,0.34,0.29,0,-0.0058271,-0.00594869,-0.004560202,-0.0068266,-0.0046395,sell
2010-09-08,0,0.32,0.62,0,1.43,0.25,0.24,0, 0.0004884, 0.00098724,-0.000486529, 0.0005655, 0.0004884,buy
2010-09-09,0,0.2,0.5,0,1.2,0.19,0.27,0,-0.0001624,-0.00120378,-0.000055001,-0.0007732,-0.0011545,sell
2010-09-10,0,0.12,0.3,0,1.11,0.16,0.46,0, 0.0009898, 0.00084588, 0.003220397, 0.0009898, 0.0029902,buy
2010-09-11,0,0.06,0.27,0,1.06,0.15,0.75,0, 0.0041706, 0.00303782, 0.002691884, 0.0026919, 0.0053246,buy
2010-09-12,0,0,0.4,0,1.03,0.13,0.98,0, 0.0063658, 0.00698589, 0.006016754, 0.0074250, 0.0080776,buy
2010-09-13,0,0,0.64,0,0.97,0.14,0.96,0, 0.0041584, 0.00862992, 0.005467551, 0.0086081, 0.0086081,buy
2010-09-14,0,0,0.59,0,1,0.13,0.95,0, 0.0047255, 0.00885819, 0.005953512, 0.0081679, 0.0081679,buy
2010-09-15,0,0,0.32,0,1.04,0.11,1.03,0, 0.0071520, 0.00601193, 0.006155337, 0.0064010, 0.0071548,buy
2010-09-16,0,0,0.23,0,1.06,0.11,1.15,0, 0.0087830, 0.00745955, 0.008128766, 0.0074595, 0.0090479,buy
2010-09-17,0,0,0.29,0,1.08,0.11,1.37,0, 0.0094004, 0.00873557, 0.008903047, 0.0091240, 0.0098274,buy
2010-09-18,0,0,0.53,0,1.07,0.1,1.72,0, 0.0080509, 0.00674938, 0.007497515, 0.0074666, 0.0086750,buy
2010-09-19,0,0,1.07,0,1.04,0.09,1.81,0, 0.0025849, 0.00258491, 0.002988436, 0.0003796, 0.0029884,buy
2010-09-20,0,0,1.06,0,1.06,0.09,1.58,0, 0.0019682, 0.00196820, 0.002050515,-0.0008159, 0.0026034,buy
2010-09-21,0,0,0.48,0,1.09,0.07,1.41,0, 0.0075881, 0.00827126, 0.007813230, 0.0085217, 0.0085013,buy
2010-09-22,0,0,0.2,0,1.15,0.09,1.45,0, 0.0067499, 0.00765630, 0.006599259, 0.0074059, 0.0081570,buy
2010-09-23,0,0.05,0.08,0,1.24,0.11,1.64,0, 0.0035590, 0.00368599, 0.003018639, 0.0012155, 0.0036860,buy
2010-09-24,0,0.08,0.02,0,1.33,0.13,1.87,0, 0.0043365, 0.00521017, 0.003570277,-0.0036310, 0.0046136,buy
2010-09-25,0,0.13,0,0,1.43,0.15,2.13,0, 0.0028108, 0.00266233, 0.002459597,-0.0046187, 0.0029478,sell
2010-09-26,0,0.21,0.02,0,1.46,0.19,2.17,0, 0.0009375, 0.00373282, 0.000210654,-0.0037075, 0.0038589,buy
2010-09-27,0,0.37,0.05,0,1.52,0.24,1.87,0, 0.0035190, 0.00868566, 0.003713073, 0.0011192, 0.0084102,buy
2010-09-28,0,0.58,0.08,0,1.68,0.29,1.53,0, 0.0047669, 0.00821911, 0.006162992, 0.0055084, 0.0069775,buy
2010-09-29,0,0.91,0.22,0,1.89,0.38,1.29,0, 0.0046673, 0.00493456, 0.006466754, 0.0031941, 0.0035746,buy
2010-09-30,0,1.34,0.65,0,2.41,0.64,1.12,0,-0.0067107,-0.00653545,-0.004948842,-0.0056151,-0.0043813,sell
2010-10-01,0,1.75,1.64,0,3.38,1.06,1.05,0,-0.0068625,-0.00025778,-0.000257784,-0.0000279,-0.0000279,sell
2010-10-02,0,2.18,1.29,0,3.28,1.1,1.02,0,-0.0052526, 0.00087124, 0.000902804, 0.0005892, 0.0009039,buy
2010-10-03,0,2.57,0.6,0,2.76,0.7,1.05,0,-0.0005521,-0.00236035,-0.000552070,-0.0012625, 0.0002361,sell
2010-10-04,0,3.36,0.34,0,2.87,0.59,1.15,0, 0.0002945, 0.00136120, 0.001361200, 0.0013612, 0.0011241,buy
2010-10-05,0,2.74,0.22,0,3.27,0.63,1.3,0, 0.0045101, 0.00451012, 0.004749867, 0.0047499, 0.0056453,buy
2010-10-06,0,1.49,0.13,0,3.71,0.56,1.56,0,-0.0036088, 0.00086903, 0.005262894, 0.0040336, 0.0007870,buy
2010-10-07,0,1.03,0.07,0,3.44,0.44,1.59,0, 0.0007074, 0.00326409, 0.004111804, 0.0039623, 0.0016439,buy
2010-10-08,0,1.12,0.05,0,3.18,0.36,1.33,0,-0.0005127,-0.00062020,-0.000644613,-0.0010164,-0.0010164,sell
2010-10-09,0,2.51,0.02,0,3.22,0.34,1.11,0, 0.0058416, 0.00698097, 0.006965417, 0.0062712, 0.0031273,buy
2010-10-10,0,2.59,0.01,0,4.06,0.39,0.96,0, 0.0055249, 0.00710453, 0.006302603, 0.0063026, 0.0038072,buy
2010-10-11,0,1.08,0.01,0,4.13,0.41,0.88,0, 0.0006343, 0.00064102, 0.002332238, 0.0009809, 0.0006732,buy
2010-10-12,0,0.83,0,0,3.12,0.27,0.93,0,-0.0007937,-0.00080847,-0.003486811,-0.0013058,-0.0017674,buy
2010-10-13,0,0.81,0,0,2.81,0.17,1.08,0, 0.0037290, 0.00357617, 0.001028223, 0.0028747, 0.0027841,buy
2010-10-14,0,0.84,0.01,0,2.86,0.12,0.96,0, 0.0067722, 0.00623821, 0.003842316, 0.0057429, 0.0060457,buy
2010-10-15,0,0.87,0.06,0,3.07,0.09,0.67,0, 0.0051314, 0.00513136, 0.002144378, 0.0062285, 0.0051314,buy
2010-10-16,0,0.94,0.19,0,2.54,0.09,0.48,0, 0.0043667, 0.00464291, 0.003899749, 0.0043667, 0.0034694,buy
2010-10-17,0,1.03,0.75,0,2.05,0.05,0.38,0,-0.0089736,-0.00947214,-0.009472139,-0.0102286,-0.0108087,sell
2010-10-18,0,1.17,1.05,0,1.81,0.03,0.32,0,-0.0047361,-0.00408756,-0.006133756,-0.0047361,-0.0075360,sell
2010-10-19,0,1.4,0.64,0,1.68,0.04,0.31,0,-0.0024050,-0.00118937,-0.004629560,-0.0024050,-0.0084041,sell
2010-10-20,0,1.7,0.36,0,1.62,0.04,0.35,0, 0.0089631, 0.00948349, 0.003275790, 0.0090099,-0.0027715,buy
2010-10-21,0,1.98,0.22,0,1.55,0.06,0.56,0, 0.0099625, 0.00903835, 0.003792117, 0.0070376, 0.0031221,buy
2010-10-22,0,2.02,0.09,0,1.43,0.05,1.4,0, 0.0041434, 0.00327614, 0.007458337, 0.0041114, 0.0044009,buy
2010-10-23,0,2.05,0.03,0,1.35,0.03,1.76,0, 0.0055588, 0.00288647, 0.004070712, 0.0020229, 0.0054760,buy
2010-10-24,0,2.32,0.01,0,1.31,0.02,1.05,0,-0.0005747,-0.00074650, 0.000712288,-0.0005538,-0.0007465,sell
2010-10-25,0,2.95,0,0,1.29,0.01,0.86,0,-0.0006047,-0.00063019,-0.001010588,-0.0015258,-0.0006302,sell
2010-10-26,0,3.66,0,0,1.31,0.01,1.32,0, 0.0013763,-0.00355566, 0.000724832,-0.0034228,-0.0023911,sell
2010-10-27,0,3.24,0,0,1.42,0,1.7,0, 0.0023730,-0.00233145, 0.000656135,-0.0026841,-0.0015693,sell
2010-10-28,0,2.9,0,0,1.44,0,2.22,0, 0.0063214, 0.00087932, 0.004757863, 0.0000158, 0.0049527,buy
2010-10-29,0,2.53,0,0,1.43,0.01,2.23,0, 0.0067788, 0.00205262, 0.005620447, 0.0019572, 0.0055651,buy
2010-10-30,0,2.32,0,0,1.57,0.04,1.57,0, 0.0019455, 0.00207507, 0.001740503, 0.0036254, 0.0041423,buy
2010-10-31,0,2.41,0,0,1.96,0.17,1.14,0,-0.0023572, 0.00028877, 0.000836290, 0.0017030, 0.0010415,buy
2010-11-01,0,2.48,0,0,2.91,0.38,1.02,0, 0.0062303, 0.00727705, 0.007311151, 0.0072771, 0.0058306,buy
2010-11-02,0,1.99,0,0,2.75,0.32,0.7,0, 0.0062307, 0.00725518, 0.007651179, 0.0062323, 0.0045102,buy
2010-11-03,0,1.58,0,0,2.04,0.41,0.41,0, 0.0015917, 0.00013641, 0.002748210,-0.0000719,-0.0000978,buy
2010-11-04,0,1.43,0,0,1.81,0.5,0.25,0, 0.0023319, 0.00041707, 0.000550537, 0.0027740, 0.0017143,buy
2010-11-05,0,1.18,0,0,1.61,0.32,0.12,0, 0.0057556,-0.00218654,-0.002337097, 0.0048097,-0.0024257,buy
2010-11-06,0,0.94,0.01,0,1.55,0.28,0.07,0, 0.0008563,-0.00547170,-0.005471701, 0.0009612,-0.0058883,sell
2010-11-07,0,0.8,0.01,0,1.77,0.31,0.05,0,-0.0029465,-0.00365567,-0.003655672,-0.0012824,-0.0036557,sell
2010-11-08,0,0.7,0.01,0,2.69,0.35,0.03,0,-0.0003285,-0.00100762,-0.000196400,-0.0003285, 0.0056876,buy
2010-11-09,0,0.63,0.02,0,2.65,0.55,0.03,0, 0.0011099,-0.00171605,-0.000553567,-0.0014581,-0.0035740,sell
2010-11-10,0,0.57,0.03,0,2.53,0.85,0.01,0, 0.0068161,-0.00021678, 0.000543233,-0.0023361,-0.0033806,sell
2010-11-11,0,0.52,0.03,0,2.95,1.2,0.02,0, 0.0080844, 0.00079582,-0.001031379, 0.0054868,-0.0016960,buy
2010-11-12,0,0.47,0.04,0,2.54,1.35,0.04,0, 0.0033802, 0.00473957, 0.000884297, 0.0024837,-0.0044066,buy
2010-11-13,0,0.44,0.05,0,1.99,1.42,0.07,0,-0.0007207, 0.00351627,-0.001812950,-0.0007207,-0.0051102,sell
2010-11-14,0,0.4,0.06,0,1.8,1.39,0.12,0,-0.0028649, 0.00190438,-0.002323479,-0.0028649,-0.0055548,sell
2010-11-15,0,0.37,0.07,0,1.81,1.22,0.15,0,-0.0032488, 0.00306559,-0.003647257,-0.0036031,-0.0013762,sell
2010-11-16,0,0.34,0.07,0,2.18,0.96,0.13,0, 0.0071115, 0.00714569, 0.003150282, 0.0054849, 0.0067648,buy
2010-11-17,0,0.31,0.07,0,2.59,1.02,0.17,0, 0.0067079, 0.00602388, 0.003796983, 0.0056735, 0.0067253,buy
2010-11-18,0,0.28,0.07,0,2.34,0.75,0.17,0, 0.0045505, 0.00189122, 0.004821578, 0.0045505, 0.0046695,buy
2010-11-19,0,0.27,0.07,0,2.5,0.54,0.07,0, 0.0040824,-0.00077414, 0.003448942, 0.0040824, 0.0045548,buy
2010-11-20,0,0.24,0.07,0,2.48,0.61,0.03,0, 0.0064349, 0.00099324, 0.003966926, 0.0034739, 0.0011893,buy
2010-11-21,0,0.23,0.07,0,2,0.57,0.01,0, 0.0034125,-0.00324502, 0.003412450,-0.0007131,-0.0004341,sell
2010-11-22,0,0.21,0.06,0,1.73,0.35,0,0,-0.0114923,-0.01097925,-0.011492270,-0.0098217,-0.0110465,sell
2010-11-23,0,0.2,0.05,0,1.8,0.2,0,0,-0.0120358,-0.01133523,-0.012035840,-0.0089465,-0.0120358,sell
2010-11-24,0,0.18,0.04,0,2,0.13,0.1,0,-0.0075753,-0.00620912,-0.007794099,-0.0084473,-0.0077941,sell
2010-11-25,0,0.17,0.04,0,2.43,0.06,0.31,0,-0.0050614,-0.00399858,-0.004428206,-0.0070735,-0.0054174,sell
2010-11-26,0,0.15,0.03,0,3.01,0.03,0.98,0,-0.0050663,-0.00328859,-0.006144580,-0.0039085,-0.0070514,sell
2010-11-27,0,0.15,0.02,0,3.17,0.04,2.26,0, 0.0025258, 0.00406355, 0.002513316, 0.0044701, 0.0034451,buy
2010-11-28,0,0.14,0.02,0,3.51,0.03,1.9,0, 0.0009312,-0.00173092,-0.004201238,-0.0005812,-0.0007299,sell
2010-11-29,0,0.13,0.01,0,3.35,0.04,1.24,0, 0.0003148, 0.00053961,-0.006120988, 0.0002231,-0.0063147,sell
2010-11-30,0,0.12,0.01,0,2.84,0.06,1.52,0,-0.0048569,-0.00246176,-0.004051893, 0.0010205,-0.0057999,sell
2010-12-01,0,0.11,0.01,0,2.62,0.07,2.22,0, 0.0046043, 0.00441181, 0.004744856, 0.0056759, 0.0039664,buy
2010-12-02,0,0.11,0,0,2.52,0.1,2.83,0, 0.0044522, 0.00632759, 0.003972409, 0.0077087, 0.0031927,buy
2010-12-03,0,0.1,0,0,2.53,0.1,2.74,0, 0.0041209, 0.00586137, 0.003026658, 0.0059927, 0.0030203,buy
2010-12-04,0,0.1,0,0,2.54,0.09,1.82,0, 0.0010355,-0.00024489,-0.000052039, 0.0007428,-0.0000634,buy
2010-12-05,0,0.09,0,0,2.62,0.08,1.28,0,-0.0073957,-0.00577288,-0.005772880,-0.0095036,-0.0059583,sell
2010-12-06,0,0.08,0,0,2.69,0.1,1.14,0,-0.0068665,-0.00695633,-0.007215392,-0.0096644,-0.0072381,sell
2010-12-07,0,0.08,0,0,2.82,0.11,1.26,0,-0.0023206,-0.00241828,-0.003906890,-0.0065210,-0.0032911,sell
2010-12-08,0,0.08,0,0,3.07,0.13,1.41,0,-0.0026676, 0.00003089,-0.000838553,-0.0007926,-0.0031712,sell
2010-12-09,0,0.09,0,0,3.35,0.14,1.39,0, 0.0004941, 0.00042437,-0.002291984, 0.0004519,-0.0015402,buy
2010-12-10,0,0.09,0,0,3.75,0.18,1.6,0, 0.0000698,-0.00259234,-0.004345512,-0.0007398,-0.0016913,sell
2010-12-11,0,0.12,0,0,4.31,0.22,1.33,0, 0.0044020, 0.00228443,-0.001283971, 0.0012975, 0.0024184,buy
2010-12-12,0,0.18,0,0,5.1,0.27,0.71,0,-0.0017697,-0.00176973,-0.001769730,-0.0012831,-0.0005069,sell
2010-12-13,0,0.28,0,0,5.45,0.32,0.37,0,-0.0008709,-0.00053624, 0.001792089, 0.0054791, 0.0049846,buy
2010-12-14,0,0.47,0,0,4.77,0.39,0.32,0, 0.0010654, 0.00117937, 0.003087942, 0.0053202, 0.0048574,buy
2010-12-15,0,0.81,0,0,4.04,0.46,0.37,0,-0.0025670,-0.00071883,-0.000718834,-0.0018105,-0.0025670,sell
2010-12-16,0,0.96,0,0,3.74,0.56,0.66,0,-0.0008059, 0.00211185, 0.003280726,-0.0002756,-0.0008059,sell
2010-12-17,0,0.72,0,0,3.66,0.67,1.35,0, 0.0013390, 0.00686848, 0.008265918, 0.0077558, 0.0009437,buy
2010-12-18,0,0.6,0,0,3.85,0.87,2.55,0,-0.0009554, 0.00083729,-0.000800671, 0.0025109, 0.0030954,buy
2010-12-19,0,0.42,0,0,3.93,1.25,2.96,0,-0.0084572,-0.00757278,-0.004272441,-0.0053304,-0.0046280,sell
2010-12-20,0,0.23,0,0,3.89,1.44,3.31,0,-0.0067406,-0.00642432,-0.003680568,-0.0032834,-0.0041026,sell
2010-12-21,0,0.13,0,0,4.27,1.24,2.82,0,-0.0025099,-0.00600552, 0.000376959,-0.0061525,-0.0001688,sell
2010-12-22,0,0.07,0,0,4.55,1.44,1.66,0,-0.0002651,-0.00123164, 0.000125412,-0.0000133,-0.0003299,sell
2010-12-23,0,0.01,0,0,4.02,1.68,1.18,0, 0.0002530,-0.00119542, 0.000126192, 0.0001262,-0.0024586,sell
2010-12-24,0,0,0,0,4.03,1.5,0.86,0, 0.0026476, 0.00195668, 0.000969391, 0.0009694,-0.0001921,buy
2010-12-25,0,0,0,0,4.2,1.11,0.73,0,-0.0012580, 0.00363449, 0.001405624, 0.0020118, 0.0020742,buy
2010-12-26,0,0,0,0,4.52,0.87,0.67,0, 0.0042693, 0.00426927, 0.004401546, 0.0040742, 0.0044015,buy
2010-12-27,0,0,0,0,5.27,0.8,0.57,0, 0.0027810, 0.00278102, 0.002982486,-0.0000987, 0.0032011,buy
2010-12-28,0,0,0,0,5.44,0.78,0.43,0, 0.0032438, 0.00373305, 0.003733045, 0.0002335, 0.0036639,buy
2010-12-29,0,0,0,0,4.38,0.6,0.34,0, 0.0059196, 0.00499208, 0.005186305, 0.0049077, 0.0062134,buy
2010-12-30,0,0,0,0,3.85,0.49,0.28,0, 0.0026892, 0.00169210, 0.003038016, 0.0016677, 0.0044228,buy
2010-12-31,0,0,0,0,3.68,0.48,0.23,0, 0.0031392, 0.00163036, 0.003044566, 0.0016060, 0.0044707,buy
2011-01-01,0,0,0,0,3.64,0.64,0.23,0, 0.0043927, 0.00405873, 0.004393027, 0.0023670, 0.0066131,buy
2011-01-02,0,0,0,0,3.69,0.92,0.22,0,-0.0010992, 0.00685889, 0.003858312, 0.0004434, 0.0068683,buy
2011-01-03,0,0,0,0,3.76,1.03,0.26,0, 0.0009299, 0.00781169, 0.005858946, 0.0051320, 0.0077894,buy
2011-01-04,0,0.04,0,0,3.77,0.68,0.25,0, 0.0048705, 0.00546235, 0.004872592, 0.0034491, 0.0068847,buy
2011-01-05,0,0.04,0,0,3.8,0.38,0.24,0,-0.0032090,-0.00355059,-0.003019695,-0.0036280, 0.0027900,sell
2011-01-06,0,0.04,0,0,3.8,0.26,0.3,0,-0.0051078,-0.00614385,-0.006302191,-0.0072841,-0.0002215,sell
2011-01-07,0,0.04,0,0,3.98,0.21,0.57,0,-0.0054329,-0.00719630,-0.005591635,-0.0064820,-0.0009915,sell
2011-01-08,0,0.04,0,0,4.28,0.19,0.94,0,-0.0048509,-0.00269471, 0.003408374,-0.0004202, 0.0024035,sell
2011-01-09,0,0.04,0,0,4.62,0.21,1.74,0,-0.0007847, 0.00590929, 0.007117615, 0.0056837, 0.0076419,buy
2011-01-10,0,0.05,0,0,5.21,0.18,2.54,0, 0.0051086, 0.00517151, 0.004945780, 0.0050626, 0.0051715,buy
2011-01-11,0,0.05,0,0,6.04,0.15,3.07,0, 0.0042101, 0.00385429, 0.005093103, 0.0040891, 0.0038543,buy
2011-01-12,0,0.05,0,0,6.52,0.14,2.65,0, 0.0067509, 0.00652580, 0.007114109, 0.0067382, 0.0065258,buy
2011-01-13,0,0.05,0,0,6.41,0.13,1.84,0, 0.0106211, 0.01212174, 0.012068862, 0.0114766, 0.0121217,buy
2011-01-14,0,0.05,0,0,5.4,0.13,1.34,0, 0.0031701, 0.00788959, 0.010197539, 0.0106835, 0.0078896,buy
2011-01-15,0,0.05,0,0,4.5,0.12,0.86,0,-0.0061333, 0.00032663, 0.002165786,-0.0020789, 0.0020306,sell
2011-01-16,0,0.06,0,0,4.5,0.13,0.69,0,-0.0060296,-0.00398172, 0.000355806,-0.0033063,-0.0004818,sell
2011-01-17,0,0.06,0,0,5.39,0.13,0.81,0,-0.0021903, 0.00218751, 0.008650291, 0.0059996, 0.0023841,buy
2011-01-18,0,0.06,0,0,5.87,0.13,1.01,0, 0.0039221, 0.00613941, 0.009602573, 0.0086505, 0.0063360,buy
2011-01-19,0,0.06,0,0,4.9,0.13,1.35,0,-0.0014327, 0.00602674, 0.008821356, 0.0072283, 0.0066838,buy
2011-01-20,0,0.07,0,0,3.5,0.16,1.35,0, 0.0073557, 0.00378045, 0.005023371, 0.0045047, 0.0068575,buy
2011-01-21,0,0.07,0,0,2.88,0.26,1.05,0, 0.0055398, 0.00114374,-0.001762944, 0.0009505, 0.0034164,buy
2011-01-22,0,0.07,0,0,2.67,0.55,1.13,0, 0.0027982,-0.00025386,-0.000253862, 0.0042342, 0.0020694,buy
2011-01-23,0,0.08,0,0,2.69,0.94,1.5,0, 0.0011140,-0.00354048,-0.002865819,-0.0026653,-0.0042793,sell
2011-01-24,0,0.08,0,0,2.53,0.85,1.65,0, 0.0027534,-0.00022711,-0.001771104,-0.0026129,-0.0018709,buy
2011-01-25,0,0.08,0,0,2.38,0.43,1.6,0,-0.0007591,-0.00642147,-0.004330448,-0.0033529,-0.0039576,sell
2011-01-26,0,0.09,0,0,2.44,0.29,1.85,0,-0.0042046,-0.00590229,-0.004204583,-0.0035561,-0.0051256,sell
2011-01-27,0,0.1,0,0,2.1,0.32,1.96,0,-0.0066200,-0.00663794,-0.005802242,-0.0057553,-0.0058022,sell
2011-01-28,0,0.1,0,0,1.78,0.36,1.6,0,-0.0042720,-0.00699820,-0.004426934,-0.0041271,-0.0041271,sell
2011-01-29,0,0.11,0,0,1.67,0.48,1.26,0,-0.0038135,-0.00424423,-0.005072155,-0.0040440,-0.0016419,sell
2011-01-30,0,0.12,0,0,1.65,0.69,1.1,0, 0.0005441, 0.00359508,-0.000423485,-0.0002091, 0.0008068,buy
2011-01-31,0,0.12,0,0,1.81,0.99,1.2,0, 0.0074152, 0.00796877, 0.006071612, 0.0062663, 0.0067582,buy
2011-02-01,0,0.13,0,0,2.38,1.13,1.64,0, 0.0093891, 0.00923303, 0.009235439, 0.0095703, 0.0067124,buy
2011-02-02,0,0.14,0,0,3.4,1.16,2.35,0,-0.0061297,-0.00583900,-0.003464626,-0.0047428,-0.0044749,sell
2011-02-03,0,0.15,0,0,4.15,1.2,2.88,0,-0.0078565,-0.00623525,-0.003402080,-0.0042854,-0.0040361,sell
2011-02-04,0,0.16,0,0,3.27,1.39,2.78,0,-0.0058505,-0.00491510,-0.003236096,-0.0030419,-0.0038513,sell
2011-02-05,0,0.18,0,0,2.55,1.46,2.36,0,-0.0037418,-0.00414511,-0.002658133, 0.0003993,-0.0030288,sell
2011-02-06,0,0.19,0,0,2.99,1.57,1.74,0,-0.0003845, 0.00018533, 0.005818079, 0.0012858,-0.0023773,buy
2011-02-07,0,0.21,0,0,2.93,1.7,1.35,0, 0.0027967, 0.00242789, 0.006492289, 0.0016084, 0.0001287,buy
2011-02-08,0,0.25,0,0,2.25,1.61,1.29,0,-0.0010001, 0.00114637, 0.004566705, 0.0006902, 0.0006902,buy
2011-02-09,0,0.27,0,0,1.4,1.63,1.38,0,-0.0005984,-0.00466184,-0.000390381,-0.0019832,-0.0019832,sell
2011-02-10,0,0.28,0,0,1.1,1.82,1.52,0, 0.0004259,-0.00576136,-0.002957479,-0.0048166,-0.0040377,sell
2011-02-11,0,0.31,0,0,0.94,1.75,1.52,0,-0.0049715,-0.00709708,-0.007581689,-0.0067323,-0.0067222,sell
2011-02-12,0,0.34,0,0,0.88,1.59,1.39,0,-0.0028568,-0.00605290,-0.005627124,-0.0033837,-0.0038953,sell
2011-02-13,0,0.38,0,0,0.87,1.37,1.27,0,-0.0038655,-0.00644806,-0.006288953,-0.0038655,-0.0039164,sell
2011-02-14,0,0.41,0,0,0.83,1.37,1.17,0,-0.0030195,-0.00530548,-0.005230066,-0.0030195,-0.0032640,sell
2011-02-15,0,0.44,0,0,0.9,1.62,1.09,0, 0.0018316,-0.00165802,-0.001658019,-0.0009923,-0.0005167,sell
2011-02-16,0,0.49,0,0,1,1.79,1.03,0, 0.0027052,-0.00121916,-0.002793907,-0.0002011, 0.0002745,buy
2011-02-17,0,0.54,0,0,1.23,1.76,1,0, 0.0001203,-0.00255652,-0.003055969,-0.0009803,-0.0006840,sell
2011-02-18,0,0.62,0,0,1.35,1.43,1.03,0,-0.0032083,-0.00636189,-0.005038897,-0.0032083,-0.0032222,sell
2011-02-19,0,0.72,0,0,1.59,1.19,0.96,0,-0.0009045,-0.00091772,-0.000875686,-0.0008524,-0.0013127,sell
2011-02-20,0,0.87,0,0,2.11,0.78,0.93,0,-0.0049755,-0.00430797,-0.003071259,-0.0049755,-0.0043408,sell
2011-02-21,0,0.95,0,0,2.13,0.51,1.03,0,-0.0048907,-0.00576081,-0.004804751,-0.0050632,-0.0055006,sell
2011-02-22,0,1.08,0,0,1.55,0.46,1.01,0,-0.0059853,-0.00675072,-0.004272014,-0.0059853,-0.0052229,sell
2011-02-23,0,1.14,0,0,1.33,0.49,0.98,0, 0.0033871, 0.00510606, 0.005278447, 0.0008695, 0.0065336,buy
2011-02-24,0,1.24,0,0,1.55,0.63,1.23,0, 0.0002053, 0.00261544, 0.003676207,-0.0007674, 0.0045612,buy
2011-02-25,0,1.31,0,0,2.43,0.75,2.09,0,-0.0021901,-0.00654557,-0.005493179,-0.0015452,-0.0035436,sell
2011-02-26,0,1.38,0,0,2.17,0.82,1.88,0, 0.0013178,-0.00247463,-0.002474629,-0.0001361,-0.0012761,sell
2011-02-27,0,1.49,0,0,1.57,0.94,1.22,0,-0.0001000, 0.00153381, 0.001757714, 0.0027024, 0.0019214,buy
2011-02-28,0,1.49,0,0,1.78,1.21,1.24,0,-0.0006108, 0.00560337, 0.003450375, 0.0057293, 0.0046851,buy
2011-03-01,0,1.37,0.03,0,2.02,1.47,1.9,0, 0.0013795, 0.00307984, 0.006976193, 0.0025464, 0.0025464,buy
2011-03-02,0,1.22,0.08,0,2.1,1.45,2.7,0, 0.0001874, 0.00416171, 0.005702279, 0.0022317, 0.0017851,buy
2011-03-03,0,1.11,0.05,0,2.43,1.3,2.33,0, 0.0030722, 0.00558713, 0.008314610, 0.0019625, 0.0035438,buy
2011-03-04,0,1.01,0.02,0,1.97,1.06,1.85,0, 0.0005111, 0.00145175, 0.006640672, 0.0004180, 0.0017785,buy
2011-03-05,0,0.93,0.03,0,1.95,0.82,1.4,0,-0.0018349,-0.00430976,-0.001223162,-0.0013187, 0.0030665,sell
2011-03-06,0,0.85,0.08,0,2.77,0.64,1.19,0, 0.0003026,-0.00332570,-0.000085687,-0.0038525,-0.0054717,sell
2011-03-07,0,0.78,0.07,0,2.65,0.48,1.21,0,-0.0029493,-0.00250069,-0.001782562,-0.0083764,-0.0085895,sell
2011-03-08,0,0.73,0.03,0,2.43,0.38,1.41,0,-0.0014282,-0.00249118, 0.001125702,-0.0037880,-0.0074668,sell
2011-03-09,0,0.68,0.01,0,2.34,0.31,1.94,0, 0.0024270,-0.00230833, 0.006131608, 0.0062059, 0.0061699,buy
2011-03-10,0,0.65,0.01,0,2.6,0.25,2.68,0,-0.0036719,-0.00371123, 0.000238946,-0.0022744,-0.0035423,sell
2011-03-11,0,0.62,0.01,0,2.03,0.24,2.48,0,-0.0016728,-0.00132925,-0.000255458, 0.0018138,-0.0014417,buy
2011-03-12,0,0.59,0.02,0,1.16,0.23,1.65,0,-0.0007862,-0.00062498, 0.001813187, 0.0016713,-0.0006250,buy
2011-03-13,0,0.58,0.05,0,1.12,0.27,1.14,0, 0.0023253, 0.00389899, 0.003898992, 0.0039070, 0.0046798,buy
2011-03-14,0,0.56,0.08,0,1.28,0.31,0.84,0, 0.0052203, 0.00586596, 0.005865960, 0.0055854, 0.0040471,buy
2011-03-15,0,0.57,0.06,0,1.59,0.35,0.67,0,-0.0025267,-0.00346945,-0.003641879,-0.0034811,-0.0003512,sell
2011-03-16,0,0.57,0.03,0,1.74,0.48,0.59,0,-0.0001994,-0.00025606,-0.001451782,-0.0002561, 0.0029368,buy
2011-03-17,0,0.59,0.01,0,1.64,0.83,0.49,0, 0.0069517, 0.00912477, 0.004722237, 0.0069253, 0.0070438,buy
2011-03-18,0,0.63,0.01,0,1.8,0.78,0.4,0, 0.0061916, 0.00682626, 0.002594151, 0.0031953, 0.0066747,buy
2011-03-19,0,0.68,0,0,2.36,0.74,0.3,0, 0.0008719, 0.00189027,-0.003406125,-0.0002997, 0.0016769,buy
2011-03-20,0,0.75,0,0,3.02,1.07,0.27,0,-0.0004196, 0.00348030,-0.001089171,-0.0013021,-0.0005355,buy
2011-03-21,0,0.79,0,0,2.92,0.77,0.27,0, 0.0022374, 0.00189614, 0.000190327, 0.0017358, 0.0059604,buy
2011-03-22,0,0.81,0,0,3.15,0.36,0.27,0,-0.0029599, 0.00090941,-0.001714476, 0.0017243,-0.0024273,buy
2011-03-23,0,0.84,0,0,4.28,0.26,0.29,0, 0.0047745, 0.00017022, 0.006147186, 0.0003461, 0.0005924,buy
2011-03-24,0,0.85,0,0,3.86,0.29,0.36,0, 0.0031670, 0.00141724, 0.005198173, 0.0015931, 0.0020613,buy
2011-03-25,0,0.85,0,0,2.37,0.44,0.46,0, 0.0004764,-0.00172480, 0.000788715,-0.0015121,-0.0011752,sell
2011-03-26,0,0.86,0,0,1.73,0.53,0.45,0, 0.0043591, 0.00293171, 0.000985662, 0.0029317, 0.0053112,buy
2011-03-27,0,0.77,0,0,1.55,0.39,0.47,0, 0.0034431, 0.00175914, 0.003443098,-0.0016863, 0.0017185,buy
2011-03-28,0,0.61,0,0,1.41,0.32,0.55,0, 0.0045184, 0.00473727, 0.003159576, 0.0030661, 0.0047373,buy
2011-03-29,0,0.54,0,0,1.17,0.31,0.69,0,-0.0015141,-0.00680328,-0.001729459,-0.0014950,-0.0013705,sell
2011-03-30,0,0.46,0,0,1.13,0.36,0.95,0,-0.0036586,-0.00655613,-0.001867169,-0.0036589,-0.0030124,sell
2011-03-31,0,0.39,0,0,1.36,0.37,1.35,0, 0.0018766, 0.00097229,-0.001691279, 0.0013195, 0.0020697,buy
2011-04-01,0,0.35,0,0,1.85,0.38,1.99,0,-0.0053735,-0.00896211,-0.005146937,-0.0051469,-0.0051469,sell
2011-04-02,0,0.32,0,0,2.08,0.56,2.27,0, 0.0077573,-0.01057170, 0.003837640, 0.0038376, 0.0038376,sell
2011-04-03,0,0.29,0,0,1.75,0.84,1.69,0, 0.0057110, 0.00282452, 0.005710951, 0.0055162, 0.0053838,buy
2011-04-04,0,0.26,0,0,1.64,0.74,1.21,0, 0.0014501, 0.00070825, 0.002053789, 0.0007082, 0.0009915,buy
2011-04-05,0,0.24,0.01,0,1.85,0.71,1.04,0,-0.0016037,-0.00177307,-0.000404244,-0.0018406, 0.0001220,sell
2011-04-06,0,0.22,0.04,0,2.51,0.72,0.89,0, 0.0013161, 0.00024196, 0.002670624, 0.0002062, 0.0010345,buy
2011-04-07,0,0.2,0.08,0,2.58,1.07,0.77,0,-0.0014560,-0.00083499,-0.002416778,-0.0022858,-0.0019235,sell
2011-04-08,0,0.18,0.05,0,2.19,1.38,0.73,0, 0.0003579,-0.00544344, 0.002017621, 0.0008936, 0.0003493,sell
2011-04-09,0,0.16,0.02,0,2.49,1.46,0.76,0, 0.0092773, 0.00787444, 0.010392387, 0.0098063, 0.0046584,buy
2011-04-10,0,0.15,0.01,0,3.5,1.52,0.84,0, 0.0057679, 0.00476164, 0.005215236, 0.0040526, 0.0005106,buy
2011-04-11,0,0.14,0,0,4.6,1.69,0.9,0, 0.0014776,-0.00020742, 0.000776520, 0.0006159,-0.0026717,buy
2011-04-12,0,0.12,0,0,3.76,1.48,0.76,0, 0.0048283, 0.00299638, 0.004266161, 0.0042662, 0.0015943,buy
2011-04-13,0,0.11,0,0,2.71,1.24,0.53,0, 0.0017409, 0.00196123, 0.001263215, 0.0010156,-0.0037661,buy
2011-04-14,0,0.1,0,0,2.05,1.06,0.4,0,-0.0017323,-0.00188473,-0.003371999,-0.0005004,-0.0064637,sell
2011-04-15,0,0.09,0,0,1.69,1,0.31,0,-0.0048872,-0.00652340,-0.006061173,-0.0013630,-0.0040204,sell
2011-04-16,0,0.09,0,0,1.49,0.92,0.28,0,-0.0017032,-0.00472936,-0.002934071, 0.0024719,-0.0006611,sell
2011-04-17,0,0.08,0.01,0,1.39,0.83,0.26,0,-0.0044573,-0.00490231,-0.009605627, 0.0000589,-0.0005360,sell
2011-04-18,0,0.07,0.01,0,1.48,0.78,0.31,0,-0.0130528,-0.00175170,-0.010643727,-0.0085332,-0.0097745,sell
2011-04-19,0,0.07,0.01,0,1.69,0.68,0.46,0, 0.0044975, 0.00266421, 0.002664209, 0.0026642, 0.0015377,buy
2011-04-20,0,0.06,0.02,0,2.17,0.61,0.85,0, 0.0049370, 0.00609180, 0.005661506, 0.0014236, 0.0064296,buy
2011-04-21,0,0.06,0.02,0,2.94,0.66,0.83,0, 0.0030890, 0.00379807, 0.002778326, 0.0029136, 0.0020020,buy
2011-04-22,0,0.05,0.03,0,3.08,0.66,0.59,0, 0.0032558, 0.00334732, 0.001751477, 0.0016215, 0.0013904,buy
2011-04-23,0,0.05,0.05,0,3.16,0.52,0.73,0, 0.0031527, 0.00310494, 0.002237882, 0.0017800, 0.0026585,buy
2011-04-24,0,0.04,0.07,0,3.81,0.46,1.41,0,-0.0000551, 0.00116115, 0.001800196, 0.0034311,-0.0016806,buy
2011-04-25,0,0.04,0.08,0,3.36,0.48,1.55,0, 0.0013996, 0.00402143, 0.001003653, 0.0040846,-0.0020697,buy
2011-04-26,0,0.04,0.07,0,2.3,0.61,0.91,0,-0.0012988,-0.00492277,-0.004956238,-0.0047720,-0.0049562,sell
2011-04-27,0,0.03,0.05,0,1.82,0.81,0.77,0, 0.0018327, 0.00259426, 0.002310745, 0.0002954, 0.0026311,buy
2011-04-28,0,0.04,0.03,0,1.6,0.68,1.13,0, 0.0020391, 0.00156801, 0.003136266, 0.0005132,-0.0004077,buy
2011-04-29,0,0.06,0.03,0,1.42,0.49,1.51,0,-0.0087629,-0.00910280,-0.009029526,-0.0069528,-0.0089709,sell
2011-04-30,0,0.11,0.04,0,1.35,0.44,1.01,0, 0.0001396, 0.00029881, 0.002931866, 0.0000785, 0.0008127,sell
2011-05-01,0,0.17,0.06,0,1.34,0.52,0.54,0, 0.0009848, 0.00330094, 0.003300935, 0.0014909,-0.0012669,buy
2011-05-02,0,0.12,0.09,0,1.57,0.54,0.37,0, 0.0022249, 0.00347103, 0.003400741, 0.0022249,-0.0019970,buy
2011-05-03,0,0.06,0.06,0,1.78,0.56,0.35,0, 0.0013467, 0.00177797, 0.001775115, 0.0015183, 0.0004028,buy
2011-05-04,0,0.04,0.02,0,1.31,0.59,0.42,0,-0.0045619, 0.00292981, 0.002263545,-0.0025644,-0.0099420,sell
2011-05-05,0,0.01,0.01,0,0.91,0.54,0.69,0,-0.0100378, 0.00282136, 0.003979398,-0.0092429,-0.0091415,sell
2011-05-06,0,0,0,0,0.7,0.89,1.08,0,-0.0074398,-0.00675741,-0.007439752,-0.0057406,-0.0079329,sell
2011-05-07,0,0,0,0,0.59,1.29,0.99,0,-0.0016629,-0.00175553,-0.001755531,-0.0040546,-0.0031226,sell
2011-05-08,0,0,0,0,0.49,0.9,0.64,0,-0.0056607,-0.00309550,-0.003113249,-0.0058448,-0.0036235,sell
2011-05-09,0,0.04,0,0,0.49,0.44,0.5,0, 0.0015249, 0.00134123, 0.001267418, 0.0013412,-0.0050229,buy
2011-05-10,0,0.09,0,0,0.46,0.21,0.53,0,-0.0023554,-0.00527232,-0.005272318,-0.0031588,-0.0055357,sell
2011-05-11,0,0.21,0,0,0.47,0.13,0.72,0,-0.0063454,-0.00511554,-0.005150736,-0.0051507,-0.0051507,sell
2011-05-12,0,0.51,0,0,0.5,0.12,0.88,0,-0.0083170,-0.00666982,-0.006669816,-0.0066698,-0.0066698,sell
2011-05-13,0,0.7,0.01,0,0.58,0.16,0.72,0, 0.0031909, 0.00347823, 0.004586880, 0.0034074, 0.0068360,buy
2011-05-14,0,0.41,0.02,0,0.74,0.25,0.74,0,-0.0023378, 0.00197002,-0.001795886,-0.0022995,-0.0022995,sell
2011-05-15,0,0.2,0.06,0,1.05,0.41,1.21,0,-0.0001283,-0.00025090, 0.001346761,-0.0002509,-0.0002509,buy
2011-05-16,0,0.18,0.08,0,1.4,0.51,2.23,0, 0.0046503,-0.00894199, 0.004360986, 0.0043610, 0.0043610,sell
2011-05-17,0,0.17,0.04,0,1.62,0.52,2.45,0, 0.0028860,-0.00874692, 0.003378032, 0.0033780, 0.0038972,sell
2011-05-18,0,0.07,0.02,0,1.55,0.73,2.67,0, 0.0015279,-0.00517784, 0.000728788, 0.0015234, 0.0015234,buy
2011-05-19,0,0.04,0.01,0,1.1,0.98,3.49,0, 0.0014889, 0.00166063, 0.000196753, 0.0012046, 0.0012046,buy
2011-05-20,0,0.03,0,0,0.64,0.64,2.98,0, 0.0021502,-0.00466537,-0.004045405, 0.0014829, 0.0014829,buy
2011-05-21,0,0.09,0.02,0,0.49,0.29,1.34,0,-0.0036660,-0.00367125,-0.003671251,-0.0036713,-0.0036713,sell
2011-05-22,0,0.24,0.07,0,0.42,0.15,0.64,0,-0.0021166,-0.00311042, 0.001384184,-0.0032588, 0.0013842,sell
2011-05-23,0,0.33,0.13,0,0.38,0.08,0.43,0, 0.0011042, 0.00203182, 0.005715205,-0.0002663, 0.0086629,buy
2011-05-24,0,0.29,0.18,0,0.38,0.05,0.41,0, 0.0032077, 0.00707909, 0.002486530, 0.0057183, 0.0051673,buy
2011-05-25,0,0.12,0.19,0,0.39,0.03,0.5,0,-0.0022070,-0.00208038,-0.002696134,-0.0020688,-0.0029711,sell
2011-05-26,0,0.05,0.17,0,0.39,0.05,0.39,0, 0.0058125, 0.00237289, 0.005362793, 0.0055855, 0.0065802,buy
2011-05-27,0,0.06,0.27,0,0.39,0.15,0.38,0, 0.0078289, 0.00732735, 0.009136632, 0.0077921, 0.0090126,buy
2011-05-28,0,0.23,0.42,0,0.4,0.16,0.54,0, 0.0033850, 0.00422187, 0.003765976, 0.0022950, 0.0025201,buy
2011-05-29,0,0.71,0.31,0,0.4,0.08,1.27,0,-0.0010971,-0.00320243,-0.002783088,-0.0026576,-0.0032024,sell
2011-05-30,0,0.47,0.2,0,0.41,0.13,1.22,0, 0.0005470,-0.00152394,-0.002348133,-0.0013294,-0.0015239,sell
2011-05-31,0,0.29,0.12,0,0.48,0.18,0.61,0, 0.0019423, 0.00173443, 0.001942285, 0.0020280, 0.0001181,buy
2011-06-01,0,0.32,0.03,0,0.72,0.17,0.55,0,-0.0004391, 0.00556167,-0.001555660, 0.0012719,-0.0013458,buy
2011-06-02,0,0.71,0.01,0,1.26,0.16,0.7,0, 0.0027044, 0.00241892, 0.002836561, 0.0046554, 0.0018382,buy
2011-06-03,0,0.63,0.03,0,0.9,0.2,1.13,0,-0.0041188, 0.00132806, 0.000955500, 0.0013362, 0.0024135,buy
2011-06-04,0,0.28,0.13,0,0.54,0.3,1.8,0, 0.0046772, 0.00467724, 0.005005195, 0.0046974, 0.0046491,buy
2011-06-05,0,0.27,0.36,0,0.46,0.49,1.48,0,-0.0002380,-0.00084477, 0.000596668,-0.0035140,-0.0017279,sell
2011-06-06,0,0.26,0.41,0,0.53,0.59,1.01,0,-0.0018118,-0.00248983,-0.001551603, 0.0062287,-0.0023584,buy
2011-06-07,0,0.28,0.08,0,0.6,0.44,0.91,0, 0.0002097,-0.00050095,-0.000298544,-0.0027394,-0.0041502,sell
2011-06-08,0,0.48,0.01,0,0.73,0.32,1.01,0,-0.0010544,-0.00260083,-0.002600834,-0.0008684, 0.0002562,sell
2011-06-09,0,0.7,0.01,0,1.04,0.36,1.01,0,-0.0020961,-0.00369256,-0.003844017,-0.0008114,-0.0009733,sell
2011-06-10,0,0.53,0.03,0,1.42,0.56,0.98,0,-0.0067753,-0.00677528,-0.006775285,-0.0028769,-0.0063900,sell
2011-06-11,0,0.29,0.07,0,1.2,0.34,1.03,0, 0.0037772, 0.00263306, 0.005124406, 0.0059073, 0.0060677,buy
2011-06-12,0,0.18,0.12,0,0.99,0.17,1.21,0, 0.0024315, 0.00538996, 0.003048019, 0.0034155, 0.0042273,buy
2011-06-13,0,0.15,0.18,0,1.15,0.16,1.33,0, 0.0084135, 0.00645499, 0.006798638, 0.0059737, 0.0072417,buy
2011-06-14,0,0.18,0.43,0,1.74,0.15,1.34,0, 0.0013738, 0.00424836, 0.001695559, 0.0040021,-0.0025206,buy
2011-06-15,0,0.12,0.4,0,1.42,0.15,1.59,0,-0.0034904, 0.00415218,-0.003554436,-0.0047242,-0.0039406,sell
2011-06-16,0,0.06,0.14,0,1.02,0.16,1.69,0,-0.0002637,-0.00156127, 0.004175175, 0.0001749, 0.0041267,buy
2011-06-17,0,0.24,0.04,0,0.98,0.16,1.92,0, 0.0042452, 0.00383951, 0.006968319, 0.0053867, 0.0051975,buy
2011-06-18,0,1.4,0.01,0,1.04,0.16,1.78,0,-0.0035699, 0.00197733,-0.002074005,-0.0020872,-0.0016361,sell
2011-06-19,0,1.33,0,0,1.18,0.16,0.97,0,-0.0044620,-0.00190238,-0.003986395,-0.0045270,-0.0039864,sell
2011-06-20,0,0.21,0,0,1.33,0.16,0.8,0, 0.0006737,-0.00100283,-0.002074631, 0.0005537,-0.0010028,buy
2011-06-21,0,0,0,0,1.53,0.19,0.78,0, 0.0036416, 0.00054734,-0.001681517, 0.0016999, 0.0010445,buy
2011-06-22,0,0.11,0,0,1.83,0.24,0.83,0, 0.0038369, 0.00213406,-0.001518672, 0.0021282, 0.0020721,buy
2011-06-23,0,0.46,0,0,2.12,0.35,0.98,0, 0.0004594,-0.00546398,-0.005346185,-0.0054802,-0.0090812,sell
2011-06-24,0,1.09,0.09,0,2.27,0.67,1.22,0,-0.0028779,-0.00335260,-0.002877908,-0.0029644, 0.0013078,sell
2011-06-25,0,1.46,0.41,0,2.51,0.96,1.74,0, 0.0070121, 0.00665969, 0.006644119, 0.0056027, 0.0026055,buy
2011-06-26,0,2.85,0.85,0,3.04,0.64,1.94,0,-0.0068491, 0.00015423, 0.000547885, 0.0002400, 0.0041493,buy
2011-06-27,0,1.9,0.46,0,3.48,0.36,1.68,0,-0.0101356,-0.00063240, 0.006286554,-0.0005196,-0.0009540,sell
2011-06-28,0,0.57,0.36,0,3.02,0.25,1.52,0, 0.0054997, 0.00662880, 0.005026246, 0.0052704, 0.0050262,buy
2011-06-29,0,0.16,0.42,0,2.34,0.18,1.44,0, 0.0070735, 0.00615831, 0.005428613, 0.0054500, 0.0051879,buy
2011-06-30,0,0.07,0.38,0,1.93,0.17,1.48,0, 0.0042957, 0.00528575, 0.004295687, 0.0051576, 0.0020393,buy
2011-07-01,0,0.01,0.32,0,1.68,0.16,1.61,0, 0.0025360, 0.00586349, 0.002072100, 0.0028570, 0.0022639,buy
2011-07-02,0,0.02,0.5,0,1.51,0.15,1.75,0,-0.0044221, 0.00426374,-0.002667521,-0.0056933,-0.0041601,sell
2011-07-03,0,0.02,0.41,0,1.43,0.13,1.69,0,-0.0040040, 0.00386704,-0.004003970,-0.0046261,-0.0040416,sell
2011-07-04,0,0.18,0.6,0,1.38,0.13,1.47,0,-0.0016914,-0.00011686, 0.001694874,-0.0025585,-0.0012316,sell
2011-07-05,0,0.5,1.21,0,1.33,0.12,1.34,0,-0.0033469,-0.00681736,-0.006558165,-0.0035143,-0.0050247,sell
2011-07-06,0,1.49,0.73,0,1.35,0.1,1.3,0,-0.0078483,-0.00787420,-0.003375823,-0.0076069,-0.0078538,sell
2011-07-07,0,2.14,0.24,0,1.34,0.12,1.36,0,-0.0028373,-0.00297429, 0.000262544,-0.0014952,-0.0043583,sell
2011-07-08,0,1.36,0.17,0,1.38,0.11,1.78,0,-0.0019366, 0.00322863,-0.001546712,-0.0027727,-0.0038027,sell
2011-07-09,0,0.75,0.36,0,1.41,0.1,2.09,0, 0.0005632,-0.00035622,-0.002836753, 0.0019662,-0.0000611,buy
2011-07-10,0,0.78,0.8,0,1.44,0.1,1.73,0,-0.0032307,-0.00013975,-0.001136537, 0.0019981,-0.0006612,buy
2011-07-11,0,1.56,0.66,0,1.49,0.1,1.77,0,-0.0079684,-0.00516730,-0.001956382,-0.0080700,-0.0051673,sell
2011-07-12,0,2.49,0.26,0,1.54,0.1,1.68,0,-0.0055244,-0.00539675,-0.001819246,-0.0012193,-0.0061770,sell
2011-07-13,0,1.71,0.13,0,1.59,0.12,1.22,0, 0.0038074, 0.00336862, 0.003807419,-0.0060744,-0.0054870,sell
2011-07-14,0,1,0.11,0,1.74,0.12,0.93,0,-0.0055662,-0.00628091,-0.005249730,-0.0075048,-0.0058027,sell
2011-07-15,0,1.15,0.13,0,1.84,0.14,0.76,0,-0.0040912,-0.00489730,-0.003836864,-0.0050264,-0.0040912,sell
2011-07-16,0,1.79,0.24,0,1.96,0.16,0.64,0, 0.0018644, 0.00242391, 0.002232675, 0.0024832, 0.0022059,buy
2011-07-17,0,1.59,0.78,0,2.07,0.19,0.57,0, 0.0016688, 0.00304066, 0.000975802, 0.0033321, 0.0014310,buy
2011-07-18,0,0.92,0.8,0,2.21,0.24,0.51,0,-0.0020206,-0.00382085,-0.003820849,-0.0038208,-0.0039019,sell
2011-07-19,0,1.29,0.25,0,2.37,0.3,0.46,0, 0.0022710,-0.00081380, 0.002109234,-0.0002755, 0.0022544,buy
2011-07-20,0,1.52,0.13,0,2.64,0.39,0.44,0, 0.0036597,-0.00239132, 0.004442558,-0.0014598, 0.0020607,buy
2011-07-21,0,0.68,0.19,0,2.93,0.52,0.41,0, 0.0041672, 0.00386753, 0.006435822,-0.0026450, 0.0045050,buy
2011-07-22,0,0.26,0.31,0,2.79,0.7,0.4,0,-0.0028111, 0.00297384,-0.002450087,-0.0025316, 0.0000191,sell
2011-07-23,0,0.13,0.48,0,2.52,0.94,0.36,0,-0.0047344,-0.00367763,-0.004691632,-0.0045340,-0.0040893,sell
2011-07-24,0,0.06,0.39,0,2.39,1,0.34,0,-0.0032088,-0.00150527,-0.002088486,-0.0012550, 0.0000116,sell
2011-07-25,0,0.07,0.4,0,2.37,0.77,0.33,0,-0.0044886,-0.00151066,-0.003921533,-0.0039619,-0.0024508,sell
2011-07-26,0,0.07,0.69,0,2.46,0.56,0.31,0, 0.0058132, 0.00617658, 0.005813234, 0.0028577, 0.0074619,buy
2011-07-27,0,0.09,1.39,0,2.73,0.43,0.3,0,-0.0055937,-0.00418974,-0.000612477,-0.0055937,-0.0069617,sell
2011-07-28,0,0.22,1.8,0,3.02,0.33,0.3,0,-0.0070747,-0.00701070, 0.001248775,-0.0080792,-0.0040395,sell
2011-07-29,0,0.4,1.51,0,2.66,0.25,0.31,0,-0.0074202,-0.00742024,-0.003315511,-0.0076744,-0.0091165,sell
2011-07-30,0,0.59,1.2,0,2.18,0.2,0.32,0,-0.0051550,-0.00504993,-0.003991950,-0.0038258,-0.0026780,sell
2011-07-31,0,1.09,1.48,0,1.93,0.16,0.34,0, 0.0001826, 0.00004981, 0.000455867, 0.0005294,-0.0061832,buy
2011-08-01,0,1.57,1.6,0,1.82,0.12,0.41,0,-0.0031021,-0.00718324,-0.008412534,-0.0069728,-0.0086620,sell
2011-08-02,0,1.1,1.01,0,1.72,0.1,0.52,0,-0.0032197,-0.00292060, 0.000140513,-0.0037044,-0.0040823,sell
2011-08-03,0,0.55,0.53,0,1.71,0.08,0.76,0, 0.0043791, 0.00393724, 0.000523624, 0.0058433, 0.0030225,buy
2011-08-04,0,0.35,0.39,0,1.69,0.08,1.3,0,-0.0008722,-0.00094449,-0.000784579, 0.0087361,-0.0017250,buy
2011-08-05,0,0.32,0.37,0,1.69,0.08,1.34,0, 0.0023182, 0.00310861, 0.002318234, 0.0071891,-0.0027232,buy
2011-08-06,0,0.5,0.44,0,1.68,0.08,0.79,0, 0.0071303, 0.00615599, 0.003477173, 0.0071303, 0.0061560,buy
2011-08-07,0,1.13,0.57,0,1.68,0.08,0.57,0,-0.0084450,-0.00920915,-0.010141819,-0.0042838,-0.0106462,sell
2011-08-08,0,1.46,0.55,0,1.67,0.09,0.44,0,-0.0036294,-0.00425991,-0.006008811, 0.0048731,-0.0086384,sell
2011-08-09,0,1.62,0.39,0,1.68,0.1,0.27,0,-0.0039304,-0.00228939,-0.002955884,-0.0013680,-0.0112050,sell
2011-08-10,0,1.35,0.26,0,1.71,0.16,0.22,0,-0.0072638,-0.00318574,-0.004848792,-0.0070004,-0.0057800,sell
2011-08-11,0,1.09,0.16,0,1.72,0.2,0.21,0, 0.0041866, 0.00448905, 0.004916174, 0.0060150, 0.0044724,buy
2011-08-12,0,1.55,0.09,0,1.71,0.22,0.23,0,-0.0016278,-0.00345658,-0.004299849,-0.0042998,-0.0061450,sell
2011-08-13,0,2.01,0.08,0,1.67,0.27,0.25,0, 0.0002225,-0.00417101,-0.003315755,-0.0041903,-0.0040091,sell
2011-08-14,0,1.44,0.1,0,1.61,0.36,0.29,0,-0.0007648,-0.00366966,-0.000272228,-0.0028616,-0.0001940,sell
2011-08-15,0,0.68,0.16,0,1.51,0.59,0.36,0, 0.0027018, 0.00270182,-0.004038379, 0.0027018, 0.0079498,buy
2011-08-16,0,0.46,0.34,0,1.44,1.11,0.49,0,-0.0030579,-0.00329734,-0.003297340,-0.0034016,-0.0029111,sell
2011-08-17,0,0.42,0.74,0,1.39,1.2,0.73,0, 0.0007833, 0.00100089, 0.000810728, 0.0010009, 0.0005978,buy
2011-08-18,0,0.47,0.87,0,1.32,0.8,1,0, 0.0005273, 0.00057364,-0.000012452,-0.0026809, 0.0005566,sell
2011-08-19,0,0.66,0.63,0,1.26,0.53,0.88,0, 0.0026591,-0.00256822,-0.001133425, 0.0039256, 0.0025409,buy
2011-08-20,0,0.9,0.94,0,1.2,0.42,0.56,0,-0.0034387,-0.00336319,-0.010187654, 0.0008154,-0.0003977,sell
2011-08-21,0,1.28,1.13,0,1.17,0.34,0.39,0, 0.0011883, 0.00097562,-0.004652510,-0.0032957,-0.0027411,buy
2011-08-22,0,1.59,0.76,0,1.14,0.27,0.28,0, 0.0031573, 0.00411609, 0.003157335, 0.0004220, 0.0029962,buy
2011-08-23,0,1.66,0.31,0,1.1,0.2,0.22,0, 0.0031795, 0.00461316, 0.004593766,-0.0006366, 0.0036431,buy
2011-08-24,0,1.92,0.26,0,1.06,0.13,0.18,0,-0.0043417,-0.00121621,-0.002693623,-0.0071140,-0.0033536,sell
2011-08-25,0,2.08,0.29,0,1.05,0.1,0.16,0,-0.0064879,-0.00262763,-0.004723129,-0.0072417,-0.0056040,sell
2011-08-26,0,1.84,0.34,0,1.06,0.08,0.12,0,-0.0053282, 0.00110374, 0.000000066,-0.0078536,-0.0043540,sell
2011-08-27,0,1.69,0.79,0,1.06,0.08,0.12,0, 0.0061341, 0.00367973, 0.004495882,-0.0013839, 0.0067727,buy
2011-08-28,0,1.77,0.99,0,1.08,0.08,0.11,0,-0.0026483,-0.00336594,-0.003328546,-0.0039538,-0.0005998,sell
2011-08-29,0,2.15,0.61,0,1.1,0.09,0.12,0, 0.0023299, 0.00341500, 0.001757677,-0.0007609, 0.0019271,buy
2011-08-30,0,2.72,0.81,0,1.11,0.09,0.12,0,-0.0057643,-0.00735971,-0.004874037,-0.0039725,-0.0047625,sell
2011-08-31,0,2.41,0.87,0,1.11,0.09,0.11,0,-0.0057648,-0.00576477,-0.005764768,-0.0047376,-0.0057648,sell
2011-09-01,0,1.57,0.41,0,1.12,0.12,0.11,0, 0.0020285, 0.00233447, 0.002334474,-0.0003141, 0.0022100,buy
2011-09-02,0,1.05,0.21,0,1.15,0.14,0.11,0,-0.0054768,-0.00586251,-0.005696166,-0.0058418,-0.0044093,sell
2011-09-03,0,0.75,0.12,0,1.16,0.17,0.1,0, 0.0066455, 0.00234102,-0.004387483,-0.0006573, 0.0043447,buy
2011-09-04,0,0.6,0.12,0,1.05,0.2,0.14,0, 0.0100118, 0.00921385, 0.003275487, 0.0092139, 0.0097609,buy
2011-09-05,0,0.61,0.37,0,0.96,0.23,0.17,0,-0.0037606,-0.00370085,-0.005398640,-0.0037127,-0.0016629,sell
2011-09-06,0,0.79,0.57,0,0.94,0.27,0.21,0, 0.0063150, 0.00417882,-0.000315522, 0.0059989, 0.0041788,buy
2011-09-07,0,1.5,0.21,0,0.92,0.34,0.28,0, 0.0044178, 0.00739942, 0.004417798, 0.0051770, 0.0044178,buy
2011-09-08,0,2.01,0.06,0,0.99,0.41,0.4,0,-0.0055527,-0.00429702,-0.001447172,-0.0075599,-0.0055527,sell
2011-09-09,0,1.41,0.02,0,0.99,0.44,0.6,0,-0.0082644,-0.00888860,-0.000112145,-0.0084336,-0.0088886,sell
2011-09-10,0,1.57,0.14,0,0.91,0.4,0.96,0,-0.0037165,-0.00429292,-0.000098318,-0.0048572,-0.0048125,sell
2011-09-11,0,1.79,0.37,0,0.86,0.31,1.08,0, 0.0037154, 0.00125664, 0.002563050, 0.0037154, 0.0037154,buy
2011-09-12,0,1.57,0.93,0,0.85,0.27,0.73,0,-0.0045312, 0.00225565, 0.001701476, 0.0017015,-0.0062228,sell
2011-09-13,0,2.04,1.18,0,0.86,0.25,0.46,0,-0.0070383,-0.00476040,-0.005454530,-0.0062762,-0.0059177,sell
2011-09-14,0,2.52,0.77,0,0.84,0.26,0.31,0, 0.0006501,-0.00238893, 0.000650116, 0.0005816, 0.0006029,buy
2011-09-15,0,2.11,0.74,0,0.85,0.33,0.23,0, 0.0079387, 0.00722543, 0.007167909, 0.0058016, 0.0079387,buy
2011-09-16,0,2.01,1.24,0,0.86,0.54,0.18,0,-0.0018115, 0.00003448, 0.002623799,-0.0041493, 0.0035810,sell
2011-09-17,0,2.35,1.08,0,0.87,0.62,0.15,0,-0.0016951,-0.00169512, 0.001308399, 0.0003223,-0.0034987,sell
2011-09-18,0,2.26,0.61,0,0.97,0.39,0.11,0, 0.0064795, 0.00548853, 0.006479496, 0.0056274, 0.0064795,buy
2011-09-19,0,1.69,0.53,0,0.98,0.29,0.15,0,-0.0003081,-0.00158387,-0.001753835,-0.0013152,-0.0003081,sell
2011-09-20,0,2.25,0.72,0,0.87,0.27,0.16,0, 0.0049498, 0.00434580, 0.004949848, 0.0046531, 0.0049498,buy
2011-09-21,0,2.49,1.44,0,0.86,0.29,0.19,0,-0.0073119,-0.00851101,-0.007351205,-0.0062097,-0.0071685,sell
2011-09-22,0,1.98,1.85,0,0.85,0.33,0.21,0,-0.0060398,-0.00925685,-0.007763960,-0.0104024,-0.0092266,sell
2011-09-23,0,1.57,1.41,0,0.84,0.4,0.26,0, 0.0035010, 0.00350103, 0.004132773,-0.0040889, 0.0035010,buy
2011-09-24,0,1.05,1.6,0,0.83,0.5,0.32,0, 0.0038085, 0.00380849, 0.004948942, 0.0016514, 0.0050937,buy
2011-09-25,0,1.38,1.82,0,0.83,0.61,0.41,0,-0.0001431,-0.00329726, 0.002768415,-0.0014514,-0.0032973,sell
2011-09-26,0,1.68,1.69,0,0.82,0.63,0.6,0,-0.0023027,-0.00379364, 0.003124870,-0.0020964,-0.0031125,sell
2011-09-27,0,2.02,1.16,0,0.81,0.51,0.87,0, 0.0035356, 0.00616501, 0.002705236, 0.0034435, 0.0044905,buy
2011-09-28,0,2.77,0.52,0,0.8,0.39,1.5,0, 0.0035353, 0.00100657, 0.004005363, 0.0046515, 0.0035096,buy
2011-09-29,0,1.82,0.45,0,0.79,0.31,2.1,0, 0.0042866, 0.00159205, 0.004841635, 0.0040948, 0.0043912,buy
2011-09-30,0,0.86,1.04,0,0.78,0.24,1.64,0,-0.0067395,-0.00673946,-0.006909509,-0.0065821,-0.0066125,sell
2011-10-01,0,0.52,1.33,0,0.77,0.19,1.06,0,-0.0082011,-0.00691406,-0.007763226,-0.0070572,-0.0069141,sell
2011-10-02,0,0.62,0.87,0,0.76,0.15,0.7,0,-0.0045368,-0.00341241,-0.004552413,-0.0040686,-0.0038238,sell
2011-10-03,0,1.16,0.35,0,0.75,0.12,0.47,0,-0.0032694,-0.00326936,-0.003537675,-0.0035377,-0.0035363,sell
2011-10-04,0,1.66,0.18,0,0.74,0.09,0.37,0, 0.0069177, 0.00925692, 0.001133408, 0.0009955, 0.0098951,buy
2011-10-05,0,1.87,0.22,0,0.74,0.07,0.4,0,-0.0013837, 0.00562747,-0.004361760,-0.0029951, 0.0051133,buy
2011-10-06,0,1.21,0.64,0,0.74,0.05,0.31,0,-0.0012074,-0.00159488,-0.001675138,-0.0026276, 0.0016219,buy
2011-10-07,0,1.12,0.54,0,0.74,0.04,0.17,0,-0.0070329,-0.00099239,-0.001507027,-0.0061953, 0.0009605,sell
2011-10-08,0,1.04,0.19,0,0.73,0.04,0.13,0,-0.0038105,-0.00540352,-0.006027806,-0.0055497,-0.0030555,sell
2011-10-09,0,1.66,0.18,0,0.73,0.05,0.13,0, 0.0068611, 0.00971724, 0.002276282, 0.0009388, 0.0096792,buy
2011-10-10,0,1.56,0.37,0,0.72,0.05,0.26,0, 0.0045338, 0.00994652, 0.006229729,-0.0007827, 0.0087119,buy
2011-10-11,0,1.5,0.66,0,0.73,0.06,0.33,0,-0.0000025,-0.00332150,-0.003755174,-0.0039727, 0.0058157,sell
2011-10-12,0,1.21,0.63,0,0.73,0.02,0.55,0, 0.0021868, 0.00125801, 0.002084970, 0.0011444,-0.0012886,buy
2011-10-13,0,0.52,0.34,0,0.72,0.03,0.72,0,-0.0041772,-0.00085023,-0.000412700,-0.0045580,-0.0022384,sell
2011-10-14,0,0.72,0.3,0,0.73,0.06,0.41,0, 0.0015910, 0.00238741, 0.002357474, 0.0015653, 0.0018462,buy
2011-10-15,0,1.07,0.23,0,0.73,0.04,0.37,0,-0.0040670,-0.00400140,-0.003901532,-0.0039233,-0.0034830,sell
2011-10-16,0,0.58,0.21,0,0.73,0.01,0.75,0,-0.0040753, 0.00019076, 0.000261972,-0.0059025,-0.0023481,sell
2011-10-17,0,0.4,0.35,0,0.72,0,0.48,0,-0.0050107,-0.00052450,-0.001550337,-0.0052514,-0.0014406,sell
2011-10-18,0,0.28,0.57,0,0.73,0,0.13,0,-0.0032429,-0.00284924, 0.000914556,-0.0028966,-0.0028492,sell
2011-10-19,0,0.25,0.49,0,0.74,0,0.04,0,-0.0014687,-0.00079426,-0.000957265,-0.0014687,-0.0008688,sell
2011-10-20,0,0.31,0.27,0,0.76,0,0.02,0,-0.0002743, 0.00886472,-0.000019833,-0.0011704, 0.0061643,buy
2011-10-21,0,0.52,0.16,0,0.83,0,0.03,0, 0.0048078, 0.00876010, 0.002235367, 0.0044997, 0.0084578,buy
2011-10-22,0,0.93,0.1,0,0.93,0.03,0.04,0, 0.0055650, 0.00055639,-0.001377772, 0.0008548, 0.0041661,buy
2011-10-23,0,1.27,0.1,0,0.98,0.08,0.06,0, 0.0028360, 0.00120750, 0.003517695, 0.0033750, 0.0024180,buy
2011-10-24,0,1.48,0.15,0,0.99,0.24,0.08,0, 0.0057761, 0.00520159, 0.005776144, 0.0044274, 0.0057761,buy
2011-10-25,0,1.47,0.16,0,0.94,0.47,0.16,0,-0.0015025, 0.00008839, 0.000022168,-0.0018829, 0.0000222,sell
2011-10-26,0,0.96,0.08,0,1.02,0.51,0.25,0,-0.0018136,-0.00329698,-0.001132066,-0.0015285,-0.0036497,sell
2011-10-27,0,0.41,0.03,0,1.08,0.32,0.36,0, 0.0096119, 0.00916229, 0.011265505, 0.0020904, 0.0087679,buy
2011-10-28,0,0.19,0.01,0,1.03,0.1,0.68,0,-0.0015288,-0.00070579,-0.001228003,-0.0013591,-0.0010092,sell
2011-10-29,0,0.1,0.01,0,0.92,0.03,0.74,0,-0.0023191,-0.00247090,-0.002849964,-0.0016225,-0.0028259,sell
2011-10-30,0,0.04,0,0,0.9,0.02,0.37,0,-0.0040531,-0.00803509,-0.004053124,-0.0083443,-0.0097819,sell
2011-10-31,0,0.03,0,0,0.94,0.02,0.18,0,-0.0007556,-0.00683987,-0.000778859,-0.0068208,-0.0086080,sell
2011-11-01,0,0.01,0,0,0.97,0.03,0.09,0,-0.0012114,-0.00588240, 0.000677204,-0.0052620,-0.0083511,sell
2011-11-02,0,0.01,0.01,0,1.01,0.03,0.08,0, 0.0035559, 0.00129959, 0.003162086, 0.0004887,-0.0054030,buy
2011-11-03,0,0.01,0.09,0,1.11,0.03,0.07,0, 0.0049482, 0.00290248, 0.004377436, 0.0025292,-0.0018196,buy
2011-11-04,0,0.02,0.32,0,1.28,0.04,0.08,0,-0.0014953,-0.00261811,-0.004555214,-0.0049573, 0.0001803,sell
2011-11-05,0,0.03,0.96,0,1.7,0.05,0.09,0,-0.0012742,-0.00127423, 0.002248518, 0.0003315, 0.0006754,buy
2011-11-06,0,0.06,0.8,0,2.66,0.08,0.11,0,-0.0026977,-0.00142054,-0.005852508,-0.0044421,-0.0011345,sell
2011-11-07,0,0.14,0.24,0,2.62,0.12,0.12,0,-0.0037477,-0.00631862,-0.004769520,-0.0066398,-0.0054372,sell
2011-11-08,0,0.29,0.08,0,1.99,0.19,0.15,0,-0.0010763,-0.00010322,-0.002508014,-0.0066151,-0.0025080,sell
2011-11-09,0,0.25,0.04,0,1.82,0.24,0.19,0,-0.0036924,-0.00381178,-0.006042391,-0.0059901,-0.0057805,sell
2011-11-10,0,0.11,0.06,0,1.83,0.21,0.23,0, 0.0015334, 0.00168624,-0.000595161,-0.0014233,-0.0011758,sell
2011-11-11,0,0.05,0.1,0,1.98,0.27,0.25,0, 0.0038851, 0.00394668,-0.000055322,-0.0018526,-0.0006146,buy
2011-11-12,0,0.03,0.15,0,2.24,0.38,0.39,0, 0.0040516, 0.00842948, 0.002484540, 0.0002479,-0.0001959,buy
2011-11-13,0,0.04,0.16,0,2.58,0.47,0.55,0,-0.0019709,-0.00336419, 0.001201480, 0.0046174, 0.0017659,sell
2011-11-14,0,0.16,0.1,0,2.64,0.37,0.91,0,-0.0048371,-0.00354352, 0.001485859, 0.0006896, 0.0004602,sell
2011-11-15,0,0.45,0.07,0,2.39,0.25,1.65,0,-0.0002632,-0.00425705,-0.001097650, 0.0016286,-0.0021731,sell
2011-11-16,0,1.15,0.04,0,2.28,0.23,2.25,0,-0.0015829,-0.00219018, 0.001952819, 0.0019528, 0.0019528,buy
2011-11-17,0,1.29,0.03,0,2.12,0.22,1.99,0, 0.0036635, 0.00411703, 0.006842374, 0.0067433, 0.0067433,buy
2011-11-18,0,1.04,0.02,0,1.93,0.24,1.97,0, 0.0021403, 0.00234380, 0.006605848, 0.0068096, 0.0066027,buy
2011-11-19,0,0.59,0.01,0,1.83,0.27,1.85,0, 0.0000477,-0.00376802, 0.001805029, 0.0004409, 0.0008232,sell
2011-11-20,0,0.28,0.01,0,1.76,0.32,1.52,0,-0.0031442,-0.00038826,-0.003946865,-0.0052576,-0.0033330,sell
2011-11-21,0,0.17,0.03,0,1.72,0.38,1.4,0,-0.0036786,-0.00639206,-0.003525356,-0.0058365,-0.0021552,sell
2011-11-22,0,0.12,0.09,0,1.7,0.45,1.57,0,-0.0024106,-0.00342387,-0.001839954,-0.0043925,-0.0023358,sell
2011-11-23,0,0.09,0.24,0,1.71,0.45,1.92,0,-0.0060440,-0.00573957,-0.006552673,-0.0066467, 0.0003550,sell
2011-11-24,0,0.08,0.47,0,1.72,0.44,2.67,0, 0.0025501, 0.00008721,-0.004203913,-0.0031652,-0.0031652,sell
2011-11-25,0,0.08,0.34,0,1.74,0.44,2.8,0,-0.0001961,-0.00223168,-0.003803840,-0.0030160,-0.0038662,sell
2011-11-26,0,0.09,0.13,0,1.81,0.47,2.7,0,-0.0023815,-0.00343760,-0.006997415,-0.0070387,-0.0042106,sell
2011-11-27,0,0.14,0.05,0,1.99,0.48,2.47,0,-0.0041440,-0.00696508,-0.006415786,-0.0060524,-0.0028576,sell
2011-11-28,0,0.22,0.02,0,2.31,0.42,1.46,0, 0.0021874, 0.00178199, 0.000356799, 0.0015675, 0.0016076,buy
2011-11-29,0,0.43,0,0,2.17,0.36,1.05,0, 0.0005468,-0.00204235,-0.001620514,-0.0018243,-0.0093103,sell
2011-11-30,0,0.86,0,0,1.78,0.37,0.93,0, 0.0082170, 0.00821696, 0.008070227, 0.0078151, 0.0079276,buy
2011-12-01,0,0.74,0,0,1.63,0.45,0.95,0, 0.0000608,-0.00138350,-0.006283841,-0.0033439,-0.0019686,sell
2011-12-02,0,0.29,0,0,1.56,0.71,1.05,0, 0.0031252, 0.00243293, 0.004810399, 0.0025576, 0.0038292,buy
2011-12-03,0,0.12,0,0,1.61,0.82,1.14,0, 0.0048959, 0.00314110, 0.005373734, 0.0031867, 0.0042559,buy
2011-12-04,0,0.09,0,0,2.23,0.58,1.24,0, 0.0044161,-0.00255877, 0.007248773, 0.0043902, 0.0045873,buy
2011-12-05,0,0.11,0,0,2.71,0.41,1.35,0, 0.0045168, 0.00227171,-0.000467221, 0.0021868, 0.0045168,buy
2011-12-06,0,0.25,0,0,1.94,0.44,1.46,0,-0.0023072, 0.00013988,-0.002594170,-0.0035365,-0.0016899,sell
2011-12-07,0,0.63,0,0,2.13,0.53,1.47,0,-0.0041047,-0.00672870,-0.005127168,-0.0053202,-0.0068207,sell
2011-12-08,0,0.91,0,0,2.53,0.55,1.37,0,-0.0044638,-0.00573972,-0.005100161,-0.0072549,-0.0071986,sell
2011-12-09,0,0.56,0,0,2.35,0.71,1.34,0, 0.0030106,-0.00445063, 0.004892823, 0.0031538, 0.0025075,buy
2011-12-10,0,0.3,0.01,0,2.11,0.49,1.38,0,-0.0007281,-0.00042321,-0.002362459,-0.0026014,-0.0030879,sell
2011-12-11,0,0.25,0.02,0,2.12,0.57,1.58,0,-0.0038512,-0.00385121,-0.001969517,-0.0042789,-0.0043162,sell
2011-12-12,0,0.28,0.04,0,2.19,0.54,2.06,0,-0.0036269,-0.00570834,-0.004113703,-0.0056549, 0.0006511,sell
2011-12-13,0,0.35,0.04,0,2.34,0.15,1.85,0, 0.0043402, 0.00073120, 0.004071248, 0.0056328, 0.0054208,buy
2011-12-14,0,0.49,0.04,0,2.28,0.06,1.33,0, 0.0003870,-0.00187352,-0.001715532,-0.0002693,-0.0005139,sell
2011-12-15,0,0.68,0.03,0,2.09,0.02,1.14,0, 0.0015822,-0.00112252, 0.001875338, 0.0015966,-0.0015409,buy
2011-12-16,0,0.87,0.03,0,2.09,0.01,1.14,0, 0.0027647, 0.00113769, 0.003118570, 0.0030173, 0.0011377,buy
2011-12-17,0,0.78,0.01,0,2.17,0.03,1.2,0, 0.0039832, 0.00256901, 0.002810265, 0.0036328, 0.0021316,buy
2011-12-18,0,0.6,0.01,0,2.6,0.05,1.48,0,-0.0015232,-0.00229985,-0.001967468, 0.0004392,-0.0019607,buy
2011-12-19,0,0.51,0.01,0,3.54,0.08,2.02,0,-0.0012417,-0.00188533,-0.000860317,-0.0011337, 0.0026130,sell
2011-12-20,0,0.52,0.01,0,4.55,0.06,2.92,0, 0.0065250, 0.00781568, 0.006684828, 0.0050489, 0.0079482,buy
2011-12-21,0,0.71,0.01,0,5.08,0.04,3.39,0, 0.0070069, 0.00820607, 0.007852226, 0.0054624, 0.0081946,buy
2011-12-22,0,1.14,0.01,0,3.83,0.03,3.46,0, 0.0073346, 0.00719484, 0.007772449, 0.0054865, 0.0077724,buy
2011-12-23,0,1.01,0.01,0,2.31,0.06,4.05,0, 0.0051827, 0.00200929, 0.003477048, 0.0028242, 0.0031211,buy
2011-12-24,0,0.49,0.01,0,1.77,0.09,3.22,0, 0.0027003, 0.00181364, 0.004971026, 0.0014320, 0.0017357,buy
2011-12-25,0,0.31,0.01,0,1.7,0.17,1.94,0,-0.0066646,-0.00633208,-0.006259137,-0.0066646,-0.0058209,sell
2011-12-26,0,0.29,0.01,0,1.82,0.35,1.33,0, 0.0053792, 0.00641079, 0.006056993, 0.0056584, 0.0056792,buy
2011-12-27,0,0.52,0.01,0,1.5,0.51,1.01,0, 0.0001881,-0.00220615,-0.004160187,-0.0031971,-0.0005411,sell
2011-12-28,0,0.88,0.01,0,1.18,0.37,0.83,0,-0.0006577,-0.00507787,-0.004755914,-0.0047530,-0.0028560,sell
2011-12-29,0,0.55,0.02,0,1.02,0.19,0.77,0,-0.0022521,-0.00058664,-0.005845738,-0.0040117,-0.0040117,sell
2011-12-30,0,0.19,0.02,0,0.95,0.12,0.79,0,-0.0033867,-0.00282347,-0.003386698,-0.0008404,-0.0034184,sell
2011-12-31,0,0.07,0.02,0,0.93,0.1,0.78,0,-0.0009626,-0.00034762,-0.001931613,-0.0000828, 0.0000165,buy
2012-01-01,0,0.02,0.02,0,0.9,0.13,0.74,0, 0.0059586, 0.00595857, 0.001486529, 0.0018822, 0.0059130,buy
2012-01-02,0,0.01,0.02,0,0.93,0.21,0.73,0, 0.0068953, 0.00687659, 0.000842977, 0.0020234, 0.0063418,buy
2012-01-03,0,0.01,0.05,0,1.02,0.24,0.77,0, 0.0057338, 0.00554519,-0.001147535, 0.0008807, 0.0044863,buy
2012-01-04,0,0.01,0.1,0,0.99,0.41,0.89,0,-0.0047210,-0.00513627,-0.005568685,-0.0057804,-0.0060383,sell
2012-01-05,0,0.01,0.2,0,0.91,0.45,1.1,0,-0.0090222,-0.00879863,-0.008791839,-0.0096851,-0.0090289,sell
2012-01-06,0,0.01,0.47,0,0.88,0.44,1.57,0,-0.0051076,-0.00520489,-0.005180234,-0.0064336,-0.0053794,sell
2012-01-07,0,0.01,0.58,0,0.89,0.83,2.18,0, 0.0029532, 0.00335009, 0.003563899, 0.0053602, 0.0030936,buy
2012-01-08,0,0.01,0.3,0,0.96,0.92,1.97,0, 0.0011314, 0.00045129, 0.002484404, 0.0029846, 0.0011403,buy
2012-01-09,0,0.01,0.15,0,1.07,0.44,2.42,0, 0.0061458, 0.00757291, 0.003613888, 0.0055995, 0.0067240,buy
2012-01-10,0,0.01,0.08,0,1.26,0.18,2.02,0, 0.0049994, 0.00463543, 0.004089005, 0.0038924, 0.0044193,buy
2012-01-11,0,0.01,0.07,0,1.71,0.11,1.05,0,-0.0030503,-0.00219565,-0.003391788,-0.0017535,-0.0010276,sell
2012-01-12,0,0.01,0.05,0,2.05,0.08,0.9,0, 0.0003338, 0.00074030, 0.000771167,-0.0053671,-0.0080107,sell
2012-01-13,0,0.02,0.06,0,1.78,0.08,1.07,0,-0.0035929,-0.00546810,-0.005468097,-0.0064517,-0.0036007,sell
2012-01-14,0,0.02,0.07,0,1.71,0.13,1.83,0,-0.0026188,-0.00156339,-0.000019371,-0.0039282, 0.0001196,sell
2012-01-15,0,0.01,0.08,0,1.85,0.25,2.79,0, 0.0056615, 0.00363812, 0.006153117, 0.0070325, 0.0030337,buy
2012-01-16,0,0.02,0.1,0,1.89,0.47,2.25,0,-0.0039112,-0.00947271,-0.000730949,-0.0007309,-0.0007309,sell
2012-01-17,0,0.03,0.1,0,1.91,0.99,1.31,0, 0.0034337, 0.00344969, 0.003524777, 0.0052413, 0.0037407,buy
2012-01-18,0,0.04,0.08,0,2.01,1.05,1.11,0, 0.0037898, 0.00582917, 0.003437860, 0.0065598, 0.0031891,buy
2012-01-19,0,0.06,0.07,0,2.31,0.93,1.37,0, 0.0035118, 0.00197814, 0.001791543, 0.0037052, 0.0007487,buy
2012-01-20,0,0.08,0.06,0,2.44,0.88,2.21,0,-0.0040171,-0.00194017,-0.002344495,-0.0042339,-0.0020896,sell
2012-01-21,0,0.12,0.05,0,2.24,0.4,2.34,0,-0.0042710,-0.00647322,-0.005121945,-0.0063434,-0.0010479,sell
2012-01-22,0,0.15,0.04,0,2.51,0.22,1.56,0, 0.0073714, 0.00594119, 0.006524396, 0.0073714, 0.0073714,buy
2012-01-23,0,0.12,0.04,0,3.19,0.17,1.01,0, 0.0052051,-0.00157110, 0.002734077,-0.0005568, 0.0045675,buy
2012-01-24,0,0.16,0.03,0,3.03,0.22,0.77,0, 0.0021537,-0.00222577,-0.002785337,-0.0031464,-0.0009326,sell
2012-01-25,0,0.26,0.03,0,2.69,0.34,0.66,0,-0.0029221,-0.00198112,-0.004742002,-0.0045782,-0.0048842,sell
2012-01-26,0,0.41,0.03,0,2.77,0.48,0.67,0,-0.0014372,-0.00154638,-0.001120997,-0.0005067,-0.0006138,sell
2012-01-27,0,0.66,0.03,0,3.31,0.8,0.77,0,-0.0015903,-0.00052298, 0.001231847,-0.0016126,-0.0015903,sell
2012-01-28,0,1.01,0.02,0,3.62,1.4,1.28,0, 0.0046857, 0.00592597, 0.007577272, 0.0059532, 0.0009298,buy
2012-01-29,0,0.63,0.02,0,4.35,1.54,1.79,0, 0.0018213,-0.00014862, 0.001076494, 0.0016353, 0.0004555,buy
2012-01-30,0,0.34,0.02,0,3.93,1.09,1.43,0,-0.0034094,-0.00320534,-0.002384088,-0.0037942,-0.0032438,sell
2012-01-31,0,0.61,0.02,0,2.82,0.74,1.01,0, 0.0038813,-0.00094491, 0.003881291, 0.0038813, 0.0002791,buy
2012-02-01,0,1,0.02,0,2.65,0.46,0.87,0,-0.0010836, 0.00531818, 0.005229906,-0.0044509,-0.0031010,sell
2012-02-02,0,0.36,0.02,0,2.13,0.3,0.81,0, 0.0021376,-0.00113518,-0.001253001,-0.0009843,-0.0060260,sell
2012-02-03,0,0.07,0.02,0,1.47,0.2,0.88,0, 0.0015470,-0.00159775,-0.003856890,-0.0005712,-0.0017451,sell
2012-02-04,0,0,0.02,0,1.24,0.17,0.84,0, 0.0067446, 0.00132622,-0.002251825, 0.0034963, 0.0013262,buy
2012-02-05,0,0.03,0.03,0,1.11,0.2,0.81,0,-0.0015835,-0.00174885,-0.003632035,-0.0023167,-0.0013543,sell
2012-02-06,0,0.04,0.05,0,1.15,0.34,0.85,0,-0.0034714,-0.00177414, 0.000956607,-0.0028384,-0.0009102,sell
2012-02-07,0,0.05,0.19,0,1.52,0.3,0.9,0, 0.0043097, 0.00682709, 0.005108803, 0.0047941, 0.0025949,buy
2012-02-08,0,0.07,0.51,0,2.13,0.34,0.94,0, 0.0041362,-0.00206489, 0.004123081, 0.0037673, 0.0039051,buy
2012-02-09,0,0.1,0.92,0,2.94,0.7,1,0, 0.0026880, 0.00198053, 0.000237800, 0.0062373, 0.0067109,buy
2012-02-10,0,0.13,0.73,0,3.51,0.84,1.07,0,-0.0019385,-0.00168110,-0.002704511, 0.0035729, 0.0023867,buy
2012-02-11,0,0.18,0.36,0,3.93,0.71,1.14,0,-0.0053459,-0.00188085,-0.000259995,-0.0015466,-0.0033833,sell
2012-02-12,0,0.26,0.11,0,3.67,0.77,1.22,0,-0.0002060, 0.00102169, 0.000782759, 0.0012697, 0.0010125,buy
2012-02-13,0,0.38,0.04,0,2.81,0.6,1.31,0, 0.0052467, 0.00087221, 0.001005349, 0.0000110, 0.0015283,buy
2012-02-14,0,0.55,0.01,0,2.16,0.31,1.47,0, 0.0021694,-0.00142325, 0.002169410, 0.0040033, 0.0021694,buy
2012-02-15,0,0.82,0.01,0,1.66,0.17,1.69,0,-0.0029266,-0.00381661,-0.002926595,-0.0023552,-0.0029266,sell
2012-02-16,0,0.83,0.01,0,1.1,0.12,2.16,0,-0.0006495,-0.00255869,-0.000039086, 0.0010688,-0.0014852,buy
2012-02-17,0,0.57,0.02,0,0.92,0.09,1.86,0, 0.0050966, 0.00509660, 0.003187012, 0.0042726, 0.0050966,buy
2012-02-18,0,0.38,0.02,0,1.1,0.09,1.91,0, 0.0047903, 0.00564635, 0.004012401,-0.0028453, 0.0056467,buy
2012-02-19,0,0.26,0.02,0,1.8,0.12,1.64,0, 0.0029584, 0.00661415, 0.002958358, 0.0006375, 0.0059623,buy
2012-02-20,0,0.19,0.06,0,1.74,0.22,1.12,0,-0.0019131,-0.00177262,-0.001913090,-0.0056758,-0.0058722,sell
2012-02-21,0,0.24,0.15,0,1.46,0.39,0.97,0, 0.0047607, 0.00253617, 0.002536171, 0.0050368, 0.0054448,buy
2012-02-22,0,0.18,0.47,0,1.57,0.38,0.94,0,-0.0017165,-0.00319120,-0.001686890,-0.0015142,-0.0016869,sell
2012-02-23,0,0.06,0.63,0,1.87,0.34,1.02,0, 0.0018447,-0.00254570, 0.003693722, 0.0038580, 0.0030927,buy
2012-02-24,0,0.03,0.28,0,2,0.58,1.31,0, 0.0004414, 0.00162520,-0.001127144, 0.0026034, 0.0050291,buy
2012-02-25,0,0,0.15,0,1.69,1.13,1.54,0,-0.0012405, 0.00084736, 0.001286749, 0.0055083, 0.0009214,buy
2012-02-26,0,0.01,0.1,0,1.57,0.93,1.34,0, 0.0019806, 0.00137067, 0.001370668, 0.0005864, 0.0000216,buy
2012-02-27,0,0.02,0.13,0,1.58,0.48,1.31,0,-0.0009330,-0.00858343,-0.002211572,-0.0085403,-0.0031458,sell
2012-02-28,0,0.06,0.24,0,1.49,0.36,1.3,0, 0.0014270, 0.00068849,-0.003527484,-0.0020393, 0.0006577,buy
2012-02-29,0,0.15,0.44,0,1.37,0.35,0.88,0, 0.0012390, 0.00098673,-0.003752743,-0.0015041,-0.0034575,sell
2012-03-01,0,0.18,0.66,0,1.38,0.38,0.59,0, 0.0023233, 0.00261350, 0.002731394, 0.0028093, 0.0077690,buy
2012-03-02,0,0.29,0.46,0,1.69,0.45,0.45,0,-0.0054269,-0.00542693,-0.001659919,-0.0054137,-0.0024088,sell
2012-03-03,0,0.92,0.23,0,2.04,0.53,0.42,0, 0.0034321, 0.00088638,-0.000328542,-0.0006100, 0.0009104,buy
2012-03-04,0,1.11,0.13,0,2.01,0.6,0.46,0, 0.0070107, 0.00486588, 0.002905679, 0.0052132, 0.0052340,buy
2012-03-05,0,0.36,0.07,0,2.35,0.68,0.68,0, 0.0036306, 0.00203286, 0.005796500, 0.0034550, 0.0034550,buy
2012-03-06,0,0.1,0.04,0,3.15,0.67,0.95,0,-0.0000739,-0.00007389,-0.000321291,-0.0008439,-0.0003213,sell
2012-03-07,0,0.01,0.03,0,3.83,0.66,0.76,0,-0.0008597,-0.00085968,-0.000938290,-0.0008217,-0.0006848,sell
2012-03-08,0,0,0.04,0,4.63,0.59,0.58,0, 0.0004603, 0.00067867, 0.000678673, 0.0006787, 0.0017310,buy
2012-03-09,0,0,0.05,0,5.21,0.55,0.75,0,-0.0019476,-0.00175903,-0.001759026,-0.0026826,-0.0004340,sell
2012-03-10,0,0,0.06,0,5.37,0.51,1.45,0,-0.0024649,-0.00244555,-0.001609508,-0.0018194, 0.0004585,sell
2012-03-11,0,0,0.14,0,5.66,0.5,1.54,0,-0.0009552,-0.00093581,-0.000099769,-0.0003097, 0.0010571,buy
2012-03-12,0,0,0.22,0,4.91,0.52,0.78,0,-0.0025906,-0.00232775,-0.002590628,-0.0023278,-0.0017259,sell
2012-03-13,0,0,0.34,0,3.82,0.61,0.4,0,-0.0040544,-0.00405439,-0.003637959,-0.0032707,-0.0037782,sell
2012-03-14,0,0,0.51,0,3.39,0.78,0.24,0,-0.0033557,-0.00335573,-0.002565077,-0.0023636,-0.0027134,sell
2012-03-15,0,0.03,0.83,0,2.89,0.79,0.17,0, 0.0046487, 0.00634051, 0.002430032, 0.0046487, 0.0046487,buy
2012-03-16,0,0.07,0.9,0,2.31,0.65,0.13,0, 0.0045487, 0.00379390, 0.002022643, 0.0019562, 0.0020226,buy
2012-03-17,0,0.12,0.53,0,1.97,0.64,0.12,0,-0.0052212,-0.00475879,-0.005568923,-0.0052299,-0.0069083,sell
2012-03-18,0,0.22,0.34,0,1.88,0.69,0.11,0,-0.0002280,-0.00324145,-0.001222843,-0.0013243,-0.0034963,sell
2012-03-19,0,0.41,0.18,0,1.95,0.85,0.11,0, 0.0073125, 0.00501348, 0.007353884, 0.0071997, 0.0016827,buy
2012-03-20,0,0.77,0.09,0,2.17,1.05,0.11,0,-0.0062195,-0.00705787,-0.006219542,-0.0075950,-0.0071720,sell
2012-03-21,0,1.03,0.06,0,2.61,1.16,0.07,0, 0.0022608, 0.00755727, 0.000648873, 0.0011322, 0.0003723,buy
2012-03-22,0,0.76,0.04,0,2.28,0.76,0.07,0,-0.0004486, 0.00051885,-0.005320435,-0.0012517, 0.0000115,buy
2012-03-23,0,0.48,0.1,0,1.57,0.61,0.08,0,-0.0014707, 0.00109629, 0.001461678, 0.0026042, 0.0014617,buy
2012-03-24,0,0.37,0.21,0,1.31,0.54,0.08,0, 0.0032594, 0.01228345, 0.012914151, 0.0137190, 0.0129142,buy
2012-03-25,0,0.29,0.52,0,1.39,0.54,0.08,0, 0.0018470, 0.00277531, 0.005848399, 0.0057305, 0.0024563,buy
2012-03-26,0,0.27,0.7,0,1.93,0.68,0.09,0,-0.0008399,-0.00255911,-0.001561528,-0.0024170,-0.0019151,sell
2012-03-27,0,0.41,0.36,0,2.6,0.63,0.18,0,-0.0047781,-0.00232060,-0.002918362,-0.0029184,-0.0039712,sell
2012-03-28,0,0.73,0.21,0,2.67,0.43,0.49,0, 0.0016319, 0.00517245, 0.007034586,-0.0029171, 0.0012474,buy
2012-03-29,0,0.64,0.19,0,2.9,0.36,1.2,0, 0.0012300, 0.00504138, 0.001245949, 0.0004937, 0.0003621,buy
2012-03-30,0,0.28,0.2,0,2.44,0.36,0.9,0,-0.0005087, 0.00070926, 0.000709262, 0.0004855,-0.0091373,sell
2012-03-31,0,0.19,0.25,0,1.7,0.42,0.33,0, 0.0023533,-0.00029105, 0.005709371, 0.0040752, 0.0055340,buy
2012-04-01,0,0.17,0.21,0,1.37,0.49,0.19,0,-0.0027163,-0.00271633, 0.000507206,-0.0027163, 0.0003422,sell
2012-04-02,0,0.22,0.16,0,1.49,0.57,0.12,0,-0.0014480, 0.00088954, 0.001681660, 0.0011093, 0.0016152,buy
2012-04-03,0,0.34,0.11,0,1.44,0.58,0.13,0, 0.0000209, 0.00071609, 0.000170838, 0.0006629, 0.0002372,buy
2012-04-04,0,0.6,0.08,0,1,0.59,0.14,0,-0.0081370,-0.00907353,-0.007768070,-0.0076187,-0.0075727,sell
2012-04-05,0,1.05,0.08,0,0.67,0.69,0.18,0,-0.0059274,-0.00738906,-0.006940528,-0.0073365,-0.0066259,sell
2012-04-06,0,1.67,0.07,0,0.52,0.9,0.22,0,-0.0002829, 0.00124284, 0.001445297, 0.0014453, 0.0014453,buy
2012-04-07,0,1.98,0.06,0,0.41,0.93,0.28,0,-0.0077277,-0.00216325,-0.001868106,-0.0016924,-0.0021633,sell
2012-04-08,0,1.81,0.06,0,0.37,1.02,0.38,0,-0.0090344,-0.00908609,-0.008414659,-0.0060555,-0.0084433,sell
2012-04-09,0,1.09,0.07,0,0.34,1.17,0.54,0,-0.0034170,-0.00047175,-0.003269576,-0.0039668,-0.0011045,sell
2012-04-10,0,0.65,0.11,0,0.32,1.23,0.54,0,-0.0032859,-0.00126744,-0.003425669,-0.0050849,-0.0003845,sell
2012-04-11,0,0.51,0.14,0,0.35,1.29,0.48,0, 0.0013525, 0.00280255,-0.001204862,-0.0013163, 0.0016932,buy
2012-04-12,0,0.46,0.22,0,0.36,1.44,0.49,0, 0.0024116, 0.00387692,-0.002063056,-0.0001427, 0.0000356,buy
2012-04-13,0,0.37,0.31,0,0.37,1.25,0.58,0,-0.0010087,-0.00079037,-0.004217370,-0.0049236,-0.0046334,sell
2012-04-14,0,0.34,0.46,0,0.42,1.05,0.7,0,-0.0081848,-0.00682223,-0.008184813,-0.0077078,-0.0080754,sell
2012-04-15,0,0.3,0.37,0,0.47,1.06,0.9,0,-0.0051478,-0.00436346,-0.005147773,-0.0068535,-0.0061923,sell
2012-04-16,0,0.32,0.22,0,0.55,0.98,0.93,0,-0.0021804,-0.00358689,-0.003039979,-0.0016182,-0.0035869,sell
2012-04-17,0,0.28,0.15,0,0.71,0.76,0.75,0,-0.0017596,-0.00485806,-0.001366905,-0.0017312,-0.0058073,sell
2012-04-18,0,0.22,0.16,0,1.02,0.72,0.67,0,-0.0034847,-0.00549543,-0.001712006,-0.0034847,-0.0062545,sell
2012-04-19,0,0.21,0.29,0,1.49,0.72,0.62,0,-0.0036339,-0.00548587,-0.003330861,-0.0036339,-0.0054514,sell
2012-04-20,0,0.2,0.6,0,1.59,0.54,0.68,0, 0.0028069, 0.00365190, 0.005025607, 0.0041150, 0.0040976,buy
2012-04-21,0,0.22,0.56,0,1.74,0.32,0.96,0, 0.0024180, 0.00389913,-0.001162982,-0.0002848, 0.0015801,buy
2012-04-22,0,0.23,0.26,0,1.58,0.21,1.17,0, 0.0000203,-0.00183785,-0.004013862,-0.0034843,-0.0017451,sell
2012-04-23,0,0.26,0.15,0,1.57,0.13,0.9,0,-0.0063918,-0.00649490,-0.006465343,-0.0075779,-0.0078376,sell
2012-04-24,0,0.28,0.12,0,2.41,0.08,0.76,0, 0.0009354, 0.00244088, 0.003009607,-0.0007628, 0.0000467,sell
2012-04-25,0,0.31,0.13,0,2.48,0.07,0.79,0, 0.0028907, 0.00236020, 0.003670335, 0.0008461, 0.0011976,buy
2012-04-26,0,0.35,0.2,0,1.6,0.05,1,0,-0.0042844,-0.00361002,-0.003726968,-0.0027816,-0.0044042,sell
2012-04-27,0,0.39,0.17,0,1.11,0.04,1.46,0, 0.0066615, 0.00713623, 0.006764578, 0.0058887, 0.0066959,buy
2012-04-28,0,0.43,0.11,0,1.01,0.06,2.33,0,-0.0034013,-0.00321453,-0.002349738,-0.0041565,-0.0040320,sell
2012-04-29,0,0.47,0.09,0,1.06,0.08,2.28,0, 0.0015702, 0.00069658, 0.002069024, 0.0020690, 0.0013846,buy
2012-04-30,0,0.56,0.07,0,1.22,0.18,1.99,0,-0.0008819,-0.00120429, 0.001739470, 0.0024207,-0.0010467,buy
2012-05-01,0,0.72,0.07,0,1.23,0.35,2.23,0,-0.0012244,-0.00141492,-0.004884386,-0.0012244,-0.0014505,sell
2012-05-02,0,1.13,0.08,0,1.33,0.26,2.45,0,-0.0052603,-0.00426699,-0.005026454,-0.0042670,-0.0050805,sell
2012-05-03,0,1.82,0.09,0,1.65,0.2,2.72,0,-0.0030297,-0.00089790,-0.003264379,-0.0026373,-0.0023438,sell
2012-05-04,0,1.56,0.09,0,1.28,0.32,2.7,0,-0.0049756,-0.00398429,-0.005079289,-0.0049518,-0.0042161,sell
2012-05-05,0,1.09,0.11,0,0.84,0.68,1.96,0, 0.0013191, 0.00385487, 0.004041559, 0.0007189,-0.0024111,buy
2012-05-06,0,1.04,0.14,0,0.68,0.51,1.73,0, 0.0000451, 0.00073684, 0.001251461, 0.0019149,-0.0007611,buy
2012-05-07,0,1.07,0.17,0,0.59,0.24,1.59,0,-0.0050449,-0.00273246,-0.000605600, 0.0000711,-0.0004286,sell
2012-05-08,0,1.18,0.18,0,0.59,0.18,1.35,0,-0.0061349,-0.00449498,-0.004114096,-0.0031516,-0.0041141,sell
2012-05-09,0,1.3,0.16,0,0.64,0.15,1.28,0,-0.0055055,-0.00374739,-0.003455768,-0.0018352,-0.0034017,sell
2012-05-10,0,1.46,0.17,0,0.7,0.17,1.69,0, 0.0008553, 0.00265270, 0.000845502, 0.0008358,-0.0011673,buy
2012-05-11,0,1.64,0.2,0,0.83,0.22,1.53,0, 0.0007795, 0.00006466, 0.001576145, 0.0006153, 0.0009197,buy
2012-05-12,0,1.77,0.27,0,1.22,0.3,1.17,0, 0.0049353, 0.00304090, 0.006957913, 0.0030409, 0.0032839,buy
2012-05-13,0,1.93,0.27,0,1.76,0.53,1.54,0,-0.0038095,-0.00109310,-0.003633503,-0.0031269,-0.0038095,sell
2012-05-14,0,2.23,0.26,0,1.96,0.65,2.2,0,-0.0064260,-0.00604503,-0.006526830,-0.0062641,-0.0051307,sell
2012-05-15,0,2.07,0.2,0,1.7,0.32,1.3,0,-0.0041985,-0.00336176,-0.004479937,-0.0025674,-0.0020107,sell
2012-05-16,0,1.81,0.16,0,1.61,0.26,0.94,0,-0.0059908,-0.00567589,-0.004988591,-0.0057962,-0.0038228,sell
2012-05-17,0,1.73,0.14,0,1.42,0.29,0.89,0,-0.0042130,-0.00324382,-0.002148623,-0.0033846,-0.0019086,sell
2012-05-18,0,1.6,0.09,0,1.08,0.4,1.01,0, 0.0062486, 0.00409247, 0.005129061,-0.0000479, 0.0007406,buy
2012-05-19,0,1.39,0.08,0,0.9,0.65,1.19,0,-0.0002045,-0.00020454,-0.003322437,-0.0006163,-0.0010315,buy
2012-05-20,0,1.36,0.09,0,1.16,0.74,1.47,0, 0.0043377, 0.00421865, 0.000412561, 0.0034636, 0.0027328,buy
2012-05-21,0,1.74,0.12,0,1.6,0.45,1.87,0,-0.0004967, 0.00020132,-0.003310322, 0.0016612, 0.0004404,buy
2012-05-22,0,1.36,0.06,0,0.74,0.22,1.88,0, 0.0000161, 0.00410822, 0.000292156,-0.0019851,-0.0019641,buy
2012-05-23,0,0.9,0.03,0,0.41,0.11,1.45,0,-0.0030580, 0.00073327,-0.002065819,-0.0007393,-0.0018949,sell
2012-05-24,0,0.76,0.01,0,0.33,0.06,1.14,0, 0.0017002, 0.00399049, 0.003395294, 0.0035723, 0.0040635,buy
2012-05-25,0,0.7,0.02,0,0.36,0.03,0.94,0, 0.0020525, 0.00431486, 0.004446780, 0.0044468, 0.0040964,buy
2012-05-26,0,0.66,0.06,0,0.38,0.01,0.86,0, 0.0052732, 0.00366286, 0.005552689, 0.0062118, 0.0050467,buy
2012-05-27,0,0.69,0.19,0,0.5,0.01,1.07,0, 0.0066287, 0.00117166, 0.006008901, 0.0066287, 0.0008301,buy
2012-05-28,0,0.78,0.56,0,0.91,0.01,1.11,0, 0.0027301, 0.00251174, 0.004526596, 0.0025117, 0.0061290,buy
2012-05-29,0,0.69,0.57,0,1.84,0.01,0.74,0, 0.0012695,-0.00125888,-0.001948121, 0.0031260,-0.0026947,buy
2012-05-30,0,0.58,0.43,0,2.5,0.02,0.54,0,-0.0031523,-0.00311850,-0.005415222,-0.0035276,-0.0045013,sell
2012-05-31,0,0.52,0.18,0,1.4,0.02,0.46,0,-0.0021677, 0.00103510, 0.003156698, 0.0019193, 0.0014382,buy
2012-06-01,0,0.49,0.09,0,0.83,0.03,0.38,0, 0.0029433, 0.00465189,-0.001930009, 0.0057213, 0.0056141,buy
2012-06-02,0,0.5,0.05,0,1.06,0.04,0.35,0, 0.0036414, 0.00292999,-0.001425317, 0.0027419, 0.0036363,buy
2012-06-03,0,0.5,0.04,0,1.9,0.06,0.34,0, 0.0020606,-0.00053298, 0.002518502, 0.0025469, 0.0025469,buy
2012-06-04,0,0.56,0.05,0,2.13,0.08,0.33,0,-0.0002057,-0.00022643,-0.000175457,-0.0001755,-0.0003271,buy
2012-06-05,0,0.65,0.07,0,2.96,0.12,0.32,0,-0.0033769,-0.00109993,-0.002696726,-0.0015419,-0.0029255,sell
2012-06-06,0,0.78,0.08,0,3.64,0.19,0.31,0, 0.0030213, 0.00393730, 0.004116651, 0.0025976, 0.0021597,buy
2012-06-07,0,0.97,0.06,0,2.67,0.35,0.31,0, 0.0003442,-0.00031829, 0.003285604, 0.0003911, 0.0003911,buy
2012-06-08,0,1,0.06,0,1.38,0.64,0.3,0,-0.0003273,-0.00333572,-0.006929266,-0.0045869,-0.0044432,sell
2012-06-09,0,0.79,0.11,0,0.89,0.38,0.29,0, 0.0033435, 0.00383062, 0.001770359, 0.0010633, 0.0042500,buy
2012-06-10,0,0.62,0.07,0,0.62,0.14,0.29,0,-0.0004496, 0.00807081,-0.006593261,-0.0000754,-0.0004496,buy
2012-06-11,0,0.52,0.04,0,0.6,0.13,0.28,0,-0.0018311, 0.00956201,-0.004446084, 0.0012438,-0.0018311,buy
2012-06-12,0,0.44,0.04,0,0.87,0.32,0.28,0, 0.0037131, 0.00442643, 0.003655488, 0.0045763, 0.0040021,buy
2012-06-13,0,0.39,0.06,0,1.58,0.44,0.29,0, 0.0073633, 0.00080370, 0.007228566, 0.0043490, 0.0009586,buy
2012-06-14,0,0.37,0.08,0,0.98,0.25,0.29,0, 0.0056853, 0.00511135, 0.002896443, 0.0054776, 0.0052410,buy
2012-06-15,0,0.45,0.11,0,0.67,0.3,0.31,0, 0.0018537, 0.00534448, 0.001330999, 0.0051580, 0.0024676,buy
2012-06-16,0,0.68,0.15,0,0.78,0.38,0.39,0,-0.0026658,-0.00019082,-0.003690189,-0.0018666,-0.0023638,sell
2012-06-17,0,1.19,0.22,0,1.07,0.17,0.56,0,-0.0039724,-0.00199188,-0.004770323,-0.0047770,-0.0043506,sell
2012-06-18,0,0.95,0.3,0,1.52,0.08,0.95,0,-0.0058831,-0.00540307,-0.001299928,-0.0063334,-0.0059655,sell
2012-06-19,0,0.73,0.4,0,1.56,0.14,1.89,0, 0.0024225, 0.00714186, 0.004991940, 0.0072767, 0.0024152,buy
2012-06-20,0,0.99,0.46,0,1.21,0.47,2.57,0, 0.0031571, 0.00235526, 0.001427237, 0.0022281, 0.0016084,buy
2012-06-21,0,2.01,0.45,0,1.08,0.54,2.12,0, 0.0110137, 0.00326682,-0.000013370, 0.0060893, 0.0047903,buy
2012-06-22,0,2.32,0.39,0,1.16,0.22,1.37,0,-0.0024373,-0.00421678,-0.001035822,-0.0010287,-0.0014999,sell
2012-06-23,0,1.51,0.34,0,1.43,0.15,0.9,0, 0.0036637, 0.00032338, 0.001862839, 0.0036637, 0.0018628,buy
2012-06-24,0,1.1,0.34,0,1.31,0.1,0.76,0,-0.0088312,-0.00808037,-0.004688199,-0.0088323,-0.0075753,sell
2012-06-25,0,0.81,0.32,0,0.98,0.07,0.89,0,-0.0053433,-0.00068685,-0.000600528,-0.0053303,-0.0018779,sell
2012-06-26,0,0.64,0.31,0,0.88,0.05,1.34,0,-0.0025078,-0.00348281,-0.003266863,-0.0039845,-0.0033825,sell
2012-06-27,0,0.55,0.4,0,1.05,0.05,1.54,0,-0.0013963,-0.00130155,-0.001763114,-0.0015271,-0.0034578,sell
2012-06-28,0,0.5,0.6,0,1.52,0.06,1.39,0,-0.0045245, 0.00022095, 0.001379170, 0.0012587,-0.0009928,buy
2012-06-29,0,0.47,0.55,0,1.4,0.09,1.52,0,-0.0059634, 0.00532234, 0.005068050, 0.0052047,-0.0000781,buy
2012-06-30,0,0.48,0.41,0,0.91,0.12,1.29,0,-0.0008843,-0.00575391,-0.005746744,-0.0028302,-0.0061290,sell
2012-07-01,0,0.48,0.47,0,0.71,0.19,1.06,0,-0.0020574,-0.00903547,-0.008274203, 0.0000900,-0.0068934,sell
2012-07-02,0,0.47,0.65,0,0.64,0.3,1.13,0,-0.0025262,-0.00189022,-0.001753985, 0.0010317, 0.0005803,buy
2012-07-03,0,0.44,0.97,0,0.6,0.47,1.43,0, 0.0013451, 0.00204296, 0.001526418,-0.0002001, 0.0015940,buy
2012-07-04,0,0.44,1.25,0,0.57,0.59,1.67,0,-0.0021288,-0.00343656,-0.005729190,-0.0057292,-0.0059542,sell
2012-07-05,0,0.46,1.4,0,0.59,0.46,1.49,0,-0.0067500,-0.00589859,-0.007888720,-0.0085911,-0.0078482,sell
2012-07-06,0,0.51,1.36,0,0.6,0.28,1.14,0,-0.0089367,-0.00810198,-0.009086078,-0.0106828,-0.0090861,sell
2012-07-07,0,0.62,1.07,0,0.62,0.17,0.97,0, 0.0036496, 0.00359850, 0.003106591, 0.0006658, 0.0032661,buy
2012-07-08,0,0.9,0.95,0,0.63,0.13,0.91,0, 0.0036781, 0.00367811, 0.003264249, 0.0012654, 0.0034506,buy
2012-07-09,0,1.3,0.82,0,0.65,0.11,0.84,0,-0.0003460,-0.00017997,-0.000189111,-0.0002013,-0.0013061,buy
2012-07-10,0,1.13,0.62,0,0.67,0.14,0.78,0,-0.0008487,-0.00022660,-0.003306158,-0.0004168,-0.0002266,buy
2012-07-11,0,0.78,0.54,0,0.68,0.19,0.82,0, 0.0010506, 0.00366093,-0.001937788, 0.0010506, 0.0036134,buy
2012-07-12,0,0.74,0.51,0,0.7,0.32,0.93,0,-0.0008182, 0.00201082,-0.002990721,-0.0010887, 0.0011852,buy
2012-07-13,0,0.83,0.62,0,0.72,0.6,1.17,0, 0.0035977, 0.00249828, 0.002498284, 0.0069067, 0.0035427,buy
2012-07-14,0,1.08,0.73,0,0.74,0.75,1.57,0, 0.0031172, 0.00188949, 0.001369626, 0.0008368, 0.0018895,buy
2012-07-15,0,1.71,0.78,0,0.76,0.6,1.63,0, 0.0110169, 0.01001323, 0.004444186, 0.0043342, 0.0118891,buy
2012-07-16,0,2.14,0.76,0,0.78,0.36,1.29,0, 0.0010253, 0.00147378, 0.002630269, 0.0010253, 0.0001244,buy
2012-07-17,0,1.56,0.86,0,0.79,0.22,1,0,-0.0064424,-0.00201769,-0.002355051,-0.0025040,-0.0070220,sell
2012-07-18,0,1.13,1.03,0,0.81,0.13,0.87,0,-0.0027399,-0.00219831,-0.001799837,-0.0017998,-0.0042759,sell
2012-07-19,0,0.97,1.29,0,0.83,0.09,0.94,0,-0.0043712,-0.00339546,-0.003609992,-0.0027465,-0.0047666,sell
2012-07-20,0,0.94,1.33,0,0.86,0.07,1.23,0,-0.0049788,-0.00500948,-0.007353796,-0.0053601,-0.0073795,sell
2012-07-21,0,0.93,1.06,0,0.87,0.08,2.1,0,-0.0042236,-0.00408292,-0.005972378,-0.0042236,-0.0037055,sell
2012-07-22,0,0.96,0.95,0,0.9,0.07,2.73,0,-0.0004038,-0.00045194,-0.000451942,-0.0003798,-0.0004864,sell
2012-07-23,0,1.01,1.12,0,0.92,0.09,2.07,0,-0.0009311,-0.00093107,-0.005114292,-0.0009629,-0.0035090,sell
2012-07-24,0,1.05,1.62,0,0.94,0.11,1.87,0,-0.0037021,-0.00153032,-0.003005663, 0.0020711,-0.0029932,sell
2012-07-25,0,1.13,1.67,0,0.96,0.16,1.67,0,-0.0037353,-0.00168333,-0.001018929, 0.0020378,-0.0010125,sell
2012-07-26,0,1.2,1.29,0,0.99,0.23,1.57,0, 0.0032821, 0.00456369,-0.003918852, 0.0045637,-0.0012745,buy
2012-07-27,0,1.31,1.01,0,1.02,0.48,2.33,0, 0.0039943, 0.00360617, 0.003756045, 0.0040635, 0.0033074,buy
2012-07-28,0,1.41,0.91,0,1.03,0.71,2.44,0, 0.0002951,-0.00270479, 0.000791658, 0.0042148,-0.0007426,sell
2012-07-29,0,1.56,1.16,0,1.05,0.49,2.1,0,-0.0028883,-0.00311038,-0.002371490,-0.0011607,-0.0019436,sell
2012-07-30,0,1.63,1.48,0,1.08,0.37,2.21,0,-0.0034424,-0.00118110,-0.002744385,-0.0027153,-0.0010902,sell
2012-07-31,0,1.62,1.47,0,1.11,0.39,1.98,0,-0.0015350, 0.00187667, 0.000998917,-0.0003406, 0.0006166,sell
2012-08-01,0,1.69,1.02,0,1.13,0.45,1.81,0, 0.0037966, 0.00374496, 0.001223354, 0.0020652, 0.0037966,buy
2012-08-02,0,1.89,0.68,0,1.16,0.51,1.78,0, 0.0108721, 0.01218254, 0.000435609, 0.0049988, 0.0104616,buy
2012-08-03,0,1.86,0.61,0,1.18,0.49,1.3,0, 0.0072898, 0.00735096, 0.003406344, 0.0031222, 0.0056262,buy
2012-08-04,0,1.48,0.54,0,1.21,0.49,0.92,0,-0.0003807,-0.00216633,-0.002166325,-0.0021663,-0.0016976,sell
2012-08-05,0,1.2,0.39,0,1.31,0.52,0.79,0,-0.0022048,-0.00046849, 0.005614307, 0.0001337,-0.0002559,sell
2012-08-06,0,1.03,0.31,0,1.45,0.6,0.81,0,-0.0027588,-0.00107397, 0.006246787, 0.0011124,-0.0007112,buy
2012-08-07,0,0.92,0.28,0,1.72,0.7,0.96,0, 0.0013124, 0.00027524, 0.002940240,-0.0015724, 0.0011259,buy
2012-08-08,0,0.88,0.31,0,2.26,0.69,1.32,0,-0.0047124,-0.00484065,-0.003205757,-0.0058500,-0.0032725,sell
2012-08-09,0,0.91,0.34,0,2.46,0.58,1.29,0,-0.0043848,-0.00528264,-0.001241920,-0.0052826,-0.0029842,sell
2012-08-10,0,1.07,0.35,0,2.04,0.52,0.92,0,-0.0027185,-0.00287267, 0.003230091,-0.0036726,-0.0001999,sell
2012-08-11,0,1.45,0.41,0,1.77,0.51,0.7,0,-0.0043899,-0.00333975,-0.001007714,-0.0033398,-0.0025920,sell
2012-08-12,0,2.06,0.36,0,1.62,0.55,0.6,0, 0.0018441,-0.00084640,-0.000846397,-0.0008129,-0.0036276,sell
2012-08-13,0,2.15,0.23,0,1.53,0.62,0.56,0, 0.0021982,-0.00081550,-0.000604593,-0.0000690,-0.0034732,sell
2012-08-14,0,2.01,0.15,0,1.45,0.65,0.59,0, 0.0014583,-0.00080308,-0.000622442,-0.0006224,-0.0033617,sell
2012-08-15,0,1.67,0.16,0,1.41,0.53,0.65,0,-0.0021592,-0.00218712,-0.000136323,-0.0023689,-0.0011005,sell
2012-08-16,0,1.15,0.26,0,1.37,0.42,0.75,0, 0.0042539, 0.00591654, 0.008243437, 0.0041393, 0.0066988,buy
2012-08-17,0,0.91,0.62,0,1.41,0.34,0.92,0, 0.0027370, 0.00127988,-0.001669023, 0.0006410,-0.0024974,buy
2012-08-18,0,0.9,1.18,0,1.53,0.29,1.02,0, 0.0035107, 0.00693945, 0.005476938, 0.0080057, 0.0077399,buy
2012-08-19,0,1.02,0.86,0,1.7,0.26,1.2,0, 0.0008661, 0.00130723, 0.008656674, 0.0028107, 0.0010464,buy
2012-08-20,0,1.38,0.27,0,2.09,0.24,1.48,0,-0.0027705, 0.00105412,-0.002554096,-0.0023777,-0.0044632,sell
2012-08-21,0,1.54,0.08,0,2.68,0.25,1.7,0, 0.0012642, 0.00519541, 0.003987067, 0.0055351, 0.0032405,buy
2012-08-22,0,1.51,0,0,3,0.25,2.23,0, 0.0006116, 0.00254941, 0.005128760, 0.0025494, 0.0020953,buy
2012-08-23,0,1.76,0,0,3.6,0.27,2.61,0,-0.0004281, 0.00036559, 0.002149706, 0.0003656,-0.0006361,buy
2012-08-24,0,2.32,0,0,3.91,0.28,2.45,0,-0.0031329,-0.00241246, 0.002328164,-0.0024125,-0.0024139,sell
2012-08-25,0,2.39,0,0,3,0.29,1.52,0,-0.0042593,-0.00338959,-0.003094234,-0.0006933,-0.0035009,sell
2012-08-26,0,1.86,0.01,0,2.12,0.31,1.04,0, 0.0010567, 0.00148556, 0.003047196, 0.0023482, 0.0001550,buy
2012-08-27,0,2.09,0.01,0,1.64,0.33,1.31,0, 0.0021592, 0.00182631, 0.001237625, 0.0009474, 0.0003268,buy
2012-08-28,0,2.01,0.04,0,1.44,0.35,1.67,0, 0.0042508, 0.00385899, 0.000394116, 0.0040931, 0.0006714,buy
2012-08-29,0,1.63,0.09,0,1.44,0.37,1.18,0, 0.0009614,-0.00095623, 0.002052100,-0.0037485,-0.0024479,sell
2012-08-30,0,1.84,0.17,0,1.56,0.4,0.95,0,-0.0000503,-0.00115954, 0.000752477,-0.0013925,-0.0011246,sell
2012-08-31,0,1.11,0.14,0,1.99,0.43,0.82,0,-0.0021640, 0.00077501, 0.000959585,-0.0079085,-0.0027209,sell
2012-09-01,0,0.56,0.09,0,1.87,0.43,0.94,0, 0.0016361,-0.00500886,-0.004153997,-0.0015449,-0.0050327,sell
2012-09-02,0,0.33,0.09,0,1.44,0.42,1.23,0,-0.0011759,-0.00141334,-0.002914591,-0.0061614,-0.0011282,sell
2012-09-03,0,0.25,0.18,0,1.2,0.44,1.54,0,-0.0004814, 0.00057974,-0.000620773,-0.0014797,-0.0012085,sell
2012-09-04,0,0.24,0.34,0,1.08,0.44,1.81,0, 0.0035131, 0.00405410, 0.003756597, 0.0050016, 0.0043242,buy
2012-09-05,0,0.29,0.31,0,1.01,0.5,1.95,0, 0.0023688, 0.00442317, 0.000694466, 0.0063466, 0.0044232,buy
2012-09-06,0,0.35,0.24,0,0.96,0.68,1.32,0, 0.0021461, 0.00168416, 0.001245566,-0.0015369, 0.0020034,buy
2012-09-07,0,0.49,0.43,0,0.94,0.65,0.92,0,-0.0018600, 0.00413456, 0.003440050, 0.0046286, 0.0045320,buy
2012-09-08,0,0.7,0.37,0,0.93,0.49,0.76,0, 0.0013503, 0.00413314, 0.006902897, 0.0043902, 0.0037120,buy
2012-09-09,0,0.98,0.21,0,0.93,0.52,0.66,0, 0.0029227, 0.00463777, 0.006202113, 0.0046588, 0.0062021,buy
2012-09-10,0,0.96,0.26,0,0.92,0.74,0.61,0, 0.0033805, 0.00039491,-0.001017008, 0.0007939, 0.0013590,buy
2012-09-11,0,0.66,0.57,0,0.92,1.23,0.59,0, 0.0006098, 0.00104202,-0.000757591, 0.0002794,-0.0065757,sell
2012-09-12,0,0.46,1.25,0,0.91,1.1,0.57,0, 0.0014250,-0.00149740, 0.002034513, 0.0032987, 0.0002135,buy
2012-09-13,0,0.32,1.14,0,0.92,0.59,0.55,0,-0.0041441,-0.00092935,-0.000929348,-0.0019276, 0.0007524,sell
2012-09-14,0,0.22,0.57,0,0.96,0.38,0.53,0,-0.0013979, 0.00291117, 0.003188849, 0.0023889, 0.0027739,buy
2012-09-15,0,0.15,0.5,0,1.05,0.31,0.55,0, 0.0032651, 0.00224074, 0.002788443, 0.0005504, 0.0028107,buy
2012-09-16,0,0.11,0.7,0,1.01,0.4,0.62,0,-0.0035145, 0.00216047, 0.002093867, 0.0015414, 0.0014963,buy
2012-09-17,0,0.08,0.83,0,0.95,0.74,0.59,0, 0.0026641, 0.00266408, 0.002424022, 0.0047435, 0.0047435,buy
2012-09-18,0,0.05,0.55,0,0.95,0.88,0.57,0, 0.0028731,-0.00069111, 0.002821823,-0.0006911, 0.0028818,buy
2012-09-19,0,0.05,0.54,0,1,0.57,0.72,0,-0.0020187,-0.00630317,-0.002519175, 0.0076273, 0.0019628,buy
2012-09-20,0,0.03,1,0,1.07,0.29,1.18,0,-0.0043772,-0.00437718, 0.003867432,-0.0043772,-0.0002673,sell
2012-09-21,0,0.04,0.69,0,1.07,0.17,1.37,0, 0.0006250, 0.00068529, 0.001444691,-0.0029169, 0.0015529,buy
2012-09-22,0,0.1,0.47,0,1,0.13,0.84,0, 0.0036761, 0.00441633, 0.004574288, 0.0041806, 0.0048292,buy
2012-09-23,0,0.24,0.55,0,0.99,0.16,0.6,0, 0.0061042, 0.00009049, 0.000103552,-0.0009751, 0.0000563,buy
2012-09-24,0,0.6,0.51,0,0.98,0.28,0.52,0,-0.0008258,-0.00290274,-0.001265704, 0.0012288,-0.0023187,buy
2012-09-25,0,1.41,0.47,0,0.99,0.4,0.61,0,-0.0048840,-0.00469155,-0.004592196,-0.0049157,-0.0042283,sell
2012-09-26,0,1.86,0.66,0,0.95,0.29,0.95,0,-0.0038121,-0.00315607,-0.003871540,-0.0023785,-0.0055134,sell
2012-09-27,0,0.98,1.11,0,0.95,0.17,1.71,0,-0.0004603,-0.00038000,-0.004258278,-0.0004603,-0.0029369,sell
2012-09-28,0,0.91,1.61,0,0.93,0.12,1.54,0,-0.0054260,-0.00467854,-0.004210370,-0.0018294,-0.0042104,sell
2012-09-29,0,1.48,1.21,0,0.97,0.09,0.81,0,-0.0065290,-0.00409535,-0.004095354,-0.0042560,-0.0063334,sell
2012-09-30,0,0.76,0.6,0,1.02,0.08,0.55,0, 0.0026028,-0.00077090,-0.001013282,-0.0007656,-0.0030917,sell
2012-10-01,0,0.2,0.32,0,1.15,0.07,0.53,0, 0.0040700, 0.00586318, 0.005863183, 0.0055759, 0.0055735,buy
2012-10-02,0,0.07,0.18,0,1.4,0.08,0.69,0, 0.0116418, 0.01106406, 0.012212699, 0.0107820, 0.0109626,buy
2012-10-03,0,0.06,0.1,0,1.97,0.11,1.04,0,-0.0022589,-0.00256959,-0.002518898,-0.0025789,-0.0011328,sell
2012-10-04,0,0.2,0.09,0,2.01,0.15,1.37,0, 0.0016348, 0.00206982, 0.000614685, 0.0014350, 0.0024473,buy
2012-10-05,0,0.6,0.1,0,1.47,0.21,1.05,0, 0.0048772, 0.00499726, 0.004997258, 0.0036469, 0.0048341,buy
2012-10-06,0,1.06,0.13,0,1.24,0.27,0.67,0,-0.0016981,-0.00016935, 0.000994879,-0.0013364, 0.0004352,sell
2012-10-07,0,0.83,0.26,0,1.14,0.3,0.59,0,-0.0041230,-0.00465982,-0.003531241,-0.0047651,-0.0035312,sell
2012-10-08,0,0.85,0.5,0,1.05,0.35,0.67,0, 0.0014049,-0.00017707,-0.000177067,-0.0008006,-0.0023870,sell
2012-10-09,0,0.69,0.72,0,0.98,0.42,1.02,0,-0.0031975,-0.00243262,-0.003688078,-0.0005980,-0.0012420,sell
2012-10-10,0,0.61,0.7,0,0.93,0.4,1.33,0,-0.0025093,-0.00716469,-0.002540195,-0.0024074,-0.0023622,sell
2012-10-11,0,1.17,0.46,0,0.94,0.31,1.04,0, 0.0043222, 0.00284947, 0.001601915, 0.0050523, 0.0053009,buy
2012-10-12,0,2.43,0.26,0,0.96,0.24,0.94,0, 0.0003382, 0.00132197, 0.002790241, 0.0020691, 0.0015582,buy
2012-10-13,0,2.4,0.15,0,1.01,0.19,1,0,-0.0004346,-0.00176194, 0.001297812, 0.0019617,-0.0000710,buy
2012-10-14,0,1.24,0.13,0,1.08,0.16,1.09,0,-0.0052382,-0.00237943,-0.003690832,-0.0056823,-0.0036908,sell
2012-10-15,0,0.63,0.21,0,1.25,0.14,1.2,0, 0.0028803, 0.00361883, 0.002395892, 0.0001398, 0.0023959,buy
2012-10-16,0,0.45,0.51,0,1.55,0.14,1.27,0, 0.0005082,-0.00182279, 0.001775577, 0.0031569, 0.0010927,buy
2012-10-17,0,0.71,0.48,0,1.64,0.13,1.2,0, 0.0005237,-0.00193399, 0.001514099, 0.0023805, 0.0001184,buy
2012-10-18,0,1.11,0.15,0,1.4,0.1,1.11,0,-0.0051636,-0.00536881,-0.004118198,-0.0069669,-0.0051246,sell
2012-10-19,0,0.83,0.05,0,1.26,0.09,1.04,0,-0.0014155, 0.00584477,-0.000050313, 0.0028795,-0.0000200,buy
2012-10-20,0,0.62,0.02,0,1.21,0.15,0.99,0, 0.0021474, 0.00809630, 0.003649718, 0.0061909, 0.0035445,buy
2012-10-21,0,0.47,0.08,0,1.11,0.33,0.97,0,-0.0027770,-0.00151327,-0.001783878,-0.0011608, 0.0001971,sell
2012-10-22,0,0.5,0.16,0,1.04,0.28,0.99,0,-0.0008163, 0.00284397, 0.001876217, 0.0019671, 0.0030115,buy
2012-10-23,0,0.9,0.4,0,1.01,0.11,1.05,0,-0.0037530,-0.00334776,-0.002339315,-0.0057721,-0.0045277,sell
2012-10-24,0,0.72,0.83,0,1.01,0.04,1.17,0, 0.0004194, 0.00107073,-0.001157865, 0.0013240, 0.0048406,buy
2012-10-25,0,0.29,0.68,0,1.02,0.01,1.34,0,-0.0033323, 0.00398862, 0.003983784, 0.0034569, 0.0025709,buy
2012-10-26,0,0.13,0.35,0,1.03,0,1.34,0, 0.0020968,-0.00191831,-0.000731460,-0.0008716,-0.0020213,sell
2012-10-27,0,0.06,0.37,0,1.06,0.01,1.14,0, 0.0084721, 0.00418452, 0.005068161, 0.0064775, 0.0088700,buy
2012-10-28,0,0.02,0.65,0,1.09,0.01,1.04,0,-0.0005419, 0.00268384, 0.002792086,-0.0010450, 0.0008513,sell
2012-10-29,0,0.09,0.56,0,1.15,0.02,1.12,0, 0.0002809, 0.00111528, 0.002897662,-0.0009436, 0.0021631,buy
2012-10-30,0,0.19,0.39,0,1.25,0.03,1.19,0, 0.0053857, 0.00343277, 0.005257184, 0.0061371, 0.0056491,buy
2012-10-31,0,0.48,0.58,0,1.31,0.05,0.8,0, 0.0015882, 0.00446759, 0.003372658, 0.0014703, 0.0015882,buy
2012-11-01,0,1.25,1.09,0,1.27,0.06,0.44,0,-0.0050132,-0.00386822,-0.004498412,-0.0043267,-0.0041080,sell
2012-11-02,0,1.4,1.01,0,1.3,0.04,0.25,0,-0.0063509,-0.00681812,-0.005677510,-0.0047219,-0.0042205,sell
2012-11-03,0,0.59,0.84,0,1.34,0.02,0.17,0,-0.0011598,-0.00536506,-0.001134973,-0.0045652,-0.0052071,sell
2012-11-04,0,0.23,0.77,0,1.37,0.02,0.1,0,-0.0057360,-0.00648061,-0.004851639,-0.0061689,-0.0071661,sell
2012-11-05,0,0.08,0.71,0,1.39,0.03,0.1,0,-0.0062256,-0.00585317,-0.005452136,-0.0066004,-0.0066770,sell
2012-11-06,0,0.06,0.87,0,1.39,0.07,0.1,0,-0.0040494,-0.00433202,-0.003290310,-0.0043224,-0.0043320,sell
2012-11-07,0,0.16,0.71,0,1.47,0.07,0.1,0,-0.0069226,-0.00661584,-0.005524051,-0.0073286,-0.0075309,sell
2012-11-08,0,0.46,0.56,0,1.52,0.03,0.1,0,-0.0063316,-0.00710147,-0.006868290,-0.0064533,-0.0064533,sell
2012-11-09,0,1.24,0.61,0,1.57,0.04,0.1,0,-0.0048056,-0.00230227,-0.004729611,-0.0000902,-0.0045251,sell
2012-11-10,0,1.82,0.67,0,1.56,0.12,0.11,0,-0.0000415, 0.00273311,-0.000273971, 0.0007980, 0.0008611,buy
2012-11-11,0,1.26,0.55,0,1.63,0.51,0.1,0, 0.0073213, 0.00376461, 0.002383358, 0.0040200, 0.0040200,buy
2012-11-12,0,1.06,0.42,0,1.68,0.43,0.13,0, 0.0068387, 0.00375957, 0.003759569, 0.0037596, 0.0022842,buy
2012-11-13,0,1.61,0.44,0,1.73,0.21,0.17,0, 0.0013226, 0.00132257, 0.000640168, 0.0047838,-0.0006093,buy
2012-11-14,0,1.38,0.78,0,2.1,0.32,0.23,0, 0.0002778,-0.00036455, 0.000093006, 0.0000930,-0.0011426,buy
2012-11-15,0,0.46,0.98,0,2.59,0.26,0.34,0, 0.0010183, 0.00098258, 0.000687003,-0.0002111,-0.0025250,buy
2012-11-16,0,0.15,0.57,0,2.09,0.13,0.58,0,-0.0058379,-0.00539365,-0.005837930,-0.0053937,-0.0056381,sell
2012-11-17,0,0.1,0.37,0,2.62,0.09,0.8,0,-0.0035420,-0.00333085,-0.008958166,-0.0040993,-0.0071976,sell
2012-11-18,0,0.16,0.4,0,2.98,0.15,0.72,0,-0.0026317,-0.00043030,-0.000712920,-0.0047398,-0.0041676,sell
2012-11-19,0,0.51,0.71,0,2.06,0.32,0.51,0,-0.0008670, 0.00038197, 0.000381974,-0.0000749,-0.0023923,buy
2012-11-20,0,0.92,0.92,0,1.99,0.28,0.5,0,-0.0026240,-0.00301553,-0.002891818,-0.0034865,-0.0018423,sell
2012-11-21,0,0.66,0.61,0,2.09,0.19,0.68,0,-0.0012047,-0.00141452,-0.001442925,-0.0022092,-0.0021046,sell
2012-11-22,0,0.55,0.54,0,2.21,0.4,1.1,0,-0.0014206,-0.00142056,-0.001420555,-0.0047733,-0.0012659,sell
2012-11-23,0,0.52,0.77,0,2.13,0.46,1.69,0,-0.0002080,-0.00001906,-0.004389739,-0.0042482,-0.0002080,sell
2012-11-24,0,0.57,0.66,0,1.97,0.17,1.58,0,-0.0064341,-0.00493632,-0.004936323,-0.0046182,-0.0034599,sell
2012-11-25,0,0.92,0.44,0,1.83,0.08,1.11,0, 0.0032426, 0.00167563, 0.004818778, 0.0004501,-0.0044989,buy
2012-11-26,0,1.83,0.34,0,1.79,0.06,0.94,0,-0.0039597,-0.00367308,-0.004342044,-0.0031245,-0.0040108,sell
2012-11-27,0,1.44,0.24,0,1.84,0.05,1.12,0,-0.0029368,-0.00403653,-0.004488778,-0.0022505,-0.0047506,sell
2012-11-28,0,0.61,0.3,0,1.95,0.06,1.62,0,-0.0022733,-0.00344745, 0.000225894,-0.0016094,-0.0023148,sell
2012-11-29,0,0.38,0.53,0,2.22,0.09,1.7,0, 0.0008183, 0.00081833, 0.001006868,-0.0023464, 0.0008285,sell
2012-11-30,0,0.33,1.12,0,2.21,0.12,1.33,0, 0.0042035, 0.00188395, 0.003741106, 0.0041910, 0.0049672,buy
2012-12-01,0,0.4,1.74,0,1.79,0.12,0.9,0,-0.0048733,-0.00545884,-0.005957511,-0.0065091,-0.0059769,sell
2012-12-02,0,0.4,1.22,0,1.66,0.13,0.64,0,-0.0018090,-0.00277646,-0.001597275,-0.0012495, 0.0002517,sell
2012-12-03,0,0.82,0.53,0,1.63,0.18,0.51,0, 0.0000260,-0.00073746,-0.002540034,-0.0002065,-0.0009823,buy
2012-12-04,0,1.02,0.32,0,1.69,0.31,0.43,0, 0.0079796, 0.00603443, 0.007854627, 0.0060344, 0.0053137,buy
2012-12-05,0,0.4,0.36,0,1.8,0.47,0.39,0, 0.0062150, 0.00075103, 0.002719229, 0.0057344, 0.0049351,buy
2012-12-06,0,0.2,0.93,0,1.9,0.49,0.36,0,-0.0027803,-0.00641682,-0.004823655,-0.0057584,-0.0031648,sell
2012-12-07,0,0.28,0.86,0,1.78,0.48,0.35,0, 0.0015753,-0.00423471,-0.000832382,-0.0042227,-0.0009102,sell
2012-12-08,0,0.24,0.69,0,1.57,0.38,0.34,0, 0.0015222, 0.00095373, 0.000953731,-0.0004633, 0.0000325,sell
2012-12-09,0,0.08,1.39,0,1.41,0.37,0.33,0, 0.0013553, 0.00135532,-0.000961947,-0.0042401, 0.0068764,buy
2012-12-10,0,0.03,1.44,0,1.27,0.55,0.35,0, 0.0017437, 0.00195750, 0.002002229,-0.0063939, 0.0055445,sell
2012-12-11,0,0.01,0.63,0,1.15,0.67,0.37,0, 0.0051552, 0.00600187, 0.004118398, 0.0050283, 0.0060178,buy
2012-12-12,0,0,0.38,0,1.07,0.69,0.39,0, 0.0053934, 0.00397974, 0.005160736, 0.0069529, 0.0057443,buy
2012-12-13,0,0,0.52,0,1,0.91,0.41,0, 0.0032580,-0.00031495, 0.003257983,-0.0000544, 0.0034592,buy
2012-12-14,0,0.04,0.76,0,1,0.88,0.44,0, 0.0031207, 0.00240591, 0.003130209, 0.0027112, 0.0034260,buy
2012-12-15,0,0.09,0.49,0,1.14,0.74,0.47,0, 0.0032104, 0.00154443, 0.002900710, 0.0029456, 0.0045842,buy
2012-12-16,0,0.21,0.34,0,1.48,0.75,0.51,0,-0.0022438,-0.00276458,-0.001833286,-0.0024667,-0.0035012,sell
2012-12-17,0,0.48,0.36,0,1.65,0.61,0.57,0,-0.0008044,-0.00233781,-0.000564132,-0.0008044,-0.0019570,sell
2012-12-18,0,0.85,0.44,0,1.14,0.42,0.7,0, 0.0007952, 0.00060933, 0.001620919,-0.0002230,-0.0001114,buy
2012-12-19,0,0.65,0.6,0,0.83,0.34,0.75,0, 0.0036170, 0.00286910, 0.002869095, 0.0031377, 0.0028571,buy
2012-12-20,0,0.35,0.93,0,0.77,0.3,0.84,0,-0.0007834,-0.00078338, 0.001090037,-0.0003100, 0.0000041,sell
2012-12-21,0,0.28,1.04,0,0.83,0.29,1.16,0,-0.0033436,-0.00296519, 0.002283534,-0.0033354,-0.0013422,sell
2012-12-22,0,0.41,0.72,0,1.2,0.3,1.32,0, 0.0013813, 0.00037361, 0.001878571, 0.0003357, 0.0013813,buy
2012-12-23,0,0.89,0.5,0,1.53,0.32,1.12,0,-0.0009187,-0.00072478,-0.000918680,-0.0042044,-0.0038367,sell
2012-12-24,0,1.43,0.39,0,1.15,0.31,1.04,0, 0.0039124, 0.00150514, 0.001463197, 0.0039124, 0.0042924,buy
2012-12-25,0,0.99,0.36,0,1.01,0.32,1.25,0, 0.0046942, 0.00235258, 0.002556663, 0.0045664, 0.0040075,buy
2012-12-26,0,0.46,0.32,0,1.23,0.33,1.93,0, 0.0027516, 0.00411869, 0.001574411, 0.0030798, 0.0036694,buy
2012-12-27,0,0.26,0.4,0,1.38,0.38,2.17,0, 0.0004555, 0.00340932,-0.000585638, 0.0008593, 0.0047276,buy
2012-12-28,0,0.19,0.58,0,1.08,0.42,1.49,0,-0.0035835,-0.00546785,-0.004172582,-0.0054679,-0.0052648,sell
2012-12-29,0,0.15,0.71,0,0.85,0.46,1.16,0,-0.0004816, 0.00010815, 0.000246408, 0.0013442, 0.0027196,buy
2012-12-30,0,0.12,0.55,0,0.82,0.53,1.19,0,-0.0052397,-0.00271918,-0.002719183,-0.0019331,-0.0015783,sell
2012-12-31,0,0.1,0.52,0,0.96,0.61,1.52,0,-0.0032417,-0.00415319,-0.004684533,-0.0039580,-0.0040107,sell
2013-01-01,0,0.14,0.83,0,1.37,0.56,1.7,0, 0.0012968, 0.00043536, 0.000774009, 0.0001453,-0.0024290,buy
2013-01-02,0,0.21,1.03,0,2.05,0.42,1.21,0, 0.0021111, 0.00306802, 0.001224201, 0.0021111, 0.0021111,buy
2013-01-03,0,0.42,0.66,0,2.14,0.35,1.38,0,-0.0010634, 0.00015295,-0.000392985,-0.0002249,-0.0010634,buy
2013-01-04,0,0.92,0.62,0,1.78,0.37,2.03,0,-0.0048147,-0.00254800,-0.000037141,-0.0005015,-0.0048531,sell
2013-01-05,0,1,0.79,0,1.93,0.51,1.42,0, 0.0002461, 0.00148373,-0.002582429,-0.0028141, 0.0012198,buy
2013-01-06,0,0.47,0.64,0,2.19,0.53,0.9,0, 0.0013316,-0.00335803, 0.001863956, 0.0019441, 0.0022700,buy
2013-01-07,0,0.21,1.07,0,1.77,0.36,0.8,0,-0.0074674,-0.00561653,-0.010331445,-0.0067722,-0.0053189,sell
2013-01-08,0,0.16,0.83,0,1.14,0.26,0.75,0,-0.0023404,-0.00196021,-0.000140526,-0.0023404,-0.0018568,sell
2013-01-09,0,0.18,0.45,0,0.74,0.34,1.05,0,-0.0007117,-0.00738412,-0.004602059,-0.0017083,-0.0048990,sell
2013-01-10,0,0.35,0.54,0,0.57,0.72,1.23,0, 0.0026275, 0.00114156, 0.002836159, 0.0032751, 0.0054425,buy
2013-01-11,0,0.93,0.9,0,0.46,0.98,0.96,0, 0.0006005, 0.00225871,-0.000395881, 0.0033010,-0.0001367,buy
2013-01-12,0,1.09,0.91,0,0.41,0.65,1.02,0, 0.0016083, 0.00321916, 0.000869956, 0.0012054, 0.0021021,buy
2013-01-13,0,1.17,1.21,0,0.37,0.66,1.48,0, 0.0011302, 0.00367904, 0.003388608, 0.0048877, 0.0048877,buy
2013-01-14,0,2.1,1.49,0,0.36,0.75,2.07,0,-0.0005105,-0.00132710,-0.001561286,-0.0011811, 0.0022626,buy
2013-01-15,0,2.43,0.99,0,0.35,0.36,1.5,0,-0.0014642,-0.00146418, 0.000268828,-0.0019381,-0.0020544,sell
2013-01-16,0,2.2,1.06,0,0.35,0.14,0.89,0,-0.0024889,-0.00137477,-0.002703938,-0.0035560,-0.0012518,sell
2013-01-17,0,0.9,1.25,0,0.39,0.07,0.75,0, 0.0065910, 0.00569014, 0.003929179, 0.0063372, 0.0067580,buy
2013-01-18,0,0.26,0.79,0,0.5,0.08,0.59,0,-0.0050633,-0.00434203,-0.003153572,-0.0042844,-0.0057659,sell
2013-01-19,0,0.07,0.57,0,0.92,0.13,0.53,0,-0.0024396, 0.00550768, 0.001522247, 0.0042248, 0.0041748,buy
2013-01-20,0,0.13,0.5,0,1.42,0.21,0.53,0,-0.0044927,-0.00459487,-0.004205087,-0.0050263,-0.0045949,sell
2013-01-21,0,0.53,0.45,0,1.4,0.3,0.65,0,-0.0005773, 0.00101676,-0.002069975,-0.0007991,-0.0009025,buy
2013-01-22,0,1.15,0.46,0,1.46,0.39,0.8,0,-0.0008908,-0.00070528,-0.000654885,-0.0002920, 0.0013612,buy
2013-01-23,0,0.9,0.53,0,2.09,0.3,0.71,0, 0.0044531, 0.00428165, 0.004281653, 0.0016441, 0.0020353,buy
2013-01-24,0,1.31,0.78,0,1.76,0.24,0.76,0, 0.0016560, 0.00081224, 0.001265188, 0.0016700, 0.0008122,buy
2013-01-25,0,1.66,0.91,0,1.71,0.39,0.83,0, 0.0041340, 0.00371097, 0.003122203, 0.0038719, 0.0035994,buy
2013-01-26,0,1.39,0.57,0,1.82,0.87,0.79,0,-0.0000513, 0.00222583, 0.001065606, 0.0010563, 0.0010656,buy
2013-01-27,0,0.99,0.41,0,1.95,0.91,0.71,0,-0.0023910, 0.00310946,-0.002212348,-0.0025277,-0.0022647,sell
2013-01-28,0,1.53,0.35,0,1.41,0.39,0.57,0, 0.0004099,-0.00168541,-0.001452843,-0.0014528,-0.0003484,sell
2013-01-29,0,1.47,0.33,0,1.46,0.19,0.54,0, 0.0021705, 0.00014568, 0.002726270, 0.0017403, 0.0002405,buy
2013-01-30,0,0.56,0.33,0,1.47,0.17,0.52,0,-0.0006066, 0.00023478, 0.000088674, 0.0012607,-0.0036270,buy
2013-01-31,0,0.25,0.32,0,1.24,0.17,0.53,0, 0.0022170, 0.00406185, 0.004061853, 0.0041513, 0.0036519,buy
2013-02-01,0,0.14,0.32,0,1.38,0.12,0.53,0, 0.0024754, 0.00560617, 0.005624587, 0.0043099, 0.0055961,buy
2013-02-02,0,0.14,0.32,0,1.54,0.3,0.55,0,-0.0072650, 0.00077186,-0.003146515,-0.0004939,-0.0005419,sell
2013-02-03,0,0.22,0.33,0,1.66,0.31,0.56,0,-0.0036029,-0.00327530,-0.005170211,-0.0032753,-0.0032753,sell
2013-02-04,0,0.46,0.34,0,1.32,0.07,0.61,0,-0.0030324,-0.00230643,-0.004297281,-0.0042973,-0.0027718,sell
2013-02-05,0,1.1,0.35,0,0.85,0.03,0.68,0, 0.0003206,-0.00045454,-0.003463357, 0.0007058,-0.0001003,buy
2013-02-06,0,1.03,0.37,0,0.85,0.02,0.85,0, 0.0017543,-0.00152905,-0.001623568,-0.0001304, 0.0000235,buy
2013-02-07,0,0.44,0.38,0,1.32,0.04,0.8,0,-0.0065546,-0.00643963,-0.006439634,-0.0064396,-0.0070921,sell
2013-02-08,0,0.27,0.4,0,2.26,0.08,0.67,0,-0.0038438,-0.00193711,-0.005740062,-0.0020799,-0.0075627,sell
2013-02-09,0,0.21,0.43,0,2.23,0.12,0.66,0, 0.0005315,-0.00129106,-0.003803626, 0.0002037,-0.0036737,sell
2013-02-10,0,0.2,0.46,0,1.74,0.1,0.77,0, 0.0058354, 0.00391238, 0.000597078, 0.0055578, 0.0051398,buy
2013-02-11,0,0.22,0.46,0,1.1,0.08,1.15,0, 0.0026892,-0.00028691, 0.000594439,-0.0002894, 0.0031303,buy
2013-02-12,0,0.24,0.45,0,0.65,0.1,1.42,0, 0.0018587, 0.00157656, 0.003232232, 0.0015405, 0.0039454,buy
2013-02-13,0,0.26,0.43,0,0.52,0.23,1.12,0, 0.0099135, 0.00632195, 0.003052351, 0.0043214, 0.0051728,buy
2013-02-14,0,0.28,0.41,0,0.47,0.3,1.14,0,-0.0035862,-0.00571106,-0.007681725,-0.0076680,-0.0074958,sell
2013-02-15,0,0.28,0.38,0,0.45,0.16,1.37,0, 0.0023219,-0.00582642,-0.006561225,-0.0024020,-0.0059879,sell
2013-02-16,0,0.25,0.39,0,0.43,0.08,1.26,0, 0.0014506,-0.00287314,-0.003914714,-0.0013218,-0.0028865,sell
2013-02-17,0,0.23,0.37,0,0.39,0.06,0.97,0,-0.0022649,-0.00067185,-0.003926913,-0.0001201, 0.0001627,sell
2013-02-18,0,0.21,0.36,0,0.33,0.1,0.84,0, 0.0013695, 0.00263494, 0.001853462, 0.0016430, 0.0040811,buy
2013-02-19,0,0.19,0.34,0,0.29,0.13,0.77,0, 0.0058900, 0.00480202, 0.005197732, 0.0053167, 0.0050202,buy
2013-02-20,0,0.18,0.31,0,0.25,0.09,0.75,0, 0.0002177, 0.00028258, 0.000433077,-0.0022153, 0.0002467,sell
2013-02-21,0,0.16,0.29,0,0.21,0.13,0.73,0,-0.0017619,-0.00202000,-0.002937316,-0.0030993,-0.0020308,sell
2013-02-22,0,0.15,0.26,0,0.23,0.31,0.73,0, 0.0038517, 0.00248511,-0.000308378, 0.0011027, 0.0024851,buy
2013-02-23,0,0.13,0.24,0,0.29,0.26,0.74,0, 0.0073617, 0.00430408, 0.007047031, 0.0043575, 0.0043604,buy
2013-02-24,0,0.12,0.21,0,0.41,0.09,0.75,0, 0.0021188, 0.00080133, 0.001852155, 0.0023062, 0.0026314,buy
2013-02-25,0,0.11,0.19,0,0.46,0.03,0.8,0, 0.0009003, 0.00545349, 0.000900297, 0.0028166, 0.0028166,buy
2013-02-26,0,0.1,0.16,0,0.31,0.01,0.85,0, 0.0000967, 0.00123162, 0.001423817,-0.0024921, 0.0014238,buy
2013-02-27,0,0.09,0.15,0,0.23,0,0.97,0,-0.0028339, 0.00093282, 0.000932822,-0.0009263, 0.0009328,sell
2013-02-28,0,0.08,0.13,0,0.21,0,1.24,0,-0.0025145,-0.00115992,-0.001159918,-0.0029852,-0.0011599,sell
2013-03-01,0,0.08,0.11,0,0.22,0,1.53,0, 0.0000948,-0.00062771, 0.000034954, 0.0001949,-0.0006277,buy
2013-03-02,0,0.08,0.09,0,0.29,0,1.35,0, 0.0000332, 0.00113054, 0.000214633,-0.0066502,-0.0061536,sell
2013-03-03,0,0.07,0.09,0,0.45,0,1.14,0, 0.0026943, 0.00183874, 0.002984762, 0.0014554, 0.0020284,buy
2013-03-04,0,0.08,0.08,0,0.38,0,1.14,0, 0.0015482,-0.00103018,-0.001004346,-0.0024524,-0.0010302,sell
2013-03-05,0,0.1,0.08,0,0.23,0,1.36,0,-0.0021297,-0.00154746,-0.001585963,-0.0020103,-0.0015475,sell
2013-03-06,0,0.15,0.07,0,0.19,0,2.07,0,-0.0044868,-0.00550935, 0.000585985, 0.0006202,-0.0022423,sell
2013-03-07,0,0.19,0.07,0,0.18,0,2.39,0,-0.0052257,-0.00591662, 0.000453961, 0.0004540, 0.0001070,sell
2013-03-08,0,0.15,0.08,0,0.19,0,1.68,0,-0.0039793,-0.00488940,-0.004557956,-0.0043909,-0.0048894,sell
2013-03-09,0,0.1,0.07,0,0.24,0,1.26,0,-0.0019483,-0.00269653,-0.003374313,-0.0041840,-0.0041840,sell
2013-03-10,0,0.06,0.06,0,0.32,0,1.08,0, 0.0001492, 0.00215356, 0.000860650,-0.0043507,-0.0059876,sell
2013-03-11,0,0.06,0.07,0,0.46,0,0.98,0, 0.0011925, 0.00231018, 0.000959695,-0.0032533,-0.0038647,sell
2013-03-12,0,0.07,0.07,0,0.47,0,0.95,0, 0.0017458, 0.00372959, 0.001821943,-0.0014509,-0.0018030,buy
2013-03-13,0,0.07,0.08,0,0.37,0,0.9,0,-0.0030966, 0.00108721,-0.002905028,-0.0025501,-0.0028716,sell
2013-03-14,0,0.1,0.1,0,0.43,0,0.89,0,-0.0023220, 0.00108721,-0.002130413,-0.0017755,-0.0020970,sell
2013-03-15,0,0.19,0.11,0,0.6,0,0.87,0,-0.0010253, 0.00115557, 0.002005451, 0.0010640,-0.0020763,buy
2013-03-16,0,0.29,0.12,0,1,0,0.85,0, 0.0050475, 0.00373177, 0.005700539, 0.0044051, 0.0016240,buy
2013-03-17,0,0.34,0.14,0,1.2,0,0.85,0, 0.0042071, 0.00355870, 0.006151919, 0.0037419, 0.0043848,buy
2013-03-18,0,0.41,0.16,0,1.16,0,0.82,0, 0.0034925, 0.00271266, 0.005305882, 0.0030460, 0.0015638,buy
2013-03-19,0,0.33,0.18,0,1.33,0,0.82,0, 0.0011280, 0.00106928, 0.004500275, 0.0007446, 0.0004244,buy
2013-03-20,0,0.24,0.21,0,1.22,0,0.85,0, 0.0030781, 0.00278174, 0.004668549, 0.0028150,-0.0000908,buy
2013-03-21,0,0.18,0.25,0,0.94,0,0.87,0, 0.0065012, 0.00178472, 0.002656439, 0.0020847, 0.0011599,buy
2013-03-22,0,0.16,0.31,0,1,0,0.92,0, 0.0073937, 0.00429067, 0.004795948, 0.0045130, 0.0050842,buy
2013-03-23,0,0.17,0.38,0,1.45,0,1,0, 0.0021710, 0.00183753,-0.000162528, 0.0025422, 0.0024810,buy
2013-03-24,0,0.29,0.42,0,2.26,0,1.18,0,-0.0084266,-0.00891963,-0.008339973,-0.0049996,-0.0089019,sell
2013-03-25,0,0.29,0.46,0,2.78,0,1.48,0,-0.0069539,-0.00917267,-0.004440073,-0.0074580,-0.0065282,sell
2013-03-26,0,0.15,0.46,0,2.58,0,1.71,0,-0.0033273,-0.00916790,-0.002514212,-0.0058060,-0.0047466,sell
2013-03-27,0,0.06,0.45,0,1.93,0,1.64,0,-0.0056478,-0.00538872,-0.003683718,-0.0053318,-0.0037275,sell
2013-03-28,0,0.04,0.48,0,1.47,0,1.66,0, 0.0040950, 0.00412165, 0.004519769, 0.0041179, 0.0045198,buy
2013-03-29,0,0.01,0.57,0,1.58,0,2,0, 0.0033820, 0.00267491, 0.002975344, 0.0031421, 0.0029753,buy
2013-03-30,0,0.01,0.64,0,2.56,0,2.25,0,-0.0049508,-0.00023071,-0.005158821,-0.0051594,-0.0035208,sell
2013-03-31,0,0.02,0.53,0,3.68,0,2.55,0, 0.0010885,-0.00055625,-0.002554166,-0.0019626,-0.0025542,buy
2013-04-01,0,0.02,0.44,0,2.96,0.02,2.4,0, 0.0010768, 0.00170946, 0.000773162,-0.0012618, 0.0011103,buy
2013-04-02,0,0.01,0.35,0,1.9,0.03,1.72,0,-0.0012274,-0.00336700, 0.001465757, 0.0014548,-0.0022078,sell
2013-04-03,0,0.02,0.34,0,1.61,0.07,1.24,0, 0.0018122,-0.00058356,-0.000380296, 0.0031858, 0.0004716,buy
2013-04-04,0,0.03,0.35,0,1.65,0.15,1.05,0,-0.0034881,-0.00693665,-0.004491847,-0.0020513,-0.0043848,sell
2013-04-05,0,0.05,0.41,0,1.85,0.37,0.93,0, 0.0057893, 0.00223754, 0.006123836, 0.0061238, 0.0061238,buy
2013-04-06,0,0.06,0.4,0,1.71,0.65,0.92,0,-0.0025152,-0.00180187,-0.002290312,-0.0012613, 0.0038918,sell
2013-04-07,0,0.09,0.36,0,1.41,0.55,0.93,0, 0.0005640, 0.00096092, 0.001123893,-0.0002782, 0.0019460,buy
2013-04-08,0,0.15,0.31,0,1.17,0.44,1.04,0, 0.0056480, 0.00562251, 0.005838731, 0.0056225, 0.0056225,buy
2013-04-09,0,0.27,0.25,0,0.99,0.42,1.28,0, 0.0038395, 0.00051520, 0.000540680, 0.0010817, 0.0005407,buy
2013-04-10,0,0.31,0.21,0,0.84,0.28,1.92,0, 0.0024281, 0.00163380, 0.002476143, 0.0024761, 0.0029235,buy
2013-04-11,0,0.19,0.22,0,0.7,0.36,2.4,0, 0.0018815,-0.00139842, 0.001881469, 0.0018815, 0.0029338,buy
2013-04-12,0,0.15,0.22,0,0.61,0.76,2.02,0,-0.0035683,-0.00356835,-0.003568349,-0.0035683,-0.0032849,sell
2013-04-13,0,0.16,0.21,0,0.49,0.87,1.83,0,-0.0016876,-0.00168757,-0.001687572,-0.0010904,-0.0006385,sell
2013-04-14,0,0.2,0.19,0,0.46,0.86,2.09,0,-0.0020426,-0.00180617,-0.001877425,-0.0020426, 0.0000834,sell
2013-04-15,0,0.26,0.17,0,0.51,0.99,2.78,0, 0.0017873, 0.00203461, 0.001787306, 0.0020346, 0.0020346,buy
2013-04-16,0,0.24,0.15,0,0.82,1.35,3.55,0,-0.0004022, 0.00223779,-0.000402171,-0.0032084,-0.0029882,sell
2013-04-17,0,0.11,0.13,0,0.97,1.3,3.51,0,-0.0019194, 0.00411580,-0.001919414,-0.0019763,-0.0019763,buy
2013-04-18,0,0.07,0.14,0,0.48,0.84,3.52,0, 0.0022589, 0.00441454, 0.002160123, 0.0029645, 0.0029645,buy
2013-04-19,0,0.03,0.19,0,0.35,0.76,3.04,0, 0.0024910, 0.00381923, 0.002517654, 0.0032610, 0.0032610,buy
2013-04-20,0,0.02,0.15,0,0.51,0.81,1.75,0,-0.0035459,-0.00354587,-0.005164224,-0.0035459,-0.0014133,sell
2013-04-21,0,0.02,0.1,0,1.5,0.63,1.26,0,-0.0059494,-0.00629482,-0.003647357,-0.0015743,-0.0031614,sell
2013-04-22,0,0.02,0.08,0,1.7,0.37,1.27,0,-0.0073151,-0.00888551,-0.009034122,-0.0065669,-0.0080062,sell
2013-04-23,0,0.02,0.09,0,0.76,0.22,2.04,0,-0.0039857,-0.00361884,-0.003393325,-0.0039857,-0.0018089,sell
2013-04-24,0,0.02,0.16,0,0.35,0.2,3.18,0,-0.0019464,-0.00085302, 0.001971443, 0.0025755, 0.0010897,buy
2013-04-25,0,0.02,0.15,0,0.23,0.34,3.47,0,-0.0035268, 0.00002913, 0.003488822, 0.0041190, 0.0006418,buy
2013-04-26,0,0.03,0.09,0,0.29,0.51,2.96,0, 0.0012263, 0.00141577, 0.006705695, 0.0060050, 0.0014373,buy
2013-04-27,0,0.04,0.08,0,0.46,0.52,2.51,0, 0.0058344, 0.00460302, 0.007245641, 0.0053862, 0.0058344,buy
2013-04-28,0,0.06,0.09,0,0.93,0.66,1.9,0, 0.0032547, 0.00131540, 0.003283461, 0.0032835, 0.0027302,buy
2013-04-29,0,0.09,0.11,0,1.17,0.64,1.35,0, 0.0034282, 0.00389287, 0.002927066, 0.0019454, 0.0033657,buy
2013-04-30,0,0.14,0.1,0,0.84,0.8,1.33,0, 0.0036118, 0.00263943,-0.001168955, 0.0020104, 0.0026394,buy
2013-05-01,0,0.14,0.08,0,0.55,0.45,1.77,0, 0.0059747, 0.00562341, 0.005626264, 0.0065687, 0.0064125,buy
2013-05-02,0,0.1,0.07,0,0.39,0.41,3.39,0,-0.0014932,-0.00087809, 0.005458979, 0.0061526,-0.0009649,buy
2013-05-03,0,0.1,0.06,0,0.41,0.47,4.59,0, 0.0025604, 0.00411345, 0.006586205, 0.0071112, 0.0041967,buy
2013-05-04,0,0.14,0.04,0,0.49,0.3,3.16,0,-0.0023749,-0.00146070, 0.003483971, 0.0049503,-0.0013486,sell
2013-05-05,0,0.32,0.04,0,0.48,0.53,1.91,0, 0.0057495, 0.00556644, 0.004984209, 0.0064788, 0.0047222,buy
2013-05-06,0,0.71,0.03,0,0.67,0.58,2.45,0, 0.0046042,-0.00000830,-0.000283156,-0.0003742,-0.0003742,buy
2013-05-07,0,0.54,0.03,0,0.67,0.32,3.89,0, 0.0033130, 0.00247211, 0.005223775, 0.0056043, 0.0050798,buy
2013-05-08,0,0.19,0.02,0,0.7,0.23,3.43,0, 0.0032238, 0.00043088, 0.004346994, 0.0043128, 0.0033832,buy
2013-05-09,0,0.08,0.02,0,1.13,0.29,1.45,0,-0.0023604,-0.00342601,-0.004695881,-0.0045706,-0.0042852,sell
2013-05-10,0,0.01,0.02,0,1.59,0.47,0.71,0,-0.0020039,-0.00200386, 0.001861378, 0.0053774,-0.0005511,sell
2013-05-11,0,0.02,0.02,0,1.46,1.14,0.47,0,-0.0089735,-0.00131343,-0.006569399,-0.0082230,-0.0077911,sell
2013-05-12,0,0.1,0.02,0,0.69,1.19,0.33,0, 0.0009681, 0.00141007, 0.001357306,-0.0057426,-0.0013389,sell
2013-05-13,0,0.53,0.03,0,0.61,0.66,0.25,0,-0.0024690,-0.00255320,-0.006502679,-0.0025532,-0.0012514,sell
2013-05-14,0,0.83,0.06,0,0.83,0.57,0.16,0,-0.0053776,-0.00587876,-0.005744720,-0.0052566,-0.0052477,sell
2013-05-15,0,0.46,0.1,0,1.42,0.64,0.14,0,-0.0040410,-0.00419137,-0.004497444,-0.0029790,-0.0046551,sell
2013-05-16,0,0.73,0.09,0,1.82,0.45,0.15,0,-0.0001789,-0.00012398, 0.000869177, 0.0006274,-0.0022366,buy
2013-05-17,0,0.78,0.18,0,1.44,0.24,0.24,0,-0.0053447,-0.00648679,-0.007370704,-0.0062884,-0.0064868,sell
2013-05-18,0,0.4,0.48,0,1.35,0.15,0.38,0, 0.0031816, 0.00550606, 0.006759059, 0.0046278, 0.0041589,buy
2013-05-19,0,0.26,0.44,0,1.87,0.16,0.33,0, 0.0005386, 0.00108454, 0.001439084, 0.0011950, 0.0010940,buy
2013-05-20,0,0.23,0.41,0,2.43,0.19,0.37,0, 0.0018733, 0.00081764,-0.001400111,-0.0003131, 0.0006436,buy
2013-05-21,0,0.22,0.46,0,1.63,0.29,0.39,0, 0.0013330, 0.00138043, 0.001056917, 0.0015993, 0.0015993,buy
2013-05-22,0,0.22,0.2,0,1.22,0.45,0.16,0, 0.0039942, 0.00247491, 0.005706846, 0.0024749, 0.0031622,buy
2013-05-23,0,0.31,0.15,0,1.81,0.58,0.1,0, 0.0026752, 0.00117200, 0.003093754, 0.0026262, 0.0011028,buy
2013-05-24,0,0.51,0.06,0,2.27,0.53,0.08,0, 0.0073142, 0.00570235, 0.007265551, 0.0075809, 0.0075809,buy
2013-05-25,0,0.95,0.04,0,1.22,0.51,0.08,0, 0.0004433,-0.00091959,-0.005012079, 0.0004433, 0.0030776,buy
2013-05-26,0,1.18,0.06,0,0.6,0.53,0.08,0,-0.0025418,-0.00226581,-0.002295218,-0.0029342,-0.0020608,sell
2013-05-27,0,0.82,0.08,0,0.44,0.55,0.07,0,-0.0030942,-0.00348323,-0.003483227,-0.0035602,-0.0035710,sell
2013-05-28,0,0.65,0.06,0,0.44,0.6,0.08,0,-0.0030842,-0.00333289,-0.003536851,-0.0033825,-0.0033545,sell
2013-05-29,0,0.67,0.07,0,0.63,0.65,0.09,0, 0.0037244, 0.00197926, 0.001912484, 0.0026373, 0.0021246,buy
2013-05-30,0,0.81,0.13,0,1.12,0.56,0.12,0,-0.0010320,-0.00640660,-0.000763237,-0.0002062,-0.0069944,sell
2013-05-31,0,0.81,0.28,0,1.3,0.42,0.18,0,-0.0020292,-0.00309100,-0.004792073,-0.0033606,-0.0051491,sell
2013-06-01,0,0.55,0.41,0,0.96,0.31,0.31,0,-0.0051598,-0.00447527,-0.005373420,-0.0033833,-0.0032380,sell
2013-06-02,0,0.41,0.25,0,0.8,0.24,0.34,0, 0.0021010, 0.00395465,-0.003348975, 0.0023353, 0.0022373,buy
2013-06-03,0,0.36,0.12,0,0.86,0.19,0.19,0, 0.0038182, 0.00633882, 0.000547071, 0.0043842, 0.0036483,buy
2013-06-04,0,0.22,0.1,0,1.06,0.14,0.12,0, 0.0028679, 0.00654517, 0.001829308, 0.0069257, 0.0028679,buy
2013-06-05,0,0.15,0.13,0,1.47,0.11,0.08,0,-0.0011017, 0.00186138,-0.000276483, 0.0009236, 0.0006499,buy
2013-06-06,0,0.12,0.11,0,2.03,0.1,0.06,0, 0.0064197, 0.00784533, 0.005836481, 0.0063975, 0.0072538,buy
2013-06-07,0,0.12,0.11,0,2.39,0.09,0.05,0, 0.0034173, 0.00838491, 0.002943758, 0.0039219, 0.0074807,buy
2013-06-08,0,0.14,0.1,0,2.38,0.07,0.05,0, 0.0038070, 0.00863509, 0.003332890, 0.0038176, 0.0079748,buy
2013-06-09,0,0.2,0.06,0,1.9,0.07,0.05,0, 0.0068401, 0.00552788, 0.006840052, 0.0071303, 0.0061125,buy
2013-06-10,0,0.37,0.05,0,1.41,0.07,0.05,0, 0.0007759, 0.00155353, 0.001036015, 0.0051169, 0.0007759,buy
2013-06-11,0,0.49,0.06,0,1.11,0.07,0.06,0, 0.0058824, 0.00683913, 0.003709021, 0.0082682, 0.0058824,buy
2013-06-12,0,0.6,0.09,0,0.98,0.09,0.07,0, 0.0096009, 0.00807940, 0.003428402, 0.0083911, 0.0096009,buy
2013-06-13,0,0.83,0.15,0,0.94,0.09,0.08,0, 0.0046810,-0.00020709,-0.001694355,-0.0002071, 0.0065687,buy
2013-06-14,0,1.04,0.28,0,0.98,0.11,0.1,0,-0.0051246,-0.00547019,-0.005522536,-0.0054800,-0.0049167,sell
2013-06-15,0,1.1,0.41,0,1.04,0.14,0.14,0,-0.0036458,-0.00376130,-0.001350458,-0.0042040,-0.0017741,sell
2013-06-16,0,1.3,0.33,0,1.21,0.18,0.23,0,-0.0067626,-0.00533956,-0.004544296,-0.0044024,-0.0055345,sell
2013-06-17,0,1.78,0.19,0,1.44,0.23,0.32,0, 0.0011174,-0.00066402, 0.000821924,-0.0022582, 0.0018199,buy
2013-06-18,0,2.23,0.12,0,1.71,0.3,0.27,0, 0.0065644, 0.00780514, 0.007009031, 0.0044158, 0.0052296,buy
2013-06-19,0,2.74,0.1,0,1.99,0.38,0.18,0,-0.0009176, 0.00293625, 0.000861681, 0.0031540, 0.0044255,buy
2013-06-20,0,2.37,0.12,0,1.95,0.42,0.13,0,-0.0066641,-0.00325502,-0.006464305,-0.0036256,-0.0036256,sell
2013-06-21,0,1.48,0.11,0,1.54,0.37,0.1,0,-0.0042178,-0.00282536,-0.003913140,-0.0040440,-0.0026874,sell
2013-06-22,0,0.98,0.06,0,1.21,0.29,0.08,0, 0.0004256,-0.00347073, 0.000065164,-0.0051848, 0.0006474,sell
2013-06-23,0,0.77,0.04,0,0.99,0.23,0.07,0,-0.0017621,-0.00174090,-0.002489878,-0.0006515,-0.0021111,sell
2013-06-24,0,0.74,0.04,0,0.89,0.18,0.06,0,-0.0008131,-0.00098183,-0.002743514, 0.0045879,-0.0000161,buy
2013-06-25,0,1.05,0.05,0,0.87,0.14,0.06,0, 0.0017873, 0.00178727, 0.001787271, 0.0016728, 0.0017873,buy
2013-06-26,0,1.79,0.05,0,0.97,0.11,0.06,0,-0.0035755,-0.00437325,-0.003575492,-0.0034142,-0.0013513,sell
2013-06-27,0,1.45,0.06,0,1.41,0.09,0.05,0,-0.0021695,-0.00213817,-0.002138167,-0.0015446,-0.0021382,sell
2013-06-28,0,0.88,0.09,0,1.49,0.09,0.05,0, 0.0065120, 0.00556430, 0.006122390, 0.0065120, 0.0064562,buy
2013-06-29,0,0.69,0.15,0,1.12,0.09,0.06,0, 0.0030734,-0.00029024,-0.000290237, 0.0004360,-0.0002902,buy
2013-06-30,0,0.69,0.27,0,1.14,0.1,0.06,0,-0.0005328,-0.00378638,-0.004292139,-0.0026998,-0.0012647,sell
2013-07-01,0,0.95,0.57,0,1.6,0.11,0.06,0,-0.0040407, 0.00120352,-0.000247696, 0.0016355, 0.0000830,buy
2013-07-02,0,1.37,0.67,0,1.5,0.15,0.06,0,-0.0023021,-0.00431899,-0.005415086,-0.0005122,-0.0058472,sell
2013-07-03,0,1.71,0.55,0,0.92,0.21,0.06,0, 0.0043940, 0.00219391, 0.002193911, 0.0022345, 0.0043940,buy
2013-07-04,0,1.61,0.61,0,0.72,0.33,0.06,0,-0.0048894,-0.00524023,-0.005372955,-0.0049766,-0.0048894,sell
2013-07-05,0,1.47,0.75,0,0.65,0.44,0.06,0,-0.0068212,-0.00555019,-0.006128795,-0.0065964,-0.0055502,sell
2013-07-06,0,1.15,0.76,0,0.66,0.36,0.06,0,-0.0019358,-0.00143007,-0.002184637,-0.0018900,-0.0022596,sell
2013-07-07,0,0.73,0.64,0,0.72,0.22,0.06,0, 0.0048564, 0.00611297,-0.004296977, 0.0061130, 0.0061130,buy
2013-07-08,0,0.51,1.03,0,0.74,0.14,0.06,0,-0.0011272,-0.00127488, 0.000583273,-0.0010681,-0.0016007,sell
2013-07-09,0,0.43,0.95,0,0.91,0.11,0.06,0,-0.0066684,-0.00708058,-0.006102314,-0.0066684,-0.0062187,sell
2013-07-10,0,0.5,0.46,0,1.41,0.1,0.06,0, 0.0012054, 0.00162477, 0.002259304, 0.0018313,-0.0009530,buy
2013-07-11,0,0.79,0.32,0,2.13,0.14,0.06,0,-0.0073096,-0.00483166,-0.007267359,-0.0078214,-0.0073096,sell
2013-07-12,0,0.86,0.34,0,1.61,0.28,0.06,0, 0.0025773, 0.00082216, 0.000822159, 0.0008222,-0.0011257,buy
2013-07-13,0,0.42,0.42,0,1.4,0.37,0.07,0,-0.0001553,-0.00625866, 0.000424054,-0.0002316,-0.0011640,sell
2013-07-14,0,0.17,0.62,0,1.47,0.2,0.07,0,-0.0045197,-0.00346996,-0.002744261,-0.0046705,-0.0050139,sell
2013-07-15,0,0.13,0.75,0,1.68,0.08,0.07,0,-0.0070103,-0.00498327,-0.003822177,-0.0055470,-0.0064782,sell
2013-07-16,0,0.25,0.77,0,2,0.03,0.07,0,-0.0061846,-0.00090230,-0.000879996,-0.0012932,-0.0051328,sell
2013-07-17,0,0.62,0.79,0,2.19,0.01,0.07,0,-0.0034496,-0.00162839,-0.002623286,-0.0017102,-0.0038331,sell
2013-07-18,0,1.01,0.72,0,2.27,0.04,0.07,0,-0.0012422,-0.00194683,-0.004460837,-0.0024217,-0.0024265,sell
2013-07-19,0,1.1,0.67,0,2.47,0.13,0.07,0,-0.0000451,-0.00036070,-0.003771187,-0.0009207,-0.0008156,buy
2013-07-20,0,1.78,0.73,0,2.77,0.38,0.07,0, 0.0014983, 0.00272890,-0.001374073, 0.0028142,-0.0009002,buy
2013-07-21,0,1.47,0.89,0,3.16,0.48,0.07,0,-0.0031471,-0.00480997,-0.004892955,-0.0053261,-0.0028128,sell
2013-07-22,0,0.58,1.04,0,3.4,0.21,0.08,0, 0.0032709, 0.00281789, 0.003498458, 0.0034948, 0.0013840,buy
2013-07-23,0,0.24,0.91,0,3.39,0.08,0.09,0, 0.0040826, 0.00413565, 0.004127807, 0.0047110, 0.0038285,buy
2013-07-24,0,0.09,0.73,0,3.3,0.04,0.14,0, 0.0034620, 0.00377152, 0.003557031, 0.0047080, 0.0037494,buy
2013-07-25,0,0,0.68,0,3.3,0.02,0.22,0, 0.0020673, 0.00270658, 0.003162715, 0.0039360, 0.0036941,buy
2013-07-26,0,0,0.85,0,3.55,0,0.46,0, 0.0003627,-0.00029316, 0.001015545, 0.0024442, 0.0011852,buy
2013-07-27,0,0.02,1.11,0,3.85,0,0.74,0,-0.0024071,-0.00355444,-0.003002438,-0.0032563,-0.0028579,sell
2013-07-28,0,0.04,0.99,0,3.84,0,1.05,0,-0.0027662,-0.00348639,-0.002698863,-0.0016662,-0.0013540,sell
2013-07-29,0,0.09,0.72,0,3.77,0,0.82,0,-0.0000480,-0.00201872, 0.001190400,-0.0003029, 0.0012941,sell
2013-07-30,0,0.22,0.66,0,4,0,0.6,0, 0.0010271,-0.00222270, 0.000986426, 0.0009057, 0.0011129,buy
2013-07-31,0,0.57,0.78,0,4.11,0,0.64,0, 0.0000158,-0.00396633,-0.001969000,-0.0021217,-0.0019849,sell
2013-08-01,0,0.7,1.18,0,3.74,0,0.92,0,-0.0032501,-0.00354952,-0.004742397,-0.0028626,-0.0027573,sell
2013-08-02,0,0.29,1.31,0,2.81,0,1.18,0, 0.0058721, 0.00739143, 0.004847463, 0.0051712, 0.0081269,buy
2013-08-03,0,0.1,1.45,0,2.21,0,1.06,0, 0.0074439, 0.01019530, 0.007382970, 0.0055687, 0.0106879,buy
2013-08-04,0,0.1,1.73,0,1.89,0,0.69,0,-0.0006377, 0.00168455,-0.003071554,-0.0048275,-0.0008512,sell
2013-08-05,0,0.3,1.45,0,1.82,0,0.48,0,-0.0022202,-0.00474555,-0.005030525,-0.0042787,-0.0070591,sell
2013-08-06,0,1.18,0.78,0,1.86,0.02,0.35,0,-0.0026012,-0.00257725,-0.003930443,-0.0026012,-0.0078549,sell
2013-08-07,0,1.45,0.46,0,2.04,0.04,0.27,0,-0.0023823,-0.00211077,-0.003309835,-0.0030947,-0.0035155,sell
2013-08-08,0,0.54,0.32,0,2.46,0.08,0.21,0,-0.0015126,-0.00401101,-0.001136252, 0.0003057,-0.0008416,sell
2013-08-09,0,0.39,0.29,0,2.78,0.07,0.2,0,-0.0003329,-0.00019671,-0.000423908,-0.0006294,-0.0003329,sell
2013-08-10,0,0.54,0.53,0,2.61,0.05,0.18,0,-0.0042988,-0.00438189,-0.004466968,-0.0046474,-0.0051463,sell
2013-08-11,0,0.82,0.56,0,2.52,0.08,0.15,0,-0.0032432,-0.00239683,-0.004745412,-0.0033241,-0.0035028,sell
2013-08-12,0,0.8,0.31,0,2.6,0.11,0.15,0,-0.0073548,-0.00708390,-0.008750926,-0.0086242,-0.0076965,sell
2013-08-13,0,0.69,0.6,0,2.77,0.2,0.17,0,-0.0025286,-0.00352083,-0.005187067,-0.0036376,-0.0036587,sell
2013-08-14,0,0.77,0.87,0,2.93,0.32,0.18,0,-0.0024348,-0.00243755,-0.002958746,-0.0033486,-0.0018835,sell
2013-08-15,0,1.1,0.93,0,2.23,0.51,0.18,0,-0.0011907,-0.00394570,-0.002301214,-0.0021632,-0.0021581,sell
2013-08-16,0,1.45,0.28,0,1.93,0.67,0.18,0,-0.0031574,-0.00333910,-0.003696028,-0.0002454,-0.0026098,sell
2013-08-17,0,1.31,0.16,0,1.77,0.57,0.19,0,-0.0003397,-0.00034943,-0.001517607,-0.0003492, 0.0031464,buy
2013-08-18,0,0.87,0.2,0,1.79,0.63,0.2,0, 0.0020553, 0.00422047, 0.001393022,-0.0027064, 0.0008578,buy
2013-08-19,0,0.98,0.41,0,1.9,0.81,0.2,0, 0.0035654, 0.00232871, 0.001232640, 0.0023287, 0.0042318,buy
2013-08-20,0,1.58,0.48,0,2.17,0.94,0.21,0, 0.0015880, 0.00196138,-0.002691849, 0.0016752,-0.0026918,buy
2013-08-21,0,1.9,0.24,0,2.97,1.18,0.23,0,-0.0014713, 0.00227868, 0.000286909, 0.0001865,-0.0014703,buy
2013-08-22,0,1.92,0.14,0,3.05,1.3,0.24,0,-0.0031453, 0.00138773,-0.002519030,-0.0014554,-0.0026951,sell
2013-08-23,0,1.86,0.14,0,2.36,0.81,0.25,0, 0.0028422, 0.00279961, 0.001699102, 0.0041681, 0.0012882,buy
2013-08-24,0,1.28,0.2,0,2.21,0.47,0.25,0, 0.0043756, 0.00173239, 0.000347780, 0.0028581, 0.0001878,buy
2013-08-25,0,0.84,0.44,0,2.3,0.29,0.28,0, 0.0000238, 0.00094455,-0.000143444, 0.0021990, 0.0009445,buy
2013-08-26,0,0.71,0.86,0,2.4,0.25,0.35,0,-0.0004106,-0.00150241,-0.001785064,-0.0007760,-0.0017949,sell
2013-08-27,0,0.76,0.63,0,2.32,0.25,0.47,0,-0.0029687,-0.00297229,-0.002866398,-0.0029723,-0.0043287,sell
2013-08-28,0,0.82,0.31,0,2.15,0.31,0.49,0,-0.0074177,-0.00775600,-0.007127252,-0.0064889,-0.0073612,sell
2013-08-29,0,0.71,0.31,0,2.01,0.49,0.73,0,-0.0056627,-0.00510152,-0.004457095, 0.0044181,-0.0001945,sell
2013-08-30,0,0.57,0.3,0,1.93,0.52,1.2,0,-0.0017866,-0.00178665,-0.001786648,-0.0017866,-0.0007215,sell
2013-08-31,0,0.69,0.23,0,1.85,0.34,1.3,0, 0.0003280,-0.00132924,-0.000846968,-0.0009089,-0.0034499,sell
2013-09-01,0,1.02,0.32,0,1.83,0.37,0.7,0,-0.0046202,-0.00440448,-0.003455760,-0.0054441,-0.0027375,sell
2013-09-02,0,0.85,0.51,0,1.9,0.53,0.64,0,-0.0054190,-0.00662182,-0.004370860,-0.0029843,-0.0049482,sell
2013-09-03,0,0.52,0.61,0,2.08,0.42,0.62,0,-0.0000226,-0.00041236,-0.000708042, 0.0009421,-0.0007045,buy
2013-09-04,0,0.34,0.44,0,2.44,0.27,0.63,0,-0.0014899, 0.00087947,-0.000946771, 0.0008562, 0.0006031,buy
2013-09-05,0,0.32,0.27,0,2.55,0.19,0.77,0,-0.0004940,-0.00273439,-0.002710494,-0.0021797,-0.0022299,sell
2013-09-06,0,0.56,0.19,0,2.21,0.18,1.12,0, 0.0020150, 0.00162482, 0.002076611, 0.0016248,-0.0000769,buy
2013-09-07,0,1.4,0.18,0,2.2,0.15,1.49,0, 0.0008864, 0.00284017, 0.000802712, 0.0007054,-0.0025126,buy
2013-09-08,0,1.45,0.23,0,2.91,0.17,1.4,0, 0.0011512, 0.00341881, 0.003076579, 0.0059525, 0.0016645,buy
2013-09-09,0,0.54,0.37,0,2.71,0.22,1.32,0, 0.0060752, 0.00659987, 0.005280319, 0.0046645, 0.0052803,buy
2013-09-10,0,0.23,0.69,0,1.8,0.29,1.57,0,-0.0024940,-0.00373599,-0.003271069,-0.0038866,-0.0036865,sell
2013-09-11,0,0.13,1.04,0,1.52,0.38,2.19,0, 0.0022545, 0.00225452, 0.003169839, 0.0022545, 0.0025073,buy
2013-09-12,0,0.07,0.86,0,1.63,0.37,2.19,0,-0.0005127,-0.00150476,-0.002356236,-0.0014411,-0.0020874,sell
2013-09-13,0,0.08,0.93,0,2.19,0.3,1.65,0,-0.0020705,-0.00139058,-0.002184883,-0.0020047, 0.0004474,sell
2013-09-14,0,0.1,1.12,0,2.2,0.26,1.52,0, 0.0016781, 0.00104954, 0.001854509, 0.0016781, 0.0025535,buy
2013-09-15,0,0.11,1.36,0,1.61,0.26,1.7,0,-0.0024741, 0.00299963, 0.001538698,-0.0024741, 0.0015194,sell
2013-09-16,0,0.13,1.21,0,1.29,0.27,2.2,0, 0.0025743, 0.00329103, 0.004486908, 0.0025743, 0.0032910,buy
2013-09-17,0,0.15,0.5,0,1.17,0.26,2.67,0, 0.0029214, 0.00411685, 0.001259894, 0.0023252, 0.0034135,buy
2013-09-18,0,0.23,0.28,0,1.1,0.23,2.89,0, 0.0014340, 0.00233650, 0.001148356, 0.0014340, 0.0033636,buy
2013-09-19,0,0.38,0.26,0,1.09,0.25,3.04,0, 0.0023846, 0.00179775, 0.000943170, 0.0023846, 0.0030989,buy
2013-09-20,0,0.9,0.39,0,1.14,0.33,2.71,0,-0.0027214,-0.00266765,-0.002510879,-0.0028492,-0.0035384,sell
2013-09-21,0,0.96,0.38,0,1.2,0.52,2.17,0, 0.0042831, 0.00242614, 0.004401371, 0.0042387, 0.0042719,buy
2013-09-22,0,0.5,0.29,0,1.32,0.84,1.7,0,-0.0021132,-0.00300295,-0.002215189,-0.0020889,-0.0020094,sell
2013-09-23,0,0.51,0.26,0,1.49,0.8,1.47,0,-0.0019416,-0.00345923,-0.003482072,-0.0035164,-0.0043908,sell
2013-09-24,0,0.76,0.3,0,1.76,0.62,1.34,0,-0.0002295,-0.00099117,-0.000325645,-0.0002295, 0.0001253,buy
2013-09-25,0,1.74,0.5,0,1.81,0.65,1.31,0, 0.0005410, 0.00079907,-0.001248413,-0.0028508, 0.0011979,buy
2013-09-26,0,1.93,0.52,0,1.59,0.71,1.28,0,-0.0017529,-0.00016109,-0.002549250,-0.0028820, 0.0002560,sell
2013-09-27,0,1.03,0.32,0,1.42,0.74,1.26,0, 0.0020197,-0.00043203, 0.003116886, 0.0023844, 0.0008217,buy
2013-09-28,0,0.81,0.22,0,1.35,0.88,1.33,0, 0.0005972,-0.00034000, 0.000597165, 0.0003251,-0.0004839,buy
2013-09-29,0,0.73,0.24,0,1.35,0.86,1.41,0,-0.0001121,-0.00187112,-0.000112114,-0.0007041,-0.0010791,sell
2013-09-30,0,0.71,0.3,0,1.46,0.65,1.47,0, 0.0018562, 0.00103066, 0.001215764,-0.0004838,-0.0037723,sell
2013-10-01,0,0.72,0.5,0,1.73,0.69,1.49,0,-0.0013288,-0.00384843,-0.000570305,-0.0015776,-0.0059319,sell
2013-10-02,0,0.81,0.96,0,2.1,0.75,1.51,0, 0.0045752, 0.00165819, 0.001752731, 0.0007639, 0.0009015,buy
2013-10-03,0,1.04,1.13,0,2.54,0.62,1.52,0, 0.0017912, 0.00358163, 0.001184648, 0.0019261, 0.0021370,buy
2013-10-04,0,1.17,0.7,0,2.47,0.52,1.53,0,-0.0023564,-0.00288437,-0.004516771,-0.0040512,-0.0031865,sell
2013-10-05,0,1.23,0.44,0,1.91,0.45,1.68,0,-0.0050508,-0.00105837,-0.003468124,-0.0030367,-0.0034515,sell
2013-10-06,0,1.09,0.32,0,1.55,0.38,2.16,0,-0.0042286,-0.00118677,-0.001520233,-0.0011868,-0.0025667,sell
2013-10-07,0,0.98,0.33,0,1.38,0.33,2.37,0,-0.0037516,-0.00353884,-0.003961692,-0.0041135,-0.0037516,sell
2013-10-08,0,0.87,0.33,0,1.27,0.29,2.17,0,-0.0018709,-0.00182295,-0.003437163,-0.0018709,-0.0025332,sell
2013-10-09,0,0.91,0.23,0,1.23,0.27,2.29,0,-0.0040120,-0.00394711,-0.005689462,-0.0040120,-0.0040120,sell
2013-10-10,0,1.43,0.16,0,1.25,0.24,2.31,0,-0.0031954,-0.00203649,-0.002629254,-0.0020365,-0.0042108,sell
2013-10-11,0,1.8,0.12,0,1.34,0.22,2.26,0, 0.0015509, 0.00260042,-0.000070010, 0.0019504, 0.0001667,buy
2013-10-12,0,1.18,0.11,0,1.52,0.2,2.32,0,-0.0037048,-0.00083032,-0.000882068,-0.0008821,-0.0034583,sell
2013-10-13,0,0.6,0.1,0,1.91,0.19,2.49,0,-0.0018278,-0.00150257,-0.002105827, 0.0007364,-0.0018278,buy
2013-10-14,0,0.41,0.09,0,2.32,0.18,2.54,0,-0.0019263,-0.00169714,-0.001279552,-0.0017867,-0.0019874,sell
2013-10-15,0,0.45,0.08,0,2.5,0.17,2.34,0,-0.0015854, 0.00029992,-0.000186531,-0.0007153,-0.0014758,sell
2013-10-16,0,0.75,0.08,0,2.28,0.18,2.14,0, 0.0004217, 0.00025398, 0.001400909, 0.0029673, 0.0012092,buy
2013-10-17,0,1.51,0.07,0,1.72,0.19,2.05,0, 0.0028809, 0.00609882, 0.003990559, 0.0042671, 0.0028318,buy
2013-10-18,0,1.32,0.06,0,1.48,0.21,2.15,0, 0.0009590, 0.00235924, 0.001952016, 0.0018926, 0.0014517,buy
2013-10-19,0,0.59,0.05,0,1.32,0.23,2.42,0,-0.0009115,-0.00091150,-0.003905763,-0.0000401,-0.0007421,buy
2013-10-20,0,0.3,0.05,0,1.17,0.23,2.54,0, 0.0065634, 0.00656755, 0.002037352, 0.0025292, 0.0035210,buy
2013-10-21,0,0.17,0.05,0,1.21,0.24,2.27,0, 0.0076077, 0.00760534, 0.003598629, 0.0032416, 0.0042735,buy
2013-10-22,0,0.09,0.07,0,1.32,0.33,2.08,0, 0.0024584, 0.00463870, 0.002288072, 0.0013273, 0.0032976,buy
2013-10-23,0,0.08,0.08,0,1.82,0.43,2.01,0,-0.0030342,-0.00295258,-0.003460279,-0.0038578, 0.0012123,sell
2013-10-24,0,0.08,0.14,0,2.21,0.5,1.98,0,-0.0024283,-0.00559127,-0.002327467,-0.0051161, 0.0017962,sell
2013-10-25,0,0.07,0.3,0,1.57,0.38,1.7,0, 0.0000208,-0.00185290,-0.000537638,-0.0016258, 0.0020778,sell
2013-10-26,0,0.07,0.52,0,1.24,0.34,1.46,0,-0.0041519,-0.00481391,-0.003354201,-0.0049583,-0.0048139,sell
2013-10-27,0,0.07,0.42,0,1.15,0.36,1.4,0,-0.0057409,-0.00697061,-0.007246623,-0.0072272,-0.0068810,sell
2013-10-28,0,0.1,0.24,0,1.17,0.51,1.4,0,-0.0027739,-0.00072690,-0.002009622,-0.0036896,-0.0015189,sell
2013-10-29,0,0.1,0.19,0,1.18,0.87,1.37,0,-0.0014831,-0.00311367,-0.004901863,-0.0031602,-0.0032099,sell
2013-10-30,0,0.1,0.24,0,1.2,1.11,1.56,0, 0.0033765, 0.00342125, 0.003376528, 0.0019685, 0.0036161,buy
2013-10-31,0,0.11,0.33,0,1.21,1.42,2.23,0, 0.0003105, 0.00565346, 0.000253239, 0.0034348,-0.0002436,buy
2013-11-01,0,0.11,0.49,0,1.22,1.61,3.77,0,-0.0034350, 0.00197547,-0.003434958,-0.0024718,-0.0059548,sell
2013-11-02,0,0.11,0.4,0,1.25,1.11,3.23,0,-0.0003768, 0.00530842,-0.000376829,-0.0012056,-0.0013635,buy
2013-11-03,0,0.1,0.22,0,1.27,0.55,2.24,0, 0.0021361, 0.00309819,-0.000782900, 0.0014659, 0.0043610,buy
2013-11-04,0,0.1,0.16,0,1.29,0.36,1.67,0, 0.0004955,-0.00009233, 0.001461651,-0.0017736,-0.0017736,sell
2013-11-05,0,0.1,0.16,0,1.33,0.26,1.38,0,-0.0016434,-0.00219016,-0.007647344,-0.0044119,-0.0023594,sell
2013-11-06,0,0.1,0.18,0,1.43,0.24,1.43,0, 0.0005570, 0.00153653,-0.002452335, 0.0006937, 0.0016329,buy
2013-11-07,0,0.1,0.24,0,1.62,0.29,2.1,0,-0.0069998,-0.00262188,-0.006724081,-0.0069998, 0.0049344,sell
2013-11-08,0,0.1,0.32,0,1.96,0.38,2.64,0,-0.0039900,-0.00471162,-0.007307289,-0.0077796,-0.0065189,sell
2013-11-09,0,0.1,0.42,0,2.37,0.57,1.74,0, 0.0001534,-0.00200954, 0.000783262,-0.0003842, 0.0017979,sell
2013-11-10,0,0.1,0.38,0,2.27,0.58,1.15,0,-0.0003948, 0.00019106, 0.000231411, 0.0005808, 0.0023984,buy
2013-11-11,0,0.1,0.27,0,1.95,0.47,0.97,0, 0.0027172, 0.00316766, 0.003009058, 0.0036219, 0.0040875,buy
2013-11-12,0,0.11,0.2,0,1.79,0.42,1.06,0, 0.0032487, 0.00337768, 0.001935243, 0.0009492, 0.0027370,buy
2013-11-13,0,0.15,0.16,0,1.78,0.4,1.19,0, 0.0004108,-0.00002102,-0.001757382,-0.0021393,-0.0003009,buy
2013-11-14,0,0.2,0.13,0,1.78,0.42,1.79,0,-0.0014872,-0.00289329,-0.003284609,-0.0034167,-0.0017789,sell
2013-11-15,0,0.33,0.15,0,1.93,0.5,2.01,0,-0.0022343,-0.00556750,-0.005460476,-0.0055727,-0.0041056,sell
2013-11-16,0,0.39,0.17,0,2.2,0.67,1.39,0, 0.0002110, 0.00307336, 0.003453121, 0.0029266, 0.0023005,buy
2013-11-17,0,0.24,0.22,0,2.29,0.66,1.14,0, 0.0041563, 0.00418853, 0.004188532, 0.0054556, 0.0041024,buy
2013-11-18,0,0.16,0.29,0,1.98,0.48,1.24,0, 0.0026105, 0.00266179, 0.002175779, 0.0020852, 0.0020128,buy
2013-11-19,0,0.14,0.46,0,1.69,0.42,1.53,0, 0.0028391, 0.00009858, 0.001133594, 0.0016667, 0.0021685,buy
2013-11-20,0,0.12,0.63,0,1.46,0.45,1.76,0, 0.0010310,-0.00219109,-0.002191091,-0.0021911,-0.0041355,sell
2013-11-21,0,0.11,0.7,0,1.32,0.53,1.66,0, 0.0023882,-0.00003961,-0.000039615,-0.0000396,-0.0036255,sell
2013-11-22,0,0.12,0.68,0,1.23,0.53,1.19,0, 0.0024948, 0.00089994, 0.000287851, 0.0009335, 0.0024316,buy
2013-11-23,0,0.13,0.69,0,1.13,0.5,1.1,0,-0.0022850,-0.00273000,-0.002729997,-0.0016831,-0.0017989,sell
2013-11-24,0,0.2,0.79,0,1.12,0.55,1.24,0, 0.0035442, 0.00086097, 0.000860966, 0.0012897, 0.0035903,buy
2013-11-25,0,0.41,0.93,0,1.11,0.6,1.58,0,-0.0013434,-0.00146792, 0.000413213,-0.0004004,-0.0034131,sell
2013-11-26,0,0.93,0.85,0,1.12,0.52,2.32,0, 0.0057907, 0.00577290, 0.006362396, 0.0057907, 0.0064009,buy
2013-11-27,0,0.91,0.63,0,1.2,0.51,2.69,0, 0.0046166, 0.00219860, 0.003437818, 0.0046166, 0.0028651,buy
2013-11-28,0,0.44,0.46,0,1.25,0.76,2.24,0, 0.0016858, 0.00179426, 0.002590767, 0.0056333, 0.0024204,buy
2013-11-29,0,0.31,0.36,0,1.25,0.72,1.49,0,-0.0002842, 0.00005451,-0.000237399,-0.0006903,-0.0019512,sell
2013-11-30,0,0.46,0.29,0,1.31,0.47,1.08,0,-0.0007207,-0.00110035,-0.001460440,-0.0014604,-0.0014604,buy
2013-12-01,0,0.41,0.26,0,1.54,0.64,1.02,0,-0.0037524,-0.00269308,-0.002618624,-0.0023994,-0.0026734,sell
2013-12-02,0,0.22,0.25,0,1.64,0.85,1.36,0, 0.0001854,-0.00387097,-0.005324865,-0.0026944,-0.0041849,sell
2013-12-03,0,0.18,0.29,0,1.28,0.77,2,0, 0.0015698, 0.00027904, 0.002978934, 0.0051350, 0.0026952,buy
2013-12-04,0,0.18,0.35,0,1.04,0.64,1.98,0, 0.0024939, 0.00262023, 0.002396944, 0.0072246, 0.0028108,buy
2013-12-05,0,0.25,0.47,0,0.92,0.65,1.3,0, 0.0056951, 0.00426368, 0.006137885, 0.0038675, 0.0066697,buy
2013-12-06,0,0.49,0.64,0,0.88,0.54,0.8,0,-0.0033706,-0.00503665,-0.004155786,-0.0036423,-0.0036846,sell
2013-12-07,0,1.08,0.87,0,0.89,0.34,0.55,0, 0.0022416, 0.00462164, 0.002879089, 0.0029566, 0.0017567,buy
2013-12-08,0,0.85,0.94,0,0.98,0.23,0.43,0, 0.0031479, 0.00226015, 0.002976182, 0.0029762, 0.0018498,buy
2013-12-09,0,0.46,0.9,0,1.04,0.19,0.46,0,-0.0013035,-0.00130346,-0.000756662,-0.0007567, 0.0003722,sell
2013-12-10,0,0.4,1.03,0,1.1,0.17,0.66,0,-0.0003138,-0.00031377, 0.001513717, 0.0015137, 0.0030550,buy
2013-12-11,0,0.42,0.83,0,1.52,0.26,1.27,0,-0.0000320, 0.00035213, 0.000352126, 0.0008428, 0.0008321,buy
2013-12-12,0,0.49,0.67,0,1.43,0.49,1.68,0,-0.0009523,-0.00136832,-0.001838057,-0.0016806,-0.0025161,sell
2013-12-13,0,0.57,0.6,0,0.91,0.59,1,0,-0.0033160,-0.00180052,-0.001444939,-0.0011314,-0.0015650,sell
2013-12-14,0,0.67,0.48,0,0.8,0.31,0.82,0, 0.0057124, 0.00396805, 0.004824073, 0.0055589, 0.0044248,buy
2013-12-15,0,0.8,0.43,0,0.76,0.15,1.28,0,-0.0044426,-0.00552634,-0.004652469,-0.0051301,-0.0055263,sell
2013-12-16,0,0.95,0.68,0,0.89,0.09,1.13,0, 0.0002043,-0.00037096,-0.004635107, 0.0015973, 0.0018643,buy
2013-12-17,0,1.14,0.49,0,1.05,0.08,0.54,0,-0.0017408,-0.00099052, 0.001104122,-0.0004199,-0.0004199,sell
2013-12-18,0,1.29,0.2,0,1.08,0.08,0.34,0,-0.0036415,-0.00356621,-0.004051029,-0.0038462,-0.0036668,sell
2013-12-19,0,1.31,0.1,0,1.28,0.04,0.27,0,-0.0002070,-0.00101015,-0.001145304, 0.0019543,-0.0003751,buy
2013-12-20,0,1.18,0.08,0,1.66,0.01,0.25,0,-0.0030274, 0.00132076, 0.002094834, 0.0032360, 0.0018802,buy
2013-12-21,0,0.98,0.11,0,1.54,0.01,0.29,0,-0.0022161, 0.00058148, 0.000711863, 0.0039346, 0.0005815,buy
2013-12-22,0,0.81,0.12,0,1.34,0.01,0.38,0, 0.0003061, 0.00090062, 0.001601159, 0.0028578, 0.0008904,buy
2013-12-23,0,0.7,0.18,0,1.89,0.01,0.62,0,-0.0003862,-0.00184750,-0.000662913, 0.0017727, 0.0013223,buy
2013-12-24,0,0.62,0.25,0,1.49,0.02,1.06,0,-0.0008339,-0.00083393, 0.001199504,-0.0003865,-0.0008339,sell
2013-12-25,0,0.56,0.37,0,0.83,0.07,1.29,0,-0.0011770,-0.00259612,-0.002771921,-0.0016940,-0.0031407,sell
2013-12-26,0,0.53,0.55,0,0.67,0.11,1.37,0,-0.0010007,-0.00165189, 0.001416632,-0.0016519, 0.0005453,sell
2013-12-27,0,0.54,0.8,0,0.6,0.13,0.87,0, 0.0061894, 0.00614512, 0.006446593, 0.0063392, 0.0064466,buy
2013-12-28,0,0.61,0.79,0,0.56,0.09,0.69,0, 0.0029764, 0.00299761, 0.001852162, 0.0026002, 0.0035745,buy
2013-12-29,0,0.67,0.54,0,0.55,0.07,1.14,0, 0.0038567, 0.00129853, 0.001401704, 0.0021191, 0.0016309,buy
2013-12-30,0,0.79,0.37,0,0.53,0.07,2.49,0, 0.0022845, 0.00320425, 0.002973006, 0.0006323, 0.0047315,buy
2013-12-31,0,0.94,0.26,0,0.51,0.11,2.47,0, 0.0033618, 0.00349492, 0.003494915, 0.0036535, 0.0075811,buy
2014-01-01,0,0.97,0.18,0,0.5,0.16,1.32,0, 0.0051183, 0.00113770, 0.006563753, 0.0039531, 0.0011377,buy
2014-01-02,0,0.81,0.13,0,0.49,0.27,0.65,0,-0.0002214,-0.00219278,-0.003414001, 0.0005861,-0.0024569,buy
2014-01-03,0,0.71,0.09,0,0.48,0.48,0.38,0, 0.0003620, 0.00047063,-0.000615535,-0.0000291, 0.0004023,buy
2014-01-04,0,0.65,0.06,0,0.48,0.89,0.31,0,-0.0004434,-0.00447195,-0.001488447,-0.0003770, 0.0012827,sell
2014-01-05,0,0.63,0.04,0,0.48,0.8,0.32,0,-0.0028107,-0.00484328,-0.004908494,-0.0034985, 0.0001466,sell
2014-01-06,0,0.63,0.03,0,0.47,0.47,0.38,0,-0.0002456, 0.00042285, 0.000607709,-0.0002200, 0.0023775,buy
2014-01-07,0,0.7,0,0,0.48,0.46,0.32,0,-0.0021605,-0.00291993,-0.002511350,-0.0014457,-0.0024880,sell
2014-01-08,0,0.79,0,0,0.49,0.9,0.29,0,-0.0010702, 0.00152827,-0.000802940,-0.0010702,-0.0003778,sell
2014-01-09,0,0.92,0,0,0.52,0.92,0.34,0, 0.0045781,-0.00258818, 0.001880613, 0.0018806, 0.0007143,sell
2014-01-10,0,1.13,0,0,0.51,0.32,0.42,0, 0.0027284, 0.00439586, 0.004042233, 0.0027836, 0.0033483,buy
2014-01-11,0,1.33,0,0,0.51,0.16,0.52,0, 0.0005760, 0.00012256, 0.000095882, 0.0006491, 0.0006491,buy
2014-01-12,0,1.58,0,0,0.57,0.13,0.44,0,-0.0026806,-0.00107055,-0.000415403,-0.0006451,-0.0003066,sell
2014-01-13,0,1.72,0,0,1.04,0.23,0.34,0, 0.0007564,-0.00014568, 0.000778523, 0.0003825, 0.0010870,buy
2014-01-14,0,1.64,0,0,1.08,0.47,0.31,0,-0.0045115,-0.00390078, 0.000237764,-0.0083453,-0.0045115,sell
2014-01-15,0,1.52,0,0,0.59,0.89,0.32,0, 0.0013908, 0.00046327, 0.000904052, 0.0009041, 0.0009041,buy
2014-01-16,0,1.49,0,0,0.65,0.79,0.45,0, 0.0024698, 0.00050587, 0.000194907, 0.0004309, 0.0004309,buy
2014-01-17,0,1.55,0.02,0,1.34,0.39,0.54,0,-0.0053627,-0.00598683,-0.000892450,-0.0070433,-0.0059868,sell
2014-01-18,0,1.55,0.09,0,2.38,0.18,0.36,0, 0.0078020, 0.00669608, 0.006846445, 0.0056552, 0.0077629,buy
2014-01-19,0,1.41,0.42,0,1.65,0.1,0.29,0,-0.0024947,-0.00129046,-0.001946405, 0.0015896,-0.0083201,sell
2014-01-20,0,1.24,0.48,0,1.18,0.04,0.27,0, 0.0007412, 0.00199106, 0.002208959, 0.0019911, 0.0015416,buy
2014-01-21,0,1.13,0.11,0,1.56,0.02,0.27,0, 0.0002880, 0.00098247, 0.002036843, 0.0046966, 0.0014725,buy
2014-01-22,0,1.08,0.02,0,0.97,0.02,0.28,0, 0.0050258, 0.00437712, 0.003019959, 0.0048583, 0.0020147,buy
2014-01-23,0,1.07,0,0,1.04,0.01,0.33,0, 0.0062378, 0.00571524, 0.003357293, 0.0062029, 0.0023614,buy
2014-01-24,0,1.1,0,0,1.02,0.01,0.35,0, 0.0053373, 0.00484879, 0.003423445, 0.0053962, 0.0023017,buy
2014-01-25,0,1.15,0,0,0.62,0.04,0.4,0, 0.0034792, 0.00352338, 0.002381652, 0.0035109, 0.0017109,buy
2014-01-26,0,1.28,0,0,0.47,0.14,0.44,0, 0.0019488, 0.00164718, 0.000890015, 0.0004882, 0.0039536,buy
2014-01-27,0,1.5,0,0,0.48,0.22,0.53,0, 0.0004889,-0.00088417, 0.000412996, 0.0011902, 0.0014817,buy
2014-01-28,0,2.01,0.02,0,0.61,0.38,0.67,0,-0.0028495,-0.00334753, 0.000733212,-0.0019682,-0.0023587,sell
2014-01-29,0,2.49,0.05,0,0.91,0.64,0.79,0,-0.0075681,-0.00849388,-0.003384320,-0.0071475,-0.0082367,sell
2014-01-30,0,2,0.14,0,1.63,0.6,0.7,0,-0.0009946,-0.00079645,-0.000961707,-0.0011833,-0.0017034,sell
2014-01-31,0,1.56,0.39,0,2.49,0.28,0.63,0,-0.0064890,-0.00494620,-0.005457936,-0.0055146,-0.0055070,sell
2014-02-01,0,1.33,0.48,0,2.45,0.11,0.6,0,-0.0032195,-0.00219226,-0.004141638,-0.0046600,-0.0046318,sell
2014-02-02,0,1.13,0.21,0,1.99,0.05,0.59,0, 0.0032433, 0.00081907, 0.003035091, 0.0044158, 0.0044158,buy
2014-02-03,0,1.04,0.08,0,1.25,0.02,0.59,0, 0.0017142, 0.00188051,-0.000433681, 0.0013686, 0.0005911,buy
2014-02-04,0,0.98,0.03,0,0.7,0.02,0.59,0, 0.0018201, 0.00069192, 0.002135671, 0.0051705, 0.0017462,buy
2014-02-05,0,0.92,0,0,0.42,0,0.58,0, 0.0035994, 0.00125446, 0.004522141, 0.0052308, 0.0036760,buy
2014-02-06,0,0.89,0,0,0.31,0,0.57,0, 0.0042190, 0.00125446, 0.005471590, 0.0061802, 0.0044578,buy
2014-02-07,0,0.87,0,0,0.27,0.02,0.56,0, 0.0038696, 0.00163716, 0.004946426, 0.0057399, 0.0044292,buy
2014-02-08,0,0.86,0,0,0.22,0.03,0.54,0, 0.0038696, 0.00163716, 0.004946426, 0.0054371, 0.0044292,buy
2014-02-09,0,0.86,0,0,0.22,0.06,0.53,0, 0.0034776, 0.00183570, 0.004380070, 0.0045421, 0.0029954,buy
2014-02-10,0,0.86,0,0,0.22,0.15,0.52,0, 0.0046405, 0.00193914, 0.004655380, 0.0045526, 0.0040021,buy
2014-02-11,0,0.92,0,0,0.2,0.44,0.51,0, 0.0016611,-0.00012100, 0.002605735, 0.0016731, 0.0001315,buy
2014-02-12,0,1.06,0,0,0.2,0.58,0.51,0, 0.0027906,-0.00068235, 0.003035171, 0.0027150,-0.0023080,buy
2014-02-13,0,1.34,0,0,0.19,0.43,0.47,0, 0.0047629, 0.00330166, 0.005701907, 0.0047629, 0.0030211,buy
2014-02-14,0,1.89,0,0,0.19,0.49,0.49,0, 0.0024736, 0.00129404, 0.002655132, 0.0042613, 0.0025000,buy
2014-02-15,0,2.05,0,0,0.19,0.58,0.5,0, 0.0016765, 0.00067106, 0.001272925, 0.0020049, 0.0031487,buy
2014-02-16,0,2.1,0,0,0.19,0.59,0.52,0, 0.0014631, 0.00114841, 0.001811129, 0.0019250, 0.0038819,buy
2014-02-17,0,1.84,0,0,0.19,0.49,0.54,0, 0.0025537, 0.00159067, 0.002482401, 0.0040647, 0.0023889,buy
2014-02-18,0,1.38,0,0,0.18,0.35,0.55,0, 0.0033254, 0.00105278, 0.004675909, 0.0033254, 0.0024511,buy
2014-02-19,0,1.24,0,0,0.28,0.37,0.58,0, 0.0013959, 0.00203749, 0.003654472, 0.0013959, 0.0011486,buy
2014-02-20,0,1.21,0,0,0.58,0.34,0.6,0, 0.0008681, 0.00282098, 0.002041875, 0.0008681, 0.0012347,buy
2014-02-21,0,1.2,0,0,1.28,0.21,0.63,0,-0.0003199, 0.00089720, 0.000381139,-0.0007610, 0.0011451,buy
2014-02-22,0,1.21,0,0,0.94,0.15,0.67,0, 0.0035503, 0.00373637, 0.001937656, 0.0045428, 0.0022441,buy
2014-02-23,0,1.27,0,0,0.39,0.12,0.73,0, 0.0016725, 0.00188688, 0.001315108, 0.0015989, 0.0016725,buy
2014-02-24,0,1.29,0,0,0.23,0.11,0.8,0,-0.0001624,-0.00023957,-0.000293684,-0.0001624,-0.0001624,buy
2014-02-25,0,1.29,0,0,0.18,0.12,0.84,0,-0.0002584, 0.00019959,-0.002035063,-0.0002584,-0.0002584,buy
2014-02-26,0,1.31,0,0,0.2,0.17,0.78,0,-0.0015160,-0.00075017,-0.001498700,-0.0014137,-0.0017495,sell
2014-02-27,0,1.35,0,0,0.23,0.22,0.74,0,-0.0008099,-0.00064884,-0.001169520,-0.0008099,-0.0012270,sell
2014-02-28,0,1.43,0,0,0.34,0.3,0.73,0, 0.0025001,-0.00026505, 0.002483648, 0.0024890, 0.0013108,buy
2014-03-01,0,1.66,0,0,0.43,0.43,0.78,0, 0.0042928, 0.00061810, 0.004552390, 0.0046323, 0.0038186,buy
2014-03-02,0,2.19,0,0,0.32,0.63,0.94,0, 0.0023882, 0.00277367, 0.001777254, 0.0023528, 0.0018907,buy
2014-03-03,0,2.62,0,0,0.22,0.96,1.27,0,-0.0023996,-0.00271651,-0.002083197,-0.0014236,-0.0023955,sell
2014-03-04,0,2.65,0,0,0.18,0.98,1.15,0,-0.0012749,-0.00177313,-0.002030601,-0.0005518,-0.0012033,sell
2014-03-05,0,3.19,0,0,0.15,0.69,0.78,0, 0.0012412, 0.00083392,-0.000189548, 0.0030001,-0.0003662,buy
2014-03-06,0,3.17,0,0,0.17,0.49,0.62,0, 0.0040634, 0.00412446, 0.001675052, 0.0043778, 0.0040120,buy
2014-03-07,0,2.79,0,0,0.2,0.37,0.54,0, 0.0044066, 0.00450035, 0.002044826, 0.0045003, 0.0045003,buy
2014-03-08,0,2.05,0,0,0.25,0.3,0.48,0, 0.0011176, 0.00072407, 0.002527031, 0.0026108, 0.0025270,buy
2014-03-09,0,1.69,0,0,0.32,0.25,0.46,0, 0.0007612,-0.00083318, 0.001548017, 0.0027967, 0.0014327,buy
2014-03-10,0,1.62,0,0,0.47,0.22,0.44,0,-0.0005213,-0.00062794, 0.000586287, 0.0015142, 0.0013315,buy
2014-03-11,0,1.76,0,0,0.75,0.2,0.42,0,-0.0026744,-0.00028618,-0.000603737,-0.0006389, 0.0008487,sell
2014-03-12,0,2.09,0,0,0.95,0.21,0.41,0,-0.0012789, 0.00064973, 0.000316263,-0.0017630, 0.0012357,buy
2014-03-13,0,2.62,0.05,0,0.7,0.26,0.39,0, 0.0026756, 0.00371816, 0.002074241, 0.0030719, 0.0037182,buy
2014-03-14,0,2.67,0.13,0,0.45,0.34,0.39,0, 0.0033269, 0.00441289, 0.000530736, 0.0041246, 0.0039666,buy
2014-03-15,0,2.54,0.37,0,0.34,0.42,0.39,0, 0.0001778, 0.00148160,-0.003804365, 0.0014558, 0.0015085,buy
2014-03-16,0,2.52,0.86,0,0.31,0.47,0.41,0, 0.0002682, 0.00254045,-0.000856480,-0.0014541, 0.0001188,sell
2014-03-17,0,2.4,1.14,0,0.37,0.31,0.47,0, 0.0008584, 0.00078376, 0.000858377,-0.0018551, 0.0013603,buy
2014-03-18,0,2.28,1.1,0,0.54,0.2,0.6,0,-0.0027371,-0.00204250,-0.002737081,-0.0049874,-0.0017471,sell
2014-03-19,0,2.24,1.25,0,0.95,0.13,0.54,0,-0.0040316,-0.00371033,-0.003758138,-0.0043743,-0.0043548,sell
2014-03-20,0,2.29,1.2,0,1.64,0.11,0.4,0,-0.0017916,-0.00224204,-0.000349090, 0.0001566,-0.0017916,sell
2014-03-21,0,2.38,0.81,0,2.11,0.11,0.33,0, 0.0006870,-0.00002414, 0.000005105, 0.0012548, 0.0009160,buy
2014-03-22,0,2.58,0.3,0,1.55,0.11,0.29,0, 0.0049787, 0.00589382, 0.005225294, 0.0042859, 0.0045089,buy
2014-03-23,0,2.94,0.08,0,0.83,0.11,0.27,0,-0.0032354,-0.00327088,-0.003605411,-0.0035125,-0.0032709,sell
2014-03-24,0,3.81,0.02,0,0.58,0.11,0.25,0,-0.0045370,-0.00342765,-0.004614236,-0.0041914,-0.0045370,sell
2014-03-25,0,4.09,0,0,0.64,0.11,0.28,0,-0.0038837,-0.00364931,-0.003883735,-0.0036955,-0.0038837,sell
2014-03-26,0,3.85,0,0,1.13,0.11,0.37,0,-0.0028865,-0.00288645,-0.002886451,-0.0031103,-0.0028865,sell
2014-03-27,0,4.48,0,0,1.18,0.12,0.71,0,-0.0035456,-0.00367498,-0.003777386,-0.0035456,-0.0035456,sell
2014-03-28,0,4.09,0,0,0.65,0.12,0.89,0,-0.0052242,-0.00414404,-0.005336219,-0.0039544,-0.0052242,sell
2014-03-29,0,2.93,0,0,0.42,0.12,0.46,0,-0.0060560,-0.00249440,-0.003945266,-0.0037880,-0.0039453,sell
2014-03-30,0,2.12,0,0,0.3,0.14,0.26,0, 0.0004884,-0.00153271, 0.000479289, 0.0014273, 0.0029654,buy
2014-03-31,0,1.98,0.05,0,0.27,0.15,0.18,0,-0.0005563, 0.00081713, 0.001512607, 0.0020063, 0.0029553,buy
2014-04-01,0,2.25,0.26,0,0.29,0.2,0.17,0, 0.0015270, 0.00057742,-0.001797957, 0.0028330, 0.0023025,buy
2014-04-02,0,2.52,0.58,0,0.4,0.29,0.17,0,-0.0039051,-0.00221845,-0.004393997,-0.0018063,-0.0028320,sell
2014-04-03,0,2.01,0.36,0,0.66,0.46,0.16,0,-0.0052728,-0.00349878,-0.006519572,-0.0062188,-0.0047740,sell
2014-04-04,0,1.4,0.86,0,1.34,0.54,0.15,0,-0.0031178,-0.00429111,-0.003948498,-0.0031585,-0.0031585,sell
2014-04-05,0,1.06,1.3,0,1.62,0.4,0.14,0, 0.0006456, 0.00064555,-0.001739152, 0.0003325, 0.0006456,buy
2014-04-06,0,0.9,0.76,0,1.02,0.27,0.14,0, 0.0069117, 0.00437427, 0.003721957, 0.0043743, 0.0056963,buy
2014-04-07,0,0.85,0.25,0,0.7,0.26,0.13,0,-0.0012007,-0.00076417,-0.001115132,-0.0024311,-0.0002936,sell
2014-04-08,0,1.17,0.08,0,0.74,0.26,0.13,0,-0.0014418, 0.00123082,-0.001441751,-0.0020929,-0.0014418,sell
2014-04-09,0,1.52,0.07,0,1.1,0.31,0.12,0, 0.0035502, 0.00379706, 0.003550175, 0.0036854, 0.0035502,buy
2014-04-10,0,0.99,0.12,0,1.6,0.43,0.11,0, 0.0014809, 0.00240811, 0.000299319, 0.0012946, 0.0014809,buy
2014-04-11,0,0.88,0.21,0,1.66,0.59,0.11,0,-0.0005073, 0.00073949,-0.003043728,-0.0004878, 0.0017487,buy
2014-04-12,0,1.2,0.27,0,0.88,0.55,0.1,0,-0.0005978, 0.00091440,-0.000839228,-0.0016727, 0.0011010,buy
2014-04-13,0,2.07,0.31,0,0.46,0.45,0.1,0,-0.0044730,-0.00342312,-0.005882020,-0.0057708,-0.0037512,sell
2014-04-14,0,2.11,0.42,0,0.43,0.42,0.11,0,-0.0048214,-0.00316625,-0.005336434,-0.0046529,-0.0033328,sell
2014-04-15,0,1.8,0.61,0,0.92,0.44,0.15,0,-0.0040150,-0.00467156,-0.005687891,-0.0054092,-0.0051362,sell
2014-04-16,0,1.13,0.82,0,1.68,0.41,0.26,0,-0.0043829,-0.00577814,-0.006569652,-0.0032076,-0.0026676,sell
2014-04-17,0,0.91,0.8,0,0.96,0.43,0.54,0, 0.0001315, 0.00008156,-0.000788750, 0.0013526, 0.0021497,buy
2014-04-18,0,1,0.78,0,0.6,0.55,0.77,0, 0.0019202, 0.00198600,-0.000471606, 0.0020120, 0.0026789,buy
2014-04-19,0,1.03,0.97,0,0.37,0.77,0.47,0,-0.0013986,-0.00204748,-0.002088083,-0.0045106,-0.0000136,sell
2014-04-20,0,0.94,0.6,0,0.32,0.8,0.21,0, 0.0024614, 0.00463936, 0.004792312, 0.0024522, 0.0032677,buy
2014-04-21,0,0.8,0.29,0,0.31,0.85,0.12,0,-0.0033157, 0.00065102, 0.000181661,-0.0033157,-0.0011312,sell
2014-04-22,0,0.71,0.23,0,0.3,0.66,0.09,0, 0.0026553, 0.00144059, 0.001437860, 0.0017765, 0.0022218,buy
2014-04-23,0,0.66,0.4,0,0.27,0.91,0.1,0, 0.0014706,-0.00305741,-0.000871132, 0.0004930, 0.0007804,buy
2014-04-24,0,0.64,0.94,0,0.26,0.86,0.18,0,-0.0026220,-0.00399713,-0.006180947,-0.0085550,-0.0019967,sell
2014-04-25,0,0.65,0.95,0,0.26,0.39,0.43,0,-0.0056919, 0.00024584,-0.001530561,-0.0048671,-0.0024677,sell
2014-04-26,0,0.68,0.8,0,0.26,0.43,1.19,0, 0.0039324, 0.00876897, 0.004917477, 0.0064241, 0.0074674,buy
2014-04-27,0,0.74,0.51,0,0.25,0.59,1.16,0, 0.0053006, 0.00517565, 0.004471940, 0.0044041, 0.0051210,buy
2014-04-28,0,0.83,0.72,0,0.28,0.4,0.62,0, 0.0003423, 0.00141726,-0.001264868,-0.0003220, 0.0021372,buy
2014-04-29,0,0.84,0.74,0,0.52,0.2,0.8,0,-0.0024802,-0.00207490,-0.002990582,-0.0002058,-0.0019784,sell
2014-04-30,0,0.73,0.49,0,0.51,0.12,1.86,0, 0.0013985, 0.00323398, 0.003233984, 0.0015098, 0.0034052,buy
2014-05-01,0,0.6,1.15,0,0.31,0.08,1.73,0,-0.0028126,-0.00303168,-0.005858647,-0.0036002,-0.0032819,sell
2014-05-02,0,0.51,1.56,0,0.31,0.06,0.46,0,-0.0013952, 0.00043770, 0.000027024, 0.0004462,-0.0010288,buy
2014-05-03,0,0.48,1.05,0,0.39,0.05,0.3,0,-0.0009629,-0.00182065,-0.000452686,-0.0025971,-0.0014828,sell
2014-05-04,0,0.79,0.43,0,0.54,0.04,0.49,0, 0.0016472, 0.00243405, 0.002416042, 0.0015127, 0.0020074,buy
2014-05-05,0,1.38,0.35,0,0.53,0.05,1.01,0,-0.0060665,-0.00399005,-0.003297727,-0.0023739,-0.0021833,sell
2014-05-06,0,1.24,0.53,0,0.44,0.14,1.72,0, 0.0010898, 0.00520778, 0.004569532, 0.0033322, 0.0049377,buy
2014-05-07,0,1.06,0.83,0,0.47,0.4,1.98,0, 0.0053020, 0.00452610, 0.005301968, 0.0053603, 0.0101153,buy
2014-05-08,0,1.5,1.31,0,0.71,0.41,1.26,0, 0.0096564, 0.00991665, 0.005967993, 0.0097812, 0.0074272,buy
2014-05-09,0,2.01,1.27,0,1,0.13,0.64,0,-0.0070411,-0.00567305,-0.006693920,-0.0066939,-0.0077252,sell
2014-05-10,0,1.36,1.35,0,0.73,0.04,0.37,0,-0.0018605,-0.00048080,-0.000093048,-0.0022950,-0.0004808,sell
2014-05-11,0,0.5,1.26,0,0.47,0.01,0.32,0,-0.0023414,-0.00330752, 0.001445700,-0.0030011,-0.0018958,sell
2014-05-12,0,0.29,1.02,0,0.38,0.01,0.34,0,-0.0005797,-0.00108224, 0.000155051,-0.0020595,-0.0009298,sell
2014-05-13,0,0.5,1.05,0,0.33,0,0.56,0,-0.0043137,-0.00333054,-0.003771131,-0.0053865,-0.0045524,sell
2014-05-14,0,1.07,1.35,0,0.37,0,0.87,0,-0.0037385,-0.00327807,-0.003250793,-0.0063434,-0.0037012,sell
2014-05-15,0,1.12,1.36,0,0.55,0,1.41,0,-0.0038906,-0.00419985,-0.005885321,-0.0043932,-0.0057425,sell
2014-05-16,0,0.57,1.03,0,1.01,0,1.37,0,-0.0022341,-0.00239783,-0.002397826,-0.0032773,-0.0009314,sell
2014-05-17,0,0.43,0.98,0,2.33,0.01,0.87,0,-0.0024213,-0.00229719,-0.001984518,-0.0018106,-0.0018106,sell
2014-05-18,0,0.66,0.97,0,2.49,0.02,0.63,0,-0.0033414,-0.00350619,-0.004342211,-0.0035062,-0.0043629,sell
2014-05-19,0,0.88,0.95,0,1.14,0.06,0.5,0, 0.0019952, 0.00105413, 0.002366240, 0.0007292, 0.0007189,buy
2014-05-20,0,0.72,0.85,0,0.61,0.17,0.41,0,-0.0014494, 0.00020362,-0.001413359,-0.0007761,-0.0008410,sell
2014-05-21,0,0.97,0.76,0,0.42,0.3,0.37,0,-0.0011982, 0.00103489,-0.000809364,-0.0005521, 0.0003704,sell
2014-05-22,0,1.66,0.72,0,0.31,0.42,0.36,0,-0.0062784,-0.00629344,-0.005431660,-0.0054317,-0.0056806,sell
2014-05-23,0,1.56,0.71,0,0.31,0.37,0.38,0,-0.0057592,-0.00583889,-0.004839336,-0.0048386,-0.0054145,sell
2014-05-24,0,1.43,0.71,0,0.32,0.35,0.43,0,-0.0051926,-0.00526211,-0.004685556,-0.0043413,-0.0052621,sell
2014-05-25,0,1.21,0.69,0,0.34,0.4,0.52,0,-0.0021758, 0.00050278,-0.002572080,-0.0032040, 0.0005028,sell
2014-05-26,0,0.56,0.7,0,0.34,0.25,0.66,0,-0.0022556,-0.00154258,-0.003097969, 0.0012964,-0.0003805,buy
2014-05-27,0,0.25,0.7,0,0.34,0.14,0.9,0,-0.0006075,-0.00010426,-0.002627219, 0.0016265,-0.0003474,buy
2014-05-28,0,0.17,0.7,0,0.36,0.12,1.12,0,-0.0013517,-0.00067718,-0.002220471,-0.0004602,-0.0013517,sell
2014-05-29,0,0.16,0.7,0,0.36,0.18,0.95,0,-0.0014514,-0.00300094,-0.003926005,-0.0002981,-0.0008856,sell
2014-05-30,0,0.16,0.72,0,0.37,0.45,0.62,0,-0.0020602,-0.00102447,-0.001382834,-0.0011650, 0.0002544,sell
2014-05-31,0,0.22,0.75,0,0.38,0.59,0.37,0, 0.0074006, 0.00508781, 0.005717051, 0.0082675, 0.0082675,buy
2014-06-01,0,0.33,0.81,0,0.38,0.28,0.26,0, 0.0026744, 0.00321060, 0.002847389, 0.0034825, 0.0048711,buy
2014-06-02,0,0.35,0.92,0,0.39,0.1,0.26,0, 0.0004938, 0.00125978, 0.001634147, 0.0005492, 0.0000241,buy
2014-06-03,0,0.32,1.15,0,0.38,0.04,0.48,0,-0.0012733,-0.00253811,-0.000380123,-0.0043686,-0.0015912,sell
2014-06-04,0,0.35,1.1,0,0.38,0,0.77,0,-0.0031724,-0.00263211,-0.002341266,-0.0043003,-0.0037964,sell
2014-06-05,0,0.42,1.05,0,0.38,0,0.62,0,-0.0041442,-0.00335508,-0.003793463,-0.0059794,-0.0051454,sell
2014-06-06,0,0.47,1.18,0,0.39,0,0.43,0,-0.0026347,-0.00220034,-0.000523571,-0.0038968,-0.0022683,sell
2014-06-07,0,0.52,1.39,0,0.39,0,0.23,0,-0.0032386,-0.00229171,-0.000231362,-0.0021849,-0.0019851,sell
2014-06-08,0,0.58,1.26,0,0.44,0,0.08,0,-0.0032593,-0.00367294, 0.003056850,-0.0027531,-0.0036818,sell
2014-06-09,0,0.67,1.1,0,0.5,0.01,0.08,0,-0.0030065,-0.00265732, 0.002682036,-0.0013614,-0.0026566,sell
2014-06-10,0,0.77,1.1,0,0.66,0.05,0.16,0,-0.0032977,-0.00342231, 0.003065276,-0.0026988,-0.0034223,sell
2014-06-11,0,0.88,1.31,0,0.9,0.17,0.39,0, 0.0009930, 0.00233279, 0.000977430, 0.0023328, 0.0023328,buy
2014-06-12,0,0.88,1.88,0,0.99,0.48,1.12,0, 0.0010630, 0.00119818, 0.002987775, 0.0006669, 0.0028144,buy
2014-06-13,0,0.75,2.14,0,1.28,0.32,1.4,0, 0.0019187, 0.00167926, 0.003761313, 0.0020004, 0.0037419,buy
2014-06-14,0,0.63,1.92,0,1.35,0.08,0.63,0,-0.0002243,-0.00406267,-0.004062673,-0.0028811,-0.0058226,sell
2014-06-15,0,0.53,1.46,0,0.98,0.02,0.3,0, 0.0057928, 0.00650944, 0.004482748, 0.0057122, 0.0061907,buy
2014-06-16,0,0.47,1.15,0,0.72,0,0.31,0,-0.0033347,-0.00059078, 0.002364320,-0.0002358,-0.0001990,sell
2014-06-17,0,0.4,0.95,0,0.6,0,0.58,0,-0.0004485, 0.00197140, 0.001428175,-0.0002174, 0.0014282,buy
2014-06-18,0,0.38,0.87,0,0.56,0,0.83,0, 0.0009079, 0.00090789, 0.001738686, 0.0013084, 0.0019019,buy
2014-06-19,0,0.48,0.83,0,0.61,0,0.49,0,-0.0017822,-0.00246164,-0.001115932,-0.0019140,-0.0038041,sell
2014-06-20,0,0.78,0.72,0,0.98,0,0.21,0, 0.0027803,-0.00029026,-0.000663615,-0.0002903,-0.0013084,buy
2014-06-21,0,1.19,0.65,0,1.7,0.01,0.09,0, 0.0008735, 0.00092900, 0.001382959, 0.0012496, 0.0012199,buy
2014-06-22,0,1.14,0.6,0,1.28,0.02,0.04,0, 0.0012414, 0.00133869, 0.002081489, 0.0019058, 0.0020815,buy
2014-06-23,0,1.42,0.57,0,0.99,0.07,0,0, 0.0008674, 0.00160178, 0.001601781, 0.0006013, 0.0008674,buy
2014-06-24,0,1.58,0.56,0,1.13,0.12,0,0, 0.0009808, 0.00142090, 0.001420898, 0.0003063, 0.0009808,buy
2014-06-25,0,1.29,0.59,0,1.58,0.07,0,0, 0.0004373, 0.00130089, 0.001294820, 0.0006884, 0.0012948,buy
2014-06-26,0,1.58,0.65,0,1.68,0.03,0,0,-0.0007738,-0.00103066,-0.001030658,-0.0017891,-0.0010307,sell
2014-06-27,0,2.58,0.76,0,1.47,0.01,0,0,-0.0001034,-0.00156188,-0.001732665,-0.0010082,-0.0001807,sell
2014-06-28,0,2.53,0.93,0,1.38,0,0,0,-0.0003699,-0.00159993,-0.000728786,-0.0001366, 0.0001673,sell
2014-06-29,0,1.44,1.02,0,1.35,0.01,0,0, 0.0042763,-0.00233356,-0.005181860, 0.0036987,-0.0032559,buy
2014-06-30,0,0.94,0.88,0,1.44,0.03,0,0, 0.0000197, 0.00004192,-0.004379477, 0.0003999,-0.0039681,buy
2014-07-01,0,0.87,0.68,0,1.56,0.07,0,0,-0.0013187,-0.00142960,-0.002599778,-0.0014296,-0.0025272,sell
2014-07-02,0,0.79,0.63,0,1.51,0.18,0,0,-0.0020647,-0.00252412,-0.002657536,-0.0025241,-0.0028037,sell
2014-07-03,0,0.82,0.78,0,1.3,0.36,0.01,0,-0.0008979,-0.00172054,-0.000344973,-0.0010162,-0.0010162,sell
2014-07-04,0,0.98,0.65,0,1.16,0.29,0.02,0,-0.0006179,-0.00099390, 0.000358974,-0.0006179,-0.0008600,sell
2014-07-05,0,1.2,0.33,0,1.05,0.12,0.07,0,-0.0016555, 0.00012389, 0.000667824,-0.0022265,-0.0006036,sell
2014-07-06,0,1.5,0.26,0,0.99,0.05,0.2,0, 0.0000067, 0.00202919, 0.001409554, 0.0008719, 0.0006809,buy
2014-07-07,0,1.78,0.26,0,0.94,0.02,0.28,0, 0.0014212, 0.00207014, 0.001596042, 0.0018771, 0.0007141,buy
2014-07-08,0,1.82,0.2,0,0.94,0,0.13,0, 0.0002070, 0.00026367, 0.001691459, 0.0000706, 0.0002678,buy
2014-07-09,0,1.75,0.14,0,0.99,0,0.05,0, 0.0003943, 0.00003700, 0.000921256, 0.0003608, 0.0004772,buy
2014-07-10,0,1.75,0.14,0,1.12,0,0.02,0,-0.0012110,-0.00113665,-0.000518040,-0.0008128,-0.0006964,sell
2014-07-11,0,1.48,0.13,0,1.4,0,0,0,-0.0004682,-0.00135445,-0.000468216,-0.0000850,-0.0001323,sell
2014-07-12,0,1.28,0.13,0,1.49,0,0,0,-0.0008550,-0.00212732,-0.000855011,-0.0001637,-0.0012930,sell
2014-07-13,0,1.29,0.13,0,1.16,0,0,0,-0.0017943,-0.00300635,-0.001794285,-0.0000608,-0.0012930,sell
2014-07-14,0,1.58,0.14,0,0.89,0,0,0,-0.0003961,-0.00261362,-0.000396140, 0.0002847,-0.0012032,sell
2014-07-15,0,1.38,0.14,0,0.81,0,0,0,-0.0012312,-0.00256114,-0.001231182, 0.0007436, 0.0001452,buy
2014-07-16,0,0.92,0.14,0,0.82,0,0,0,-0.0007676,-0.00254136,-0.001071957,-0.0004224, 0.0000700,sell
2014-07-17,0,0.72,0.14,0,0.98,0,0,0, 0.0008137,-0.00129288, 0.000542784,-0.0001309, 0.0008039,sell
2014-07-18,0,0.7,0.14,0,1.42,0,0,0,-0.0005779,-0.00348207,-0.002180365,-0.0002102,-0.0013190,sell
2014-07-19,0,0.77,0.14,0,1.48,0,0,0,-0.0009288,-0.00065919,-0.002106972,-0.0007625,-0.0027408,sell
2014-07-20,0,0.82,0.14,0,1.03,0,0,0,-0.0056184,-0.00349139,-0.004510037,-0.0023826,-0.0043835,sell
2014-07-21,0,0.9,0.14,0,0.83,0,0,0,-0.0048448,-0.00259130,-0.004495765,-0.0014820,-0.0043806,sell
2014-07-22,0,1.14,0.14,0,0.76,0,0,0,-0.0048651,-0.00265437,-0.004472866,-0.0028479,-0.0047117,sell
2014-07-23,0,1.6,0.14,0,0.74,0,0,0,-0.0023164,-0.00026170,-0.003353373,-0.0020415,-0.0041183,sell
2014-07-24,0,2.46,0.14,0,0.73,0,0,0,-0.0000920, 0.00139354, 0.001493443,-0.0006376, 0.0008194,sell
2014-07-25,0,3.1,0.14,0,0.74,0,0,0,-0.0048126,-0.00130627,-0.003304246,-0.0035990,-0.0031259,sell
2014-07-26,0,2.83,0.16,0,0.76,0,0,0,-0.0004714,-0.00017854,-0.000356782,-0.0015767,-0.0001785,sell
2014-07-27,0,2.99,0.2,0,0.78,0,0,0, 0.0003340, 0.00020739,-0.000057874,-0.0014168, 0.0001659,sell
2014-07-28,0,2.9,0.27,0,0.81,0,0,0, 0.0012263, 0.00040288, 0.000559506,-0.0014428, 0.0004029,sell
2014-07-29,0,2.68,0.46,0,0.82,0,0,0,-0.0009496,-0.00187565,-0.002170844,-0.0027547,-0.0020247,sell
2014-07-30,0,2.47,0.55,0,0.84,0,0,0,-0.0013552,-0.00286049,-0.002964210,-0.0030914,-0.0029056,sell
2014-07-31,0,2.2,0.38,0,0.87,0,0,0,-0.0053359,-0.00276273,-0.003721156,-0.0041867,-0.0035214,sell
2014-08-01,0,3.06,0.29,0,0.88,0,0,0, 0.0017143, 0.00094914, 0.001176404,-0.0015386, 0.0009491,buy
2014-08-02,0,2.84,0.38,0,0.9,0,0,0, 0.0001624, 0.00048102, 0.000652964,-0.0007400, 0.0004810,sell
2014-08-03,0,2.05,0.78,0,0.92,0,0,0,-0.0029565,-0.00187496,-0.003049840,-0.0030079,-0.0029533,sell
2014-08-04,0,2.48,0.98,0,0.95,0,0,0,-0.0042242,-0.00384276,-0.004224175,-0.0053195,-0.0038428,sell
2014-08-05,0,2.78,0.62,0,0.96,0,0,0,-0.0028958,-0.00521578,-0.003242862,-0.0037817,-0.0036914,sell
2014-08-06,0,2.1,0.74,0,0.99,0,0,0,-0.0011569,-0.00132036,-0.001155482,-0.0032618,-0.0011161,sell
2014-08-07,0,1.58,0.71,0,1.01,0,0,0,-0.0011819,-0.00118185,-0.001181851,-0.0020493,-0.0011819,sell
2014-08-08,0,1.39,1.52,0,1.03,0,0.02,0, 0.0026062,-0.00041881,-0.000535076, 0.0030082,-0.0004188,buy
2014-08-09,0,1.36,1.81,0,1.06,0,0.04,0,-0.0009039,-0.00209709,-0.002097094,-0.0002264,-0.0020971,sell
2014-08-10,0,1.57,0.84,0,1.07,0,0.09,0,-0.0027993,-0.00330941,-0.004680841,-0.0026983,-0.0018508,sell
2014-08-11,0,1.96,0.48,0,1.1,0,0.26,0,-0.0014997, 0.00338430, 0.000746924,-0.0053786,-0.0010379,sell
2014-08-12,0,2.69,0.41,0,1.13,0,0.32,0,-0.0001949,-0.00012761, 0.001499111,-0.0011780,-0.0008234,sell
2014-08-13,0,3.63,0.42,0,1.15,0,0.39,0, 0.0020949, 0.00147027, 0.001600241,-0.0004561, 0.0018805,buy
2014-08-14,0,2.64,0.48,0,1.17,0,0.69,0, 0.0019877, 0.00201704, 0.003499417, 0.0013634, 0.0017374,buy
2014-08-15,0,1.54,0.53,0,1.23,0,0.97,0,-0.0027556,-0.00587196,-0.002403010,-0.0014449,-0.0024755,sell
2014-08-16,0,1.28,0.59,0,1.28,0,1.12,0, 0.0010845,-0.00039974,-0.002911198, 0.0016069, 0.0016442,buy
2014-08-17,0,1.02,0.75,0,1.42,0,1.42,0, 0.0036704, 0.00172551,-0.000888642, 0.0012097, 0.0018881,buy
2014-08-18,0,1.16,0.59,0,1.72,0.03,1.03,0,-0.0032305,-0.00329876,-0.003376405,-0.0018117,-0.0033764,sell
2014-08-19,0,1.27,0.43,0,2.44,0.06,1.62,0,-0.0037977,-0.00338452,-0.003497567,-0.0030130,-0.0029550,sell
2014-08-20,0,0.94,0.51,0,2.43,0.03,1.42,0,-0.0022334,-0.00302000,-0.001380416,-0.0025987,-0.0015669,sell
2014-08-21,0,0.73,0.66,0,2.36,0,0.51,0,-0.0022197,-0.00336052,-0.005409042,-0.0028368,-0.0029615,sell
2014-08-22,0,0.65,0.59,0,2.54,0,0.31,0,-0.0033246,-0.00278201,-0.004855277,-0.0039869,-0.0039999,sell
2014-08-23,0,0.72,0.61,0,2.3,0,0.43,0,-0.0030555,-0.00334150,-0.006190571,-0.0028361,-0.0029608,sell
2014-08-24,0,0.74,0.92,0,1.98,0.01,1,0,-0.0024914,-0.00637811,-0.002743246,-0.0024946,-0.0026552,sell
2014-08-25,0,0.63,1.07,0,1.78,0.04,1.53,0, 0.0021370, 0.00015051, 0.000522324, 0.0028261, 0.0008289,buy
2014-08-26,0,0.55,0.59,0,1.65,0.13,1.26,0,-0.0035446,-0.00131197, 0.000063306, 0.0000633,-0.0004950,sell
2014-08-27,0,0.53,0.29,0,1.66,0.46,1.1,0,-0.0000564,-0.00042101,-0.000056397, 0.0002440, 0.0018599,buy
2014-08-28,0,0.52,0.2,0,1.62,0.57,0.99,0,-0.0031570,-0.00241516,-0.002415156,-0.0018877,-0.0022003,sell
2014-08-29,0,0.52,0.18,0,1.51,0.63,1.05,0,-0.0044356,-0.00321831,-0.003218306,-0.0012706,-0.0032183,sell
2014-08-30,0,0.58,0.2,0,1.53,0.6,1.19,0,-0.0019449,-0.00261160,-0.001987210,-0.0019449,-0.0020161,sell
2014-08-31,0,0.67,0.22,0,1.64,0.69,1.24,0,-0.0022412,-0.00224123,-0.002241229,-0.0022412,-0.0036839,sell
2014-09-01,0,0.92,0.25,0,1.77,0.64,0.89,0,-0.0008675, 0.00045004, 0.000892435, 0.0008962, 0.0008924,buy
2014-09-02,0,1.26,0.3,0,2.01,0.26,0.63,0, 0.0018594, 0.00017992, 0.000584836, 0.0005848, 0.0019543,buy
2014-09-03,0,1.03,0.39,0,2.07,0.15,0.49,0,-0.0009502,-0.00224250,-0.004285925,-0.0016687,-0.0005330,sell
2014-09-04,0,0.8,0.54,0,1.69,0.15,0.47,0,-0.0049616,-0.00499796,-0.004779518,-0.0049980,-0.0049616,sell
2014-09-05,0,0.85,0.82,0,1.42,0.12,0.56,0, 0.0037859, 0.00387990, 0.004431294, 0.0039557, 0.0034581,buy
2014-09-06,0,0.91,0.98,0,1.34,0.2,0.72,0, 0.0030093,-0.00198083, 0.003515958, 0.0016651, 0.0017318,buy
2014-09-07,0,0.76,0.75,0,1.34,0.34,1.08,0,-0.0000063,-0.00018216,-0.001316381, 0.0043599,-0.0000063,buy
2014-09-08,0,0.71,0.59,0,1.49,0.37,1.67,0,-0.0018864, 0.00126319, 0.000374688, 0.0025956, 0.0009476,buy
2014-09-09,0,0.7,0.41,0,1.91,0.32,2.5,0,-0.0066374,-0.00621178,-0.004472536,-0.0058824,-0.0062118,sell
2014-09-10,0,0.72,0.38,0,2.1,0.39,2.84,0,-0.0039382,-0.00475499,-0.004316667,-0.0061537,-0.0057102,sell
2014-09-11,0,0.76,0.47,0,1.64,0.5,2.07,0,-0.0007702, 0.00239777, 0.002618100, 0.0015882, 0.0009002,buy
2014-09-12,0,0.8,0.93,0,1.51,0.45,1.24,0,-0.0015130,-0.00137982,-0.003799711,-0.0040877,-0.0013811,sell
2014-09-13,0,0.87,1.02,0,1.57,0.25,0.8,0, 0.0003315,-0.00003335, 0.003838016, 0.0004796, 0.0012098,buy
2014-09-14,0,0.98,0.52,0,1.74,0.14,0.65,0, 0.0011228, 0.00048476,-0.002582856, 0.0004304,-0.0006765,buy
2014-09-15,0,0.97,0.36,0,2.27,0.09,0.72,0,-0.0008087,-0.00277828,-0.003538025,-0.0003485,-0.0011737,sell
2014-09-16,0,1.07,0.38,0,2.99,0.05,1.16,0, 0.0033058, 0.00306189, 0.004307967, 0.0036434, 0.0041487,buy
2014-09-17,0,1.37,0.48,0,3.18,0.04,1.05,0, 0.0019158, 0.00151811, 0.001555839,-0.0006868, 0.0011310,buy
2014-09-18,0,1.16,0.58,0,2.76,0.08,0.49,0, 0.0022872, 0.00258147,-0.001628789, 0.0000165, 0.0023376,buy
2014-09-19,0,0.8,0.57,0,2.01,0.13,0.28,0,-0.0063390,-0.00681214,-0.010447054,-0.0068786,-0.0068121,sell
2014-09-20,0,0.66,0.64,0,1.67,0.22,0.25,0, 0.0010005, 0.00095237,-0.000200604,-0.0080480, 0.0009524,sell
2014-09-21,0,0.59,0.7,0,1.53,0.41,0.33,0, 0.0072589, 0.00725888, 0.006829833, 0.0019052, 0.0072589,buy
2014-09-22,0,0.61,0.77,0,1.45,0.57,0.37,0, 0.0018756, 0.00247399, 0.002043734, 0.0020437, 0.0020437,buy
2014-09-23,0,0.66,0.88,0,1.3,0.55,0.55,0, 0.0022118, 0.00198332, 0.002211832, 0.0022118, 0.0022118,buy
2014-09-24,0,0.8,0.87,0,1.3,0.58,1.01,0,-0.0030083,-0.00267656,-0.002767378,-0.0042566,-0.0014275,sell
2014-09-25,0,1.11,0.73,0,1.31,0.6,1.43,0,-0.0043745,-0.00439375,-0.004617348,-0.0060300,-0.0023952,sell
2014-09-26,0,1.68,0.64,0,1.35,0.48,1.02,0, 0.0013405,-0.00074360,-0.001562358,-0.0013601,-0.0001183,buy
2014-09-27,0,1.88,0.66,0,1.44,0.47,0.54,0,-0.0043838,-0.00668546,-0.005770955,-0.0049596,-0.0049596,sell
2014-09-28,0,1.33,0.76,0,1.71,0.53,0.29,0, 0.0057714, 0.00655196, 0.004415698, 0.0057034, 0.0056873,buy
2014-09-29,0,0.97,0.59,0,2.23,0.54,0.16,0, 0.0067835, 0.00829515, 0.003211448, 0.0063087, 0.0064786,buy
2014-09-30,0,0.77,0.37,0,2.76,0.6,0.14,0,-0.0043245,-0.00149765,-0.000445207,-0.0024145,-0.0026326,sell
2014-10-01,0,0.68,0.29,0,2.65,0.43,0.09,0,-0.0025484,-0.00017582, 0.004144074,-0.0009601,-0.0024033,sell
2014-10-02,0,0.63,0.29,0,1.98,0.35,0.1,0, 0.0030163,-0.00083035, 0.001788323,-0.0008304, 0.0025653,buy
2014-10-03,0,0.64,0.5,0,1.52,0.48,0.11,0, 0.0034946,-0.00564700, 0.001130148,-0.0008981,-0.0050829,sell
2014-10-04,0,0.68,0.58,0,1.31,0.6,0.13,0, 0.0001025,-0.00226712, 0.004557454,-0.0000238,-0.0040591,sell
2014-10-05,0,0.76,0.44,0,1.22,0.48,0.15,0,-0.0004117,-0.00598137,-0.000450975,-0.0025827,-0.0059814,sell
2014-10-06,0,0.74,0.64,0,1.3,0.44,0.24,0, 0.0038047, 0.00195369, 0.003774644, 0.0035490, 0.0019062,buy
2014-10-07,0,0.66,0.9,0,1.58,0.67,0.34,0,-0.0023332,-0.00220764,-0.002475522,-0.0024755,-0.0023332,sell
2014-10-08,0,0.66,0.61,0,2.38,0.8,0.49,0, 0.0001620, 0.00031578,-0.001751855, 0.0003241,-0.0017519,buy
2014-10-09,0,0.78,0.47,0,2.36,0.73,0.79,0,-0.0040362,-0.00204399,-0.004671921,-0.0040975,-0.0047364,sell
2014-10-10,0,1.1,0.83,0,1.5,0.7,1.38,0,-0.0035499,-0.00424294,-0.003967401,-0.0058150,-0.0026672,sell
2014-10-11,0,1.9,0.85,0,1.17,0.53,1.59,0, 0.0092392, 0.00991734, 0.000786559, 0.0028534, 0.0092392,buy
2014-10-12,0,2.12,0.3,0,1.15,0.45,1.4,0, 0.0045354, 0.00453535, 0.001709240, 0.0045354, 0.0066468,buy
2014-10-13,0,1.66,0.11,0,1.25,0.51,1.69,0, 0.0032314, 0.00261956,-0.000132321, 0.0015729, 0.0005615,buy
2014-10-14,0,1.21,0.03,0,1.73,0.7,2.05,0,-0.0000253, 0.00895652, 0.000081580,-0.0017281,-0.0014473,buy
2014-10-15,0,1.23,0,0,2.45,0.85,1.9,0, 0.0043080, 0.00434770, 0.005096716,-0.0017808, 0.0050250,buy
2014-10-16,0,1.06,0,0,2.11,0.72,2.19,0,-0.0014311,-0.00530657,-0.005306572,-0.0014311,-0.0049713,sell
2014-10-17,0,0.63,0,0,1.96,0.7,2.24,0,-0.0055917,-0.00839314,-0.006728263,-0.0038439,-0.0056981,sell
2014-10-18,0,0.75,0,0,2.06,1.04,1.58,0, 0.0001583, 0.00083469, 0.000844596, 0.0021060, 0.0003996,buy
2014-10-19,0,1.27,0,0,2.36,0.77,1.88,0, 0.0040130, 0.00534816, 0.004225282,-0.0033363, 0.0042253,buy
2014-10-20,0,1.58,0,0,2.86,0.32,2.33,0,-0.0006229, 0.00193871, 0.002518282, 0.0019387, 0.0012117,buy
2014-10-21,0,2.4,0,0,3.23,0.16,1.86,0,-0.0045647,-0.00404747,-0.002153423,-0.0040475,-0.0048767,sell
2014-10-22,0,3.25,0.02,0,3.03,0.1,1.14,0, 0.0000737, 0.00493175, 0.000612465, 0.0006125,-0.0019603,buy
2014-10-23,0,2.12,0.03,0,2.63,0.1,0.77,0, 0.0062379, 0.00613695, 0.006150235, 0.0064289, 0.0046421,buy
2014-10-24,0,1.1,0.04,0,2.51,0.09,0.56,0, 0.0023878, 0.00207736,-0.001373702, 0.0026232, 0.0018961,buy
2014-10-25,0,0.72,0.04,0,2.32,0.09,0.44,0,-0.0005618, 0.00213283, 0.001843633, 0.0007450, 0.0022030,buy
2014-10-26,0,0.48,0.04,0,2.13,0.1,0.36,0, 0.0012209, 0.00259222, 0.003996107, 0.0026679, 0.0022927,buy
2014-10-27,0,0.41,0.04,0,2.06,0.1,0.33,0,-0.0017842, 0.00094406, 0.001438723, 0.0022522, 0.0002803,buy
2014-10-28,0,0.42,0.03,0,2.15,0.09,0.34,0,-0.0014483, 0.00199321, 0.002265571, 0.0028320, 0.0005750,buy
2014-10-29,0,0.48,0,0,2.06,0.1,0.45,0, 0.0002465, 0.00306427, 0.003357481, 0.0024432, 0.0020876,buy
2014-10-30,0,0.69,0,0,1.83,0.09,0.73,0,-0.0032510,-0.00320656,-0.002608377,-0.0038466,-0.0051846,sell
2014-10-31,0,1.14,0.01,0,1.69,0.08,1.31,0,-0.0041794,-0.00455302,-0.004179375,-0.0083241,-0.0034272,sell
2014-11-01,0,1.28,0.02,0,1.73,0.07,2.47,0,-0.0009873, 0.00087031, 0.001880629, 0.0018806, 0.0005192,buy
2014-11-02,0,1.22,0.08,0,1.89,0.09,2.39,0, 0.0040642, 0.00419080, 0.006130058, 0.0059335, 0.0074932,buy
2014-11-03,0,1.09,0.19,0,2.35,0.09,1.66,0,-0.0012550, 0.00007460,-0.001186880, 0.0033427,-0.0023141,buy
2014-11-04,0,0.7,0.17,0,2.98,0.12,1.17,0, 0.0018168, 0.00294003, 0.001816806, 0.0020386, 0.0018476,buy
2014-11-05,0,0.56,0.19,0,2.81,0.1,0.59,0,-0.0075421,-0.00793659,-0.007800127,-0.0073961,-0.0077695,sell
2014-11-06,0,0.82,0.16,0,2.37,0.12,0.36,0,-0.0057776,-0.00566975,-0.005327786,-0.0051767,-0.0057244,sell
2014-11-07,0,1.59,0.06,0,2.28,0.16,0.33,0, 0.0065512, 0.00483518, 0.004538592, 0.0048352, 0.0044231,buy
2014-11-08,0,1.18,0.02,0,2.36,0.23,0.36,0, 0.0021851, 0.00202127, 0.005758078, 0.0008572, 0.0021851,buy
2014-11-09,0,0.42,0.01,0,2.8,0.36,0.48,0,-0.0029537,-0.00013266,-0.003032287,-0.0030323,-0.0030323,sell
2014-11-10,0,0.2,0,0,2.97,0.68,0.66,0, 0.0079826, 0.00442700,-0.001392864, 0.0006389, 0.0020412,buy
2014-11-11,0,0.12,0,0,2.62,0.73,0.94,0, 0.0053193, 0.00192627, 0.002862032,-0.0013293, 0.0021163,buy
2014-11-12,0,0.14,0,0,2.66,0.47,1.56,0, 0.0053426,-0.00063892, 0.000317265,-0.0004050, 0.0030800,buy
2014-11-13,0,0.17,0,0,2.78,0.5,1.61,0, 0.0031210, 0.00195052, 0.001357720, 0.0008775, 0.0030334,buy
2014-11-14,0,0.31,0,0,2.22,0.52,1,0,-0.0018608,-0.00230515,-0.002518264,-0.0031876,-0.0058016,sell
2014-11-15,0,0.39,0.02,0,1.79,0.37,0.86,0, 0.0022727,-0.00403423,-0.003940155,-0.0039063,-0.0048584,sell
2014-11-16,0,0.26,0.08,0,1.58,0.41,1.11,0, 0.0002891,-0.00340866,-0.002603164,-0.0026032,-0.0012555,sell
2014-11-17,0,0.19,0.16,0,1.47,0.58,0.76,0,-0.0031553,-0.00393273,-0.003155265,-0.0039327,-0.0031553,sell
2014-11-18,0,0.2,0.07,0,1.47,0.91,0.51,0, 0.0010037,-0.00456473,-0.001405554, 0.0020673, 0.0028440,buy
2014-11-19,0,0.31,0.04,0,1.52,0.97,0.54,0, 0.0000010,-0.00452332,-0.001545320, 0.0031286, 0.0025264,buy
2014-11-20,0,0.41,0.04,0,1.54,0.75,0.85,0,-0.0061492,-0.00233205,-0.002332047,-0.0012996,-0.0020788,sell
2014-11-21,0,0.29,0.09,0,1.58,0.72,1.21,0, 0.0001219,-0.00338869,-0.003623852,-0.0005264,-0.0048960,sell
2014-11-22,0,0.2,0.15,0,1.68,0.62,0.96,0,-0.0046972,-0.00317631,-0.003918065,-0.0028098,-0.0039181,sell
2014-11-23,0,0.18,0.27,0,2.05,0.48,0.6,0, 0.0008375,-0.00042614, 0.000594092, 0.0041118, 0.0050456,buy
2014-11-24,0,0.18,0.48,0,2.89,0.46,0.42,0,-0.0001283, 0.00354105, 0.000027249, 0.0017530, 0.0035411,buy
2014-11-25,0,0.25,0.51,0,3.86,0.57,0.34,0,-0.0015914,-0.00042247, 0.000438093,-0.0011879,-0.0006827,sell
2014-11-26,0,0.46,0.29,0,3.49,0.64,0.32,0,-0.0051675,-0.00338173,-0.000724143,-0.0009451,-0.0031542,sell
2014-11-27,0,0.38,0.16,0,2.53,0.49,0.29,0, 0.0056492, 0.00245350, 0.002157141, 0.0056492, 0.0021571,buy
2014-11-28,0,0.25,0.1,0,2,0.45,0.36,0,-0.0000271,-0.00158676,-0.000866714,-0.0008667, 0.0008583,sell
2014-11-29,0,0.24,0.07,0,1.72,0.49,0.47,0, 0.0031609, 0.00160325, 0.002994418, 0.0027490, 0.0023610,buy
2014-11-30,0,0.25,0.06,0,1.59,0.55,0.53,0, 0.0001962,-0.00128457, 0.000273910,-0.0007458,-0.0000352,sell
2014-12-01,0,0.27,0.04,0,1.62,0.73,0.51,0,-0.0026518,-0.00098718,-0.000987176, 0.0008029, 0.0006903,buy
2014-12-02,0,0.31,0.04,0,1.73,0.96,0.46,0,-0.0019033,-0.00611733,-0.004244384, 0.0013676, 0.0007622,sell
2014-12-03,0,0.31,0.04,0,2.08,0.87,0.43,0,-0.0002412,-0.00081774,-0.000616251, 0.0024773,-0.0027302,buy
2014-12-04,0,0.29,0.05,0,2.57,0.68,0.45,0, 0.0061013, 0.00506528, 0.005759945, 0.0054827, 0.0003164,buy
2014-12-05,0,0.26,0.05,0,2.95,0.67,0.5,0, 0.0017986, 0.00171432,-0.002690676,-0.0025873,-0.0029938,sell
2014-12-06,0,0.24,0.05,0,2.82,0.76,0.59,0, 0.0059182, 0.00345276,-0.001840817, 0.0005743, 0.0016712,buy
2014-12-07,0,0.22,0.05,0,2.52,0.8,0.69,0, 0.0034754, 0.00161007, 0.005056775, 0.0030828, 0.0029859,buy
2014-12-08,0,0.2,0.06,0,2.55,0.75,0.8,0, 0.0058168, 0.00475824, 0.001431496,-0.0000046,-0.0015150,buy
2014-12-09,0,0.17,0.06,0,2.45,0.88,0.71,0, 0.0058576, 0.00542386, 0.004490450, 0.0024641,-0.0014113,buy
2014-12-10,0,0.18,0.06,0,2.39,0.91,0.71,0, 0.0040456, 0.00404561, 0.002879523, 0.0013087, 0.0025620,buy
2014-12-11,0,0.19,0.07,0,2.35,0.73,0.87,0,-0.0010398,-0.00235689, 0.002544599,-0.0027865,-0.0017435,sell
2014-12-12,0,0.22,0.07,0,1.95,0.63,1.17,0, 0.0019595, 0.00348304, 0.004477894, 0.0004589, 0.0056543,buy
2014-12-13,0,0.27,0.08,0,1.6,0.6,1.34,0,-0.0073190,-0.00433193,-0.001546116,-0.0038834,-0.0016094,sell
2014-12-14,0,0.44,0.08,0,1.42,0.59,1.5,0,-0.0005659,-0.00044657,-0.001684916,-0.0008735,-0.0052375,sell
2014-12-15,0,0.82,0.09,0,1.35,0.5,1.13,0,-0.0003772,-0.00249379,-0.004974780,-0.0043427,-0.0032217,sell
2014-12-16,0,1.52,0.09,0,1.45,0.42,0.73,0, 0.0020293, 0.00166733, 0.002088565, 0.0013885, 0.0020886,buy
2014-12-17,0,1.48,0.1,0,1.57,0.35,0.59,0,-0.0047113,-0.00481615,-0.001497740,-0.0048217,-0.0017564,sell
2014-12-18,0,0.92,0.11,0,1.81,0.3,0.7,0, 0.0012670, 0.00135869, 0.002827995, 0.0019085, 0.0020602,buy
2014-12-19,0,0.58,0.12,0,2.36,0.24,1.21,0, 0.0016285,-0.00156143,-0.000392176,-0.0020807,-0.0021143,sell
2014-12-20,0,0.54,0.13,0,2.88,0.23,2.19,0,-0.0027059,-0.00158379,-0.002483444, 0.0039459,-0.0030476,sell
2014-12-21,0,1.03,0.13,0,3.31,0.21,2.43,0,-0.0043280,-0.00242298,-0.002188241,-0.0022985,-0.0024612,sell
2014-12-22,0,0.75,0.14,0,3.12,0.23,1.46,0, 0.0002328, 0.00133687, 0.001336874, 0.0002587,-0.0003773,buy
2014-12-23,0,0.22,0.16,0,2.16,0.21,1.03,0,-0.0054662,-0.00756497,-0.006595454,-0.0061441,-0.0056107,sell
2014-12-24,0,0.09,0.17,0,1.49,0.2,1.35,0,-0.0009248,-0.00134359,-0.002810890, 0.0005550, 0.0007146,buy
2014-12-25,0,0.08,0.21,0,1.13,0.27,2.37,0, 0.0057696,-0.00164656, 0.006153361, 0.0059856, 0.0059856,buy
2014-12-26,0,0.17,0.3,0,1.06,0.5,2.44,0, 0.0040011, 0.00269863, 0.004030541, 0.0040318, 0.0040318,buy
2014-12-27,0,0.39,0.56,0,1.24,0.46,2.15,0,-0.0034662,-0.00210865,-0.001606649,-0.0028660,-0.0055326,sell
2014-12-28,0,0.85,0.73,0,1.65,0.28,2.1,0,-0.0034479,-0.00218103,-0.000495628,-0.0089838,-0.0085635,sell
2014-12-29,0,0.72,0.57,0,1.55,0.44,1.94,0,-0.0020630, 0.00422769, 0.004124082, 0.0037618, 0.0028012,buy
2014-12-30,0,0.29,0.79,0,1.31,0.41,1.42,0,-0.0013040,-0.00088247, 0.002925199,-0.0037636, 0.0005026,sell
2014-12-31,0,0.12,0.69,0,1.57,0.26,1.1,0, 0.0047942, 0.00440501, 0.002939571, 0.0029006, 0.0078365,buy
2015-01-01,0,0.06,0.4,0,1.74,0.42,0.94,0,-0.0004600,-0.00139454,-0.001151854,-0.0010792,-0.0011519,sell
2015-01-02,0,0.01,0.35,0,1.5,0.79,1.02,0,-0.0054064,-0.00540635,-0.004029234,-0.0049196,-0.0046637,sell
2015-01-03,0,0.01,0.36,0,1.7,0.88,1.44,0,-0.0041922,-0.00413680,-0.004238925, 0.0013637,-0.0026926,sell
2015-01-04,0,0.01,0.39,0,1.39,0.84,2.07,0, 0.0015776, 0.00339806, 0.002740074, 0.0055156, 0.0033041,buy
2015-01-05,0,0.01,0.44,0,0.89,0.42,1.73,0,-0.0041556,-0.00415564,-0.001938893,-0.0013197,-0.0041556,sell
2015-01-06,0,0.01,0.5,0,0.84,0.25,1.06,0, 0.0019743, 0.00309531,-0.000910413, 0.0018919, 0.0018919,buy
2015-01-07,0,0.02,0.57,0,1.36,0.3,0.68,0,-0.0040606,-0.00376355,-0.002474513,-0.0041946,-0.0045246,sell
2015-01-08,0,0.03,0.69,0,1.86,0.41,0.56,0,-0.0026340,-0.00328553, 0.002559941,-0.0010634,-0.0029069,sell
2015-01-09,0,0.05,0.9,0,1.26,0.64,0.51,0, 0.0023106, 0.00309456, 0.002222483, 0.0025013, 0.0054563,buy
2015-01-10,0,0.08,1.29,0,0.71,0.94,0.56,0, 0.0003554, 0.00055234,-0.003285654, 0.0009336,-0.0005690,buy
2015-01-11,0,0.14,1.65,0,0.68,0.89,0.67,0, 0.0030671, 0.00306709,-0.000844326, 0.0050006, 0.0027732,buy
2015-01-12,0,0.13,1.39,0,0.94,0.51,0.88,0,-0.0019809,-0.00343300,-0.002519782, 0.0007071,-0.0019809,sell
2015-01-13,0,0.09,1.11,0,1.77,0.28,1.3,0, 0.0013772, 0.00035537, 0.002046211, 0.0013840, 0.0013772,buy
2015-01-14,0,0.08,0.93,0,3.55,0.19,1.54,0,-0.0047337,-0.00346395,-0.003529791,-0.0017550,-0.0116035,sell
2015-01-15,0,0.11,0.78,0,4.27,0.17,1.51,0,-0.0062337,-0.00066336,-0.005436365, 0.0042778,-0.0098394,sell
2015-01-16,0,0.16,0.69,0,2.87,0.2,1.54,0,-0.0090300,-0.00929860,-0.004498446,-0.0086325,-0.0065828,sell
2015-01-17,0,0.24,0.62,0,1.53,0.37,1.35,0, 0.0014388, 0.00289463, 0.002521911, 0.0015109, 0.0023220,buy
2015-01-18,0,0.38,0.55,0,0.93,0.72,1.11,0, 0.0022381,-0.00044803,-0.000966305, 0.0015231, 0.0011308,buy
2015-01-19,0,0.6,0.5,0,0.68,1.04,1,0, 0.0016898, 0.00144900,-0.002489261, 0.0015044,-0.0047612,buy
2015-01-20,0,0.83,0.46,0,0.58,0.83,0.96,0, 0.0030486, 0.00057735,-0.000980665, 0.0005652,-0.0005503,buy
2015-01-21,0,0.73,0.42,0,0.64,0.42,1,0, 0.0041522, 0.00562139, 0.004665637, 0.0030363, 0.0038472,buy
2015-01-22,0,0.46,0.38,0,0.77,0.24,1.15,0, 0.0002054,-0.01325123,-0.010735232,-0.0045329,-0.0105649,sell
2015-01-23,0,0.3,0.35,0,1.1,0.21,1.3,0,-0.0009234,-0.01287410,-0.014093944,-0.0101283,-0.0150322,sell
2015-01-24,0,0.2,0.32,0,1.73,0.27,1.16,0, 0.0044250, 0.00295750,-0.000198669, 0.0001032, 0.0012859,buy
2015-01-25,0,0.2,0.3,0,3.1,0.43,0.97,0,-0.0019203, 0.00274948,-0.000829953,-0.0004009,-0.0019203,sell
2015-01-26,0,0.21,0.27,0,4.94,0.74,0.88,0, 0.0028718, 0.00824597, 0.007983430, 0.0043448, 0.0028104,buy
2015-01-27,0,0.13,0.28,0,4.88,0.8,0.94,0, 0.0026804, 0.00872242, 0.008546917, 0.0039815, 0.0030856,buy
2015-01-28,0,0.05,0.3,0,3.94,0.8,1.03,0,-0.0034893,-0.00099664, 0.000602861,-0.0018589,-0.0032870,sell
2015-01-29,0,0.01,0.31,0,2.39,0.71,1.06,0, 0.0057570, 0.00428215, 0.004691283, 0.0029049, 0.0049722,buy
2015-01-30,0,0,0.28,0,1.57,0.52,1.19,0,-0.0040892,-0.00362365,-0.004490817,-0.0025503,-0.0003192,sell
2015-01-31,0,0,0.27,0,1.94,0.41,1.05,0,-0.0024288,-0.00409818,-0.003887525,-0.0034654, 0.0006751,sell
2015-02-01,0,0,0.28,0,2.23,0.38,0.9,0,-0.0028811,-0.00269599,-0.004162394,-0.0038447, 0.0005816,sell
2015-02-02,0,0,0.37,0,3.16,0.37,0.97,0,-0.0020526,-0.00205263, 0.002980263, 0.0054904, 0.0026435,sell
2015-02-03,0,0,0.53,0,2.82,0.45,1.01,0, 0.0045830, 0.00520899, 0.007496016, 0.0073472, 0.0068475,buy
2015-02-04,0,0,0.71,0,2.47,0.67,1.36,0, 0.0051263, 0.00055560, 0.001017874, 0.0009365, 0.0009526,buy
2015-02-05,0,0,0.54,0,1.72,1.02,1.62,0, 0.0074839, 0.00285518, 0.006257865, 0.0086478, 0.0028695,buy
2015-02-06,0,0,0.43,0,1.22,0.91,1.29,0,-0.0049254,-0.00364727,-0.004925367, 0.0012011,-0.0026642,sell
2015-02-07,0,0,0.42,0,1.15,0.76,1.22,0,-0.0073648,-0.00736477,-0.007364768,-0.0033914,-0.0067236,sell
2015-02-08,0,0,0.42,0,1.04,0.8,1.22,0,-0.0067321,-0.00323753,-0.006544754, 0.0006009,-0.0037896,sell
2015-02-09,0,0,0.59,0,1.13,1.11,0.76,0, 0.0032800,-0.00101090, 0.003272071, 0.0032800,-0.0010109,buy
2015-02-10,0,0,0.81,0,1.29,1.04,0.53,0,-0.0027703,-0.00258695,-0.000173262,-0.0017870,-0.0008536,sell
2015-02-11,0,0,0.66,0,1.27,0.75,0.46,0,-0.0001791, 0.00149031,-0.000367085,-0.0001791, 0.0014903,buy
2015-02-12,0,0,0.54,0,1.17,0.65,0.47,0, 0.0045726, 0.00549241, 0.003594689, 0.0046325, 0.0055363,buy
2015-02-13,0,0.01,0.58,0,1.17,0.63,0.52,0, 0.0034343, 0.00399696, 0.001651642, 0.0037903, 0.0039970,buy
2015-02-14,0,0.03,0.67,0,1.26,0.67,0.62,0, 0.0005092, 0.00082418, 0.002979404, 0.0005882, 0.0008242,buy
2015-02-15,0,0.08,0.81,0,1.34,0.8,0.73,0,-0.0045210,-0.00481635,-0.002841843,-0.0049899,-0.0040805,sell
2015-02-16,0,0.17,0.98,0,1.28,1.01,0.92,0, 0.0031045, 0.00319070, 0.003456819, 0.0030176, 0.0015737,buy
2015-02-17,0,0.16,1.22,0,1.11,1.03,1.13,0, 0.0042484, 0.00495476, 0.004276758, 0.0046256, 0.0046836,buy
2015-02-18,0,0.23,1.41,0,1.04,0.97,1.46,0, 0.0025270, 0.00302803, 0.002554718, 0.0030500, 0.0056729,buy
2015-02-19,0,0.51,1.34,0,1,0.81,1.76,0, 0.0018023, 0.00166047, 0.002877166, 0.0046025, 0.0011642,buy
2015-02-20,0,1.28,1.1,0,1.06,0.67,1.67,0,-0.0024181,-0.00100856,-0.000611502, 0.0036944,-0.0011660,buy
2015-02-21,0,1.65,0.89,0,1.32,0.44,1.32,0,-0.0015901,-0.00226932,-0.001485035, 0.0005531,-0.0008484,buy
2015-02-22,0,0.81,0.77,0,1.69,0.25,1.09,0,-0.0002558, 0.00226510,-0.000520356,-0.0002159, 0.0008543,buy
2015-02-23,0,0.3,0.68,0,1.75,0.11,0.95,0,-0.0045219,-0.00253715,-0.003559030,-0.0030623,-0.0010712,sell
2015-02-24,0,0.12,0.64,0,1.76,0.08,0.89,0,-0.0071162,-0.00489309,-0.004991997,-0.0051932,-0.0041505,sell
2015-02-25,0,0.04,0.61,0,2.2,0.06,0.81,0,-0.0057343,-0.00314248,-0.003091689,-0.0029371,-0.0016809,sell
2015-02-26,0,0,0.6,0,2.94,0.06,0.69,0,-0.0073403,-0.00545493,-0.006679401,-0.0077749,-0.0046499,sell
2015-02-27,0,0,0.62,0,3.09,0.06,0.6,0, 0.0014824, 0.00010452,-0.000164719,-0.0036469, 0.0002612,sell
2015-02-28,0,0,0.58,0,3.35,0.07,0.58,0, 0.0000169, 0.00211648, 0.002991751, 0.0024204, 0.0040684,buy
2015-03-01,0,0,0.55,0,4.35,0.09,0.67,0, 0.0017616, 0.00121344, 0.001220554, 0.0015501, 0.0011943,buy
2015-03-02,0,0,0.56,0,4.65,0.1,0.57,0, 0.0017770, 0.00081523,-0.001170813, 0.0022869,-0.0011708,buy
2015-03-03,0,0,0.57,0,4.36,0.09,0.48,0, 0.0007060, 0.00149581,-0.003105842, 0.0010970,-0.0019001,buy
2015-03-04,0,0,0.7,0,3.45,0.1,0.62,0,-0.0059475,-0.00922890,-0.009228905,-0.0082044,-0.0088196,sell
2015-03-05,0,0,0.79,0,2.96,0.11,1.03,0,-0.0059510,-0.00958203,-0.009791156,-0.0076165,-0.0099236,sell
2015-03-06,0,0.01,0.52,0,3.63,0.14,1.1,0,-0.0045157,-0.00659909,-0.007503987,-0.0033608,-0.0088980,sell
2015-03-07,0,0.04,0.34,0,3.34,0.17,0.92,0,-0.0017288,-0.00312829,-0.005268372,-0.0007393,-0.0052684,sell
2015-03-08,0,0.14,0.25,0,2,0.24,1.14,0, 0.0005920,-0.00539125,-0.003323094,-0.0023864, 0.0001679,sell
2015-03-09,0,0.2,0.21,0,1.48,0.35,1.59,0, 0.0076616, 0.00373864, 0.005100655, 0.0032016, 0.0039668,buy
2015-03-10,0,0.19,0.19,0,1.45,0.55,1.33,0,-0.0067423,-0.00909892,-0.006635231,-0.0007062,-0.0051371,sell
2015-03-11,0,0.1,0.17,0,1.69,0.7,0.84,0,-0.0044976,-0.00449755, 0.001517083,-0.0044976,-0.0046162,sell
2015-03-12,0,0.03,0.16,0,2.22,0.78,0.66,0, 0.0077822, 0.00711120, 0.006338880, 0.0020726, 0.0075784,buy
2015-03-13,0,0.03,0.15,0,2.79,0.89,0.75,0,-0.0006320,-0.00204109,-0.001496555,-0.0027642,-0.0006980,sell
2015-03-14,0,0.03,0.11,0,3.03,0.72,1.04,0,-0.0011665, 0.00071544,-0.000135399, 0.0007154, 0.0000360,buy
2015-03-15,0,0.09,0.12,0,2.99,0.47,1.12,0,-0.0037216,-0.00010550,-0.004337938, 0.0012734,-0.0046659,sell
2015-03-16,0,0.19,0.11,0,2.32,0.28,0.7,0, 0.0018206, 0.00200348, 0.002518624, 0.0029008,-0.0042932,buy
2015-03-17,0,0.43,0.1,0,1.9,0.28,0.42,0,-0.0062570,-0.00135002,-0.000178256,-0.0000192,-0.0001783,sell
2015-03-18,0,0.89,0.12,0,1.75,0.45,0.27,0, 0.0037879, 0.00392543, 0.002288535, 0.0019194, 0.0037879,buy
2015-03-19,0,1.04,0.24,0,1.76,1.05,0.19,0,-0.0103843,-0.00798449,-0.009159727,-0.0082165,-0.0079845,sell
2015-03-20,0,0.57,0.44,0,1.71,1.1,0.2,0, 0.0004167, 0.00411570, 0.005474187, 0.0065299, 0.0022077,buy
2015-03-21,0,0.26,0.68,0,1.55,0.58,0.4,0, 0.0037701, 0.00235347, 0.006478712, 0.0040707, 0.0046368,buy
2015-03-22,0,0.13,0.36,0,1.46,0.46,0.99,0, 0.0054129, 0.00267911,-0.001461422, 0.0022910,-0.0013396,buy
2015-03-23,0,0.05,0.18,0,1.32,0.31,1.22,0, 0.0051895,-0.00084004,-0.001341730,-0.0013417, 0.0031792,buy
2015-03-24,0,0.02,0.13,0,0.96,0.18,0.97,0, 0.0052341, 0.00802291, 0.005326422, 0.0051921, 0.0053264,buy
2015-03-25,0,0.01,0.17,0,0.83,0.14,0.53,0, 0.0007235, 0.00260695, 0.000821213, 0.0037634, 0.0013835,buy
2015-03-26,0,0.02,0.18,0,0.79,0.16,0.32,0, 0.0012790, 0.00360273, 0.007789278, 0.0012814, 0.0061442,buy
2015-03-27,0,0.06,0.14,0,0.88,0.22,0.31,0,-0.0002693, 0.00250177, 0.003280770,-0.0009338, 0.0003701,sell
2015-03-28,0,0.2,0.12,0,1.25,0.33,0.4,0, 0.0028921, 0.00046492, 0.002643145, 0.0000074, 0.0000704,buy
2015-03-29,0,0.82,0.12,0,1.88,0.45,0.86,0,-0.0081871,-0.00158863,-0.000984353,-0.0006965,-0.0039672,sell
2015-03-30,0,0.67,0.12,0,2.55,0.51,1.51,0,-0.0026961,-0.00415374,-0.002923632,-0.0068655,-0.0078793,sell
2015-03-31,0,0.13,0.12,0,2.88,0.57,1.38,0,-0.0031862, 0.00199377,-0.001743571, 0.0013629,-0.0036509,buy
2015-04-01,0,0.01,0.13,0,1.95,0.71,1.88,0, 0.0023713, 0.00065169, 0.002518498,-0.0005816, 0.0021343,buy
2015-04-02,0,0.01,0.14,0,0.84,0.72,2.11,0, 0.0043468,-0.00040260, 0.004930251, 0.0057223, 0.0041801,buy
2015-04-03,0,0.01,0.15,0,0.65,0.52,1.47,0, 0.0040117, 0.00461583, 0.004437507, 0.0036627, 0.0044375,buy
2015-04-04,0,0.03,0.18,0,0.93,0.53,1.32,0,-0.0023263, 0.00084434, 0.000471271,-0.0006107, 0.0004713,sell
2015-04-05,0,0.06,0.22,0,0.64,0.72,1.48,0, 0.0058793, 0.00425399, 0.003987223, 0.0043366, 0.0029926,buy
2015-04-06,0,0.13,0.26,0,0.47,0.75,1.45,0, 0.0049091, 0.00509212, 0.003732434, 0.0050921, 0.0030906,buy
2015-04-07,0,0.19,0.26,0,0.68,0.52,1.23,0,-0.0060984,-0.00643514,-0.005421467,-0.0063983,-0.0067554,sell
2015-04-08,0,0.22,0.23,0,1.49,0.46,1.02,0, 0.0044532, 0.00517142, 0.005171421, 0.0054937, 0.0042911,buy
2015-04-09,0,0.4,0.25,0,2.96,0.6,0.88,0,-0.0006934,-0.00141726, 0.004852268,-0.0013862,-0.0012503,sell
2015-04-10,0,0.45,0.25,0,1.95,1.17,0.85,0,-0.0051550,-0.00528491,-0.001855493,-0.0065535,-0.0016340,sell
2015-04-11,0,0.69,0.28,0,0.66,1.49,0.92,0, 0.0020016, 0.00249349,-0.003446484,-0.0002162,-0.0005691,buy
2015-04-12,0,0.74,0.32,0,0.3,1.32,1.1,0,-0.0034079,-0.00068912,-0.006657193,-0.0034027,-0.0045978,sell
2015-04-13,0,0.33,0.38,0,0.21,0.95,0.93,0,-0.0032177,-0.00257721,-0.003217724,-0.0012810,-0.0031582,sell
2015-04-14,0,0.14,0.39,0,0.18,0.75,0.61,0, 0.0037036, 0.00321322, 0.004553057, 0.0045531, 0.0045531,buy
2015-04-15,0,0.07,0.4,0,0.22,0.57,0.43,0,-0.0001272,-0.00035708,-0.000127156,-0.0001272,-0.0001272,buy
2015-04-16,0,0.05,0.51,0,0.33,0.8,0.33,0, 0.0054486, 0.00544860, 0.006115058, 0.0063347, 0.0056663,buy
2015-04-17,0,0.05,0.55,0,0.58,0.91,0.41,0, 0.0066240, 0.00678943, 0.006756814, 0.0085060, 0.0074223,buy
2015-04-18,0,0.06,0.53,0,1.14,0.46,0.96,0,-0.0042138,-0.00019523,-0.000453735,-0.0001210,-0.0000267,sell
2015-04-19,0,0.06,0.59,0,1.29,0.38,2.3,0, 0.0016722, 0.00127460, 0.001130016, 0.0008095, 0.0003042,buy
2015-04-20,0,0.07,0.59,0,0.74,0.38,1.91,0,-0.0069732,-0.00731807,-0.005064609,-0.0062542,-0.0072791,sell
2015-04-21,0,0.08,0.62,0,0.53,0.47,0.9,0,-0.0046043,-0.00553517,-0.005535169,-0.0024796,-0.0036412,sell
2015-04-22,0,0.09,0.7,0,0.56,0.57,1.14,0, 0.0044944, 0.00564197, 0.006052098, 0.0027198, 0.0061603,buy
2015-04-23,0,0.1,0.86,0,0.76,0.74,1.19,0, 0.0048712, 0.00649541, 0.006568509, 0.0030980, 0.0066151,buy
2015-04-24,0,0.11,1.17,0,0.71,0.98,1.95,0, 0.0035346, 0.00196797,-0.001341101, 0.0027460, 0.0004318,buy
2015-04-25,0,0.17,1.28,0,0.59,1.18,1.96,0, 0.0030252, 0.00201805,-0.002523387, 0.0026421, 0.0005214,buy
2015-04-26,0,0.32,0.97,0,0.54,0.95,1.42,0, 0.0030914, 0.00280501,-0.001568391, 0.0016321,-0.0015955,buy
2015-04-27,0,0.47,0.73,0,0.63,0.65,1.78,0, 0.0022400, 0.00061226, 0.001560085, 0.0070675, 0.0022377,buy
2015-04-28,0,0.68,0.61,0,0.77,0.5,2.08,0, 0.0050456, 0.00304425, 0.004929504, 0.0081092, 0.0054393,buy
2015-04-29,0,1.27,0.53,0,1,0.42,2.09,0, 0.0104569, 0.01090987, 0.012402939, 0.0105689, 0.0142905,buy
2015-04-30,0,1.52,0.44,0,1.22,0.37,1.82,0, 0.0108385, 0.00821767, 0.008899982, 0.0058767, 0.0127636,buy
2015-05-01,0,1.35,0.36,0,1.11,0.36,1.28,0, 0.0048433, 0.00337847, 0.003248003, 0.0041630, 0.0055600,buy
2015-05-02,0,0.89,0.33,0,0.86,0.4,0.87,0, 0.0008960, 0.00081929, 0.002163573,-0.0027122,-0.0003277,sell
2015-05-03,0,0.59,0.29,0,0.71,0.42,0.56,0,-0.0054240,-0.00386420,-0.007345998,-0.0067698,-0.0073460,sell
2015-05-04,0,0.41,0.28,0,0.65,0.39,0.42,0,-0.0070193,-0.00599127,-0.008385702,-0.0070323,-0.0083491,sell
2015-05-05,0,0.29,0.26,0,0.63,0.43,0.34,0,-0.0064654,-0.00371811,-0.008005189,-0.0053216,-0.0078433,sell
2015-05-06,0,0.25,0.26,0,0.68,0.62,0.38,0, 0.0028420, 0.00217727, 0.002841952, 0.0036382, 0.0036656,buy
2015-05-07,0,0.25,0.25,0,0.75,0.58,0.58,0,-0.0003522,-0.00350692,-0.002200240,-0.0021219,-0.0014971,sell
2015-05-08,0,0.26,0.26,0,0.82,0.4,0.91,0,-0.0084982,-0.00858800,-0.007804130,-0.0083597,-0.0086575,sell
2015-05-09,0,0.29,0.3,0,0.79,0.33,1.53,0,-0.0037743,-0.00414099,-0.004128099,-0.0039401,-0.0031187,sell
2015-05-10,0,0.39,0.32,0,0.6,0.32,2.17,0, 0.0031513, 0.00053137, 0.003151283, 0.0031513, 0.0030676,buy
2015-05-11,0,0.59,0.32,0,0.48,0.32,2.45,0, 0.0012890, 0.00042834, 0.001509551, 0.0015096, 0.0023740,buy
2015-05-12,0,0.87,0.34,0,0.43,0.33,1.82,0, 0.0008578, 0.00596498, 0.004642836, 0.0044271, 0.0050059,buy
2015-05-13,0,0.81,0.43,0,0.42,0.38,0.96,0, 0.0061141, 0.00845955, 0.003868743, 0.0082502, 0.0082502,buy
2015-05-14,0,0.54,0.67,0,0.4,0.43,0.58,0, 0.0035323, 0.00653029, 0.003455209, 0.0055449, 0.0047987,buy
2015-05-15,0,0.31,0.89,0,0.41,0.49,0.38,0,-0.0038388, 0.00054533,-0.002733326,-0.0035315,-0.0038192,sell
2015-05-16,0,0.18,0.73,0,0.51,0.6,0.3,0,-0.0007391,-0.00024528, 0.003317230, 0.0020742,-0.0047373,sell
2015-05-17,0,0.15,0.55,0,0.61,0.71,0.22,0,-0.0023977,-0.00239768, 0.000206153, 0.0047439, 0.0013091,sell
2015-05-18,0,0.15,0.49,0,0.9,0.76,0.17,0,-0.0018496,-0.00221388,-0.003351803, 0.0027210,-0.0018791,buy
2015-05-19,0,0.22,0.49,0,1.63,0.85,0.16,0,-0.0103044,-0.01000818,-0.004103685,-0.0102529,-0.0099239,sell
2015-05-20,0,0.45,0.5,0,1.91,1,0.14,0,-0.0034998, 0.00330719, 0.002707434,-0.0001903, 0.0018711,buy
2015-05-21,0,0.77,0.51,0,1.63,1.03,0.12,0,-0.0024142, 0.00262524, 0.006665756, 0.0068984,-0.0003172,buy
2015-05-22,0,0.64,0.49,0,1.51,0.93,0.09,0,-0.0029717,-0.00126093, 0.006514274, 0.0070214,-0.0020409,buy
2015-05-23,0,0.39,0.42,0,1.01,0.84,0.06,0, 0.0049362, 0.00499077, 0.004777014, 0.0050388, 0.0014056,buy
2015-05-24,0,0.2,0.38,0,0.75,0.81,0.04,0,-0.0043514,-0.00232717,-0.004265810,-0.0027169,-0.0027169,sell
2015-05-25,0,0.1,0.33,0,0.66,0.84,0.03,0,-0.0012864,-0.00093575,-0.000654147,-0.0014572,-0.0001823,sell
2015-05-26,0,0.04,0.28,0,0.64,0.78,0,0,-0.0047657,-0.00233721,-0.002337213,-0.0040835, 0.0024034,sell
2015-05-27,0,0.05,0.24,0,0.61,0.73,0,0,-0.0041736,-0.00234771,-0.002347707,-0.0044499, 0.0002814,sell
2015-05-28,0,0.1,0.24,0,0.63,0.74,0,0,-0.0044719,-0.00002530,-0.000025295,-0.0020640, 0.0018974,sell
2015-05-29,0,0.22,0.23,0,0.64,0.83,0.03,0,-0.0016006, 0.00049601, 0.000496010,-0.0035916, 0.0019037,sell
2015-05-30,0,0.53,0.24,0,0.64,1.07,0.04,0,-0.0042844, 0.00128918, 0.001394100,-0.0045877, 0.0005467,sell
2015-05-31,0,0.74,0.29,0,0.66,0.87,0.07,0, 0.0028019,-0.00085184, 0.001731699, 0.0026328, 0.0009428,buy
2015-06-01,0,0.44,0.4,0,0.66,0.66,0.12,0, 0.0008014, 0.00915655, 0.000801387, 0.0045943, 0.0011523,buy
2015-06-02,0,0.21,0.55,0,0.67,0.59,0.19,0, 0.0117617, 0.00471279, 0.007126435, 0.0119817, 0.0117617,buy
2015-06-03,0,0.13,0.5,0,0.67,0.59,0.33,0, 0.0137045, 0.01005830, 0.011115019, 0.0136077, 0.0146456,buy
2015-06-04,0,0.11,0.43,0,0.67,0.61,0.58,0, 0.0074617,-0.00261458, 0.003782458, 0.0099378, 0.0093732,buy
2015-06-05,0,0.09,0.57,0,0.67,0.64,0.97,0,-0.0072799,-0.00828823,-0.007165798, 0.0076933,-0.0042712,sell
2015-06-06,0,0.1,0.53,0,0.66,0.68,1.12,0,-0.0062573,-0.00535420,-0.004337934, 0.0063121,-0.0027781,sell
2015-06-07,0,0.12,0.28,0,0.67,0.73,1.17,0, 0.0042755, 0.00466746, 0.002699664, 0.0030355, 0.0022523,buy
2015-06-08,0,0.2,0.17,0,0.66,0.79,1.7,0, 0.0044127, 0.00441269, 0.003688893, 0.0044127, 0.0024736,buy
2015-06-09,0,0.33,0.11,0,0.66,0.87,2.12,0,-0.0011152,-0.00144050,-0.001360603,-0.0013606, 0.0006483,sell
2015-06-10,0,0.62,0.1,0,0.65,0.93,2.21,0, 0.0017766, 0.00114995, 0.001776635, 0.0017766, 0.0029174,buy
2015-06-11,0,1.23,0.1,0,0.64,1,1.59,0,-0.0001221, 0.00013496,-0.001327637,-0.0013354,-0.0022054,buy
2015-06-12,0,1.97,0.12,0,0.63,1.08,0.91,0,-0.0093193,-0.01030661,-0.005257290,-0.0067112,-0.0091886,sell
2015-06-13,0,1.97,0.16,0,0.62,1.2,0.57,0,-0.0090799,-0.00906560,-0.008770451,-0.0072044,-0.0108534,sell
2015-06-14,0,2.32,0.24,0,0.61,1.27,0.35,0,-0.0043527,-0.00428760,-0.004287601,-0.0039619,-0.0102974,sell
2015-06-15,0,2.54,0.42,0,0.6,1.23,0.29,0,-0.0044978,-0.00451270,-0.004188328,-0.0044510,-0.0105661,sell
2015-06-16,0,1.64,0.51,0,0.58,1.17,0.22,0,-0.0069737,-0.00527035,-0.005079825,-0.0050798,-0.0063837,sell
2015-06-17,0,1.05,0.35,0,0.58,1.11,0.21,0, 0.0010070,-0.00100384, 0.002787324, 0.0027389, 0.0002545,buy
2015-06-18,0,0.8,0.28,0,0.57,1.04,0.19,0, 0.0021282,-0.00093173, 0.002538194, 0.0030169,-0.0005714,buy
2015-06-19,0,0.76,0.32,0,0.55,0.97,0.16,0, 0.0003978,-0.00124347, 0.000236043, 0.0008139,-0.0002185,buy
2015-06-20,0,0.77,0.45,0,0.55,0.93,0.18,0, 0.0001064,-0.00448697,-0.006964144,-0.0019155,-0.0005216,sell
2015-06-21,0,0.81,0.7,0,0.54,0.88,0.17,0,-0.0036123,-0.00838735,-0.010371772,-0.0088004, 0.0010783,sell
2015-06-22,0,0.84,0.71,0,0.53,0.86,0.17,0,-0.0034218,-0.00642613,-0.009390810,-0.0082997, 0.0023240,sell
2015-06-23,0,0.78,0.54,0,0.52,0.84,0.2,0,-0.0018355,-0.00949526,-0.011419282,-0.0084546, 0.0005370,sell
2015-06-24,0,0.75,0.49,0,0.53,0.84,0.23,0,-0.0022515,-0.00559140,-0.011318691,-0.0051912,-0.0007645,sell
2015-06-25,0,0.71,0.53,0,0.54,0.87,0.33,0,-0.0037660,-0.00572242,-0.010339269,-0.0055805,-0.0024781,sell
2015-06-26,0,0.69,0.67,0,0.54,0.97,0.48,0,-0.0043535,-0.00748521,-0.008715476,-0.0074225,-0.0032142,sell
2015-06-27,0,0.7,1.03,0,0.55,1.15,0.7,0, 0.0034454, 0.00173928, 0.000713071, 0.0034075, 0.0007212,buy
2015-06-28,0,0.74,1.6,0,0.56,1.18,1.01,0,-0.0011506, 0.00487813, 0.005916244, 0.0060587, 0.0060965,buy
2015-06-29,0,0.83,1.85,0,0.58,1.04,1.4,0,-0.0052597, 0.00547934, 0.003429213, 0.0033931, 0.0047160,buy
2015-06-30,0,0.98,1.87,0,0.6,1,1.42,0,-0.0062347, 0.00043435,-0.000696369,-0.0006388, 0.0004612,sell
2015-07-01,0,1.29,1.81,0,0.62,0.99,1.16,0,-0.0076449,-0.00049509,-0.001744932,-0.0026165,-0.0026165,sell
2015-07-02,0,1.89,1.43,0,0.65,1.04,1.3,0,-0.0031746,-0.00121681,-0.003663737, 0.0000937, 0.0001970,sell
2015-07-03,0,2.73,1.32,0,0.69,1.12,1.75,0, 0.0010402,-0.00074055,-0.001143439, 0.0013388, 0.0022711,buy
2015-07-04,0,2.12,1.18,0,0.75,1.14,1.99,0, 0.0003108,-0.00201573,-0.000896663, 0.0016867, 0.0030393,buy
2015-07-05,0,1.41,0.77,0,0.8,1.16,1.57,0,-0.0014523,-0.00270676,-0.002920056,-0.0026541,-0.0017237,sell
2015-07-06,0,1.07,0.53,0,0.89,1.03,0.83,0,-0.0057424,-0.00084574,-0.000884687,-0.0008035,-0.0054839,sell
2015-07-07,0,0.86,0.42,0,0.98,0.85,0.33,0,-0.0012935,-0.00384637,-0.005930668,-0.0036762,-0.0047800,sell
2015-07-08,0,0.71,0.34,0,1.1,0.75,0.15,0, 0.0035744, 0.00357438, 0.003024281, 0.0035744,-0.0006964,buy
2015-07-09,0,0.64,0.24,0,1.21,0.67,0.05,0, 0.0012093, 0.00120932, 0.000495124, 0.0012093,-0.0008715,buy
2015-07-10,0,0.61,0.36,0,1.25,0.63,0,0, 0.0045542, 0.00588495, 0.007502433, 0.0059466, 0.0049264,buy
2015-07-11,0,0.64,0.69,0,1.16,0.63,0,0, 0.0025883, 0.00395223, 0.003838534, 0.0025040, 0.0025883,buy
2015-07-12,0,0.71,0.33,0,1.11,0.75,0,0, 0.0037543, 0.00375429, 0.003595644, 0.0037543,-0.0002135,buy
2015-07-13,0,0.91,0.12,0,1.07,1,0,0,-0.0032614, 0.00253044,-0.004203597, 0.0041384,-0.0032614,buy
2015-07-14,0,1.19,0.07,0,1.08,0.91,0,0,-0.0001696, 0.00226570,-0.000909255, 0.0030125,-0.0007290,buy
2015-07-15,0,1.51,0.06,0,1.16,1.15,0,0,-0.0051723,-0.00709045,-0.007038913,-0.0070389,-0.0055311,sell
2015-07-16,0,1.61,0.05,0,1.39,1.11,0,0,-0.0072413,-0.00821359,-0.008201317,-0.0075640,-0.0076642,sell
2015-07-17,0,1.55,0.06,0,1.69,0.64,0,0,-0.0033904,-0.00157294,-0.003309793,-0.0011242, 0.0006460,sell
2015-07-18,0,1.15,0.06,0,1.56,0.48,0,0,-0.0002079,-0.00213428,-0.000249579, 0.0024057,-0.0048368,sell
2015-07-19,0,0.95,0.07,0,1.31,0.38,0,0,-0.0009639,-0.00137141,-0.002498028, 0.0002950,-0.0025738,buy
2015-07-20,0,1.39,0.05,0,1.49,0.33,0,0, 0.0049856, 0.00343744, 0.005945079, 0.0027481, 0.0045663,buy
2015-07-21,0,1.23,0.07,0,2.02,0.29,0,0, 0.0054258, 0.00202700, 0.005406813, 0.0013571, 0.0054068,buy
2015-07-22,0,0.72,0.1,0,1.89,0.27,0,0,-0.0000809,-0.00344727,-0.006134693,-0.0032954,-0.0026761,sell
2015-07-23,0,0.65,0.13,0,2.97,0.24,0.02,0,-0.0012580,-0.00139679,-0.001496926, 0.0002481,-0.0017376,sell
2015-07-24,0,0.78,0.16,0,2.62,0.24,0.08,0,-0.0023310,-0.00108398,-0.002164654, 0.0015529, 0.0004004,buy
2015-07-25,0,1.43,0.2,0,1.41,0.23,0.19,0,-0.0058105,-0.00308223,-0.004632400,-0.0067346,-0.0046324,sell
2015-07-26,0,2.42,0.29,0,1.05,0.21,0.16,0,-0.0069030,-0.00006198,-0.000175673,-0.0043619,-0.0018315,sell
2015-07-27,0,1.86,0.66,0,0.96,0.21,0.16,0, 0.0076382, 0.00615324, 0.006153240, 0.0033850, 0.0076382,buy
2015-07-28,0,2.19,0.72,0,0.92,0.22,0.08,0, 0.0036125, 0.00361254, 0.003612541, 0.0025581, 0.0036125,buy
2015-07-29,0,2.93,0.7,0,0.96,0.22,0.04,0,-0.0035312,-0.00766299,-0.002362326,-0.0019242,-0.0018277,sell
2015-07-30,0,2.87,0.8,0,0.98,0.22,0.02,0,-0.0036280,-0.00712049,-0.003914125,-0.0014569,-0.0018286,sell
2015-07-31,0,2.65,0.66,0,1.03,0.24,0.02,0, 0.0018630,-0.00634375, 0.001964504, 0.0021231, 0.0021228,buy
2015-08-01,0,2.48,0.93,0,1.07,0.29,0.02,0,-0.0036830,-0.00384093,-0.003682977,-0.0002685,-0.0026179,sell
2015-08-02,0,2.56,1.51,0,1.18,0.26,0.03,0,-0.0038139,-0.00274200,-0.004412117,-0.0033098,-0.0025652,sell
2015-08-03,0,2.77,1.15,0,1.38,0.25,0.03,0, 0.0001670, 0.00011976, 0.002068362, 0.0012958,-0.0011724,buy
2015-08-04,0,3.39,0.68,0,1.74,0.24,0.04,0, 0.0000585,-0.00057870,-0.000599865,-0.0004857,-0.0005787,sell
2015-08-05,0,4.01,0.78,0,2.65,0.25,0.04,0,-0.0021768,-0.00348983,-0.004220620,-0.0005128,-0.0034898,sell
2015-08-06,0,5.01,1.14,0,3.48,0.25,0.05,0,-0.0004172,-0.00204569,-0.005854265, 0.0000084,-0.0020457,sell
2015-08-07,0,3.93,1.37,0,3.3,0.26,0.06,0,-0.0009186,-0.00433156,-0.005318161, 0.0023723,-0.0041191,sell
2015-08-08,0,1.96,0.83,0,2.49,0.28,0.09,0, 0.0038996, 0.00479979, 0.000000412, 0.0037969, 0.0012114,buy
2015-08-09,0,1.32,0.48,0,2.01,0.29,0.1,0, 0.0023105, 0.00221153, 0.002517560, 0.0032341, 0.0025176,buy
2015-08-10,0,1.18,0.37,0,1.67,0.33,0.14,0, 0.0049546, 0.00492540, 0.004925403, 0.0049254, 0.0036665,buy
2015-08-11,0,1,0.38,0,1.46,0.35,0.18,0, 0.0074037, 0.00672081, 0.006720810, 0.0067208, 0.0040174,buy
2015-08-12,0,0.74,0.63,0,1.38,0.33,0.23,0, 0.0060792, 0.00462926, 0.005794804, 0.0016775, 0.0046293,buy
2015-08-13,0,0.7,0.97,0,1.38,0.32,0.26,0,-0.0009587,-0.00428176,-0.004227250,-0.0042818,-0.0046417,sell
2015-08-14,0,1.14,0.9,0,1.37,0.31,0.21,0,-0.0033929,-0.00508079,-0.003946656,-0.0036130,-0.0022536,sell
2015-08-15,0,1.9,1.19,0,1.37,0.31,0.15,0, 0.0005664, 0.00040753,-0.002050250, 0.0003181,-0.0012146,buy
2015-08-16,0,1.86,0.99,0,1.4,0.3,0.1,0,-0.0000483,-0.00132247,-0.001966858,-0.0015200,-0.0012270,sell
2015-08-17,0,1.82,0.63,0,1.41,0.29,0.08,0, 0.0022057, 0.00528091, 0.001196974,-0.0000179, 0.0022057,buy
2015-08-18,0,1.34,0.81,0,1.55,0.3,0.06,0,-0.0017098,-0.00205397,-0.000321165,-0.0018957,-0.0028206,sell
2015-08-19,0,1.2,1.35,0,2.16,0.34,0.05,0, 0.0016611, 0.00463746, 0.003566828, 0.0047959, 0.0024497,buy
2015-08-20,0,1.73,1.58,0,2.57,0.37,0.04,0, 0.0040327, 0.00150659,-0.004403340, 0.0015459, 0.0016481,buy
2015-08-21,0,2.38,1.09,0,1.73,0.46,0.03,0, 0.0023559, 0.00235589, 0.003565490, 0.0046218,-0.0017564,buy
2015-08-22,0,1.53,0.8,0,1.53,0.64,0.03,0, 0.0012045, 0.00069884, 0.001224626, 0.0011832, 0.0012045,buy
2015-08-23,0,0.69,0.53,0,1.48,0.7,0.03,0, 0.0027322, 0.00254156, 0.006054376, 0.0025416, 0.0018460,buy
2015-08-24,0,0.34,0.3,0,1.46,0.54,0.04,0, 0.0001648, 0.01009993, 0.010460014, 0.0094996, 0.0095290,buy
2015-08-25,0,0.22,0.23,0,1.49,0.42,0.09,0, 0.0000221,-0.00540664, 0.001222940,-0.0060510,-0.0060510,sell
2015-08-26,0,0.17,0.22,0,1.44,0.4,0.17,0,-0.0053365,-0.01051721,-0.009684604,-0.0097814,-0.0088978,sell
2015-08-27,0,0.26,0.27,0,1.42,0.53,0.12,0,-0.0052477,-0.00941888,-0.009418876,-0.0094189,-0.0077608,sell
2015-08-28,0,0.41,0.38,0,1.43,0.72,0.05,0,-0.0044672,-0.00442831,-0.003195514,-0.0044283,-0.0047426,sell
2015-08-29,0,0.36,0.45,0,1.57,0.46,0.03,0,-0.0012842,-0.00157588, 0.003931667,-0.0018055,-0.0050005,sell
2015-08-30,0,0.3,0.35,0,1.9,0.27,0.02,0,-0.0006957,-0.00085663,-0.001587560,-0.0018838,-0.0011341,buy
2015-08-31,0,0.35,0.29,0,2.09,0.23,0.02,0, 0.0038153, 0.00534950, 0.002238140, 0.0022403, 0.0038153,buy
2015-09-01,0,0.53,0.31,0,1.71,0.21,0.02,0, 0.0026688, 0.00359573, 0.000965322, 0.0027095, 0.0024982,buy
2015-09-02,0,0.99,0.54,0,1.44,0.22,0.02,0,-0.0071682,-0.00518045,-0.005774996,-0.0047950,-0.0035899,sell
2015-09-03,0,1.26,1.14,0,1.36,0.24,0.02,0,-0.0025415,-0.00315141,-0.004665598,-0.0036554,-0.0023676,sell
2015-09-04,0,0.76,1.44,0,1.36,0.25,0.02,0, 0.0022936, 0.00126304, 0.001219165,-0.0009094, 0.0022936,buy
2015-09-05,0,0.41,0.88,0,1.52,0.22,0.01,0,-0.0062086,-0.00209051,-0.002090510,-0.0069150,-0.0020905,sell
2015-09-06,0,0.24,0.69,0,1.88,0.2,0.07,0, 0.0001026, 0.00091668,-0.001202299, 0.0003582, 0.0002268,buy
2015-09-07,0,0.16,0.87,0,2.12,0.19,0.12,0,-0.0024019, 0.00072130, 0.000438489,-0.0004305, 0.0006273,sell
2015-09-08,0,0.11,0.94,0,1.75,0.18,0.2,0,-0.0038251, 0.00034958, 0.000349575,-0.0032956, 0.0003234,sell
2015-09-09,0,0.11,0.64,0,1.43,0.18,0.31,0,-0.0033478,-0.00109248, 0.000526117,-0.0033336,-0.0034115,sell
2015-09-10,0,0.14,0.43,0,1.31,0.18,0.47,0, 0.0037023, 0.00662717, 0.006627169, 0.0065135, 0.0058683,buy
2015-09-11,0,0.18,0.37,0,1.25,0.21,0.65,0, 0.0031170, 0.00569758, 0.005697583, 0.0048607, 0.0041482,buy
2015-09-12,0,0.27,0.43,0,1.26,0.21,0.81,0, 0.0035560, 0.00355601, 0.002479359, 0.0025942, 0.0007449,buy
2015-09-13,0,0.49,0.44,0,1.29,0.21,0.92,0, 0.0011003, 0.00186598, 0.000898559, 0.0011003, 0.0012267,buy
2015-09-14,0,0.94,0.43,0,1.37,0.21,0.95,0,-0.0062815,-0.00708255,-0.003183423,-0.0074577,-0.0058973,sell
2015-09-15,0,1.53,0.56,0,1.48,0.2,0.95,0,-0.0003532,-0.00307362,-0.001981443,-0.0003532,-0.0027657,sell
2015-09-16,0,1.23,0.86,0,1.64,0.21,0.87,0,-0.0013746, 0.00000272, 0.004561828,-0.0012711,-0.0018400,sell
2015-09-17,0,0.72,1.09,0,1.8,0.18,0.73,0,-0.0022111,-0.00516598,-0.000998187,-0.0022111,-0.0022344,sell
2015-09-18,0,0.54,1.11,0,2.08,0.16,0.54,0,-0.0032517,-0.00478579,-0.002634034,-0.0032517,-0.0033826,sell
2015-09-19,0,0.54,1,0,2.42,0.17,0.39,0,-0.0023523,-0.00251528,-0.002515285,-0.0025153,-0.0057023,sell
2015-09-20,0,0.7,0.92,0,2.58,0.18,0.26,0,-0.0009710,-0.00199723,-0.001680610,-0.0016948,-0.0029269,sell
2015-09-21,0,1.01,1.03,0,2.29,0.24,0.2,0,-0.0031781,-0.00621703,-0.006476134,-0.0066385,-0.0024156,sell
2015-09-22,0,1.06,1,0,1.97,0.36,0.2,0,-0.0053344,-0.00579203,-0.004981395,-0.0049814,-0.0024914,sell
2015-09-23,0,0.91,0.66,0,1.73,0.52,0.24,0, 0.0059901, 0.00578096, 0.000006193, 0.0059318, 0.0051684,buy
2015-09-24,0,0.99,0.4,0,1.6,0.34,0.23,0, 0.0074665, 0.00675367, 0.006753670, 0.0067537, 0.0040432,buy
2015-09-25,0,1.38,0.22,0,1.58,0.17,0.17,0,-0.0085435,-0.00330697,-0.006585617,-0.0068315,-0.0065856,sell
2015-09-26,0,2.01,0.14,0,1.7,0.12,0.16,0,-0.0061846,-0.00262233,-0.002623543,-0.0010965,-0.0043624,sell
2015-09-27,0,1.81,0.17,0,2.07,0.13,0.15,0, 0.0000163, 0.00111809, 0.002167490, 0.0029102, 0.0003349,buy
2015-09-28,0,1.28,0.3,0,1.84,0.28,0.13,0,-0.0003655,-0.00034377, 0.000002255,-0.0009307,-0.0013048,sell
2015-09-29,0,1.11,0.63,0,1.26,0.6,0.11,0, 0.0058723, 0.00622238, 0.003302587, 0.0068924, 0.0068924,buy
2015-09-30,0,1.17,1.04,0,1.15,0.43,0.1,0,-0.0036336,-0.00584415,-0.005367226,-0.0059204, 0.0006649,sell
2015-10-01,0,1.22,1.21,0,1.33,0.23,0.09,0,-0.0004909,-0.00049088,-0.005548886,-0.0007575,-0.0005299,buy
2015-10-02,0,1.09,1.39,0,2.03,0.21,0.09,0, 0.0014835, 0.00480776, 0.004807756, 0.0021398, 0.0020645,buy
2015-10-03,0,1,1.31,0,1.92,0.24,0.09,0, 0.0010274, 0.00365091, 0.003650908, 0.0010250, 0.0021528,buy
2015-10-04,0,1.03,0.83,0,1.72,0.28,0.1,0,-0.0002185,-0.00372266,-0.003067849,-0.0037227,-0.0037227,sell
2015-10-05,0,1.25,0.43,0,1.77,0.32,0.13,0, 0.0050731, 0.00413618, 0.004136181, 0.0040930, 0.0034486,buy
2015-10-06,0,1.31,0.22,0,1.47,0.38,0.19,0, 0.0032368, 0.00037213, 0.003236772, 0.0053983,-0.0004383,buy
2015-10-07,0,1.02,0.15,0,1.39,0.45,0.18,0,-0.0040375,-0.00685000,-0.004920690,-0.0058082,-0.0064697,sell
2015-10-08,0,0.8,0.17,0,1.66,0.46,0.13,0,-0.0020269, 0.00017904, 0.001107884, 0.0001790,-0.0018641,sell
2015-10-09,0,0.73,0.35,0,2.12,0.42,0.1,0, 0.0101272, 0.00212262, 0.003350882, 0.0068606, 0.0044813,buy
2015-10-10,0,0.74,0.81,0,1.9,0.4,0.1,0, 0.0050616, 0.00242809,-0.003528467, 0.0022047, 0.0012717,buy
2015-10-11,0,0.85,1.59,0,1.38,0.34,0.1,0, 0.0040411, 0.00404107, 0.004125657, 0.0013789, 0.0041257,buy
2015-10-12,0,1.12,1.2,0,1.18,0.29,0.13,0, 0.0012948, 0.00129482, 0.000414533, 0.0012948,-0.0010527,buy
2015-10-13,0,1.32,0.47,0,1.07,0.24,0.16,0,-0.0016396, 0.00080931, 0.000596290,-0.0021031, 0.0008093,sell
2015-10-14,0,1.61,0.18,0,1.03,0.21,0.12,0, 0.0051364, 0.00448724, 0.005136425, 0.0020968, 0.0052982,buy
2015-10-15,0,2.15,0.08,0,1.01,0.19,0.11,0,-0.0055948,-0.00418120,-0.004256608,-0.0055685,-0.0038065,sell
2015-10-16,0,2.02,0.06,0,1.05,0.18,0.1,0,-0.0029157,-0.00129889,-0.001298890,-0.0030974,-0.0008006,sell
2015-10-17,0,1.33,0.18,0,1.09,0.17,0.11,0,-0.0021743, 0.00020906,-0.000417085, 0.0003148,-0.0014326,buy
2015-10-18,0,0.99,0.42,0,1.18,0.15,0.13,0,-0.0060462,-0.00438293,-0.004615046,-0.0032099,-0.0041363,sell
2015-10-19,0,0.86,0.3,0,1.33,0.16,0.17,0, 0.0010694,-0.00079554,-0.000795538, 0.0039979,-0.0007955,buy
2015-10-20,0,0.79,0.15,0,1.56,0.2,0.24,0, 0.0043279, 0.00198175, 0.002167217, 0.0043279, 0.0034979,buy
2015-10-21,0,0.86,0.17,0,2.02,0.25,0.32,0, 0.0020302,-0.00205382, 0.000936608, 0.0009815, 0.0008877,buy
2015-10-22,0,1.08,0.37,0,2.3,0.34,0.44,0,-0.0061007,-0.00685561,-0.007009801,-0.0070098,-0.0037474,sell
2015-10-23,0,1.49,1.02,0,2.36,0.52,0.58,0,-0.0040857,-0.00646594,-0.006295961,-0.0047797,-0.0047765,sell
2015-10-24,0,2.04,1.26,0,2.4,0.58,0.8,0,-0.0075102,-0.00741693,-0.008143338,-0.0062904,-0.0081343,sell
2015-10-25,0,2.39,1.2,0,1.96,0.47,1.09,0, 0.0032439, 0.00404756, 0.004389272, 0.0026376, 0.0026905,buy
2015-10-26,0,2.33,0.73,0,2.12,0.44,1.41,0,-0.0009521,-0.00457739, 0.001948405,-0.0002212, 0.0030632,sell
2015-10-27,0,1.65,0.36,0,2.14,0.41,1.31,0,-0.0030806,-0.00060563,-0.003299650,-0.0037572,-0.0008081,sell
2015-10-28,0,1.57,0.25,0,1.49,0.46,0.97,0, 0.0026784, 0.00004907,-0.000929524,-0.0051138,-0.0006933,sell
2015-10-29,0,1.02,0.12,0,1.15,0.55,0.72,0, 0.0031936, 0.00324257, 0.006046384, 0.0016546, 0.0046437,buy
2015-10-30,0,0.63,0.14,0,1.04,0.69,0.54,0, 0.0019887, 0.00177773,-0.000666108, 0.0017777, 0.0039864,buy
2015-10-31,0,0.51,0.3,0,1.01,0.72,0.42,0, 0.0042760, 0.00430429, 0.002737669, 0.0042760, 0.0030424,buy
2015-11-01,0,0.63,0.86,0,1.09,0.68,0.32,0,-0.0038160,-0.00640273,-0.010721936,-0.0122208,-0.0045050,sell
2015-11-02,0,1.1,0.65,0,1.05,0.77,0.29,0, 0.0005447, 0.00067966, 0.000313180, 0.0017093, 0.0011326,buy
2015-11-03,0,2.06,0.23,0,1.03,1,0.3,0,-0.0079551,-0.00896404,-0.008668899,-0.0076073,-0.0090045,sell
2015-11-04,0,1.71,0.17,0,1.13,0.94,0.39,0,-0.0058185,-0.00880739,-0.004521719,-0.0060285,-0.0060285,sell
2015-11-05,0,1.61,0.16,0,1.15,0.9,0.7,0,-0.0014303,-0.00448771, 0.000914445,-0.0007081,-0.0014303,sell
2015-11-06,0,2.09,0.17,0,1.06,0.92,0.86,0,-0.0063683,-0.00828236,-0.001475938,-0.0040720,-0.0064162,sell
2015-11-07,0,1.61,0.15,0,1.04,0.77,0.53,0, 0.0027012, 0.00131169, 0.001665217, 0.0030219, 0.0029092,buy
2015-11-08,0,1.24,0.16,0,1.05,0.71,0.48,0, 0.0056812, 0.00132174, 0.000201028, 0.0012962, 0.0012962,buy
2015-11-09,0,1.52,0.23,0,1.09,0.82,0.79,0, 0.0049236, 0.00300502, 0.002952863, 0.0040892, 0.0041341,buy
2015-11-10,0,2.32,0.25,0,1.11,0.96,1.53,0,-0.0035904,-0.00318160,-0.000966726,-0.0004915,-0.0032874,sell
2015-11-11,0,1.59,0.2,0,1.13,0.77,1.35,0, 0.0043145, 0.00429420,-0.000745438, 0.0026566, 0.0031307,buy
2015-11-12,0,0.93,0.3,0,1.16,0.6,0.94,0,-0.0049002,-0.00446485, 0.000784804,-0.0007630,-0.0015942,sell
2015-11-13,0,0.72,0.32,0,1.19,0.54,1.26,0,-0.0002612,-0.00375868,-0.001840756,-0.0018674,-0.0012321,sell
2015-11-14,0,0.61,0.43,0,1.22,0.58,0.89,0,-0.0047499, 0.00293126, 0.003994599, 0.0033764, 0.0031581,buy
2015-11-15,0,0.55,0.43,0,1.26,0.66,0.34,0,-0.0039230,-0.00431366,-0.005541088,-0.0030761,-0.0032162,sell
2015-11-16,0,0.48,0.19,0,1.3,0.8,0.19,0,-0.0007843, 0.00100165, 0.001001652, 0.0010511, 0.0041028,buy
2015-11-17,0,0.44,0.1,0,1.36,0.96,0.16,0,-0.0021465, 0.00035398, 0.000353978,-0.0013569, 0.0030539,sell
2015-11-18,0,0.39,0.06,0,1.43,0.93,0.23,0,-0.0013599, 0.00253866, 0.002254675, 0.0011372, 0.0032982,buy
2015-11-19,0,0.34,0.05,0,1.5,1.02,0.39,0,-0.0038432, 0.00052086, 0.001023440, 0.0002991, 0.0006454,buy
2015-11-20,0,0.35,0.12,0,1.59,1.03,0.38,0,-0.0018980,-0.00248699,-0.001838344, 0.0004114, 0.0033444,buy
2015-11-21,0,0.49,0.22,0,1.71,0.8,0.36,0, 0.0034636, 0.00205268, 0.003209545, 0.0012473, 0.0014951,buy
2015-11-22,0,0.56,0.48,0,1.86,0.56,0.43,0,-0.0042522,-0.00337535,-0.001243187,-0.0038658,-0.0030566,sell
2015-11-23,0,0.43,1.08,0,2.08,0.38,0.69,0,-0.0037940,-0.00423147,-0.003748061,-0.0042205,-0.0026832,sell
2015-11-24,0,0.49,1.13,0,2.21,0.3,1.3,0, 0.0048450, 0.00333964, 0.004725276, 0.0048450, 0.0048450,buy
2015-11-25,0,0.39,0.6,0,2.26,0.24,2.18,0,-0.0042221,-0.00370021,-0.003745379,-0.0053045,-0.0042221,sell
2015-11-26,0,0.37,0.3,0,2.6,0.21,1.61,0, 0.0058226, 0.00457632, 0.002988459, 0.0022479, 0.0029913,buy
2015-11-27,0,0.61,0.16,0,2.58,0.2,0.8,0,-0.0051689,-0.00559203,-0.005137450,-0.0041372,-0.0039361,sell
2015-11-28,0,0.79,0.08,0,2.17,0.2,0.55,0,-0.0050948,-0.00509478,-0.004639871,-0.0050948,-0.0046399,sell
2015-11-29,0,0.44,0.04,0,2.34,0.16,0.54,0, 0.0053445, 0.00539578, 0.004513624, 0.0045136, 0.0035976,buy
2015-11-30,0,0.2,0.02,0,2.03,0.13,0.75,0,-0.0021926,-0.00260011,-0.003985968,-0.0026416,-0.0022820,sell
2015-12-01,0,0.11,0.04,0,1.56,0.1,1.26,0,-0.0011782, 0.00121053, 0.000589236, 0.0032838, 0.0037170,buy
2015-12-02,0,0.06,0.09,0,1.53,0.08,1.31,0, 0.0018896, 0.00436140, 0.005530972, 0.0065913, 0.0072945,buy
2015-12-03,0,0.13,0.22,0,1.43,0.07,0.97,0, 0.0166268, 0.01559738, 0.017706039, 0.0177439, 0.0177439,buy
2015-12-04,0,0.25,0.58,0,1.46,0.08,0.91,0,-0.0008428, 0.00365809, 0.002424395,-0.0008428,-0.0001054,sell
2015-12-05,0,0.62,0.84,0,1.61,0.12,1.05,0, 0.0017850, 0.00235258, 0.002838650, 0.0022404, 0.0026551,buy
2015-12-06,0,1.44,0.52,0,1.89,0.24,1.13,0, 0.0019721, 0.00010502,-0.000423519, 0.0010976,-0.0012063,buy
2015-12-07,0,1.29,0.3,0,1.71,0.48,0.89,0, 0.0037424,-0.00121810,-0.000984046,-0.0027036,-0.0000868,sell
2015-12-08,0,0.54,0.27,0,1.38,0.37,0.61,0,-0.0004562, 0.00353823, 0.004436956, 0.0050789, 0.0035584,buy
2015-12-09,0,0.29,0.36,0,1.25,0.26,0.43,0, 0.0010447, 0.00590078, 0.005900776, 0.0053900, 0.0047483,buy
2015-12-10,0,0.16,0.56,0,1.21,0.38,0.32,0, 0.0005457, 0.00001333, 0.000985943, 0.0006560, 0.0018066,buy
2015-12-11,0,0.08,0.79,0,1.23,0.4,0.26,0, 0.0020881, 0.00055652,-0.000218229,-0.0047957,-0.0046686,sell
2015-12-12,0,0.06,0.69,0,1.33,0.21,0.25,0,-0.0029127,-0.00174601, 0.001542651,-0.0041109,-0.0044342,sell
2015-12-13,0,0.06,0.41,0,1.43,0.13,0.38,0, 0.0020234, 0.00679905, 0.006799050, 0.0059446, 0.0065805,buy
2015-12-14,0,0.07,0.25,0,1.47,0.12,0.87,0, 0.0163136, 0.01293843, 0.017467345, 0.0136246, 0.0136235,buy
2015-12-15,0,0.08,0.16,0,1.64,0.1,0.87,0, 0.0127549, 0.01092024, 0.012124908, 0.0122219, 0.0126716,buy
2015-12-16,0,0.18,0.11,0,1.88,0.06,0.71,0, 0.0013457,-0.00289182, 0.000870353,-0.0002151, 0.0026121,sell
2015-12-17,0,0.34,0.1,0,2.03,0.07,0.91,0,-0.0010075,-0.00304182,-0.001446775,-0.0014468, 0.0004715,sell
2015-12-18,0,0.68,0.16,0,2.21,0.07,0.67,0,-0.0012089,-0.00248131,-0.002838852,-0.0008794,-0.0009001,sell
2015-12-19,0,1.4,0.16,0,2.64,0.1,0.59,0, 0.0016422, 0.00212538,-0.001003856,-0.0010981, 0.0003565,sell
2015-12-20,0,2.07,0.07,0,3.17,0.15,1.05,0,-0.0000250, 0.00222639, 0.002226385, 0.0050366,-0.0006947,buy
2015-12-21,0,1.5,0.02,0,3.07,0.21,1.86,0,-0.0001247, 0.00305407, 0.005316848, 0.0034653, 0.0015353,buy
2015-12-22,0,0.76,0.01,0,2.78,0.35,1.52,0,-0.0003307, 0.00054767, 0.001869250,-0.0014053,-0.0059859,sell
2015-12-23,0,0.4,0,0,2.62,0.59,1.35,0,-0.0013746,-0.00133373, 0.000675260, 0.0002824,-0.0021947,buy
2015-12-24,0,0.21,0,0,2.85,0.7,1.48,0,-0.0013488,-0.00030747, 0.001012629, 0.0007702, 0.0002818,buy
2015-12-25,0,0.1,0,0,3.19,0.69,1.04,0, 0.0002533, 0.00182322, 0.001265891, 0.0022681, 0.0029155,buy
2015-12-26,0,0.06,0,0,3.27,0.49,0.84,0,-0.0002858, 0.00007971,-0.000285760, 0.0000797, 0.0013147,buy
2015-12-27,0,0.04,0,0,2.73,0.38,0.78,0,-0.0027931,-0.00276225,-0.002459887,-0.0004764,-0.0040378,sell
2015-12-28,0,0.04,0,0,2.07,0.36,0.85,0, 0.0036654, 0.00195148, 0.000027745, 0.0022427,-0.0017891,buy
2015-12-29,0,0.05,0,0,1.65,0.43,1.05,0, 0.0052645,-0.00771814, 0.000626975,-0.0055562, 0.0007023,sell
2015-12-30,0,0.14,0.01,0,1.41,0.51,0.77,0, 0.0001905,-0.00005274,-0.000271660,-0.0008719,-0.0001609,sell
2015-12-31,0,0.32,0.02,0,1.26,0.37,0.44,0, 0.0042468, 0.00034321, 0.004241190, 0.0003319,-0.0003957,buy
2016-01-01,0,0.25,0.03,0,1.23,0.31,0.27,0, 0.0019673, 0.00161294, 0.003953933, 0.0011521,-0.0004140,buy
2016-01-02,0,0.17,0.04,0,1.21,0.32,0.18,0, 0.0026342, 0.00624650, 0.005223687, 0.0039998, 0.0023231,buy
2016-01-03,0,0.19,0.05,0,1.17,0.35,0.09,0, 0.0020376, 0.00597547, 0.007519656, 0.0053533, 0.0029818,buy
2016-01-04,0,0.27,0.07,0,1.16,0.39,0.14,0, 0.0080128, 0.00939466, 0.009449711, 0.0070038, 0.0086434,buy
2016-01-05,0,0.42,0.09,0,1.22,0.4,0.22,0,-0.0027363,-0.00301068, 0.001769329,-0.0071556,-0.0031460,sell
2016-01-06,0,0.67,0.13,0,1.33,0.41,0.42,0,-0.0053970,-0.00562560,-0.003414003,-0.0038617,-0.0040437,sell
2016-01-07,0,1.06,0.19,0,1.28,0.41,0.89,0, 0.0055065, 0.00681898, 0.008508771, 0.0053919, 0.0074139,buy
2016-01-08,0,1.39,0.26,0,1.17,0.42,1.47,0, 0.0058031, 0.00369167,-0.001793590,-0.0020877, 0.0061027,buy
2016-01-09,0,1.15,0.36,0,1.12,0.57,1.06,0,-0.0062872,-0.00709042,-0.003025960,-0.0053140,-0.0045755,sell
2016-01-10,0,0.74,0.5,0,1.21,0.89,0.49,0,-0.0070388,-0.00952636,-0.005884872,-0.0040416,-0.0097564,sell
2016-01-11,0,0.47,0.48,0,1.66,0.69,0.25,0,-0.0027532,-0.00390642, 0.000157121,-0.0039064,-0.0046699,sell
2016-01-12,0,0.3,0.36,0,1.79,0.68,0.15,0,-0.0005290,-0.00007230, 0.000699955,-0.0004033,-0.0040927,sell
2016-01-13,0,0.19,0.28,0,2.02,0.87,0.08,0, 0.0043409, 0.00406678, 0.007246319, 0.0049179,-0.0011917,buy
2016-01-14,0,0.12,0.25,0,2.31,0.99,0.08,0, 0.0081181, 0.00830106, 0.006800753, 0.0082455, 0.0085173,buy
2016-01-15,0,0.08,0.23,0,2.12,1.06,0.08,0, 0.0057824, 0.00532403, 0.007190991, 0.0076957, 0.0024684,buy
2016-01-16,0,0.05,0.17,0,2.6,1.06,0.24,0,-0.0014612, 0.00028285, 0.000598110,-0.0017142,-0.0027525,sell
2016-01-17,0,0,0.14,0,1.56,1.28,0.52,0,-0.0057952,-0.00702938,-0.006245581,-0.0036971,-0.0047506,sell
2016-01-18,0,0,0.12,0,0.87,1.38,1.25,0,-0.0023554,-0.00297920,-0.002306443,-0.0023805,-0.0033037,sell
2016-01-19,0,0,0.11,0,0.68,1.14,1.72,0,-0.0031773,-0.00419273,-0.002856251,-0.0014387,-0.0047023,sell
2016-01-20,0,0,0.1,0,0.65,0.97,1.41,0,-0.0040057,-0.00400571,-0.005341546, 0.0003358,-0.0041666,sell
2016-01-21,0,0,0.09,0,0.59,0.96,1.41,0,-0.0060337,-0.00603368,-0.006191453,-0.0040852,-0.0061618,sell
2016-01-22,0,0,0.1,0,0.59,1.04,0.99,0,-0.0069501,-0.00593355,-0.006950117,-0.0057139,-0.0068438,sell
2016-01-23,0,0,0.11,0,0.56,1.39,0.53,0, 0.0018558, 0.00220162,-0.001456950,-0.0029943, 0.0003909,buy
2016-01-24,0,0.04,0.13,0,0.62,1.37,0.35,0, 0.0016154, 0.00016557,-0.003535004,-0.0036340,-0.0033743,sell
2016-01-25,0,0.11,0.15,0,0.66,1.05,0.3,0, 0.0030831, 0.00144553, 0.001906934, 0.0001505,-0.0009273,buy
2016-01-26,0,0.28,0.17,0,0.79,0.96,0.3,0,-0.0003771,-0.00063049,-0.000377145,-0.0002925,-0.0003625,sell
2016-01-27,0,0.75,0.2,0,1.01,0.93,0.36,0, 0.0025104, 0.00219689, 0.002585611, 0.0046893, 0.0024315,buy
2016-01-28,0,0.91,0.24,0,1.47,0.97,0.5,0,-0.0025123, 0.00093237,-0.002338779,-0.0017051, 0.0011619,sell
2016-01-29,0,0.5,0.27,0,1.48,1,0.79,0,-0.0022582, 0.00372020, 0.000217930,-0.0024752, 0.0053841,buy
2016-01-30,0,0.23,0.3,0,1.18,1.04,1.28,0,-0.0051150,-0.00470076,-0.005169806,-0.0004221,-0.0051742,sell
2016-01-31,0,0.09,0.35,0,1.04,1.07,1.3,0,-0.0001203,-0.00089830, 0.000179400, 0.0013030,-0.0009541,buy
2016-02-01,0,0.01,0.4,0,1.08,1,1.37,0, 0.0029484, 0.00146098, 0.003483404, 0.0024774, 0.0019366,buy
2016-02-02,0,0.01,0.47,0,1.18,0.9,1.98,0, 0.0035990, 0.00384662, 0.003846624, 0.0045601, 0.0026455,buy
2016-02-03,0,0,0.55,0,1.44,0.84,2.67,0, 0.0099671, 0.00716732, 0.010078317, 0.0101418, 0.0105432,buy
2016-02-04,0,0,0.64,0,1.96,0.76,2.31,0, 0.0079782, 0.00477754, 0.008211926, 0.0084144, 0.0079006,buy
2016-02-05,0,0,0.74,0,2.54,0.72,2.07,0, 0.0012410, 0.00089972, 0.000433762, 0.0003959, 0.0004338,buy
2016-02-06,0,0,0.8,0,2.79,0.77,2.7,0,-0.0002493,-0.00064579,-0.002767364,-0.0008333,-0.0026553,buy
2016-02-07,0,0,0.86,0,3.34,0.99,3.84,0,-0.0005293,-0.00165587,-0.002314435,-0.0015039,-0.0036693,sell
2016-02-08,0,0,0.96,0,3.97,1.2,3.77,0, 0.0007171, 0.00082880,-0.001817895,-0.0011480,-0.0013134,buy
2016-02-09,0,0,1.12,0,3.6,0.93,2.12,0, 0.0009957, 0.00099568, 0.000527012, 0.0013237, 0.0017082,buy
2016-02-10,0,0,1.37,0,2.88,0.7,1.17,0,-0.0033283,-0.00332831,-0.000191639,-0.0035498,-0.0033283,sell
2016-02-11,0,0,1.31,0,2.19,0.75,0.82,0,-0.0037181,-0.00241910,-0.009071256,-0.0034508,-0.0037181,sell
2016-02-12,0,0,1.13,0,1.74,0.77,0.77,0,-0.0034888,-0.00177090,-0.003801878,-0.0034888,-0.0034888,sell
2016-02-13,0,0,1.08,0,1.4,0.61,0.98,0,-0.0086352,-0.00557965,-0.007314967,-0.0086352,-0.0080504,sell
2016-02-14,0,0,1.12,0,1.18,0.53,0.95,0,-0.0076101,-0.00502941,-0.005427457,-0.0060567,-0.0048073,sell
2016-02-15,0,0.04,1,0,1.03,0.56,0.6,0,-0.0038784,-0.00250553,-0.003089592,-0.0007820,-0.0003803,sell
2016-02-16,0,0.15,0.82,0,0.96,0.79,0.43,0, 0.0006863, 0.00068629, 0.000587841, 0.0015844, 0.0015844,buy
2016-02-17,0,0.54,0.7,0,0.92,1.13,0.36,0,-0.0034149,-0.00435425,-0.006611273,-0.0047781,-0.0054201,sell
2016-02-18,0,0.9,0.63,0,1.03,0.98,0.29,0,-0.0067307,-0.00919965,-0.009063597,-0.0097748,-0.0084131,sell
2016-02-19,0,0.61,0.59,0,1.45,0.95,0.21,0,-0.0051366,-0.00673012,-0.004984778,-0.0042338,-0.0068788,sell
2016-02-20,0,0.67,0.55,0,2.29,1.4,0.14,0,-0.0012719, 0.00122408, 0.001702532, 0.0004158, 0.0012241,buy
2016-02-21,0,0.89,0.5,0,1.98,1.58,0.11,0, 0.0001851, 0.00021057, 0.000718741, 0.0003048,-0.0014236,buy
2016-02-22,0,0.54,0.46,0,1.23,1.15,0.08,0,-0.0032428,-0.00216201,-0.002735968,-0.0053002,-0.0068695,sell
2016-02-23,0,0.27,0.42,0,1.24,0.86,0.08,0,-0.0075459,-0.00779282,-0.004599939,-0.0059984,-0.0039841,sell
2016-02-24,0,0.12,0.41,0,1.83,0.66,0.16,0,-0.0019365,-0.00204214,-0.000438507,-0.0024698,-0.0041584,sell
2016-02-25,0,0.02,0.44,0,2.57,0.56,0.27,0,-0.0001233, 0.00522530, 0.000331157, 0.0004129, 0.0044246,buy
2016-02-26,0,0.01,0.52,0,2.56,0.53,0.38,0,-0.0016891, 0.00535747,-0.001511913,-0.0009418, 0.0053575,buy
2016-02-27,0,0,0.89,0,2.13,0.53,0.34,0, 0.0013505, 0.00217164, 0.004305097, 0.0043051, 0.0036772,buy
2016-02-28,0,0,0.84,0,2.29,0.56,0.15,0,-0.0026631, 0.00145246,-0.001356042,-0.0024253,-0.0009323,sell
2016-02-29,0,0,0.61,0,1.49,0.62,0.21,0,-0.0022323,-0.00116644,-0.000331596,-0.0014842,-0.0018380,sell
2016-03-01,0,0.01,0.59,0,1.47,0.76,0.37,0,-0.0026560,-0.00151124,-0.001621749,-0.0026560,-0.0032477,sell
2016-03-02,0,0.01,0.71,0,1.35,0.98,0.61,0,-0.0037074,-0.00326368,-0.002190747,-0.0033698,-0.0022145,sell
2016-03-03,0,0.01,0.98,0,1.24,1.05,1.13,0, 0.0040724, 0.00407238, 0.004166941, 0.0034931, 0.0021836,buy
2016-03-04,0,0.03,0.79,0,1.99,0.86,1.68,0, 0.0041965, 0.00261423, 0.003767392, 0.0037674, 0.0026142,buy
2016-03-05,0,0.03,0.7,0,1.8,0.82,1.26,0, 0.0092055, 0.01220940, 0.009205504, 0.0114990, 0.0126023,buy
2016-03-06,0,0.08,0.68,0,1.01,0.95,1.01,0, 0.0003200,-0.00079075, 0.001624934, 0.0002470, 0.0019133,buy
2016-03-07,0,0.11,0.61,0,0.8,0.9,0.95,0,-0.0027893,-0.00538115,-0.003972495,-0.0024490,-0.0027893,sell
2016-03-08,0,0.17,0.59,0,0.86,0.72,0.58,0, 0.0018861, 0.00185399, 0.002513758, 0.0025113, 0.0023429,buy
2016-03-09,0,0.24,0.59,0,0.79,0.67,0.5,0, 0.0001920, 0.00019195, 0.002108435, 0.0039957,-0.0009690,buy
2016-03-10,0,0.35,0.61,0,0.65,0.68,0.58,0, 0.0097305, 0.01082607, 0.010826073, 0.0108261, 0.0109914,buy
2016-03-11,0,0.48,0.63,0,0.6,0.77,0.83,0, 0.0041622, 0.00504337, 0.004578531, 0.0050434, 0.0034505,buy
2016-03-12,0,0.63,0.67,0,0.6,0.86,1.13,0, 0.0050778, 0.00346583, 0.001278056, 0.0010573, 0.0012781,buy
2016-03-13,0,0.91,0.7,0,0.61,1.04,1.54,0, 0.0007454, 0.00057569,-0.000349620,-0.0023780, 0.0008235,sell
2016-03-14,0,1.01,0.75,0,0.67,1.23,2.23,0,-0.0019837,-0.00198366,-0.001983665,-0.0031235,-0.0003482,sell
2016-03-15,0,0.76,0.82,0,0.84,1.51,2.08,0,-0.0014095,-0.00074196,-0.001829310,-0.0044497,-0.0042871,sell
2016-03-16,0,0.57,0.85,0,1.01,1.33,0.97,0, 0.0002045,-0.00133100,-0.000532658, 0.0006197,-0.0021391,buy
2016-03-17,0,0.48,0.81,0,0.87,0.87,0.45,0, 0.0058975, 0.00589747, 0.005357996, 0.0058885, 0.0058975,buy
2016-03-18,0,0.45,0.72,0,0.77,0.75,0.23,0,-0.0042870,-0.00590969,-0.004646807,-0.0015362,-0.0026148,sell
2016-03-19,0,0.4,0.65,0,0.68,0.76,0.14,0,-0.0008202,-0.00230363,-0.001169720, 0.0002379,-0.0007168,sell
2016-03-20,0,0.34,0.59,0,0.64,0.81,0.06,0,-0.0025352,-0.00330099,-0.001485959,-0.0029071,-0.0007628,sell
2016-03-21,0,0.3,0.52,0,0.6,0.89,0.04,0,-0.0039803,-0.00273140,-0.000833083,-0.0039438,-0.0024611,sell
2016-03-22,0,0.29,0.45,0,0.62,1,0.03,0,-0.0055432,-0.00398350,-0.003010488,-0.0051691,-0.0040754,sell
2016-03-23,0,0.26,0.4,0,0.76,1.14,0.1,0,-0.0047260,-0.00294066,-0.004376010,-0.0029872,-0.0039825,sell
2016-03-24,0,0.19,0.36,0,1.17,1.2,0.18,0,-0.0035857,-0.00310201,-0.004572228,-0.0031020,-0.0037717,sell
2016-03-25,0,0.15,0.31,0,2.25,1.05,0.45,0, 0.0034244, 0.00331647, 0.002993065, 0.0032149, 0.0029497,buy
2016-03-26,0,0.11,0.28,0,2.42,0.91,0.76,0,-0.0009330,-0.00138879,-0.001189674,-0.0023671,-0.0005081,sell
2016-03-27,0,0.09,0.26,0,2.43,0.79,0.49,0, 0.0047263, 0.00389137, 0.005664267, 0.0047020, 0.0030520,buy
2016-03-28,0,0.07,0.33,0,2.4,0.72,0.27,0, 0.0069672, 0.00607785, 0.005292779, 0.0070084, 0.0068488,buy
2016-03-29,0,0.06,0.66,0,2.35,0.68,0.24,0,-0.0030199,-0.00091815,-0.001819389,-0.0033584,-0.0028008,sell
2016-03-30,0,0.05,0.5,0,2.12,0.7,0.29,0, 0.0028368, 0.00325508, 0.002836781, 0.0020139, 0.0012443,buy
2016-03-31,0,0.18,0.27,0,1.87,0.79,0.41,0, 0.0045467, 0.00442271, 0.004295661, 0.0024069, 0.0022243,buy
2016-04-01,0,0.73,0.27,0,2.37,1.04,0.59,0, 0.0034444, 0.00359949, 0.001870647, 0.0021371, 0.0046429,buy
2016-04-02,0,1,0.29,0,2.52,1.14,0.7,0,-0.0032415,-0.00069224,-0.001757801,-0.0037062, 0.0000272,sell
2016-04-03,0,0.3,0.44,0,2.07,1.06,0.58,0,-0.0004780, 0.00827858, 0.000251038, 0.0051451, 0.0082786,buy
2016-04-04,0,0.23,0.61,0,1.8,0.77,0.41,0,-0.0022602,-0.00077876, 0.001368691,-0.0046219,-0.0046587,sell
2016-04-05,0,0.89,0.43,0,1.5,0.5,0.28,0, 0.0019776,-0.00538337,-0.002158604,-0.0024834,-0.0053834,sell
2016-04-06,0,0.9,0.26,0,1.59,0.41,0.2,0,-0.0003033,-0.00363883,-0.001328608,-0.0043250,-0.0051966,sell
2016-04-07,0,0.26,0.21,0,1.24,0.39,0.14,0,-0.0001888, 0.00049909, 0.006427362, 0.0004991, 0.0051057,buy
2016-04-08,0,0.21,0.27,0,0.99,0.42,0.1,0, 0.0015428, 0.00338426, 0.005370032, 0.0033479, 0.0041497,buy
2016-04-09,0,0.2,0.41,0,0.9,0.66,0.09,0,-0.0029427, 0.00059768,-0.002942691, 0.0013309, 0.0011407,buy
2016-04-10,0,0.19,0.78,0,1.03,0.9,0.15,0,-0.0005911,-0.00202849,-0.001881952,-0.0017546,-0.0009627,sell
2016-04-11,0,0.35,0.64,0,1.53,0.57,0.42,0,-0.0001308, 0.00259966, 0.005064849, 0.0027417, 0.0027417,buy
2016-04-12,0,0.76,0.29,0,2.02,0.42,0.71,0,-0.0088904,-0.00748949,-0.006419664,-0.0022149,-0.0032446,sell
2016-04-13,0,1,0.2,0,1.66,0.47,0.33,0,-0.0049596,-0.00772162,-0.003263988,-0.0076169,-0.0050367,sell
2016-04-14,0,0.6,0.23,0,1.52,0.68,0.1,0,-0.0053979,-0.00115308, 0.000465618,-0.0009825, 0.0035297,sell
2016-04-15,0,0.34,0.36,0,1.16,0.96,0.03,0,-0.0041364,-0.00023922, 0.000170015,-0.0041518,-0.0033490,sell
2016-04-16,0,0.32,0.64,0,0.83,0.77,0,0,-0.0031577,-0.00271130,-0.000677489,-0.0024975,-0.0006210,sell
2016-04-17,0,0.56,0.6,0,0.79,0.48,0,0,-0.0012837,-0.00036494,-0.002609554,-0.0027923,-0.0027353,sell
2016-04-18,0,0.89,0.25,0,1.04,0.33,0,0, 0.0003483,-0.00031328,-0.000216958, 0.0006909, 0.0012448,buy
2016-04-19,0,0.65,0.13,0,1.58,0.27,0.07,0, 0.0021238,-0.00004497,-0.004578088, 0.0012669, 0.0009735,buy
2016-04-20,0,0.39,0.12,0,2.55,0.22,0.13,0,-0.0024599,-0.00096783,-0.002459916,-0.0004543,-0.0024599,sell
2016-04-21,0,0.27,0.14,0,2.93,0.2,0.24,0,-0.0002177, 0.00058572,-0.000157764,-0.0003237,-0.0001578,sell
2016-04-22,0,0.25,0.09,0,2.98,0.19,0.42,0,-0.0017752,-0.00189793,-0.002077860,-0.0022837,-0.0020779,sell
2016-04-23,0,0.5,0.06,0,3.43,0.19,0.64,0,-0.0001247,-0.00483006,-0.002411444,-0.0047380,-0.0024114,sell
2016-04-24,0,1.15,0.08,0,3.68,0.22,0.88,0,-0.0029261,-0.00307551,-0.000587615,-0.0005416,-0.0005876,sell
2016-04-25,0,0.94,0.1,0,2.62,0.31,1.12,0,-0.0011438, 0.00130245, 0.003194511,-0.0028833,-0.0026842,sell
2016-04-26,0,0.43,0.22,0,1.44,0.55,1.32,0, 0.0000026,-0.00506334,-0.000691091, 0.0013214,-0.0008574,sell
2016-04-27,0,0.49,0.53,0,0.98,0.8,1.53,0, 0.0037135, 0.00353948, 0.003865842, 0.0014508, 0.0047651,buy
2016-04-28,0,0.94,0.57,0,0.7,0.85,1.67,0, 0.0033461, 0.00231504, 0.002819719,-0.0000521, 0.0018783,buy
2016-04-29,0,0.81,0.24,0,0.55,0.64,1.88,0, 0.0054147, 0.00518564, 0.005284867, 0.0045049, 0.0050579,buy
2016-04-30,0,0.46,0.1,0,0.47,0.38,2.22,0, 0.0036068, 0.00385792, 0.004461240, 0.0044939, 0.0047467,buy
2016-05-01,0,0.29,0.05,0,0.47,0.29,2.59,0, 0.0047137, 0.00284983, 0.004934988, 0.0050730, 0.0063556,buy
2016-05-02,0,0.27,0.05,0,0.51,0.32,2.55,0, 0.0029071, 0.00018248, 0.002907116, 0.0029071, 0.0031798,buy
2016-05-03,0,0.34,0.11,0,0.62,0.43,2.08,0, 0.0047492, 0.00278665, 0.004749163, 0.0047492, 0.0051507,buy
2016-05-04,0,0.32,0.32,0,0.82,0.55,1.39,0,-0.0032021,-0.00391541,-0.003915413,-0.0057647,-0.0047942,sell
2016-05-05,0,0.3,0.65,0,1.17,0.44,0.95,0,-0.0014561,-0.00218340,-0.002141819,-0.0020061, 0.0014128,sell
2016-05-06,0,0.25,0.38,0,1.52,0.55,0.66,0, 0.0013969,-0.00139739, 0.000225685, 0.0023558, 0.0003897,buy
2016-05-07,0,0.19,0.12,0,1.24,0.72,0.54,0,-0.0041414,-0.00213586, 0.000279027,-0.0019773,-0.0019410,sell
2016-05-08,0,0.14,0.04,0,0.8,0.44,0.67,0,-0.0080286, 0.00223412, 0.002832958,-0.0073621,-0.0087140,sell
2016-05-09,0,0.11,0.04,0,0.62,0.19,0.86,0, 0.0005480, 0.00386226, 0.000516139,-0.0007717,-0.0019794,buy
2016-05-10,0,0.08,0.05,0,0.58,0.12,0.6,0, 0.0010373, 0.00116926, 0.001033267, 0.0027090, 0.0010373,buy
2016-05-11,0,0.06,0.12,0,0.66,0.09,0.35,0, 0.0045230, 0.00308729, 0.009277337, 0.0043899, 0.0081906,buy
2016-05-12,0,0.05,0.14,0,0.79,0.11,0.41,0, 0.0025130, 0.00364578, 0.008719179, 0.0025130, 0.0078127,buy
2016-05-13,0,0.06,0.09,0,0.78,0.15,0.72,0,-0.0005683, 0.00707703,-0.000568260,-0.0006669,-0.0005589,buy
2016-05-14,0,0.06,0.11,0,0.79,0.19,1.39,0, 0.0065640, 0.00531708, 0.005160266, 0.0053171, 0.0064579,buy
2016-05-15,0,0.09,0.12,0,0.9,0.28,1.21,0,-0.0044498,-0.00444978,-0.005240162,-0.0044498,-0.0044498,sell
2016-05-16,0,0.11,0.16,0,1.1,0.42,0.61,0,-0.0036207,-0.00129554,-0.001140122,-0.0012955,-0.0014189,sell
2016-05-17,0,0.16,0.22,0,1.21,0.57,0.42,0, 0.0006376,-0.00041251, 0.001003836,-0.0004125, 0.0010038,buy
2016-05-18,0,0.24,0.29,0,1.2,0.53,0.6,0,-0.0004423,-0.00227458, 0.000443964,-0.0006849,-0.0008680,sell
2016-05-19,0,0.38,0.36,0,1.01,0.46,1.4,0,-0.0042185,-0.00397136,-0.004564074,-0.0046069,-0.0050540,sell
2016-05-20,0,0.62,0.47,0,0.95,0.46,1.43,0, 0.0004557,-0.00116842,-0.001148415,-0.0011489,-0.0038170,sell
2016-05-21,0,1.05,0.54,0,1.03,0.5,0.57,0,-0.0007047,-0.00166143, 0.001272586, 0.0008853,-0.0009079,buy
2016-05-22,0,1.46,0.48,0,1.14,0.52,0.25,0,-0.0019079,-0.00167973,-0.002549565,-0.0027813,-0.0023319,sell
2016-05-23,0,1.31,0.38,0,1.31,0.63,0.14,0,-0.0019340,-0.00308381,-0.003531978,-0.0022222,-0.0008986,sell
2016-05-24,0,1.07,0.29,0,1.36,0.52,0.08,0,-0.0013629,-0.00253625,-0.003804033,-0.0025363, 0.0002613,sell
2016-05-25,0,1.46,0.24,0,1.24,0.29,0.07,0, 0.0009557, 0.00090120, 0.000901201,-0.0010506, 0.0002882,sell
2016-05-26,0,1.84,0.18,0,1.16,0.18,0.06,0, 0.0035868, 0.00243079, 0.003615381, 0.0023298, 0.0033374,buy
2016-05-27,0,1.24,0.14,0,1.12,0.15,0.04,0,-0.0038568,-0.00333357,-0.003721313,-0.0036026,-0.0043762,sell
2016-05-28,0,0.62,0.13,0,1.2,0.2,0.03,0,-0.0068257,-0.00580539,-0.006157188,-0.0043638,-0.0061572,sell
2016-05-29,0,0.32,0.1,0,1.29,0.22,0.02,0,-0.0127257,-0.01290233,-0.012902332,-0.0108100,-0.0127257,sell
2016-05-30,0,0.17,0.09,0,1.26,0.21,0,0, 0.0018097, 0.00204131, 0.001992294, 0.0000194,-0.0000271,buy
2016-05-31,0,0.08,0.09,0,1.08,0.2,0,0, 0.0027236, 0.00082909, 0.007247697, 0.0009881, 0.0019443,buy
2016-06-01,0,0.04,0.1,0,0.88,0.11,0,0, 0.0063051, 0.00126224, 0.008517057, 0.0037754,-0.0014620,buy
2016-06-02,0,0,0.11,0,0.73,0.09,0,0, 0.0091723, 0.00207119, 0.008374702, 0.0036928,-0.0008807,buy
2016-06-03,0,0,0.11,0,0.61,0.11,0,0, 0.0090418, 0.00606280, 0.008438936, 0.0069585,-0.0008807,buy
2016-06-04,0,0,0.16,0,0.53,0.13,0.04,0, 0.0082946, 0.00633933, 0.008112174, 0.0066722,-0.0017917,buy
2016-06-05,0,0,0.27,0,0.51,0.12,0.2,0, 0.0021542, 0.00029204,-0.001458952,-0.0014590,-0.0015454,buy
2016-06-06,0,0,0.65,0,0.54,0.09,0.43,0,-0.0077043,-0.00361091,-0.007162366,-0.0036109,-0.0033798,sell
2016-06-07,0,0,0.82,0,0.64,0.07,0.97,0,-0.0035763,-0.00360048,-0.002130380,-0.0033703,-0.0016729,sell
2016-06-08,0,0,0.4,0,0.53,0.05,2.27,0,-0.0021958,-0.00142315, 0.001547345,-0.0022782, 0.0017950,sell
2016-06-09,0,0,0.17,0,0.41,0.04,3.07,0,-0.0017263,-0.00362095,-0.001131802,-0.0016791,-0.0013291,sell
2016-06-10,0,0.01,0.12,0,0.38,0.03,2.21,0,-0.0038414,-0.00360909,-0.003027234,-0.0039566,-0.0026327,sell
2016-06-11,0,0.05,0.14,0,0.37,0.02,1.4,0, 0.0013672, 0.00190902, 0.001508224,-0.0065445,-0.0024125,sell
2016-06-12,0,0.15,0.33,0,0.36,0.02,0.98,0, 0.0013546, 0.00234039, 0.001433880, 0.0009542, 0.0011748,buy
2016-06-13,0,0.49,0.78,0,0.37,0.02,0.7,0, 0.0007889, 0.00531683, 0.000803497, 0.0018965,-0.0001177,buy
2016-06-14,0,0.7,0.88,0,0.43,0.04,0.49,0,-0.0033292,-0.00001722,-0.002791292,-0.0035201,-0.0036396,sell
2016-06-15,0,0.27,0.81,0,0.46,0.07,0.26,0, 0.0021394, 0.00213939, 0.002216474, 0.0021394, 0.0010173,buy
2016-06-16,0,0.08,0.49,0,0.48,0.17,0.11,0,-0.0054596,-0.00676801,-0.007020312,-0.0067680,-0.0067680,sell
2016-06-17,0,0.02,0.38,0,0.51,0.47,0.03,0,-0.0017820,-0.00204414,-0.002933146,-0.0029331,-0.0008176,sell
2016-06-18,0,0.02,0.42,0,0.55,0.52,0.01,0, 0.0057540, 0.00370124, 0.002941431, 0.0057698, 0.0055536,buy
2016-06-19,0,0.02,0.51,0,0.6,0.23,0,0,-0.0054801,-0.00570929,-0.007621571,-0.0081852,-0.0056775,sell
2016-06-20,0,0.03,0.66,0,0.67,0.08,0,0,-0.0051696,-0.00579597,-0.005444910,-0.0057960,-0.0057960,sell
2016-06-21,0,0.08,0.91,0,0.74,0.03,0,0,-0.0061705,-0.00708591,-0.004623570,-0.0064014,-0.0052936,sell
2016-06-22,0,0.18,1.18,0,0.84,0.04,0,0, 0.0048156, 0.00504105, 0.005602130, 0.0048156, 0.0056834,buy
2016-06-23,0,0.53,1.27,0,0.97,0.04,0,0, 0.0058360, 0.00647766, 0.005682398, 0.0058360, 0.0066872,buy
2016-06-24,0,1.03,0.9,0,1.12,0.05,0,0,-0.0008687,-0.01433051,-0.014253009,-0.0031057,-0.0140394,sell
2016-06-25,0,0.69,0.74,0,1.31,0.06,0.12,0, 0.0007376, 0.00216981,-0.000055194, 0.0015956, 0.0011108,buy
2016-06-26,0,0.37,1,0,1.56,0.07,0.57,0, 0.0006322, 0.00002223, 0.002135252, 0.0020680, 0.0040708,buy
2016-06-27,0,0.43,0.66,0,1.88,0.08,1.25,0,-0.0045777,-0.00214833,-0.001873912,-0.0018739,-0.0020760,sell
2016-06-28,0,0.78,0.31,0,1.91,0.1,0.67,0, 0.0003919,-0.00106388,-0.000926286, 0.0011387, 0.0021309,buy
2016-06-29,0,1.09,0.21,0,1.63,0.12,0.31,0,-0.0029168, 0.00017646, 0.001929683, 0.0018805, 0.0019297,buy
2016-06-30,0,0.75,0.2,0,1.48,0.15,0.51,0,-0.0040040,-0.00430596,-0.004000409,-0.0022512,-0.0057509,sell
2016-07-01,0,0.47,0.22,0,1.36,0.2,0.95,0, 0.0044914, 0.00594485, 0.005994567, 0.0022635, 0.0050642,buy
2016-07-02,0,0.49,0.26,0,1.37,0.25,0.75,0, 0.0019599, 0.00326375, 0.004600051, 0.0032251, 0.0020353,buy
2016-07-03,0,1.16,0.25,0,1.57,0.31,0.29,0, 0.0060153, 0.00271690, 0.005536149, 0.0053305, 0.0017050,buy
2016-07-04,0,0.79,0.3,0,2.09,0.33,0.14,0, 0.0026249,-0.00084007, 0.000244907,-0.0011985, 0.0029296,buy
2016-07-05,0,0.24,0.37,0,2.27,0.29,0.16,0,-0.0007346, 0.00094031,-0.003814236,-0.0024129,-0.0034386,sell
2016-07-06,0,0.17,0.34,0,1.62,0.23,0.37,0, 0.0017562,-0.00210847,-0.004310022,-0.0043621,-0.0014465,sell
2016-07-07,0,0.26,0.42,0,1.18,0.19,0.9,0,-0.0006203,-0.00199379,-0.001658555,-0.0024135,-0.0024135,sell
2016-07-08,0,0.57,0.53,0,1.03,0.16,1.36,0,-0.0012243, 0.00134164, 0.005688433, 0.0013416, 0.0008979,buy
2016-07-09,0,0.92,0.68,0,1.12,0.13,1.12,0, 0.0010903,-0.00013973,-0.002839086, 0.0023831, 0.0020318,buy
2016-07-10,0,0.71,0.85,0,1.99,0.12,1.06,0,-0.0034635,-0.00373738,-0.003117535,-0.0035747,-0.0035228,sell
2016-07-11,0,0.71,0.91,0,2.13,0.12,0.74,0,-0.0025441,-0.00490910,-0.002947033,-0.0031276,-0.0031276,sell
2016-07-12,0,1.01,0.8,0,1.16,0.18,0.52,0, 0.0046420, 0.00448569, 0.004139569, 0.0042824, 0.0041889,buy
2016-07-13,0,0.48,0.68,0,0.95,0.23,0.34,0,-0.0012515, 0.00067171,-0.002475290, 0.0006717, 0.0006717,buy
2016-07-14,0,0.25,0.59,0,0.89,0.37,0.22,0,-0.0006647, 0.00335850,-0.001643374,-0.0013963, 0.0039373,buy
2016-07-15,0,0.3,0.49,0,1,0.69,0.19,0, 0.0000867, 0.00004660,-0.002386866, 0.0035102,-0.0012101,buy
2016-07-16,0,0.44,0.41,0,1.16,0.68,0.12,0, 0.0015591,-0.00088451,-0.001502014,-0.0004618, 0.0056936,buy
2016-07-17,0,0.97,0.35,0,1.41,0.28,0.11,0, 0.0035057, 0.00044995,-0.002656224, 0.0006640, 0.0014568,buy
2016-07-18,0,2.36,0.37,0,1.79,0.2,0.12,0, 0.0032004, 0.00202724, 0.000801626, 0.0040367, 0.0026892,buy
2016-07-19,0,3.19,0.65,0,2.25,0.37,0.12,0,-0.0000503,-0.00257078,-0.000618764, 0.0000298, 0.0000834,sell
2016-07-20,0,2.26,0.8,0,2.15,0.74,0.13,0,-0.0040015,-0.00400148,-0.003663836,-0.0040645,-0.0035452,sell
2016-07-21,0,1.1,0.88,0,1.8,0.64,0.15,0, 0.0036813, 0.00368128, 0.002548523, 0.0034784, 0.0034784,buy
2016-07-22,0,0.49,0.9,0,1.54,0.56,0.17,0,-0.0021472,-0.00285589,-0.002494281,-0.0030099,-0.0025311,sell
2016-07-23,0,0.3,0.48,0,1.51,0.7,0.2,0,-0.0035910,-0.00341991, 0.001844254,-0.0033184,-0.0056868,sell
2016-07-24,0,0.2,0.53,0,1.93,0.57,0.24,0, 0.0111265,-0.00101227,-0.002245458, 0.0114584,-0.0049029,buy
2016-07-25,0,0.2,0.58,0,1.97,0.34,0.29,0, 0.0050582, 0.00261812, 0.002691370, 0.0056536, 0.0025979,buy
2016-07-26,0,0.2,0.57,0,1.41,0.25,0.36,0,-0.0000119, 0.00084632, 0.001684889,-0.0004348,-0.0004348,sell
2016-07-27,0,0.2,0.94,0,1.29,0.27,0.44,0, 0.0007943, 0.00070637, 0.000819625, 0.0003741,-0.0000485,buy
2016-07-28,0,0.29,0.51,0,1.42,0.4,0.54,0, 0.0040723, 0.00111605,-0.000449206, 0.0017125, 0.0017125,buy
2016-07-29,0,0.47,0.24,0,1.92,0.46,0.77,0,-0.0064118,-0.00498186,-0.003215548, 0.0056071, 0.0016895,buy
2016-07-30,0,1.05,0.28,0,1.86,0.34,1.12,0,-0.0040381, 0.00050633, 0.000506328,-0.0069649,-0.0060220,sell
2016-07-31,0,1.71,0.66,0,1.44,0.25,1.81,0,-0.0051986,-0.00039649, 0.003594190,-0.0072720,-0.0008388,sell
2016-08-01,0,1.82,1.01,0,1.28,0.23,2.68,0, 0.0037121, 0.00283573, 0.003712087, 0.0022423, 0.0037084,buy
2016-08-02,0,1.24,0.8,0,1.25,0.27,2.29,0, 0.0045316, 0.00101258, 0.004647112, 0.0061512, 0.0046471,buy
2016-08-03,0,0.69,0.68,0,1.24,0.34,1.56,0,-0.0016583,-0.00127802,-0.001658272, 0.0002091,-0.0012349,sell
2016-08-04,0,0.62,0.45,0,1.3,0.36,1.1,0,-0.0011163, 0.00280165,-0.000506047,-0.0017665,-0.0021335,sell
2016-08-05,0,1.08,0.34,0,1.4,0.29,0.82,0,-0.0027794,-0.00397033,-0.001176898,-0.0046367,-0.0001719,sell
2016-08-06,0,1.17,0.45,0,1.44,0.21,0.69,0,-0.0014814,-0.00381164,-0.002141616,-0.0038331,-0.0002046,sell
2016-08-07,0,0.58,0.65,0,1.4,0.16,0.64,0, 0.0047966, 0.00470187, 0.003229790, 0.0047019, 0.0056566,buy
2016-08-08,0,0.33,0.55,0,1.44,0.15,0.71,0, 0.0009231, 0.00364285, 0.003354484, 0.0008809, 0.0006405,buy
2016-08-09,0,0.25,0.46,0,1.45,0.14,0.99,0, 0.0005609, 0.00119053, 0.001054427, 0.0005609, 0.0005609,buy
2016-08-10,0,0.26,0.46,0,1.45,0.14,1.62,0,-0.0063253, 0.00326682,-0.003545764,-0.0045458,-0.0034170,sell
2016-08-11,0,0.36,0.56,0,1.42,0.16,1.48,0,-0.0040516,-0.00033321, 0.001670763,-0.0001597,-0.0016132,sell
2016-08-12,0,0.61,0.72,0,1.44,0.21,0.76,0, 0.0020917, 0.00317397, 0.002640501, 0.0027107, 0.0035231,buy
2016-08-13,0,0.99,0.86,0,1.44,0.3,0.4,0, 0.0028256,-0.00150267, 0.000550376,-0.0015027,-0.0018484,sell
2016-08-14,0,1.29,0.85,0,1.49,0.44,0.22,0,-0.0015608,-0.00222515,-0.000769604,-0.0008935,-0.0024318,sell
2016-08-15,0,1.01,0.98,0,1.59,0.67,0.13,0, 0.0017605, 0.00175133, 0.001751332, 0.0017605, 0.0017513,buy
2016-08-16,0,0.56,1.25,0,1.78,0.62,0.05,0, 0.0043524, 0.00239542, 0.004539270, 0.0044605,-0.0002493,buy
2016-08-17,0,0.36,1.02,0,2.12,0.4,0,0,-0.0024046,-0.00100834,-0.002030305,-0.0026999,-0.0037616,sell
2016-08-18,0,0.36,0.68,0,2,0.27,0,0, 0.0020940, 0.00376569, 0.000825155, 0.0018886, 0.0023796,buy
2016-08-19,0,0.46,0.56,0,1.61,0.19,0.01,0,-0.0004975, 0.00104990,-0.005394544,-0.0007697,-0.0007697,buy
2016-08-20,0,0.72,0.46,0,1.38,0.16,0.01,0,-0.0057612,-0.00303189,-0.004578928,-0.0010806,-0.0051938,sell
2016-08-21,0,1.53,0.31,0,1.26,0.13,0.02,0,-0.0031335, 0.00008497,-0.000700109, 0.0001207,-0.0024056,sell
2016-08-22,0,2.08,0.27,0,1.18,0.12,0.02,0, 0.0032908, 0.00181484, 0.003376390, 0.0018729, 0.0016989,buy
2016-08-23,0,1.47,0.26,0,1.12,0.09,0.03,0,-0.0035289, 0.00056870,-0.001090461, 0.0004969,-0.0025038,buy
2016-08-24,0,0.77,0.31,0,1.04,0.09,0.05,0,-0.0006999,-0.00235076,-0.002405970,-0.0007706,-0.0029851,sell
2016-08-25,0,0.44,0.39,0,1.02,0.1,0.07,0,-0.0015472,-0.00341295,-0.000857996,-0.0037635,-0.0041669,sell
2016-08-26,0,0.29,0.31,0,1.02,0.1,0.11,0,-0.0012455,-0.00452800,-0.004484364,-0.0050434,-0.0028921,sell
2016-08-27,0,0.2,0.3,0,1.01,0.1,0.14,0,-0.0052469,-0.00729723,-0.005999507,-0.0092148,-0.0061893,sell
2016-08-28,0,0.2,0.3,0,1.01,0.1,0.12,0, 0.0007326,-0.00407254,-0.005870465, 0.0017984,-0.0039444,sell
2016-08-29,0,0.2,0.34,0,1.04,0.1,0.08,0,-0.0049751,-0.00670676,-0.005966775,-0.0066447,-0.0059668,sell
2016-08-30,0,0.25,0.4,0,1.08,0.1,0.06,0,-0.0019971,-0.00539261,-0.005224101,-0.0047426,-0.0034341,sell
2016-08-31,0,0.38,0.49,0,1.16,0.11,0.04,0, 0.0009325,-0.00038952, 0.000463571, 0.0012465,-0.0017178,buy
2016-09-01,0,0.41,0.66,0,1.31,0.11,0.03,0, 0.0026856, 0.00274731, 0.002654136, 0.0039498, 0.0013399,buy
2016-09-02,0,0.24,0.98,0,1.57,0.11,0.02,0, 0.0000924, 0.00009240, 0.003734576, 0.0015401, 0.0013879,buy
2016-09-03,0,0.17,1.35,0,1.57,0.11,0.06,0, 0.0060643, 0.00651462, 0.006021190, 0.0060212, 0.0074153,buy
2016-09-04,0,0.13,1.14,0,1.28,0.11,0.1,0, 0.0080531, 0.00819745, 0.008665022, 0.0081975, 0.0091120,buy
2016-09-05,0,0.15,0.84,0,1.09,0.11,0.18,0, 0.0054408, 0.00460515, 0.004605149, 0.0046051, 0.0021851,buy
2016-09-06,0,0.17,0.78,0,0.99,0.11,0.33,0, 0.0048852, 0.00495597, 0.004819113, 0.0049560, 0.0023572,buy
2016-09-07,0,0.22,0.88,0,0.95,0.11,0.56,0, 0.0028238, 0.00282376, 0.003169418, 0.0031694, 0.0009153,buy
2016-09-08,0,0.36,0.72,0,0.98,0.11,0.82,0, 0.0012082, 0.00020880, 0.000039027, 0.0000390, 0.0008567,buy
2016-09-09,0,0.64,0.55,0,0.96,0.11,1.31,0,-0.0021223,-0.00505705,-0.002489362,-0.0020409,-0.0033386,sell
2016-09-10,0,1.18,0.4,0,0.83,0.11,1.41,0,-0.0043424,-0.00261527,-0.004065065,-0.0037177,-0.0039635,sell
2016-09-11,0,1.98,0.25,0,0.82,0.11,0.95,0, 0.0030273, 0.00051269,-0.001014795,-0.0006502, 0.0040077,buy
2016-09-12,0,2.25,0.19,0,0.85,0.11,0.81,0,-0.0028533,-0.00275612,-0.002694606,-0.0037546,-0.0018426,sell
2016-09-13,0,1.93,0.17,0,1.11,0.11,1.26,0,-0.0023432,-0.00155141,-0.001431190,-0.0013403,-0.0013476,sell
2016-09-14,0,1.29,0.21,0,1.9,0.11,1.61,0,-0.0020177,-0.00117435,-0.002017712,-0.0053445,-0.0053468,sell
2016-09-15,0,0.63,0.36,0,1.35,0.1,0.87,0, 0.0000842, 0.00010555, 0.001890306,-0.0002976,-0.0005996,sell
2016-09-16,0,0.37,0.58,0,0.9,0.1,0.51,0, 0.0029414,-0.00073327,-0.001266356,-0.0024908,-0.0007333,buy
2016-09-17,0,0.3,0.96,0,0.84,0.11,0.51,0, 0.0017873, 0.00178726, 0.002643448, 0.0026434, 0.0012717,buy
2016-09-18,0,0.44,0.72,0,0.86,0.13,0.74,0,-0.0001306,-0.00078326,-0.000836544,-0.0007833,-0.0003069,sell
2016-09-19,0,0.81,0.31,0,0.88,0.16,0.98,0,-0.0028031, 0.00099119, 0.000641589,-0.0034994, 0.0004272,sell
2016-09-20,0,0.59,0.17,0,0.95,0.25,0.76,0,-0.0012302, 0.00189780, 0.000745382, 0.0024573, 0.0022486,buy
2016-09-21,0,0.25,0.15,0,0.99,0.26,0.44,0, 0.0029248, 0.00362765, 0.001067462, 0.0002100, 0.0002100,buy
2016-09-22,0,0.18,0.24,0,1.09,0.38,0.26,0, 0.0029845, 0.00314520, 0.006654046, 0.0031575, 0.0060292,buy
2016-09-23,0,0.17,0.36,0,1.21,0.58,0.16,0, 0.0022347, 0.00942703, 0.006132368, 0.0061892, 0.0061324,buy
2016-09-24,0,0.21,0.59,0,1.41,0.43,0.09,0,-0.0000695, 0.00041503, 0.001600911, 0.0010049, 0.0002061,buy
2016-09-25,0,0.3,1,0,1.81,0.25,0.06,0,-0.0009510, 0.00004286, 0.000611557, 0.0006116, 0.0019558,buy
2016-09-26,0,0.55,0.97,0,2.34,0.15,0.03,0,-0.0004362, 0.00002444, 0.002061379, 0.0020614, 0.0041424,buy
2016-09-27,0,1.09,0.5,0,2.28,0.12,0,0,-0.0037238,-0.00011757,-0.004667223,-0.0008401,-0.0030422,sell
2016-09-28,0,2.05,0.3,0,1.89,0.11,0,0, 0.0033610, 0.00154142, 0.001525822, 0.0052820,-0.0001081,buy
2016-09-29,0,2.49,0.23,0,1.55,0.1,0.01,0,-0.0050431, 0.00018126, 0.000511705,-0.0010166,-0.0009634,sell
2016-09-30,0,1.75,0.21,0,1.37,0.11,0.03,0,-0.0055262,-0.00200744,-0.003483931,-0.0064772,-0.0041784,sell
2016-10-01,0,1.1,0.35,0,1.25,0.11,0.17,0,-0.0041937,-0.00333517,-0.002631401,-0.0029177,-0.0029159,sell
2016-10-02,0,0.75,0.61,0,1.26,0.12,0.43,0,-0.0002849,-0.00053725,-0.001112019,-0.0005991,-0.0022541,sell
2016-10-03,0,0.52,0.45,0,1.29,0.15,0.88,0, 0.0013841, 0.00222254, 0.002177271, 0.0013841, 0.0013841,buy
2016-10-04,0,0.42,0.18,0,1.14,0.17,1.82,0,-0.0010606,-0.00107104, 0.005360113, 0.0038931,-0.0005830,buy
2016-10-05,0,0.35,0.1,0,0.97,0.19,1.83,0, 0.0022306, 0.00193610, 0.004456997, 0.0032056, 0.0030163,buy
2016-10-06,0,0.3,0.12,0,0.9,0.19,1.04,0, 0.0024574, 0.00188575, 0.001377647, 0.0021376, 0.0020863,buy
2016-10-07,0,0.26,0.51,0,0.85,0.23,0.4,0, 0.0002907, 0.00217258, 0.002742519,-0.0012955, 0.0027425,buy
2016-10-08,0,0.25,0.58,0,0.82,0.3,0.2,0, 0.0008764, 0.00317499, 0.002926583,-0.0011646, 0.0042971,buy
2016-10-09,0,0.25,0.14,0,0.81,0.48,0.25,0,-0.0035243,-0.00626531,-0.005731651,-0.0034768,-0.0055778,sell
2016-10-10,0,0.22,0.14,0,0.8,0.77,0.44,0,-0.0034615,-0.00236572,-0.003416728,-0.0024905,-0.0024213,sell
2016-10-11,0,0.19,0.31,0,0.8,0.93,0.69,0,-0.0044125,-0.00255634,-0.004949673,-0.0028010,-0.0025726,sell
2016-10-12,0,0.16,0.77,0,0.86,0.69,0.59,0,-0.0022014,-0.00156709,-0.000710791,-0.0010173,-0.0006509,sell
2016-10-13,0,0.18,0.98,0,0.96,0.47,0.35,0,-0.0001232, 0.00015793,-0.001424323,-0.0007709,-0.0007242,buy
2016-10-14,0,0.21,0.98,0,0.91,0.39,0.3,0, 0.0013971, 0.00141859,-0.002868510,-0.0016761,-0.0011429,buy
2016-10-15,0,0.28,0.74,0,0.91,0.46,0.19,0,-0.0046415,-0.00286706,-0.003263864,-0.0057239,-0.0049030,sell
2016-10-16,0,0.54,0.6,0,0.91,0.61,0.07,0, 0.0028817, 0.00339000, 0.001548093, 0.0074230, 0.0015481,buy
2016-10-17,0,0.81,0.82,0,0.88,0.71,0.03,0, 0.0039066, 0.00281311, 0.001679455, 0.0017832, 0.0042037,buy
2016-10-18,0,0.6,0.7,0,0.86,0.67,0,0, 0.0021728, 0.00060668,-0.001631558,-0.0016249,-0.0000894,buy
2016-10-19,0,0.4,1.08,0,0.85,0.39,0,0,-0.0020362,-0.00280283,-0.005368897,-0.0020362,-0.0020932,sell
2016-10-20,0,0.53,0.88,0,0.87,0.27,0,0,-0.0065721,-0.00717583,-0.007121678,-0.0074833,-0.0053929,sell
2016-10-21,0,0.94,0.42,0,0.88,0.25,0,0,-0.0002733,-0.00216365, 0.000645414,-0.0021452, 0.0031316,sell
2016-10-22,0,0.6,0.38,0,0.92,0.18,0.08,0,-0.0046756,-0.00515104,-0.004098546,-0.0049443,-0.0023639,sell
2016-10-23,0,0.42,0.4,0,0.95,0.17,0.17,0,-0.0036045,-0.00360845,-0.002600842,-0.0041471,-0.0019187,sell
2016-10-24,0,0.4,0.37,0,0.99,0.15,0.36,0,-0.0041609,-0.00212243,-0.001073695,-0.0041322,-0.0029187,sell
2016-10-25,0,0.38,0.3,0,1.03,0.09,0.79,0, 0.0027781, 0.00124337, 0.002353140, 0.0023386,-0.0010974,buy
2016-10-26,0,0.7,0.25,0,1.03,0.07,1.49,0, 0.0055196, 0.00539495, 0.005459436, 0.0020584, 0.0024253,buy
2016-10-27,0,2.06,0.2,0,1.05,0.1,1.88,0, 0.0016513, 0.00030061, 0.004928536, 0.0016513, 0.0029486,buy
2016-10-28,0,3.55,0.17,0,1.16,0.12,1.68,0, 0.0012662,-0.00143375,-0.001186007, 0.0013210, 0.0012662,buy
2016-10-29,0,2.64,0.14,0,1.43,0.15,0.95,0,-0.0023787,-0.00029864,-0.000438644, 0.0006284, 0.0002451,buy
2016-10-30,0,1.32,0.11,0,2.16,0.21,0.62,0, 0.0033687, 0.00121522, 0.000885731, 0.0012993, 0.0015280,buy
2016-10-31,0,1.07,0.09,0,2.67,0.33,0.42,0, 0.0000599,-0.00083351, 0.004588484,-0.0006848, 0.0003185,sell
2016-11-01,0,1.74,0.08,0,2.12,0.43,0.39,0, 0.0054366,-0.00034620, 0.002817084, 0.0003837, 0.0043251,buy
2016-11-02,0,1.71,0.06,0,1.99,0.35,0.63,0, 0.0023777,-0.00081847, 0.002940756,-0.0005257, 0.0034603,buy
2016-11-03,0,0.84,0.05,0,2.23,0.28,0.77,0,-0.0019538,-0.00298790,-0.000401947,-0.0070351,-0.0012389,sell
2016-11-04,0,0.5,0.05,0,2.07,0.26,0.34,0, 0.0007155, 0.00064365, 0.001325041, 0.0012532, 0.0012532,buy
2016-11-05,0,0.37,0.07,0,1.8,0.27,0.28,0, 0.0030634, 0.00228574, 0.002887736, 0.0031444, 0.0025853,buy
2016-11-06,0,0.32,0.17,0,1.79,0.29,0.51,0,-0.0026714, 0.00432161, 0.003775544, 0.0000913,-0.0028821,sell
2016-11-07,0,0.36,0.32,0,1.8,0.32,0.7,0,-0.0028496, 0.00107978, 0.002991685, 0.0056640, 0.0000649,sell
2016-11-08,0,0.41,0.63,0,1.84,0.39,0.42,0, 0.0025002, 0.00046925, 0.000469249, 0.0021203, 0.0005167,buy
2016-11-09,0,0.46,0.5,0,1.96,0.43,0.18,0, 0.0127394, 0.00071632, 0.002962200, 0.0123666, 0.0007295,buy
2016-11-10,0,0.5,0.13,0,2.14,0.53,0.12,0, 0.0035464,-0.00046099, 0.004015279, 0.0040153,-0.0009592,buy
2016-11-11,0,0.53,0.09,0,2.35,0.72,0.12,0, 0.0045559, 0.00152235, 0.004555931, 0.0045855, 0.0027806,buy
2016-11-12,0,0.57,0.2,0,2.6,0.75,0.16,0,-0.0006320,-0.00219902, 0.000761447,-0.0001563,-0.0003049,sell
2016-11-13,0,0.61,0.41,0,2.96,0.58,0.3,0,-0.0020423, 0.00162650, 0.002547519,-0.0021308,-0.0015583,sell
2016-11-14,0,0.68,0.8,0,3.13,0.39,0.59,0,-0.0045502,-0.00559921,-0.004550155,-0.0045502,-0.0000061,sell
2016-11-15,0,0.91,1.16,0,3.04,0.43,1,0, 0.0022159, 0.00221586,-0.001426054, 0.0022159, 0.0031927,buy
2016-11-16,0,1.4,1.04,0,3.2,0.67,0.87,0,-0.0028774,-0.00287740,-0.005837942,-0.0028774,-0.0025942,sell
2016-11-17,0,1.99,0.5,0,3.07,0.72,0.51,0,-0.0002024, 0.00001591, 0.000984360,-0.0012300, 0.0022359,buy
2016-11-18,0,1.6,0.2,0,2.71,0.47,0.47,0, 0.0012898,-0.00230483, 0.005720458, 0.0009053, 0.0013525,buy
2016-11-19,0,1.14,0.11,0,2.52,0.36,0.86,0,-0.0029403, 0.00348393, 0.005038018,-0.0059058,-0.0023312,sell
2016-11-20,0,1.1,0.09,0,2.59,0.4,0.86,0,-0.0028751, 0.00302644, 0.004752505,-0.0056351,-0.0029693,sell
2016-11-21,0,1.13,0.07,0,2.88,0.61,0.6,0,-0.0008625,-0.00082797, 0.000326819, 0.0000397,-0.0045085,sell
2016-11-22,0,1.21,0.04,0,3.22,0.76,0.95,0,-0.0003029,-0.00184882, 0.002974181, 0.0036923,-0.0056796,sell
2016-11-23,0,1.35,0.02,0,2.92,0.49,0.71,0,-0.0056057,-0.00447832,-0.002309345,-0.0008809,-0.0071776,sell
2016-11-24,0,1.65,0.02,0,2.27,0.27,0.25,0, 0.0034782, 0.00235099, 0.001046310, 0.0004400,-0.0018275,buy
2016-11-25,0,2.43,0.02,0,2.13,0.18,0.11,0, 0.0047135, 0.00500489, 0.006724981, 0.0031114, 0.0058729,buy
2016-11-26,0,3.19,0.02,0,2.16,0.13,0.13,0, 0.0041441, 0.00654637, 0.006077256, 0.0042577, 0.0060968,buy
2016-11-27,0,2.96,0.02,0,2.15,0.1,0.3,0, 0.0047250, 0.00756035, 0.007381172, 0.0067366, 0.0069646,buy
2016-11-28,0,2.86,0.02,0,2.21,0.11,0.76,0, 0.0016545, 0.00467415, 0.002720516, 0.0027149, 0.0024428,buy
2016-11-29,0,2.2,0.02,0,2.45,0.13,1.47,0,-0.0047035,-0.00266908,-0.002669079,-0.0004180,-0.0038291,sell
2016-11-30,0,1.79,0.05,0,2.74,0.17,1.04,0,-0.0023115,-0.00071903,-0.000747061, 0.0035285,-0.0009290,buy
2016-12-01,0,1.68,0.05,0,2.73,0.29,0.47,0, 0.0034261, 0.00000874, 0.003663405, 0.0019586, 0.0021448,buy
2016-12-02,0,1.57,0.05,0,2.54,0.47,0.35,0, 0.0016035,-0.00388140, 0.000984873,-0.0024150,-0.0013140,sell
2016-12-03,0,1.51,0.06,0,2.54,0.44,0.36,0, 0.0015865,-0.00334556, 0.000815475,-0.0022943,-0.0013362,sell
2016-12-04,0,1.52,0.13,0,2.74,0.37,0.39,0, 0.0013010,-0.00092214, 0.005286032, 0.0016030, 0.0023391,buy
2016-12-05,0,1.51,0.27,0,3.14,0.42,0.6,0,-0.0031512,-0.00517504, 0.006636758, 0.0050447, 0.0046995,sell
2016-12-06,0,1.47,0.73,0,4.01,0.54,1.08,0,-0.0054277,-0.00711298, 0.000124508,-0.0039493,-0.0036519,sell
2016-12-07,0,1.42,0.87,0,4.47,0.64,1.6,0,-0.0032254,-0.00639252, 0.000839517,-0.0026249,-0.0026249,sell
2016-12-08,0,1.46,0.39,0,3.76,0.6,1.62,0,-0.0110646,-0.00926148, 0.006077071,-0.0080842,-0.0082059,sell
2016-12-09,0,1.53,0.2,0,3.07,0.57,1.88,0,-0.0091806,-0.00700039, 0.001576875,-0.0070004,-0.0071320,sell
2016-12-10,0,1.81,0.14,0,2.74,0.65,1.8,0, 0.0012904,-0.00061827, 0.004021516,-0.0023826,-0.0006183,buy
2016-12-11,0,2.58,0.14,0,2.57,0.84,0.95,0,-0.0023569, 0.00253211, 0.002133877,-0.0020660, 0.0045542,sell
2016-12-12,0,2.44,0.16,0,2.49,1.09,0.52,0,-0.0030696, 0.00300441, 0.002822408, 0.0010124, 0.0028224,buy
2016-12-13,0,1.58,0.23,0,2.47,0.91,0.29,0, 0.0003924, 0.00154646,-0.000149869, 0.0009886, 0.0007251,buy
2016-12-14,0,1.21,0.24,0,2.62,0.67,0.22,0,-0.0004115, 0.00294168, 0.000809894, 0.0007402,-0.0002311,buy
2016-12-15,0,1.05,0.21,0,2.97,0.57,0.17,0,-0.0026384, 0.00366866,-0.000483555,-0.0013916,-0.0016866,sell
2016-12-16,0,0.94,0.22,0,2.83,0.55,0.19,0,-0.0026947, 0.00347936, 0.001987762, 0.0004972, 0.0008417,buy
2016-12-17,0,0.9,0.24,0,2.45,0.56,0.22,0, 0.0001931, 0.00191871, 0.002182960, 0.0021830, 0.0024472,buy
2016-12-18,0,0.85,0.26,0,2.39,0.67,0.25,0,-0.0004135,-0.00105953, 0.001541245,-0.0010363,-0.0010363,sell
2016-12-19,0,0.76,0.29,0,2.63,0.82,0.28,0,-0.0029717,-0.00180039, 0.002041756, 0.0003799,-0.0028182,sell
2016-12-20,0,0.73,0.37,0,3.34,0.78,0.33,0,-0.0028777,-0.00016691,-0.000881232,-0.0002761,-0.0072672,sell
2016-12-21,0,0.7,0.5,0,3.29,0.68,0.39,0, 0.0014098, 0.00180294, 0.002884665, 0.0036976,-0.0031673,buy
2016-12-22,0,0.68,0.73,0,2.82,0.52,0.49,0,-0.0005143,-0.00473679,-0.000629476,-0.0005143, 0.0038204,sell
2016-12-23,0,0.72,1.24,0,2.33,0.39,0.73,0, 0.0008172, 0.00018296, 0.000557482, 0.0008172, 0.0007914,buy
2016-12-24,0,0.79,1.99,0,2.33,0.36,1.1,0,-0.0038188,-0.00318132, 0.001683928,-0.0040202,-0.0029431,sell
2016-12-25,0,0.99,1.79,0,3,0.37,1.81,0,-0.0020667, 0.00021510,-0.000800446,-0.0015768,-0.0022552,sell
2016-12-26,0,1.24,1.07,0,3,0.5,2.82,0, 0.0004649,-0.00118875, 0.000268274,-0.0006374,-0.0006267,sell
2016-12-27,0,1.12,0.8,0,2.07,0.83,3.08,0, 0.0044292,-0.00036698, 0.002925510, 0.0022686,-0.0003713,buy
2016-12-28,0,0.76,0.73,0,1.68,1.12,2.77,0,-0.0028516,-0.00078215,-0.002030048, 0.0015664,-0.0018636,buy
2016-12-29,0,0.56,0.76,0,1.49,0.72,2.24,0, 0.0099934, 0.00808180, 0.008811579, 0.0095136, 0.0106261,buy
2016-12-30,0,0.45,0.9,0,1.34,0.44,1.56,0,-0.0031459,-0.00314586, 0.001853165,-0.0037079,-0.0002615,sell
2016-12-31,0,0.37,1.13,0,1.27,0.36,1.24,0, 0.0016525, 0.00176240, 0.002160308, 0.0016763, 0.0016522,buy
2017-01-01,0,0.32,1.53,0,1.23,0.29,0.76,0, 0.0005056,-0.00375951,-0.003522637,-0.0019579,-0.0031897,sell
2017-01-02,0,0.23,1.63,0,1.17,0.28,0.75,0, 0.0060807, 0.00273373, 0.002158833,-0.0005744, 0.0034488,buy
2017-01-03,0,0.25,1.46,0,1.13,0.31,1.45,0,-0.0045463,-0.00285590,-0.003001433,-0.0091837,-0.0029106,sell
2017-01-04,0,0.31,1.69,0,1.08,0.42,1.11,0,-0.0004519, 0.00031440,-0.000296183,-0.0071353,-0.0002962,sell
2017-01-05,0,0.41,1.35,0,1.03,0.5,0.44,0,-0.0003134, 0.00311310, 0.000200171,-0.0062624, 0.0034530,sell
2017-01-06,0,0.61,0.9,0,0.99,0.37,0.3,0,-0.0052229,-0.00722014,-0.005726678,-0.0063341,-0.0048722,sell
2017-01-07,0,1.08,0.76,0,0.95,0.34,0.33,0,-0.0017639,-0.00274222,-0.002679345,-0.0027422, 0.0006723,sell
2017-01-08,0,2.12,0.71,0,0.92,0.39,0.47,0, 0.0031817, 0.00283661, 0.004962782, 0.0058290, 0.0023155,buy
2017-01-09,0,2.5,0.77,0,0.89,0.37,0.81,0,-0.0000494,-0.00004946, 0.000478343,-0.0000494,-0.0028340,sell
2017-01-10,0,1.8,0.92,0,0.87,0.41,1.59,0, 0.0057207, 0.00666917, 0.002301850, 0.0009575, 0.0057207,buy
2017-01-11,0,1.04,1.24,0,0.91,0.6,2.2,0,-0.0011194,-0.00130441,-0.001119352,-0.0001553,-0.0027949,sell
2017-01-12,0,0.66,1.23,0,0.95,0.76,1.43,0, 0.0007211, 0.00150469, 0.003916666, 0.0052539, 0.0012135,buy
2017-01-13,0,0.54,0.85,0,0.94,0.66,0.7,0,-0.0029152,-0.00897811,-0.003614456,-0.0081564,-0.0022468,sell
2017-01-14,0,0.7,0.64,0,0.93,0.72,0.36,0, 0.0008041, 0.00006057,-0.002934550,-0.0007576,-0.0011484,buy
2017-01-15,0,1.24,0.58,0,1,0.73,0.22,0, 0.0015051, 0.00084707, 0.000870293, 0.0020370, 0.0010327,buy
2017-01-16,0,1.76,0.63,0,0.97,0.53,0.14,0,-0.0013408,-0.00173631,-0.001736306,-0.0006070,-0.0015913,sell
2017-01-17,0,1.1,0.75,0,0.84,0.4,0.16,0, 0.0033044, 0.00176314, 0.001479551, 0.0035373, 0.0033580,buy
2017-01-18,0,0.63,0.85,0,0.79,0.31,0.26,0,-0.0057062,-0.00673109,-0.006772036,-0.0061184,-0.0051163,sell
2017-01-19,0,0.49,0.68,0,0.76,0.27,0.49,0, 0.0003771, 0.00306453,-0.001249979, 0.0056012, 0.0041110,buy
2017-01-20,0,0.42,0.53,0,0.83,0.24,0.81,0,-0.0000235,-0.00254226,-0.001984030, 0.0035851, 0.0006529,buy
2017-01-21,0,0.46,0.48,0,0.97,0.22,0.67,0,-0.0046713,-0.00498387,-0.004694045,-0.0041145,-0.0036089,sell
2017-01-22,0,0.49,0.46,0,1.22,0.23,0.56,0,-0.0024918,-0.00464730,-0.002512993,-0.0024918,-0.0059470,sell
2017-01-23,0,0.55,0.51,0,1.69,0.25,0.85,0, 0.0058619, 0.00447298, 0.001994590,-0.0003155, 0.0012542,buy
2017-01-24,0,0.63,0.63,0,1.78,0.31,0.73,0, 0.0017417, 0.00404175, 0.002046512, 0.0004296, 0.0009376,buy
2017-01-25,0,0.74,0.79,0,1.31,0.46,0.3,0, 0.0023491, 0.00024906, 0.003157954, 0.0023491, 0.0030337,buy
2017-01-26,0,0.85,0.88,0,1.03,0.78,0.13,0,-0.0022536,-0.00129933,-0.002556747,-0.0031050,-0.0011708,sell
2017-01-27,0,1.01,0.7,0,0.92,0.73,0.08,0, 0.0041874, 0.00378549, 0.002275231, 0.0022011, 0.0045690,buy
2017-01-28,0,1.01,0.53,0,0.97,0.47,0.05,0, 0.0044927,-0.00167968, 0.001380772, 0.0003366, 0.0008421,buy
2017-01-29,0,0.88,0.49,0,1.24,0.37,0.04,0,-0.0061159,-0.00610407,-0.007216632,-0.0050383,-0.0035793,sell
2017-01-30,0,0.86,0.49,0,1.46,0.31,0.15,0,-0.0083532,-0.00730562,-0.008046468,-0.0063846,-0.0057984,sell
2017-01-31,0,0.79,0.51,0,1.26,0.29,0.39,0, 0.0050494, 0.00082136, 0.003189252, 0.0036402, 0.0008214,buy
2017-02-01,0,0.64,0.51,0,1.26,0.35,1.21,0,-0.0013722, 0.00375599,-0.001914408,-0.0015322,-0.0028161,buy
2017-02-02,0,0.55,0.56,0,1.56,0.42,1.41,0,-0.0002469, 0.00191782,-0.000246888,-0.0001663,-0.0006072,buy
2017-02-03,0,0.51,0.56,0,1.61,0.58,0.51,0,-0.0025394,-0.00098702, 0.002860916,-0.0010827,-0.0009628,sell
2017-02-04,0,0.49,0.54,0,1.28,0.7,0.17,0, 0.0040303, 0.00494291, 0.007984954, 0.0045207, 0.0030987,buy
2017-02-05,0,0.47,0.53,0,1.19,0.47,0.11,0, 0.0016061,-0.00660462, 0.000898884, 0.0008989,-0.0008685,buy
2017-02-06,0,0.45,0.55,0,1.39,0.3,0.12,0, 0.0004538,-0.00341936, 0.000043808,-0.0039209,-0.0027061,sell
2017-02-07,0,0.45,0.61,0,1.26,0.23,0.2,0,-0.0013224,-0.00339507,-0.000926588,-0.0043345,-0.0034049,sell
2017-02-08,0,0.47,0.75,0,1.01,0.17,0.41,0,-0.0024078,-0.00258285,-0.003710545,-0.0025828,-0.0019640,sell
2017-02-09,0,0.47,1.01,0,1.17,0.17,0.85,0,-0.0009193,-0.00091927,-0.000005751,-0.0001055, 0.0029501,buy
2017-02-10,0,0.48,1.55,0,1.77,0.19,1.39,0,-0.0048422,-0.00309223,-0.003049085,-0.0051940,-0.0033613,sell
2017-02-11,0,0.5,1.5,0,2.45,0.35,1.18,0,-0.0001047, 0.00342220,-0.000984271,-0.0004470,-0.0008889,buy
2017-02-12,0,0.51,0.99,0,2,0.71,0.63,0,-0.0050415,-0.00440007,-0.005711199,-0.0059813,-0.0043372,sell
2017-02-13,0,0.52,0.87,0,1.4,0.49,0.46,0, 0.0022368, 0.00219753, 0.002128841, 0.0021975, 0.0021288,buy
2017-02-14,0,0.55,0.83,0,1.44,0.26,0.48,0,-0.0006719,-0.00178943,-0.001648640,-0.0017894,-0.0012150,sell
2017-02-15,0,0.58,0.78,0,1.02,0.19,0.65,0,-0.0024395,-0.00300003,-0.003105576,-0.0024395,-0.0009836,sell
2017-02-16,0,0.61,0.72,0,0.63,0.17,1.01,0, 0.0016301, 0.00163010,-0.003011119, 0.0034779, 0.0021468,buy
2017-02-17,0,0.66,0.66,0,0.64,0.2,0.83,0,-0.0003224,-0.00032238,-0.001823037, 0.0017692,-0.0004287,buy
2017-02-18,0,0.7,0.66,0,1,0.27,0.44,0, 0.0016038, 0.00243588,-0.002845810, 0.0054280, 0.0030731,buy
2017-02-19,0,0.76,0.82,0,1.35,0.39,0.29,0, 0.0058405, 0.00105290, 0.000840613,-0.0013591, 0.0010529,buy
2017-02-20,0,0.88,1.31,0,1.19,0.54,0.42,0, 0.0028959, 0.00026170, 0.000261695,-0.0001027, 0.0013677,buy
2017-02-21,0,1.02,0.96,0,1.91,0.78,0.57,0,-0.0011085,-0.00107477,-0.001188133,-0.0011881,-0.0010748,sell
2017-02-22,0,1.33,0.53,0,2.4,0.83,0.56,0,-0.0017344, 0.00257203,-0.001595832,-0.0014395,-0.0015958,sell
2017-02-23,0,2.09,0.39,0,1.47,0.88,0.98,0, 0.0016182, 0.00223841, 0.001891158, 0.0031834,-0.0000190,buy
2017-02-24,0,2.33,0.36,0,1.02,0.89,1.08,0,-0.0001143,-0.00000214,-0.001659409, 0.0005568,-0.0018973,buy
2017-02-25,0,1.94,0.32,0,0.88,0.57,0.66,0,-0.0011540,-0.00308797,-0.003149311,-0.0011540,-0.0008778,sell
2017-02-26,0,1.56,0.29,0,0.93,0.41,0.36,0,-0.0003176, 0.00694996,-0.002529760,-0.0018327,-0.0027294,buy
2017-02-27,0,1.15,0.26,0,1.17,0.54,0.23,0,-0.0008111,-0.00691880,-0.000617064,-0.0007930,-0.0034854,sell
2017-02-28,0,2.07,0.23,0,1.62,0.63,0.26,0, 0.0005056,-0.00009214, 0.001211507, 0.0014978, 0.0007996,buy
2017-03-01,0,2.44,0.21,0,2.17,0.58,0.67,0, 0.0002052,-0.00150992,-0.001509924,-0.0015099, 0.0007053,sell
2017-03-02,0,1.41,0.18,0,2.2,0.7,1.03,0,-0.0021613,-0.00245629,-0.000938423,-0.0010003,-0.0018544,sell
2017-03-03,0,0.55,0.16,0,2.22,0.95,0.43,0, 0.0071643, 0.00716425, 0.001052425, 0.0046281, 0.0045485,buy
2017-03-04,0,0.35,0.14,0,2.26,0.99,0.16,0, 0.0065815, 0.00732353, 0.002014691, 0.0042364, 0.0062681,buy
2017-03-05,0,0.3,0.13,0,2.1,1.02,0.1,0, 0.0078939, 0.00860023, 0.003996233, 0.0089847, 0.0064743,buy
2017-03-06,0,0.28,0.11,0,1.05,0.91,0.25,0,-0.0044854,-0.00093634,-0.000968495,-0.0027508,-0.0001834,sell
2017-03-07,0,0.28,0.12,0,0.78,0.64,0.75,0,-0.0035289,-0.00021856, 0.000139306,-0.0035289,-0.0070008,sell
2017-03-08,0,0.26,0.26,0,0.78,0.45,1.31,0,-0.0042568,-0.00407330,-0.004073984,-0.0048841,-0.0046371,sell
2017-03-09,0,0.26,0.64,0,1.13,0.36,1.06,0,-0.0041388,-0.00058426,-0.000652271,-0.0014477, 0.0017990,sell
2017-03-10,0,0.25,0.51,0,1.46,0.35,0.67,0, 0.0029602, 0.00318606, 0.002921308, 0.0009779,-0.0007401,buy
2017-03-11,0,0.25,0.58,0,1.63,0.61,0.49,0, 0.0028434, 0.00331176, 0.006376687, 0.0008886, 0.0007346,buy
2017-03-12,0,0.26,0.46,0,2.11,0.54,0.49,0,-0.0071584,-0.00291555,-0.000196572,-0.0045251, 0.0018628,sell
2017-03-13,0,0.27,0.2,0,2.04,0.22,0.6,0,-0.0046592,-0.00360940,-0.001866086,-0.0038144,-0.0026045,sell
2017-03-14,0,0.29,0.17,0,1.48,0.14,0.7,0,-0.0012187,-0.00047582,-0.000765901,-0.0022637,-0.0012187,sell
2017-03-15,0,0.29,0.13,0,1.62,0.12,0.63,0, 0.0004453, 0.00128882, 0.001288822, 0.0014654, 0.0004373,buy
2017-03-16,0,0.25,0.05,0,1.5,0.16,0.48,0,-0.0009131,-0.00127076,-0.001577062,-0.0031304,-0.0025862,sell
2017-03-17,0,0.21,0.02,0,0.8,0.23,0.36,0, 0.0026857, 0.00359589, 0.002267664, 0.0040558, 0.0026857,buy
2017-03-18,0,0.19,0,0,0.64,0.41,0.27,0, 0.0018326, 0.00351523, 0.002915873, 0.0029159,-0.0045645,buy
2017-03-19,0,0.17,0.01,0,1.24,0.49,0.2,0, 0.0031531, 0.00495538, 0.007730038, 0.0037849, 0.0058824,buy
2017-03-20,0,0.15,0.02,0,2.4,0.37,0.15,0, 0.0031046, 0.00296530, 0.000201985, 0.0037166, 0.0020915,buy
2017-03-21,0,0.17,0.05,0,2.24,0.31,0.13,0, 0.0044212, 0.00444750, 0.002468862, 0.0053371, 0.0041394,buy
2017-03-22,0,0.27,0.08,0,1.02,0.36,0.12,0, 0.0003563, 0.00213677, 0.004710558, 0.0031618, 0.0015450,buy
2017-03-23,0,0.2,0.05,0,0.46,0.54,0.13,0,-0.0037466,-0.00315175,-0.003069321,-0.0008015,-0.0004727,sell
2017-03-24,0,0.14,0.02,0,0.28,0.63,0.17,0,-0.0016509, 0.00189072, 0.001285691,-0.0004543, 0.0023065,buy
2017-03-25,0,0.14,0.04,0,0.34,0.45,0.28,0, 0.0028558,-0.00007915, 0.001660794, 0.0016608,-0.0040090,buy
2017-03-26,0,0.17,0.04,0,0.6,0.3,0.47,0,-0.0014687, 0.00160205,-0.000507380, 0.0023283, 0.0006135,buy
2017-03-27,0,0.21,0.07,0,1.51,0.3,0.7,0, 0.0033486, 0.00253237, 0.002532369, 0.0024952, 0.0015847,buy
2017-03-28,0,0.19,0.11,0,1.63,0.52,0.59,0,-0.0000500,-0.00148074,-0.000049954,-0.0013973,-0.0000870,sell
2017-03-29,0,0.14,0.17,0,0.74,0.79,0.32,0, 0.0001288, 0.00451099, 0.000665165, 0.0001288,-0.0006454,buy
2017-03-30,0,0.1,0.26,0,0.62,0.58,0.23,0, 0.0010193, 0.00107319, 0.001106160, 0.0007269, 0.0034591,buy
2017-03-31,0,0.08,0.4,0,1.04,0.48,0.16,0, 0.0019164, 0.00280373, 0.001208337, 0.0015167, 0.0011460,buy
2017-04-01,0,0.07,0.58,0,1.85,0.49,0.12,0, 0.0035028, 0.00078378, 0.001558982, 0.0097741, 0.0014520,buy
2017-04-02,0,0.07,0.62,0,1.56,0.23,0.11,0,-0.0023633,-0.00003706, 0.000116526,-0.0023633,-0.0023633,sell
2017-04-03,0,0.08,0.52,0,0.89,0.07,0.1,0,-0.0023387,-0.00215543,-0.001661810,-0.0021554,-0.0021554,sell
2017-04-04,0,0.11,0.64,0,0.55,0.03,0.12,0,-0.0033632,-0.00412084,-0.002887539,-0.0041208,-0.0042812,sell
2017-04-05,0,0.18,0.61,0,0.41,0.02,0.18,0,-0.0042274,-0.00441410,-0.003570993,-0.0044141,-0.0055300,sell
2017-04-06,0,0.16,0.34,0,0.43,0.02,0.24,0,-0.0016420,-0.00315536,-0.003120697,-0.0031207,-0.0032136,sell
2017-04-07,0,0.09,0.18,0,0.48,0.02,0.3,0, 0.0005903, 0.00123341,-0.001265139,-0.0008195,-0.0001747,buy
2017-04-08,0,0.06,0.1,0,0.57,0.02,0.39,0, 0.0024750, 0.00918475, 0.001900526, 0.0017427, 0.0051475,buy
2017-04-09,0,0.05,0.05,0,0.73,0.02,0.53,0,-0.0024760, 0.00334109, 0.002988811,-0.0058899, 0.0029888,sell
2017-04-10,0,0.05,0,0,0.98,0.02,0.81,0, 0.0062862, 0.00555833, 0.005558328, 0.0059874, 0.0055583,buy
2017-04-11,0,0.05,0,0,1.35,0.02,1.16,0, 0.0024133, 0.00018642, 0.000193683,-0.0015498, 0.0001864,sell
2017-04-12,0,0.06,0,0,2.07,0.02,1.72,0,-0.0076277,-0.00530476,-0.005304757,-0.0076391,-0.0053048,sell
2017-04-13,0,0.06,0.02,0,2.5,0.02,2.5,0, 0.0013742, 0.00529760, 0.001789552, 0.0016216, 0.0044224,buy
2017-04-14,0,0.07,0.02,0,2.64,0.04,3.06,0, 0.0006120, 0.00506564, 0.001021130, 0.0026759, 0.0037203,buy
2017-04-15,0,0.08,0.04,0,3.42,0.06,3.49,0, 0.0036335, 0.00458655, 0.004113279, 0.0046511, 0.0040498,buy
2017-04-16,0,0.09,0.09,0,4.16,0.13,4.15,0, 0.0070359, 0.00705612, 0.007725641, 0.0068322, 0.0070561,buy
2017-04-17,0,0.09,0.13,0,3.1,0.28,3.96,0, 0.0052080, 0.00368912, 0.003302709, 0.0033158, 0.0023469,buy
2017-04-18,0,0.14,0.16,0,1.94,0.35,3.28,0, 0.0040492, 0.00019172, 0.003754617, 0.0029583,-0.0001311,buy
2017-04-19,0,0.2,0.13,0,1.6,0.22,3.12,0, 0.0030986, 0.00171530, 0.005940859, 0.0019350, 0.0021054,buy
2017-04-20,0,0.3,0.14,0,2.03,0.19,3.26,0, 0.0031670, 0.00401549, 0.003530589, 0.0022586, 0.0037914,buy
2017-04-21,0,0.49,0.17,0,2.28,0.22,3.61,0, 0.0050812, 0.00165597, 0.001870780, 0.0014150, 0.0016199,buy
2017-04-22,0,0.87,0.2,0,2.3,0.34,3.43,0,-0.0022407,-0.00537588,-0.002303744,-0.0030276,-0.0060277,sell
2017-04-23,0,1.19,0.23,0,3.26,0.31,2.86,0,-0.0023640,-0.00173583, 0.000381330,-0.0010255,-0.0012383,sell
2017-04-24,0,1.01,0.26,0,3.37,0.19,2.43,0,-0.0021345,-0.00356072,-0.000673404,-0.0011343,-0.0013532,sell
2017-04-25,0,0.97,0.25,0,2.5,0.12,2.16,0, 0.0012513,-0.00330196, 0.001347385, 0.0038200, 0.0013474,buy
2017-04-26,0,1.18,0.23,0,1.55,0.09,1.88,0,-0.0040189,-0.00151844,-0.001295132,-0.0037664,-0.0032015,sell
2017-04-27,0,1.61,0.24,0,1.01,0.07,1.7,0,-0.0021857,-0.00008947, 0.000445446,-0.0022858,-0.0041542,sell
2017-04-28,0,1.71,0.25,0,0.71,0.1,1.54,0, 0.0016648, 0.00293861, 0.003704421, 0.0019763, 0.0011213,buy
2017-04-29,0,1.51,0.24,0,0.59,0.14,1.42,0, 0.0013023, 0.00386908, 0.002017241, 0.0018822, 0.0002012,buy
2017-04-30,0,1.56,0.23,0,0.54,0.25,1.32,0, 0.0002282, 0.00286435,-0.000526378, 0.0010871, 0.0001735,buy
2017-05-01,0,1.38,0.24,0,0.5,0.48,1.27,0,-0.0008792,-0.00176649,-0.004069850,-0.0016788, 0.0008702,sell
2017-05-02,0,1.02,0.28,0,0.5,0.8,1.32,0,-0.0016168,-0.00098092,-0.003039990,-0.0019021,-0.0020735,sell
2017-05-03,0,0.73,0.38,0,0.46,0.76,1.57,0, 0.0006101,-0.00107943,-0.000211581,-0.0024597,-0.0014627,sell
2017-05-04,0,0.52,0.6,0,0.43,0.72,1.48,0, 0.0046105, 0.00010811, 0.004008635, 0.0001834, 0.0040101,buy
2017-05-05,0,0.42,0.75,0,0.42,0.64,1.01,0,-0.0009056,-0.00503075,-0.001541887,-0.0016788,-0.0013927,sell
2017-05-06,0,0.4,0.55,0,0.42,0.51,0.74,0, 0.0012540,-0.00127960, 0.000496964, 0.0022460, 0.0003014,buy
2017-05-07,0,0.44,0.43,0,0.43,0.41,0.59,0,-0.0046902,-0.00409339,-0.006386986,-0.0062464,-0.0067059,sell
2017-05-08,0,0.53,0.39,0,0.48,0.32,0.49,0,-0.0061031,-0.00472330,-0.005745618,-0.0058920,-0.0060967,sell
2017-05-09,0,0.7,0.4,0,0.55,0.29,0.41,0,-0.0048724,-0.00434437,-0.004645265,-0.0052259,-0.0050651,sell
2017-05-10,0,0.73,0.43,0,0.67,0.29,0.35,0,-0.0042328,-0.00328976,-0.003454237,-0.0043713,-0.0046439,sell
2017-05-11,0,0.54,0.47,0,0.92,0.32,0.31,0,-0.0045277,-0.00364073,-0.003920493,-0.0035001,-0.0027801,sell
2017-05-12,0,0.37,0.51,0,1.36,0.38,0.27,0, 0.0028868,-0.00111278, 0.001311576, 0.0019207, 0.0019207,buy
2017-05-13,0,0.24,0.56,0,1.71,0.5,0.25,0, 0.0066258, 0.00315325, 0.003360667, 0.0091090, 0.0032039,buy
2017-05-14,0,0.17,0.63,0,1.37,0.69,0.28,0, 0.0036283, 0.00420314, 0.004488854, 0.0037524, 0.0037524,buy
2017-05-15,0,0.15,0.72,0,1,0.75,0.32,0, 0.0028328, 0.00243365, 0.003588197, 0.0036371, 0.0037628,buy
2017-05-16,0,0.17,0.85,0,0.93,0.68,0.46,0, 0.0027550, 0.00275504, 0.002894324, 0.0053683, 0.0053683,buy
2017-05-17,0,0.26,0.98,0,0.9,0.69,0.82,0, 0.0013318, 0.00203993, 0.002039928, 0.0041548, 0.0041548,buy
2017-05-18,0,0.55,1.07,0,0.86,0.8,1.53,0,-0.0009818,-0.00142788, 0.000009468, 0.0011929, 0.0003326,buy
2017-05-19,0,0.99,1.17,0,1.06,0.93,1.35,0, 0.0034001, 0.00360659, 0.001980988, 0.0027522, 0.0025105,buy
2017-05-20,0,0.73,1.08,0,0.95,1.09,0.65,0,-0.0007426,-0.00258078, 0.001078349, 0.0028111,-0.0015116,sell
2017-05-21,0,0.34,0.94,0,0.67,1.29,0.35,0,-0.0005299,-0.00099465, 0.004695705,-0.0001739,-0.0010368,buy
2017-05-22,0,0.22,0.89,0,0.57,1.34,0.21,0, 0.0015541, 0.00136594, 0.004243456, 0.0024636, 0.0011397,buy
2017-05-23,0,0.31,0.88,0,0.61,1.28,0.15,0,-0.0008207,-0.00082066, 0.003283713, 0.0001665,-0.0011703,buy
2017-05-24,0,0.65,0.89,0,0.83,1.14,0.17,0,-0.0018265,-0.00182650,-0.001728100,-0.0020040,-0.0024131,sell
2017-05-25,0,0.83,0.93,0,1.33,1,0.26,0,-0.0037654,-0.00376539,-0.005058097,-0.0036916,-0.0037244,sell
2017-05-26,0,0.48,1.07,0,1.26,1.04,0.45,0,-0.0038771,-0.00426001,-0.001812057,-0.0016932,-0.0040119,sell
2017-05-27,0,0.2,1.43,0,0.74,1.32,0.94,0, 0.0007010,-0.00038643, 0.000233945, 0.0013681,-0.0010939,buy
2017-05-28,0,0.1,1.37,0,0.52,1.08,1.42,0, 0.0013588, 0.00364433,-0.000496385, 0.0007382, 0.0003458,buy
2017-05-29,0,0.06,1.1,0,0.42,0.69,1.42,0, 0.0015958,-0.00017660, 0.000669038,-0.0000915, 0.0006900,buy
2017-05-30,0,0.11,0.98,0,0.37,0.54,1.94,0, 0.0056002, 0.00167455, 0.004778655, 0.0050881, 0.0053813,buy
2017-05-31,0,0.16,0.88,0,0.44,0.51,1.95,0, 0.0051573,-0.00002961, 0.005140436, 0.0054706, 0.0050791,buy
2017-06-01,0,0.24,0.84,0,0.51,0.52,1.41,0, 0.0021931,-0.00206514,-0.001783329,-0.0000456,-0.0002535,sell
2017-06-02,0,0.27,0.82,0,0.72,0.56,1.06,0, 0.0002873,-0.00304384,-0.004208679,-0.0003538,-0.0003538,sell
2017-06-03,0,0.31,0.81,0,1.18,0.59,0.89,0, 0.0040829,-0.00536293,-0.000811206, 0.0028743, 0.0055194,buy
2017-06-04,0,0.49,0.83,0,2.14,0.67,0.98,0, 0.0044092, 0.00282432, 0.000343700, 0.0032818, 0.0032413,buy
2017-06-05,0,1.24,0.79,0,2.32,0.85,1.88,0,-0.0026582,-0.00584225,-0.003101650, 0.0006680,-0.0037082,sell
2017-06-06,0,1.33,0.78,0,1.99,0.88,2.41,0,-0.0018695,-0.00349365,-0.000893867, 0.0010254,-0.0024841,sell
2017-06-07,0,0.98,0.85,0,2.57,0.82,1.66,0,-0.0040142,-0.00470966,-0.004709662,-0.0016581,-0.0057139,sell
2017-06-08,0,1.69,1.03,0,2.33,0.66,1.77,0,-0.0033196,-0.00317858,-0.002804384,-0.0013910,-0.0013061,sell
2017-06-09,0,2.06,1.26,0,1.25,0.53,1.85,0,-0.0028082,-0.00051635,-0.000238565,-0.0021141,-0.0014057,sell
2017-06-10,0,1.52,1.23,0,0.74,0.45,1.51,0, 0.0069693, 0.00951098, 0.003624424, 0.0090325, 0.0067025,buy
2017-06-11,0,1,1.2,0,0.57,0.43,1.11,0, 0.0041484, 0.00518262, 0.003839132, 0.0048582, 0.0043075,buy
2017-06-12,0,0.72,1.16,0,0.47,0.46,0.91,0, 0.0029799, 0.00396363, 0.003001563, 0.0030016, 0.0024168,buy
2017-06-13,0,0.52,1.12,0,0.48,0.51,1.01,0, 0.0026512, 0.00326397, 0.003008367, 0.0026338, 0.0017009,buy
2017-06-14,0,0.41,1.02,0,0.49,0.44,1.85,0, 0.0053911, 0.00203623, 0.005416190, 0.0053898, 0.0053789,buy
2017-06-15,0,0.39,1.08,0,0.5,0.43,1.38,0,-0.0001523, 0.00362458,-0.000571676,-0.0008475,-0.0013731,buy
2017-06-16,0,0.28,1.16,0,0.51,0.48,0.61,0,-0.0050973,-0.00623113,-0.004489660,-0.0054358,-0.0012047,sell
2017-06-17,0,0.16,0.85,0,0.53,0.56,0.57,0,-0.0003169,-0.00402921, 0.000399491, 0.0002079,-0.0039216,sell
2017-06-18,0,0.11,0.93,0,0.53,0.77,0.8,0, 0.0019858, 0.00148513, 0.001592099, 0.0027953, 0.0027953,buy
2017-06-19,0,0.07,1.13,0,0.54,1.23,1.15,0, 0.0024207, 0.00183581,-0.000360756, 0.0027351,-0.0006785,buy
2017-06-20,0,0.04,1,0,0.55,1.34,1.31,0, 0.0017750, 0.00277961,-0.000593601, 0.0021089,-0.0008729,buy
2017-06-21,0,0,0.92,0,0.57,1.33,0.62,0, 0.0003399,-0.00200253,-0.000375472,-0.0000888,-0.0009296,sell
2017-06-22,0,0,0.83,0,0.58,1.41,0.25,0, 0.0004766, 0.00020371, 0.001729420, 0.0008044, 0.0003913,buy
2017-06-23,0,0,0.66,0,0.59,1.36,0.13,0, 0.0014837, 0.00172484, 0.002691707, 0.0018798,-0.0001624,buy
2017-06-24,0,0,0.56,0,0.61,0.88,0.09,0, 0.0013187,-0.00035824, 0.001318738, 0.0010994, 0.0026183,buy
2017-06-25,0,0,0.5,0,0.66,0.77,0.07,0, 0.0025681, 0.00072601, 0.000558788, 0.0039642, 0.0036055,buy
2017-06-26,0,0,0.47,0,0.69,0.92,0.08,0, 0.0008452,-0.00006832, 0.000845166, 0.0002315, 0.0013228,buy
2017-06-27,0,0,0.46,0,0.77,0.97,0.1,0, 0.0023842, 0.00207060, 0.002786587, 0.0030809, 0.0037975,buy
2017-06-28,0,0,0.51,0,0.88,0.75,0.11,0, 0.0028522, 0.00175069,-0.002633271, 0.0016562, 0.0032515,buy
2017-06-29,0,0,0.5,0,1.11,0.56,0.14,0, 0.0011280, 0.00221007,-0.000969016, 0.0024357, 0.0016091,buy
2017-06-30,0,0.04,0.47,0,1.59,0.45,0.25,0,-0.0008636,-0.00325302, 0.000176256, 0.0008539, 0.0000939,sell
2017-07-01,0,0.11,0.47,0,2.58,0.39,0.44,0, 0.0005782, 0.00228842, 0.001236986, 0.0038271, 0.0025051,buy
2017-07-02,0,0.27,0.52,0,3.18,0.37,0.87,0,-0.0039826,-0.00276646,-0.002766461,-0.0027665,-0.0008558,sell
2017-07-03,0,0.73,0.5,0,2.5,0.34,1.79,0,-0.0000528,-0.00019175,-0.001662065, 0.0004392,-0.0016621,buy
2017-07-04,0,1.13,0.51,0,2.4,0.28,1.86,0,-0.0050758,-0.00507000,-0.003692854,-0.0022013,-0.0047928,sell
2017-07-05,0,1.18,0.5,0,1.72,0.25,1.29,0, 0.0021467, 0.00038177, 0.002347736, 0.0011513,-0.0007794,buy
2017-07-06,0,0.77,0.52,0,1.14,0.21,1.34,0,-0.0012143,-0.00467361,-0.001077799,-0.0012143,-0.0055355,sell
2017-07-07,0,0.82,0.5,0,0.97,0.23,1.48,0,-0.0029431,-0.00447449,-0.001855368,-0.0030512,-0.0045031,sell
2017-07-08,0,0.67,0.52,0,0.92,0.24,1.09,0, 0.0036415,-0.00730124, 0.000215445, 0.0036415,-0.0035773,sell
2017-07-09,0,0.3,0.55,0,0.96,0.25,0.66,0,-0.0014601,-0.00049268,-0.000492677, 0.0000422, 0.0016621,buy
2017-07-10,0,0.22,0.54,0,1,0.28,0.43,0, 0.0016333, 0.00194210, 0.002202304, 0.0003303, 0.0021718,buy
2017-07-11,0,0.14,0.57,0,1.04,0.32,0.28,0,-0.0003276,-0.00165718,-0.000368725,-0.0025320,-0.0001523,sell
2017-07-12,0,0.31,0.71,0,1.11,0.38,0.28,0,-0.0025472,-0.00192476,-0.001211892,-0.0055952,-0.0044757,sell
2017-07-13,0,1.19,1.05,0,1.23,0.51,0.42,0, 0.0004369,-0.00155239,-0.001462034, 0.0014931,-0.0017254,buy
2017-07-14,0,1.46,1.46,0,1.31,0.7,0.97,0,-0.0012937, 0.00036818, 0.002730667, 0.0008301, 0.0007149,buy
2017-07-15,0,0.53,1.35,0,1.34,1.03,0.79,0, 0.0007642,-0.00310938, 0.003421232, 0.0045256, 0.0006088,sell
2017-07-16,0,0.35,1.27,0,1.39,1.3,0.29,0, 0.0001397,-0.00361117, 0.002632818, 0.0017378, 0.0001397,sell
2017-07-17,0,0.47,0.94,0,1.51,1.11,0.15,0,-0.0042427,-0.00395275,-0.002324174,-0.0035608,-0.0040857,sell
2017-07-18,0,0.85,0.57,0,1.64,0.87,0.09,0,-0.0004075, 0.00123770, 0.005789880, 0.0055620,-0.0045794,buy
2017-07-19,0,0.98,0.48,0,1.69,0.69,0.09,0, 0.0034930, 0.00331914, 0.002577940, 0.0023700, 0.0025269,buy
2017-07-20,0,0.99,0.64,0,1.78,0.54,0.1,0, 0.0089210, 0.00819215, 0.003897136, 0.0081480, 0.0081524,buy
2017-07-21,0,1.18,0.64,0,1.97,0.43,0.1,0, 0.0052757, 0.00552565, 0.000218333, 0.0040410, 0.0040410,buy
2017-07-22,0,1.02,0.42,0,2.24,0.37,0.1,0,-0.0055298,-0.00695968,-0.006636942,-0.0060731,-0.0048510,sell
2017-07-23,0,0.93,0.52,0,2.55,0.35,0.11,0,-0.0077050,-0.00641283,-0.008030193,-0.0058994,-0.0069397,sell
2017-07-24,0,0.83,0.92,0,3,0.33,0.12,0,-0.0019985,-0.00130090,-0.001998494,-0.0022394,-0.0012884,sell
2017-07-25,0,0.58,0.75,0,3.61,0.39,0.15,0, 0.0044101, 0.00311144, 0.004190445, 0.0044672, 0.0036387,buy
2017-07-26,0,0.48,0.32,0,4.41,0.55,0.21,0,-0.0026092,-0.00370551,-0.001739600,-0.0012890,-0.0020152,sell
2017-07-27,0,0.68,0.16,0,4.49,0.61,0.29,0,-0.0024711,-0.00284503,-0.002312934,-0.0007473,-0.0024711,sell
2017-07-28,0,0.93,0.11,0,3.98,0.45,0.29,0, 0.0048746, 0.00351540, 0.005617808, 0.0048598, 0.0048598,buy
2017-07-29,0,0.72,0.07,0,3.75,0.35,0.39,0, 0.0048488, 0.00520893, 0.005806223, 0.0032208, 0.0046749,buy
2017-07-30,0,0.47,0.07,0,3.71,0.31,0.49,0, 0.0069583, 0.00689397, 0.007373341, 0.0058614, 0.0069583,buy
2017-07-31,0,0.27,0.07,0,3.91,0.28,0.37,0, 0.0046533, 0.00463228, 0.004834438, 0.0043303, 0.0047717,buy
2017-08-01,0,0.2,0.07,0,3.77,0.28,0.31,0, 0.0011028, 0.00150870, 0.001508702, 0.0011142, 0.0011028,buy
2017-08-02,0,0.19,0.09,0,3.32,0.31,0.34,0, 0.0023793, 0.00200602, 0.002006021, 0.0012488, 0.0027265,buy
2017-08-03,0,0.36,0.12,0,3.08,0.32,0.37,0, 0.0035405, 0.00130395, 0.001303945, 0.0016973, 0.0021686,buy
2017-08-04,0,0.89,0.23,0,2.91,0.32,0.54,0,-0.0069084,-0.00629890,-0.006170609,-0.0023508,-0.0069248,sell
2017-08-05,0,1.54,0.47,0,2.85,0.3,0.7,0,-0.0036559,-0.00472179,-0.005922425,-0.0013828,-0.0063994,sell
2017-08-06,0,1.2,0.48,0,2.85,0.31,0.94,0,-0.0068265,-0.00278232,-0.003637288,-0.0018682,-0.0029060,sell
2017-08-07,0,0.84,0.35,0,2.84,0.31,1.31,0,-0.0029721,-0.00089539, 0.000854437,-0.0031288,-0.0024187,sell
2017-08-08,0,0.94,0.43,0,2.67,0.35,2.01,0,-0.0013846, 0.00086007, 0.003016416, 0.0020393,-0.0017427,buy
2017-08-09,0,1.45,0.74,0,2.4,0.35,3.2,0,-0.0076751,-0.00667769,-0.004354371,-0.0069237,-0.0079225,sell
2017-08-10,0,1.48,0.8,0,2.22,0.31,3.75,0,-0.0008346,-0.00299253,-0.002676765,-0.0030773,-0.0014028,sell
2017-08-11,0,0.9,0.51,0,2.12,0.31,2.65,0, 0.0011670, 0.00422329,-0.003095677, 0.0006703, 0.0014966,buy
2017-08-12,0,0.57,0.31,0,2.15,0.3,1.54,0, 0.0034000, 0.00156804, 0.000855817, 0.0008824, 0.0041591,buy
2017-08-13,0,0.42,0.24,0,2.33,0.29,1.02,0, 0.0039039,-0.00272234,-0.000786743, 0.0000706, 0.0025008,buy
2017-08-14,0,0.38,0.25,0,2.31,0.29,0.77,0,-0.0026695,-0.00365015, 0.001070479, 0.0001938, 0.0020570,sell
2017-08-15,0,0.4,0.36,0,1.96,0.29,0.68,0, 0.0006435,-0.00297045,-0.002682665,-0.0029704,-0.0028045,sell
2017-08-16,0,0.32,0.49,0,1.62,0.28,0.65,0,-0.0007544,-0.00162743,-0.000539992,-0.0016274,-0.0006559,sell
2017-08-17,0,0.19,0.42,0,1.39,0.28,0.75,0,-0.0033751,-0.00337509,-0.005981501,-0.0042837,-0.0059981,sell
2017-08-18,0,0.12,0.44,0,1.24,0.3,0.92,0, 0.0010174,-0.00008468,-0.002532112,-0.0023052,-0.0028857,buy
2017-08-19,0,0.08,0.6,0,1.16,0.36,1.18,0,-0.0009258,-0.00367087,-0.004377143,-0.0043816,-0.0020026,sell
2017-08-20,0,0.05,0.89,0,1.13,0.77,1.44,0, 0.0044886, 0.00444250, 0.004488591, 0.0057427, 0.0054671,buy
2017-08-21,0,0.11,0.67,0,1.12,0.76,1.42,0, 0.0066301, 0.00641071, 0.006517581, 0.0068760, 0.0054589,buy
2017-08-22,0,0.23,0.29,0,1.01,0.45,1.23,0,-0.0060716,-0.00537381,-0.006071634,-0.0061847,-0.0055796,sell
2017-08-23,0,0.59,0.13,0,0.95,0.52,1.13,0, 0.0013950, 0.00122456, 0.001224565, 0.0007140,-0.0005050,buy
2017-08-24,0,1.32,0.07,0,0.94,0.81,1.09,0, 0.0045192, 0.00534601, 0.000631512, 0.0022007, 0.0014340,buy
2017-08-25,0,1.25,0.03,0,0.92,1,1.11,0, 0.0028683, 0.00554863, 0.004187854, 0.0035538, 0.0028469,buy
2017-08-26,0,0.66,0.07,0,1.04,1.14,1.15,0,-0.0026497,-0.00325435,-0.003021289,-0.0039621,-0.0028000,sell
2017-08-27,0,0.56,0.1,0,1.58,1.11,1.23,0,-0.0047574,-0.00374673,-0.001445269,-0.0055492,-0.0012410,sell
2017-08-28,0,0.76,0.16,0,2.15,1.08,1.29,0, 0.0016190,-0.00056445, 0.001944548, 0.0014675,-0.0002282,buy
2017-08-29,0,0.66,0.3,0,1.45,1.13,1.37,0, 0.0019951, 0.00171586, 0.002096853, 0.0011285, 0.0028687,buy
2017-08-30,0,0.4,0.5,0,1.31,1.2,1.45,0, 0.0001572,-0.00039632, 0.000157241, 0.0002415, 0.0000124,buy
2017-08-31,0,0.3,0.86,0,1.4,1.07,1.52,0,-0.0038491,-0.00384911,-0.003849108,-0.0022131,-0.0040343,sell
2017-09-01,0,0.17,1.01,0,1.62,0.72,1.47,0, 0.0018657, 0.00191526, 0.003404226, 0.0018425, 0.0006899,buy
2017-09-02,0,0.25,0.78,0,1.9,0.51,1.34,0, 0.0001990, 0.00156119, 0.001503849,-0.0022975, 0.0004314,sell
2017-09-03,0,0.46,0.61,0,2.01,0.38,1.24,0, 0.0049562, 0.00333329, 0.005069886, 0.0045308, 0.0056621,buy
2017-09-04,0,1.2,0.58,0,1.97,0.3,1.16,0,-0.0013315, 0.00134470, 0.003244441, 0.0022964, 0.0011318,buy
2017-09-05,0,1.87,0.76,0,1.92,0.27,1.07,0, 0.0047361, 0.00355657, 0.002820592, 0.0046861, 0.0035566,buy
2017-09-06,0,1.19,0.74,0,1.85,0.24,1,0, 0.0021615, 0.00134497, 0.003470807, 0.0012625,-0.0001400,buy
2017-09-07,0,0.88,0.49,0,1.84,0.24,0.9,0, 0.0074424, 0.00616540, 0.005867897, 0.0026444, 0.0022905,buy
2017-09-08,0,0.9,0.53,0,1.92,0.24,0.8,0, 0.0049942, 0.00499420, 0.003755126, 0.0016354, 0.0020324,buy
2017-09-09,0,0.69,0.57,0,1.77,0.24,0.71,0, 0.0021694, 0.00271039, 0.002157944, 0.0013375, 0.0008567,buy
2017-09-10,0,0.6,0.34,0,1.49,0.24,0.64,0,-0.0000557, 0.00025366, 0.001120787, 0.0023982,-0.0027023,buy
2017-09-11,0,0.76,0.22,0,1.31,0.24,0.59,0,-0.0048660,-0.00519981,-0.005199809,-0.0045262,-0.0056594,sell
2017-09-12,0,0.96,0.2,0,1.18,0.24,0.55,0,-0.0039577,-0.00365892,-0.003688552,-0.0034438,-0.0036886,sell
2017-09-13,0,0.72,0.25,0,1.14,0.24,0.58,0,-0.0059249,-0.00571188,-0.006283467,-0.0055908,-0.0065163,sell
2017-09-14,0,0.54,0.34,0,1.21,0.25,0.78,0,-0.0049390,-0.00603433,-0.004948910,-0.0049390,-0.0053762,sell
2017-09-15,0,0.54,0.44,0,1.38,0.27,1.21,0, 0.0022562, 0.00211159, 0.004541479, 0.0019490, 0.0030295,buy
2017-09-16,0,0.69,0.81,0,1.68,0.31,1.09,0, 0.0001119, 0.00204285,-0.000006499, 0.0001065, 0.0024706,buy
2017-09-17,0,0.8,1.09,0,2.47,0.42,0.66,0,-0.0039161,-0.00346873,-0.002000220,-0.0020002,-0.0016476,sell
2017-09-18,0,0.76,0.73,0,2.78,0.71,0.54,0, 0.0038811, 0.00287555, 0.003309677, 0.0039971, 0.0025276,buy
2017-09-19,0,0.84,0.62,0,2.23,0.81,0.56,0, 0.0002030, 0.00203815,-0.000175856, 0.0009751,-0.0002531,buy
2017-09-20,0,1.12,0.68,0,2.24,0.91,0.72,0, 0.0012889, 0.00218531, 0.001794773, 0.0017175, 0.0017948,buy
2017-09-21,0,1.25,0.7,0,2.19,0.93,1.1,0, 0.0027174, 0.00043443, 0.001957787, 0.0032025, 0.0020342,buy
2017-09-22,0,0.95,0.77,0,1.54,0.7,1.11,0,-0.0046057,-0.00857659,-0.002402651,-0.0057007,-0.0019762,sell
2017-09-23,0,0.72,0.82,0,1.04,0.69,0.69,0,-0.0017289,-0.00139935,-0.002220940,-0.0022656,-0.0020312,sell
2017-09-24,0,0.78,0.7,0,0.81,0.57,0.43,0,-0.0024425,-0.00375049,-0.003266264,-0.0010449,-0.0037505,sell
2017-09-25,0,0.82,0.56,0,0.78,0.49,0.28,0,-0.0057441,-0.00511156,-0.005095500,-0.0052143,-0.0059296,sell
2017-09-26,0,0.82,0.45,0,0.7,0.47,0.19,0,-0.0030581,-0.00378836,-0.004284218,-0.0055887,-0.0050488,sell
2017-09-27,0,0.84,0.41,0,0.82,0.48,0.13,0,-0.0020317,-0.00134074,-0.003458171,-0.0034582,-0.0025121,sell
2017-09-28,0,0.77,0.44,0,1.29,0.55,0.13,0,-0.0007789,-0.00051928,-0.002135407,-0.0013264, 0.0009848,buy
2017-09-29,0,0.79,0.3,0,0.97,0.73,0.2,0, 0.0028915,-0.00124541,-0.001245405, 0.0012965, 0.0021420,buy
2017-09-30,0,0.72,0.2,0,0.59,0.9,0.59,0, 0.0009665,-0.00181076, 0.000966453, 0.0010126,-0.0006131,buy
2017-10-01,0,0.45,0.16,0,0.49,0.85,0.96,0,-0.0071555,-0.00692931,-0.007155461,-0.0063394,-0.0076019,sell
2017-10-02,0,0.31,0.17,0,0.46,0.79,0.45,0,-0.0041134,-0.00204146,-0.002395057,-0.0026076, 0.0008090,sell
2017-10-03,0,0.24,0.23,0,0.47,0.89,0.12,0,-0.0066741,-0.00214947,-0.002045813,-0.0068329,-0.0017085,sell
2017-10-04,0,0.18,0.44,0,0.48,1.08,0.03,0,-0.0043925,-0.00201060,-0.004583854,-0.0020388,-0.0044909,sell
2017-10-05,0,0.16,0.59,0,0.5,1.12,0,0,-0.0043462,-0.00297473,-0.003506533,-0.0029747,-0.0037709,sell
2017-10-06,0,0.13,0.66,0,0.58,0.87,0,0,-0.0031122,-0.00245713,-0.000154780,-0.0022208,-0.0006435,sell
2017-10-07,0,0.11,0.43,0,0.66,0.65,0,0,-0.0014520,-0.00476458,-0.006313713,-0.0047646, 0.0001317,sell
2017-10-08,0,0.09,0.22,0,0.66,0.53,0,0,-0.0056250,-0.00459769,-0.004597693,-0.0045977,-0.0050287,sell
2017-10-09,0,0.08,0.22,0,0.61,0.45,0.01,0,-0.0058070,-0.00473973,-0.004693636,-0.0046936,-0.0045561,sell
2017-10-10,0,0.07,0.32,0,0.6,0.39,0.05,0, 0.0034269, 0.00358636, 0.003379197, 0.0033792, 0.0035864,buy
2017-10-11,0,0.06,0.57,0,0.68,0.36,0.17,0,-0.0021783, 0.00102074,-0.006576507,-0.0051769, 0.0008448,sell
2017-10-12,0,0.06,0.6,0,0.98,0.34,0.3,0,-0.0007066,-0.00085077,-0.001339642,-0.0025619, 0.0008214,buy
2017-10-13,0,0.19,0.61,0,1.74,0.31,0.3,0, 0.0022735, 0.00281244, 0.002812440, 0.0020063, 0.0029216,buy
2017-10-14,0,0.48,1.02,0,2.11,0.3,0.23,0,-0.0021966,-0.00194795,-0.000242101,-0.0021966,-0.0035675,sell
2017-10-15,0,0.83,0.66,0,1.73,0.28,0.17,0, 0.0014456, 0.00161842, 0.001773346,-0.0063870, 0.0016184,sell
2017-10-16,0,0.53,0.47,0,1.16,0.29,0.17,0,-0.0031963,-0.00434688,-0.002889468,-0.0040965,-0.0027153,sell
2017-10-17,0,0.41,0.71,0,0.88,0.28,0.15,0,-0.0033394,-0.00098092,-0.003053891, 0.0014720,-0.0006075,buy
2017-10-18,0,0.58,0.96,0,0.79,0.3,0.15,0,-0.0037057,-0.00395118,-0.006015504,-0.0042428,-0.0038164,sell
2017-10-19,0,1.08,0.6,0,0.89,0.3,0.27,0, 0.0039695, 0.00332564, 0.002942594, 0.0029728, 0.0038759,buy
2017-10-20,0,1.2,0.29,0,1.01,0.26,0.59,0,-0.0028180,-0.00033133,-0.003009213,-0.0029920,-0.0030209,sell
2017-10-21,0,1.02,0.2,0,1.22,0.26,0.98,0,-0.0042053,-0.00005476,-0.000111043,-0.0043298, 0.0010722,sell
2017-10-22,0,1.39,0.26,0,1.5,0.29,0.69,0, 0.0019128,-0.00009588, 0.001807079, 0.0018071, 0.0032043,buy
2017-10-23,0,2.37,0.49,0,1.9,0.27,0.31,0, 0.0034261, 0.00304464, 0.001999791, 0.0057785, 0.0022944,buy
2017-10-24,0,2.08,0.43,0,2.09,0.23,0.15,0, 0.0034681, 0.00179736, 0.001659404, 0.0057339, 0.0013939,buy
2017-10-25,0,1.67,0.23,0,2.07,0.23,0.13,0, 0.0021519, 0.00112044,-0.002105669,-0.0017149,-0.0056812,sell
2017-10-26,0,1.37,0.19,0,2.19,0.27,0.21,0, 0.0015362, 0.00134639,-0.003718898,-0.0013915,-0.0052438,sell
2017-10-27,0,1.02,0.2,0,2.52,0.32,0.68,0,-0.0049435,-0.00568567,-0.006328561,-0.0045933,-0.0059797,sell
2017-10-28,0,0.78,0.24,0,2.81,0.47,0.85,0,-0.0022007, 0.00020036, 0.003477544,-0.0018488,-0.0052386,sell
2017-10-29,0,0.68,0.33,0,2.83,0.66,0.39,0,-0.0015559, 0.00213995, 0.002987907, 0.0010769,-0.0036925,buy
2017-10-30,0,0.67,0.43,0,3,0.58,0.27,0, 0.0022200, 0.00628131, 0.005968760, 0.0048172, 0.0000676,buy
2017-10-31,0,0.87,0.56,0,3.01,0.42,0.16,0, 0.0039933, 0.00287992, 0.003440703, 0.0034207, 0.0013568,buy
2017-11-01,0,1.6,0.72,0,2.16,0.34,0.1,0,-0.0037142,-0.00404922,-0.004376830,-0.0043768,-0.0047943,sell
2017-11-02,0,1.74,1.19,0,1.58,0.29,0.14,0, 0.0010757, 0.00087574,-0.002096225, 0.0010932, 0.0004916,buy
2017-11-03,0,1.12,1.52,0,1.16,0.22,0.2,0,-0.0038581,-0.00410873,-0.004374293,-0.0024155,-0.0041087,sell
2017-11-04,0,1.15,1.17,0,0.93,0.2,0.14,0, 0.0008609, 0.00132511,-0.000682561,-0.0001201, 0.0002404,buy
2017-11-05,0,0.9,1.15,0,0.79,0.22,0.2,0, 0.0028325, 0.00330692, 0.003502916, 0.0032584, 0.0020309,buy
2017-11-06,0,0.54,1.01,0,0.74,0.34,0.26,0,-0.0040323,-0.00282314,-0.004100752,-0.0048974,-0.0038574,sell
2017-11-07,0,0.54,0.72,0,0.75,0.45,0.37,0,-0.0049034,-0.00492151,-0.004921506,-0.0042517,-0.0052839,sell
2017-11-08,0,0.72,0.65,0,0.81,0.28,0.6,0,-0.0002222,-0.00053789,-0.000537887, 0.0017155,-0.0002041,buy
2017-11-09,0,0.84,0.7,0,1.11,0.19,0.87,0, 0.0032043, 0.00325552, 0.002475600, 0.0039055, 0.0049536,buy
2017-11-10,0,0.67,0.63,0,1.46,0.15,0.66,0, 0.0036231, 0.00371843, 0.001545399, 0.0037184, 0.0036231,buy
2017-11-11,0,0.58,0.43,0,1.13,0.14,0.5,0,-0.0009416,-0.00193294,-0.000601208,-0.0006012,-0.0041871,sell
2017-11-12,0,0.72,0.29,0,0.8,0.17,0.52,0,-0.0038152,-0.00299586,-0.003843976,-0.0043564,-0.0038847,sell
2017-11-13,0,1.03,0.24,0,0.69,0.21,0.68,0, 0.0025874,-0.00007900,-0.001705273, 0.0035488, 0.0005765,buy
2017-11-14,0,1.71,0.18,0,0.64,0.29,0.99,0, 0.0042110,-0.00027938, 0.003790583, 0.0034742, 0.0025104,buy
2017-11-15,0,1.81,0.2,0,0.69,0.49,1.36,0, 0.0016239, 0.00089389,-0.002549076, 0.0000360, 0.0002322,buy
2017-11-16,0,0.95,0.26,0,0.8,0.77,1.49,0,-0.0007017,-0.00143539,-0.000780886,-0.0007901,-0.0024107,sell
2017-11-17,0,0.69,0.32,0,1.17,0.69,1.53,0, 0.0017002, 0.00109853, 0.001098526,-0.0003420,-0.0041488,sell
2017-11-18,0,0.68,0.29,0,1.56,0.41,1.21,0, 0.0011983, 0.00118063, 0.001060306, 0.0006569, 0.0002073,buy
2017-11-19,0,0.77,0.23,0,1.33,0.26,0.86,0,-0.0020056, 0.00196809, 0.002060885, 0.0026833, 0.0036753,buy
2017-11-20,0,0.95,0.22,0,1.18,0.23,0.9,0,-0.0048937,-0.00000074, 0.000061407,-0.0053547, 0.0012884,sell
2017-11-21,0,1.15,0.23,0,1.29,0.22,1.1,0,-0.0048619,-0.00229245,-0.001560380,-0.0060063,-0.0012756,sell
2017-11-22,0,1.4,0.24,0,1.63,0.28,0.69,0, 0.0015666,-0.00114165, 0.001327404, 0.0013274, 0.0018533,buy
2017-11-23,0,1.39,0.27,0,1.92,0.44,0.32,0, 0.0027360,-0.00227698, 0.000897701, 0.0009206, 0.0017157,buy
2017-11-24,0,1.14,0.33,0,1.78,0.76,0.16,0, 0.0051459, 0.00521542, 0.004535891, 0.0027362, 0.0043033,buy
2017-11-25,0,0.94,0.41,0,1.72,0.74,0.05,0, 0.0014401, 0.00144009, 0.004189132, 0.0006313,-0.0005144,buy
2017-11-26,0,0.82,0.56,0,1.91,0.46,0.01,0, 0.0093041, 0.00455528, 0.003030786, 0.0121316, 0.0041085,buy
2017-11-27,0,0.73,0.74,0,2.42,0.34,0.01,0,-0.0005271,-0.00302733,-0.003692186,-0.0009138,-0.0007061,sell
2017-11-28,0,0.71,0.85,0,2.79,0.3,0,0,-0.0007431, 0.00009494,-0.001589196,-0.0017661,-0.0006218,buy
2017-11-29,0,0.76,1.1,0,2.88,0.29,0.01,0, 0.0032977, 0.00358778, 0.003297677, 0.0018791, 0.0029807,buy
2017-11-30,0,0.94,1.27,0,2.72,0.36,0.01,0, 0.0037961, 0.00374040, 0.004354606, 0.0028409, 0.0047918,buy
2017-12-01,0,1.33,1.06,0,2.09,0.47,0.04,0,-0.0035755,-0.00615045,-0.005415639,-0.0054156,-0.0033386,sell
2017-12-02,0,1.75,0.85,0,1.86,0.69,0.07,0,-0.0026852,-0.00235585,-0.001931057,-0.0010274,-0.0023558,sell
2017-12-03,0,2.19,0.75,0,1.91,0.86,0.13,0,-0.0031012,-0.00293011,-0.003004131,-0.0043277,-0.0030041,sell
2017-12-04,0,2.29,0.71,0,1.55,0.64,0.25,0,-0.0031186,-0.00265723,-0.003118622,-0.0046459,-0.0031186,sell
2017-12-05,0,1.64,0.7,0,1.23,0.48,0.56,0,-0.0058668,-0.00855916,-0.006363417,-0.0060192,-0.0058668,sell
2017-12-06,0,1.04,0.71,0,1.16,0.49,1.12,0,-0.0007483,-0.00330576,-0.000659895, 0.0006789,-0.0008496,sell
2017-12-07,0,0.73,0.71,0,1.17,0.77,0.8,0, 0.0073713,-0.00314246,-0.001901165,-0.0011203,-0.0006192,sell
2017-12-08,0,0.64,0.75,0,1.48,1.07,0.27,0,-0.0058368,-0.00525450,-0.006395133,-0.0055206,-0.0055206,sell
2017-12-09,0,0.57,0.79,0,2.15,0.74,0.1,0, 0.0005164, 0.00051642,-0.000123100,-0.0001231, 0.0064415,buy
2017-12-10,0,0.3,0.79,0,2.78,0.31,0.03,0,-0.0000065, 0.00296393, 0.002464976, 0.0031462, 0.0040375,buy
2017-12-11,0,0.16,0.77,0,3.45,0.19,0.02,0, 0.0040365, 0.00404150, 0.003932138, 0.0046035, 0.0028061,buy
2017-12-12,0,0.1,0.74,0,3.13,0.19,0.01,0,-0.0023820,-0.00470722,-0.005766761,-0.0047509,-0.0044815,sell
2017-12-13,0,0.01,0.72,0,2.16,0.29,0.01,0,-0.0023883,-0.00284399,-0.002341794,-0.0026268,-0.0028440,sell
2017-12-14,0,0.01,0.69,0,2.19,0.64,0.04,0,-0.0061050,-0.00210663,-0.003386321,-0.0039958,-0.0037196,sell
2017-12-15,0,0.02,0.67,0,2.85,0.78,0.04,0,-0.0028704,-0.00208619,-0.003298536,-0.0009833,-0.0001865,sell
2017-12-16,0,0.02,0.63,0,3.03,0.57,0.07,0,-0.0022170, 0.00207006,-0.004591923,-0.0008522, 0.0020250,buy
2017-12-17,0,0.06,0.61,0,3.21,0.58,0.12,0, 0.0006462, 0.00453988, 0.002004045, 0.0020040, 0.0063399,buy
2017-12-18,0,0.09,0.58,0,2.68,0.43,0.18,0, 0.0021036, 0.00647228, 0.001980831, 0.0012883, 0.0059173,buy
2017-12-19,0,0.14,0.54,0,2.08,0.37,0.27,0, 0.0075095, 0.00357405, 0.002731117, 0.0053593, 0.0027311,buy
2017-12-20,0,0.28,0.52,0,1.58,0.42,0.39,0, 0.0001394,-0.00133094, 0.002350640, 0.0005330, 0.0030326,buy
2017-12-21,0,0.49,0.48,0,1.38,0.58,0.59,0,-0.0020199,-0.00182739, 0.000651929,-0.0018351,-0.0022357,sell
2017-12-22,0,0.9,0.45,0,1.34,0.54,0.73,0,-0.0056152,-0.00607785,-0.002302404,-0.0034326,-0.0049876,sell
2017-12-23,0,1.74,0.43,0,1.38,0.45,0.64,0,-0.0020569,-0.00199734,-0.005829472,-0.0059990,-0.0023204,sell
2017-12-24,0,2.62,0.4,0,1.41,0.49,0.45,0, 0.0017156,-0.00133663, 0.001601947, 0.0033235, 0.0029333,buy
2017-12-25,0,2.06,0.37,0,1.46,0.77,0.32,0,-0.0004176, 0.00154924, 0.002017121, 0.0020151, 0.0020410,buy
2017-12-26,0,1.65,0.34,0,1.54,0.95,0.24,0,-0.0004403, 0.00034923, 0.000297874, 0.0015596, 0.0007343,buy
2017-12-27,0,1.65,0.32,0,1.66,0.86,0.19,0, 0.0014824, 0.00256861, 0.001919940, 0.0030086, 0.0026696,buy
2017-12-28,0,0.89,0.29,0,1.83,0.72,0.16,0, 0.0023825, 0.00242663, 0.002426630,-0.0005360, 0.0024266,buy
2017-12-29,0,0.39,0.27,0,2.09,0.6,0.19,0, 0.0032927, 0.00297314, 0.001449940, 0.0033608,-0.0024283,buy
2017-12-30,0,0.25,0.27,0,2.42,0.69,0.23,0, 0.0018112, 0.00471555, 0.001280417, 0.0012804, 0.0005259,buy
2017-12-31,0,0.19,0.25,0,2.37,0.8,0.42,0, 0.0092099, 0.00775240, 0.009053428, 0.0047053, 0.0087390,buy
2018-01-01,0,0.17,0.25,0,2.39,0.58,0.77,0, 0.0037252, 0.00030044, 0.000919834, 0.0000293, 0.0009198,buy
2018-01-02,0,0.21,0.27,0,2.06,0.35,1.26,0, 0.0024951, 0.00254967,-0.001331852, 0.0027516, 0.0012910,buy
2018-01-03,0,0.25,0.33,0,1.65,0.24,1.51,0, 0.0048782, 0.00147403, 0.004984911, 0.0023028, 0.0014332,buy
2018-01-04,0,0.27,0.41,0,1.45,0.19,1.27,0, 0.0004918,-0.00388015,-0.000202740,-0.0000350,-0.0004800,sell
2018-01-05,0,0.26,0.56,0,1.43,0.15,1.15,0, 0.0007616,-0.00285147,-0.001310138,-0.0014821,-0.0000699,sell
2018-01-06,0,0.22,1.18,0,1.55,0.11,1.54,0,-0.0032510,-0.00013240,-0.000291931,-0.0033559,-0.0033887,sell
2018-01-07,0,0.18,1.42,0,1.87,0.09,2.48,0,-0.0065727,-0.00467356,-0.007391849,-0.0062023,-0.0065727,sell
2018-01-08,0,0.15,0.64,0,2.51,0.08,3.92,0,-0.0028400,-0.00171418,-0.003656920,-0.0004385, 0.0008249,sell
2018-01-09,0,0.22,0.25,0,2.4,0.07,4.07,0,-0.0021954,-0.00176209,-0.001514126, 0.0000991, 0.0009847,sell
2018-01-10,0,0.43,0.13,0,1.7,0.08,3.22,0, 0.0030862, 0.00409037, 0.003823313, 0.0021004, 0.0039647,buy
2018-01-11,0,1.17,0.09,0,1.35,0.08,2.35,0, 0.0053569, 0.00583834, 0.005356884, 0.0029341, 0.0059644,buy
2018-01-12,0,0.99,0.09,0,1.16,0.16,2.11,0, 0.0059257, 0.00703949, 0.005925683, 0.0039000, 0.0044219,buy
2018-01-13,0,0.31,0.1,0,1.08,0.41,2.83,0, 0.0020620, 0.00300871, 0.001673770, 0.0020620, 0.0019200,buy
2018-01-14,0,0.11,0.11,0,0.99,0.59,3.5,0, 0.0022506, 0.00241225, 0.007159602, 0.0066516, 0.0024123,buy
2018-01-15,0,0.04,0.13,0,0.97,0.65,2.96,0, 0.0069210, 0.00666806, 0.004398955, 0.0064830, 0.0068469,buy
2018-01-16,0,0.03,0.17,0,0.96,0.72,1.99,0, 0.0004302,-0.00108894, 0.000512887, 0.0005129, 0.0007486,buy
2018-01-17,0,0.03,0.25,0,0.95,0.78,1.6,0,-0.0003121,-0.00031208,-0.000447118,-0.0003121,-0.0008944,sell
2018-01-18,0,0.03,0.27,0,0.95,0.72,1.82,0, 0.0003640, 0.00024197, 0.000256664, 0.0014011,-0.0033402,buy
2018-01-19,0,0.05,0.31,0,0.98,0.44,2.8,0, 0.0048521, 0.00391125, 0.001316280, 0.0027387, 0.0047468,buy
2018-01-20,0,0.06,0.64,0,1.07,0.28,2.69,0, 0.0038298, 0.00383894, 0.002782406, 0.0027164, 0.0032686,buy
2018-01-21,0,0.07,0.8,0,1.09,0.25,1.7,0, 0.0005357, 0.00009356, 0.001759123,-0.0058690, 0.0001851,sell
2018-01-22,0,0.09,0.43,0,1.05,0.33,1.51,0,-0.0061136,-0.00735454,-0.008859803,-0.0082597,-0.0075472,sell
2018-01-23,0,0.11,0.29,0,1.1,0.57,1.8,0, 0.0031569, 0.00428023, 0.001989159, 0.0043179, 0.0025319,buy
2018-01-24,0,0.14,0.3,0,1.08,1.06,2.25,0, 0.0063625, 0.00676030, 0.006760298, 0.0045925, 0.0065733,buy
2018-01-25,0,0.17,0.34,0,1,1.22,2.16,0, 0.0051925, 0.00738621, 0.005255019, 0.0050212, 0.0052678,buy
2018-01-26,0,0.22,0.41,0,1.05,1.06,1.48,0, 0.0040562, 0.00338733, 0.004056167, 0.0015489, 0.0033497,buy
2018-01-27,0,0.28,0.43,0,1.39,0.68,1.24,0,-0.0019881,-0.00046744,-0.001988094,-0.0001691, 0.0020516,buy
2018-01-28,0,0.35,0.36,0,1.5,0.49,1.91,0, 0.0018151, 0.00221227, 0.000448637, 0.0015743, 0.0052512,buy
2018-01-29,0,0.46,0.31,0,1.09,0.74,1.42,0,-0.0010611,-0.00097942,-0.001061102,-0.0018306,-0.0012076,sell
2018-01-30,0,0.59,0.25,0,1.01,1.02,0.62,0, 0.0038460, 0.00268851, 0.003272476,-0.0001898, 0.0026885,buy
2018-01-31,0,0.77,0.21,0,1.21,0.69,0.42,0, 0.0011421, 0.00114207,-0.003202269, 0.0004225,-0.0010605,buy
2018-02-01,0,1,0.19,0,1.69,0.42,0.41,0,-0.0015553,-0.00763272,-0.001266133,-0.0076012,-0.0024556,sell
2018-02-02,0,1.29,0.16,0,2.05,0.41,0.7,0, 0.0026963,-0.00103058,-0.000971030,-0.0034274,-0.0000866,buy
2018-02-03,0,1.53,0.15,0,1.79,0.44,1.21,0, 0.0013156,-0.00249431,-0.000275019,-0.0036451,-0.0025071,sell
2018-02-04,0,1.44,0.13,0,1.26,0.32,1.07,0,-0.0013753,-0.00327663,-0.000761145,-0.0026985,-0.0026985,sell
2018-02-05,0,1.29,0.12,0,1.07,0.27,0.98,0,-0.0032601,-0.00148027,-0.001924385,-0.0030329,-0.0019933,sell
2018-02-06,0,1.1,0.12,0,1.43,0.47,1.86,0,-0.0015499, 0.00498178, 0.000936658, 0.0019550,-0.0021818,buy
2018-02-07,0,0.87,0.12,0,2.63,0.69,1.85,0,-0.0048296,-0.00633109,-0.005160756,-0.0060636,-0.0057134,sell
2018-02-08,0,0.7,0.11,0,3.17,0.35,0.69,0,-0.0030973,-0.00083286,-0.001245066,-0.0053539,-0.0030973,sell
2018-02-09,0,0.6,0.12,0,1.99,0.17,0.3,0, 0.0002700,-0.00010351, 0.000269983, 0.0002700, 0.0002700,buy
2018-02-10,0,0.55,0.12,0,1.11,0.09,0.2,0, 0.0083445, 0.00704702, 0.004574624, 0.0070733, 0.0083445,buy
2018-02-11,0,0.57,0.13,0,1.05,0.08,0.15,0, 0.0096370, 0.00852845, 0.005677806, 0.0087510, 0.0096370,buy
2018-02-12,0,0.56,0.13,0,1.48,0.12,0.22,0,-0.0007589, 0.00247012, 0.001658589, 0.0033995, 0.0023514,buy
2018-02-13,0,0.43,0.14,0,1.48,0.18,0.39,0,-0.0009562, 0.00200434, 0.001308426, 0.0019997, 0.0020043,buy
2018-02-14,0,0.34,0.18,0,1.91,0.3,0.53,0,-0.0035549,-0.00248962,-0.001734037,-0.0017787,-0.0018224,sell
2018-02-15,0,0.26,0.28,0,2.78,0.34,0.65,0,-0.0010400, 0.00018992,-0.000097966,-0.0010978,-0.0047201,sell
2018-02-16,0,0.23,0.58,0,2.6,0.17,0.44,0,-0.0064874,-0.00583061,-0.007184466,-0.0078991,-0.0058137,sell
2018-02-17,0,0.2,0.77,0,1.27,0.11,0.19,0,-0.0037531,-0.00474790,-0.001085994,-0.0047479,-0.0053703,sell
2018-02-18,0,0.2,0.43,0,0.72,0.14,0.12,0,-0.0031847,-0.00514658,-0.005466237,-0.0054885,-0.0033533,sell
2018-02-19,0,0.16,0.32,0,0.55,0.2,0.11,0,-0.0012200,-0.00334306,-0.004443266,-0.0044433,-0.0011743,sell
2018-02-20,0,0.16,0.4,0,0.49,0.35,0.11,0,-0.0025515,-0.00472356,-0.004090608,-0.0040906,-0.0045509,sell
2018-02-21,0,0.18,0.94,0,0.51,0.4,0.23,0, 0.0004665, 0.00012907, 0.000718276, 0.0005117,-0.0002763,buy
2018-02-22,0,0.2,1.01,0,0.54,0.24,0.2,0, 0.0013072,-0.00042642, 0.003463373, 0.0013072, 0.0022492,buy
2018-02-23,0,0.22,0.65,0,0.56,0.42,0.13,0,-0.0035581,-0.00153388,-0.002132033,-0.0017196,-0.0032990,sell
2018-02-24,0,0.37,0.85,0,0.59,0.46,0.2,0, 0.0012880, 0.00204351, 0.005086475, 0.0008943, 0.0014644,buy
2018-02-25,0,0.54,1.02,0,0.67,0.23,0.36,0, 0.0040911, 0.00367756, 0.004982230, 0.0040911, 0.0044054,buy
2018-02-26,0,0.93,0.67,0,0.77,0.12,0.61,0, 0.0037688, 0.00139235, 0.001985441, 0.0013923, 0.0008018,buy
2018-02-27,0,1.91,0.51,0,1.01,0.11,0.91,0,-0.0020927,-0.00412070,-0.001942444,-0.0015495, 0.0008035,sell
2018-02-28,0,2.61,0.47,0,1.31,0.13,0.95,0,-0.0023436,-0.00367077,-0.000988693, 0.0012876, 0.0003983,sell
2018-03-01,0,3.23,0.43,0,1.71,0.17,0.91,0,-0.0005190,-0.00062461,-0.000161569, 0.0020550,-0.0003554,buy
2018-03-02,0,2.77,0.41,0,1.93,0.13,0.31,0, 0.0020613, 0.00264697, 0.000429552, 0.0011042, 0.0026228,buy
2018-03-03,0,2.45,0.42,0,2.34,0.09,0.12,0,-0.0023310, 0.00228426,-0.002906946, 0.0009866, 0.0022843,buy
2018-03-04,0,2.12,0.41,0,2.45,0.08,0.08,0,-0.0023615,-0.00434675,-0.002262760,-0.0023615,-0.0019342,sell
2018-03-05,0,1.79,0.34,0,2.18,0.07,0.08,0,-0.0028703,-0.00570586,-0.002383212,-0.0023896,-0.0023305,sell
2018-03-06,0,1.44,0.3,0,1.97,0.06,0.08,0, 0.0045337, 0.00584788, 0.000932066, 0.0044862,-0.0025211,buy
2018-03-07,0,1.23,0.27,0,1.57,0.06,0.11,0,-0.0030926,-0.00095240,-0.003599991,-0.0015905,-0.0036623,sell
2018-03-08,0,1.27,0.24,0,1.38,0.06,0.16,0,-0.0050380,-0.00430848,-0.004324828,-0.0008882,-0.0051963,sell
2018-03-09,0,1.68,0.22,0,1.35,0.07,0.26,0,-0.0030179,-0.00192990,-0.002171431,-0.0028797,-0.0021670,sell
2018-03-10,0,2.55,0.21,0,1.45,0.07,0.52,0,-0.0011635, 0.00392378, 0.004432494, 0.0026041, 0.0009926,buy
2018-03-11,0,2.83,0.19,0,1.34,0.08,0.78,0, 0.0048788, 0.00375285, 0.005137790, 0.0035567, 0.0034117,buy
2018-03-12,0,2.39,0.17,0,1.09,0.08,0.54,0,-0.0046783, 0.00045633, 0.001090981,-0.0015124,-0.0003856,sell
2018-03-13,0,2.47,0.16,0,0.93,0.09,0.28,0,-0.0060846, 0.00057803, 0.000769740,-0.0027009,-0.0018447,sell
2018-03-14,0,2.17,0.15,0,0.91,0.09,0.17,0,-0.0068970,-0.00424698,-0.004910683,-0.0069981,-0.0043754,sell
2018-03-15,0,1.65,0.14,0,1.11,0.09,0.13,0,-0.0017373,-0.00344146,-0.001737300,-0.0012584,-0.0005708,sell
2018-03-16,0,1.39,0.13,0,1.55,0.08,0.1,0,-0.0049718,-0.00451109,-0.005544735,-0.0037650,-0.0055447,sell
2018-03-17,0,1.25,0.12,0,1.76,0.08,0.1,0,-0.0043879,-0.00658019,-0.007311090,-0.0015915,-0.0085993,sell
2018-03-18,0,1.2,0.13,0,1.65,0.08,0.11,0, 0.0039037, 0.00488504, 0.001703667, 0.0035748, 0.0007999,buy
2018-03-19,0,1.05,0.13,0,1.17,0.07,0.11,0, 0.0016747,-0.00188908, 0.000867549,-0.0004259, 0.0016747,sell
2018-03-20,0,0.92,0.13,0,0.74,0.07,0.12,0,-0.0044833,-0.00253825,-0.004529601,-0.0027508,-0.0044352,sell
2018-03-21,0,0.82,0.15,0,0.57,0.07,0.13,0,-0.0007749,-0.00113109,-0.001131089,-0.0001371,-0.0002417,buy
2018-03-22,0,0.78,0.22,0,0.48,0.07,0.13,0, 0.0039007,-0.00009889,-0.000098886,-0.0000989,-0.0000989,buy
2018-03-23,0,0.74,0.34,0,0.45,0.06,0.14,0, 0.0037847, 0.00257910, 0.002047029, 0.0018895, 0.0015345,buy
2018-03-24,0,0.72,0.66,0,0.47,0.07,0.15,0, 0.0014121, 0.00294511, 0.000830909, 0.0015832, 0.0026396,buy
2018-03-25,0,0.7,1.01,0,0.51,0.08,0.16,0, 0.0007740, 0.00092501, 0.002577220, 0.0013425, 0.0006512,buy
2018-03-26,0,0.75,0.85,0,0.6,0.1,0.17,0, 0.0008964, 0.00259763, 0.001125622, 0.0008964, 0.0014784,buy
2018-03-27,0,1.03,0.55,0,0.86,0.13,0.18,0,-0.0047304,-0.00156989,-0.002074444,-0.0036940,-0.0022959,sell
2018-03-28,0,1.24,0.33,0,1.37,0.2,0.19,0,-0.0070981,-0.00195981,-0.003577987,-0.0066140,-0.0035780,sell
2018-03-29,0,0.83,0.21,0,1.91,0.35,0.2,0,-0.0014941,-0.00264554,-0.002046359,-0.0022411,-0.0021903,sell
2018-03-30,0,0.51,0.15,0,2.09,0.65,0.21,0, 0.0041014, 0.00206721, 0.004090723, 0.0038373, 0.0003346,buy
2018-03-31,0,0.36,0.11,0,1.25,0.71,0.23,0,-0.0041276,-0.00196257, 0.000238158, 0.0014225, 0.0007482,sell
2018-04-01,0,0.29,0.08,0,0.74,0.38,0.25,0,-0.0051554,-0.00194073,-0.002692896,-0.0027394,-0.0043842,sell
2018-04-02,0,0.27,0.08,0,0.6,0.2,0.26,0,-0.0018179, 0.00205331, 0.000772716, 0.0024892,-0.0001205,buy
2018-04-03,0,0.27,0.07,0,0.65,0.13,0.29,0, 0.0032824, 0.00305877, 0.004307632, 0.0040022, 0.0052245,buy
2018-04-04,0,0.31,0.06,0,1.08,0.09,0.31,0, 0.0002413, 0.00297088, 0.002833240, 0.0042344, 0.0002413,buy
2018-04-05,0,0.39,0.06,0,1.29,0.07,0.33,0,-0.0009406,-0.00054451, 0.002949937, 0.0019059,-0.0005044,buy
2018-04-06,0,0.53,0.08,0,1.73,0.06,0.39,0,-0.0019076,-0.00135680,-0.000017492, 0.0004570, 0.0004570,buy
2018-04-07,0,0.78,0.14,0,1.15,0.05,0.43,0, 0.0013575, 0.00077291, 0.001661047, 0.0022070, 0.0021623,buy
2018-04-08,0,0.96,0.15,0,0.52,0.07,0.48,0,-0.0003609, 0.00197405, 0.000955613, 0.0012830, 0.0019351,buy
2018-04-09,0,0.8,0.19,0,0.36,0.11,0.6,0, 0.0009450, 0.00357180, 0.003364189, 0.0033642, 0.0055798,buy
2018-04-10,0,0.62,0.35,0,0.34,0.22,0.75,0,-0.0040145, 0.00068379, 0.000862822, 0.0002420, 0.0005252,sell
2018-04-11,0,0.56,0.54,0,0.34,0.53,1.09,0, 0.0004307,-0.00089011,-0.000041253, 0.0004198,-0.0000413,buy
2018-04-12,0,0.65,0.34,0,0.34,0.65,1.63,0,-0.0001042,-0.00146198, 0.000614552,-0.0037969,-0.0012674,sell
2018-04-13,0,1.07,0.15,0,0.34,0.34,1.67,0,-0.0045811,-0.00295874,-0.001790333,-0.0015105,-0.0018115,sell
2018-04-14,0,1.69,0.07,0,0.34,0.26,1.56,0,-0.0036541, 0.00070102,-0.003140596,-0.0009874,-0.0027306,sell
2018-04-15,0,1.32,0.05,0,0.38,0.42,1.34,0,-0.0032781,-0.00207596,-0.002829985,-0.0011278,-0.0015130,sell
2018-04-16,0,0.77,0.03,0,0.43,0.56,1.02,0, 0.0005495, 0.00325897,-0.002554782,-0.0018336, 0.0005353,buy
2018-04-17,0,0.62,0.03,0,0.54,0.36,0.84,0,-0.0006357,-0.00210396,-0.002089248,-0.0030382,-0.0029323,sell
2018-04-18,0,0.71,0.04,0,0.8,0.26,0.72,0,-0.0017169,-0.00055941,-0.001716940,-0.0017405,-0.0026159,sell
2018-04-19,0,1,0.04,0,1.41,0.31,0.64,0,-0.0030563,-0.00288370,-0.001533687,-0.0025421,-0.0030931,sell
2018-04-20,0,0.95,0.05,0,1.76,0.43,0.62,0,-0.0057888,-0.00540596,-0.002980047,-0.0089683,-0.0038438,sell
2018-04-21,0,0.57,0.05,0,1.18,0.38,0.73,0, 0.0015028, 0.00025810,-0.001156082,-0.0004747,-0.0039890,sell
2018-04-22,0,0.32,0.07,0,0.83,0.27,0.94,0, 0.0018075,-0.00120033,-0.002110707,-0.0017101, 0.0018761,buy
2018-04-23,0,0.17,0.08,0,0.81,0.23,1.51,0,-0.0057348,-0.00444608,-0.003621327,-0.0059972,-0.0045695,sell
2018-04-24,0,0.09,0.13,0,0.66,0.24,2.41,0,-0.0015512,-0.00225401,-0.000810429,-0.0015512,-0.0008243,sell
2018-04-25,0,0.04,0.17,0,0.46,0.25,2.18,0,-0.0024425,-0.00335214,-0.001919597,-0.0024425,-0.0005123,sell
2018-04-26,0,0.06,0.28,0,0.46,0.29,1.05,0,-0.0024344,-0.00628297,-0.008588085,-0.0078478,-0.0077548,sell
2018-04-27,0,0.16,0.58,0,0.47,0.34,0.57,0,-0.0022360,-0.00168874,-0.003339038,-0.0033707,-0.0003100,sell
2018-04-28,0,0.39,0.86,0,0.47,0.4,0.35,0, 0.0024836,-0.00102572, 0.003361669, 0.0024744, 0.0021674,buy
2018-04-29,0,0.98,0.5,0,0.52,0.43,0.25,0,-0.0021688, 0.00012370, 0.000273284,-0.0012165, 0.0022159,sell
2018-04-30,0,1.13,0.23,0,0.59,0.39,0.27,0,-0.0077659,-0.00491804,-0.006748247,-0.0073037,-0.0067482,sell
2018-05-01,0,1.19,0.17,0,0.78,0.34,0.34,0,-0.0027731, 0.00309677,-0.002452925,-0.0006554,-0.0024529,sell
2018-05-02,0,1.12,0.15,0,1.21,0.33,0.67,0,-0.0007947,-0.00030069, 0.000922562,-0.0015763,-0.0000389,sell
2018-05-03,0,0.62,0.14,0,1.25,0.35,1.29,0, 0.0009380, 0.00209590, 0.002095896, 0.0023467, 0.0020959,buy
2018-05-04,0,0.36,0.3,0,0.85,0.43,1.28,0,-0.0043314,-0.00350926,-0.004633379,-0.0053128,-0.0045563,sell
2018-05-05,0,0.24,0.51,0,0.71,0.66,0.92,0,-0.0056577,-0.00663822,-0.004196934, 0.0084753,-0.0035513,sell
2018-05-06,0,0.3,0.31,0,0.67,0.92,0.97,0,-0.0013074,-0.00402951,-0.002193094,-0.0005975,-0.0040155,sell
2018-05-07,0,0.38,0.16,0,0.71,0.7,0.64,0,-0.0028955,-0.00463524,-0.002505855,-0.0028955,-0.0049898,sell
2018-05-08,0,0.57,0.25,0,0.79,0.4,0.3,0,-0.0049984, 0.00069418,-0.004390515,-0.0044377,-0.0043905,sell
2018-05-09,0,1.08,0.56,0,0.88,0.28,0.19,0, 0.0016871, 0.00158413,-0.002253128, 0.0015243, 0.0015841,buy
2018-05-10,0,1.75,0.53,0,1.01,0.23,0.16,0, 0.0033166, 0.00039859, 0.000398593, 0.0011376, 0.0038573,buy
2018-05-11,0,1.43,0.48,0,1.21,0.19,0.14,0, 0.0007248, 0.00040983, 0.000409826, 0.0008428, 0.0013907,buy
2018-05-12,0,0.93,0.51,0,1.54,0.25,0.18,0, 0.0048071, 0.00405750, 0.004771782, 0.0043709, 0.0031883,buy
2018-05-13,0,0.83,0.26,0,2.19,0.42,0.24,0,-0.0004569,-0.00268594,-0.001672788,-0.0027134,-0.0003113,sell
2018-05-14,0,0.89,0.17,0,2.64,0.57,0.31,0, 0.0028302, 0.00634151, 0.005016086, 0.0008098, 0.0040169,buy
2018-05-15,0,0.9,0.15,0,1.68,0.44,0.41,0,-0.0036820,-0.00639655,-0.002405315,-0.0058636,-0.0020181,sell
2018-05-16,0,1.01,0.19,0,1.12,0.37,0.57,0,-0.0017420,-0.00200345, 0.001154110,-0.0036621, 0.0010974,sell
2018-05-17,0,1.18,0.26,0,0.94,0.42,0.77,0,-0.0044227,-0.00286946,-0.002048864,-0.0047702,-0.0028896,sell
2018-05-18,0,1.52,0.36,0,0.91,0.57,1.16,0,-0.0006570,-0.00225468,-0.001507472,-0.0011576, 0.0020408,sell
2018-05-19,0,1.97,0.55,0,0.92,0.77,1.71,0, 0.0073917,-0.00016350,-0.003378237,-0.0008125,-0.0009752,buy
2018-05-20,0,2.86,0.91,0,1.04,0.83,1.94,0,-0.0034474,-0.00171052,-0.002684774,-0.0026848,-0.0037661,sell
2018-05-21,0,3.45,1.03,0,1.17,0.69,2.01,0,-0.0034554,-0.00149189,-0.002480480,-0.0024672,-0.0043564,sell
2018-05-22,0,3.38,0.75,0,1.15,0.81,2.83,0,-0.0065577,-0.00302370,-0.002544928,-0.0020200,-0.0071205,sell
2018-05-23,0,3.56,0.71,0,1.22,0.97,2.5,0,-0.0045026,-0.00198618,-0.002458152,-0.0025907,-0.0054849,sell
2018-05-24,0,4.02,1.06,0,1.44,0.57,1.14,0,-0.0018235,-0.00252046,-0.002360519,-0.0019029,-0.0019742,sell
2018-05-25,0,3.16,1.01,0,1.87,0.5,0.62,0, 0.0006432,-0.00247501,-0.002067269, 0.0006845,-0.0027085,buy
2018-05-26,0,3.16,0.49,0,2.05,0.69,0.39,0,-0.0055903,-0.00403526,-0.004035259,-0.0043245,-0.0033382,sell
2018-05-27,0,3.37,0.28,0,1.7,0.72,0.27,0,-0.0045922,-0.00413517,-0.004601349,-0.0026586, 0.0005679,sell
2018-05-28,0,2.7,0.25,0,1.31,0.46,0.25,0,-0.0030619,-0.00158730, 0.001798683, 0.0003896,-0.0001559,sell
2018-05-29,0,1.87,0.29,0,1.16,0.35,0.47,0,-0.0024956, 0.00018438,-0.002188803,-0.0045353,-0.0024963,sell
2018-05-30,0,1.36,0.6,0,1.13,0.28,1.6,0,-0.0042901, 0.00386609, 0.006632518,-0.0042901, 0.0065508,buy
2018-05-31,0,1.13,0.99,0,0.82,0.27,1.3,0, 0.0030735, 0.00434055, 0.001029263, 0.0028357, 0.0005136,buy
2018-06-01,0,1.45,0.47,0,0.69,0.26,0.29,0,-0.0052965,-0.00559843,-0.005598426,-0.0052965,-0.0050282,sell
2018-06-02,0,1.06,0.45,0,0.7,0.26,0.17,0,-0.0022031,-0.00225611,-0.004813510,-0.0024209,-0.0016386,sell
2018-06-03,0,0.57,0.53,0,0.75,0.28,0.19,0, 0.0006648, 0.00102173,-0.004011314, 0.0008377, 0.0025270,buy
2018-06-04,0,0.45,0.7,0,0.83,0.32,0.02,0,-0.0041072, 0.00303763,-0.006056572, 0.0026052, 0.0028311,buy
2018-06-05,0,0.34,1.26,0,1.09,0.41,0,0,-0.0010363, 0.00013597,-0.001763597,-0.0011205,-0.0010363,buy
2018-06-06,0,0.34,1.12,0,1.61,0.56,0,0, 0.0019584, 0.00393285, 0.001737375, 0.0019584, 0.0029263,buy
2018-06-07,0,0.45,0.54,0,1.72,0.49,0.08,0, 0.0008652,-0.00182351, 0.001410247, 0.0012389,-0.0052531,sell
2018-06-08,0,0.89,0.62,0,1.35,0.42,0.42,0, 0.0011199, 0.00011344, 0.000946001, 0.0022894,-0.0004376,buy
2018-06-09,0,1.29,0.39,0,1.26,0.46,0.99,0, 0.0050224, 0.00212231, 0.003718567, 0.0044181, 0.0044358,buy
2018-06-10,0,0.62,0.3,0,1.53,0.45,0.48,0,-0.0012230, 0.00082348, 0.001362554, 0.0039209, 0.0047606,buy
2018-06-11,0,0.68,0.54,0,1.88,0.45,0.19,0, 0.0106219,-0.00043194, 0.001977422, 0.0127871,-0.0011511,buy
2018-06-12,0,1.4,0.62,0,1.46,0.49,0.25,0, 0.0058067, 0.00333258, 0.000166896, 0.0047848, 0.0053235,buy
2018-06-13,0,1.44,0.95,0,1.04,0.55,0.51,0,-0.0071451,-0.00251997,-0.002815728,-0.0049709,-0.0072791,sell
2018-06-14,0,1.71,0.77,0,0.86,0.61,0.51,0,-0.0087001,-0.00792454,-0.007417566,-0.0075700,-0.0092256,sell
2018-06-15,0,1.42,0.32,0,0.81,0.64,0.69,0, 0.0012173,-0.00191551,-0.002373467, 0.0012173, 0.0018211,buy
2018-06-16,0,0.75,0.57,0,0.88,0.73,0.97,0, 0.0000548, 0.00032098, 0.002287093, 0.0003210, 0.0018998,buy
2018-06-17,0,0.44,0.6,0,0.83,0.92,0.83,0,-0.0008986,-0.00494507,-0.003875564,-0.0049451,-0.0038756,sell
2018-06-18,0,0.43,0.19,0,0.77,1,0.51,0, 0.0025447, 0.00022589, 0.002544726,-0.0013266,-0.0003215,sell
2018-06-19,0,0.7,0.12,0,0.78,0.69,0.32,0,-0.0057106,-0.00491088,-0.007326210,-0.0052784,-0.0038760,sell
2018-06-20,0,0.91,0.06,0,0.78,0.53,0.22,0,-0.0043737,-0.00354702,-0.004940707,-0.0040307,-0.0043985,sell
2018-06-21,0,0.59,0.03,0,0.79,0.47,0.21,0,-0.0043396,-0.00500845,-0.003165730,-0.0036392, 0.0012212,sell
2018-06-22,0,0.44,0.02,0,0.82,0.43,0.29,0,-0.0000044,-0.00231623, 0.000935956, 0.0007395, 0.0027040,buy
2018-06-23,0,0.79,0.02,0,0.83,0.41,0.32,0,-0.0015703,-0.00154888,-0.000408468,-0.0019717, 0.0038582,sell
2018-06-24,0,1.48,0.07,0,0.85,0.39,0.15,0, 0.0008857, 0.00166213, 0.003484697,-0.0010774, 0.0009813,buy
2018-06-25,0,0.95,0.21,0,0.88,0.38,0.07,0, 0.0023328, 0.00405021, 0.000669626, 0.0007186, 0.0020120,buy
2018-06-26,0,0.47,0.81,0,0.98,0.36,0.03,0,-0.0048119,-0.00287618,-0.005738687,-0.0038982,-0.0037924,sell
2018-06-27,0,0.65,1.25,0,1.16,0.35,0.01,0, 0.0025744,-0.00117176,-0.001171759,-0.0024661, 0.0017884,buy
2018-06-28,0,1.57,0.84,0,1.6,0.35,0,0,-0.0016528, 0.00180487, 0.000912283, 0.0015126,-0.0018269,buy
2018-06-29,0,1.93,0.7,0,2.04,0.35,0,0, 0.0027726, 0.00544111, 0.001866788, 0.0043210,-0.0008330,buy
2018-06-30,0,1.29,1.1,0,1.65,0.35,0,0,-0.0048946,-0.00534095,-0.003813121,-0.0047113,-0.0060563,sell
2018-07-01,0,0.63,1.34,0,1.25,0.37,0,0, 0.0033412,-0.00067218,-0.000752644,-0.0018633, 0.0020726,buy
2018-07-02,0,0.32,1.03,0,1.12,0.37,0,0,-0.0030493,-0.00282025,-0.005222898,-0.0036351,-0.0012204,sell
2018-07-03,0,0.2,0.95,0,1.08,0.39,0,0, 0.0000257, 0.00054532,-0.003295811,-0.0011305,-0.0004490,buy
2018-07-04,0,0.33,0.9,0,1.06,0.41,0,0,-0.0022120,-0.00139177,-0.004002501,-0.0027676,-0.0022216,sell
2018-07-05,0,0.98,0.68,0,1.09,0.41,0,0, 0.0054081, 0.00540814, 0.004166088, 0.0045451, 0.0054081,buy
2018-07-06,0,1.55,0.47,0,1.12,0.45,0,0, 0.0012976,-0.00011176,-0.002715352, 0.0009952, 0.0014076,buy
2018-07-07,0,0.84,0.34,0,1.15,0.45,0,0, 0.0007443,-0.00002294, 0.001692183,-0.0001150,-0.0007077,buy
2018-07-08,0,0.53,0.29,0,1.2,0.48,0,0, 0.0031368, 0.00584111, 0.007678627, 0.0060069, 0.0076915,buy
2018-07-09,0,0.64,0.33,0,1.26,0.5,0,0, 0.0030977, 0.00283994, 0.004729778, 0.0033876, 0.0027004,buy
2018-07-10,0,0.87,0.49,0,1.31,0.55,0,0, 0.0018488,-0.00475618, 0.001174225,-0.0009864,-0.0047562,sell
2018-07-11,0,1.15,1.04,0,1.37,0.62,0,0, 0.0001358,-0.00056530,-0.000565296, 0.0002793,-0.0005973,buy
2018-07-12,0,1.56,1.45,0,1.43,0.73,0,0,-0.0033561,-0.00402958,-0.000176274,-0.0044098,-0.0020316,sell
2018-07-13,0,2.15,1.08,0,1.51,0.85,0,0, 0.0012398, 0.00123980, 0.001329205,-0.0024819,-0.0000978,sell
2018-07-14,0,1.91,1.22,0,1.61,0.78,0,0,-0.0007677,-0.00076775, 0.002042605,-0.0018237, 0.0001471,sell
2018-07-15,0,1.23,2.08,0,1.73,0.64,0,0, 0.0019947, 0.00191913, 0.003793927, 0.0019947, 0.0019191,buy
2018-07-16,0,0.7,2.13,0,1.71,0.55,0,0, 0.0057988, 0.00579877, 0.006345998, 0.0033473, 0.0062475,buy
2018-07-17,0,0.38,1.11,0,1.55,0.47,0,0,-0.0021161, 0.00139643,-0.002306994,-0.0021161,-0.0006895,sell
2018-07-18,0,0.24,0.51,0,1.47,0.45,0.07,0,-0.0005487,-0.00031649, 0.003321748,-0.0000159,-0.0025993,sell
2018-07-19,0,0.13,0.25,0,1.44,0.42,0.13,0, 0.0009734,-0.00147160, 0.003833105,-0.0036032,-0.0006144,sell
2018-07-20,0,0.15,0.12,0,1.39,0.4,0.28,0, 0.0036865, 0.00359026, 0.007438985, 0.0036865, 0.0066270,buy
2018-07-21,0,0.21,0.08,0,1.37,0.39,0.67,0, 0.0042133, 0.00187270, 0.004781511, 0.0018727, 0.0020731,buy
2018-07-22,0,0.37,0.04,0,1.34,0.39,0.97,0,-0.0009686,-0.00110811,-0.001633317, 0.0017007,-0.0016333,buy
2018-07-23,0,0.74,0.04,0,1.32,0.4,0.64,0,-0.0025230,-0.00654985,-0.003606135,-0.0038096,-0.0038182,sell
2018-07-24,0,0.94,0.04,0,1.31,0.4,0.42,0,-0.0031329,-0.00576806,-0.003593057,-0.0029289,-0.0028934,sell
2018-07-25,0,0.83,0.06,0,1.29,0.43,0.37,0,-0.0010615,-0.00415398,-0.001955303,-0.0025111,-0.0017227,sell
2018-07-26,0,1.09,0.1,0,1.28,0.46,0.42,0,-0.0036722,-0.00582066,-0.004798116,-0.0049498,-0.0045656,sell
2018-07-27,0,1.41,0.1,0,1.31,0.49,0.51,0,-0.0046356,-0.00613655,-0.001293198,-0.0065909,-0.0061366,sell
2018-07-28,0,1.13,0.06,0,1.39,0.55,0.66,0,-0.0023111,-0.00219046,-0.002008634,-0.0045260,-0.0021533,sell
2018-07-29,0,1.3,0.04,0,1.61,0.59,0.87,0,-0.0000220, 0.00092897, 0.000921102, 0.0013837,-0.0013954,buy
2018-07-30,0,1.57,0.04,0,2.29,0.6,1.15,0,-0.0006301, 0.00007017, 0.000070171,-0.0010598, 0.0013991,buy
2018-07-31,0,0.99,0.05,0,2.02,0.57,1.51,0,-0.0029038,-0.00336927,-0.003760908,-0.0025595,-0.0031480,sell
2018-08-01,0,0.57,0.08,0,1.33,0.54,1.73,0,-0.0015600,-0.00055305,-0.001648621, 0.0025746,-0.0002857,buy
2018-08-02,0,0.47,0.12,0,1.12,0.54,1.75,0,-0.0019974,-0.00019009,-0.001233641, 0.0025934,-0.0006747,buy
2018-08-03,0,0.54,0.2,0,1.07,0.56,1.85,0,-0.0020354, 0.00045664,-0.000323794, 0.0042940,-0.0008538,buy
2018-08-04,0,0.73,0.38,0,1.07,0.63,1.73,0, 0.0010787, 0.00098499, 0.002208576, 0.0001183,-0.0051198,sell
2018-08-05,0,1.3,0.49,0,1.13,0.78,1.39,0, 0.0003612,-0.00315209,-0.000329967,-0.0004897, 0.0001354,sell
2018-08-06,0,2.03,0.43,0,1.32,0.94,1.12,0, 0.0005171, 0.00059773, 0.000835281, 0.0029867,-0.0004524,buy
2018-08-07,0,2.59,0.54,0,1.85,0.92,0.91,0, 0.0009013, 0.00251494,-0.001629029, 0.0027552, 0.0015397,buy
2018-08-08,0,3.2,0.81,0,2.23,1.18,0.74,0,-0.0040726,-0.00128393,-0.001283930,-0.0016539,-0.0019325,sell
2018-08-09,0,3.24,0.91,0,1.88,0.95,0.63,0,-0.0049805,-0.00362187,-0.003627480,-0.0033223,-0.0031262,sell
2018-08-10,0,2.18,0.75,0,1.92,0.62,0.56,0,-0.0032599,-0.00325986,-0.003589233,-0.0046018,-0.0033522,sell
2018-08-11,0,1.25,0.65,0,1.82,0.5,0.56,0, 0.0011210,-0.00144076,-0.002779538, 0.0037705, 0.0001126,buy
2018-08-12,0,0.79,0.55,0,1.41,0.47,0.5,0,-0.0039219,-0.00407789,-0.001993083,-0.0013460,-0.0040779,sell
2018-08-13,0,0.54,0.26,0,1.14,0.46,0.35,0, 0.0001205, 0.00035937,-0.000977193, 0.0040773,-0.0009772,buy
2018-08-14,0,0.45,0.12,0,0.99,0.45,0.27,0,-0.0011556,-0.00407018,-0.003583543, 0.0003495,-0.0020732,buy
2018-08-15,0,0.42,0.06,0,0.88,0.43,0.32,0, 0.0017134,-0.00210715,-0.000433956, 0.0000586, 0.0022065,buy
2018-08-16,0,0.51,0.04,0,0.81,0.4,0.43,0, 0.0022930, 0.00103266, 0.002035595, 0.0004115, 0.0038686,buy
2018-08-17,0,0.58,0.02,0,0.74,0.37,0.78,0,-0.0003746,-0.00148346,-0.001480712,-0.0029368,-0.0003343,sell
2018-08-18,0,0.65,0.05,0,0.73,0.36,1.3,0, 0.0007211,-0.00198407,-0.001984074, 0.0001103, 0.0018676,buy
2018-08-19,0,0.73,0.13,0,0.69,0.35,1,0,-0.0002930,-0.00195860,-0.001768301,-0.0018154,-0.0005049,sell
2018-08-20,0,0.81,0.36,0,0.75,0.34,0.53,0,-0.0055053,-0.00388195,-0.004738627,-0.0044950,-0.0048815,sell
2018-08-21,0,0.92,0.85,0,0.87,0.34,0.36,0, 0.0013748, 0.00266681, 0.002040441, 0.0013382, 0.0012151,buy
2018-08-22,0,1.04,1.17,0,1.15,0.35,0.27,0, 0.0032769, 0.00193076, 0.001512824, 0.0017339, 0.0002259,buy
2018-08-23,0,1.26,1.07,0,1.42,0.35,0.25,0, 0.0003466, 0.00010608, 0.000117566,-0.0020100,-0.0003496,sell
2018-08-24,0,1.52,1.14,0,1.16,0.37,0.23,0, 0.0028505, 0.00263416, 0.002467033,-0.0016218, 0.0010905,buy
2018-08-25,0,1.9,0.86,0,0.86,0.37,0.22,0, 0.0091297, 0.00855599, 0.009129736, 0.0060707, 0.0091297,buy
2018-08-26,0,2.47,0.67,0,0.76,0.39,0.24,0, 0.0017313,-0.00034889, 0.001827627, 0.0020412, 0.0017502,buy
2018-08-27,0,3.31,0.55,0,0.78,0.41,0.25,0,-0.0025595,-0.00600131,-0.002937134,-0.0020307, 0.0003352,sell
2018-08-28,0,2.78,0.32,0,0.7,0.45,0.28,0, 0.0054599,-0.00162863, 0.001599628, 0.0035805, 0.0065352,buy
2018-08-29,0,1.63,0.4,0,0.6,0.49,0.4,0,-0.0019168,-0.00288396,-0.003634315,-0.0019168,-0.0005141,sell
2018-08-30,0,1.02,0.43,0,0.58,0.54,0.52,0,-0.0026551,-0.00229151,-0.002402085,-0.0036138, 0.0005923,sell
2018-08-31,0,0.73,0.16,0,0.57,0.59,0.72,0,-0.0031051, 0.00004579,-0.004911290,-0.0054160,-0.0016179,sell
2018-09-01,0,0.56,0.06,0,0.6,0.59,1.08,0, 0.0032133, 0.00505880, 0.002095228, 0.0012662, 0.0021066,buy
2018-09-02,0,0.53,0.03,0,0.66,0.56,1.73,0, 0.0003883, 0.00197082, 0.000386714, 0.0054036, 0.0005549,buy
2018-09-03,0,0.52,0.08,0,0.74,0.53,2.59,0, 0.0046281, 0.00038517,-0.001886946,-0.0002631,-0.0001608,buy
2018-09-04,0,0.6,0.31,0,0.96,0.51,2.69,0, 0.0054946, 0.00075130,-0.000327824, 0.0008821, 0.0008821,buy
2018-09-05,0,0.83,0.92,0,1.59,0.48,2.07,0, 0.0044455, 0.00444554, 0.004925967, 0.0051147, 0.0032809,buy
2018-09-06,0,1.45,1.26,0,1.74,0.46,1.56,0,-0.0017762,-0.00023668, 0.000865746, 0.0027614,-0.0014138,buy
2018-09-07,0,1.95,0.71,0,1.24,0.47,1.38,0, 0.0049898, 0.00829880, 0.000109295, 0.0008223, 0.0029796,buy
2018-09-08,0,1.99,0.51,0,1.11,0.48,1.39,0, 0.0071245, 0.00733775, 0.002956961, 0.0029570, 0.0054609,buy
2018-09-09,0,1.57,0.74,0,0.99,0.53,1.62,0, 0.0082681, 0.01054513, 0.001860392, 0.0010482, 0.0074554,buy
2018-09-10,0,1.04,0.98,0,1.05,0.6,2.09,0, 0.0050198, 0.00501976, 0.005019759, 0.0049777, 0.0033175,buy
2018-09-11,0,0.54,0.74,0,1.15,0.62,2.65,0, 0.0057130, 0.00523365, 0.005236215, 0.0059489, 0.0056251,buy
2018-09-12,0,0.41,0.42,0,1.25,0.55,2.74,0, 0.0056957, 0.00061234,-0.000102055, 0.0024551, 0.0024551,buy
2018-09-13,0,0.67,0.26,0,1.38,0.55,2.63,0, 0.0052043, 0.00229380, 0.001392604, 0.0028988, 0.0028988,buy
2018-09-14,0,1.3,0.16,0,1.51,0.61,2.3,0,-0.0020469, 0.00551788,-0.001093724,-0.0010937,-0.0025607,sell
2018-09-15,0,0.84,0.12,0,1.65,0.84,2.06,0,-0.0052082,-0.00235129,-0.002616180,-0.0036214,-0.0035717,sell
2018-09-16,0,0.26,0.09,0,1.7,1.05,2.13,0,-0.0028518,-0.00175205, 0.000070329,-0.0028263,-0.0008657,sell
2018-09-17,0,0.05,0.06,0,1.63,0.74,1.39,0, 0.0017328,-0.00107140, 0.000793758,-0.0007544,-0.0059190,sell
2018-09-18,0,0.04,0.08,0,1.58,0.44,0.86,0, 0.0017630, 0.00055223, 0.002767700, 0.0037861, 0.0019876,buy
2018-09-19,0,0.04,0.08,0,1.53,0.31,0.62,0, 0.0020401, 0.00153471, 0.002168738, 0.0031012,-0.0009718,buy
2018-09-20,0,0.04,0.08,0,1.52,0.23,0.49,0, 0.0057281, 0.00289415, 0.002189103, 0.0021891,-0.0002032,buy
2018-09-21,0,0.04,0.12,0,1.51,0.2,0.39,0, 0.0047888, 0.00140067,-0.001095640,-0.0010956,-0.0024256,buy
2018-09-22,0,0.04,0.24,0,1.51,0.16,0.35,0, 0.0011804, 0.00137777, 0.003193484,-0.0001659, 0.0043860,buy
2018-09-23,0,0.04,0.34,0,1.51,0.17,0.39,0,-0.0006110, 0.00417358, 0.004428450, 0.0023499, 0.0059752,buy
2018-09-24,0,0.04,0.32,0,1.54,0.28,0.33,0,-0.0049174,-0.00018925,-0.001357087, 0.0005077, 0.0007783,buy
2018-09-25,0,0.04,0.28,0,1.69,0.47,0.31,0,-0.0005784,-0.00574036, 0.002476595,-0.0018455,-0.0012946,sell
2018-09-26,0,0.04,0.2,0,2.13,0.33,0.2,0,-0.0016446, 0.00085669,-0.000244550,-0.0022226,-0.0022802,sell
2018-09-27,0,0.05,0.15,0,2.76,0.22,0.12,0,-0.0038655,-0.00622973,-0.004762510,-0.0056295,-0.0058495,sell
2018-09-28,0,0.05,0.16,0,2.21,0.26,0.08,0,-0.0047610, 0.00016480,-0.004360576,-0.0043093,-0.0055328,sell
2018-09-29,0,0.05,0.3,0,1.62,0.4,0.06,0,-0.0016908,-0.00377703, 0.001081688,-0.0028393,-0.0042293,sell
2018-09-30,0,0.05,0.49,0,1.37,0.45,0.04,0,-0.0012562,-0.00228649,-0.001504447,-0.0014107,-0.0021681,sell
2018-10-01,0,0.05,0.27,0,1.28,0.27,0.04,0,-0.0042456,-0.00225885,-0.000376384,-0.0028809, 0.0004280,sell
2018-10-02,0,0.09,0.14,0,1.4,0.18,0.03,0,-0.0019765, 0.00090199,-0.001598050,-0.0008100, 0.0003141,sell
2018-10-03,0,0.09,0.14,0,1.87,0.14,0.03,0, 0.0062086, 0.00731287, 0.005273232, 0.0060541, 0.0054835,buy
2018-10-04,0,0.1,0.21,0,2.09,0.12,0.02,0, 0.0045230, 0.00359456, 0.004489284, 0.0045230, 0.0010849,buy
2018-10-05,0,0.11,0.3,0,1.95,0.11,0,0, 0.0006148, 0.00057725, 0.000497659, 0.0000221,-0.0009854,buy
2018-10-06,0,0.11,0.52,0,1.3,0.11,0,0,-0.0022661,-0.00076522,-0.001279090,-0.0013718,-0.0023728,sell
2018-10-07,0,0.18,0.9,0,0.78,0.13,0,0,-0.0069212,-0.00605582,-0.005100680,-0.0065396,-0.0043865,sell
2018-10-08,0,0.41,1,0,0.6,0.14,0.05,0,-0.0069851,-0.00711677,-0.005177298,-0.0069851,-0.0062549,sell
2018-10-09,0,0.8,1.17,0,0.48,0.16,0.09,0,-0.0019050,-0.00313010, 0.002099260,-0.0016544,-0.0031301,sell
2018-10-10,0,0.47,0.71,0,0.46,0.18,0.16,0, 0.0023988, 0.00340237, 0.001088128, 0.0035402, 0.0024807,buy
2018-10-11,0,0.16,0.27,0,0.48,0.22,0.32,0, 0.0066552, 0.00633576, 0.008211960, 0.0054217, 0.0069858,buy
2018-10-12,0,0.09,0.12,0,0.48,0.26,0.6,0, 0.0043960, 0.00145527, 0.004409274, 0.0006625, 0.0007095,buy
2018-10-13,0,0.07,0.07,0,0.49,0.31,0.95,0, 0.0044114, 0.00034759, 0.002987754,-0.0001947,-0.0013182,buy
2018-10-14,0,0.07,0.04,0,0.58,0.38,1.71,0, 0.0017774, 0.00191836, 0.001777393, 0.0017774, 0.0017774,buy
2018-10-15,0,0.07,0.03,0,0.67,0.47,2.08,0, 0.0056704, 0.00435720, 0.005696027, 0.0056659, 0.0056945,buy
2018-10-16,0,0.14,0.02,0,0.87,0.62,2.04,0, 0.0031621, 0.00281727, 0.002803263, 0.0032929, 0.0045814,buy
2018-10-17,0,0.3,0.01,0,1.22,0.83,1.24,0, 0.0036511,-0.00118882,-0.003838338, 0.0000122,-0.0013406,buy
2018-10-18,0,0.93,0.05,0,1.83,1.01,0.55,0,-0.0034578,-0.00387078,-0.002978645,-0.0070750,-0.0049221,sell
2018-10-19,0,1.53,0.1,0,1.85,0.9,0.29,0,-0.0003244, 0.00023492,-0.001184206, 0.0005661, 0.0002693,buy
2018-10-20,0,0.88,0.23,0,1.28,0.65,0.22,0, 0.0032390, 0.00346219,-0.002537918, 0.0009620,-0.0001004,buy
2018-10-21,0,0.69,0.57,0,0.94,0.5,0.4,0,-0.0037808,-0.00366834,-0.003165889,-0.0015740,-0.0036683,sell
2018-10-22,0,0.82,0.8,0,0.84,0.42,0.91,0,-0.0032818,-0.00249647,-0.003686990, 0.0003649,-0.0009876,sell
2018-10-23,0,0.53,0.45,0,0.98,0.36,0.9,0, 0.0035895, 0.00480737, 0.003580474, 0.0035935, 0.0035648,buy
2018-10-24,0,0.28,0.2,0,1.45,0.26,0.68,0,-0.0010459, 0.00422876, 0.004183895,-0.0003149,-0.0009216,buy
2018-10-25,0,0.17,0.08,0,1.58,0.24,0.72,0,-0.0014816,-0.00126654,-0.001585293,-0.0019023,-0.0032054,sell
2018-10-26,0,0.15,0.04,0,1.22,0.19,0.8,0,-0.0019365, 0.00153555,-0.002441072,-0.0035226,-0.0032167,sell
2018-10-27,0,0.14,0.04,0,1.2,0.2,0.76,0,-0.0061870,-0.00592879,-0.005534778,-0.0054704,-0.0061310,sell
2018-10-28,0,0.17,0.08,0,1.14,0.24,0.58,0,-0.0044880,-0.00444192,-0.003824283,-0.0031166,-0.0044419,sell
2018-10-29,0,0.22,0.14,0,0.99,0.3,0.36,0,-0.0036660,-0.00094265,-0.002810298,-0.0038875,-0.0051028,sell
2018-10-30,0,0.29,0.29,0,1.28,0.42,0.23,0,-0.0024215,-0.00581162,-0.002462397,-0.0058116,-0.0058116,sell
2018-10-31,0,0.42,0.47,0,1.83,0.67,0.14,0,-0.0024450,-0.00280068,-0.002603216,-0.0028007,-0.0070568,sell
2018-11-01,0,0.6,0.55,0,1.31,0.79,0.1,0,-0.0005111,-0.00211234, 0.002068401, 0.0010149,-0.0055497,sell
2018-11-02,0,0.97,0.74,0,1.36,0.63,0.06,0, 0.0062069, 0.00842640, 0.003877290, 0.0061801, 0.0060532,buy
2018-11-03,0,1.16,1.01,0,1.35,0.6,0.04,0,-0.0012541,-0.00119276,-0.001192760,-0.0012541,-0.0011928,sell
2018-11-04,0,1.33,1.01,0,1.05,0.43,0.03,0,-0.0052456,-0.00662788,-0.008311704,-0.0071412,-0.0053028,sell
2018-11-05,0,2.05,0.9,0,0.8,0.24,0,0,-0.0002462,-0.00117160,-0.002105832, 0.0019726,-0.0013988,buy
2018-11-06,0,1.92,0.96,0,0.72,0.17,0,0, 0.0028157, 0.00145478, 0.001312244, 0.0037281, 0.0021987,buy
2018-11-07,0,1.25,1.14,0,0.72,0.17,0.08,0, 0.0046400, 0.00020189, 0.000166584, 0.0018189, 0.0000798,buy
2018-11-08,0,1.14,1.15,0,0.79,0.2,0.16,0, 0.0047348, 0.00012155, 0.001162588,-0.0000098,-0.0005055,buy
2018-11-09,0,1.03,0.84,0,0.93,0.37,0.31,0,-0.0024673,-0.00425244,-0.005674986,-0.0042524, 0.0003456,sell
2018-11-10,0,0.74,0.59,0,1.15,0.62,0.64,0,-0.0030274,-0.00488229,-0.004062848, 0.0008639,-0.0026814,sell
2018-11-11,0,0.6,0.43,0,1.57,0.55,1.12,0, 0.0008747,-0.00109968,-0.000982734,-0.0009063,-0.0007405,sell
2018-11-12,0,0.5,0.32,0,2.26,0.39,1.23,0,-0.0011406,-0.00224219,-0.001138317,-0.0025914,-0.0001274,sell
2018-11-13,0,0.46,0.24,0,2.44,0.32,1.4,0, 0.0011437,-0.00243474, 0.000881763,-0.0030610, 0.0004634,sell
2018-11-14,0,0.44,0.21,0,2.03,0.27,1.71,0, 0.0040548,-0.00292010,-0.000913243,-0.0034322,-0.0029027,sell
2018-11-15,0,0.44,0.22,0,1.88,0.24,1.41,0, 0.0049358,-0.00230761, 0.000706030,-0.0020468,-0.0021667,sell
2018-11-16,0,0.44,0.2,0,1.88,0.23,0.86,0, 0.0016734, 0.00437470, 0.004374698, 0.0039025,-0.0015363,buy
2018-11-17,0,0.44,0.12,0,2.09,0.24,0.51,0, 0.0024674, 0.00239358, 0.002467365, 0.0024674, 0.0000819,buy
2018-11-18,0,0.45,0.12,0,1.72,0.26,0.32,0, 0.0022844, 0.00053058, 0.002170458, 0.0022253, 0.0009113,buy
2018-11-19,0,0.41,0.13,0,1.18,0.36,0.25,0, 0.0005203,-0.00120135, 0.001669419,-0.0000772,-0.0000078,sell
2018-11-20,0,0.41,0.18,0,0.88,0.53,0.22,0,-0.0054543,-0.00549269,-0.006117833,-0.0011740,-0.0058829,sell
2018-11-21,0,0.39,0.28,0,0.75,0.93,0.24,0,-0.0010071,-0.00031919,-0.001007089,-0.0017168,-0.0012375,sell
2018-11-22,0,0.41,0.29,0,0.68,1.64,0.24,0, 0.0004634,-0.00014365,-0.001918485,-0.0002337,-0.0039017,buy
2018-11-23,0,0.42,0.24,0,0.67,1.36,0.37,0, 0.0000490,-0.00014477,-0.002862002,-0.0035562,-0.0040633,sell
2018-11-24,0,0.44,0.26,0,0.8,0.82,0.55,0, 0.0003581,-0.00021906, 0.000358068, 0.0015707, 0.0022584,buy
2018-11-25,0,0.5,0.33,0,1.27,0.74,0.85,0,-0.0029938,-0.00272565,-0.003346633,-0.0059854, 0.0005380,sell
2018-11-26,0,0.58,0.45,0,1.79,0.97,1.28,0, 0.0030766,-0.00086389, 0.002629138, 0.0031427, 0.0014787,buy
2018-11-27,0,0.68,0.65,0,1.29,1.21,1.62,0, 0.0026464,-0.00171103,-0.000041390, 0.0001380,-0.0017110,sell
2018-11-28,0,0.83,0.81,0,1.18,1.12,1.38,0,-0.0028681,-0.00286806,-0.002466784,-0.0025733,-0.0032064,sell
2018-11-29,0,1.07,0.68,0,1.57,0.92,1.1,0, 0.0035482,-0.00650055,-0.002080850, 0.0019862,-0.0017599,buy
2018-11-30,0,1.14,0.48,0,1.95,0.7,1.25,0,-0.0011329,-0.00525013,-0.001655869,-0.0019331,-0.0030084,sell
2018-12-01,0,0.96,0.39,0,2.38,0.56,1.83,0,-0.0056048,-0.00604760,-0.006118803,-0.0059320,-0.0061325,sell
2018-12-02,0,0.88,0.34,0,1.97,0.49,1.13,0,-0.0030148,-0.00301481,-0.002073755,-0.0016888,-0.0001331,sell
2018-12-03,0,0.84,0.22,0,1.09,0.45,0.47,0, 0.0012059, 0.00034300, 0.003102957,-0.0015501, 0.0031030,buy
2018-12-04,0,0.93,0.13,0,0.81,0.45,0.24,0, 0.0000881, 0.00015896,-0.001614997,-0.0017155,-0.0003660,buy
2018-12-05,0,1.19,0.08,0,0.66,0.48,0.13,0,-0.0000512,-0.00162826, 0.001042713,-0.0000512, 0.0018056,buy
2018-12-06,0,1.37,0.04,0,0.63,0.52,0.05,0,-0.0026021,-0.00014977,-0.000689810,-0.0026021,-0.0013017,sell
2018-12-07,0,1.32,0.04,0,0.63,0.61,0.05,0,-0.0018379, 0.00019356,-0.000668098,-0.0020964, 0.0000459,sell
2018-12-08,0,1.34,0.05,0,0.69,0.67,0.05,0, 0.0001844, 0.00059500, 0.000346812,-0.0014792, 0.0003468,sell
2018-12-09,0,1.47,0.07,0,0.79,0.74,0.06,0, 0.0047030,-0.00039371,-0.000393710,-0.0003937,-0.0003937,buy
2018-12-10,0,1.71,0.12,0,1.01,0.9,0.1,0, 0.0021968, 0.00347723, 0.003477232, 0.0039899, 0.0034772,buy
2018-12-11,0,2.06,0.16,0,1.48,1.11,0.14,0,-0.0032585,-0.00198453,-0.002036635, 0.0018223,-0.0019845,buy
2018-12-12,0,1.96,0.12,0,1.69,1.11,0.18,0,-0.0030710, 0.00028318,-0.000131257, 0.0029442, 0.0002832,buy
2018-12-13,0,1.52,0.06,0,1.56,0.97,0.26,0,-0.0007314,-0.00032114, 0.001188043, 0.0022100,-0.0003211,buy
2018-12-14,0,1.2,0.03,0,1.64,0.91,0.4,0,-0.0026166,-0.00261656,-0.001768736,-0.0022932,-0.0034267,sell
2018-12-15,0,1.01,0.01,0,1.46,0.93,0.66,0,-0.0015508,-0.00148914, 0.001310968,-0.0033088,-0.0018455,sell
2018-12-16,0,0.89,0,0,1.15,0.99,1.04,0, 0.0058793, 0.00607740, 0.005116330, 0.0041494, 0.0041233,buy
2018-12-17,0,0.87,0.01,0,0.99,1.08,1.26,0, 0.0055752, 0.00584794, 0.005557554, 0.0057865, 0.0049622,buy
2018-12-18,0,0.98,0.03,0,0.93,1.07,1.16,0, 0.0051315, 0.00584848, 0.005409614, 0.0054731, 0.0048323,buy
2018-12-19,0,1.35,0.07,0,0.89,0.85,1.29,0, 0.0027910, 0.00464776,-0.000627376, 0.0028630, 0.0016981,buy
2018-12-20,0,1.86,0.08,0,0.94,0.77,1.74,0, 0.0056011, 0.00560112, 0.002409526, 0.0055582, 0.0021029,buy
2018-12-21,0,1.5,0.04,0,1.02,0.76,2.37,0,-0.0016336, 0.00270776, 0.001761992,-0.0017308,-0.0047004,sell
2018-12-22,0,0.91,0.01,0,1.14,0.8,2.02,0, 0.0005272, 0.00522287, 0.004916459,-0.0006108,-0.0006108,buy
2018-12-23,0,0.76,0.01,0,1.14,0.94,1.32,0, 0.0025935, 0.00465116, 0.005335653, 0.0043814, 0.0031240,buy
2018-12-24,0,0.84,0,0,1.17,1.15,0.94,0, 0.0021138, 0.00353916, 0.003521627, 0.0032160, 0.0032439,buy
2018-12-25,0,0.65,0,0,1.29,1.28,0.79,0,-0.0010500,-0.00033293,-0.000060870,-0.0014437, 0.0007296,sell
2018-12-26,0,0.39,0,0,1.48,1.26,0.76,0,-0.0045228,-0.00453953,-0.003120830,-0.0045332,-0.0032029,sell
2018-12-27,0,0.32,0,0,1.93,1.31,0.91,0,-0.0006604,-0.00485481, 0.000080180,-0.0006604, 0.0011010,sell
2018-12-28,0,0.3,0,0,2.89,1.52,1.32,0, 0.0027769, 0.00308801, 0.006454973, 0.0035311, 0.0018127,buy
2018-12-29,0,0.3,0,0,4.05,1.56,1.37,0, 0.0005025, 0.00175105, 0.004846786, 0.0020291,-0.0008254,buy
2018-12-30,0,0.3,0,0,4.02,1.29,1.17,0, 0.0059542, 0.00605447, 0.003595219, 0.0045577, 0.0025013,buy
2018-12-31,0,0.31,0,0,3.54,1.05,0.97,0, 0.0012635, 0.00195190, 0.001847799, 0.0019519, 0.0013885,buy
2019-01-01,0,0.33,0.01,0,3.04,0.87,0.74,0, 0.0024340, 0.00222676, 0.001689347, 0.0016893, 0.0017412,buy
2019-01-02,0,0.36,0.05,0,2.9,0.76,0.64,0,-0.0006892,-0.00096786,-0.004430346,-0.0044303,-0.0046524,sell
2019-01-03,0,0.4,0.1,0,2.54,0.73,0.71,0, 0.0055792, 0.00449301, 0.005727812, 0.0055792, 0.0027448,buy
2019-01-04,0,0.4,0.1,0,2.03,0.75,1.01,0, 0.0001513, 0.00005564,-0.000380238,-0.0018583,-0.0028463,sell
2019-01-05,0,0.39,0.15,0,1.87,0.85,0.87,0, 0.0002831, 0.00016234,-0.005163621, 0.0006267,-0.0001138,buy
2019-01-06,0,0.39,0.16,0,1.93,1.06,0.45,0,-0.0043835,-0.00583790,-0.005049471,-0.0022164,-0.0019349,sell
2019-01-07,0,0.39,0.07,0,2.19,0.84,0.29,0, 0.0022820, 0.00063643, 0.002371688, 0.0058128, 0.0028984,buy
2019-01-08,0,0.45,0.03,0,2.71,0.57,0.22,0, 0.0042896, 0.00391790, 0.004289632, 0.0037827, 0.0066180,buy
2019-01-09,0,0.48,0.01,0,2.66,0.51,0.17,0, 0.0046377, 0.00272189, 0.004637702, 0.0047864, 0.0010191,buy
2019-01-10,0,0.48,0.01,0,2.22,0.6,0.18,0, 0.0019188, 0.00584596, 0.001959619, 0.0019596, 0.0015059,buy
2019-01-11,0,0.43,0.01,0,2.04,0.84,0.24,0, 0.0080591, 0.00802570, 0.001235422, 0.0052461, 0.0034965,buy
2019-01-12,0,0.4,0.01,0,2.07,0.9,0.31,0, 0.0064732, 0.00606949, 0.001040015, 0.0078710,-0.0008954,buy
2019-01-13,0,0.4,0.01,0,2.42,0.73,0.62,0, 0.0055963, 0.00475602, 0.004954873, 0.0054230, 0.0023631,buy
2019-01-14,0,0.4,0.02,0,2.94,0.5,1.1,0,-0.0024514,-0.00186577,-0.002165356,-0.0027295,-0.0037858,sell
2019-01-15,0,0.45,0.03,0,2.48,0.39,1.06,0,-0.0017873,-0.00309838,-0.003098376,-0.0035105,-0.0089671,sell
2019-01-16,0,0.53,0.04,0,1.95,0.37,1.24,0, 0.0018939,-0.00363490,-0.004073153,-0.0040732,-0.0076500,sell
2019-01-17,0,0.69,0.05,0,1.81,0.39,1.79,0,-0.0032190,-0.00450631,-0.002725564,-0.0014888,-0.0032596,sell
2019-01-18,0,0.92,0.07,0,1.94,0.51,2.36,0,-0.0024109,-0.00198414,-0.002141501,-0.0016339,-0.0016339,sell
2019-01-19,0,1.15,0.1,0,2.46,0.77,2.13,0, 0.0034568, 0.00322715, 0.003378243,-0.0017262, 0.0033782,buy
2019-01-20,0,1.39,0.13,0,3.28,0.93,1.21,0, 0.0043336, 0.00462239, 0.008575222, 0.0029381, 0.0005292,buy
2019-01-21,0,1.18,0.18,0,3.02,0.83,1,0, 0.0006124,-0.00121831, 0.003306512, 0.0033759,-0.0017635,buy
2019-01-22,0,0.83,0.19,0,2.55,0.69,1.55,0,-0.0031749,-0.00317491,-0.000926463,-0.0032044,-0.0014100,sell
2019-01-23,0,0.6,0.17,0,2.23,0.82,2.82,0,-0.0009555,-0.00066742, 0.001080958,-0.0009555, 0.0008989,sell
2019-01-24,0,0.46,0.17,0,1.92,1.02,2,0,-0.0037449,-0.00308277,-0.001454717,-0.0027589,-0.0017392,sell
2019-01-25,0,0.33,0.15,0,1.85,0.9,0.93,0, 0.0020605, 0.00206045,-0.002330519, 0.0011339, 0.0008917,buy
2019-01-26,0,0.26,0.1,0,2.15,0.66,0.66,0, 0.0094292, 0.00564362, 0.005481109,-0.0000809, 0.0041721,buy
2019-01-27,0,0.2,0.07,0,2.46,0.65,0.65,0, 0.0085534, 0.00458729, 0.005932700, 0.0052219, 0.0046739,buy
2019-01-28,0,0.16,0.06,0,2.32,0.79,0.75,0, 0.0080502, 0.00721878, 0.009775732, 0.0043984, 0.0073413,buy
2019-01-29,0,0.11,0.05,0,2.38,0.95,0.88,0,-0.0013390,-0.00101053,-0.002583126,-0.0014379,-0.0018257,sell
2019-01-30,0,0.09,0.08,0,2.63,0.95,1,0,-0.0013916,-0.00210213,-0.002696439,-0.0024404,-0.0028040,sell
2019-01-31,0,0.07,0.09,0,2.58,1.06,0.98,0,-0.0009474, 0.00298934,-0.000921273, 0.0022716,-0.0006226,buy
2019-02-01,0,0.06,0.05,0,2.79,1.49,1.01,0, 0.0036876, 0.00396402, 0.004714913, 0.0058516, 0.0046642,buy
2019-02-02,0,0,0.02,0,2.79,1.4,1.2,0, 0.0000716, 0.00170626, 0.001884118, 0.0025898, 0.0013947,buy
2019-02-03,0,0,0.01,0,2.43,1.27,2,0,-0.0042073,-0.00369688,-0.002846978,-0.0040883,-0.0035948,sell
2019-02-04,0,0,0,0,2.5,0.89,2.3,0,-0.0034611,-0.00219078,-0.002534767,-0.0036562,-0.0020410,sell
2019-02-05,0,0,0,0,2.64,0.62,2.41,0,-0.0033439,-0.00310427,-0.003090039,-0.0039311,-0.0021449,sell
2019-02-06,0,0,0.01,0,2.61,0.48,2.52,0,-0.0028328,-0.00508957,-0.003014260,-0.0041112,-0.0026704,sell
2019-02-07,0,0,0.08,0,2.39,0.44,2.88,0,-0.0035642,-0.00497248,-0.004502017,-0.0045346,-0.0044088,sell
2019-02-08,0,0,0.08,0,2.18,0.41,2.68,0,-0.0031459,-0.00480061,-0.004565355,-0.0046635,-0.0043559,sell
2019-02-09,0,0,0.02,0,2.68,0.41,1.68,0, 0.0030480, 0.00319650, 0.002256152, 0.0041199, 0.0026657,buy
2019-02-10,0,0,0,0,3.45,0.46,1.09,0, 0.0011831, 0.00283133, 0.002112044, 0.0041579,-0.0001983,buy
2019-02-11,0,0,0.01,0,2.58,0.5,0.62,0,-0.0034872,-0.00491975,-0.004779571,-0.0045562,-0.0044609,sell
2019-02-12,0,0,0.02,0,2.13,0.55,0.39,0, 0.0041540, 0.00414949, 0.004153994, 0.0031759, 0.0040418,buy
2019-02-13,0,0,0.06,0,2.38,0.8,0.34,0, 0.0019012, 0.00099694, 0.001901231, 0.0020235, 0.0017473,buy
2019-02-14,0,0.03,0.08,0,2.47,1.14,0.37,0, 0.0037732, 0.00414150, 0.001811068, 0.0019662, 0.0038123,buy
2019-02-15,0,0.13,0.04,0,1.97,1.08,0.52,0, 0.0001118,-0.00141590,-0.002315933,-0.0013502,-0.0045535,sell
2019-02-16,0,0.2,0.01,0,1.72,0.88,0.91,0,-0.0000435,-0.00014187,-0.002220401,-0.0000435,-0.0002904,buy
2019-02-17,0,0.12,0.01,0,1.83,0.79,1.29,0, 0.0045992, 0.00360279, 0.003968180, 0.0035207,-0.0017480,buy
2019-02-18,0,0.15,0,0,2.55,0.81,1.13,0, 0.0035008,-0.00106663,-0.000626371, 0.0002247, 0.0013408,buy
2019-02-19,0,0.23,0.02,0,2.58,0.7,0.94,0, 0.0036630, 0.00026996, 0.002736961,-0.0019759, 0.0008216,sell
2019-02-20,0,0.37,0.03,0,1.93,0.7,0.93,0, 0.0007507, 0.00073690, 0.001939822,-0.0003427,-0.0026000,sell
2019-02-21,0,0.54,0.04,0,1.99,0.82,0.94,0, 0.0018377, 0.00175994, 0.001125276,-0.0000558,-0.0003880,buy
2019-02-22,0,0.74,0.06,0,1.94,0.94,1.25,0,-0.0002330,-0.00169875,-0.001245106,-0.0015726,-0.0019078,sell
2019-02-23,0,0.95,0.09,0,1.41,0.95,1.82,0,-0.0043311,-0.00377881,-0.002531222,-0.0044496,-0.0039323,sell
2019-02-24,0,0.83,0.13,0,1.17,0.97,1.78,0, 0.0005983,-0.00048446, 0.000873343, 0.0008733, 0.0015163,buy
2019-02-25,0,0.55,0.2,0,1.1,0.91,1.58,0,-0.0017105,-0.00385953,-0.001715376,-0.0015108,-0.0019782,sell
2019-02-26,0,0.43,0.28,0,1.08,0.95,1.68,0,-0.0003492,-0.00073962,-0.000798137,-0.0014125, 0.0012611,buy
2019-02-27,0,0.39,0.42,0,1.12,0.99,1.88,0, 0.0002616, 0.00021518, 0.000281212, 0.0016589, 0.0021263,buy
2019-02-28,0,0.39,0.57,0,1.16,0.98,2.07,0, 0.0029885, 0.00264449, 0.002644492, 0.0036831, 0.0025882,buy
2019-03-01,0,0.25,0.51,0,1.23,0.81,2.37,0, 0.0077142, 0.00506233, 0.007469442, 0.0080423, 0.0092580,buy
2019-03-02,0,0.16,0.34,0,1.3,0.79,2.38,0, 0.0056880, 0.00382521, 0.006534801, 0.0064613, 0.0080807,buy
2019-03-03,0,0.08,0.23,0,1.39,0.64,1.41,0,-0.0013104,-0.00112691,-0.001310379,-0.0011269,-0.0001430,sell
2019-03-04,0,0.06,0.16,0,1.45,0.53,0.87,0,-0.0025565,-0.00390405,-0.004306603,-0.0028346,-0.0008741,sell
2019-03-05,0,0.04,0.12,0,1.48,0.57,0.62,0,-0.0018894,-0.00014803,-0.001889442,-0.0017966,-0.0011238,sell
2019-03-06,0,0.04,0.08,0,1.51,0.73,0.54,0,-0.0028947,-0.00020257,-0.000664971,-0.0029796,-0.0048401,sell
2019-03-07,0,0.04,0.06,0,1.51,1.09,0.67,0,-0.0040915,-0.00512796,-0.005037834,-0.0051072,-0.0046304,sell
2019-03-08,0,0.03,0.06,0,1.45,1.13,0.9,0, 0.0032732, 0.00287257, 0.002010421, 0.0027882, 0.0032732,buy
2019-03-09,0,0.03,0.05,0,1.35,0.92,1.33,0,-0.0020329,-0.00011306,-0.002032948, 0.0010177,-0.0022206,buy
2019-03-10,0,0.03,0.03,0,1.26,0.93,1.91,0, 0.0012605, 0.00128560, 0.001174543, 0.0048366, 0.0012856,buy
2019-03-11,0,0.02,0.04,0,1.21,1.08,2.34,0, 0.0038223, 0.00401327, 0.004013267, 0.0018716, 0.0040133,buy
2019-03-12,0,0.02,0.04,0,1.19,0.77,2.01,0, 0.0002284,-0.00042991, 0.002143649, 0.0021436, 0.0009864,buy
2019-03-13,0,0.03,0.05,0,1.23,0.46,1.81,0,-0.0041992,-0.00309050,-0.002816538,-0.0042607,-0.0042607,sell
2019-03-14,0,0.03,0.05,0,1.45,0.56,1.55,0, 0.0010028,-0.00657426,-0.004693984,-0.0044743,-0.0047540,sell
2019-03-15,0,0.03,0.08,0,1.73,0.76,1.52,0, 0.0050586, 0.00233712, 0.005058585, 0.0056053, 0.0040419,buy
2019-03-16,0,0.02,0.11,0,1.58,0.51,1.92,0,-0.0014230,-0.00781429,-0.008692387,-0.0079797,-0.0083581,sell
2019-03-17,0,0.02,0.14,0,1.63,0.25,2.45,0, 0.0033779,-0.00461512, 0.004626933, 0.0044989, 0.0044989,buy
2019-03-18,0,0.02,0.19,0,2.62,0.17,2.68,0, 0.0016340, 0.00754559, 0.001634004, 0.0068847, 0.0010467,buy
2019-03-19,0,0.03,0.28,0,2.86,0.14,2.45,0, 0.0000185, 0.00067968, 0.000018483,-0.0000274, 0.0000185,buy
2019-03-20,0,0.03,0.42,0,2.89,0.14,2.64,0,-0.0012242,-0.00084844,-0.001300037,-0.0030669,-0.0013000,sell
2019-03-21,0,0.03,0.62,0,3.18,0.14,2.92,0, 0.0003845,-0.00069238,-0.002834706,-0.0026979,-0.0028670,buy
2019-03-22,0,0.03,0.54,0,2.36,0.15,2.45,0,-0.0061390,-0.00082864,-0.006805563,-0.0053985,-0.0047655,sell
2019-03-23,0,0.03,0.31,0,1.59,0.17,1.79,0,-0.0020096,-0.00441911,-0.001519126,-0.0011934,-0.0018525,sell
2019-03-24,0,0.03,0.2,0,1.21,0.19,1.38,0, 0.0096067, 0.00776651, 0.008653167, 0.0074712, 0.0074391,buy
2019-03-25,0,0.03,0.13,0,1.1,0.21,1.15,0, 0.0002886, 0.00234456, 0.002241023, 0.0016538, 0.0036454,buy
2019-03-26,0,0.04,0.09,0,1.16,0.24,1.05,0, 0.0008354,-0.00155360,-0.000453658,-0.0016780, 0.0011228,buy
2019-03-27,0,0.04,0.06,0,1.56,0.26,1.04,0,-0.0023319,-0.00302238,-0.003051921,-0.0030519,-0.0023275,sell
2019-03-28,0,0.04,0.05,0,2.21,0.27,0.9,0, 0.0013167, 0.00150838, 0.001229051, 0.0006949,-0.0019372,buy
2019-03-29,0,0.04,0.03,0,1.82,0.29,0.71,0, 0.0000275,-0.00067190,-0.000525233, 0.0004506,-0.0014023,buy
2019-03-30,0,0.05,0.03,0,1.23,0.34,0.65,0, 0.0034826, 0.00240213, 0.004491215, 0.0030473, 0.0005150,buy
2019-03-31,0,0.07,0.02,0,1.07,0.37,0.67,0,-0.0059636, 0.00027896, 0.004450495,-0.0063938,-0.0032204,sell
2019-04-01,0,0.14,0.02,0,1.09,0.43,0.79,0,-0.0075296,-0.00138256,-0.000053559,-0.0086303,-0.0048544,sell
2019-04-02,0,0.19,0.02,0,1.11,0.54,1.06,0,-0.0037239, 0.00032334, 0.002550387,-0.0037770,-0.0032823,sell
2019-04-03,0,0.11,0.02,0,1.11,0.41,1.56,0,-0.0066864,-0.00167642,-0.005436018,-0.0020644,-0.0055186,sell
2019-04-04,0,0.09,0.02,0,1.15,0.27,1.66,0,-0.0014190, 0.00079162,-0.002566736,-0.0023807,-0.0018366,sell
2019-04-05,0,0.09,0.02,0,1.31,0.23,1.17,0, 0.0013152,-0.00007086,-0.000053321,-0.0010683,-0.0007735,sell
2019-04-06,0,0.15,0.02,0,1.65,0.23,0.86,0,-0.0040592,-0.00448779,-0.004775783,-0.0071032,-0.0068383,sell
2019-04-07,0,0.22,0.02,0,1.89,0.27,0.68,0, 0.0031609, 0.00264814, 0.001856496, 0.0018722,-0.0030476,buy
2019-04-08,0,0.26,0.01,0,1.55,0.31,0.57,0,-0.0029559,-0.00381926,-0.003819257,-0.0038040,-0.0028871,sell
2019-04-09,0,0.27,0.01,0,1.25,0.42,0.62,0, 0.0004672,-0.00055552,-0.001434295, 0.0000960,-0.0007942,buy
2019-04-10,0,0.35,0.01,0,1.14,0.45,0.92,0, 0.0000303, 0.00015871,-0.001401018,-0.0006251, 0.0003559,buy
2019-04-11,0,0.55,0.01,0,1.08,0.45,0.88,0,-0.0029360,-0.00357896,-0.007506617,-0.0049103,-0.0055869,sell
2019-04-12,0,0.74,0.01,0,1.07,0.48,0.6,0, 0.0025943, 0.00091327, 0.001188513, 0.0011112, 0.0010022,buy
2019-04-13,0,0.57,0.01,0,1.1,0.53,0.53,0, 0.0074486, 0.00744862, 0.008015403, 0.0065978, 0.0063155,buy
2019-04-14,0,0.32,0.01,0,1.12,0.62,0.81,0,-0.0067198,-0.00180833,-0.001367331,-0.0012061,-0.0068622,sell
2019-04-15,0,0.24,0.01,0,1.16,0.62,0.76,0,-0.0060518,-0.00312705,-0.002919995,-0.0021541,-0.0061444,sell
2019-04-16,0,0.22,0.01,0,1.24,0.51,0.3,0, 0.0038835, 0.00457504, 0.006507668, 0.0044289, 0.0063292,buy
2019-04-17,0,0.36,0.01,0,1.36,0.44,0.14,0, 0.0039855, 0.00733147, 0.004776888, 0.0040581, 0.0047769,buy
2019-04-18,0,0.77,0.01,0,1.6,0.38,0.09,0, 0.0000938, 0.00003703,-0.003196906, 0.0000467, 0.0002067,buy
2019-04-19,0,0.98,0.01,0,1.81,0.37,0.06,0, 0.0015619,-0.00136074,-0.002684671, 0.0021923,-0.0018198,buy
2019-04-20,0,0.51,0.01,0,1.87,0.36,0.06,0,-0.0069422,-0.00712430,-0.006942247,-0.0045577,-0.0062078,sell
2019-04-21,0,0.21,0.01,0,2.19,0.41,0.06,0, 0.0027701, 0.00277006, 0.001294111, 0.0038466, 0.0012941,buy
2019-04-22,0,0.09,0.01,0,2.6,0.54,0.06,0, 0.0036567,-0.00001073, 0.003796091, 0.0036567, 0.0033782,buy
2019-04-23,0,0.04,0.01,0,3.04,0.6,0.07,0, 0.0000193,-0.00159662,-0.002142056,-0.0021421,-0.0044265,sell
2019-04-24,0,0,0.01,0,2.96,0.47,0.07,0,-0.0001620,-0.00183333,-0.001986142,-0.0019861,-0.0037450,sell
2019-04-25,0,0.04,0.01,0,2.11,0.4,0.07,0,-0.0059981,-0.00654751,-0.006775942,-0.0041208,-0.0057714,sell
2019-04-26,0,0.09,0.02,0,1.63,0.41,0.07,0, 0.0032932,-0.00014487, 0.002863453, 0.0017012,-0.0015908,buy
2019-04-27,0,0.22,0.02,0,1.45,0.41,0.13,0, 0.0048272, 0.00291043, 0.005377077, 0.0045323, 0.0042531,buy
2019-04-28,0,0.55,0.03,0,1.54,0.35,0.2,0,-0.0040543,-0.00341976,-0.005518391,-0.0048925,-0.0023924,sell
2019-04-29,0,0.84,0.08,0,1.99,0.33,0.37,0, 0.0012027, 0.00120269, 0.000613554, 0.0004519, 0.0016387,buy
2019-04-30,0,0.49,0.16,0,1.92,0.32,0.81,0,-0.0005873,-0.00080303,-0.000697044, 0.0007985, 0.0033270,buy
2019-05-01,0,0.2,0.31,0,1.61,0.32,1.04,0, 0.0038659, 0.00167823, 0.004453166, 0.0029718, 0.0034872,buy
2019-05-02,0,0.08,0.62,0,1.73,0.31,0.58,0,-0.0026751,-0.00240894, 0.002678039,-0.0024611,-0.0030030,sell
2019-05-03,0,0.15,0.75,0,2,0.3,0.28,0,-0.0028512,-0.00376737,-0.002219450,-0.0021011, 0.0002631,sell
2019-05-04,0,0.67,0.56,0,2.55,0.28,0.17,0,-0.0012955,-0.00336832,-0.005331943,-0.0029445,-0.0029445,sell
2019-05-05,0,0.96,0.51,0,3.35,0.29,0.14,0,-0.0055402,-0.00554282,-0.005089533,-0.0070265,-0.0043940,sell
2019-05-06,0,0.23,0.35,0,3.11,0.33,0.2,0,-0.0009096, 0.00062991, 0.000629909, 0.0006299, 0.0006299,buy
2019-05-07,0,0.04,0.18,0,2.53,0.48,0.38,0,-0.0012062,-0.00122234,-0.002159806, 0.0007007,-0.0013655,buy
2019-05-08,0,0,0.1,0,3.04,0.73,0.78,0, 0.0031993, 0.00292017, 0.002816312, 0.0028163, 0.0027651,buy
2019-05-09,0,0.21,0.06,0,3.23,0.81,0.91,0, 0.0007726, 0.00185520, 0.001855196, 0.0018552, 0.0007216,buy
2019-05-10,0,1.09,0.1,0,2.1,0.89,0.67,0, 0.0008796, 0.00087958,-0.000868315,-0.0012193,-0.0008287,sell
2019-05-11,0,1.67,0.36,0,1.88,0.68,0.65,0, 0.0012503,-0.00015579, 0.000523073,-0.0002481, 0.0008546,buy
2019-05-12,0,1.09,0.77,0,1.95,0.61,0.7,0,-0.0044733,-0.00298350,-0.004646213,-0.0008414,-0.0036974,sell
2019-05-13,0,0.3,0.65,0,1.93,0.74,0.9,0, 0.0045192, 0.00656430, 0.004687753, 0.0047846, 0.0058114,buy
2019-05-14,0,0.09,0.41,0,1.74,0.59,1.21,0,-0.0016578,-0.00099381,-0.001745860,-0.0008023, 0.0018066,buy
2019-05-15,0,0.01,0.16,0,1.87,0.52,1.54,0,-0.0034683,-0.00423997,-0.002621038,-0.0041144,-0.0025339,sell
2019-05-16,0,0.01,0.14,0,2.82,0.94,1.43,0,-0.0010714,-0.00190228, 0.000445463,-0.0010714,-0.0004022,sell
2019-05-17,0,0.01,0.5,0,2.54,0.85,0.7,0,-0.0034349, 0.00038007,-0.002099484, 0.0006962, 0.0011236,buy
2019-05-18,0,0.14,0.41,0,2.23,0.63,0.37,0,-0.0011479, 0.00226650,-0.000416932,-0.0004319, 0.0012835,buy
2019-05-19,0,0.33,0.08,0,2.58,0.4,0.32,0,-0.0005284, 0.00264439, 0.000537628, 0.0011222, 0.0009122,buy
2019-05-20,0,0.87,0.09,0,1.85,0.33,0.33,0, 0.0002696, 0.00026957,-0.000912719,-0.0004280, 0.0002696,sell
2019-05-21,0,1.16,0.27,0,1.47,0.33,0.44,0,-0.0013060,-0.00339006,-0.002625147,-0.0016548,-0.0021354,sell
2019-05-22,0,0.94,0.58,0,1.7,0.33,0.81,0,-0.0020475,-0.00284503,-0.002010604,-0.0030340,-0.0024924,sell
2019-05-23,0,1.37,0.38,0,2.38,0.49,1.94,0,-0.0066593,-0.00494767,-0.004717299,-0.0053186,-0.0055318,sell
2019-05-24,0,2.16,0.17,0,1.97,0.74,1.52,0,-0.0009432,-0.00087303,-0.007381093,-0.0030774, 0.0010059,buy
2019-05-25,0,1.93,0.19,0,1.66,1.07,1.16,0,-0.0008724, 0.00083924, 0.001570857, 0.0023428, 0.0000880,buy
2019-05-26,0,0.98,0.31,0,1.65,0.76,1.63,0, 0.0029733, 0.00081524, 0.003701262, 0.0021283,-0.0002770,buy
2019-05-27,0,0.67,0.58,0,1.79,0.52,1.36,0,-0.0006900, 0.00044563, 0.000950695,-0.0000042,-0.0003697,buy
2019-05-28,0,0.73,0.53,0,2.38,0.45,0.84,0,-0.0004941,-0.00089502,-0.000468241,-0.0014295,-0.0005590,sell
2019-05-29,0,0.9,0.33,0,2.68,0.5,0.78,0,-0.0010655, 0.00120108, 0.002332048,-0.0044342,-0.0019254,sell
2019-05-30,0,0.65,0.38,0,2.42,0.71,1.1,0,-0.0047270,-0.00318324,-0.005172296,-0.0040779,-0.0045584,sell
2019-05-31,0,0.32,0.73,0,2.27,0.99,0.99,0, 0.0043515, 0.00766891, 0.003985915, 0.0079385, 0.0065767,buy
2019-06-01,0,0.24,0.95,0,2.04,1.15,0.68,0,-0.0014108,-0.00278107, 0.001775222, 0.0023857,-0.0001441,sell
2019-06-02,0,0.21,0.39,0,1.75,0.96,1.01,0, 0.0026656, 0.00569251,-0.002346772, 0.0055778, 0.0055559,buy
2019-06-03,0,0.2,0.18,0,1.58,0.9,1.72,0, 0.0002444,-0.00090081,-0.002962444,-0.0004007,-0.0001629,buy
2019-06-04,0,0.24,0.13,0,1.48,0.7,1.09,0,-0.0020753,-0.00202105,-0.002021055,-0.0003498,-0.0022343,sell
2019-06-05,0,0.29,0.15,0,1.47,0.5,0.57,0, 0.0005224,-0.00235858, 0.000522403,-0.0014337, 0.0011005,sell
2019-06-06,0,0.33,0.3,0,1.6,0.43,0.53,0,-0.0013240, 0.00032052, 0.003975353, 0.0043057, 0.0053046,buy
2019-06-07,0,0.34,0.76,0,1.94,0.45,0.66,0, 0.0022111, 0.00208893, 0.002015470,-0.0024100, 0.0015708,buy
2019-06-08,0,0.31,0.57,0,2.6,0.52,0.55,0, 0.0020545, 0.00488639, 0.003789548, 0.0004566, 0.0051636,buy
2019-06-09,0,0.32,0.33,0,2.57,0.67,0.45,0,-0.0041374,-0.00037407,-0.002962791,-0.0041374,-0.0024101,sell
2019-06-10,0,0.39,0.35,0,1.94,0.67,0.53,0,-0.0010742,-0.00107415,-0.000482744,-0.0010742,-0.0027033,sell
2019-06-11,0,0.54,0.39,0,1.59,0.56,0.69,0, 0.0001587,-0.00042565, 0.000245673, 0.0011601, 0.0005970,buy
2019-06-12,0,0.83,0.54,0,1.52,0.46,1.12,0,-0.0035295, 0.00092369,-0.002519206,-0.0029737,-0.0034636,sell
2019-06-13,0,1.31,0.99,0,1.57,0.35,1.94,0, 0.0024172, 0.00273541, 0.002843036, 0.0064779, 0.0023624,buy
2019-06-14,0,2.06,1.24,0,1.37,0.3,1.6,0,-0.0024467, 0.00040014,-0.000715604,-0.0018592,-0.0017263,sell
2019-06-15,0,2.46,1.25,0,1.32,0.29,0.96,0,-0.0042892,-0.00268099,-0.002787172,-0.0036489,-0.0043914,sell
2019-06-16,0,2.25,1.44,0,1.33,0.31,0.76,0,-0.0011573,-0.00091721,-0.000467203, 0.0005569,-0.0017577,buy
2019-06-17,0,1.57,1.28,0,1.37,0.35,0.72,0, 0.0032723, 0.00585063, 0.004057683, 0.0042121, 0.0047016,buy
2019-06-18,0,1.18,0.84,0,1.46,0.41,0.7,0,-0.0028984,-0.00451009,-0.005612612,-0.0028984, 0.0004051,sell
2019-06-19,0,0.76,0.5,0,1.56,0.35,0.68,0, 0.0019739, 0.00188070,-0.001583974,-0.0000970, 0.0010558,buy
2019-06-20,0,0.47,0.34,0,1.73,0.28,0.64,0, 0.0023513,-0.00047839,-0.000918430,-0.0004784, 0.0006437,sell
2019-06-21,0,0.32,0.29,0,1.96,0.22,0.61,0,-0.0018228,-0.00160527,-0.001287629,-0.0016053,-0.0013782,sell
2019-06-22,0,0.23,0.38,0,2.27,0.21,0.57,0,-0.0023659,-0.00311754,-0.002317510,-0.0030433,-0.0030264,sell
2019-06-23,0,0.18,0.71,0,2.75,0.22,0.61,0,-0.0011444, 0.00038430, 0.002279175, 0.0011386, 0.0018081,buy
2019-06-24,0,0.13,0.75,0,2.85,0.28,0.62,0, 0.0006863, 0.00228557, 0.003229254, 0.0029930, 0.0037093,buy
2019-06-25,0,0.15,0.4,0,2.4,0.46,0.69,0,-0.0030143,-0.00067754,-0.001655217,-0.0024546,-0.0007842,sell
2019-06-26,0,0.17,0.4,0,2.11,0.75,0.85,0,-0.0015875, 0.00095866, 0.000915822, 0.0002996, 0.0013670,buy
2019-06-27,0,0.3,0.46,0,1.92,0.72,1.13,0,-0.0028926,-0.00114149,-0.001708857,-0.0015444, 0.0003763,sell
2019-06-28,0,0.54,0.23,0,1.81,0.41,1.35,0,-0.0000727,-0.00032756,-0.000420880,-0.0004209,-0.0016013,sell
2019-06-29,0,1.03,0.1,0,1.76,0.21,1.66,0,-0.0028963,-0.00172872, 0.001993402,-0.0005999, 0.0001742,sell
2019-06-30,0,1.23,0.06,0,1.76,0.13,1.78,0, 0.0004460, 0.00432402, 0.002728839, 0.0007125,-0.0002080,buy
2019-07-01,0,1.11,0.06,0,1.77,0.09,1.3,0,-0.0053095,-0.00507792,-0.005309495,-0.0084687,-0.0045440,sell
2019-07-02,0,1.26,0.12,0,1.81,0.06,0.89,0,-0.0030930,-0.00355305,-0.002876493,-0.0077387,-0.0030104,sell
2019-07-03,0,1.57,0.33,0,1.98,0.06,0.63,0,-0.0018370,-0.00137272,-0.000655267, 0.0013318,-0.0050493,sell
2019-07-04,0,1.77,0.6,0,2.31,0.06,0.48,0,-0.0024449,-0.00251249,-0.005106327,-0.0007973,-0.0068948,sell
2019-07-05,0,1.58,0.38,0,2.61,0.06,0.4,0,-0.0031641,-0.00067902,-0.003440958,-0.0037475,-0.0023765,sell
2019-07-06,0,1.58,0.23,0,2.87,0.06,0.36,0,-0.0006510, 0.00365574,-0.000299313,-0.0003104,-0.0011607,buy
2019-07-07,0,2.06,0.31,0,2.81,0.05,0.4,0,-0.0028060, 0.00222437,-0.001359490,-0.0012998,-0.0027588,sell
2019-07-08,0,2.08,0.5,0,2,0.05,0.5,0,-0.0002002,-0.00173979,-0.000246196,-0.0006412, 0.0001739,sell
2019-07-09,0,1.31,0.37,0,1.52,0.05,0.44,0,-0.0023613,-0.00201556,-0.003308380,-0.0017917,-0.0022458,sell
2019-07-10,0,0.92,0.17,0,1.33,0.05,0.35,0, 0.0005727, 0.00057265,-0.000639434, 0.0030256,-0.0009045,buy
2019-07-11,0,0.85,0.09,0,1.21,0.05,0.39,0, 0.0028923, 0.00259133, 0.003999715, 0.0044694, 0.0012937,buy
2019-07-12,0,0.9,0.07,0,1.17,0.05,0.59,0, 0.0033346, 0.00216131, 0.004043051, 0.0051760, 0.0008360,buy
2019-07-13,0,0.86,0.1,0,1.1,0.05,1.09,0,-0.0024939, 0.00482901,-0.000615043,-0.0003845,-0.0014927,sell
2019-07-14,0,0.84,0.19,0,1.08,0.05,1.55,0,-0.0059503,-0.00522332,-0.003979132,-0.0041232,-0.0051464,sell
2019-07-15,0,1.21,0.43,0,1.06,0.05,1.09,0,-0.0042200,-0.00554104,-0.002110004,-0.0027417,-0.0027417,sell
2019-07-16,0,1.52,0.64,0,1.03,0.05,0.57,0, 0.0021229,-0.00073626,-0.002044477,-0.0007420,-0.0021909,buy
2019-07-17,0,1.16,0.44,0,1,0.04,0.33,0,-0.0019919, 0.00056800, 0.000454379,-0.0005510, 0.0003104,sell
2019-07-18,0,1.08,0.38,0,0.99,0.04,0.26,0,-0.0031275,-0.00141447,-0.001522636,-0.0016373,-0.0018250,sell
2019-07-19,0,0.9,0.45,0,0.96,0.05,0.18,0,-0.0032419,-0.00145489,-0.002720219,-0.0020498,-0.0027489,sell
2019-07-20,0,0.6,0.5,0,0.94,0.05,0.2,0,-0.0001572,-0.00206492,-0.000562686,-0.0013620,-0.0036838,sell
2019-07-21,0,0.56,0.41,0,0.92,0.05,0.22,0,-0.0019819,-0.00535830,-0.004193977,-0.0038383,-0.0032994,sell
2019-07-22,0,0.89,0.3,0,0.91,0.05,0.25,0,-0.0025433,-0.00381193,-0.003280184,-0.0031755,-0.0032802,sell
2019-07-23,0,1.03,0.23,0,0.89,0.06,0.31,0,-0.0027954,-0.00279542,-0.003097606,-0.0037453,-0.0029512,sell
2019-07-24,0,0.71,0.19,0,0.87,0.06,0.38,0, 0.0023258, 0.00297596,-0.002241913, 0.0069985, 0.0034059,buy
2019-07-25,0,0.72,0.18,0,0.87,0.08,0.43,0, 0.0014451, 0.00160440,-0.002666828, 0.0063589, 0.0037875,buy
2019-07-26,0,1.1,0.2,0,0.88,0.1,0.45,0,-0.0051331,-0.00544160,-0.004453442,-0.0048900,-0.0038324,sell
2019-07-27,0,1.49,0.22,0,0.92,0.12,0.51,0, 0.0033856, 0.00724758, 0.002618771, 0.0020098, 0.0083013,buy
2019-07-28,0,1.24,0.24,0,0.92,0.13,0.61,0,-0.0048761,-0.00388129,-0.004881892,-0.0048819,-0.0056979,sell
2019-07-29,0,0.81,0.32,0,0.85,0.14,0.74,0,-0.0029379,-0.00121134,-0.001108211,-0.0038476,-0.0004970,sell
2019-07-30,0,1.09,0.48,0,0.79,0.15,0.79,0,-0.0043040,-0.00430396,-0.004660301,-0.0022582,-0.0023446,sell
2019-07-31,0,1,0.47,0,0.75,0.18,0.67,0,-0.0037521,-0.00369555,-0.003664940,-0.0026563,-0.0033202,sell
2019-08-01,0,0.87,0.3,0,0.73,0.21,0.52,0,-0.0021973,-0.00296486,-0.002964861,-0.0029649,-0.0018942,sell
2019-08-02,0,1.21,0.28,0,0.74,0.24,0.4,0,-0.0028120,-0.00126539,-0.002927203,-0.0020339,-0.0025167,sell
2019-08-03,0,1.53,0.35,0,0.75,0.3,0.33,0, 0.0002482, 0.00040267, 0.000402669,-0.0016173, 0.0006606,sell
2019-08-04,0,1.17,0.46,0,0.74,0.38,0.27,0,-0.0038152,-0.00285095,-0.002850951,-0.0038152,-0.0028468,sell
2019-08-05,0,0.68,0.38,0,0.74,0.45,0.21,0,-0.0067137, 0.00183887, 0.000007361,-0.0030102,-0.0002992,sell
2019-08-06,0,0.45,0.25,0,0.76,0.58,0.17,0,-0.0013123, 0.00187412,-0.001312279, 0.0037368,-0.0013797,buy
2019-08-07,0,0.31,0.25,0,0.81,0.63,0.14,0, 0.0019666, 0.00446054, 0.001966615, 0.0051110, 0.0019749,buy
2019-08-08,0,0.27,0.3,0,0.89,0.52,0.12,0, 0.0027254, 0.00488047, 0.003364908, 0.0046303, 0.0033649,buy
2019-08-09,0,0.42,0.37,0,0.93,0.41,0.1,0, 0.0008558, 0.00312593, 0.004111492, 0.0026437, 0.0031259,buy
2019-08-10,0,0.84,0.67,0,0.85,0.32,0.09,0,-0.0002103, 0.00103684,-0.001219792, 0.0008202, 0.0010957,buy
2019-08-11,0,1.51,0.93,0,0.7,0.26,0.08,0, 0.0010541,-0.00010489,-0.001733215,-0.0034950,-0.0009071,sell
2019-08-12,0,2.21,0.72,0,0.62,0.21,0.07,0,-0.0046456,-0.00367740,-0.004826286,-0.0036026,-0.0046418,sell
2019-08-13,0,3.49,0.8,0,0.59,0.17,0.06,0,-0.0016330,-0.00195073,-0.002859226,-0.0028503,-0.0015148,sell
2019-08-14,0,2.59,0.9,0,0.59,0.15,0.04,0,-0.0034565,-0.00230395,-0.003889862,-0.0035469,-0.0032837,sell
2019-08-15,0,1,0.43,0,0.57,0.13,0.04,0,-0.0013666,-0.00316096,-0.003033764,-0.0015987,-0.0030136,sell
2019-08-16,0,0.43,0.19,0,0.57,0.12,0.04,0, 0.0040747,-0.00008949,-0.000089493,-0.0000895, 0.0007530,buy
2019-08-17,0,0.21,0.11,0,0.57,0.12,0.04,0, 0.0061757, 0.00342254, 0.003954671, 0.0037201,-0.0002348,buy
2019-08-18,0,0.14,0.07,0,0.57,0.14,0.04,0, 0.0071972, 0.00392745, 0.004839974, 0.0042835, 0.0007862,buy
2019-08-19,0,0.13,0.06,0,0.57,0.14,0.04,0, 0.0073004, 0.00383312, 0.004692625, 0.0041115, 0.0006388,buy
2019-08-20,0,0.21,0.14,0,0.59,0.15,0.04,0, 0.0076402, 0.00427069, 0.005247392, 0.0042035, 0.0014175,buy
2019-08-21,0,0.26,0.28,0,0.67,0.17,0.04,0, 0.0051845, 0.00204371, 0.002061556, 0.0020437, 0.0006142,buy
2019-08-22,0,0.4,0.6,0,0.6,0.17,0.04,0,-0.0029832,-0.00320297,-0.004821033,-0.0024275,-0.0032030,sell
2019-08-23,0,1.08,0.94,0,0.51,0.15,0.04,0, 0.0035954,-0.00331295,-0.003284495,-0.0000453,-0.0032845,sell
2019-08-24,0,1.75,1.46,0,0.48,0.13,0.03,0, 0.0036477, 0.00291071, 0.002869967, 0.0028700, 0.0028700,buy
2019-08-25,0,1.25,1.98,0,0.47,0.13,0.03,0,-0.0007214,-0.00207018,-0.002070184, 0.0003360,-0.0023658,buy
2019-08-26,0,1.33,1.58,0,0.45,0.14,0.03,0,-0.0025159,-0.00249507,-0.002491267,-0.0008162,-0.0024951,sell
2019-08-27,0,1.18,1.22,0,0.43,0.16,0.03,0, 0.0007611,-0.00064054, 0.001201584,-0.0004843,-0.0006405,sell
2019-08-28,0,1.2,1.22,0,0.42,0.23,0.03,0, 0.0000170,-0.00002819,-0.000466464,-0.0006771,-0.0006771,sell
2019-08-29,0,1.17,0.83,0,0.41,0.28,0.03,0,-0.0021453,-0.00117927, 0.000055326,-0.0035154,-0.0001846,sell
2019-08-30,0,0.74,0.63,0,0.4,0.29,0.04,0,-0.0031419,-0.00296188,-0.004229115,-0.0019002,-0.0029619,sell
2019-08-31,0,0.69,1.09,0,0.38,0.31,0.06,0,-0.0018566,-0.00217231,-0.002393646,-0.0035505,-0.0028879,sell
2019-09-01,0,0.83,0.74,0,0.38,0.29,0.14,0, 0.0029046, 0.00359201, 0.004764852, 0.0029474, 0.0035865,buy
2019-09-02,0,0.27,0.3,0,0.36,0.23,0.17,0,-0.0046667,-0.00574693,-0.005483916,-0.0016712,-0.0054839,sell
2019-09-03,0,0.05,0.2,0,0.35,0.19,0.1,0,-0.0014770, 0.00151935,-0.002292119,-0.0003853,-0.0001066,sell
2019-09-04,0,0.02,0.17,0,0.35,0.16,0.12,0,-0.0033575,-0.00217420,-0.002064958,-0.0008001,-0.0019680,sell
2019-09-05,0,0.05,0.14,0,0.33,0.13,0.23,0, 0.0005657, 0.00174367, 0.001364473, 0.0004909, 0.0026854,buy
2019-09-06,0,0.16,0.11,0,0.33,0.11,0.26,0,-0.0001250, 0.00107240,-0.000230899,-0.0002309,-0.0022134,buy
2019-09-07,0,0.32,0.09,0,0.32,0.09,0.24,0, 0.0055522, 0.00257045, 0.002961311, 0.0029613, 0.0032740,buy
2019-09-08,0,0.33,0.07,0,0.31,0.08,0.19,0, 0.0061360, 0.00294046, 0.002995871, 0.0029959, 0.0030352,buy
2019-09-09,0,0.36,0.06,0,0.3,0.07,0.21,0, 0.0048344, 0.00264208, 0.002995871, 0.0029959, 0.0030352,buy
2019-09-10,0,0.17,0.05,0,0.29,0.06,0.16,0, 0.0063961, 0.00184650, 0.001643263, 0.0016433, 0.0019176,buy
2019-09-11,0,0.09,0.04,0,0.28,0.05,0.1,0, 0.0082075, 0.00319896, 0.003220110, 0.0032201,-0.0002308,buy
2019-09-12,0,0.12,0.04,0,0.28,0.04,0.07,0,-0.0022180, 0.00279383, 0.000945977, 0.0023048,-0.0025519,buy
2019-09-13,0,0.24,0.02,0,0.27,0.04,0.06,0, 0.0012802, 0.00397723, 0.002713141, 0.0015144, 0.0040800,buy
2019-09-14,0,0.32,0.02,0,0.27,0.03,0.05,0, 0.0031383, 0.00631785, 0.002745670, 0.0055431, 0.0032982,buy
2019-09-15,0,0.21,0.03,0,0.26,0.04,0.04,0, 0.0067510, 0.00267811, 0.002571518, 0.0025715,-0.0002509,buy
2019-09-16,0,0.14,0.07,0,0.26,0.04,0.04,0, 0.0078206, 0.00279092, 0.002995604, 0.0029956, 0.0012102,buy
2019-09-17,0,0.13,0.21,0,0.26,0.03,0.07,0, 0.0082978, 0.00277749, 0.003211585, 0.0032116, 0.0032116,buy
2019-09-18,0,0.18,0.23,0,0.27,0.03,0.14,0, 0.0060251, 0.00617064, 0.006371140, 0.0064812, 0.0078057,buy
2019-09-19,0,0.37,0.21,0,0.27,0.03,0.37,0, 0.0048105, 0.00680067, 0.007333191, 0.0043895, 0.0043895,buy
2019-09-20,0,0.7,0.1,0,0.27,0.03,1.07,0, 0.0020454, 0.00359761, 0.003646041, 0.0036460, 0.0033791,buy
2019-09-21,0,1.68,0.04,0,0.27,0.04,1.02,0,-0.0031965, 0.00116972,-0.003876152,-0.0019307,-0.0013794,sell
2019-09-22,0,1.51,0.06,0,0.28,0.04,0.72,0,-0.0023611, 0.00253560,-0.003878909,-0.0004873, 0.0030199,buy
2019-09-23,0,0.97,0.19,0,0.28,0.04,1.18,0,-0.0000356, 0.00246595, 0.000020079, 0.0008730, 0.0002682,buy
2019-09-24,0,1.54,0.43,0,0.29,0.04,1.87,0, 0.0017429, 0.00439812, 0.004494427, 0.0031897, 0.0029630,buy
2019-09-25,0,1.14,0.3,0,0.3,0.04,1.31,0,-0.0043290,-0.00152889,-0.002483186,-0.0005117,-0.0024832,sell
2019-09-26,0,0.42,0.23,0,0.32,0.04,0.58,0,-0.0003365, 0.00248479, 0.003867595, 0.0016714, 0.0028313,buy
2019-09-27,0,0.17,0.46,0,0.36,0.04,0.51,0,-0.0011832, 0.00087985,-0.001238736,-0.0016474,-0.0016474,sell
2019-09-28,0,0.06,0.63,0,0.41,0.04,0.91,0,-0.0008237, 0.00058356,-0.001302393, 0.0007165,-0.0006196,buy
2019-09-29,0,0.07,0.47,0,0.51,0.06,0.89,0,-0.0006666,-0.00000779,-0.004615105, 0.0010508, 0.0007000,buy
2019-09-30,0,0.07,0.53,0,0.7,0.09,0.37,0,-0.0004906,-0.00117550,-0.000479071,-0.0066270,-0.0035351,sell
2019-10-01,0,0.14,0.88,0,1.02,0.17,0.18,0, 0.0062225, 0.00483944, 0.004839443, 0.0048009, 0.0016378,buy
2019-10-02,0,0.26,0.51,0,1.38,0.4,0.11,0, 0.0012778,-0.00454047,-0.000591986, 0.0005476,-0.0005371,buy
2019-10-03,0,0.69,0.28,0,1.17,0.48,0.07,0, 0.0018215, 0.00203698, 0.001913943, 0.0014176, 0.0020370,buy
2019-10-04,0,1.47,0.51,0,0.77,0.31,0.1,0,-0.0051219,-0.00542383,-0.005438696,-0.0051219,-0.0050004,sell
2019-10-05,0,1.88,1.29,0,0.59,0.41,0.14,0,-0.0024645,-0.00198955, 0.000844713,-0.0086762, 0.0011767,sell
2019-10-06,0,1.28,1.36,0,0.53,0.45,0.19,0, 0.0067398, 0.00649169, 0.006925771, 0.0028325, 0.0057645,buy
2019-10-07,0,0.62,0.61,0,0.51,0.24,0.28,0, 0.0047063, 0.00833063,-0.003102783, 0.0067325, 0.0085915,buy
2019-10-08,0,0.52,0.39,0,0.54,0.23,0.46,0,-0.0054897,-0.00233137,-0.004213200,-0.0039225,-0.0043028,sell
2019-10-09,0,0.91,0.61,0,0.62,0.41,0.77,0, 0.0039917, 0.00421574, 0.003229362,-0.0000923, 0.0004926,buy
2019-10-10,0,0.85,1.11,0,0.76,0.53,1.18,0, 0.0028593, 0.00348463, 0.002859277, 0.0028593, 0.0019378,buy
2019-10-11,0,0.44,1.11,0,0.97,0.45,1.16,0, 0.0027329, 0.00367073, 0.005794885, 0.0033449, 0.0010728,buy
2019-10-12,0,0.33,0.53,0,1.33,0.48,1.06,0, 0.0003161,-0.00167171,-0.005258033,-0.0035196,-0.0037063,sell
2019-10-13,0,0.4,0.24,0,1.67,0.34,1.31,0, 0.0019844, 0.00126214,-0.000188154,-0.0001504,-0.0014909,buy
2019-10-14,0,0.49,0.1,0,1.64,0.15,1.1,0, 0.0044702, 0.00430740, 0.004307401, 0.0036564, 0.0038774,buy
2019-10-15,0,0.81,0.06,0,1.49,0.07,0.62,0,-0.0028858,-0.00299558,-0.000958788,-0.0012142,-0.0029956,sell
2019-10-16,0,1.62,0.11,0,1.58,0.04,0.4,0,-0.0041626,-0.00008473,-0.000084732,-0.0004990,-0.0000847,sell
2019-10-17,0,2.05,0.26,0,1.86,0.03,0.36,0,-0.0000800, 0.00205967, 0.003094023, 0.0035609,-0.0012909,buy
2019-10-18,0,1.64,0.72,0,2.38,0.02,0.51,0,-0.0006381, 0.00004954,-0.002997245, 0.0000855,-0.0040948,sell
2019-10-19,0,2.06,0.79,0,2.77,0.02,0.93,0, 0.0021613, 0.00086250,-0.000534399, 0.0021613, 0.0020798,buy
2019-10-20,0,1.96,0.32,0,2.68,0.02,0.98,0,-0.0052135,-0.00325178,-0.004792566,-0.0027806,-0.0052340,sell
2019-10-21,0,1.47,0.14,0,2.19,0.03,0.56,0, 0.0026993, 0.00240840, 0.001793947, 0.0022657, 0.0022044,buy
2019-10-22,0,1.99,0.15,0,1.7,0.04,0.4,0,-0.0016772,-0.00043474, 0.001159740,-0.0001482,-0.0027118,sell
2019-10-23,0,1.71,0.24,0,1.37,0.04,0.43,0,-0.0053512,-0.00412413,-0.003260955,-0.0015769,-0.0036723,sell
2019-10-24,0,1.27,0.47,0,1.31,0.04,0.68,0,-0.0031805,-0.00254551,-0.004719776,-0.0007608,-0.0026944,sell
2019-10-25,0,0.93,1.01,0,1.66,0.04,0.94,0,-0.0018439,-0.00672840,-0.001716934,-0.0071962,-0.0071740,sell
2019-10-26,0,0.42,1.31,0,2.43,0.03,0.63,0, 0.0015247, 0.00662136, 0.004178052,-0.0012767, 0.0050605,buy
2019-10-27,0,0.3,1.25,0,2.06,0.06,0.4,0, 0.0014471, 0.00125126,-0.000973277,-0.0018958,-0.0010431,sell
2019-10-28,0,0.24,1.58,0,1.11,0.1,0.34,0, 0.0037934, 0.00015420,-0.000336067, 0.0012567,-0.0004903,buy
2019-10-29,0,0.24,1.68,0,0.69,0.15,0.33,0,-0.0023688,-0.00422155,-0.003927105,-0.0026043,-0.0061758,sell
2019-10-30,0,0.21,1.2,0,0.5,0.27,0.35,0, 0.0030734, 0.00214912, 0.004466990, 0.0036449, 0.0036180,buy
2019-10-31,0,0.11,0.76,0,0.41,0.52,0.38,0, 0.0021702, 0.00281742, 0.004246673, 0.0024862, 0.0018702,buy
2019-11-01,0,0.08,0.5,0,0.39,0.7,0.41,0, 0.0010131, 0.00101309, 0.001884749, 0.0028175, 0.0009619,buy
2019-11-02,0,0.06,0.37,0,0.46,0.72,0.44,0, 0.0064342, 0.00585550, 0.006434231, 0.0064992, 0.0066208,buy
2019-11-03,0,0.09,0.36,0,0.59,0.58,0.49,0, 0.0056102,-0.00354436, 0.002652817, 0.0053913, 0.0051237,buy
2019-11-04,0,0.14,0.55,0,1.05,0.42,0.56,0,-0.0026912, 0.00029494, 0.000020314, 0.0002732, 0.0014190,buy
2019-11-05,0,0.19,0.94,0,1.5,0.46,0.61,0,-0.0085662,-0.00704548,-0.010847687,-0.0100775,-0.0075337,sell
2019-11-06,0,0.19,0.89,0,1.6,0.66,0.73,0,-0.0008987, 0.00174544, 0.000995015,-0.0011004,-0.0001414,sell
2019-11-07,0,0.32,0.41,0,1.61,0.69,0.91,0,-0.0027212,-0.00332042,-0.003042134,-0.0026295,-0.0022923,sell
2019-11-08,0,0.75,0.2,0,1.51,0.53,1.2,0,-0.0013664,-0.00291636,-0.002895543,-0.0028955,-0.0028955,sell
2019-11-09,0,1.39,0.11,0,0.75,0.32,1.73,0,-0.0029120, 0.00013603, 0.000317106,-0.0000189, 0.0003336,sell
2019-11-10,0,1.12,0.11,0,0.28,0.2,1.9,0,-0.0037469,-0.00261262,-0.002382642,-0.0026398,-0.0036462,sell
2019-11-11,0,0.72,0.06,0,0.22,0.14,1.7,0, 0.0007309, 0.00214162, 0.003231639, 0.0031102, 0.0021416,buy
2019-11-12,0,1.18,0.02,0,0.27,0.15,1.99,0,-0.0027522,-0.00030585,-0.003279793,-0.0033754,-0.0049770,sell
2019-11-13,0,1.47,0.01,0,0.74,0.2,2.28,0,-0.0023851,-0.00188502,-0.003066735,-0.0018850,-0.0057091,sell
2019-11-14,0,0.69,0.07,0,1.46,0.46,1.81,0,-0.0013142, 0.00038185,-0.001806002, 0.0031057,-0.0003446,buy
2019-11-15,0,0.42,0.29,0,0.72,0.57,1.25,0, 0.0001044,-0.00022241,-0.000733008,-0.0032073,-0.0011282,sell
2019-11-16,0,0.55,0.82,0,0.52,0.4,1,0,-0.0025810,-0.00256039,-0.004020021,-0.0008952,-0.0012411,sell
2019-11-17,0,0.72,0.67,0,0.74,0.44,0.9,0,-0.0034644,-0.00139836,-0.003669980,-0.0007941,-0.0015804,sell
2019-11-18,0,0.72,0.3,0,1.42,0.6,0.87,0,-0.0040045,-0.00163230,-0.000134259, 0.0008621, 0.0008621,sell
2019-11-19,0,0.98,0.3,0,1.75,0.6,0.92,0,-0.0013542, 0.00003111, 0.000471702, 0.0003735, 0.0004389,buy
2019-11-20,0,1.52,0.48,0,1.3,0.58,1.04,0, 0.0007176,-0.00171128,-0.001820863,-0.0019524,-0.0014365,sell
2019-11-21,0,1.96,0.79,0,0.87,0.67,1.17,0, 0.0013878,-0.00019057,-0.000585740,-0.0008473,-0.0004591,sell
2019-11-22,0,1.74,0.73,0,0.73,0.89,1.36,0, 0.0023394, 0.00187801, 0.001040857, 0.0016153,-0.0007126,buy
2019-11-23,0,1.03,0.41,0,0.82,1.28,1.53,0,-0.0026382,-0.00263824,-0.003144106,-0.0026780,-0.0019495,sell
2019-11-24,0,0.78,0.27,0,1.03,1.45,1.51,0, 0.0018286, 0.00144646, 0.001229455, 0.0026069, 0.0020375,buy
2019-11-25,0,0.93,0.26,0,1.42,1.28,1.4,0, 0.0005924, 0.00180012, 0.000592413, 0.0036016, 0.0039483,buy
2019-11-26,0,1.93,0.22,0,1.85,1.01,1.38,0, 0.0015410, 0.00161800, 0.001563140, 0.0022408, 0.0008455,buy
2019-11-27,0,1.97,0.1,0,1.83,0.83,1.35,0, 0.0005059, 0.00038430,-0.000985336, 0.0002662, 0.0003843,buy
2019-11-28,0,1.95,0.03,0,1.73,0.85,1.23,0,-0.0005457,-0.00024242,-0.000184031,-0.0008726,-0.0002424,sell
2019-11-29,0,1.83,0.02,0,1.53,0.73,1.19,0,-0.0004678,-0.00046776,-0.000420152,-0.0004678,-0.0017226,sell
2019-11-30,0,1.02,0.02,0,1.2,0.53,1.18,0, 0.0045034, 0.00097206,-0.002526364,-0.0034124,-0.0024099,buy
2019-12-01,0,0.91,0.06,0,1,0.49,1.28,0, 0.0070195, 0.00456212, 0.003469939,-0.0013544, 0.0017220,buy
2019-12-02,0,0.91,0.08,0,0.88,0.6,1.76,0, 0.0038306, 0.00432277, 0.004706676, 0.0043046, 0.0015221,buy
2019-12-03,0,0.67,0.09,0,0.78,0.65,2.11,0, 0.0013008,-0.00135709, 0.000260260,-0.0000402,-0.0019133,sell
2019-12-04,0,0.51,0.17,0,0.76,0.44,1.49,0, 0.0013564, 0.00121358, 0.001345408, 0.0006856, 0.0023120,buy
2019-12-05,0,0.46,0.43,0,0.78,0.31,0.93,0, 0.0020160,-0.00673894,-0.003369659, 0.0032341,-0.0026651,buy
2019-12-06,0,0.31,0.79,0,0.81,0.24,0.68,0,-0.0017774,-0.00177737,-0.000901517,-0.0017357,-0.0007640,sell
2019-12-07,0,0.2,0.51,0,0.95,0.23,0.67,0, 0.0040713, 0.00291757, 0.002917574, 0.0024074, 0.0028308,buy
2019-12-08,0,0.25,0.19,0,1.15,0.23,1,0, 0.0009947, 0.00088191,-0.000340520,-0.0000609, 0.0006612,buy
2019-12-09,0,0.38,0.08,0,1.54,0.26,0.85,0, 0.0014617, 0.00301886, 0.003439343, 0.0012816, 0.0004900,buy
2019-12-10,0,0.55,0.08,0,2.24,0.31,0.38,0, 0.0008035, 0.00031339, 0.001020525, 0.0010205, 0.0010205,buy
2019-12-11,0,0.59,0.16,0,2.11,0.41,0.19,0,-0.0023182,-0.00288383,-0.001275737,-0.0020873,-0.0008682,sell
2019-12-12,0,0.79,0.08,0,1.72,0.54,0.13,0, 0.0008170, 0.00328780, 0.000612270, 0.0002658, 0.0014832,buy
2019-12-13,0,1.29,0.03,0,1.75,0.78,0.11,0,-0.0023482,-0.00234825,-0.002319967, 0.0002954,-0.0003107,sell
2019-12-14,0,1.4,0.04,0,1.72,0.95,0.11,0,-0.0108044,-0.01184368,-0.011535891,-0.0137939,-0.0110415,sell
2019-12-15,0,0.85,0.13,0,1.38,0.92,0.11,0,-0.0030527, 0.00127689,-0.006320568, 0.0012769,-0.0024461,buy
2019-12-16,0,0.56,0.24,0,1.42,0.93,0.15,0,-0.0015927,-0.00214139, 0.001281231, 0.0026915,-0.0031871,sell
2019-12-17,0,0.51,0.81,0,1.74,0.78,0.23,0, 0.0000031, 0.00036202,-0.001688063,-0.0055896,-0.0024502,sell
2019-12-18,0,0.82,0.71,0,1.35,0.62,0.39,0, 0.0020098, 0.00438025, 0.001234365, 0.0014483, 0.0008263,buy
2019-12-19,0,1.53,0.17,0,0.87,0.53,0.68,0,-0.0032996,-0.00464988, 0.000584758,-0.0037956,-0.0032616,sell
2019-12-20,0,1.27,0.04,0,0.77,0.59,1.31,0,-0.0000459,-0.00004594,-0.003150981,-0.0014065,-0.0002250,buy
2019-12-21,0,0.7,0,0,0.87,0.56,2.07,0, 0.0019276,-0.00055293, 0.000597061, 0.0010308,-0.0011313,buy
2019-12-22,0,0.3,0,0,1.29,0.34,1.68,0,-0.0058905,-0.00356677,-0.000774814,-0.0056852,-0.0054199,sell
2019-12-23,0,0.17,0,0,2.25,0.22,1.07,0, 0.0009430, 0.00094302, 0.000666171, 0.0000146,-0.0003319,buy
2019-12-24,0,0.19,0.01,0,2.88,0.16,0.73,0, 0.0020966,-0.00248792,-0.001542969,-0.0024927,-0.0006730,sell
2019-12-25,0,0.33,0.02,0,2.16,0.12,0.61,0,-0.0003804, 0.00228351, 0.000073938,-0.0005030,-0.0006346,sell
2019-12-26,0,0.87,0.06,0,1.31,0.1,0.67,0, 0.0005429, 0.00071851, 0.000578503, 0.0002853, 0.0004117,buy
2019-12-27,0,1.4,0.08,0,0.85,0.11,0.77,0, 0.0028628, 0.00349061, 0.000340886, 0.0040183, 0.0016656,buy
2019-12-28,0,0.59,0.03,0,0.67,0.1,0.67,0, 0.0008504,-0.00020295,-0.003757113, 0.0034100, 0.0010223,buy
2019-12-29,0,0.15,0.01,0,0.58,0.09,0.46,0, 0.0009684, 0.00131363, 0.001458313, 0.0029710, 0.0009684,buy
2019-12-30,0,0.01,0,0,0.59,0.13,0.32,0, 0.0031989, 0.00297305, 0.004250041, 0.0033712, 0.0019763,buy
2019-12-31,0,0,0,0,0.7,0.18,0.23,0, 0.0034881, 0.00176001, 0.003474901, 0.0043151, 0.0016232,buy
2020-01-01,0,0,0.01,0,1,0.36,0.16,0,-0.0047027,-0.00231111,-0.002579706,-0.0043863,-0.0029557,sell
2020-01-02,0,0,0.01,0,1.42,0.72,0.11,0, 0.0029827,-0.00211731,-0.001953643,-0.0021675,-0.0020907,sell
2020-01-03,0,0,0.02,0,1.37,0.65,0.12,0, 0.0032965,-0.00065039,-0.000650385,-0.0009616,-0.0023128,buy
2020-01-04,0,0,0.04,0,1.57,0.37,0.15,0, 0.0037376,-0.00052114, 0.000770440, 0.0007704,-0.0008352,buy
2020-01-05,0,0.02,0.07,0,1.76,0.32,0.26,0, 0.0039122, 0.00414666, 0.003052465, 0.0039122, 0.0010812,buy
2020-01-06,0,0.05,0.13,0,1.58,0.41,0.63,0, 0.0043788, 0.00384505, 0.005260499, 0.0050519,-0.0026628,buy
2020-01-07,0,0.14,0.16,0,1.73,0.62,1.02,0,-0.0002449, 0.00055221, 0.000459175,-0.0000603, 0.0045191,buy
2020-01-08,0,0.13,0.11,0,1.34,0.85,1.09,0,-0.0028982,-0.00208774,-0.002898158,-0.0019559,-0.0035589,sell
2020-01-09,0,0.04,0.06,0,0.92,0.95,0.54,0, 0.0000695, 0.00027326,-0.000201465, 0.0012668,-0.0014824,buy
2020-01-10,0,0.01,0.04,0,0.79,1.15,0.17,0,-0.0044572,-0.00376643,-0.004704866,-0.0037664,-0.0038859,sell
2020-01-11,0,0,0.03,0,0.74,1.02,0.07,0,-0.0020357,-0.00192879,-0.001994861,-0.0023357,-0.0020357,sell
2020-01-12,0,0,0.04,0,0.86,0.8,0.03,0, 0.0003254,-0.00300337, 0.000139631, 0.0004046, 0.0000308,sell
2020-01-13,0,0,0.07,0,1.12,0.77,0.06,0, 0.0004448,-0.00282370, 0.000306761, 0.0004448, 0.0000308,buy
2020-01-14,0,0,0.08,0,1.75,0.88,0.12,0,-0.0040208,-0.00221493,-0.002254564,-0.0038527,-0.0058791,sell
2020-01-15,0,0,0.06,0,2.33,0.93,0.38,0, 0.0031873, 0.00237074, 0.002416376, 0.0007140, 0.0009933,buy
2020-01-16,0,0,0.03,0,1.83,0.91,0.62,0,-0.0053449,-0.00226803,-0.005195914,-0.0044358,-0.0049501,sell
2020-01-17,0,0,0.05,0,1.55,1.07,1.52,0, 0.0003750, 0.00102373, 0.000523130, 0.0061191,-0.0001085,buy
2020-01-18,0,0,0.07,0,1.66,0.93,1.45,0, 0.0047423, 0.00487066, 0.004949040, 0.0069121, 0.0052362,buy
2020-01-19,0,0,0.11,0,1.83,0.84,0.51,0,-0.0077608,-0.00097705,-0.006876694,-0.0051035,-0.0062520,sell
2020-01-20,0,0,0.22,0,1.8,0.96,0.5,0,-0.0028550,-0.00022292,-0.002613479,-0.0022146,-0.0044046,sell
2020-01-21,0,0,0.32,0,1.83,0.91,1,0,-0.0006994, 0.00046469, 0.000504479, 0.0004647, 0.0035018,buy
2020-01-22,0,0,0.41,0,2.15,0.94,2.16,0, 0.0010153, 0.00564570, 0.004529166, 0.0014667, 0.0028323,buy
2020-01-23,0,0.01,0.61,0,3,0.9,2.52,0, 0.0000563, 0.00171253,-0.001968755,-0.0008245,-0.0019688,buy
2020-01-24,0,0.02,0.81,0,2.8,0.7,2.33,0, 0.0006095, 0.00137843,-0.001594321,-0.0002433,-0.0015813,buy
2020-01-25,0,0.03,0.67,0,2.13,0.6,2.88,0, 0.0088254, 0.00500189, 0.006699993, 0.0065998, 0.0067243,buy
2020-01-26,0,0.06,0.47,0,2.19,0.95,2.09,0, 0.0020386, 0.00459913, 0.002526380, 0.0012354, 0.0011884,buy
2020-01-27,0,0.11,0.34,0,1.71,0.89,0.92,0,-0.0039429,-0.00393823,-0.003942875,-0.0026635,-0.0043182,sell
2020-01-28,0,0.24,0.21,0,1.37,0.53,0.52,0,-0.0004836,-0.00146451,-0.001464505,-0.0018839,-0.0054026,sell
2020-01-29,0,0.42,0.13,0,1.55,0.39,0.42,0,-0.0070952,-0.00440774,-0.001566470,-0.0021318,-0.0018209,sell
2020-01-30,0,0.29,0.08,0,1.92,0.34,0.4,0, 0.0008773, 0.00317635, 0.001957513, 0.0020989, 0.0030928,buy
2020-01-31,0,0.14,0.04,0,1.67,0.38,0.61,0, 0.0033787, 0.00433411, 0.004532170, 0.0050157, 0.0041254,buy
2020-02-01,0,0.07,0.03,0,1.56,0.47,1.04,0, 0.0022548,-0.00773341, 0.001719185, 0.0015370, 0.0036478,buy
2020-02-02,0,0.04,0,0,1.98,0.77,1.44,0, 0.0023636, 0.00102830, 0.002985522, 0.0018863,-0.0027941,buy
2020-02-03,0,0.02,0,0,2.93,0.85,1.37,0,-0.0007712,-0.00134444, 0.001039405,-0.0007712, 0.0004045,sell
2020-02-04,0,0.01,0,0,4.06,0.78,1.51,0,-0.0029162,-0.00181298,-0.001993963,-0.0018130,-0.0034274,sell
2020-02-05,0,0,0,0,4.28,0.98,1.79,0,-0.0049455,-0.00392352,-0.003147747,-0.0044676,-0.0043211,sell
2020-02-06,0,0.01,0,0,3.48,1.34,2.02,0,-0.0037599,-0.00379057,-0.003157639,-0.0037739,-0.0018886,sell
2020-02-07,0,0.01,0,0,2.8,1.5,2.27,0,-0.0039256,-0.00178818,-0.000980889,-0.0017481,-0.0008374,sell
2020-02-08,0,0.04,0.01,0,2.12,1.39,2.18,0,-0.0043136,-0.00247459,-0.003495354,-0.0033731,-0.0038829,sell
2020-02-09,0,0.09,0.01,0,1.91,1.74,1.99,0,-0.0014019,-0.00125113,-0.001855277,-0.0026111,-0.0027450,sell
2020-02-10,0,0.14,0.01,0,1.98,1.78,1.99,0,-0.0051492,-0.00498515,-0.002845251,-0.0055481,-0.0055481,sell
2020-02-11,0,0.08,0.02,0,1.96,1.33,2.1,0,-0.0023992,-0.00108068,-0.001312228,-0.0015499,-0.0016770,sell
2020-02-12,0,0.03,0.03,0,2.17,1.02,1.75,0,-0.0015183,-0.00058735,-0.001032934,-0.0023428,-0.0041309,sell
2020-02-13,0,0.01,0.05,0,2.17,0.82,1.25,0, 0.0057748, 0.00150628, 0.001986834, 0.0057748, 0.0002871,buy
2020-02-14,0,0,0.07,0,1.79,0.7,1.02,0, 0.0015472, 0.00136897, 0.000634066, 0.0012687, 0.0009464,buy
2020-02-15,0,0,0.08,0,1.75,0.6,0.89,0,-0.0010216, 0.00017763,-0.001021590,-0.0000623,-0.0010216,buy
2020-02-16,0,0,0.06,0,1.75,0.55,0.86,0, 0.0019659, 0.00178029, 0.000726520, 0.0012804, 0.0007265,buy
2020-02-17,0,0.05,0.04,0,1.91,0.55,0.85,0, 0.0023556,-0.00069883,-0.003545890,-0.0021083,-0.0033636,sell
2020-02-18,0,0.07,0.03,0,2.56,0.54,0.93,0,-0.0033481,-0.00526446,-0.005264458,-0.0053601,-0.0049332,sell
2020-02-19,0,0.11,0.02,0,2.27,0.61,1.06,0,-0.0019756,-0.00370186,-0.003602146,-0.0060292,-0.0036021,sell
2020-02-20,0,0.15,0.01,0,1.92,0.69,1.18,0, 0.0003716,-0.00091577,-0.000333749,-0.0002497,-0.0036325,sell
2020-02-21,0,0.22,0.01,0,2.35,0.83,1.33,0, 0.0065866, 0.00104699, 0.004203219, 0.0065866, 0.0031054,buy
2020-02-22,0,0.32,0.01,0,3.55,0.94,1.49,0,-0.0036583,-0.00365833,-0.001873477,-0.0036583,-0.0030712,sell
2020-02-23,0,0.45,0,0,4.13,0.94,1.53,0,-0.0046997,-0.00326368,-0.001318910,-0.0041480,-0.0031781,sell
2020-02-24,0,0.64,0,0,3.21,0.85,1.68,0,-0.0021107,-0.00328251, 0.001811865,-0.0021107,-0.0021978,sell
2020-02-25,0,0.91,0,0,2.48,0.83,2.1,0, 0.0042019, 0.00335670, 0.003356699,-0.0004987, 0.0036633,buy
2020-02-26,0,1.29,0,0,2.84,1.11,2.17,0, 0.0022658, 0.00172042, 0.001720415, 0.0015910, 0.0049665,buy
2020-02-27,0,1.39,0,0,3.37,1.05,1.32,0, 0.0038687, 0.00562220, 0.008666371, 0.0040334, 0.0026198,buy
2020-02-28,0,1.05,0,0,3.78,1.15,1.06,0, 0.0008723, 0.00357155, 0.005375515, 0.0020410, 0.0002205,buy
2020-02-29,0,0.75,0,0,3.5,0.87,0.91,0,-0.0000113, 0.00001835, 0.006024384, 0.0037175, 0.0000093,buy
2020-03-01,0,0.53,0,0,2.97,0.66,0.66,0, 0.0047064, 0.00290801, 0.005289243, 0.0043533, 0.0022523,buy
2020-03-02,0,0.38,0,0,2.63,0.63,0.56,0, 0.0077589, 0.00727684, 0.007758887, 0.0070017, 0.0048762,buy
2020-03-03,0,0.27,0,0,2.15,0.65,0.68,0, 0.0067709, 0.00287585, 0.003258014,-0.0023058, 0.0007845,buy
2020-03-04,0,0.2,0,0,1.91,0.68,1.45,0,-0.0024094,-0.00332373, 0.000189077,-0.0030881,-0.0063837,sell
2020-03-05,0,0.14,0,0,1.97,0.79,1.27,0, 0.0021471, 0.00083848, 0.002524760, 0.0019268,-0.0026823,buy
2020-03-06,0,0.1,0,0,2.23,1,0.57,0, 0.0023988, 0.00232190,-0.000100872, 0.0015439,-0.0056814,buy
2020-03-07,0,0.07,0,0,2.66,1.23,0.44,0, 0.0029277,-0.00157133, 0.002366070, 0.0028647, 0.0007440,buy
2020-03-08,0,0.05,0,0,3.29,1.15,0.53,0, 0.0009222, 0.00340274, 0.003285843, 0.0024595, 0.0030333,buy
2020-03-09,0,0,0,0,3.25,0.85,0.71,0, 0.0080970, 0.00799237, 0.007499704, 0.0073742, 0.0073235,buy
2020-03-10,0,0,0,0,2.33,0.63,1,0,-0.0018111,-0.00440571,-0.004534266,-0.0035480,-0.0044057,sell
2020-03-11,0,0,0,0,1.8,0.53,1.35,0,-0.0046760,-0.01041976,-0.002416263,-0.0100106,-0.0058597,sell
2020-03-12,0,0.01,0,0,1.56,0.48,1.32,0,-0.0058577,-0.01393144,-0.002312704,-0.0130189,-0.0067850,sell
2020-03-13,0,0.01,0,0,1.42,0.44,1.53,0,-0.0038338,-0.01052198, 0.001411727,-0.0106592,-0.0047090,sell
2020-03-14,0,0.01,0,0,1.37,0.44,1.94,0, 0.0005451, 0.00040211, 0.002698183, 0.0002020, 0.0003038,buy
2020-03-15,0,0.02,0,0,1.4,0.44,1.61,0,-0.0041326,-0.00814723, 0.000885619,-0.0081058,-0.0046824,sell
2020-03-16,0,0.03,0,0,1.4,0.45,1.15,0,-0.0019056,-0.01504785,-0.001651447,-0.0023293, 0.0014419,sell
2020-03-17,0,0.04,0,0,1.46,0.46,1.11,0,-0.0066935,-0.01134179,-0.006246582, 0.0018385, 0.0025498,sell
2020-03-18,0,0.06,0,0,1.56,0.47,1.45,0,-0.0118084,-0.01229312,-0.011930342,-0.0068401,-0.0091103,sell
2020-03-19,0,0.08,0,0,1.71,0.53,1.88,0, 0.0005583,-0.01127588,-0.008074355,-0.0074192,-0.0081956,sell
2020-03-20,0,0.12,0,0,2.02,0.62,1.67,0, 0.0066324,-0.00513520, 0.002992880, 0.0022976, 0.0020461,buy
2020-03-21,0,0.14,0,0,2.35,0.75,1.29,0, 0.0035760, 0.00030216, 0.004816685, 0.0020879, 0.0020591,buy
2020-03-22,0,0.11,0,0,2.85,1.01,1.41,0, 0.0039493,-0.00034437, 0.002405334, 0.0020806, 0.0013138,buy
2020-03-23,0,0.08,0,0,2.99,1.41,1.24,0, 0.0060324, 0.00638640, 0.008847935, 0.0068392, 0.0022140,buy
2020-03-24,0,0.05,0,0,2.36,1.92,0.71,0, 0.0076970, 0.00664084, 0.004118911, 0.0060217, 0.0072185,buy
2020-03-25,0,0.04,0,0,1.91,2.07,0.41,0, 0.0062999, 0.00663935, 0.000718324, 0.0049052, 0.0062999,buy
2020-03-26,0,0.03,0,0,1.54,1.93,0.25,0, 0.0076343, 0.00603764,-0.000084627, 0.0057488, 0.0074600,buy
2020-03-27,0,0.02,0,0,1.4,1.56,0.21,0,-0.0037984,-0.00394042,-0.003888850,-0.0037984,-0.0039287,sell
2020-03-28,0,0.01,0.01,0,1.33,1.1,0.21,0,-0.0083974, 0.00205595, 0.000157082,-0.0033694,-0.0035887,sell
2020-03-29,0,0.01,0.01,0,1.35,0.82,0.24,0,-0.0115686,-0.00028630,-0.008182283,-0.0066456,-0.0081457,sell
2020-03-30,0,0.01,0.01,0,1.42,0.76,0.28,0,-0.0114931,-0.00216544,-0.009068796,-0.0071799,-0.0091280,sell
2020-03-31,0,0,0.02,0,1.43,0.82,0.34,0,-0.0115529, 0.00024716,-0.009861772,-0.0071471,-0.0086649,sell
2020-04-01,0,0,0.02,0,1.48,0.98,0.43,0,-0.0102763, 0.00135752,-0.005783170,-0.0055997,-0.0072503,sell
2020-04-02,0,0,0.04,0,1.57,0.93,0.6,0,-0.0095583, 0.00148115,-0.007046087,-0.0055426,-0.0076795,sell
2020-04-03,0,0,0.07,0,1.66,0.81,0.8,0,-0.0040542,-0.00370422,-0.004002261,-0.0033944,-0.0050354,sell
2020-04-04,0,0,0.09,0,1.94,0.84,1.07,0,-0.0044256,-0.00417348,-0.002958792,-0.0031985,-0.0048985,sell
2020-04-05,0,0,0.07,0,2.27,0.89,1.62,0, 0.0073053,-0.00113754, 0.000848052, 0.0012028, 0.0008481,buy
2020-04-06,0,0.06,0.04,0,2.81,0.87,2.43,0,-0.0029035,-0.00267043,-0.002775624,-0.0026798,-0.0018593,sell
2020-04-07,0,0.07,0.02,0,3.87,0.78,3.74,0, 0.0045252, 0.00424682, 0.006765692, 0.0067322, 0.0057794,buy
2020-04-08,0,0.09,0.02,0,4.23,0.75,4.12,0, 0.0013914, 0.00229774, 0.008756940, 0.0064152, 0.0026234,buy
2020-04-09,0,0.13,0.02,0,3.44,0.73,3.01,0, 0.0024901, 0.00506299, 0.003297521, 0.0049376, 0.0053990,buy
2020-04-10,0,0.2,0.02,0,2.6,0.72,2.66,0,-0.0004178, 0.00059485, 0.000788123, 0.0013312, 0.0018365,buy
2020-04-11,0,0.31,0.02,0,2.01,0.8,2.33,0, 0.0004481,-0.00416980,-0.000436601,-0.0010209,-0.0005416,sell
2020-04-12,0,0.5,0.02,0,1.66,0.99,1.48,0, 0.0003138, 0.00149143, 0.000313826, 0.0046852,-0.0004347,buy
2020-04-13,0,0.77,0.02,0,1.5,0.96,0.88,0,-0.0008513, 0.00363076,-0.001651619, 0.0018548,-0.0009638,buy
2020-04-14,0,1.25,0.03,0,1.56,0.69,0.79,0,-0.0032499, 0.00034485, 0.002615212,-0.0031924, 0.0028164,sell
2020-04-15,0,1.92,0.03,0,1.39,0.49,1.09,0,-0.0061929,-0.00449920,-0.003139063,-0.0050020,-0.0028751,sell
2020-04-16,0,2.35,0.03,0,1.16,0.4,2.11,0, 0.0065748,-0.00092832, 0.002405169, 0.0010681, 0.0056611,buy
2020-04-17,0,2.22,0.03,0,1.05,0.39,3.6,0,-0.0054981,-0.00248629,-0.004061277,-0.0061538,-0.0028101,sell
2020-04-18,0,1.77,0.04,0,1,0.53,3.46,0,-0.0068000,-0.00354816,-0.003438593,-0.0056949,-0.0062406,sell
2020-04-19,0,1.57,0.04,0,0.97,0.63,2.17,0,-0.0009062, 0.00461764, 0.002440576,-0.0007558,-0.0057100,sell
2020-04-20,0,1.29,0.04,0,1,0.33,1,0, 0.0053999, 0.00585076, 0.005399852, 0.0015315, 0.0025197,buy
2020-04-21,0,0.96,0.04,0,1.12,0.22,0.52,0,-0.0025179,-0.00083801,-0.002623203,-0.0028194,-0.0009965,sell
2020-04-22,0,0.71,0.05,0,1.67,0.2,0.28,0,-0.0002340,-0.00263655,-0.002979607,-0.0013733, 0.0001631,sell
2020-04-23,0,0.6,0.05,0,1.51,0.28,0.09,0,-0.0027994,-0.00303033,-0.006361936,-0.0030960,-0.0008364,sell
2020-04-24,0,0.55,0.06,0,1.32,0.41,0.02,0,-0.0030999,-0.00099982,-0.001625735,-0.0043673,-0.0013611,sell
2020-04-25,0,0.47,0.06,0,1.64,0.44,0.01,0,-0.0038747,-0.00561367,-0.003875926,-0.0060288,-0.0043440,sell
2020-04-26,0,0.36,0.06,0,2.51,0.53,0.09,0, 0.0026576, 0.00237093, 0.000103406, 0.0027373, 0.0000687,buy
2020-04-27,0,0.25,0.07,0,2.74,0.85,0.45,0, 0.0017904, 0.00148904,-0.000055168,-0.0001816,-0.0005019,buy
2020-04-28,0,0.17,0.07,0,2.26,0.75,1.11,0, 0.0031719, 0.00099167, 0.001020586, 0.0043201, 0.0001269,buy
2020-04-29,0,0.14,0.08,0,2.01,0.96,0.53,0, 0.0009874, 0.00106870,-0.000405972,-0.0014747,-0.0075573,sell
2020-04-30,0,0.12,0.08,0,2.11,0.92,0.1,0, 0.0073162, 0.00665892, 0.008298036, 0.0079836,-0.0005090,buy
2020-05-01,0,0.12,0.08,0,2.69,0.76,0,0, 0.0071894, 0.00713319, 0.005661881, 0.0056139, 0.0034922,buy
2020-05-02,0,0.11,0.07,0,1.73,0.71,0,0,-0.0059066,-0.00194961,-0.005397534,-0.0010879,-0.0027855,sell
2020-05-03,0,0.15,0.07,0,1.44,0.49,0,0, 0.0050297, 0.00023254, 0.006371145, 0.0021429, 0.0017644,buy
2020-05-04,0,0.14,0.06,0,1.76,0.34,0.01,0,-0.0037876,-0.00378756,-0.005333988,-0.0056493,-0.0053340,sell
2020-05-05,0,0.1,0.06,0,2.83,0.32,0.05,0, 0.0003409,-0.00437980,-0.003862451,-0.0029411,-0.0031610,sell
2020-05-06,0,0.06,0.07,0,3.85,0.3,0.31,0,-0.0053238,-0.00559889,-0.005953530,-0.0068090,-0.0006688,sell
2020-05-07,0,0.04,0.07,0,4.05,0.4,0.76,0,-0.0046449,-0.00378469,-0.002942491,-0.0055286, 0.0002598,sell
2020-05-08,0,0.03,0.07,0,4.14,0.79,0.43,0, 0.0020496, 0.00311268, 0.005264092, 0.0040808, 0.0018688,buy
2020-05-09,0,0.02,0.07,0,3.66,0.45,0.44,0, 0.0011189, 0.00087345, 0.000996275, 0.0016489, 0.0035880,buy
2020-05-10,0,0.01,0.07,0,3.04,0.26,0.72,0, 0.0000535,-0.00302337,-0.003692230,-0.0039440,-0.0024209,sell
2020-05-11,0,0.01,0.06,0,2.94,0.35,0.56,0,-0.0045289,-0.00457934,-0.005829005,-0.0056652,-0.0053027,sell
2020-05-12,0,0.01,0.07,0,2.77,0.6,0.27,0, 0.0069004, 0.00583288, 0.002651581, 0.0034372, 0.0026434,buy
2020-05-13,0,0,0.08,0,1.98,0.74,0.19,0, 0.0040320, 0.00391309, 0.003156841, 0.0039131, 0.0031568,buy
2020-05-14,0,0.03,0.09,0,1.69,0.51,0.38,0, 0.0023417,-0.00133508,-0.001314424,-0.0012427,-0.0008691,sell
2020-05-15,0,0.2,0.09,0,1.77,0.34,1.42,0, 0.0000149,-0.00560979,-0.000571156, 0.0002592, 0.0005626,sell
2020-05-16,0,0.84,0.1,0,1.6,0.27,1.15,0, 0.0038401, 0.00183122, 0.000338883, 0.0004877, 0.0010095,buy
2020-05-17,0,1.28,0.11,0,1.41,0.25,0.27,0,-0.0018968,-0.00696384,-0.004281904,-0.0028719,-0.0042469,sell
2020-05-18,0,0.86,0.15,0,1.41,0.22,0.11,0, 0.0058177, 0.00468753, 0.002868211, 0.0065163, 0.0055342,buy
2020-05-19,0,0.2,0.21,0,1.53,0.18,0.12,0, 0.0013993, 0.00258777, 0.000816683,-0.0009250, 0.0035985,buy
2020-05-20,0,0.17,0.27,0,1.7,0.16,0.16,0, 0.0019821, 0.00217815, 0.001176757, 0.0014534, 0.0027414,buy
2020-05-21,0,0.07,0.38,0,1.9,0.16,0.19,0, 0.0012491, 0.00432799,-0.003651897,-0.0026288,-0.0011025,buy
2020-05-22,0,0.02,0.52,0,2.07,0.17,0.25,0, 0.0007343,-0.00173059,-0.000625600,-0.0007856,-0.0046779,sell
2020-05-23,0,0.01,0.55,0,2.37,0.25,0.33,0,-0.0077953,-0.00699659,-0.007344482,-0.0081572,-0.0077225,sell
2020-05-24,0,0.02,0.76,0,2.89,0.3,0.46,0,-0.0040909,-0.00695626,-0.005958649,-0.0072419,-0.0043991,sell
2020-05-25,0,0.03,1,0,3.55,0.3,0.61,0,-0.0007652,-0.00241423,-0.002275190,-0.0024718,-0.0011897,sell
2020-05-26,0,0.07,1.09,0,3.54,0.39,0.63,0, 0.0009812,-0.00068772, 0.000017386,-0.0007452, 0.0005368,sell
2020-05-27,0,0.13,0.92,0,3.29,0.53,0.74,0, 0.0067088, 0.00471142, 0.006812684, 0.0075525, 0.0080964,buy
2020-05-28,0,0.29,0.6,0,3.14,0.53,1.13,0, 0.0053225, 0.00532253, 0.008722513, 0.0070094, 0.0070094,buy
2020-05-29,0,0.58,0.43,0,2.88,0.56,1.64,0,-0.0001747, 0.00031697, 0.001149384, 0.0003170, 0.0019733,buy
2020-05-30,0,0.97,0.3,0,2.55,0.67,1.2,0,-0.0068839,-0.00717392,-0.006621530,-0.0067943,-0.0062638,sell
2020-05-31,0,1.05,0.2,0,2.27,0.63,0.61,0, 0.0044838, 0.00302951, 0.001717096, 0.0009876, 0.0020922,buy
2020-06-01,0,1.15,0.12,0,2.1,0.52,0.34,0, 0.0015977, 0.00100648, 0.001381568,-0.0051526, 0.0009044,sell
2020-06-02,0,0.92,0.08,0,1.97,0.49,0.23,0, 0.0040860, 0.00476456, 0.002353866, 0.0019848, 0.0039795,buy
2020-06-03,0,0.53,0.07,0,1.89,0.44,0.19,0, 0.0053480, 0.00534801, 0.004075931, 0.0055220, 0.0056314,buy
2020-06-04,0,0.45,0.07,0,1.83,0.39,0.33,0, 0.0032489, 0.00324885, 0.002390069, 0.0020403, 0.0014979,buy
2020-06-05,0,0.63,0.08,0,1.88,0.4,0.44,0,-0.0039818,-0.00203159, 0.002209230, 0.0023503, 0.0022092,buy
2020-06-06,0,0.96,0.1,0,2.07,0.4,0.4,0,-0.0038684,-0.00386835,-0.005458048,-0.0063261,-0.0038921,sell
2020-06-07,0,1.13,0.1,0,2.76,0.39,0.39,0,-0.0003503,-0.00254341, 0.002912343,-0.0003129, 0.0004626,sell
2020-06-08,0,0.98,0.07,0,2.9,0.39,0.51,0,-0.0036750,-0.00286854,-0.000969188,-0.0036750,-0.0038965,sell
2020-06-09,0,0.95,0.05,0,2.22,0.4,0.75,0,-0.0002714, 0.00347358, 0.004862912,-0.0044961,-0.0004067,sell
2020-06-10,0,0.95,0.04,0,2.03,0.45,1.18,0, 0.0036657, 0.00355205, 0.002614120, 0.0018715, 0.0018912,buy
2020-06-11,0,0.74,0.06,0,1.98,0.47,1.46,0,-0.0031755,-0.00400410,-0.004117522,-0.0038850,-0.0063054,sell
2020-06-12,0,0.47,0.11,0,1.8,0.46,1.14,0,-0.0004456, 0.00374291, 0.002403278,-0.0000147,-0.0004328,buy
2020-06-13,0,0.32,0.23,0,1.74,0.43,0.77,0, 0.0047974, 0.00452956, 0.004797411, 0.0047974, 0.0040985,buy
2020-06-14,0,0.22,0.52,0,1.73,0.44,0.59,0,-0.0021357,-0.00493114, 0.000900221,-0.0003220,-0.0010780,sell
2020-06-15,0,0.15,0.77,0,1.8,0.39,0.51,0,-0.0015728,-0.00555835,-0.001777319,-0.0017644, 0.0001824,sell
2020-06-16,0,0.11,0.67,0,2.03,0.31,0.57,0,-0.0049742,-0.00624668,-0.004228541,-0.0049742,-0.0037357,sell
2020-06-17,0,0.09,0.35,0,2.53,0.27,0.77,0,-0.0017613,-0.00248025, 0.000523433,-0.0022810,-0.0030456,sell
2020-06-18,0,0.05,0.16,0,2.77,0.28,1.2,0, 0.0030695, 0.00329934,-0.001042863, 0.0013976, 0.0029455,buy
2020-06-19,0,0.04,0.09,0,2.24,0.25,1.5,0, 0.0058481, 0.00452281, 0.002643999, 0.0058481, 0.0056208,buy
2020-06-20,0,0.03,0.08,0,1.8,0.19,1.38,0, 0.0020721, 0.00259071,-0.000571066, 0.0026419, 0.0021383,buy
2020-06-21,0,0.03,0.1,0,1.55,0.14,0.91,0,-0.0057935,-0.00369057,-0.006233545,-0.0072799,-0.0074980,sell
2020-06-22,0,0.02,0.08,0,1.45,0.11,0.6,0, 0.0007393, 0.00386955, 0.000200281,-0.0044357, 0.0010984,sell
2020-06-23,0,0.02,0.04,0,1.41,0.1,0.47,0,-0.0000991, 0.00366141,-0.000624495,-0.0038026, 0.0020504,buy
2020-06-24,0,0.02,0.03,0,1.49,0.08,0.42,0,-0.0011523, 0.00098735,-0.001280224,-0.0046260,-0.0008340,sell
2020-06-25,0,0.02,0.02,0,1.79,0.07,0.47,0,-0.0034314,-0.00102039,-0.003496520,-0.0039695,-0.0037231,sell
2020-06-26,0,0.02,0.02,0,2.08,0.06,0.47,0,-0.0018726, 0.00043425, 0.001179280, 0.0000643,-0.0025577,sell
2020-06-27,0,0.06,0.02,0,1.75,0.06,0.46,0, 0.0043624, 0.00403806, 0.004294577, 0.0029710, 0.0017010,buy
2020-06-28,0,0.06,0.02,0,1.37,0.05,0.52,0, 0.0007700,-0.00368039,-0.004004422,-0.0011932,-0.0036804,sell
2020-06-29,0,0.07,0.02,0,1.19,0.05,0.57,0, 0.0009477,-0.00038274,-0.002976381,-0.0001576,-0.0003827,buy
2020-06-30,0,0.09,0.02,0,1.12,0.05,0.75,0,-0.0012940,-0.00281782,-0.005568669,-0.0027396,-0.0028178,sell
2020-07-01,0,0.12,0.02,0,1.11,0.04,0.81,0,-0.0000042,-0.00315637,-0.004438571,-0.0030781,-0.0031564,sell
2020-07-02,0,0.17,0.02,0,1.13,0.04,0.57,0, 0.0023336, 0.00406151, 0.004061511, 0.0035408, 0.0039821,buy
2020-07-03,0,0.24,0.02,0,1.28,0.05,0.45,0, 0.0023364, 0.00260188, 0.002601882, 0.0021234, 0.0025337,buy
2020-07-04,0,0.34,0.02,0,1.63,0.03,0.43,0,-0.0002598, 0.00150368, 0.001592316, 0.0017546,-0.0006353,buy
2020-07-05,0,0.5,0.02,0,2.04,0.03,0.47,0,-0.0013276, 0.00136842, 0.001036550, 0.0010366,-0.0065399,sell
2020-07-06,0,0.76,0.02,0,1.76,0.03,0.55,0, 0.0009842, 0.00294014, 0.002710925, 0.0032295,-0.0023820,buy
2020-07-07,0,1.18,0.02,0,1.33,0.03,0.69,0, 0.0005833, 0.00058327,-0.000098262, 0.0050355,-0.0004780,buy
2020-07-08,0,1.36,0.02,0,1.13,0.03,0.94,0, 0.0016965, 0.00183618,-0.001223513, 0.0026388,-0.0015742,buy
2020-07-09,0,1.2,0.02,0,1.06,0.03,1.29,0, 0.0010179, 0.00047061,-0.000196563, 0.0004967,-0.0016951,buy
2020-07-10,0,0.9,0.03,0,1.06,0.03,1.73,0, 0.0026597, 0.00268231, 0.002659718, 0.0010458,-0.0035438,buy
2020-07-11,0,0.55,0.03,0,1.1,0.04,1.62,0, 0.0057139, 0.00463335, 0.005713893, 0.0028368, 0.0024692,buy
2020-07-12,0,0.34,0.03,0,1.13,0.04,1.18,0, 0.0006439, 0.00206203, 0.001693581, 0.0004689, 0.0023373,buy
2020-07-13,0,0.2,0.03,0,1.12,0.04,0.89,0, 0.0059155, 0.00559740, 0.005597398, 0.0059660, 0.0055974,buy
2020-07-14,0,0.13,0.03,0,1.12,0.05,0.71,0, 0.0049285, 0.00524542, 0.005245425, 0.0057902, 0.0052454,buy
2020-07-15,0,0.12,0.03,0,1.22,0.06,0.61,0, 0.0011292, 0.00301088, 0.002392872, 0.0003233, 0.0023929,buy
2020-07-16,0,0.18,0.03,0,1.28,0.07,0.56,0,-0.0021242,-0.00237088,-0.002865103,-0.0033970,-0.0034299,sell
2020-07-17,0,0.33,0.03,0,1.31,0.08,0.53,0,-0.0003125, 0.00104408,-0.000365009,-0.0037152, 0.0008476,sell
2020-07-18,0,0.68,0.04,0,1.51,0.1,0.51,0,-0.0040554,-0.00362442,-0.002175966,-0.0030780,-0.0039815,sell
2020-07-19,0,1.05,0.04,0,1.88,0.11,0.54,0,-0.0032744,-0.00401109,-0.000860483,-0.0011872,-0.0026131,sell
2020-07-20,0,0.72,0.04,0,1.76,0.13,0.6,0,-0.0055517,-0.00525327,-0.004222195,-0.0049592,-0.0051407,sell
2020-07-21,0,0.29,0.04,0,1.29,0.15,0.69,0, 0.0019841, 0.00106018,-0.000225163, 0.0023406, 0.0010514,buy
2020-07-22,0,0.12,0.04,0,1.03,0.17,0.88,0, 0.0059249, 0.00592488, 0.001396181, 0.0037992, 0.0048901,buy
2020-07-23,0,0.05,0.06,0,0.87,0.19,0.87,0, 0.0053276, 0.00530893, 0.001827716, 0.0038266, 0.0044722,buy
2020-07-24,0,0.04,0.09,0,0.84,0.22,0.78,0, 0.0054682, 0.00512592, 0.002211356, 0.0032609, 0.0049644,buy
2020-07-25,0,0.1,0.15,0,0.79,0.26,0.77,0, 0.0056894, 0.00457185, 0.002159181, 0.0024170, 0.0043058,buy
2020-07-26,0,0.29,0.31,0,0.79,0.31,0.8,0,-0.0018525,-0.00437571,-0.003198201,-0.0010124,-0.0022360,sell
2020-07-27,0,0.65,0.55,0,0.8,0.35,0.82,0, 0.0058476, 0.00442748, 0.005206504, 0.0046998, 0.0041744,buy
2020-07-28,0,0.87,0.5,0,0.91,0.38,0.81,0, 0.0065136, 0.00203713, 0.001883398, 0.0013253,-0.0008539,buy
2020-07-29,0,0.66,0.4,0,1.04,0.42,0.77,0, 0.0020647, 0.00202677, 0.003203861, 0.0016650, 0.0013198,buy
2020-07-30,0,0.64,0.54,0,1.23,0.49,0.74,0,-0.0041729,-0.00175196, 0.000583182,-0.0020280,-0.0018666,sell
2020-07-31,0,0.91,0.6,0,1.56,0.53,0.71,0,-0.0059759,-0.00485852,-0.005196614,-0.0034191,-0.0062725,sell
2020-08-01,0,1.61,0.56,0,2.15,0.56,0.7,0,-0.0046622,-0.00598905,-0.004662170,-0.0063537,-0.0049867,sell
2020-08-02,0,2.37,0.73,0,3.15,0.59,0.7,0,-0.0001475,-0.00178259,-0.000147471,-0.0014617, 0.0011672,sell
2020-08-03,0,1.56,0.53,0,3.71,0.58,0.68,0,-0.0041964,-0.00525429,-0.002166606,-0.0025844,-0.0033859,sell
2020-08-04,0,0.61,0.3,0,3.27,0.51,0.63,0, 0.0013032, 0.00130319, 0.003418945, 0.0015027,-0.0044680,buy
2020-08-05,0,0.31,0.19,0,2.75,0.44,0.56,0, 0.0003694, 0.00141386, 0.000598329, 0.0012552, 0.0005467,buy
2020-08-06,0,0.29,0.11,0,2.43,0.41,0.51,0, 0.0022262, 0.00228736, 0.001406150, 0.0063307,-0.0006137,buy
2020-08-07,0,0.77,0.09,0,2.06,0.4,0.45,0,-0.0059283,-0.00538062,-0.005072757,-0.0049311,-0.0023190,sell
2020-08-08,0,0.68,0.22,0,1.83,0.42,0.41,0,-0.0045639,-0.00549585,-0.004065740,-0.0052588,-0.0026653,sell
2020-08-09,0,0.1,0.79,0,1.75,0.45,0.38,0, 0.0064583, 0.00026470, 0.003639393,-0.0018191, 0.0030923,buy
2020-08-10,0,0,1.04,0,1.73,0.54,0.34,0,-0.0051598,-0.00881103,-0.004516160,-0.0050236,-0.0027718,sell
2020-08-11,0,0,0.85,0,1.8,0.57,0.3,0, 0.0028271,-0.00417047, 0.002429213, 0.0013009, 0.0012265,buy
2020-08-12,0,0.07,0.77,0,1.86,0.62,0.29,0, 0.0042585,-0.00222485, 0.003526147, 0.0018654, 0.0030167,buy
2020-08-13,0,0.17,0.76,0,1.72,0.77,0.27,0, 0.0017668, 0.00316250, 0.002000707,-0.0001476,-0.0004084,buy
2020-08-14,0,0.44,1.22,0,1.5,0.98,0.26,0,-0.0032970,-0.00444490, 0.000451396,-0.0004329,-0.0032970,sell
2020-08-15,0,1.26,1.22,0,1.32,1.1,0.26,0,-0.0033126,-0.00439770,-0.002652857,-0.0011626,-0.0033126,sell
2020-08-16,0,2.75,0.87,0,1.16,1.27,0.33,0, 0.0010770, 0.00096195, 0.000961948,-0.0002355,-0.0018152,buy
2020-08-17,0,2.26,0.45,0,1,1.26,0.55,0,-0.0044978,-0.00449782,-0.004155958,-0.0044186,-0.0103862,sell
2020-08-18,0,0.68,0.3,0,0.89,0.91,0.78,0,-0.0012075, 0.00075118,-0.003208533,-0.0026475,-0.0005152,buy
2020-08-19,0,0.36,0.24,0,0.84,0.72,0.59,0,-0.0026605,-0.00299945,-0.002509643,-0.0026605,-0.0023870,sell
2020-08-20,0,0.56,0.17,0,0.87,0.63,0.39,0,-0.0063483,-0.00414257,-0.006348262,-0.0035704,-0.0031275,sell
2020-08-21,0,1.29,0.17,0,1.28,0.59,0.32,0,-0.0017467,-0.00416489,-0.004865220,-0.0046579,-0.0056788,sell
2020-08-22,0,1.3,0.29,0,1.97,0.57,0.31,0, 0.0037851, 0.00174304, 0.003975913,-0.0019971, 0.0034046,buy
2020-08-23,0,1.48,0.63,0,1.28,0.54,0.26,0, 0.0019869,-0.00326354,-0.003941502, 0.0019869, 0.0026491,buy
2020-08-24,0,1.8,1.35,0,0.73,0.56,0.22,0,-0.0013850,-0.00123471, 0.003890103,-0.0066424, 0.0025041,sell
2020-08-25,0,2.26,1.25,0,0.57,0.56,0.19,0,-0.0046611,-0.00239706,-0.001659068,-0.0025292, 0.0004572,sell
2020-08-26,0,2.17,0.87,0,0.53,0.57,0.17,0, 0.0003052, 0.00056670, 0.001263975, 0.0012640, 0.0012640,buy
2020-08-27,0,1.28,0.53,0,0.59,0.59,0.16,0,-0.0035118,-0.00469148,-0.006009194,-0.0035118,-0.0007089,sell
2020-08-28,0,1.4,0.41,0,0.7,0.61,0.14,0,-0.0009303,-0.00128493,-0.005008005,-0.0009303, 0.0028909,buy
2020-08-29,0,1.05,0.44,0,0.9,0.62,0.17,0,-0.0013638,-0.00144325, 0.000936080,-0.0015158, 0.0003739,sell
2020-08-30,0,0.94,0.71,0,1.25,0.6,0.21,0, 0.0026270, 0.00501515, 0.001794270, 0.0022232, 0.0022232,buy
2020-08-31,0,0.7,0.92,0,1.72,0.66,0.26,0,-0.0020668,-0.00206683,-0.001935637,-0.0019356,-0.0020668,sell
2020-09-01,0,0.43,0.54,0,1.67,0.86,0.36,0,-0.0115887,-0.00967210,-0.000564735,-0.0090480,-0.0104890,sell
2020-09-02,0,0.63,0.33,0,1.15,1.11,0.54,0, 0.0070823, 0.00493576, 0.007557838, 0.0026001, 0.0054375,buy
2020-09-03,0,0.85,0.41,0,0.76,0.88,0.82,0,-0.0035766, 0.00328202, 0.001325016, 0.0009785,-0.0027928,buy
2020-09-04,0,1.01,0.67,0,0.51,0.63,1.22,0, 0.0020968, 0.00211653, 0.002096842,-0.0004108, 0.0021165,buy
2020-09-05,0,1.02,0.41,0,0.37,0.51,1.15,0, 0.0016553, 0.00201065, 0.001123755, 0.0011395, 0.0034194,buy
2020-09-06,0,0.5,0.33,0,0.29,0.44,0.76,0,-0.0049907,-0.00254329,-0.003991125,-0.0037840,-0.0039911,sell
2020-09-07,0,0.27,0.8,0,0.25,0.44,0.52,0, 0.0001454, 0.00014539,-0.000677012, 0.0000996, 0.0005282,buy
2020-09-08,0,0.24,1.04,0,0.21,0.44,0.37,0, 0.0014198, 0.00159059,-0.000992357,-0.0010811,-0.0009924,sell
2020-09-09,0,0.45,0.76,0,0.17,0.45,0.28,0, 0.0006618, 0.00219701, 0.001270313, 0.0003936, 0.0015417,buy
2020-09-10,0,0.69,0.35,0,0.16,0.47,0.23,0,-0.0074043,-0.00144010,-0.001777889,-0.0077067,-0.0019676,sell
2020-09-11,0,0.42,0.26,0,0.16,0.51,0.19,0,-0.0037741,-0.00453233,-0.007058743,-0.0061463,-0.0067351,sell
2020-09-12,0,0.15,0.3,0,0.16,0.54,0.28,0, 0.0009828,-0.00455969,-0.003482652,-0.0030022,-0.0020671,sell
2020-09-13,0,0.07,0.21,0,0.16,0.52,0.41,0,-0.0018419,-0.00453079,-0.004530932,-0.0038856,-0.0035768,sell
2020-09-14,0,0.11,0.18,0,0.15,0.49,0.73,0, 0.0007014,-0.00132796,-0.002495283,-0.0015191,-0.0071049,sell
2020-09-15,0,0.33,0.19,0,0.15,0.43,1.55,0, 0.0052116, 0.00503556, 0.005035564, 0.0041121, 0.0038749,buy
2020-09-16,0,1.09,0.28,0,0.15,0.34,1.42,0,-0.0036113,-0.00173253,-0.001243039,-0.0010085,-0.0009889,sell
2020-09-17,0,1.09,0.49,0,0.15,0.3,0.7,0,-0.0023270,-0.00044499,-0.001970286,-0.0006925, 0.0000674,sell
2020-09-18,0,0.42,0.99,0,0.14,0.25,0.4,0,-0.0012008,-0.00168244,-0.000220046,-0.0022616,-0.0016301,sell
2020-09-19,0,0.14,1.43,0,0.14,0.22,0.29,0, 0.0005857, 0.00220499, 0.002862893, 0.0022050, 0.0006026,buy
2020-09-20,0,0.04,1.49,0,0.14,0.21,0.23,0,-0.0011716, 0.00015266,-0.000038917, 0.0001527, 0.0008509,buy
2020-09-21,0,0.01,1.62,0,0.14,0.2,0.2,0,-0.0000179,-0.00135796,-0.000452781,-0.0004682, 0.0012722,buy
2020-09-22,0,0.04,1.89,0,0.13,0.2,0.21,0,-0.0008683, 0.00020469,-0.000406271, 0.0001556, 0.0022534,buy
2020-09-23,0,0.17,1.85,0,0.13,0.21,0.22,0,-0.0025488,-0.00322648,-0.002734296,-0.0030313,-0.0039731,sell
2020-09-24,0,0.43,1.33,0,0.13,0.25,0.24,0,-0.0019162,-0.00353395, 0.000755317,-0.0035340,-0.0030347,sell
2020-09-25,0,1.16,1.17,0,0.13,0.34,0.26,0,-0.0006246,-0.00027527,-0.001350531,-0.0014825,-0.0016708,buy
2020-09-26,0,1.54,1.04,0,0.13,0.47,0.32,0,-0.0046276,-0.00242346,-0.002863177,-0.0019662,-0.0053272,sell
2020-09-27,0,0.9,0.71,0,0.13,0.69,0.41,0,-0.0008792,-0.00549547,-0.009705316,-0.0077007, 0.0028322,sell
2020-09-28,0,0.67,0.58,0,0.12,0.67,0.36,0, 0.0006629,-0.00463471,-0.009008421,-0.0050031, 0.0031126,sell
2020-09-29,0,0.86,0.52,0,0.12,0.42,0.32,0,-0.0035579,-0.00201626,-0.004350878,-0.0055496,-0.0003249,sell
2020-09-30,0,1.46,0.52,0,0.12,0.27,0.33,0,-0.0045509,-0.00567040,-0.004975978,-0.0055984,-0.0042401,sell
2020-10-01,0,1.95,0.68,0,0.12,0.19,0.36,0, 0.0050277, 0.00422860, 0.002169092, 0.0008575, 0.0050126,buy
2020-10-02,0,1.78,1,0,0.12,0.14,0.4,0,-0.0064045,-0.00017144, 0.000297053, 0.0002971,-0.0057129,sell
2020-10-03,0,1.42,1.34,0,0.12,0.1,0.48,0, 0.0002740, 0.00124227, 0.000720485,-0.0021753, 0.0013050,buy
2020-10-04,0,1.41,1.35,0,0.12,0.08,0.56,0,-0.0011148,-0.00031282,-0.000856606,-0.0037753,-0.0007687,sell
2020-10-05,0,1.89,0.94,0,0.13,0.05,0.65,0,-0.0077806,-0.00063837,-0.000653529,-0.0006535,-0.0082527,sell
2020-10-06,0,2.09,0.72,0,0.12,0.04,0.69,0,-0.0030398,-0.00534009,-0.004726185,-0.0053508,-0.0034970,sell
2020-10-07,0,1.7,0.83,0,0.12,0.04,0.71,0,-0.0020081,-0.00213920,-0.001817211,-0.0018172,-0.0059416,sell
2020-10-08,0,1.72,1.2,0,0.14,0.04,0.74,0,-0.0040863,-0.00195283,-0.001952833,-0.0045787,-0.0044286,sell
2020-10-09,0,1.95,0.98,0,0.15,0.04,0.81,0,-0.0078630,-0.00043444,-0.000453030,-0.0004530,-0.0088659,sell
2020-10-10,0,0.9,0.73,0,0.16,0.04,0.96,0, 0.0000049, 0.00105266,-0.001461102, 0.0032351, 0.0000487,buy
2020-10-11,0,0.4,0.78,0,0.17,0.04,1.34,0,-0.0005225, 0.00151030,-0.001016375, 0.0014797,-0.0004780,buy
2020-10-12,0,0.16,0.6,0,0.19,0.04,1.85,0,-0.0010919, 0.00084966, 0.003234659, 0.0010201, 0.0008497,buy
2020-10-13,0,0.05,0.43,0,0.21,0.04,1.53,0,-0.0006297,-0.00300382,-0.000353787,-0.0027763,-0.0016361,sell
2020-10-14,0,0.02,0.35,0,0.23,0.04,0.93,0,-0.0002376, 0.00255127,-0.002082799, 0.0010233, 0.0008000,buy
2020-10-15,0,0.01,0.33,0,0.26,0.04,0.65,0, 0.0028732, 0.00413496, 0.004375440, 0.0035415, 0.0031086,buy
2020-10-16,0,0.01,0.33,0,0.31,0.04,0.53,0, 0.0068214, 0.00663521, 0.008287356, 0.0068768, 0.0068768,buy
2020-10-17,0,0.01,0.42,0,0.36,0.03,0.5,0, 0.0014183, 0.00312650, 0.003647238, 0.0025120, 0.0025120,buy
2020-10-18,0,0.02,0.73,0,0.43,0.03,0.52,0, 0.0023877, 0.00360295, 0.002309567, 0.0037501,-0.0011783,buy
2020-10-19,0,0.04,0.97,0,0.52,0.03,0.57,0,-0.0000316, 0.00092426, 0.000397489,-0.0005582,-0.0001298,sell
2020-10-20,0,0.1,0.72,0,0.62,0.11,0.69,0,-0.0003951,-0.00029142,-0.000973640, 0.0015184,-0.0011425,buy
2020-10-21,0,0.29,0.73,0,0.75,0.49,0.92,0,-0.0029967,-0.00566323,-0.005663226,-0.0043486,-0.0033904,sell
2020-10-22,0,0.52,1.13,0,0.81,0.39,1.36,0, 0.0001975, 0.00266656, 0.001921083, 0.0001975,-0.0023980,buy
2020-10-23,0,0.71,1.22,0,0.73,0.07,1.59,0,-0.0023634,-0.00329167,-0.006649676,-0.0018585,-0.0040729,sell
2020-10-24,0,1.1,0.75,0,0.61,0.03,1.28,0, 0.0019462, 0.00194617,-0.002986520, 0.0030601, 0.0040637,buy
2020-10-25,0,1.68,0.69,0,0.56,0.04,1.23,0,-0.0011406,-0.00462474,-0.005414024,-0.0049834,-0.0016066,sell
2020-10-26,0,1.84,1,0,0.63,0.05,1.86,0,-0.0046381,-0.00502650,-0.008147001,-0.0046381,-0.0046492,sell
2020-10-27,0,1.94,1.26,0,1.45,0.05,1.21,0,-0.0047133,-0.00234773,-0.004920226,-0.0047545,-0.0066339,sell
2020-10-28,0,1.7,1.37,0,1.81,0.06,0.44,0,-0.0094464,-0.01019239,-0.010292588,-0.0104455,-0.0125941,sell
2020-10-29,0,1.08,1.17,0,1.31,0.07,0.22,0,-0.0053848,-0.00516552,-0.005456682,-0.0032614,-0.0048544,sell
2020-10-30,0,0.75,0.7,0,1.66,0.08,0.09,0,-0.0061026,-0.00729949,-0.006026405,-0.0066856,-0.0066856,sell
2020-10-31,0,0.46,0.5,0,1.33,0.09,0.07,0,-0.0043318,-0.00515404,-0.004227761,-0.0048173,-0.0048173,sell
2020-11-01,0,0.37,0.5,0,0.74,0.1,0.07,0,-0.0013521,-0.00122435,-0.000802413,-0.0013521,-0.0012244,sell
2020-11-02,0,0.3,0.53,0,0.49,0.12,0.06,0,-0.0070738,-0.00707379,-0.005672045,-0.0074895,-0.0070738,sell
2020-11-03,0,0.29,0.75,0,0.36,0.14,0.05,0, 0.0018518, 0.00189608,-0.000650744, 0.0018961,-0.0012063,buy
2020-11-04,0,0.32,0.93,0,0.3,0.16,0.04,0, 0.0014603, 0.00146032, 0.002549545, 0.0014603, 0.0018721,buy
2020-11-05,0,0.37,1.11,0,0.25,0.19,0.04,0, 0.0004333,-0.00069116, 0.002600265,-0.0007084,-0.0002807,sell
2020-11-06,0,0.51,1.4,0,0.26,0.22,0.03,0,-0.0039407,-0.00429340,-0.001847595,-0.0043434,-0.0042271,sell
2020-11-07,0,0.77,1.49,0,0.27,0.26,0.03,0,-0.0027412,-0.00407792,-0.001916651,-0.0036437,-0.0033659,sell
2020-11-08,0,1.36,1.06,0,0.29,0.3,0.02,0, 0.0000333, 0.00010150,-0.001737232,-0.0026377,-0.0017686,buy
2020-11-09,0,1.89,0.72,0,0.31,0.35,0.02,0,-0.0045122,-0.00345260,-0.004427485,-0.0031458,-0.0045199,sell
2020-11-10,0,1.92,0.61,0,0.33,0.4,0.06,0,-0.0045135,-0.00397300,-0.004931536,-0.0054858,-0.0048566,sell
2020-11-11,0,2.47,0.76,0,0.37,0.45,0.14,0,-0.0037308,-0.00225008,-0.004148306,-0.0046199,-0.0037409,sell
2020-11-12,0,3.25,0.77,0,0.41,0.46,0.29,0,-0.0038912,-0.00438682,-0.004514950,-0.0044770,-0.0025325,sell
2020-11-13,0,3.07,0.59,0,0.46,0.44,0.67,0, 0.0022218, 0.00222133,-0.001669063,-0.0005458, 0.0016562,buy
2020-11-14,0,2.15,0.76,0,0.53,0.47,1.46,0, 0.0003457, 0.00051752, 0.002899335,-0.0010354, 0.0001902,sell
2020-11-15,0,1.46,0.99,0,0.6,0.61,1.57,0,-0.0003007, 0.00009282,-0.001446569, 0.0045804, 0.0005711,buy
2020-11-16,0,1.1,0.53,0,0.69,0.86,1.03,0, 0.0052217, 0.00222737, 0.001945913, 0.0014330, 0.0005774,buy
2020-11-17,0,0.76,0.24,0,0.81,0.74,1.17,0,-0.0028498,-0.00470717,-0.001833026,-0.0023259,-0.0022980,sell
2020-11-18,0,0.67,0.12,0,0.99,0.44,1.63,0, 0.0030702, 0.00312010, 0.003182723, 0.0002363, 0.0013873,buy
2020-11-19,0,0.64,0.11,0,1.17,0.3,1.05,0, 0.0033400, 0.00399772, 0.003997721, 0.0049540, 0.0032767,buy
2020-11-20,0,0.73,0.15,0,1.24,0.22,0.39,0,-0.0043640,-0.00561559,-0.006187534,-0.0038235,-0.0056156,sell
2020-11-21,0,1.05,0.33,0,1.1,0.19,0.14,0,-0.0053636,-0.00514457,-0.003900138,-0.0057780,-0.0039001,sell
2020-11-22,0,1.53,0.66,0,0.99,0.16,0.01,0, 0.0079600, 0.00527207, 0.006174607, 0.0046593, 0.0081415,buy
2020-11-23,0,1.77,0.51,0,0.89,0.15,0.01,0, 0.0054256, 0.00486001, 0.004368213, 0.0022360, 0.0058705,buy
2020-11-24,0,2.01,0.51,0,0.83,0.14,0.02,0, 0.0067607, 0.00648135, 0.006951028, 0.0016701, 0.0067607,buy
2020-11-25,0,2.16,0.96,0,0.78,0.15,0.09,0,-0.0015219,-0.00150803,-0.001508032,-0.0002803,-0.0015080,sell
2020-11-26,0,1.22,0.73,0,0.77,0.15,0.42,0,-0.0008785,-0.00230821,-0.002308205,-0.0023082, 0.0000304,sell
2020-11-27,0,0.53,0.32,0,0.79,0.18,0.9,0,-0.0013325,-0.00710898,-0.006538161,-0.0010356,-0.0054389,sell
2020-11-28,0,0.31,0.24,0,0.81,0.25,1.08,0,-0.0049531,-0.00944855,-0.008601344,-0.0088240,-0.0090708,sell
2020-11-29,0,0.26,0.23,0,0.87,0.44,1.09,0,-0.0066423,-0.00627711,-0.005472828,-0.0069263,-0.0079981,sell
2020-11-30,0,0.3,0.16,0,0.96,0.48,0.75,0,-0.0054324,-0.00240187,-0.001785230,-0.0024019,-0.0039495,sell
2020-12-01,0,0.39,0.1,0,1.1,0.38,0.87,0,-0.0041339,-0.00168354,-0.001707474,-0.0045115,-0.0012021,sell
2020-12-02,0,0.73,0.11,0,1.27,0.46,1.46,0, 0.0004372, 0.00083067, 0.000437236,-0.0001088, 0.0007397,buy
2020-12-03,0,1.15,0.15,0,1.47,0.53,1.28,0, 0.0004119,-0.00241180,-0.002853930,-0.0026862,-0.0012821,sell
2020-12-04,0,0.76,0.26,0,1.77,0.41,0.56,0,-0.0066039,-0.00931834,-0.005293484,-0.0044444,-0.0005123,sell
2020-12-05,0,0.52,0.57,0,2.13,0.35,0.27,0, 0.0124255, 0.00042305, 0.000423046, 0.0116986,-0.0003360,buy
2020-12-06,0,0.83,0.8,0,2.3,0.43,0.16,0, 0.0027856,-0.00429514,-0.002296025,-0.0001265, 0.0004116,sell
2020-12-07,0,1.5,0.52,0,2.04,0.51,0.13,0, 0.0054820, 0.00601260, 0.004839109, 0.0049433, 0.0048552,buy
2020-12-08,0,1.05,0.26,0,1.64,0.35,0.24,0, 0.0076689, 0.00041484, 0.002115573, 0.0017476,-0.0000919,buy
2020-12-09,0,0.42,0.13,0,1.34,0.5,0.54,0, 0.0036722,-0.00126060, 0.003672177, 0.0014483, 0.0015438,buy
2020-12-10,0,0.21,0.09,0,1.12,0.58,0.9,0,-0.0068266,-0.00316975,-0.003440751,-0.0026594,-0.0063712,sell
2020-12-11,0,0.15,0.06,0,0.95,0.39,0.72,0,-0.0000039,-0.00138288,-0.002501072,-0.0028479,-0.0032839,sell
2020-12-12,0,0.23,0.05,0,0.88,0.27,0.59,0, 0.0023817, 0.00563761,-0.001293413, 0.0002241, 0.0000859,buy
2020-12-13,0,0.38,0.04,0,0.88,0.24,0.75,0, 0.0012329, 0.00438832,-0.000774191, 0.0037564, 0.0013386,buy
2020-12-14,0,0.36,0.04,0,1.16,0.25,1.27,0,-0.0019487,-0.00054582,-0.000545824,-0.0021593,-0.0005458,sell
2020-12-15,0,0.44,0.04,0,1.35,0.26,1.22,0, 0.0039258, 0.00391575, 0.003915748, 0.0023125, 0.0039157,buy
2020-12-16,0,0.36,0.04,0,1.47,0.31,0.65,0, 0.0040288, 0.00256972, 0.002569718, 0.0025697, 0.0017567,buy
2020-12-17,0,0.16,0.02,0,1.28,0.35,0.35,0, 0.0136460, 0.01312495, 0.013635631, 0.0077733, 0.0128126,buy
2020-12-18,0,0.15,0.01,0,0.76,0.4,0.21,0,-0.0022203, 0.00173552,-0.000109730,-0.0013635,-0.0009198,sell
2020-12-19,0,0.22,0.04,0,0.85,0.48,0.11,0,-0.0037072,-0.00302689,-0.003306124,-0.0042241,-0.0033127,sell
2020-12-20,0,0.38,0.11,0,1.5,0.57,0.09,0,-0.0002666,-0.00286372,-0.007616302,-0.0028637, 0.0037388,sell
2020-12-21,0,0.74,0.16,0,2.22,0.71,0.07,0,-0.0023877,-0.00347610,-0.006184647,-0.0038812,-0.0020686,sell
2020-12-22,0,1.09,0.07,0,1.54,0.88,0.04,0,-0.0023694,-0.00238779,-0.003278112,-0.0002513,-0.0023878,sell
2020-12-23,0,0.75,0.02,0,0.8,0.8,0.07,0, 0.0014244,-0.00194910,-0.003667503,-0.0008334, 0.0003609,sell
2020-12-24,0,0.42,0.01,0,0.5,0.63,0.12,0,-0.0004193, 0.00105515,-0.001262287,-0.0001050, 0.0011713,buy
2020-12-25,0,0.27,0,0,0.36,0.58,0.22,0,-0.0002321, 0.00040732, 0.000159307, 0.0000038, 0.0021632,buy
2020-12-26,0,0.21,0,0,0.32,0.63,0.56,0,-0.0006867,-0.00090010,-0.000637714,-0.0006867,-0.0009001,sell
2020-12-27,0,0.19,0,0,0.27,0.72,1.11,0, 0.0061772, 0.00562310, 0.004898428, 0.0066580, 0.0056955,buy
2020-12-28,0,0.17,0,0,0.32,0.92,0.86,0,-0.0014522,-0.00370198,-0.003710763, 0.0018535,-0.0038765,sell
2020-12-29,0,0.2,0,0,0.33,1.04,0.46,0,-0.0008174,-0.00013081,-0.000817411,-0.0027673,-0.0045015,sell
2020-12-30,0,0.25,0.01,0,0.36,0.85,0.52,0,-0.0015801,-0.00490695,-0.002120491,-0.0013566,-0.0060263,sell
2020-12-31,0,0.32,0.03,0,0.42,0.72,0.91,0, 0.0017745,-0.00094884,-0.000811224, 0.0002019,-0.0028489,buy
2021-01-01,0,0.52,0.08,0,0.51,0.63,1.59,0, 0.0010969, 0.00089120, 0.000891198, 0.0037946, 0.0011189,buy
2021-01-02,0,0.61,0.05,0,0.71,0.63,1.66,0, 0.0007578, 0.00188857, 0.000821538, 0.0044416,-0.0002583,buy
2021-01-03,0,0.48,0.01,0,1.21,0.63,1.3,0,-0.0023266,-0.00550739,-0.003800242, 0.0034215,-0.0034228,sell
2021-01-04,0,0.46,0,0,1.4,0.64,0.94,0, 0.0032974, 0.00244683, 0.004454651, 0.0010529, 0.0028316,buy
2021-01-05,0,0.47,0.01,0,1.14,0.62,0.86,0, 0.0000383, 0.00082738, 0.002774436,-0.0003664, 0.0008148,sell
2021-01-06,0,0.47,0.02,0,1.21,0.65,0.95,0,-0.0064746,-0.00530729,-0.005307285,-0.0005242,-0.0064564,sell
2021-01-07,0,0.49,0.05,0,1.49,0.87,1.24,0,-0.0009042,-0.00606337,-0.006186567,-0.0034927,-0.0060634,sell
2021-01-08,0,0.53,0.08,0,1.5,0.89,1.69,0, 0.0005071,-0.00138176,-0.002027634, 0.0003473,-0.0000063,buy
2021-01-09,0,0.68,0.05,0,1.32,0.67,1.79,0,-0.0000092, 0.00199953, 0.000022281, 0.0010034,-0.0019568,buy
2021-01-10,0,0.99,0.02,0,1.26,0.79,2.04,0, 0.0006932, 0.00434077, 0.001131650,-0.0006868,-0.0006868,buy
2021-01-11,0,1.69,0.01,0,1.29,0.71,3.02,0,-0.0066601,-0.00430688,-0.005954502,-0.0062333,-0.0069740,sell
2021-01-12,0,2.26,0,0,1.6,0.57,2.5,0,-0.0041153,-0.00119518,-0.003064046,-0.0043255,-0.0032935,sell
2021-01-13,0,1.53,0,0,1.69,0.61,1.54,0,-0.0020015,-0.00153924,-0.002001522, 0.0003615,-0.0029664,sell
2021-01-14,0,1.28,0,0,1.3,0.69,1.19,0,-0.0008886,-0.00104557,-0.001218004,-0.0012248,-0.0006550,sell
2021-01-15,0,1.34,0,0,1.22,0.65,0.99,0, 0.0018393, 0.00194934, 0.001839338, 0.0008861, 0.0008861,buy
2021-01-16,0,1.51,0,0,1.43,0.55,0.89,0, 0.0027274, 0.00300858, 0.001835325, 0.0013542, 0.0018295,buy
2021-01-17,0,1.59,0,0,1.87,0.49,0.81,0, 0.0040973, 0.00446067, 0.002977513, 0.0031710, 0.0050306,buy
2021-01-18,0,1.72,0,0,2.26,0.49,0.74,0, 0.0030391, 0.00111620, 0.002390687, 0.0022290, 0.0032553,buy
2021-01-19,0,2.07,0.03,0,2.54,0.55,0.68,0, 0.0016260,-0.00008398, 0.000162426,-0.0000035, 0.0025021,buy
2021-01-20,0,2.11,0.12,0,2.85,0.72,0.74,0, 0.0014966, 0.00149662, 0.001496622, 0.0024351, 0.0041535,buy
2021-01-21,0,1.64,0.39,0,2.02,1.14,0.92,0, 0.0008343, 0.00494824, 0.000597467, 0.0056789, 0.0021648,buy
2021-01-22,0,1.34,0.87,0,1.29,1.32,1.35,0,-0.0016170,-0.00184211,-0.000637459,-0.0027595,-0.0034171,sell
2021-01-23,0,1.13,0.64,0,1.02,1.22,2.37,0,-0.0044685,-0.00161361,-0.004468476,-0.0021815,-0.0028478,sell
2021-01-24,0,1.2,0.24,0,1.01,1.14,3.09,0,-0.0008895, 0.00237471,-0.000002198,-0.0030367,-0.0031065,sell
2021-01-25,0,1.88,0.1,0,1.2,0.81,2.82,0,-0.0041704,-0.00037318,-0.002755784,-0.0040340,-0.0068601,sell
2021-01-26,0,1.8,0.04,0,1.42,0.56,1.84,0, 0.0001180, 0.00020317,-0.001186398, 0.0032542,-0.0034130,buy
2021-01-27,0,0.88,0,0,1.38,0.43,1.18,0, 0.0050739, 0.00442984,-0.000118435,-0.0014367, 0.0010939,buy
2021-01-28,0,0.48,0,0,1.48,0.39,0.94,0,-0.0007125,-0.00381719,-0.002494111,-0.0028482,-0.0025210,sell
2021-01-29,0,0.33,0,0,1.94,0.38,0.84,0, 0.0023724,-0.00157666,-0.000594343,-0.0005943, 0.0034641,sell
2021-01-30,0,0.24,0,0,1.66,0.35,0.83,0,-0.0032500,-0.00358617,-0.003586173,-0.0006744,-0.0069831,sell
2021-01-31,0,0.25,0,0,1.19,0.3,0.89,0, 0.0067984, 0.00261916, 0.002235519, 0.0041965, 0.0015281,buy
2021-02-01,0,0.26,0,0,1.12,0.28,0.93,0, 0.0056109, 0.00492282,-0.000679181, 0.0029969, 0.0050262,buy
2021-02-02,0,0.39,0,0,1.35,0.27,1.02,0, 0.0016694, 0.00032381, 0.000293104, 0.0008735, 0.0002931,buy
2021-02-03,0,0.52,0,0,1.66,0.34,1.22,0,-0.0000985,-0.00164518,-0.003169089,-0.0043216,-0.0018485,sell
2021-02-04,0,0.79,0.05,0,2.11,0.53,1.51,0,-0.0030525,-0.00316789,-0.002910516,-0.0034052,-0.0031679,sell
2021-02-05,0,1.57,0.14,0,2,0.64,2.16,0,-0.0027453,-0.00008960,-0.004255939,-0.0031724,-0.0039276,sell
2021-02-06,0,1.17,0.33,0,1.46,0.69,2.96,0, 0.0034605, 0.00328119, 0.001909153, 0.0029313, 0.0022133,buy
2021-02-07,0,0.4,0.88,0,1.76,1.02,2.61,0, 0.0095442, 0.00676951, 0.010624371, 0.0108958, 0.0087250,buy
2021-02-08,0,0.17,1.6,0,2.23,1.02,2.33,0, 0.0007523, 0.00003801, 0.003363982, 0.0010153, 0.0052475,buy
2021-02-09,0,0.08,1.08,0,1.86,1.29,2.28,0,-0.0011724, 0.00070619,-0.003713424, 0.0054997,-0.0005846,buy
2021-02-10,0,0.06,0.41,0,1.26,1.21,2.07,0, 0.0052655, 0.00768739, 0.005304550, 0.0056186, 0.0053805,buy
2021-02-11,0,0.05,0.16,0,1.1,0.73,1.93,0, 0.0010930,-0.00234141,-0.005173122,-0.0021303,-0.0015352,sell
2021-02-12,0,0.04,0.05,0,1.22,0.51,1.89,0, 0.0059073,-0.00329923, 0.002816965, 0.0032168, 0.0030182,buy
2021-02-13,0,0.03,0.04,0,1.62,0.53,2,0,-0.0038803,-0.00772658,-0.001110134,-0.0011101,-0.0011101,sell
2021-02-14,0,0.02,0.15,0,1.91,0.7,1.9,0, 0.0084428,-0.00334175, 0.004022251, 0.0041751, 0.0041751,buy
2021-02-15,0,0.02,0.54,0,1.9,1.02,1.58,0, 0.0021149, 0.00282142, 0.001936151, 0.0053478, 0.0035187,buy
2021-02-16,0,0.02,0.79,0,2.35,1.13,1.32,0, 0.0026460, 0.00695149, 0.003356287, 0.0094020, 0.0059264,buy
2021-02-17,0,0.01,0.31,0,2.47,1.28,1.12,0,-0.0015600, 0.00281741, 0.002621267, 0.0038727, 0.0013608,buy
2021-02-18,0,0,0.1,0,1.77,1.53,0.99,0, 0.0007655,-0.00058277, 0.001991523, 0.0021338, 0.0012699,buy
2021-02-19,0,0,0.03,0,1.35,1.32,0.88,0,-0.0021348,-0.00303003,-0.000465995,-0.0011368,-0.0013313,sell
2021-02-20,0,0,0.05,0,1.28,0.84,0.8,0, 0.0001745,-0.00331502,-0.001516888, 0.0002759, 0.0003430,sell
2021-02-21,0,0,0.07,0,1.58,0.58,0.74,0,-0.0003737,-0.00062549,-0.000564904,-0.0008184,-0.0005649,sell
2021-02-22,0,0,0.11,0,1.87,0.45,0.69,0, 0.0021290, 0.00206117, 0.002107303, 0.0020221, 0.0019087,buy
2021-02-23,0,0,0.17,0,1.75,0.36,0.68,0, 0.0042588, 0.00428218, 0.004794705, 0.0042588, 0.0039549,buy
2021-02-24,0,0,0.26,0,2.15,0.3,0.74,0, 0.0058545, 0.00605276, 0.006045936, 0.0060745, 0.0008862,buy
2021-02-25,0,0,0.43,0,2.78,0.27,0.85,0, 0.0011889,-0.00104884, 0.000845322,-0.0003135, 0.0010713,buy
2021-02-26,0,0,0.53,0,2.66,0.25,0.79,0,-0.0002314,-0.00044814,-0.000514637,-0.0004514,-0.0000283,sell
2021-02-27,0,0,0.48,0,2.5,0.28,0.63,0,-0.0000349, 0.00063108, 0.000153501, 0.0005702, 0.0014166,buy
2021-02-28,0,0,0.49,0,2.05,0.39,0.55,0, 0.0021730, 0.00217296, 0.002172957, 0.0024027, 0.0021730,buy
2021-03-01,0,0,0.77,0,1.81,0.49,0.53,0, 0.0050218,-0.00106174, 0.002931325, 0.0001649, 0.0029313,buy
2021-03-02,0,0.02,0.9,0,2.18,0.36,0.58,0,-0.0048755,-0.00464301,-0.003498774,-0.0044748,-0.0046372,sell
2021-03-03,0,0.03,0.46,0,2.75,0.28,0.71,0,-0.0030867,-0.00130962, 0.002697752,-0.0007190,-0.0019674,sell
2021-03-04,0,0.04,0.18,0,2.29,0.27,0.61,0,-0.0047560,-0.00345512,-0.002721134,-0.0044174,-0.0043005,sell
2021-03-05,0,0.05,0.08,0,1.86,0.39,0.49,0, 0.0096692, 0.00898214, 0.007115066, 0.0071151, 0.0037824,buy
2021-03-06,0,0.07,0.02,0,1.92,0.6,0.43,0, 0.0016082, 0.00160818, 0.001608178, 0.0012225, 0.0016598,buy
2021-03-07,0,0.09,0,0,2.47,0.66,0.42,0, 0.0073996, 0.00711778, 0.005382541, 0.0061144, 0.0038640,buy
2021-03-08,0,0.11,0,0,2.9,0.77,0.41,0, 0.0040634, 0.00406337,-0.001502633,-0.0015947,-0.0015947,buy
2021-03-09,0,0.14,0,0,2.49,0.93,0.4,0, 0.0022888, 0.00228880,-0.001218218, 0.0024023, 0.0002222,buy
2021-03-10,0,0.21,0,0,2.13,0.85,0.45,0, 0.0041181,-0.00063095, 0.003174348, 0.0041181, 0.0013667,buy
2021-03-11,0,0.26,0.01,0,2.3,0.44,0.49,0, 0.0025635,-0.00152411, 0.001719619, 0.0025635, 0.0026791,buy
2021-03-12,0,0.32,0.01,0,3.17,0.31,0.56,0, 0.0022195, 0.00221953, 0.002219533, 0.0012454, 0.0039169,buy
2021-03-13,0,0.42,0.03,0,3.33,0.3,0.68,0,-0.0009487,-0.00108603,-0.000948743,-0.0010938,-0.0015796,sell
2021-03-14,0,0.52,0.09,0,2.43,0.25,0.91,0,-0.0011988,-0.00308040,-0.004260305,-0.0042207,-0.0018387,sell
2021-03-15,0,0.65,0.13,0,2.08,0.29,1.36,0, 0.0039614,-0.00087594, 0.003275844, 0.0032758, 0.0039614,buy
2021-03-16,0,0.75,0.21,0,2,0.28,2.13,0,-0.0047641,-0.00384060,-0.004524514,-0.0027136,-0.0049749,sell
2021-03-17,0,0.68,0.33,0,2.04,0.22,2.74,0,-0.0021387,-0.00776334,-0.001904059,-0.0028944,-0.0019365,sell
2021-03-18,0,0.59,0.53,0,2.15,0.16,2.97,0,-0.0083131,-0.00820483,-0.004362076,-0.0117132,-0.0091190,sell
2021-03-19,0,0.53,0.89,0,2.26,0.12,2.29,0,-0.0037350,-0.00373504,-0.003735041,-0.0040890,-0.0025585,sell
2021-03-20,0,0.52,1.01,0,2.62,0.11,1.66,0,-0.0031669,-0.00316693,-0.002119450,-0.0031669,-0.0012270,sell
2021-03-21,0,0.57,0.76,0,3.61,0.13,1.53,0,-0.0104110,-0.00746030,-0.008241315,-0.0070586,-0.0145596,sell
2021-03-22,0,0.72,0.57,0,3.59,0.21,1.41,0,-0.0058137,-0.00228824,-0.000204953,-0.0024409,-0.0020233,sell
2021-03-23,0,0.9,0.5,0,3.03,0.46,1.22,0, 0.0021064, 0.00251618, 0.003451412, 0.0020224, 0.0019432,buy
2021-03-24,0,0.79,0.5,0,2.96,0.52,1.23,0, 0.0016349, 0.00215048, 0.002746559, 0.0021197, 0.0022143,buy
2021-03-25,0,0.52,0.6,0,2.35,0.43,1.28,0, 0.0056140, 0.00163880, 0.002780315, 0.0027803, 0.0027803,buy
2021-03-26,0,0.37,0.8,0,1.96,0.62,1.2,0, 0.0000966,-0.00325047,-0.002026240,-0.0022293,-0.0022293,sell
2021-03-27,0,0.27,1.3,0,1.96,0.93,1.08,0, 0.0010653, 0.00103649,-0.000408813, 0.0052458, 0.0010365,buy
2021-03-28,0,0.21,2.23,0,2.18,0.79,0.98,0, 0.0058721, 0.00566104, 0.003008363, 0.0082710, 0.0055834,buy
2021-03-29,0,0.17,2.02,0,2.27,0.52,0.97,0, 0.0002938, 0.00029381, 0.000244841, 0.0054936, 0.0002938,buy
2021-03-30,0,0.14,1.06,0,2.49,0.44,1.02,0, 0.0023682, 0.00236820, 0.001975374, 0.0006080, 0.0019754,buy
2021-03-31,0,0.12,0.65,0,2.52,0.51,1.08,0, 0.0044233,-0.00056103, 0.002713948, 0.0022029, 0.0022029,buy
2021-04-01,0,0.11,0.43,0,1.89,0.52,1.38,0, 0.0063923, 0.00426897, 0.006480416, 0.0069849, 0.0076177,buy
2021-04-02,0,0.12,0.33,0,1.65,0.49,1.58,0, 0.0011452, 0.00208968, 0.002818595, 0.0029483, 0.0025856,buy
2021-04-03,0,0.11,0.27,0,1.54,0.47,1.1,0, 0.0007780, 0.00139954, 0.000843672, 0.0015788, 0.0018079,buy
2021-04-04,0,0.12,0.23,0,1.57,0.51,0.99,0,-0.0005944,-0.00025628,-0.000160597,-0.0006327, 0.0024006,buy
2021-04-05,0,0.16,0.19,0,1.61,0.57,1.15,0,-0.0005781, 0.00063426, 0.000634262, 0.0006343, 0.0040280,buy
2021-04-06,0,0.33,0.26,0,1.76,0.63,1.37,0,-0.0005536, 0.00132293, 0.000012509, 0.0013229, 0.0051644,buy
2021-04-07,0,0.88,0.72,0,2.27,0.66,1.19,0,-0.0051038,-0.00591679,-0.005830634,-0.0042902,-0.0047339,sell
2021-04-08,0,1.65,0.91,0,2.52,0.73,1,0,-0.0057093,-0.00554040,-0.005850982,-0.0045802,-0.0026777,sell
2021-04-09,0,1.26,0.28,0,2.32,0.86,1.16,0, 0.0034141, 0.00538450, 0.002071349, 0.0045041, 0.0051400,buy
2021-04-10,0,1.19,0.12,0,2.24,0.63,1.81,0, 0.0019060, 0.00191468, 0.002009422,-0.0027012, 0.0020094,buy
2021-04-11,0,1.76,0.09,0,2.43,0.48,1.77,0,-0.0035003, 0.00166822, 0.002593660, 0.0013887, 0.0011596,buy
2021-04-12,0,1.44,0.09,0,2.18,0.44,1.43,0, 0.0009219, 0.00407594, 0.001644585, 0.0024435, 0.0025920,buy
2021-04-13,0,1.02,0.11,0,2.06,0.46,1.57,0,-0.0021112,-0.00255555,-0.003827135,-0.0024934,-0.0044230,sell
2021-04-14,0,1.4,0.13,0,2.24,0.44,1.74,0,-0.0021572,-0.00095092,-0.000983550,-0.0004394,-0.0021403,sell
2021-04-15,0,2.46,0.17,0,2.78,0.4,1.89,0, 0.0008010, 0.00106397, 0.001063043, 0.0005320,-0.0002475,buy
2021-04-16,0,1.94,0.26,0,2.54,0.33,1.96,0,-0.0046991, 0.00244662, 0.002503018, 0.0021706, 0.0020230,buy
2021-04-17,0,1.75,0.41,0,2.54,0.36,2.72,0,-0.0089411,-0.00391708,-0.002930216,-0.0042853,-0.0044063,sell
2021-04-18,0,1.46,0.44,0,2.6,0.41,1.87,0,-0.0068357,-0.00443732,-0.003492059,-0.0042141,-0.0055281,sell
2021-04-19,0,1.15,0.3,0,2.56,0.42,0.82,0,-0.0051823,-0.00604227,-0.004385501,-0.0034668,-0.0059743,sell
2021-04-20,0,0.89,0.19,0,2.6,0.5,0.51,0, 0.0000587, 0.00139519, 0.002400303, 0.0024404, 0.0024404,buy
2021-04-21,0,0.7,0.13,0,2.75,0.4,0.4,0, 0.0011406, 0.00182293, 0.005802157, 0.0007024, 0.0011406,buy
2021-04-22,0,0.57,0.08,0,3.54,0.5,0.4,0, 0.0038701, 0.00450073, 0.002768339, 0.0027683, 0.0027910,buy
2021-04-23,0,0.5,0.06,0,4.22,0.39,0.4,0, 0.0013715,-0.00260130, 0.001329905,-0.0020567, 0.0004122,sell
2021-04-24,0,0.44,0.05,0,4,0.21,0.42,0, 0.0031904, 0.00417216, 0.004088959,-0.0009675, 0.0043554,buy
2021-04-25,0,0.41,0.03,0,2.7,0.29,0.42,0,-0.0000837,-0.00206709,-0.001825155,-0.0006308,-0.0008159,sell
2021-04-26,0,0.39,0.03,0,2.08,0.56,0.46,0, 0.0027808, 0.00236978, 0.002369780, 0.0023698, 0.0070759,buy
2021-04-27,0,0.38,0.03,0,1.92,0.95,0.51,0, 0.0039782, 0.00097688,-0.000769750, 0.0040828,-0.0001540,buy
2021-04-28,0,0.38,0.03,0,2.03,0.79,0.7,0,-0.0009166,-0.00091658,-0.000535744,-0.0003104,-0.0027038,sell
2021-04-29,0,0.36,0.03,0,2.37,0.65,1.31,0, 0.0037089,-0.00025079, 0.004801760, 0.0038917, 0.0040899,buy
2021-04-30,0,0.38,0.03,0,3.14,0.73,1.61,0,-0.0001539,-0.00057813, 0.003533832,-0.0002131,-0.0013965,sell
2021-05-01,0,0.39,0.03,0,3.2,1.02,1.43,0,-0.0032576,-0.00391470,-0.001586967,-0.0038864,-0.0030856,sell
2021-05-02,0,0.41,0.04,0,3.28,0.78,2.01,0,-0.0033767,-0.00280484,-0.000958579,-0.0035064,-0.0031559,sell
2021-05-03,0,0.43,0.04,0,2.88,0.37,2.28,0,-0.0042958,-0.00301576,-0.001775615,-0.0036663,-0.0029995,sell
2021-05-04,0,0.45,0.04,0,2.03,0.4,2.36,0,-0.0049094,-0.00467742,-0.004449071,-0.0042734,-0.0027762,sell
2021-05-05,0,0.47,0.04,0,1.8,0.7,2.88,0, 0.0015897, 0.00282759, 0.002442409, 0.0016643, 0.0026175,buy
2021-05-06,0,0.49,0.04,0,1.79,0.56,2.93,0, 0.0005115,-0.00160592,-0.001187300,-0.0001432, 0.0000524,sell
2021-05-07,0,0.53,0.05,0,2.04,0.23,2.37,0,-0.0025968,-0.00217237,-0.001249514, 0.0007493,-0.0016853,sell
2021-05-08,0,0.59,0.05,0,2.58,0.11,2.06,0, 0.0021104, 0.00097796, 0.002838004, 0.0029408, 0.0028380,buy
2021-05-09,0,0.69,0.06,0,3.27,0.06,2.12,0,-0.0019147, 0.00068979,-0.001135788,-0.0019147,-0.0010707,sell
2021-05-10,0,0.96,0.07,0,3.41,0.04,2.91,0,-0.0039622,-0.00309793,-0.000531687,-0.0039622,-0.0039622,sell
2021-05-11,0,1.38,0.08,0,2.88,0.04,3.28,0,-0.0017997,-0.00318725, 0.000906875,-0.0013878,-0.0008560,sell
2021-05-12,0,1.12,0.09,0,2.3,0.09,2.69,0,-0.0021082,-0.00383139, 0.000196984,-0.0009067,-0.0030147,sell
2021-05-13,0,0.92,0.11,0,2,0.12,2.4,0, 0.0007822, 0.00092164, 0.002241474, 0.0042125, 0.0023060,buy
2021-05-14,0,0.93,0.15,0,1.79,0.26,1.94,0, 0.0035791, 0.00413709, 0.005718626, 0.0071465, 0.0059887,buy
2021-05-15,0,1.02,0.18,0,1.69,0.47,1.75,0,-0.0003427, 0.00348339, 0.002900448, 0.0034834, 0.0004828,buy
2021-05-16,0,1.22,0.19,0,1.69,0.92,1.9,0,-0.0011930, 0.00728672, 0.001065050,-0.0006967, 0.0011767,buy
2021-05-17,0,1.62,0.18,0,1.78,1.08,2.46,0, 0.0025271, 0.00817170, 0.005977270, 0.0032041, 0.0033252,buy
2021-05-18,0,2.27,0.18,0,1.89,0.68,3.08,0,-0.0053635,-0.00534812,-0.006462086,-0.0054056,-0.0067058,sell
2021-05-19,0,2.05,0.19,0,1.77,0.45,2.48,0,-0.0031576,-0.00206386,-0.006641619,-0.0023442,-0.0063522,sell
2021-05-20,0,1.45,0.22,0,1.66,0.32,1.84,0, 0.0021499, 0.00871675, 0.004573265, 0.0037277, 0.0040479,buy
2021-05-21,0,1.17,0.24,0,1.68,0.3,1.53,0,-0.0009900, 0.00099350,-0.000157281,-0.0033300,-0.0045986,sell
2021-05-22,0,1.03,0.3,0,1.86,0.33,1.34,0,-0.0020498,-0.00204265,-0.003182524,-0.0040843,-0.0048868,sell
2021-05-23,0,0.99,0.36,0,2.15,0.41,1.27,0,-0.0037009,-0.00367657,-0.003676569,-0.0048519,-0.0037772,sell
2021-05-24,0,1,0.44,0,2.4,0.57,1.21,0,-0.0042323,-0.00423915,-0.005114912,-0.0045536,-0.0051696,sell
2021-05-25,0,1.06,0.52,0,2.19,0.75,1.14,0,-0.0047436,-0.00276980,-0.003778432,-0.0044624,-0.0049653,sell
2021-05-26,0,1.15,0.63,0,2.01,0.91,1.1,0, 0.0023404, 0.00047169, 0.001889942, 0.0031357, 0.0018899,buy
2021-05-27,0,1.16,0.79,0,2.04,0.98,1.05,0, 0.0025676,-0.00010932, 0.002211201, 0.0035740, 0.0022112,buy
2021-05-28,0,1.06,0.95,0,2.28,0.86,1,0,-0.0038700,-0.00425956,-0.003762319,-0.0018969,-0.0018969,sell
2021-05-29,0,0.96,1.05,0,2.42,0.72,1.05,0,-0.0064988,-0.00673851,-0.007059566,-0.0050040,-0.0044955,sell
2021-05-30,0,0.95,1.14,0,2.18,0.65,1.13,0,-0.0003398, 0.00240474, 0.002468156,-0.0008325, 0.0006312,sell
2021-05-31,0,1.12,0.93,0,2.12,0.69,1.32,0, 0.0003588, 0.00233086, 0.001605774,-0.0027169, 0.0013432,buy
2021-06-01,0,1.45,0.65,0,2.42,0.71,1.81,0,-0.0013155,-0.00263696,-0.002636963,-0.0016237,-0.0038081,sell
2021-06-02,0,1.21,0.5,0,2.73,0.56,2.26,0,-0.0070921,-0.00630876,-0.004946028,-0.0054969,-0.0058146,sell
2021-06-03,0,0.76,0.41,0,2.32,0.39,1.79,0,-0.0015672,-0.00524195,-0.002830072,-0.0037318,-0.0041011,sell
2021-06-04,0,0.57,0.33,0,1.94,0.27,1.27,0, 0.0013110,-0.00163149,-0.001608746,-0.0020690,-0.0032015,sell
2021-06-05,0,0.45,0.26,0,1.82,0.22,1.03,0, 0.0036753, 0.00432512, 0.004325120, 0.0036073, 0.0020485,buy
2021-06-06,0,0.39,0.2,0,1.79,0.17,0.95,0, 0.0059188, 0.00406935, 0.004506957, 0.0045070, 0.0048812,buy
2021-06-07,0,0.36,0.15,0,1.91,0.14,0.87,0, 0.0021381,-0.00095968,-0.000146311,-0.0001463, 0.0003402,buy
2021-06-08,0,0.33,0.13,0,2.17,0.15,0.88,0,-0.0009299,-0.00268171,-0.002002881,-0.0016168,-0.0017227,sell
2021-06-09,0,0.32,0.12,0,2.42,0.17,0.94,0, 0.0024554, 0.00001185, 0.002294100,-0.0011228, 0.0002422,sell
2021-06-10,0,0.29,0.13,0,2.33,0.23,1.03,0,-0.0040831,-0.00555717,-0.001169509, 0.0022138, 0.0027514,sell
2021-06-11,0,0.28,0.16,0,1.99,0.3,1.2,0, 0.0046294, 0.00243903, 0.003378272, 0.0030979, 0.0043118,buy
2021-06-12,0,0.27,0.25,0,1.63,0.41,1.63,0,-0.0056501,-0.00423200,-0.005397379,-0.0025493,-0.0061886,sell
2021-06-13,0,0.31,0.4,0,1.39,0.56,2.29,0, 0.0044077, 0.00371254, 0.003602392, 0.0064427, 0.0040287,buy
2021-06-14,0,0.39,0.56,0,1.32,0.75,2.39,0, 0.0052153, 0.00389115, 0.005441115, 0.0063009, 0.0058629,buy
2021-06-15,0,0.66,0.62,0,1.49,0.94,2.13,0, 0.0023344, 0.00136809, 0.001368088, 0.0024510,-0.0001709,buy
2021-06-16,0,1.09,0.61,0,2.27,0.86,2.62,0, 0.0020443, 0.00100088, 0.002105897, 0.0005622, 0.0004625,buy
2021-06-17,0,0.85,0.56,0,2.12,0.55,2.62,0,-0.0053442,-0.00550375,-0.001948303,-0.0054051,-0.0054937,sell
2021-06-18,0,0.57,0.3,0,1.58,0.43,1.87,0, 0.0010024, 0.00053574, 0.000961735, 0.0024971, 0.0034407,buy
2021-06-19,0,0.47,0.15,0,1.71,0.4,1.57,0, 0.0013264, 0.00057278, 0.000792842, 0.0002238,-0.0001896,buy
2021-06-20,0,0.35,0.07,0,1.81,0.33,1.48,0,-0.0003418,-0.00188197,-0.003887447,-0.0044652,-0.0030713,sell
2021-06-21,0,0.36,0.04,0,1.57,0.32,1.48,0,-0.0016828, 0.00106837,-0.002504730,-0.0026538, 0.0010684,buy
2021-06-22,0,0.46,0,0,1.26,0.42,1.48,0,-0.0009983, 0.00038393,-0.000592918,-0.0019666,-0.0000504,sell
2021-06-23,0,0.62,0,0,1.09,0.56,1.58,0,-0.0013638,-0.00049796,-0.001595774, 0.0019236,-0.0004307,buy
2021-06-24,0,0.88,0,0,0.99,0.48,1.6,0,-0.0014629, 0.00026111,-0.000762170, 0.0025989,-0.0016851,buy
2021-06-25,0,0.83,0.02,0,0.93,0.32,1.56,0, 0.0004793, 0.00280202, 0.004899187, 0.0051801, 0.0046992,buy
2021-06-26,0,0.55,0.06,0,0.9,0.26,1.53,0, 0.0016382, 0.00432395, 0.005152320, 0.0044986, 0.0037831,buy
2021-06-27,0,0.38,0.17,0,0.9,0.28,1.43,0,-0.0010420,-0.00560364,-0.004505918,-0.0044787,-0.0036359,sell
2021-06-28,0,0.29,0.47,0,0.92,0.4,1.28,0,-0.0056497,-0.00572780,-0.005500244,-0.0063111,-0.0053363,sell
2021-06-29,0,0.24,0.43,0,0.98,0.55,1.19,0,-0.0035991, 0.00215550,-0.003608871, 0.0002492, 0.0014491,buy
2021-06-30,0,0.23,0.15,0,1.11,0.42,1.11,0,-0.0088276,-0.00826879,-0.008821176,-0.0088276,-0.0079900,sell
2021-07-01,0,0.26,0.06,0,1.22,0.29,1.08,0,-0.0014224, 0.00062556,-0.001215048,-0.0020944, 0.0006256,sell
2021-07-02,0,0.39,0.05,0,1.33,0.3,1.07,0, 0.0020985, 0.00298994, 0.002218759, 0.0012751, 0.0022188,buy
2021-07-03,0,0.85,0.08,0,1.63,0.45,1.1,0,-0.0038453,-0.00378042,-0.002795879,-0.0006039,-0.0043853,sell
2021-07-04,0,0.83,0.08,0,1.88,0.68,1.27,0,-0.0011491,-0.00138456,-0.001149053,-0.0011491, 0.0010477,sell
2021-07-05,0,0.45,0.06,0,1.72,0.55,1.37,0,-0.0014880,-0.00538970,-0.002739199,-0.0008744,-0.0044194,sell
2021-07-06,0,0.43,0.08,0,1.55,0.3,1.29,0, 0.0002093,-0.00001292,-0.000968044,-0.0040122,-0.0000187,sell
2021-07-07,0,0.68,0.2,0,1.56,0.17,1.19,0, 0.0020394, 0.00215560, 0.002480615,-0.0023462, 0.0022055,buy
2021-07-08,0,1.1,0.39,0,1.69,0.12,1.24,0,-0.0036467,-0.00458682,-0.000176261,-0.0053839,-0.0067538,sell
2021-07-09,0,0.97,0.27,0,1.59,0.12,1.28,0,-0.0073120,-0.00726775,-0.003753529,-0.0076364,-0.0074586,sell
2021-07-10,0,0.59,0.09,0,1.32,0.15,1.2,0, 0.0038420, 0.00487317, 0.003903807, 0.0025655, 0.0037872,buy
2021-07-11,0,0.42,0.03,0,1.16,0.22,0.99,0, 0.0023085, 0.00230848, 0.002224109, 0.0008161, 0.0009129,buy
2021-07-12,0,0.33,0.02,0,1.06,0.19,0.89,0,-0.0047546,-0.00491776,-0.004847098,-0.0037854,-0.0047354,sell
2021-07-13,0,0.26,0.08,0,1.01,0.24,0.78,0,-0.0051331,-0.00272146,-0.004599487,-0.0059246,-0.0057593,sell
2021-07-14,0,0.27,0.18,0,0.99,0.39,0.75,0,-0.0022393,-0.00228306,-0.001849817,-0.0068172,-0.0022831,sell
2021-07-15,0,0.29,0.44,0,1.02,0.73,0.78,0, 0.0031622, 0.00528872, 0.006726089, 0.0065119, 0.0057939,buy
2021-07-16,0,0.34,0.73,0,1.16,0.84,0.92,0,-0.0018559,-0.00237113,-0.001227080,-0.0027769,-0.0027769,sell
2021-07-17,0,0.5,0.87,0,1.29,0.88,1.24,0, 0.0012754,-0.00166952,-0.000102042, 0.0013634,-0.0019069,buy
2021-07-18,0,0.69,1.18,0,1.36,1.13,1.46,0,-0.0021940,-0.00165792, 0.001772943, 0.0020104,-0.0002509,sell
2021-07-19,0,1.38,1.01,0,1.55,0.83,1.29,0,-0.0011854, 0.00083343, 0.000390295,-0.0014408, 0.0040320,buy
2021-07-20,0,2.34,0.96,0,1.59,0.53,1.16,0,-0.0018988, 0.00340747,-0.001963776,-0.0018988,-0.0008293,buy
2021-07-21,0,1.78,1.04,0,1.59,0.48,0.91,0, 0.0007726, 0.00356698,-0.000925866, 0.0034527,-0.0005731,buy
2021-07-22,0,0.72,1.16,0,1.9,0.52,0.88,0, 0.0006479, 0.00064210, 0.002071229, 0.0005788, 0.0006479,buy
2021-07-23,0,0.57,1.02,0,2.22,0.63,1.05,0, 0.0028163, 0.00454865, 0.005499609, 0.0028279, 0.0031481,buy
2021-07-24,0,0.71,0.54,0,1.8,0.74,1.45,0,-0.0030696,-0.00990305,-0.004416794,-0.0030696,-0.0105032,sell
2021-07-25,0,1.15,0.27,0,1.33,0.64,1.69,0, 0.0038923, 0.00504133, 0.005496102, 0.0043706, 0.0000795,buy
2021-07-26,0,1.5,0.19,0,1.47,0.5,1.63,0, 0.0040734, 0.00536016, 0.002436268, 0.0026776, 0.0037608,buy
2021-07-27,0,1.23,0.44,0,1.62,0.41,1.86,0, 0.0065628, 0.00925676, 0.008553406, 0.0060580, 0.0107665,buy
2021-07-28,0,0.93,0.52,0,0.92,0.34,1.24,0, 0.0028667, 0.00239588, 0.000210062, 0.0022086, 0.0009310,buy
2021-07-29,0,1.11,0.16,0,0.53,0.29,1.41,0,-0.0052881,-0.00358671,-0.000771093,-0.0005935,-0.0006379,sell
2021-07-30,0,1.79,0.2,0,0.4,0.26,1.88,0, 0.0031141, 0.00316097, 0.003031741, 0.0031141, 0.0017349,buy
2021-07-31,0,1.94,0.41,0,0.41,0.24,1.01,0, 0.0038329, 0.00072953, 0.004678286, 0.0046126, 0.0046307,buy
2021-08-01,0,1.01,0.81,0,0.44,0.24,0.46,0, 0.0005887, 0.00199078, 0.002208011,-0.0040345, 0.0019845,sell
2021-08-02,0,0.3,0.6,0,0.59,0.23,0.21,0,-0.0024544,-0.00243119,-0.002797061,-0.0015966,-0.0009627,sell
2021-08-03,0,0.12,0.2,0,0.8,0.24,0.14,0, 0.0021033, 0.00535543, 0.006798080, 0.0016858, 0.0053554,buy
2021-08-04,0,0.06,0.07,0,1.29,0.24,0.12,0,-0.0028461, 0.00164262,-0.001423086,-0.0008560,-0.0010724,sell
2021-08-05,0,0.06,0.02,0,1.48,0.25,0.12,0,-0.0011825, 0.00138196,-0.001051918,-0.0002681, 0.0015218,buy
2021-08-06,0,0.06,0.05,0,0.97,0.33,0.11,0,-0.0011220, 0.00089638, 0.004751288, 0.0010993,-0.0009625,buy
2021-08-07,0,0.06,0.35,0,0.67,0.48,0.11,0,-0.0003272,-0.00243102,-0.003519839,-0.0031969,-0.0015922,sell
2021-08-08,0,0.17,0.61,0,0.53,0.89,0.1,0, 0.0022750, 0.00225189, 0.002274956, 0.0021345, 0.0023200,buy
2021-08-09,0,0.58,0.49,0,0.46,0.79,0.1,0, 0.0001689,-0.00069139,-0.009876129,-0.0033770, 0.0003216,buy
2021-08-10,0,1.62,0.14,0,0.45,0.49,0.09,0, 0.0009471, 0.00227897, 0.001657744, 0.0008109, 0.0026095,buy
2021-08-11,0,1.19,0.1,0,0.43,0.42,0.09,0,-0.0017336, 0.00209237,-0.001156110,-0.0019008,-0.0005461,sell
2021-08-12,0,0.68,0.23,0,0.46,0.42,0.08,0,-0.0032124, 0.00317222,-0.002847969,-0.0043492,-0.0010755,sell
2021-08-13,0,0.8,0.57,0,0.48,0.46,0.08,0, 0.0012580, 0.00472268, 0.001367568, 0.0012447, 0.0046564,buy
2021-08-14,0,1.2,1.02,0,0.53,0.51,0.08,0,-0.0004104,-0.00161078,-0.001610779,-0.0008743,-0.0037988,sell
2021-08-15,0,1.57,0.99,0,0.56,0.55,0.07,0,-0.0078562,-0.00533859,-0.004530564,-0.0053747,-0.0072217,sell
2021-08-16,0,1.89,0.98,0,0.67,0.62,0.07,0,-0.0064276,-0.00769741,-0.006830853,-0.0070079,-0.0074538,sell
2021-08-17,0,1.84,1.36,0,0.83,0.7,0.07,0,-0.0036709,-0.00367089, 0.002084764,-0.0039286,-0.0004932,sell
2021-08-18,0,1.31,1.99,0,1.17,0.74,0.07,0, 0.0000340, 0.00125739, 0.003585543,-0.0010172,-0.0001806,sell
2021-08-19,0,1.51,1.57,0,2.05,0.73,0.06,0, 0.0010381, 0.00103808, 0.000617238, 0.0010381, 0.0003262,buy
2021-08-20,0,1.6,0.72,0,2.32,0.74,0.06,0, 0.0029433, 0.00061203,-0.002801051, 0.0017335,-0.0014758,buy
2021-08-21,0,0.82,0.41,0,1.56,0.77,0.06,0, 0.0008188, 0.00081875, 0.002408978, 0.0026883,-0.0010346,buy
2021-08-22,0,0.43,0.21,0,1.34,0.85,0.06,0, 0.0006582,-0.00034374,-0.002012889,-0.0003437,-0.0025115,buy
2021-08-23,0,0.32,0.13,0,1.36,0.99,0.06,0,-0.0007621,-0.00198370,-0.003710655, 0.0017367, 0.0012605,buy
2021-08-24,0,0.45,0.07,0,1.44,1.05,0.05,0,-0.0038273,-0.00346474,-0.004732811,-0.0007475,-0.0002673,sell
2021-08-25,0,1.06,0.08,0,1.63,0.89,0.05,0,-0.0071443,-0.00486836,-0.005150349,-0.0041591,-0.0071443,sell
2021-08-26,0,0.97,0.22,0,1.7,0.71,0.05,0, 0.0023599, 0.00235989, 0.001416942,-0.0016030, 0.0014118,buy
2021-08-27,0,0.41,0.56,0,1.61,0.58,0.05,0,-0.0016607,-0.00689597, 0.000418565,-0.0032224,-0.0078286,sell
2021-08-28,0,0.36,0.48,0,1.47,0.49,0.05,0, 0.0049642, 0.00095177, 0.008865149, 0.0098444, 0.0014387,buy
2021-08-29,0,0.54,0.24,0,1.4,0.43,0.05,0,-0.0019124, 0.00242370, 0.004348142, 0.0024237, 0.0042334,buy
2021-08-30,0,0.73,0.16,0,1.32,0.38,0.05,0,-0.0047186,-0.00333468,-0.005503881,-0.0050930,-0.0064998,sell
2021-08-31,0,0.81,0.21,0,1.28,0.37,0.04,0,-0.0027466,-0.00065784,-0.003246451,-0.0027466,-0.0029750,sell
2021-09-01,0,1.32,0.31,0,1.27,0.33,0.09,0,-0.0050372,-0.01044027,-0.010746047,-0.0049621,-0.0049252,sell
2021-09-02,0,1.51,0.6,0,1.34,0.3,0.1,0, 0.0022863, 0.00228630, 0.001866704, 0.0026747, 0.0022818,buy
2021-09-03,0,1.46,1.33,0,1.47,0.29,0.11,0, 0.0040648, 0.00382002, 0.002976512, 0.0043209, 0.0030373,buy
2021-09-04,0,1.72,1.7,0,1.7,0.29,0.13,0, 0.0014614, 0.00087689,-0.000543419, 0.0020317,-0.0005853,buy
2021-09-05,0,2.33,1.13,0,1.94,0.27,0.15,0, 0.0009941, 0.00086099, 0.004416039, 0.0052524,-0.0007760,buy
2021-09-06,0,2.64,0.87,0,1.8,0.26,0.17,0, 0.0018591,-0.00008255, 0.001074292, 0.0031610, 0.0008858,buy
2021-09-07,0,2.25,0.73,0,1.51,0.28,0.2,0,-0.0001567, 0.00301285,-0.000156688, 0.0011128,-0.0001567,buy
2021-09-08,0,2.03,0.42,0,1.35,0.28,0.19,0,-0.0056704,-0.00244587,-0.007564634,-0.0047443,-0.0032883,sell
2021-09-09,0,2.19,0.28,0,1.26,0.27,0.23,0,-0.0081528,-0.00331367,-0.006848369,-0.0078862,-0.0072979,sell
2021-09-10,0,2.05,0.27,0,1.22,0.28,0.27,0,-0.0070915,-0.00261019,-0.005589920,-0.0089298,-0.0065474,sell
2021-09-11,0,1.69,0.18,0,1.18,0.28,0.32,0, 0.0024450, 0.00497841, 0.002794091, 0.0009140, 0.0024450,buy
2021-09-12,0,1.4,0.09,0,1.1,0.27,0.38,0,-0.0001535,-0.00038449, 0.002889535,-0.0001535,-0.0003611,sell
2021-09-13,0,1.31,0.09,0,1.01,0.27,0.45,0,-0.0003165,-0.00071477, 0.002722108, 0.0011504, 0.0002066,buy
2021-09-14,0,1.32,0.19,0,0.91,0.29,0.53,0,-0.0021447, 0.00133649,-0.001252484,-0.0017408,-0.0018449,sell
2021-09-15,0,1.33,0.41,0,0.87,0.29,0.62,0,-0.0046743,-0.00311187,-0.004951653,-0.0045652,-0.0045652,sell
2021-09-16,0,1.47,0.69,0,0.87,0.29,0.73,0,-0.0049917, 0.00133938,-0.001716854,-0.0011981,-0.0053775,sell
2021-09-17,0,1.07,0.78,0,0.84,0.3,0.84,0,-0.0021453, 0.00064155,-0.003865253,-0.0000738, 0.0003984,sell
2021-09-18,0,0.63,0.79,0,0.83,0.3,0.97,0,-0.0040900,-0.00170302,-0.005094590,-0.0010212,-0.0012127,sell
2021-09-19,0,0.46,0.99,0,0.85,0.31,1.13,0,-0.0013989,-0.00107571, 0.002244202,-0.0013908,-0.0014481,sell
2021-09-20,0,0.46,1.49,0,0.9,0.34,1.33,0,-0.0051120,-0.00208562,-0.002539975,-0.0100588,-0.0034573,sell
2021-09-21,0,0.55,1.01,0,0.99,0.35,1.44,0,-0.0001102, 0.00029370, 0.001641865,-0.0005491,-0.0019618,sell
2021-09-22,0,0.66,0.39,0,1.16,0.36,1.36,0,-0.0031137,-0.00223658,-0.002656172,-0.0033288,-0.0036575,sell
2021-09-23,0,0.59,0.16,0,1.4,0.38,1.2,0, 0.0022974, 0.00269840, 0.002698398, 0.0028020, 0.0023180,buy
2021-09-24,0,0.63,0.07,0,1.84,0.4,1.07,0, 0.0034276,-0.00286948,-0.002915149,-0.0017445,-0.0033475,sell
2021-09-25,0,0.8,0.02,0,1.92,0.42,0.95,0,-0.0025321,-0.00429409,-0.002296676,-0.0055593,-0.0066807,sell
2021-09-26,0,1.11,0.03,0,1.47,0.45,0.85,0,-0.0038651,-0.00266727,-0.003472995,-0.0039954,-0.0057448,sell
2021-09-27,0,1.37,0.04,0,1.15,0.49,0.77,0,-0.0085662,-0.00893226,-0.000570352,-0.0088543,-0.0089323,sell
2021-09-28,0,1.21,0.07,0,0.93,0.52,0.72,0,-0.0070179,-0.00721483, 0.001773108,-0.0073494,-0.0070347,sell
2021-09-29,0,1.19,0.1,0,0.83,0.56,0.71,0,-0.0010751,-0.00202039, 0.000862742,-0.0012602,-0.0010739,sell
2021-09-30,0,1.63,0.09,0,0.89,0.6,0.77,0,-0.0024348,-0.00335026, 0.000884051,-0.0019912,-0.0024348,sell
2021-10-01,0,1.69,0.08,0,1.53,0.66,1.04,0, 0.0020419, 0.00204186,-0.000875950,-0.0018723, 0.0020419,buy
2021-10-02,0,1.95,0.1,0,1.7,0.73,1.2,0, 0.0001292, 0.00012921,-0.000940683,-0.0007409, 0.0001292,sell
2021-10-03,0,2.3,0.2,0,0.8,0.74,0.83,0,-0.0050637,-0.00458337,-0.001796505,-0.0050637,-0.0056195,sell
2021-10-04,0,1.39,0.39,0,0.53,0.77,0.57,0, 0.0032428,-0.00076146,-0.000824980, 0.0034014, 0.0039453,buy
2021-10-05,0,0.65,0.65,0,0.49,0.84,0.47,0,-0.0034899,-0.00862909,-0.008564368,-0.0081917,-0.0037083,sell
2021-10-06,0,0.41,0.75,0,0.49,0.91,0.41,0, 0.0034420, 0.00344204, 0.003383250, 0.0034321, 0.0042614,buy
2021-10-07,0,0.34,0.62,0,0.48,0.86,0.39,0, 0.0013610, 0.00078999, 0.000767320, 0.0009840, 0.0060977,buy
2021-10-08,0,0.23,0.57,0,0.48,0.92,0.38,0,-0.0007315,-0.00073966, 0.002175319,-0.0005586, 0.0004391,sell
2021-10-09,0,0.16,0.76,0,0.47,1.05,0.36,0,-0.0024241,-0.00029031,-0.002424137,-0.0002903,-0.0004312,sell
2021-10-10,0,0.18,1.07,0,0.47,0.63,0.37,0, 0.0024596, 0.00245958, 0.006079537, 0.0045662, 0.0023084,buy
2021-10-11,0,0.25,1.2,0,0.57,0.48,0.37,0,-0.0029293,-0.00655718,-0.005945610,-0.0033278, 0.0001184,sell
2021-10-12,0,0.28,1.23,0,0.85,0.43,0.4,0,-0.0033421,-0.00198846, 0.000082524,-0.0102763, 0.0038941,sell
2021-10-13,0,0.25,1.52,0,1.8,0.42,0.48,0, 0.0013860, 0.00114300,-0.000488019,-0.0039851, 0.0021104,sell
2021-10-14,0,0.19,1.48,0,1.86,0.46,0.52,0,-0.0008207,-0.00082066,-0.003465309,-0.0071955, 0.0035851,sell
2021-10-15,0,0.18,0.97,0,0.95,0.59,0.66,0,-0.0027553,-0.00167225,-0.001806304,-0.0002038, 0.0000513,sell
2021-10-16,0,0.21,0.81,0,0.7,0.6,1.35,0,-0.0016288,-0.00356746,-0.003567456,-0.0001968,-0.0017149,sell
2021-10-17,0,0.31,0.66,0,0.64,0.42,1.47,0,-0.0043000,-0.00669515,-0.002900214,-0.0034582,-0.0039824,sell
2021-10-18,0,0.55,0.4,0,0.63,0.34,0.74,0, 0.0014636, 0.00038714, 0.001184292, 0.0009961, 0.0004105,buy
2021-10-19,0,1.14,0.35,0,0.72,0.3,0.53,0,-0.0024491,-0.00168600,-0.002319811,-0.0022888,-0.0025509,sell
2021-10-20,0,1.13,0.26,0,0.88,0.28,0.45,0,-0.0029734,-0.00200654,-0.002764088,-0.0026600,-0.0028429,sell
2021-10-21,0,0.62,0.12,0,1.13,0.27,0.44,0, 0.0035114, 0.00255135, 0.001779008, 0.0041500, 0.0024210,buy
2021-10-22,0,0.5,0.08,0,1.53,0.27,0.42,0, 0.0026196,-0.00206560, 0.000756671,-0.0021070,-0.0030523,sell
2021-10-23,0,0.62,0.1,0,1.81,0.25,0.44,0,-0.0024985,-0.00290704,-0.002913027,-0.0029130,-0.0029130,sell
2021-10-24,0,1.03,0.18,0,1.51,0.26,0.5,0,-0.0023767,-0.00516461,-0.003346828,-0.0046887,-0.0033468,sell
2021-10-25,0,1.17,0.19,0,1.14,0.27,0.57,0,-0.0040031,-0.00122247,-0.001532610,-0.0041001,-0.0013193,sell
2021-10-26,0,0.82,0.13,0,0.94,0.28,0.69,0,-0.0033149, 0.00022173, 0.001301642,-0.0007824, 0.0025704,sell
2021-10-27,0,0.78,0.07,0,0.87,0.3,0.96,0,-0.0034423,-0.00156343,-0.001815337, 0.0018755,-0.0004339,buy
2021-10-28,0,1.16,0.1,0,0.97,0.33,1.43,0,-0.0037306,-0.00279886, 0.000336249, 0.0006073, 0.0004385,sell
2021-10-29,0,1.1,0.23,0,1.39,0.3,1.38,0,-0.0004347,-0.00032888, 0.000276441,-0.0025438, 0.0006242,sell
2021-10-30,0,0.66,0.61,0,2.32,0.29,1.08,0,-0.0002744,-0.00027440,-0.000274403,-0.0033894,-0.0004803,sell
2021-10-31,0,0.62,0.88,0,2.37,0.29,1.01,0,-0.0017656,-0.00255082,-0.003528379,-0.0026585,-0.0026599,sell
2021-11-01,0,0.91,1.25,0,1.29,0.28,1.09,0,-0.0015856, 0.00358472, 0.002835787, 0.0052461, 0.0028146,buy
2021-11-02,0,1.94,1.2,0,0.75,0.29,1.25,0,-0.0021676, 0.00343343,-0.003865426, 0.0019460, 0.0012823,buy
2021-11-03,0,2.09,0.62,0,0.51,0.3,1.5,0,-0.0034843,-0.00051813,-0.000465201,-0.0036804,-0.0034843,sell
2021-11-04,0,1.83,0.27,0,0.39,0.31,1.93,0, 0.0033327, 0.00472513, 0.000233992, 0.0035098, 0.0064591,buy
2021-11-05,0,2.36,0.13,0,0.33,0.33,2.61,0,-0.0003867,-0.00085594,-0.004557812,-0.0003867,-0.0045558,sell
2021-11-06,0,2.49,0.09,0,0.34,0.35,3.29,0,-0.0051079,-0.00345323,-0.005983355,-0.0051079,-0.0061638,sell
2021-11-07,0,2.24,0.22,0,0.34,0.37,3.12,0,-0.0044147,-0.00465958,-0.006072545,-0.0044147,-0.0059059,sell
2021-11-08,0,2.03,0.23,0,0.34,0.4,2.66,0,-0.0014401,-0.00367021,-0.004306869,-0.0016653,-0.0024560,sell
2021-11-09,0,1.76,0.39,0,0.35,0.44,2.23,0, 0.0082361, 0.00174986, 0.003624466, 0.0071809, 0.0049335,buy
2021-11-10,0,1.03,1.11,0,0.37,0.49,1.91,0,-0.0081139,-0.00760079,-0.007600786,-0.0071090,-0.0076008,sell
2021-11-11,0,0.59,2.33,0,0.39,0.55,1.68,0, 0.0005147, 0.00285547, 0.003241909, 0.0023925, 0.0029435,buy
2021-11-12,0,0.44,2.12,0,0.42,0.64,1.56,0, 0.0013273, 0.00494931, 0.004917807, 0.0026720, 0.0049178,buy
2021-11-13,0,0.44,1.63,0,0.5,0.8,1.47,0,-0.0018600, 0.00356538, 0.004652276, 0.0039365, 0.0038823,buy
2021-11-14,0,0.66,1.13,0,0.52,1.03,1.51,0, 0.0031697, 0.00330301, 0.000066125, 0.0014907, 0.0000109,buy
2021-11-15,0,1.38,0.55,0,0.46,1.08,1.65,0, 0.0002124, 0.00041774,-0.000962143,-0.0017733,-0.0024505,sell
2021-11-16,0,1.5,0.26,0,0.44,1,2.05,0,-0.0006949,-0.00057412,-0.002361465,-0.0023694,-0.0032243,sell
2021-11-17,0,0.7,0.1,0,0.45,1.02,2,0, 0.0018876, 0.00185625, 0.001958515, 0.0019585, 0.0027215,buy
2021-11-18,0,0.41,0.05,0,0.46,1.05,1.67,0,-0.0005710,-0.00041709,-0.000788444, 0.0005850, 0.0008294,buy
2021-11-19,0,0.6,0,0,0.47,1.01,1.64,0, 0.0007089, 0.00176717, 0.001824840, 0.0003300, 0.0024085,buy
2021-11-20,0,1.45,0,0,0.5,0.93,1.93,0,-0.0006908, 0.00020057,-0.001991888,-0.0015753,-0.0022748,buy
2021-11-21,0,1.05,0,0,0.52,0.81,2.25,0, 0.0030985, 0.00220620, 0.001898142, 0.0008388, 0.0008388,buy
2021-11-22,0,0.3,0,0,0.56,0.73,1.94,0, 0.0037959, 0.00140715, 0.003753747, 0.0037537, 0.0042141,buy
2021-11-23,0,0.15,0,0,0.61,0.7,1.8,0, 0.0021665, 0.00260482, 0.003080777, 0.0032478, 0.0036224,buy
2021-11-24,0,0.14,0,0,0.64,0.71,1.84,0, 0.0019312, 0.00181854, 0.001911894, 0.0018052, 0.0030250,buy
2021-11-25,0,0.19,0,0,0.68,0.87,1.96,0,-0.0033652,-0.00407982,-0.004779879,-0.0032250,-0.0006623,sell
2021-11-26,0,0.2,0,0,0.74,0.87,2.09,0, 0.0041632, 0.00283230, 0.003647433, 0.0041445, 0.0041632,buy
2021-11-27,0,0.33,0,0,0.78,0.61,2.17,0, 0.0015377,-0.00708438,-0.007698376, 0.0013747,-0.0016653,buy
2021-11-28,0,0.73,0,0,0.76,0.49,2.19,0,-0.0047834,-0.00733261,-0.005010640,-0.0051524,-0.0048739,sell
2021-11-29,0,1.08,0.02,0,0.7,0.47,2.35,0,-0.0061419,-0.00574679,-0.004188284,-0.0055601,-0.0066503,sell
2021-11-30,0,0.86,0.04,0,0.65,0.7,2.62,0, 0.0042137,-0.00860397,-0.004629737, 0.0044464,-0.0001062,sell
2021-12-01,0,0.67,0.17,0,0.6,0.86,2.42,0, 0.0032196, 0.00371086, 0.002260648, 0.0037109, 0.0036982,buy
2021-12-02,0,0.82,0.25,0,0.55,0.69,1.98,0, 0.0057109, 0.00548190, 0.005710924, 0.0037074, 0.0055686,buy
2021-12-03,0,1.33,0.22,0,0.54,0.49,1.76,0, 0.0018226, 0.00182264,-0.000742398,-0.0021350, 0.0032543,buy
2021-12-04,0,1.43,0.16,0,0.51,0.47,1.65,0,-0.0002919,-0.00029192,-0.003830478,-0.0014460, 0.0007127,buy
2021-12-05,0,0.81,0.1,0,0.5,0.48,1.66,0, 0.0041255, 0.00379105, 0.004434913, 0.0030039, 0.0026273,buy
2021-12-06,0,0.43,0.12,0,0.48,0.37,1.67,0, 0.0030644, 0.00306439, 0.003064390, 0.0032022, 0.0033390,buy
2021-12-07,0,0.23,0.17,0,0.54,0.26,1.36,0,-0.0044041,-0.00773275,-0.007063544,-0.0053070,-0.0079890,sell
2021-12-08,0,0.12,0.15,0,0.74,0.21,1.02,0, 0.0039031, 0.00390307, 0.002631770, 0.0039807, 0.0038602,buy
2021-12-09,0,0.1,0.09,0,1.35,0.18,0.89,0,-0.0052970,-0.00417677,-0.005697774,-0.0060173,-0.0060583,sell
2021-12-10,0,0.13,0.05,0,2.37,0.18,0.93,0, 0.0027563, 0.00362351, 0.002620773, 0.0007222,-0.0003700,buy
2021-12-11,0,0.28,0.03,0,1.85,0.12,1.36,0, 0.0011990, 0.00119901, 0.001199015, 0.0006526,-0.0032892,buy
2021-12-12,0,0.13,0.09,0,1.26,0.08,1.12,0, 0.0045310, 0.00248989, 0.005132032, 0.0028805, 0.0063648,buy
2021-12-13,0,0.03,0.31,0,1.62,0.05,0.55,0, 0.0037722, 0.00401812, 0.003927815, 0.0014221, 0.0015121,buy
2021-12-14,0,0.02,0.65,0,1.63,0.05,0.38,0,-0.0023788,-0.00140575,-0.003554239,-0.0023788,-0.0023788,sell
2021-12-15,0,0.04,0.29,0,1.32,0.02,0.34,0, 0.0042001, 0.00502097, 0.006482145, 0.0024414, 0.0066256,buy
2021-12-16,0,0.11,0.06,0,1.57,0.05,0.35,0,-0.0007888, 0.00044565,-0.002208779,-0.0009683,-0.0007907,buy
2021-12-17,0,0.28,0,0,2.04,0.06,0.43,0, 0.0002341, 0.00202716, 0.000173851, 0.0012041,-0.0017977,buy
2021-12-18,0,0.27,0.04,0,1.78,0.03,0.61,0,-0.0005658,-0.00033349,-0.000947399,-0.0039735,-0.0025039,sell
2021-12-19,0,0.11,0.1,0,1.07,0.03,1.01,0, 0.0029144, 0.00027702, 0.002132618, 0.0013869,-0.0021912,buy
2021-12-20,0,0.08,0.31,0,0.73,0.06,1.02,0, 0.0071862, 0.00194828, 0.002528716, 0.0022143, 0.0027578,buy
2021-12-21,0,0.2,0.64,0,0.5,0.18,0.58,0,-0.0000805, 0.00017429,-0.000732887, 0.0013630, 0.0034349,buy
2021-12-22,0,0.85,0.44,0,0.34,0.37,0.35,0,-0.0055083,-0.00452707,-0.005014098,-0.0055819,-0.0057868,sell
2021-12-23,0,1.12,0.16,0,0.26,0.23,0.25,0, 0.0049088, 0.00440252, 0.005124234, 0.0048275, 0.0043289,buy
2021-12-24,0,0.31,0.07,0,0.31,0.13,0.24,0,-0.0036913, 0.00119262, 0.000838945, 0.0008389,-0.0029971,sell
2021-12-25,0,0.07,0.04,0,0.42,0.16,0.34,0,-0.0014358, 0.00241712, 0.001874388, 0.0029508,-0.0012923,buy
2021-12-26,0,0,0.04,0,0.79,0.32,0.82,0,-0.0049288,-0.00297777,-0.000316711,-0.0078352,-0.0059833,sell
2021-12-27,0,0.01,0.08,0,1.59,0.62,0.76,0,-0.0068758,-0.00408608, 0.004932160,-0.0050158,-0.0067065,sell
2021-12-28,0,0.02,0.15,0,1.94,0.69,0.36,0, 0.0059638, 0.00464908, 0.004649076, 0.0046491, 0.0032296,buy
2021-12-29,0,0.03,0.16,0,1.63,0.51,0.3,0,-0.0034307,-0.00428397,-0.004099557,-0.0040996,-0.0049050,sell
2021-12-30,0,0.05,0.09,0,2.05,0.43,0.26,0,-0.0025637,-0.00292173,-0.005002595,-0.0051742,-0.0051278,sell
2021-12-31,0,0.14,0.05,0,1.87,0.53,0.22,0, 0.0018985, 0.00198562, 0.001951511, 0.0019515, 0.0014242,buy
2022-01-01,0,0.3,0.06,0,1.49,0.44,0.22,0, 0.0053948, 0.00546216, 0.006843720, 0.0061693, 0.0058182,buy
2022-01-02,0,0.67,0.07,0,1.96,0.27,0.26,0, 0.0001379, 0.00010313, 0.000103126, 0.0001031, 0.0001031,buy
2022-01-03,0,1.32,0.12,0,2.07,0.2,0.36,0, 0.0047968, 0.00551404, 0.004866628, 0.0014690, 0.0048666,buy
2022-01-04,0,1.18,0.19,0,1.44,0.21,0.54,0, 0.0024713, 0.00073188, 0.001507232, 0.0015072, 0.0015072,buy
2022-01-05,0,0.55,0.32,0,1.14,0.35,0.8,0, 0.0011385, 0.00389271, 0.004324598, 0.0041557, 0.0047216,buy
2022-01-06,0,0.25,0.55,0,1.09,0.73,0.75,0,-0.0015858, 0.00191926, 0.001366986, 0.0055914, 0.0035382,buy
2022-01-07,0,0.11,0.83,0,1.32,0.75,0.73,0, 0.0045199, 0.00489925, 0.004990527, 0.0045708, 0.0050873,buy
2022-01-08,0,0.04,0.76,0,2.12,0.45,0.97,0, 0.0016144,-0.00335225, 0.004625256, 0.0032246, 0.0024623,buy
2022-01-09,0,0.02,0.49,0,2.17,0.35,1.7,0, 0.0069003,-0.00108259, 0.006310609, 0.0041436, 0.0041436,buy
2022-01-10,0,0.02,0.31,0,1.35,0.45,2.12,0, 0.0002623, 0.00300897,-0.000190769, 0.0003545, 0.0061726,buy
2022-01-11,0,0.04,0.19,0,0.96,0.39,1.66,0, 0.0037318, 0.00373177, 0.003029490, 0.0000043, 0.0003003,buy
2022-01-12,0,0.07,0.11,0,0.71,0.22,1.01,0, 0.0040439, 0.00406985, 0.001707357, 0.0030989, 0.0028235,buy
2022-01-13,0,0.11,0.07,0,0.63,0.12,0.7,0, 0.0040013, 0.00260230, 0.004936819, 0.0048923, 0.0026541,buy
2022-01-14,0,0.19,0.04,0,0.57,0.1,0.65,0, 0.0037920, 0.00123684, 0.004176155, 0.0054683, 0.0035911,buy
2022-01-15,0,0.32,0,0,0.57,0.15,0.75,0,-0.0039610,-0.00142778,-0.003960995, 0.0012614,-0.0039107,sell
2022-01-16,0,0.51,0.03,0,0.61,0.37,1.03,0, 0.0007976,-0.00590307,-0.005961171,-0.0050828,-0.0078576,sell
2022-01-17,0,0.81,0.05,0,0.74,0.43,1.58,0, 0.0060659, 0.00581737, 0.005817369, 0.0042899, 0.0042405,buy
2022-01-18,0,1.18,0.1,0,0.89,0.19,2.12,0,-0.0036605,-0.00356633,-0.003419108,-0.0033269,-0.0064911,sell
2022-01-19,0,1.32,0.19,0,1.27,0.14,1.75,0,-0.0056608,-0.00268272,-0.003880322,-0.0059102,-0.0063423,sell
2022-01-20,0,1.06,0.34,0,1.66,0.24,1.12,0,-0.0035400,-0.00476760,-0.002091422,-0.0057376,-0.0046773,sell
2022-01-21,0,0.72,0.62,0,2.8,0.32,0.71,0,-0.0053012,-0.00612946,-0.005337962,-0.0053380,-0.0017390,sell
2022-01-22,0,0.5,0.63,0,2.44,0.19,0.47,0,-0.0049917,-0.00525673,-0.005256726,-0.0052567,-0.0052818,sell
2022-01-23,0,0.38,0.35,0,1.31,0.14,0.32,0,-0.0048102,-0.00406126,-0.006152443,-0.0052675,-0.0047649,sell
2022-01-24,0,0.28,0.2,0,1.47,0.16,0.24,0, 0.0027859, 0.00358834, 0.002954269, 0.0009892, 0.0051255,buy
2022-01-25,0,0.22,0.1,0,2.47,0.26,0.28,0, 0.0010214, 0.00162949, 0.000420019, 0.0047888, 0.0014176,buy
2022-01-26,0,0.18,0.06,0,1.97,0.31,0.35,0,-0.0006265, 0.00334529, 0.000202520, 0.0010756, 0.0013053,buy
2022-01-27,0,0.15,0.03,0,1.56,0.19,0.64,0,-0.0028615,-0.00342453,-0.003937428,-0.0051564,-0.0042322,sell
2022-01-28,0,0.14,0.02,0,1.77,0.1,1.33,0, 0.0003338, 0.00042505, 0.000333767,-0.0001786,-0.0042085,sell
2022-01-29,0,0.19,0,0,2.34,0.05,1.53,0,-0.0049397,-0.00476708,-0.002154297,-0.0042051,-0.0046495,sell
2022-01-30,0,0.2,0,0,2.7,0.04,0.82,0,-0.0040837,-0.00334584,-0.004508100,-0.0051169,-0.0063135,sell
2022-01-31,0,0.24,0,0,2.32,0.05,0.52,0,-0.0024805, 0.00122408,-0.001930019,-0.0028350,-0.0041351,sell
2022-02-01,0,0.31,0,0,1.56,0.08,0.48,0, 0.0023528, 0.00236618, 0.002366177, 0.0021353, 0.0023355,buy
2022-02-02,0,0.4,0,0,1.19,0.1,0.56,0, 0.0018390, 0.00264786, 0.002647862, 0.0022860, 0.0024837,buy
2022-02-03,0,0.57,0,0,1.03,0.13,0.74,0,-0.0004751, 0.00052648,-0.003819377,-0.0004091, 0.0005485,buy
2022-02-04,0,0.73,0,0,1,0.15,0.94,0,-0.0019562,-0.00425970,-0.003290788,-0.0019303,-0.0047396,sell
2022-02-05,0,0.9,0,0,1,0.17,0.81,0, 0.0017375, 0.00192276, 0.001441561, 0.0011511, 0.0013814,buy
2022-02-06,0,1.15,0,0,1.12,0.17,0.55,0,-0.0003003, 0.00131329,-0.000506874,-0.0002887, 0.0004771,sell
2022-02-07,0,1.48,0,0,1.24,0.18,0.4,0, 0.0000573,-0.00111743,-0.000466841,-0.0026908,-0.0004562,sell
2022-02-08,0,1.81,0,0,1.51,0.18,0.28,0, 0.0001413,-0.00141484,-0.001276530,-0.0025213,-0.0005128,sell
2022-02-09,0,1.73,0,0,1.95,0.19,0.2,0, 0.0013928,-0.00025742,-0.001559956,-0.0041218,-0.0025650,sell
2022-02-10,0,1.51,0,0,2.45,0.21,0.14,0, 0.0039828, 0.00170962,-0.002566869, 0.0026570,-0.0036698,buy
2022-02-11,0,1.34,0,0,2.43,0.3,0.14,0,-0.0021877,-0.00422031,-0.004977967,-0.0018150,-0.0039452,sell
2022-02-12,0,1.34,0,0,2.12,0.5,0.14,0, 0.0036445, 0.00058852, 0.001103151, 0.0025937, 0.0007656,buy
2022-02-13,0,1.52,0,0,1.91,0.73,0.13,0, 0.0003300, 0.00004293, 0.001157625, 0.0037931, 0.0000429,buy
2022-02-14,0,1.97,0,0,1.85,0.55,0.19,0, 0.0061792, 0.00553211, 0.007195761, 0.0055817, 0.0053642,buy
2022-02-15,0,2.15,0,0,2.06,0.32,0.23,0, 0.0031266, 0.00127714, 0.004597048, 0.0005838, 0.0056546,buy
2022-02-16,0,1.66,0,0,2.11,0.26,0.29,0, 0.0046039, 0.00085106, 0.004648098, 0.0037664, 0.0024175,buy
2022-02-17,0,1.1,0,0,1.7,0.28,0.37,0, 0.0035856,-0.00051010,-0.000510095, 0.0035167,-0.0016822,buy
2022-02-18,0,0.75,0,0,1.36,0.3,0.48,0, 0.0006748,-0.00157413,-0.002342441,-0.0026962, 0.0001112,sell
2022-02-19,0,0.51,0,0,1.1,0.39,0.54,0, 0.0003821,-0.00035036, 0.001101264,-0.0003504, 0.0010793,buy
2022-02-20,0,0.34,0,0,0.97,0.55,0.75,0,-0.0000733,-0.00046410, 0.000492134,-0.0004641,-0.0026141,sell
2022-02-21,0,0.18,0,0,0.85,0.79,1.13,0,-0.0049103,-0.00375148,-0.004910271,-0.0057419,-0.0049835,sell
2022-02-22,0,0.12,0,0,0.82,0.79,1.85,0, 0.0074702, 0.00241084, 0.006342459, 0.0083314, 0.0076273,buy
2022-02-23,0,0.08,0,0,0.85,0.8,2.97,0, 0.0039560,-0.00489297,-0.004669795, 0.0035839, 0.0013532,buy
2022-02-24,0,0.03,0,0,0.92,0.85,3.24,0, 0.0020230,-0.00540271,-0.004819626, 0.0017506, 0.0001513,buy
2022-02-25,0,0,0,0,1.29,0.92,1.85,0, 0.0018311, 0.00347046, 0.002660138, 0.0048812, 0.0026999,buy
2022-02-26,0,0,0,0,1.73,1.09,0.95,0,-0.0021501,-0.00168967,-0.001362351,-0.0027213,-0.0038648,sell
2022-02-27,0,0,0,0,1.71,1.35,0.53,0,-0.0038748,-0.00502204,-0.004490215,-0.0045803,-0.0043330,sell
2022-02-28,0,0,0,0,2.05,1.67,0.35,0, 0.0006562,-0.00441820, 0.000118768,-0.0018617,-0.0010896,sell
2022-03-01,0,0,0,0,2.15,1.81,0.41,0, 0.0041018,-0.00026702, 0.003623025, 0.0002090, 0.0027149,buy
2022-03-02,0,0,0,0,1.44,1.86,0.39,0, 0.0005219,-0.00621757,-0.000015946,-0.0023627,-0.0011841,sell
2022-03-03,0,0,0,0,1.12,1.96,0.2,0, 0.0011652,-0.00641428,-0.001578822,-0.0015247,-0.0008653,sell
2022-03-04,0,0,0,0,1.36,1.89,0.11,0, 0.0006529,-0.00685816,-0.001578822,-0.0021725,-0.0015132,sell
2022-03-05,0,0,0,0,1.45,1.95,0.08,0, 0.0018456,-0.00633703, 0.000482371,-0.0022323,-0.0002130,sell
2022-03-06,0,0,0,0,1.08,2.21,0.05,0, 0.0072292, 0.00059792, 0.000919429, 0.0006306, 0.0035434,buy
2022-03-07,0,0,0,0,1.26,2.25,0.04,0, 0.0070553, 0.00542150,-0.000395619, 0.0054393, 0.0062158,buy
2022-03-08,0,0,0,0,2.12,1.67,0.05,0, 0.0102189, 0.00864252, 0.004304608, 0.0087564, 0.0078089,buy
2022-03-09,0,0,0,0,2.81,1.3,0.05,0, 0.0059877, 0.00586709, 0.003492414, 0.0045165, 0.0008439,buy
2022-03-10,0,0,0,0,2.33,1.12,0.04,0, 0.0048293, 0.00641268, 0.000146411, 0.0043822, 0.0052847,buy
2022-03-11,0,0,0,0,1.77,1.03,0.05,0,-0.0047225, 0.00520559,-0.002533815,-0.0032772,-0.0029563,sell
2022-03-12,0,0,0,0,1.94,0.98,0.1,0, 0.0043497, 0.00681077,-0.000316326, 0.0043132, 0.0041467,buy
2022-03-13,0,0,0,0,2.4,1.03,0.13,0, 0.0059196, 0.00562460, 0.001788029, 0.0050090, 0.0065899,buy
2022-03-14,0,0,0,0,2.56,1.23,0.25,0, 0.0040816, 0.00063699, 0.003606018, 0.0045827, 0.0038446,buy
2022-03-15,0,0,0,0,2.45,1.33,0.5,0, 0.0024224,-0.00059718, 0.002767660, 0.0042072, 0.0021526,buy
2022-03-16,0,0,0,0,2.73,1.36,0.99,0, 0.0023324, 0.00395522, 0.004034410, 0.0042555, 0.0021666,buy
2022-03-17,0,0,0,0,2.56,1.42,1.77,0,-0.0033118,-0.00122881,-0.001274360,-0.0012902,-0.0005259,sell
2022-03-18,0,0,0,0,1.36,1.19,2.7,0, 0.0007027, 0.00390367, 0.000807292, 0.0009814, 0.0007027,buy
2022-03-19,0,0.02,0,0,1.03,0.8,2.43,0,-0.0001765,-0.00079549, 0.002868338, 0.0028683, 0.0030194,buy
2022-03-20,0,0.03,0,0,0.94,0.72,1.86,0, 0.0003228, 0.00173089, 0.000080789, 0.0017309, 0.0022204,buy
2022-03-21,0,0.04,0,0,0.97,0.95,2.16,0, 0.0024897, 0.00248969, 0.000720789, 0.0022919, 0.0024539,buy
2022-03-22,0,0.05,0,0,1.11,1.01,1.98,0,-0.0003477, 0.00101095, 0.001117804, 0.0011178, 0.0010110,buy
2022-03-23,0,0.06,0,0,1.12,0.61,1.44,0,-0.0042610,-0.00291691,-0.004359391,-0.0031113,-0.0047285,sell
2022-03-24,0,0.08,0,0,1.18,0.51,1.46,0,-0.0088332,-0.00700166,-0.008833217,-0.0055583,-0.0083883,sell
2022-03-25,0,0.11,0,0,1.34,0.59,1.77,0,-0.0018895,-0.00028075, 0.003496577,-0.0021218,-0.0002531,sell
2022-03-26,0,0.15,0,0,1.76,0.74,2.34,0,-0.0014524, 0.00103406, 0.001700860, 0.0009051, 0.0032867,buy
2022-03-27,0,0.19,0,0,2.03,0.98,2.43,0,-0.0042717,-0.00076211,-0.000530524,-0.0042717,-0.0009641,sell
2022-03-28,0,0.25,0,0,1.92,1.03,2.81,0,-0.0034865,-0.00001817, 0.000623888,-0.0034865, 0.0001771,sell
2022-03-29,0,0.34,0,0,2.01,0.78,3.02,0,-0.0009334, 0.00218944, 0.001671999,-0.0013783, 0.0015372,buy
2022-03-30,0,0.45,0,0,2.25,0.74,2.67,0,-0.0036911,-0.00308917,-0.001112308,-0.0037547, 0.0002917,sell
2022-03-31,0,0.6,0,0,2.08,0.8,2.71,0, 0.0005654, 0.00008403, 0.001375565, 0.0005654, 0.0013756,buy
2022-04-01,0,0.7,0,0,2.06,1.09,3.28,0,-0.0015880,-0.00422874,-0.004228744,-0.0006036,-0.0035289,sell
2022-04-02,0,0.6,0,0,2.55,1.25,2.99,0,-0.0011421,-0.00564255,-0.000621603,-0.0019344,-0.0029380,sell
2022-04-03,0,0.45,0,0,3,1.04,3.29,0,-0.0075196,-0.00786785,-0.006256645,-0.0072634,-0.0062018,sell
2022-04-04,0,0.33,0,0,3.13,0.65,2.73,0,-0.0007565, 0.00225267,-0.000349612, 0.0034320, 0.0024433,buy
2022-04-05,0,0.25,0,0,2.83,0.42,2.28,0,-0.0043145,-0.00586517,-0.003395941,-0.0045187, 0.0019839,sell
2022-04-06,0,0.18,0,0,2.97,0.36,2.34,0,-0.0024381,-0.00264672,-0.001328871,-0.0044144,-0.0024619,sell
2022-04-07,0,0.13,0,0,3.73,0.35,2.7,0,-0.0009325, 0.00254913, 0.000244447, 0.0027144, 0.0032250,buy
2022-04-08,0,0.1,0,0,3.12,0.37,2.85,0,-0.0040863,-0.00196561,-0.002895265,-0.0030458,-0.0037111,sell
2022-04-09,0,0.07,0,0,1.97,0.47,2.24,0,-0.0042973,-0.00693613,-0.007125655,-0.0069361,-0.0023094,sell
2022-04-10,0,0.05,0,0,1.76,0.66,1.54,0,-0.0088964,-0.00758625,-0.007318680,-0.0074627,-0.0072994,sell
2022-04-11,0,0.04,0,0,1.97,1.14,1.26,0, 0.0021023, 0.00525626, 0.003990799, 0.0061524, 0.0042317,buy
2022-04-12,0,0.03,0,0,2.59,1.41,1.17,0, 0.0042891, 0.00302039, 0.004267291, 0.0053111, 0.0029738,buy
2022-04-13,0,0.02,0,0,3.41,1.02,1.22,0, 0.0018417, 0.00197839, 0.001555447, 0.0019784, 0.0015554,buy
2022-04-14,0,0,0,0,3.43,0.86,1.17,0, 0.0076082, 0.00759525, 0.008079208, 0.0075953, 0.0081978,buy
2022-04-15,0,0,0,0,2.67,1.15,1.24,0,-0.0013821, 0.00348528, 0.000303771, 0.0037230,-0.0005082,buy
2022-04-16,0,0,0,0,2.77,1.01,1.46,0,-0.0015979,-0.00155697,-0.002493860,-0.0020618,-0.0038908,sell
2022-04-17,0,0,0,0,4.35,0.7,1.99,0,-0.0036488,-0.00137270,-0.000192199,-0.0013727,-0.0038025,sell
2022-04-18,0,0,0,0,3.87,0.61,2.06,0,-0.0003527, 0.00169824, 0.002438509, 0.0023245, 0.0009559,buy
2022-04-19,0,0,0,0,2.31,0.36,1.39,0, 0.0059004, 0.00424210, 0.000077882, 0.0048147, 0.0051982,buy
2022-04-20,0,0,0,0,2.08,0.25,1.03,0, 0.0012698, 0.00004590,-0.001183376, 0.0000280, 0.0005748,buy
2022-04-21,0,0,0,0,2.57,0.22,0.82,0, 0.0029487, 0.00280126,-0.000165533, 0.0021645,-0.0000051,buy
2022-04-22,0,0,0,0,3.54,0.19,0.8,0, 0.0029652,-0.00396763, 0.002366695,-0.0031494, 0.0034430,sell
2022-04-23,0,0,0,0,3.42,0.18,0.94,0, 0.0043600,-0.00291352, 0.003337086,-0.0007809, 0.0044429,sell
2022-04-24,0,0,0,0,2.46,0.19,1.47,0, 0.0048839, 0.00615767, 0.003451900, 0.0048839, 0.0048839,buy
2022-04-25,0,0,0,0,1.97,0.27,1.65,0, 0.0040822, 0.00443334,-0.000169404, 0.0022153, 0.0037591,buy
2022-04-26,0,0,0,0,1.84,0.42,1.7,0,-0.0090047,-0.00766728,-0.008094217,-0.0078840,-0.0074372,sell
2022-04-27,0,0,0,0,1.77,0.75,1.77,0, 0.0060059,-0.00789496,-0.005308903,-0.0053089,-0.0056646,sell
2022-04-28,0,0,0,0,1.8,1.27,1.37,0, 0.0004852, 0.00023564, 0.002593892, 0.0053226, 0.0016323,buy
2022-04-29,0,0,0,0,1.75,1.31,1.27,0, 0.0013168, 0.00083493, 0.002513773, 0.0066156, 0.0025872,buy
2022-04-30,0,0,0,0,1.9,0.92,1.57,0, 0.0048577, 0.00304043, 0.003821253, 0.0055492, 0.0031743,buy
2022-05-01,0,0,0.01,0,2.19,0.74,1.96,0, 0.0071995,-0.00852090,-0.002976325,-0.0031183,-0.0031183,sell
2022-05-02,0,0,0.02,0,2.77,0.83,1.91,0,-0.0054121,-0.00590533,-0.005932226,-0.0071028,-0.0053922,sell
2022-05-03,0,0,0.02,0,3.84,0.86,1.99,0,-0.0045332,-0.00453320,-0.002625064,-0.0045332,-0.0049062,sell
2022-05-04,0,0,0.03,0,4.43,0.69,2.3,0,-0.0011743,-0.00014413,-0.000915681,-0.0001441, 0.0010675,buy
2022-05-05,0,0,0.05,0,3.62,0.39,2.62,0,-0.0011628, 0.00166728,-0.000988377, 0.0023877, 0.0012707,buy
2022-05-06,0,0,0.07,0,2.85,0.24,2.76,0,-0.0013621,-0.00149317,-0.000646519,-0.0016148,-0.0014206,sell
2022-05-07,0,0,0.1,0,2.6,0.2,2.24,0,-0.0004890,-0.00023781,-0.000306385,-0.0008546,-0.0007290,sell
2022-05-08,0,0,0.14,0,2.38,0.24,1.66,0, 0.0075809, 0.00583610, 0.005412016, 0.0049116, 0.0048881,buy
2022-05-09,0,0,0.21,0,2.15,0.31,1.25,0, 0.0019933, 0.00534826, 0.002071262, 0.0019679, 0.0019933,buy
2022-05-10,0,0,0.3,0,1.94,0.42,1,0, 0.0033523, 0.00302446, 0.003165411, 0.0024773, 0.0033735,buy
2022-05-11,0,0,0.4,0,1.87,0.63,0.83,0,-0.0012213,-0.00039739, 0.000487028, 0.0003042, 0.0012446,buy
2022-05-12,0,0,0.37,0,1.87,0.82,0.76,0, 0.0000630, 0.00321292, 0.002135308, 0.0011745, 0.0049476,buy
2022-05-13,0,0,0.26,0,1.91,0.66,0.82,0,-0.0028460,-0.00333083, 0.003412019,-0.0048095,-0.0005783,sell
2022-05-14,0,0,0.18,0,1.99,0.44,1,0, 0.0034702, 0.00178292, 0.003856925, 0.0037685, 0.0098178,buy
2022-05-15,0,0,0.12,0,2.24,0.41,1.3,0,-0.0019203,-0.00393484,-0.002428360,-0.0000498, 0.0023130,sell
2022-05-16,0,0,0.08,0,2.48,0.48,1.11,0,-0.0016908,-0.00311710, 0.007325085, 0.0014720, 0.0029336,buy
2022-05-17,0,0,0.06,0,2.59,0.79,0.83,0, 0.0001011,-0.00312717, 0.000449993,-0.0037254,-0.0025837,sell
2022-05-18,0,0,0.04,0,3.05,0.94,0.87,0, 0.0053650, 0.00463515, 0.003943026, 0.0045063, 0.0042199,buy
2022-05-19,0,0,0.03,0,3.61,0.79,1.23,0, 0.0055968, 0.00658863, 0.005274999, 0.0065886, 0.0055968,buy
2022-05-20,0,0,0.02,0,3.46,1.12,1.37,0,-0.0038672,-0.00299589,-0.003201950,-0.0029872,-0.0027204,sell
2022-05-21,0,0,0.01,0,3.1,1.33,1.34,0, 0.0078727, 0.00705724, 0.006964747, 0.0069647, 0.0023675,buy
2022-05-22,0,0,0,0,3.13,1.35,1.93,0,-0.0023844,-0.00290176,-0.002507196,-0.0017850,-0.0038424,sell
2022-05-23,0,0,0,0,3.65,1.24,2.59,0,-0.0021210,-0.00437109,-0.001976128,-0.0043711,-0.0001771,sell
2022-05-24,0,0,0,0,4.51,1.06,2.2,0,-0.0022816,-0.00352571,-0.000895893,-0.0036267,-0.0008444,sell
2022-05-25,0,0,0,0,4.79,0.97,1.11,0, 0.0006398, 0.00831555, 0.007858927, 0.0009392, 0.0039224,buy
2022-05-26,0,0,0,0,4.76,0.76,0.64,0, 0.0049232, 0.00904669, 0.011055773, 0.0055049, 0.0055056,buy
2022-05-27,0,0,0,0,3.88,0.58,0.57,0, 0.0037877, 0.00351118, 0.005633095, 0.0052306, 0.0041459,buy
2022-05-28,0,0,0,0,2.75,0.45,0.87,0,-0.0049054,-0.00206528,-0.002678665,-0.0021401,-0.0009988,sell
2022-05-29,0,0,0,0,2.46,0.38,1.6,0,-0.0018944,-0.00529459,-0.004637675,-0.0038616,-0.0041461,sell
2022-05-30,0,0.03,0,0,2.55,0.34,1.56,0, 0.0038433,-0.00285575,-0.002675196,-0.0023740,-0.0004235,sell
2022-05-31,0,0.06,0,0,2.96,0.31,0.93,0, 0.0049499, 0.00068716,-0.001738425, 0.0003606, 0.0030245,buy
2022-06-01,0,0.14,0,0,2.88,0.26,0.72,0, 0.0014619,-0.00203544,-0.002613812,-0.0021468,-0.0016554,sell
2022-06-02,0,0.32,0,0,2.63,0.26,0.81,0, 0.0017159, 0.00162699, 0.001508625, 0.0016270,-0.0048937,buy
2022-06-03,0,0.71,0,0,2.71,0.26,1.11,0,-0.0015894,-0.00029483,-0.000131064,-0.0008086,-0.0024987,sell
2022-06-04,0,0.69,0,0,2.63,0.29,1.77,0, 0.0055875, 0.00094960, 0.005186265, 0.0022023,-0.0007491,buy
2022-06-05,0,0.33,0,0,2.32,0.43,2.3,0,-0.0056177,-0.00620834,-0.005916851,-0.0067219,-0.0009392,sell
2022-06-06,0,0.19,0,0,2.22,0.54,2.16,0,-0.0021087,-0.00622526,-0.002421186,-0.0064482, 0.0005808,sell
2022-06-07,0,0.15,0,0,2.23,0.5,1.31,0, 0.0007572, 0.00075717, 0.001250441,-0.0014611, 0.0007357,sell
2022-06-08,0,0.16,0,0,2.14,0.45,0.66,0,-0.0004407,-0.00104330,-0.000440748, 0.0009294,-0.0037427,buy
2022-06-09,0,0.13,0,0,2.28,0.44,0.35,0, 0.0010725, 0.00142419,-0.000972497, 0.0025422, 0.0007832,buy
2022-06-10,0,0.08,0,0,3.04,0.44,0.18,0, 0.0017393, 0.00167930, 0.001176389, 0.0012364, 0.0033313,buy
2022-06-11,0,0.06,0,0,3.2,0.54,0.05,0, 0.0071557, 0.00637366, 0.005866593, 0.0051995, 0.0061251,buy
2022-06-12,0,0.04,0,0,2.33,0.63,0.03,0, 0.0057862, 0.00595035, 0.005786165, 0.0057862, 0.0057862,buy
2022-06-13,0,0.03,0,0,1.9,0.86,0,0, 0.0004980, 0.00548165, 0.001576340, 0.0036497,-0.0028516,buy
2022-06-14,0,0.02,0,0,1.78,1.25,0,0,-0.0042363, 0.00259198,-0.006843620,-0.0042363,-0.0025823,sell
2022-06-15,0,0.01,0.02,0,1.78,1.26,0.05,0, 0.0000224, 0.00567266,-0.000135805,-0.0000114,-0.0020285,buy
2022-06-16,0,0.01,0.05,0,1.87,0.76,0.13,0, 0.0055358, 0.00206256, 0.002055511, 0.0026173, 0.0026263,buy
2022-06-17,0,0.01,0.12,0,1.92,0.47,0.33,0, 0.0009474, 0.00106607, 0.000944503, 0.0009445, 0.0003502,buy
2022-06-18,0,0,0.29,0,1.84,0.36,0.84,0, 0.0037191, 0.00353389, 0.002332270, 0.0016210, 0.0023323,buy
2022-06-19,0,0,0.4,0,1.78,0.34,1.33,0, 0.0043456, 0.00482027, 0.003533819, 0.0034383, 0.0039779,buy
2022-06-20,0,0,0.23,0,1.79,0.43,1.18,0, 0.0030899, 0.00235076, 0.001864498, 0.0007921, 0.0024321,buy
2022-06-21,0,0,0.1,0,1.84,0.65,0.62,0,-0.0009663, 0.00067300,-0.000343939, 0.0007140,-0.0003439,buy
2022-06-22,0,0.04,0.04,0,1.85,1.01,0.32,0,-0.0052594,-0.00588253,-0.005812402,-0.0015515,-0.0040175,sell
2022-06-23,0,0.13,0.02,0,1.83,1.44,0.24,0,-0.0056375,-0.00637166,-0.005518236,-0.0035980,-0.0062594,sell
2022-06-24,0,0.48,0,0,1.87,1.43,0.31,0,-0.0066397,-0.00736640,-0.005929607,-0.0056784,-0.0065249,sell
2022-06-25,0,0.73,0,0,2.03,0.86,0.56,0, 0.0016101, 0.00161010, 0.001648622, 0.0003405, 0.0002650,buy
2022-06-26,0,0.36,0,0,2.32,0.46,1.09,0,-0.0024393,-0.00569746,-0.005482843,-0.0057967,-0.0064977,sell
2022-06-27,0,0.18,0,0,2.89,0.27,1.99,0, 0.0010663, 0.00377310, 0.000356600,-0.0001166, 0.0011112,buy
2022-06-28,0,0.15,0,0,3.91,0.14,1.68,0, 0.0061542, 0.00460417, 0.007352209, 0.0061978, 0.0091935,buy
2022-06-29,0,0.23,0,0,4.14,0.11,1.24,0, 0.0011928, 0.00252116, 0.008854591, 0.0043893, 0.0056824,buy
2022-06-30,0,0.4,0,0,3.13,0.07,0.6,0,-0.0029855,-0.00442250,-0.002145756,-0.0021104,-0.0030008,sell
2022-07-01,0,0.64,0,0,2.33,0.09,0.37,0, 0.0003540, 0.00013017, 0.000354023, 0.0003540, 0.0003540,buy
2022-07-02,0,0.96,0.06,0,1.94,0.13,0.26,0,-0.0044512,-0.00063017,-0.000630166,-0.0002593,-0.0005733,sell
2022-07-03,0,1.54,0.32,0,1.72,0.18,0.39,0, 0.0003440, 0.00104540, 0.001427601, 0.0008874,-0.0019552,buy
2022-07-04,0,1.69,0.4,0,1.6,0.28,0.96,0, 0.0035055,-0.00182092,-0.000544336, 0.0019755,-0.0003873,buy
2022-07-05,0,1.57,0.09,0,1.48,0.45,1.62,0, 0.0033803, 0.00321226, 0.000962848, 0.0018038, 0.0017736,buy
2022-07-06,0,1.19,0.02,0,1.45,0.58,1.86,0,-0.0031281, 0.00459472, 0.001186531, 0.0009288,-0.0036805,buy
2022-07-07,0,0.77,0.02,0,1.54,0.43,1.21,0,-0.0026055,-0.00231120,-0.002871975, 0.0007571,-0.0026134,sell
2022-07-08,0,0.55,0.04,0,1.56,0.24,0.51,0,-0.0005651, 0.00210712, 0.002419790, 0.0023881, 0.0023881,buy
2022-07-09,0,0.49,0.06,0,1.43,0.13,0.41,0,-0.0009850,-0.00039007, 0.004868050, 0.0013573, 0.0009303,buy
2022-07-10,0,0.41,0.08,0,1.26,0.09,0.5,0, 0.0009389, 0.00149645, 0.005429160, 0.0014928, 0.0018874,buy
2022-07-11,0,0.36,0.07,0,1.23,0.08,0.51,0,-0.0008787, 0.00022599, 0.003969261, 0.0003217, 0.0002260,buy
2022-07-12,0,0.57,0.07,0,1.33,0.06,0.61,0, 0.0003135, 0.00258083, 0.005849015, 0.0046615, 0.0027378,buy
2022-07-13,0,1.27,0.09,0,1.61,0.05,1.11,0,-0.0021659,-0.00233723,-0.002165878,-0.0085145,-0.0024428,sell
2022-07-14,0,1.82,0.17,0,2.05,0.04,1.84,0, 0.0032405, 0.00510579, 0.004076535, 0.0033739, 0.0033739,buy
2022-07-15,0,2.02,0.48,0,1.99,0.06,1.44,0,-0.0043007,-0.00448486, 0.001356511,-0.0008698,-0.0004372,sell
2022-07-16,0,0.92,0.55,0,1.81,0.08,0.7,0, 0.0021687, 0.00210060, 0.000355630, 0.0006813,-0.0027623,buy
2022-07-17,0,0.2,0.23,0,1.89,0.12,0.35,0,-0.0041069,-0.00179217,-0.004091207,-0.0020225,-0.0084045,sell
2022-07-18,0,0.04,0.07,0,1.66,0.21,0.18,0,-0.0107569,-0.00999485,-0.011473322,-0.0088244,-0.0113009,sell
2022-07-19,0,0,0.02,0,1.48,0.35,0.09,0,-0.0006085,-0.00306525,-0.004324092,-0.0028669,-0.0042274,sell
2022-07-20,0,0,0.04,0,1.67,0.52,0.05,0, 0.0018320,-0.00393736,-0.000212111,-0.0004272,-0.0033928,sell
2022-07-21,0,0,0.31,0,1.93,0.42,0,0,-0.0003975,-0.00277015,-0.006853157,-0.0086551,-0.0069873,sell
2022-07-22,0,0.05,0.79,0,1.53,0.23,0,0,-0.0006795,-0.00083383, 0.001717307,-0.0010191,-0.0008338,sell
2022-07-23,0,0.29,0.28,0,1.13,0.13,0,0,-0.0007915,-0.00437787,-0.004958809,-0.0041055,-0.0015044,sell
2022-07-24,0,0.83,0.07,0,0.92,0.08,0,0,-0.0005096,-0.00176142,-0.001766915,-0.0017614,-0.0017614,sell
2022-07-25,0,0.45,0.08,0,0.89,0.07,0,0, 0.0023241, 0.00025675, 0.001678566, 0.0017636, 0.0004953,buy
2022-07-26,0,0.1,0.2,0,0.99,0.05,0,0, 0.0053939, 0.00127518, 0.006182149, 0.0034859,-0.0030394,buy
2022-07-27,0,0.01,0.59,0,1.19,0.06,0.04,0,-0.0021650,-0.00401821,-0.002596061,-0.0034494,-0.0040182,sell
2022-07-28,0,0,0.85,0,1.66,0.06,0.07,0,-0.0020106,-0.00116550,-0.001538247,-0.0017006,-0.0026382,sell
2022-07-29,0,0.08,0.52,0,1.96,0.06,0.12,0,-0.0032326,-0.00142028,-0.002956617,-0.0029566,-0.0041338,sell
2022-07-30,0,0.35,0.37,0,1.56,0.06,0.23,0, 0.0004436, 0.00105774, 0.002917887,-0.0006396, 0.0024726,buy
2022-07-31,0,1.14,0.61,0,1.11,0.06,0.42,0, 0.0030201, 0.00281202, 0.000593140, 0.0043995,-0.0001057,buy
2022-08-01,0,1.34,1.15,0,0.85,0.07,0.82,0,-0.0034365,-0.00130046,-0.002683571,-0.0033572,-0.0043968,sell
2022-08-02,0,2.24,1.35,0,0.7,0.07,1.34,0,-0.0045170,-0.00249914,-0.004107191,-0.0045170,-0.0047315,sell
2022-08-03,0,2.02,0.85,0,0.64,0.09,1.2,0,-0.0076706,-0.00683064,-0.006585828,-0.0076005,-0.0074984,sell
2022-08-04,0,1.73,0.4,0,0.58,0.11,0.69,0, 0.0080039, 0.00969640, 0.002327892,-0.0001774, 0.0075413,buy
2022-08-05,0,1.57,0.27,0,0.6,0.13,0.41,0, 0.0081399, 0.00898125, 0.006294454, 0.0013149, 0.0093511,buy
2022-08-06,0,0.41,0.16,0,0.7,0.19,0.26,0, 0.0036589, 0.00739079, 0.000552534, 0.0041119, 0.0036122,buy
2022-08-07,0,0.12,0.13,0,1.02,0.26,0.2,0,-0.0024174, 0.00221723, 0.002515663,-0.0015637,-0.0028501,sell
2022-08-08,0,0.06,0.25,0,1.52,0.41,0.21,0,-0.0000520,-0.00050024, 0.001456885, 0.0000529, 0.0012911,buy
2022-08-09,0,0.15,0.48,0,1.24,0.55,0.27,0, 0.0010011, 0.00061031,-0.000524783, 0.0012457, 0.0000686,buy
2022-08-10,0,0.38,0.28,0,0.81,0.5,0.41,0,-0.0074082,-0.00656306,-0.009664113,-0.0064709,-0.0096641,sell
2022-08-11,0,0.91,0.18,0,0.66,0.42,0.69,0,-0.0028675,-0.00250350,-0.000826925,-0.0056207,-0.0025842,sell
2022-08-12,0,0.87,0.55,0,0.6,0.42,0.66,0, 0.0043546, 0.00342308, 0.003419790, 0.0003875, 0.0001641,buy
2022-08-13,0,0.75,1.08,0,0.56,0.44,0.38,0, 0.0013215, 0.00132283, 0.000816960, 0.0008170,-0.0002900,buy
2022-08-14,0,1.04,1.18,0,0.56,0.49,0.22,0, 0.0028356, 0.00044267, 0.000404897, 0.0015580,-0.0004310,buy
2022-08-15,0,1.43,0.78,0,0.58,0.59,0.12,0,-0.0084859,-0.00773295,-0.007864165,-0.0078642,-0.0084911,sell
2022-08-16,0,1.28,0.45,0,0.59,0.71,0.07,0,-0.0028672,-0.00768883,-0.010716023,-0.0085019, 0.0009273,sell
2022-08-17,0,0.73,0.57,0,0.57,0.77,0.04,0,-0.0007243,-0.00720581,-0.011052663,-0.0084252, 0.0006449,sell
2022-08-18,0,0.62,0.61,0,0.61,0.71,0.02,0, 0.0015773,-0.00370642,-0.008803877,-0.0053454, 0.0016734,sell
2022-08-19,0,0.88,0.59,0,0.66,0.71,0,0, 0.0015572,-0.00479690,-0.006333492,-0.0053291, 0.0049389,sell
2022-08-20,0,0.7,0.38,0,0.68,0.8,0,0, 0.0007338,-0.00382384,-0.005159232,-0.0007255,-0.0004924,sell
2022-08-21,0,0.44,0.16,0,0.7,1,0,0, 0.0026244, 0.00239276, 0.003303260, 0.0003865, 0.0003102,buy
2022-08-22,0,0.61,0.11,0,0.73,1,0,0,-0.0030805,-0.00051718,-0.002244572,-0.0031985, 0.0007957,sell
2022-08-23,0,1.28,0.21,0,0.75,0.78,0,0, 0.0015306, 0.00136422, 0.001201790, 0.0010435, 0.0012979,buy
2022-08-24,0,1.41,0.63,0,0.77,0.7,0,0, 0.0022675, 0.00071956, 0.000499028, 0.0026004, 0.0027258,buy
2022-08-25,0,0.64,0.79,0,0.8,0.75,0,0, 0.0033752, 0.00033732,-0.001060853,-0.0039387, 0.0023586,buy
2022-08-26,0,0.37,0.32,0,0.83,0.64,0.04,0, 0.0007451, 0.00545659, 0.000745083, 0.0027983, 0.0007047,buy
2022-08-27,0,0.39,0.15,0,0.88,0.43,0.06,0,-0.0056757,-0.00495816,-0.003757911, 0.0009099,-0.0035506,sell
2022-08-28,0,0.61,0.17,0,0.93,0.3,0.11,0,-0.0007061, 0.00590009,-0.001651399, 0.0054068,-0.0007061,buy
2022-08-29,0,1.14,0.37,0,0.97,0.22,0.2,0,-0.0026514, 0.00029743, 0.000154877,-0.0026514, 0.0001549,sell
2022-08-30,0,1.02,0.68,0,1.02,0.17,0.35,0, 0.0015679, 0.00156789,-0.000696708, 0.0011358, 0.0012070,buy
2022-08-31,0,0.52,0.76,0,1.07,0.12,0.62,0,-0.0016488,-0.00164881,-0.001648809,-0.0016488, 0.0005596,sell
2022-09-01,0,0.44,0.67,0,1.14,0.1,0.83,0, 0.0027753, 0.00422811, 0.004228107, 0.0025939, 0.0033839,buy
2022-09-02,0,0.58,0.52,0,1.22,0.09,0.63,0, 0.0035761, 0.00209251, 0.002000812, 0.0020925, 0.0018507,buy
2022-09-03,0,1.1,0.23,0,1.31,0.07,0.36,0,-0.0039408,-0.00140131,-0.001523664,-0.0010968,-0.0002009,sell
2022-09-04,0,1.62,0.11,0,1.41,0.07,0.2,0,-0.0060909,-0.00442874,-0.003419947,-0.0035974,-0.0032978,sell
2022-09-05,0,2.07,0.14,0,1.53,0.07,0.12,0,-0.0077184,-0.00337709,-0.003615360,-0.0035599,-0.0061869,sell
2022-09-06,0,1.61,0.29,0,1.51,0.05,0.07,0,-0.0053812,-0.00463462,-0.002953505,-0.0045919,-0.0078643,sell
2022-09-07,0,1.33,0.79,0,1.43,0.08,0.04,0,-0.0051725,-0.00569613,-0.006233283,-0.0036131,-0.0060283,sell
2022-09-08,0,1.6,0.96,0,1.38,0.09,0,0,-0.0070509,-0.00625209,-0.005821039,-0.0040363,-0.0037945,sell
2022-09-09,0,1.73,0.88,0,1.42,0.1,0,0,-0.0026218,-0.00184430,-0.001391906, 0.0001794,-0.0007183,sell
2022-09-10,0,1.55,0.65,0,1.58,0.13,0.05,0,-0.0062304,-0.00590634,-0.005945496,-0.0041584,-0.0058083,sell
2022-09-11,0,1.24,0.32,0,2.19,0.18,0.09,0,-0.0013074, 0.00055917,-0.001571864,-0.0018245,-0.0013074,sell
2022-09-12,0,1.07,0.29,0,2.53,0.29,0.14,0,-0.0024009,-0.00149905,-0.001018235,-0.0013975,-0.0018306,sell
2022-09-13,0,1.19,0.31,0,1.88,0.49,0.22,0, 0.0017161,-0.00300483, 0.002376291,-0.0005606, 0.0000258,sell
2022-09-14,0,1.22,0.48,0,1.71,0.43,0.34,0, 0.0080658, 0.00378637, 0.003896841, 0.0038968, 0.0033102,buy
2022-09-15,0,0.71,0.87,0,1.8,0.23,0.53,0, 0.0004101,-0.00105996,-0.001099923,-0.0010072,-0.0012042,sell
2022-09-16,0,0.38,1.6,0,2.09,0.14,0.83,0,-0.0042745,-0.00231636,-0.006749305,-0.0068750,-0.0057864,sell
2022-09-17,0,0.28,1.96,0,2.53,0.11,1.29,0,-0.0027005, 0.00180768,-0.000708985,-0.0051391, 0.0004869,sell
2022-09-18,0,0.32,1.11,0,2.6,0.1,1.4,0, 0.0021508, 0.00333295, 0.001789030, 0.0033724, 0.0041547,buy
2022-09-19,0,0.41,0.7,0,2.33,0.1,0.98,0,-0.0043453,-0.00438199,-0.006057371,-0.0040887,-0.0043820,sell
2022-09-20,0,0.44,0.64,0,2.1,0.12,0.64,0,-0.0007759,-0.00009116,-0.003998890, 0.0010915,-0.0009855,buy
2022-09-21,0,0.32,0.52,0,1.89,0.12,0.42,0, 0.0001781, 0.00055906,-0.003013406, 0.0003225, 0.0005591,buy
2022-09-22,0,0.42,0.48,0,1.79,0.13,0.28,0,-0.0028969, 0.00127102,-0.000020962, 0.0007795,-0.0025490,buy
2022-09-23,0,0.56,0.85,0,1.86,0.12,0.19,0,-0.0018020,-0.00188265,-0.001808403,-0.0011432,-0.0011439,sell
2022-09-24,0,0.56,0.91,0,2.37,0.13,0.12,0,-0.0020993,-0.00158188,-0.001983822,-0.0018740,-0.0026820,sell
2022-09-25,0,0.76,0.35,0,2.7,0.14,0.08,0,-0.0056046,-0.00644928,-0.006029038,-0.0061055,-0.0056046,sell
2022-09-26,0,1.19,0.18,0,2.2,0.14,0.06,0,-0.0012280,-0.00127856,-0.006365186,-0.0028689,-0.0059416,sell
2022-09-27,0,1.62,0.14,0,2.08,0.15,0,0, 0.0022200, 0.00086597,-0.001519835,-0.0014543,-0.0056088,sell
2022-09-28,0,1.8,0.17,0,2.29,0.16,0,0, 0.0035412, 0.00328981, 0.002713674, 0.0036039, 0.0010609,buy
2022-09-29,0,1.74,0.23,0,2.41,0.15,0,0, 0.0023707, 0.00260382, 0.000725091, 0.0026186, 0.0012518,buy
2022-09-30,0,1.97,0.3,0,1.98,0.14,0,0, 0.0000815,-0.00071381,-0.000713815, 0.0026223,-0.0011647,buy
2022-10-01,0,2.23,0.37,0,1.66,0.13,0,0,-0.0005153, 0.00014832, 0.000907397,-0.0006068,-0.0003175,sell
2022-10-02,0,1.5,0.43,0,1.48,0.12,0,0,-0.0030867,-0.00306581,-0.002929373,-0.0022902,-0.0044891,sell
2022-10-03,0,0.86,0.51,0,1.42,0.1,0,0,-0.0067911,-0.00642205,-0.005976442,-0.0073229,-0.0067220,sell
2022-10-04,0,0.91,0.62,0,1.38,0.1,0,0,-0.0050577,-0.00530431,-0.006146453,-0.0055871,-0.0061126,sell
2022-10-05,0,1.55,0.65,0,1.36,0.1,0,0, 0.0007223,-0.00224873,-0.002440568,-0.0028749,-0.0024445,sell
2022-10-06,0,1.08,0.48,0,1.36,0.09,0,0,-0.0027880,-0.00164365,-0.002494300,-0.0022884,-0.0028787,sell
2022-10-07,0,0.35,0.36,0,1.39,0.09,0,0,-0.0025774,-0.00197347,-0.002238570,-0.0021216,-0.0010469,sell
2022-10-08,0,0.14,0.29,0,1.37,0.09,0,0,-0.0011182, 0.00158842,-0.000149211, 0.0026314, 0.0003312,buy
2022-10-09,0,0.07,0.19,0,1.4,0.1,0,0,-0.0012742, 0.00030525,-0.000254139, 0.0019287,-0.0006266,buy
2022-10-10,0,0.16,0.29,0,1.44,0.11,0,0,-0.0003800, 0.00036550, 0.000731907, 0.0012666, 0.0001735,buy
2022-10-11,0,0.17,0.32,0,1.49,0.15,0,0,-0.0025260,-0.00020896, 0.001428675,-0.0008058, 0.0020645,sell
2022-10-12,0,0.27,0.25,0,1.58,0.22,0,0,-0.0020114,-0.00029741, 0.000519959,-0.0009134, 0.0018280,sell
2022-10-13,0,0.43,0.29,0,1.71,0.33,0,0,-0.0008512,-0.00486337, 0.000796750,-0.0055583, 0.0017397,sell
2022-10-14,0,0.32,0.29,0,1.99,0.51,0,0, 0.0047370, 0.00677573, 0.011183334, 0.0104426, 0.0055611,buy
2022-10-15,0,0.47,0.37,0,2.58,0.61,0,0,-0.0032534,-0.00151868,-0.000488474,-0.0004885,-0.0040269,sell
2022-10-16,0,1.43,0.61,0,2.58,0.59,0,0, 0.0039724, 0.00257247, 0.002071309, 0.0033744, 0.0045756,buy
2022-10-17,0,1.23,0.78,0,1.91,0.62,0,0, 0.0072764, 0.00532212, 0.002993845, 0.0061072, 0.0072776,buy
2022-10-18,0,0.36,0.6,0,1.63,0.41,0,0, 0.0014704, 0.00158450, 0.000843622, 0.0017820,-0.0002630,buy
2022-10-19,0,0.16,0.33,0,1.52,0.23,0,0,-0.0013004,-0.00194111,-0.000693892,-0.0034643, 0.0014513,sell
2022-10-20,0,0.11,0.35,0,1.45,0.12,0,0, 0.0011274, 0.00123816, 0.000827925,-0.0003057, 0.0016543,buy
2022-10-21,0,0.16,0.43,0,1.43,0.08,0,0,-0.0034971,-0.00027454,-0.000542294,-0.0014500,-0.0031841,sell
2022-10-22,0,0.23,0.78,0,1.4,0.04,0,0, 0.0011310, 0.00178899, 0.002925480, 0.0020881, 0.0018027,buy
2022-10-23,0,0.33,1.29,0,1.37,0.04,0,0, 0.0016069, 0.00109325, 0.002536137, 0.0012953,-0.0004717,buy
2022-10-24,0,0.47,1.16,0,1.35,0.05,0,0,-0.0003196,-0.00018603, 0.002135692, 0.0001273, 0.0007793,sell
2022-10-25,0,0.67,0.97,0,1.35,0.1,0,0,-0.0035753,-0.00970747,-0.009082661,-0.0037914,-0.0107610,sell
2022-10-26,0,0.73,0.73,0,1.35,0.19,0.02,0,-0.0006044,-0.00077613,-0.001818459,-0.0006899,-0.0006044,buy
2022-10-27,0,0.64,0.58,0,1.35,0.46,0.02,0, 0.0015279,-0.00196351, 0.001677755, 0.0014954,-0.0047995,sell
2022-10-28,0,0.78,0.75,0,1.37,0.48,0.03,0, 0.0072010, 0.00637972, 0.002689905, 0.0074799, 0.0074431,buy
2022-10-29,0,1.26,1.25,0,1.39,0.2,0.03,0,-0.0047545,-0.00475448,-0.007047113,-0.0047785,-0.0041256,sell
2022-10-30,0,1.58,1.38,0,1.42,0.12,0.07,0,-0.0076439,-0.00937238,-0.011107644,-0.0088098,-0.0094457,sell
2022-10-31,0,2.13,1.19,0,1.45,0.1,0.12,0,-0.0067682,-0.00710193,-0.006766227,-0.0071127,-0.0067682,sell
2022-11-01,0,1.85,1.12,0,1.51,0.1,0.21,0,-0.0089251,-0.00892507,-0.009170551,-0.0092375,-0.0049031,sell
2022-11-02,0,2.03,1.46,0,1.61,0.11,0.47,0,-0.0079818,-0.01211788,-0.011817447,-0.0120481,-0.0118063,sell
2022-11-03,0,2.91,1.25,0,1.7,0.13,0.96,0,-0.0033341,-0.00470633,-0.003649125,-0.0016874,-0.0034056,sell
2022-11-04,0,2.5,1.15,0,1.81,0.15,1.12,0,-0.0056629,-0.00301129,-0.004465486,-0.0049965,-0.0056629,sell
2022-11-05,0,1.94,1.46,0,1.9,0.19,0.76,0,-0.0079044,-0.01169839,-0.012297172,-0.0112003,-0.0121236,sell
2022-11-06,0,1.58,1.48,0,1.88,0.22,0.68,0,-0.0047443,-0.00763231,-0.007683971,-0.0062760,-0.0088153,sell
2022-11-07,0,1.55,0.84,0,1.8,0.27,0.99,0, 0.0059417, 0.00187028, 0.005941652, 0.0034112, 0.0026106,buy
2022-11-08,0,0.64,0.35,0,1.77,0.33,1.94,0, 0.0065412, 0.00630426, 0.006462044, 0.0058043, 0.0061341,buy
2022-11-09,0,0.19,0.27,0,1.73,0.41,1.95,0, 0.0025506,-0.00123483,-0.001263798,-0.0015371,-0.0012446,sell
2022-11-10,0,0.04,0.29,0,1.72,0.51,1.04,0, 0.0032362, 0.00323615, 0.003396530, 0.0048663, 0.0030701,buy
2022-11-11,0,0.09,0.72,0,1.73,0.63,0.66,0, 0.0078125, 0.00984068, 0.008131489, 0.0081315, 0.0085839,buy
2022-11-12,0,0.28,0.79,0,1.79,0.61,0.78,0, 0.0051532, 0.00734890, 0.006293560, 0.0045442, 0.0053260,buy
2022-11-13,0,1,0.86,0,1.87,0.49,1.02,0,-0.0020709,-0.00343200,-0.001137117,-0.0050309,-0.0007683,sell
2022-11-14,0,1.81,0.66,0,1.98,0.39,1.1,0, 0.0060328, 0.00394701, 0.002187423, 0.0031085, 0.0031412,buy
2022-11-15,0,2.08,0.7,0,2.13,0.31,0.97,0, 0.0021713, 0.00133819,-0.001017445, 0.0014229, 0.0019554,buy
2022-11-16,0,1.37,0.66,0,2.3,0.25,0.45,0,-0.0005570, 0.00076883,-0.003070086, 0.0009454,-0.0003130,buy
2022-11-17,0,0.58,0.27,0,2.24,0.2,0.45,0, 0.0000612, 0.00007356, 0.001135658,-0.0004305, 0.0005915,sell
2022-11-18,0,0.7,0.12,0,2.08,0.16,0.78,0,-0.0043708,-0.00439928,-0.003840660,-0.0049382,-0.0046110,sell
2022-11-19,0,1.38,0.07,0,1.95,0.13,0.73,0,-0.0020401,-0.00222579,-0.003874600,-0.0023694,-0.0011977,sell
2022-11-20,0,1.17,0.03,0,1.84,0.11,0.35,0,-0.0011725,-0.00468775,-0.006626818,-0.0008623,-0.0074599,sell
2022-11-21,0,0.46,0.02,0,1.71,0.09,0.21,0,-0.0023830,-0.00177389,-0.002241926,-0.0063609,-0.0022419,sell
2022-11-22,0,0.18,0.01,0,1.67,0.11,0.15,0,-0.0009518,-0.00067774,-0.001334217,-0.0020823,-0.0017966,buy
2022-11-23,0,0.07,0.03,0,1.57,0.2,0.1,0, 0.0043683, 0.00170123,-0.000481474,-0.0002564, 0.0006962,buy
2022-11-24,0,0,0.1,0,1.49,0.5,0.1,0, 0.0040321, 0.00184081, 0.003186532, 0.0020659,-0.0008985,buy
2022-11-25,0,0,0.18,0,1.42,0.59,0.1,0, 0.0052651,-0.00203284, 0.007184001,-0.0028461,-0.0042936,sell
2022-11-26,0,0,0.16,0,1.38,0.26,0.11,0,-0.0012685,-0.00057084,-0.002721129,-0.0049293, 0.0007556,sell
2022-11-27,0,0.01,0.23,0,1.34,0.11,0.12,0,-0.0013555, 0.00208305, 0.001560535,-0.0015481, 0.0045727,buy
2022-11-28,0,0.01,0.27,0,1.3,0.05,0.14,0,-0.0011035, 0.00364320, 0.001716877,-0.0006866, 0.0048099,buy
2022-11-29,0,0.01,0.19,0,1.27,0.03,0.22,0, 0.0000213, 0.00589515, 0.001935716, 0.0013765, 0.0046336,buy
2022-11-30,0,0.02,0.07,0,1.24,0.05,0.29,0,-0.0011683, 0.00207197, 0.001301285, 0.0007093, 0.0014203,buy
2022-12-01,0,0.03,0.03,0,1.18,0.08,0.28,0,-0.0033119, 0.00105235, 0.001381693,-0.0002177,-0.0003177,sell
2022-12-02,0,0.05,0.04,0,1.23,0.14,0.26,0,-0.0036232,-0.00036224,-0.001071726,-0.0005207,-0.0023910,sell
2022-12-03,0,0.1,0.08,0,1.4,0.31,0.17,0, 0.0001176, 0.00248690, 0.003374391, 0.0007032, 0.0027143,buy
2022-12-04,0,0.23,0.08,0,1.88,0.33,0.13,0, 0.0058040, 0.00577420, 0.004751568, 0.0058295, 0.0052031,buy
2022-12-05,0,0.26,0.06,0,1.83,0.17,0.11,0, 0.0068921, 0.00569919, 0.006892135, 0.0075875, 0.0058290,buy
2022-12-06,0,0.38,0.07,0,1.62,0.1,0.1,0, 0.0008697,-0.00029126, 0.002349451, 0.0038145, 0.0007410,buy
2022-12-07,0,0.59,0.16,0,1.93,0.07,0.15,0, 0.0004805, 0.00024238,-0.000602015,-0.0002473, 0.0004696,buy
2022-12-08,0,0.37,0.15,0,1.77,0.07,0.3,0, 0.0010383,-0.00066055, 0.001619516, 0.0015857, 0.0016167,buy
2022-12-09,0,0.3,0.06,0,1.41,0.08,0.57,0,-0.0012127,-0.00129370, 0.002139027,-0.0009959,-0.0010264,sell
2022-12-10,0,0.42,0.02,0,1.21,0.1,1.28,0,-0.0042212, 0.00343385, 0.004004410, 0.0026329, 0.0040044,buy
2022-12-11,0,0.34,0.01,0,1.09,0.09,1.68,0, 0.0036750, 0.00317078, 0.005641766, 0.0043844, 0.0045831,buy
2022-12-12,0,0.23,0,0,1.03,0.07,1.14,0,-0.0000231,-0.00056580,-0.000760416, 0.0001183, 0.0004423,buy
2022-12-13,0,0.23,0.02,0,0.99,0.07,0.85,0, 0.0019627, 0.00215462,-0.001303807, 0.0021996, 0.0017486,buy
2022-12-14,0,0.28,0.09,0,0.95,0.12,0.9,0, 0.0010048, 0.00119672,-0.000432009, 0.0010260, 0.0002796,buy
2022-12-15,0,0.38,0.43,0,1,0.11,1.31,0,-0.0008031,-0.00952235,-0.009522347,-0.0093264,-0.0096852,sell
2022-12-16,0,0.55,0.56,0,1.07,0.11,2.07,0, 0.0017339, 0.00646008, 0.004021718, 0.0065086, 0.0048702,buy
2022-12-17,0,0.8,0.21,0,1.2,0.1,2.07,0,-0.0030238,-0.00320872,-0.002959738,-0.0005699,-0.0032396,sell
2022-12-18,0,1.03,0.23,0,1.54,0.11,1.69,0,-0.0026440, 0.00238287,-0.004874934,-0.0032884,-0.0040946,sell
2022-12-19,0,1.01,0.55,0,1.73,0.12,1.75,0, 0.0003709, 0.00041971,-0.000112904, 0.0006247, 0.0008239,buy
2022-12-20,0,0.88,0.39,0,1.46,0.14,1.65,0, 0.0053163, 0.00394204, 0.003519054, 0.0051021, 0.0020012,buy
2022-12-21,0,0.85,0.1,0,1.37,0.16,1.32,0,-0.0033539,-0.00073043,-0.002967935,-0.0027321,-0.0029679,sell
2022-12-22,0,0.75,0.02,0,1.45,0.19,1.16,0,-0.0003231, 0.00417252, 0.000826010, 0.0012848, 0.0004246,buy
2022-12-23,0,0.53,0,0,1.65,0.24,1.17,0, 0.0039216,-0.00017890, 0.000607695,-0.0005406,-0.0001789,buy
2022-12-24,0,0.42,0,0,1.84,0.27,1.32,0, 0.0000803,-0.00386741,-0.005563860,-0.0054450,-0.0045853,sell
2022-12-25,0,0.41,0,0,2.11,0.33,1.26,0, 0.0035055,-0.00083705, 0.000271614, 0.0006487,-0.0044655,buy
2022-12-26,0,0.54,0,0,2.4,0.37,1.01,0,-0.0027441,-0.00485485,-0.004302523,-0.0050238,-0.0093614,sell
2022-12-27,0,0.8,0.02,0,2.28,0.46,1.07,0, 0.0032269, 0.00366989, 0.004185155,-0.0026185,-0.0021220,buy
2022-12-28,0,1.27,0.06,0,1.89,0.5,1.2,0, 0.0065161, 0.00597649, 0.006347117, 0.0065161, 0.0063471,buy
2022-12-29,0,1.95,0.19,0,1.57,0.44,0.82,0, 0.0015325, 0.00113387,-0.000486979,-0.0012867,-0.0001071,sell
2022-12-30,0,1.63,0.55,0,1.39,0.36,0.59,0,-0.0036709,-0.00380374,-0.003735219,-0.0035217,-0.0027897,sell
2022-12-31,0,1.11,0.55,0,1.27,0.36,0.71,0,-0.0029409,-0.00190662,-0.000757877,-0.0009950, 0.0008723,sell
