Date,a0,a103,a120,a135,a150,a180,a30,a45,a60,a90,JUY,MAY,NEY,PLY,SAY,URY,VEY,DiffPred1,DiffPred2,DiffPred3,DiffPred4,DiffPred5,EffPred
2010-01-01,0,1,1,3,3,0,1,5,0,1,4,2,4,1,3,1,0, 0.00063686, 0.000075978, 0.001253561,-0.00216554, 0.00284941,buy
2010-01-02,0,1,0,2,4,0,0,5,1,0,3,1,2,2,3,1,1,-0.00177322,-0.001409491,-0.000731965,-0.00079280,-0.00075932,sell
2010-01-03,2,1,0,3,2,2,0,6,0,0,4,2,2,2,3,1,2,-0.00040878,-0.000569194,-0.002775701,-0.00346760,-0.00327906,sell
2010-01-04,1,1,2,2,1,1,1,5,0,0,4,1,1,2,3,0,3, 0.00039960, 0.000252961,-0.002677844,-0.00278037,-0.00278037,sell
2010-01-05,1,3,1,1,4,1,1,4,0,0,3,3,2,2,3,1,2, 0.00060646,-0.002254107,-0.000731533,-0.00117145,-0.00280913,sell
2010-01-06,2,3,0,2,3,0,0,5,0,1,3,3,2,2,4,0,2,-0.00106548,-0.001563481,-0.001032250,-0.00097652,-0.00160311,sell
2010-01-07,0,2,2,3,3,0,0,3,1,1,3,3,3,1,3,1,1, 0.00023020, 0.002436127,-0.000233250,-0.00026680,-0.00022479,sell
2010-01-08,0,2,2,2,3,0,1,1,1,0,1,2,2,2,3,2,0, 0.00000593, 0.000158279, 0.000158279,-0.00060515,-0.00040086,sell
2010-01-09,0,4,0,2,2,0,0,3,2,2,1,3,2,2,4,2,1, 0.00136959, 0.002738856, 0.002600984, 0.00105994, 0.00227967,buy
2010-01-10,1,3,1,1,0,0,1,4,3,3,1,1,2,4,4,3,2,-0.00052736, 0.000896322, 0.000688712, 0.00089632,-0.00027180,buy
2010-01-11,1,1,1,0,0,0,3,1,3,1,0,1,2,2,2,3,1,-0.00035764,-0.001143246,-0.000477895,-0.00037337,-0.00041573,sell
2010-01-12,1,0,1,0,0,0,3,0,4,2,1,1,3,1,1,3,1, 0.00204102,-0.000519112, 0.002148382, 0.00204890, 0.00163885,buy
2010-01-13,2,0,0,1,0,0,2,1,3,2,1,1,3,2,2,2,0,-0.00035665,-0.001515281,-0.001028323,-0.00126352,-0.00153422,sell
2010-01-14,1,1,0,0,1,0,3,2,3,1,2,1,3,1,2,3,0, 0.00196849,-0.000927780, 0.001769507,-0.00060429, 0.00121763,buy
2010-01-15,2,0,1,0,0,0,7,0,3,1,3,0,3,2,2,3,1,-0.00059165,-0.001487399,-0.001357584, 0.00036297,-0.00154248,sell
2010-01-16,1,0,1,0,0,1,5,1,0,1,2,1,2,2,2,1,0, 0.00121390, 0.001284804, 0.001184205, 0.00121390, 0.00113846,buy
2010-01-17,3,0,0,1,0,1,4,1,0,1,3,1,2,2,2,1,0,-0.00010730,-0.001136468,-0.000700156,-0.00037975, 0.00014614,sell
2010-01-18,3,0,0,0,1,0,4,0,1,1,3,0,1,3,2,0,1,-0.00150654, 0.000166405,-0.000440267,-0.00019822,-0.00159566,sell
2010-01-19,1,0,1,0,1,0,3,2,0,1,2,1,1,1,2,1,1,-0.00093509,-0.003061913,-0.001332998,-0.00144715,-0.00084821,sell
2010-01-20,1,0,2,1,0,1,6,1,1,1,3,1,2,3,3,1,1, 0.00402370, 0.004218357, 0.004500559, 0.00413299, 0.00405818,buy
2010-01-21,0,0,3,0,0,1,4,3,1,1,2,1,2,3,3,0,2, 0.00397483, 0.004117660, 0.005009578, 0.00412674, 0.00414639,buy
2010-01-22,0,2,2,1,0,0,5,3,1,0,2,1,2,3,2,3,1, 0.00079641, 0.001348414,-0.001337365, 0.00043868, 0.00126511,buy
2010-01-23,0,1,3,1,2,0,4,3,1,2,2,3,1,3,3,3,2, 0.00072724, 0.001183995, 0.001405052, 0.00152374, 0.00110886,buy
2010-01-24,0,1,1,3,1,1,2,3,1,1,0,3,1,2,2,4,2, 0.00080073,-0.000355371,-0.000139511,-0.00113909,-0.00022516,buy
2010-01-25,0,1,2,1,2,1,2,3,1,2,1,2,3,2,2,4,1, 0.00036564,-0.000659907,-0.001075680,-0.00166419, 0.00091609,sell
2010-01-26,0,3,2,1,1,1,2,3,1,0,1,3,2,1,2,3,2, 0.00154172, 0.001628473, 0.001405701, 0.00179837,-0.00036249,buy
2010-01-27,0,2,2,2,1,3,1,4,0,2,1,4,2,1,2,5,2, 0.00224892, 0.002263459, 0.001412603, 0.00120021, 0.00059704,buy
2010-01-28,0,2,0,3,1,3,2,2,0,1,2,3,1,1,2,3,2, 0.00000456,-0.000104009, 0.000085180,-0.00039174, 0.00013856,sell
2010-01-29,0,1,1,1,3,1,1,2,1,0,2,1,1,1,2,3,1,-0.00009597, 0.001182751, 0.000190240, 0.00029525,-0.00050897,sell
2010-01-30,1,1,0,4,1,2,1,4,1,0,1,2,0,3,4,3,2,-0.00173292,-0.001046475,-0.000982805,-0.00205198,-0.00104648,sell
2010-01-31,0,1,1,2,1,3,2,3,0,0,2,1,1,2,3,3,1, 0.00176879, 0.001411218, 0.001411218, 0.00207623, 0.00245137,buy
2010-02-01,0,2,0,2,1,1,2,2,0,0,1,1,0,2,2,2,2, 0.00130811, 0.001154379, 0.001083175, 0.00406350, 0.00295022,buy
2010-02-02,1,2,0,3,3,1,1,3,1,1,2,1,1,4,4,2,2,-0.00249078,-0.001864930,-0.000624429,-0.00165645,-0.00186493,sell
2010-02-03,1,0,1,5,2,0,2,2,3,1,3,1,1,3,3,3,3, 0.00185153, 0.001488346, 0.004842545, 0.00301881, 0.00228017,buy
2010-02-04,1,0,3,4,3,0,4,2,3,0,3,0,3,4,4,4,2, 0.00247471, 0.002429913, 0.002249017, 0.00236864, 0.00174042,buy
2010-02-05,1,2,1,2,2,0,4,1,3,1,2,1,3,3,3,3,2, 0.00156775, 0.002070352, 0.001833840, 0.00183597, 0.00089498,buy
2010-02-06,1,2,1,1,2,0,3,3,2,2,2,1,3,3,3,3,2, 0.00260228, 0.003789836, 0.004086414, 0.00157734, 0.00071426,buy
2010-02-07,1,1,1,1,2,0,4,1,3,1,2,1,2,3,3,3,1, 0.00142147, 0.001481667, 0.002055135, 0.00186677, 0.00070646,buy
2010-02-08,1,1,0,2,2,0,3,1,2,1,1,1,3,2,2,3,1, 0.00284878, 0.001967080, 0.002203892, 0.00201367, 0.00315571,buy
2010-02-09,2,0,0,1,3,0,2,1,4,2,2,1,2,3,3,2,2,-0.00029461, 0.000481587, 0.000016633, 0.00025269,-0.00010609,sell
2010-02-10,2,1,1,0,3,0,3,3,2,0,2,1,2,4,3,1,2,-0.00285853, 0.000373942, 0.003572216,-0.00195812,-0.00114315,sell
2010-02-11,1,1,1,0,3,1,6,1,2,0,3,1,2,2,4,2,2,-0.00489993,-0.004875535,-0.005945411,-0.00507334,-0.00433120,sell
2010-02-12,1,0,2,0,4,2,7,1,2,0,3,3,1,4,4,2,2,-0.00409675,-0.003805546,-0.004025755,-0.00444156,-0.00233677,sell
2010-02-13,2,0,1,1,4,1,5,1,2,0,3,2,1,4,4,2,1,-0.00354740,-0.003875698,-0.004470086,-0.00380129,-0.00414604,sell
2010-02-14,5,0,1,0,5,1,4,1,3,0,3,3,2,4,4,3,1,-0.00030699,-0.000008846, 0.002178752, 0.00032596,-0.00032988,sell
2010-02-15,4,0,0,1,4,0,3,1,3,0,3,3,1,4,2,2,1,-0.00101430,-0.001014299,-0.000037545,-0.00101430,-0.00077494,sell
2010-02-16,3,0,0,1,2,0,2,1,2,0,2,1,2,2,2,2,0,-0.00048272,-0.000418137, 0.001547847,-0.00059339, 0.00021408,sell
2010-02-17,2,0,1,0,1,1,2,2,1,1,2,1,2,2,2,1,1,-0.00093838,-0.000323959,-0.001311350,-0.00071881,-0.00119307,sell
2010-02-18,1,2,0,0,3,0,1,4,1,0,2,2,1,2,2,2,1,-0.00082203,-0.000989396, 0.000988549, 0.00081489,-0.00083994,buy
2010-02-19,1,0,1,0,3,0,1,2,4,1,3,2,1,2,3,1,1,-0.00091426,-0.001664519,-0.001341524,-0.00000959,-0.00048878,sell
2010-02-20,0,0,0,3,2,0,0,1,4,0,1,1,0,2,4,1,1, 0.00225727, 0.000172466, 0.000755698, 0.00028130, 0.00000110,buy
2010-02-21,0,0,1,3,2,0,0,1,4,1,0,2,1,3,5,1,0, 0.00033960,-0.000053908, 0.000050864,-0.00044733, 0.00028046,buy
2010-02-22,0,1,1,2,3,0,0,2,3,2,1,4,1,3,4,0,1,-0.00187850,-0.001842018,-0.001067758,-0.00135485,-0.00170100,sell
2010-02-23,1,3,1,2,1,0,1,2,2,1,2,3,1,2,4,1,1, 0.00355196, 0.004994404, 0.002509604,-0.00134305, 0.00466285,buy
2010-02-24,1,2,1,2,0,1,2,1,2,1,2,2,1,3,2,2,1, 0.00297284, 0.003572696, 0.003246385, 0.00313758, 0.00347299,buy
2010-02-25,2,0,2,2,1,0,1,0,2,0,2,1,2,1,1,2,1, 0.00286393, 0.003005153, 0.002552798, 0.00241851, 0.00255753,buy
2010-02-26,3,0,0,3,2,0,1,0,2,0,2,2,1,1,2,2,1,-0.00013348,-0.000208571,-0.000036799,-0.00004512, 0.00090052,sell
2010-02-27,2,0,0,1,2,1,1,1,1,0,1,0,2,1,2,2,1,-0.00222922,-0.001741816,-0.002168295,-0.00228407,-0.00220372,sell
2010-02-28,3,0,1,0,2,1,3,1,1,0,2,3,1,1,3,2,0,-0.00032208,-0.001823381,-0.000247824,-0.00196871,-0.00053627,sell
2010-03-01,2,1,0,0,3,2,0,1,2,0,1,3,1,1,2,2,1,-0.00481345,-0.003579800,-0.004585249,-0.00351689,-0.00376267,sell
2010-03-02,3,0,0,2,4,0,1,0,2,1,2,3,3,2,2,1,0,-0.00570702,-0.005588888,-0.005194809,-0.00512198,-0.00527705,sell
2010-03-03,2,0,1,2,5,0,1,0,1,0,2,2,3,1,1,2,1,-0.00404558,-0.004080379,-0.003600895,-0.00363771,-0.00450339,sell
2010-03-04,1,2,3,3,2,0,2,0,2,1,1,4,4,2,2,2,1, 0.00034724, 0.000832335, 0.000439965, 0.00015780, 0.00043996,buy
2010-03-05,2,2,3,3,1,0,1,2,2,1,2,3,4,2,2,3,1,-0.00140612, 0.001583213,-0.001051188, 0.00015364,-0.00039124,sell
2010-03-06,1,1,4,1,1,1,2,0,2,1,2,3,3,1,3,1,1, 0.00123404, 0.001377607, 0.001279202, 0.00155503, 0.00113337,buy
2010-03-07,1,2,1,4,1,1,0,0,1,1,3,4,1,0,2,1,1,-0.00303678,-0.002991440,-0.003274249,-0.00220312,-0.00390342,sell
2010-03-08,1,0,1,3,2,1,0,0,2,4,2,4,2,1,3,1,1,-0.00146048,-0.000875781,-0.002902798,-0.00227931,-0.00321352,sell
2010-03-09,2,1,1,2,1,1,0,1,2,3,3,2,2,2,4,0,1, 0.00283417, 0.002951568, 0.002947390, 0.00290201, 0.00292714,buy
2010-03-10,0,1,0,2,1,1,1,1,2,1,2,1,2,1,3,1,0,-0.00084170,-0.000865448,-0.000743163,-0.00048978,-0.00129963,sell
2010-03-11,0,0,1,2,1,1,2,1,3,1,2,2,2,2,2,1,1,-0.00078639, 0.000693410, 0.000897491,-0.00099256,-0.00081021,buy
2010-03-12,0,0,1,2,1,0,1,3,1,1,2,0,1,2,2,2,1,-0.00031646,-0.000277490, 0.002355277,-0.00027749, 0.00285112,sell
2010-03-13,3,0,1,1,3,0,1,2,1,1,1,1,2,2,2,4,1,-0.00125533,-0.001436404,-0.001164849,-0.00141900,-0.00197446,sell
2010-03-14,3,0,1,2,2,0,3,1,2,0,2,1,4,1,2,3,1,-0.00040063,-0.000095619,-0.000152024,-0.00126813,-0.00061268,sell
2010-03-15,4,0,2,2,0,0,4,1,1,0,3,2,4,0,1,4,0,-0.00094012,-0.001076699,-0.000884420,-0.00161586,-0.00158354,sell
2010-03-16,3,0,3,1,0,2,4,1,1,1,2,2,4,1,3,4,0,-0.00366774,-0.002175724,-0.002175724,-0.00356843,-0.00221308,sell
2010-03-17,2,2,2,1,0,1,4,2,1,0,3,3,4,1,2,1,1,-0.00193126,-0.002189812, 0.002341377,-0.00218981,-0.00381749,sell
2010-03-18,1,1,3,1,1,2,3,2,2,2,3,4,3,2,4,2,0, 0.00030134,-0.001479536, 0.000035490,-0.00037459, 0.00046260,buy
2010-03-19,1,2,3,2,0,2,3,2,2,1,3,3,2,3,4,2,1, 0.00058094,-0.002097095, 0.000970923, 0.00009012, 0.00092859,buy
2010-03-20,0,2,1,3,0,1,3,0,3,2,2,3,2,3,3,1,1, 0.00120450, 0.001167328, 0.001452960, 0.00094352, 0.00050518,buy
2010-03-21,0,3,2,1,1,1,0,1,2,1,1,3,1,3,3,0,1, 0.00186255, 0.002494427, 0.001857938, 0.00168793, 0.00317394,buy
2010-03-22,0,3,2,1,0,1,0,2,2,3,2,3,2,2,3,1,1, 0.00261025, 0.000924393,-0.001916735, 0.00288587,-0.00179760,buy
2010-03-23,0,4,2,1,0,2,1,1,1,3,2,3,2,3,3,2,0, 0.00116214, 0.001146382, 0.000439776, 0.00091256,-0.00052489,buy
2010-03-24,0,3,2,2,0,0,1,1,1,2,3,2,2,2,1,1,1, 0.00110476, 0.000774975, 0.000636339, 0.00184709, 0.00083629,buy
2010-03-25,1,3,1,2,3,0,1,0,2,1,3,2,1,4,2,1,1, 0.00127621, 0.001474919, 0.002570956, 0.00143071, 0.00297767,buy
2010-03-26,0,2,1,3,2,0,2,1,2,1,3,1,1,4,2,2,1, 0.00003690, 0.000012770, 0.000088453, 0.00067053, 0.00070211,buy
2010-03-27,0,2,2,1,2,1,3,0,2,1,1,2,2,4,2,2,1,-0.00055718,-0.000518763,-0.001144131,-0.00115336, 0.00003970,sell
2010-03-28,0,2,0,2,1,1,1,1,2,1,2,2,1,3,1,1,1, 0.00237578, 0.002578446, 0.002596946, 0.00181991, 0.00272123,buy
2010-03-29,1,1,0,1,4,1,2,1,4,1,1,1,4,3,3,3,1,-0.00075572,-0.000924562,-0.000406150,-0.00041298,-0.00017687,sell
2010-03-30,1,0,0,2,3,0,2,2,3,1,3,1,4,1,2,2,1, 0.00056959,-0.000542731,-0.001344785,-0.00065396, 0.00048368,sell
2010-03-31,1,0,1,2,4,1,3,2,3,2,3,2,4,2,3,3,2,-0.00080206,-0.000706884,-0.001225762,-0.00201171,-0.00074074,sell
2010-04-01,1,2,2,2,3,0,1,5,2,2,4,3,3,4,3,2,1,-0.00316080,-0.002502702,-0.002273699,-0.00182033,-0.00313060,sell
2010-04-02,1,1,3,1,4,0,2,4,2,3,4,3,3,4,3,2,2,-0.00243103,-0.002227237, 0.000378936,-0.00097145,-0.00178851,sell
2010-04-03,1,2,3,1,3,0,1,3,0,3,5,3,1,4,1,1,2, 0.00142447,-0.000760457, 0.000052455, 0.00138891, 0.00258229,buy
2010-04-04,1,1,2,3,2,0,1,3,1,5,5,3,2,4,2,1,2, 0.00023180,-0.000391214,-0.000659475, 0.00226511, 0.00241478,buy
2010-04-05,2,2,3,1,2,0,1,2,1,4,3,3,2,5,2,1,2, 0.00081106,-0.000777493,-0.002896940, 0.00152589,-0.00193465,sell
2010-04-06,1,3,2,1,1,0,1,2,1,1,4,1,1,4,1,0,2, 0.00102839,-0.001303351, 0.000136914,-0.00067315,-0.00038596,sell
2010-04-07,1,3,2,1,1,1,3,2,1,1,3,3,1,4,1,2,2, 0.00233673, 0.001017540, 0.001201050, 0.00060159, 0.00120105,buy
2010-04-08,1,2,1,2,1,1,2,3,0,1,3,2,0,4,1,2,2,-0.00066115, 0.000281065, 0.001137555,-0.00129276,-0.00007808,sell
2010-04-09,2,2,0,2,2,0,3,2,0,0,3,1,1,3,2,2,1,-0.00006527,-0.000006803,-0.000006803,-0.00000680,-0.00060842,sell
2010-04-10,1,2,0,2,3,0,2,2,1,0,2,2,1,3,2,3,0, 0.00152154, 0.002512475, 0.002566825, 0.00196962, 0.00262355,buy
2010-04-11,1,1,0,3,1,0,1,2,1,0,3,2,0,1,1,2,1,-0.00047011,-0.000542621,-0.000542621,-0.00078684,-0.00230946,sell
2010-04-12,1,1,1,2,1,1,1,3,0,1,1,2,1,2,2,3,1, 0.00238150, 0.002449259, 0.002449259, 0.00276511, 0.00167576,buy
2010-04-13,0,2,1,3,1,0,1,2,1,1,2,2,1,3,2,1,1, 0.00004114,-0.000529442,-0.000529442,-0.00012208,-0.00016977,sell
2010-04-14,0,3,0,4,2,0,3,1,3,0,3,2,2,3,3,2,1,-0.00032054,-0.002026240,-0.001326253,-0.00191851,-0.00257005,sell
2010-04-15,0,1,1,4,2,0,1,3,2,1,3,2,1,3,3,3,0, 0.00257531, 0.002690495, 0.004114034, 0.00366033, 0.00329973,buy
2010-04-16,1,1,0,5,2,0,1,2,3,0,3,1,1,3,3,3,1, 0.00475951, 0.004249037, 0.005410860, 0.00424904, 0.00389345,buy
2010-04-17,0,1,1,3,3,0,1,1,4,1,2,1,3,3,3,3,0,-0.00132229, 0.001095947,-0.001244942,-0.00132861,-0.00132989,sell
2010-04-18,0,2,0,3,1,0,2,2,2,1,3,1,2,1,3,2,1,-0.00019521,-0.000314686, 0.002541218, 0.00328614, 0.00248405,buy
2010-04-19,0,1,1,2,1,1,3,2,2,2,3,2,2,1,3,3,1, 0.00420842, 0.001606155, 0.004661440, 0.00414091, 0.00510455,buy
2010-04-20,0,1,1,3,1,1,2,2,1,1,2,1,3,1,2,3,1,-0.00476441,-0.001536225,-0.004186255,-0.00067977,-0.00398692,sell
2010-04-21,0,0,4,2,3,0,0,1,3,2,2,1,2,2,4,3,1,-0.00681255,-0.006144600,-0.006900061,-0.00582328,-0.00579182,sell
2010-04-22,1,0,2,3,1,0,0,2,1,2,1,2,1,3,2,3,0, 0.00237353, 0.002072517, 0.001780911, 0.00193541,-0.00177463,buy
2010-04-23,0,0,2,1,2,1,1,1,1,3,2,1,2,2,2,2,1, 0.00060269, 0.000359241, 0.000470779,-0.00004415, 0.00057879,buy
2010-04-24,0,1,3,1,0,0,1,3,1,2,2,2,1,2,2,2,1,-0.00085756, 0.000934166, 0.000272596,-0.00046909,-0.00096940,buy
2010-04-25,1,1,3,1,1,2,0,4,1,2,3,2,2,2,3,3,1,-0.00094693, 0.003707404,-0.000956154,-0.00107087,-0.00098448,sell
2010-04-26,0,0,2,3,1,0,0,3,1,2,2,2,1,3,1,1,2, 0.00034179,-0.000073953, 0.000078835, 0.00013964, 0.00122486,buy
2010-04-27,0,0,3,2,3,0,1,3,0,2,3,2,1,3,2,2,1, 0.00623012, 0.005939169, 0.006126386, 0.00623012, 0.00521191,buy
2010-04-28,0,1,1,3,2,0,1,4,1,2,3,2,1,3,2,2,2, 0.00222704, 0.002056432, 0.002056432, 0.00265069, 0.00232619,buy
2010-04-29,0,2,3,2,1,0,1,5,1,2,3,2,2,3,3,3,1,-0.00403201, 0.000487677,-0.004783190,-0.00423670,-0.00420881,sell
2010-04-30,0,1,3,2,1,1,2,4,1,2,3,2,1,3,3,3,2,-0.00319270, 0.001836575,-0.000377161,-0.00037716,-0.00052284,sell
2010-05-01,0,3,2,2,1,0,1,3,0,2,3,2,1,2,2,3,1,-0.00211302,-0.002329219,-0.002517626,-0.00419977,-0.00215436,sell
2010-05-02,1,1,1,3,0,0,0,2,2,4,1,3,2,2,3,3,0, 0.00038550,-0.000608559,-0.001376228,-0.00023524,-0.00181315,sell
2010-05-03,0,2,1,2,2,0,0,3,1,1,0,3,2,1,3,2,1, 0.00129862, 0.001801021, 0.001781671, 0.00071397, 0.00160259,buy
2010-05-04,0,1,2,3,0,0,1,2,3,1,1,2,2,1,3,3,1, 0.00230311, 0.003727966, 0.002303107, 0.00320919, 0.00412629,buy
2010-05-05,0,3,2,3,0,1,1,4,1,1,1,4,1,2,4,3,1, 0.00409225, 0.002798722, 0.000752333, 0.00423556,-0.00005060,buy
2010-05-06,0,3,2,3,0,1,1,4,1,1,1,4,1,3,3,3,1, 0.00282327, 0.002700368,-0.001528471, 0.00267934,-0.00113103,buy
2010-05-07,1,3,1,2,1,0,2,2,2,1,1,3,1,3,3,2,2, 0.00047619, 0.003860172, 0.002031299, 0.00038957, 0.00174170,buy
2010-05-08,0,2,1,2,1,0,1,1,2,2,0,4,0,3,1,2,2, 0.00165282,-0.002439601, 0.001361665,-0.00151357,-0.00151357,sell
2010-05-09,2,2,0,3,0,1,2,1,1,0,1,3,1,1,2,3,1,-0.00053389,-0.000791377,-0.001139739,-0.00113974,-0.00113974,sell
2010-05-10,1,1,0,4,0,0,1,2,1,1,0,3,1,3,0,3,1, 0.00005506, 0.002555433, 0.002706300, 0.00250544, 0.00272485,buy
2010-05-11,0,2,1,2,0,0,2,2,1,0,1,2,1,3,0,1,2,-0.00290151,-0.002939653,-0.000295176,-0.00316171,-0.00306958,sell
2010-05-12,0,2,2,2,1,0,3,2,2,0,3,2,1,4,1,2,1, 0.00007100,-0.000528290,-0.000528290, 0.00045444,-0.00040042,sell
2010-05-13,0,1,1,3,0,0,1,2,1,2,3,2,0,3,1,1,1,-0.00172911,-0.001756790,-0.001840573,-0.00184775,-0.00125327,sell
2010-05-14,0,0,2,1,1,0,1,0,3,2,3,0,1,3,1,1,1, 0.00374084, 0.003899077,-0.000130716, 0.00303045, 0.00350965,buy
2010-05-15,0,2,3,1,1,0,0,0,2,3,2,1,3,3,3,0,0, 0.00118508,-0.000513475,-0.000487888,-0.00059318,-0.00207118,sell
2010-05-16,1,0,4,1,0,1,0,1,2,7,3,2,3,3,3,2,1, 0.00157166, 0.001769302, 0.002626904, 0.00157166, 0.00175980,buy
2010-05-17,0,2,3,2,0,1,0,1,2,4,3,1,3,3,2,3,0, 0.00466925, 0.004683555, 0.004477641, 0.00457468, 0.00269126,buy
2010-05-18,0,0,5,1,1,0,2,0,3,4,3,1,3,2,3,3,1,-0.00065152,-0.001082619,-0.000680228,-0.00063277,-0.00059896,sell
2010-05-19,0,1,4,3,1,0,0,2,2,4,3,1,2,3,3,4,1, 0.00322665, 0.004042861, 0.003266509, 0.00326651, 0.00196137,buy
2010-05-20,1,1,3,3,2,2,1,1,3,2,2,2,3,4,2,4,2, 0.00406249, 0.003663917, 0.003843024, 0.00348895, 0.00398588,buy
2010-05-21,0,1,3,1,1,2,0,0,2,2,0,1,2,4,1,3,1, 0.00176928, 0.001991345, 0.001860995,-0.00281535, 0.00187141,buy
2010-05-22,1,2,1,1,2,3,1,1,2,0,1,3,1,5,1,2,1, 0.00064222, 0.002021167, 0.000642216, 0.00172979, 0.00172979,buy
2010-05-23,1,1,0,1,2,3,0,2,2,2,1,3,2,3,1,2,2,-0.00095346,-0.000893198,-0.000898703,-0.00210270,-0.00245345,sell
2010-05-24,0,2,0,1,2,1,1,1,2,0,1,3,1,2,1,0,2,-0.00121252,-0.000661196,-0.001212520,-0.00099144,-0.00001521,sell
2010-05-25,0,1,2,1,3,1,1,2,2,0,2,2,1,3,2,1,2, 0.00440774, 0.004254505, 0.004272273, 0.00500979, 0.00426114,buy
2010-05-26,0,3,0,4,1,0,1,4,1,1,3,3,1,2,3,1,2,-0.00008469, 0.000276473, 0.000658082, 0.00015300, 0.00056995,sell
2010-05-27,0,4,2,2,1,1,2,3,2,2,3,4,2,2,3,3,2,-0.00361287,-0.002597388,-0.002728310,-0.00258656,-0.00323243,sell
2010-05-28,0,6,0,2,3,1,1,3,1,0,4,3,2,1,2,3,2,-0.00403159,-0.001378700,-0.001655219,-0.00169950,-0.00137870,sell
2010-05-29,0,4,1,2,1,1,1,3,2,3,4,3,4,0,3,3,1,-0.00210365,-0.003166961,-0.003239816,-0.00219266,-0.00330744,sell
2010-05-30,1,5,0,3,2,2,1,4,1,0,3,3,4,1,3,3,2,-0.00397747,-0.002925222,-0.003407663,-0.00340766,-0.00407759,sell
2010-05-31,0,4,1,2,3,1,2,4,0,0,3,3,5,1,2,3,0,-0.00049779, 0.001467667,-0.000416169,-0.00041617,-0.00083699,sell
2010-06-01,0,3,1,2,3,1,3,1,2,0,3,1,4,2,2,4,0, 0.00120527, 0.001986911, 0.001013852, 0.00139397, 0.00136261,buy
2010-06-02,0,2,0,3,3,1,1,3,0,0,2,0,3,2,3,2,1,-0.00494970,-0.005231661,-0.003742546,-0.00520645,-0.00326518,sell
2010-06-03,1,2,0,2,3,2,3,1,1,0,2,1,3,3,3,2,1, 0.00195416,-0.002176566, 0.002023515,-0.00146514, 0.00056095,sell
2010-06-04,0,2,0,2,2,1,1,0,1,0,1,0,2,2,2,1,1, 0.00514444, 0.001707821, 0.004995803, 0.00150020, 0.00504291,buy
2010-06-05,0,1,1,0,2,2,1,0,0,0,1,0,1,0,3,1,1,-0.00102311,-0.001355910, 0.000224775,-0.00118778,-0.00017822,sell
2010-06-06,2,2,0,0,3,2,2,0,0,2,2,1,3,1,3,2,1,-0.00047660,-0.000687662,-0.000719786,-0.00155935,-0.00070444,sell
2010-06-07,0,3,1,1,2,1,1,1,1,2,2,1,3,1,3,1,2, 0.00580828, 0.002994738, 0.006163295, 0.00428241, 0.00322686,buy
2010-06-08,0,0,4,0,3,1,2,0,3,3,3,2,3,2,2,3,1,-0.00170284,-0.001547535,-0.002209136,-0.00165236,-0.00158451,sell
2010-06-09,0,1,3,1,3,0,0,2,3,2,3,2,2,2,3,3,0,-0.00476029,-0.004661774,-0.004737982,-0.00451746,-0.00441894,sell
2010-06-10,0,1,3,1,4,0,0,0,6,4,3,3,3,3,3,3,1,-0.00484449,-0.001178591,-0.003690537,-0.00421706,-0.00378811,sell
2010-06-11,0,2,3,0,5,0,0,1,5,2,4,2,2,3,2,4,1,-0.00406570,-0.002557391,-0.003127195,-0.00249369,-0.00261175,sell
2010-06-12,0,1,4,0,3,0,1,0,1,4,3,1,2,2,3,2,1,-0.00076735,-0.002299625,-0.001609848,-0.00125417,-0.00112537,sell
2010-06-13,0,2,4,1,2,1,1,0,2,4,3,2,3,3,2,3,1,-0.00021484,-0.000984667,-0.000214840, 0.00006584,-0.00092295,sell
2010-06-14,0,3,3,1,2,0,1,1,2,0,2,2,4,1,2,2,0,-0.00010850, 0.001185742, 0.004031646,-0.00003091, 0.00107669,sell
2010-06-15,1,1,6,0,3,0,2,1,1,1,2,2,3,3,3,2,1,-0.00136243,-0.001796581,-0.000889203,-0.00157390,-0.00149553,sell
2010-06-16,0,2,4,3,1,0,1,1,0,1,2,1,2,3,3,2,0,-0.00087265,-0.000863388,-0.001144794,-0.00100425,-0.00135970,sell
2010-06-17,1,2,4,0,3,1,3,0,0,2,2,2,3,3,3,2,1,-0.00071504,-0.002921020,-0.001317604,-0.00185420,-0.00154153,sell
2010-06-18,0,2,2,0,1,0,1,1,0,3,1,1,1,3,2,1,1,-0.00040214, 0.000254004,-0.000195939, 0.00008432,-0.00036680,sell
2010-06-19,1,1,2,0,2,2,2,1,1,4,2,2,2,3,3,2,2, 0.00216746,-0.001892396, 0.001608840, 0.00073399, 0.00152355,buy
2010-06-20,0,0,1,1,0,0,1,2,0,3,1,2,2,0,1,1,1,-0.00102501,-0.000076550,-0.000076550,-0.00008444,-0.00007655,sell
2010-06-21,0,0,2,0,2,1,2,2,2,3,2,3,2,2,2,2,1, 0.00010596,-0.000199984,-0.000063366, 0.00007534, 0.00087492,buy
2010-06-22,0,1,2,2,0,1,1,4,1,3,2,2,3,2,2,2,2, 0.00187285, 0.001838400, 0.001010600, 0.00099628, 0.00103303,buy
2010-06-23,0,1,3,0,0,1,2,3,1,5,2,1,2,3,3,3,2, 0.00407751, 0.003979953, 0.006148054, 0.00398924, 0.00640005,buy
2010-06-24,0,1,3,1,0,1,1,2,0,6,3,1,1,2,2,4,2, 0.00407131, 0.002981158, 0.005169265, 0.00272668, 0.00494964,buy
2010-06-25,0,3,1,3,0,2,0,2,1,5,4,1,2,2,3,3,2, 0.00064307, 0.000643068, 0.000685407, 0.00064307, 0.00064307,buy
2010-06-26,1,1,1,3,0,2,0,1,1,5,3,1,1,3,3,3,1,-0.00115597,-0.000417211,-0.001480779,-0.00115597,-0.00015117,sell
2010-06-27,0,1,1,2,1,2,0,2,0,1,2,1,1,2,2,1,1, 0.00160850, 0.004145226, 0.001260027, 0.00143486, 0.00414523,buy
2010-06-28,0,0,1,4,0,1,2,0,2,0,2,1,1,3,1,2,0,-0.00183955,-0.002131166,-0.001839550,-0.00217174,-0.00144004,sell
2010-06-29,0,1,0,5,1,1,1,3,1,0,2,2,1,3,1,3,1, 0.00393046, 0.005184968, 0.005349756, 0.00505378, 0.00246531,buy
2010-06-30,1,2,0,3,1,1,1,3,2,0,3,2,2,2,1,3,1, 0.00256831, 0.004121155, 0.004354669, 0.00483824,-0.00009525,buy
2010-07-01,1,3,0,4,1,0,2,0,3,0,3,2,3,2,1,3,0, 0.00035526, 0.001915024,-0.000246483, 0.00169208, 0.00252239,buy
2010-07-02,0,3,0,3,1,1,0,0,2,0,1,3,2,1,0,2,1,-0.00269274,-0.003159783,-0.003072076,-0.00250120,-0.00178748,sell
2010-07-03,2,3,0,1,1,1,1,0,1,1,3,1,2,1,1,2,1, 0.00137841, 0.001400526, 0.002204017, 0.00125045, 0.00097265,buy
2010-07-04,0,3,0,2,1,0,1,1,1,1,1,2,2,2,0,1,2,-0.00307978,-0.003976340,-0.001367581,-0.00373328,-0.00397634,sell
2010-07-05,0,3,1,2,1,1,2,0,2,0,1,2,3,1,1,2,2,-0.00074623, 0.001390764,-0.001790749, 0.00045992, 0.00035238,sell
2010-07-06,0,3,1,3,2,1,4,0,2,0,2,2,4,1,3,2,2, 0.00071121, 0.000697905, 0.001522127,-0.00062709, 0.00078280,buy
2010-07-07,0,4,2,3,2,1,2,2,2,0,2,2,3,2,3,4,2,-0.00297211,-0.003443194,-0.002597060,-0.00277891,-0.00274422,sell
2010-07-08,0,3,2,0,3,1,2,1,4,2,2,3,3,2,3,3,2,-0.00456475,-0.004255461,-0.004643204,-0.00099335,-0.00321651,sell
2010-07-09,0,4,2,0,3,1,2,1,2,1,3,3,3,1,3,2,1,-0.00343459,-0.003732797,-0.004417547,-0.00151602,-0.00381609,sell
2010-07-10,0,2,4,0,3,2,2,1,3,3,4,2,2,4,3,3,2,-0.00042984, 0.000395358,-0.000429843, 0.00017747, 0.00039536,sell
2010-07-11,0,3,3,1,3,0,2,2,2,0,3,3,1,3,1,3,2, 0.00239060, 0.002093040, 0.002696924, 0.00264652, 0.00225986,buy
2010-07-12,0,1,4,0,5,0,1,2,2,0,3,3,1,4,1,2,1,-0.00236009,-0.002980407,-0.002113216,-0.00423078,-0.00387215,sell
2010-07-13,0,1,1,3,1,0,1,2,1,0,2,3,0,3,1,1,0,-0.00030786,-0.000357946, 0.000091302,-0.00107618,-0.00038320,sell
2010-07-14,1,1,2,0,3,1,2,0,1,0,2,2,1,3,1,1,1,-0.00035157,-0.000060752,-0.000293907,-0.00025629, 0.00001108,sell
2010-07-15,2,2,1,0,1,0,0,1,1,0,1,2,0,3,1,0,1, 0.00084489, 0.000757391, 0.001394881, 0.00087968, 0.00067288,buy
2010-07-16,2,2,0,1,2,2,0,1,1,1,1,2,2,3,2,2,0, 0.00395843, 0.004812079,-0.001758671, 0.00620344, 0.00305445,buy
2010-07-17,0,1,0,4,1,0,1,1,0,0,1,0,2,2,1,1,1, 0.00181377,-0.000719733, 0.003870886,-0.00159995, 0.00203408,buy
2010-07-18,0,0,1,3,3,0,2,2,2,0,2,1,2,2,3,2,1, 0.00297344, 0.002389399, 0.002560590, 0.00084621, 0.00174700,buy
2010-07-19,0,1,1,5,2,0,0,3,3,0,3,1,2,2,3,3,1, 0.00431107, 0.004255540, 0.004390674, 0.00438436, 0.00443591,buy
2010-07-20,0,1,2,4,2,0,0,1,3,1,2,1,4,2,2,3,0,-0.00150969, 0.001005807,-0.001468141,-0.00073673,-0.00165876,sell
2010-07-21,0,0,3,2,2,0,2,0,2,1,2,1,2,2,2,2,1,-0.00200367,-0.001280922,-0.001589064,-0.00089155, 0.00041668,sell
2010-07-22,0,3,2,0,3,0,1,0,1,2,2,2,2,1,1,2,2, 0.00195331, 0.003019772, 0.002489021, 0.00248922, 0.00576275,buy
2010-07-23,2,2,2,0,2,1,1,0,2,4,2,3,3,2,3,2,1,-0.00173052, 0.000748928,-0.001822989,-0.00161268, 0.00074893,sell
2010-07-24,1,2,3,0,2,2,1,1,1,0,1,2,3,1,3,2,1,-0.00061421,-0.000513727, 0.000016976, 0.00194121,-0.00051373,sell
2010-07-25,1,1,4,1,3,2,4,0,3,0,2,2,3,3,4,4,1,-0.00300742,-0.003140236,-0.002724012,-0.00300742,-0.00268665,sell
2010-07-26,1,1,2,3,3,2,3,1,2,0,2,2,2,3,4,4,1,-0.00035364, 0.000273978, 0.000381368,-0.00056780, 0.00023006,sell
2010-07-27,1,1,2,2,5,2,2,3,0,0,3,2,2,4,3,3,1,-0.00052881, 0.000163193,-0.000629415,-0.00085882,-0.00085882,sell
2010-07-28,2,1,2,0,6,2,4,0,1,1,4,2,2,5,3,3,0,-0.00051965,-0.001515429,-0.002407132,-0.00479948,-0.00236757,sell
2010-07-29,1,1,1,0,3,2,1,0,0,1,2,0,1,3,2,2,0,-0.00211592,-0.001546157,-0.002023013,-0.00202301,-0.00201089,sell
2010-07-30,3,1,1,0,1,5,1,0,0,2,3,1,1,4,2,2,1,-0.00054559,-0.001490599,-0.000477230,-0.00191428, 0.00121702,sell
2010-07-31,3,0,1,0,1,4,0,1,0,2,3,1,1,3,2,2,0,-0.00049601, 0.002499268,-0.000330545,-0.00058390, 0.00149315,sell
2010-08-01,1,1,1,0,3,2,0,1,0,1,2,0,2,3,1,1,1,-0.00244014,-0.002073248,-0.002301201,-0.00232124,-0.00257730,sell
2010-08-02,1,0,1,0,4,2,2,0,1,1,2,1,2,2,2,2,1,-0.00351089,-0.000947354,-0.004368989,-0.00436899,-0.00446974,sell
2010-08-03,1,0,0,5,1,2,0,2,0,1,2,1,1,2,2,3,1, 0.00101446, 0.001214409, 0.000834932,-0.00025307, 0.00340318,buy
2010-08-04,2,0,3,1,2,2,0,1,2,2,2,1,2,2,4,3,1,-0.00139038,-0.000754656,-0.001169644,-0.00095242,-0.00108579,sell
2010-08-05,1,3,1,1,2,2,0,1,1,1,2,1,2,2,3,2,1,-0.00206705,-0.002723390,-0.002526380,-0.00224152,-0.00173127,sell
2010-08-06,1,3,1,2,1,4,0,1,0,4,3,1,2,2,4,3,2,-0.00094876,-0.001132964,-0.000953152,-0.00064942,-0.00111545,sell
2010-08-07,1,2,0,4,0,4,0,1,0,7,5,1,1,4,3,4,1, 0.00028865,-0.000026259, 0.000743764, 0.00028865, 0.00028865,buy
2010-08-08,1,1,1,3,1,2,0,1,1,1,3,0,1,2,3,3,0,-0.00124458,-0.000636240,-0.000869988,-0.00057431,-0.00109778,sell
2010-08-09,2,0,2,4,1,2,0,2,3,1,3,2,0,3,4,4,1, 0.00248537, 0.002548000, 0.002520833, 0.00255119, 0.00283835,buy
2010-08-10,2,0,0,5,1,2,1,4,0,1,3,2,1,3,4,2,1, 0.00062780, 0.000412635, 0.001158242, 0.00037467, 0.00070546,buy
2010-08-11,1,0,1,2,2,1,3,2,0,1,3,3,0,3,2,1,1, 0.00057135, 0.001186033, 0.000812004, 0.00057406,-0.00051111,buy
2010-08-12,2,2,0,3,1,1,0,1,0,1,1,2,2,4,1,1,0, 0.00627144, 0.006967917, 0.000826581, 0.00820084, 0.00532795,buy
2010-08-13,4,1,0,2,0,2,0,1,0,1,1,3,2,2,1,1,1,-0.00068173, 0.003224445,-0.002475406,-0.00119485,-0.00181972,sell
2010-08-14,1,1,1,1,1,0,0,1,0,0,0,2,2,1,0,1,0,-0.00315188,-0.003292861,-0.003292861,-0.00319036,-0.00316332,sell
2010-08-15,1,2,0,2,2,0,3,1,1,0,1,3,2,2,1,2,1, 0.00107700,-0.000040059,-0.000769595,-0.00103888, 0.00183225,buy
2010-08-16,1,2,0,4,0,1,0,5,0,1,1,3,5,2,1,1,1, 0.00297858, 0.001242184, 0.003076911, 0.00275689, 0.00276782,buy
2010-08-17,1,1,2,2,0,1,1,2,2,1,1,3,4,2,1,1,1,-0.00014104, 0.000523740, 0.000088797, 0.00027318,-0.00057055,sell
2010-08-18,1,3,0,2,1,1,0,1,2,0,1,3,3,1,0,2,1,-0.00437054,-0.003629328,-0.003667801,-0.00449079,-0.00235753,sell
2010-08-19,2,1,0,2,1,1,0,1,1,3,1,2,4,2,1,2,0,-0.00099262,-0.001241021,-0.000266271,-0.00057892,-0.00094215,sell
2010-08-20,1,2,0,2,1,1,0,2,0,2,0,3,4,1,1,1,1, 0.00274074,-0.001467514, 0.002749665, 0.00278468, 0.00274074,buy
2010-08-21,1,4,0,2,2,1,1,1,1,0,1,3,4,1,1,2,1,-0.00370648,-0.003142624,-0.003447228,-0.00370648,-0.00026249,sell
2010-08-22,1,3,2,0,2,1,4,1,2,0,2,3,2,3,2,2,2,-0.00342361,-0.002038874,-0.002233420,-0.00176499,-0.00066226,sell
2010-08-23,1,1,3,1,2,0,3,4,0,0,2,4,0,3,2,2,2, 0.00156442, 0.001974549, 0.001862384, 0.00227187, 0.00050146,buy
2010-08-24,2,1,1,2,3,0,5,1,1,0,2,4,1,3,2,2,2, 0.00187951, 0.001392104, 0.001519456, 0.00177634, 0.00333475,buy
2010-08-25,1,1,1,0,3,0,3,1,1,0,1,4,0,3,2,0,1, 0.00148549, 0.000987766, 0.001443633, 0.00169235, 0.00165067,buy
2010-08-26,2,0,1,0,3,0,4,1,0,0,1,4,1,1,1,1,2,-0.00014965,-0.000408578,-0.000408578,-0.00013907, 0.00119034,sell
2010-08-27,3,0,1,0,0,1,3,1,0,1,1,3,1,2,2,1,0,-0.00025316,-0.001485868,-0.000707755,-0.00081658,-0.00026161,sell
2010-08-28,0,1,1,0,0,2,2,2,0,0,0,3,1,2,1,0,1,-0.00067293,-0.000972372,-0.000672929,-0.00067531,-0.00024559,sell
2010-08-29,0,0,1,0,1,1,3,1,1,0,1,1,1,1,2,1,1, 0.00051577,-0.000724852,-0.000534014, 0.00064201, 0.00005891,sell
2010-08-30,0,0,1,1,1,0,0,2,0,0,1,0,0,2,1,1,0,-0.00496685,-0.004966850,-0.005595079,-0.00496685,-0.00436465,sell
2010-08-31,0,0,1,2,2,0,0,1,2,1,2,1,2,1,1,1,1, 0.00430771, 0.002896085, 0.004071227, 0.00048651, 0.00402830,buy
2010-09-01,0,1,2,2,1,0,0,1,2,0,1,1,2,1,1,1,2, 0.00229258, 0.003327303, 0.003371863, 0.00174566, 0.00495532,buy
2010-09-02,0,1,4,0,0,0,0,1,0,0,0,1,2,0,1,0,2,-0.00457535,-0.001528350,-0.001389673,-0.00551299,-0.00530658,sell
2010-09-03,0,1,3,1,1,1,0,2,0,3,1,2,3,1,1,2,2, 0.00045068, 0.000451406, 0.000912082, 0.00047186, 0.00078679,buy
2010-09-04,0,4,2,1,2,0,0,2,0,1,2,3,3,0,0,2,2,-0.00263073,-0.002889564,-0.002135434,-0.00266485,-0.00377399,sell
2010-09-05,0,0,4,0,4,0,0,1,1,2,2,2,3,1,1,2,1, 0.00031546, 0.000071745, 0.001083015, 0.00052676, 0.00033246,buy
2010-09-06,0,0,2,3,2,0,1,2,1,0,2,2,2,1,2,2,0,-0.00307228,-0.004454464,-0.004429410,-0.00407750,-0.00253879,sell
2010-09-07,0,0,3,0,4,1,2,1,2,0,2,2,3,1,2,2,1,-0.00048767,-0.000463966,-0.000053616, 0.00161234, 0.00161234,buy
2010-09-08,0,1,1,0,3,0,2,2,1,0,1,2,1,2,1,2,1, 0.00298885, 0.002830177, 0.002423650, 0.00241508, 0.00278557,buy
2010-09-09,1,1,2,0,5,2,3,0,1,1,3,1,2,4,2,3,1,-0.00269429,-0.000159971,-0.005336751,-0.00558455,-0.00532469,sell
2010-09-10,0,1,2,1,4,0,1,0,1,0,2,0,2,3,1,2,0,-0.00258357,-0.002356398,-0.002332969,-0.00194136,-0.00233297,sell
2010-09-11,2,1,3,0,5,0,3,0,3,0,3,1,2,4,3,2,2,-0.00109871,-0.003076047,-0.002304490,-0.00241983,-0.00327594,sell
2010-09-12,0,2,2,2,2,0,2,2,2,0,2,0,2,4,3,2,1,-0.00055161,-0.000556039, 0.000452530, 0.00057954,-0.00054315,sell
2010-09-13,0,1,3,0,2,0,5,0,4,1,2,1,1,5,3,2,2,-0.00124230,-0.001162389,-0.001487287,-0.00145134,-0.00109518,sell
2010-09-14,0,3,0,0,2,0,2,2,4,0,2,1,0,3,3,2,2,-0.00230362,-0.001269940,-0.002303617,-0.00073899,-0.00213662,sell
2010-09-15,1,0,0,0,3,0,2,1,5,2,2,1,2,3,2,2,2,-0.00022255, 0.000468430,-0.000260068, 0.00076139, 0.00037106,buy
2010-09-16,1,0,0,0,3,0,2,1,4,1,1,1,2,2,3,1,2,-0.00107722,-0.000758080,-0.001129532, 0.00042799,-0.00034485,sell
2010-09-17,0,1,0,0,1,2,3,0,2,0,1,0,2,1,3,1,1, 0.00069182, 0.001122142, 0.001377323, 0.00111673,-0.00048563,buy
2010-09-18,0,0,1,0,1,2,4,0,4,2,2,1,2,2,3,2,2, 0.00239515, 0.001685689, 0.002206232, 0.00153592, 0.00129333,buy
2010-09-19,0,2,1,1,1,2,3,3,2,1,2,1,1,2,5,2,3,-0.00258604,-0.001869686,-0.001989071,-0.00188487,-0.00249161,sell
2010-09-20,1,1,0,1,1,2,4,0,3,0,2,0,2,2,3,2,2, 0.00288211, 0.002882110, 0.003107256, 0.00261215, 0.00151659,buy
2010-09-21,1,0,2,0,2,2,2,0,2,0,1,2,1,2,3,1,1,-0.00117913,-0.000970556,-0.000882916, 0.00016503,-0.00051153,sell
2010-09-22,1,0,0,2,0,2,2,0,1,1,1,2,1,2,1,1,1,-0.00139323,-0.001425524,-0.001270499,-0.00146065,-0.00130931,sell
2010-09-23,3,1,0,2,1,3,2,0,0,2,3,2,2,2,2,2,1, 0.00268576, 0.001223667, 0.002707445, 0.00172493, 0.00241141,buy
2010-09-24,1,2,0,2,2,1,1,1,0,1,1,2,2,2,2,1,1, 0.00008928, 0.000231436,-0.000335962,-0.00227829,-0.00117220,sell
2010-09-25,1,2,1,2,0,0,3,0,1,1,2,1,2,3,1,2,0, 0.00008322,-0.001183904,-0.001354141,-0.00072145,-0.00148981,sell
2010-09-26,2,2,1,2,1,2,1,2,0,1,2,2,1,3,3,2,1,-0.00005841, 0.000280408, 0.000137242, 0.00059597, 0.00025147,buy
2010-09-27,2,2,0,5,0,0,1,2,1,2,4,1,2,3,3,2,0,-0.00199290,-0.003065027,-0.003065027,-0.00324114,-0.00413433,sell
2010-09-28,2,4,1,3,2,0,2,1,2,2,3,4,4,3,3,2,0, 0.00282882, 0.003763763, 0.002064608, 0.00339429, 0.00374145,buy
2010-09-29,2,3,1,4,2,1,1,1,0,0,3,4,3,0,2,2,1,-0.00086974,-0.000831706,-0.000831706,-0.00083171,-0.00003881,sell
2010-09-30,2,3,1,6,1,3,1,2,0,2,4,4,4,1,2,4,2,-0.00003272,-0.000791244,-0.001236369,-0.00015401,-0.00034566,sell
2010-10-01,2,4,2,6,1,2,1,2,0,1,4,4,5,0,2,4,2,-0.00019804,-0.000370521,-0.000403033,-0.00019804, 0.00033787,sell
2010-10-02,2,4,2,5,3,2,1,2,0,0,4,4,5,1,1,4,2,-0.00026275,-0.000262751,-0.000262751,-0.00026275, 0.00039007,sell
2010-10-03,2,2,0,8,1,2,1,2,1,3,4,4,3,3,2,4,2, 0.00066543, 0.000536221, 0.000233624, 0.00067262, 0.00038087,buy
2010-10-04,1,2,1,6,2,1,1,1,0,1,3,2,4,3,1,3,0,-0.00328193,-0.003320658,-0.000775402,-0.00027406,-0.00048632,sell
2010-10-05,1,3,1,5,0,0,2,1,2,1,2,3,3,4,1,2,1, 0.00031678,-0.000073283, 0.000185074,-0.00016356,-0.00131932,buy
2010-10-06,2,3,0,4,1,2,1,3,0,2,2,3,4,4,1,3,1, 0.00190410, 0.001939391,-0.002026466,-0.00201746,-0.00176612,sell
2010-10-07,3,2,0,4,0,0,3,1,0,1,1,3,3,2,2,2,1,-0.00126845,-0.001287275,-0.000947126,-0.00216499,-0.00142161,sell
2010-10-08,1,1,1,3,2,0,2,1,1,0,2,2,3,2,1,2,0,-0.00037506,-0.000552534,-0.000592085,-0.00408380,-0.00057798,sell
2010-10-09,3,2,0,4,0,0,3,2,1,0,1,2,3,3,2,2,2,-0.00090492,-0.000884326, 0.000508650,-0.00304155, 0.00001209,sell
2010-10-10,1,1,2,2,0,0,2,3,0,1,1,2,3,2,1,2,1, 0.00182673, 0.002101236, 0.001269399, 0.00177064, 0.00219501,buy
2010-10-11,0,3,0,2,0,0,5,1,1,0,1,1,2,2,2,2,2,-0.00174241,-0.002249617,-0.002157253,-0.00119272,-0.00275601,sell
2010-10-12,0,3,0,2,0,0,6,2,1,2,3,3,2,1,1,3,3, 0.00216015, 0.001955190, 0.002190445, 0.00134254, 0.00134254,buy
2010-10-13,1,1,0,2,0,0,3,4,1,2,1,3,3,2,2,2,1,-0.00159266,-0.001294309,-0.001592659, 0.00089682,-0.00129431,sell
2010-10-14,0,2,0,2,0,0,3,2,2,1,1,3,2,1,3,1,1, 0.00005137,-0.002602886,-0.002137901,-0.00221798,-0.00163596,sell
2010-10-15,0,2,1,2,1,0,5,1,2,0,3,2,3,1,3,2,0, 0.00022053, 0.000220530, 0.001022619, 0.00048068, 0.00266596,buy
2010-10-16,0,1,4,2,2,0,4,4,0,1,5,2,3,2,3,2,1,-0.00115666,-0.001016623,-0.000758617,-0.00055668,-0.00145256,sell
2010-10-17,1,2,3,3,3,0,5,2,0,2,5,3,5,1,3,3,1, 0.00279588, 0.002922618,-0.001084278, 0.00300832, 0.00263806,buy
2010-10-18,0,2,4,2,5,0,3,1,1,1,4,2,4,1,3,4,1, 0.00476941, 0.004116531, 0.003426907, 0.00529419, 0.00426062,buy
2010-10-19,0,0,5,2,5,0,1,1,0,1,4,0,3,0,3,4,1, 0.00577017, 0.005781691, 0.004613972, 0.00623180, 0.00394910,buy
2010-10-20,2,0,4,2,3,0,2,1,0,2,4,1,3,1,2,4,1, 0.00337850, 0.003207576, 0.003807054, 0.00434938,-0.00016891,buy
2010-10-21,0,1,3,2,2,1,1,2,1,2,2,1,3,3,3,2,1,-0.00461764,-0.004450768,-0.004124368,-0.00465756,-0.00451191,sell
2010-10-22,0,1,2,1,2,0,3,1,2,1,3,1,2,2,2,3,0,-0.00016669, 0.001468500, 0.001835848, 0.00165051, 0.00167429,buy
2010-10-23,1,0,3,1,1,1,2,3,2,1,3,0,1,3,3,3,2,-0.00158146,-0.001433166,-0.001389608,-0.00141255, 0.00001693,sell
2010-10-24,1,0,1,4,1,0,0,3,3,1,4,0,1,3,3,2,1, 0.00417779, 0.004043156, 0.004537245, 0.00414256, 0.00427092,buy
2010-10-25,1,1,1,3,2,1,1,1,3,2,3,1,3,2,3,2,2,-0.00259878,-0.001766199,-0.001383229,-0.00178222,-0.00170045,sell
2010-10-26,1,1,2,2,1,0,1,0,2,0,1,0,1,2,2,2,2,-0.00213042,-0.001858688,-0.001486934,-0.00081357,-0.00006788,sell
2010-10-27,0,2,2,3,1,1,2,0,2,2,2,1,2,4,2,3,1,-0.00206588, 0.000852869, 0.000676681,-0.00246410, 0.00106808,sell
2010-10-28,0,3,1,3,0,1,2,0,2,1,1,1,2,4,2,2,1, 0.00053951, 0.002770717, 0.002203662, 0.00303908, 0.00122261,buy
2010-10-29,0,2,2,3,1,0,3,1,1,0,2,2,2,3,1,2,1,-0.00075141,-0.000920784,-0.000920784,-0.00037936,-0.00035170,sell
2010-10-30,0,1,1,3,1,0,2,1,2,1,2,2,1,4,1,1,1,-0.00008250,-0.000074726,-0.000074726, 0.00052805, 0.00059895,buy
2010-10-31,0,1,0,3,2,1,3,2,1,0,2,2,1,4,2,2,0, 0.00328811,-0.001574471, 0.001702504,-0.00030333, 0.00170751,buy
2010-11-01,0,1,1,2,1,1,4,2,2,1,1,2,2,4,3,2,1, 0.00044087, 0.000742624, 0.000918064, 0.00042351, 0.00519184,buy
2010-11-02,0,2,0,2,1,2,4,2,1,0,2,1,2,4,2,2,1, 0.00090679,-0.001963076, 0.000906786, 0.00054359,-0.00075983,sell
2010-11-03,1,1,1,3,1,1,4,0,2,1,2,2,3,3,2,2,1,-0.00303704,-0.002253572,-0.001996952,-0.00200946,-0.00436257,sell
2010-11-04,1,1,3,2,2,0,2,2,1,1,2,1,4,2,3,3,0,-0.00177093,-0.001778038,-0.001797524,-0.00177804,-0.00182799,sell
2010-11-05,1,1,3,3,1,0,3,1,2,1,2,1,3,2,3,4,1,-0.00213499,-0.000987441,-0.001625841,-0.00130660,-0.00110667,sell
2010-11-06,0,3,3,3,1,0,3,2,0,2,4,0,4,1,3,4,1,-0.00045992,-0.000953263,-0.002465206,-0.00085264,-0.00095326,sell
2010-11-07,1,2,3,0,1,0,3,3,0,2,2,1,3,2,2,3,2, 0.00164512,-0.001785045, 0.003353347, 0.00217115, 0.00147206,buy
2010-11-08,1,3,1,0,1,0,1,3,1,1,3,1,0,1,2,3,2,-0.00043479,-0.000278346,-0.001230866,-0.00133676,-0.00158657,sell
2010-11-09,1,1,1,0,1,0,2,1,3,2,2,0,2,3,1,2,2, 0.00173890, 0.003141611, 0.003414696, 0.00157775, 0.00150693,buy
2010-11-10,0,1,1,0,1,0,2,2,1,1,1,1,2,2,2,1,0, 0.00088483, 0.000992020, 0.000883935, 0.00029145, 0.00046949,buy
2010-11-11,0,3,1,0,1,0,2,3,3,1,2,2,2,2,2,3,1,-0.00370232,-0.003845323,-0.003593113,-0.00336923,-0.00312820,sell
2010-11-12,0,3,3,0,1,0,2,4,2,0,3,2,1,3,2,3,1, 0.00090203,-0.001799625, 0.001665842, 0.00269398, 0.00097536,buy
2010-11-13,1,3,3,0,1,0,1,4,2,0,3,2,2,2,2,3,1, 0.00168472,-0.001218526, 0.001737954, 0.00199404, 0.00147653,buy
2010-11-14,1,3,3,1,1,0,2,1,2,0,4,1,2,1,2,3,1, 0.00281983, 0.002252080, 0.003527759, 0.00282392, 0.00236717,buy
2010-11-15,1,2,3,1,2,0,0,2,2,2,2,3,2,0,3,3,2,-0.00269239, 0.000181778, 0.000138251, 0.00141159, 0.00053657,buy
2010-11-16,3,4,3,0,2,0,1,3,2,1,3,3,3,0,3,5,2, 0.00053432, 0.000312294, 0.000295706, 0.00096923,-0.00078419,buy
2010-11-17,1,3,3,0,1,1,0,4,2,2,2,2,3,1,4,4,1, 0.00452365, 0.003565249, 0.003670731, 0.00367073, 0.00361754,buy
2010-11-18,1,3,3,0,1,1,1,3,3,1,1,2,4,1,4,4,1, 0.00356318, 0.001657609, 0.001762354, 0.00176235, 0.00165973,buy
2010-11-19,1,2,3,1,1,1,2,3,2,1,2,2,3,1,2,5,2, 0.00041812,-0.001412257, 0.000285468,-0.00064000,-0.00065887,sell
2010-11-20,1,0,2,1,3,0,0,3,0,1,1,2,2,1,2,3,0,-0.00060616, 0.000898738, 0.000327134, 0.00053909, 0.00032713,buy
2010-11-21,1,0,2,2,3,0,0,1,2,1,1,1,2,2,2,3,1,-0.00105402, 0.000022856, 0.001158004,-0.00091742,-0.00036523,sell
2010-11-22,1,1,2,1,2,0,1,1,0,0,0,1,2,2,2,1,1,-0.00091063,-0.001434659,-0.001413089,-0.00153617,-0.00104333,sell
2010-11-23,1,0,2,0,1,1,1,1,0,3,2,2,1,1,1,2,1,-0.00046183,-0.000719743,-0.000805150,-0.00072394,-0.00072394,sell
2010-11-24,1,3,1,1,1,1,1,0,0,3,3,1,1,2,2,2,1, 0.00084140, 0.001944009, 0.002362123, 0.00061183, 0.00098264,buy
2010-11-25,0,1,2,1,3,0,1,0,1,4,3,1,3,1,1,3,1,-0.00114626,-0.003204809, 0.000062338,-0.00363436,-0.00323259,sell
2010-11-26,0,0,1,3,3,0,1,0,1,4,3,1,2,2,0,4,1, 0.00033638,-0.000292734, 0.000182872,-0.00189987,-0.00044624,buy
2010-11-27,0,0,1,3,1,0,1,0,4,3,4,1,2,2,1,2,1, 0.00147228, 0.001502102,-0.000127308, 0.00104132, 0.00085023,buy
2010-11-28,0,1,2,0,2,1,1,1,4,3,2,2,3,2,1,3,2,-0.00165931,-0.002924428,-0.001594207,-0.00099500,-0.00175713,sell
2010-11-29,0,3,0,0,0,1,1,1,3,4,3,2,2,1,1,2,2, 0.00284640, 0.003772121, 0.003772121, 0.00405004, 0.00437434,buy
2010-11-30,0,2,0,0,1,2,1,0,3,4,3,1,2,3,0,2,2, 0.00499670, 0.002817485, 0.002774134, 0.00281611, 0.00281611,buy
2010-12-01,2,1,0,1,0,0,0,0,3,2,2,0,2,2,1,1,1, 0.00407292, 0.003902191, 0.005095367, 0.00417634, 0.00382486,buy
2010-12-02,2,2,1,0,2,0,0,0,5,2,3,1,2,3,0,3,2,-0.00367301, 0.000065245,-0.003940734,-0.00039123, 0.00002880,sell
2010-12-03,1,3,0,2,0,0,1,2,5,1,2,1,2,4,2,3,1,-0.00501693,-0.005245330,-0.005209784,-0.00529558,-0.00478548,sell
2010-12-04,1,2,2,0,0,0,3,2,4,2,2,1,2,4,2,3,2,-0.00058969, 0.003973396, 0.000571132,-0.00079106, 0.00057736,sell
2010-12-05,1,4,0,0,0,0,2,1,5,1,2,0,1,3,2,3,3,-0.00260078,-0.003342705,-0.002256974,-0.00103921,-0.00281987,sell
2010-12-06,2,1,0,0,0,0,0,1,4,3,1,1,1,2,1,3,2,-0.00047204,-0.000150487,-0.001498631,-0.00047204,-0.00019714,sell
2010-12-07,3,1,0,0,0,0,0,1,4,0,0,1,1,3,1,1,2,-0.00058576,-0.000333605, 0.000575360, 0.00057606, 0.00190072,buy
2010-12-08,2,0,0,0,0,0,1,0,5,1,1,0,1,3,2,1,1, 0.00173457, 0.001064979, 0.002830336, 0.00361272, 0.00341610,buy
2010-12-09,2,1,0,0,0,0,3,1,6,1,2,2,1,4,2,1,2, 0.00019632, 0.000600690,-0.000020748, 0.00028717, 0.00088828,buy
2010-12-10,2,1,1,1,0,0,0,4,3,0,2,2,0,4,1,1,2,-0.00263563,-0.002319303,-0.003686074,-0.00231930,-0.00245183,sell
2010-12-11,4,1,0,2,0,0,2,1,4,0,2,3,1,4,1,1,2,-0.00021561,-0.000283935,-0.000238057,-0.00021561,-0.00021561,sell
2010-12-12,3,0,1,1,1,0,0,0,4,1,2,3,0,3,1,0,2, 0.00259689, 0.000961061, 0.001488192, 0.00161322, 0.00144197,buy
2010-12-13,5,0,0,3,1,0,1,0,1,1,3,2,1,2,1,2,1,-0.00088433,-0.000454642,-0.000885338,-0.00066388,-0.00018533,sell
2010-12-14,5,0,0,2,1,0,1,0,2,3,3,3,2,3,0,2,1,-0.00068564, 0.000335238, 0.000008597,-0.00014389,-0.00030437,sell
2010-12-15,3,3,0,2,1,1,0,1,2,2,2,3,3,3,1,2,1,-0.00033655, 0.001660912,-0.000602505,-0.00154592,-0.00166277,sell
2010-12-16,2,2,0,2,0,0,2,0,3,2,3,2,3,2,0,3,0,-0.00236040,-0.000203364,-0.000760808, 0.00057646, 0.00172548,buy
2010-12-17,0,1,2,2,1,1,0,3,1,2,3,1,3,1,1,3,1,-0.00000910, 0.001432284,-0.000052908, 0.00059565, 0.00002921,sell
2010-12-18,0,1,0,4,1,0,0,2,4,4,3,1,5,1,1,4,1,-0.00256623,-0.001575426, 0.002867111,-0.00255153,-0.00268577,sell
2010-12-19,0,2,0,3,2,0,1,2,3,4,2,1,6,1,2,4,1,-0.00083235, 0.004416673, 0.006394732, 0.00441667, 0.00217042,buy
2010-12-20,0,2,1,1,1,0,1,2,2,5,2,0,5,0,2,4,2, 0.00380098, 0.004949623, 0.004098745, 0.00494962, 0.00443850,buy
2010-12-21,0,4,1,2,0,1,1,2,1,4,3,0,4,1,2,4,2, 0.00137305, 0.002927475, 0.001599687, 0.00288705, 0.00292747,buy
2010-12-22,0,3,1,1,0,1,1,1,1,3,2,1,4,0,2,2,1,-0.00116691,-0.001204684,-0.001335516,-0.00103300,-0.00112477,sell
2010-12-23,1,2,2,0,2,0,1,1,0,1,2,0,3,2,1,1,1,-0.00222070,-0.001425042,-0.001597756,-0.00280325,-0.00044986,sell
2010-12-24,1,0,0,3,2,0,1,2,1,2,1,1,1,4,3,1,1,-0.00137259,-0.001222027,-0.000912568,-0.00079372,-0.00122203,sell
2010-12-25,1,0,1,2,2,1,1,3,0,1,1,1,2,4,3,1,0,-0.00165520,-0.000996798,-0.001136667, 0.00006708,-0.00122991,sell
2010-12-26,1,0,2,0,0,0,3,1,1,1,0,1,0,3,3,0,2,-0.00116988,-0.002082701,-0.000947289,-0.00218318,-0.00060429,sell
2010-12-27,1,2,0,0,1,2,1,2,2,2,1,1,1,4,2,1,3, 0.00081490,-0.000000088,-0.000010492, 0.00062502, 0.00053338,buy
2010-12-28,2,1,0,1,0,0,1,2,1,3,0,2,1,3,3,0,2,-0.00230100,-0.001230039,-0.002827936,-0.00089533, 0.00072847,sell
2010-12-29,2,0,1,0,2,0,3,1,1,2,1,2,1,2,3,1,2,-0.00102905,-0.001115074,-0.000960344,-0.00102905,-0.00110740,sell
2010-12-30,0,1,1,2,0,0,2,2,2,1,2,1,2,2,3,1,0,-0.00080902, 0.000350684, 0.000335625,-0.00015933,-0.00017767,sell
2010-12-31,1,1,4,0,0,0,2,3,1,3,2,2,4,1,3,2,1,-0.00025210,-0.000948923,-0.000739096,-0.00088049,-0.00105023,sell
2011-01-01,0,2,2,0,0,0,2,3,0,2,2,2,2,1,2,2,0, 0.00202787, 0.001673519, 0.001959326, 0.00521755, 0.00173760,buy
2011-01-02,0,2,2,0,0,0,3,1,2,3,3,2,3,0,1,3,1, 0.00030960, 0.001020989,-0.000223993, 0.00035061,-0.00052666,buy
2011-01-03,1,0,2,0,0,0,2,1,1,3,2,1,3,1,0,2,1,-0.00160073,-0.002403210,-0.000964878,-0.00254991,-0.00100049,sell
2011-01-04,1,0,2,0,0,0,1,3,0,3,1,2,3,0,2,1,1, 0.00061613, 0.000211044,-0.001724794,-0.00090276,-0.00121368,sell
2011-01-05,1,1,2,0,0,0,3,0,3,2,2,2,2,1,2,2,1, 0.00171475, 0.001896715, 0.002066977, 0.00170195, 0.00042473,buy
2011-01-06,0,0,3,0,0,0,3,3,0,2,2,1,2,1,3,2,0,-0.00158636, 0.000550504,-0.001407810, 0.00204845, 0.00035270,sell
2011-01-07,1,0,1,0,0,0,5,2,3,4,3,2,3,1,3,3,1,-0.00181789,-0.000386191,-0.002914014,-0.00061286,-0.00181789,sell
2011-01-08,1,0,0,1,0,0,4,2,4,4,3,2,3,1,3,3,1,-0.00145642,-0.000960637,-0.002051671,-0.00072143,-0.00113874,sell
2011-01-09,0,1,0,0,1,0,3,2,3,3,2,2,2,1,3,2,1, 0.00014252,-0.000330462, 0.000060235,-0.00000893,-0.00010777,buy
2011-01-10,2,1,1,0,0,0,4,1,4,3,3,2,3,2,2,3,1,-0.00235919,-0.000379252,-0.001800178,-0.00070803,-0.00280125,sell
2011-01-11,0,1,1,0,0,1,3,2,3,3,2,1,3,2,3,2,1, 0.00082136, 0.001723145, 0.000684940, 0.00082136, 0.00108341,buy
2011-01-12,0,2,0,1,0,1,5,0,4,3,3,2,3,2,2,3,1,-0.00219920,-0.000358609,-0.001907669,-0.00213820,-0.00037045,sell
2011-01-13,0,2,1,0,1,0,6,1,3,2,4,3,3,2,1,2,1,-0.00188693,-0.000754743,-0.001978486,-0.00197849,-0.00169291,sell
2011-01-14,0,2,0,1,1,0,3,2,3,0,2,1,2,2,2,3,0, 0.00244947, 0.000888886, 0.003100615, 0.00087056, 0.00292630,buy
2011-01-15,0,1,1,1,1,0,2,0,6,1,3,1,2,2,2,3,0, 0.00006163,-0.000113980,-0.002456074,-0.00271263,-0.00025180,sell
2011-01-16,1,2,1,1,1,1,1,0,3,0,2,1,2,2,2,1,1, 0.00130883, 0.001242170, 0.001254132, 0.00129213, 0.00255222,buy
2011-01-17,1,2,2,0,1,0,1,0,3,2,3,1,2,1,3,2,0,-0.00264290,-0.003245784,-0.002676241,-0.00135287,-0.00287851,sell
2011-01-18,2,6,0,1,2,1,1,0,2,1,2,2,2,2,4,3,1,-0.00074354,-0.000020078,-0.000502059,-0.00050206,-0.00062169,sell
2011-01-19,2,2,2,1,1,0,2,0,2,1,2,1,2,2,2,3,1, 0.00443266, 0.003293661, 0.003336361, 0.00303870, 0.00316275,buy
2011-01-20,1,3,2,2,1,1,1,0,2,0,4,2,0,2,2,2,1, 0.00224404, 0.000562326, 0.002137781, 0.00230823, 0.00148311,buy
2011-01-21,1,3,1,2,2,1,1,1,3,0,4,1,2,2,3,2,1, 0.00135428, 0.001263661, 0.002166155, 0.00143358, 0.00263924,buy
2011-01-22,1,4,1,0,2,0,1,2,2,1,3,2,1,2,3,1,2, 0.00145343, 0.001249106, 0.000531167, 0.00052732, 0.00101130,buy
2011-01-23,1,3,0,1,1,2,4,1,1,1,2,2,2,3,2,2,2,-0.00255741,-0.002104233,-0.002346505,-0.00249386,-0.00325099,sell
2011-01-24,1,1,1,1,0,1,3,2,1,2,2,3,2,3,2,0,1,-0.00171259,-0.001591338,-0.002444349,-0.00031210,-0.00139891,sell
2011-01-25,2,2,1,1,1,0,3,1,2,1,1,3,2,2,3,1,2, 0.00038146, 0.000227074, 0.000334926, 0.00056586,-0.00040008,buy
2011-01-26,1,0,1,1,2,0,3,2,1,2,1,3,1,3,1,2,2, 0.00008316, 0.001034106,-0.000734212, 0.00000911, 0.00153959,buy
2011-01-27,1,1,1,2,0,0,4,3,0,1,1,2,1,2,2,3,2,-0.00091476,-0.001746318,-0.000471033,-0.00059598, 0.00024529,sell
2011-01-28,1,0,2,0,0,0,3,3,1,1,1,3,1,2,1,2,1, 0.00014010, 0.000271641, 0.000605620,-0.00023860, 0.00003367,buy
2011-01-29,1,2,0,0,0,0,1,3,3,0,1,3,1,0,1,3,1,-0.00159455,-0.000709309,-0.000909438, 0.00022426,-0.00047673,sell
2011-01-30,3,0,0,0,0,0,1,4,2,3,1,3,2,1,0,4,2, 0.00337268, 0.002427220, 0.002739429, 0.00154793, 0.00368523,buy
2011-01-31,2,0,0,0,0,0,3,4,2,2,0,3,3,1,1,4,1, 0.00246356, 0.002246720,-0.000159856, 0.00063778, 0.00049488,buy
2011-02-01,1,1,1,0,0,0,4,4,3,2,1,2,3,0,3,5,2, 0.00094508, 0.000716172,-0.001333530,-0.00032709,-0.00046895,sell
2011-02-02,1,2,2,0,0,0,3,6,4,2,4,2,2,1,4,5,2,-0.00327682,-0.003118994,-0.003816137,-0.00361415,-0.00336483,sell
2011-02-03,2,1,3,0,0,0,2,9,3,2,5,3,2,1,4,5,2,-0.00202568,-0.002025677,-0.001881557,-0.00202568,-0.00286449,sell
2011-02-04,2,1,2,1,0,0,3,5,5,2,5,2,2,1,4,5,2,-0.00185577,-0.001615607,-0.003208785,-0.00169532,-0.00129589,sell
2011-02-05,1,1,2,0,1,0,3,3,2,1,4,3,0,2,4,0,1,-0.00007345, 0.000077453, 0.000402192, 0.00002221, 0.00093162,buy
2011-02-06,3,0,2,0,1,0,3,4,1,1,4,2,1,3,3,1,1,-0.00037667,-0.002091157,-0.001511343,-0.00226371,-0.00155801,sell
2011-02-07,3,0,2,0,0,0,2,7,1,3,5,3,1,5,2,0,2, 0.00055497, 0.001742283, 0.001716913,-0.00020621, 0.00094823,buy
2011-02-08,2,2,2,0,0,1,1,6,1,1,3,3,1,5,3,0,1, 0.00026768, 0.000260492,-0.000257612,-0.00010048, 0.00061611,buy
2011-02-09,2,0,3,0,0,0,3,6,1,0,3,2,1,5,1,2,1, 0.00125856, 0.001042644, 0.001679036,-0.00035159, 0.00183179,buy
2011-02-10,2,0,2,0,1,0,0,7,0,1,2,3,0,4,1,2,1, 0.00102001, 0.001020007, 0.001700997,-0.00007114, 0.00102001,buy
2011-02-11,2,0,0,3,1,0,0,5,1,2,2,2,1,4,2,2,1,-0.00062451,-0.000577757, 0.000268765,-0.00150756,-0.00071835,sell
2011-02-12,1,2,1,1,2,0,0,3,1,0,1,2,1,3,2,1,1,-0.00161108,-0.002042807,-0.000326646,-0.00121980,-0.00106232,sell
2011-02-13,2,0,3,0,0,0,0,4,0,0,1,2,2,1,2,1,0,-0.00337699,-0.001377627, 0.001300856,-0.00071398,-0.00157694,sell
2011-02-14,1,2,2,1,0,1,1,4,0,2,2,1,3,3,2,3,0, 0.00266196,-0.001767215,-0.001324810,-0.00116731,-0.00154963,sell
2011-02-15,2,2,1,2,1,1,1,4,0,1,2,2,4,2,2,2,1, 0.00137382, 0.000306843,-0.000338836, 0.00137382, 0.00224460,buy
2011-02-16,2,0,2,0,3,0,2,3,0,1,2,1,4,2,1,3,0,-0.00103894,-0.000181017,-0.001000914,-0.00089493,-0.00101625,sell
2011-02-17,3,0,0,4,1,0,2,3,1,1,2,1,3,2,3,3,1,-0.00062699,-0.001280098,-0.001754784,-0.00092866, 0.00099736,sell
2011-02-18,3,0,1,2,2,2,2,2,0,1,1,2,3,2,3,3,1,-0.00044021, 0.000099068,-0.001707916,-0.00314017, 0.00007849,sell
2011-02-19,4,1,1,1,0,0,4,0,0,1,0,1,3,1,3,3,1,-0.00069338,-0.000927776,-0.000693380,-0.00170599,-0.00062898,sell
2011-02-20,3,2,0,3,2,2,2,0,0,2,1,2,3,2,4,3,1, 0.00137217, 0.001736202, 0.002547148, 0.00130997, 0.00166969,buy
2011-02-21,4,0,0,5,0,0,3,0,0,1,1,2,3,0,4,2,1,-0.00100942,-0.000680701,-0.000919646,-0.00037900,-0.00046362,sell
2011-02-22,3,0,2,3,2,0,3,0,2,0,2,2,3,2,3,3,0,-0.00062908,-0.000640481, 0.000063793,-0.00188073,-0.00010195,sell
2011-02-23,1,2,0,4,0,0,3,1,4,0,2,1,2,4,3,2,1, 0.00010928, 0.001885712, 0.003261195, 0.00231214,-0.00191394,buy
2011-02-24,0,0,2,2,0,0,4,3,3,2,4,1,1,4,2,2,2, 0.00069552, 0.000593042,-0.000541602,-0.00108944,-0.00108944,buy
2011-02-25,0,1,1,1,0,0,4,2,3,0,3,0,1,3,2,1,2, 0.00020130,-0.000580608,-0.002146998,-0.00270128,-0.00258902,sell
2011-02-26,0,2,0,1,0,0,4,1,5,1,3,1,2,2,2,2,2,-0.00117159,-0.001030187,-0.001144503,-0.00126705,-0.00126705,sell
2011-02-27,1,1,0,1,0,0,3,2,4,2,3,1,2,3,3,1,1, 0.00220687, 0.002406094, 0.002098946, 0.00049424, 0.00224045,buy
2011-02-28,1,1,0,0,1,0,4,3,3,1,2,1,3,2,3,1,2,-0.00238378,-0.001152821,-0.001152821,-0.00178128, 0.00017374,sell
2011-03-01,1,2,0,0,1,0,5,1,4,0,2,1,2,2,3,2,2,-0.00283325,-0.002665179,-0.002685463,-0.00269376,-0.00223819,sell
2011-03-02,0,1,1,0,1,0,2,3,3,0,2,0,1,2,3,2,1, 0.00080617, 0.000001360, 0.000709328, 0.00085660, 0.00085660,buy
2011-03-03,1,1,0,1,2,0,3,3,2,0,2,0,1,2,4,2,2,-0.00155032,-0.000901562,-0.000090455,-0.00083548,-0.00083548,sell
2011-03-04,1,0,0,0,2,0,4,1,2,0,2,1,0,3,2,0,2,-0.00130008,-0.000751250,-0.001770023,-0.00271214,-0.00018343,sell
2011-03-05,0,0,0,0,2,0,2,1,1,0,1,0,0,2,2,0,1,-0.00270559,-0.002103523,-0.002106203,-0.00282363,-0.00230988,sell
2011-03-06,2,0,0,0,1,0,4,0,2,1,2,1,1,3,1,1,1,-0.00239342,-0.002414161,-0.003010031,-0.00052920,-0.00269722,sell
2011-03-07,1,1,0,0,1,1,5,1,1,0,3,2,2,2,2,0,0,-0.00020205,-0.000203991,-0.000324475,-0.00070962,-0.00072137,sell
2011-03-08,1,1,0,0,1,0,5,1,2,0,2,2,2,2,1,2,0,-0.00088228,-0.000103418,-0.000996159,-0.00176915,-0.00281649,sell
2011-03-09,1,0,1,0,2,0,5,1,2,1,3,2,1,2,2,2,1,-0.00001114, 0.000647430,-0.001290086,-0.00102420,-0.00139085,sell
2011-03-10,1,1,0,1,2,0,3,2,1,0,3,1,1,1,2,2,1, 0.00023813, 0.000101625,-0.000191402, 0.00018555, 0.00030051,buy
2011-03-11,0,0,0,1,2,0,1,0,3,1,2,1,1,1,2,1,0, 0.00105198, 0.002564691, 0.000566978, 0.00219040, 0.00230963,buy
2011-03-12,0,1,3,0,1,0,1,1,2,2,2,2,1,1,3,1,1,-0.00114550, 0.000739444,-0.000201541,-0.00012513, 0.00033705,sell
2011-03-13,1,2,2,1,1,1,1,1,0,2,1,2,1,2,3,2,1, 0.00329434, 0.001447201,-0.001260731, 0.00005964, 0.00136870,buy
2011-03-14,1,1,2,1,2,1,1,1,0,3,2,2,1,2,3,2,1, 0.00209907, 0.000087925, 0.000674746, 0.00013332, 0.00067475,buy
2011-03-15,1,1,2,1,2,0,1,1,0,0,2,2,1,0,2,2,0,-0.00220617, 0.001040494, 0.001085398,-0.00162423, 0.00109086,sell
2011-03-16,1,0,2,2,3,2,1,2,1,0,2,3,1,1,4,2,1, 0.00070912, 0.000350405, 0.002267530, 0.00360507, 0.00267862,buy
2011-03-17,2,0,0,3,2,3,2,2,1,0,2,2,3,1,3,3,1, 0.00272669, 0.002965859, 0.001029712, 0.00043481, 0.00296586,buy
2011-03-18,1,0,1,0,2,1,4,3,0,0,1,2,2,2,3,2,0,-0.00260559,-0.003250213,-0.002347339,-0.00433403,-0.00424352,sell
2011-03-19,1,2,0,0,2,3,3,2,0,0,0,3,3,3,1,2,1,-0.00281509,-0.000487925,-0.002452558,-0.00118037,-0.00145461,sell
2011-03-20,2,1,0,2,0,1,3,1,0,1,1,2,2,3,1,1,1,-0.00418188,-0.004504241,-0.004140102,-0.00391651,-0.00354365,sell
2011-03-21,1,1,2,0,2,0,2,1,0,0,0,2,2,2,0,2,1, 0.00183134, 0.000459806,-0.000643654,-0.00065104, 0.00006885,buy
2011-03-22,1,3,0,2,1,0,3,1,1,0,1,2,2,3,1,2,1,-0.00266028,-0.002097009,-0.002734930,-0.00226728,-0.00146955,sell
2011-03-23,1,2,2,1,0,0,1,3,0,2,2,2,2,2,1,2,1, 0.00028351, 0.001146155, 0.000055571,-0.00069306,-0.00038967,buy
2011-03-24,1,2,2,1,0,0,2,1,1,1,2,2,1,3,2,1,0, 0.00187199, 0.000130687, 0.000235240, 0.00011801, 0.00209854,buy
2011-03-25,1,2,0,1,0,0,2,1,3,2,1,2,2,2,2,2,1,-0.00219712,-0.002193517,-0.002374458,-0.00139528,-0.00237446,sell
2011-03-26,2,1,0,1,0,0,2,1,2,3,2,1,2,2,2,2,1, 0.00106463, 0.001088499, 0.000789458, 0.00183260, 0.00106463,buy
2011-03-27,1,0,0,1,0,0,2,3,1,3,2,2,2,1,2,1,1,-0.00074129,-0.000496978,-0.000856102,-0.00052456,-0.00049698,sell
2011-03-28,1,1,0,1,0,0,5,1,2,1,1,1,3,2,2,2,1, 0.00086838,-0.000936398, 0.000922353, 0.00180851, 0.00032765,buy
2011-03-29,1,0,1,0,0,0,3,2,1,1,1,1,1,2,1,3,0,-0.00083628,-0.002085595,-0.002375508,-0.00165693,-0.00144301,sell
2011-03-30,2,0,0,1,0,0,3,2,1,1,1,1,2,3,1,2,0, 0.00100134,-0.002123641,-0.002237209,-0.00246303,-0.00032122,sell
2011-03-31,3,1,0,1,0,0,2,2,2,0,1,0,2,3,1,2,2,-0.00153650,-0.002261950,-0.002350376,-0.00230789,-0.00115943,sell
2011-04-01,2,1,0,0,1,1,2,2,1,0,2,0,2,2,2,1,1,-0.00192962,-0.001742329,-0.001929622,-0.00187687,-0.00204905,sell
2011-04-02,4,1,0,0,0,1,2,2,1,1,1,1,3,3,1,2,1, 0.00168653, 0.001605613, 0.001605613, 0.00157359, 0.00158718,buy
2011-04-03,3,1,0,0,0,2,2,3,1,1,2,0,3,3,2,1,2,-0.00195356,-0.002447210,-0.002893201,-0.00276351,-0.00166315,sell
2011-04-04,2,2,0,0,1,1,2,3,2,0,1,0,3,3,2,2,2,-0.00149627,-0.001785391,-0.002549113,-0.00253271,-0.00060142,sell
2011-04-05,2,1,1,0,1,1,2,1,2,0,1,1,2,2,2,2,1, 0.00005955,-0.000171247, 0.000059550,-0.00002458,-0.00033964,buy
2011-04-06,2,1,0,1,2,0,1,3,1,0,2,1,1,2,2,2,1,-0.00241538,-0.002551132,-0.002016670,-0.00190568,-0.00249287,sell
2011-04-07,1,2,0,2,2,0,1,2,2,2,3,1,2,5,2,1,0, 0.00075307, 0.000834117,-0.000430335,-0.00026032, 0.00078996,buy
2011-04-08,2,3,1,0,2,0,1,0,2,2,4,1,1,4,2,0,1,-0.00105703,-0.001039948,-0.001535705,-0.00042263, 0.00081909,sell
2011-04-09,2,4,1,0,1,0,2,0,1,2,4,0,1,3,2,1,2, 0.00142233, 0.001226416, 0.001556799, 0.00100868, 0.00360014,buy
2011-04-10,1,4,1,1,0,1,2,1,0,4,2,1,3,4,2,2,1, 0.00140889, 0.001610215, 0.001754804, 0.00142360, 0.00137987,buy
2011-04-11,1,4,1,1,1,0,2,1,0,3,3,1,3,3,1,1,2,-0.00067597,-0.000987141,-0.001953229,-0.00176323,-0.00067121,sell
2011-04-12,1,2,2,1,2,0,2,1,0,1,3,1,2,3,0,1,2, 0.00056257, 0.000187484, 0.001412797, 0.00099500, 0.00127003,buy
2011-04-13,1,0,1,3,1,1,0,1,1,1,2,1,1,2,2,1,1, 0.00202462, 0.002551153, 0.001691835, 0.00205225, 0.00216728,buy
2011-04-14,1,0,1,2,2,3,0,2,0,1,2,2,2,2,3,1,0, 0.00065976, 0.001091112, 0.001781909, 0.00115788, 0.00154568,buy
2011-04-15,0,1,0,0,2,3,1,1,0,0,1,1,1,1,3,0,1,-0.00055024, 0.000259718, 0.000680514,-0.00051308, 0.00025972,buy
2011-04-16,1,1,0,0,1,5,0,1,0,1,0,1,2,2,3,1,1, 0.00028710, 0.000908018, 0.001412701,-0.00047166, 0.00090802,buy
2011-04-17,2,0,0,1,1,4,0,2,1,0,1,2,4,0,3,0,1, 0.00119609, 0.002627428, 0.002556382, 0.00164162, 0.00304307,buy
2011-04-18,1,0,1,1,2,2,2,2,2,0,0,1,5,1,2,2,2,-0.00057789,-0.000095602, 0.002570588, 0.00150337, 0.00100869,buy
2011-04-19,1,1,0,2,2,2,3,3,1,0,1,2,5,1,3,2,1,-0.00079443,-0.000611309, 0.001449741,-0.00055673,-0.00038681,sell
2011-04-20,2,0,2,2,0,2,3,2,1,1,1,2,4,1,3,3,1,-0.00491316, 0.000578962, 0.000701142,-0.00473223, 0.00057896,sell
2011-04-21,2,2,2,0,0,2,2,1,2,0,1,2,3,0,3,3,1,-0.00493073,-0.000071179,-0.003796424,-0.00601325,-0.00357088,sell
2011-04-22,2,2,0,0,0,1,2,1,2,2,1,1,4,1,1,3,1, 0.00163575,-0.002306700,-0.000703489,-0.00138763,-0.00321885,sell
2011-04-23,3,1,0,0,0,1,2,2,0,3,3,1,3,1,2,2,0, 0.00126540, 0.001268598, 0.000817504, 0.00079517, 0.00130554,buy
2011-04-24,2,2,1,0,0,1,2,2,2,2,2,0,3,3,2,3,1, 0.00242554, 0.001573778, 0.001963933, 0.00153635, 0.00180377,buy
2011-04-25,1,1,2,0,0,1,1,1,2,1,1,0,1,4,2,1,1,-0.00010998,-0.000473631,-0.000473631,-0.00063454,-0.00040929,sell
2011-04-26,1,1,1,1,0,1,0,4,2,1,2,1,1,4,2,1,1,-0.00113423,-0.001093736, 0.000410399,-0.00113034,-0.00113423,sell
2011-04-27,2,1,1,1,0,1,2,3,1,1,2,1,2,4,2,1,1,-0.00161691,-0.001285548,-0.001285548,-0.00121361,-0.00084797,sell
2011-04-28,1,1,1,0,1,2,3,1,0,1,2,1,1,3,3,0,1,-0.00206269,-0.001948734,-0.001968684,-0.00187356,-0.00132762,sell
2011-04-29,2,1,1,0,1,1,3,1,0,0,2,1,2,2,2,1,0,-0.00093194,-0.001670879,-0.000931937,-0.00113201,-0.00032679,sell
2011-04-30,4,1,1,0,1,2,0,2,0,1,1,0,2,3,3,1,2,-0.00312222,-0.001796561,-0.002449270,-0.00195291,-0.00174558,sell
2011-05-01,4,2,0,0,1,1,0,3,0,0,2,1,3,2,2,0,1,-0.00114047, 0.000039437,-0.002408596,-0.00115326,-0.00115326,sell
2011-05-02,2,0,1,0,1,1,1,2,1,0,1,0,3,1,2,1,1,-0.00177269,-0.000814488,-0.002582929,-0.00079539,-0.00116582,sell
2011-05-03,2,1,1,1,2,0,1,3,0,0,1,0,2,3,2,1,2,-0.00100106, 0.001084580, 0.000987587,-0.00031726, 0.00068271,buy
2011-05-04,2,1,0,2,1,0,2,3,1,1,2,1,3,2,2,1,2, 0.00047243, 0.000767365, 0.000860736,-0.00040411,-0.00050193,buy
2011-05-05,2,3,1,0,1,0,0,5,1,0,2,1,2,3,1,2,2, 0.00417594, 0.002107348, 0.004521563, 0.00446746, 0.00430431,buy
2011-05-06,1,3,0,0,0,0,0,1,3,0,1,1,0,2,1,1,2, 0.00415856, 0.004246237, 0.004233630, 0.00416211, 0.00418391,buy
2011-05-07,3,3,1,0,0,1,0,1,2,2,2,1,2,3,2,2,1, 0.00238993, 0.002315667, 0.001688709, 0.00161129, 0.00231567,buy
2011-05-08,3,3,0,1,0,0,0,1,1,3,3,0,2,2,1,2,2, 0.00155849, 0.002032238, 0.000761992, 0.00062805, 0.00042188,buy
2011-05-09,3,4,1,0,2,0,0,1,1,2,4,1,2,3,0,2,2,-0.00054728, 0.000178756,-0.000556532,-0.00081460,-0.00091214,sell
2011-05-10,3,2,1,3,1,0,1,1,2,0,4,1,1,3,1,3,1,-0.00056447, 0.000361418,-0.000486922,-0.00056447,-0.00044861,sell
2011-05-11,3,0,4,2,1,1,1,2,1,0,3,1,2,3,1,3,2, 0.00286654,-0.001183417, 0.002152778,-0.00197967, 0.00167725,buy
2011-05-12,3,0,1,4,0,0,3,0,1,0,4,1,1,2,1,1,2, 0.00292926, 0.003156054, 0.003440747, 0.00315319, 0.00185026,buy
2011-05-13,3,1,0,2,4,1,2,0,2,0,4,1,3,2,1,2,2, 0.00050797, 0.000110686, 0.000507966, 0.00060216, 0.00076883,buy
2011-05-14,2,0,0,3,0,1,2,0,3,1,1,0,4,2,2,2,1,-0.00044195,-0.000038403,-0.000458849,-0.00046064,-0.00113250,sell
2011-05-15,3,0,2,2,1,3,3,0,3,0,2,3,4,2,1,3,2,-0.00368439,-0.003235593,-0.003470712,-0.00395163,-0.00331862,sell
2011-05-16,3,1,1,2,1,1,5,0,3,0,1,3,3,2,2,5,1, 0.00143512, 0.001351260, 0.001567413, 0.00148517, 0.00117945,buy
2011-05-17,3,1,2,2,3,0,4,2,2,1,2,3,4,2,2,5,2, 0.00276740, 0.003239633, 0.002905739, 0.00295933, 0.00230716,buy
2011-05-18,3,0,4,3,2,0,5,0,3,1,2,3,3,4,2,4,3,-0.00149321,-0.000544636,-0.000328881,-0.00136262,-0.00208405,sell
2011-05-19,3,1,4,3,0,0,3,0,1,2,2,3,2,3,1,4,2,-0.00208280,-0.004895670,-0.000526801,-0.00091555,-0.00189537,sell
2011-05-20,4,1,5,0,1,0,2,1,1,3,2,3,3,4,2,2,2, 0.00006937,-0.002409346, 0.000023277,-0.00055096,-0.00058668,sell
2011-05-21,3,4,3,0,2,0,0,1,1,2,2,3,2,3,3,1,2,-0.00035774,-0.002459537,-0.001415317,-0.00051103,-0.00015681,sell
2011-05-22,3,0,4,0,3,0,2,0,2,4,1,3,2,4,4,2,2, 0.00086259, 0.000683192, 0.000042970, 0.00146893, 0.00228221,buy
2011-05-23,3,0,3,0,3,0,0,2,1,1,0,2,1,3,4,2,1, 0.00561621, 0.004919897, 0.005112548, 0.00477767, 0.00183404,buy
2011-05-24,2,0,0,1,3,0,1,1,3,1,1,1,2,2,4,2,0,-0.00091261,-0.000634527, 0.000313190, 0.00041973, 0.00193959,buy
2011-05-25,1,0,0,0,4,0,0,1,4,0,1,2,0,2,3,1,1,-0.00111402,-0.002517988,-0.000987690,-0.00136697,-0.00150502,sell
2011-05-26,1,0,0,0,3,0,2,3,1,0,1,2,1,1,2,2,1, 0.00069085, 0.000759333, 0.001891724, 0.00171993, 0.00143564,buy
2011-05-27,2,0,0,0,2,1,3,2,1,1,1,2,1,2,2,3,1, 0.00015102,-0.000582496,-0.000472376,-0.00097733,-0.00068262,buy
2011-05-28,0,1,1,1,2,1,2,3,0,0,0,1,1,3,3,2,1,-0.00048043,-0.000454420,-0.000344388, 0.00101509, 0.00176477,sell
2011-05-29,1,0,2,1,1,0,1,2,1,0,1,0,1,3,1,3,0, 0.00090982,-0.000171968, 0.000909823, 0.00063762,-0.00065833,buy
2011-05-30,2,0,2,3,2,0,1,2,0,0,0,1,0,4,3,3,1,-0.00077804,-0.001217582,-0.000646226,-0.00104436,-0.00143376,sell
2011-05-31,1,0,1,4,0,0,2,2,0,1,2,0,1,2,3,2,1,-0.00233848,-0.002376961,-0.001022335,-0.00186055,-0.00107270,sell
2011-06-01,0,2,2,2,1,0,2,3,1,1,3,0,3,2,3,3,0,-0.00043641,-0.002004196, 0.000063154,-0.00235465,-0.00043641,sell
2011-06-02,0,2,1,2,0,0,3,4,0,1,3,1,3,1,2,2,1, 0.00436209, 0.002985354, 0.004644775, 0.00284024, 0.00322208,buy
2011-06-03,0,2,2,2,0,1,1,4,2,2,3,1,3,2,3,3,1, 0.00010903, 0.000469758,-0.000216285, 0.00010903, 0.00010903,buy
2011-06-04,0,2,0,4,1,1,0,3,2,2,1,1,3,4,2,3,1, 0.00238106, 0.004640890, 0.001536223, 0.00112029, 0.00180751,buy
2011-06-05,0,1,1,2,2,0,0,2,2,1,2,0,2,2,1,3,1,-0.00091562,-0.001512493,-0.001154236,-0.00159086,-0.00053904,sell
2011-06-06,0,2,2,3,2,0,0,2,1,1,2,1,1,3,3,3,0, 0.00128737, 0.000776159, 0.000743280, 0.00087648,-0.00048503,buy
2011-06-07,0,2,2,4,1,1,2,3,0,3,3,3,3,3,3,2,1, 0.00077042, 0.002874841, 0.000607167,-0.00005534, 0.00060149,buy
2011-06-08,0,3,3,2,1,1,3,2,0,1,4,2,3,2,2,2,1, 0.00047170,-0.000964624,-0.001006220, 0.00050371,-0.00073545,sell
2011-06-09,0,2,2,2,2,0,2,2,1,1,5,2,3,2,0,1,1, 0.00255669, 0.003048595, 0.002453677, 0.00347728, 0.00293819,buy
2011-06-10,1,1,1,4,2,1,2,1,1,2,3,2,4,2,2,2,1,-0.00365249,-0.002113474,-0.002994531,-0.00330881,-0.00291675,sell
2011-06-11,0,0,1,4,1,0,2,1,1,1,2,2,3,1,1,1,1, 0.00025750, 0.001564075, 0.000831647,-0.00028967, 0.00221051,buy
2011-06-12,0,0,1,2,3,1,4,0,2,0,2,2,1,3,2,2,1, 0.00085144,-0.000167006,-0.000255439, 0.00251751, 0.00078893,buy
2011-06-13,0,1,0,2,1,1,2,2,1,0,0,3,1,2,2,2,0, 0.00227948, 0.002066516, 0.002684999, 0.00153808, 0.00224207,buy
2011-06-14,0,1,1,1,2,1,3,0,2,1,1,2,1,2,3,2,1,-0.00247577,-0.003266054,-0.003106802,-0.00313114,-0.00117919,sell
2011-06-15,0,3,1,2,2,0,2,0,0,0,1,3,0,1,4,1,0,-0.00036740,-0.000724065,-0.001539111,-0.00181542,-0.00034969,sell
2011-06-16,1,2,3,1,3,0,2,0,2,3,2,3,3,2,5,1,1,-0.00221685, 0.004182763,-0.002659112, 0.00245726, 0.00415746,buy
2011-06-17,0,3,2,2,1,0,1,1,1,3,2,2,3,0,5,1,1, 0.00162598, 0.000750958, 0.001944749, 0.00161070, 0.00163699,buy
2011-06-18,0,3,4,1,0,1,3,0,2,3,2,2,5,2,3,2,1, 0.00113075,-0.002248180, 0.002242378, 0.00168477,-0.00035805,sell
2011-06-19,0,3,4,0,0,1,2,1,1,3,1,2,3,2,4,2,1,-0.00042586,-0.001892075,-0.001574169,-0.00055687,-0.00189207,sell
2011-06-20,1,3,1,1,0,1,2,2,0,3,1,2,4,2,3,1,1, 0.00078813, 0.001618668, 0.000633298, 0.00075090, 0.00063330,buy
2011-06-21,1,3,1,0,1,0,3,1,3,4,4,2,4,1,3,1,2,-0.00355952,-0.003508302,-0.003493375,-0.00349337,-0.00357992,sell
2011-06-22,0,1,1,1,0,0,2,3,2,3,4,2,4,0,1,1,1,-0.00177182,-0.002590554,-0.002203341,-0.00188303,-0.00243040,sell
2011-06-23,1,1,1,1,0,0,5,2,3,3,4,3,4,1,0,4,1, 0.00163722, 0.001637216, 0.001831365, 0.00140198, 0.00163722,buy
2011-06-24,0,2,1,1,1,1,3,4,3,3,3,3,4,3,1,3,2, 0.00078807, 0.000788066,-0.001148400, 0.00192637,-0.00110061,buy
2011-06-25,0,2,0,1,1,1,3,3,4,2,3,3,3,3,0,3,2, 0.00046580, 0.001027960,-0.002866527, 0.00068554,-0.00078806,buy
2011-06-26,1,1,1,0,2,1,5,3,3,1,4,3,1,3,1,4,2, 0.00102395,-0.000942909, 0.001621055, 0.00396485, 0.00166054,buy
2011-06-27,0,0,0,2,1,1,4,3,2,1,3,2,0,3,1,3,2, 0.00278929, 0.003065965, 0.003766022, 0.00454767, 0.00526587,buy
2011-06-28,1,0,0,1,2,1,4,0,3,2,3,2,1,3,1,3,1,-0.00083564,-0.000601209,-0.001460463,-0.00184726,-0.00186553,sell
2011-06-29,0,2,1,0,1,1,3,1,1,1,2,1,1,2,3,1,1,-0.00296129,-0.002963466,-0.002893666,-0.00258222,-0.00321680,sell
2011-06-30,1,2,1,0,1,1,3,1,2,2,3,1,1,2,3,2,2,-0.00474525,-0.007547337,-0.006437195,-0.00676471,-0.00750099,sell
2011-07-01,0,2,2,1,2,1,3,0,1,3,1,2,3,2,4,2,1,-0.00229291,-0.002717142,-0.001784064,-0.00257461,-0.00229291,sell
2011-07-02,0,2,2,1,3,0,1,1,0,1,0,1,4,1,3,1,1, 0.00175517, 0.000567320, 0.000830298, 0.00109304, 0.00085071,buy
2011-07-03,0,2,4,0,3,0,0,1,2,3,3,1,3,1,4,2,1,-0.00448560,-0.001470667,-0.002879704,-0.00153889,-0.00155982,sell
2011-07-04,0,3,3,3,1,1,0,2,0,3,2,0,4,2,4,3,1,-0.00391111,-0.003911113,-0.004392920,-0.00337478,-0.00391111,sell
2011-07-05,0,1,5,1,2,1,1,0,1,4,2,1,4,2,3,3,1,-0.00081375,-0.004052080,-0.000813754,-0.00081375,-0.00089547,sell
2011-07-06,0,4,3,2,1,1,0,0,3,2,3,2,3,3,2,3,0, 0.00317750, 0.003707944, 0.002464267, 0.00274139,-0.00121800,buy
2011-07-07,1,2,2,1,3,2,0,0,3,4,3,2,3,3,3,3,1, 0.00060339, 0.000985376, 0.000469405, 0.00038631, 0.00122678,buy
2011-07-08,1,3,2,2,0,1,0,0,3,1,1,2,3,1,3,2,1,-0.00182558,-0.000104409,-0.000175468,-0.00083314,-0.00122324,sell
2011-07-09,0,2,3,2,1,2,1,0,4,1,2,2,3,2,3,3,1,-0.00112312,-0.000594301,-0.002392489,-0.00095486,-0.00193479,sell
2011-07-10,0,3,0,3,1,1,1,2,3,1,1,2,3,2,4,2,1, 0.00145102,-0.000849658, 0.000836574, 0.00097194, 0.00091100,buy
2011-07-11,0,2,1,1,2,0,1,1,2,2,2,1,2,1,2,2,2, 0.00482766, 0.002412267, 0.005096378, 0.00281908, 0.00307273,buy
2011-07-12,0,3,0,1,2,1,0,0,2,1,2,2,1,0,2,2,1, 0.00135557, 0.001355572, 0.001674163, 0.00135557, 0.00135557,buy
2011-07-13,1,3,1,2,0,0,0,0,2,2,3,1,2,1,1,3,0,-0.00163208,-0.001259492,-0.001500476,-0.00261575,-0.00188385,sell
2011-07-14,1,1,1,3,1,1,1,1,1,3,2,3,2,2,2,2,1, 0.00023316, 0.000209159,-0.002188650,-0.00233154,-0.00208675,sell
2011-07-15,0,4,0,4,0,0,2,0,2,1,2,3,2,1,2,3,0, 0.00219808, 0.002028724, 0.000525884, 0.00248395, 0.00191715,buy
2011-07-16,0,2,1,4,1,0,3,0,1,1,2,2,2,2,1,3,1,-0.00160117,-0.001477862,-0.000969449,-0.00060926,-0.00052622,sell
2011-07-17,0,2,1,4,1,0,1,2,0,0,1,2,1,2,1,3,1, 0.00131075, 0.003491036, 0.004697501, 0.00464883, 0.00498671,buy
2011-07-18,1,3,0,4,1,0,2,1,2,0,3,2,2,2,2,2,1,-0.00093513,-0.001577461,-0.002211157, 0.00022082,-0.00146294,sell
2011-07-19,0,1,1,0,1,0,1,3,0,1,2,2,0,0,2,1,1, 0.00050312,-0.000099193,-0.000033733, 0.00006642, 0.00049989,buy
2011-07-20,1,1,0,0,1,0,2,3,0,1,2,2,2,0,1,2,0,-0.00357451,-0.000848036,-0.003234112,-0.00315591,-0.00082239,sell
2011-07-21,1,1,0,0,1,1,3,3,0,1,2,1,2,1,2,1,2,-0.00153945,-0.002030741,-0.002030741,-0.00193354,-0.00191721,sell
2011-07-22,0,1,0,0,1,0,2,3,1,1,1,2,2,1,1,0,2,-0.00042968, 0.000179906,-0.000012626,-0.00001263,-0.00001263,sell
2011-07-23,1,0,2,0,1,1,3,3,1,0,2,2,3,1,1,2,1, 0.00075241, 0.000710942,-0.002112940, 0.00015188,-0.00028781,sell
2011-07-24,1,0,1,1,2,1,2,4,0,0,2,2,2,1,2,2,1,-0.00005529,-0.001591926, 0.000133527,-0.00176922,-0.00279627,sell
2011-07-25,0,0,1,2,2,1,3,2,2,1,1,2,3,2,2,2,2, 0.00136499, 0.001548015, 0.001531290, 0.00186156, 0.00172072,buy
2011-07-26,0,1,2,0,3,1,2,3,1,0,2,0,3,2,2,2,2,-0.00200927,-0.002024991,-0.001938625,-0.00111763,-0.00287940,sell
2011-07-27,1,2,2,0,2,1,2,2,1,0,2,2,3,1,2,1,2,-0.00041569,-0.000490686, 0.000408703,-0.00005836,-0.00003411,sell
2011-07-28,0,2,2,0,2,2,2,0,2,3,2,1,3,2,3,2,2, 0.00338722,-0.001700543, 0.002081059, 0.00078758, 0.00067732,buy
2011-07-29,0,2,3,1,2,1,2,0,1,2,1,2,4,1,2,3,1, 0.00216623, 0.001520765, 0.001123696, 0.00241091, 0.00162716,buy
2011-07-30,1,1,3,0,6,1,2,0,1,2,2,2,4,3,1,3,2,-0.00005217, 0.002952436,-0.001254924,-0.00126688,-0.00168209,sell
2011-07-31,0,2,2,2,2,1,0,1,2,2,3,2,2,2,2,3,0,-0.00052547, 0.001330967, 0.002048758, 0.00282066, 0.00204876,buy
2011-08-01,0,1,4,0,3,2,1,1,3,2,3,2,3,2,3,3,1,-0.00151566, 0.000352135,-0.001119556,-0.00000408,-0.00009370,sell
2011-08-02,0,2,3,1,2,1,1,1,2,2,4,1,2,2,3,2,1,-0.00036263, 0.000975952,-0.000665011, 0.00102479, 0.00081943,buy
2011-08-03,0,2,1,1,4,2,0,1,3,4,4,2,3,3,3,2,1, 0.00117030, 0.001288104, 0.001007332, 0.00177039, 0.00154229,buy
2011-08-04,1,2,1,1,1,1,0,2,3,2,2,3,3,0,4,1,1, 0.00415096, 0.003219941, 0.003299005, 0.00329901, 0.00359219,buy
2011-08-05,0,1,3,0,1,3,0,2,4,2,2,3,3,2,4,2,0,-0.00093120,-0.001199474,-0.001049585,-0.00120303,-0.00089681,sell
2011-08-06,0,1,1,2,0,3,1,3,4,3,2,3,3,3,4,2,1, 0.00017058,-0.004242247,-0.003235450, 0.00031857, 0.00023215,sell
2011-08-07,0,1,1,1,1,2,1,4,3,2,0,3,2,3,4,3,1, 0.00126752, 0.001477029, 0.000939394, 0.00155401, 0.00090049,buy
2011-08-08,0,0,2,1,2,2,1,2,2,1,1,2,1,2,3,3,1, 0.00342038, 0.004040350, 0.004135756, 0.00413576, 0.00421270,buy
2011-08-09,0,1,0,4,0,2,0,2,2,1,1,1,2,2,2,3,1, 0.00390974, 0.003241349, 0.000826558, 0.00075379, 0.00327265,buy
2011-08-10,1,0,1,5,1,3,0,4,1,3,1,3,3,4,2,4,2,-0.00167081,-0.002334391,-0.002334391, 0.00272415,-0.00233439,sell
2011-08-11,0,2,0,4,1,2,1,4,0,2,1,2,3,3,3,3,1, 0.00524630, 0.005246303, 0.005572245, 0.00524630, 0.00524455,buy
2011-08-12,0,3,0,4,1,2,2,3,2,2,4,3,2,4,2,4,0,-0.00254519,-0.002686443,-0.002401881,-0.00204679,-0.00253806,sell
2011-08-13,0,3,1,5,0,2,0,5,1,1,5,3,0,4,2,3,1,-0.00224776,-0.001183783,-0.002148768,-0.00249066,-0.00031351,sell
2011-08-14,1,3,0,6,0,1,1,3,2,0,4,4,1,4,1,3,0,-0.00135895, 0.000438369, 0.000555114, 0.00066468,-0.00048385,buy
2011-08-15,1,3,1,2,1,0,1,3,3,0,5,4,0,3,1,1,1, 0.00095478, 0.000416073, 0.001034049, 0.00048849, 0.00053512,buy
2011-08-16,1,4,0,0,1,0,1,4,1,0,5,4,1,0,0,0,2, 0.00144935,-0.001131897,-0.000912480,-0.00123554,-0.00132486,sell
2011-08-17,2,3,0,2,0,1,2,3,1,2,5,4,1,2,1,1,2,-0.00003282, 0.000175714,-0.000401120,-0.00033634,-0.00033634,sell
2011-08-18,0,3,0,2,0,2,1,6,1,1,4,3,2,2,4,0,1, 0.00087053, 0.000870535,-0.000190596,-0.00066243,-0.00029746,buy
2011-08-19,0,1,2,2,0,2,1,4,2,1,2,2,3,2,3,2,1, 0.00183841, 0.002761976, 0.002761976, 0.00255530, 0.00282114,buy
2011-08-20,1,2,1,3,1,2,1,5,2,1,3,3,3,2,4,3,1,-0.00016211,-0.002999566,-0.002785802,-0.00287802,-0.00314966,sell
2011-08-21,0,1,0,5,0,2,0,5,1,3,1,2,4,2,4,2,2, 0.00394503, 0.004356270, 0.004356270, 0.00546717, 0.00435627,buy
2011-08-22,0,1,0,4,2,2,2,3,1,3,1,2,5,2,4,3,1, 0.00204842, 0.001782170, 0.001361615, 0.00107599, 0.00154835,buy
2011-08-23,0,2,2,3,1,2,2,3,0,1,2,2,4,2,3,3,0, 0.00194870, 0.002075350, 0.001304919, 0.00119440, 0.00222989,buy
2011-08-24,0,2,3,3,2,2,0,3,1,2,1,1,3,4,3,5,1,-0.00064296,-0.000598185,-0.001120878,-0.00033174,-0.00021087,sell
2011-08-25,1,2,2,4,2,1,0,1,1,2,1,1,3,3,2,5,1,-0.00091095,-0.001225450,-0.001387828,-0.00142725,-0.00068725,sell
2011-08-26,0,1,3,3,4,0,2,1,0,1,0,1,2,4,1,5,2,-0.00216577,-0.002123889,-0.001777689,-0.00205009,-0.00080869,sell
2011-08-27,0,1,4,5,2,0,3,0,1,2,2,2,1,5,2,5,1,-0.00279257,-0.002284090,-0.002188972, 0.00097719,-0.00214175,sell
2011-08-28,0,2,2,5,2,1,1,2,1,1,2,2,2,3,3,5,0,-0.00047750, 0.000352654, 0.000711444, 0.00031508, 0.00045178,buy
2011-08-29,1,1,4,2,2,0,2,1,1,1,2,3,0,3,2,4,1,-0.00463469,-0.003050893,-0.002244014,-0.00202509,-0.00304049,sell
2011-08-30,0,3,2,3,1,1,1,0,1,0,3,2,1,3,0,3,0, 0.00170830, 0.000922394, 0.001124222, 0.00137133, 0.00071929,buy
2011-08-31,1,2,2,3,1,1,3,0,0,2,4,2,1,2,2,3,1,-0.00119768,-0.001316450,-0.001336464,-0.00104034,-0.00084717,sell
2011-09-01,0,2,2,2,1,0,2,1,0,1,2,3,1,1,1,2,1,-0.00030029, 0.000714029, 0.000848345, 0.00069000, 0.00019059,buy
2011-09-02,0,3,1,2,1,1,3,1,2,0,3,2,1,3,2,2,1, 0.00133715, 0.001378471, 0.001266387, 0.00205802, 0.00193183,buy
2011-09-03,0,2,2,1,0,0,1,2,0,1,2,1,2,1,2,1,0,-0.00062364, 0.001441752,-0.000280498, 0.00142041, 0.00141647,buy
2011-09-04,0,1,2,1,1,0,2,1,2,0,3,2,0,1,3,1,0, 0.00279057, 0.002730139, 0.000312040, 0.00340600, 0.00296512,buy
2011-09-05,0,3,1,1,1,0,2,0,3,1,3,2,1,1,3,1,1, 0.00600022, 0.005889838, 0.006126266, 0.00599558, 0.00331511,buy
2011-09-06,1,2,1,0,0,1,1,0,2,1,1,1,2,2,1,1,1, 0.00137934, 0.001424204, 0.000981965, 0.00142420, 0.00184712,buy
2011-09-07,0,1,2,0,0,2,1,2,1,1,1,2,2,1,3,0,1,-0.00294275,-0.003233544,-0.003718562,-0.00097549,-0.00413548,sell
2011-09-08,0,3,0,2,1,2,3,1,2,0,2,2,2,2,3,2,1,-0.00127850,-0.001217979,-0.001252490,-0.00095894,-0.00197091,sell
2011-09-09,0,1,1,2,1,1,1,3,1,1,2,1,1,2,3,2,1, 0.00045921, 0.000459209, 0.001200832, 0.00050346, 0.00120083,buy
2011-09-10,1,1,1,2,3,0,2,3,1,0,1,2,1,3,3,3,1, 0.00012558, 0.002087274, 0.002087274, 0.00154714, 0.00208727,buy
2011-09-11,0,1,1,3,3,0,2,1,3,0,2,2,1,3,4,2,0, 0.00049831, 0.000673885, 0.001000717, 0.00082087, 0.00079284,buy
2011-09-12,0,1,2,1,4,1,0,1,1,0,2,2,2,2,1,1,1, 0.00103855, 0.000976425, 0.000924483, 0.00116130, 0.00097642,buy
2011-09-13,1,1,3,0,2,1,2,1,1,1,3,2,3,3,0,1,1,-0.00254242, 0.001285892,-0.001587295,-0.00140060,-0.00158730,sell
2011-09-14,0,3,1,1,2,2,1,2,1,0,3,3,3,2,1,1,0,-0.00105661,-0.001474048,-0.002462381, 0.00131167,-0.00148863,sell
2011-09-15,0,1,1,1,3,1,1,1,1,1,2,2,3,1,0,2,1,-0.00215258,-0.000868521,-0.001994786,-0.00086852,-0.00199479,sell
2011-09-16,1,1,2,1,2,1,1,1,0,1,3,1,1,3,0,2,1,-0.00306471,-0.002282347,-0.002369063,-0.00287968,-0.00236752,sell
2011-09-17,0,1,1,3,2,1,1,2,0,1,1,1,1,3,2,3,1, 0.00226657, 0.001965665, 0.002113961, 0.00227381, 0.00192298,buy
2011-09-18,0,0,2,2,3,1,1,1,2,2,1,2,3,2,2,3,1, 0.00226411, 0.001855226, 0.001696403, 0.00152923, 0.00191420,buy
2011-09-19,0,2,2,1,3,1,2,1,1,1,3,2,3,2,2,2,0, 0.00083239, 0.000729041, 0.001201966, 0.00104502, 0.00102886,buy
2011-09-20,0,2,2,1,4,0,2,1,1,2,3,2,3,3,1,2,1, 0.00230495, 0.003347970, 0.002829486,-0.00162106,-0.00159485,buy
2011-09-21,0,3,1,2,3,1,1,0,2,2,3,2,2,3,1,3,1, 0.00358895, 0.003659677, 0.003166670, 0.00250156, 0.00244686,buy
2011-09-22,0,2,1,2,4,1,0,0,1,1,2,1,3,2,1,3,0,-0.00051027,-0.003460245, 0.000051720,-0.00061099, 0.00021900,sell
2011-09-23,1,0,2,2,6,1,0,0,2,1,3,2,4,2,0,3,1,-0.00174549,-0.002051975,-0.000554739, 0.00060043,-0.00183055,sell
2011-09-24,0,1,1,3,4,1,0,1,3,1,2,1,3,3,1,3,2,-0.00051254, 0.000808130, 0.001198969, 0.00112791, 0.00047709,buy
2011-09-25,0,0,3,1,3,3,1,2,1,1,1,2,3,3,1,4,1,-0.00484082,-0.005196666,-0.005209257,-0.00520926,-0.00515113,sell
2011-09-26,1,1,1,2,2,2,2,1,2,2,1,3,2,4,2,3,1, 0.00099694,-0.002955099, 0.001218028,-0.00121892, 0.00100837,buy
2011-09-27,1,0,0,1,3,3,0,0,3,4,2,3,2,4,1,3,0,-0.00239655,-0.000092664, 0.002684227,-0.00266584,-0.00010040,sell
2011-09-28,3,0,1,1,3,1,0,0,2,3,3,2,2,3,2,1,1,-0.00194080,-0.001223393,-0.001469705,-0.00065830,-0.00031555,sell
2011-09-29,1,0,1,0,4,1,0,0,3,4,4,3,1,4,1,1,0, 0.00117935, 0.005289486, 0.004323634, 0.00139302, 0.00487600,buy
2011-09-30,1,2,0,1,3,0,2,1,2,3,3,3,2,3,2,1,1, 0.00259097, 0.003871673, 0.003836118, 0.00391349, 0.00387167,buy
2011-10-01,1,0,2,1,3,0,1,2,2,2,4,3,2,1,2,1,1, 0.00035855, 0.000321409, 0.000516700,-0.00023315, 0.00027637,buy
2011-10-02,0,1,0,3,1,0,0,0,3,1,3,2,1,0,1,1,1, 0.00329092, 0.003074256, 0.003290924, 0.00086863, 0.00404956,buy
2011-10-03,1,0,1,4,2,0,0,0,2,2,4,3,3,1,0,1,0, 0.00412870, 0.005324923, 0.005324923, 0.00092055, 0.00532492,buy
2011-10-04,0,0,1,2,2,0,0,1,1,2,3,2,3,0,1,0,0, 0.00359765, 0.004401468, 0.004630670, 0.00070112, 0.00505664,buy
2011-10-05,1,2,1,1,0,0,2,0,2,2,2,1,3,1,2,1,1,-0.00066173,-0.000955987,-0.000463268,-0.00070760,-0.00070154,sell
2011-10-06,1,1,2,1,0,1,1,1,0,2,2,1,2,1,2,1,1,-0.00326166,-0.005307539,-0.006174866,-0.00551123,-0.00418507,sell
2011-10-07,2,0,3,1,1,0,0,2,0,0,0,0,3,1,2,2,1,-0.00129927,-0.001537836,-0.003563101, 0.00202996,-0.00143369,sell
2011-10-08,2,0,2,2,2,0,1,0,2,0,1,1,3,1,2,2,1, 0.00271304, 0.002816475, 0.002328480, 0.00293694, 0.00351936,buy
2011-10-09,1,0,1,2,3,0,0,1,0,0,1,1,2,0,2,1,1,-0.00058939, 0.002798224,-0.000116340,-0.00103053,-0.00024387,sell
2011-10-10,2,0,1,1,2,0,1,1,1,1,1,1,2,2,1,2,1, 0.00007125, 0.000409682,-0.000267877, 0.00007829, 0.00021113,buy
2011-10-11,1,1,2,1,1,1,1,1,1,1,1,1,2,3,2,2,0,-0.00121983,-0.003609432,-0.001778628,-0.00163001,-0.00163001,sell
2011-10-12,1,1,1,1,2,2,0,0,2,0,1,0,2,2,2,3,0,-0.00408462,-0.003453162,-0.001245200,-0.00345177,-0.00124457,sell
2011-10-13,2,1,2,1,1,2,1,0,2,0,2,1,2,2,1,3,1,-0.00269998,-0.002739322,-0.002614413,-0.00251438,-0.00306198,sell
2011-10-14,1,0,0,2,2,1,0,1,1,1,1,1,0,2,2,3,0,-0.00015205,-0.000065083,-0.000335254,-0.00015205,-0.00030039,sell
2011-10-15,1,0,0,2,2,2,0,0,2,1,2,0,1,2,2,3,0,-0.00069917,-0.001361710,-0.001408102,-0.00143734,-0.00176936,sell
2011-10-16,1,2,0,2,2,2,1,0,2,0,4,1,1,2,2,1,1,-0.00095953,-0.000384377,-0.000363298, 0.00093426,-0.00078223,sell
2011-10-17,0,1,2,3,0,1,0,1,3,0,3,1,1,2,2,1,1,-0.00403796, 0.000870926,-0.003103834,-0.00357539,-0.00403796,sell
2011-10-18,1,3,3,2,0,2,0,1,3,1,3,1,3,3,2,2,2, 0.00441416, 0.003744822, 0.003873874, 0.00135533, 0.00374482,buy
2011-10-19,1,3,2,4,0,0,1,0,1,1,1,1,3,1,2,3,2,-0.00101334,-0.001344937,-0.001505666,-0.00116311,-0.00089206,sell
2011-10-20,1,3,2,3,2,0,0,0,1,1,2,0,3,2,1,3,2, 0.00209808, 0.002072673, 0.002081521, 0.00365054, 0.00348039,buy
2011-10-21,2,4,1,5,1,0,0,0,2,2,3,1,3,2,2,4,2, 0.00446668,-0.001280145, 0.001943008, 0.00067478, 0.00636202,buy
2011-10-22,1,3,3,4,2,1,0,2,2,1,2,1,4,4,3,4,1,-0.00164835,-0.001561563,-0.001798996,-0.00169449,-0.00113099,sell
2011-10-23,1,3,3,4,1,0,2,2,2,1,3,2,3,3,3,3,2,-0.00147969,-0.001567037,-0.001553985,-0.00147969,-0.00147969,sell
2011-10-24,1,3,0,4,3,1,3,4,2,2,3,3,2,5,3,4,3,-0.00318724,-0.002924254,-0.003304440,-0.00315060,-0.00347999,sell
2011-10-25,2,0,0,3,2,1,3,4,3,3,2,4,1,5,4,2,3,-0.00223123,-0.000786169,-0.000510034,-0.00010927,-0.00056866,sell
2011-10-26,2,0,1,1,2,2,3,2,4,2,2,3,1,5,4,2,2,-0.00523997,-0.000989956,-0.000646260,-0.00126957, 0.00149315,sell
2011-10-27,1,1,0,2,1,2,3,3,3,2,2,2,1,6,4,2,1,-0.00696017,-0.004533856,-0.003803181,-0.00444253, 0.00296830,sell
2011-10-28,2,1,1,0,1,1,4,3,2,4,2,4,1,4,5,1,2, 0.00010942,-0.002586569,-0.002586569,-0.00256540,-0.00258657,sell
2011-10-29,1,2,0,1,1,1,2,1,2,4,3,3,2,2,3,1,1, 0.00198360, 0.001997449, 0.001884148, 0.00127927, 0.00199327,buy
2011-10-30,2,1,2,1,0,1,1,0,4,4,3,2,3,2,2,2,2,-0.00315039,-0.001900561,-0.002956413,-0.00312219,-0.00064110,sell
2011-10-31,2,0,2,1,0,1,0,2,2,2,1,1,4,2,1,1,2, 0.00079397, 0.000889139,-0.000717926,-0.00017418,-0.00144786,buy
2011-11-01,1,1,2,0,1,1,1,0,2,3,1,1,4,0,1,3,2, 0.00331562, 0.003598461, 0.001781926, 0.00420654, 0.00172524,buy
2011-11-02,1,1,2,0,0,1,1,0,2,3,1,0,3,1,1,3,2, 0.00315313, 0.001749244,-0.000673676, 0.00233000,-0.00069558,buy
2011-11-03,1,0,3,0,1,2,0,2,0,0,1,1,1,1,1,3,1, 0.00024949, 0.000372779,-0.000098194,-0.00005955,-0.00089636,buy
2011-11-04,2,1,2,1,2,2,3,0,2,1,3,1,3,3,1,3,2,-0.00328855,-0.003697094,-0.003752042,-0.00324723,-0.00283774,sell
2011-11-05,1,2,1,2,3,1,2,1,0,0,3,0,2,2,1,3,2,-0.00023279, 0.000677578, 0.000214713, 0.00309686, 0.00151891,buy
2011-11-06,2,1,0,1,5,1,3,3,0,0,3,1,3,2,3,3,1,-0.00009757, 0.001735020, 0.000323574, 0.00112524, 0.00142350,buy
2011-11-07,2,1,1,2,3,1,3,3,0,1,3,1,3,3,2,3,2, 0.00059038, 0.001702944,-0.000496916, 0.00207549, 0.00214045,buy
2011-11-08,1,2,0,3,1,2,2,3,0,0,0,1,3,3,3,2,2, 0.00496344, 0.002309852, 0.002425480, 0.00230985, 0.00284966,buy
2011-11-09,2,3,2,1,2,1,1,2,1,0,1,3,3,1,2,3,2,-0.00148501,-0.000718628,-0.002022499,-0.00284133,-0.00322953,sell
2011-11-10,1,3,1,2,2,1,0,4,0,0,1,3,1,2,2,3,2, 0.00545546, 0.005363846, 0.005363846, 0.00035559, 0.00116361,buy
2011-11-11,1,2,1,1,2,1,0,1,1,2,1,3,2,2,1,2,1,-0.00197815,-0.000866823,-0.002181451,-0.00252607,-0.00197815,sell
2011-11-12,1,3,1,1,2,1,1,1,1,1,2,3,1,2,1,2,2,-0.00228332,-0.000786508,-0.002256910,-0.00228332,-0.00344854,sell
2011-11-13,1,2,2,0,1,1,1,2,0,0,2,2,0,1,2,1,2, 0.00282658, 0.004559986, 0.003433519, 0.00448959, 0.00455999,buy
2011-11-14,1,4,3,1,1,1,1,1,2,1,3,3,1,3,1,4,1,-0.00049760,-0.000517394,-0.002307503,-0.00049760,-0.00029426,sell
2011-11-15,1,6,2,3,2,0,1,2,0,0,3,3,1,2,2,4,2,-0.00075269, 0.002647961, 0.002556471, 0.00255647, 0.00097057,buy
2011-11-16,1,4,3,3,2,0,2,0,0,2,4,3,1,1,2,4,2, 0.00314622, 0.003377450, 0.003869142, 0.00280551, 0.00282412,buy
2011-11-17,1,4,2,4,1,0,2,0,0,2,5,2,1,2,1,3,2, 0.00328706, 0.002969485, 0.002711440, 0.00121458, 0.00365695,buy
2011-11-18,1,4,3,4,1,1,1,0,1,1,4,1,2,2,2,4,2, 0.00251967, 0.001166864, 0.000881112, 0.00060085, 0.00285904,buy
2011-11-19,1,3,4,1,1,0,1,1,1,1,3,2,1,2,3,2,1,-0.00051608, 0.002927846, 0.000715120, 0.00283730,-0.00085752,buy
2011-11-20,0,3,3,2,1,1,1,0,1,2,3,1,2,2,2,3,1, 0.00030718, 0.000100571, 0.000224473,-0.00012089, 0.00009362,buy
2011-11-21,0,2,2,2,3,1,1,0,1,2,3,2,3,2,1,3,0, 0.00230359, 0.002608159, 0.002307105, 0.00214458, 0.00213332,buy
2011-11-22,1,2,3,1,1,0,0,1,3,1,1,2,4,1,2,2,1, 0.00122895, 0.002177842, 0.002957088, 0.00126684, 0.00250052,buy
2011-11-23,0,2,3,0,2,1,0,1,4,0,2,2,3,2,1,2,1, 0.00033389, 0.000577658, 0.000991833, 0.00049465, 0.00189450,buy
2011-11-24,0,2,3,1,1,0,2,3,2,2,1,1,3,2,3,4,2, 0.00213603,-0.001330301, 0.001769375, 0.00184938, 0.00221331,buy
2011-11-25,0,2,4,1,2,0,3,2,1,4,4,3,2,3,2,4,1,-0.00123235,-0.001323537,-0.001049181,-0.00212315,-0.00132354,sell
2011-11-26,0,4,2,2,1,0,1,1,3,2,4,3,2,2,2,3,0,-0.00044602,-0.000808363,-0.001376783,-0.00073642,-0.00495902,sell
2011-11-27,2,2,4,1,0,0,1,2,1,3,3,3,2,3,1,3,1,-0.00251725,-0.003694107,-0.003053547,-0.00295744,-0.00297753,sell
2011-11-28,1,2,2,2,0,0,1,2,0,3,3,2,1,3,2,2,0,-0.00263482,-0.000760360,-0.004992954,-0.00489740,-0.00452007,sell
2011-11-29,1,2,1,1,1,0,4,2,1,3,3,2,1,3,4,2,1,-0.00191055,-0.003206450,-0.002918345,-0.00261058,-0.00291835,sell
2011-11-30,1,2,0,1,1,0,1,5,0,1,1,2,0,3,3,2,1,-0.00400849,-0.004166085,-0.003143315,-0.00368961,-0.00201408,sell
2011-12-01,2,1,2,1,0,0,1,4,3,1,2,2,1,3,3,2,2,-0.00350461,-0.001839222,-0.001032868,-0.00386795,-0.00347251,sell
2011-12-02,1,0,1,2,0,1,0,4,2,2,2,4,0,2,4,0,1,-0.00310231,-0.003689773,-0.002741389,-0.00280546,-0.00228602,sell
2011-12-03,1,0,1,0,1,0,1,4,0,2,1,3,1,1,4,0,0,-0.00179557,-0.003065881,-0.001202763,-0.00100534,-0.00063090,sell
2011-12-04,1,0,1,0,1,0,3,4,0,4,1,4,2,1,3,1,2, 0.00280760, 0.004151420, 0.000980223, 0.00321204, 0.00289126,buy
2011-12-05,0,1,1,1,1,0,2,5,0,3,1,4,2,2,3,0,2,-0.00229100,-0.002960693,-0.002497115,-0.00160623,-0.00141024,sell
2011-12-06,1,2,1,2,0,1,2,3,1,1,2,3,2,1,3,2,1,-0.00093180, 0.000182940,-0.000933290,-0.00093329, 0.00006369,sell
2011-12-07,0,1,4,1,0,0,1,3,0,0,1,2,1,2,1,2,1,-0.00109045, 0.001344656, 0.002067864,-0.00199129,-0.00229825,sell
2011-12-08,0,3,1,3,1,0,1,3,0,1,3,2,2,2,2,2,0, 0.00344717, 0.001588114, 0.003451394, 0.00013191, 0.00345680,buy
2011-12-09,0,4,0,4,1,0,2,1,1,1,4,1,2,2,2,2,1, 0.00380875, 0.003437094,-0.001283437,-0.00054328, 0.00392038,buy
2011-12-10,0,3,0,3,1,0,1,3,0,1,4,1,1,1,2,1,2, 0.00098238, 0.000108781,-0.001108235,-0.00089007,-0.00002405,buy
2011-12-11,0,2,2,1,1,1,1,2,1,1,4,0,1,2,2,2,1, 0.00013285,-0.000040407,-0.000074322, 0.00175937, 0.00050651,buy
2011-12-12,0,4,1,2,1,1,0,1,1,0,3,1,1,1,1,3,1,-0.00058193,-0.000202545, 0.000329422,-0.00124958,-0.00058193,sell
2011-12-13,0,0,2,1,2,1,0,2,0,2,3,1,1,0,1,2,2,-0.00177635, 0.002148331, 0.002148331,-0.00057444, 0.00214833,buy
2011-12-14,0,1,2,2,1,0,1,1,0,1,3,2,0,1,0,3,0, 0.00241087, 0.004059759, 0.002709673, 0.00245367, 0.00249751,buy
2011-12-15,0,1,0,3,1,1,2,0,2,1,2,1,1,2,3,1,1, 0.00021054,-0.000005896, 0.000119270, 0.00074874,-0.00049973,buy
2011-12-16,0,0,2,2,1,1,1,1,3,1,2,0,2,2,4,1,1,-0.00285848,-0.002573313,-0.000854735,-0.00280834,-0.00252463,sell
2011-12-17,1,2,1,3,0,0,3,1,2,1,2,2,2,2,4,0,2,-0.00087810,-0.000575680,-0.000724086,-0.00061041,-0.00028247,sell
2011-12-18,0,2,2,1,2,1,3,0,3,3,4,1,3,3,3,2,1, 0.00007553,-0.000808740,-0.003136285,-0.00054472, 0.00061706,sell
2011-12-19,0,2,1,3,0,0,3,0,3,3,3,3,3,1,2,2,1, 0.00017312,-0.000665308,-0.000628055,-0.00060259,-0.00067155,sell
2011-12-20,1,1,2,2,1,1,2,1,4,4,4,3,3,2,3,3,1,-0.00000741,-0.001143175, 0.000580773, 0.00017853,-0.00004966,sell
2011-12-21,0,2,1,3,0,0,2,1,5,2,3,3,3,3,1,3,0,-0.00260790,-0.003536771, 0.001248779,-0.00159308,-0.00119581,sell
2011-12-22,0,1,2,2,1,0,3,1,3,3,4,2,2,3,1,3,1,-0.00022372, 0.000215664,-0.000180814,-0.00005766,-0.00038295,sell
2011-12-23,0,2,1,2,0,0,2,3,0,2,2,3,0,2,2,2,1,-0.00357384,-0.003894260,-0.003878211,-0.00357031,-0.00237119,sell
2011-12-24,1,2,2,1,0,0,2,1,2,2,2,3,1,2,2,2,1, 0.00109660, 0.003187676, 0.003283577, 0.00322688, 0.00127096,buy
2011-12-25,2,2,1,2,0,0,2,2,0,0,2,3,1,3,1,0,1, 0.00130610, 0.000238337, 0.001224555, 0.00052521, 0.00085742,buy
2011-12-26,1,0,1,2,0,0,2,1,1,2,2,2,1,2,2,1,0,-0.00039749,-0.000426661,-0.000947875,-0.00102527, 0.00067852,sell
2011-12-27,2,3,0,2,0,0,2,2,0,0,1,1,0,3,3,2,1, 0.00121153, 0.000438922, 0.000730652, 0.00073065, 0.00049593,buy
2011-12-28,2,2,1,1,1,0,2,3,1,1,2,2,1,3,3,3,0, 0.00086391, 0.000851583, 0.000851583, 0.00132635, 0.00080177,buy
2011-12-29,2,2,0,2,0,0,2,0,2,1,2,1,1,2,2,2,1, 0.00329525, 0.001337793, 0.003295248, 0.00538785, 0.00305114,buy
2011-12-30,1,2,0,2,0,1,1,1,0,1,2,2,0,1,2,1,1,-0.00132583,-0.002016526,-0.002284193,-0.00389078,-0.00251674,sell
2011-12-31,2,2,0,0,1,0,2,2,0,2,1,1,1,2,2,3,1, 0.00230585, 0.003118343, 0.002786499, 0.00147628, 0.00044980,buy
2012-01-01,0,2,0,0,1,0,0,3,1,2,0,2,2,2,0,2,1,-0.00319829,-0.001742007,-0.001753686,-0.00296240,-0.00287106,sell
2012-01-02,1,1,0,0,1,1,1,2,1,1,1,2,2,1,1,2,0,-0.00309184,-0.002187859,-0.002676246,-0.00386448,-0.00230587,sell
2012-01-03,1,1,1,1,1,0,1,2,1,1,1,3,2,2,0,2,0,-0.00146446,-0.001863171,-0.001774059,-0.00152630,-0.00146446,sell
2012-01-04,0,1,1,1,1,0,0,3,1,1,0,2,1,2,1,2,1,-0.00006895,-0.000112112,-0.000193395,-0.00115617,-0.00249822,sell
2012-01-05,0,3,0,0,3,0,1,2,3,1,2,1,3,3,2,1,1, 0.00066676,-0.000419322, 0.000278969,-0.00046498,-0.00037699,buy
2012-01-06,0,4,1,1,2,0,0,3,2,1,3,3,3,3,2,0,0, 0.00207947, 0.000467872, 0.002081651, 0.00305216, 0.00202176,buy
2012-01-07,0,2,4,0,1,0,0,1,3,3,3,2,2,2,2,2,1,-0.00470686,-0.004796604,-0.004014608,-0.00252887,-0.00376440,sell
2012-01-08,0,4,1,2,1,1,0,1,3,2,3,1,2,3,2,3,1, 0.00247573, 0.002014799, 0.002537349, 0.00218018, 0.00191122,buy
2012-01-09,0,5,2,1,2,0,0,1,2,2,2,4,2,2,2,2,1,-0.00141675, 0.002295116, 0.001131227, 0.00279049, 0.00208232,buy
2012-01-10,1,3,4,0,2,0,0,1,0,3,3,3,2,2,2,2,0,-0.00373722,-0.003904250,-0.003809438,-0.00093821,-0.00404960,sell
2012-01-11,2,3,2,2,0,0,1,0,0,0,1,3,1,3,1,1,0, 0.00112037,-0.000202079, 0.000752848,-0.00060412,-0.00029645,sell
2012-01-12,2,2,4,1,1,2,1,0,2,0,2,2,2,4,2,2,1,-0.00141457,-0.000730218,-0.001444363,-0.00141457,-0.00144436,sell
2012-01-13,3,2,3,1,0,0,1,1,1,0,2,3,1,3,2,1,0, 0.00021918,-0.000110766, 0.000640302, 0.00025593, 0.00021688,buy
2012-01-14,3,2,2,0,3,1,2,0,1,0,2,2,2,3,2,2,1, 0.00044232, 0.002501818, 0.001402138, 0.00037948, 0.00216844,buy
2012-01-15,1,1,2,2,0,0,1,1,1,1,1,1,3,2,1,1,1,-0.00054259,-0.001867233,-0.000542593,-0.00155625,-0.00020186,sell
2012-01-16,1,1,2,0,1,1,3,1,1,1,2,1,3,1,2,2,1, 0.00087313, 0.000821326,-0.001024392, 0.00082133, 0.00040759,buy
2012-01-17,0,3,1,1,0,0,1,2,1,1,0,1,3,2,1,1,2, 0.00149071,-0.001129139,-0.001129139,-0.00032295,-0.00183768,sell
2012-01-18,0,3,1,0,1,0,2,2,3,3,3,1,3,3,2,2,1,-0.00067613,-0.000676127,-0.000884955,-0.00100879,-0.00037334,sell
2012-01-19,0,2,1,1,1,0,2,2,2,3,4,0,2,3,2,2,1,-0.00196162,-0.002160920,-0.002298963,-0.00177249,-0.00211235,sell
2012-01-20,0,3,1,1,0,0,1,0,4,4,4,1,2,2,2,3,0,-0.00179066,-0.002782446,-0.002111144,-0.00211148,-0.00299940,sell
2012-01-21,1,3,2,0,0,0,1,2,5,3,3,2,3,3,2,2,2,-0.00098822, 0.001137878,-0.002245327,-0.00118607, 0.00052621,sell
2012-01-22,0,2,2,1,0,0,2,3,2,2,2,2,3,2,2,1,2, 0.00092555, 0.001609656, 0.000564511, 0.00112761, 0.00066262,buy
2012-01-23,0,2,1,2,0,0,3,1,2,3,2,2,1,2,3,2,2, 0.00016306, 0.000613376, 0.000306689, 0.00017261, 0.00017261,buy
2012-01-24,0,1,1,2,1,0,1,3,1,1,1,3,0,1,2,2,2,-0.00168872,-0.002346309,-0.002358083,-0.00236351,-0.00110597,sell
2012-01-25,1,0,1,2,1,0,3,3,2,1,2,2,2,3,3,1,1,-0.00053823, 0.000062732, 0.000464689, 0.00072536, 0.00039629,buy
2012-01-26,1,0,0,3,0,0,2,3,1,1,2,1,1,2,3,0,2,-0.00283185,-0.002831847,-0.001946932,-0.00325210,-0.00411530,sell
2012-01-27,1,0,0,2,1,1,4,2,1,2,3,2,2,1,3,2,1, 0.00350834, 0.002276313, 0.006069916, 0.00350834, 0.00560376,buy
2012-01-28,1,0,0,1,0,0,3,3,1,3,3,1,2,2,1,2,1,-0.00000859, 0.000267860, 0.000255523,-0.00003779, 0.00040697,buy
2012-01-29,0,2,0,1,1,0,2,3,1,1,2,2,1,2,1,1,2,-0.00072379,-0.001433986,-0.000828981,-0.00159360,-0.00142267,sell
2012-01-30,1,1,1,3,0,2,2,3,2,1,3,4,1,2,2,2,2, 0.00146905, 0.000776020, 0.000800457, 0.00102137, 0.00080046,buy
2012-01-31,0,1,1,2,0,1,1,2,1,0,0,3,0,2,1,1,2,-0.00192270,-0.003249044,-0.001653691,-0.00317518,-0.00314981,sell
2012-02-01,0,1,1,2,1,1,2,1,2,1,1,3,1,2,2,1,2,-0.00114786,-0.002376023,-0.000776882,-0.00225633,-0.00224133,sell
2012-02-02,0,4,0,2,1,1,2,2,1,0,1,3,1,2,3,2,1,-0.00210036,-0.001049734,-0.001376926,-0.00210036,-0.00136374,sell
2012-02-03,0,3,0,1,0,1,1,3,0,2,1,2,1,1,3,1,2, 0.00124571, 0.001362142,-0.000301842, 0.00138742, 0.00121919,buy
2012-02-04,0,2,2,0,0,1,0,2,1,2,1,0,1,1,2,3,2,-0.00181585, 0.001938258, 0.001656197, 0.00237387,-0.00227704,buy
2012-02-05,0,4,0,2,1,1,1,2,1,0,1,1,2,1,3,3,1,-0.00063386,-0.001804878,-0.000741916,-0.00078192,-0.00017423,sell
2012-02-06,0,0,2,1,2,0,1,3,1,2,2,2,2,0,2,3,1, 0.00045683, 0.000456829,-0.000504330, 0.00233336,-0.00040533,buy
2012-02-07,1,1,0,3,4,0,1,3,0,0,2,3,1,1,1,4,1,-0.00076902,-0.000941844,-0.000726827,-0.00184637,-0.00076902,sell
2012-02-08,1,0,1,2,5,1,3,3,1,0,3,3,2,2,2,4,1,-0.00091131,-0.000501397, 0.000161298,-0.00003399,-0.00050140,sell
2012-02-09,1,0,2,2,4,0,2,3,0,0,4,2,1,3,2,2,0, 0.00304455, 0.003458090, 0.003540471, 0.00428478, 0.00232805,buy
2012-02-10,2,1,0,2,3,2,3,2,0,0,3,3,2,3,1,2,1, 0.00149564, 0.003108678, 0.001456581, 0.00175559, 0.00229437,buy
2012-02-11,1,0,0,2,2,2,1,2,0,1,3,1,1,3,0,2,1,-0.00281346,-0.001594803,-0.002954040,-0.00266974,-0.00114553,sell
2012-02-12,2,0,2,2,2,0,2,1,0,1,2,2,3,2,2,1,0, 0.00160841, 0.000881709, 0.002184259,-0.00302713, 0.00061925,buy
2012-02-13,2,0,2,2,2,1,2,2,1,1,3,1,2,3,2,3,1,-0.00052730,-0.002019213,-0.001799056,-0.00329015, 0.00016031,sell
2012-02-14,1,1,2,3,0,0,2,2,2,2,2,1,3,3,2,3,1,-0.00036440,-0.000290061,-0.000154481,-0.00124703,-0.00040603,sell
2012-02-15,1,0,3,1,1,0,3,2,1,2,3,0,2,3,3,2,1,-0.00055241,-0.001725123,-0.000153486,-0.00094498, 0.00063375,sell
2012-02-16,1,2,1,2,0,0,1,1,1,2,3,1,1,1,2,2,1, 0.00194391, 0.001257357, 0.002068590, 0.00194985, 0.00095731,buy
2012-02-17,2,2,2,1,0,0,1,0,4,3,3,1,2,3,2,2,2,-0.00221232, 0.000922655,-0.002868689,-0.00147960, 0.00067338,sell
2012-02-18,2,1,2,1,0,0,1,2,1,1,2,1,3,2,1,1,1, 0.00085240, 0.000942259, 0.000463611,-0.00008649, 0.00049272,buy
2012-02-19,1,0,1,2,0,0,4,1,2,2,2,1,3,2,2,2,1, 0.00225886, 0.001600075, 0.001548677, 0.00226051, 0.00169001,buy
2012-02-20,1,1,1,2,2,0,3,3,2,0,2,2,2,1,4,2,2,-0.00154315,-0.000278900,-0.000343456,-0.00197604,-0.00175227,sell
2012-02-21,2,0,1,1,1,0,3,4,1,0,1,1,3,1,3,2,2, 0.00132938, 0.001564693, 0.001678961, 0.00111751, 0.00115133,buy
2012-02-22,0,0,0,2,1,2,4,2,3,0,2,3,1,1,3,2,2, 0.00143796, 0.001120743, 0.000890945, 0.00071191, 0.00132932,buy
2012-02-23,0,0,0,1,2,2,3,4,1,0,3,3,1,0,3,1,2, 0.00160735, 0.000327578, 0.000368542,-0.00001475, 0.00100860,buy
2012-02-24,1,1,0,0,2,1,4,2,2,1,3,2,1,3,2,2,1,-0.00084186,-0.000349522,-0.000982579,-0.00133706,-0.00131603,sell
2012-02-25,1,2,0,0,1,0,1,3,2,1,2,1,1,4,1,0,2, 0.00098409, 0.001382472, 0.001097672, 0.00093482, 0.00078246,buy
2012-02-26,0,2,0,1,0,1,2,2,3,0,2,1,1,3,2,1,1, 0.00435748, 0.004353792, 0.004394938, 0.00169414, 0.00447105,buy
2012-02-27,1,1,2,0,0,0,2,3,2,0,3,1,0,3,1,2,1, 0.00062493, 0.000678233,-0.001137779, 0.00179737, 0.00067257,buy
2012-02-28,0,1,1,1,2,0,1,2,1,0,0,1,0,3,3,1,1,-0.00289269,-0.000096658,-0.000454393,-0.00169297,-0.00065234,sell
2012-02-29,0,2,0,1,3,0,2,2,2,1,1,1,2,3,4,1,1,-0.00242047,-0.003287981,-0.001870348,-0.00246266,-0.00328798,sell
2012-03-01,0,1,0,3,2,2,1,3,1,1,1,3,2,2,5,0,1,-0.00268092,-0.003533932,-0.001885829,-0.00295581,-0.00295581,sell
2012-03-02,1,0,2,2,1,2,1,2,1,1,1,2,2,0,5,2,1,-0.00027466,-0.000304940,-0.000044559, 0.00135543,-0.00000951,sell
2012-03-03,1,2,0,3,1,3,1,1,3,1,1,3,3,1,5,3,0,-0.00030412,-0.001298847,-0.001283810, 0.00029419,-0.00249150,sell
2012-03-04,1,2,0,3,1,2,1,2,1,2,0,3,4,0,5,2,1,-0.00160404,-0.000978794,-0.000978794,-0.00060108,-0.00095715,sell
2012-03-05,1,1,2,2,2,2,4,1,1,3,1,3,3,2,4,3,3, 0.00185120, 0.002058758, 0.002900262,-0.00005559, 0.00221838,buy
2012-03-06,1,2,1,3,0,1,3,1,2,0,1,1,1,2,4,3,2,-0.00007526, 0.002092312, 0.002350676, 0.00222008,-0.00007526,buy
2012-03-07,2,0,4,0,1,1,3,1,2,0,2,1,2,2,2,3,2, 0.00287513, 0.001282462, 0.000185014, 0.00082392,-0.00009615,buy
2012-03-08,2,1,2,2,0,0,3,2,1,1,3,1,1,3,2,2,2,-0.00059674,-0.001335510, 0.001058370, 0.00030752,-0.00014780,sell
2012-03-09,0,1,2,0,3,1,5,0,0,2,3,1,1,4,1,2,2,-0.00370557,-0.003301380,-0.003623050,-0.00354244,-0.00362305,sell
2012-03-10,1,0,3,1,0,0,4,2,0,1,4,2,1,3,0,1,1,-0.00131470,-0.000794759,-0.001015776,-0.00096014, 0.00079025,sell
2012-03-11,2,0,5,0,1,2,2,2,2,1,5,3,1,4,1,1,2,-0.00026636, 0.001536218,-0.000347439,-0.00090255,-0.00056995,sell
2012-03-12,2,1,4,1,1,0,1,2,1,1,3,3,1,4,0,2,1,-0.00099263, 0.000133607,-0.000130678,-0.00071801,-0.00009674,sell
2012-03-13,2,0,5,0,3,0,3,2,0,2,4,3,1,4,1,2,2, 0.00019126, 0.000939846, 0.001013371, 0.00091146, 0.00102199,buy
2012-03-14,2,2,4,2,3,0,1,2,0,1,5,4,0,3,1,2,2, 0.00081358, 0.001181972, 0.001818384, 0.00101251, 0.00293119,buy
2012-03-15,2,1,6,2,2,0,0,1,2,1,5,4,1,2,2,2,1, 0.00055701, 0.000685947,-0.000971573, 0.00085375,-0.00086539,buy
2012-03-16,3,0,5,1,1,0,0,2,0,0,4,2,1,2,1,1,1, 0.00048635,-0.002102345,-0.000298238,-0.00162673, 0.00345975,sell
2012-03-17,1,2,2,1,1,0,2,1,1,1,3,1,2,1,2,2,1, 0.00278371, 0.002248856, 0.002052609, 0.00183845, 0.00314518,buy
2012-03-18,1,1,2,0,3,0,3,0,1,2,2,1,2,2,2,3,1, 0.00044127, 0.000630688, 0.000154558, 0.00058867, 0.00050011,buy
2012-03-19,2,0,2,0,2,0,2,4,0,0,0,0,3,2,2,4,1, 0.00022521, 0.000225210, 0.001980228, 0.00111393,-0.00154371,buy
2012-03-20,2,0,2,1,2,1,3,2,2,0,1,1,3,2,3,4,1,-0.00054555,-0.000782177,-0.000733077,-0.00162065,-0.00005777,sell
2012-03-21,1,0,0,1,1,0,2,3,2,0,2,0,2,0,1,3,2, 0.00008919, 0.000755047, 0.000737954, 0.00016985, 0.00054134,buy
2012-03-22,2,0,0,0,4,0,3,4,0,0,1,1,3,0,2,4,2, 0.00312215, 0.003041283, 0.003780366, 0.00312215, 0.00340119,buy
2012-03-23,1,0,0,0,4,0,4,3,0,1,2,2,3,1,1,3,1, 0.00350613, 0.003233913, 0.003680826, 0.00320492, 0.00356228,buy
2012-03-24,1,2,0,1,3,1,2,2,1,0,1,3,2,1,2,3,1, 0.00039963, 0.000719419, 0.000278738, 0.00073660,-0.00014027,buy
2012-03-25,2,1,2,1,3,0,1,2,1,0,2,3,1,2,1,4,0,-0.00179130,-0.001517115,-0.001506994,-0.00146673,-0.00118648,sell
2012-03-26,3,2,0,2,3,0,0,2,0,1,2,3,0,3,1,3,1,-0.00497358,-0.004148889, 0.000007465,-0.00388045,-0.00424700,sell
2012-03-27,0,2,0,2,4,1,0,1,2,3,1,4,2,3,2,2,1,-0.00089164,-0.000356758,-0.001475707, 0.00162941,-0.00055982,sell
2012-03-28,0,2,0,2,4,1,1,1,2,2,2,2,2,3,3,2,1, 0.00139241, 0.000694051,-0.000941533, 0.00166312, 0.00168754,buy
2012-03-29,0,0,1,1,3,1,2,2,1,1,3,0,1,2,3,1,2,-0.00002393, 0.000200938, 0.000435086,-0.00086871,-0.00026414,sell
2012-03-30,0,0,1,1,2,2,1,1,3,2,2,1,2,3,1,2,2, 0.00270269,-0.000650606,-0.000597854, 0.00116715,-0.00059785,buy
2012-03-31,0,2,0,1,2,1,1,2,2,1,2,1,2,1,2,2,2, 0.00291071, 0.002715571, 0.002910709, 0.00306431, 0.00176608,buy
2012-04-01,0,0,1,0,4,1,2,0,1,2,1,1,3,1,2,2,1,-0.00275880, 0.000128624,-0.002750133,-0.00280808,-0.00273410,sell
2012-04-02,0,0,0,1,3,1,1,1,0,2,2,0,3,1,1,2,0,-0.00137524,-0.000893119,-0.001291182,-0.00124469,-0.00104989,sell
2012-04-03,1,1,0,2,2,2,1,1,1,2,2,1,4,1,1,3,1,-0.00302453,-0.001125778,-0.000169871,-0.00181596,-0.00014518,sell
2012-04-04,1,1,2,1,3,1,1,2,0,2,2,3,3,1,2,2,1, 0.00128925, 0.001884195, 0.001352052, 0.00128925, 0.00085545,buy
2012-04-05,0,1,1,2,3,2,3,1,1,2,2,3,4,1,2,3,1, 0.00058920, 0.000568969, 0.000289714,-0.00201816,-0.00096479,buy
2012-04-06,0,0,0,3,3,2,1,2,1,3,1,4,4,1,1,3,1, 0.00060841, 0.000753597, 0.000233018, 0.00034388, 0.00023189,buy
2012-04-07,1,0,1,1,4,1,0,2,2,2,0,4,4,0,2,3,1,-0.00040510,-0.000254564, 0.000796329,-0.00025456, 0.00162320,buy
2012-04-08,0,2,0,2,4,2,0,1,3,2,1,3,4,2,1,4,1, 0.00181752, 0.001528228, 0.000372833, 0.00193748, 0.00127029,buy
2012-04-09,0,2,1,2,2,2,1,1,1,3,0,3,3,2,2,4,1, 0.00199103, 0.001137180,-0.002591168, 0.00002721,-0.00206448,buy
2012-04-10,0,2,1,1,4,2,1,1,1,2,1,4,1,3,2,3,1, 0.00003006, 0.000270724,-0.000184112, 0.00128067,-0.00364735,buy
2012-04-11,0,2,1,1,3,1,0,0,3,0,1,1,2,2,2,3,0, 0.00023402,-0.000434497, 0.002258603,-0.00123880, 0.00157429,buy
2012-04-12,1,1,2,2,4,2,0,1,2,1,1,2,3,3,3,3,1,-0.00094562,-0.000862001,-0.001046479,-0.00085590,-0.00086200,sell
2012-04-13,0,1,1,3,3,2,1,2,0,1,2,1,3,2,4,1,1,-0.00481981,-0.003610500,-0.002310668,-0.00442089,-0.00231067,sell
2012-04-14,0,3,1,1,4,2,2,1,1,0,2,1,2,3,4,2,1, 0.00008384,-0.002440101,-0.001057775,-0.00131604, 0.00005544,sell
2012-04-15,0,1,1,1,1,2,1,3,0,1,2,0,2,2,3,1,1, 0.00210419, 0.004229473, 0.003351714, 0.00264112, 0.00301040,buy
2012-04-16,1,1,1,1,1,3,2,1,1,0,1,1,3,2,3,1,1,-0.00125191, 0.000408667, 0.001789786, 0.00060861, 0.00218210,buy
2012-04-17,0,1,0,2,2,2,1,1,2,1,3,1,2,2,3,0,1, 0.00020326, 0.002284732,-0.000107293, 0.00200844,-0.00076765,buy
2012-04-18,1,2,0,1,3,1,2,2,0,0,3,2,4,0,2,1,0,-0.00375518,-0.001202451,-0.003392855,-0.00363543,-0.00331823,sell
2012-04-19,2,2,0,1,3,1,2,2,2,1,3,2,5,1,1,3,1, 0.00037166, 0.000215998, 0.001609127, 0.00021600, 0.00035120,buy
2012-04-20,1,3,1,1,2,2,2,3,1,0,3,3,5,1,1,2,1, 0.00013478, 0.000713779, 0.000134784, 0.00074630, 0.00013478,buy
2012-04-21,1,2,3,0,2,1,3,2,2,0,3,3,5,1,0,3,1, 0.00120363, 0.000938361, 0.001156407, 0.00055325, 0.00115641,buy
2012-04-22,2,3,2,0,2,1,3,1,1,1,3,3,3,2,0,4,1, 0.00016828,-0.001546831,-0.001500759, 0.00046829,-0.00142553,sell
2012-04-23,1,3,1,1,2,1,2,1,1,3,2,3,4,2,1,4,0,-0.00066642,-0.000763595,-0.001306837, 0.00021919,-0.00049273,sell
2012-04-24,1,3,1,1,2,1,2,0,2,3,2,2,5,2,1,4,0,-0.00227511,-0.000725792,-0.000503892, 0.00095407,-0.00251120,sell
2012-04-25,1,3,2,0,1,1,3,0,0,1,3,1,3,1,1,2,1,-0.00066580,-0.001813742,-0.002761518,-0.00066580,-0.00202312,sell
2012-04-26,0,2,4,0,1,2,2,1,1,2,3,2,3,3,1,3,0, 0.00120216, 0.001490694, 0.001403206, 0.00193030, 0.00112329,buy
2012-04-27,0,3,1,1,1,2,3,1,1,1,3,1,2,3,1,3,1, 0.00110444, 0.000725984, 0.001279499, 0.00116533, 0.00086540,buy
2012-04-28,0,1,1,0,2,0,3,2,0,1,2,2,1,1,1,2,1, 0.00296233, 0.002758693, 0.003071990, 0.00313351, 0.00307521,buy
2012-04-29,0,1,2,0,3,0,2,2,0,0,2,1,2,2,0,2,1, 0.00253548, 0.002893129, 0.002168084, 0.00194298, 0.00327253,buy
2012-04-30,0,1,1,2,1,1,2,1,2,1,4,0,2,2,1,2,1,-0.00018880,-0.000795612,-0.000109664, 0.00064761,-0.00017733,sell
2012-05-01,1,2,2,1,2,1,2,2,1,0,4,2,2,2,1,2,1, 0.00104234, 0.002653628, 0.002792608, 0.00140752, 0.00130453,buy
2012-05-02,0,3,2,1,1,0,3,1,1,1,4,1,1,3,1,1,2, 0.00121501, 0.000255540, 0.000708739,-0.00084497, 0.00025554,buy
2012-05-03,0,3,2,2,2,2,3,0,1,1,4,2,1,3,2,2,2, 0.00041072,-0.000186816,-0.000099814, 0.00007382,-0.00005797,buy
2012-05-04,1,2,3,2,2,1,2,2,1,0,4,2,1,2,4,1,2, 0.00302950, 0.003029500, 0.001067029, 0.00228668, 0.00311522,buy
2012-05-05,0,2,3,2,2,1,2,1,3,0,3,2,1,3,3,2,2, 0.00443897, 0.005321732, 0.004638719, 0.00553830, 0.00540164,buy
2012-05-06,0,2,2,1,2,2,2,2,0,0,3,0,1,2,4,2,1,-0.00106706,-0.001736501,-0.000969675,-0.00016378,-0.00106706,sell
2012-05-07,0,1,3,0,1,1,2,2,0,2,2,1,1,2,4,2,0,-0.00019025, 0.002039569, 0.000101807, 0.00324104, 0.00307791,buy
2012-05-08,1,3,2,0,2,1,1,2,1,0,4,1,0,1,3,3,1,-0.00055365,-0.000336794,-0.001123088,-0.00058093,-0.00024518,sell
2012-05-09,2,1,3,1,1,0,1,2,2,1,4,1,2,2,2,3,0,-0.00131127,-0.000870373, 0.001894519, 0.00188061, 0.00196315,buy
2012-05-10,1,1,3,1,3,0,1,3,1,1,4,1,2,1,4,2,1,-0.00051887,-0.000741477,-0.000234004,-0.00062013, 0.00009791,sell
2012-05-11,1,3,2,2,3,0,4,2,2,0,3,2,2,3,4,4,1,-0.00138004,-0.000712816, 0.000486090,-0.00128838,-0.00064133,sell
2012-05-12,1,2,6,2,2,0,3,5,1,1,4,2,1,5,4,4,3,-0.00230032,-0.001039525,-0.001516096,-0.00123658,-0.00151610,sell
2012-05-13,2,1,6,1,2,0,3,5,0,1,3,2,1,4,4,5,2,-0.00355228,-0.001391758,-0.001624758,-0.00131183,-0.00116319,sell
2012-05-14,1,2,4,2,2,1,3,3,1,0,2,3,0,4,4,4,2,-0.00116016,-0.000886938,-0.000886938, 0.00158038,-0.00088694,sell
2012-05-15,1,1,4,1,3,0,1,2,1,1,3,2,0,3,4,1,2, 0.00028115, 0.000796167,-0.000284145,-0.00041099, 0.00061127,buy
2012-05-16,2,1,2,1,3,0,2,2,0,1,3,2,1,3,3,2,0, 0.00283243, 0.003386579, 0.003405068, 0.00272066, 0.00340507,buy
2012-05-17,0,2,2,1,0,1,2,2,1,0,2,2,1,2,3,0,1, 0.00218432, 0.001864031,-0.000029713, 0.00218432, 0.00186403,buy
2012-05-18,0,1,2,1,0,1,3,1,2,0,2,2,1,1,3,1,1, 0.00305336, 0.003053359, 0.001397515, 0.00305336, 0.00320142,buy
2012-05-19,0,1,4,0,1,0,2,3,0,0,1,2,0,2,3,2,1,-0.00256947, 0.000927825, 0.000245810,-0.00156723,-0.00284113,sell
2012-05-20,2,1,2,2,2,0,3,3,0,1,3,1,1,3,4,2,2,-0.00050150,-0.000615263, 0.000593441,-0.00079731,-0.00066485,sell
2012-05-21,1,0,2,2,2,0,2,2,1,3,2,1,2,3,4,2,1, 0.00018486,-0.001323893, 0.000228314,-0.00050599,-0.00119571,sell
2012-05-22,2,2,3,1,1,0,3,0,0,2,3,2,2,2,3,0,2,-0.00213719,-0.000677692,-0.002228403,-0.00196197,-0.00102260,sell
2012-05-23,2,1,3,0,0,0,1,0,0,2,2,1,2,0,2,1,1, 0.00111133, 0.000612375,-0.001295758, 0.00061237, 0.00138231,buy
2012-05-24,0,2,1,1,0,1,0,1,2,3,1,2,3,1,2,2,0,-0.00028649,-0.000994053,-0.000694004, 0.00140004, 0.00052774,sell
2012-05-25,0,1,1,1,0,0,1,1,2,3,1,1,3,0,2,2,1, 0.00055946,-0.000331609, 0.000486974, 0.00037610, 0.00043300,buy
2012-05-26,0,0,2,2,3,0,1,1,2,1,0,1,2,2,3,3,1, 0.00113242,-0.000294257, 0.002280325, 0.00146190, 0.00146190,buy
2012-05-27,0,0,0,4,2,0,1,0,4,1,1,1,0,3,3,3,1, 0.00134979, 0.000295158, 0.000002392,-0.00021626, 0.00171960,buy
2012-05-28,0,1,1,2,3,1,0,1,2,1,2,0,1,3,3,3,0,-0.00098222,-0.000556898,-0.000690413,-0.00142274,-0.00074081,sell
2012-05-29,1,2,1,2,2,0,1,1,1,2,1,2,1,3,4,1,1, 0.00136001, 0.002295974, 0.001349003,-0.00015389, 0.00210592,buy
2012-05-30,0,4,1,1,2,1,1,0,1,2,1,1,3,3,2,2,1, 0.00022821,-0.000564159,-0.000566719,-0.00067275,-0.00018087,sell
2012-05-31,2,2,1,3,1,1,1,0,0,3,1,3,3,2,2,1,2, 0.00062090, 0.000595747,-0.001698515,-0.00060368, 0.00018680,sell
2012-06-01,2,2,1,1,3,0,0,1,0,3,1,4,3,1,1,1,2, 0.00051572, 0.001426166, 0.000578350, 0.00051572, 0.00051572,buy
2012-06-02,1,2,0,1,2,0,1,0,2,2,0,3,2,1,1,2,2,-0.00232852, 0.000170989,-0.001707549,-0.00277971,-0.00256637,sell
2012-06-03,0,3,2,1,0,1,1,2,0,3,1,2,4,1,3,2,0,-0.00051971,-0.000938847,-0.000527879, 0.00002466, 0.00012517,sell
2012-06-04,0,2,2,0,0,1,1,1,1,3,0,3,2,1,3,1,1, 0.00271842, 0.003531973, 0.000686825, 0.00362297, 0.00135709,buy
2012-06-05,1,4,1,0,1,0,1,0,2,3,2,3,3,1,2,2,0, 0.00204144,-0.000231671,-0.000618357,-0.00025716, 0.00048672,buy
2012-06-06,1,2,1,1,1,0,1,1,0,3,2,3,3,1,0,1,1,-0.00167220,-0.000557343,-0.000528629,-0.00140044,-0.00167220,sell
2012-06-07,0,3,2,2,0,0,2,0,0,2,2,2,4,0,2,0,1,-0.00003830,-0.001530215, 0.000201930,-0.00327290,-0.00327290,sell
2012-06-08,0,4,2,0,1,0,2,0,1,1,2,2,3,1,1,1,1, 0.00191473, 0.001560133, 0.001442708, 0.00186159, 0.00191473,buy
2012-06-09,1,1,2,0,1,0,0,2,0,2,1,2,2,1,1,1,1,-0.00327873,-0.002731676,-0.002762341,-0.00300258,-0.00300258,sell
2012-06-10,1,0,2,1,0,1,1,0,1,3,0,1,2,2,2,2,1,-0.00254392,-0.003412904,-0.001290212,-0.00203250,-0.00095820,sell
2012-06-11,0,1,1,0,1,2,2,0,0,2,0,2,0,1,4,1,1,-0.00522781,-0.005594513,-0.005730076, 0.00025357,-0.00522781,sell
2012-06-12,1,1,1,0,1,1,3,0,1,3,1,1,1,3,3,2,1, 0.00189156,-0.001316339, 0.001222219, 0.00170306, 0.00179273,buy
2012-06-13,1,2,1,1,2,2,2,3,2,1,2,1,1,4,5,2,2,-0.00297048,-0.002856021,-0.003393582,-0.00285602,-0.00290412,sell
2012-06-14,0,2,1,2,2,1,3,2,2,0,2,3,1,2,4,1,2, 0.00030037, 0.002157611, 0.000759888, 0.00025856, 0.00026124,buy
2012-06-15,0,1,2,2,1,0,3,1,2,0,1,2,1,2,3,2,1,-0.00214380,-0.002027933,-0.002305726,-0.00158389, 0.00004541,sell
2012-06-16,0,2,1,3,2,0,1,2,1,0,1,2,1,3,3,2,0, 0.00041126, 0.000201338, 0.000295846, 0.00014376, 0.00093619,buy
2012-06-17,2,4,0,3,2,0,1,1,2,1,2,2,2,3,3,3,1, 0.00147814, 0.001705348, 0.002020191, 0.00166992, 0.00166992,buy
2012-06-18,1,5,0,3,2,0,2,0,3,1,1,3,2,3,4,3,1, 0.00001627, 0.000477611, 0.000416980, 0.00000950, 0.00000950,sell
2012-06-19,0,3,2,1,1,0,3,1,2,2,2,3,1,2,4,2,1, 0.00334989, 0.006748769, 0.003580849, 0.00276082, 0.00340692,buy
2012-06-20,0,4,1,1,1,1,4,1,2,2,2,2,1,3,4,3,2,-0.00205884,-0.002959197,-0.002848126,-0.00268024,-0.00265202,sell
2012-06-21,0,3,1,2,1,0,2,3,3,2,2,2,2,2,4,3,2, 0.00076993, 0.001266358, 0.001741021, 0.00191862, 0.00102879,buy
2012-06-22,0,1,2,1,3,0,2,2,4,1,2,2,2,3,3,2,2,-0.00140144, 0.002732260,-0.001239666, 0.00243556, 0.00221198,buy
2012-06-23,0,1,1,3,1,0,2,1,3,0,1,2,1,3,3,2,0,-0.00136608,-0.001319603,-0.001366077,-0.00131638, 0.00127530,sell
2012-06-24,0,1,1,3,1,1,2,1,2,2,2,1,2,3,3,2,1,-0.00096582,-0.002338661, 0.001308947,-0.00315834,-0.00061145,sell
2012-06-25,0,3,2,1,3,1,1,1,2,1,3,0,2,4,2,2,2, 0.00072945,-0.001686211,-0.001267155,-0.00029738,-0.00453646,sell
2012-06-26,1,3,2,1,3,1,2,0,2,1,3,1,3,4,2,2,1, 0.00068181, 0.000711229, 0.001372311, 0.00068181, 0.00081557,buy
2012-06-27,0,1,2,3,3,2,0,0,2,2,3,0,3,4,1,3,1, 0.00181118, 0.002053721,-0.000749580,-0.00067292,-0.00014250,buy
2012-06-28,2,2,1,4,2,1,1,0,2,1,3,1,3,3,3,2,1,-0.00069734,-0.000913003,-0.000449976,-0.00282770,-0.00285555,sell
2012-06-29,1,1,1,1,5,1,0,1,4,1,3,1,2,3,2,3,2,-0.00208140,-0.002050846, 0.000103515, 0.00031645, 0.00010351,sell
2012-06-30,1,2,1,2,3,1,1,1,4,1,2,1,2,4,3,4,1,-0.00385948,-0.002663739,-0.002671665,-0.00066452,-0.00191778,sell
2012-07-01,1,1,2,1,2,3,1,1,3,2,3,0,1,4,3,4,2, 0.00359645, 0.001343371, 0.001761360, 0.00239857, 0.00147752,buy
2012-07-02,1,2,1,1,3,0,0,0,4,1,2,1,1,2,3,3,1,-0.00380710,-0.004318427,-0.004446004,-0.00012393,-0.00354062,sell
2012-07-03,2,2,1,1,5,0,0,1,3,2,2,2,3,3,2,3,2,-0.00074799,-0.000542986,-0.000432210,-0.00003853,-0.00012278,sell
2012-07-04,0,0,2,3,3,0,0,1,2,1,1,1,2,2,2,2,2,-0.00098025,-0.000212292, 0.002437122,-0.00083483,-0.00002421,sell
2012-07-05,0,1,4,2,3,0,2,0,3,0,1,1,3,3,2,3,2,-0.00096862,-0.000066731,-0.000066731, 0.00040408, 0.00016684,buy
2012-07-06,0,2,2,3,3,0,0,2,2,0,1,1,2,3,2,3,2,-0.00141397, 0.000281882, 0.000722431, 0.00001225,-0.00195860,sell
2012-07-07,1,1,2,3,4,0,1,0,3,2,2,1,3,3,2,3,3,-0.00174488,-0.002129060,-0.001371097,-0.00161453,-0.00157285,sell
2012-07-08,0,0,1,2,3,0,0,0,2,1,1,0,2,1,2,1,2, 0.00130306, 0.001141050, 0.004365369,-0.00087000, 0.00138068,buy
2012-07-09,0,1,1,2,3,1,1,1,3,0,3,1,3,1,2,2,1, 0.00043518, 0.001728502, 0.000110972, 0.00178689, 0.00172850,buy
2012-07-10,1,1,1,1,1,0,0,2,4,2,3,0,3,2,0,3,2,-0.00018919, 0.000743287, 0.000090057, 0.00094698, 0.00006811,buy
2012-07-11,0,2,1,1,1,1,0,4,1,2,3,0,3,2,2,1,2, 0.00025937, 0.000461605, 0.000965965, 0.00096597, 0.00076726,buy
2012-07-12,0,1,2,0,2,0,3,1,2,2,3,1,2,2,1,2,2, 0.00047651, 0.000690196, 0.000097632,-0.00034859, 0.00050875,buy
2012-07-13,0,2,1,2,1,1,1,2,1,2,2,1,1,2,2,3,2,-0.00048355, 0.000387349, 0.000746412, 0.00243977, 0.00002493,buy
2012-07-14,1,2,2,1,1,1,0,2,1,3,3,1,2,2,2,3,1, 0.00014463, 0.000246008,-0.000008643,-0.00031940,-0.00007510,buy
2012-07-15,2,3,2,1,1,1,0,1,2,2,3,1,2,2,2,3,2, 0.00243962, 0.001738535, 0.002439489, 0.00046773, 0.00190107,buy
2012-07-16,0,3,3,0,0,1,0,1,1,2,2,1,2,1,2,2,1,-0.00155327,-0.002291097,-0.001947495,-0.00065080,-0.00177301,sell
2012-07-17,0,2,3,0,0,2,1,0,1,4,2,1,2,2,2,3,1,-0.00085545,-0.000515620,-0.000801041, 0.00042222,-0.00039334,sell
2012-07-18,0,3,2,1,0,1,1,1,1,2,2,1,2,1,2,3,1,-0.00122859,-0.001286919,-0.001084508,-0.00023901,-0.00131295,sell
2012-07-19,0,1,3,0,3,1,0,2,4,2,4,2,2,3,1,3,1,-0.00033137,-0.000840520,-0.001099554, 0.00023824,-0.00016459,sell
2012-07-20,0,1,3,0,2,1,0,0,5,1,3,2,1,3,0,3,1,-0.00012507, 0.000317873,-0.000112113,-0.00012507,-0.00015173,sell
2012-07-21,0,1,2,2,2,2,0,1,3,1,2,2,3,3,1,3,0, 0.00099392, 0.000853747, 0.000466322, 0.00271635, 0.00062322,buy
2012-07-22,0,1,3,0,3,2,1,1,2,2,3,2,3,2,1,3,1, 0.00112936, 0.001129359, 0.000338034, 0.00033803, 0.00112936,buy
2012-07-23,0,4,1,0,2,0,1,0,2,1,2,1,2,2,1,1,2, 0.00307112, 0.002681607, 0.002990519, 0.00310724, 0.00364663,buy
2012-07-24,1,1,2,0,3,1,0,0,2,1,2,2,2,2,0,2,1, 0.00145804, 0.001701443, 0.000673291, 0.00227086, 0.00097451,buy
2012-07-25,1,0,2,2,2,0,0,0,1,0,2,0,2,1,1,1,1, 0.00341849, 0.003696598, 0.003621367, 0.00190596, 0.00341454,buy
2012-07-26,0,0,3,1,5,0,1,1,2,0,2,1,2,3,1,2,2,-0.00105983,-0.003320721,-0.003652937,-0.00327372,-0.00332072,sell
2012-07-27,0,1,3,1,4,0,2,2,1,0,1,1,2,3,2,3,2,-0.00234773,-0.003512703,-0.003420874,-0.00337991,-0.00381628,sell
2012-07-28,0,0,4,1,2,1,1,3,1,1,2,1,2,3,2,3,1,-0.00233023,-0.002501146,-0.002240347,-0.00212179,-0.00279215,sell
2012-07-29,0,1,2,1,3,2,0,1,3,0,2,1,2,2,2,2,2,-0.00077057,-0.000681342,-0.000782862, 0.00204831, 0.00209902,sell
2012-07-30,1,1,2,1,3,0,0,0,3,1,2,0,3,2,2,3,0,-0.00250966,-0.002509661,-0.001492188,-0.00203209,-0.00122404,sell
2012-07-31,0,0,2,2,4,0,0,1,1,3,3,1,3,1,2,2,1, 0.00000594,-0.002346662, 0.001285339,-0.00287195,-0.00280006,sell
2012-08-01,0,2,2,2,3,0,2,0,2,1,2,1,3,2,3,2,1, 0.00089236, 0.000892357, 0.000373260, 0.00109037, 0.00108864,buy
2012-08-02,0,1,4,2,1,0,1,2,2,0,2,1,2,2,2,3,1, 0.00157449, 0.000743266, 0.000702125, 0.00122444, 0.00096414,buy
2012-08-03,1,1,2,2,1,0,1,2,1,0,2,1,3,1,1,2,1,-0.00033016,-0.000635308,-0.001550181,-0.00120493,-0.00109421,sell
2012-08-04,0,1,0,2,2,0,1,0,2,1,2,1,2,1,1,1,1, 0.00397675, 0.004006728, 0.004463463, 0.00070620, 0.00443025,buy
2012-08-05,0,0,1,1,3,0,2,0,0,1,0,1,4,0,1,0,2,-0.00125112,-0.000178301,-0.001321286,-0.00011595,-0.00076544,sell
2012-08-06,1,0,1,1,1,0,2,0,1,1,1,0,4,1,0,1,1,-0.00212190,-0.001180038,-0.002254445,-0.00118016,-0.00142686,sell
2012-08-07,0,1,1,0,1,2,1,2,0,0,1,1,3,1,1,0,1,-0.00167508,-0.001675078,-0.000632016,-0.00167508,-0.00166611,sell
2012-08-08,1,0,2,0,1,1,2,1,2,0,1,0,3,1,2,1,2,-0.00159927,-0.001599269,-0.002254958,-0.00137543,-0.00222897,sell
2012-08-09,1,0,2,0,2,0,3,1,1,0,1,2,2,1,1,1,2,-0.00108346,-0.001104107,-0.000808384,-0.00075792, 0.00083424,sell
2012-08-10,1,0,1,1,3,0,2,1,1,1,0,2,3,1,2,1,2,-0.00201850,-0.001624051,-0.001624051,-0.00077313, 0.00101938,sell
2012-08-11,2,1,1,3,2,1,2,0,2,1,1,2,4,3,2,1,2,-0.00204037,-0.001358520,-0.002582233,-0.00140124,-0.00123076,sell
2012-08-12,2,1,3,3,1,1,1,0,1,1,2,2,3,2,2,2,1,-0.00117127,-0.001196920,-0.001598368,-0.00135879,-0.00159837,sell
2012-08-13,2,0,2,3,1,2,0,0,1,2,1,1,2,3,2,3,1,-0.00090518,-0.001582244,-0.000933548,-0.00104867,-0.00134575,sell
2012-08-14,1,3,0,4,2,2,1,0,2,2,2,2,2,4,3,4,0,-0.00015653,-0.000480452, 0.000258869,-0.00103855, 0.00047587,sell
2012-08-15,1,1,1,3,2,1,0,1,2,3,2,2,1,3,3,4,0,-0.00163897,-0.001105549,-0.001196313,-0.00137168,-0.00143618,sell
2012-08-16,1,1,2,3,3,1,1,0,3,1,2,1,1,4,3,4,1,-0.00253260,-0.000892575,-0.000497062,-0.00071398, 0.00085352,sell
2012-08-17,1,2,1,4,1,1,2,1,4,1,2,3,0,3,4,4,2, 0.00153098,-0.000475583, 0.000111528,-0.00047558,-0.00047558,buy
2012-08-18,1,2,2,1,2,1,2,2,3,2,3,3,1,2,4,3,2,-0.00198096, 0.001244883, 0.000805957, 0.00042379, 0.00072426,buy
2012-08-19,1,4,1,1,1,0,4,1,2,1,4,4,0,2,4,1,1, 0.00214106, 0.005182775, 0.002580395, 0.00123272, 0.00078824,buy
2012-08-20,0,3,2,1,1,2,3,0,2,2,4,3,3,1,1,2,2, 0.00017126, 0.000805068,-0.001081242, 0.00049134, 0.00128099,buy
2012-08-21,1,3,2,3,0,1,2,0,2,1,4,2,4,0,2,0,3, 0.00046307,-0.000120349,-0.000185842, 0.00149346, 0.00046307,buy
2012-08-22,2,3,2,3,1,1,2,0,3,0,4,3,4,1,2,1,2, 0.00056428,-0.000596586,-0.001312932, 0.00130185, 0.00050779,buy
2012-08-23,0,2,2,3,2,1,2,1,2,0,4,2,4,1,0,2,2, 0.00089304, 0.001376078, 0.000804560, 0.00046397, 0.00080456,buy
2012-08-24,0,1,2,4,0,1,4,1,2,1,2,3,4,2,1,2,2,-0.00043822, 0.000479919, 0.000307070, 0.00083729, 0.00048585,buy
2012-08-25,0,1,2,1,1,2,2,2,1,0,1,3,3,1,1,1,2, 0.00130043, 0.000648938, 0.000428505, 0.00129954, 0.00086243,buy
2012-08-26,1,3,2,3,1,1,1,0,4,0,0,3,4,3,1,4,1, 0.00028279,-0.000930846,-0.002698425, 0.00153807,-0.00089161,sell
2012-08-27,1,2,2,2,2,1,1,1,1,1,1,2,2,3,0,4,2,-0.00163913,-0.001099002,-0.000776533,-0.00115252,-0.00132057,sell
2012-08-28,0,2,2,3,1,1,1,0,2,2,1,2,2,3,2,3,1,-0.00190225, 0.001093526,-0.000062632,-0.00182083,-0.00050319,sell
2012-08-29,0,4,3,2,2,0,1,0,3,1,1,3,1,4,2,5,0,-0.00125735, 0.000212690,-0.001539314,-0.00174650,-0.00191403,sell
2012-08-30,1,4,2,0,3,1,0,3,2,1,1,2,2,3,4,4,1, 0.00404644, 0.003051839, 0.002703717, 0.00281057, 0.00270372,buy
2012-08-31,1,2,2,2,2,1,1,1,3,2,2,2,2,3,4,3,1,-0.00029690, 0.000866512,-0.000004185, 0.00012420, 0.00127453,buy
2012-09-01,0,1,2,1,3,1,0,1,1,2,1,2,1,2,3,2,1, 0.00303022, 0.001457686, 0.001023156, 0.00175045, 0.00091606,buy
2012-09-02,1,0,1,0,3,1,1,2,1,2,1,1,2,2,3,2,1,-0.00162768,-0.002011508,-0.001514842,-0.00152344,-0.00156308,sell
2012-09-03,0,2,1,0,2,0,0,3,3,2,3,1,1,3,2,2,1,-0.00232273,-0.002219897,-0.002308609,-0.00221990,-0.00190260,sell
2012-09-04,0,0,1,0,3,1,0,3,3,3,3,1,2,2,3,2,1,-0.00064855,-0.000115433,-0.000285879,-0.00020981,-0.00028588,sell
2012-09-05,0,0,2,0,3,1,2,3,2,2,3,2,1,3,3,3,0, 0.00031032, 0.002047507, 0.002141415, 0.00125881, 0.00203279,buy
2012-09-06,0,0,0,1,3,0,1,3,2,1,3,1,1,2,2,2,0, 0.00078346, 0.000120880, 0.000735635, 0.00029381, 0.00069419,buy
2012-09-07,0,0,0,1,5,0,0,3,2,3,3,1,2,1,3,2,2,-0.00309351,-0.000396523,-0.000202701,-0.00284015,-0.00016083,sell
2012-09-08,1,1,0,1,2,0,0,4,0,2,4,1,2,0,2,0,2, 0.00032158,-0.000097754,-0.001744458,-0.00186419,-0.00186557,sell
2012-09-09,0,0,2,1,2,0,1,1,0,2,2,1,2,1,1,0,2,-0.00214364, 0.002754544, 0.003105778, 0.00258842, 0.00275454,buy
2012-09-10,0,1,2,1,2,1,2,1,0,2,3,1,1,2,1,2,2,-0.00100784,-0.001619464,-0.001073512,-0.00106678,-0.00105008,sell
2012-09-11,0,4,1,1,2,0,1,1,0,1,2,1,1,2,2,2,1,-0.00053681, 0.001219388,-0.001142430, 0.00037161,-0.00100068,sell
2012-09-12,1,3,2,0,4,0,0,2,0,1,2,1,1,4,1,2,2, 0.00084316,-0.000768480,-0.000077334,-0.00039505,-0.00218603,sell
2012-09-13,0,2,1,2,2,0,0,1,1,1,2,1,0,4,0,2,1,-0.00045103,-0.000264672, 0.000620490, 0.00052301, 0.00056156,buy
2012-09-14,0,3,2,0,3,1,2,2,1,0,2,1,1,4,2,2,2, 0.00213632,-0.001925606,-0.001906997, 0.00158276,-0.00151206,sell
2012-09-15,0,3,1,0,3,0,2,2,1,1,3,2,2,2,2,1,1, 0.00157035, 0.001652765,-0.000178075, 0.00129741, 0.00156027,buy
2012-09-16,0,5,0,0,3,1,3,3,0,1,3,2,3,3,3,1,1,-0.00128033,-0.001075113,-0.001302334,-0.00068173,-0.00108968,sell
2012-09-17,0,3,1,1,2,1,2,1,1,1,3,2,3,2,1,1,1, 0.00142278, 0.001704423,-0.000433956, 0.00209292, 0.00069358,buy
2012-09-18,1,3,1,1,3,0,1,1,2,0,4,1,3,2,2,1,0, 0.00013647, 0.000169632,-0.001363369, 0.00139202, 0.00048729,buy
2012-09-19,1,3,0,1,4,1,1,1,2,3,4,3,3,2,1,3,1, 0.00051411, 0.000581121, 0.000447439, 0.00045048, 0.00049383,buy
2012-09-20,1,3,0,2,1,1,2,2,1,3,2,2,3,3,2,3,1, 0.00076105, 0.000970922, 0.000918295, 0.00086489, 0.00061962,buy
2012-09-21,0,2,2,1,1,2,3,2,1,2,3,2,2,3,2,3,1,-0.00006031,-0.000044609, 0.000216611,-0.00042938,-0.00006072,sell
2012-09-22,0,3,1,3,1,1,2,1,3,2,2,2,3,3,2,3,2,-0.00117703, 0.000484468,-0.000611375,-0.00113319,-0.00035123,sell
2012-09-23,1,1,0,4,2,0,1,3,1,2,2,2,3,3,1,3,1,-0.00306842,-0.002847273,-0.002854076,-0.00296719,-0.00283705,sell
2012-09-24,0,0,1,5,3,0,1,2,1,2,3,2,4,2,1,2,1, 0.00094641, 0.001025457, 0.002228373, 0.00115596, 0.00102793,buy
2012-09-25,0,1,1,5,1,0,2,1,1,2,2,1,3,3,2,3,0,-0.00081231,-0.000741692,-0.001306069,-0.00093380,-0.00097241,sell
2012-09-26,0,1,2,4,0,2,0,4,0,3,2,3,1,4,1,4,1, 0.00033653, 0.000217018, 0.000781925, 0.00210767, 0.00105020,buy
2012-09-27,1,2,2,4,0,1,1,2,1,2,2,3,2,4,1,4,0, 0.00192845, 0.002343192, 0.001926486, 0.00191647, 0.00166539,buy
2012-09-28,0,0,1,3,0,1,0,2,0,3,1,3,0,3,1,2,0,-0.00175642,-0.001114891,-0.001435664,-0.00149624,-0.00240852,sell
2012-09-29,1,0,1,0,2,1,2,1,0,3,0,4,1,2,1,2,1,-0.00084715, 0.000249222,-0.001727872,-0.00084715,-0.00075949,sell
2012-09-30,1,0,0,2,0,1,2,2,2,3,1,4,1,2,2,2,1,-0.00072387, 0.000317440,-0.002798724,-0.00279343,-0.00329245,sell
2012-10-01,0,1,1,0,1,3,2,2,4,2,2,4,2,2,3,1,2, 0.00542951, 0.004542383, 0.003883977, 0.00367057, 0.00176484,buy
2012-10-02,0,0,2,0,0,2,3,2,3,0,1,2,2,1,3,1,2, 0.00227095, 0.000682385, 0.000792917, 0.00082329, 0.00162847,buy
2012-10-03,1,1,1,1,0,1,3,2,2,1,1,2,3,1,3,1,2, 0.00345836, 0.002848796, 0.003372825, 0.00332781, 0.00400010,buy
2012-10-04,1,0,1,1,2,2,2,1,3,3,1,3,4,1,4,1,2,-0.00058291,-0.000114385, 0.000056253, 0.00011384,-0.00072138,sell
2012-10-05,2,1,2,3,1,1,2,1,2,1,3,2,5,1,3,1,1,-0.00323402,-0.002753549,-0.002821400,-0.00207250,-0.00363417,sell
2012-10-06,2,0,5,2,2,0,2,1,1,1,3,3,4,1,3,1,1, 0.00193893, 0.003556838, 0.000015555, 0.00359647, 0.00128123,buy
2012-10-07,0,0,5,2,2,1,1,1,3,2,2,2,4,3,2,2,2,-0.00128990,-0.001132464,-0.001564915,-0.00028817,-0.00051410,sell
2012-10-08,0,2,2,3,2,0,2,2,2,1,2,2,3,2,2,3,2,-0.00080734,-0.000761807,-0.000970267,-0.00062487,-0.00067547,sell
2012-10-09,0,0,4,1,4,0,2,2,2,2,2,2,3,3,2,3,2,-0.00157523,-0.000536309,-0.000681689,-0.00076781,-0.00045658,sell
2012-10-10,0,1,4,1,3,0,2,1,3,1,2,2,2,3,1,4,2,-0.00054848,-0.000045341,-0.000266979, 0.00060849,-0.00083894,sell
2012-10-11,0,1,3,2,1,1,1,1,3,1,1,3,1,4,1,3,1, 0.00110767, 0.000551256,-0.000143937,-0.00153890,-0.00018761,buy
2012-10-12,1,0,2,0,1,1,1,2,2,2,1,2,1,2,2,2,2,-0.00092597,-0.000551150, 0.000678584,-0.00088725,-0.00059062,sell
2012-10-13,0,2,1,0,1,0,2,2,1,1,2,1,1,2,2,1,1,-0.00125909,-0.002226799,-0.002226799,-0.00222680,-0.00113772,sell
2012-10-14,0,1,2,1,2,1,3,2,2,2,4,2,2,2,2,2,2, 0.00060589, 0.000471704, 0.000632624, 0.00134802, 0.00070259,buy
2012-10-15,1,0,3,2,1,0,2,4,1,1,4,2,2,1,2,1,3, 0.00209752, 0.002051854, 0.001494035, 0.00124131, 0.00181248,buy
2012-10-16,1,1,2,1,3,0,2,3,3,1,4,2,2,2,2,2,3, 0.00065155, 0.001940005, 0.003211623, 0.00114611, 0.00177093,buy
2012-10-17,0,2,1,1,2,0,1,3,2,2,3,1,3,2,1,2,2, 0.00106478, 0.001374809, 0.001388817, 0.00081020, 0.00206958,buy
2012-10-18,1,1,2,1,1,1,3,1,1,2,3,1,2,2,2,3,1,-0.00190140,-0.001440863, 0.000169840,-0.00190165, 0.00081553,sell
2012-10-19,0,2,1,1,0,1,1,3,1,1,1,0,2,2,2,2,2,-0.00087982, 0.003578981, 0.003578981, 0.00233921, 0.00069789,buy
2012-10-20,1,1,1,2,0,0,2,1,3,1,1,1,2,3,1,2,2, 0.00225321, 0.003993375, 0.004677498, 0.00278665, 0.00400734,buy
2012-10-21,1,1,2,2,1,0,0,3,1,0,2,1,2,2,1,1,2,-0.00043639,-0.001576737,-0.000534459,-0.00167694,-0.00055084,sell
2012-10-22,1,1,1,4,0,0,2,2,3,1,2,2,2,3,2,2,2, 0.00003464, 0.000896288, 0.005095932, 0.00094654, 0.00308098,buy
2012-10-23,1,2,2,1,1,1,0,3,2,0,3,1,1,3,2,1,2, 0.00026722, 0.000370447, 0.001067457, 0.00032378, 0.00032378,buy
2012-10-24,2,2,2,1,1,1,1,1,2,0,3,0,2,3,2,1,2,-0.00036701,-0.000406135,-0.001112317,-0.00036701,-0.00040614,sell
2012-10-25,1,2,1,2,1,1,1,1,2,2,4,1,1,2,3,2,1, 0.00124849, 0.000149530, 0.002424624, 0.00087706, 0.00176289,buy
2012-10-26,1,2,0,0,3,2,1,1,2,1,2,1,3,1,3,1,2, 0.00229776,-0.000829150, 0.003448059, 0.00087976, 0.00066490,buy
2012-10-27,2,1,1,0,3,1,3,2,3,2,3,1,4,2,5,2,1,-0.00067969,-0.000708393,-0.000679694,-0.00088275,-0.00003182,sell
2012-10-28,0,2,1,0,2,1,2,2,3,1,3,1,3,2,3,1,1, 0.00066507, 0.000648875, 0.001221908, 0.00144586, 0.00106232,buy
2012-10-29,0,0,1,1,3,2,3,2,3,1,2,1,3,2,4,2,2, 0.00061506, 0.001721870, 0.001721870, 0.00073002, 0.00172187,buy
2012-10-30,0,0,1,1,3,2,3,2,2,1,2,1,2,2,3,3,2, 0.00253979, 0.002357089, 0.002357089, 0.00216886, 0.00192015,buy
2012-10-31,0,0,1,1,1,1,2,2,2,3,0,0,2,3,4,3,1,-0.00064216,-0.000501319,-0.000449745, 0.00000717,-0.00068258,sell
2012-11-01,1,1,2,0,2,1,2,1,2,2,1,0,2,3,4,3,1,-0.00209580,-0.001187458,-0.001425724,-0.00142572,-0.00286519,sell
2012-11-02,1,3,1,1,0,2,1,1,0,1,1,1,1,1,3,3,1, 0.00039203, 0.000667670, 0.001962869, 0.00196287, 0.00196287,buy
2012-11-03,0,1,3,0,1,2,1,1,0,3,1,0,1,2,3,4,1, 0.00143550, 0.000478307, 0.001376953, 0.00103313, 0.00203716,buy
2012-11-04,0,3,1,1,2,1,3,1,0,2,2,1,1,3,3,3,1,-0.00160739,-0.001861503,-0.001607387,-0.00158171,-0.00190674,sell
2012-11-05,0,3,1,0,3,0,2,1,0,1,2,1,1,2,2,3,0,-0.00030377,-0.000999035,-0.001359686,-0.00128241,-0.00011917,sell
2012-11-06,0,2,2,1,3,0,2,0,2,1,2,1,2,2,2,3,1, 0.00087535, 0.000236150, 0.000132727, 0.00011620, 0.00142119,buy
2012-11-07,0,2,3,3,1,0,1,1,1,1,3,1,3,1,1,3,1, 0.00147201,-0.000631295,-0.000813564,-0.00074325,-0.00061819,sell
2012-11-08,0,3,3,2,2,1,1,1,1,1,2,1,4,1,2,4,1, 0.00417834, 0.000458499, 0.001521825, 0.00238121, 0.00238121,buy
2012-11-09,0,4,2,2,0,0,2,2,0,3,2,2,3,1,2,3,2, 0.00144852, 0.001050938,-0.002919930, 0.00135661, 0.00144852,buy
2012-11-10,0,3,2,2,1,1,2,2,0,3,2,1,4,3,2,3,1, 0.00087476, 0.001273502, 0.000405035,-0.00025954, 0.00086141,buy
2012-11-11,1,1,1,3,0,0,1,2,0,2,1,0,4,2,1,1,2,-0.00094944, 0.000312570,-0.000299940,-0.00004736,-0.00014663,sell
2012-11-12,1,0,1,2,1,0,0,2,2,1,1,1,2,2,1,2,1, 0.00062501, 0.000387589, 0.001310959,-0.00004893, 0.00257796,buy
2012-11-13,0,1,0,2,1,0,2,3,2,1,1,2,3,3,0,2,1,-0.00044413,-0.000257672,-0.001082616,-0.00054079,-0.00076038,sell
2012-11-14,0,0,1,0,0,0,4,3,1,2,0,2,3,3,1,1,1, 0.00051509, 0.000204318,-0.000454955, 0.00036140,-0.00053890,buy
2012-11-15,0,1,0,0,0,1,2,2,2,1,1,1,2,2,1,1,1, 0.00154545, 0.001450087, 0.001329763, 0.00146292, 0.00136408,buy
2012-11-16,2,1,0,0,0,0,2,1,4,1,0,2,2,2,1,2,2,-0.00114655,-0.001706840,-0.001535779,-0.00040339,-0.00140246,sell
2012-11-17,1,0,0,0,1,0,1,2,1,0,1,0,2,2,0,0,1,-0.00057314,-0.000443959,-0.001391401,-0.00085302,-0.00056144,sell
2012-11-18,0,0,0,2,0,0,4,1,3,4,2,1,3,2,2,2,2, 0.00011557, 0.000061517,-0.000545592, 0.00011557,-0.00057725,buy
2012-11-19,0,2,2,2,0,0,1,3,2,3,2,1,3,2,3,3,1, 0.00023884, 0.000495828, 0.000275044, 0.00127109, 0.00082353,buy
2012-11-20,1,1,2,2,0,0,1,3,3,2,2,1,4,2,1,4,1,-0.00083608,-0.000696770, 0.000118567,-0.00102794,-0.00071356,sell
2012-11-21,0,1,2,3,0,0,2,2,3,3,2,3,3,2,2,3,1, 0.00013804,-0.000580615,-0.001853804, 0.00279171,-0.00063963,sell
2012-11-22,0,1,1,3,0,0,2,1,2,2,0,3,4,0,2,2,1, 0.00078934, 0.000599344,-0.000308508, 0.00059934, 0.00068145,buy
2012-11-23,2,1,2,1,3,0,2,1,3,4,1,4,4,2,2,5,1,-0.00082512,-0.000740386,-0.001094133,-0.00032954, 0.00003540,sell
2012-11-24,2,3,2,1,1,0,2,2,3,2,1,4,4,2,3,4,0, 0.00113135,-0.000015292, 0.002035377, 0.00200934, 0.00203611,buy
2012-11-25,2,1,3,1,1,2,3,1,4,1,1,3,2,3,4,5,1,-0.00307658,-0.001993083,-0.001784816,-0.00196963,-0.00210076,sell
2012-11-26,2,1,3,1,1,2,5,0,3,0,1,3,1,4,4,4,1,-0.00373224,-0.003674402,-0.003265532,-0.00398286,-0.00326553,sell
2012-11-27,2,1,1,3,2,0,3,1,3,1,1,3,2,4,3,4,0,-0.00191826,-0.001925345,-0.001601343,-0.00158686,-0.00126966,sell
2012-11-28,3,1,1,1,5,0,3,0,4,1,2,3,2,4,4,3,1,-0.00049037,-0.000483540,-0.000060950,-0.00049822,-0.00049822,sell
2012-11-29,2,2,0,2,2,0,3,0,2,0,3,2,2,3,2,1,0,-0.00066289,-0.000683671,-0.000974476,-0.00124736,-0.00032336,sell
2012-11-30,1,1,1,3,2,1,3,0,2,1,3,2,2,3,2,2,1,-0.00055764, 0.000991973, 0.001030836, 0.00150502,-0.00006082,buy
2012-12-01,0,1,2,2,2,3,3,1,1,1,4,3,1,3,1,3,1,-0.00323487,-0.003006256,-0.003461242,-0.00266404, 0.00250623,sell
2012-12-02,0,3,0,2,3,1,2,3,1,0,4,2,3,2,1,2,1, 0.00288439, 0.001841054, 0.001900574, 0.00286782, 0.00204244,buy
2012-12-03,0,2,1,1,4,1,1,2,2,1,3,3,3,2,1,2,1, 0.00168159, 0.001220173, 0.001578677, 0.00081971, 0.00143175,buy
2012-12-04,0,1,0,2,2,1,1,2,2,1,3,3,2,2,0,1,1,-0.00227923,-0.001737999,-0.005363713,-0.00212008,-0.00169105,sell
2012-12-05,0,1,0,3,1,1,1,2,1,0,0,2,3,2,1,2,0, 0.00135398, 0.000524648, 0.001494666, 0.00111619, 0.00136616,buy
2012-12-06,0,1,2,1,1,0,1,3,2,1,1,2,2,2,2,2,1, 0.00040441, 0.001098761, 0.000475983, 0.00022104, 0.00040746,buy
2012-12-07,0,4,0,1,1,1,1,3,1,0,1,2,3,2,1,2,1,-0.00014055, 0.000794384,-0.000252515,-0.00186089,-0.00015935,sell
2012-12-08,0,1,1,2,0,1,2,3,0,3,1,3,3,2,1,2,1,-0.00111697,-0.000443022,-0.001615076, 0.00111634,-0.00157767,sell
2012-12-09,0,0,1,3,0,0,2,2,0,2,1,2,4,1,0,1,1, 0.00092614, 0.000952536, 0.001082911, 0.00095254, 0.00095254,buy
2012-12-10,1,1,1,0,2,0,1,4,1,1,1,2,3,2,2,2,0,-0.00042766, 0.001246312,-0.000936702,-0.00044579,-0.00093670,sell
2012-12-11,1,2,1,1,0,0,1,4,1,2,0,3,3,2,1,3,1,-0.00061750, 0.000085203,-0.000008947, 0.00034108,-0.00089503,buy
2012-12-12,0,1,2,0,0,1,3,4,0,2,1,3,2,2,2,3,0, 0.00319190, 0.000718669, 0.001207365, 0.00237969, 0.00226526,buy
2012-12-13,0,2,1,0,0,0,3,3,1,1,0,3,2,0,2,3,1, 0.00001881, 0.000104473, 0.000648595, 0.00145030, 0.00016922,buy
2012-12-14,1,1,1,1,1,0,3,4,2,2,2,2,3,2,3,3,1,-0.00108140,-0.000487023,-0.000995512,-0.00011008,-0.00069742,sell
2012-12-15,1,1,1,2,0,1,3,3,1,1,3,2,3,1,2,2,1, 0.00227880, 0.001289322, 0.001862106, 0.00186436, 0.00224906,buy
2012-12-16,0,0,1,1,0,1,4,2,2,2,3,1,2,2,3,1,1, 0.00153558, 0.001786014, 0.002079404, 0.00153558, 0.00023013,buy
2012-12-17,1,2,1,1,0,1,3,3,0,1,3,2,2,2,2,2,0,-0.00183573,-0.000439866,-0.000439866,-0.00135941,-0.00385275,sell
2012-12-18,1,0,2,1,0,1,3,2,2,3,3,2,3,2,2,2,1,-0.00173261,-0.001688229,-0.001046911,-0.00135924,-0.00025934,sell
2012-12-19,0,1,1,2,0,1,0,1,2,0,2,2,1,0,1,1,1, 0.00088359, 0.001414052, 0.000727499, 0.00089253, 0.00014659,buy
2012-12-20,1,0,2,1,1,0,2,0,3,1,2,1,2,1,2,2,1, 0.00157804, 0.001578039, 0.001197880, 0.00138593, 0.00106053,buy
2012-12-21,0,1,1,1,1,1,2,1,2,1,2,0,2,3,2,1,1,-0.00047953,-0.000345645,-0.000464670,-0.00100522,-0.00142670,sell
2012-12-22,0,1,0,1,0,1,3,1,2,2,2,1,3,2,1,1,1, 0.00221153, 0.002211526, 0.001289010, 0.00193974, 0.00135447,buy
2012-12-23,0,2,1,0,1,2,5,1,2,1,2,2,3,2,2,3,1,-0.00064614,-0.004416890, 0.000259754,-0.00421183,-0.00410806,sell
2012-12-24,0,1,0,1,0,1,3,2,1,1,1,1,2,2,1,3,0, 0.00205138, 0.001492908,-0.000832160, 0.00073854, 0.00141583,buy
2012-12-25,1,1,1,0,2,0,2,2,1,2,1,2,2,2,2,3,0, 0.00075597, 0.000008820, 0.000483496, 0.00072562,-0.00000214,buy
2012-12-26,2,2,0,1,3,1,1,2,1,1,2,2,2,2,3,2,1,-0.00010586, 0.000372027,-0.000105855,-0.00025218, 0.00037203,sell
2012-12-27,1,1,1,1,2,0,1,2,2,1,1,2,2,1,3,3,0, 0.00073161, 0.000542135, 0.000043794, 0.00167052, 0.00070135,buy
2012-12-28,1,0,2,0,2,1,2,2,2,2,2,2,2,2,3,3,0, 0.00148132,-0.000553146, 0.001650924,-0.00024591,-0.00045104,buy
2012-12-29,1,2,0,1,2,0,1,3,3,0,2,1,3,1,3,2,1,-0.00267832,-0.002552827,-0.002546213,-0.00216185,-0.00243987,sell
2012-12-30,1,2,1,1,3,1,0,1,4,1,2,2,2,2,3,3,1,-0.00421001,-0.003924631,-0.004246013, 0.00050477,-0.00389022,sell
2012-12-31,1,1,2,1,2,0,0,1,4,1,3,1,1,2,2,3,1,-0.00176203,-0.001211014,-0.001762026, 0.00123304,-0.00219928,sell
2013-01-01,1,1,2,2,1,1,1,1,3,1,1,2,2,2,1,5,1,-0.00166551,-0.001704549,-0.001521254,-0.00159402,-0.00201041,sell
2013-01-02,0,2,2,0,2,0,2,2,3,3,2,3,1,2,3,4,1,-0.00155781,-0.000241098,-0.000581199,-0.00097110,-0.00058254,sell
2013-01-03,0,3,1,1,1,0,2,4,1,3,3,3,1,2,3,3,1,-0.00461004,-0.004552383,-0.004309384,-0.00503671,-0.00201658,sell
2013-01-04,1,1,3,0,2,1,3,3,1,3,3,3,2,3,4,3,0, 0.00186461, 0.002115482, 0.002083957, 0.00123969, 0.00227668,buy
2013-01-05,1,1,1,2,1,0,2,3,2,1,3,3,2,2,3,0,1, 0.00093055, 0.000962315, 0.000974960, 0.00102148, 0.00137391,buy
2013-01-06,2,1,2,0,3,0,2,3,3,2,3,3,2,3,4,1,2,-0.00224117,-0.001416841,-0.001034500,-0.00154183,-0.00163008,sell
2013-01-07,2,1,0,1,0,0,2,3,3,2,0,2,3,4,3,1,1,-0.00084743,-0.000966337,-0.001166656,-0.00149725,-0.00091313,sell
2013-01-08,0,0,1,1,0,1,5,3,2,2,2,1,4,3,3,1,1, 0.00130410, 0.001761655, 0.005332559, 0.00119022, 0.00202769,buy
2013-01-09,0,1,0,1,0,0,3,3,2,1,1,2,2,2,3,1,0, 0.00073596,-0.000734023,-0.000253191, 0.00052782,-0.00095974,buy
2013-01-10,2,0,0,1,1,0,0,3,3,3,2,1,3,1,3,2,1, 0.00007532, 0.000297080, 0.000487901, 0.00009556, 0.00053855,buy
2013-01-11,1,0,0,2,1,0,1,2,2,1,3,1,3,1,1,1,0,-0.00017990,-0.000243305,-0.000243305,-0.00165103, 0.00275600,sell
2013-01-12,0,0,1,2,1,0,3,1,1,2,4,0,2,1,1,2,1,-0.00145851,-0.000090983,-0.000099282, 0.00070999, 0.00028117,buy
2013-01-13,1,2,0,2,1,0,1,3,0,2,4,1,0,2,2,2,1, 0.00079996, 0.001182774, 0.001018975,-0.00076959,-0.00207525,buy
2013-01-14,2,2,0,1,1,0,1,1,1,2,4,0,1,2,1,2,1, 0.00393700, 0.003937000, 0.004056164, 0.00457272, 0.00639379,buy
2013-01-15,1,0,1,1,1,0,1,0,3,1,3,1,0,2,2,0,1, 0.00318790, 0.002105973, 0.001033042, 0.00306074, 0.00229664,buy
2013-01-16,2,0,0,1,1,0,1,2,1,0,1,1,1,1,2,2,0,-0.00185175,-0.003330004,-0.003270885,-0.00193390,-0.00021769,sell
2013-01-17,2,0,0,0,1,0,1,3,3,2,1,2,2,2,2,2,1, 0.00031390, 0.000253259, 0.001023901,-0.00112193, 0.00015161,buy
2013-01-18,1,2,0,0,0,0,2,3,2,0,1,1,3,2,1,1,1, 0.00064925, 0.000469517,-0.000029623,-0.00032192, 0.00041958,buy
2013-01-19,0,1,1,0,0,1,4,2,2,0,2,0,4,1,2,2,0, 0.00115532,-0.000433101, 0.000378084,-0.00093601, 0.00068745,buy
2013-01-20,0,2,3,0,0,1,2,3,0,1,2,1,3,1,2,2,1,-0.00024224, 0.000666887,-0.001225631,-0.00013308, 0.00060139,sell
2013-01-21,0,3,1,2,0,0,2,2,2,1,2,1,4,1,1,3,1, 0.00333618, 0.003410061, 0.002901779, 0.00374250, 0.00322361,buy
2013-01-22,1,4,2,0,3,0,1,3,3,0,4,1,3,2,2,4,1, 0.00165723, 0.000712041, 0.001660180, 0.00165133, 0.00103301,buy
2013-01-23,0,3,3,2,1,0,2,3,2,1,4,1,3,2,3,3,1,-0.00154399,-0.001179463,-0.002772840,-0.00132562,-0.00132562,sell
2013-01-24,0,2,4,2,0,1,2,2,1,2,5,1,2,3,3,2,0, 0.00342934, 0.001403848, 0.002916910, 0.00361179, 0.00361179,buy
2013-01-25,0,3,2,3,0,2,2,2,1,1,4,2,1,3,3,2,1, 0.00265102, 0.001667200, 0.001314438, 0.00201062, 0.00279581,buy
2013-01-26,0,3,2,1,2,1,3,2,2,1,5,2,1,3,3,2,1, 0.00070175,-0.000385279,-0.000520828, 0.00075183,-0.00029991,buy
2013-01-27,0,2,2,1,1,0,2,1,2,2,4,1,0,3,3,2,0,-0.00270944,-0.000863708,-0.002485039,-0.00167595,-0.00058838,sell
2013-01-28,0,1,1,2,1,2,2,1,0,1,1,2,1,3,2,1,1, 0.00213316, 0.001946738, 0.001946738, 0.00226981, 0.00213316,buy
2013-01-29,0,0,1,1,1,1,2,2,1,2,1,1,1,3,2,2,1,-0.00019520, 0.000216768,-0.000352319, 0.00109514,-0.00009265,sell
2013-01-30,0,2,1,0,0,0,2,2,0,1,1,1,0,2,2,1,1,-0.00242946,-0.002877278,-0.002470451,-0.00287728,-0.00275331,sell
2013-01-31,1,2,2,0,2,1,2,3,0,2,2,2,2,4,2,2,1,-0.00101618,-0.000882228,-0.000882228,-0.00072283,-0.00082166,sell
2013-02-01,1,3,0,3,0,0,4,2,0,2,2,2,3,3,3,1,1,-0.00205410,-0.001814673,-0.002008406,-0.00137873,-0.00205410,sell
2013-02-02,1,2,2,1,2,0,2,1,0,1,3,2,3,1,1,1,1, 0.00073140, 0.000255160, 0.001791983, 0.00077867, 0.00325606,buy
2013-02-03,2,3,0,1,2,0,2,1,2,0,1,2,3,2,2,3,0, 0.00205539, 0.001039317, 0.000277402, 0.00199148,-0.00091621,buy
2013-02-04,1,1,2,1,0,1,3,2,2,2,2,2,4,2,0,4,1,-0.00099233,-0.001023149,-0.000438074,-0.00147135,-0.00139722,sell
2013-02-05,3,0,2,0,0,1,5,1,2,1,3,2,3,1,1,3,2, 0.00153313, 0.000413217, 0.001838831,-0.00018837, 0.00167048,buy
2013-02-06,3,1,1,0,0,0,2,3,3,1,2,3,3,0,1,4,1,-0.00000965,-0.000236894,-0.001650844,-0.00126577,-0.00181479,sell
2013-02-07,4,0,1,0,1,0,4,3,4,3,4,3,4,1,1,5,2, 0.00194408, 0.002164209, 0.001309861,-0.00038706, 0.00093870,buy
2013-02-08,2,0,1,1,0,0,5,3,1,3,4,2,3,1,1,4,1, 0.00284279, 0.002280059, 0.002311536, 0.00221370, 0.00221370,buy
2013-02-09,2,2,1,0,0,0,7,1,2,4,4,2,1,3,3,4,2, 0.00203749, 0.001902144, 0.001228192, 0.00097797, 0.00199583,buy
2013-02-10,2,4,1,0,0,0,4,3,2,3,4,1,1,4,4,4,1,-0.00146398,-0.001592275,-0.001534767,-0.00153477,-0.00145640,sell
2013-02-11,3,2,2,0,0,0,5,2,3,3,3,2,1,5,4,3,2, 0.00150744, 0.001881932, 0.001044586, 0.00132030, 0.00188193,buy
2013-02-12,0,2,2,1,0,0,3,2,2,2,2,0,0,4,5,1,2,-0.00137505,-0.000884295,-0.001050376,-0.00083676,-0.00139939,sell
2013-02-13,1,2,2,0,1,0,3,2,3,2,3,1,1,4,4,1,2,-0.00177487,-0.003460316,-0.003876719,-0.00298306,-0.00354291,sell
2013-02-14,0,3,2,0,1,0,1,4,2,1,2,1,1,4,4,0,2,-0.00052098,-0.000491298, 0.000027758,-0.00054636,-0.00044716,sell
2013-02-15,0,2,1,0,0,0,3,3,2,0,1,1,1,3,2,2,1, 0.00103174, 0.000174302,-0.000430219, 0.00044537, 0.00102951,buy
2013-02-16,0,0,2,0,0,1,3,2,2,1,1,1,0,3,2,2,2,-0.00172246,-0.001617635, 0.000560728,-0.00089508, 0.00053472,sell
2013-02-17,0,0,1,1,0,0,0,2,1,2,0,0,1,2,1,2,1, 0.00012782, 0.000278585,-0.000052061,-0.00017224, 0.00004050,buy
2013-02-18,2,2,1,0,2,0,0,1,2,2,2,1,2,2,2,2,1, 0.00032125, 0.000723879,-0.002683034,-0.00003737, 0.00280317,buy
2013-02-19,1,3,2,1,2,0,0,2,0,1,1,1,2,2,4,1,1, 0.00167545,-0.000076286, 0.000689166, 0.00059455, 0.00127603,buy
2013-02-20,1,3,1,1,0,0,1,2,0,1,2,1,2,1,2,2,0, 0.00106900, 0.002382287, 0.000499113, 0.00217289, 0.00189275,buy
2013-02-21,1,3,2,2,0,1,2,1,0,1,2,1,2,2,2,3,1, 0.00283240, 0.002199890, 0.002838285, 0.00287838, 0.00147980,buy
2013-02-22,2,4,0,2,1,0,1,2,0,1,3,2,2,1,2,2,1, 0.00024025, 0.001305665, 0.000794439, 0.00099678, 0.00106178,buy
2013-02-23,2,2,1,1,2,0,1,1,1,2,3,2,2,2,2,2,0, 0.00067318, 0.000810224,-0.000902648,-0.00048898, 0.00084669,buy
2013-02-24,1,0,0,2,1,0,1,1,0,2,1,2,0,2,1,2,0,-0.00020334,-0.000189677, 0.000140694,-0.00006506, 0.00032546,buy
2013-02-25,2,0,0,1,1,2,1,0,0,2,2,1,2,1,0,2,1,-0.00177605,-0.005834193,-0.002009051,-0.00194014,-0.00457210,sell
2013-02-26,2,1,2,0,0,1,1,0,2,2,3,2,1,2,2,1,0,-0.00028036, 0.001610251,-0.000712941, 0.00025130, 0.00107271,sell
2013-02-27,2,1,1,0,2,1,1,1,1,1,1,1,2,2,2,2,1,-0.00015307, 0.000215431,-0.000414092,-0.00030383, 0.00031982,sell
2013-02-28,1,0,2,2,1,1,2,0,1,2,2,1,2,2,2,2,1,-0.00183861,-0.002165903,-0.000371948,-0.00210003,-0.00141622,sell
2013-03-01,1,0,3,3,1,0,1,0,1,1,2,1,3,1,1,1,2, 0.00279406, 0.003792681, 0.003689796, 0.00423602, 0.00443692,buy
2013-03-02,2,0,3,2,2,0,1,0,2,1,2,1,2,2,3,2,1, 0.00112629, 0.001919578, 0.000831533, 0.00206701, 0.00188263,buy
2013-03-03,0,2,2,2,0,0,1,1,2,1,1,1,1,3,2,2,1, 0.00028994, 0.000203240, 0.000289939, 0.00091292, 0.00318361,buy
2013-03-04,0,1,3,1,0,1,3,0,2,3,2,1,1,3,4,2,1, 0.00020993,-0.000736415, 0.000126633, 0.00035175, 0.00014351,buy
2013-03-05,1,1,2,1,0,0,1,1,2,2,1,1,0,2,4,2,1, 0.00089522, 0.001263060, 0.000458594, 0.00175998, 0.00127619,buy
2013-03-06,2,0,2,1,1,0,0,0,5,3,3,0,1,3,4,1,2,-0.00146658, 0.000231370,-0.000391970,-0.00074107, 0.00061554,sell
2013-03-07,1,0,2,2,0,0,0,2,3,1,2,1,1,2,3,0,2,-0.00181618,-0.000027395, 0.000308436,-0.00015045, 0.00026636,buy
2013-03-08,1,0,3,1,0,0,4,2,4,2,2,2,1,3,4,2,3,-0.00159673,-0.001612124,-0.001458192,-0.00080028,-0.00145819,sell
2013-03-09,0,2,1,1,0,0,4,3,1,2,2,2,0,3,4,2,1,-0.00209487,-0.002780237,-0.002732932,-0.00365009,-0.00249067,sell
2013-03-10,1,1,1,0,0,0,3,1,1,2,3,1,1,2,1,2,0,-0.00088314,-0.001782280,-0.000053794,-0.00039578,-0.00137714,sell
2013-03-11,1,0,1,0,0,0,1,0,1,2,2,0,0,1,1,1,1,-0.00128979,-0.000330862,-0.001470707,-0.00040133,-0.00209842,sell
2013-03-12,3,0,0,2,0,0,3,0,0,1,1,1,3,0,2,2,0, 0.00002122,-0.000345343,-0.000200307,-0.00165565,-0.00059004,sell
2013-03-13,2,0,0,1,1,0,3,1,1,1,1,0,3,1,2,2,1, 0.00020962, 0.000088598, 0.000088598, 0.00023955, 0.00100137,buy
2013-03-14,1,1,0,1,0,0,4,2,1,0,1,1,4,1,1,1,1, 0.00094628, 0.000626582, 0.001314830, 0.00214233, 0.00203811,buy
2013-03-15,1,0,1,2,0,1,6,1,1,0,1,2,3,1,3,2,1,-0.00129242,-0.002149741,-0.001190050,-0.00130793,-0.00092281,sell
2013-03-16,1,0,0,3,0,0,3,2,1,0,0,2,2,1,2,2,1, 0.00193133,-0.000236116, 0.001555098, 0.00162530, 0.00208543,buy
2013-03-17,3,0,0,3,0,0,2,0,2,1,1,2,3,1,2,2,0,-0.00064459,-0.000916858,-0.000352217,-0.00185712,-0.00079125,sell
2013-03-18,3,1,0,2,2,0,2,0,1,0,1,1,3,1,3,2,0,-0.00035265,-0.000610490, 0.000290808,-0.00198244, 0.00012145,sell
2013-03-19,2,0,1,2,0,0,3,0,0,1,0,1,3,0,2,2,1, 0.00016289,-0.000150664,-0.000638937, 0.00005078,-0.00019039,buy
2013-03-20,1,1,2,1,0,1,4,0,1,2,2,2,2,1,2,3,1,-0.00092899, 0.000864518, 0.002250249, 0.00084767, 0.00196828,buy
2013-03-21,1,3,0,1,1,0,3,1,1,1,3,2,2,0,2,3,0, 0.00031129, 0.001869749, 0.001590917, 0.00186513, 0.00044420,buy
2013-03-22,1,1,3,0,2,0,4,1,1,2,3,2,3,1,2,3,1,-0.00066311,-0.001188444, 0.000103605,-0.00079652, 0.00031920,sell
2013-03-23,1,0,3,1,2,0,4,0,2,3,3,2,2,2,3,3,1,-0.00159382, 0.000106714,-0.000958268,-0.00076540, 0.00049110,sell
2013-03-24,2,0,1,3,2,1,4,0,2,2,2,2,3,3,2,4,1,-0.00419875,-0.003333646,-0.003269689,-0.00283523,-0.00440180,sell
2013-03-25,2,0,2,0,4,1,4,0,3,3,3,2,3,3,3,4,1,-0.00040034,-0.000382047,-0.001880223,-0.00076155,-0.00048134,sell
2013-03-26,2,2,1,0,1,0,4,1,2,2,3,0,2,3,3,3,1,-0.00006214,-0.000252391,-0.000563879,-0.00074736,-0.00040476,sell
2013-03-27,2,0,2,0,4,3,4,0,2,3,3,1,2,3,5,4,2,-0.00190432,-0.002174904,-0.002819543,-0.00300929,-0.00242615,sell
2013-03-28,2,0,1,2,3,0,3,0,4,4,5,1,1,4,4,3,1,-0.00010931,-0.000108181,-0.001356145,-0.00010931,-0.00010931,sell
2013-03-29,3,0,2,0,6,0,2,0,5,4,5,2,1,5,4,3,2, 0.00026092, 0.001143720, 0.000579227, 0.00026092, 0.00026092,buy
2013-03-30,3,1,1,3,3,0,2,1,3,3,3,4,1,4,3,3,2, 0.00303304, 0.003655740, 0.003172979, 0.00308813, 0.00315643,buy
2013-03-31,3,0,2,1,2,1,4,1,3,4,4,4,1,5,3,2,2, 0.00237882, 0.002521921, 0.002521921, 0.00245493, 0.00252192,buy
2013-04-01,2,1,2,0,1,1,3,2,2,3,4,4,1,3,2,1,2, 0.00220604, 0.001907355, 0.001889720, 0.00192534, 0.00195948,buy
2013-04-02,3,3,0,0,1,0,2,2,4,3,3,4,2,3,2,2,2, 0.00115868,-0.000712060, 0.002740536, 0.00088637,-0.00059686,buy
2013-04-03,3,0,0,1,1,0,2,2,2,3,3,4,2,2,1,0,2, 0.00171304, 0.000195663, 0.001709112, 0.00023858, 0.00019566,buy
2013-04-04,2,0,0,1,0,0,3,2,1,1,1,3,3,0,1,1,1,-0.00066260,-0.000664927,-0.001612808,-0.00155100,-0.00152159,sell
2013-04-05,2,1,1,0,0,0,3,4,3,1,1,4,3,1,2,2,2, 0.00213062, 0.002019385, 0.000687633, 0.00278454, 0.00190627,buy
2013-04-06,3,2,0,0,0,0,2,7,0,0,1,4,4,1,1,1,2, 0.00207736, 0.000508367, 0.000605369, 0.00321277, 0.00165359,buy
2013-04-07,3,1,1,1,0,0,5,5,1,1,1,5,4,2,2,1,3, 0.00127014, 0.001378426, 0.001420061, 0.00212574, 0.00175563,buy
2013-04-08,2,2,0,2,0,0,4,3,0,0,0,4,3,2,2,0,2, 0.00072206, 0.000687818, 0.000688224, 0.00103672, 0.00004833,buy
2013-04-09,3,2,0,1,1,0,3,2,1,1,1,3,3,3,2,1,1, 0.00014750, 0.000504967, 0.000671901, 0.00004779, 0.00005416,buy
2013-04-10,4,4,0,1,0,0,1,3,0,0,1,3,2,4,1,0,2,-0.00038485,-0.000625072,-0.000373792,-0.00038553,-0.00000751,sell
2013-04-11,2,3,1,1,0,1,2,3,1,0,2,2,2,4,2,1,1,-0.00029598,-0.000448047, 0.000111410,-0.00044805, 0.00094852,sell
2013-04-12,1,3,1,0,0,1,4,2,0,0,2,2,0,4,1,2,1, 0.00026144, 0.001614275, 0.000168427, 0.00153856,-0.00007657,buy
2013-04-13,1,2,0,1,0,0,3,2,0,1,1,2,1,3,0,1,2,-0.00352741,-0.004072099,-0.000155303,-0.00407210,-0.00383330,sell
2013-04-14,2,3,0,0,2,0,1,4,1,1,3,2,2,3,1,1,2, 0.00475273, 0.001415615, 0.004699553, 0.00459188, 0.00381666,buy
2013-04-15,1,3,0,1,0,0,2,3,1,0,3,2,2,2,1,0,1, 0.00202100, 0.001940498, 0.001802827, 0.00176322, 0.00260933,buy
2013-04-16,1,1,2,0,0,1,2,3,3,1,3,2,3,2,1,1,2, 0.00214769, 0.000211479, 0.002787858, 0.00257236,-0.00021329,buy
2013-04-17,1,1,1,1,1,1,2,2,1,1,3,1,3,1,2,2,0, 0.00137675,-0.000460106, 0.000735212,-0.00053699,-0.00239868,buy
2013-04-18,2,2,0,0,2,0,1,3,1,2,3,2,3,0,2,2,1, 0.00025401, 0.000691565,-0.000119679,-0.00019621, 0.00127374,buy
2013-04-19,2,1,1,0,3,0,0,2,2,3,3,2,2,2,2,2,1, 0.00034308, 0.000592940,-0.000327049, 0.00015475, 0.00123475,buy
2013-04-20,2,1,1,2,1,1,1,2,2,1,3,2,1,2,2,3,1, 0.00256509, 0.002648203, 0.002678837, 0.00291029, 0.00129995,buy
2013-04-21,2,0,3,0,2,2,1,2,2,1,2,2,2,2,3,3,1,-0.00002718, 0.001259564, 0.001583540, 0.00110434, 0.00116255,buy
2013-04-22,1,1,2,2,0,1,1,3,3,2,4,2,2,4,2,1,1, 0.00121122, 0.001211222, 0.001214252, 0.00152135, 0.00124576,buy
2013-04-23,1,2,1,1,3,2,2,1,3,0,3,2,3,2,2,2,2, 0.00168287, 0.002105657, 0.001518265, 0.00093249, 0.00322992,buy
2013-04-24,1,0,2,1,1,1,2,2,3,1,3,1,4,2,1,2,1, 0.00122329,-0.000147273, 0.000813668, 0.00059464,-0.00340782,buy
2013-04-25,2,0,2,1,1,2,2,1,3,0,3,2,4,1,2,2,0,-0.00372089,-0.002798072,-0.003569874,-0.00416268,-0.00423147,sell
2013-04-26,2,1,1,0,2,3,2,1,3,0,2,1,4,2,3,2,1,-0.00089315,-0.001001102,-0.000740266,-0.00168658,-0.00044654,sell
2013-04-27,0,2,1,1,1,2,3,2,2,1,1,1,5,3,3,2,0, 0.00118886,-0.001008893,-0.001182675,-0.00252330,-0.00174224,sell
2013-04-28,0,1,2,1,1,3,5,1,1,0,2,1,1,3,4,3,1, 0.00129594, 0.000174974, 0.000836320, 0.00129594,-0.00022441,buy
2013-04-29,0,2,2,2,0,2,3,1,3,0,1,2,2,2,4,3,1,-0.00213704,-0.001398050,-0.002167346,-0.00216735,-0.00237559,sell
2013-04-30,1,0,4,0,1,2,3,1,1,1,2,1,1,3,3,3,1,-0.00334864,-0.003006260,-0.001996475,-0.00368541,-0.00329768,sell
2013-05-01,0,1,2,1,0,1,4,2,0,0,3,1,2,2,1,2,0,-0.00087575,-0.001021698,-0.001162036,-0.00084727,-0.00082220,sell
2013-05-02,0,2,3,0,0,1,4,1,2,2,2,1,2,3,3,3,1,-0.00142338,-0.001274571,-0.000692978,-0.00142338,-0.00048114,sell
2013-05-03,0,1,3,0,0,2,1,4,1,1,2,0,1,3,3,3,1, 0.00273977, 0.002737053, 0.003102620, 0.00341205, 0.00260126,buy
2013-05-04,1,1,2,1,0,1,3,2,3,0,3,1,2,3,2,3,0, 0.00146456, 0.002113323, 0.000460593, 0.00166076, 0.00139840,buy
2013-05-05,1,0,1,2,0,1,3,2,2,1,2,2,1,2,2,3,1, 0.00191485, 0.002128551, 0.004913170, 0.00258067, 0.00518757,buy
2013-05-06,2,0,2,1,1,1,5,2,0,1,1,2,1,4,2,4,1,-0.00229502,-0.001715667,-0.001658725,-0.00149387,-0.00173960,sell
2013-05-07,2,1,2,1,0,0,4,3,1,1,2,2,1,5,0,4,1, 0.00021454,-0.000945056,-0.000380403,-0.00017654,-0.00056844,sell
2013-05-08,1,1,2,1,0,1,2,1,1,0,2,1,1,4,1,0,1,-0.00026668,-0.000895094,-0.000895094,-0.00100738, 0.00046227,sell
2013-05-09,2,0,1,0,0,1,4,0,1,0,3,2,1,1,1,1,0,-0.00113060,-0.001585111,-0.000806784,-0.00047379,-0.00113060,sell
2013-05-10,1,0,0,1,0,0,3,1,0,1,3,0,1,1,0,1,1,-0.00037616, 0.001557219, 0.002007566, 0.00226269, 0.00210069,buy
2013-05-11,1,0,0,0,2,0,2,0,1,2,2,0,2,1,1,1,1,-0.00228181,-0.001741743,-0.002138800,-0.00161605,-0.00213880,sell
2013-05-12,1,1,0,2,2,0,4,1,0,1,4,1,2,2,2,1,0, 0.00052996,-0.000055025,-0.000736355,-0.00029323, 0.00040684,buy
2013-05-13,0,0,2,2,1,0,2,3,0,1,1,1,2,2,2,2,1,-0.00070475, 0.000403780, 0.001280959, 0.00017879, 0.00084964,buy
2013-05-14,0,0,2,3,1,1,2,2,1,2,1,1,3,3,2,3,1, 0.00012203, 0.000777881,-0.000222367,-0.00001378, 0.00000855,buy
2013-05-15,0,2,0,3,1,0,2,2,2,1,2,1,2,2,2,3,1,-0.00079092,-0.000541983, 0.001790932, 0.00298284, 0.00117909,buy
2013-05-16,0,0,1,1,4,0,1,2,2,2,2,0,2,3,2,3,1, 0.00155036, 0.001995211,-0.000173025,-0.00009535, 0.00007029,buy
2013-05-17,0,0,1,3,3,0,1,1,2,2,2,1,1,4,1,4,0, 0.00135926, 0.001359265, 0.001157500, 0.00079467, 0.00115750,buy
2013-05-18,0,1,0,3,2,1,1,1,2,1,1,1,2,3,2,3,0, 0.00049620, 0.000418109, 0.000578797, 0.00026386, 0.00070315,buy
2013-05-19,1,0,2,1,4,0,1,1,3,3,2,1,1,4,3,3,2, 0.00103674, 0.002366924,-0.000987885, 0.00084377, 0.00086405,buy
2013-05-20,1,3,1,1,3,0,1,2,2,1,3,1,1,4,1,3,2, 0.00161574, 0.001352953, 0.001047952,-0.00119243,-0.00238384,buy
2013-05-21,1,2,1,2,2,1,2,1,1,1,2,1,2,3,1,3,2,-0.00161715,-0.001221545,-0.000926812,-0.00110404,-0.00035573,sell
2013-05-22,1,2,1,3,2,0,1,1,1,1,2,1,4,2,0,2,2, 0.00294467, 0.003107813, 0.002077746, 0.00320992, 0.00314869,buy
2013-05-23,2,2,1,3,2,0,1,1,1,1,2,0,4,2,1,2,3, 0.00455967, 0.004454127, 0.004338990, 0.00483647, 0.00483647,buy
2013-05-24,2,3,0,4,3,1,0,2,0,1,2,1,4,2,3,2,2,-0.00193115,-0.000792182, 0.000124785, 0.00012478, 0.00012478,sell
2013-05-25,3,2,1,3,1,0,2,1,0,2,2,0,4,2,4,2,1,-0.00285919,-0.002303464,-0.002841820,-0.00287694,-0.00282400,sell
2013-05-26,3,2,0,3,2,2,0,2,0,1,3,1,2,1,4,2,2,-0.00271894,-0.001531820,-0.002424356,-0.00169976,-0.00156794,sell
2013-05-27,4,0,0,4,1,0,1,1,2,2,2,2,2,2,4,2,1,-0.00345486,-0.002401271,-0.002329433,-0.00151806,-0.00179599,sell
2013-05-28,3,0,1,2,4,0,1,2,0,1,3,2,2,2,2,1,2, 0.00123127, 0.001432003, 0.001279723, 0.00124620, 0.00037173,buy
2013-05-29,1,1,0,2,2,0,3,1,2,1,2,2,1,2,2,3,1, 0.00250640, 0.003030062, 0.003470638, 0.00315252, 0.00358295,buy
2013-05-30,1,2,2,0,1,0,2,2,1,1,2,4,0,2,1,2,1,-0.00262766,-0.002443677,-0.002344022,-0.00120392,-0.00223368,sell
2013-05-31,1,2,1,0,1,0,3,0,2,1,1,3,1,2,1,2,1,-0.00285710,-0.002421723,-0.002823681,-0.00237380,-0.00288150,sell
2013-06-01,0,1,2,1,1,0,3,0,1,1,1,2,1,1,2,2,1,-0.00290883,-0.003379981,-0.002878067,-0.00253501,-0.00230592,sell
2013-06-02,0,0,2,0,2,0,3,0,2,3,1,3,3,1,2,1,1, 0.00028085, 0.000393573, 0.000030683, 0.00024139, 0.00095005,buy
2013-06-03,1,0,2,0,2,0,1,2,2,2,1,2,3,2,2,2,0, 0.00111183, 0.001512554, 0.000510719, 0.00113367, 0.00048628,buy
2013-06-04,0,1,4,0,1,0,2,1,4,1,1,2,5,1,3,1,1,-0.00172355,-0.000470235, 0.000015874,-0.00010154,-0.00001445,sell
2013-06-05,0,1,5,0,1,2,3,1,2,2,1,2,5,2,4,2,1,-0.00076544,-0.001684306, 0.001732980, 0.00291688,-0.00069665,sell
2013-06-06,0,1,2,1,1,1,2,2,0,2,1,1,3,2,2,2,1,-0.00020842, 0.001977019,-0.000532942,-0.00139945, 0.00092288,sell
2013-06-07,1,1,2,1,3,1,2,1,0,3,0,2,4,2,4,2,1,-0.00389586,-0.002996630,-0.002510324,-0.00392999,-0.00390432,sell
2013-06-08,0,2,2,2,2,1,1,0,1,2,0,1,4,2,4,2,0,-0.00284715,-0.002466551,-0.001812451,-0.00284715,-0.00296054,sell
2013-06-09,1,1,2,2,1,2,1,0,0,2,1,1,3,2,4,1,0, 0.00242258, 0.002629991, 0.003462879, 0.00257919, 0.00262178,buy
2013-06-10,1,1,2,1,2,2,2,0,0,4,0,2,3,3,3,3,1,-0.00343175,-0.003250648,-0.003093939,-0.00343175,-0.00372131,sell
2013-06-11,0,3,0,2,1,1,1,1,0,1,1,1,2,2,2,2,0, 0.00212792, 0.000417868, 0.001570160, 0.00178690, 0.00219431,buy
2013-06-12,0,0,0,1,3,1,1,0,2,2,1,1,1,3,2,2,0,-0.00007867,-0.001320059,-0.001320059,-0.00119945,-0.00027933,sell
2013-06-13,0,0,1,2,2,1,1,1,2,1,1,1,1,3,1,3,1, 0.00093433, 0.000313043, 0.000057904, 0.00075148,-0.00061894,buy
2013-06-14,2,0,0,3,1,1,0,1,3,1,2,0,2,2,1,3,2,-0.00095063,-0.000950634,-0.001672927, 0.00046591,-0.00091968,sell
2013-06-15,2,0,1,1,2,1,0,0,3,1,1,1,2,2,1,2,2, 0.00009302, 0.000465436,-0.001467698, 0.00078599, 0.00029975,buy
2013-06-16,2,3,0,2,1,0,0,1,2,1,2,1,2,2,2,1,2, 0.00171679, 0.000702227, 0.001312696, 0.00220600, 0.00129246,buy
2013-06-17,2,3,1,2,2,1,1,0,1,2,3,1,3,3,2,2,1, 0.00089986, 0.000860759, 0.002198827, 0.00122882, 0.00092260,buy
2013-06-18,2,3,1,3,1,1,0,0,1,2,2,1,3,2,2,2,2, 0.00302610, 0.001666057, 0.004245786, 0.00289400, 0.00359018,buy
2013-06-19,3,3,2,3,0,0,0,0,2,0,2,1,3,1,3,1,2, 0.00156144, 0.001390320, 0.002411199, 0.00276599, 0.00278156,buy
2013-06-20,2,4,1,3,2,0,0,1,2,0,2,1,3,2,2,3,2, 0.00268488, 0.001043464, 0.003297293, 0.00451954, 0.00502554,buy
2013-06-21,2,5,0,4,1,0,2,1,0,1,2,0,4,2,3,3,2,-0.00182867,-0.003257350, 0.004642754, 0.00444772, 0.00481885,buy
2013-06-22,2,5,1,1,1,1,1,1,0,0,1,1,1,1,3,3,3, 0.00121242,-0.001220328, 0.001308135, 0.00174190, 0.00184221,buy
2013-06-23,2,5,2,1,1,1,0,0,2,1,1,0,3,1,4,4,2, 0.00145764, 0.000826113, 0.002546818, 0.00208826, 0.00252668,buy
2013-06-24,1,4,2,1,1,1,1,1,0,1,1,1,3,1,3,3,1, 0.00284107, 0.000959598, 0.002861903, 0.00289279, 0.00284107,buy
2013-06-25,0,4,2,2,1,1,3,0,0,1,2,1,3,1,4,2,1, 0.00330966, 0.000412840, 0.003827108, 0.00365882, 0.00337253,buy
2013-06-26,0,4,3,2,0,0,2,1,1,0,2,1,2,2,4,2,0,-0.00025490, 0.000094710, 0.000016186, 0.00081855,-0.00082238,buy
2013-06-27,1,3,4,2,1,0,2,2,1,0,2,2,4,2,4,1,1,-0.00120110,-0.001543092,-0.001543092, 0.00038121,-0.00172563,sell
2013-06-28,0,3,2,4,1,1,3,1,1,1,2,3,4,2,4,1,1,-0.00341643,-0.001279573,-0.000419907,-0.00352279,-0.00086689,sell
2013-06-29,0,2,1,2,2,1,3,1,0,2,2,2,4,1,4,0,1, 0.00141462,-0.000927194, 0.003895795,-0.00220636,-0.00084575,sell
2013-06-30,1,1,0,2,2,1,3,1,0,3,1,2,3,2,4,2,0,-0.00412033,-0.003516820,-0.003705321,-0.00521213,-0.00390948,sell
2013-07-01,0,3,0,2,1,1,1,2,2,2,1,3,3,2,3,1,1, 0.00301671, 0.001077538,-0.000240140, 0.00199781, 0.00107554,buy
2013-07-02,0,1,1,1,2,2,2,2,2,3,1,3,3,3,3,2,1, 0.00044447,-0.001894953,-0.000226767, 0.00005741, 0.00067510,sell
2013-07-03,0,1,0,2,2,1,3,2,0,2,1,3,2,3,2,2,0,-0.00047226,-0.000508231,-0.000271204,-0.00274690,-0.00025664,sell
2013-07-04,0,1,1,2,2,1,2,2,0,2,1,2,2,3,2,3,0,-0.00172976,-0.002712078,-0.001863119,-0.00427375,-0.00145773,sell
2013-07-05,0,2,1,2,2,0,0,1,2,1,0,1,2,2,2,3,1, 0.00304570, 0.001390497, 0.002203541, 0.00112593, 0.00116755,buy
2013-07-06,1,2,1,2,1,0,0,2,0,1,0,2,2,1,2,2,1,-0.00149402, 0.002981713,-0.000839762,-0.00197966,-0.00177659,sell
2013-07-07,1,0,3,1,1,1,1,1,0,1,1,1,2,2,1,2,1,-0.00065942,-0.000926627,-0.000384765,-0.00020611,-0.00076475,sell
2013-07-08,0,2,1,3,0,0,1,1,0,1,0,1,3,0,1,3,1, 0.00141065, 0.000829314, 0.000891980, 0.00102803, 0.00156307,buy
2013-07-09,0,2,1,2,1,0,3,2,0,1,2,2,3,0,2,2,1, 0.00052769, 0.001311798, 0.001499597, 0.00094511, 0.00008364,buy
2013-07-10,1,1,1,1,2,0,1,3,0,1,2,1,2,1,2,1,2,-0.00178379,-0.001942676,-0.001942676,-0.00263720,-0.00219262,sell
2013-07-11,0,1,0,3,0,0,1,2,1,0,2,1,1,1,1,1,1, 0.00074845,-0.000631998, 0.000182690, 0.00079055, 0.00288828,buy
2013-07-12,0,1,1,1,1,1,1,1,3,1,2,1,2,1,2,2,1, 0.00047858, 0.000850402, 0.001308554, 0.00031860, 0.00042320,buy
2013-07-13,0,3,0,1,1,0,1,2,0,1,1,0,1,1,2,3,1, 0.00067309, 0.001397039, 0.000435766, 0.00103265, 0.00043577,buy
2013-07-14,1,3,0,1,1,0,1,2,0,4,3,1,2,2,2,2,1, 0.00115095, 0.002521592, 0.002544748, 0.00172553, 0.00115095,buy
2013-07-15,1,4,2,1,0,1,0,1,1,2,3,1,2,1,2,3,1, 0.00023297,-0.000032881, 0.000208899, 0.00054524,-0.00001974,buy
2013-07-16,2,2,5,2,0,0,0,0,1,1,2,1,3,1,3,2,1, 0.00277517, 0.001051935, 0.001295395, 0.00137910, 0.00171220,buy
2013-07-17,2,1,4,4,1,0,0,0,1,1,3,1,2,2,2,4,0,-0.00060114,-0.000220293,-0.001404098,-0.00063755,-0.00105199,sell
2013-07-18,1,2,2,5,1,1,1,1,0,3,2,2,3,3,2,4,1,-0.00033303,-0.000400206, 0.000167636, 0.00015516, 0.00035132,buy
2013-07-19,1,2,3,2,2,1,2,1,0,2,2,1,2,3,2,4,2,-0.00139534,-0.001743183,-0.000531050,-0.00076378,-0.00147363,sell
2013-07-20,1,2,3,1,0,1,0,2,0,1,1,0,1,1,2,4,2, 0.00097500, 0.003612224, 0.002675297, 0.00346828, 0.00386623,buy
2013-07-21,2,0,2,2,0,2,0,2,2,2,2,1,3,1,2,3,2,-0.00097692, 0.000025526, 0.000263334,-0.00144162,-0.00055538,sell
2013-07-22,1,0,2,1,1,1,1,2,0,2,1,0,3,1,2,2,2,-0.00339285,-0.002859441,-0.003360286,-0.00337283,-0.00305020,sell
2013-07-23,1,1,2,0,2,2,2,1,2,3,2,1,3,2,5,2,1,-0.00018540,-0.001621818,-0.000180227,-0.00030756,-0.00018660,sell
2013-07-24,2,1,0,2,1,3,0,2,2,2,3,1,3,2,3,2,1,-0.00118379,-0.000323615,-0.000587284,-0.00031124,-0.00003125,sell
2013-07-25,2,0,3,0,1,3,2,0,3,2,4,1,3,2,3,2,1,-0.00121522,-0.001947495,-0.000901884,-0.00076116,-0.00054490,sell
2013-07-26,1,2,0,1,1,2,1,0,3,2,4,2,2,1,3,1,0,-0.00189581,-0.002131778, 0.000567872,-0.00052474, 0.00032220,sell
2013-07-27,1,0,0,0,3,2,2,0,3,5,3,2,3,2,3,2,1,-0.00093638,-0.000790235,-0.000921747,-0.00089925,-0.00037714,sell
2013-07-28,0,1,1,2,1,2,1,1,3,2,2,1,4,3,2,1,1, 0.00121926, 0.000858021, 0.000132637, 0.00095034, 0.00164337,buy
2013-07-29,0,0,3,1,3,2,1,0,5,2,3,2,3,4,2,2,1,-0.00147250,-0.001471183,-0.001366125,-0.00064127,-0.00110448,sell
2013-07-30,0,0,3,1,2,1,3,1,3,2,3,3,1,4,1,3,1, 0.00093173, 0.001376905, 0.001950762, 0.00121933, 0.00238893,buy
2013-07-31,0,2,1,2,3,0,2,3,1,2,2,3,2,3,2,3,1, 0.00096949, 0.000842515, 0.000863186, 0.00102257, 0.00094093,buy
2013-08-01,0,1,2,1,4,0,4,0,2,3,2,3,2,3,2,4,1,-0.00097894,-0.000102607,-0.000681008,-0.00110786,-0.00148243,sell
2013-08-02,0,3,1,2,2,0,2,0,1,1,1,2,2,1,2,4,0, 0.00367843, 0.002042672, 0.004911082, 0.00396069, 0.00314951,buy
2013-08-03,1,2,3,0,2,1,1,0,1,1,1,2,1,2,2,4,0,-0.00321736,-0.003580778,-0.003173872,-0.00344761,-0.00101073,sell
2013-08-04,2,3,1,1,0,1,1,0,2,2,1,3,1,1,2,4,1,-0.00512985, 0.000438060,-0.005516163,-0.00477650,-0.00527644,sell
2013-08-05,0,3,1,1,1,0,1,2,1,0,0,2,2,0,2,3,1, 0.00156030, 0.001647218, 0.001992372, 0.00323060, 0.00213475,buy
2013-08-06,0,1,2,1,2,0,3,2,1,1,1,3,2,1,2,3,1, 0.00039873, 0.000354993, 0.001720161, 0.00036934, 0.00036934,buy
2013-08-07,0,0,0,3,0,0,3,2,0,0,1,2,1,1,1,1,1, 0.00174500,-0.000386672, 0.001242532, 0.00171082, 0.00175034,buy
2013-08-08,0,0,1,2,0,1,1,2,2,0,1,2,2,1,2,1,0,-0.00039770,-0.000345716,-0.000287363,-0.00040711,-0.00156152,sell
2013-08-09,1,0,1,1,2,0,1,2,2,1,1,2,2,1,3,1,1,-0.00321375,-0.003330626,-0.003534490, 0.00003854,-0.00024102,sell
2013-08-10,1,2,0,1,2,0,2,1,0,1,0,1,3,2,3,0,1,-0.00070171,-0.001246733,-0.000772307,-0.00121642,-0.00025853,sell
2013-08-11,0,2,0,2,3,1,2,1,0,4,1,2,4,3,3,1,1,-0.00131895,-0.000409214,-0.000201900,-0.00053408,-0.00053063,sell
2013-08-12,0,4,0,2,2,0,3,1,0,2,2,3,3,2,2,0,2,-0.00188918,-0.001775770,-0.001506393,-0.00114758,-0.00177577,sell
2013-08-13,1,3,3,2,2,0,2,2,1,0,2,2,2,4,2,2,2, 0.00217962, 0.001193756, 0.001150495, 0.00163155, 0.00163792,buy
2013-08-14,0,3,2,4,1,0,2,3,1,0,3,2,2,4,1,2,2, 0.00109747, 0.001266487, 0.001266487, 0.00160361, 0.00131446,buy
2013-08-15,0,3,2,2,1,0,4,2,1,1,3,2,1,3,2,3,2,-0.00109044,-0.000866982,-0.001200449,-0.00046406,-0.00088179,sell
2013-08-16,0,3,2,2,1,0,1,3,0,1,1,2,0,1,2,5,2, 0.00137742,-0.000083299, 0.001859934,-0.00088253,-0.00081160,buy
2013-08-17,1,3,0,2,1,1,1,2,2,2,2,1,2,2,2,4,2,-0.00133687,-0.000859695,-0.000907180, 0.00014785,-0.00125872,sell
2013-08-18,0,3,0,2,1,2,1,3,0,1,2,2,2,1,1,3,2,-0.00080134,-0.000611990,-0.000548739,-0.00015739,-0.00066888,sell
2013-08-19,0,2,1,3,2,0,4,1,1,1,2,1,2,3,3,3,1,-0.00078151,-0.000754038, 0.003179017, 0.00045257, 0.00102103,sell
2013-08-20,0,3,0,5,3,0,2,4,1,0,4,2,1,2,3,5,1, 0.00223450, 0.003367558, 0.001570463, 0.00225382, 0.00173968,buy
2013-08-21,1,1,2,5,3,0,3,3,1,1,4,3,2,3,2,5,1,-0.00016667, 0.001865159, 0.001199138, 0.00119914, 0.00134391,buy
2013-08-22,0,1,2,4,0,0,3,2,0,1,3,3,0,2,2,3,0, 0.00315918, 0.003187837, 0.003553176, 0.00318784, 0.00238833,buy
2013-08-23,0,2,1,1,1,3,3,1,0,2,2,2,2,2,2,3,1, 0.00112786, 0.001127864, 0.000866031, 0.00127050, 0.00109922,buy
2013-08-24,1,2,0,0,0,4,0,1,0,4,2,1,3,3,0,2,1,-0.00131126,-0.000747692, 0.001239432,-0.00127897,-0.00111389,sell
2013-08-25,0,1,0,0,0,4,0,0,2,3,1,1,3,2,2,1,0, 0.00083198,-0.001073605,-0.000126566, 0.00032997,-0.00023215,sell
2013-08-26,0,0,2,0,1,4,1,0,4,2,2,0,3,3,3,2,1, 0.00088411,-0.001542853,-0.000970776,-0.00050973,-0.00075290,sell
2013-08-27,0,0,1,2,0,2,0,2,3,1,2,1,1,2,2,2,1,-0.00171041, 0.000396263,-0.001497067,-0.00261756,-0.00171041,sell
2013-08-28,0,0,1,0,4,2,1,0,4,2,2,1,3,2,3,3,0,-0.00135450,-0.001276717,-0.001712136,-0.00090326,-0.00073981,sell
2013-08-29,0,1,3,2,2,1,1,1,3,1,3,1,4,2,2,2,1,-0.00021353, 0.000297446,-0.001201543,-0.00008766, 0.00011498,sell
2013-08-30,0,1,3,1,2,0,1,1,2,0,1,2,3,1,2,1,1, 0.00148301, 0.001696950, 0.002440080, 0.00173029, 0.00228746,buy
2013-08-31,1,0,2,2,3,1,1,1,2,2,2,1,3,2,2,3,2,-0.00264406,-0.001988200,-0.001983062,-0.00210393,-0.00200151,sell
2013-09-01,0,2,1,2,2,0,1,1,2,1,1,1,3,1,2,2,2, 0.00291143, 0.002236037, 0.002998374, 0.00285284, 0.00320556,buy
2013-09-02,1,0,2,1,4,0,1,1,0,2,0,2,3,2,2,2,1, 0.00036324, 0.000349640,-0.000465331,-0.00001622, 0.00036324,buy
2013-09-03,0,0,2,2,2,0,2,2,2,1,2,1,2,2,2,2,2,-0.00205882, 0.000149287, 0.000899362,-0.00007067, 0.00095667,buy
2013-09-04,0,0,0,2,2,1,2,4,2,1,2,2,2,1,3,2,2, 0.00079547, 0.000578768, 0.000606417,-0.00010011,-0.00103294,buy
2013-09-05,0,1,1,0,4,0,2,3,3,1,2,2,1,3,3,2,2,-0.00043490, 0.004264368,-0.000169782, 0.00131550, 0.00087931,buy
2013-09-06,0,3,0,0,4,0,2,3,1,1,2,1,2,3,3,1,2,-0.00120045,-0.001474375,-0.000460934,-0.00233749,-0.00142868,sell
2013-09-07,0,2,0,0,2,1,2,0,2,3,3,1,1,3,2,1,1,-0.00054660, 0.000729082, 0.001118861, 0.00072908, 0.00105085,buy
2013-09-08,1,3,0,1,1,0,1,0,1,2,4,0,1,2,1,0,2, 0.00195266, 0.001857170, 0.001832040, 0.00234858, 0.00171867,buy
2013-09-09,2,2,2,0,3,0,0,0,2,2,3,1,2,2,2,2,1,-0.00108524,-0.001181404,-0.002139729,-0.00060012, 0.00251199,sell
2013-09-10,0,3,2,1,3,0,0,1,1,1,3,1,2,2,1,3,0, 0.00018606,-0.000963080,-0.000011996,-0.00017845, 0.00016818,sell
2013-09-11,0,1,4,2,2,0,3,0,0,2,2,1,3,2,2,3,1,-0.00162129,-0.002044971,-0.001834166,-0.00123825,-0.00099312,sell
2013-09-12,0,0,4,1,3,0,3,3,0,1,1,2,2,2,5,2,1,-0.00225416, 0.000225508,-0.002481968,-0.00100087,-0.00242353,sell
2013-09-13,1,1,2,1,1,0,1,2,4,2,0,2,2,3,5,2,1, 0.00139236, 0.001119556, 0.000772526, 0.00144252, 0.00057297,buy
2013-09-14,1,0,2,0,2,2,1,2,2,2,1,2,2,3,3,3,0, 0.00087607,-0.000000634, 0.000926711, 0.00008843, 0.00001785,buy
2013-09-15,1,1,2,0,0,1,2,2,2,3,0,2,2,3,4,2,1, 0.00164010, 0.000306180, 0.000924382, 0.00230207, 0.00135569,buy
2013-09-16,1,3,1,0,1,2,1,2,3,3,1,3,0,4,4,3,2,-0.00055550,-0.001479266,-0.001464013,-0.00147927,-0.00083241,sell
2013-09-17,2,2,1,1,1,1,1,4,2,1,3,2,1,3,3,4,0, 0.00053309, 0.000269305, 0.000269305, 0.00039380, 0.00034049,buy
2013-09-18,1,1,3,1,2,0,2,2,3,1,3,3,1,3,3,2,1, 0.00030980, 0.001925266, 0.001367794, 0.00045844, 0.00232980,buy
2013-09-19,1,2,0,4,1,0,2,1,2,1,3,3,2,2,2,1,1,-0.00284404,-0.003577585,-0.003657752,-0.00188179,-0.00415908,sell
2013-09-20,2,2,1,1,3,0,2,2,1,4,4,3,3,3,2,2,1, 0.00334854, 0.003972838, 0.004287294, 0.00422341, 0.00431847,buy
2013-09-21,0,1,0,1,1,0,1,2,0,3,3,2,2,1,0,1,0,-0.00046582,-0.000210732, 0.000167656,-0.00070269, 0.00016403,sell
2013-09-22,0,1,1,1,2,2,2,1,1,1,1,3,3,1,1,2,1, 0.00007373, 0.001353884,-0.000104599, 0.00083250,-0.00004066,buy
2013-09-23,0,0,1,1,1,1,1,2,1,2,3,3,1,1,0,1,1, 0.00133033, 0.001810624,-0.000545670, 0.00137007, 0.00043447,buy
2013-09-24,0,0,1,0,3,0,1,3,0,2,3,2,2,1,1,1,0,-0.00067274,-0.000501731,-0.000560659,-0.00067274,-0.00004949,sell
2013-09-25,0,1,1,0,4,0,2,1,2,1,3,3,2,1,1,1,1,-0.00008560, 0.000220552, 0.000304053,-0.00037828, 0.00037753,sell
2013-09-26,0,1,2,2,1,0,1,2,0,1,2,3,3,0,1,0,1, 0.00155340, 0.001498401, 0.002538893, 0.00127918, 0.00119824,buy
2013-09-27,0,2,3,1,1,1,1,2,0,2,3,3,3,1,1,1,1, 0.00167406, 0.001853126, 0.002765748, 0.00167406, 0.00011171,buy
2013-09-28,1,4,2,1,1,0,2,2,0,2,4,3,3,2,1,1,1, 0.00107241, 0.002181076, 0.002656152, 0.00148862, 0.00174931,buy
2013-09-29,0,4,1,1,2,1,2,2,0,2,2,2,3,4,2,1,1, 0.00053985, 0.000060225,-0.000273259,-0.00019977,-0.00003082,buy
2013-09-30,1,3,2,1,1,1,2,2,0,3,2,3,2,4,2,2,1, 0.00043592,-0.000515252,-0.000550938,-0.00049003,-0.00053200,sell
2013-10-01,1,1,1,4,0,2,2,3,0,3,3,3,2,4,1,3,1, 0.00170467, 0.001660732, 0.001678852, 0.00183972, 0.00138246,buy
2013-10-02,0,1,2,3,1,2,1,2,1,2,2,1,2,4,2,4,0, 0.00166507, 0.001625305, 0.002063606, 0.00176923, 0.00210450,buy
2013-10-03,0,1,1,3,0,1,2,2,2,1,1,1,1,4,2,3,1, 0.00046863, 0.001135724, 0.001135724,-0.00009530, 0.00109201,buy
2013-10-04,0,0,0,3,1,2,2,3,1,2,0,1,1,5,2,4,1, 0.00002481,-0.000407072,-0.000460095,-0.00041029,-0.00040707,sell
2013-10-05,1,0,0,4,1,2,2,1,2,1,1,1,1,2,3,5,1, 0.00324265, 0.002937749, 0.003152757, 0.00195628, 0.00324216,buy
2013-10-06,1,1,1,2,1,0,1,0,3,0,1,1,1,3,1,2,1,-0.00172604,-0.001630870,-0.000872497,-0.00078006, 0.00037536,sell
2013-10-07,2,1,1,3,2,0,0,1,2,1,1,0,3,4,2,3,0,-0.00202173,-0.001056682,-0.000939975,-0.00134128,-0.00103634,sell
2013-10-08,2,0,0,6,1,0,0,1,1,4,3,1,3,3,1,3,1,-0.00158122,-0.000040720,-0.001480613,-0.00163874,-0.00025471,sell
2013-10-09,1,1,1,3,2,0,2,0,1,2,3,1,2,2,2,3,0, 0.00469409, 0.004785501, 0.005115387, 0.00411589, 0.00448686,buy
2013-10-10,1,1,1,3,2,0,1,1,1,2,3,1,3,0,2,3,1, 0.00102895, 0.003142444, 0.001027082, 0.00368226, 0.00198412,buy
2013-10-11,2,0,0,3,0,1,1,2,1,3,3,1,3,1,2,1,2, 0.00071446, 0.002127904, 0.001214830,-0.00079869, 0.00072234,buy
2013-10-12,0,0,0,2,1,1,1,2,0,2,3,1,4,0,0,0,1,-0.00229036, 0.000873181, 0.000745971,-0.00229036, 0.00126256,sell
2013-10-13,0,0,1,2,0,1,3,0,2,2,2,0,3,2,1,2,1,-0.00034666,-0.000316132,-0.000082329,-0.00060699,-0.00042676,sell
2013-10-14,1,1,1,0,1,2,1,2,0,1,2,1,2,2,1,2,0,-0.00277310,-0.001650228,-0.002394020,-0.00339793,-0.00287253,sell
2013-10-15,1,1,3,1,0,2,3,0,1,1,2,1,3,2,2,2,1,-0.00198449,-0.000778457,-0.002438602,-0.00200697,-0.00173275,sell
2013-10-16,0,2,3,1,0,1,2,0,0,0,2,0,2,1,2,1,1,-0.00356054,-0.001693581,-0.001993910,-0.00190568,-0.00148635,sell
2013-10-17,1,3,3,0,2,1,3,1,0,1,3,2,3,2,2,2,1,-0.00134590,-0.002363851,-0.002652981,-0.00101800,-0.00290729,sell
2013-10-18,0,3,3,2,1,1,2,2,0,1,3,2,3,2,2,1,2,-0.00022576,-0.000108722, 0.000093596,-0.00013996,-0.00077477,sell
2013-10-19,0,2,3,1,0,1,2,1,1,0,2,2,3,1,1,1,1,-0.00046075, 0.000224632, 0.000249389,-0.00094852,-0.00199175,sell
2013-10-20,0,3,2,0,1,2,2,1,1,0,3,2,2,1,2,1,1, 0.00283590, 0.001629360,-0.000034991, 0.00283590, 0.00121130,buy
2013-10-21,0,3,1,1,0,1,1,3,1,2,4,3,3,1,0,1,1,-0.00017751, 0.000135742,-0.000278780,-0.00004898, 0.00001568,sell
2013-10-22,0,4,2,0,2,2,1,2,1,2,4,2,5,1,1,1,2, 0.00010181, 0.000315438,-0.000355630, 0.00010181, 0.00000148,buy
2013-10-23,0,4,2,1,1,2,2,1,0,0,5,1,4,0,1,0,2, 0.00030384, 0.000303838, 0.000303838, 0.00009687, 0.00051993,buy
2013-10-24,0,3,4,1,1,1,1,1,1,1,3,2,3,2,2,1,1, 0.00203484, 0.001715271, 0.001500695, 0.00226445,-0.00176782,buy
2013-10-25,1,3,3,1,2,1,1,2,1,1,4,3,2,2,1,2,2, 0.00347197, 0.003427841, 0.003522657, 0.00246634, 0.00368664,buy
2013-10-26,2,4,2,0,3,0,0,2,1,0,4,3,2,1,2,2,0, 0.00325720, 0.003032667, 0.003114167, 0.00329392, 0.00397146,buy
2013-10-27,1,2,3,1,4,0,1,1,1,1,3,3,2,2,2,2,1, 0.00200799, 0.002051983, 0.004562712, 0.00011217, 0.00007488,buy
2013-10-28,1,2,2,2,3,0,1,0,1,0,3,2,0,2,1,3,1, 0.00082182,-0.000390812, 0.001945641, 0.00203069, 0.00005531,buy
2013-10-29,2,3,2,0,3,1,0,1,3,0,1,3,1,4,1,4,1,-0.00108772, 0.000179659,-0.000955327,-0.00099657,-0.00091451,sell
2013-10-30,2,3,2,0,4,0,0,1,6,1,1,3,0,5,2,5,3, 0.00029593, 0.000148668,-0.000716820, 0.00029593, 0.00029593,buy
2013-10-31,1,2,1,0,4,0,0,3,5,1,0,2,1,4,4,4,2,-0.00066658,-0.000123233,-0.000788087,-0.00051208,-0.00039621,sell
2013-11-01,0,1,1,1,3,1,2,2,5,2,1,3,1,4,3,5,1,-0.00206067,-0.001833960,-0.002113018,-0.00177356,-0.00211302,sell
2013-11-02,1,2,2,0,3,0,0,2,6,1,2,3,1,3,3,4,1, 0.00018866, 0.000469515, 0.001063872, 0.00119285,-0.00005549,buy
2013-11-03,2,3,2,0,4,0,0,2,6,0,2,2,1,4,4,5,1,-0.00010520,-0.000226393,-0.000918686, 0.00080379,-0.00108610,sell
2013-11-04,1,2,3,1,0,0,1,2,3,1,2,1,4,2,3,1,1,-0.00100791, 0.001701858, 0.000822292,-0.00101250, 0.00040498,sell
2013-11-05,1,1,2,1,0,0,2,1,3,2,2,2,3,1,4,1,0, 0.00043952, 0.001678921, 0.000372909, 0.00057300,-0.00061023,buy
2013-11-06,2,3,1,0,1,0,0,2,5,0,2,2,3,0,4,1,2, 0.00081689, 0.000818427, 0.000818427, 0.00152835, 0.00093371,buy
2013-11-07,3,1,2,0,0,0,0,0,6,1,1,2,3,1,3,1,2,-0.00085209,-0.000534979,-0.000122995,-0.00068827, 0.00000562,sell
2013-11-08,1,2,2,1,0,1,0,2,5,0,3,3,4,0,3,0,1, 0.00216719, 0.001800686, 0.001800686, 0.00180069, 0.00266555,buy
2013-11-09,0,2,2,1,1,0,3,1,4,1,2,3,4,1,2,1,2, 0.00143628,-0.001446444, 0.001662289,-0.00142967,-0.00298546,buy
2013-11-10,0,3,2,0,2,0,0,4,3,1,3,2,3,1,3,1,2, 0.00183883, 0.000766753, 0.000766753, 0.00069348, 0.00117214,buy
2013-11-11,2,3,2,1,0,0,1,1,3,1,3,1,3,2,2,2,1, 0.00204504, 0.001588083, 0.001985625, 0.00039167, 0.00158808,buy
2013-11-12,1,2,4,0,0,1,0,1,2,1,4,2,2,1,2,1,0, 0.00188187, 0.002429776, 0.002476442, 0.00207236, 0.00111121,buy
2013-11-13,2,3,2,2,0,0,1,2,2,3,4,1,3,3,2,3,1, 0.00174397, 0.001018387,-0.000591056, 0.00010487, 0.00027498,buy
2013-11-14,2,4,2,1,2,0,0,3,2,4,5,2,2,4,2,3,2,-0.00010187,-0.001690497,-0.001762078,-0.00093100, 0.00054189,sell
2013-11-15,1,3,1,2,0,0,0,2,2,2,3,2,2,3,0,2,1, 0.00043761, 0.002748168, 0.000973693, 0.00103873, 0.00154067,buy
2013-11-16,1,1,3,2,1,1,1,2,1,1,2,3,0,3,1,4,1,-0.00177492,-0.002404447,-0.002404447,-0.00096385,-0.00269884,sell
2013-11-17,1,0,1,3,1,0,0,3,3,1,2,2,0,4,0,4,1, 0.00055609,-0.001490697,-0.001698244,-0.00210484,-0.00163321,sell
2013-11-18,1,1,0,1,3,0,0,2,4,1,2,1,1,4,1,3,1,-0.00258935,-0.002423116,-0.003155766,-0.00258935,-0.00166020,sell
2013-11-19,0,1,0,0,3,0,1,1,3,1,2,1,1,2,2,1,1,-0.00007964, 0.000116020,-0.000280015,-0.00037779, 0.00034800,sell
2013-11-20,0,0,1,1,1,0,0,1,3,0,1,0,2,1,2,1,0, 0.00314463, 0.003210102, 0.003077571, 0.00217703, 0.00349227,buy
2013-11-21,0,0,1,1,1,2,0,1,3,2,1,0,3,2,2,2,1, 0.00119385, 0.000538474,-0.000348346, 0.00086884, 0.00112795,buy
2013-11-22,1,1,0,1,1,0,0,1,5,1,2,1,4,1,1,1,1,-0.00225847, 0.001212432, 0.001212432,-0.00064396,-0.00047498,buy
2013-11-23,1,1,1,1,2,1,0,2,2,1,2,1,3,1,3,1,1,-0.00149718,-0.001471656,-0.001497182,-0.00037478,-0.00030149,sell
2013-11-24,1,0,0,3,2,1,2,1,2,2,3,1,2,2,3,1,2, 0.00028030, 0.000310721,-0.000101159, 0.00013977, 0.00015075,buy
2013-11-25,1,2,0,4,0,2,1,2,2,1,3,1,4,2,2,1,2, 0.00189554, 0.001014336, 0.000959593, 0.00113968, 0.00113968,buy
2013-11-26,1,2,3,1,1,1,0,2,3,1,4,0,3,2,3,1,2, 0.00218797, 0.000941705, 0.000741993, 0.00080704, 0.00094171,buy
2013-11-27,2,3,3,1,0,1,0,2,3,0,4,1,2,2,3,1,2, 0.00110701, 0.000376343, 0.000135415, 0.00103975, 0.00037634,buy
2013-11-28,0,3,2,2,1,2,1,2,1,1,3,0,3,3,1,3,2, 0.00216817, 0.001194294, 0.001956966, 0.00214903, 0.00164795,buy
2013-11-29,0,2,2,2,0,1,3,1,1,2,3,1,2,3,1,2,2,-0.00003484,-0.000518279,-0.000335049,-0.00030033,-0.00025545,sell
2013-11-30,0,2,2,1,1,1,2,2,3,0,2,3,1,4,0,3,1, 0.00112534, 0.000514620, 0.000500605, 0.00088300, 0.00046479,buy
2013-12-01,1,2,2,2,0,1,1,3,4,0,2,3,1,5,1,3,1, 0.00145791, 0.000730434, 0.000730434,-0.00005174, 0.00116708,buy
2013-12-02,0,1,2,2,0,0,2,3,2,1,1,2,1,5,0,3,1, 0.00121451, 0.000205423, 0.000161419, 0.00039285, 0.00020542,buy
2013-12-03,0,2,0,0,1,0,4,1,1,1,1,2,0,4,1,1,1,-0.00040554, 0.000697994,-0.000405542,-0.00017478, 0.00030311,sell
2013-12-04,1,3,0,0,0,0,1,1,2,3,0,3,2,3,1,2,0,-0.00143740, 0.000891459, 0.000521283,-0.00135580,-0.00122879,sell
2013-12-05,2,2,0,0,1,1,0,1,2,1,1,2,3,2,1,0,1, 0.00092314, 0.000696378, 0.000553220, 0.00125163, 0.00071915,buy
2013-12-06,1,1,1,1,1,0,3,1,1,1,1,1,3,2,2,1,1, 0.00097111, 0.000633638,-0.000263039, 0.00095043, 0.00141041,buy
2013-12-07,0,0,0,2,2,0,3,3,1,2,2,1,2,2,3,2,1, 0.00406058, 0.001712785, 0.002636229, 0.00318719, 0.00262743,buy
2013-12-08,1,1,1,2,3,0,3,4,0,1,3,1,3,1,3,3,2,-0.00075915, 0.002435596, 0.000535621, 0.00178660, 0.00136298,buy
2013-12-09,0,0,3,0,2,0,2,2,1,0,2,0,1,1,3,2,1, 0.00160739,-0.000106344, 0.000150318, 0.00066876, 0.00107185,buy
2013-12-10,0,1,1,1,2,1,3,2,1,0,2,1,2,1,3,1,2,-0.00054831,-0.000733383,-0.001100440,-0.00106706,-0.00073338,sell
2013-12-11,1,1,1,0,3,0,2,3,0,2,3,0,2,2,3,2,1,-0.00226607,-0.001654263,-0.002266067,-0.00220016,-0.00020653,sell
2013-12-12,0,1,1,0,4,0,2,3,1,2,2,1,3,2,3,1,2,-0.00012925,-0.000733262,-0.000191137,-0.00301765, 0.00010616,sell
2013-12-13,0,2,1,0,2,0,2,2,1,0,0,1,2,2,1,2,2, 0.00337067, 0.003533043, 0.003112510, 0.00308698, 0.00355249,buy
2013-12-14,0,1,1,2,1,1,1,3,1,0,1,1,1,1,3,2,2,-0.00120419,-0.000553473,-0.000456999,-0.00010433,-0.00060390,sell
2013-12-15,0,1,2,1,2,0,1,2,1,1,2,1,2,1,2,2,1, 0.00403114, 0.003462861, 0.004005816, 0.00431414, 0.00403114,buy
2013-12-16,0,3,0,1,4,0,2,1,1,0,2,1,2,1,3,2,1,-0.00068232,-0.001548204,-0.002684528,-0.00158111,-0.00170769,sell
2013-12-17,0,2,1,1,4,1,1,1,0,0,1,1,2,0,4,2,1,-0.00111956,-0.000236324,-0.000411933,-0.00129135,-0.00036347,sell
2013-12-18,0,1,1,1,0,2,1,1,0,2,0,1,1,1,3,3,0, 0.00077948,-0.002386688, 0.000158354, 0.00085680, 0.00047798,buy
2013-12-19,1,3,1,1,0,2,0,1,0,0,1,0,1,0,2,4,1,-0.00213502, 0.001249058, 0.002050340, 0.00210024, 0.00300438,buy
2013-12-20,0,2,1,0,1,2,0,1,2,0,0,1,2,0,2,3,1,-0.00147426,-0.000546741,-0.000253644,-0.00054674,-0.00025364,sell
2013-12-21,0,1,1,0,1,1,1,0,2,1,1,1,1,1,1,3,0,-0.00055763,-0.000110516, 0.000848135, 0.00032221,-0.00027760,sell
2013-12-22,0,1,0,2,1,2,1,3,1,2,1,1,2,2,2,3,2,-0.00074625,-0.001450728,-0.001627064, 0.00111643,-0.00175179,sell
2013-12-23,0,0,1,1,1,2,2,2,1,1,1,1,2,2,1,2,2,-0.00003449,-0.002304628,-0.001489342, 0.00025695,-0.00190433,sell
2013-12-24,0,1,0,1,0,1,1,1,4,1,1,0,2,2,2,1,2,-0.00059184,-0.001073453,-0.000125157,-0.00067120, 0.00158312,sell
2013-12-25,1,1,1,0,1,2,0,3,2,1,0,1,3,2,3,2,1, 0.00012652, 0.001051063, 0.000747795, 0.00048219, 0.00164764,buy
2013-12-26,1,1,0,1,0,2,1,2,2,4,1,1,3,2,3,3,1, 0.00113703, 0.002033465, 0.001295740, 0.00130558, 0.00089934,buy
2013-12-27,0,1,1,0,0,1,0,2,1,5,1,1,2,1,2,3,1, 0.00127845, 0.001643346, 0.001634410, 0.00166038, 0.00160435,buy
2013-12-28,1,1,1,0,1,1,1,2,1,5,1,3,1,2,3,4,0, 0.00015900,-0.000450887, 0.001032916,-0.00015372,-0.00037649,buy
2013-12-29,3,1,0,2,0,1,0,2,1,6,1,3,2,4,1,4,1, 0.00141782, 0.002215547, 0.001417821, 0.00141782, 0.00204872,buy
2013-12-30,2,1,1,0,1,0,2,1,1,6,1,4,1,4,1,3,1,-0.00043251, 0.000769109,-0.000350580,-0.00055000, 0.00042498,sell
2013-12-31,2,2,0,0,0,0,2,0,1,5,0,3,1,3,1,3,1,-0.00141621, 0.001318717,-0.001084157,-0.00141621, 0.00135015,sell
2014-01-01,3,1,0,0,0,2,0,2,2,6,2,4,2,4,2,2,0, 0.00025923, 0.000242780, 0.000359993, 0.00028048, 0.00028048,buy
2014-01-02,2,2,0,0,0,2,1,2,1,4,3,4,3,2,1,0,1, 0.00074850, 0.000389957, 0.000451280, 0.00066941, 0.00063073,buy
2014-01-03,1,1,1,0,1,2,2,1,1,4,4,3,2,3,1,1,0, 0.00136035, 0.001144938, 0.000785142, 0.00083775, 0.00137451,buy
2014-01-04,1,2,0,2,0,2,1,3,1,4,4,3,2,2,3,1,1, 0.00188239, 0.000210564, 0.000782120, 0.00068857, 0.00076103,buy
2014-01-05,1,2,1,0,1,1,1,3,3,3,3,3,3,2,3,1,1, 0.00463462, 0.004011691, 0.001765265, 0.00178718, 0.00264790,buy
2014-01-06,1,1,1,0,0,1,1,2,3,2,3,1,3,0,3,0,2, 0.00191418, 0.003928259, 0.001683107, 0.00166707, 0.00414152,buy
2014-01-07,2,1,0,1,0,2,1,1,2,3,4,1,2,1,3,1,1,-0.00147802,-0.000752197, 0.001117162, 0.00082131, 0.00082131,buy
2014-01-08,1,2,0,1,1,1,0,2,2,3,2,2,3,1,3,0,2, 0.00514875, 0.004754951, 0.002836044, 0.00251135, 0.00293263,buy
2014-01-09,0,2,1,1,0,0,1,2,3,1,1,1,4,1,2,1,1, 0.00166703, 0.001961351, 0.001439723, 0.00176487,-0.00039639,buy
2014-01-10,0,1,2,1,1,1,0,3,3,1,2,2,3,1,3,1,1, 0.00136007, 0.002172762,-0.001155849,-0.00107523,-0.00115585,buy
2014-01-11,0,1,0,4,0,0,0,3,2,2,2,2,3,1,2,1,1, 0.00086332, 0.000868359,-0.000857187, 0.00067258, 0.00056079,buy
2014-01-12,0,2,1,2,2,0,2,1,3,2,2,3,4,1,2,1,2, 0.00073852, 0.000952635, 0.000562402, 0.00033514, 0.00093962,buy
2014-01-13,0,1,1,1,2,0,1,1,2,1,0,2,4,0,3,0,1, 0.00231396, 0.001747698, 0.000460528, 0.00264541, 0.00209036,buy
2014-01-14,0,1,1,2,0,1,1,1,1,2,0,2,4,1,2,1,0,-0.00174223,-0.000833126,-0.000833126, 0.00012122,-0.00007082,sell
2014-01-15,1,1,1,2,0,2,2,1,1,2,1,2,4,1,2,2,1,-0.00207832, 0.001982412, 0.001956995,-0.00097687, 0.00195700,buy
2014-01-16,0,1,1,1,1,0,1,1,1,1,0,1,3,0,2,2,0, 0.00040475,-0.000149642, 0.000404747, 0.00048206, 0.00183613,buy
2014-01-17,0,2,1,1,3,1,3,1,2,1,2,3,3,2,2,2,1,-0.00033186, 0.000707359,-0.000395970,-0.00024239,-0.00072742,sell
2014-01-18,0,1,0,3,2,1,2,2,2,2,3,3,2,2,2,2,1, 0.00174258,-0.002905729, 0.000421505,-0.00050729,-0.00228284,sell
2014-01-19,0,1,1,2,2,2,3,3,0,0,3,2,3,2,1,1,2,-0.00524633,-0.003519830,-0.001556253,-0.00529462,-0.00130841,sell
2014-01-20,0,1,2,1,1,1,5,0,2,0,3,2,2,2,2,0,2, 0.00179314, 0.002929763, 0.000701294, 0.00096328, 0.00127461,buy
2014-01-21,0,3,1,1,2,1,3,1,1,0,2,2,3,1,3,0,2, 0.00098571,-0.000968819, 0.000156717,-0.00186882,-0.00098726,sell
2014-01-22,1,1,1,2,1,2,3,1,0,3,2,2,4,2,2,1,2,-0.00038082,-0.000529265, 0.000588011, 0.00029913, 0.00055332,sell
2014-01-23,2,2,1,2,0,1,3,0,0,1,2,3,3,1,3,0,0, 0.00503747, 0.005037474, 0.005134744, 0.00453468, 0.00473702,buy
2014-01-24,1,1,3,1,1,1,2,0,2,1,2,2,3,2,2,1,1, 0.00133338, 0.000201284, 0.000053518, 0.00133338,-0.00002936,buy
2014-01-25,2,2,2,2,0,1,3,3,2,1,3,3,2,2,3,3,2, 0.00248833, 0.002778291, 0.002286610, 0.00248833, 0.00296742,buy
2014-01-26,1,1,2,2,1,1,3,5,1,2,4,3,2,4,2,3,1,-0.00380512, 0.000114401,-0.000238814,-0.00019917,-0.00097221,buy
2014-01-27,1,1,0,1,1,1,4,3,2,0,3,1,0,3,2,3,2, 0.00116099, 0.003557744, 0.004707335, 0.00562678, 0.00472753,buy
2014-01-28,2,2,0,1,1,2,2,4,2,1,5,0,1,4,2,4,1, 0.00252994, 0.002598634, 0.000576647, 0.00132968, 0.00088011,buy
2014-01-29,3,1,0,1,1,2,2,3,2,1,5,1,1,4,2,1,2, 0.00160539, 0.001260226, 0.000236010, 0.00147684,-0.00030454,buy
2014-01-30,1,2,0,1,2,1,5,2,2,0,5,1,1,4,1,2,2,-0.00005589,-0.000549357, 0.000711414, 0.00211089, 0.00071510,sell
2014-01-31,2,1,1,1,2,1,4,4,1,1,5,1,1,4,2,2,3, 0.00082984, 0.001497538, 0.001493201, 0.00291403, 0.00290133,buy
2014-02-01,3,2,1,2,1,1,3,3,2,0,5,1,2,4,2,1,3, 0.00099470, 0.000799520, 0.000656843, 0.00197589, 0.00203224,buy
2014-02-02,2,1,2,0,2,1,2,0,2,0,4,1,1,3,2,0,1,-0.00059443,-0.001142297,-0.000702134,-0.00085150, 0.00024553,sell
2014-02-03,3,3,0,1,0,1,3,0,0,2,4,0,2,3,3,1,0, 0.00152610,-0.001265314,-0.000426430,-0.00040008,-0.00061944,sell
2014-02-04,3,4,0,0,1,2,1,1,0,3,3,1,2,3,3,1,2,-0.00000656, 0.000167487, 0.001151311, 0.00030445, 0.00037029,buy
2014-02-05,2,4,0,0,1,1,2,0,1,0,1,1,2,2,3,1,1,-0.00189747,-0.001883577,-0.001957903,-0.00157229,-0.00034737,sell
2014-02-06,2,2,2,0,0,0,2,0,1,0,2,0,1,2,2,1,1, 0.00219268, 0.001993003, 0.001696103, 0.00188378, 0.00288565,buy
2014-02-07,2,1,0,2,1,1,1,3,0,0,2,1,1,2,2,1,2,-0.00194709,-0.001631651,-0.000770673,-0.00203601,-0.00203576,sell
2014-02-08,1,1,0,1,2,0,1,1,1,2,2,1,2,1,1,1,2,-0.00016992, 0.000111472, 0.000770759, 0.00011147, 0.00012732,sell
2014-02-09,1,2,1,0,2,0,0,2,0,1,1,1,2,0,2,1,2,-0.00098087,-0.001238868,-0.001212888,-0.00129294,-0.00110163,sell
2014-02-10,0,1,2,1,0,0,0,2,0,2,1,1,1,0,2,2,1,-0.00021911,-0.000202646,-0.000219112,-0.00021911,-0.00020246,sell
2014-02-11,1,2,1,3,0,2,0,3,0,2,3,2,1,2,2,2,2, 0.00034578, 0.000337799, 0.000420513, 0.00074920, 0.00059890,buy
2014-02-12,0,2,2,2,0,0,0,5,0,2,2,2,2,2,2,2,1,-0.00086238, 0.002310878,-0.002741422,-0.00268181,-0.00259026,sell
2014-02-13,0,2,3,2,2,0,1,5,0,1,4,2,2,3,2,2,1,-0.00187739, 0.002679494,-0.002926949,-0.00183919,-0.00303135,sell
2014-02-14,0,1,2,4,2,0,0,6,1,1,4,3,1,4,1,3,1,-0.00148226, 0.001547402,-0.001344287,-0.00141200,-0.00082255,sell
2014-02-15,0,0,2,5,0,1,0,6,1,0,3,3,2,3,0,3,1, 0.00035699, 0.006021753, 0.001606959, 0.00199683, 0.00450502,buy
2014-02-16,0,0,4,2,1,0,0,5,1,1,3,3,1,3,1,2,1,-0.00160917, 0.002591134,-0.000324490,-0.00148673,-0.00253216,sell
2014-02-17,0,1,2,1,0,0,1,3,1,1,1,3,1,2,2,1,0,-0.00030069,-0.000667852,-0.000362240,-0.00013764,-0.00030069,sell
2014-02-18,0,1,0,1,1,1,0,4,0,3,2,0,2,2,2,2,1,-0.00055144,-0.000280474,-0.000374188,-0.00037419,-0.00037419,sell
2014-02-19,1,1,0,1,0,0,2,2,1,2,1,1,2,0,3,1,2, 0.00047007, 0.000207811, 0.000539527, 0.00053953,-0.00053549,buy
2014-02-20,2,0,2,0,1,0,1,1,1,1,1,1,3,0,2,1,1, 0.00360430, 0.003642946,-0.000899788, 0.00357607, 0.00358882,buy
2014-02-21,2,2,1,2,1,0,1,1,3,1,2,0,3,1,4,2,2, 0.00048956, 0.000613336, 0.000222449, 0.00071799, 0.00061877,buy
2014-02-22,2,1,0,2,0,0,2,3,1,1,1,1,3,1,3,1,2, 0.00253201, 0.002174533, 0.001862051, 0.00172483, 0.00095325,buy
2014-02-23,1,1,1,0,1,0,3,3,1,0,1,1,2,1,2,1,3,-0.00103738,-0.000565394,-0.000565394,-0.00056539,-0.00056539,sell
2014-02-24,1,2,0,0,0,0,2,0,3,0,0,1,2,0,3,1,1,-0.00041291,-0.000596463, 0.000061561,-0.00019371,-0.00027759,sell
2014-02-25,2,1,1,0,0,1,0,2,2,2,2,1,3,1,3,1,0,-0.00047591,-0.000567530,-0.001989774,-0.00088763,-0.00219520,sell
2014-02-26,1,1,1,0,0,0,2,1,2,2,1,2,2,0,3,1,1, 0.00087261, 0.000904235, 0.001497914, 0.00149791,-0.00023504,buy
2014-02-27,0,2,1,1,1,0,3,0,2,1,2,3,1,1,2,2,0, 0.00134673, 0.001320189, 0.001720520, 0.00138327, 0.00198301,buy
2014-02-28,1,1,2,2,0,0,2,2,1,2,2,3,1,2,2,2,1,-0.00257016,-0.001574672,-0.002794372,-0.00279437,-0.00029101,sell
2014-03-01,1,1,2,2,0,0,2,1,2,1,2,3,1,2,1,2,1, 0.00009221, 0.005657543, 0.003160367, 0.00132740, 0.00234077,buy
2014-03-02,0,1,2,1,1,0,2,0,2,1,2,3,1,1,1,1,1, 0.00120565, 0.002855491, 0.003123545, 0.00260274, 0.00260274,buy
2014-03-03,1,0,1,2,0,0,2,1,1,3,2,2,2,2,1,2,0,-0.00075628,-0.001013842,-0.000833262,-0.00146502, 0.00109716,sell
2014-03-04,0,1,0,1,1,1,0,1,1,2,0,3,1,2,1,0,1,-0.00059636,-0.001148806,-0.000596359,-0.00059636,-0.00066206,sell
2014-03-05,0,1,1,1,0,0,1,0,3,2,1,2,1,2,1,1,1,-0.00149419,-0.001816127,-0.001816127,-0.00143865,-0.00181770,sell
2014-03-06,0,1,0,1,1,1,0,2,0,1,2,1,0,1,2,1,0,-0.00201247,-0.002769636,-0.002933320,-0.00198580,-0.00276964,sell
2014-03-07,0,1,1,2,1,0,3,0,1,2,2,2,2,1,2,1,1,-0.00034418,-0.000399286,-0.000317967,-0.00034418,-0.00050580,sell
2014-03-08,0,2,0,2,2,0,3,0,1,1,2,1,2,1,3,1,1, 0.00367497, 0.003615418, 0.002300900,-0.00057906, 0.00308366,buy
2014-03-09,0,1,2,1,2,0,2,0,0,1,2,1,2,0,3,0,1, 0.00010480, 0.000447083, 0.000122330, 0.00141337, 0.00120494,buy
2014-03-10,1,2,2,2,1,1,2,1,0,2,3,1,2,1,4,2,1, 0.00385210, 0.001503069, 0.003777758, 0.00379030, 0.00385210,buy
2014-03-11,0,2,3,2,0,0,2,1,0,2,2,2,2,0,4,2,0, 0.00108900, 0.001616981, 0.001711054, 0.00171105, 0.00070667,buy
2014-03-12,0,2,3,1,1,1,3,1,0,1,3,1,2,0,4,2,1, 0.00202741,-0.000198657, 0.003027607, 0.00299138, 0.00201072,buy
2014-03-13,0,3,3,1,2,0,3,2,0,2,3,3,1,2,5,2,0, 0.00088352, 0.003460209,-0.000774276, 0.00134116, 0.00125951,buy
2014-03-14,0,3,2,3,2,1,2,3,2,1,5,4,2,2,3,3,0,-0.00057699,-0.001274128,-0.001215847,-0.00020811,-0.00007062,sell
2014-03-15,0,3,3,1,4,1,1,3,2,0,5,4,1,2,2,3,1, 0.00142273, 0.001126954, 0.001126954, 0.00113859, 0.00068403,buy
2014-03-16,0,4,1,1,2,0,2,2,2,0,3,4,0,2,2,2,1,-0.00242495,-0.001705526,-0.002019837,-0.00007012,-0.00187903,sell
2014-03-17,0,4,1,0,3,1,2,2,1,2,4,2,1,4,2,2,1, 0.00031235,-0.000018266,-0.000130716, 0.00031235,-0.00003333,buy
2014-03-18,1,3,1,1,2,1,3,1,1,2,5,2,1,3,2,2,1, 0.00030360,-0.000600354,-0.000858284,-0.00003419,-0.00083914,sell
2014-03-19,2,4,1,0,1,0,3,0,1,0,4,1,2,1,2,1,1, 0.00415572, 0.004273792, 0.004439110, 0.00410923, 0.00448529,buy
2014-03-20,1,3,1,0,1,0,2,0,2,1,3,0,1,2,2,2,1, 0.00579156, 0.005573773, 0.005791561, 0.00551949, 0.00552237,buy
2014-03-21,2,3,0,3,0,0,3,1,0,1,2,1,4,2,3,1,0,-0.00026133,-0.000356451,-0.000353329, 0.00152536, 0.00016981,sell
2014-03-22,1,2,1,1,1,0,4,1,1,1,2,1,4,2,2,1,1, 0.00174028, 0.001076406, 0.000423833, 0.00160414, 0.00284971,buy
2014-03-23,1,3,0,2,0,0,3,1,1,0,1,2,3,0,3,1,1,-0.00032697,-0.002568383,-0.001998068,-0.00246934,-0.00191181,sell
2014-03-24,2,2,1,3,0,1,3,2,1,1,3,1,4,1,4,1,2,-0.00015482, 0.001183390,-0.000848464, 0.00163429,-0.00091622,sell
2014-03-25,0,1,1,3,0,0,4,1,2,1,2,2,3,1,3,1,1,-0.00051510,-0.001076567,-0.001163909,-0.00100169,-0.00119928,sell
2014-03-26,0,2,1,3,1,0,5,0,2,0,3,2,3,2,2,2,0,-0.00136098,-0.001166411, 0.000065630,-0.00098782, 0.00055454,sell
2014-03-27,1,1,3,3,0,0,4,2,1,3,4,2,2,3,4,2,1,-0.00295630,-0.003452301,-0.001746090,-0.00337778,-0.00361326,sell
2014-03-28,1,2,3,3,0,0,4,1,2,2,4,2,3,3,4,2,0,-0.00229496,-0.002770654,-0.000538839,-0.00242936,-0.00230331,sell
2014-03-29,1,2,2,2,1,0,3,0,2,2,3,2,2,2,4,1,1, 0.00640262, 0.006485822, 0.004484915, 0.00327315, 0.00534093,buy
2014-03-30,2,2,1,4,0,0,2,2,0,5,5,1,2,2,4,3,1, 0.00004143,-0.002348000,-0.002406487,-0.00245756,-0.00233882,sell
2014-03-31,2,1,1,2,2,1,1,2,1,5,3,3,2,3,3,3,1, 0.00184930, 0.003287659, 0.001969680, 0.00196968, 0.00196968,buy
2014-04-01,1,1,2,2,1,0,1,2,2,2,3,1,2,4,2,2,0,-0.00042365, 0.000555673, 0.000035816,-0.00076558, 0.00022049,sell
2014-04-02,1,0,2,2,2,1,2,2,1,2,3,2,1,3,3,3,0,-0.00034685, 0.001719157, 0.002414181, 0.00017814, 0.00148981,buy
2014-04-03,1,0,1,4,1,1,1,4,0,4,3,2,2,3,3,3,1,-0.00015319, 0.001204858,-0.000168568,-0.00017115, 0.00038703,sell
2014-04-04,1,2,2,3,1,0,2,2,1,2,2,2,3,3,2,3,1,-0.00045352, 0.001468983,-0.001052950, 0.00069714,-0.00004928,sell
2014-04-05,0,2,2,1,1,0,1,2,0,1,1,1,2,2,1,1,2, 0.00135468, 0.000034203, 0.000034203, 0.00003420, 0.00003420,buy
2014-04-06,1,2,2,2,0,2,1,1,0,1,2,2,2,2,1,1,2,-0.00103142,-0.002037164,-0.002453121,-0.00143591,-0.00244481,sell
2014-04-07,1,3,1,4,0,2,1,0,0,2,2,3,2,1,2,2,2, 0.00225390, 0.001704787, 0.000364266,-0.00081393,-0.00050074,buy
2014-04-08,0,3,0,1,3,1,1,1,0,0,1,2,2,0,2,1,2, 0.00169115,-0.000329513, 0.000289662,-0.00036948,-0.00032951,buy
2014-04-09,1,2,1,2,3,1,3,1,1,0,1,3,4,1,4,1,1, 0.00135642, 0.001285043, 0.004487917,-0.00221539, 0.00090037,buy
2014-04-10,1,1,0,4,1,1,2,2,1,1,1,3,3,1,4,1,1,-0.00174594,-0.001810170,-0.000661946,-0.00181017,-0.00187189,sell
2014-04-11,1,1,1,1,2,2,2,2,1,0,1,1,4,1,3,1,2, 0.00044291, 0.001138561, 0.003159467, 0.00206476, 0.00271522,buy
2014-04-12,1,1,1,1,2,0,3,1,2,2,2,1,3,2,4,1,1, 0.00137452, 0.001061412, 0.000945403, 0.00081720, 0.00006047,buy
2014-04-13,2,2,0,0,3,0,1,2,0,3,1,0,3,4,2,1,2, 0.00123061, 0.001734845, 0.001868108, 0.00184269, 0.00173484,buy
2014-04-14,2,1,1,1,2,2,1,1,0,5,3,1,2,4,2,3,1, 0.00119361, 0.001410859, 0.000893755, 0.00119361, 0.00156769,buy
2014-04-15,1,2,1,2,0,2,2,0,1,4,4,1,1,4,1,3,1, 0.00047656, 0.000546203, 0.000608642, 0.00046507, 0.00105206,buy
2014-04-16,1,1,4,0,1,2,2,0,2,3,3,2,1,5,0,4,1,-0.00139624, 0.000537079,-0.000332970,-0.00019697,-0.00021856,sell
2014-04-17,1,3,1,2,1,2,2,3,1,2,3,4,2,4,1,3,1,-0.00005008, 0.000343527, 0.000343527, 0.00034353,-0.00047152,sell
2014-04-18,0,2,2,0,3,1,2,2,2,4,3,3,2,4,1,3,2, 0.00075982, 0.000900468, 0.000721994, 0.00104631, 0.00096653,buy
2014-04-19,0,1,2,0,3,1,3,1,2,3,3,2,1,3,2,4,1,-0.00148851, 0.001041136,-0.001564216,-0.00104618,-0.00050376,sell
2014-04-20,1,2,1,0,2,2,1,2,2,4,3,2,2,4,2,4,0, 0.00101221, 0.001362890,-0.000754903,-0.00082176,-0.00099113,buy
2014-04-21,1,2,0,0,0,2,0,1,2,4,2,2,1,3,1,2,1, 0.00105032, 0.002156925, 0.001020292, 0.00208388, 0.00207445,buy
2014-04-22,0,2,1,0,0,1,1,1,0,2,1,1,1,2,1,1,1,-0.00033223,-0.000817326,-0.001934326,-0.00110293,-0.00051728,sell
2014-04-23,0,0,2,0,1,1,2,0,1,3,2,1,0,2,2,2,1, 0.00078368, 0.000336057, 0.001544897, 0.00094422, 0.00139858,buy
2014-04-24,1,1,1,2,0,1,0,3,1,2,2,1,2,2,2,2,1, 0.00115079, 0.001181958, 0.000847885, 0.00119425, 0.00084788,buy
2014-04-25,1,0,3,0,1,1,1,1,3,2,2,1,2,2,2,2,2,-0.00119312,-0.001715486, 0.000119792,-0.00136064,-0.00059654,sell
2014-04-26,0,1,1,1,0,1,1,1,2,2,2,0,3,1,2,1,1,-0.00059588,-0.000738849,-0.000222166,-0.00059588,-0.00048676,sell
2014-04-27,1,0,0,0,2,2,1,2,2,4,2,2,4,2,1,2,1,-0.00165669, 0.000244875, 0.000962492, 0.00071087, 0.00110035,buy
2014-04-28,0,1,1,0,3,1,2,2,2,1,1,2,2,3,1,2,2, 0.00076922, 0.001987893, 0.000595906, 0.00170303,-0.00036794,buy
2014-04-29,0,0,2,0,3,0,2,2,4,1,2,3,2,3,0,2,2,-0.00088345, 0.002085674,-0.000563138, 0.00007937, 0.00028824,sell
2014-04-30,0,0,2,2,1,1,1,2,2,1,2,2,0,4,1,2,1, 0.00029822,-0.000857001,-0.001390765,-0.00182544,-0.00138887,sell
2014-05-01,0,0,2,0,2,1,2,1,2,1,3,2,1,2,1,2,0, 0.00490652, 0.002390742, 0.004789759, 0.00251217, 0.00270728,buy
2014-05-02,0,3,1,0,4,1,2,0,2,0,3,2,2,2,2,2,0, 0.00119586, 0.001611521, 0.000181691, 0.00173548, 0.00078937,buy
2014-05-03,0,2,2,2,2,1,1,0,1,1,2,3,2,1,2,1,1,-0.00085507, 0.001029936,-0.001645353, 0.00060080,-0.00010418,sell
2014-05-04,1,2,3,4,1,1,1,0,1,2,3,2,3,3,2,2,1,-0.00135762,-0.000569519, 0.001123478,-0.00163530,-0.00101873,sell
2014-05-05,0,2,3,4,1,0,1,1,1,0,2,1,2,2,2,3,1, 0.00022410,-0.000616596,-0.000795109, 0.00012138,-0.00042164,sell
2014-05-06,0,2,3,3,3,0,3,2,2,0,4,2,3,3,2,3,1,-0.00086624, 0.001001553, 0.000831698, 0.00145302,-0.00042801,buy
2014-05-07,0,1,1,4,2,1,3,3,1,1,4,1,2,3,3,3,1, 0.00168612,-0.001077797,-0.000755711,-0.00221960,-0.00263130,sell
2014-05-08,0,0,0,3,2,3,2,4,1,0,3,3,3,1,2,2,1, 0.00184988, 0.001448020, 0.000760789,-0.00012017, 0.00181790,buy
2014-05-09,0,0,1,1,2,3,2,1,2,1,2,2,4,1,3,1,0,-0.00296817,-0.001330710,-0.000923787,-0.00245739,-0.00010377,sell
2014-05-10,0,1,0,0,1,2,1,0,2,1,0,1,3,1,2,0,1, 0.00078831, 0.001732503, 0.001494642, 0.00149417, 0.00166653,buy
2014-05-11,1,0,1,1,2,4,1,1,1,3,1,4,4,1,2,1,2, 0.00253800, 0.003523494, 0.003244212, 0.00324421, 0.00288251,buy
2014-05-12,1,1,1,2,1,3,1,0,1,3,2,3,3,1,2,2,1,-0.00107401, 0.002306109, 0.001806616,-0.00007067, 0.00174808,buy
2014-05-13,1,1,2,1,3,0,1,0,2,1,1,3,2,3,0,1,2, 0.00066655, 0.001470986, 0.000759191, 0.00077862, 0.00077862,buy
2014-05-14,2,1,1,1,4,0,0,1,3,1,1,2,2,3,1,3,2,-0.00079350,-0.000319609,-0.000253277,-0.00007623,-0.00023580,sell
2014-05-15,1,0,0,5,2,0,1,1,3,3,3,2,2,4,0,3,2,-0.00148587,-0.001321807,-0.001671806,-0.00196899,-0.00145838,sell
2014-05-16,1,0,2,2,4,0,3,0,3,2,3,2,1,4,2,3,2, 0.00200821, 0.004000731, 0.001162605, 0.00229091, 0.00269134,buy
2014-05-17,1,2,0,2,3,0,1,2,3,2,2,2,2,1,3,4,2,-0.00022933,-0.000180036,-0.000273249,-0.00027325, 0.00047224,sell
2014-05-18,1,2,0,1,3,1,1,2,2,4,3,2,3,2,3,2,2, 0.00238282, 0.002232654, 0.002521200, 0.00223265, 0.00223265,buy
2014-05-19,0,2,1,1,3,0,2,3,1,1,2,2,5,1,2,1,1,-0.00035102,-0.000960661,-0.002220846,-0.00086926,-0.00187048,sell
2014-05-20,0,1,1,2,4,0,2,2,3,2,2,2,4,2,3,2,2,-0.00037579, 0.000014665,-0.001461379,-0.00007165, 0.00092926,sell
2014-05-21,1,3,0,3,2,0,0,6,1,0,2,2,4,2,2,2,2, 0.00127337, 0.000996804, 0.000372136, 0.00098023, 0.00029588,buy
2014-05-22,1,1,2,0,2,0,1,4,2,0,2,2,3,1,1,2,2,-0.00040239,-0.000176354, 0.000126831,-0.00019890,-0.00019890,sell
2014-05-23,0,3,1,1,1,0,1,3,1,0,2,1,2,1,2,1,2,-0.00155664,-0.000659445,-0.000628740,-0.00105616,-0.00153789,sell
2014-05-24,1,3,0,1,2,1,1,2,1,2,3,2,3,2,2,1,1, 0.00054475, 0.000544749, 0.000450571, 0.00074372, 0.00058246,buy
2014-05-25,1,3,0,0,2,0,0,2,1,3,2,1,3,3,1,0,2, 0.00049912, 0.000499121, 0.003008026, 0.00040498, 0.00102566,buy
2014-05-26,0,2,1,0,2,0,1,1,2,2,1,2,3,3,0,1,1,-0.00159436,-0.001107302,-0.001628979,-0.00203406,-0.00178624,sell
2014-05-27,0,2,2,2,1,1,2,1,2,2,2,3,2,4,1,1,2, 0.00025330,-0.000227284,-0.000327702, 0.00036172,-0.00016615,sell
2014-05-28,0,0,2,1,1,0,1,2,1,3,1,2,3,2,0,1,2,-0.00016357,-0.000532609,-0.000423941,-0.00016304,-0.00016304,sell
2014-05-29,0,1,2,1,3,0,1,1,2,2,1,2,3,2,2,1,2, 0.00109728, 0.000862100, 0.000529379, 0.00039918, 0.00113210,buy
2014-05-30,0,1,1,2,0,0,0,0,2,2,0,2,1,1,2,0,2,-0.00061383,-0.002226803,-0.002150298,-0.00218043,-0.00231132,sell
2014-05-31,0,0,3,2,1,1,0,0,1,4,0,2,2,3,3,1,1, 0.00144041,-0.000014695, 0.000975338,-0.00055014, 0.00097845,buy
2014-06-01,1,1,2,2,1,0,0,0,2,2,1,1,2,2,2,2,1, 0.00177296, 0.001147534, 0.001740172, 0.00149086, 0.00189909,buy
2014-06-02,0,2,1,1,2,0,0,0,3,2,0,2,2,2,2,2,1, 0.00243391, 0.001819066, 0.001984059, 0.00134353, 0.00227045,buy
2014-06-03,0,1,1,1,3,0,1,0,3,2,1,2,1,3,2,2,1, 0.00171360,-0.000004351,-0.000036108,-0.00103023, 0.00119019,buy
2014-06-04,0,0,0,3,2,0,1,2,2,1,2,2,1,3,1,2,0, 0.00089647, 0.000907304, 0.001145944, 0.00018987, 0.00089647,buy
2014-06-05,0,0,2,1,4,1,1,1,3,1,1,2,2,3,3,2,1, 0.00088913, 0.000332499,-0.000009718, 0.00144648, 0.00184668,buy
2014-06-06,0,1,1,2,3,0,0,0,4,1,1,1,1,3,3,2,1, 0.00002954,-0.002182820,-0.002182820, 0.00112502,-0.00019677,sell
2014-06-07,1,1,1,1,4,0,0,1,1,1,0,2,1,3,3,1,1, 0.00079946,-0.000260527, 0.001411932, 0.00072783, 0.00036322,buy
2014-06-08,1,1,1,2,3,1,3,0,1,3,2,2,2,3,3,3,1, 0.00252045, 0.001048033, 0.002270808,-0.00066980, 0.00241814,buy
2014-06-09,0,2,2,2,2,0,2,0,0,1,2,1,3,2,2,1,0, 0.00007630,-0.000006615,-0.000144586, 0.00020353,-0.00001061,buy
2014-06-10,1,1,3,1,2,3,3,1,1,1,2,1,2,3,4,3,2,-0.00017133,-0.002019530,-0.002778709,-0.00335257,-0.00199477,sell
2014-06-11,0,3,1,3,0,2,2,3,0,1,3,2,2,2,2,3,1, 0.00088928,-0.000583276,-0.000470053, 0.00024410, 0.00105008,buy
2014-06-12,0,2,1,2,1,2,4,1,1,2,2,2,2,2,3,3,2, 0.00022104, 0.000221045, 0.002071947, 0.00028404, 0.00043685,buy
2014-06-13,0,3,0,2,1,2,3,2,0,1,2,1,1,1,4,3,2,-0.00080548,-0.000448292, 0.000106160,-0.00025792,-0.00035571,sell
2014-06-14,1,2,1,2,0,2,1,1,3,3,2,2,1,2,4,3,2,-0.00017982,-0.000686433,-0.001062026,-0.00055197, 0.00008933,sell
2014-06-15,0,2,1,1,0,2,1,1,2,1,3,2,1,1,2,1,1,-0.00138448,-0.001443824,-0.001754151,-0.00129731, 0.00104552,sell
2014-06-16,0,2,1,1,0,1,3,0,2,2,2,2,1,2,2,2,1, 0.00057111, 0.000216333, 0.000262320, 0.00071264, 0.00021633,buy
2014-06-17,0,2,0,1,1,1,1,2,1,3,2,2,0,2,3,2,1, 0.00090534,-0.000034532, 0.000237795, 0.00131624,-0.00005183,buy
2014-06-18,1,2,1,2,1,1,2,0,2,1,2,3,1,3,2,2,0, 0.00136269, 0.001305155, 0.000993074, 0.00093088, 0.00317522,buy
2014-06-19,0,2,2,3,0,1,3,0,2,1,2,3,0,2,3,2,2, 0.00007772,-0.001632334, 0.000767764,-0.00163282,-0.00163233,sell
2014-06-20,1,2,0,4,0,2,4,1,1,2,3,3,1,3,3,2,2, 0.00134875,-0.001694012, 0.001956351,-0.00125817,-0.00166264,sell
2014-06-21,1,2,0,3,1,2,4,2,0,1,2,3,1,2,3,3,2,-0.00085989,-0.001621681,-0.001122540,-0.00123420,-0.00159394,sell
2014-06-22,0,1,1,3,0,1,4,1,1,0,1,2,1,2,2,2,2,-0.00153943,-0.002648683,-0.000673083,-0.00236828,-0.00151137,sell
2014-06-23,0,1,1,3,1,2,3,1,1,0,2,3,0,2,3,3,0,-0.00168355,-0.000284623,-0.002313655,-0.00175540,-0.00185974,sell
2014-06-24,1,1,0,4,0,1,2,2,1,1,2,3,1,1,2,3,1, 0.00184291,-0.000057786, 0.000444280, 0.00045428, 0.00072153,buy
2014-06-25,0,2,1,2,2,1,2,2,1,1,2,3,2,1,3,3,0, 0.00164021, 0.001462275, 0.002606922, 0.00352227, 0.00240668,buy
2014-06-26,0,2,1,2,0,1,3,1,0,0,2,2,2,0,2,2,0,-0.00069261,-0.000394814, 0.001737179,-0.00018512,-0.00066890,sell
2014-06-27,0,2,2,1,0,2,3,0,0,2,1,2,3,1,2,2,1,-0.00054942, 0.000785376, 0.000597771, 0.00148236, 0.00071332,buy
2014-06-28,1,0,2,1,0,2,2,1,0,3,2,1,3,1,2,2,1,-0.00466577,-0.005441856,-0.004948877,-0.00600855,-0.00282179,sell
2014-06-29,1,2,1,0,1,1,2,0,1,1,2,0,3,0,2,2,1,-0.00018199,-0.000333649,-0.002466389,-0.00018199,-0.00027076,sell
2014-06-30,0,1,2,0,3,2,2,1,2,2,2,1,4,3,2,2,1, 0.00162137,-0.000542317, 0.000420248, 0.00042025, 0.00069907,buy
2014-07-01,0,1,1,3,1,1,2,1,1,1,2,1,4,3,1,1,0, 0.00098536, 0.001712810, 0.001057516,-0.00084056, 0.00086283,buy
2014-07-02,0,0,1,2,1,2,1,3,0,1,2,1,2,3,1,1,1,-0.00233523,-0.005824679,-0.001621284,-0.00233523, 0.00054596,sell
2014-07-03,0,1,1,1,2,1,1,2,1,1,2,1,1,3,1,1,2, 0.00235664, 0.002328614, 0.002356642, 0.00235620, 0.00213744,buy
2014-07-04,0,2,0,1,3,1,0,2,2,1,2,0,2,3,2,2,1,-0.00171572,-0.001030028,-0.003051610,-0.00142638,-0.00196162,sell
2014-07-05,1,0,2,1,3,2,2,1,1,2,2,1,2,3,3,3,1,-0.00461027,-0.002094335,-0.004334513,-0.00439680,-0.00461027,sell
2014-07-06,1,0,1,3,1,1,1,0,1,2,2,1,2,1,2,2,1, 0.00011347, 0.000407981,-0.001626117,-0.00021436,-0.00017842,sell
2014-07-07,1,2,2,2,2,0,1,0,2,1,2,0,3,1,3,3,1, 0.00177699, 0.001776994, 0.001377430, 0.00137106, 0.00162904,buy
2014-07-08,1,2,2,1,3,0,2,1,1,1,2,1,3,1,3,3,1, 0.00160545, 0.001718443, 0.000837176, 0.00160193, 0.00173627,buy
2014-07-09,0,1,3,3,1,0,2,1,0,2,3,2,3,1,2,2,0,-0.00041819,-0.000421405,-0.000758872,-0.00097811,-0.00074677,sell
2014-07-10,0,1,3,4,1,1,3,0,1,1,3,2,3,1,3,2,1,-0.00117528,-0.001503729,-0.001139781,-0.00104237,-0.00107434,sell
2014-07-11,1,2,2,3,1,0,1,1,1,1,2,2,4,1,3,1,0,-0.00125667, 0.000443021,-0.000730154,-0.00188761,-0.00279596,sell
2014-07-12,1,1,1,3,1,1,1,1,1,3,2,3,4,1,2,1,1,-0.00059274, 0.000853994,-0.000897765,-0.00309126,-0.00256704,sell
2014-07-13,0,1,1,4,0,1,3,0,0,1,2,3,3,1,1,0,1,-0.00125636,-0.000791232,-0.000624653,-0.00139186,-0.00113653,sell
2014-07-14,0,1,3,3,1,0,2,1,1,2,2,3,2,2,3,1,1, 0.00337902, 0.003674596, 0.002894050, 0.00324023, 0.00337902,buy
2014-07-15,1,2,1,3,1,0,1,2,1,1,2,3,2,2,2,1,1,-0.00185490,-0.000471051,-0.001016164,-0.00126803,-0.00216592,sell
2014-07-16,0,1,3,3,1,0,2,0,1,2,2,3,2,1,2,1,2, 0.00270987, 0.003145266, 0.002739553, 0.00279064, 0.00279064,buy
2014-07-17,0,0,2,2,0,0,2,0,0,3,2,1,2,1,2,0,1,-0.00202747,-0.002585045,-0.001808735,-0.00225050,-0.00170466,sell
2014-07-18,1,3,1,1,1,1,1,1,0,2,2,2,2,2,2,2,0, 0.00012382,-0.000273750,-0.000051252, 0.00036715, 0.00009019,buy
2014-07-19,1,2,1,1,0,2,1,0,2,3,4,2,2,2,1,1,1,-0.00037498,-0.000286207, 0.000098464, 0.00001489, 0.00001489,sell
2014-07-20,1,1,2,1,0,2,2,1,1,2,3,1,2,2,2,2,1,-0.00405311,-0.003823765,-0.002239102,-0.00360720,-0.00233020,sell
2014-07-21,1,2,1,2,1,1,2,1,1,2,4,3,1,2,1,2,1,-0.00047281,-0.000031712,-0.001053340,-0.00071418,-0.00071496,sell
2014-07-22,1,3,1,1,2,1,1,1,1,3,3,3,2,2,2,2,1, 0.00020386, 0.000603579, 0.000302012, 0.00017573, 0.00003151,buy
2014-07-23,1,4,3,0,1,1,0,1,1,3,3,3,2,1,3,3,0,-0.00138690,-0.001862183,-0.001865081,-0.00106339,-0.00360130,sell
2014-07-24,2,3,4,1,0,1,1,0,0,2,3,2,2,1,3,2,1, 0.00399412, 0.002104042, 0.004304431, 0.00272957, 0.00257973,buy
2014-07-25,1,3,3,1,0,2,0,0,0,3,2,2,2,2,3,2,0, 0.00089309, 0.001012450, 0.000875119,-0.00009274,-0.00064173,buy
2014-07-26,2,4,2,2,1,1,0,0,0,3,3,2,4,1,3,2,0, 0.00126535, 0.001124713, 0.001049296,-0.00025583, 0.00013097,buy
2014-07-27,1,2,1,1,3,1,1,0,0,2,2,0,3,2,3,1,1,-0.00135227,-0.000753257,-0.000154652,-0.00190885,-0.00124537,sell
2014-07-28,0,1,1,2,1,1,0,1,0,2,1,0,2,2,2,1,1, 0.00120677, 0.001111275, 0.001599586, 0.00111128, 0.00145547,buy
2014-07-29,0,1,1,2,1,2,1,1,1,2,2,1,2,2,1,3,1, 0.00037949, 0.000224840, 0.000305065, 0.00024235, 0.00035943,buy
2014-07-30,0,1,2,0,2,0,0,2,2,2,2,1,1,1,2,3,1, 0.00278435, 0.003397589, 0.003131235, 0.00388404, 0.00313244,buy
2014-07-31,0,2,1,0,2,0,1,1,1,3,2,2,1,2,2,2,0, 0.00145368, 0.001588845, 0.001453362, 0.00147517, 0.00023823,buy
2014-08-01,1,3,2,0,3,1,2,0,1,5,3,3,3,2,3,3,1,-0.00036678, 0.001106255,-0.000584769,-0.00036678, 0.00123528,sell
2014-08-02,1,2,2,1,1,1,1,0,0,4,2,2,2,1,3,2,1,-0.00050445,-0.002270693,-0.000942960,-0.00093039,-0.00027416,sell
2014-08-03,2,3,3,1,2,0,0,0,1,3,3,3,4,2,2,0,1,-0.00110474,-0.001860401,-0.001455910,-0.00230058,-0.00090468,sell
2014-08-04,1,3,2,1,3,0,0,0,1,2,2,2,4,2,1,1,1, 0.00092628, 0.001404240, 0.000274751,-0.00065105, 0.00083700,buy
2014-08-05,0,2,3,3,3,0,1,1,0,2,2,2,5,3,0,2,1, 0.00002344, 0.001178870, 0.000057890, 0.00009373,-0.00106599,sell
2014-08-06,0,1,3,3,2,0,3,1,0,3,2,3,3,3,2,2,1, 0.00240603, 0.002774176, 0.002398964, 0.00202838, 0.00239896,buy
2014-08-07,0,2,3,1,3,0,0,2,2,3,2,3,3,1,3,3,1,-0.00212416,-0.001731706,-0.001194044, 0.00044321,-0.00018690,sell
2014-08-08,1,1,3,0,1,0,0,1,4,3,1,2,3,2,3,3,0, 0.00171475, 0.002586574, 0.002344723, 0.00164552, 0.00153660,buy
2014-08-09,0,2,3,0,0,2,1,1,1,2,1,1,3,1,2,3,1,-0.00161019,-0.002288287,-0.001300995,-0.00052127,-0.00166170,sell
2014-08-10,0,3,2,0,0,1,2,0,2,4,1,3,2,2,3,3,0, 0.00059405, 0.000124382,-0.001353361, 0.00089812, 0.00109981,buy
2014-08-11,1,3,1,0,2,0,0,2,1,1,1,1,1,2,2,3,1, 0.00060860, 0.001453644,-0.000533998,-0.00079112,-0.00095793,sell
2014-08-12,1,2,2,3,1,0,1,0,2,0,2,1,1,3,2,2,1,-0.00156558,-0.001300915,-0.000428043, 0.00000186, 0.00035572,sell
2014-08-13,0,2,2,4,0,0,1,0,1,0,2,1,1,2,2,1,1,-0.00092954,-0.000935910,-0.001719756,-0.00017621,-0.00100502,sell
2014-08-14,1,2,1,2,3,0,1,1,1,1,1,1,3,3,2,2,1,-0.00135796,-0.002682874,-0.003313237,-0.00273808,-0.00273808,sell
2014-08-15,1,4,0,2,1,0,0,1,1,1,2,0,2,3,1,1,2, 0.00162955, 0.001578186, 0.001639584, 0.00190712, 0.00156030,buy
2014-08-16,1,1,1,2,1,2,2,0,2,2,2,1,2,3,2,2,2, 0.00028898, 0.000157783, 0.000198426, 0.00023593,-0.00117371,buy
2014-08-17,1,1,0,3,2,2,3,1,1,0,2,0,2,3,2,4,1, 0.00258976,-0.001785574, 0.001463271,-0.00119836, 0.00027683,buy
2014-08-18,1,0,0,1,5,1,2,1,3,1,3,1,3,4,0,2,2, 0.00271008, 0.004049212, 0.001448433, 0.00152356, 0.00144843,buy
2014-08-19,2,1,0,1,6,1,2,2,1,0,3,1,3,3,2,2,2, 0.00101260, 0.002760377, 0.001184496, 0.00144256, 0.00142741,buy
2014-08-20,2,0,2,4,2,1,3,1,0,0,3,1,2,3,2,2,2, 0.00204322, 0.002639284, 0.002431094, 0.00289185, 0.00178082,buy
2014-08-21,1,0,4,2,2,1,4,0,0,2,2,2,1,4,2,3,2,-0.00199251,-0.000997627, 0.000207998, 0.00008209,-0.00002514,sell
2014-08-22,1,2,2,2,3,0,1,0,1,1,0,3,1,2,1,5,1,-0.00101828,-0.001939756,-0.000879211,-0.00124687,-0.00129672,sell
2014-08-23,3,2,1,1,5,0,1,0,1,2,1,3,1,2,3,4,2, 0.00097459, 0.000295270, 0.001060526,-0.00136680,-0.00125738,buy
2014-08-24,2,0,2,2,2,0,1,0,2,4,0,3,0,1,4,5,2,-0.00050415, 0.000196133,-0.001173024,-0.00050415,-0.00050415,sell
2014-08-25,1,0,1,3,2,2,1,0,2,2,0,2,2,1,3,5,1, 0.00141735,-0.000326851,-0.001251547,-0.00025924,-0.00035559,sell
2014-08-26,1,1,2,1,2,2,3,0,4,2,2,3,2,1,4,4,2,-0.00321239,-0.001313500,-0.000757717,-0.00061233,-0.00045034,sell
2014-08-27,1,2,0,0,0,1,1,2,3,2,3,3,1,1,3,0,1, 0.00042883,-0.001151782, 0.000988902, 0.00415005, 0.00012707,buy
2014-08-28,1,2,0,0,1,1,0,4,1,3,3,2,3,1,3,0,1, 0.00592497, 0.005865527, 0.000470191, 0.00103032, 0.00100716,buy
2014-08-29,1,2,0,1,0,2,3,1,1,2,3,2,3,1,2,1,1, 0.00055124,-0.000384308,-0.000546118,-0.00058685, 0.00024591,sell
2014-08-30,0,3,2,0,0,1,1,1,0,1,3,1,3,2,0,0,0, 0.00101698, 0.001242132, 0.000704234, 0.00116196, 0.00192918,buy
2014-08-31,2,3,2,1,1,1,1,1,1,1,4,1,3,4,1,1,0, 0.00110631, 0.001182507,-0.000975488,-0.00098153,-0.00066276,buy
2014-09-01,1,5,1,2,0,0,1,2,0,1,3,1,2,4,1,1,1, 0.00136308, 0.001026019, 0.001159171, 0.00044552, 0.00109012,buy
2014-09-02,0,4,3,1,0,0,3,2,0,1,3,0,2,5,2,1,1, 0.00097477, 0.001374013, 0.001411863, 0.00043225, 0.00104293,buy
2014-09-03,0,3,3,3,1,0,3,2,0,0,3,1,2,3,2,3,1,-0.00029895, 0.000511706, 0.000315093, 0.00065341, 0.00048514,buy
2014-09-04,1,3,1,3,2,0,1,4,1,1,3,1,3,4,2,3,1,-0.00182412,-0.001611901,-0.002305319,-0.00223784,-0.00070890,sell
2014-09-05,0,2,1,2,3,0,1,3,2,1,2,1,3,2,2,3,2, 0.00050462, 0.000524258, 0.000524258, 0.00063964, 0.00072174,buy
2014-09-06,0,2,0,1,3,1,2,2,1,0,2,1,3,2,0,3,1,-0.00082411,-0.000322418,-0.000839556, 0.00087489,-0.00085225,sell
2014-09-07,0,1,0,1,2,0,0,4,2,3,2,2,1,3,1,4,0,-0.00152798,-0.001632820,-0.001594051,-0.00155771,-0.00159405,sell
2014-09-08,1,3,0,0,2,2,1,3,3,1,3,2,2,3,2,3,1, 0.00068904, 0.001207420, 0.001100775, 0.00120742, 0.00117478,buy
2014-09-09,0,1,2,2,1,1,1,2,2,1,3,2,1,2,2,3,0,-0.00231948, 0.002166665, 0.000266871, 0.00214148, 0.00224667,buy
2014-09-10,1,0,1,3,2,1,1,2,2,2,2,2,2,3,2,3,1, 0.00099966, 0.000094690,-0.001858847,-0.00134991,-0.00133689,sell
2014-09-11,1,2,1,3,2,2,0,2,2,1,2,3,2,3,2,3,1,-0.00009761,-0.000318717,-0.000360115,-0.00064468,-0.00062858,sell
2014-09-12,0,1,3,1,1,2,1,1,3,1,4,2,2,2,1,2,1, 0.00463723, 0.004297993, 0.004637230, 0.00524977, 0.00499283,buy
2014-09-13,0,1,1,2,0,2,3,1,1,1,2,1,0,2,3,3,1, 0.00073356, 0.001883114, 0.001484563, 0.00160126, 0.00237141,buy
2014-09-14,0,1,1,2,1,2,2,2,0,1,1,2,1,3,1,3,1, 0.00132459, 0.001262464, 0.001324586, 0.00096456, 0.00160472,buy
2014-09-15,0,1,1,2,3,0,2,1,2,1,2,1,2,2,2,3,1, 0.00227631, 0.002057713, 0.002096000, 0.00194824, 0.00265824,buy
2014-09-16,0,0,2,3,2,0,2,1,0,0,2,1,2,1,2,2,0,-0.00312090,-0.003228594,-0.003051174,-0.00418724,-0.00275434,sell
2014-09-17,0,1,1,4,1,1,3,0,1,2,2,1,3,2,2,3,1,-0.00462650,-0.003180627,-0.004513621,-0.00318080,-0.00488960,sell
2014-09-18,0,2,1,3,1,0,2,1,2,2,2,1,3,1,3,3,1,-0.00070059, 0.002352849, 0.001245026, 0.00418168, 0.00302973,buy
2014-09-19,0,3,1,1,3,0,0,2,1,1,1,1,3,2,2,2,1, 0.00050239,-0.001389578,-0.001100373,-0.00139034,-0.00168574,sell
2014-09-20,1,2,1,0,1,0,1,1,1,2,2,1,1,2,2,1,1, 0.00428682, 0.004075952, 0.003332282, 0.00376165, 0.00422000,buy
2014-09-21,0,2,0,2,0,0,0,1,1,2,1,2,1,2,1,1,0, 0.00120824, 0.000149434, 0.000235687, 0.00101111, 0.00101111,buy
2014-09-22,0,1,1,0,1,1,1,1,1,2,2,1,2,2,1,1,0, 0.00002465, 0.000560080,-0.000459999,-0.00044639,-0.00039232,sell
2014-09-23,1,2,0,0,1,0,1,1,2,1,2,0,1,2,2,1,1, 0.00508590, 0.004910045, 0.004379286, 0.00481360, 0.00489152,buy
2014-09-24,0,1,0,0,2,0,1,4,1,2,2,1,3,3,2,0,0, 0.00143314, 0.001666135, 0.001391892, 0.00142349, 0.00074042,buy
2014-09-25,0,1,0,1,1,1,4,3,1,1,2,1,2,3,2,1,2,-0.00033781, 0.000693074,-0.000857293, 0.00073812,-0.00114121,sell
2014-09-26,0,1,1,0,1,0,3,2,0,0,0,1,2,2,1,0,2, 0.00169170, 0.002287461, 0.002287461, 0.00228746, 0.00222280,buy
2014-09-27,0,1,1,0,2,0,3,3,1,1,2,1,2,3,1,1,2, 0.00267000, 0.002178318, 0.002111265, 0.00244230, 0.00322648,buy
2014-09-28,1,3,0,1,1,0,2,3,1,0,2,0,2,3,2,1,2, 0.00035046,-0.001015838,-0.001309014,-0.00091353, 0.00075038,sell
2014-09-29,1,1,2,1,1,0,3,2,1,1,2,1,2,3,1,2,2, 0.00238168, 0.001533426, 0.002074034, 0.00394612, 0.00393698,buy
2014-09-30,0,0,3,0,1,0,3,2,0,1,2,0,1,2,2,2,1, 0.00010149, 0.000011523, 0.000067346,-0.00015824, 0.00029762,buy
2014-10-01,1,1,3,1,1,0,3,3,2,2,3,2,3,3,2,2,2,-0.00032719, 0.000058758, 0.003575569, 0.00125573, 0.00125573,buy
2014-10-02,1,1,3,0,2,0,3,3,2,2,3,2,3,3,2,2,2,-0.00087715,-0.001207124, 0.002205520,-0.00029602,-0.00060124,sell
2014-10-03,0,0,4,0,1,0,3,3,1,1,1,3,3,2,1,1,2,-0.00006899, 0.001085522, 0.001725488, 0.00136290, 0.00029919,buy
2014-10-04,0,0,3,1,1,2,1,2,3,2,2,3,2,2,2,3,1, 0.00613217, 0.005258363, 0.006180433, 0.00596766, 0.00534123,buy
2014-10-05,1,1,3,0,2,1,0,4,1,2,1,2,3,3,2,3,1, 0.00135706,-0.000008914, 0.000157719,-0.00050099, 0.00140911,buy
2014-10-06,0,0,3,0,2,1,1,2,3,3,3,3,0,3,2,3,1,-0.00153820, 0.001315279, 0.001022235, 0.00115726, 0.00163543,buy
2014-10-07,0,1,2,2,0,1,1,1,2,1,3,3,1,1,1,2,0,-0.00311818, 0.002151423,-0.001923665,-0.00165642,-0.00056083,sell
2014-10-08,1,1,3,0,1,3,0,2,2,2,3,3,1,3,1,3,1, 0.00365711, 0.004465384, 0.003776018, 0.00383025, 0.00178258,buy
2014-10-09,0,2,1,1,1,2,1,1,3,1,3,3,1,2,2,2,0,-0.00210187, 0.000212009,-0.002473881,-0.00241841,-0.00076468,sell
2014-10-10,0,0,2,1,2,2,2,0,2,2,3,2,1,2,2,2,1, 0.00321677, 0.001152938, 0.003113274, 0.00102309, 0.00344373,buy
2014-10-11,0,0,1,3,0,2,2,1,3,1,3,1,2,1,3,2,1,-0.00052953,-0.000539833,-0.000299478,-0.00073625,-0.00058251,sell
2014-10-12,0,1,2,1,1,1,2,0,5,1,4,1,3,1,2,2,1, 0.00101699, 0.000792109, 0.000814137, 0.00101287, 0.00114096,buy
2014-10-13,0,1,1,2,1,1,2,0,5,0,3,3,3,0,3,0,1, 0.00253790, 0.000813080, 0.000818478, 0.00102891, 0.00155167,buy
2014-10-14,0,1,1,3,0,1,3,1,3,0,2,2,3,1,4,0,1,-0.00125163, 0.000354310,-0.000486541,-0.00017431,-0.00094225,sell
2014-10-15,0,0,1,3,1,1,5,0,4,2,2,4,3,1,5,1,1, 0.00247250, 0.002415042, 0.002402761, 0.00291291, 0.00260660,buy
2014-10-16,1,1,0,3,1,0,4,0,4,0,1,4,3,0,4,1,1, 0.00041225,-0.000504482,-0.000651511, 0.00050050,-0.00086794,sell
2014-10-17,2,1,1,3,2,0,4,0,4,0,2,4,3,1,5,1,1, 0.00028633,-0.000661891,-0.000317894, 0.00058094,-0.00077594,sell
2014-10-18,2,0,1,3,0,0,3,0,5,1,2,4,1,1,4,1,2, 0.00083173,-0.000056037,-0.000056037, 0.00074468,-0.00052993,buy
2014-10-19,0,1,1,2,1,1,2,1,3,0,1,3,2,1,2,2,1,-0.00117402,-0.001671449,-0.001174018,-0.00139044,-0.00209882,sell
2014-10-20,0,1,1,1,1,0,1,0,4,0,2,3,1,1,1,1,0, 0.00111830, 0.002503942, 0.001510283, 0.00242430, 0.00240848,buy
2014-10-21,0,1,0,1,1,0,1,2,4,1,2,3,2,1,2,0,1,-0.00107956,-0.002702810,-0.001129403,-0.00305105,-0.00344170,sell
2014-10-22,0,1,0,2,1,1,0,1,4,1,2,2,3,1,1,2,0,-0.00237146,-0.002347000,-0.002068769,-0.00114882,-0.00234700,sell
2014-10-23,1,1,0,1,0,1,1,0,4,0,2,2,1,0,1,2,1, 0.00097954, 0.001346588, 0.001354582, 0.00106077, 0.00097954,buy
2014-10-24,1,1,2,0,1,1,0,1,2,0,0,2,2,1,0,3,1,-0.00102353,-0.001354137,-0.001290438,-0.00037220,-0.00225203,sell
2014-10-25,1,2,2,1,1,1,0,2,0,1,1,1,3,1,1,4,0,-0.00037501,-0.001209211, 0.000027197, 0.00013498, 0.00082200,sell
2014-10-26,0,2,2,2,0,0,3,1,0,1,1,1,4,2,0,2,1, 0.00121443, 0.001191535,-0.001700258,-0.00088483, 0.00127873,buy
2014-10-27,0,1,4,2,0,0,2,1,1,0,3,0,3,1,1,2,1, 0.00065561,-0.000367882,-0.000922627,-0.00000888, 0.00036380,buy
2014-10-28,1,2,2,3,0,0,1,1,4,0,3,1,5,0,2,2,1,-0.00160454, 0.001384788,-0.001427009,-0.00102507,-0.00156558,sell
2014-10-29,1,1,2,2,1,0,0,2,4,1,3,0,5,2,1,2,1,-0.00286329,-0.000354332, 0.000389150,-0.00253806,-0.00307979,sell
2014-10-30,0,1,1,2,1,0,2,0,4,0,3,1,4,1,1,1,0,-0.00150911,-0.001202970,-0.003528412,-0.00025060,-0.00085075,sell
2014-10-31,0,0,0,2,1,1,2,1,5,1,3,1,3,3,0,2,1, 0.00026921, 0.000203808, 0.000513439, 0.00013440, 0.00011677,buy
2014-11-01,1,1,0,2,1,1,1,3,5,1,3,2,3,3,2,2,1,-0.00363668,-0.003697045,-0.003251139,-0.00363668,-0.00230728,sell
2014-11-02,1,1,1,2,2,0,2,1,6,0,2,1,3,3,3,3,1,-0.00202026,-0.000820975,-0.000968773,-0.00255217,-0.00162457,sell
2014-11-03,0,0,1,2,3,0,1,1,4,0,3,0,1,2,3,2,1, 0.00251614, 0.002374202, 0.002245008, 0.00237420, 0.00108164,buy
2014-11-04,1,0,0,3,3,0,2,1,2,2,2,1,2,2,3,3,1, 0.00450776, 0.004046331, 0.003901966, 0.00224628, 0.00431170,buy
2014-11-05,1,2,1,1,3,0,1,2,1,0,2,1,1,3,3,2,0, 0.00268177, 0.003007534, 0.002985808, 0.00258569, 0.00278730,buy
2014-11-06,1,1,2,1,1,0,2,1,1,0,2,1,1,2,2,2,0,-0.00140603,-0.001196770,-0.001196770,-0.00131035,-0.00040115,sell
2014-11-07,1,1,0,2,1,2,1,2,0,2,2,1,1,2,2,3,1, 0.00050329, 0.000568507, 0.000522880, 0.00081740, 0.00052288,buy
2014-11-08,1,1,0,0,2,0,0,2,1,3,1,1,2,2,1,3,0, 0.00075372, 0.001067995, 0.000658703, 0.00125717, 0.00112236,buy
2014-11-09,1,2,1,0,3,0,0,1,2,2,2,0,3,2,2,2,1, 0.00057283, 0.000012619,-0.002933258,-0.00278344, 0.00065695,sell
2014-11-10,2,1,2,1,1,0,0,2,0,3,3,0,3,1,3,1,1,-0.00512098,-0.005215055,-0.005579957,-0.00557996,-0.00521506,sell
2014-11-11,2,2,1,3,0,2,1,4,0,4,4,2,4,3,3,2,1, 0.00254112, 0.001538920, 0.002129735, 0.00230234, 0.00255053,buy
2014-11-12,2,2,3,2,0,0,1,2,0,2,2,1,3,2,2,3,1, 0.00294987,-0.000405812, 0.000267945,-0.00060481,-0.00060481,buy
2014-11-13,3,3,2,1,3,0,0,2,0,2,1,2,3,3,3,3,1, 0.00019778, 0.000718275, 0.000164299, 0.00032352, 0.00100605,buy
2014-11-14,3,2,1,2,1,0,0,2,1,4,2,2,1,3,3,3,2, 0.00108493, 0.001175430, 0.001957933, 0.00131422, 0.00131422,buy
2014-11-15,1,1,0,4,1,1,0,3,1,4,1,2,2,4,2,4,1, 0.00091200, 0.001892937, 0.000016248, 0.00001625, 0.00001625,buy
2014-11-16,1,1,2,2,2,0,0,2,1,1,1,2,1,3,1,4,0, 0.00307955, 0.002884027, 0.003026087, 0.00243501,-0.00103268,buy
2014-11-17,1,2,0,1,1,0,1,3,4,1,2,2,2,3,2,2,1,-0.00285964,-0.001529679,-0.001177097,-0.00257433,-0.00015169,sell
2014-11-18,1,2,0,1,2,1,0,5,2,2,2,3,3,2,2,3,1,-0.00129831,-0.000338850,-0.001452611,-0.00145261,-0.00129831,sell
2014-11-19,1,1,0,2,0,1,1,4,2,2,2,3,3,1,2,2,1, 0.00063977, 0.000891563, 0.000835524, 0.00104693, 0.00067543,buy
2014-11-20,1,2,1,1,1,0,2,3,1,1,2,2,4,1,2,1,1, 0.00023474, 0.000280465,-0.000715224, 0.00020211,-0.00068246,buy
2014-11-21,0,3,0,1,2,0,0,3,3,3,4,3,4,2,0,2,0,-0.00222246,-0.002653802,-0.003019245,-0.00218571,-0.00313587,sell
2014-11-22,2,4,0,2,1,0,0,4,1,4,5,3,5,1,1,2,1, 0.00147144, 0.001511041,-0.000299194, 0.00176057,-0.00081241,buy
2014-11-23,2,2,1,0,1,0,3,2,1,3,3,3,4,2,1,1,1,-0.00029238, 0.000935283, 0.002602120, 0.00049859, 0.00160315,buy
2014-11-24,1,3,2,1,1,0,3,2,2,2,4,2,4,2,2,3,0,-0.00204497,-0.001780860,-0.001806896,-0.00158426,-0.00174752,sell
2014-11-25,2,1,1,2,1,0,2,3,1,2,3,0,3,3,2,3,1, 0.00271523, 0.002315995, 0.002315995, 0.00195260, 0.00271523,buy
2014-11-26,2,1,1,1,2,0,1,3,2,1,3,1,2,2,3,2,1,-0.00139919,-0.001114263,-0.001968438,-0.00193400,-0.00160722,sell
2014-11-27,1,1,1,1,1,0,3,2,3,1,2,1,2,3,2,3,1,-0.00005946, 0.002129555, 0.002707703,-0.00038350,-0.00026259,sell
2014-11-28,0,1,1,0,0,1,1,3,1,2,2,2,1,1,2,2,0, 0.00355476, 0.002969359, 0.003842155, 0.00475520, 0.00345579,buy
2014-11-29,1,3,0,0,0,0,1,2,2,3,2,2,3,1,2,1,1, 0.00056134, 0.001345727, 0.000732754, 0.00126325, 0.00073275,buy
2014-11-30,0,1,1,0,1,0,1,1,2,2,2,2,1,1,2,0,1, 0.00213767, 0.001957979, 0.002340050, 0.00190101, 0.00208451,buy
2014-12-01,1,2,3,2,0,0,2,1,1,2,3,1,2,2,3,2,1, 0.00329961, 0.001574651, 0.003031497, 0.00240325, 0.00270337,buy
2014-12-02,1,2,4,1,1,0,1,2,1,3,3,2,2,3,3,2,1,-0.00155436,-0.003118231,-0.003567745,-0.00335762,-0.00398144,sell
2014-12-03,0,2,2,1,1,0,2,1,2,1,2,2,1,3,2,1,1, 0.00104416, 0.000446493, 0.000874721, 0.00111536, 0.00194228,buy
2014-12-04,0,2,4,0,1,0,3,1,1,1,3,2,0,3,1,3,1,-0.00198137,-0.002011001,-0.001715388,-0.00013251,-0.00156495,sell
2014-12-05,0,0,4,1,1,1,2,3,0,2,2,3,1,3,1,3,1, 0.00420263, 0.003432898, 0.003296816, 0.00310973, 0.00193383,buy
2014-12-06,0,1,3,1,1,0,4,2,1,0,1,3,2,3,1,3,0, 0.00238159, 0.002329641, 0.002550794, 0.00217614, 0.00251042,buy
2014-12-07,0,0,1,0,2,1,3,2,1,0,1,3,1,1,2,1,1, 0.00141115, 0.001334267, 0.001205768, 0.00235558, 0.00117945,buy
2014-12-08,0,1,1,1,1,1,2,3,0,1,1,3,2,1,2,2,0, 0.00103036, 0.000259991, 0.001288456, 0.00160482, 0.00059491,buy
2014-12-09,0,2,1,1,1,0,3,2,0,0,1,2,2,0,2,2,1,-0.00079532,-0.000764853, 0.001218248, 0.00024577, 0.00018367,buy
2014-12-10,0,1,3,0,2,1,2,2,0,0,2,3,2,0,2,1,1,-0.00105813, 0.000142039, 0.000721376, 0.00014204, 0.00019095,buy
2014-12-11,1,2,3,1,1,0,2,2,0,0,3,2,1,1,2,2,1, 0.00128589, 0.003678287, 0.001981632, 0.00358446, 0.00252697,buy
2014-12-12,1,0,3,2,0,1,2,2,1,1,3,3,3,1,1,1,1, 0.00171008, 0.001402790, 0.001726127, 0.00168512,-0.00093633,buy
2014-12-13,0,0,4,0,2,1,2,1,1,0,2,3,3,1,0,1,1,-0.00101415,-0.000545883,-0.001208229,-0.00128845,-0.00124228,sell
2014-12-14,0,1,1,2,0,0,4,1,2,0,3,3,2,0,2,0,1, 0.00087787, 0.000354856, 0.000099796, 0.00054845, 0.00256760,buy
2014-12-15,0,2,2,1,1,0,2,2,2,1,3,3,2,1,2,1,1, 0.00242051, 0.000363411, 0.002001253, 0.00204082, 0.00139657,buy
2014-12-16,0,1,2,2,0,1,3,2,3,1,3,3,2,2,2,3,0, 0.00201012, 0.003085463, 0.003186987, 0.00424005, 0.00424005,buy
2014-12-17,1,2,1,1,0,0,4,1,2,0,2,3,1,2,2,2,0, 0.00045275, 0.000404899, 0.000533373, 0.00065030, 0.00137914,buy
2014-12-18,1,2,1,1,1,0,4,1,4,2,1,3,2,3,2,5,1,-0.00003072, 0.000605661, 0.000560667, 0.00055503, 0.00056067,buy
2014-12-19,2,2,0,2,0,0,3,4,2,2,2,2,2,3,3,4,1,-0.00034466,-0.000569156, 0.000105945,-0.00056916,-0.00013223,sell
2014-12-20,2,2,1,1,0,0,5,2,3,2,2,3,2,3,3,4,1,-0.00152511,-0.001266939,-0.001935911,-0.00117525,-0.00147382,sell
2014-12-21,1,2,1,1,0,0,4,3,2,1,2,3,1,2,3,4,0,-0.00121546,-0.001100472,-0.001192903,-0.00128143,-0.00045020,sell
2014-12-22,3,2,0,2,0,0,5,4,2,3,2,4,1,4,4,6,0, 0.00079828, 0.000760619, 0.000856155, 0.00062901, 0.00110634,buy
2014-12-23,3,1,0,1,1,0,4,4,2,2,2,2,3,3,3,4,1, 0.00054634, 0.000536247, 0.000861911, 0.00044619, 0.00069197,buy
2014-12-24,1,0,0,0,0,0,5,3,3,1,0,2,3,3,3,2,0, 0.00104461, 0.001303890, 0.001044608, 0.00104461, 0.00107189,buy
2014-12-25,2,0,0,1,1,1,3,4,2,1,3,2,2,3,1,3,1, 0.00092478, 0.001127227, 0.001111670, 0.00089887, 0.00111167,buy
2014-12-26,2,0,0,1,1,0,2,5,2,2,2,1,3,3,2,3,1, 0.00290636, 0.000075072, 0.002569990, 0.00019287, 0.00167861,buy
2014-12-27,0,1,0,1,2,0,3,3,3,0,3,2,3,1,2,1,1, 0.00130205,-0.000515777,-0.000047331, 0.00016421, 0.00028435,buy
2014-12-28,0,0,1,2,2,1,2,4,1,0,5,2,4,0,2,0,0, 0.00012312, 0.000547705,-0.000170218,-0.00117064,-0.00070818,buy
2014-12-29,1,0,1,2,2,1,1,2,2,2,5,2,3,1,1,1,1, 0.00034026, 0.000125268, 0.000027236,-0.00021538, 0.00054914,buy
2014-12-30,1,2,1,1,2,1,1,1,1,1,4,1,2,1,1,0,3,-0.00081938,-0.000199777, 0.000430302,-0.00152291, 0.00006871,sell
2014-12-31,2,2,1,0,1,1,2,1,1,3,4,2,2,2,0,2,2,-0.00057105, 0.000957857,-0.001192655,-0.00106999,-0.00103911,sell
2015-01-01,2,1,1,1,1,2,0,1,1,3,3,2,0,2,2,2,2, 0.00188353, 0.001475271, 0.000733578, 0.00151946, 0.00134883,buy
2015-01-02,2,1,0,1,1,1,0,1,2,2,1,1,1,2,2,2,2, 0.00039521, 0.002986937,-0.000091815, 0.00182716, 0.00239855,buy
2015-01-03,2,1,1,0,1,1,0,1,3,1,2,1,1,1,3,1,2, 0.00051124, 0.002543054,-0.000647039, 0.00042623, 0.00112371,buy
2015-01-04,2,0,1,1,2,2,1,3,2,2,2,1,2,2,4,3,2,-0.00119710,-0.001197098,-0.000957032,-0.00115207,-0.00119710,sell
2015-01-05,2,1,0,2,1,1,2,2,2,2,1,1,2,2,4,4,1, 0.00474702, 0.004439609, 0.004869663, 0.00419190, 0.00443961,buy
2015-01-06,2,1,1,0,2,1,2,3,2,0,0,1,3,2,4,2,2, 0.00092057, 0.000665442, 0.000898915, 0.00089892, 0.00247347,buy
2015-01-07,1,1,1,0,2,0,2,3,1,0,0,0,3,2,3,2,1, 0.00147633, 0.001892484, 0.000456509, 0.00062540,-0.00199248,buy
2015-01-08,2,1,0,2,1,1,2,4,0,1,2,1,3,2,3,2,1, 0.00081985,-0.000079715,-0.000079715, 0.00044040, 0.00156479,buy
2015-01-09,1,0,1,0,3,1,2,4,0,1,1,0,4,2,2,2,2,-0.00005130, 0.000138580,-0.000051302, 0.00076617,-0.00227982,sell
2015-01-10,1,0,1,1,2,0,2,3,0,1,2,0,2,2,1,2,2,-0.00111765,-0.001218879,-0.000463100,-0.00043468,-0.00027189,sell
2015-01-11,1,1,0,1,3,0,1,4,3,1,2,1,2,3,2,3,2, 0.00022131, 0.002531228, 0.003521357, 0.00036559, 0.00050404,buy
2015-01-12,1,0,1,2,2,1,2,5,2,2,2,1,3,4,2,4,2, 0.00066692, 0.000682010,-0.000478212, 0.00062554, 0.00066692,buy
2015-01-13,1,1,1,1,1,0,2,3,3,1,2,1,2,3,2,2,2, 0.00125689, 0.004133126, 0.004307117, 0.00135020, 0.00175555,buy
2015-01-14,2,1,2,0,1,0,3,0,3,1,0,1,2,3,2,3,2, 0.00112656, 0.000940941, 0.000940941, 0.00053148,-0.00040914,buy
2015-01-15,2,2,0,1,1,0,2,0,3,3,1,1,2,3,1,4,2,-0.00113731, 0.001395774,-0.001262948,-0.00094707,-0.00176589,sell
2015-01-16,3,1,0,1,0,1,2,1,1,3,2,1,2,3,2,2,1,-0.00001734, 0.000366771, 0.000516208,-0.00002101, 0.00063243,buy
2015-01-17,2,0,2,0,0,1,2,0,1,1,2,0,1,2,1,1,2,-0.00055495,-0.000245423, 0.000138284,-0.00014134, 0.00019649,buy
2015-01-18,1,1,0,1,0,1,1,1,2,1,2,1,2,0,2,1,1, 0.00035735,-0.000656249,-0.000853607,-0.00070123, 0.00006722,sell
2015-01-19,2,0,0,0,1,2,1,3,2,1,3,1,3,1,2,1,1,-0.00070059,-0.000762460,-0.000848814,-0.00051865,-0.00052130,sell
2015-01-20,1,0,0,0,1,2,3,2,2,0,3,2,3,0,2,0,1, 0.00232748, 0.001989433, 0.002289489, 0.00187697, 0.00168607,buy
2015-01-21,2,0,0,0,0,3,3,0,2,0,3,1,2,1,1,1,1, 0.00534207, 0.005001219, 0.005301935, 0.00550117, 0.00523668,buy
2015-01-22,4,0,0,0,0,1,2,2,1,1,1,1,3,2,2,1,1,-0.00029283, 0.000121537,-0.000960442, 0.00067803, 0.00069336,buy
2015-01-23,2,1,0,0,1,0,3,1,3,0,1,1,2,2,2,3,0, 0.00016344,-0.000903864, 0.000797504,-0.00083905,-0.00119583,sell
2015-01-24,0,0,1,1,0,0,5,2,2,0,1,0,2,2,2,3,1, 0.00420005, 0.003700434, 0.003138756, 0.00314138, 0.00136490,buy
2015-01-25,1,0,1,2,0,0,5,4,3,1,2,1,3,4,2,4,1, 0.00419592, 0.002721657, 0.003995653, 0.00321634, 0.00272166,buy
2015-01-26,0,1,1,0,1,0,4,4,3,0,1,2,2,4,1,3,1, 0.00248581, 0.003098824, 0.000356247, 0.00231367, 0.00246979,buy
2015-01-27,0,1,1,0,1,0,5,2,4,2,2,2,2,4,2,4,0,-0.00023107, 0.001288011, 0.000614396, 0.00036736, 0.00114050,buy
2015-01-28,0,1,0,1,0,0,4,2,2,3,1,1,1,4,2,3,1, 0.00373569, 0.000808941, 0.001085139, 0.00180413, 0.00080894,buy
2015-01-29,0,1,0,1,1,1,3,0,3,4,0,2,1,4,3,3,1, 0.00391633, 0.002447738, 0.003333316, 0.00346565, 0.00341508,buy
2015-01-30,1,4,0,0,1,0,3,0,4,2,1,3,2,3,2,3,1, 0.00238577, 0.001677473, 0.001923793, 0.00187230, 0.00234719,buy
2015-01-31,1,2,2,0,2,0,4,1,2,1,2,2,3,2,3,2,1, 0.00174286,-0.000527280, 0.000307649,-0.00038617,-0.00025966,buy
2015-02-01,1,1,1,3,1,1,5,0,2,2,2,2,3,3,3,2,2,-0.00084614,-0.000313106,-0.001171159, 0.00114467,-0.00211656,sell
2015-02-02,1,2,1,3,1,0,4,0,3,0,1,2,3,2,3,2,2, 0.00081674, 0.000740294, 0.000142041, 0.00101480,-0.00037934,buy
2015-02-03,1,1,2,1,4,1,4,1,2,0,2,3,3,2,3,2,2,-0.00199862,-0.001965400,-0.001832768,-0.00300846, 0.00215334,sell
2015-02-04,1,2,1,1,3,1,4,1,2,0,3,3,1,2,3,4,0,-0.00401518,-0.004019549, 0.000356991,-0.00454896,-0.00315302,sell
2015-02-05,0,1,0,2,1,2,3,1,2,1,2,2,1,3,3,2,0, 0.00195588, 0.000718877, 0.000107380, 0.00091244, 0.00196812,buy
2015-02-06,0,0,1,0,2,3,3,1,2,0,3,3,0,2,1,2,1,-0.00218947,-0.001610127,-0.002405796,-0.00034736, 0.00244810,sell
2015-02-07,0,2,0,0,1,2,2,2,3,0,3,2,0,2,3,1,1, 0.00023137,-0.000285805, 0.000151179,-0.00363290, 0.00048912,sell
2015-02-08,0,2,0,0,3,2,2,2,3,1,3,1,1,3,3,2,2, 0.00140864, 0.001457108, 0.001139547, 0.00121224,-0.00043014,buy
2015-02-09,0,1,0,1,3,1,2,2,2,1,2,2,1,2,2,2,2, 0.00370027, 0.003571317, 0.003850179, 0.00370027, 0.00287552,buy
2015-02-10,0,1,1,2,1,0,2,1,0,0,1,2,1,0,2,0,2,-0.00032499, 0.001531983, 0.001300138, 0.00164265, 0.00234088,buy
2015-02-11,0,1,2,1,2,0,1,1,1,1,2,2,1,1,1,1,2,-0.00062999, 0.003706849, 0.003471644, 0.00392063, 0.00405600,buy
2015-02-12,1,3,2,1,0,0,1,1,1,0,1,2,1,1,3,1,1,-0.00146673,-0.001247822,-0.000641040,-0.00140962,-0.00124782,sell
2015-02-13,1,2,2,0,0,0,2,0,1,1,1,2,1,1,2,1,1,-0.00227798,-0.002277982,-0.001244794,-0.00205613,-0.00224336,sell
2015-02-14,1,1,1,1,0,0,1,2,1,2,2,3,0,1,1,2,1,-0.00262942,-0.003128350,-0.003324991,-0.00226300,-0.00224321,sell
2015-02-15,2,1,0,1,1,0,2,2,2,1,2,2,1,2,2,3,0, 0.00074232, 0.000735402, 0.000947745, 0.00081254, 0.00036557,buy
2015-02-16,2,0,0,1,1,0,1,4,3,1,2,3,1,2,2,2,1,-0.00157788,-0.001451119,-0.000910392,-0.00198698,-0.00018266,sell
2015-02-17,1,0,0,1,0,1,4,4,3,0,2,3,2,2,2,2,1, 0.00060595,-0.000519149,-0.000544327,-0.00061633, 0.00048088,sell
2015-02-18,1,0,0,1,0,1,5,5,2,0,2,4,1,3,1,3,1, 0.00124710,-0.000884047,-0.000500629,-0.00059844, 0.00073274,sell
2015-02-19,2,0,0,2,1,0,4,4,2,1,3,3,2,3,2,3,0, 0.00245217, 0.002255929, 0.002452167, 0.00244286, 0.00244286,buy
2015-02-20,3,1,1,3,1,0,3,2,2,1,4,3,1,2,4,2,1, 0.00237915, 0.002347282,-0.000237902, 0.00065719, 0.00109788,buy
2015-02-21,4,0,3,3,0,0,3,0,1,2,4,3,2,1,4,1,1, 0.00078908, 0.000756681, 0.000599251,-0.00016744, 0.00111162,buy
2015-02-22,3,1,3,3,0,0,2,1,1,2,3,2,3,2,5,1,0,-0.00075928,-0.000698995,-0.000693329,-0.00089183,-0.00072978,sell
2015-02-23,2,2,3,1,1,0,6,0,1,1,2,3,4,2,4,1,1, 0.00176752, 0.002333509, 0.000987973, 0.00204016, 0.00191546,buy
2015-02-24,2,0,3,0,0,0,5,2,0,2,1,3,4,1,3,1,1, 0.00247803, 0.002498920, 0.001911192, 0.00234355, 0.00189537,buy
2015-02-25,2,0,2,1,0,1,2,1,2,2,0,2,4,1,4,1,1,-0.00412502,-0.002630134,-0.002714350,-0.00388795,-0.00277374,sell
2015-02-26,2,1,2,0,1,1,2,0,3,0,2,1,4,1,2,2,0,-0.00002006,-0.000544534,-0.001498393,-0.00042199,-0.00169100,sell
2015-02-27,1,0,1,0,1,1,3,1,2,1,2,1,3,1,2,1,1, 0.00157893, 0.001429137,-0.001181728, 0.00160041, 0.00012732,buy
2015-02-28,1,0,2,0,1,2,4,0,2,3,2,1,4,2,2,2,2, 0.00174789,-0.000631849, 0.001660217, 0.00205909, 0.00174789,buy
2015-03-01,1,3,1,2,0,1,3,0,3,0,2,1,2,2,1,4,2,-0.00002950, 0.000757674, 0.000466536, 0.00241616,-0.00012306,sell
2015-03-02,1,0,5,0,2,1,3,0,3,1,3,1,2,3,1,4,2, 0.00190802, 0.002416019, 0.001522295, 0.00144498, 0.00053174,buy
2015-03-03,2,1,3,1,2,1,3,0,3,1,4,1,1,4,1,4,2, 0.00035197, 0.000360801, 0.000124794, 0.00089165, 0.00010309,buy
2015-03-04,1,0,1,4,1,1,2,0,1,2,2,1,2,3,1,3,1,-0.00279435,-0.001575567,-0.002495812,-0.00288940,-0.00227468,sell
2015-03-05,1,1,2,0,4,1,2,0,1,2,3,1,1,3,2,3,1,-0.00310853, 0.000679477,-0.004453241,-0.00437507,-0.00454371,sell
2015-03-06,2,1,2,1,2,0,1,1,1,2,4,0,0,3,2,3,1, 0.00143635, 0.001547986,-0.001354070, 0.00147579, 0.00157922,buy
2015-03-07,1,2,1,1,2,1,1,1,2,1,3,1,1,3,3,2,0, 0.00220037, 0.002043500, 0.002246361, 0.00176202, 0.00236344,buy
2015-03-08,1,1,1,2,0,3,0,2,2,2,2,1,2,3,3,2,1,-0.00129811,-0.001201464,-0.001111752,-0.00050590,-0.00204423,sell
2015-03-09,1,1,1,2,0,0,1,2,0,1,1,1,2,1,3,1,0, 0.00082442, 0.003376354, 0.000349268, 0.00387337, 0.00329645,buy
2015-03-10,1,1,2,1,2,0,1,3,1,2,2,2,2,2,3,3,0, 0.00221656, 0.001623858, 0.001329522, 0.00239132, 0.00133840,buy
2015-03-11,1,2,1,2,1,0,0,5,0,1,2,2,2,3,0,3,1, 0.00239509, 0.003110599, 0.001436196, 0.00198689, 0.00185806,buy
2015-03-12,2,0,3,3,0,0,0,5,0,2,2,3,2,3,1,3,1, 0.00010245, 0.000564659,-0.000740493, 0.00021185, 0.00048021,buy
2015-03-13,1,1,4,1,0,0,1,4,0,2,1,2,1,4,2,3,1,-0.00045840,-0.000352592,-0.000508742,-0.00126657,-0.00013048,sell
2015-03-14,1,4,1,2,0,0,1,3,1,2,2,2,1,3,3,3,1, 0.00083318, 0.001108308, 0.000833185, 0.00083318, 0.00048319,buy
2015-03-15,1,3,0,2,1,0,0,3,1,3,3,2,2,2,3,1,1, 0.00098448, 0.000902798,-0.001579838,-0.00237404,-0.00161803,sell
2015-03-16,1,2,0,2,0,0,1,3,1,2,2,1,4,1,3,0,1, 0.00320882, 0.003208817, 0.001881072, 0.00311657, 0.00248993,buy
2015-03-17,1,2,0,2,0,1,2,2,2,1,3,2,3,2,2,1,0, 0.00125378,-0.000264686, 0.000471992, 0.00003144, 0.00187113,buy
2015-03-18,2,1,0,2,0,0,0,4,1,1,2,1,3,1,2,1,1, 0.00250739, 0.002507386, 0.001216407, 0.00203327, 0.00211400,buy
2015-03-19,2,2,0,2,3,0,2,2,1,0,4,1,3,1,3,1,1,-0.00098075,-0.000424017,-0.000513476,-0.00108263, 0.00032393,sell
2015-03-20,0,0,1,3,2,0,2,1,1,0,3,0,2,1,3,0,1, 0.00255724, 0.002165584,-0.000210810, 0.00241288, 0.00234121,buy
2015-03-21,2,0,1,2,2,0,2,2,2,1,3,1,4,2,2,2,0,-0.00192017,-0.002265544,-0.001568716,-0.00259770, 0.00016566,sell
2015-03-22,2,3,1,0,3,0,1,2,3,0,2,1,4,2,4,1,1, 0.00148955,-0.000646562,-0.000735754,-0.00073575,-0.00050665,sell
2015-03-23,1,1,2,0,1,0,2,1,3,1,1,0,3,2,3,2,1,-0.00365456,-0.000092923,-0.003527367,-0.00366605,-0.00378434,sell
2015-03-24,0,2,1,1,0,1,2,2,2,0,0,1,2,3,3,2,0,-0.00013837,-0.002420387,-0.002168125,-0.00279489,-0.00252616,sell
2015-03-25,0,2,1,0,1,1,2,2,3,2,2,1,4,2,3,1,1, 0.00010849,-0.000801498,-0.000021312,-0.00071862,-0.00264086,buy
2015-03-26,0,3,1,0,1,0,1,2,1,1,3,1,2,1,2,0,1,-0.00010500,-0.000695060,-0.000475069,-0.00036649,-0.00086827,sell
2015-03-27,0,2,3,1,1,1,3,1,1,2,4,1,2,3,2,1,2,-0.00122353,-0.001185677,-0.001764189,-0.00118568,-0.00108651,sell
2015-03-28,0,2,1,3,0,1,4,1,0,3,4,2,2,3,1,2,1,-0.00039739,-0.000197700,-0.000673430,-0.00052061,-0.00052061,sell
2015-03-29,0,3,2,1,1,0,3,1,0,2,3,2,2,2,1,2,1,-0.00013641, 0.000496768, 0.000001501, 0.00216635, 0.00007895,sell
2015-03-30,1,4,3,1,2,0,3,1,0,1,4,2,2,3,1,2,2, 0.00481962, 0.004394715, 0.004847048, 0.00136178, 0.00394628,buy
2015-03-31,0,4,4,2,0,0,3,1,0,1,2,2,1,3,3,2,2, 0.00104727, 0.003553069, 0.001576516, 0.00347348,-0.00140857,buy
2015-04-01,0,2,4,2,1,1,3,1,0,1,3,2,1,3,2,3,1,-0.00185782,-0.001214853,-0.001403303,-0.00121485,-0.00074824,sell
2015-04-02,1,1,4,1,2,0,2,2,0,1,4,1,1,2,2,2,2, 0.00065575, 0.000655746, 0.000655746, 0.00065575, 0.00444106,buy
2015-04-03,1,1,2,1,3,0,1,2,1,1,2,1,2,2,3,1,2,-0.00055227,-0.000572416,-0.001301010,-0.00228489,-0.00057763,sell
2015-04-04,1,0,1,0,2,1,1,2,1,2,2,0,2,2,2,2,1,-0.00199864,-0.002003636,-0.001904355,-0.00191893,-0.00172754,sell
2015-04-05,1,0,1,1,2,1,1,1,0,1,1,1,2,1,2,1,1,-0.00125024,-0.005369779,-0.001500927,-0.00351415,-0.00126855,sell
2015-04-06,2,0,2,1,1,1,1,0,1,3,2,1,1,3,3,2,0,-0.00237255,-0.000769218,-0.002572065,-0.00257117,-0.00230663,sell
2015-04-07,2,2,1,1,2,1,0,0,2,2,2,0,2,3,2,3,1, 0.00107082, 0.000969904,-0.001113096,-0.00039562, 0.00153074,buy
2015-04-08,3,2,0,3,2,1,0,1,1,2,1,1,3,2,4,3,1, 0.00150577, 0.001535543, 0.002782176, 0.00158418, 0.00155992,buy
2015-04-09,1,0,2,4,1,0,1,0,1,1,1,1,2,2,3,2,0, 0.00352689, 0.003004236, 0.003030787, 0.00317793, 0.00216747,buy
2015-04-10,0,1,1,5,1,0,1,3,1,0,1,2,3,1,3,2,1,-0.00013660, 0.001031757, 0.000084995, 0.00026288, 0.00041998,buy
2015-04-11,1,0,1,3,1,0,1,4,2,1,1,1,4,2,3,2,1, 0.00236216, 0.004445454, 0.000274478, 0.00444545, 0.00163953,buy
2015-04-12,0,2,1,1,0,1,0,5,2,1,1,1,4,2,3,1,1, 0.00333094, 0.001631460, 0.001657380, 0.00179719, 0.00148945,buy
2015-04-13,0,2,0,1,0,2,2,2,3,2,3,1,3,3,2,2,0, 0.00000959,-0.000451162,-0.000518210, 0.00139777, 0.00031826,sell
2015-04-14,0,3,0,0,0,1,0,4,2,1,2,0,2,2,1,3,1, 0.00034174, 0.001171918, 0.001086813, 0.00012165, 0.00029882,buy
2015-04-15,1,4,0,0,2,1,2,4,3,3,3,1,3,4,4,3,2,-0.00163416,-0.001677499,-0.002070167,-0.00196930,-0.00191009,sell
2015-04-16,0,3,1,1,1,1,2,2,1,2,3,1,2,3,3,1,1, 0.00028476, 0.000290352, 0.000890896, 0.00148887, 0.00088868,buy
2015-04-17,1,2,3,0,1,0,3,0,1,3,3,1,2,3,2,1,2,-0.00337061,-0.003567695,-0.004119737,-0.00397960,-0.00357354,sell
2015-04-18,1,4,1,1,0,0,1,2,1,3,3,0,3,4,1,1,2,-0.00073871,-0.000791876,-0.000913168,-0.00132997,-0.00079188,sell
2015-04-19,1,3,2,0,1,0,4,0,2,4,5,1,3,3,1,2,2,-0.00461155,-0.004970455,-0.005248595,-0.00470007,-0.00473600,sell
2015-04-20,2,2,3,1,0,0,3,0,2,3,4,2,2,5,0,2,1, 0.00308824, 0.002024544, 0.002278683, 0.00300687, 0.00319224,buy
2015-04-21,2,1,2,1,2,1,5,1,2,3,4,3,2,4,2,3,2, 0.00263985, 0.002234468, 0.002021136, 0.00238476, 0.00195685,buy
2015-04-22,1,2,2,0,3,0,4,1,3,1,5,3,1,4,1,3,0,-0.00108641,-0.001068278,-0.000298492,-0.00259962,-0.00165644,sell
2015-04-23,1,0,3,0,3,0,3,2,2,0,2,3,1,3,2,3,0,-0.00148974, 0.000534633, 0.000484816,-0.00153360,-0.00053471,sell
2015-04-24,1,0,2,2,2,1,5,0,3,1,2,3,2,3,2,4,1,-0.00391137,-0.004371075,-0.003525432,-0.00407537,-0.00338300,sell
2015-04-25,0,1,1,1,2,0,2,1,2,0,0,1,2,1,2,3,1, 0.00438511, 0.004163804, 0.004328886, 0.00275027, 0.00318650,buy
2015-04-26,1,0,2,0,4,0,2,0,3,0,1,1,2,2,2,3,1,-0.00005897,-0.000115592,-0.000115592,-0.00025052, 0.00134871,sell
2015-04-27,0,1,1,1,0,0,2,0,3,1,0,2,1,1,1,3,1, 0.00037201, 0.000382438, 0.000498755, 0.00018879, 0.00018293,buy
2015-04-28,0,2,0,2,0,1,1,0,2,1,0,2,3,1,1,2,0,-0.00252435,-0.002703134,-0.002773642, 0.00027323,-0.00274808,sell
2015-04-29,0,1,2,1,1,1,2,0,1,1,1,2,3,2,0,1,1,-0.00206617,-0.001797546,-0.002034525,-0.00170222,-0.00171171,sell
2015-04-30,0,3,1,1,0,0,1,1,2,2,2,2,2,2,1,0,2, 0.00199774, 0.001979255, 0.001979255, 0.00233091, 0.00197926,buy
2015-05-01,0,2,0,2,1,2,1,2,3,2,2,2,3,2,3,2,1, 0.00232871,-0.001026919,-0.000262425, 0.00232871, 0.00202398,buy
2015-05-02,0,1,1,2,1,2,1,2,1,2,1,2,3,2,2,2,1, 0.00104962, 0.002072064, 0.002060042, 0.00163316, 0.00222815,buy
2015-05-03,0,0,2,1,0,1,2,2,0,2,3,1,1,1,2,1,1,-0.00350359,-0.003477145,-0.003446251,-0.00342239,-0.00326471,sell
2015-05-04,0,0,1,1,1,2,1,2,1,2,3,2,0,2,1,2,1, 0.00132634, 0.001388327,-0.000439473, 0.00049848, 0.00211385,buy
2015-05-05,1,2,1,1,1,1,2,3,0,1,3,2,1,2,1,3,1,-0.00146934,-0.000095481, 0.000053024,-0.00149599,-0.00231226,sell
2015-05-06,0,0,3,0,0,0,2,1,0,3,3,0,2,2,0,2,0,-0.00081436,-0.002275860, 0.000112490,-0.00246323,-0.00089915,sell
2015-05-07,0,0,2,2,2,1,2,1,0,1,2,1,1,2,2,2,1,-0.00014264,-0.000024977,-0.000139968,-0.00021252,-0.00135064,sell
2015-05-08,1,1,1,2,2,0,2,2,1,1,2,1,2,3,3,2,0, 0.00119752, 0.000818506, 0.002083680,-0.00064913, 0.00092487,buy
2015-05-09,1,0,1,1,1,0,1,2,0,2,0,1,2,2,2,2,0, 0.00058772, 0.001176594, 0.000541221, 0.00162054, 0.00146101,buy
2015-05-10,0,0,1,1,2,2,3,0,1,1,1,1,2,2,3,1,1, 0.00120703, 0.001292346, 0.001399337, 0.00199455, 0.00129235,buy
2015-05-11,0,1,0,2,1,2,2,0,2,1,2,1,1,2,2,2,1, 0.00116784, 0.001566200, 0.001154889, 0.00226507, 0.00158936,buy
2015-05-12,1,0,1,1,2,1,0,3,1,3,2,1,2,2,3,2,1,-0.00082830,-0.000464224,-0.000480052,-0.00075648,-0.00044605,sell
2015-05-13,0,2,0,1,2,1,1,1,2,0,2,0,0,3,2,2,1,-0.00365588, 0.000425124,-0.002701149,-0.00183947,-0.00341380,sell
2015-05-14,0,0,2,2,1,1,1,1,2,1,2,1,2,2,2,1,1,-0.00071982, 0.000797914, 0.000087696,-0.00085232,-0.00065385,sell
2015-05-15,1,0,2,2,1,1,1,3,1,1,2,1,3,3,2,2,0, 0.00139398, 0.000989405, 0.001745659,-0.00127227, 0.00098941,buy
2015-05-16,0,2,1,0,2,1,2,2,3,0,2,1,3,2,2,1,2,-0.00096665,-0.000734054,-0.000751142,-0.00106466,-0.00050760,sell
2015-05-17,0,0,2,0,1,1,2,2,3,1,2,0,2,2,1,2,3,-0.00065157, 0.000449034, 0.000217665,-0.00027439,-0.00063506,sell
2015-05-18,1,0,1,2,1,2,2,3,1,1,2,1,2,4,1,2,2, 0.00051664,-0.002169364,-0.000241172, 0.00035628, 0.00032808,sell
2015-05-19,0,1,0,1,2,2,3,1,3,2,3,0,3,4,1,2,2, 0.00501948, 0.004171892, 0.004001290, 0.00423309, 0.00428806,buy
2015-05-20,0,1,0,2,1,2,3,2,1,2,3,1,3,2,3,1,1, 0.00109391, 0.001506250, 0.001100505, 0.00153380,-0.00120660,buy
2015-05-21,1,0,1,3,0,3,4,1,0,3,2,1,3,3,3,2,2, 0.00009304,-0.000157108, 0.000224600, 0.00150240, 0.00012982,buy
2015-05-22,0,1,1,4,0,2,1,2,0,4,1,1,3,2,4,4,0, 0.00234791, 0.001823138, 0.002208301, 0.00234791, 0.00203407,buy
2015-05-23,0,1,1,2,1,2,1,1,1,3,1,1,3,2,3,3,0,-0.00075906,-0.000955779,-0.000778956,-0.00077896,-0.00066112,sell
2015-05-24,2,1,1,1,1,1,2,1,0,3,2,1,2,1,3,3,1,-0.00358143,-0.004432608,-0.000636924,-0.00341262, 0.00037754,sell
2015-05-25,1,0,0,3,0,0,0,2,0,4,0,1,2,1,2,3,1, 0.00233171, 0.002057201, 0.002155342, 0.00228012, 0.00215534,buy
2015-05-26,1,0,1,0,1,1,1,1,1,4,1,2,3,1,0,3,1, 0.00116348, 0.000956144, 0.002068861, 0.00095614, 0.00206763,buy
2015-05-27,1,2,0,1,1,0,0,2,2,4,1,2,4,1,1,3,1, 0.00061912, 0.001152686, 0.000740491, 0.00039883, 0.00097772,buy
2015-05-28,1,1,1,1,2,0,0,2,1,3,1,2,5,2,1,0,1, 0.00250920,-0.000223129, 0.003050656, 0.00369806, 0.00157716,buy
2015-05-29,1,0,1,3,1,1,0,2,1,4,1,3,4,2,1,1,2, 0.00128912, 0.002678398,-0.000335045, 0.00028728, 0.00028728,buy
2015-05-30,0,1,0,3,1,0,1,2,1,3,1,2,4,1,1,0,3, 0.00060624, 0.001499416, 0.001038104, 0.00103253, 0.00049291,buy
2015-05-31,1,1,1,1,3,0,0,2,2,3,2,3,4,2,0,1,2, 0.00211372, 0.001264292, 0.002454038, 0.00122492, 0.00202231,buy
2015-06-01,2,2,1,2,2,0,0,3,1,2,2,2,4,2,1,3,1,-0.00364910,-0.003609605,-0.003290273,-0.00354149,-0.00120959,sell
2015-06-02,2,0,1,3,2,1,1,2,1,2,2,3,3,3,1,2,1,-0.00169939,-0.001682329,-0.003682054,-0.00202346,-0.00167528,sell
2015-06-03,1,0,3,0,3,1,2,2,2,0,2,3,0,3,2,3,1,-0.00390821,-0.001985622,-0.001985622,-0.00269351,-0.00332649,sell
2015-06-04,1,2,1,1,3,0,1,2,4,0,3,2,1,2,2,4,1,-0.00114990,-0.001306476,-0.000813022, 0.00081865,-0.00309189,sell
2015-06-05,2,1,1,0,4,0,0,4,3,1,3,3,1,3,2,4,0, 0.00166052, 0.002112262, 0.002189399, 0.00231583, 0.00181301,buy
2015-06-06,1,1,1,1,1,1,1,2,4,0,2,3,1,1,2,3,1,-0.00194210,-0.001977474,-0.002034970, 0.00077690,-0.00012055,sell
2015-06-07,1,1,2,0,1,1,2,2,6,0,3,3,1,2,1,5,1, 0.00144816, 0.000298067, 0.000390084, 0.00105553,-0.00087416,buy
2015-06-08,2,3,1,0,2,0,0,4,5,1,2,3,2,2,2,5,2,-0.00174450,-0.002455088,-0.002574572,-0.00261922,-0.00275469,sell
2015-06-09,2,3,0,1,1,0,1,2,6,1,3,3,2,1,1,5,2,-0.00227378,-0.003505110,-0.002172744,-0.00217274,-0.00217274,sell
2015-06-10,1,3,2,1,0,0,0,2,4,0,2,2,2,0,1,4,2,-0.00271504,-0.001860349,-0.002007894,-0.00200789,-0.00178278,sell
2015-06-11,2,3,1,1,0,0,1,2,5,1,2,3,3,1,1,4,2,-0.00273151,-0.003955400,-0.001906809,-0.00189125,-0.00189125,sell
2015-06-12,2,5,0,0,2,0,0,3,4,1,1,3,4,1,1,4,3,-0.00092973,-0.001311489,-0.002090021,-0.00104765,-0.00135107,sell
2015-06-13,1,3,1,0,1,0,1,3,2,2,2,3,4,1,0,3,1,-0.00149744,-0.002035323,-0.003613816,-0.00319411,-0.00339279,sell
2015-06-14,1,2,0,1,1,1,2,3,0,1,1,3,3,1,1,3,0,-0.00304682,-0.001641683,-0.000759250,-0.00075925,-0.00170902,sell
2015-06-15,1,2,0,0,2,0,0,3,1,1,0,2,4,1,0,2,1, 0.00072011,-0.000667544, 0.000720113, 0.00071045, 0.00041587,buy
2015-06-16,2,3,0,0,2,0,0,3,2,0,1,3,4,0,1,2,1,-0.00044977,-0.001301463,-0.000960904,-0.00030588,-0.00028319,sell
2015-06-17,1,0,1,1,3,1,1,3,0,0,1,2,2,1,3,1,1,-0.00165416,-0.001328601,-0.000445096, 0.00096583,-0.00049722,sell
2015-06-18,1,0,0,2,3,1,2,2,0,2,1,3,3,2,2,2,0,-0.00358174,-0.004450935,-0.003208450,-0.00590886,-0.00383321,sell
2015-06-19,1,1,1,1,4,0,1,2,0,1,0,3,3,1,3,2,0, 0.00074410, 0.000445840, 0.000445840, 0.00065491,-0.00005219,buy
2015-06-20,3,2,1,0,5,0,0,2,0,1,1,3,2,2,4,1,1, 0.00463760, 0.005402067, 0.004475720, 0.00541729, 0.00093736,buy
2015-06-21,2,1,1,1,3,0,0,1,1,2,1,3,1,2,4,1,0,-0.00113734,-0.001868099,-0.002767689, 0.00029507, 0.00000117,sell
2015-06-22,0,1,1,1,3,1,1,1,0,1,0,1,2,2,3,1,1, 0.00118118, 0.000612784, 0.001344745, 0.00017884, 0.00134475,buy
2015-06-23,0,1,1,0,4,0,2,2,0,2,2,2,1,2,3,1,1, 0.00327531,-0.000562393, 0.001742184,-0.00056121, 0.00321333,buy
2015-06-24,1,2,1,0,4,0,0,4,1,2,3,2,2,3,3,1,1, 0.00107621, 0.000358032, 0.001410878, 0.00080389, 0.00091213,buy
2015-06-25,1,2,1,0,3,1,0,3,2,2,3,2,2,2,3,2,1, 0.00193633, 0.001936333, 0.002107767, 0.00199264, 0.00193633,buy
2015-06-26,1,1,2,1,2,1,1,2,1,0,3,2,1,1,3,2,0,-0.00179175,-0.000799400, 0.001425893,-0.00138471, 0.00011983,sell
2015-06-27,1,0,3,0,1,0,0,3,1,0,3,2,1,2,0,1,0, 0.00111957, 0.000523647, 0.001902728, 0.00185798, 0.00197643,buy
2015-06-28,2,1,2,1,2,0,0,4,1,2,4,2,2,3,1,2,1,-0.00194269,-0.002261733,-0.000127617,-0.00226173,-0.00138910,sell
2015-06-29,2,3,2,1,2,0,0,3,1,1,4,1,3,2,1,3,1, 0.00147550, 0.001469478, 0.001475498, 0.00137845, 0.00248291,buy
2015-06-30,1,0,5,0,0,0,1,2,3,1,5,0,2,1,0,3,2, 0.00391976, 0.002984547, 0.002178018, 0.00268224, 0.00462594,buy
2015-07-01,1,1,2,2,0,1,1,1,4,0,4,1,2,0,1,3,2, 0.00124649, 0.001106113,-0.001981734,-0.00228493, 0.00105724,sell
2015-07-02,2,2,2,3,2,0,0,3,4,1,5,1,3,1,2,4,3, 0.00433314, 0.003701879, 0.003384349, 0.00388771, 0.00212225,buy
2015-07-03,1,1,2,1,3,1,0,3,4,0,4,2,4,1,2,1,2,-0.00091211,-0.000150850,-0.001047851,-0.00032406,-0.00047376,sell
2015-07-04,1,1,1,2,1,2,2,2,4,0,4,3,3,2,1,2,1,-0.00335893,-0.002696438,-0.002800365,-0.00317041,-0.00422444,sell
2015-07-05,1,1,1,2,0,3,0,4,3,1,4,2,2,2,2,2,2, 0.00149235, 0.002059530, 0.001411647, 0.00167080, 0.00170499,buy
2015-07-06,1,1,2,1,1,1,1,3,2,0,1,2,2,2,3,2,1,-0.00006769, 0.001751159, 0.001751159, 0.00191377, 0.00189603,buy
2015-07-07,0,1,2,1,3,1,1,2,1,1,2,2,1,1,4,1,2, 0.00147008, 0.001861550,-0.000502997,-0.00000509, 0.00093206,buy
2015-07-08,0,0,1,5,1,1,1,2,0,3,2,2,2,3,4,0,1, 0.00234729,-0.000136852, 0.002583751, 0.00068164, 0.00138830,buy
2015-07-09,1,1,3,2,2,0,0,3,0,2,2,1,2,2,4,2,1,-0.00016031,-0.000967914,-0.000240309,-0.00006782,-0.00076695,sell
2015-07-10,0,2,2,2,0,1,0,1,2,2,1,2,2,3,2,1,1, 0.00026052, 0.001596664,-0.000053321, 0.00035343, 0.00005472,buy
2015-07-11,0,0,1,3,0,2,1,3,0,4,2,2,1,3,3,2,1,-0.00005566,-0.000471425, 0.001331451, 0.00156507,-0.00155654,sell
2015-07-12,0,0,1,3,1,2,2,3,0,3,2,2,2,4,3,2,0,-0.00095552,-0.001351674,-0.001423621,-0.00139858, 0.00035041,sell
2015-07-13,1,1,1,3,2,1,2,3,3,2,3,3,3,3,3,2,2, 0.00114732, 0.000589584, 0.000642000, 0.00064200, 0.00083148,buy
2015-07-14,1,0,2,4,1,2,1,4,1,2,3,2,3,3,4,1,2, 0.00383534, 0.002122964, 0.003196574, 0.00166901, 0.00259573,buy
2015-07-15,2,0,1,5,0,3,1,4,0,3,2,3,2,4,4,2,2,-0.00029941, 0.000260534, 0.000937987, 0.00151432, 0.00018128,buy
2015-07-16,1,1,1,5,0,2,3,2,0,1,2,2,2,3,4,1,2, 0.00363508,-0.000358629, 0.004117208,-0.00005740,-0.00026139,buy
2015-07-17,1,2,0,3,2,1,2,2,0,2,1,3,2,3,3,2,1, 0.00174339, 0.001498257, 0.000905942,-0.00132994, 0.00048432,buy
2015-07-18,2,1,2,3,0,1,2,2,0,3,2,3,1,3,4,2,1, 0.00120295, 0.001762799,-0.000116917,-0.00106383,-0.00005824,buy
2015-07-19,1,0,1,5,0,1,2,2,0,4,2,2,3,2,3,3,1,-0.00137965, 0.001471208,-0.001759678,-0.00173091, 0.00041463,sell
2015-07-20,0,0,2,2,1,0,2,1,1,2,2,2,1,2,2,2,0,-0.00026417,-0.000133851, 0.000503247,-0.00013385, 0.00027817,sell
2015-07-21,0,1,2,2,0,0,3,0,1,1,2,0,1,2,3,1,1,-0.00198661,-0.001535870, 0.000376945,-0.00017258,-0.00211625,sell
2015-07-22,0,0,2,1,1,0,2,3,0,2,2,0,1,2,3,1,2,-0.00173474,-0.001189614,-0.000743021,-0.00170030,-0.00057070,sell
2015-07-23,0,2,2,2,0,1,2,1,1,2,1,1,1,1,3,4,2, 0.00069887, 0.000248880, 0.000765481,-0.00181900, 0.00024888,buy
2015-07-24,0,3,1,1,0,0,2,0,1,1,0,1,1,1,1,3,2, 0.00110507, 0.000535558, 0.000984898, 0.00078014, 0.00079402,buy
2015-07-25,0,2,2,2,1,0,0,0,1,1,0,1,2,2,0,4,0, 0.00184301, 0.000479738, 0.001619064, 0.00062815, 0.00096041,buy
2015-07-26,1,3,0,4,1,0,0,1,0,5,1,1,4,2,2,4,1, 0.00253252, 0.001117385, 0.001001745, 0.00179583, 0.00254469,buy
2015-07-27,1,3,1,4,1,0,1,0,0,3,2,1,3,2,1,4,1, 0.00023575,-0.000437955,-0.000949417,-0.00010534, 0.00035065,buy
2015-07-28,1,1,3,2,3,0,1,0,0,2,2,1,2,2,2,3,1,-0.00031659, 0.000942030, 0.000060879, 0.00080345,-0.00007739,buy
2015-07-29,2,2,0,4,2,0,1,1,1,1,3,0,3,3,3,1,1,-0.00158562,-0.001966983,-0.002151102,-0.00230599,-0.00239670,sell
2015-07-30,1,1,0,3,4,1,1,1,1,2,3,1,3,2,3,1,2,-0.00016275, 0.000590747, 0.000800019, 0.00050956, 0.00023260,buy
2015-07-31,1,1,1,2,3,0,3,0,0,1,2,0,3,3,3,0,1, 0.00241926, 0.001393852, 0.000232686,-0.00001827, 0.00288378,buy
2015-08-01,1,0,2,2,2,2,1,1,1,2,3,1,2,2,3,2,1, 0.00041282, 0.000318802, 0.000832317,-0.00087519, 0.00036417,buy
2015-08-02,2,1,2,3,2,1,2,1,1,1,2,2,3,3,3,2,1,-0.00216345,-0.002309474,-0.002193295,-0.00273546, 0.00026297,sell
2015-08-03,1,0,4,2,4,0,4,0,0,1,3,3,2,2,3,2,1, 0.00380291, 0.002653169, 0.003288967, 0.00280457, 0.00366235,buy
2015-08-04,1,2,1,4,3,0,4,0,0,2,4,3,1,3,4,0,2, 0.00059365, 0.000230874,-0.000757691,-0.00026175, 0.00029639,buy
2015-08-05,4,3,3,5,2,0,3,1,0,4,5,4,1,5,6,1,3, 0.00010877,-0.000382296,-0.000452771,-0.00173164,-0.00152687,buy
2015-08-06,3,1,4,2,2,0,3,0,1,3,4,3,1,4,5,0,2,-0.00079106,-0.000876358,-0.001474148,-0.00200804,-0.00124640,sell
2015-08-07,3,3,2,2,1,0,4,0,0,3,4,2,0,4,4,1,3,-0.00011083,-0.000824775,-0.001798260,-0.00169641,-0.00089862,sell
2015-08-08,1,2,1,4,1,1,2,1,1,4,3,2,1,4,4,3,1,-0.00084331,-0.000784049,-0.000097930,-0.00009793,-0.00006940,sell
2015-08-09,0,3,1,2,1,0,1,1,1,2,1,1,2,2,3,3,0, 0.00123758, 0.001169327, 0.001648534, 0.00122881, 0.00063946,buy
2015-08-10,0,3,1,1,1,0,2,0,2,0,2,1,1,0,2,3,1, 0.00238595, 0.002385952, 0.003232049, 0.00238595, 0.00198709,buy
2015-08-11,0,1,2,2,0,2,1,2,0,1,2,0,2,1,1,4,1,-0.00353240,-0.003220522,-0.003532397,-0.00296815,-0.00155964,sell
2015-08-12,1,1,2,2,0,1,3,0,0,1,2,1,2,0,1,4,1, 0.00055270, 0.001689714, 0.001703646, 0.00168971, 0.00236768,buy
2015-08-13,1,3,2,0,2,1,1,0,0,0,1,1,2,1,1,4,0,-0.00149946,-0.001522807,-0.001550211,-0.00173711, 0.00111439,sell
2015-08-14,1,2,4,0,1,1,0,0,0,0,0,0,1,2,1,4,1, 0.00111174, 0.001022575,-0.001052152, 0.00096237, 0.00293102,buy
2015-08-15,1,1,3,2,0,1,1,0,0,1,1,1,1,2,1,4,0,-0.00244485,-0.002558054,-0.001908868,-0.00208446,-0.00291929,sell
2015-08-16,0,1,3,0,2,1,0,1,0,0,0,1,2,2,0,3,0,-0.00131029,-0.001622786,-0.002685670,-0.00174485,-0.00031092,sell
2015-08-17,0,2,2,0,2,0,2,1,1,0,1,1,1,2,1,3,1, 0.00433131, 0.003434259, 0.003203770, 0.00320377, 0.00410671,buy
2015-08-18,0,1,1,1,3,0,1,4,1,2,2,2,2,3,2,2,1, 0.00080972, 0.000304051, 0.000104101, 0.00069595, 0.00030405,buy
2015-08-19,0,0,1,2,2,1,1,3,1,2,1,1,2,2,2,3,2,-0.00087170,-0.000899595,-0.001547363, 0.00006141,-0.00111410,sell
2015-08-20,0,0,2,2,2,0,2,1,1,2,1,2,3,1,2,2,1, 0.00158624, 0.001048433, 0.002037778, 0.00163587, 0.00163587,buy
2015-08-21,1,1,2,1,3,0,1,1,1,3,1,2,2,2,2,3,2,-0.00054915, 0.000526869,-0.000474248,-0.00065375,-0.00035391,sell
2015-08-22,2,4,1,1,2,0,0,2,0,3,2,2,2,2,3,2,2, 0.00149888, 0.001903854, 0.001565242, 0.00163201, 0.00149888,buy
2015-08-23,1,3,2,2,2,0,1,1,1,3,3,2,2,3,3,2,1,-0.00070976,-0.000053256,-0.000852035,-0.00044359,-0.00035801,sell
2015-08-24,1,2,2,2,2,0,2,1,1,1,2,2,1,2,4,2,1, 0.00256307, 0.005232604, 0.002345938, 0.00221433, 0.00474292,buy
2015-08-25,2,3,1,2,3,0,1,1,2,0,2,2,2,3,3,2,1, 0.00094715, 0.001495059, 0.001831730, 0.00107933, 0.00153683,buy
2015-08-26,2,2,0,2,4,0,0,4,1,1,2,2,1,4,3,2,2,-0.00208394, 0.000630552, 0.000977204, 0.00128159, 0.00063055,buy
2015-08-27,1,3,0,1,3,0,1,2,2,0,2,0,2,3,4,1,1,-0.00103487,-0.001843403,-0.000312571,-0.00232018,-0.00188166,sell
2015-08-28,2,3,0,1,2,3,3,1,2,0,2,2,2,4,3,2,2,-0.00217886,-0.003081708,-0.002004250,-0.00348413,-0.00392473,sell
2015-08-29,3,3,0,1,2,2,1,3,0,1,3,1,2,4,3,2,1,-0.00064587,-0.000649521,-0.000519741,-0.00072746,-0.00043375,sell
2015-08-30,2,3,0,1,4,1,2,0,1,0,1,2,2,3,3,2,1, 0.00023341,-0.000693105, 0.000158570,-0.00157768,-0.00017257,sell
2015-08-31,1,2,1,2,3,1,2,0,0,0,2,2,2,2,3,0,1, 0.00065936, 0.000374742, 0.000391276,-0.00307255, 0.00055467,buy
2015-09-01,2,2,2,2,3,1,2,1,0,1,2,2,4,3,3,1,1,-0.00215258,-0.002084120,-0.001955784,-0.00300309, 0.00006534,sell
2015-09-02,1,5,2,0,3,1,1,1,1,0,2,2,4,3,3,0,1, 0.00081028, 0.001569703, 0.000215535, 0.00081028, 0.00165908,buy
2015-09-03,1,3,3,0,2,1,1,0,1,2,1,2,3,3,2,2,1,-0.00024791, 0.000049396,-0.000256002,-0.00027809,-0.00075168,sell
2015-09-04,0,3,2,1,2,1,0,1,0,2,2,0,2,3,3,2,0, 0.00057393,-0.001317986, 0.000130009, 0.00013001,-0.00053424,sell
2015-09-05,0,3,2,0,3,0,0,0,3,3,1,1,3,4,2,2,1, 0.00153106, 0.001319612, 0.001140572, 0.00011688, 0.00037717,buy
2015-09-06,0,3,2,0,3,0,0,2,1,1,0,1,2,3,3,2,1, 0.00221632,-0.001731153,-0.001129244,-0.00114501,-0.00070227,sell
2015-09-07,0,1,3,1,1,1,2,2,2,1,1,2,1,4,3,1,2, 0.00362351, 0.003602427, 0.003768267, 0.00358648, 0.00355899,buy
2015-09-08,0,1,3,2,1,0,3,2,1,2,1,2,1,3,4,2,2,-0.00020897,-0.000138276, 0.000025623,-0.00017172, 0.00002508,sell
2015-09-09,0,2,2,0,3,0,2,1,1,1,1,1,1,2,3,3,1, 0.00128434,-0.000801678,-0.002032568,-0.00112594, 0.00198163,sell
2015-09-10,2,2,2,0,3,0,1,1,1,1,0,2,0,3,3,3,2, 0.00249908, 0.002523819, 0.001835645, 0.00022804,-0.00218453,buy
2015-09-11,1,1,1,2,2,0,1,1,1,2,0,2,0,3,3,3,1,-0.00016439,-0.000057158, 0.000045529,-0.00019823,-0.00041000,sell
2015-09-12,1,1,1,1,2,1,2,1,1,1,1,1,1,3,2,2,2, 0.00285368, 0.002360239, 0.002853679, 0.00345520, 0.00286612,buy
2015-09-13,0,2,0,0,2,0,3,1,2,1,0,2,0,2,3,2,2,-0.00063279,-0.000342799, 0.000202904, 0.00023452,-0.00009698,buy
2015-09-14,0,2,1,0,2,0,2,3,2,0,1,2,1,1,3,2,2, 0.00014295, 0.002078740, 0.000950526, 0.00047362, 0.00090958,buy
2015-09-15,0,1,1,2,0,2,1,4,2,1,1,2,1,2,3,3,2, 0.00372892, 0.002418339, 0.002371544, 0.00373068, 0.00206654,buy
2015-09-16,0,1,1,2,0,1,2,2,2,0,1,2,1,1,3,2,1, 0.00046237, 0.000466305,-0.000602143, 0.00046630, 0.00234139,buy
2015-09-17,0,1,2,1,0,1,1,1,3,1,1,1,1,2,2,2,2,-0.00224608,-0.002222754,-0.000183118,-0.00218418,-0.00118961,sell
2015-09-18,1,2,1,1,1,1,1,2,1,3,0,2,1,3,3,3,2,-0.00111791,-0.000295263,-0.000472747,-0.00066756,-0.00111791,sell
2015-09-19,1,4,1,2,0,0,1,2,2,4,1,2,1,4,5,2,2, 0.00288906, 0.001234402, 0.002839134, 0.00278121, 0.00214114,buy
2015-09-20,0,4,3,1,0,0,2,2,1,2,1,3,0,4,4,2,1, 0.00323082, 0.003808644, 0.003351844, 0.00393528, 0.00286579,buy
2015-09-21,0,4,2,2,0,0,2,2,1,2,1,3,0,3,5,2,1, 0.00382007, 0.004875199, 0.003639662, 0.00363480, 0.00364197,buy
2015-09-22,1,3,2,2,1,0,1,3,2,3,1,3,1,4,5,3,1, 0.00228000, 0.001649458, 0.002752176, 0.00272334, 0.00290534,buy
2015-09-23,0,2,1,2,2,0,1,3,2,3,1,3,1,3,5,2,1, 0.00052307, 0.001045099, 0.001286176, 0.00131840, 0.00117722,buy
2015-09-24,0,1,1,1,1,0,4,2,2,2,2,2,1,4,3,2,0, 0.00013916, 0.000121859, 0.000121859,-0.00314340, 0.00160841,buy
2015-09-25,0,1,1,2,0,2,2,1,2,3,1,2,0,4,3,3,1, 0.00187649, 0.001783777, 0.001986196, 0.00221423, 0.00231162,buy
2015-09-26,1,1,1,1,1,1,2,1,1,2,2,0,2,2,2,4,0,-0.00216104,-0.002450132,-0.000290494,-0.00184369,-0.00007283,sell
2015-09-27,0,0,1,1,3,0,2,1,0,2,1,1,1,1,2,2,2,-0.00039498, 0.001331280, 0.001776417, 0.00105204, 0.00111931,buy
2015-09-28,1,0,0,4,4,0,2,1,0,2,2,2,3,1,2,2,2, 0.00216226, 0.003512096, 0.002332044, 0.00216722, 0.00377552,buy
2015-09-29,1,1,2,3,3,0,1,2,0,1,2,2,3,1,2,2,2, 0.00090607, 0.001466505, 0.000949344, 0.00065423, 0.00043367,buy
2015-09-30,0,1,3,1,2,0,3,1,1,0,2,2,3,1,0,2,2,-0.00078695, 0.000695422, 0.000407149, 0.00071784, 0.00220650,buy
2015-10-01,0,2,0,3,2,2,3,0,0,1,2,2,3,2,1,2,1,-0.00013463, 0.002089263, 0.002818703,-0.00302575,-0.00249434,sell
2015-10-02,0,0,0,2,2,2,2,1,1,3,2,2,3,2,2,2,0,-0.00315253,-0.002786067,-0.003128954,-0.00315574,-0.00347787,sell
2015-10-03,0,2,0,2,2,1,2,0,3,1,1,1,3,3,2,2,1, 0.00334094, 0.001284305, 0.001925338, 0.00145886, 0.00279749,buy
2015-10-04,0,1,1,2,1,2,2,1,3,1,2,2,2,4,2,1,1, 0.00367747, 0.002484658, 0.002484658, 0.00380803, 0.00443057,buy
2015-10-05,0,1,0,3,0,2,1,3,2,3,3,1,2,4,3,1,1,-0.00069928,-0.001243292, 0.002301921, 0.00301846,-0.00139889,sell
2015-10-06,0,2,1,1,1,1,4,2,1,2,2,1,2,3,4,1,2,-0.00351103,-0.002637851,-0.003045426,-0.00213930,-0.00414097,sell
2015-10-07,0,2,1,1,2,1,4,1,1,2,2,1,2,4,4,1,1,-0.00434601,-0.004144496,-0.004018950,-0.00376663,-0.00365006,sell
2015-10-08,2,2,1,3,0,1,1,1,1,3,1,0,1,4,5,2,2,-0.00073433,-0.000621191, 0.000395454,-0.00006180,-0.00142262,sell
2015-10-09,4,1,1,2,0,3,1,1,1,2,2,1,2,2,4,3,2,-0.00238512,-0.002632562,-0.001764085,-0.00302511,-0.00237197,sell
2015-10-10,2,1,2,1,1,2,1,1,1,1,2,0,1,3,3,3,1,-0.00143615, 0.001509270, 0.001359956,-0.00165020, 0.00160306,sell
2015-10-11,1,2,1,1,1,1,2,1,2,1,1,0,1,3,4,2,2, 0.00041797, 0.000047519,-0.001027482, 0.00039870, 0.00008178,buy
2015-10-12,1,1,1,2,1,2,3,3,1,2,2,1,2,3,4,3,2, 0.00032578, 0.000886009, 0.002630438, 0.00088601, 0.00032578,buy
2015-10-13,1,1,1,3,0,3,2,3,1,1,2,1,3,2,3,3,2, 0.00226741, 0.002107633, 0.001693684, 0.00123354, 0.00166393,buy
2015-10-14,1,0,2,2,0,2,2,0,5,0,2,1,3,2,2,2,2,-0.00329327,-0.000900611,-0.001935161,-0.00235352,-0.00153822,sell
2015-10-15,1,1,1,2,2,1,0,0,4,0,2,1,4,2,1,2,0,-0.00349293,-0.003093693,-0.003278509,-0.00122773,-0.00309369,sell
2015-10-16,2,1,1,2,1,1,1,1,1,2,1,0,5,2,2,1,2,-0.00027388, 0.001369278,-0.000942034,-0.00081661,-0.00145861,sell
2015-10-17,1,1,2,1,1,1,2,0,0,4,2,1,4,2,0,1,3, 0.00125068, 0.000882043, 0.000409791, 0.00108517, 0.00073663,buy
2015-10-18,1,3,2,1,2,1,2,0,0,0,2,1,3,1,1,2,2,-0.00176418,-0.002304466,-0.002640815,-0.00143192,-0.00220177,sell
2015-10-19,2,1,4,0,2,1,2,1,1,0,3,1,3,2,1,2,2, 0.00151580, 0.001137461,-0.000525037,-0.00119769,-0.00027647,buy
2015-10-20,1,0,3,2,2,0,1,4,0,2,4,2,2,2,1,2,2, 0.00282329, 0.002823294, 0.003401061, 0.00282329, 0.00456643,buy
2015-10-21,2,0,1,2,2,0,3,2,1,1,4,2,1,3,1,1,2, 0.00125828, 0.001571575, 0.002071464, 0.00125828, 0.00117319,buy
2015-10-22,2,0,1,0,4,0,3,3,1,1,5,2,0,4,0,2,2, 0.00417279, 0.003515724, 0.003728257, 0.00383909, 0.00402125,buy
2015-10-23,2,0,1,0,1,1,4,5,0,2,3,2,1,3,3,3,1,-0.00080524,-0.000864675,-0.000722463,-0.00052091,-0.00054384,sell
2015-10-24,1,1,1,0,1,4,5,3,1,1,4,3,0,3,3,3,2,-0.00272381,-0.002576441,-0.003127809, 0.00009132, 0.00025674,sell
2015-10-25,2,0,2,0,2,1,5,3,0,0,3,3,1,1,3,3,1,-0.00168279, 0.000933554,-0.000993303,-0.00132979,-0.00314000,sell
2015-10-26,3,1,1,1,5,1,2,4,0,1,3,4,2,2,3,4,1,-0.00047257, 0.001314915, 0.001573516, 0.00146415, 0.00131127,buy
2015-10-27,2,1,1,4,3,1,2,2,1,0,2,4,3,1,3,3,1, 0.00013736, 0.000137360, 0.000137360, 0.00013736, 0.00057946,buy
2015-10-28,2,0,5,1,1,0,3,1,0,0,2,4,2,1,1,2,1, 0.00107781, 0.002552348, 0.001737121, 0.00105824,-0.00002035,buy
2015-10-29,1,3,1,2,1,1,2,2,0,1,1,4,3,1,2,2,1, 0.00053987,-0.001213681,-0.000538517,-0.00033482,-0.00053852,sell
2015-10-30,1,1,1,0,1,0,0,1,1,3,1,3,2,1,0,1,1,-0.00435090,-0.004535442,-0.004754574,-0.00455643,-0.00435090,sell
2015-10-31,1,0,2,0,1,0,0,1,0,0,0,2,2,0,1,0,0, 0.00150474, 0.002468761,-0.002623925, 0.00131546, 0.00232057,buy
2015-11-01,1,0,2,2,0,1,0,2,2,1,2,2,3,1,1,1,1, 0.00036718, 0.000270872, 0.000644212, 0.00006549,-0.00137850,buy
2015-11-02,1,1,1,1,0,0,1,3,3,0,2,3,1,1,2,1,1,-0.00174092,-0.001744381,-0.001807940,-0.00230752, 0.00028310,sell
2015-11-03,1,0,2,0,2,0,2,4,1,0,2,3,1,2,2,1,1, 0.00250150, 0.002250415, 0.002179363, 0.00227438, 0.00058982,buy
2015-11-04,1,1,1,1,0,0,4,2,1,0,2,3,0,2,2,1,1,-0.00085223,-0.000716360,-0.000080783, 0.00024509,-0.00078992,sell
2015-11-05,1,1,1,2,0,1,1,0,1,1,0,1,2,3,2,1,0, 0.00139928,-0.002843292, 0.000590160, 0.00042017, 0.00107198,buy
2015-11-06,2,1,2,0,2,0,1,0,1,0,1,1,1,3,1,2,0,-0.00085162,-0.000691633,-0.000734847,-0.00085162,-0.00105993,sell
2015-11-07,3,3,1,0,1,0,0,1,3,0,1,3,1,4,1,1,1, 0.00210063, 0.002146778, 0.002457200, 0.00183964, 0.00067585,buy
2015-11-08,0,2,0,0,2,1,0,1,4,1,1,1,1,5,1,2,0,-0.00051365,-0.000349364,-0.000513646,-0.00225488,-0.00051365,sell
2015-11-09,0,2,0,1,1,1,2,2,3,0,2,2,1,3,2,2,0, 0.00448423, 0.003789829, 0.003800657, 0.00311435, 0.00500957,buy
2015-11-10,0,2,1,0,2,0,3,3,3,0,2,2,1,3,2,2,2,-0.00190468, 0.001228705,-0.001502765,-0.00082198,-0.00155248,sell
2015-11-11,0,1,0,0,3,0,0,4,6,0,3,2,0,3,1,3,2,-0.00090327,-0.001794844,-0.001370396,-0.00107554,-0.00266236,sell
2015-11-12,1,2,0,1,3,0,0,3,5,1,2,2,3,2,2,3,2,-0.00143779,-0.001528874,-0.001706900,-0.00152887,-0.00084234,sell
2015-11-13,1,2,1,0,2,0,1,1,4,1,2,0,3,2,2,2,2, 0.00064175, 0.002482456, 0.000788780, 0.00073111, 0.00007478,buy
2015-11-14,0,2,1,0,2,0,0,1,2,2,2,1,2,1,1,2,1, 0.00285844, 0.002858440, 0.003481288, 0.00266601, 0.00330543,buy
2015-11-15,1,5,0,0,1,0,1,1,3,2,2,1,4,2,2,1,2, 0.00273733, 0.002826639, 0.003980305, 0.00282664, 0.00276800,buy
2015-11-16,1,5,1,0,1,0,0,3,1,1,1,1,4,2,2,1,2, 0.00182534,-0.000750335,-0.000750335,-0.00071647,-0.00023140,sell
2015-11-17,0,3,2,1,0,0,1,1,2,1,1,1,3,2,2,0,2, 0.00160821,-0.000387367,-0.000387367,-0.00094686,-0.00059067,buy
2015-11-18,0,2,1,1,2,0,1,3,2,1,1,1,3,4,1,1,2, 0.00037049, 0.000849738, 0.000749989, 0.00043032, 0.00037049,buy
2015-11-19,1,0,0,2,2,0,0,5,1,2,0,1,2,4,2,2,2,-0.00099787,-0.000771359,-0.000553201, 0.00005080,-0.00077136,sell
2015-11-20,1,1,0,1,2,1,1,3,2,2,1,0,2,4,3,2,2,-0.00065693, 0.000189862,-0.000329930,-0.00067718,-0.00063779,sell
2015-11-21,0,1,1,2,1,3,0,3,1,1,1,1,1,3,3,3,1, 0.00399763, 0.002412474, 0.002355960, 0.00387622, 0.00241247,buy
2015-11-22,1,0,1,3,2,3,1,2,2,2,1,2,3,3,3,4,1, 0.00342198, 0.000469329, 0.002190322, 0.00109788, 0.00013094,buy
2015-11-23,1,1,0,4,2,1,1,2,2,1,3,1,3,2,3,3,0, 0.00310125, 0.002685520, 0.004013530, 0.00054114, 0.00043992,buy
2015-11-24,1,0,2,2,4,1,2,1,3,1,3,2,3,1,4,3,1,-0.00008085, 0.000285539,-0.000236822, 0.00028815, 0.00106288,sell
2015-11-25,1,0,1,5,2,1,1,2,2,1,2,2,3,1,3,3,2,-0.00096487,-0.000443659,-0.001311483,-0.00044366,-0.00045460,sell
2015-11-26,2,1,1,3,2,1,1,1,3,3,2,2,5,1,5,2,1,-0.00116414, 0.000905431,-0.001239358, 0.00109451,-0.00106041,sell
2015-11-27,1,2,1,1,1,0,2,1,4,2,2,3,4,1,3,1,1, 0.00018473,-0.000969182, 0.000904919,-0.00098347,-0.00187072,sell
2015-11-28,1,1,1,1,2,1,2,1,2,3,1,2,4,2,4,1,1,-0.00332521,-0.003545793,-0.002517309,-0.00340665,-0.00332521,sell
2015-11-29,1,1,1,3,0,0,1,1,2,3,1,1,3,1,3,3,1, 0.00144412, 0.003801446, 0.001353068, 0.00397597, 0.00349694,buy
2015-11-30,1,1,2,1,1,0,1,2,2,2,1,2,3,2,3,2,0, 0.00252885, 0.002509623, 0.001820112, 0.00259740, 0.00165117,buy
2015-12-01,1,1,2,0,1,0,2,0,3,2,1,2,1,3,2,2,1,-0.00057006,-0.001304849,-0.001243728, 0.00007860,-0.00057262,sell
2015-12-02,1,1,1,2,0,1,0,1,2,3,1,2,1,2,3,2,1,-0.00000235, 0.002554538,-0.001889156,-0.00023520,-0.00042358,sell
2015-12-03,0,0,1,0,1,1,2,1,1,3,1,2,1,3,1,1,1,-0.00066850,-0.001536418,-0.000927365,-0.00029573,-0.00066850,sell
2015-12-04,1,1,0,0,0,0,2,0,1,2,2,1,0,3,0,0,1,-0.00058933,-0.000914493,-0.000788021, 0.00049481,-0.00141062,sell
2015-12-05,1,1,1,0,1,1,2,0,2,2,1,2,1,3,1,2,1,-0.00030865,-0.000936086,-0.000748166,-0.00074817,-0.00017076,sell
2015-12-06,1,0,1,1,0,2,2,1,1,2,1,2,1,3,1,3,0,-0.00161665, 0.000277972, 0.000128761,-0.00243461, 0.00040484,sell
2015-12-07,1,0,2,0,0,1,1,2,1,1,1,1,1,2,1,2,1, 0.00193896, 0.001912734, 0.001934861, 0.00175442, 0.00014366,buy
2015-12-08,0,0,3,0,1,1,3,2,2,1,2,2,2,3,1,3,0, 0.00369708, 0.004321629, 0.004176399, 0.00422733, 0.00446036,buy
2015-12-09,0,1,2,1,1,1,0,3,2,1,2,2,2,2,0,4,0, 0.00267670, 0.004333651, 0.003832630, 0.00423545, 0.00336358,buy
2015-12-10,1,1,2,1,0,1,3,3,1,2,1,2,2,3,2,4,1, 0.00116427, 0.000816898, 0.000784334, 0.00236551, 0.00124345,buy
2015-12-11,0,2,3,0,0,1,2,2,2,2,4,2,1,1,1,4,1, 0.00258669, 0.001214724,-0.001211803, 0.00157202, 0.00131906,buy
2015-12-12,0,4,1,0,0,1,2,1,3,1,4,0,3,0,2,3,1,-0.00111009,-0.000973846,-0.000173390,-0.00127440,-0.00097385,sell
2015-12-13,1,2,1,1,0,1,3,2,2,3,4,1,3,1,3,3,1, 0.00137845,-0.003311817, 0.002322942, 0.00137845, 0.00260300,buy
2015-12-14,0,2,1,2,0,1,4,2,2,1,5,1,4,1,3,1,0, 0.00229027, 0.002562312, 0.001987114,-0.00014546, 0.00221886,buy
2015-12-15,0,0,1,2,0,0,4,0,4,2,3,1,3,2,2,1,1,-0.00038747,-0.000407711,-0.001285806,-0.00049778,-0.00077037,sell
2015-12-16,0,1,1,1,2,0,2,2,3,1,3,1,2,2,1,2,2, 0.00162192, 0.002560346, 0.002551666, 0.00242543, 0.00174702,buy
2015-12-17,2,0,1,2,1,0,3,0,3,1,1,1,2,3,2,2,2, 0.00156967, 0.001621391, 0.002002805, 0.00156226,-0.00044017,buy
2015-12-18,1,1,0,2,2,1,2,1,2,0,2,1,1,2,2,2,2, 0.00392759, 0.004049955, 0.003891354, 0.00440145, 0.00302966,buy
2015-12-19,2,0,1,2,1,0,2,1,2,2,1,0,2,3,2,3,2, 0.00243701, 0.002303804, 0.002543900, 0.00267866, 0.00062068,buy
2015-12-20,2,1,0,2,3,1,1,2,1,2,2,1,2,3,2,3,2,-0.00107874, 0.000369549,-0.001061713, 0.00152167, 0.00009752,sell
2015-12-21,1,0,1,2,1,0,2,1,3,1,3,1,2,2,2,1,1, 0.00066949, 0.000939303, 0.000812966,-0.00030997, 0.00061967,buy
2015-12-22,0,1,2,2,1,1,3,1,2,1,3,2,1,2,1,3,2, 0.00107488, 0.000644995, 0.001039944, 0.00107488, 0.00107488,buy
2015-12-23,0,3,1,3,0,1,2,3,2,1,4,2,4,1,2,2,1, 0.00018266, 0.002654428,-0.000616045, 0.00065680,-0.00007325,buy
2015-12-24,0,4,2,1,2,0,2,2,3,2,5,3,4,1,1,2,2,-0.00017532, 0.000229615,-0.000728033, 0.00169722,-0.00082414,sell
2015-12-25,0,3,2,1,1,0,2,3,3,1,4,2,4,0,3,1,2,-0.00241551,-0.001579588,-0.002278325,-0.00135088,-0.00217258,sell
2015-12-26,0,4,1,3,1,1,1,3,4,2,4,3,4,1,4,2,2,-0.00279524,-0.001772317,-0.002439814,-0.00206487,-0.00258415,sell
2015-12-27,0,4,2,2,1,0,1,5,3,2,4,3,5,1,3,2,2,-0.00324940,-0.002068773,-0.003031175,-0.00242107,-0.00291751,sell
2015-12-28,0,2,2,1,2,0,1,4,2,1,2,2,2,2,3,2,2,-0.00145058, 0.000166414, 0.000162504, 0.00016250, 0.00043145,buy
2015-12-29,0,2,0,3,0,0,3,3,3,2,2,3,1,2,4,2,2, 0.00119318, 0.000588666, 0.000735800, 0.00134771, 0.00058375,buy
2015-12-30,0,1,1,2,0,1,1,4,1,2,1,2,2,2,4,2,0, 0.00163804, 0.001794514, 0.001697009, 0.00156154, 0.00185151,buy
2015-12-31,1,0,1,1,1,0,2,3,1,1,1,3,1,2,2,2,0, 0.00023572,-0.001779901, 0.000479571,-0.00072341,-0.00089293,sell
2016-01-01,0,1,0,1,1,0,2,0,1,1,0,2,1,1,1,1,1, 0.00042858, 0.000227385, 0.000246160, 0.00024616, 0.00036631,buy
2016-01-02,1,0,0,1,1,1,1,1,1,3,0,1,2,2,2,2,1,-0.00014662,-0.000677253,-0.000618579,-0.00039584,-0.00031700,sell
2016-01-03,2,0,0,1,0,0,2,2,0,3,1,2,2,1,2,1,1,-0.00105309,-0.003095336,-0.001335250,-0.00211552,-0.00101762,sell
2016-01-04,2,0,1,0,0,0,3,1,1,3,1,2,2,2,2,1,1,-0.00219417,-0.001569385,-0.001634490,-0.00230822,-0.00163449,sell
2016-01-05,1,1,0,0,1,0,0,0,2,3,1,1,2,2,0,2,0, 0.00096774, 0.000532900,-0.000108950, 0.00069027, 0.00096774,buy
2016-01-06,3,1,0,1,0,0,1,1,0,4,0,2,3,2,1,2,1, 0.00174502, 0.001502394, 0.003250943, 0.00196169, 0.00284148,buy
2016-01-07,4,0,1,0,0,0,1,2,0,5,1,2,2,2,3,2,1, 0.00385773, 0.003954327, 0.004081530, 0.00395433, 0.00327734,buy
2016-01-08,2,2,0,0,0,0,0,2,1,3,2,2,0,1,2,2,1, 0.00140046, 0.002688502,-0.000260632, 0.00159262, 0.00066562,buy
2016-01-09,2,2,1,0,0,0,3,2,2,2,1,1,1,2,3,4,2,-0.00103440,-0.001120116,-0.001331570,-0.00202049,-0.00223230,sell
2016-01-10,1,0,3,0,0,0,1,6,0,1,2,0,2,1,3,2,2, 0.00107447,-0.000173464, 0.000298733,-0.00026463, 0.00029873,buy
2016-01-11,0,0,3,1,0,0,3,4,3,1,3,1,3,2,2,2,2, 0.00211795, 0.001184989, 0.003321797, 0.00243862, 0.00149994,buy
2016-01-12,0,1,4,0,1,0,2,5,2,0,4,2,2,3,1,2,1, 0.00164239, 0.001477474, 0.002914143, 0.00271272, 0.00177270,buy
2016-01-13,1,0,5,0,0,0,1,7,1,1,3,2,4,3,2,2,0, 0.00113350, 0.001987683, 0.001857893, 0.00182732, 0.00134060,buy
2016-01-14,0,1,4,1,0,1,1,4,1,2,4,2,3,1,2,2,1, 0.00241597, 0.002423249, 0.001932890, 0.00219734, 0.00161163,buy
2016-01-15,0,1,4,0,1,0,2,5,0,1,4,2,4,0,2,0,2, 0.00290410, 0.002740457, 0.002289812, 0.00270932, 0.00274046,buy
2016-01-16,1,0,4,1,1,0,1,5,0,3,4,1,3,1,3,2,2, 0.00445517, 0.002053041, 0.002047242, 0.00230457, 0.00210293,buy
2016-01-17,0,1,1,3,0,1,1,3,1,2,3,2,2,1,2,1,2, 0.00233004, 0.002433095, 0.002330043, 0.00233004, 0.00243309,buy
2016-01-18,1,0,3,0,2,0,1,3,0,2,3,1,1,2,2,2,1, 0.00503726, 0.004884479, 0.004884479, 0.00502772, 0.00620463,buy
2016-01-19,1,0,2,1,2,0,0,4,0,3,3,2,2,2,1,2,1, 0.00248536, 0.001877831, 0.002020115, 0.00175621, 0.00310633,buy
2016-01-20,1,2,1,0,2,1,1,3,1,3,3,2,3,2,3,2,0, 0.00246647, 0.002466472, 0.002451705, 0.00245171, 0.00245253,buy
2016-01-21,1,1,1,1,0,1,2,1,0,2,2,1,2,1,2,1,1,-0.00430185,-0.005797319,-0.006199655,-0.00569666,-0.00489051,sell
2016-01-22,1,0,3,0,1,1,2,1,0,2,1,1,2,2,3,2,0,-0.00326714, 0.001021940,-0.003116454, 0.00111953, 0.00104560,buy
2016-01-23,1,2,0,2,1,0,2,0,1,1,1,1,1,1,3,2,1, 0.00290988, 0.000969002, 0.003977574, 0.00340832, 0.00301287,buy
2016-01-24,1,1,1,1,2,0,2,1,0,2,1,1,1,2,3,2,1, 0.00274824,-0.000885854,-0.000170482,-0.00093461, 0.00022259,buy
2016-01-25,1,1,2,2,1,0,4,0,1,1,2,1,1,2,3,3,1,-0.00400505,-0.003249690,-0.000500344,-0.00317022,-0.00238875,sell
2016-01-26,1,3,1,3,0,1,3,0,2,0,2,1,2,3,3,2,1, 0.00223646, 0.003867801, 0.003867801, 0.00435271, 0.00094410,buy
2016-01-27,2,3,1,1,1,0,3,0,3,2,3,2,1,3,3,3,1,-0.00533743,-0.004061050,-0.005271702,-0.00502124,-0.00551688,sell
2016-01-28,2,4,0,1,1,0,3,1,3,1,3,2,2,3,2,3,1,-0.00177805,-0.002317174,-0.001740107,-0.00145104,-0.00264361,sell
2016-01-29,1,2,0,1,2,1,4,0,4,3,2,2,3,4,3,3,1,-0.00038327, 0.000565216,-0.001520511,-0.00164915, 0.00122256,sell
2016-01-30,1,0,0,1,1,1,4,1,4,2,1,1,3,3,4,3,0,-0.00097934,-0.000910112,-0.000926890,-0.00122033,-0.00153121,sell
2016-01-31,1,0,1,0,1,0,1,2,5,2,1,2,2,2,3,2,1,-0.00108449,-0.000866125,-0.001249603,-0.00385350,-0.00001234,sell
2016-02-01,2,0,1,0,2,0,3,0,6,2,1,2,2,3,4,3,1,-0.00140384,-0.001403840,-0.001436572,-0.00161050,-0.00143657,sell
2016-02-02,2,1,0,1,1,0,3,2,5,2,1,2,1,5,3,4,1,-0.00103283,-0.001090114,-0.001390974,-0.00121953,-0.00101174,sell
2016-02-03,2,0,2,1,1,0,6,0,4,3,1,3,1,4,4,5,1,-0.00092667,-0.000926671,-0.000928143,-0.00301071,-0.00092814,sell
2016-02-04,1,0,2,0,1,0,4,1,4,3,2,3,1,4,2,4,0,-0.00018715, 0.000362826, 0.000362826,-0.00000609, 0.00044051,buy
2016-02-05,1,2,1,0,1,0,2,2,5,2,2,3,2,3,2,4,0,-0.00228015,-0.001033665,-0.001094618,-0.00010504,-0.00090910,sell
2016-02-06,3,0,2,0,1,0,3,2,4,3,2,3,2,4,2,4,1,-0.00134957,-0.001150944,-0.000159795,-0.00134957,-0.00134957,sell
2016-02-07,1,0,1,1,1,0,2,2,4,2,3,2,2,3,1,3,0,-0.00376643,-0.000440124,-0.003860022,-0.00104530,-0.00373293,sell
2016-02-08,0,0,2,0,3,0,3,1,5,3,5,3,2,1,1,4,1, 0.00286122, 0.003469657, 0.002075222,-0.00122544, 0.00334366,buy
2016-02-09,1,1,1,0,2,0,0,5,2,1,3,3,3,1,0,2,1,-0.00013749, 0.000297523,-0.000659642,-0.00031413, 0.00018515,sell
2016-02-10,1,0,2,0,2,1,1,2,4,2,4,3,3,1,1,2,1,-0.00065522,-0.000234429,-0.000646781,-0.00064678,-0.00035462,sell
2016-02-11,0,1,1,1,1,0,1,2,2,1,3,2,2,0,2,0,1, 0.00194568,-0.000107314, 0.001975860, 0.00108161, 0.00130643,buy
2016-02-12,1,0,1,0,3,0,1,3,1,1,3,1,3,1,2,1,0,-0.00142748,-0.001214335,-0.001524158,-0.00110499,-0.00213471,sell
2016-02-13,1,1,0,2,1,0,0,3,1,1,3,0,2,1,2,0,2,-0.00013909,-0.000576297,-0.000090042,-0.00126611,-0.00100605,sell
2016-02-14,1,1,2,1,1,1,1,2,2,0,3,1,1,1,3,1,2,-0.00102254,-0.000878988, 0.000226056,-0.00184195,-0.00123201,sell
2016-02-15,0,0,2,1,0,1,0,3,1,0,2,1,0,1,2,1,1,-0.00139335,-0.001393350,-0.000743946,-0.00139335, 0.00207672,sell
2016-02-16,0,2,0,2,1,1,0,1,2,1,3,0,2,1,2,1,1,-0.00052682,-0.000516243,-0.000283836,-0.00036552,-0.00096672,sell
2016-02-17,0,2,0,1,2,0,0,2,2,1,3,1,2,1,1,1,1, 0.00005203, 0.000036117, 0.001250020, 0.00008993,-0.00040874,buy
2016-02-18,0,1,1,3,2,1,1,3,0,0,2,1,3,2,2,1,1,-0.00482002,-0.003438707,-0.001124278,-0.00618149,-0.00162631,sell
2016-02-19,0,1,1,3,1,1,1,3,1,1,3,1,3,2,2,2,0, 0.00302032, 0.001977721, 0.003976266,-0.00070865, 0.00366989,buy
2016-02-20,0,3,0,2,1,1,1,3,0,0,2,1,3,1,1,2,1,-0.00072142,-0.000406776, 0.001427698,-0.00296640, 0.00095077,sell
2016-02-21,0,2,2,1,1,0,3,2,0,1,2,2,3,2,1,2,0,-0.00094636,-0.000520850,-0.000332233,-0.00080223,-0.00008541,sell
2016-02-22,0,2,0,3,1,0,2,2,1,1,1,1,3,2,2,2,1,-0.00188197,-0.000157938, 0.001245338, 0.00356582, 0.00027453,buy
2016-02-23,1,1,1,0,2,1,2,1,1,1,1,0,3,2,2,2,1,-0.00038335,-0.000638597,-0.001044124,-0.00087386,-0.00059669,sell
2016-02-24,2,2,1,1,1,0,2,1,3,0,1,2,3,2,1,3,1, 0.00334057, 0.000883380, 0.001602077, 0.00142686, 0.00092760,buy
2016-02-25,1,3,1,0,1,0,2,1,2,0,0,2,4,2,1,1,1,-0.00292219,-0.004228777,-0.004820366,-0.00302251,-0.00479376,sell
2016-02-26,1,2,1,1,1,1,3,1,3,1,2,2,4,2,2,2,1,-0.00010331,-0.004305003,-0.000449212,-0.00387839,-0.00440955,sell
2016-02-27,1,3,0,1,1,0,3,2,2,0,2,2,3,2,2,1,1, 0.00090204, 0.000340169, 0.000633856,-0.00035409,-0.00008584,buy
2016-02-28,1,2,1,0,2,0,2,1,4,1,3,1,3,2,2,2,1, 0.00045271,-0.000895285, 0.001115743,-0.00023531, 0.00016759,buy
2016-02-29,2,3,0,0,3,0,1,0,4,0,3,2,3,2,1,2,0, 0.00011309, 0.000099481,-0.000994853, 0.00105768, 0.00089657,buy
2016-03-01,2,2,0,1,1,0,1,2,2,1,1,2,3,3,1,2,0,-0.00076564,-0.001169244,-0.001075148,-0.00076564,-0.00094669,sell
2016-03-02,1,2,1,0,1,0,2,1,3,3,2,2,1,3,3,2,1,-0.00396614,-0.003395119,-0.003534178,-0.00180622,-0.00339512,sell
2016-03-03,0,3,0,0,1,0,2,2,2,2,2,3,0,3,1,2,1,-0.00126178,-0.001261783,-0.001213446,-0.00020558,-0.00116398,sell
2016-03-04,1,1,1,0,1,0,2,3,3,3,2,3,1,4,2,2,1,-0.00075769,-0.000817509,-0.000551704,-0.00024397,-0.00060502,sell
2016-03-05,0,0,1,2,0,1,2,5,2,2,3,2,1,3,2,3,1, 0.00166343, 0.003082838, 0.003017820, 0.00306716, 0.00254946,buy
2016-03-06,0,0,0,2,1,1,3,3,3,2,3,1,1,4,2,4,0, 0.00293337, 0.003074537, 0.002760734, 0.00243478, 0.00323889,buy
2016-03-07,1,0,0,1,1,1,2,5,2,2,2,1,0,5,1,5,1,-0.00236679,-0.002319045,-0.000657018,-0.00250879,-0.00016823,sell
2016-03-08,1,1,0,1,0,2,2,4,2,2,2,1,1,4,2,5,0,-0.00088065,-0.001501340, 0.000134421,-0.00109436, 0.00054229,sell
2016-03-09,1,1,1,1,0,2,3,1,2,1,2,1,1,3,2,3,1, 0.00171114, 0.003356383, 0.003714357, 0.00177146, 0.00301866,buy
2016-03-10,2,0,2,2,1,1,2,2,0,2,2,3,2,2,1,3,1,-0.00406574,-0.004034918,-0.005177220,-0.00461662,-0.00434099,sell
2016-03-11,2,1,1,4,2,0,0,3,1,2,2,3,2,4,2,2,1, 0.00180681, 0.001860347, 0.000903193, 0.00078344, 0.00120155,buy
2016-03-12,1,1,2,3,2,0,0,2,1,2,2,3,2,3,3,1,0, 0.00226630, 0.000669764, 0.000669231, 0.00072857, 0.00066307,buy
2016-03-13,0,1,2,2,1,2,1,3,1,3,2,3,0,5,2,3,1, 0.00236783, 0.001191168, 0.001430138, 0.00079183, 0.00035263,buy
2016-03-14,0,3,0,2,1,3,1,4,1,4,2,3,1,5,2,4,2, 0.00049664, 0.001803071, 0.001323604,-0.00045267,-0.00011418,buy
2016-03-15,0,4,0,1,1,2,1,3,2,3,2,2,1,4,3,4,1, 0.00114816,-0.000059599,-0.000087238,-0.00145052, 0.00103359,buy
2016-03-16,0,1,2,1,1,1,1,2,1,1,1,2,1,2,1,3,1, 0.00257014, 0.001982928, 0.001982928, 0.00169184, 0.00034296,buy
2016-03-17,1,1,0,4,1,1,1,2,1,2,1,2,2,2,2,4,1, 0.00145727, 0.000436912,-0.000536677,-0.00084215,-0.00007534,buy
2016-03-18,1,2,1,3,2,0,0,2,0,0,1,1,3,1,2,2,1,-0.00425114,-0.004527971,-0.002707295,-0.00556517,-0.00295236,sell
2016-03-19,1,2,2,1,3,0,1,0,0,0,1,1,2,1,2,2,1,-0.00079877, 0.001677654,-0.000689911,-0.00039397,-0.00035507,sell
2016-03-20,1,4,1,3,0,0,0,0,0,1,0,2,1,1,3,3,0, 0.00209448, 0.002042160, 0.001021861, 0.00068712, 0.00059221,buy
2016-03-21,2,3,1,3,0,2,0,0,0,2,1,2,2,1,4,2,1,-0.00145839, 0.000236832, 0.001222415,-0.00211291, 0.00079785,sell
2016-03-22,2,1,2,1,1,0,0,0,0,2,1,1,1,1,3,2,0,-0.00032182, 0.004129022, 0.001117759, 0.00129069, 0.00211613,buy
2016-03-23,0,1,2,1,1,1,0,0,1,1,1,3,1,1,1,1,0, 0.00107122, 0.000683830, 0.000070395, 0.00107122, 0.00121049,buy
2016-03-24,0,1,2,1,2,2,1,1,2,2,2,4,1,2,2,2,1, 0.00415496, 0.002908782, 0.004154955, 0.00294966, 0.00268653,buy
2016-03-25,0,1,2,3,0,2,2,3,1,1,2,4,2,1,2,3,1, 0.00045702, 0.000018455, 0.000192610, 0.00036343, 0.00048874,buy
2016-03-26,0,1,3,2,0,1,3,2,2,1,3,4,2,1,2,2,1, 0.00353952, 0.001280254, 0.002235673, 0.00353952, 0.00272689,buy
2016-03-27,0,2,2,1,1,0,4,0,3,1,1,2,3,2,2,3,1, 0.00049797,-0.003459698, 0.000438193,-0.00387809,-0.00508250,sell
2016-03-28,1,3,2,2,1,0,3,1,1,1,1,3,4,2,1,3,1,-0.00258136,-0.002951964,-0.001426141,-0.00141243,-0.00142614,sell
2016-03-29,2,2,3,1,1,0,3,0,0,5,2,3,3,2,2,3,2,-0.00131835,-0.003126957,-0.004819880,-0.00361216,-0.00389304,sell
2016-03-30,1,2,2,0,1,0,2,0,0,3,2,1,2,1,1,3,1,-0.00404774,-0.000162000,-0.003856458,-0.00380381,-0.00376533,sell
2016-03-31,2,1,2,1,0,0,3,0,1,2,1,2,3,2,2,2,0,-0.00361703,-0.002110492,-0.002612082,-0.00364034,-0.00245357,sell
2016-04-01,2,0,1,2,1,0,3,3,1,2,3,2,4,1,1,2,2, 0.00371259, 0.005149720, 0.001801986, 0.00271533, 0.00327023,buy
2016-04-02,0,1,1,2,1,0,3,3,1,1,2,2,4,0,3,0,2, 0.00167231, 0.000053326,-0.000486589, 0.00036711,-0.00087967,buy
2016-04-03,0,1,1,1,2,0,4,2,2,2,2,1,3,2,3,1,3,-0.00249811,-0.001688102,-0.001684672,-0.00139236,-0.00032470,sell
2016-04-04,1,2,1,1,1,0,2,3,0,3,2,1,3,3,2,1,2, 0.00191613, 0.001922275, 0.002920313, 0.00195099, 0.00180323,buy
2016-04-05,1,3,1,2,1,1,2,0,1,3,3,1,2,3,4,1,1, 0.00262956, 0.001643210, 0.004216279, 0.00373673, 0.00373052,buy
2016-04-06,2,3,2,2,1,0,2,0,0,2,2,1,2,2,4,1,2, 0.00220667, 0.002151929, 0.001400292, 0.00195632, 0.00302176,buy
2016-04-07,2,1,2,2,1,0,2,1,0,3,1,1,3,3,3,2,1,-0.00162257,-0.003284346,-0.000108503,-0.00195106,-0.00221073,sell
2016-04-08,1,1,0,2,1,0,2,1,1,2,1,1,3,2,1,1,2, 0.00089348, 0.000895025, 0.000971371, 0.00057589, 0.00147768,buy
2016-04-09,1,0,3,1,2,0,2,1,1,1,1,3,2,1,1,2,2,-0.00133555, 0.000907308, 0.001265314, 0.00090731, 0.00387874,buy
2016-04-10,1,1,1,2,1,1,1,1,2,2,1,4,3,1,0,2,2, 0.00060407, 0.001530710, 0.000604072, 0.00080116,-0.00127591,buy
2016-04-11,1,1,1,1,2,1,1,0,2,3,1,3,5,1,1,2,0,-0.00440357,-0.004403569,-0.004415318,-0.00478711,-0.00484278,sell
2016-04-12,1,1,2,1,2,0,1,1,1,2,1,4,5,0,0,1,1,-0.00429628,-0.004451026,-0.003942739,-0.00430513,-0.00445103,sell
2016-04-13,0,1,3,3,3,1,1,1,2,3,2,4,5,1,2,2,2, 0.00268812,-0.001511192, 0.002785313,-0.00164213, 0.00182210,buy
2016-04-14,0,2,3,5,2,0,1,2,0,2,3,3,4,1,2,3,1, 0.00163229, 0.002072443, 0.001486429, 0.00141161, 0.00150551,buy
2016-04-15,0,1,6,3,4,0,2,1,0,1,4,2,4,2,3,2,1, 0.00339463, 0.003732237, 0.002573944, 0.00377109, 0.00583607,buy
2016-04-16,0,2,5,4,3,0,2,1,0,0,3,1,2,3,4,2,2,-0.00070480, 0.001488695,-0.000312046, 0.00181730,-0.00031205,sell
2016-04-17,0,2,2,6,2,1,2,1,0,2,2,1,2,4,4,3,2,-0.00069939,-0.001952880,-0.000627815,-0.00109373,-0.00090970,sell
2016-04-18,1,1,3,3,3,1,2,0,0,2,3,0,1,4,3,3,2, 0.00150610,-0.001873643, 0.002217718, 0.00185443, 0.00185443,buy
2016-04-19,1,2,2,3,0,0,2,0,0,1,1,0,0,4,2,3,1, 0.00154603, 0.001241205, 0.001837881, 0.00173151, 0.00065521,buy
2016-04-20,1,2,1,3,1,1,3,0,2,2,2,1,1,4,3,3,2,-0.00067909, 0.000240592, 0.000025475, 0.00066304,-0.00034348,buy
2016-04-21,1,1,0,4,0,2,2,3,0,2,1,2,1,3,2,4,2, 0.00026428,-0.000353869,-0.000353869, 0.00033079,-0.00035387,sell
2016-04-22,1,1,1,3,0,0,3,2,0,0,1,2,1,1,2,3,1, 0.00142397,-0.000972595, 0.001225879, 0.00186623, 0.00188071,buy
2016-04-23,1,0,1,2,2,0,3,0,2,0,1,1,1,1,1,4,2, 0.00178821, 0.001482260, 0.001548485, 0.00100507, 0.00104110,buy
2016-04-24,1,1,0,3,2,0,2,2,0,0,0,2,2,1,0,4,2,-0.00053615,-0.001100270,-0.000444611, 0.00140609,-0.00037820,sell
2016-04-25,2,0,0,4,1,0,3,1,0,2,1,3,2,1,1,3,2,-0.00071513,-0.002254509,-0.001024153,-0.00197830,-0.00215181,sell
2016-04-26,0,1,2,3,1,0,3,1,0,0,2,2,1,1,0,3,2,-0.00030611,-0.000600656,-0.000324748,-0.00038411, 0.00018594,sell
2016-04-27,0,2,1,2,1,0,1,1,2,0,2,2,3,1,0,2,0,-0.00128023,-0.001687116, 0.001598403,-0.00210941,-0.00055542,sell
2016-04-28,1,2,1,3,1,0,1,3,2,1,2,2,4,2,2,2,1,-0.00058256, 0.000548030,-0.002147046, 0.00029696,-0.00116146,sell
2016-04-29,0,1,0,4,1,0,1,2,2,1,2,2,2,1,2,2,1,-0.00061058,-0.001332946, 0.000837161, 0.00132739, 0.00357495,buy
2016-04-30,0,1,1,3,1,0,3,0,4,0,3,1,2,2,2,3,0, 0.00156723, 0.002778789, 0.001717677, 0.00177874, 0.00375903,buy
2016-05-01,0,1,1,2,1,0,1,2,3,1,1,1,1,2,2,4,1, 0.00349628, 0.003199621, 0.004400532, 0.00368090, 0.00375400,buy
2016-05-02,1,2,1,1,1,1,1,2,2,2,2,2,2,2,2,3,1, 0.00084082, 0.001576356,-0.000208864, 0.00017786,-0.00029752,buy
2016-05-03,0,2,2,1,2,0,3,1,1,0,1,2,1,1,2,3,2,-0.00055716, 0.000133080,-0.000134829,-0.00041524, 0.00059023,sell
2016-05-04,0,0,4,1,3,0,3,0,0,1,2,2,1,2,2,2,1, 0.00214992, 0.000735154, 0.000717981, 0.00132082, 0.00077392,buy
2016-05-05,1,1,2,4,2,0,1,1,0,1,2,2,1,3,2,3,0, 0.00405958, 0.004455136, 0.004460046, 0.00391547, 0.00218178,buy
2016-05-06,1,0,4,1,4,0,1,0,2,0,1,2,2,3,2,2,1, 0.00089699,-0.000092253,-0.000148944,-0.00006676,-0.00001899,buy
2016-05-07,0,1,3,2,1,1,2,1,1,0,2,1,1,4,1,3,0,-0.00101500,-0.001061337,-0.000698666,-0.00124191,-0.00115972,sell
2016-05-08,0,0,3,1,1,2,3,2,1,2,2,1,2,4,1,4,1, 0.00206557, 0.001314947, 0.001449095, 0.00150801, 0.00134757,buy
2016-05-09,0,1,3,1,1,0,1,2,2,0,1,0,2,3,1,3,1, 0.00306750, 0.003127583, 0.002882236, 0.00330735, 0.00306750,buy
2016-05-10,0,0,3,1,3,1,1,1,3,0,2,1,2,3,2,2,1,-0.00122805,-0.000752113,-0.000843669, 0.00093092, 0.00093092,buy
2016-05-11,1,0,3,4,2,1,1,2,1,1,2,1,2,4,3,3,1,-0.00131812,-0.003529175,-0.003178700,-0.00335057,-0.00262159,sell
2016-05-12,1,1,5,1,3,0,2,1,0,0,2,1,1,3,4,2,1,-0.00157950, 0.001968470,-0.002135707, 0.00024198,-0.00148847,sell
2016-05-13,1,1,4,0,3,0,2,1,0,1,1,1,0,4,3,2,2, 0.00034959, 0.001823200,-0.000505992, 0.00108651, 0.00029902,buy
2016-05-14,1,2,3,2,1,0,1,1,0,1,1,1,0,4,2,2,2, 0.00143684, 0.001685586, 0.001136024, 0.00146969, 0.00162067,buy
2016-05-15,1,0,5,1,2,1,1,1,0,1,2,0,1,4,2,3,1,-0.00084299,-0.002034170,-0.001118682, 0.00092629,-0.00254007,sell
2016-05-16,0,1,3,0,2,0,1,1,1,0,1,1,0,3,1,2,1, 0.00469545, 0.004667996, 0.004752620, 0.00464429, 0.00477392,buy
2016-05-17,0,2,2,1,2,0,2,1,3,0,3,1,2,3,2,1,1, 0.00023536, 0.000203817, 0.001685299, 0.00243364, 0.00074769,buy
2016-05-18,0,1,1,1,2,1,2,3,2,1,4,1,2,2,2,2,1, 0.00099238, 0.000171427, 0.000919001, 0.00162481, 0.00076129,buy
2016-05-19,0,2,1,2,1,0,2,3,1,0,3,1,3,2,2,1,0, 0.00514817, 0.002333085, 0.005177708,-0.00014250, 0.00517771,buy
2016-05-20,0,2,2,1,1,1,2,1,3,0,3,1,3,3,2,1,0,-0.00035293, 0.000726975, 0.000368484, 0.00029553, 0.00002083,buy
2016-05-21,1,3,1,1,2,2,0,2,1,0,2,2,3,3,1,1,1,-0.00191594,-0.000905419,-0.002732860, 0.00096480,-0.00233522,sell
2016-05-22,2,3,1,2,1,1,0,2,1,2,4,2,3,3,2,1,0, 0.00033787, 0.000337867,-0.000783342, 0.00013675,-0.00057734,buy
2016-05-23,1,4,3,2,2,2,1,1,0,1,5,2,1,5,2,1,1, 0.00086436, 0.000357224, 0.001056466, 0.00050458, 0.00083496,buy
2016-05-24,0,4,2,2,2,1,1,2,0,0,3,2,1,4,1,2,1, 0.00129443,-0.000331463, 0.001577030, 0.00125484, 0.00211739,buy
2016-05-25,1,3,3,2,1,1,1,3,1,1,3,2,2,4,2,3,1,-0.00131961,-0.000267109,-0.003111670,-0.00185326,-0.00184338,sell
2016-05-26,0,2,3,2,1,1,0,4,1,1,3,2,2,3,2,2,1,-0.00461719,-0.001050883,-0.005354273,-0.00489105,-0.00490454,sell
2016-05-27,0,1,3,1,2,0,2,3,1,0,2,0,2,4,2,2,1, 0.00063252, 0.000885512, 0.000798618, 0.00114919, 0.00090313,buy
2016-05-28,0,2,2,0,1,0,1,3,1,1,1,1,1,3,1,3,1, 0.00368924, 0.003226201, 0.002709632, 0.00303366, 0.00244539,buy
2016-05-29,1,2,1,0,0,1,0,4,1,3,1,1,3,3,1,3,1, 0.00060158,-0.001285358,-0.001268543,-0.00275775,-0.00139358,sell
2016-05-30,0,2,2,0,0,1,1,2,1,2,1,1,2,2,2,3,0, 0.00109416,-0.001262627, 0.000930079, 0.00095523, 0.00080891,buy
2016-05-31,0,1,3,1,1,1,1,2,1,3,2,2,4,1,2,2,1,-0.00076899,-0.000589021, 0.000741732,-0.00052675,-0.00046427,sell
2016-06-01,1,1,2,3,2,2,1,3,0,4,3,2,5,2,4,2,1, 0.00235774, 0.001452444, 0.002324948, 0.00230892, 0.00235774,buy
2016-06-02,0,2,2,2,2,2,1,1,1,4,4,1,5,2,4,0,1, 0.00110036, 0.001101724, 0.001051591, 0.00196483, 0.00109382,buy
2016-06-03,0,1,2,0,2,3,3,0,1,4,3,1,4,2,3,2,1,-0.00004247,-0.001065718,-0.000388642, 0.00144871,-0.00004247,sell
2016-06-04,1,2,0,1,2,4,1,1,0,6,4,1,4,3,3,2,1, 0.00145711, 0.001396616, 0.001470552, 0.00243631, 0.00145711,buy
2016-06-05,1,2,0,0,5,3,1,0,1,4,3,1,3,3,3,3,1, 0.00130283, 0.001393978, 0.001267889, 0.00110043, 0.00121308,buy
2016-06-06,0,0,1,1,5,0,1,0,0,2,2,2,1,2,1,2,0,-0.00154598, 0.003208160,-0.001545979,-0.00156338, 0.00363767,sell
2016-06-07,0,0,2,2,4,2,2,0,1,1,1,3,2,3,1,3,1,-0.00622250,-0.006796552,-0.006173015,-0.00611232,-0.00681734,sell
2016-06-08,0,1,1,2,4,1,1,2,0,0,1,2,2,2,1,3,1,-0.00238151,-0.002381509,-0.002381509,-0.00007764,-0.00249425,sell
2016-06-09,0,1,2,0,4,1,2,0,2,0,1,2,1,2,1,4,1,-0.00007335,-0.000073349,-0.001277775,-0.00104772, 0.00151091,sell
2016-06-10,0,2,1,1,1,1,0,0,2,1,0,2,1,1,1,4,0, 0.00005302,-0.000399157, 0.000641946, 0.00084489, 0.00036710,buy
2016-06-11,1,2,1,2,2,2,0,0,2,1,2,2,2,2,1,4,0, 0.00028268,-0.001789351,-0.000122131, 0.00036776, 0.00048316,buy
2016-06-12,0,3,1,1,4,0,0,0,3,1,1,3,2,2,0,4,1, 0.00258180, 0.003548579, 0.002012633, 0.00344198, 0.00320275,buy
2016-06-13,0,5,0,1,4,0,0,1,3,0,1,3,3,2,1,3,1, 0.00337215, 0.004660213, 0.003744193, 0.00456249, 0.00433361,buy
2016-06-14,0,3,0,1,4,1,2,1,3,1,2,4,3,2,1,4,0, 0.00216601, 0.001733537, 0.001783868, 0.00199600, 0.00238865,buy
2016-06-15,0,3,1,2,3,1,1,2,1,0,2,3,3,1,1,3,1, 0.00116304, 0.000786358, 0.000716121, 0.00113312, 0.00107000,buy
2016-06-16,0,1,1,1,2,0,1,1,3,0,1,1,2,1,1,3,1, 0.00369743, 0.002890535, 0.003643893, 0.00179259, 0.00183020,buy
2016-06-17,1,2,0,0,3,0,0,1,2,0,1,1,2,1,0,3,1,-0.00004832,-0.001692446,-0.001880360,-0.00391351,-0.00420674,sell
2016-06-18,1,1,0,1,2,1,0,2,0,1,0,0,2,1,2,3,1, 0.00207338, 0.002481687, 0.002068986, 0.00028730, 0.00241493,buy
2016-06-19,1,0,1,0,1,1,2,1,0,3,1,1,2,1,2,3,0,-0.00109214,-0.001646706,-0.001597970,-0.00107177,-0.00149658,sell
2016-06-20,0,1,1,0,1,2,1,1,0,2,2,1,1,0,1,3,1,-0.00171610,-0.002198301,-0.002211254,-0.00221125,-0.00223880,sell
2016-06-21,1,1,1,0,2,1,1,1,1,2,2,1,2,2,2,2,0,-0.00190270,-0.002541432,-0.002620383,-0.00373792,-0.00284963,sell
2016-06-22,0,0,0,2,2,0,0,2,1,2,2,2,1,1,1,2,0, 0.00177075, 0.002744087, 0.001913346, 0.00059536, 0.00163539,buy
2016-06-23,0,0,0,2,4,0,2,0,1,1,3,1,1,2,1,1,1, 0.00101640, 0.001057536,-0.000312825, 0.00096823, 0.00165683,buy
2016-06-24,0,0,0,2,4,0,1,0,1,2,2,2,0,2,1,2,1, 0.00175653, 0.001954576, 0.000661484, 0.00063857, 0.00314240,buy
2016-06-25,1,1,2,2,3,0,0,2,1,1,0,4,2,1,2,3,1, 0.00106038, 0.003037544, 0.002735628, 0.00205030, 0.00255762,buy
2016-06-26,1,3,2,2,3,1,1,0,2,1,1,4,3,1,3,3,1,-0.00037640,-0.000622793, 0.001829144, 0.00136570, 0.00136920,buy
2016-06-27,0,3,1,2,3,0,2,0,1,0,0,3,3,0,2,3,1, 0.00273859, 0.003323720, 0.005972629, 0.00439412, 0.00483981,buy
2016-06-28,1,1,2,2,5,1,1,0,1,2,1,3,3,2,3,3,1,-0.00076023,-0.001393848,-0.002248120,-0.00072769,-0.00067856,sell
2016-06-29,1,1,1,3,3,1,0,1,1,0,2,2,2,2,2,2,0,-0.00259102,-0.003292887,-0.002776688,-0.00618342,-0.00312305,sell
2016-06-30,0,0,3,1,3,2,1,0,3,0,2,2,2,2,2,2,1,-0.00117055,-0.001524790,-0.001170547, 0.00242039, 0.00232692,sell
2016-07-01,0,1,1,2,2,2,1,2,1,0,2,2,1,2,1,3,1,-0.00036151, 0.000547802,-0.000361505,-0.00021548, 0.00045206,sell
2016-07-02,0,0,1,1,4,2,1,1,1,2,2,2,2,2,2,2,1,-0.00546019,-0.006799933,-0.005252608,-0.00730828,-0.00529124,sell
2016-07-03,0,1,3,1,4,0,0,0,2,0,1,3,3,0,2,2,0, 0.00148935, 0.000205761, 0.002253503, 0.00165832, 0.00167855,buy
2016-07-04,1,0,4,2,4,2,0,0,1,1,1,3,3,2,3,2,1,-0.00274561,-0.002283339,-0.003547298,-0.00262705,-0.00221132,sell
2016-07-05,1,0,4,2,2,1,0,1,0,2,1,2,3,1,2,3,1, 0.00072273,-0.000376487,-0.000536736,-0.00055550, 0.00006074,sell
2016-07-06,0,2,3,1,3,2,1,1,2,1,4,2,2,3,2,3,0, 0.00429996, 0.005371342, 0.004836947, 0.00477704, 0.00477704,buy
2016-07-07,0,1,2,3,2,2,2,0,2,2,3,2,1,4,2,3,1,-0.00081697,-0.000682374, 0.000183931,-0.00214919, 0.00315849,sell
2016-07-08,0,0,1,4,1,3,0,1,2,2,2,1,2,3,2,3,1, 0.00474537, 0.004188130, 0.002707358, 0.00320847, 0.00394650,buy
2016-07-09,1,0,2,2,2,2,0,0,3,2,3,2,2,2,1,4,0, 0.00125943, 0.002385256, 0.004612065, 0.00440284, 0.00434458,buy
2016-07-10,0,1,1,3,2,0,0,1,4,1,1,3,1,1,3,3,1, 0.00185322, 0.002243480, 0.001864075, 0.00186408, 0.00200984,buy
2016-07-11,0,0,1,3,2,0,1,1,2,2,2,2,3,1,2,2,0, 0.00004669, 0.000072867,-0.000006966, 0.00004669, 0.00038603,buy
2016-07-12,1,0,2,3,1,1,2,2,1,3,3,3,2,0,2,4,2, 0.00268454, 0.000727346, 0.002173596, 0.00268454, 0.00217360,buy
2016-07-13,1,0,2,1,1,0,1,2,0,2,2,1,2,0,1,2,2,-0.00271120,-0.001148134,-0.000964857,-0.00294722,-0.00115410,sell
2016-07-14,2,1,2,1,2,0,0,2,2,1,3,2,1,1,1,3,2,-0.00270233,-0.002412081,-0.002576989,-0.00033644,-0.00241489,sell
2016-07-15,2,3,2,2,2,0,0,3,0,1,2,2,2,1,1,5,2,-0.00146642,-0.002337791,-0.002396602,-0.00196650,-0.00233779,sell
2016-07-16,2,2,1,4,1,0,1,2,0,3,3,1,2,1,2,5,2, 0.00048474,-0.001310446,-0.001273117,-0.00127312,-0.00093068,sell
2016-07-17,1,4,3,3,1,0,1,2,0,2,4,2,2,0,2,5,2, 0.00260836, 0.002213787, 0.002009083, 0.00221668, 0.00120884,buy
2016-07-18,2,6,3,2,3,0,1,1,1,1,1,3,4,1,4,5,2,-0.00052289, 0.000209440, 0.001176310, 0.00106244, 0.00038831,buy
2016-07-19,2,4,4,2,3,0,0,2,1,1,1,4,5,1,4,3,1,-0.00048322,-0.001617900, 0.000696431, 0.00095575, 0.00081077,buy
2016-07-20,0,3,2,2,4,1,1,1,1,0,1,2,6,1,3,1,1,-0.00074286, 0.001265965, 0.000405593, 0.00126596, 0.00126596,buy
2016-07-21,0,3,1,1,5,1,2,0,2,1,1,3,5,2,2,2,1, 0.00171961, 0.001944017, 0.002057005, 0.00152125, 0.00243580,buy
2016-07-22,0,3,1,0,4,0,1,2,1,2,1,3,2,3,2,3,0, 0.00220461, 0.002231685, 0.002231685, 0.00150341, 0.00163555,buy
2016-07-23,1,4,0,0,5,1,1,1,1,1,2,2,3,3,2,2,1, 0.00178960, 0.001789603, 0.000486878, 0.00199022, 0.00193588,buy
2016-07-24,0,3,1,1,1,0,2,1,0,0,1,2,1,2,1,1,1,-0.00132297,-0.002107319,-0.002150072,-0.00234525,-0.00117925,sell
2016-07-25,0,2,3,1,2,0,2,2,0,1,3,2,2,3,1,1,1, 0.00236337, 0.002341545, 0.003528361, 0.00281161, 0.00296625,buy
2016-07-26,1,4,1,2,3,0,2,3,0,0,5,1,2,3,1,3,1, 0.00177395, 0.001675276, 0.002068873, 0.00206887, 0.00298062,buy
2016-07-27,0,4,2,1,1,0,1,2,1,2,3,1,2,2,2,2,2,-0.00152460,-0.000843020,-0.001632493,-0.00034867,-0.00027044,sell
2016-07-28,0,3,2,1,0,1,2,2,0,2,3,2,1,2,1,3,1,-0.00214865,-0.001270149,-0.001260353,-0.00198010,-0.00242643,sell
2016-07-29,0,4,2,1,1,1,1,3,0,2,3,1,2,3,3,3,0,-0.00057960,-0.002733877,-0.003026772,-0.00289014,-0.00258183,sell
2016-07-30,0,4,2,1,3,0,1,2,2,2,3,2,3,3,2,3,1, 0.00080263, 0.000733159, 0.000958455, 0.00073320, 0.00095993,buy
2016-07-31,0,3,3,2,2,1,1,3,0,1,2,2,3,3,3,2,1,-0.00595618,-0.004540253,-0.005815274,-0.00595618,-0.00636924,sell
2016-08-01,0,3,3,4,1,1,1,1,1,1,1,2,3,3,3,3,1,-0.00245969,-0.002279671,-0.001919371,-0.00228221,-0.00243975,sell
2016-08-02,0,3,4,0,2,0,0,2,0,1,1,2,3,1,3,2,0,-0.00201125, 0.001231560, 0.001395949, 0.00112774, 0.00037087,buy
2016-08-03,0,4,2,1,4,0,1,1,0,1,1,2,3,4,3,1,0, 0.00269025, 0.001138613, 0.001338110, 0.00083930, 0.00125149,buy
2016-08-04,1,2,1,4,2,0,0,1,0,4,0,2,1,4,4,3,1,-0.00028159,-0.001658251,-0.001328231,-0.00029647,-0.00165825,sell
2016-08-05,0,0,1,3,2,2,0,1,0,3,0,1,3,4,2,2,0, 0.00063173, 0.000292987, 0.000328715, 0.00055252, 0.00126074,buy
2016-08-06,1,1,0,2,2,1,1,1,1,2,1,2,1,4,1,2,1,-0.00207116,-0.001642231,-0.002008086,-0.00005146,-0.00246953,sell
2016-08-07,0,2,1,2,2,1,1,2,2,3,0,4,2,6,2,1,1, 0.00285128,-0.000166835, 0.002429695, 0.00378521,-0.00189184,buy
2016-08-08,0,1,1,1,1,2,1,4,0,3,1,3,2,4,2,1,1, 0.00310527, 0.003199918, 0.003203333, 0.00320333, 0.00000340,buy
2016-08-09,0,1,1,1,1,1,2,1,1,1,1,3,2,2,1,0,1,-0.00163629,-0.002188527,-0.001633509,-0.00166849,-0.00216370,sell
2016-08-10,0,1,2,0,0,0,1,1,1,0,1,1,1,2,1,0,0,-0.00288321,-0.003012123,-0.003075888,-0.00307589,-0.00371238,sell
2016-08-11,1,2,1,1,1,1,0,1,1,1,1,2,2,2,1,2,0,-0.00129879,-0.001636188,-0.001888112,-0.00144976,-0.00168062,sell
2016-08-12,2,1,1,2,0,1,2,0,0,3,1,2,2,2,2,2,1,-0.00149570,-0.002507274,-0.002985632,-0.00389226,-0.00170591,sell
2016-08-13,0,2,2,1,0,1,2,0,0,2,2,1,1,1,1,3,1,-0.00272314,-0.001644940,-0.003001083,-0.00285796,-0.00294780,sell
2016-08-14,0,3,2,1,0,1,3,0,1,1,2,2,2,0,2,3,1,-0.00156616,-0.000586637,-0.000928788,-0.00030657,-0.00068654,sell
2016-08-15,1,3,3,1,1,1,2,2,1,2,1,2,2,2,4,5,1, 0.00110729, 0.001593264, 0.000741280,-0.00018885,-0.00164881,sell
2016-08-16,0,2,3,2,1,1,1,2,1,1,2,2,2,1,2,4,1,-0.00075450,-0.002010668,-0.001337132,-0.00200861,-0.00228055,sell
2016-08-17,2,2,2,2,2,0,3,0,2,0,3,2,1,2,3,3,1, 0.00260465, 0.002428337,-0.000513713,-0.00279879, 0.00078278,buy
2016-08-18,2,2,2,2,2,0,1,1,1,1,3,1,1,3,2,4,0, 0.00174827, 0.002092784, 0.002156483, 0.00206813, 0.00189444,buy
2016-08-19,3,1,1,2,1,1,1,1,1,3,2,1,2,3,3,3,1,-0.00008545, 0.000150137, 0.001747400,-0.00008545,-0.00022314,sell
2016-08-20,2,3,0,2,1,2,2,0,0,1,3,1,1,1,3,3,1,-0.00110957,-0.001151600,-0.000618764,-0.00105268,-0.00158937,sell
2016-08-21,2,1,2,2,1,0,1,0,0,2,1,1,2,2,3,2,0,-0.00013725, 0.000773207, 0.000347286,-0.00130505, 0.00002027,sell
2016-08-22,3,1,0,4,4,0,0,1,0,2,2,1,2,3,2,4,1, 0.00379368, 0.003616909, 0.003362440, 0.00373651,-0.00054488,buy
2016-08-23,2,0,1,4,3,0,0,0,1,1,2,1,2,2,2,2,1, 0.00156783, 0.001634698, 0.001227419, 0.00100589, 0.00353813,buy
2016-08-24,3,0,3,3,1,0,1,0,0,1,3,0,1,3,1,3,1, 0.00178797, 0.000834075,-0.000080360, 0.00047824, 0.00115737,buy
2016-08-25,4,2,0,2,2,2,0,1,0,2,3,1,2,2,2,3,2, 0.00057138,-0.001613028, 0.000584306,-0.00164610,-0.00001046,sell
2016-08-26,4,2,0,1,2,0,0,0,1,3,4,0,2,1,1,3,2, 0.00001021, 0.000355675,-0.001116466,-0.00037404,-0.00020885,sell
2016-08-27,4,1,1,0,2,0,1,0,0,3,3,1,2,2,2,0,2,-0.00034614, 0.001725008,-0.000797405,-0.00120366,-0.00046095,sell
2016-08-28,4,1,1,3,2,1,1,0,0,2,2,1,3,3,3,2,1,-0.00033084,-0.000199563, 0.000648471,-0.00064872,-0.00063052,sell
2016-08-29,3,3,1,4,0,1,1,0,2,3,3,1,3,3,3,3,2, 0.00394684,-0.001869993, 0.003342717,-0.00007194, 0.00406909,buy
2016-08-30,2,3,3,1,2,1,1,2,0,1,2,1,2,4,2,3,2,-0.00006797,-0.000028673, 0.000104187, 0.00008928,-0.00000921,sell
2016-08-31,1,3,1,2,0,1,3,0,0,1,2,1,1,3,2,2,1, 0.00419194, 0.004615121, 0.004615121, 0.00464313, 0.00339950,buy
2016-09-01,1,1,1,2,0,2,1,0,0,3,1,1,2,3,2,2,0, 0.00013248,-0.003323132,-0.000035579,-0.00064442, 0.00073352,buy
2016-09-02,2,2,0,1,1,1,1,0,0,1,2,0,1,3,1,2,0,-0.00104723,-0.001019654,-0.001600555,-0.00131262,-0.00139632,sell
2016-09-03,3,1,1,1,1,1,1,0,1,1,2,0,2,3,2,1,1,-0.00037721, 0.000439809,-0.000599256,-0.00026584,-0.00016531,sell
2016-09-04,1,0,1,0,2,2,1,1,3,3,1,2,2,3,4,2,0,-0.00057595,-0.000589793,-0.000575949,-0.00032060,-0.00051415,sell
2016-09-05,1,0,1,1,2,1,2,2,1,1,2,2,2,2,2,2,0,-0.00031306,-0.003269735,-0.000509287,-0.00310106,-0.00328339,sell
2016-09-06,0,0,2,0,2,0,4,1,2,1,1,2,2,3,2,1,1,-0.00221100,-0.004158753,-0.002399851,-0.00271381,-0.00281368,sell
2016-09-07,0,1,1,0,3,0,1,2,2,1,1,2,2,2,1,2,1,-0.00036830, 0.000603717, 0.000117968, 0.00039519,-0.00075933,sell
2016-09-08,1,1,1,1,2,0,0,1,3,3,1,1,3,3,2,2,1, 0.00338289, 0.003259845, 0.001860658, 0.00227164, 0.00304640,buy
2016-09-09,2,0,2,0,2,0,1,0,2,3,0,2,2,3,2,2,1, 0.00258398, 0.001080330, 0.002171841, 0.00212542, 0.00239361,buy
2016-09-10,0,0,1,0,1,0,0,0,0,4,1,2,0,1,0,2,0, 0.00166700, 0.001527146, 0.001962469, 0.00148156, 0.00148269,buy
2016-09-11,1,2,0,0,1,0,1,0,1,4,1,2,1,2,1,2,1,-0.00008704, 0.000922158, 0.001544886,-0.00026440, 0.00063184,sell
2016-09-12,0,1,2,0,0,0,2,2,0,4,1,3,1,1,1,2,2, 0.00390575, 0.004143298, 0.000238659, 0.00378132, 0.00390575,buy
2016-09-13,0,1,2,1,1,0,3,1,2,2,2,4,1,1,1,2,2, 0.00354681, 0.002830347, 0.003513551, 0.00270987, 0.00274423,buy
2016-09-14,0,0,2,1,1,0,2,1,3,2,1,4,0,2,0,3,2, 0.00430230, 0.001367307, 0.004145456, 0.00185099, 0.00192267,buy
2016-09-15,1,0,2,1,2,1,1,2,1,2,1,2,1,2,1,4,2,-0.00039002, 0.000715139, 0.001370501,-0.00041417,-0.00025710,sell
2016-09-16,0,1,2,0,2,1,1,0,2,2,0,3,0,2,1,4,1, 0.00062598, 0.000577577, 0.000659188, 0.00064990, 0.00172175,buy
2016-09-17,0,1,3,1,1,2,1,1,1,1,1,3,2,1,2,3,0, 0.00376879, 0.000754296, 0.001572557, 0.00081009, 0.00097833,buy
2016-09-18,1,1,4,2,1,2,1,2,1,2,0,3,3,3,3,4,1, 0.00029394,-0.002848271,-0.003051783,-0.00371729,-0.00255621,sell
2016-09-19,0,2,2,3,2,1,0,2,2,1,1,4,3,2,3,2,0, 0.00095072, 0.001119470, 0.001119470, 0.00019742, 0.00103248,buy
2016-09-20,0,2,3,3,3,0,1,2,2,0,1,4,2,3,2,2,2,-0.00100678,-0.000748793,-0.000942206,-0.00094221,-0.00100678,sell
2016-09-21,1,2,2,2,2,1,0,3,1,2,2,3,2,3,3,1,2, 0.00161145, 0.000477997, 0.000477997, 0.00011601,-0.00039945,buy
2016-09-22,1,4,1,1,1,2,0,1,2,2,2,3,2,3,2,1,2,-0.00312355,-0.003180808,-0.004909280,-0.00270657,-0.00314509,sell
2016-09-23,1,3,3,0,0,1,1,1,1,1,3,2,2,2,0,1,2, 0.00101664, 0.001262833, 0.001086886, 0.00136864, 0.00077835,buy
2016-09-24,1,3,2,0,1,1,1,1,0,1,2,1,1,3,1,1,2, 0.00071673, 0.000502736, 0.001445962, 0.00079037, 0.00112887,buy
2016-09-25,1,3,1,2,1,0,1,1,1,2,3,2,1,2,1,2,2, 0.00048868, 0.001406972, 0.001401429, 0.00048982, 0.00021150,buy
2016-09-26,1,3,2,1,2,0,1,2,0,0,3,2,1,3,1,1,1, 0.00340764, 0.002745410, 0.004286666, 0.00405283, 0.00443187,buy
2016-09-27,1,2,3,1,0,0,1,1,0,0,3,2,0,2,1,1,0, 0.00258763, 0.000120036, 0.000306239, 0.00201165, 0.00323966,buy
2016-09-28,1,1,2,2,0,1,2,0,1,2,4,2,1,2,1,1,1,-0.00090071,-0.000417386,-0.000754093,-0.00069305,-0.00071856,sell
2016-09-29,0,2,2,0,2,0,0,1,0,1,1,2,2,1,0,1,1,-0.00526665,-0.002700989,-0.002700989,-0.00276979,-0.00270099,sell
2016-09-30,1,2,1,0,2,0,2,0,1,2,2,2,2,1,2,1,1, 0.00041010, 0.000528935, 0.001345571, 0.00109708, 0.00054252,buy
2016-10-01,0,1,1,0,3,0,2,1,2,2,1,1,3,1,3,1,2, 0.00137669, 0.000809489, 0.000727651, 0.00066722, 0.00087704,buy
2016-10-02,0,1,1,1,2,1,1,2,1,1,1,1,3,0,3,2,1,-0.00086874,-0.000712264,-0.000568263,-0.00056670, 0.00000416,sell
2016-10-03,1,0,2,0,2,0,3,1,4,1,2,1,3,2,3,1,2,-0.00208634, 0.000086081,-0.002086339,-0.00082546,-0.00097341,sell
2016-10-04,1,1,0,0,3,0,1,3,3,2,2,1,2,3,2,2,2, 0.00012943, 0.002371735, 0.003145262,-0.00010356, 0.00020560,buy
2016-10-05,0,1,0,1,0,0,2,2,3,2,2,1,1,3,2,1,1, 0.00277898, 0.002913722, 0.003256153, 0.00278143, 0.00336068,buy
2016-10-06,1,2,0,1,0,0,3,1,4,3,2,1,2,4,2,2,2,-0.00057421, 0.000783683,-0.000891741,-0.00059521,-0.00092136,sell
2016-10-07,0,2,1,0,0,0,0,2,2,2,1,0,1,3,0,2,2, 0.00188781, 0.002659580, 0.002530745, 0.00265958, 0.00112702,buy
2016-10-08,2,3,0,0,0,0,1,3,2,3,3,1,2,3,1,2,2,-0.00051661,-0.001808542,-0.002158485,-0.00239998,-0.00021530,sell
2016-10-09,2,3,0,0,1,0,1,5,2,3,4,1,2,3,2,3,2,-0.00000411,-0.002942915,-0.003305663,-0.00242590,-0.00000411,sell
2016-10-10,1,1,1,0,2,0,3,5,1,2,4,3,4,0,2,2,1,-0.00032975,-0.000363062,-0.000421153,-0.00029037,-0.00039738,sell
2016-10-11,1,1,0,1,2,1,4,3,3,2,3,3,3,1,2,4,2, 0.00000120,-0.001137999,-0.000090783, 0.00154266,-0.00008303,sell
2016-10-12,1,3,0,1,3,1,1,6,3,2,4,3,3,1,2,5,3, 0.00034570, 0.001184441, 0.001093687, 0.00151881,-0.00066937,buy
2016-10-13,1,3,0,1,3,1,2,4,4,2,2,3,5,1,3,5,2, 0.00129735, 0.000874981, 0.001617078, 0.00275417, 0.00106248,buy
2016-10-14,1,3,1,1,1,1,2,2,2,2,0,2,4,2,3,3,2,-0.00306932,-0.003387288,-0.003105526,-0.00277926,-0.00123077,sell
2016-10-15,2,1,1,2,0,2,2,2,1,4,1,3,3,4,3,2,1, 0.00060119,-0.000186847, 0.000658429,-0.00024435, 0.00006078,buy
2016-10-16,2,3,0,2,1,1,1,3,1,1,0,2,3,4,3,2,1, 0.00024409,-0.000256210,-0.000100388,-0.00040559, 0.00116666,buy
2016-10-17,1,1,2,1,2,1,1,3,1,1,1,2,3,4,3,1,0,-0.00118757,-0.000921244,-0.001433937, 0.00066611,-0.00143394,sell
2016-10-18,1,0,0,4,0,2,2,3,0,0,1,2,1,3,2,2,1,-0.00110191,-0.000117820, 0.000998078, 0.00070497, 0.00110546,buy
2016-10-19,1,0,1,2,2,2,1,4,0,1,1,2,3,3,3,2,0,-0.00128258,-0.001454071,-0.001876502,-0.00104691,-0.00144090,sell
2016-10-20,1,2,0,1,1,1,0,3,1,0,1,1,2,2,1,2,1, 0.00023833, 0.000131547, 0.000632914,-0.00251717,-0.00080525,sell
2016-10-21,1,0,1,3,2,3,0,2,0,1,1,1,2,2,3,2,2, 0.00431043, 0.004310431, 0.004453740, 0.00210988, 0.00440073,buy
2016-10-22,1,0,0,5,0,0,0,2,0,1,0,0,2,1,3,2,1, 0.00073170, 0.001801084, 0.000633195, 0.00337964, 0.00151087,buy
2016-10-23,0,1,2,1,2,0,0,2,2,1,2,0,2,1,3,2,1, 0.00455804, 0.003786203, 0.004599221, 0.00455804, 0.00454278,buy
2016-10-24,0,1,2,1,2,0,0,2,1,2,2,1,1,1,2,3,1, 0.00355177, 0.003476661, 0.003476661, 0.00454672, 0.00347666,buy
2016-10-25,0,2,0,4,0,1,1,1,1,3,3,1,2,1,2,3,1,-0.00128343,-0.000945042,-0.001662076,-0.00133381,-0.00224166,sell
2016-10-26,0,1,2,0,1,1,1,0,1,4,3,1,2,1,1,2,1, 0.00030993,-0.000067345, 0.000374504, 0.00009787, 0.00026958,buy
2016-10-27,1,2,0,0,1,0,1,1,1,2,2,0,2,2,1,2,0,-0.00065641,-0.000631728, 0.000049140, 0.00075433,-0.00063173,sell
2016-10-28,2,2,1,0,1,0,1,1,3,2,3,1,3,2,2,1,1, 0.00068167, 0.001180019,-0.000766000, 0.00022607, 0.00129081,buy
2016-10-29,1,1,2,1,0,1,3,3,0,3,3,1,4,2,2,2,1,-0.00078209,-0.001712735,-0.001584772,-0.00123369,-0.00118855,sell
2016-10-30,1,1,3,0,0,0,4,3,0,1,4,0,4,1,2,1,1, 0.00353467, 0.001212488,-0.000011561, 0.00121249, 0.00126053,buy
2016-10-31,1,1,3,0,1,0,7,1,2,1,4,1,4,2,3,2,1, 0.00283798, 0.002831846, 0.002437272, 0.00223539, 0.00283798,buy
2016-11-01,0,2,1,1,1,0,4,3,2,0,4,1,3,3,1,2,0, 0.00211810, 0.000330424, 0.001345795,-0.00026044, 0.00159318,buy
2016-11-02,1,1,2,1,0,0,4,2,2,1,4,1,3,2,2,2,0,-0.00149912,-0.000211947,-0.000211947,-0.00064313,-0.00056950,sell
2016-11-03,2,1,3,0,0,0,5,2,2,0,2,1,2,3,4,2,1, 0.00106909, 0.002217831, 0.002333080, 0.00233308, 0.00186101,buy
2016-11-04,0,2,1,0,0,0,4,2,3,1,3,0,2,2,3,2,1, 0.00252176, 0.001869314, 0.000895751, 0.00089575, 0.00089575,buy
2016-11-05,1,2,1,0,1,0,5,1,2,2,3,0,1,2,3,4,2,-0.00079233,-0.002451429,-0.003062023,-0.00245143,-0.00245143,sell
2016-11-06,1,1,1,0,1,0,4,3,1,1,2,1,1,1,3,3,2, 0.00040907, 0.000626527, 0.000831170,-0.00027572, 0.00083020,buy
2016-11-07,0,0,1,0,1,0,4,2,2,0,1,0,1,2,3,1,2,-0.00113969,-0.000545438,-0.001637129,-0.00138630,-0.00159824,sell
2016-11-08,0,1,0,1,1,0,3,2,3,0,1,1,1,2,2,2,2,-0.00047509, 0.001655599, 0.000561945,-0.00059195, 0.00002063,sell
2016-11-09,1,1,0,0,2,0,4,5,2,1,2,3,2,3,3,2,1,-0.00200084,-0.001348954,-0.001981185,-0.00169774, 0.00016101,sell
2016-11-10,0,2,0,0,2,0,3,4,1,2,2,2,1,2,3,2,2, 0.00094840, 0.000878640, 0.000924418,-0.00210468, 0.00222983,buy
2016-11-11,0,3,0,0,1,1,3,3,2,1,2,3,2,1,2,1,3, 0.00232772, 0.002748256, 0.002736542, 0.00253899, 0.00159504,buy
2016-11-12,1,2,1,1,1,1,2,4,1,1,2,2,1,3,3,2,2, 0.00281348, 0.002927227, 0.003257763, 0.00090968, 0.00336960,buy
2016-11-13,0,1,1,1,2,0,2,1,2,1,1,3,1,2,1,1,2,-0.00023040, 0.003176427, 0.001991161, 0.00348056, 0.00360038,buy
2016-11-14,0,1,1,3,3,0,3,1,1,0,2,3,0,2,1,3,2, 0.00159689, 0.000705809, 0.001562734, 0.00065732, 0.00204001,buy
2016-11-15,0,1,2,3,3,0,2,1,1,1,2,3,2,2,0,3,2,-0.00048568,-0.002090947,-0.000485680,-0.00209301,-0.00067844,sell
2016-11-16,0,3,1,2,1,1,3,0,2,0,1,3,3,1,1,3,1,-0.00140411, 0.001483297,-0.000491696,-0.00056977,-0.00038631,sell
2016-11-17,0,3,1,1,1,2,3,1,2,2,3,3,5,1,0,2,2,-0.00041592, 0.000470341, 0.000480768, 0.00035716,-0.00029912,buy
2016-11-18,0,2,0,2,1,1,3,1,2,3,2,2,5,1,1,3,1,-0.00365110, 0.000147252, 0.002506896, 0.00048953,-0.00409187,buy
2016-11-19,0,3,0,1,2,1,3,2,1,1,1,2,5,1,1,2,2,-0.00128418,-0.000356631,-0.001465019,-0.00073311,-0.00210295,sell
2016-11-20,0,2,2,1,1,0,3,2,3,0,3,1,3,2,1,2,2, 0.00134523, 0.001948656, 0.002716558, 0.00572435, 0.00179499,buy
2016-11-21,1,1,0,3,0,0,3,3,2,0,3,1,2,3,2,1,1,-0.00110028,-0.001571305, 0.001743234,-0.00005237,-0.00048362,sell
2016-11-22,2,0,2,1,2,1,3,2,1,2,4,1,2,4,2,2,1,-0.00033783,-0.003162111,-0.002946113,-0.00322783,-0.00049766,sell
2016-11-23,2,2,0,1,1,0,3,2,1,1,3,1,1,4,2,1,1,-0.00017683, 0.000815764, 0.000537499, 0.00081576,-0.00049345,buy
2016-11-24,2,2,2,1,1,0,3,2,1,2,3,1,2,4,2,2,2, 0.00034606,-0.000514963, 0.001391207, 0.00110300, 0.00095062,buy
2016-11-25,3,0,2,2,0,1,2,0,1,3,3,0,1,3,3,3,1,-0.00073201, 0.000608832,-0.000677735,-0.00083499,-0.00083499,sell
2016-11-26,1,1,3,2,0,0,2,1,0,1,2,1,2,2,2,2,0,-0.00011370,-0.000114471,-0.000202745,-0.00015204,-0.00006813,sell
2016-11-27,1,0,3,1,1,0,4,0,3,4,3,1,2,3,3,4,1,-0.00004260, 0.001141599,-0.001081291, 0.00028740, 0.00051053,sell
2016-11-28,0,1,1,1,1,0,2,2,2,2,2,0,2,2,2,3,1, 0.00115090, 0.001150899, 0.001513848, 0.00072849, 0.00143417,buy
2016-11-29,0,0,1,2,0,0,1,4,1,3,2,0,3,2,1,3,1,-0.00202859,-0.001849851,-0.001948358,-0.00193023,-0.00200147,sell
2016-11-30,1,0,2,0,0,0,3,1,3,2,2,1,2,2,2,2,1, 0.00139084, 0.001127177, 0.001046138, 0.00071656, 0.00050518,buy
2016-12-01,0,1,1,0,0,0,1,3,1,2,1,2,2,1,1,2,0, 0.00107091, 0.001848645, 0.001070905, 0.00317315, 0.00154859,buy
2016-12-02,1,1,1,0,0,0,3,2,3,3,2,2,3,2,2,3,0,-0.00411250,-0.003187033,-0.003700557,-0.00318009,-0.00410656,sell
2016-12-03,1,1,1,0,0,0,2,4,2,2,2,1,3,1,3,2,1, 0.00156858,-0.000294757,-0.001909913,-0.00063484,-0.00090617,sell
2016-12-04,0,2,1,0,0,0,3,3,2,0,3,1,2,2,2,1,0, 0.00424415, 0.000444309, 0.001608973,-0.00011091, 0.00416059,buy
2016-12-05,1,1,2,0,0,0,3,1,5,0,4,2,0,2,2,2,1, 0.00188900, 0.002374452, 0.001700360, 0.00196993, 0.00202693,buy
2016-12-06,2,2,0,1,0,0,2,3,3,0,3,1,1,2,2,3,1,-0.00106746,-0.001238040,-0.001187440,-0.00012289,-0.00106746,sell
2016-12-07,2,2,0,0,1,0,3,3,4,1,3,2,2,2,3,3,1,-0.00205741,-0.001892777,-0.002161609,-0.00302912,-0.00136344,sell
2016-12-08,1,3,0,0,0,0,2,3,4,0,2,2,2,1,3,2,1,-0.00272924,-0.002729245,-0.003193474,-0.00256162,-0.00238163,sell
2016-12-09,2,2,2,0,0,1,2,3,4,1,3,3,2,2,3,4,0, 0.00018718,-0.000824155,-0.000871786, 0.00012277,-0.00040731,sell
2016-12-10,2,3,1,1,0,0,0,3,3,1,2,2,2,1,3,3,1,-0.00035441,-0.000212931,-0.000359398, 0.00033903,-0.00172138,sell
2016-12-11,1,1,2,0,2,0,1,2,3,0,2,1,2,1,3,2,1,-0.00466549,-0.002741211,-0.004611037,-0.00325511,-0.00321160,sell
2016-12-12,1,1,2,2,0,0,2,3,2,1,2,3,2,1,2,3,1,-0.00156936, 0.003100899,-0.000380204,-0.00003692, 0.00101578,sell
2016-12-13,1,2,3,1,1,1,1,2,2,1,1,3,3,2,1,3,2,-0.00176739,-0.001808270,-0.001767389,-0.00294903,-0.00274966,sell
2016-12-14,1,2,2,1,1,0,1,1,2,0,1,3,2,1,0,2,2,-0.00062041,-0.000160085,-0.000118909, 0.00098459, 0.00006322,sell
2016-12-15,1,1,1,1,2,1,1,1,1,2,2,3,2,2,1,1,1,-0.00420819,-0.003117787,-0.005027786,-0.00501408,-0.00588414,sell
2016-12-16,1,1,0,2,1,0,1,2,1,1,0,3,2,2,1,2,0, 0.00041684,-0.000043725, 0.000381956,-0.00042102, 0.00041684,buy
2016-12-17,1,0,2,1,2,1,2,2,2,0,1,2,2,3,2,1,2, 0.00323818, 0.003462644, 0.003462644, 0.00336674, 0.00346264,buy
2016-12-18,1,0,2,1,0,1,2,3,2,0,2,3,0,4,1,1,1, 0.00106233,-0.001446373,-0.001890150,-0.00180213,-0.00106943,sell
2016-12-19,1,1,1,2,1,1,2,3,1,0,1,2,1,5,1,1,2,-0.00030538,-0.001044675, 0.000573364,-0.00092591, 0.00004227,sell
2016-12-20,1,0,1,0,2,0,3,2,1,1,1,2,0,4,1,1,2, 0.00011403, 0.000972509,-0.000851667, 0.00002156, 0.00195356,buy
2016-12-21,1,1,1,2,2,0,2,3,1,0,2,3,1,4,0,1,2,-0.00172431,-0.001088510,-0.000734123,-0.00215238,-0.00174141,sell
2016-12-22,1,0,2,2,1,1,2,2,3,1,3,2,1,3,2,2,2, 0.00145390, 0.002773110, 0.003507101, 0.00149893, 0.00221258,buy
2016-12-23,0,1,2,2,0,0,1,3,3,0,2,2,1,2,2,2,1, 0.00048886, 0.000790143, 0.000542225,-0.00015436, 0.00190610,buy
2016-12-24,0,1,3,1,0,0,0,3,5,0,2,2,2,2,2,2,1, 0.00155205, 0.001503614, 0.001781785, 0.00027889, 0.00184087,buy
2016-12-25,0,3,1,1,1,0,2,1,5,1,3,2,2,1,2,4,1,-0.00083360,-0.000713520,-0.000879221,-0.00083360,-0.00136392,sell
2016-12-26,0,3,1,2,0,0,0,4,4,2,3,2,3,1,1,5,1,-0.00146305,-0.000551081,-0.000591380,-0.00042979,-0.00042979,sell
2016-12-27,2,2,2,1,0,0,1,2,8,1,3,2,4,1,2,5,2,-0.00081023,-0.000254309, 0.000772978, 0.00078222, 0.00078222,buy
2016-12-28,2,2,1,1,0,0,0,2,6,0,2,2,3,0,1,4,2,-0.00230216,-0.003945910,-0.000539291,-0.00052374,-0.00052374,sell
2016-12-29,2,3,0,1,0,0,0,2,5,0,1,3,3,1,0,4,1,-0.00194371,-0.004278133,-0.002173593,-0.00135042,-0.00193123,sell
2016-12-30,2,2,0,0,0,0,2,2,2,2,1,2,3,1,1,3,1,-0.00225997,-0.002394279,-0.002704255,-0.00236680,-0.00428321,sell
2016-12-31,1,1,0,0,0,0,2,1,2,0,1,2,3,0,1,0,0, 0.00216275, 0.002110409,-0.000913950, 0.00199037, 0.00194271,buy
2017-01-01,1,0,1,0,0,0,1,0,4,0,1,1,2,1,1,1,0, 0.00003319, 0.001209578, 0.000711557, 0.00069627, 0.00098358,buy
2017-01-02,2,0,0,1,0,0,0,3,2,0,1,1,1,2,0,1,2,-0.00082204,-0.000636757,-0.000540875,-0.00111819, 0.00043670,sell
2017-01-03,4,0,0,1,1,0,1,1,3,1,2,2,2,3,1,1,1,-0.00071548,-0.000599776, 0.000007968,-0.00065562, 0.00008792,sell
2017-01-04,2,1,0,0,1,0,2,1,1,1,1,0,1,2,2,1,2,-0.00043101, 0.000566629,-0.000594055,-0.00037023,-0.00061701,sell
2017-01-05,1,1,0,0,0,0,2,3,0,1,0,1,1,3,1,1,1,-0.00340730,-0.004045632,-0.002529404,-0.00485371,-0.00448384,sell
2017-01-06,2,1,1,1,0,1,0,5,1,1,2,1,1,5,1,2,1,-0.00161804,-0.001618036, 0.000849290,-0.00161804,-0.00150288,sell
2017-01-07,1,0,1,2,0,0,0,2,4,2,2,1,1,4,1,2,1,-0.00125970,-0.001698086,-0.001850592,-0.00302970,-0.00126749,sell
2017-01-08,1,0,1,2,2,0,2,1,2,2,3,1,0,4,2,3,0,-0.00035760, 0.000405738, 0.000405738,-0.00009174, 0.00042017,buy
2017-01-09,2,0,0,3,1,0,1,2,1,5,3,1,2,4,1,3,1,-0.00109541, 0.001280413,-0.000667020,-0.00062419, 0.00173970,sell
2017-01-10,1,3,1,1,1,1,2,1,2,3,3,2,2,2,2,4,1,-0.00061839,-0.000019143, 0.000192252,-0.00061839,-0.00037276,sell
2017-01-11,1,2,2,1,0,0,2,1,1,2,3,1,3,1,1,2,1,-0.00114354,-0.000512748,-0.001064695,-0.00196185,-0.00145194,sell
2017-01-12,1,0,1,3,1,1,2,1,1,4,3,1,3,2,2,3,1,-0.00497884,-0.002426081,-0.004419488,-0.00536133,-0.00215839,sell
2017-01-13,1,1,0,2,3,0,2,1,1,2,2,1,3,1,3,2,1, 0.00269375, 0.002557834, 0.002491693, 0.00203618, 0.00326119,buy
2017-01-14,1,0,2,0,3,0,2,1,2,2,3,1,2,2,3,2,0, 0.00145048, 0.002215422, 0.001366931, 0.00241140, 0.00223952,buy
2017-01-15,0,1,0,2,1,1,1,2,0,1,2,0,2,1,2,2,0, 0.00000131, 0.001090636, 0.001090636,-0.00012306, 0.00101639,buy
2017-01-16,0,1,1,0,2,3,2,1,1,2,2,1,2,2,3,2,1, 0.00060582, 0.000271429, 0.001100274, 0.00000159, 0.00035349,buy
2017-01-17,0,1,0,0,1,0,2,1,1,2,2,0,1,2,2,1,0, 0.00123064, 0.001392769, 0.000985860, 0.00116778, 0.00116078,buy
2017-01-18,0,1,0,0,3,0,1,0,1,2,1,0,1,2,1,2,1,-0.00335713,-0.003357129,-0.003265116,-0.00207569,-0.00318085,sell
2017-01-19,1,1,0,2,2,1,0,0,2,2,2,1,1,2,2,2,1, 0.00228749, 0.002251371, 0.000821942, 0.00244256, 0.00190342,buy
2017-01-20,0,1,1,2,1,0,1,1,2,1,1,1,2,1,2,2,1, 0.00331987, 0.002915546, 0.003338421, 0.00156688, 0.00270461,buy
2017-01-21,0,1,2,0,2,0,3,0,3,1,2,1,1,2,2,3,1,-0.00021974, 0.000155580, 0.000643213, 0.00058531, 0.00032882,buy
2017-01-22,0,4,1,1,1,0,3,2,2,1,4,1,2,2,2,3,1,-0.00151866,-0.001518664,-0.002075847,-0.00129089,-0.00143998,sell
2017-01-23,0,4,0,1,1,0,2,1,1,2,3,1,2,1,1,3,1,-0.00094398,-0.000321491,-0.000852610,-0.00047161,-0.00094398,sell
2017-01-24,1,1,1,0,1,0,2,0,2,3,3,1,1,1,2,2,1,-0.00002635, 0.000122672,-0.000205793, 0.00263509,-0.00091471,sell
2017-01-25,0,2,0,0,1,0,1,1,2,1,2,0,2,0,2,2,0,-0.00047619,-0.002768070,-0.002941717,-0.00276807,-0.00293584,sell
2017-01-26,1,1,0,0,1,0,3,2,1,3,3,0,2,1,3,2,1,-0.00194391,-0.001780512,-0.001943914,-0.00174230,-0.00018496,sell
2017-01-27,1,2,0,0,1,0,2,4,2,1,3,1,2,1,4,0,2,-0.00027966,-0.000264532,-0.000304902,-0.00157072, 0.00094934,sell
2017-01-28,1,0,0,0,1,0,3,4,1,1,1,1,2,2,3,1,1, 0.00195390, 0.001853593, 0.001673172, 0.00195390, 0.00120249,buy
2017-01-29,1,0,1,0,0,0,3,2,2,2,1,1,1,2,3,2,1,-0.00106717,-0.001170024,-0.000932511,-0.00110059,-0.00116713,sell
2017-01-30,2,0,0,1,0,0,1,3,1,2,1,0,2,3,2,2,0, 0.00119825,-0.001240083,-0.000411056,-0.00020897, 0.00068512,sell
2017-01-31,2,0,0,0,1,0,2,1,1,3,2,0,1,2,2,2,1,-0.00203792,-0.000257061,-0.001838564,-0.00153899,-0.00146640,sell
2017-02-01,1,1,0,0,0,0,3,0,0,2,1,1,2,0,2,1,0,-0.00145668,-0.002914815,-0.001755918,-0.00196660,-0.00213398,sell
2017-02-02,1,0,1,0,0,1,2,2,0,3,2,0,2,1,2,2,1,-0.00280728,-0.004654902,-0.003951235,-0.00547163,-0.00309145,sell
2017-02-03,0,2,0,1,0,0,4,1,1,1,1,1,2,2,3,0,1,-0.00070964,-0.001204673, 0.000107581, 0.00042914,-0.00180469,sell
2017-02-04,0,1,1,0,2,0,3,3,0,1,2,1,1,2,3,1,1,-0.00033370,-0.002361422,-0.000333696,-0.00172537, 0.00138323,sell
2017-02-05,0,1,0,2,0,0,2,2,2,1,1,1,2,2,2,1,1, 0.00232714, 0.001472733, 0.002590658, 0.00308801, 0.00211741,buy
2017-02-06,0,2,1,0,1,1,2,0,3,1,1,0,3,2,2,2,1,-0.00343850, 0.000040582,-0.001686923,-0.00162748,-0.00337801,sell
2017-02-07,0,3,1,0,0,1,2,1,2,2,1,2,3,1,2,1,2, 0.00276650, 0.002446593, 0.003461926, 0.00311437, 0.00266501,buy
2017-02-08,0,4,2,0,1,1,2,1,2,2,3,2,2,2,2,2,2,-0.00051610,-0.000807110,-0.000531806, 0.00167118, 0.00130659,sell
2017-02-09,0,3,3,2,1,0,1,1,2,1,3,2,2,0,3,2,2,-0.00009505,-0.000802153,-0.000292825, 0.00058684,-0.00091966,sell
2017-02-10,0,3,3,2,2,0,1,1,4,0,3,2,2,1,4,2,2, 0.00141753, 0.001296983, 0.000687502, 0.00241859,-0.00023562,buy
2017-02-11,0,3,3,4,1,0,1,1,4,0,3,2,1,1,4,3,3,-0.00256274,-0.002231225,-0.002180245,-0.00282506,-0.00254488,sell
2017-02-12,0,3,2,1,3,1,2,3,2,0,3,2,3,1,4,2,2,-0.00200699,-0.000080070,-0.000149896,-0.00019304,-0.00094069,sell
2017-02-13,0,1,2,0,1,0,3,2,3,1,2,2,2,1,4,1,1, 0.00130018, 0.003027717, 0.000414823, 0.00306348, 0.00287409,buy
2017-02-14,0,2,0,0,1,2,3,2,2,0,0,3,4,1,3,0,1,-0.00115982,-0.001124196,-0.000927583,-0.00112994,-0.00153408,sell
2017-02-15,1,1,0,1,0,2,2,2,3,1,1,3,3,1,4,1,0,-0.00147656,-0.001395075,-0.001395075,-0.00139507,-0.00321783,sell
2017-02-16,0,1,0,1,1,0,1,1,3,1,0,2,2,1,3,0,1, 0.00016349, 0.000151047,-0.001471639, 0.00087121, 0.00069691,buy
2017-02-17,0,1,1,0,3,0,2,2,2,1,0,3,2,3,2,1,1, 0.00057862,-0.000350067, 0.000798751, 0.00084890,-0.00038737,buy
2017-02-18,0,2,0,2,1,0,4,3,2,1,1,3,2,4,2,2,1,-0.00261335,-0.001942251,-0.003144719,-0.00265991, 0.00062611,sell
2017-02-19,0,1,2,2,0,0,2,4,1,2,2,2,2,4,1,2,1, 0.00187840, 0.001937279, 0.001469358, 0.00177716, 0.00140942,buy
2017-02-20,1,2,3,0,0,0,3,2,2,1,2,2,1,4,2,2,1, 0.00013273,-0.000178895,-0.000364420, 0.00097729, 0.00033386,buy
2017-02-21,2,4,1,0,0,0,1,3,2,1,1,2,1,2,3,4,1, 0.00063749, 0.000715376, 0.000078023, 0.00063749,-0.00094935,buy
2017-02-22,2,2,1,1,0,0,1,4,3,4,2,2,2,3,2,5,2, 0.00068305, 0.000683049, 0.001017004, 0.00070002, 0.00115891,buy
2017-02-23,1,0,0,1,0,1,2,5,1,4,3,2,2,2,2,3,1,-0.00018931,-0.000374925, 0.000165399,-0.00008430,-0.00008430,sell
2017-02-24,1,1,0,1,0,1,2,5,2,1,3,1,2,2,2,2,2, 0.00008741, 0.001260649,-0.000505118, 0.00011358, 0.00011689,buy
2017-02-25,1,0,1,1,0,1,2,4,4,1,3,2,1,2,2,3,2, 0.00217211, 0.003560228, 0.001735347, 0.00090775, 0.00194378,buy
2017-02-26,3,0,0,2,0,1,2,6,0,0,3,2,3,2,0,3,1, 0.00162116, 0.000568052, 0.000564416, 0.00150572, 0.00163361,buy
2017-02-27,3,0,0,1,1,1,4,4,1,1,3,2,3,2,1,4,1, 0.00159793, 0.001658542, 0.001569680, 0.00156968, 0.00156968,buy
2017-02-28,3,1,1,1,0,1,2,5,0,1,2,2,4,1,3,2,1, 0.00369800, 0.000294989, 0.000865735, 0.00303692, 0.00363202,buy
2017-03-01,5,1,2,1,0,2,2,5,0,1,3,2,5,2,3,3,1, 0.00581467, 0.003930626, 0.004667880, 0.00581467, 0.00581467,buy
2017-03-02,3,1,2,1,0,1,1,4,0,0,2,2,5,1,2,1,0, 0.00258915,-0.000726029, 0.000758831, 0.00258915, 0.00317260,buy
2017-03-03,2,1,2,2,1,0,4,3,1,0,2,1,5,1,3,2,2, 0.00285611, 0.002856112, 0.002717163, 0.00256794, 0.00244061,buy
2017-03-04,2,1,1,2,2,0,4,4,0,0,2,2,4,1,3,2,2, 0.00184660, 0.002743372, 0.002520160, 0.00119665, 0.00204687,buy
2017-03-05,1,1,2,1,1,0,2,4,3,1,2,2,4,2,2,2,2, 0.00131036, 0.003554610, 0.002050685, 0.00178962, 0.00065081,buy
2017-03-06,0,2,2,0,0,1,2,1,4,0,1,1,3,2,3,1,1,-0.00114617, 0.000390577,-0.000953634,-0.00055374,-0.00253184,buy
2017-03-07,0,3,2,0,0,1,1,1,2,2,2,0,3,4,2,0,1,-0.00005843, 0.000111960, 0.000111960,-0.00042928,-0.00161490,sell
2017-03-08,0,4,1,1,3,1,2,1,2,3,3,1,3,4,3,3,1, 0.00080069, 0.000830848, 0.000280412, 0.00088652, 0.00064628,buy
2017-03-09,0,4,1,1,4,0,3,0,2,0,2,1,2,4,2,3,1,-0.00019345, 0.001828957, 0.001360670, 0.00000325, 0.00104662,buy
2017-03-10,0,2,3,1,3,0,3,0,2,1,3,1,1,3,3,3,1,-0.00109039,-0.000066500,-0.000511291,-0.00033641, 0.00041296,sell
2017-03-11,0,3,1,2,2,1,3,1,1,1,2,1,2,3,3,3,1,-0.00137643,-0.001100583,-0.000017344,-0.00144000,-0.00046849,sell
2017-03-12,0,3,1,1,2,0,3,0,0,2,2,1,1,2,4,2,0, 0.00055616, 0.000963584,-0.001416552,-0.00003360, 0.00102594,buy
2017-03-13,0,3,0,0,2,1,3,0,0,2,1,2,1,2,3,1,1,-0.00218568,-0.002752118,-0.002283875,-0.00115604,-0.00242764,sell
2017-03-14,1,2,0,0,1,2,3,0,0,2,1,1,2,2,2,2,1, 0.00204277,-0.000469221, 0.001422462, 0.00132611, 0.00059307,buy
2017-03-15,1,2,0,1,0,2,3,0,1,1,1,2,2,1,3,2,0, 0.00032096,-0.000079212,-0.000094321,-0.00007921, 0.00028233,buy
2017-03-16,0,1,1,0,1,1,2,1,0,1,0,2,2,0,3,0,1,-0.00427165,-0.004431099,-0.005505133, 0.00144469,-0.00427165,sell
2017-03-17,1,3,0,1,1,0,4,0,1,1,1,2,1,1,4,1,2, 0.00015728, 0.000360242, 0.001345019, 0.00127244,-0.00016757,buy
2017-03-18,1,3,1,1,1,0,3,2,0,1,1,2,2,1,4,1,2, 0.00011921, 0.001380815,-0.000682932, 0.00176391,-0.00000957,buy
2017-03-19,1,2,2,1,0,0,3,0,1,2,1,2,2,1,3,1,2,-0.00209288,-0.002565098,-0.001741921,-0.00138438,-0.00223668,sell
2017-03-20,1,2,1,1,0,0,2,0,1,0,1,2,1,0,2,1,1,-0.00164769,-0.001614026,-0.000563904,-0.00116526,-0.00151820,sell
2017-03-21,0,1,1,0,0,0,2,0,1,1,0,2,2,0,0,1,1, 0.00123082, 0.001268298,-0.000634924, 0.00063176, 0.00063176,buy
2017-03-22,1,1,0,1,0,1,2,1,1,3,2,2,2,2,2,1,0, 0.00076573,-0.000153072,-0.002212680,-0.00238944, 0.00102528,sell
2017-03-23,0,1,0,1,0,1,2,2,2,2,2,1,3,1,3,0,1, 0.00050097, 0.000175231,-0.000248407, 0.00017523, 0.00017652,buy
2017-03-24,0,0,1,1,0,1,2,2,2,2,2,1,2,2,2,1,1, 0.00077515, 0.001124312, 0.000128306, 0.00093278,-0.00021279,buy
2017-03-25,1,0,0,2,0,1,1,2,3,1,2,0,1,2,2,3,1,-0.00130799,-0.001307988,-0.001039604,-0.00172297,-0.00103960,sell
2017-03-26,2,0,0,1,1,0,0,1,3,0,1,1,2,1,1,2,0,-0.00092763,-0.002139842,-0.000736074,-0.00053801,-0.00032352,sell
2017-03-27,2,1,1,1,1,0,1,2,1,1,1,1,2,0,4,2,1,-0.00130706, 0.000476126,-0.001758655, 0.00134729, 0.00328426,sell
2017-03-28,1,2,1,1,0,1,2,1,1,1,1,1,3,1,4,1,0, 0.00072007, 0.002798251, 0.001184237, 0.00285829, 0.00271915,buy
2017-03-29,1,2,2,1,0,1,2,3,1,1,1,1,4,2,4,1,1, 0.00217239, 0.001210123, 0.000289589, 0.00033928, 0.00102279,buy
2017-03-30,1,1,2,2,1,0,2,3,2,1,1,2,4,1,5,0,2,-0.00047905,-0.001418131,-0.001808198,-0.00169985,-0.00219634,sell
2017-03-31,0,2,2,2,3,0,3,2,1,1,3,1,2,3,4,1,2,-0.00064311, 0.000387573,-0.000212700,-0.00078365,-0.00064311,sell
2017-04-01,0,2,2,2,2,0,3,2,0,2,3,2,2,4,2,1,1, 0.00020145, 0.001866957, 0.002408732, 0.00171790, 0.00198398,buy
2017-04-02,0,3,2,0,2,1,3,2,1,2,2,3,2,3,3,1,2, 0.00008325,-0.000188887,-0.002262055, 0.00167319, 0.00090145,buy
2017-04-03,0,3,2,0,1,0,2,1,1,1,2,3,2,2,1,0,1, 0.00172510, 0.001638595, 0.001644600, 0.00172510, 0.00202221,buy
2017-04-04,0,1,2,1,2,1,2,0,1,3,2,2,2,3,2,1,1, 0.00222800, 0.000878492, 0.002187825, 0.00038745, 0.00173048,buy
2017-04-05,0,2,2,2,2,1,1,0,0,2,2,1,1,3,2,1,2,-0.00006691,-0.001528763,-0.000026349,-0.00048921,-0.00006691,sell
2017-04-06,0,1,3,2,4,1,1,0,1,3,3,2,1,4,3,1,2, 0.00076349,-0.000361446, 0.001034228, 0.00079478, 0.00076349,buy
2017-04-07,0,2,2,2,2,1,2,1,0,2,3,2,0,4,2,2,1,-0.00135035,-0.001345036, 0.000121123,-0.00136546,-0.00058038,sell
2017-04-08,0,1,3,1,1,2,4,0,0,2,2,2,1,3,2,4,0,-0.00068398,-0.001472314, 0.000393113,-0.00068398,-0.00136925,sell
2017-04-09,0,1,1,1,1,2,3,0,0,3,1,2,0,3,2,3,1, 0.00190156, 0.000854990, 0.002013634, 0.00200891, 0.00191865,buy
2017-04-10,2,2,0,1,1,0,3,0,0,3,1,2,1,4,1,3,0,-0.00267212,-0.000560174,-0.002450407,-0.00271802,-0.00191635,sell
2017-04-11,2,1,0,1,2,1,3,0,2,3,1,3,1,3,2,4,1,-0.00263636,-0.002301749,-0.001812223,-0.00330113,-0.00224451,sell
2017-04-12,1,1,1,1,1,0,3,1,1,1,0,2,1,1,3,3,1,-0.00210954,-0.002471014, 0.000767110,-0.00054189,-0.00112194,sell
2017-04-13,1,1,1,1,2,1,4,1,2,1,1,3,1,2,3,4,1,-0.00207255,-0.002442575,-0.000553086,-0.00103667,-0.00267252,sell
2017-04-14,1,2,2,0,2,1,4,3,1,1,1,3,2,2,4,4,1, 0.00121129, 0.001105752, 0.001951936, 0.00110575,-0.00119905,buy
2017-04-15,1,2,1,1,1,0,4,1,2,2,1,2,2,2,3,4,1,-0.00212741,-0.002127408,-0.001299647,-0.00212741,-0.00110219,sell
2017-04-16,2,1,2,0,2,0,4,1,2,2,1,3,1,2,4,4,1,-0.00220996,-0.000361338,-0.000012586,-0.00264726,-0.00444729,sell
2017-04-17,0,2,1,1,1,0,2,1,2,1,0,3,2,1,3,2,0, 0.00023970,-0.000295371, 0.001021440,-0.00030330,-0.00029537,sell
2017-04-18,1,3,1,1,1,0,2,2,3,3,1,4,3,3,3,2,1, 0.00228343, 0.001723472, 0.002376589, 0.00244067, 0.00228343,buy
2017-04-19,0,3,3,1,1,0,4,3,2,2,2,4,3,2,5,1,2, 0.00261423, 0.001133763, 0.001808178, 0.00275755, 0.00258657,buy
2017-04-20,0,3,2,1,1,0,5,4,1,1,2,4,3,3,4,0,2, 0.00311776, 0.002188958, 0.002378628, 0.00387625, 0.00304931,buy
2017-04-21,0,1,1,2,0,0,5,1,2,2,2,3,1,2,3,1,2,-0.00077798,-0.000114646,-0.001765950,-0.00101729,-0.00093931,sell
2017-04-22,1,1,1,3,1,0,3,3,0,2,3,3,2,3,2,1,1,-0.00000896, 0.000474002, 0.000843293, 0.00084329,-0.00013984,sell
2017-04-23,2,1,1,2,1,0,3,1,1,2,2,1,1,3,3,2,2,-0.00127373,-0.001450356,-0.000568884,-0.00127373,-0.00199815,sell
2017-04-24,2,2,1,2,0,0,2,1,1,1,1,1,2,2,3,1,2, 0.00144523, 0.000458872, 0.000561984, 0.00155382, 0.00076310,buy
2017-04-25,2,0,2,2,0,1,3,3,0,2,2,1,3,2,3,2,2, 0.00228141, 0.001164141, 0.001646351, 0.00183058, 0.00180532,buy
2017-04-26,1,1,2,2,0,0,2,2,1,1,0,1,2,2,4,1,2, 0.00064667, 0.000531616, 0.000245807, 0.00065386, 0.00016052,buy
2017-04-27,1,0,2,2,2,0,1,1,2,1,1,0,1,2,4,2,2,-0.00263750, 0.000327650, 0.001102540, 0.00026835, 0.00088485,buy
2017-04-28,2,0,2,3,1,0,0,1,1,1,2,1,1,2,2,2,1, 0.00236141, 0.002361408, 0.001245254, 0.00240331, 0.00255270,buy
2017-04-29,1,1,1,2,1,1,0,0,1,2,1,0,2,2,2,2,1, 0.00190772, 0.002161337, 0.001752202, 0.00190772, 0.00231719,buy
2017-04-30,1,2,1,2,0,1,1,2,1,1,1,2,2,1,2,2,2, 0.00037216, 0.000516937, 0.000596592, 0.00079555,-0.00044762,buy
2017-05-01,1,1,1,2,1,1,0,3,1,2,1,2,3,1,2,3,1, 0.00084154, 0.000841545, 0.000841545, 0.00092029, 0.00090258,buy
2017-05-02,1,1,1,3,2,0,0,2,2,0,1,2,2,0,3,3,1,-0.00009339, 0.002478907, 0.001470247, 0.00238502, 0.00150431,buy
2017-05-03,1,0,1,3,3,0,0,2,2,0,2,1,2,1,2,3,1,-0.00111009, 0.000996933, 0.001057274, 0.00079022, 0.00026193,buy
2017-05-04,1,0,3,2,2,0,0,3,1,0,2,1,1,1,3,3,1, 0.00160363, 0.001627920, 0.001893615, 0.00174898, 0.00180966,buy
2017-05-05,1,1,2,1,1,1,1,2,1,2,2,2,3,1,2,3,0, 0.00140362, 0.000876767, 0.001209734, 0.00096638, 0.00003197,buy
2017-05-06,1,1,3,0,2,0,0,2,1,2,1,2,2,2,2,3,0, 0.00230551, 0.001852020, 0.001627699, 0.00233684, 0.00166972,buy
2017-05-07,2,1,4,0,2,1,0,2,0,1,3,2,2,2,1,2,1, 0.00251833, 0.003783538,-0.000222487, 0.00252708, 0.00208762,buy
2017-05-08,2,0,3,2,1,1,0,3,1,2,2,2,4,2,2,3,0,-0.00077448,-0.001648586,-0.001617047,-0.00164859, 0.00164481,sell
2017-05-09,1,1,3,2,1,1,0,3,1,1,1,2,3,1,3,3,1, 0.00075275, 0.001680891, 0.001391470, 0.00169887, 0.00168089,buy
2017-05-10,1,1,4,1,1,0,1,4,1,1,2,2,3,2,3,2,1, 0.00009481, 0.000080542, 0.000094814, 0.00014143, 0.00009481,buy
2017-05-11,1,2,3,1,1,0,1,3,0,1,2,0,3,2,3,2,1, 0.00024974,-0.000167207,-0.000453700,-0.00058894,-0.00000332,buy
2017-05-12,1,1,3,1,0,1,1,2,1,2,2,1,3,1,2,3,1,-0.00082997,-0.001119910,-0.000732360,-0.00111991,-0.00274799,sell
2017-05-13,2,2,3,0,1,1,2,2,1,2,2,2,3,1,4,3,1, 0.00457086, 0.002900754, 0.003501410, 0.00364406, 0.00314725,buy
2017-05-14,1,3,3,0,2,0,1,2,0,2,1,1,2,2,4,2,2, 0.00230080, 0.002373203, 0.001767251, 0.00144047, 0.00230080,buy
2017-05-15,1,3,1,0,3,1,2,2,1,2,3,2,3,3,2,2,1, 0.00022727, 0.000354242, 0.000617407, 0.00030593, 0.00030593,buy
2017-05-16,1,3,0,2,2,1,3,3,0,1,3,2,3,3,3,2,0,-0.00132057,-0.001359629,-0.001231071,-0.00078482,-0.00147721,sell
2017-05-17,0,1,2,2,2,1,3,3,1,0,3,3,3,2,2,1,1,-0.00001356,-0.000368245,-0.000531785,-0.00009483,-0.00053179,sell
2017-05-18,0,1,2,2,2,1,4,2,2,0,4,2,2,3,2,2,1,-0.00010456, 0.000272024,-0.000042997, 0.00302691,-0.00035248,sell
2017-05-19,0,2,0,2,2,1,2,4,2,0,3,2,1,3,2,3,1, 0.00246586, 0.005284531, 0.002714848, 0.00475208, 0.00071967,buy
2017-05-20,1,1,0,1,2,1,3,2,1,1,3,2,2,3,0,2,1,-0.00173030, 0.000894932,-0.000582960,-0.00231268,-0.00076038,sell
2017-05-21,0,1,0,1,1,1,2,1,0,1,2,1,1,1,2,1,0,-0.00207671,-0.002722951,-0.003235119,-0.00333039,-0.00235390,sell
2017-05-22,1,1,0,1,1,1,2,1,1,2,1,2,2,4,1,0,1,-0.00252527,-0.002135586,-0.002281949,-0.00057593,-0.00210348,sell
2017-05-23,1,1,1,1,0,0,0,3,1,1,0,3,1,3,1,1,0,-0.00090755,-0.001131246,-0.002001958,-0.00200196,-0.00200196,sell
2017-05-24,0,0,1,3,1,1,2,2,1,1,1,3,1,3,3,0,1, 0.00145535, 0.001160324, 0.001883631, 0.00114327, 0.00100391,buy
2017-05-25,0,1,0,4,2,1,2,2,2,1,2,2,2,3,3,2,1, 0.00104887,-0.002415975, 0.000391995,-0.00194558,-0.00143448,sell
2017-05-26,0,1,1,2,2,1,0,1,3,2,2,0,3,3,2,2,1, 0.00144913, 0.001271630,-0.000509830, 0.00067026, 0.00039374,buy
2017-05-27,1,3,0,2,1,2,0,0,4,1,2,2,3,2,3,2,0, 0.00170446,-0.000854417,-0.001196231, 0.00165890, 0.00165784,buy
2017-05-28,0,1,1,0,1,2,0,0,3,2,2,1,3,1,1,1,1, 0.00090709, 0.000671158, 0.000945716, 0.00067116, 0.00099680,buy
2017-05-29,0,2,2,1,2,1,1,1,3,2,1,2,3,1,3,3,2,-0.00199647,-0.001908604,-0.001741806, 0.00014808,-0.00131161,sell
2017-05-30,1,4,2,1,2,1,0,2,3,0,2,2,2,2,3,4,1,-0.00215752, 0.001348778,-0.000465313,-0.00045050,-0.00082922,sell
2017-05-31,1,2,6,1,1,1,0,2,3,1,3,2,2,3,3,4,1,-0.00150234,-0.001775156, 0.000677408,-0.00177516,-0.00319898,sell
2017-06-01,1,3,4,3,0,2,1,2,2,1,3,1,4,3,3,4,1, 0.00340491, 0.002001986, 0.001876765,-0.00046998, 0.00289937,buy
2017-06-02,1,2,3,0,2,0,0,2,2,3,2,2,3,1,2,4,1, 0.00041008,-0.000297036, 0.000474323, 0.00266931, 0.00330757,buy
2017-06-03,2,4,2,1,1,0,2,2,2,2,4,3,3,1,2,4,1,-0.00171012,-0.000785269,-0.000785269,-0.00166284,-0.00173494,sell
2017-06-04,2,3,1,1,2,0,2,2,2,2,4,2,3,2,2,3,1,-0.00187427,-0.000910387,-0.001559010,-0.00178587,-0.00201371,sell
2017-06-05,1,2,2,2,1,2,3,1,2,1,3,3,3,1,2,3,2,-0.00066561, 0.000233276,-0.001112208,-0.00066561,-0.00009154,sell
2017-06-06,0,2,1,2,1,0,4,2,2,1,3,3,3,3,1,1,1,-0.00166639,-0.001131911,-0.001191617,-0.00148384,-0.00119162,sell
2017-06-07,0,3,0,2,3,0,3,2,2,0,3,2,2,4,1,1,2, 0.00005540, 0.000458407, 0.000102399, 0.00022948,-0.00000252,buy
2017-06-08,0,3,0,2,3,0,2,1,2,0,2,3,1,4,0,1,2,-0.00006762,-0.001815453, 0.000256116, 0.00024803, 0.00024803,sell
2017-06-09,1,1,0,3,1,0,3,0,2,1,1,2,1,4,1,1,2, 0.00023420,-0.000302789, 0.001906445,-0.00030327, 0.00018162,sell
2017-06-10,1,1,2,0,1,1,0,0,1,0,0,2,0,2,1,1,1,-0.00011667,-0.000154714,-0.000116667,-0.00011667,-0.00075890,sell
2017-06-11,1,1,2,0,1,2,0,1,2,1,2,2,1,2,1,2,1,-0.00204590,-0.000587463,-0.002045903,-0.00245197,-0.00220855,sell
2017-06-12,1,2,1,0,0,1,1,2,1,2,2,1,2,1,2,2,1,-0.00440374,-0.005828116,-0.004982928,-0.00580444,-0.00390937,sell
2017-06-13,0,0,2,1,1,1,0,3,1,2,2,2,2,0,3,1,1,-0.00035593,-0.001099944,-0.005058374,-0.00439657,-0.00512508,sell
2017-06-14,0,1,2,2,1,1,2,1,2,1,2,2,3,2,3,1,0,-0.00277598,-0.000841971,-0.001188753,-0.00239090,-0.00280822,sell
2017-06-15,0,1,1,2,2,1,0,1,4,1,2,2,2,2,3,2,0,-0.00081675,-0.000696045,-0.000001010,-0.00083171,-0.00005797,sell
2017-06-16,1,1,1,1,3,1,0,1,4,0,2,1,3,2,2,2,1,-0.00151303,-0.000194578,-0.001168736, 0.00179243, 0.00010709,sell
2017-06-17,0,2,0,1,2,2,1,1,3,1,1,1,2,2,4,2,1,-0.00030511,-0.004073372,-0.003922058,-0.00020390,-0.00019511,sell
2017-06-18,0,4,0,0,1,2,2,0,2,1,3,1,4,0,2,1,1, 0.00061684,-0.000243634, 0.000667004,-0.00024363,-0.00021838,sell
2017-06-19,1,4,1,0,1,1,0,2,3,2,3,0,4,2,2,3,1,-0.00013811, 0.001274158, 0.003123479, 0.00056369,-0.00020949,sell
2017-06-20,1,5,1,1,2,0,0,1,5,1,5,1,5,1,1,2,2, 0.00055678, 0.000149699, 0.000595951, 0.00110277, 0.00055678,buy
2017-06-21,1,3,3,1,2,0,1,2,3,1,5,1,4,2,1,2,2, 0.00078154, 0.000253503, 0.000516813, 0.00197444, 0.00039025,buy
2017-06-22,0,2,3,1,0,0,2,2,1,2,4,1,3,2,0,1,2, 0.00060044, 0.000632060, 0.000363964, 0.00042508, 0.00036396,buy
2017-06-23,0,3,2,0,1,1,1,1,1,2,3,0,3,2,1,1,2,-0.00065687,-0.001466584,-0.000468359,-0.00149541,-0.00099508,sell
2017-06-24,1,1,3,0,0,1,0,1,0,2,3,1,2,2,0,0,1,-0.00229402,-0.000859031,-0.001261871,-0.00092415,-0.00092415,sell
2017-06-25,0,0,2,1,2,1,0,0,1,2,1,0,2,2,2,1,1, 0.00166339, 0.001955757, 0.002184437, 0.00116137, 0.00167008,buy
2017-06-26,0,1,3,2,2,0,1,0,1,2,3,1,4,1,2,1,0, 0.00031620, 0.000766322, 0.000518267, 0.00015472, 0.00051148,buy
2017-06-27,1,0,4,0,3,1,1,2,1,3,4,3,3,2,2,1,1,-0.00140498,-0.000626361,-0.001055159,-0.00092813,-0.00107962,sell
2017-06-28,1,2,3,2,1,3,1,2,0,2,4,2,3,3,2,2,1,-0.00361619,-0.004221713,-0.003616188,-0.00243442,-0.00356248,sell
2017-06-29,1,0,3,1,2,3,2,0,1,1,1,2,2,3,2,3,1,-0.00376302,-0.004150548,-0.003936661,-0.00367773,-0.00415055,sell
2017-06-30,1,1,1,1,2,2,1,0,0,0,1,1,0,3,1,2,1,-0.00139975,-0.001512899,-0.001688852,-0.00158477,-0.00149220,sell
2017-07-01,1,0,0,2,2,2,1,0,0,2,2,1,1,3,1,1,1, 0.00173112, 0.000152925,-0.000133964, 0.00167257, 0.00158172,buy
2017-07-02,0,1,1,2,2,2,1,0,2,2,2,1,2,1,2,3,2,-0.00031888,-0.000721644,-0.000391519,-0.00015289,-0.00039152,sell
2017-07-03,0,1,2,1,1,1,2,1,1,2,3,1,2,1,2,2,1,-0.00177918,-0.001369439,-0.000908893,-0.00160366,-0.00108335,sell
2017-07-04,0,0,3,3,2,1,3,0,2,2,3,1,3,3,2,3,1,-0.00258576,-0.001287084,-0.001985365,-0.00165591, 0.00039718,sell
2017-07-05,0,1,1,4,2,2,1,2,1,2,3,1,3,3,1,3,2, 0.00100739, 0.000216476, 0.000891895, 0.00104372, 0.00020840,buy
2017-07-06,0,0,1,4,2,1,1,0,2,3,3,1,3,3,1,2,1,-0.00233704,-0.001518007,-0.002285193,-0.00394755,-0.00133660,sell
2017-07-07,1,0,2,1,3,1,0,0,1,1,1,1,1,2,2,1,2,-0.00221403, 0.000221386,-0.000050445,-0.00236984,-0.00083595,sell
2017-07-08,0,1,1,2,2,1,0,1,2,2,2,1,2,2,2,1,2, 0.00074892,-0.000030864,-0.000019703, 0.00072805, 0.00038654,buy
2017-07-09,1,2,0,3,1,2,1,1,2,2,2,2,1,3,3,2,2, 0.00117860, 0.000250229, 0.001178598,-0.00013107, 0.00127291,buy
2017-07-10,0,2,1,1,2,1,0,3,1,1,1,1,1,1,4,2,2, 0.00033355, 0.000659478,-0.000264686, 0.00061579, 0.00043312,buy
2017-07-11,0,1,1,1,2,1,2,2,1,0,1,1,1,2,5,1,0,-0.00128594,-0.000887143, 0.000020485,-0.00042857,-0.00163598,sell
2017-07-12,0,2,0,1,4,1,0,2,3,1,2,2,1,2,3,3,1,-0.00014107, 0.000989330,-0.001070705, 0.00042780, 0.00043007,sell
2017-07-13,1,1,0,2,3,0,0,4,2,2,2,2,3,2,1,4,1,-0.00387789,-0.003644375,-0.003739262,-0.00397278,-0.00316633,sell
2017-07-14,1,0,1,1,3,0,1,2,2,3,1,3,3,2,2,3,0,-0.00058640,-0.001029760,-0.000083175,-0.00115731,-0.00008318,sell
2017-07-15,1,2,1,1,3,1,2,2,2,2,3,3,4,1,2,3,1, 0.00169610, 0.001159796, 0.001382220, 0.00090531, 0.00168438,buy
2017-07-16,2,1,2,1,2,1,1,3,2,4,3,4,3,2,2,3,2, 0.00092831, 0.002011621, 0.002397869, 0.00196849, 0.00218207,buy
2017-07-17,2,1,2,3,2,0,0,4,0,4,1,3,4,3,2,4,1,-0.00007123,-0.001987886,-0.001260402,-0.00239985, 0.00266610,sell
2017-07-18,1,0,3,2,4,0,1,2,1,3,2,2,4,3,2,3,1,-0.00010502,-0.001171251,-0.000681684,-0.00061790,-0.00094217,sell
2017-07-19,1,0,2,4,1,0,1,1,1,3,2,3,3,2,1,3,0,-0.00172073,-0.001355951,-0.002189415,-0.00230944,-0.00236329,sell
2017-07-20,2,0,3,2,2,1,0,2,0,3,2,2,3,2,2,3,1,-0.00337228,-0.002426184,-0.003004265,-0.00304317,-0.00164086,sell
2017-07-21,1,2,2,2,1,1,1,0,1,2,1,2,3,1,2,4,0, 0.00106980,-0.001771021, 0.001595694,-0.00031784,-0.00140854,sell
2017-07-22,1,0,2,1,2,2,1,0,0,2,1,1,2,2,2,2,1,-0.00121414,-0.001692976,-0.001599352,-0.00251127,-0.00218206,sell
2017-07-23,2,0,1,3,0,1,0,2,0,2,1,2,2,0,2,3,1, 0.00172866, 0.001805696, 0.001902045, 0.00160113, 0.00181110,buy
2017-07-24,1,1,2,0,2,1,0,1,2,0,2,1,1,1,2,2,1,-0.00184451,-0.000238399,-0.000901008,-0.00184451,-0.00143138,sell
2017-07-25,1,1,3,3,0,1,2,2,1,0,2,3,0,2,4,2,1, 0.00124738, 0.000775762,-0.000647769,-0.00114237, 0.00129438,buy
2017-07-26,1,2,2,4,0,2,2,2,0,1,2,3,2,2,5,2,0,-0.00011670,-0.000213222,-0.000108844, 0.00012023, 0.00033786,sell
2017-07-27,1,2,0,3,1,0,1,1,2,2,1,3,1,2,3,2,1, 0.00059549, 0.003201210, 0.000335727,-0.00187226,-0.00006212,sell
2017-07-28,2,3,0,3,1,0,1,1,2,1,2,3,2,3,2,1,1, 0.00029547, 0.000500217,-0.000172853,-0.00098389,-0.00253688,buy
2017-07-29,2,1,1,4,0,1,1,1,2,1,2,2,2,2,3,2,1, 0.00287950, 0.002805011, 0.002031887, 0.00245053, 0.00249890,buy
2017-07-30,1,1,1,4,0,1,1,1,1,1,0,3,2,1,3,2,1,-0.00162217,-0.001757806,-0.002910837,-0.00283030,-0.00299187,sell
2017-07-31,1,3,1,3,0,0,3,0,2,0,1,3,1,1,4,2,1,-0.00169697,-0.001842077,-0.002067525,-0.00370012,-0.00175092,sell
2017-08-01,1,5,1,1,2,0,1,2,1,0,2,3,1,1,2,4,1, 0.00232722, 0.003065859, 0.002818882, 0.00308083, 0.00305147,buy
2017-08-02,1,4,1,2,1,0,2,0,1,1,2,3,2,1,2,3,0, 0.00328018, 0.002820447, 0.002946122, 0.00296371, 0.00236853,buy
2017-08-03,1,4,1,1,1,0,2,0,1,0,2,2,1,1,2,3,0, 0.00249341, 0.003143196, 0.004165705, 0.00314320, 0.00224977,buy
2017-08-04,0,4,1,0,2,1,1,0,0,0,1,2,1,0,1,3,1, 0.00000672, 0.000006722,-0.000013912, 0.00000672, 0.00180754,buy
2017-08-05,1,5,0,0,3,0,2,0,2,1,2,2,3,1,2,3,1, 0.00132105, 0.000880881, 0.000112545, 0.00088088, 0.00090598,buy
2017-08-06,0,4,0,1,4,0,1,2,2,1,3,1,3,1,2,3,2,-0.00061865,-0.000481475,-0.000613740,-0.00048147,-0.00130454,sell
2017-08-07,0,2,1,1,4,2,4,1,2,0,2,3,4,2,2,2,2, 0.00046951, 0.000469506, 0.000594095,-0.00307768, 0.00292168,buy
2017-08-08,0,1,1,2,2,1,3,1,4,0,2,2,2,3,1,3,2, 0.00192011, 0.001841265, 0.002273406, 0.00195797, 0.00202804,buy
2017-08-09,1,1,2,2,3,1,2,2,2,0,2,3,4,2,0,3,2,-0.00068451,-0.000898485,-0.000634448,-0.00083318,-0.00082606,sell
2017-08-10,1,1,2,1,5,1,2,1,3,1,2,3,4,3,2,3,1,-0.00027362,-0.000248682,-0.001210149, 0.00063717, 0.00070600,sell
2017-08-11,0,2,2,2,3,1,2,0,2,0,1,2,3,2,2,2,2, 0.00126407, 0.001306266, 0.000845271, 0.00130627, 0.00131953,buy
2017-08-12,0,0,4,1,2,3,2,0,3,2,3,2,4,3,2,1,2,-0.00060448,-0.000604485,-0.000178212, 0.00009111,-0.00033763,sell
2017-08-13,1,2,2,2,2,2,1,1,2,1,3,2,4,3,2,2,0, 0.00179850, 0.002202525, 0.001685535, 0.00096974, 0.00142248,buy
2017-08-14,0,1,2,2,3,2,1,0,3,2,3,2,2,3,4,1,1, 0.00014562,-0.000242442,-0.000007397, 0.00196747,-0.00000740,buy
2017-08-15,0,1,1,3,3,2,2,1,1,1,3,1,1,3,4,2,1, 0.00014463, 0.000528697, 0.001145477,-0.00017375, 0.00046913,buy
2017-08-16,0,1,1,1,3,2,2,1,2,2,4,2,1,3,3,1,1, 0.00053893,-0.000862888, 0.000538931, 0.00032312, 0.00048076,buy
2017-08-17,0,2,3,0,2,2,2,1,2,1,3,2,1,2,4,2,1,-0.00159225,-0.002555948,-0.001440677, 0.00207216,-0.00159456,sell
2017-08-18,0,2,3,0,2,1,1,2,1,2,4,2,1,2,3,1,1,-0.00069649, 0.000252224,-0.001028266, 0.00168241,-0.00052502,sell
2017-08-19,1,1,2,1,3,1,1,1,1,3,3,1,1,2,4,2,2, 0.00341021,-0.000223965,-0.001805555,-0.00031139,-0.00014147,sell
2017-08-20,0,2,2,1,3,0,0,1,1,0,1,0,1,1,4,2,1,-0.00025355,-0.001515093,-0.000861732,-0.00246286,-0.00017569,sell
2017-08-21,1,1,4,2,1,0,1,3,2,1,4,1,0,3,3,3,2,-0.00292344,-0.002336407,-0.002339456,-0.00230458,-0.00079551,sell
2017-08-22,0,2,3,4,0,1,0,4,1,1,3,0,2,3,3,3,2,-0.00279232,-0.000437237,-0.002127993,-0.00047748,-0.00241616,sell
2017-08-23,0,1,3,2,1,0,2,1,2,2,3,1,1,2,3,3,1,-0.00029048, 0.000766832, 0.000464975, 0.00137288, 0.00141459,buy
2017-08-24,0,2,1,3,2,0,0,2,2,1,2,1,2,3,2,2,1,-0.00064603,-0.000432851,-0.000542570,-0.00059836,-0.00035973,sell
2017-08-25,1,0,1,3,1,0,0,2,2,2,3,1,2,3,2,1,0,-0.00080261,-0.001325187,-0.001332666,-0.00121144,-0.00061433,sell
2017-08-26,0,0,0,4,0,1,1,3,1,2,2,1,2,2,1,2,2, 0.00044582, 0.000344971,-0.001383347,-0.00099063, 0.00036812,sell
2017-08-27,0,2,2,2,0,0,3,2,1,0,2,0,1,3,3,1,2,-0.00098766,-0.001092147,-0.002279414,-0.00227941,-0.00218991,sell
2017-08-28,0,2,2,2,1,0,3,2,0,1,2,1,1,2,3,2,2,-0.00232826,-0.002006396,-0.002173210,-0.00154243,-0.00215471,sell
2017-08-29,0,2,3,3,0,0,1,3,0,1,2,1,1,2,2,3,2,-0.00221694,-0.000522505,-0.002244659,-0.00047032,-0.00262644,sell
2017-08-30,1,1,4,4,0,0,1,1,1,1,2,1,1,2,3,4,1, 0.00083567, 0.000660361,-0.001227216, 0.00077681, 0.00033677,buy
2017-08-31,1,1,4,2,1,0,0,1,0,0,1,2,0,1,2,3,1, 0.00109000, 0.000673722, 0.002187045,-0.00011186, 0.00122185,buy
2017-09-01,2,3,2,2,1,1,1,1,1,0,1,2,2,1,3,4,1,-0.00280599,-0.000124644,-0.002659160,-0.00212224,-0.00265916,sell
2017-09-02,1,2,2,3,1,1,1,1,0,2,1,2,2,1,3,5,0,-0.00165416,-0.001265123,-0.002197857,-0.00299653,-0.00362846,sell
2017-09-03,1,2,2,2,1,2,1,1,0,0,1,1,3,1,1,4,1,-0.00194610,-0.001836331,-0.003312825,-0.00181696, 0.00174241,sell
2017-09-04,1,1,3,2,1,1,2,0,2,0,1,1,3,2,1,5,0,-0.00329925,-0.003299253,-0.003933077,-0.00314684,-0.00269938,sell
2017-09-05,1,1,2,3,1,2,0,1,1,0,1,2,2,2,0,5,0,-0.00149599,-0.002108619,-0.001601892,-0.00130806,-0.00078419,sell
2017-09-06,2,1,2,3,4,1,0,1,1,1,1,1,3,5,1,4,1,-0.00472522,-0.004725223,-0.004613602,-0.00464090,-0.00313781,sell
2017-09-07,0,1,2,4,4,1,1,0,0,1,1,1,2,4,2,3,1,-0.00482566,-0.005198529,-0.004852077,-0.00522954,-0.00154875,sell
2017-09-08,0,0,4,3,1,0,1,0,0,1,0,1,1,5,1,1,1,-0.00279962,-0.003607910,-0.002614922, 0.00059927,-0.00271553,sell
2017-09-09,1,2,4,2,1,1,0,1,0,1,1,1,1,5,2,2,1,-0.00139526,-0.003680899,-0.001062200,-0.00015809,-0.00144952,sell
2017-09-10,1,1,5,3,1,0,0,0,1,2,0,2,1,5,3,1,2, 0.00039851,-0.001267742, 0.000414876, 0.00250435, 0.00040251,buy
2017-09-11,1,1,3,3,2,0,1,0,0,2,1,2,0,5,3,1,1,-0.00127648,-0.001459244,-0.000056587, 0.00078356,-0.00001822,sell
2017-09-12,1,1,1,3,1,0,0,1,1,3,2,2,1,3,3,1,0,-0.00259159,-0.000874842,-0.001439020,-0.00143902,-0.00137714,sell
2017-09-13,1,2,2,1,1,1,1,0,3,1,3,1,1,2,4,1,1, 0.00308809, 0.002397687, 0.003941199, 0.00332717, 0.00253468,buy
2017-09-14,1,2,2,1,0,0,1,2,2,1,4,2,1,1,3,0,1, 0.00245303, 0.000991597, 0.002453035, 0.00325361, 0.00080494,buy
2017-09-15,1,2,1,1,1,1,2,2,1,3,4,2,1,1,4,2,1, 0.00171788,-0.003904672, 0.001286773, 0.00076517, 0.00110159,buy
2017-09-16,1,3,1,2,2,0,2,2,1,2,4,2,2,0,4,4,0,-0.00075838, 0.000278304, 0.001227546, 0.00128698,-0.00011011,buy
2017-09-17,2,2,3,1,3,1,1,2,2,0,5,1,2,1,3,4,1,-0.00087939,-0.000435338, 0.000365888, 0.00036589, 0.00204276,buy
2017-09-18,3,3,2,3,1,2,1,3,1,0,5,2,2,2,3,4,1,-0.00079344, 0.000832311, 0.001169740, 0.00106478, 0.00119698,buy
2017-09-19,1,2,2,4,2,3,2,3,0,1,5,1,3,2,3,6,0, 0.00282495, 0.003140930, 0.003333543, 0.00331963, 0.00352063,buy
2017-09-20,0,2,0,3,2,2,3,2,0,0,4,0,2,2,1,4,1, 0.00000238, 0.000555309,-0.000232272, 0.00034991,-0.00124170,sell
2017-09-21,0,1,1,3,2,2,1,2,1,1,1,1,3,3,2,3,1, 0.00184449, 0.001905091, 0.001844489, 0.00197783, 0.00197783,buy
2017-09-22,1,1,1,3,1,2,0,2,2,0,2,1,2,2,2,3,1, 0.00166453, 0.001664531, 0.000357538, 0.00110431, 0.00124926,buy
2017-09-23,0,1,2,2,0,1,0,2,3,1,1,1,2,4,2,1,1,-0.00067387,-0.000350762,-0.000224838,-0.00072424,-0.00120803,sell
2017-09-24,0,3,0,1,1,1,2,1,1,1,2,0,2,2,3,2,0,-0.00081492,-0.000833731,-0.001083392,-0.00056763,-0.00083610,sell
2017-09-25,0,3,0,1,1,1,1,2,0,2,2,0,2,2,2,2,1, 0.00027265, 0.000680092, 0.000121595, 0.00048197, 0.00006643,buy
2017-09-26,1,3,1,2,0,1,2,2,0,3,3,1,2,3,3,2,1, 0.00279361, 0.003375784, 0.004092262, 0.00328794, 0.00338379,buy
2017-09-27,1,4,2,2,1,2,1,2,1,0,4,1,2,2,2,4,1, 0.00177336, 0.000129677, 0.000830420, 0.00186015, 0.00220485,buy
2017-09-28,1,3,3,2,1,1,1,2,1,0,3,1,2,3,1,4,1, 0.00298151, 0.000278212,-0.000083425, 0.00326675, 0.00400946,buy
2017-09-29,2,2,2,2,1,1,2,2,0,2,3,2,2,2,2,4,1,-0.00357965,-0.003229296,-0.002560421,-0.00392313,-0.00357793,sell
2017-09-30,1,2,2,3,0,1,0,3,0,2,3,2,2,3,1,2,1,-0.00266616, 0.001161173,-0.002666162,-0.00266616,-0.00319296,sell
2017-10-01,1,2,2,1,2,1,2,1,1,0,2,2,2,4,1,1,1,-0.00010596, 0.000532689,-0.000175731,-0.00053073, 0.00057944,sell
2017-10-02,1,1,3,0,1,0,0,2,2,0,2,1,1,4,1,1,0, 0.00111451, 0.001053738, 0.001044679, 0.00111451, 0.00042587,buy
2017-10-03,2,1,2,1,1,2,0,1,1,0,1,2,2,4,0,1,1,-0.00126792, 0.000025144, 0.000025144,-0.00046443,-0.00019667,sell
2017-10-04,1,0,2,0,2,2,1,0,1,1,1,2,1,3,1,1,1,-0.00172521,-0.001547085,-0.001468160,-0.00122588,-0.00147873,sell
2017-10-05,1,1,2,0,2,0,1,0,0,3,0,1,3,3,3,0,0,-0.00001844,-0.000637031, 0.000083691, 0.00033817,-0.00016253,sell
2017-10-06,2,1,1,0,4,1,0,1,0,4,1,2,3,3,3,1,1,-0.00000083, 0.000807377, 0.000062927,-0.00010167, 0.00055421,sell
2017-10-07,1,1,0,3,2,1,0,0,1,4,1,2,3,3,3,0,1, 0.00212271, 0.001830160,-0.002752577,-0.00162072,-0.00147792,sell
2017-10-08,1,0,3,0,2,0,1,0,0,4,1,2,0,3,3,1,1, 0.00089581, 0.000683143,-0.000037321, 0.00088589,-0.00007073,buy
2017-10-09,1,2,0,1,2,0,1,1,0,5,1,2,1,3,2,3,1,-0.00026227, 0.000372257, 0.001132919,-0.00061184,-0.00023654,sell
2017-10-10,0,2,0,1,2,1,1,1,1,7,1,2,2,3,3,3,2,-0.00058526,-0.001726559, 0.000397492,-0.00110491,-0.00153916,sell
2017-10-11,0,0,2,0,2,0,2,0,2,2,2,1,1,1,2,3,0, 0.00009163, 0.000747739, 0.002398143, 0.00250815, 0.00074667,buy
2017-10-12,0,1,1,1,3,1,2,0,3,3,2,2,2,2,4,3,0,-0.00111444,-0.001598595,-0.001280581, 0.00004982,-0.00099952,sell
2017-10-13,0,1,0,3,2,1,3,1,3,3,2,3,2,0,4,5,1, 0.00183534,-0.001752311, 0.002876919, 0.00215285, 0.00145189,buy
2017-10-14,0,2,1,2,3,1,4,2,2,1,1,4,2,2,5,3,1, 0.00146976, 0.001656731, 0.002413440, 0.00154437,-0.00048038,buy
2017-10-15,1,1,2,2,1,1,5,0,2,1,3,3,1,2,3,3,1,-0.00526739,-0.004026664,-0.002203272,-0.00283926,-0.00234549,sell
2017-10-16,1,2,1,3,1,3,2,1,1,0,3,1,3,2,2,4,0,-0.00081210, 0.000207581,-0.001184356,-0.00080109,-0.00190890,sell
2017-10-17,3,2,0,1,2,1,4,0,1,1,3,2,1,2,2,3,2, 0.00022439,-0.001343036,-0.003790398,-0.00369854,-0.00129453,sell
2017-10-18,2,2,0,1,2,1,3,0,1,1,2,1,2,3,1,2,2,-0.00046874,-0.000636973,-0.000904397, 0.00000884, 0.00079482,sell
2017-10-19,1,1,0,2,1,2,3,0,1,1,1,2,2,2,1,3,1,-0.00160525,-0.001394716,-0.001294303,-0.00304452,-0.00304108,sell
2017-10-20,1,0,1,1,2,1,5,2,0,0,2,2,3,0,2,2,2, 0.00033328,-0.002003970, 0.000166238,-0.00200397, 0.00023192,sell
2017-10-21,0,0,1,1,1,1,4,3,1,0,1,2,3,1,2,1,2, 0.00234087, 0.001827320, 0.002199749, 0.00182732, 0.00156172,buy
2017-10-22,1,1,0,0,2,0,5,3,1,0,3,2,2,1,2,1,2, 0.00329181, 0.002395869,-0.001097342, 0.00232565, 0.00345728,buy
2017-10-23,1,1,1,1,1,0,4,2,1,1,3,1,3,2,1,1,2, 0.00545249, 0.004806671, 0.002408156, 0.00511061, 0.00495689,buy
2017-10-24,2,1,2,0,1,0,4,2,0,2,3,2,2,3,2,1,1,-0.00042823,-0.001699770,-0.001153211,-0.00151258, 0.00057827,sell
2017-10-25,1,1,1,0,1,0,3,1,3,2,3,3,3,3,0,0,1, 0.00076947, 0.001826049, 0.001579098, 0.00149253, 0.00100896,buy
2017-10-26,2,3,0,0,0,0,4,1,2,2,2,3,1,4,1,1,2, 0.00505467, 0.003579766, 0.004400738, 0.00512417, 0.00378067,buy
2017-10-27,1,2,1,0,0,0,4,2,1,3,3,3,1,3,1,1,2, 0.00410710, 0.002515817, 0.003805146, 0.00445400, 0.00258934,buy
2017-10-28,1,2,1,1,0,0,5,3,1,2,4,3,1,4,2,0,2, 0.00358432, 0.001451850, 0.003276155, 0.00360304, 0.00164817,buy
2017-10-29,1,2,1,1,0,0,4,2,3,1,3,3,0,4,2,1,2, 0.00431968, 0.001764128, 0.003588696, 0.00446284, 0.00224025,buy
2017-10-30,1,1,1,1,1,0,2,4,0,0,2,2,1,2,1,1,2,-0.00081845,-0.001277360,-0.001238563,-0.00132443,-0.00170288,sell
2017-10-31,1,1,1,1,1,0,4,3,2,1,2,1,2,2,4,2,2,-0.00324042,-0.000554842,-0.000589065,-0.00151625,-0.00099093,sell
2017-11-01,0,2,1,0,2,2,4,1,1,1,2,1,1,1,5,3,1,-0.00047194,-0.000533690,-0.000533690, 0.00000047,-0.00126815,sell
2017-11-02,1,0,2,1,1,2,4,1,1,1,1,0,3,1,4,3,2,-0.00126674,-0.000915144,-0.001665626,-0.00204106,-0.00169224,sell
2017-11-03,1,2,2,2,2,3,3,2,1,0,2,1,4,1,5,3,2,-0.00089713,-0.001494993,-0.001943459,-0.00121628,-0.00186035,sell
2017-11-04,0,1,2,3,4,1,1,2,2,0,0,2,5,2,4,2,1,-0.00174804, 0.000748895,-0.001467163, 0.00045906, 0.00074890,sell
2017-11-05,0,1,2,3,4,1,2,1,2,0,1,2,4,3,2,2,2, 0.00041481, 0.001286548, 0.000992791, 0.00094558, 0.00147777,buy
2017-11-06,0,2,1,3,2,0,0,2,1,1,1,1,5,3,0,1,1,-0.00064436,-0.000844486,-0.000665584, 0.00009644,-0.00103390,sell
2017-11-07,0,2,2,0,1,1,1,1,2,0,2,1,2,2,1,1,1,-0.00010906, 0.000082137, 0.000080101,-0.00001825, 0.00065305,buy
2017-11-08,0,2,2,0,1,1,1,1,1,1,3,1,2,3,0,0,1,-0.00150273, 0.000349595,-0.001443790,-0.00070153,-0.00035714,sell
2017-11-09,0,1,0,1,2,0,1,0,1,3,3,0,2,1,1,1,1,-0.00085756,-0.000857559,-0.000196198,-0.00135124,-0.00070337,sell
2017-11-10,1,1,0,1,3,0,1,0,2,1,3,1,2,2,1,1,0,-0.00155546,-0.000405542,-0.002139994, 0.00163425,-0.00031711,sell
2017-11-11,1,0,2,2,1,0,1,1,1,1,2,1,2,2,1,2,0,-0.00083672,-0.000577902,-0.001307680,-0.00118112,-0.00038982,sell
2017-11-12,1,1,1,3,1,1,2,0,3,1,3,2,3,2,1,2,1,-0.00254311,-0.001821634,-0.001412651,-0.00257085,-0.00345099,sell
2017-11-13,1,0,1,1,2,0,0,3,1,3,2,1,2,2,2,2,1,-0.00115234,-0.000133341,-0.000133341,-0.00007454, 0.00018721,buy
2017-11-14,1,1,1,1,2,0,3,1,1,2,2,1,3,2,2,2,1, 0.00130200, 0.001341410, 0.001160332, 0.00134479, 0.00241522,buy
2017-11-15,2,0,1,1,2,1,1,1,2,3,1,2,4,2,3,2,0, 0.00066114, 0.000715064,-0.000356117, 0.00063738,-0.00044104,buy
2017-11-16,1,0,1,1,1,1,2,1,2,1,1,1,2,2,3,2,0,-0.00256774,-0.004173094,-0.002360649,-0.00430325,-0.00430325,sell
2017-11-17,2,1,2,0,1,0,4,2,2,1,1,3,3,3,3,1,1, 0.00177977, 0.001559378, 0.001655569, 0.00155938, 0.00121140,buy
2017-11-18,0,2,1,0,2,0,4,3,2,1,0,3,3,4,3,2,0,-0.00061647,-0.001669193,-0.000216989,-0.00085886, 0.00027981,sell
2017-11-19,0,1,0,1,1,0,6,2,2,2,1,3,2,4,1,2,2, 0.00043472, 0.000635496, 0.000734188, 0.00064872, 0.00075430,buy
2017-11-20,1,1,1,0,0,0,6,2,3,1,1,3,1,5,2,1,2, 0.00248675, 0.000888523, 0.002532923, 0.00253292, 0.00087083,buy
2017-11-21,1,1,1,0,0,0,2,3,2,1,2,1,1,3,1,1,2, 0.00171453, 0.002824811, 0.003976742, 0.00150377, 0.00178158,buy
2017-11-22,1,2,1,0,0,0,2,2,4,2,2,2,2,4,0,2,2,-0.00112621, 0.002074708,-0.000373632,-0.00087894, 0.00081359,sell
2017-11-23,0,1,1,0,0,0,3,4,2,2,1,4,1,2,1,2,2,-0.00223590,-0.000618781,-0.002004050,-0.00274415,-0.00201978,sell
2017-11-24,1,1,1,0,1,0,3,4,0,1,2,3,1,1,2,2,1,-0.00066199, 0.000030665,-0.000069183,-0.00085232, 0.00031896,sell
2017-11-25,1,1,2,0,1,0,3,4,2,1,2,3,0,2,3,3,2,-0.00063321, 0.000662753, 0.001327801,-0.00022268, 0.00065973,buy
2017-11-26,1,1,1,1,1,1,3,4,2,0,1,3,0,2,3,4,2,-0.00027157,-0.000590235, 0.000744077, 0.00048678, 0.00018696,sell
2017-11-27,2,2,2,2,1,1,2,3,1,0,2,2,3,1,2,4,2,-0.00238732,-0.001306537,-0.002541500,-0.00302643,-0.00252071,sell
2017-11-28,1,1,1,3,2,1,4,2,0,1,3,2,2,0,3,4,2, 0.00381124, 0.002513846, 0.004475074, 0.00396721, 0.00449427,buy
2017-11-29,1,2,0,3,2,1,4,1,0,1,2,1,3,1,3,3,2, 0.00322324, 0.003985407, 0.003647148, 0.00195507, 0.00385718,buy
2017-11-30,2,2,1,2,1,2,3,3,1,2,1,2,4,3,4,3,2, 0.00019105,-0.000400151,-0.000400151,-0.00040015, 0.00045695,buy
2017-12-01,1,2,1,3,0,2,3,2,2,1,2,1,4,3,4,2,1, 0.00149955, 0.000676458,-0.000167880,-0.00013554,-0.00125132,buy
2017-12-02,1,0,1,3,2,2,3,2,2,1,1,3,2,3,3,3,2, 0.00138346, 0.001561730, 0.001578719, 0.00069839, 0.00189028,buy
2017-12-03,1,0,0,4,2,2,1,4,2,2,3,3,3,3,2,3,1, 0.00084423, 0.000715367,-0.000577084, 0.00011241,-0.00021555,buy
2017-12-04,1,1,1,2,1,2,1,3,3,1,3,3,3,2,3,2,0,-0.00258819,-0.003425239,-0.003425239,-0.00235029,-0.00213021,sell
2017-12-05,1,1,3,1,1,1,1,3,2,1,3,3,3,2,2,1,1, 0.00067459, 0.000551621, 0.000581983, 0.00093048,-0.00049750,buy
2017-12-06,1,1,1,4,1,1,2,2,2,2,3,3,2,2,3,3,1, 0.00240291, 0.000355863,-0.000129541,-0.00021096,-0.00019221,buy
2017-12-07,1,1,2,3,1,0,1,2,2,2,2,2,3,1,3,3,1, 0.00145539, 0.004666732, 0.001293208, 0.00365902, 0.00358692,buy
2017-12-08,1,1,3,1,1,0,2,2,3,1,2,3,1,2,3,3,1,-0.00226143, 0.001461333, 0.000115126,-0.00178883, 0.00145906,sell
2017-12-09,0,0,2,3,0,1,2,2,3,2,3,2,2,2,2,3,1, 0.00334910, 0.002251097, 0.003311983, 0.00606622, 0.00389744,buy
2017-12-10,0,1,2,1,1,0,2,2,2,1,3,1,1,2,2,3,0,-0.00113183, 0.003294228, 0.002636233, 0.00304462, 0.00329423,buy
2017-12-11,0,1,1,0,1,0,3,2,0,2,2,2,2,2,1,1,0, 0.00089558, 0.000427466,-0.000183698,-0.00052914, 0.00022989,buy
2017-12-12,0,0,1,0,1,0,2,1,1,2,2,1,2,1,0,1,1,-0.00043791,-0.001238614,-0.000541759,-0.00145215,-0.00026868,sell
2017-12-13,1,0,1,1,0,1,3,3,1,0,1,3,1,2,1,2,1, 0.00029243,-0.000000342, 0.000501385,-0.00026430, 0.00028964,buy
2017-12-14,2,0,2,0,0,0,3,3,1,0,1,2,1,3,1,1,2,-0.00126560,-0.001336928,-0.001470520,-0.00141445,-0.00057903,sell
2017-12-15,1,1,1,0,1,0,4,2,1,0,0,2,1,3,1,2,2,-0.00065008, 0.000297096,-0.000433549,-0.00052865, 0.00107238,sell
2017-12-16,1,1,1,1,0,0,5,3,0,1,1,3,2,3,1,2,1,-0.00007865, 0.000101159, 0.000286072, 0.00029965, 0.00029797,buy
2017-12-17,1,0,2,1,0,0,4,3,0,1,3,2,1,2,0,3,1,-0.00152857,-0.000711736,-0.000380954,-0.00220128,-0.00137411,sell
2017-12-18,2,0,3,0,0,0,1,3,1,1,3,2,1,0,2,3,0,-0.00061517, 0.002294574, 0.003988979, 0.00390977, 0.00397034,buy
2017-12-19,2,1,1,0,0,0,1,2,3,1,3,2,2,1,1,2,0,-0.00068322,-0.000581616,-0.001034340,-0.00081305,-0.00074757,sell
2017-12-20,2,0,1,1,0,0,3,3,0,2,2,1,2,1,2,3,1,-0.00065260,-0.001549055,-0.001585678,-0.00151367,-0.00150010,sell
2017-12-21,1,0,1,1,0,0,3,2,0,2,2,1,2,0,2,2,1,-0.00182785,-0.003513148,-0.002773626,-0.00267906,-0.00186064,sell
2017-12-22,2,1,2,1,0,0,2,4,0,2,3,1,3,1,3,2,1, 0.00293357,-0.001776260,-0.001443600,-0.00074420,-0.00049544,sell
2017-12-23,2,2,1,1,0,0,0,3,3,1,3,1,2,1,3,2,1,-0.00157421,-0.000821000,-0.001572423,-0.00095614,-0.00077387,sell
2017-12-24,3,0,3,0,0,0,1,4,1,1,3,2,3,2,2,1,0, 0.00018574,-0.001273824, 0.000573134, 0.00063701, 0.00076704,buy
2017-12-25,1,0,2,2,0,0,3,1,1,3,4,2,2,1,2,1,1,-0.00077865,-0.000776511,-0.000639590,-0.00028905,-0.00062231,sell
2017-12-26,1,2,1,1,1,0,3,1,0,3,3,2,3,0,3,0,2, 0.00063766, 0.001242233, 0.000637656, 0.00091042, 0.00109077,buy
2017-12-27,2,2,1,0,2,0,3,2,0,1,3,2,3,1,2,1,1,-0.00004447, 0.000206727, 0.001337738,-0.00029661, 0.00231576,sell
2017-12-28,1,1,3,0,0,0,3,2,0,0,1,1,2,2,2,1,1,-0.00063437,-0.001208623,-0.001567418,-0.00152688,-0.00138892,sell
2017-12-29,1,1,2,2,0,2,3,1,2,0,3,1,3,2,2,2,1,-0.00284097,-0.000443575,-0.002644749,-0.00285822,-0.00248337,sell
2017-12-30,1,1,1,1,2,0,3,2,1,0,2,0,2,2,2,3,1, 0.00243829, 0.002365636, 0.002037877, 0.00194323, 0.00198492,buy
2017-12-31,1,3,1,0,3,0,2,2,4,1,3,2,5,2,1,4,0,-0.00047480,-0.000463039,-0.000463039, 0.00021443,-0.00065883,sell
2018-01-01,1,3,0,2,0,2,2,1,4,0,3,2,3,1,2,3,1,-0.00109210,-0.003083381,-0.001602772,-0.00281222,-0.00308907,sell
2018-01-02,1,2,3,0,0,2,2,1,3,1,3,2,3,2,1,3,1, 0.00042236, 0.000747665, 0.000525858, 0.00075063, 0.00052586,buy
2018-01-03,1,5,0,1,1,0,1,1,5,1,2,3,3,2,2,4,0, 0.00118922, 0.001228944, 0.003449862, 0.00118922, 0.00106832,buy
2018-01-04,1,2,2,1,3,0,0,1,6,2,3,3,3,2,2,4,1,-0.00268627, 0.000029653,-0.001155916,-0.00072708,-0.00094482,sell
2018-01-05,2,1,3,3,0,0,0,1,6,0,3,2,1,3,2,4,1,-0.00265301,-0.002005621,-0.002933209,-0.00288049,-0.00199871,sell
2018-01-06,2,1,3,1,0,1,0,1,7,0,4,3,1,3,2,2,1,-0.00048202,-0.000407598,-0.001186178,-0.00074444,-0.00124780,sell
2018-01-07,3,2,1,0,1,0,0,3,5,1,4,3,0,4,2,2,1,-0.00176696,-0.001741149,-0.002253492,-0.00176696,-0.00138755,sell
2018-01-08,3,1,1,0,1,0,2,1,5,2,4,3,1,5,1,1,1,-0.00109219,-0.001329579,-0.001030220,-0.00135477,-0.00109219,sell
2018-01-09,3,0,0,1,0,1,2,1,6,2,4,3,1,4,2,1,1, 0.00005196,-0.000038302, 0.000150761, 0.00004597, 0.00015076,buy
2018-01-10,4,0,1,0,0,0,0,0,6,1,3,2,1,3,2,1,0, 0.00145537, 0.000470933, 0.001677675, 0.00116310, 0.00167768,buy
2018-01-11,6,0,0,0,2,0,0,2,5,2,3,3,0,4,2,4,1, 0.00235642,-0.001264597, 0.002802835,-0.00124752, 0.00227879,buy
2018-01-12,1,1,0,1,2,0,1,3,3,2,1,2,1,2,2,5,1,-0.00295109,-0.002969004,-0.002969004,-0.00296900,-0.00296900,sell
2018-01-13,1,0,0,1,1,0,2,5,2,3,2,3,3,1,1,4,1, 0.00083755, 0.002342842,-0.000055808,-0.00022017, 0.00210893,buy
2018-01-14,2,0,1,0,1,0,4,5,1,2,3,3,2,1,2,4,1, 0.00059472, 0.000314655, 0.001434693, 0.00041659, 0.00130916,buy
2018-01-15,1,1,0,0,1,0,0,6,2,2,2,3,3,0,1,4,0,-0.00194010, 0.000850150,-0.000910071,-0.00240919,-0.00011399,sell
2018-01-16,1,1,0,0,1,0,0,3,3,2,1,2,3,1,0,4,0,-0.00247712,-0.000665019,-0.001046378,-0.00141811,-0.00108560,sell
2018-01-17,1,1,0,0,1,0,1,4,1,1,0,2,3,0,1,3,1, 0.00017898, 0.000951401, 0.000880859, 0.00022084,-0.00000065,buy
2018-01-18,0,1,0,0,1,0,3,3,1,1,1,1,3,1,2,2,0, 0.00066497,-0.000100779, 0.000010920,-0.00112498, 0.00058661,buy
2018-01-19,0,3,0,0,1,0,3,3,2,2,2,2,3,1,2,3,1,-0.00128730,-0.001284959,-0.001473860,-0.00128496,-0.00128496,sell
2018-01-20,1,4,0,0,1,0,3,3,2,0,1,2,3,1,3,3,1,-0.00193786,-0.002009804,-0.002105843,-0.00124799,-0.00195785,sell
2018-01-21,1,1,2,0,1,0,3,1,2,0,1,1,3,1,2,2,1, 0.00007623, 0.001615577,-0.002243845,-0.00007864,-0.00028945,sell
2018-01-22,1,1,1,1,0,0,3,0,1,1,1,1,1,1,3,1,1,-0.00259568,-0.002676875, 0.000225573, 0.00021340,-0.00256725,sell
2018-01-23,1,2,0,1,1,0,2,0,1,1,2,1,2,2,2,0,0,-0.00215392,-0.001953546,-0.001710659,-0.00142170,-0.00050311,sell
2018-01-24,2,2,1,0,1,0,1,1,1,0,1,1,2,2,2,1,0,-0.00123343,-0.001499132,-0.001411890,-0.00125734,-0.00015010,sell
2018-01-25,1,1,2,1,0,1,2,0,2,2,2,0,3,2,3,1,1,-0.00314983,-0.002860229,-0.002899398,-0.00330209,-0.00393515,sell
2018-01-26,1,2,1,2,1,2,3,0,1,1,2,1,2,3,3,2,1, 0.00275690, 0.003428227, 0.004007635, 0.00312733, 0.00308624,buy
2018-01-27,0,1,1,1,2,0,1,3,0,2,0,0,4,3,1,2,1,-0.00152084, 0.000767640, 0.000780944,-0.00044564,-0.00081435,buy
2018-01-28,0,2,0,1,3,0,2,2,1,1,1,1,4,2,1,2,1,-0.00253663,-0.002450187,-0.003354305,-0.00246519,-0.00347993,sell
2018-01-29,0,1,1,2,2,1,3,2,0,1,1,2,5,1,2,1,1,-0.00003717,-0.001407114, 0.000942833,-0.00141627,-0.00140319,sell
2018-01-30,0,0,2,2,0,1,3,2,0,1,1,2,3,3,1,1,0, 0.00035185,-0.000422026, 0.000335900, 0.00027953, 0.00033590,buy
2018-01-31,0,2,1,0,2,1,3,3,1,0,1,2,3,2,3,1,1,-0.00132464,-0.000787652,-0.001287369,-0.00085669,-0.00280083,sell
2018-02-01,0,1,1,1,1,1,4,2,1,3,2,3,1,3,4,1,1,-0.00247091,-0.001865661,-0.001965926,-0.00088845,-0.00198899,sell
2018-02-02,0,0,1,2,0,1,4,2,1,2,1,2,2,3,4,1,0,-0.00172393,-0.000958445,-0.001306873,-0.00127367, 0.00092456,sell
2018-02-03,0,1,1,0,2,0,4,2,2,1,2,1,1,3,4,1,1,-0.00360384,-0.004001208,-0.003052670,-0.00411176,-0.00307151,sell
2018-02-04,0,1,0,1,1,0,4,3,3,2,2,2,1,4,4,1,1, 0.00060998, 0.001565918, 0.001449010,-0.00046487, 0.00258213,buy
2018-02-05,0,0,1,2,1,1,4,3,2,2,2,2,2,3,3,3,1, 0.00435362, 0.003544973, 0.004750355, 0.00435465, 0.00707168,buy
2018-02-06,0,1,0,2,0,0,4,2,2,0,0,1,2,2,3,2,1, 0.00234454, 0.001951536, 0.002606516, 0.00243452, 0.00039904,buy
2018-02-07,1,1,1,1,0,0,3,2,2,1,2,0,2,2,3,2,1, 0.00190888, 0.002584371, 0.000176694, 0.00058376, 0.00047276,buy
2018-02-08,1,1,0,1,1,0,3,2,1,2,2,0,2,2,2,3,1, 0.00175517, 0.001365217, 0.001240163, 0.00151850, 0.00176037,buy
2018-02-09,1,0,0,2,0,0,3,2,0,2,1,1,2,2,2,2,0, 0.00051383, 0.000004852,-0.001531065,-0.00192225, 0.00199026,buy
2018-02-10,0,0,1,1,0,0,4,1,2,1,2,0,0,3,1,3,1,-0.00011533,-0.002357537,-0.001379541,-0.00106021,-0.00134543,sell
2018-02-11,1,0,0,1,0,0,2,3,2,2,2,1,1,1,3,2,1,-0.00168279,-0.001914822,-0.001736676,-0.00138900,-0.00216841,sell
2018-02-12,1,2,0,1,0,0,2,3,3,3,4,1,2,3,1,3,1,-0.00104006,-0.001778170,-0.001948081,-0.00195123,-0.00131030,sell
2018-02-13,0,1,0,1,0,0,2,4,4,4,4,1,2,2,2,4,1,-0.00040547,-0.001241170,-0.000044232, 0.00064528,-0.00262409,sell
2018-02-14,0,1,0,1,0,0,3,2,4,2,2,1,2,1,3,3,1, 0.00073161, 0.000715692, 0.001145881, 0.00025492, 0.00047414,buy
2018-02-15,0,1,0,1,0,0,1,2,4,3,3,0,1,2,2,4,0,-0.00103063,-0.003779152,-0.001095443,-0.00105739,-0.00405497,sell
2018-02-16,1,2,0,0,0,0,0,4,4,1,2,0,1,2,2,4,1,-0.00101397,-0.001040722,-0.001013973,-0.00066503,-0.00098287,sell
2018-02-17,1,1,1,0,0,0,0,2,2,2,2,1,2,1,1,2,0,-0.00051439,-0.000514395,-0.000319021, 0.00132442,-0.00083625,sell
2018-02-18,1,1,1,1,0,0,1,1,0,2,2,1,2,0,1,2,0,-0.00320584,-0.001540046,-0.001826100,-0.00170067,-0.00126968,sell
2018-02-19,1,2,1,1,0,0,2,2,0,4,2,2,3,2,2,1,1, 0.00196093, 0.001235075, 0.001075663, 0.00110302, 0.00141537,buy
2018-02-20,2,4,0,1,1,0,0,5,1,3,3,2,3,4,2,2,1, 0.00158863,-0.000189544,-0.001578540,-0.00018954, 0.00224506,buy
2018-02-21,1,3,1,0,1,0,0,3,3,2,2,2,3,3,2,1,1, 0.00103105, 0.001000570, 0.000805993, 0.00077995, 0.00233650,buy
2018-02-22,1,2,1,1,1,1,2,3,2,1,3,2,1,4,3,2,0, 0.00224616, 0.002608545, 0.001995254, 0.00137312, 0.00196317,buy
2018-02-23,1,1,0,1,1,0,1,3,1,2,1,1,2,3,2,2,0, 0.00001885, 0.000578987, 0.001047985, 0.00037512, 0.00069713,buy
2018-02-24,1,2,0,0,2,1,1,2,3,3,2,2,3,4,1,2,1, 0.00204638, 0.002115044, 0.002084186, 0.00129546, 0.00152506,buy
2018-02-25,1,3,1,1,0,1,1,2,2,1,2,1,3,3,2,1,1, 0.00213050, 0.002130503, 0.002130503, 0.00181379, 0.00254857,buy
2018-02-26,1,1,4,0,1,1,1,2,2,3,3,3,2,4,1,2,1,-0.00397894,-0.002175671,-0.002278679,-0.00288430,-0.00212313,sell
2018-02-27,1,2,1,3,1,0,2,1,3,3,3,3,1,3,2,3,2, 0.00143236, 0.001468395, 0.001945761, 0.00146840, 0.00269079,buy
2018-02-28,2,1,3,1,3,0,3,1,2,3,4,3,2,4,1,3,2, 0.00275763, 0.002466681, 0.002843906, 0.00260429, 0.00275763,buy
2018-03-01,2,1,4,2,0,0,3,1,2,1,3,2,1,4,1,4,1,-0.00052911,-0.003572831,-0.000342393, 0.00061375,-0.00046561,sell
2018-03-02,2,1,3,1,1,2,4,1,2,2,4,2,2,3,1,5,2,-0.00040473,-0.000689304,-0.000174778,-0.00116933,-0.00062380,sell
2018-03-03,2,2,2,0,1,1,4,2,1,1,5,0,1,2,2,4,2,-0.00309748,-0.004593413,-0.003448902,-0.00544728,-0.00358351,sell
2018-03-04,2,1,1,0,1,0,5,1,1,2,3,1,2,3,1,3,1,-0.00147905,-0.001020241,-0.000802521,-0.00082877,-0.00073599,sell
2018-03-05,2,0,1,1,1,1,5,0,1,1,2,1,2,2,0,4,2, 0.00112515,-0.002242536, 0.001268763,-0.00091436, 0.00144003,buy
2018-03-06,2,0,2,1,0,0,1,1,2,0,1,1,2,1,1,1,2, 0.00173344, 0.002066324, 0.000386893, 0.00227301, 0.00203552,buy
2018-03-07,2,1,2,0,1,0,2,1,1,0,2,1,1,1,1,2,2,-0.00018094,-0.000152258, 0.000383174,-0.00152120, 0.00015230,sell
2018-03-08,1,1,2,2,0,0,2,1,1,1,2,0,2,2,1,2,2,-0.00111396,-0.001828376, 0.000266953, 0.00085209, 0.00049940,buy
2018-03-09,1,2,2,2,0,0,3,0,1,2,3,2,1,2,1,3,1,-0.00165029, 0.000301049,-0.000245630,-0.00099970,-0.00053620,sell
2018-03-10,2,1,3,2,0,0,1,1,1,2,5,2,0,1,2,2,1, 0.00198745, 0.001345200,-0.000453676, 0.00034800,-0.00063494,buy
2018-03-11,1,2,2,2,0,0,0,1,2,3,4,1,1,1,3,2,1, 0.00231572, 0.001834888, 0.000668592, 0.00070591, 0.00073571,buy
2018-03-12,1,2,2,2,0,0,1,1,2,3,4,3,1,2,2,2,0,-0.00293035,-0.001877190,-0.004153161,-0.00533301,-0.00409216,sell
2018-03-13,0,2,2,1,0,0,3,2,2,1,2,3,2,1,2,2,1, 0.00089136,-0.000489232, 0.000721551, 0.00076572, 0.00122197,buy
2018-03-14,1,2,2,1,0,0,4,3,1,2,3,3,2,1,2,3,2, 0.00300342, 0.004062081, 0.002731908, 0.00287064, 0.00358444,buy
2018-03-15,1,3,2,1,0,0,3,3,3,3,4,4,2,1,3,3,2, 0.00051668,-0.000091171,-0.000067528, 0.00067824,-0.00008051,buy
2018-03-16,2,3,0,0,0,0,4,2,2,1,1,3,3,2,1,2,2, 0.00348567, 0.002837324, 0.001706860, 0.00240559, 0.00090013,buy
2018-03-17,1,2,1,0,0,0,4,0,1,2,1,4,2,1,0,2,1,-0.00180494,-0.001204931,-0.001373572,-0.00147327,-0.00072486,sell
2018-03-18,2,2,0,1,0,0,4,0,0,2,1,3,3,0,1,1,2, 0.00285911, 0.002870974, 0.003548992, 0.00302488, 0.00344228,buy
2018-03-19,3,3,0,0,1,0,4,1,0,2,1,3,4,1,1,2,2, 0.00224900, 0.001847117, 0.001811723, 0.00145046, 0.00199994,buy
2018-03-20,1,3,2,0,0,0,2,1,0,1,0,4,3,1,1,0,1,-0.00221908,-0.002863690,-0.002219083,-0.00221908,-0.00214141,sell
2018-03-21,1,2,1,2,0,1,2,0,1,2,1,3,1,2,2,1,2,-0.00004330, 0.000195418, 0.000877257, 0.00062051, 0.00026115,buy
2018-03-22,1,2,0,1,3,0,1,2,0,2,1,3,0,2,2,2,2,-0.00307654,-0.003937848,-0.000292933,-0.00446196,-0.00466459,sell
2018-03-23,0,2,0,0,3,0,1,1,1,3,2,2,2,2,1,1,1, 0.00135696, 0.001891586, 0.002524880, 0.00111245, 0.00127135,buy
2018-03-24,0,3,0,1,2,2,1,0,1,2,3,3,2,1,2,1,0,-0.00242862,-0.002428622,-0.001795939,-0.00137663,-0.00051954,sell
2018-03-25,0,2,2,2,1,2,1,1,0,4,5,2,2,2,3,0,1,-0.00016270,-0.000010137, 0.000342483,-0.00008135, 0.00002379,sell
2018-03-26,2,3,1,2,3,1,1,1,0,4,4,3,2,1,4,2,2,-0.00088660,-0.000875953,-0.000810146, 0.00138038,-0.00025595,sell
2018-03-27,2,3,0,3,4,0,1,2,0,3,4,3,3,1,4,2,1,-0.00087432,-0.000159912,-0.000809051, 0.00179095, 0.00008532,sell
2018-03-28,2,0,3,4,1,0,1,2,0,3,3,3,2,2,3,2,1, 0.00203726, 0.002340421, 0.000856795, 0.00016808, 0.00126252,buy
2018-03-29,2,0,2,4,0,1,1,2,0,2,2,2,3,1,3,2,1, 0.00251714, 0.003190111, 0.001573824, 0.00196830, 0.00231275,buy
2018-03-30,2,2,1,1,2,0,1,2,1,1,3,1,2,1,3,2,1,-0.00097115,-0.000440997,-0.001714108,-0.00162828,-0.00043218,sell
2018-03-31,1,1,0,0,1,0,1,3,0,3,2,1,3,1,3,0,0, 0.00195024, 0.003688243,-0.001727668,-0.00130371, 0.00056515,buy
2018-04-01,1,1,0,1,0,1,2,2,0,3,2,1,3,2,2,1,0, 0.00268496, 0.000361121,-0.002490716,-0.00244699, 0.00255077,sell
2018-04-02,1,1,1,1,0,1,1,1,2,2,1,2,3,1,3,0,1,-0.00185731,-0.000240332,-0.000383157,-0.00038316,-0.00214387,sell
2018-04-03,2,1,1,1,1,0,1,3,1,2,3,2,2,2,3,1,0, 0.00009409, 0.000263599,-0.000108046,-0.00010805, 0.00001258,buy
2018-04-04,1,2,1,1,2,0,3,2,0,2,1,3,2,2,4,1,1,-0.00080257, 0.002310792,-0.001805840, 0.00060995,-0.00083371,sell
2018-04-05,1,1,1,3,0,0,6,0,0,3,2,2,2,2,4,1,2,-0.00182627,-0.000706211,-0.002201296,-0.00205534,-0.00182606,sell
2018-04-06,1,1,3,2,0,0,4,0,0,1,2,1,1,1,3,2,2,-0.00392437,-0.000964136, 0.000783827,-0.00105610,-0.00182443,sell
2018-04-07,2,2,3,1,1,0,2,1,2,2,3,2,3,1,3,2,2, 0.00158488, 0.003552425, 0.002314016, 0.00219608, 0.00349955,buy
2018-04-08,1,4,2,1,1,0,0,0,3,3,3,1,2,2,3,3,1, 0.00015775, 0.000299477, 0.000231835,-0.00132426, 0.00027490,buy
2018-04-09,0,3,2,1,1,0,1,1,1,2,2,1,2,1,3,2,1,-0.00078291,-0.000372927,-0.001413746,-0.00008680,-0.00080024,sell
2018-04-10,0,2,1,1,1,0,4,0,2,3,3,2,3,2,2,1,1,-0.00312791,-0.002610425,-0.003028825,-0.00312791,-0.00197149,sell
2018-04-11,0,2,1,1,1,0,1,2,3,2,3,2,2,2,2,2,0,-0.00267359,-0.001269847,-0.001152340,-0.00111283,-0.00188583,sell
2018-04-12,1,3,1,1,1,0,0,2,5,1,3,2,3,2,2,2,1,-0.00080745,-0.000450619,-0.001079872,-0.00062613, 0.00050026,sell
2018-04-13,1,2,2,1,1,0,1,1,5,1,3,2,3,2,1,2,2,-0.00091268, 0.000616361,-0.000424039, 0.00011858, 0.00073042,sell
2018-04-14,1,3,2,2,0,1,1,2,2,1,3,2,2,1,2,3,2,-0.00022322,-0.000352008,-0.000223221,-0.00177744,-0.00035201,sell
2018-04-15,1,3,1,1,1,1,2,1,1,2,3,2,2,2,1,2,2,-0.00080151, 0.000110230,-0.001817722, 0.00149417, 0.00126258,sell
2018-04-16,2,4,2,1,0,1,0,2,1,0,2,2,2,2,1,3,1, 0.00261622, 0.001779992, 0.000434630, 0.00209463, 0.00261622,buy
2018-04-17,2,2,4,3,0,2,0,2,3,0,4,2,3,2,3,2,2, 0.00198210, 0.001105921, 0.001291770, 0.00116713, 0.00178897,buy
2018-04-18,3,2,2,5,0,2,1,2,2,1,4,2,2,4,3,3,2, 0.00246166, 0.000175095, 0.002382060, 0.00076744, 0.00278964,buy
2018-04-19,2,1,1,3,4,0,0,2,1,2,3,2,2,4,3,2,0, 0.00327973, 0.003507175, 0.003076436, 0.00347633, 0.00313735,buy
2018-04-20,2,2,0,3,2,0,2,1,2,1,4,1,2,2,2,3,1, 0.00272292, 0.002326987, 0.001678078, 0.00158514, 0.00161290,buy
2018-04-21,1,2,2,3,0,3,1,2,1,1,4,2,2,3,3,1,1, 0.00017443,-0.002386849,-0.000057677, 0.00028334,-0.00021256,sell
2018-04-22,1,2,1,2,0,2,1,1,2,2,3,2,2,3,1,2,1, 0.00224693, 0.002152386, 0.002206371, 0.00215817, 0.00214125,buy
2018-04-23,1,4,0,1,3,0,1,0,1,1,3,2,1,2,2,2,0, 0.00341042, 0.003805247, 0.003233794, 0.00352438, 0.00356481,buy
2018-04-24,1,2,1,1,2,0,1,0,1,3,2,2,0,3,2,2,1, 0.00145492, 0.001990283, 0.002027875, 0.00246778, 0.00128259,buy
2018-04-25,1,3,1,3,0,1,1,0,1,2,1,2,1,3,2,2,2, 0.00018907, 0.000523647, 0.001469014, 0.00059303, 0.00025494,buy
2018-04-26,1,4,3,1,1,1,0,0,2,1,2,2,1,3,3,2,1, 0.00073331,-0.000129443, 0.000981276, 0.00092762, 0.00019991,buy
2018-04-27,1,2,2,2,1,0,0,1,1,2,2,2,0,3,3,1,1, 0.00186303, 0.001497381, 0.001731441, 0.00158265, 0.00205057,buy
2018-04-28,1,0,1,3,1,0,1,0,0,3,1,2,1,3,2,0,1,-0.00084183,-0.001314255,-0.001885875,-0.00141353,-0.00133536,sell
2018-04-29,1,0,1,3,2,1,1,0,1,0,0,1,2,2,3,1,1, 0.00076493, 0.000887519, 0.002347515, 0.00069537, 0.00076493,buy
2018-04-30,2,0,2,2,1,0,1,0,3,0,1,2,2,3,3,0,0, 0.00053126, 0.000084323, 0.000324533, 0.00001788, 0.00045867,buy
2018-05-01,0,1,1,2,2,0,1,1,2,0,0,2,2,2,3,1,0,-0.00118758,-0.000903239,-0.000726760,-0.00012041,-0.00008452,sell
2018-05-02,0,1,0,2,2,1,2,2,1,1,1,2,4,1,2,1,1, 0.00001072,-0.000676365, 0.000134209,-0.00058329,-0.00069047,sell
2018-05-03,0,0,1,1,2,0,4,1,1,1,2,2,3,1,1,2,0, 0.00215631, 0.001124843, 0.001393174, 0.00113247, 0.00076345,buy
2018-05-04,1,0,1,1,2,0,1,2,1,0,2,1,2,0,1,2,1, 0.00175056, 0.002522265, 0.002230717, 0.00001735, 0.00101753,buy
2018-05-05,2,2,0,0,2,1,0,1,3,3,3,0,3,2,2,3,1, 0.00044442, 0.000935958, 0.000377430,-0.00047904, 0.00096392,buy
2018-05-06,2,1,0,1,1,1,0,2,1,4,2,1,3,2,1,3,1, 0.00191018, 0.002349625, 0.002313178, 0.00300475, 0.00237999,buy
2018-05-07,0,1,1,0,1,1,2,1,1,3,2,0,3,1,2,2,1,-0.00065485,-0.000562768,-0.000417972,-0.00034062,-0.00001497,sell
2018-05-08,0,1,2,0,1,1,3,2,2,4,3,1,3,3,2,3,1, 0.00004769,-0.000442643,-0.001551516, 0.00020100, 0.00073200,sell
2018-05-09,0,3,1,0,2,1,1,2,2,3,3,2,2,3,2,2,1, 0.00057044, 0.000569707, 0.000391903, 0.00038805, 0.00038805,buy
2018-05-10,2,0,2,0,2,1,0,3,2,3,3,2,2,3,1,3,1,-0.00404819,-0.003726182,-0.001093576,-0.00386894,-0.00330514,sell
2018-05-11,1,0,1,2,2,0,1,1,2,3,2,2,1,3,2,3,0,-0.00163350,-0.001220158,-0.001304075,-0.00147057,-0.00146778,sell
2018-05-12,1,1,1,1,2,0,1,2,0,3,1,1,3,2,3,2,0, 0.00147392, 0.001416778, 0.000267977, 0.00160008, 0.00026798,buy
2018-05-13,2,2,1,1,2,0,0,3,1,4,1,2,3,4,2,3,1,-0.00076833,-0.000506145,-0.000444174,-0.00179728, 0.00067113,sell
2018-05-14,1,3,2,1,0,1,0,3,1,2,1,2,3,3,2,2,1, 0.00151501, 0.000500056, 0.000090822, 0.00097288, 0.00071563,buy
2018-05-15,0,2,2,2,0,1,2,2,1,1,1,1,4,2,2,2,1,-0.00107963, 0.000659234,-0.004518973,-0.00136094,-0.00131437,sell
2018-05-16,0,2,1,3,2,0,1,2,1,2,1,1,3,2,3,4,0, 0.00083158, 0.000922805, 0.001171500, 0.00079468, 0.00092400,buy
2018-05-17,1,3,1,2,4,0,1,2,2,2,2,3,4,2,1,5,1,-0.00235657,-0.003236104,-0.002930404,-0.00187657,-0.00077961,sell
2018-05-18,0,1,4,2,2,1,1,1,2,1,3,3,3,0,2,4,0, 0.00225207,-0.000426768, 0.003119301, 0.00174131, 0.00163536,buy
2018-05-19,0,1,4,2,1,2,2,1,1,2,2,3,4,1,1,4,1, 0.00292915, 0.000788451, 0.002852897, 0.00275843, 0.00266595,buy
2018-05-20,0,4,1,2,2,1,2,1,1,2,2,4,3,0,1,5,1, 0.00071408, 0.000369274,-0.001361908, 0.00020956, 0.00081491,sell
2018-05-21,0,2,1,2,3,1,1,2,2,2,3,3,3,1,1,4,1, 0.00066389, 0.000400531, 0.000286896, 0.00098174, 0.00129946,buy
2018-05-22,0,1,3,2,2,1,1,2,2,1,2,4,2,1,1,3,2,-0.00248686,-0.002146650,-0.002513862,-0.00238197,-0.00361053,sell
2018-05-23,0,2,3,3,1,2,1,2,2,0,2,4,3,3,1,2,1, 0.00077294, 0.002740703, 0.002327285, 0.00127161, 0.00244765,buy
2018-05-24,0,2,3,1,1,2,0,3,1,2,2,2,2,3,3,1,2, 0.00036354, 0.000067986,-0.000128459,-0.00107286,-0.00265093,buy
2018-05-25,0,3,2,2,1,1,1,2,0,2,1,2,2,4,3,0,2, 0.00245407, 0.001379421, 0.001135092,-0.00000331,-0.00058939,buy
2018-05-26,0,1,2,3,1,2,0,1,0,2,0,2,1,3,3,1,2, 0.00340179, 0.003854046, 0.003077082, 0.00189765, 0.00314116,buy
2018-05-27,1,0,3,2,1,1,0,1,1,1,1,2,1,1,4,0,2, 0.00239913, 0.003373134, 0.001156722, 0.00297768, 0.00319900,buy
2018-05-28,0,0,1,2,2,0,2,2,1,0,0,0,1,2,3,2,2,-0.00274829, 0.002331536, 0.001689859, 0.00241442, 0.00270496,buy
2018-05-29,0,1,0,1,3,0,3,2,1,0,0,1,1,2,3,2,2,-0.00019910, 0.001714796, 0.001918389, 0.00171415, 0.00173893,buy
2018-05-30,0,0,3,1,2,0,4,1,0,1,2,2,2,1,2,2,1,-0.00058262,-0.000419818,-0.000053130,-0.00091540,-0.00091540,sell
2018-05-31,1,0,4,1,1,0,3,1,0,0,2,2,1,1,3,2,0,-0.00261442, 0.000704467, 0.000794994,-0.00246114,-0.00199992,sell
2018-06-01,1,1,3,1,1,1,2,0,2,0,2,2,2,1,3,1,1, 0.00293067, 0.001995742, 0.001386412, 0.00316003, 0.00222267,buy
2018-06-02,1,1,3,1,2,0,1,1,0,1,2,1,2,2,2,2,0,-0.00202359,-0.001119343,-0.001626243,-0.00175280,-0.00130732,sell
2018-06-03,1,0,2,0,2,1,2,2,0,2,2,1,3,1,3,2,0,-0.00046377,-0.001006039,-0.000320212,-0.00100604,-0.00152927,sell
2018-06-04,0,0,1,0,3,1,3,3,0,2,3,0,3,2,2,2,1,-0.00134931,-0.001304839,-0.001360729,-0.00113976,-0.00063574,sell
2018-06-05,0,1,0,1,2,1,2,3,2,2,3,1,2,2,2,3,1, 0.00139971, 0.000714794, 0.001537454, 0.00122942, 0.00173906,buy
2018-06-06,1,0,1,1,2,1,2,4,1,2,3,1,3,2,2,3,1,-0.00039970,-0.000442500,-0.000876714,-0.00071563,-0.00041686,sell
2018-06-07,0,0,1,1,2,1,2,3,1,2,2,1,2,3,1,3,1, 0.00023372, 0.000180870,-0.001546233,-0.00037099, 0.00006667,sell
2018-06-08,0,1,0,2,3,0,3,1,1,2,2,2,1,2,2,2,2, 0.00247914, 0.002809721, 0.003162938, 0.00248343, 0.00248885,buy
2018-06-09,0,1,0,1,3,0,3,1,0,3,1,1,2,3,2,1,2, 0.00127556, 0.001842120, 0.001676117, 0.00187350, 0.00115068,buy
2018-06-10,1,1,1,2,1,0,2,1,0,1,0,3,1,2,2,1,1, 0.00025139, 0.000468861, 0.000583349, 0.00052762, 0.00046483,buy
2018-06-11,0,2,1,3,1,1,2,0,1,1,2,2,2,2,2,1,1,-0.00002834,-0.000029186, 0.000421116, 0.00012037,-0.00006618,sell
2018-06-12,0,2,1,4,2,0,3,0,2,1,2,2,2,2,2,3,2, 0.00010589,-0.000104734,-0.000305822, 0.00069866, 0.00029898,buy
2018-06-13,0,2,0,4,3,0,2,2,1,2,3,2,3,2,1,3,2, 0.00071888, 0.000785793, 0.000795843, 0.00077299, 0.00056843,buy
2018-06-14,0,2,0,3,1,2,2,0,2,1,2,2,2,0,3,3,1,-0.00027023,-0.000449899,-0.000189169, 0.00004142,-0.00027023,sell
2018-06-15,0,1,2,2,1,2,1,0,0,1,2,2,2,1,2,1,0, 0.00326894, 0.003575310, 0.003448194, 0.00331474, 0.00331474,buy
2018-06-16,1,2,0,4,3,2,1,0,0,2,3,3,2,0,4,2,1,-0.00100749,-0.001635222,-0.001013407,-0.00174387,-0.00116898,sell
2018-06-17,0,2,0,2,4,2,1,0,0,1,2,2,2,1,4,1,0,-0.00021578,-0.000279284,-0.000223840,-0.00119210,-0.00009532,sell
2018-06-18,0,1,3,2,3,1,1,0,0,0,2,3,1,1,2,1,1, 0.00106052, 0.002256073, 0.001825922, 0.00225607, 0.00225607,buy
2018-06-19,0,2,3,3,2,2,0,1,2,0,3,3,3,1,2,2,1, 0.00180185, 0.003366561, 0.002638445, 0.00225805, 0.00211636,buy
2018-06-20,0,3,2,2,2,1,0,2,1,1,3,2,2,1,3,2,1, 0.00033520, 0.000732708,-0.000402700, 0.00015493,-0.00132871,buy
2018-06-21,0,2,2,1,2,1,1,0,2,2,2,2,3,2,2,1,1, 0.00227071, 0.000967842, 0.001452154, 0.00115591, 0.00194081,buy
2018-06-22,0,2,1,2,0,3,0,0,1,1,1,2,3,2,0,2,0, 0.00005909,-0.002304305,-0.001172751, 0.00112707,-0.00150005,sell
2018-06-23,1,1,1,1,0,3,0,0,2,3,2,2,2,1,1,3,1,-0.00032965, 0.001207850, 0.001474557, 0.00145946, 0.00147456,buy
2018-06-24,1,2,1,0,1,2,0,1,2,1,2,0,2,2,2,2,1,-0.00257343,-0.002061050,-0.003118513,-0.00281024,-0.00317509,sell
2018-06-25,0,3,0,0,2,1,1,1,2,1,1,1,2,1,2,3,1, 0.00015303,-0.000386963,-0.000591966,-0.00038696,-0.00082811,sell
2018-06-26,0,1,1,1,1,1,2,0,1,2,2,1,2,1,1,2,1, 0.00042441,-0.000489058,-0.000200395,-0.00020039, 0.00042441,buy
2018-06-27,0,2,1,1,2,1,1,2,0,1,3,2,1,1,1,2,1,-0.00042014, 0.000469521, 0.000348361,-0.00069432,-0.00084571,sell
2018-06-28,1,2,0,2,4,1,1,0,2,1,2,2,3,1,3,2,1,-0.00071815,-0.001531312,-0.001428214,-0.00135277,-0.00040288,sell
2018-06-29,1,2,0,2,4,1,0,0,1,1,1,1,3,2,2,2,1,-0.00167121,-0.002505043,-0.002119442,-0.00259969,-0.00178097,sell
2018-06-30,1,1,0,2,3,0,1,1,0,2,1,2,2,1,3,2,0, 0.00009684, 0.000431817, 0.000431817, 0.00047375, 0.00024693,buy
2018-07-01,1,0,0,2,3,1,2,1,0,2,1,2,2,2,3,1,1,-0.00112639,-0.001800870,-0.001306582,-0.00349605,-0.00156877,sell
2018-07-02,0,1,1,1,3,1,1,1,1,0,2,1,0,2,3,1,1,-0.00118708, 0.000726861,-0.000703242,-0.00171641,-0.00088825,sell
2018-07-03,1,0,2,1,2,1,2,1,2,0,2,2,1,2,4,1,0,-0.00079006,-0.001369272, 0.000003517,-0.00044061,-0.00040148,sell
2018-07-04,1,0,2,1,2,1,1,2,1,0,3,2,1,1,2,1,1,-0.00230681,-0.002699638,-0.001905856,-0.00288235,-0.00278003,sell
2018-07-05,0,0,2,2,0,1,2,0,1,1,2,2,1,0,2,1,1, 0.00123158, 0.001576230, 0.000187268, 0.00131278, 0.00123158,buy
2018-07-06,0,1,2,1,1,1,2,0,1,2,3,2,2,1,2,0,1,-0.00025203,-0.000251375,-0.000299693,-0.00029969,-0.00023553,sell
2018-07-07,1,2,4,0,0,0,1,1,0,1,2,0,2,1,2,2,1, 0.00137052, 0.002038054, 0.001799791, 0.00205280, 0.00203805,buy
2018-07-08,0,3,4,1,1,2,1,0,1,2,2,2,3,2,3,2,1, 0.00305281, 0.002828032, 0.003052811, 0.00301520,-0.00115318,buy
2018-07-09,0,2,3,2,2,1,2,0,0,2,1,1,2,3,3,3,1,-0.00367335,-0.003322893,-0.003704391,-0.00370036,-0.00330955,sell
2018-07-10,0,1,3,1,4,1,2,1,0,2,2,1,3,3,2,4,0, 0.00110004,-0.000601640, 0.001156531, 0.00101506, 0.00115056,buy
2018-07-11,0,2,2,3,2,2,1,1,2,1,2,1,2,3,3,4,1, 0.00043788, 0.001486313, 0.001546572, 0.00070721, 0.00150160,buy
2018-07-12,0,1,4,2,3,3,1,1,2,0,1,1,2,4,4,3,2, 0.00035352, 0.000963802,-0.002274146,-0.00159627, 0.00077880,sell
2018-07-13,0,2,2,3,4,2,2,1,0,1,1,1,2,4,4,3,2,-0.00234277,-0.001982621,-0.002764608,-0.00273517, 0.00040273,sell
2018-07-14,0,1,1,3,6,2,2,0,0,2,1,2,2,4,5,2,1, 0.00012133, 0.000317374,-0.001099518, 0.00025572, 0.00069041,buy
2018-07-15,0,0,3,4,3,0,1,0,0,0,0,1,0,4,5,1,0,-0.00007495,-0.000525246, 0.000916119,-0.00097796, 0.00022217,sell
2018-07-16,1,0,2,4,3,1,1,0,1,0,1,2,1,3,3,2,1,-0.00238776,-0.003286559,-0.004461311,-0.00363583,-0.00020748,sell
2018-07-17,0,1,1,3,3,0,1,1,0,0,1,2,0,2,3,2,0, 0.00111623, 0.000861767, 0.000741204, 0.00071402,-0.00170378,buy
2018-07-18,0,1,1,1,3,0,3,0,1,1,2,1,1,2,3,1,1, 0.00078817,-0.001774844,-0.002361668,-0.00191572, 0.00078817,sell
2018-07-19,0,2,0,1,2,0,1,1,1,2,2,1,2,2,1,1,1, 0.00040600, 0.000482235, 0.001781905,-0.00041840, 0.00017393,buy
2018-07-20,1,1,0,1,0,1,1,0,3,2,3,1,1,0,2,2,1, 0.00097603, 0.000253725, 0.000852618, 0.00185247, 0.00080578,buy
2018-07-21,1,1,1,1,0,1,1,1,3,1,3,0,3,1,2,1,1,-0.00151980,-0.001519800,-0.000821427,-0.00145847,-0.00154187,sell
2018-07-22,0,2,0,2,1,1,2,1,2,2,2,1,3,1,2,4,0,-0.00046679, 0.000758123, 0.000235116, 0.00166842,-0.00139947,buy
2018-07-23,0,1,0,3,1,1,3,2,2,4,3,2,4,1,2,4,1,-0.00351187,-0.001197480, 0.002505589,-0.00159414,-0.00076850,sell
2018-07-24,0,2,1,4,1,2,2,3,1,2,3,3,3,1,2,5,1, 0.00073495,-0.001750538,-0.000955110, 0.00048992, 0.00102064,buy
2018-07-25,1,2,2,3,1,2,2,1,1,2,2,3,3,1,3,4,1,-0.00128680,-0.002568336,-0.002833117,-0.00274673,-0.00189286,sell
2018-07-26,1,2,2,3,1,2,1,1,2,2,1,2,4,2,3,4,1,-0.00151369,-0.003157411,-0.003410397,-0.00303078,-0.00340475,sell
2018-07-27,1,1,1,3,2,1,2,2,0,3,0,3,2,2,4,4,1, 0.00181367, 0.001626975, 0.001462343, 0.00185494, 0.00161637,buy
2018-07-28,0,1,1,2,3,1,4,2,0,2,1,2,2,3,4,1,3,-0.00067846, 0.001706053, 0.001668331, 0.00075333,-0.00061341,buy
2018-07-29,0,2,1,1,2,0,3,2,0,1,1,1,1,3,3,1,2,-0.00159948,-0.000794434,-0.000722997,-0.00072300,-0.00106907,sell
2018-07-30,0,1,0,1,1,0,3,2,2,1,0,1,1,2,4,2,1, 0.00102941, 0.001344994, 0.003299025, 0.00130066,-0.00121984,buy
2018-07-31,1,0,1,1,1,1,2,3,1,1,1,1,2,2,2,2,2,-0.00162432,-0.002391677,-0.002001430,-0.00136413,-0.00233671,sell
2018-08-01,0,0,0,2,1,1,3,1,1,2,1,1,1,1,3,2,2, 0.00045794, 0.000292410, 0.001719913, 0.00045452, 0.00029241,buy
2018-08-02,0,1,0,1,2,0,2,2,0,3,3,0,2,2,3,1,0,-0.00106884,-0.001362527,-0.001160731,-0.00105614,-0.00016347,sell
2018-08-03,1,1,1,1,2,0,1,3,0,4,2,1,2,3,3,2,1,-0.00012595, 0.000086593, 0.000223263, 0.00036191, 0.00014608,buy
2018-08-04,1,2,1,2,3,1,1,3,1,3,3,2,5,2,3,2,1, 0.00178910, 0.002529207, 0.002898962, 0.00254572, 0.00178190,buy
2018-08-05,0,3,3,2,3,1,1,2,1,2,3,2,4,2,3,3,1, 0.00040743, 0.000531179,-0.002237604, 0.00141355,-0.00020461,buy
2018-08-06,0,2,3,2,6,0,2,3,0,2,3,2,3,2,3,5,2, 0.00259608, 0.001442401,-0.001111138, 0.00185915, 0.00115659,buy
2018-08-07,0,4,1,3,6,0,1,4,0,5,4,2,5,2,4,5,2, 0.00099043, 0.000997581, 0.002602338, 0.00313648, 0.00110909,buy
2018-08-08,0,3,1,3,5,1,0,3,1,5,4,2,4,1,4,5,2, 0.00214589, 0.002063025, 0.002392128, 0.00320579, 0.00209628,buy
2018-08-09,0,2,3,2,4,1,0,2,0,4,3,1,4,2,3,4,1,-0.00184215,-0.002385786,-0.000952810,-0.00107443,-0.00192099,sell
2018-08-10,0,4,0,2,5,1,0,1,1,4,2,1,4,2,3,5,1, 0.00142819, 0.002193652, 0.002144800, 0.00284652, 0.00201115,buy
2018-08-11,0,3,0,2,5,0,0,2,0,3,2,0,3,3,3,3,1, 0.00142401, 0.000499231,-0.000414411, 0.00032298, 0.00024234,buy
2018-08-12,0,2,2,2,3,0,1,1,0,1,1,1,2,3,2,2,1,-0.00099137,-0.002059429,-0.001094440,-0.00127437,-0.00127849,sell
2018-08-13,0,3,1,2,1,1,0,1,1,1,2,1,2,3,1,2,0, 0.00169011,-0.001315391, 0.001730741, 0.00180774, 0.00115091,buy
2018-08-14,1,2,1,0,2,0,0,2,0,1,1,1,1,3,1,1,1,-0.00027992, 0.000313754, 0.000736545, 0.00002189,-0.00179255,sell
2018-08-15,0,2,0,0,1,0,1,1,1,1,1,1,2,2,0,0,1,-0.00140707,-0.000838542,-0.001083223,-0.00082933,-0.00140707,sell
2018-08-16,0,0,0,1,0,1,0,1,2,1,0,1,2,0,1,1,1, 0.00093669, 0.000429840, 0.000036215, 0.00035219, 0.00035219,buy
2018-08-17,1,0,1,0,0,0,1,2,2,0,1,0,2,1,1,0,2, 0.00016601, 0.000166012, 0.000920349,-0.00135336, 0.00011974,buy
2018-08-18,0,1,0,0,1,0,1,3,2,0,0,1,2,1,1,1,2, 0.00102302, 0.001560188, 0.001719750, 0.00120273, 0.00156019,buy
2018-08-19,0,2,0,0,3,0,3,3,2,1,2,3,4,1,1,1,2,-0.00127262,-0.001862323,-0.002173899,-0.00217659,-0.00228721,sell
2018-08-20,0,2,0,1,3,0,4,2,1,1,2,4,4,1,0,2,1,-0.00245914,-0.002180053,-0.002527441,-0.00242456,-0.00205218,sell
2018-08-21,1,2,1,0,3,0,2,2,0,0,2,3,3,0,1,2,0,-0.00360063, 0.000864571,-0.002657868,-0.00363894,-0.00045722,sell
2018-08-22,1,3,2,0,3,0,1,1,2,3,3,2,4,2,1,3,1,-0.00029853, 0.000705099,-0.000452870,-0.00145101,-0.00072917,sell
2018-08-23,1,3,2,1,3,0,2,2,0,3,2,3,4,2,2,3,1,-0.00006074, 0.000430967,-0.000027271,-0.00000926, 0.00040184,sell
2018-08-24,0,2,2,1,2,0,3,2,0,4,3,1,4,2,3,3,0, 0.00188366, 0.001876862, 0.001128999, 0.00182969, 0.00186138,buy
2018-08-25,0,2,3,2,2,0,4,2,0,3,3,2,4,3,3,2,1, 0.00167060, 0.001387107, 0.001744935, 0.00080978, 0.00160111,buy
2018-08-26,0,2,2,3,1,0,2,2,2,2,3,1,2,3,3,3,1,-0.00055794, 0.000058634,-0.000353398,-0.00139705,-0.00015535,sell
2018-08-27,1,1,3,2,3,0,0,3,2,3,2,1,3,4,2,4,2, 0.00118586,-0.000221366,-0.001000573,-0.00150098,-0.00095975,sell
2018-08-28,0,1,0,3,3,0,2,1,2,4,2,1,2,3,3,3,2, 0.00101699,-0.001102187, 0.000774070,-0.00143281,-0.00064322,sell
2018-08-29,0,1,0,2,2,0,3,1,1,4,2,0,2,3,4,2,1,-0.00020929,-0.002149335,-0.000263098,-0.00134256,-0.00198760,sell
2018-08-30,0,1,0,1,2,1,2,2,1,4,2,1,3,2,3,1,2, 0.00180059, 0.001297696, 0.002113292, 0.00127208, 0.00073721,buy
2018-08-31,1,2,1,0,1,0,1,2,1,2,0,2,2,2,2,2,1,-0.00007273, 0.002487984, 0.001994427,-0.00042983,-0.00103658,sell
2018-09-01,0,1,1,1,1,1,1,1,2,1,1,1,2,1,2,1,2,-0.00024730,-0.000816962, 0.000845383,-0.00018022, 0.00068663,sell
2018-09-02,0,0,1,3,2,0,2,1,1,1,0,2,1,1,2,2,3,-0.00176336,-0.001619919,-0.000787746,-0.00175612,-0.00153746,sell
2018-09-03,0,0,0,3,3,0,1,2,1,3,1,4,2,1,1,2,2, 0.00014145, 0.001721128, 0.001083060, 0.00137083, 0.00092756,buy
2018-09-04,0,1,1,2,2,2,1,1,2,2,1,4,3,0,2,2,2, 0.00180133, 0.002358474, 0.002967248, 0.00152797, 0.00085342,buy
2018-09-05,0,1,3,2,1,2,1,1,1,2,1,3,4,1,1,2,2, 0.00224845, 0.002270907, 0.002829517, 0.00231082, 0.00243064,buy
2018-09-06,0,1,2,5,2,2,1,1,1,4,2,4,4,1,3,4,1,-0.00020304,-0.002584585,-0.000617815,-0.00036202,-0.00012612,sell
2018-09-07,0,2,3,5,2,2,1,1,1,3,3,2,4,3,3,5,0,-0.00056545,-0.001445681,-0.000232637,-0.00075607,-0.00074262,sell
2018-09-08,0,1,5,5,1,2,1,1,3,2,1,3,3,3,5,5,1, 0.00174973, 0.000600096, 0.001782307, 0.00039234, 0.00036486,buy
2018-09-09,0,2,2,6,0,3,1,2,3,2,2,3,4,3,4,4,1,-0.00416798,-0.005541016,-0.004924997,-0.00516035,-0.00503817,sell
2018-09-10,0,3,3,2,1,1,2,2,2,3,2,2,2,3,5,4,1,-0.00200315,-0.000243405, 0.000504260, 0.00057236, 0.00044479,buy
2018-09-11,0,3,1,2,1,1,2,2,2,3,3,2,3,3,3,3,0,-0.00099011,-0.000690060,-0.001263005,-0.00104757,-0.00127858,sell
2018-09-12,1,1,1,3,0,3,2,1,3,4,2,3,4,2,4,3,1,-0.00344427,-0.004342818,-0.004509364,-0.00434331,-0.00393994,sell
2018-09-13,1,1,2,2,0,3,1,2,3,1,1,1,3,1,5,4,1,-0.00192137,-0.002299473,-0.002196438,-0.00166037,-0.00314179,sell
2018-09-14,1,2,2,2,1,2,1,3,4,1,2,2,3,2,5,4,1,-0.00055871,-0.001101109,-0.000975386,-0.00078278,-0.00250691,sell
2018-09-15,0,2,1,2,1,2,3,3,3,1,1,2,3,2,4,4,2,-0.00192968,-0.000105279,-0.001744765,-0.00192968,-0.00221792,sell
2018-09-16,0,1,1,2,0,0,3,4,2,2,2,1,2,2,3,3,2, 0.00050352, 0.000047363, 0.001771080, 0.00073055,-0.00000217,buy
2018-09-17,1,1,2,0,0,0,2,3,2,1,2,1,1,1,3,2,2,-0.00000809, 0.001052870, 0.001464268,-0.00014152, 0.00003950,sell
2018-09-18,1,1,0,0,0,0,1,3,3,1,2,0,2,1,1,2,2, 0.00052766, 0.001740158, 0.001966972, 0.00086231, 0.00052274,buy
2018-09-19,1,1,0,0,0,0,1,1,1,2,1,0,1,1,1,3,0,-0.00119343,-0.002136965,-0.000509649, 0.00013742,-0.00205458,sell
2018-09-20,1,0,0,0,0,0,2,1,0,3,0,1,1,0,2,2,1,-0.00135306,-0.002727648,-0.002589232,-0.00243736,-0.00270118,sell
2018-09-21,0,1,0,0,2,0,3,1,0,3,1,0,1,1,3,3,1, 0.00026523, 0.000095134, 0.000334984, 0.00009513, 0.00059268,buy
2018-09-22,0,1,2,0,2,0,2,1,2,3,1,3,0,1,4,4,0,-0.00117402,-0.000544170,-0.000712632, 0.00160252,-0.00126774,sell
2018-09-23,1,1,4,0,2,0,1,3,1,3,2,3,1,2,3,4,1, 0.00003678, 0.000008904, 0.000108876, 0.00121539,-0.00029136,buy
2018-09-24,0,1,3,1,2,0,2,3,1,3,2,3,0,2,3,5,1,-0.00187047,-0.001325859,-0.000949179,-0.00046203,-0.00127734,sell
2018-09-25,0,2,2,1,2,0,4,2,1,2,3,3,1,2,3,2,2, 0.00116786, 0.001008093,-0.000330095, 0.00078640, 0.00078640,buy
2018-09-26,0,3,1,0,2,0,3,2,0,2,3,1,1,3,3,1,1,-0.00227171,-0.002457012,-0.002564006,-0.00241398,-0.00290166,sell
2018-09-27,1,2,2,0,0,1,2,2,0,2,1,2,1,2,3,1,2, 0.00158691, 0.001750800,-0.002179912, 0.00167494, 0.00072057,buy
2018-09-28,0,2,2,1,1,2,2,1,1,1,2,2,2,2,3,0,2, 0.00099569,-0.000214836,-0.000214836, 0.00101142,-0.00047616,buy
2018-09-29,0,1,2,1,2,1,1,1,0,0,2,2,1,2,1,1,0, 0.00134810, 0.002007984, 0.001754021, 0.00175402, 0.00175402,buy
2018-09-30,0,1,2,1,3,0,0,2,0,2,1,3,2,3,0,1,1,-0.00599171,-0.005710536,-0.005909568,-0.00599171,-0.00599171,sell
2018-10-01,0,1,1,2,3,1,0,1,1,1,2,2,2,2,1,1,1,-0.00219674,-0.002152767,-0.002196742,-0.00380625,-0.00224839,sell
2018-10-02,0,0,3,1,1,2,0,1,0,1,2,1,2,2,1,0,1,-0.00210278,-0.000942816,-0.001404371,-0.00192343,-0.00175962,sell
2018-10-03,0,1,2,1,1,1,1,0,0,3,2,1,2,2,1,1,1, 0.00045430,-0.000335227, 0.000425424,-0.00044331, 0.00058997,buy
2018-10-04,0,3,1,0,3,1,1,0,0,4,2,3,3,1,1,2,1, 0.00243786, 0.002648992, 0.002628292, 0.00274739, 0.00265204,buy
2018-10-05,0,2,2,1,3,0,1,0,0,2,2,2,3,1,1,2,0, 0.00204059, 0.001127349, 0.001953238, 0.00211009, 0.00195324,buy
2018-10-06,0,1,3,2,2,1,1,0,1,1,1,3,3,1,1,2,1, 0.00036884, 0.000413278, 0.000367109, 0.00172798, 0.00045784,buy
2018-10-07,0,2,1,3,1,1,0,1,1,1,1,3,3,1,1,1,1, 0.00015750,-0.004430938, 0.000241911, 0.00036170, 0.00151588,buy
2018-10-08,0,2,1,1,3,1,1,1,0,3,1,3,3,2,1,2,1, 0.00143677, 0.002877730, 0.001436770, 0.00169443, 0.00143677,buy
2018-10-09,0,1,0,2,2,1,1,0,1,3,1,2,4,2,1,1,0,-0.00259478,-0.002553754,-0.002517152,-0.00244778,-0.00400727,sell
2018-10-10,1,1,0,2,0,2,0,0,2,3,0,3,2,1,2,2,1,-0.00187040, 0.000499634,-0.000488559,-0.00038830, 0.00011267,sell
2018-10-11,2,0,1,0,0,1,0,1,2,3,1,2,1,2,2,1,1, 0.00058382, 0.003513381, 0.001335985, 0.00333102, 0.00330865,buy
2018-10-12,1,1,0,0,1,1,3,1,1,2,1,1,2,2,2,2,1, 0.00145785,-0.000976940, 0.000645710, 0.00074119, 0.00045953,buy
2018-10-13,0,0,0,1,0,0,3,0,2,3,0,2,2,2,1,1,1,-0.00069294,-0.001352068,-0.000928086,-0.00092809,-0.00103389,sell
2018-10-14,2,0,1,0,0,0,4,2,0,1,2,1,1,2,1,1,2,-0.00100923,-0.001603208,-0.001952379,-0.00093648, 0.00016830,sell
2018-10-15,2,0,1,0,0,0,3,1,2,1,2,2,2,0,1,1,2,-0.00048936,-0.000489355,-0.000767517,-0.00129509,-0.00060876,sell
2018-10-16,2,1,0,0,0,0,3,0,2,1,2,2,2,1,0,1,1,-0.00286598,-0.002888805,-0.003186169,-0.00224983,-0.00321799,sell
2018-10-17,0,0,1,0,0,0,3,1,1,3,2,1,3,0,1,1,1,-0.00140780,-0.002090304,-0.001538257,-0.00217554,-0.00153826,sell
2018-10-18,1,1,1,1,0,0,4,1,1,2,1,2,4,1,2,0,2, 0.00309005, 0.003029835, 0.002900476, 0.00293719, 0.00315836,buy
2018-10-19,0,1,1,1,0,0,3,2,2,2,2,1,3,2,2,1,1, 0.00129679, 0.001316341, 0.000133725, 0.00129679, 0.00029873,buy
2018-10-20,1,1,2,1,0,1,3,3,4,1,2,2,4,2,3,3,1, 0.00008367,-0.003669605,-0.000391086,-0.00393394,-0.00420971,sell
2018-10-21,1,1,1,2,0,1,4,3,3,1,2,3,3,3,3,2,1, 0.00025569, 0.000274582, 0.000196277, 0.00158453, 0.00180406,buy
2018-10-22,0,1,1,1,1,1,3,3,2,1,1,2,2,2,4,2,1, 0.00052594,-0.000220706,-0.000128813, 0.00065356, 0.00036736,buy
2018-10-23,0,3,0,2,0,1,2,2,4,1,1,3,2,3,5,1,0, 0.00123910, 0.001259972, 0.001154513, 0.00039710, 0.00128034,buy
2018-10-24,1,3,1,1,1,3,1,3,3,0,1,2,2,3,5,3,1,-0.00131408,-0.001642201,-0.000655684,-0.00163856,-0.00239007,sell
2018-10-25,0,2,2,1,0,3,1,1,3,1,0,3,1,2,5,2,1,-0.00100318,-0.000392141,-0.000564669,-0.00111385,-0.00106087,sell
2018-10-26,1,3,1,1,1,2,2,1,2,1,2,4,0,2,4,2,1, 0.00177071, 0.002431772, 0.002100868, 0.00177071, 0.00162195,buy
2018-10-27,1,2,0,3,2,1,1,2,2,1,1,2,2,2,4,2,2,-0.00230350,-0.003972287,-0.003038195,-0.00423610,-0.00423610,sell
2018-10-28,1,2,2,2,3,1,1,2,2,0,2,2,2,2,2,4,2,-0.00185939,-0.000633984,-0.000554425,-0.00085482,-0.00164578,sell
2018-10-29,1,2,2,3,1,2,3,1,2,0,3,2,3,1,3,3,2,-0.00101224,-0.000402818,-0.002000829,-0.00101224,-0.00180216,sell
2018-10-30,1,3,2,3,2,2,3,1,1,0,4,2,4,2,2,2,2, 0.00039662, 0.000286399,-0.000100110, 0.00046479, 0.00015944,buy
2018-10-31,1,3,1,2,3,1,3,2,0,2,3,1,4,2,2,4,2,-0.00086605, 0.001277204, 0.000322451, 0.00124709, 0.00108430,buy
2018-11-01,0,4,0,2,3,2,3,2,0,0,2,2,3,2,3,3,1,-0.00164667,-0.001339428,-0.000744267,-0.00133943,-0.00302680,sell
2018-11-02,0,2,2,2,1,1,2,2,1,1,2,1,2,2,3,3,1,-0.00158145,-0.000269661,-0.001581450,-0.00041628,-0.00160935,sell
2018-11-03,0,2,2,2,1,2,2,2,0,0,1,2,3,2,2,2,1, 0.00074383, 0.001500478,-0.001007025,-0.00067823, 0.00138297,buy
2018-11-04,0,2,1,2,2,1,3,1,1,1,2,3,2,2,2,2,1, 0.00028574, 0.000421276, 0.000758698, 0.00054669, 0.00079081,buy
2018-11-05,0,0,2,2,1,0,2,2,0,1,2,2,3,2,1,0,0, 0.00023350, 0.000052918, 0.000198248, 0.00023631, 0.00019825,buy
2018-11-06,1,0,3,2,0,1,3,0,1,0,2,2,3,0,2,1,1, 0.00228568, 0.002145651, 0.002005853, 0.00217822, 0.00144290,buy
2018-11-07,0,1,3,1,0,0,0,2,2,0,0,2,3,1,2,0,1, 0.00166886, 0.001724699, 0.001014010, 0.00279189, 0.00204951,buy
2018-11-08,1,1,2,0,1,0,1,3,2,1,1,2,2,3,1,1,2, 0.00017009, 0.001691326, 0.002208825, 0.00038413, 0.00020925,buy
2018-11-09,0,1,1,1,0,0,1,4,2,1,0,1,2,2,2,2,2,-0.00129234, 0.002951081, 0.002951081, 0.00209161, 0.00070278,buy
2018-11-10,0,0,1,1,0,0,1,2,4,3,1,2,2,2,1,2,2,-0.00295956,-0.002064196,-0.002052274,-0.00263253,-0.00375497,sell
2018-11-11,1,0,2,1,0,0,1,2,3,2,2,2,1,1,2,3,1,-0.00092564, 0.002603097,-0.000249088,-0.00062476, 0.00216582,sell
2018-11-12,1,1,1,1,0,0,0,4,3,2,2,2,2,2,1,3,1, 0.00027732, 0.000483423, 0.000500937,-0.00103689,-0.00048678,buy
2018-11-13,0,0,0,1,0,0,1,3,3,4,2,1,2,1,1,3,2,-0.00181909, 0.000154246, 0.000154246,-0.00026583,-0.00235710,buy
2018-11-14,0,1,0,1,0,0,2,1,1,2,1,0,2,0,2,2,1, 0.00001691,-0.001117183,-0.000031831,-0.00003183,-0.00040192,sell
2018-11-15,0,0,1,1,0,0,1,2,1,2,1,0,1,1,2,2,1,-0.00067542,-0.000759101, 0.000212985,-0.00064729,-0.00007362,sell
2018-11-16,1,0,0,2,0,0,0,2,3,3,2,1,1,2,1,3,1,-0.00210170,-0.001374364,-0.001692710,-0.00185192,-0.00212475,sell
2018-11-17,1,1,0,3,0,0,0,3,2,2,2,0,3,2,0,3,2,-0.00343672,-0.002492368,-0.002779392,-0.00337444,-0.00297677,sell
2018-11-18,0,0,1,2,2,0,2,2,1,3,2,1,2,1,1,4,2,-0.00165494,-0.001440096,-0.001541641,-0.00105058,-0.00137471,sell
2018-11-19,0,1,1,3,1,0,1,3,0,4,3,1,4,2,1,2,1,-0.00204067,-0.000303000,-0.002095057,-0.00205333,-0.00078188,sell
2018-11-20,1,2,0,3,1,2,0,4,0,3,2,1,4,2,1,4,2,-0.00375019,-0.001137667,-0.003181158,-0.00132571, 0.00015095,sell
2018-11-21,1,2,1,1,2,1,0,3,3,2,2,1,5,2,2,3,1,-0.00112018, 0.002050648, 0.003559425, 0.00247539,-0.00029933,buy
2018-11-22,1,1,1,2,2,1,1,2,2,1,2,0,3,2,3,2,2,-0.00052093,-0.002038578,-0.002041926,-0.00283999,-0.00192655,sell
2018-11-23,1,1,0,3,3,2,2,3,1,3,3,2,2,3,3,3,3,-0.00201174,-0.001956947,-0.002011738,-0.00182379,-0.00224660,sell
2018-11-24,1,3,1,2,1,1,1,4,1,4,2,3,4,3,2,2,3, 0.00236034, 0.002206253, 0.000527874, 0.00217672, 0.00072070,buy
2018-11-25,2,2,2,1,1,2,1,3,2,3,4,3,3,3,3,2,1, 0.00024701,-0.000538031, 0.000093814, 0.00117578, 0.00143774,buy
2018-11-26,2,1,1,3,0,2,2,3,1,2,3,3,2,4,3,1,1, 0.00067556, 0.000562057, 0.000683856, 0.00089163, 0.00052481,buy
2018-11-27,2,1,1,2,2,1,2,2,1,4,3,3,3,2,4,2,1, 0.00062493, 0.002140768, 0.001372176, 0.00149769, 0.00175856,buy
2018-11-28,2,3,0,2,4,1,1,2,1,1,3,2,3,3,4,2,0, 0.00123742, 0.001070164, 0.001065321, 0.00131335, 0.00099355,buy
2018-11-29,1,2,2,3,1,2,1,1,2,2,3,2,2,2,4,3,1,-0.00028864,-0.000292528,-0.000514391,-0.00061077, 0.00063142,sell
2018-11-30,0,1,2,2,1,3,2,1,1,1,0,2,3,1,3,3,2, 0.00157941, 0.002218827, 0.003209461, 0.00161793, 0.00221883,buy
2018-12-01,0,4,1,1,2,1,3,0,2,1,1,2,2,2,3,3,2,-0.00053641,-0.001499687,-0.001427341,-0.00045378,-0.00018277,sell
2018-12-02,1,3,0,1,3,1,2,1,1,4,1,3,5,2,2,3,1, 0.00008888, 0.000678119, 0.000293471, 0.00142899, 0.00001310,buy
2018-12-03,2,1,0,4,1,2,1,2,0,3,1,3,4,1,0,5,2,-0.00240053,-0.001536327,-0.002729547,-0.00183348,-0.00171198,sell
2018-12-04,2,1,2,2,1,1,1,1,1,2,1,3,4,0,1,4,1,-0.00067219,-0.000197264,-0.001258808,-0.00136575,-0.00187485,sell
2018-12-05,1,2,1,1,2,0,0,2,1,2,0,3,3,1,1,4,0,-0.00231035, 0.001631002, 0.001843286, 0.00157335, 0.00183389,buy
2018-12-06,2,2,0,1,2,0,2,3,0,2,1,2,3,1,2,4,1, 0.00161016,-0.002085349, 0.000710848, 0.00099916,-0.00293053,buy
2018-12-07,1,1,0,2,1,0,2,3,0,4,1,2,4,1,1,4,1, 0.00174545, 0.000784180, 0.002086339, 0.00386675, 0.00047699,buy
2018-12-08,1,1,1,1,1,0,2,1,1,1,2,1,2,0,0,4,1, 0.00095255, 0.001509647, 0.001509647, 0.00134451, 0.00120036,buy
2018-12-09,3,2,0,0,1,0,3,1,2,0,2,1,3,2,1,3,0, 0.00067341,-0.000818246,-0.000262023, 0.00066087,-0.00327976,buy
2018-12-10,2,1,0,0,1,0,2,4,1,1,2,1,3,2,1,3,0,-0.00246921,-0.001979120,-0.002442607,-0.00204428,-0.00178237,sell
2018-12-11,0,2,0,0,1,0,4,2,3,2,3,1,3,2,2,2,1, 0.00160270, 0.001779629, 0.001184669, 0.00198956, 0.00134932,buy
2018-12-12,0,3,0,0,1,0,5,1,2,0,2,1,2,3,2,1,1,-0.00213279,-0.001940054,-0.002311814,-0.00194005,-0.00194005,sell
2018-12-13,0,2,0,0,1,0,2,2,3,0,2,0,1,3,2,2,0, 0.00193245, 0.002261718, 0.001932453, 0.00165735, 0.00197249,buy
2018-12-14,2,2,1,0,0,0,2,2,3,1,3,1,2,3,2,1,1,-0.00061317, 0.000805126, 0.001289463, 0.00055764, 0.00045090,buy
2018-12-15,1,4,0,1,0,0,2,1,3,0,3,2,1,3,1,1,1, 0.00076749, 0.002862669, 0.001817495, 0.00181750, 0.00234839,buy
2018-12-16,0,3,1,0,1,0,2,1,2,1,3,1,1,2,2,1,1, 0.00585026, 0.005438403, 0.005469608, 0.00546961, 0.00390873,buy
2018-12-17,0,3,2,1,0,0,3,1,2,1,3,2,2,3,2,1,0, 0.00196369, 0.001316217, 0.001095496, 0.00131622, 0.00227085,buy
2018-12-18,2,3,2,1,1,0,1,3,2,0,5,2,2,3,1,2,0, 0.00289424, 0.001235624, 0.002553206, 0.00138511, 0.00213330,buy
2018-12-19,1,2,4,0,1,1,1,2,4,0,3,3,2,3,3,1,1, 0.00054082, 0.000661012, 0.000628939, 0.00054082, 0.00097144,buy
2018-12-20,1,2,3,2,0,0,2,0,2,0,2,2,1,3,2,2,0,-0.00030392, 0.000116387,-0.000069688, 0.00058615, 0.00164235,buy
2018-12-21,1,2,2,2,3,1,1,1,0,1,3,1,2,2,2,3,1,-0.00004621, 0.001497219, 0.000617838, 0.00122080, 0.00017325,buy
2018-12-22,1,3,2,2,1,0,1,0,1,2,2,2,3,1,1,3,1,-0.00165367,-0.000984379,-0.001990335,-0.00199033,-0.00142565,sell
2018-12-23,1,3,3,1,1,2,2,0,0,1,3,2,3,1,2,1,2, 0.00005509,-0.002006471,-0.001909686, 0.00005509,-0.00325343,sell
2018-12-24,0,3,2,3,0,1,2,0,0,2,2,2,3,1,0,3,2, 0.00270407, 0.002478281,-0.003467365, 0.00231624, 0.00239737,buy
2018-12-25,0,4,1,2,3,0,2,0,1,2,2,2,2,2,1,3,3, 0.00033279, 0.001680012, 0.001676275, 0.00110145, 0.00174160,buy
2018-12-26,0,1,1,2,2,0,2,0,1,2,1,1,1,2,1,3,2,-0.00003704, 0.000471829, 0.000075357, 0.00079982, 0.00030951,buy
2018-12-27,0,0,1,2,0,1,3,0,2,1,1,0,1,3,1,2,2,-0.00099300,-0.000490401,-0.000667918, 0.00012056, 0.00025302,sell
2018-12-28,0,1,1,0,1,1,3,0,2,0,0,1,0,3,1,2,2,-0.00015582, 0.000620784, 0.000074545, 0.00063128, 0.00092572,buy
2018-12-29,1,1,0,0,1,0,4,1,2,1,2,0,1,3,2,1,2,-0.00102957,-0.000941191,-0.001823660,-0.00181162,-0.00220956,sell
2018-12-30,1,0,0,1,2,1,5,1,1,1,2,1,2,3,1,2,2, 0.00069749, 0.000432804,-0.000056480, 0.00067588, 0.00431106,buy
2018-12-31,1,0,0,1,1,1,5,1,2,0,2,1,1,2,3,2,1, 0.00047734, 0.000582314,-0.000907828, 0.00078426, 0.00031426,buy
2019-01-01,2,0,1,1,0,0,4,2,3,0,2,1,2,1,4,1,2,-0.00205662, 0.000132267, 0.000009535,-0.00092554,-0.00023133,buy
2019-01-02,2,2,2,0,2,0,3,3,1,0,1,1,2,1,3,5,2,-0.00125447,-0.001254472,-0.000952501,-0.00125447,-0.00119797,sell
2019-01-03,2,2,1,1,1,0,4,1,1,1,2,1,2,1,3,4,1,-0.00107951,-0.001079508, 0.000755401,-0.00172325,-0.00107951,sell
2019-01-04,1,2,2,0,1,0,4,1,1,2,1,3,1,1,2,4,2,-0.00326915, 0.001351704,-0.002307231,-0.00312531,-0.00290603,sell
2019-01-05,1,3,1,0,1,0,2,2,2,2,2,2,3,0,2,4,1,-0.00100925,-0.001354223,-0.002262313,-0.00216110,-0.00236175,sell
2019-01-06,1,3,0,0,1,0,1,3,2,1,2,1,3,1,1,3,1,-0.00351283,-0.001420529,-0.001981850,-0.00235230,-0.00221341,sell
2019-01-07,1,2,0,0,1,0,0,2,2,2,1,2,2,1,0,3,1,-0.00188491,-0.002577166,-0.004642840,-0.00463649,-0.00340087,sell
2019-01-08,1,2,0,0,1,0,3,1,1,1,1,2,2,2,1,2,0,-0.00176149,-0.000101905,-0.001817930,-0.00240869,-0.00221453,sell
2019-01-09,1,1,1,0,0,0,1,3,1,2,0,3,1,3,1,1,1,-0.00270983,-0.000624691,-0.001789417,-0.00322698,-0.00319288,sell
2019-01-10,2,1,1,0,0,0,1,3,1,3,1,3,2,3,1,1,1, 0.00057481, 0.000929049,-0.000511429,-0.00126387,-0.00100634,buy
2019-01-11,3,2,1,0,0,0,0,2,2,1,2,1,1,3,2,1,1, 0.00153180, 0.001430469, 0.001202517, 0.00088080, 0.00148323,buy
2019-01-12,3,1,2,0,0,0,2,1,1,0,2,2,1,2,1,1,1,-0.00015329, 0.000065442,-0.001150574,-0.00071133,-0.00098851,sell
2019-01-13,3,1,2,0,0,0,2,1,1,2,2,2,2,3,2,1,0,-0.00119817, 0.001313899,-0.001377818,-0.00147806,-0.00146331,sell
2019-01-14,2,3,1,2,0,0,1,2,1,1,2,1,2,3,2,2,1, 0.00215298, 0.001398329, 0.001735371, 0.00215298, 0.00266771,buy
2019-01-15,0,2,2,0,2,0,2,1,2,2,2,2,2,2,2,2,1, 0.00191240, 0.002663267, 0.001193575, 0.00119357, 0.00198975,buy
2019-01-16,1,1,2,1,1,0,4,3,1,2,3,2,3,2,3,3,0,-0.00111166,-0.000429493,-0.000973521,-0.00046552,-0.00097349,sell
2019-01-17,1,0,1,3,1,1,3,3,1,4,1,2,4,2,4,4,1,-0.00071614,-0.000069232, 0.000635850,-0.00086170,-0.00006923,sell
2019-01-18,2,1,2,1,2,1,2,3,2,4,4,2,5,2,3,4,0, 0.00058678, 0.000333147, 0.000437405, 0.00142734, 0.00078679,buy
2019-01-19,2,1,2,1,1,1,2,2,1,4,3,2,4,1,3,3,1, 0.00058290, 0.000963186, 0.000692538, 0.00036351, 0.00084880,buy
2019-01-20,2,1,3,1,2,2,2,2,0,5,4,3,4,2,3,3,1,-0.00031418,-0.001168538,-0.001286395,-0.00045668,-0.00040987,sell
2019-01-21,1,2,2,4,1,0,2,2,0,5,4,2,4,0,3,5,1,-0.00107861,-0.000061301, 0.001324585,-0.00107312, 0.00008113,sell
2019-01-22,1,1,6,2,3,0,2,3,0,3,5,2,4,1,4,4,1, 0.00342846, 0.004265369, 0.004030760, 0.00399727, 0.00289431,buy
2019-01-23,1,2,4,4,0,0,2,4,0,3,5,2,3,2,3,3,2,-0.00323599, 0.001086248, 0.000624484,-0.00096827,-0.00316932,buy
2019-01-24,1,0,3,1,2,1,2,3,0,4,4,1,3,2,2,3,2, 0.00144401, 0.001152514, 0.000359960, 0.00107863, 0.00108866,buy
2019-01-25,0,2,1,0,1,0,2,3,0,1,2,0,2,2,2,1,1,-0.00037225,-0.000562229,-0.000372412,-0.00044884,-0.00043923,sell
2019-01-26,0,0,1,0,1,1,1,2,2,2,3,1,1,2,1,0,2, 0.00092112,-0.000644254, 0.001232136, 0.00001684, 0.00126014,buy
2019-01-27,0,0,1,1,0,1,1,3,0,1,2,0,1,2,0,1,2, 0.00119598, 0.000832049, 0.000643036, 0.00169947, 0.00085514,buy
2019-01-28,0,0,2,0,1,0,3,1,2,1,2,1,1,3,1,0,2, 0.00005990,-0.002580907,-0.000056079,-0.00234232, 0.00011783,sell
2019-01-29,0,1,1,1,1,0,2,2,1,1,1,1,1,3,1,1,2, 0.00082057,-0.000425145, 0.002496774, 0.00076110, 0.00093323,buy
2019-01-30,1,0,0,2,0,0,1,2,0,2,1,1,1,2,1,1,1,-0.00058147, 0.000207585,-0.000652386,-0.00124204,-0.00077265,sell
2019-01-31,2,0,3,0,0,0,5,1,0,1,1,1,2,2,2,2,2,-0.00202878,-0.003523196,-0.003140447,-0.00364524,-0.00339631,sell
2019-02-01,0,1,2,0,0,0,4,1,0,1,0,1,2,1,2,2,1,-0.00168805,-0.001553214,-0.000413031,-0.00042837,-0.00122682,sell
2019-02-02,2,1,1,0,0,0,5,0,2,2,2,1,3,2,3,2,0,-0.00290156,-0.002266964,-0.002872473,-0.00206656,-0.00284907,sell
2019-02-03,1,0,1,0,0,0,5,2,2,3,3,1,3,2,2,2,1,-0.00014057,-0.000140567,-0.000980865,-0.00014057,-0.00051422,sell
2019-02-04,0,0,1,0,0,0,5,1,4,1,3,1,2,2,2,1,1,-0.00000793,-0.000328747,-0.000379130,-0.00047026,-0.00047026,sell
2019-02-05,0,0,0,0,0,0,5,2,6,1,3,2,1,3,3,1,1, 0.00076540, 0.000666202, 0.000796557, 0.00042299, 0.00042299,buy
2019-02-06,0,0,0,0,0,0,3,3,4,0,1,2,1,2,2,1,1, 0.00083907, 0.001160592, 0.001480467, 0.00183951, 0.00148047,buy
2019-02-07,1,1,0,0,0,0,2,2,4,1,2,2,1,3,2,1,0, 0.00274657, 0.001871009, 0.003700894, 0.00185599, 0.00509964,buy
2019-02-08,1,2,0,0,0,0,3,1,4,1,2,2,0,2,2,3,1, 0.00007476, 0.000036228, 0.001107745, 0.00261969, 0.00146794,buy
2019-02-09,1,1,0,0,0,0,2,2,3,2,1,1,2,1,3,2,1, 0.00020942,-0.000713327,-0.000179224, 0.00016479,-0.00019790,sell
2019-02-10,3,3,1,0,0,0,2,3,2,2,2,1,3,2,4,3,1,-0.00047531,-0.000475309,-0.000423040,-0.00049613,-0.00097460,sell
2019-02-11,3,3,1,1,0,0,1,3,1,0,1,1,2,2,3,3,1, 0.00010530, 0.000105300,-0.000103364, 0.00010530,-0.00034537,buy
2019-02-12,1,1,2,1,1,0,1,3,1,0,1,0,2,3,3,1,1, 0.00165554, 0.002361085, 0.003740224, 0.00383528, 0.00112367,buy
2019-02-13,1,1,0,3,0,0,3,2,1,0,0,1,2,3,2,2,1, 0.00011212,-0.000508058,-0.000251410,-0.00026522, 0.00080583,sell
2019-02-14,1,2,0,1,3,1,0,4,2,1,1,1,3,3,2,4,1,-0.00039543,-0.000484314, 0.000139779, 0.00013978,-0.00112585,sell
2019-02-15,2,3,0,0,1,1,0,2,4,0,1,1,3,2,2,4,0, 0.00243190, 0.001713332, 0.001676470, 0.00244887, 0.00049611,buy
2019-02-16,2,4,1,1,1,2,0,2,4,0,2,2,3,1,3,4,2,-0.00070648,-0.000381288,-0.000470044, 0.00045740, 0.00009246,sell
2019-02-17,2,3,0,3,1,1,0,3,5,2,3,3,4,2,3,4,1,-0.00140699,-0.000684382, 0.000228230,-0.00090100,-0.00126647,sell
2019-02-18,2,5,1,2,3,0,1,4,5,0,4,4,4,1,4,4,2,-0.00108265, 0.000395852,-0.000938225,-0.00093823, 0.00052294,sell
2019-02-19,2,4,3,4,1,0,1,3,5,0,4,4,2,3,4,4,2,-0.00256023,-0.002189839,-0.002208766,-0.00221094,-0.00218984,sell
2019-02-20,3,3,3,4,0,1,1,2,4,2,5,4,2,4,4,2,2,-0.00167911,-0.001842811,-0.001278001,-0.00112649,-0.00147560,sell
2019-02-21,1,3,2,2,2,0,1,2,4,2,4,5,0,4,3,1,2, 0.00038146, 0.000576610, 0.001858267, 0.00038146, 0.00090838,buy
2019-02-22,1,5,0,1,2,0,1,2,4,2,4,4,1,4,3,0,2, 0.00091180, 0.000218158, 0.002127484, 0.00014854, 0.00014854,buy
2019-02-23,1,2,0,2,0,1,1,3,4,3,4,3,1,5,1,1,2, 0.00131968, 0.000966755, 0.001524901, 0.00131968, 0.00096675,buy
2019-02-24,1,2,1,1,0,1,0,3,4,1,3,4,1,4,1,0,1, 0.00031329,-0.000534830,-0.000671387, 0.00021966, 0.00039901,buy
2019-02-25,0,3,0,1,1,0,1,3,6,0,2,3,1,4,2,1,2,-0.00353201,-0.004228726,-0.003345823,-0.00354387,-0.00340594,sell
2019-02-26,0,2,0,2,2,0,0,4,2,1,1,3,1,2,1,3,2, 0.00384202, 0.001945272, 0.001907225, 0.00022878, 0.00062164,buy
2019-02-27,1,1,0,3,0,0,4,2,2,2,2,3,2,2,1,3,2,-0.00155044,-0.002161593,-0.001940063,-0.00212179,-0.00160812,sell
2019-02-28,0,1,2,0,0,0,2,2,2,1,0,3,1,1,0,3,2, 0.00144816, 0.000523805, 0.001608352,-0.00005120,-0.00015619,buy
2019-03-01,1,1,1,0,0,0,2,2,3,1,1,2,2,0,1,4,1, 0.00082256, 0.001284525, 0.000770246, 0.00035624, 0.00035624,buy
2019-03-02,2,1,0,0,0,0,2,4,2,2,1,3,2,1,0,4,2, 0.00179418, 0.001840771,-0.001881348, 0.00044874, 0.00055458,buy
2019-03-03,2,0,0,0,0,0,1,5,1,2,1,3,3,0,0,3,1, 0.00080992, 0.002347602, 0.000347695, 0.00024541, 0.00096068,buy
2019-03-04,1,0,0,0,0,0,4,3,3,0,1,2,4,1,1,2,0, 0.00380344, 0.001822670, 0.003729952, 0.00174335, 0.00365089,buy
2019-03-05,1,0,0,0,0,0,2,5,4,0,1,2,2,1,2,3,1, 0.00227452, 0.001559106, 0.001524833, 0.00204221, 0.00215073,buy
2019-03-06,2,0,0,0,0,0,1,6,5,0,1,3,3,1,2,3,1, 0.00254000, 0.001772377, 0.002496763, 0.00198805, 0.00274963,buy
2019-03-07,1,0,0,0,0,0,2,5,4,1,2,2,2,1,2,3,1, 0.00253902, 0.002093342, 0.001924946, 0.00179080, 0.00232925,buy
2019-03-08,1,1,1,0,0,0,3,2,3,0,2,2,2,0,2,2,1, 0.00093331, 0.000697321,-0.000160374, 0.00014203,-0.00014240,buy
2019-03-09,1,0,2,0,0,0,3,3,2,2,2,2,3,1,3,1,1, 0.00056727, 0.001211353, 0.000185538, 0.00098678, 0.00039380,buy
2019-03-10,1,2,1,1,0,0,1,2,3,1,2,0,2,2,3,2,1,-0.00111102, 0.001840058,-0.000956339,-0.00095634,-0.00108430,sell
2019-03-11,1,0,3,1,0,0,0,1,4,2,2,1,2,2,3,0,2,-0.00114569,-0.000088349, 0.000151892, 0.00005957, 0.00027674,buy
2019-03-12,0,1,2,1,1,0,1,1,3,2,3,0,1,3,2,1,2, 0.00403669, 0.004498869, 0.000660089, 0.00103021, 0.00377757,buy
2019-03-13,0,0,2,2,1,0,2,1,3,3,2,1,3,3,3,1,1, 0.00088844,-0.000780896,-0.001063410,-0.00066209,-0.00111548,sell
2019-03-14,0,1,2,1,2,1,3,0,3,4,3,2,3,4,3,1,1, 0.00137195,-0.002249932,-0.000832861,-0.00181217, 0.00083600,sell
2019-03-15,0,1,3,1,1,0,2,1,3,3,2,2,3,3,2,1,2,-0.00133821,-0.002646371,-0.001756795,-0.00044478,-0.00065665,sell
2019-03-16,0,0,3,1,3,2,2,0,3,4,4,3,3,3,3,1,1,-0.00256464,-0.003014081,-0.003108395,-0.00252901,-0.00286918,sell
2019-03-17,0,1,2,2,1,0,4,0,3,3,3,2,2,3,3,2,1,-0.00331797,-0.003952306,-0.004087599,-0.00386406,-0.00369916,sell
2019-03-18,0,1,2,0,4,1,4,0,4,2,3,3,1,4,3,2,2,-0.00036892, 0.001763196,-0.000253573, 0.00140597, 0.00139465,buy
2019-03-19,1,2,2,2,1,0,4,0,3,1,3,3,1,3,3,2,1,-0.00433289,-0.003768397,-0.003157864,-0.00257750,-0.00213539,sell
2019-03-20,1,0,4,1,2,1,2,1,2,2,3,2,2,3,2,3,1,-0.00361412,-0.001729718,-0.003022747,-0.00193946,-0.00132835,sell
2019-03-21,1,2,1,2,2,0,2,1,2,1,2,2,1,3,2,3,1, 0.00183179, 0.003843337, 0.003605334, 0.00399919, 0.00431888,buy
2019-03-22,1,0,2,0,3,0,2,1,3,3,3,2,2,3,2,2,1, 0.00138380, 0.001680592,-0.000894568, 0.00172589, 0.00207432,buy
2019-03-23,1,1,1,1,1,1,1,2,2,1,3,1,2,1,1,3,1, 0.00054557, 0.000271635,-0.000183288, 0.00032216,-0.00026300,buy
2019-03-24,1,2,1,0,1,1,1,1,3,2,3,2,2,1,1,2,2, 0.00194985, 0.002195101, 0.002004024, 0.00213495, 0.00367859,buy
2019-03-25,1,2,0,0,2,1,0,3,1,2,2,2,2,1,1,3,1,-0.00073920,-0.000497175,-0.003671080,-0.00349763,-0.00073920,sell
2019-03-26,2,1,0,1,0,0,2,2,1,1,2,0,2,2,1,3,0, 0.00155058,-0.001522866,-0.001391193,-0.00158714,-0.00020768,sell
2019-03-27,2,1,1,0,1,0,2,2,2,0,2,1,1,1,1,4,1,-0.00049315,-0.000598253,-0.000971304,-0.00066782,-0.00069726,sell
2019-03-28,1,2,0,1,0,0,1,3,2,0,1,1,2,0,1,4,1, 0.00079042, 0.000938428, 0.001436924, 0.00118997, 0.00120067,buy
2019-03-29,3,2,1,0,0,0,2,3,2,0,2,1,2,1,2,4,1,-0.00084422,-0.000682570,-0.001045283,-0.00067943,-0.00085372,sell
2019-03-30,1,1,1,0,0,0,2,5,1,1,2,1,2,1,2,3,1,-0.00186120,-0.003380567,-0.004375090,-0.00264659,-0.00098869,sell
2019-03-31,1,1,0,0,0,0,4,4,2,0,2,1,2,2,3,2,0,-0.00022590,-0.001931599,-0.000468600,-0.00020398,-0.00046302,sell
2019-04-01,1,0,0,0,0,0,2,4,3,1,1,1,1,2,3,3,0,-0.00067031,-0.000842786,-0.000843978, 0.00088604,-0.00034167,sell
2019-04-02,3,0,0,1,0,0,1,6,1,0,0,1,2,2,3,3,1,-0.00042969, 0.000418991,-0.000393517,-0.00042969, 0.00006409,sell
2019-04-03,2,0,0,1,0,0,2,4,3,1,1,1,3,2,3,3,0,-0.00069264,-0.001134124,-0.000964453,-0.00032282,-0.00208157,sell
2019-04-04,1,1,0,1,0,0,4,3,2,0,1,2,2,1,2,3,1, 0.00226687, 0.001675597, 0.002410229, 0.00175804, 0.00064996,buy
2019-04-05,1,0,1,1,0,0,4,3,1,2,1,2,3,1,3,2,1,-0.00081383,-0.000600293,-0.001190475, 0.00006448,-0.00064692,sell
2019-04-06,3,2,1,1,0,0,2,4,2,2,1,2,4,3,4,2,1, 0.00095560, 0.000519442, 0.000188772, 0.00087569, 0.00107188,buy
2019-04-07,1,1,0,3,0,0,2,2,4,2,2,2,3,3,3,1,1,-0.00042954,-0.000429543, 0.001019928,-0.00020079, 0.00107371,sell
2019-04-08,1,0,2,2,1,0,2,2,3,2,2,1,3,3,4,2,0, 0.00110085, 0.000375579,-0.000194671, 0.00060068,-0.00043854,buy
2019-04-09,2,0,0,4,0,0,2,2,3,3,1,2,2,4,5,2,0,-0.00027684,-0.001791555,-0.002027808,-0.00179155,-0.00214751,sell
2019-04-10,1,0,0,2,2,1,0,3,2,5,2,1,2,4,4,2,1, 0.00035348, 0.000007647, 0.000193584,-0.00022871, 0.00025623,buy
2019-04-11,1,2,1,2,0,0,1,2,4,3,2,2,2,4,3,2,1,-0.00341720,-0.003500059,-0.005555173,-0.00305111,-0.00308913,sell
2019-04-12,0,0,3,1,1,2,0,2,3,4,4,2,1,5,3,0,1, 0.00045959, 0.000269815,-0.000203332, 0.00037678, 0.00045959,buy
2019-04-13,0,0,1,4,1,0,0,1,3,4,5,2,1,3,1,1,1,-0.00116645,-0.001166447,-0.001504005,-0.00206086,-0.00127832,sell
2019-04-14,0,1,2,2,4,0,0,1,3,3,5,2,1,4,2,1,1, 0.00003938, 0.001706637, 0.002354589, 0.00071199, 0.00291694,buy
2019-04-15,0,0,3,3,2,0,0,1,1,3,3,2,0,5,1,1,1, 0.00088561,-0.000776325,-0.000031354,-0.00006254,-0.00163317,sell
2019-04-16,0,2,3,2,0,1,1,1,1,3,4,3,1,3,1,2,0,-0.00207302, 0.001279366,-0.002107306,-0.00468969,-0.00235415,sell
2019-04-17,0,2,1,0,1,1,1,1,0,2,2,2,0,1,1,2,1,-0.00015640,-0.001289905,-0.001390862,-0.00104054,-0.00133171,sell
2019-04-18,0,2,1,0,1,0,1,1,0,2,0,2,1,2,2,1,0, 0.00134380, 0.002266952, 0.002144367, 0.00132595, 0.00017016,buy
2019-04-19,1,0,0,2,1,1,2,1,1,2,1,2,1,1,1,4,1,-0.00058358,-0.000556179,-0.000561420,-0.00061653,-0.00160871,sell
2019-04-20,1,2,1,1,1,0,2,3,1,0,2,2,2,0,2,3,1,-0.00172690, 0.000164031,-0.000244049,-0.00048551, 0.00034626,sell
2019-04-21,1,3,1,0,1,0,2,4,2,1,2,1,3,1,3,4,1,-0.00172015,-0.001836457,-0.001357521,-0.00183646,-0.00183646,sell
2019-04-22,1,4,0,1,0,1,1,4,0,2,1,1,4,2,2,4,0,-0.00106253,-0.002408545,-0.002258429,-0.00240709,-0.00239520,sell
2019-04-23,2,5,0,1,0,0,3,2,0,2,3,0,3,2,2,4,1, 0.00157607, 0.001200637, 0.001922914, 0.00199096, 0.00191620,buy
2019-04-24,1,4,1,0,0,0,1,2,0,2,2,0,2,1,1,4,1, 0.00166342, 0.002140194, 0.001981482, 0.00131377, 0.00198148,buy
2019-04-25,3,4,0,1,2,0,1,2,1,1,3,1,3,2,3,3,0, 0.00170980, 0.001469385, 0.001709800, 0.00174955, 0.00146682,buy
2019-04-26,0,3,0,2,1,0,1,2,1,2,3,1,2,1,2,2,1,-0.00020877,-0.000256039, 0.000136274, 0.00060303, 0.00001046,sell
2019-04-27,0,2,1,1,1,0,3,2,1,1,3,1,3,1,2,1,1, 0.00223123, 0.001813793, 0.004707546, 0.00222240, 0.00218354,buy
2019-04-28,0,2,1,1,1,0,4,2,2,1,3,2,3,2,2,1,1, 0.00055242, 0.002156508, 0.000057119, 0.00055242, 0.00016957,buy
2019-04-29,0,1,0,1,2,0,2,3,2,2,1,2,2,2,3,2,1,-0.00079728,-0.000581136,-0.000864056,-0.00040603,-0.00137612,sell
2019-04-30,1,0,0,1,2,0,2,2,3,4,2,2,3,2,3,2,1,-0.00003477,-0.000681618,-0.000568994,-0.00071759, 0.00006012,sell
2019-05-01,0,1,1,1,2,1,2,0,2,3,5,1,1,3,2,1,0,-0.00163959,-0.002140093,-0.002088933,-0.00160588,-0.00188292,sell
2019-05-02,1,1,1,0,2,1,2,0,1,3,3,1,2,2,3,0,1, 0.00047167, 0.000847068, 0.001956059, 0.00147618, 0.00238500,buy
2019-05-03,1,0,2,0,2,1,2,1,2,3,3,2,3,3,2,1,0, 0.00188914, 0.001055054, 0.000755172, 0.00097077, 0.00204136,buy
2019-05-04,1,2,1,1,2,1,1,2,0,1,3,1,2,3,2,1,0,-0.00096521,-0.000310141,-0.000355382,-0.00088795,-0.00057007,sell
2019-05-05,0,0,2,0,2,1,3,0,2,1,2,1,3,2,2,0,1, 0.00041628, 0.000538225,-0.001759155, 0.00029439,-0.00171245,sell
2019-05-06,1,0,0,2,1,1,2,2,1,2,1,0,3,3,2,2,1, 0.00064082, 0.000628055, 0.000920131, 0.00079184, 0.00064203,buy
2019-05-07,2,1,1,0,3,2,1,2,3,3,3,2,4,3,3,2,1,-0.00009879, 0.000206264, 0.000180618,-0.00016781, 0.00124082,sell
2019-05-08,2,3,2,0,2,2,0,1,3,2,3,2,3,4,3,2,0, 0.00027059, 0.000248498,-0.000393698,-0.00039693,-0.00026726,buy
2019-05-09,1,2,3,1,1,2,0,1,2,3,3,1,3,3,4,1,1,-0.00190013,-0.001938934,-0.001125288,-0.00036443,-0.00041712,sell
2019-05-10,0,2,3,2,2,2,1,1,2,3,4,3,2,4,2,1,2,-0.00059767,-0.000888837,-0.000888837,-0.00059767,-0.00094033,sell
2019-05-11,0,3,3,2,3,0,0,2,2,1,4,3,2,3,2,1,1, 0.00070869, 0.003968652, 0.001048060, 0.00108601, 0.00260647,buy
2019-05-12,0,1,5,1,3,0,0,1,2,0,2,3,1,2,3,1,1, 0.00121045, 0.001772833, 0.001210450, 0.00232541, 0.00200894,buy
2019-05-13,0,2,3,4,1,1,0,1,1,0,2,2,2,2,2,2,1,-0.00086297,-0.001060056,-0.000341464,-0.00066082,-0.00157776,sell
2019-05-14,0,1,3,1,3,1,0,2,2,2,2,3,4,2,1,2,1, 0.00096825, 0.000973154, 0.001072397, 0.00106320, 0.00104400,buy
2019-05-15,1,5,2,0,3,0,0,2,2,0,1,3,4,2,3,2,0, 0.00002816, 0.000571160, 0.004536273, 0.00106392, 0.00087329,buy
2019-05-16,1,2,4,1,2,1,0,1,4,2,2,2,5,3,3,2,1,-0.00036889, 0.000548944, 0.000548944,-0.00033912, 0.00054894,sell
2019-05-17,1,3,3,2,1,2,0,2,3,0,2,3,4,2,2,3,1, 0.00103742, 0.001995648, 0.001978450, 0.00120331, 0.00183830,buy
2019-05-18,1,3,2,2,1,0,1,1,4,0,3,2,3,3,2,2,0,-0.00075258, 0.000471002, 0.000295150, 0.00082198, 0.00065029,buy
2019-05-19,1,4,1,1,3,0,0,3,1,0,1,1,3,3,2,3,1, 0.00120438,-0.001195350,-0.001091793,-0.00115344,-0.00096875,sell
2019-05-20,2,2,0,3,0,0,3,0,1,1,2,1,2,2,1,3,1, 0.00109262,-0.000129906, 0.000138299, 0.00209649, 0.00096978,buy
2019-05-21,0,2,2,1,0,1,3,0,1,0,1,3,1,1,0,3,1,-0.00158729,-0.000884374,-0.001999164,-0.00189854,-0.00186053,sell
2019-05-22,1,1,1,2,0,0,5,0,2,0,2,2,1,0,2,4,1,-0.00214584,-0.002761558, 0.000048564,-0.00131389,-0.00230686,sell
2019-05-23,2,2,0,3,0,0,5,1,1,1,1,2,1,2,3,5,1, 0.00019997,-0.001026845,-0.000423869,-0.00128455, 0.00022748,sell
2019-05-24,0,0,0,3,1,0,4,2,1,2,1,3,1,1,2,4,1, 0.00099719, 0.000603235, 0.001039993, 0.00102226, 0.00109724,buy
2019-05-25,0,0,0,4,0,0,6,0,2,0,1,2,1,3,2,2,1,-0.00014506, 0.000106377, 0.000021495, 0.00016504,-0.00068170,sell
2019-05-26,0,0,1,2,0,0,3,2,2,0,0,2,0,2,2,3,1,-0.00177529,-0.001954624,-0.000562517,-0.00177521, 0.00004575,sell
2019-05-27,1,0,1,2,0,0,3,2,2,1,1,2,1,2,2,2,2,-0.00131362,-0.000099651, 0.000448046,-0.00063002, 0.00087274,sell
2019-05-28,0,2,0,2,0,0,3,3,3,2,2,2,2,2,2,3,2, 0.00011484, 0.000264576, 0.001446895, 0.00024610,-0.00004154,buy
2019-05-29,0,1,1,1,1,1,3,2,1,2,2,2,2,1,2,2,2, 0.00297619, 0.001463194, 0.003529134, 0.00351286, 0.00345996,buy
2019-05-30,0,0,2,1,3,1,4,1,1,3,3,1,3,3,3,1,2, 0.00027786,-0.000695202,-0.000111809,-0.00036300, 0.00027786,buy
2019-05-31,1,2,2,2,3,1,2,2,2,1,3,2,3,4,3,2,1,-0.00070081,-0.000092314,-0.000774594,-0.00009231,-0.00028416,sell
2019-06-01,1,0,4,0,3,1,1,0,3,0,3,2,2,3,2,0,1,-0.00038305,-0.000307404,-0.000418444, 0.00099283, 0.00073130,sell
2019-06-02,0,0,3,2,2,0,2,1,0,0,1,2,0,4,2,1,0,-0.00016998,-0.000645332,-0.000315428, 0.00077685, 0.00046975,sell
2019-06-03,0,0,1,1,1,1,2,2,0,1,1,3,1,2,1,1,0,-0.00042566,-0.000986248, 0.000323625,-0.00032733,-0.00040569,sell
2019-06-04,0,2,1,0,2,1,2,2,1,1,1,2,3,2,1,2,1,-0.00232341,-0.000790364,-0.002739379,-0.00093923,-0.00239344,sell
2019-06-05,1,1,1,0,1,1,1,2,2,0,1,3,2,0,1,2,1,-0.00245440,-0.002347225,-0.002620655,-0.00155534,-0.00245009,sell
2019-06-06,0,1,1,1,1,2,1,1,2,1,1,2,4,1,1,1,1,-0.00014611, 0.001395684, 0.000818107,-0.00008898, 0.00139568,buy
2019-06-07,0,1,0,2,1,1,2,2,1,2,2,3,2,0,1,4,0,-0.00135541,-0.001485764,-0.001288864,-0.00114315,-0.00154415,sell
2019-06-08,0,1,2,0,4,1,0,3,1,2,2,2,3,1,2,3,1, 0.00111441, 0.000786003, 0.000701803, 0.00173796, 0.00125832,buy
2019-06-09,0,2,2,3,3,2,0,3,1,2,3,3,2,2,4,2,2,-0.00051041,-0.000922812,-0.001311204,-0.00098172,-0.00113362,sell
2019-06-10,0,1,3,2,3,3,1,2,1,2,3,2,3,2,4,3,1,-0.00181968,-0.001634226,-0.001674241,-0.00172547,-0.00156949,sell
2019-06-11,0,2,2,1,4,2,1,2,0,1,2,1,2,2,4,3,1,-0.00237957,-0.003223254,-0.001394259,-0.00241068,-0.00192865,sell
2019-06-12,0,0,1,3,4,2,1,2,1,3,3,2,2,3,4,2,1,-0.00418929,-0.001909300,-0.002212047,-0.00400992,-0.00190930,sell
2019-06-13,1,1,2,3,3,3,1,3,0,0,2,3,3,2,3,3,1, 0.00157587, 0.001554017, 0.000758022, 0.00070744, 0.00221089,buy
2019-06-14,1,0,4,2,3,3,2,0,2,0,3,2,3,4,4,1,0,-0.00018505,-0.000712316,-0.000586468, 0.00002329,-0.00006245,sell
2019-06-15,1,1,2,2,4,4,1,2,0,0,2,2,3,4,3,2,1, 0.00142966, 0.001429656, 0.001000997, 0.00142966, 0.00142966,buy
2019-06-16,2,0,2,2,3,4,2,1,0,1,3,2,3,4,3,1,1, 0.00091193,-0.000046369,-0.000774108, 0.00118825, 0.00115973,buy
2019-06-17,1,0,3,1,3,4,1,0,0,0,2,2,2,3,2,2,0,-0.00014445,-0.000724772,-0.001309428,-0.00012956,-0.00006976,sell
2019-06-18,1,0,2,0,1,3,0,0,0,0,0,1,1,2,1,1,1,-0.00153610,-0.001378045,-0.001915236,-0.00228107,-0.00137805,sell
2019-06-19,3,2,0,1,0,3,1,0,1,0,1,2,2,3,1,1,1,-0.00126172, 0.001009380,-0.001887123,-0.00096543,-0.00050780,sell
2019-06-20,1,1,0,1,0,2,0,2,0,1,1,1,2,2,0,1,1,-0.00353325,-0.002735855, 0.000720816,-0.00413236,-0.00330213,sell
2019-06-21,1,1,1,0,2,3,3,0,1,1,2,2,3,3,2,0,1,-0.00128785,-0.000250722,-0.000424795,-0.00118627, 0.00202990,sell
2019-06-22,1,2,0,0,2,2,1,2,1,1,1,2,2,2,2,2,1,-0.00206649, 0.001409121,-0.002148589, 0.00113534,-0.00107235,sell
2019-06-23,0,2,0,1,1,2,0,3,2,3,2,1,2,2,2,3,2,-0.00014771,-0.000914066,-0.001145322, 0.00108397,-0.00019812,sell
2019-06-24,1,1,1,0,1,1,0,2,3,3,2,1,3,1,2,3,1, 0.00047038, 0.001545964, 0.000322167, 0.00121581,-0.00028973,buy
2019-06-25,0,2,0,0,2,1,1,1,1,1,2,0,2,1,1,3,0,-0.00086093,-0.002193959,-0.002697916,-0.00223366,-0.00223366,sell
2019-06-26,0,1,1,2,1,0,1,1,2,3,2,1,3,2,1,2,1, 0.00088245, 0.000783100, 0.000333320,-0.00136593, 0.00058685,buy
2019-06-27,1,2,0,3,1,0,0,2,2,2,2,1,2,3,1,3,1,-0.00185515,-0.001786564,-0.000952868,-0.00095287,-0.00103083,sell
2019-06-28,1,1,1,2,2,0,0,2,2,0,2,0,3,2,1,2,1, 0.00020823, 0.000071459,-0.000132765,-0.00151752, 0.00044572,buy
2019-06-29,0,0,2,4,1,0,2,0,3,0,3,2,2,1,2,1,1,-0.00229071,-0.001601006,-0.003095052,-0.00334463,-0.00161359,sell
2019-06-30,1,0,0,5,0,0,2,1,0,1,2,3,1,1,1,2,0, 0.00273561, 0.000280055, 0.001185733, 0.00150482, 0.00014975,buy
2019-07-01,2,0,0,4,2,1,2,2,0,2,3,4,3,1,1,2,1,-0.00108865,-0.001088654,-0.002873082,-0.00113131,-0.00078873,sell
2019-07-02,2,2,0,4,0,0,2,0,1,1,2,3,4,0,0,2,1,-0.00298332,-0.001056648,-0.000829647,-0.00369294,-0.00050084,sell
2019-07-03,1,1,1,4,1,2,2,0,0,1,3,2,4,1,1,1,1,-0.00240918,-0.001128058, 0.000704910,-0.00344643,-0.00293118,sell
2019-07-04,2,1,0,5,0,0,3,0,0,2,2,3,4,0,0,2,2,-0.00063222,-0.001076211, 0.000518412,-0.00148309,-0.00110525,sell
2019-07-05,1,2,1,3,4,0,2,1,1,2,3,2,4,1,1,4,2, 0.00035981, 0.000374936, 0.000362137, 0.00123896, 0.00119781,buy
2019-07-06,1,2,1,5,1,1,3,0,2,2,3,3,3,1,2,4,2, 0.00056184, 0.000632066, 0.000028542, 0.00056184, 0.00031225,buy
2019-07-07,1,0,3,4,1,2,2,1,1,3,3,3,4,1,2,4,1,-0.00004947,-0.000908196,-0.000297785,-0.00004947,-0.00004947,sell
2019-07-08,1,2,1,2,2,1,2,0,2,3,1,3,3,1,2,4,2,-0.00020875,-0.000184899,-0.001930633,-0.00020875,-0.00105421,sell
2019-07-09,1,2,1,2,2,1,0,0,2,4,2,1,4,2,2,3,1, 0.00139451, 0.001327294, 0.001706002, 0.00041266, 0.00103713,buy
2019-07-10,1,0,2,4,1,2,0,1,1,3,3,2,4,0,1,4,1,-0.00052248,-0.000446127,-0.000239112,-0.00080135,-0.00016009,sell
2019-07-11,1,1,3,2,0,2,1,0,2,1,2,2,3,2,2,1,1,-0.00174097,-0.001448033,-0.001804776,-0.00177681,-0.00185963,sell
2019-07-12,0,1,2,3,1,1,0,1,1,1,1,1,3,2,1,2,1,-0.00014621, 0.001676209, 0.001079022, 0.00002927, 0.00002927,buy
2019-07-13,1,1,2,2,3,1,1,1,0,2,3,1,4,2,1,2,1, 0.00007877, 0.000441706, 0.002579064, 0.00038074, 0.00084105,buy
2019-07-14,0,0,0,4,1,2,2,0,0,2,2,1,2,2,2,2,0,-0.00352644,-0.002945023,-0.003378016,-0.00346633,-0.00361300,sell
2019-07-15,0,0,2,2,2,2,0,0,0,1,2,1,2,1,1,2,0, 0.00181356, 0.001696253, 0.001943596, 0.00420493, 0.00366913,buy
2019-07-16,2,1,1,2,1,3,1,0,1,0,3,0,3,2,2,1,1,-0.00246651, 0.001089173,-0.000442443,-0.00237161,-0.00053459,sell
2019-07-17,0,1,1,1,1,1,0,2,0,1,3,0,2,0,1,2,0,-0.00204248,-0.000002275,-0.000023436,-0.00002344,-0.00057558,buy
2019-07-18,0,0,1,1,1,3,2,0,1,1,2,1,2,1,2,1,1, 0.00113666, 0.000416291, 0.001499032, 0.00083976, 0.00041629,buy
2019-07-19,0,0,1,2,1,1,2,1,0,0,2,0,2,2,1,0,1,-0.00116624, 0.000253506, 0.000337503,-0.00168847, 0.00142678,sell
2019-07-20,0,0,2,3,1,1,0,2,1,0,3,1,1,2,1,1,1,-0.00197851, 0.000608079,-0.004413225,-0.00207744,-0.00073203,sell
2019-07-21,1,0,2,2,1,1,0,1,2,1,4,1,1,2,1,1,1,-0.00158841, 0.000862280,-0.004034933,-0.00128399,-0.00139917,sell
2019-07-22,0,1,1,3,1,1,1,0,0,0,4,1,0,1,1,1,0, 0.00269715, 0.002848667, 0.002414764, 0.00379564, 0.00280900,buy
2019-07-23,1,1,3,2,1,0,2,0,0,1,3,1,2,0,2,1,2, 0.00178062, 0.003399672, 0.003245111, 0.00336987, 0.00312340,buy
2019-07-24,1,2,1,3,1,0,1,1,0,2,3,1,3,1,2,0,2, 0.00044086, 0.000659740, 0.000769146, 0.00087421, 0.00062980,buy
2019-07-25,2,2,1,4,3,0,0,1,0,2,5,2,3,1,1,2,1, 0.00084416, 0.001260170, 0.002269247, 0.00100132, 0.00232541,buy
2019-07-26,1,1,3,2,3,1,0,0,1,2,3,1,3,2,2,2,1,-0.00020865, 0.000969699, 0.000733263, 0.00044695, 0.00018517,buy
2019-07-27,0,1,1,5,2,1,1,0,1,1,2,0,3,2,2,3,1,-0.00388007,-0.002708505,-0.004200592,-0.00275856,-0.00388007,sell
2019-07-28,0,1,1,3,4,2,0,2,1,2,3,1,4,2,2,3,1,-0.00125193,-0.001331183,-0.000725685,-0.00210875,-0.00100781,sell
2019-07-29,0,2,0,2,3,1,1,2,1,1,1,1,3,2,1,4,1,-0.00027745,-0.000394075,-0.000394075, 0.00157479,-0.00027745,sell
2019-07-30,0,1,1,1,3,3,1,0,1,2,1,1,3,3,1,4,0,-0.00059200,-0.000477256, 0.000210670, 0.00021067,-0.00009263,buy
2019-07-31,1,1,0,3,2,2,0,0,0,3,1,0,3,3,0,4,1,-0.00233195,-0.002457546,-0.001185155,-0.00231151,-0.00019419,sell
2019-08-01,2,2,1,1,5,1,0,0,0,3,1,1,3,3,1,5,1, 0.00146498, 0.001447182, 0.001486057, 0.00258143,-0.00309368,buy
2019-08-02,1,2,1,2,3,0,1,0,0,1,1,1,1,3,1,3,1,-0.00045814,-0.000760054,-0.000009327, 0.00035320,-0.00021652,sell
2019-08-03,0,1,4,2,1,1,3,0,0,2,2,2,1,3,1,4,1,-0.00282584,-0.002078870,-0.001795828,-0.00107049,-0.00166672,sell
2019-08-04,0,2,2,1,3,0,2,2,0,1,1,3,0,2,2,4,1,-0.00121409,-0.002085099,-0.001982418,-0.00171422,-0.00048614,sell
2019-08-05,0,1,1,0,4,0,1,1,3,2,2,3,1,3,2,1,1, 0.00125036, 0.000612322, 0.000442873, 0.00180113, 0.00092765,buy
2019-08-06,0,0,2,1,3,0,1,1,1,1,3,2,1,2,2,0,0,-0.00028192, 0.000353251, 0.000420505, 0.00045583, 0.00033843,buy
2019-08-07,0,0,3,2,4,1,2,0,2,1,4,1,3,2,3,1,1, 0.00193885, 0.002472332, 0.001997631, 0.00275279, 0.00284259,buy
2019-08-08,0,2,3,1,4,0,0,1,1,1,3,1,3,1,3,1,1, 0.00096594,-0.000571209, 0.000915598, 0.00020309, 0.00082326,buy
2019-08-09,1,3,3,1,5,0,1,2,0,0,4,1,3,1,4,2,1, 0.00164519,-0.000681749,-0.000013213, 0.00144143, 0.00108428,buy
2019-08-10,1,2,3,2,4,0,2,0,0,1,3,1,3,2,2,3,1, 0.00049432, 0.001938374, 0.000424204, 0.00144928, 0.00029796,buy
2019-08-11,0,2,1,4,4,0,0,0,0,0,1,1,3,2,0,3,1,-0.00226939,-0.003268847,-0.002917638,-0.00031093,-0.00288573,sell
2019-08-12,2,3,0,4,5,0,1,0,1,0,2,1,4,3,2,3,1,-0.00126725,-0.001336791,-0.000743864,-0.00126725,-0.00125744,sell
2019-08-13,1,3,0,3,5,0,0,2,0,0,2,1,4,3,1,3,0,-0.00076393,-0.000885575,-0.002031532,-0.00088558,-0.00093549,sell
2019-08-14,0,3,0,2,2,0,1,1,1,2,2,0,2,2,2,4,0, 0.00082012, 0.000071285, 0.001351861, 0.00089863, 0.00064907,buy
2019-08-15,0,1,0,2,2,2,3,0,1,1,2,1,2,3,2,1,1, 0.00284219, 0.002224584, 0.002814432, 0.00190076, 0.00122863,buy
2019-08-16,0,1,0,1,1,1,0,2,1,1,1,1,0,2,2,2,0,-0.00142658,-0.001426585,-0.002253440,-0.00140224,-0.00142991,sell
2019-08-17,1,1,0,1,0,0,0,1,2,2,2,0,1,1,2,2,0,-0.00047365,-0.002013076,-0.000679485, 0.00035715,-0.00200632,sell
2019-08-18,1,2,0,2,2,0,0,1,1,0,2,2,0,1,2,1,1,-0.00161326,-0.001266876,-0.001266876,-0.00153743,-0.00156752,sell
2019-08-19,1,1,2,5,1,0,1,0,0,1,3,2,0,0,5,1,1, 0.00166187, 0.001303993, 0.000039003, 0.00061877, 0.00175210,buy
2019-08-20,1,3,2,4,1,0,1,0,0,2,4,2,1,1,6,0,0, 0.00239625, 0.001300397, 0.000883792, 0.00220417, 0.00192256,buy
2019-08-21,2,5,3,3,2,0,0,1,0,0,5,2,2,1,4,1,1,-0.00058140,-0.000770577, 0.000643468, 0.00042340,-0.00066538,sell
2019-08-22,2,6,4,3,4,0,0,0,1,0,5,3,2,3,4,2,1,-0.00066075,-0.000067395, 0.002946208, 0.00138500, 0.00028259,buy
2019-08-23,2,4,3,5,2,0,0,0,0,2,3,3,1,5,2,3,1, 0.00135000, 0.001275922, 0.001455007, 0.00144171, 0.00069325,buy
2019-08-24,2,4,2,4,3,1,1,0,0,3,4,3,2,4,2,4,1, 0.00115400, 0.001519051, 0.001986939, 0.00122824, 0.00111669,buy
2019-08-25,2,3,2,2,2,0,0,1,0,1,1,2,2,4,0,4,0,-0.00018047,-0.002242752,-0.000930225, 0.00029429,-0.00092511,sell
2019-08-26,2,2,3,3,1,1,0,0,3,0,2,3,1,3,1,4,1,-0.00138655,-0.000643550,-0.002642980,-0.00213201,-0.00216902,sell
2019-08-27,2,1,4,5,1,2,0,2,0,0,3,3,1,4,2,3,1,-0.00200012,-0.002527762,-0.002550777,-0.00229628,-0.00129979,sell
2019-08-28,2,1,4,5,1,0,2,0,0,1,3,3,1,2,2,4,1,-0.00062369,-0.000745226,-0.002026799, 0.00144415,-0.00109786,sell
2019-08-29,1,2,3,4,3,0,0,0,0,0,2,1,1,3,3,3,0, 0.00178986, 0.002653873, 0.000953350, 0.00223769,-0.00141247,buy
2019-08-30,3,2,5,4,0,1,0,0,0,2,4,2,1,3,3,3,1,-0.00139013,-0.001696664,-0.001607706,-0.00076594,-0.00081962,sell
2019-08-31,1,2,6,3,0,1,0,0,0,2,3,1,1,3,3,4,0,-0.00128032,-0.001257691,-0.001122662,-0.00128032,-0.00104850,sell
2019-09-01,2,2,3,1,1,1,2,0,1,2,2,3,1,2,3,3,1, 0.00112670, 0.000607478,-0.000111433,-0.00079568, 0.00060748,buy
2019-09-02,2,0,2,1,1,1,1,3,1,3,3,3,2,2,2,1,2, 0.00021032, 0.000420770, 0.000233650, 0.00042077, 0.00024724,buy
2019-09-03,2,0,3,1,0,2,1,2,2,1,3,3,2,0,4,1,1, 0.00042317, 0.000721399,-0.000126753, 0.00072245, 0.00037035,buy
2019-09-04,2,0,5,1,0,1,1,1,3,3,4,2,2,2,5,1,1,-0.00099495,-0.002316135,-0.001208929,-0.00174657,-0.00175473,sell
2019-09-05,2,1,4,1,1,2,0,2,0,4,3,3,3,2,4,2,0,-0.00225793,-0.002577719,-0.002519571,-0.00317074,-0.00226978,sell
2019-09-06,2,1,4,2,0,2,2,0,0,6,4,3,3,2,4,2,1,-0.00148368,-0.002129060,-0.002028938,-0.00174481,-0.00167966,sell
2019-09-07,2,2,5,2,0,2,0,0,0,3,3,2,2,2,2,3,2,-0.00222054,-0.001406029,-0.001781652,-0.00130859,-0.00126808,sell
2019-09-08,3,0,6,2,0,2,1,0,1,2,3,2,3,2,3,3,1,-0.00111706,-0.001330722,-0.002500727,-0.00037763,-0.00037763,sell
2019-09-09,2,1,3,3,0,2,0,2,1,2,3,1,4,2,1,3,2, 0.00060007, 0.001566673, 0.002339825,-0.00164823, 0.00162326,buy
2019-09-10,1,0,3,4,1,2,1,2,0,3,3,2,3,2,2,3,2,-0.00083524,-0.000432484,-0.000457676,-0.00110357, 0.00028888,sell
2019-09-11,1,0,2,1,1,2,3,0,1,1,2,1,3,2,2,1,1, 0.00007755, 0.000949327,-0.001284933, 0.00039374,-0.00038485,buy
2019-09-12,1,1,2,1,1,2,0,2,1,1,1,0,2,2,3,2,2,-0.00215357,-0.001370631,-0.000210820,-0.00190906,-0.00266843,sell
2019-09-13,2,2,1,1,0,2,0,1,2,2,2,1,2,2,3,2,1,-0.00341653,-0.003000569,-0.003718859,-0.00303769,-0.00371886,sell
2019-09-14,2,3,2,2,0,3,0,1,1,1,2,1,2,3,2,3,2, 0.00321488, 0.002014980, 0.003214876,-0.00207331, 0.00277400,buy
2019-09-15,1,3,2,2,0,2,1,0,0,2,2,0,1,2,3,3,2, 0.00016790, 0.000280258, 0.000280258,-0.00019500, 0.00010323,buy
2019-09-16,1,2,2,2,2,1,1,0,0,3,2,1,2,3,2,3,1,-0.00179874,-0.001250464,-0.000703241,-0.00150335,-0.00193302,sell
2019-09-17,2,3,1,3,3,1,0,1,0,0,1,1,2,3,1,4,2,-0.00052612,-0.000614786, 0.000194541, 0.00206607, 0.00048946,buy
2019-09-18,1,2,3,2,3,0,0,0,1,0,1,1,1,3,1,4,1, 0.00043310,-0.000474268, 0.000375993, 0.00073424, 0.00085124,buy
2019-09-19,0,2,3,3,2,0,0,0,0,0,0,1,0,4,1,3,1,-0.00140938,-0.002676206,-0.000872308, 0.00093635,-0.00002179,sell
2019-09-20,0,4,2,2,2,1,1,0,0,1,1,1,0,4,3,3,1,-0.00119388, 0.000421387,-0.000828433,-0.00077133,-0.00162140,sell
2019-09-21,0,3,1,1,3,1,0,1,0,3,1,1,1,3,3,3,1,-0.00094473,-0.000977336,-0.001399625,-0.00136007,-0.00125628,sell
2019-09-22,0,4,1,1,1,0,0,0,2,2,1,0,2,2,2,2,2, 0.00349078, 0.003554408, 0.003526882, 0.00338259, 0.00355441,buy
2019-09-23,0,1,1,1,2,2,0,0,2,3,2,1,2,1,4,1,1,-0.00182333,-0.001189199,-0.001617392,-0.00042545,-0.00182941,sell
2019-09-24,0,1,0,2,1,0,0,1,2,3,2,2,2,1,2,1,0, 0.00089761, 0.000917518, 0.000953413, 0.00104559, 0.00078736,buy
2019-09-25,0,2,1,0,6,0,1,1,3,2,3,2,3,2,3,2,1, 0.00239923, 0.002301434, 0.000886289, 0.00214005, 0.00358719,buy
2019-09-26,0,2,1,2,2,0,1,1,2,2,3,1,1,2,3,2,1, 0.00100546, 0.000437962, 0.000831135, 0.00122351, 0.00040308,buy
2019-09-27,0,1,2,1,2,1,1,0,1,3,2,0,2,3,2,2,1, 0.00112724, 0.000849573, 0.001252211, 0.00026717, 0.00136857,buy
2019-09-28,1,3,0,0,3,0,1,0,1,2,1,2,1,4,1,2,0, 0.00414868, 0.004106580, 0.004148681, 0.00426001, 0.00377077,buy
2019-09-29,1,3,0,0,3,0,1,0,2,3,2,1,2,4,2,1,1, 0.00110218, 0.002221873, 0.001667274, 0.00210969, 0.00285159,buy
2019-09-30,0,2,0,1,1,1,2,1,1,1,2,2,1,2,1,2,0, 0.00075346, 0.002813230, 0.001294823,-0.00060951, 0.00248705,buy
2019-10-01,0,2,1,0,1,0,3,1,2,1,1,2,1,3,2,1,1, 0.00035960, 0.000763974, 0.000507301, 0.00106281, 0.00060736,buy
2019-10-02,0,3,0,1,1,0,2,3,1,1,0,2,2,3,2,1,2, 0.00021178,-0.002057189,-0.002214932,-0.00185239,-0.00221493,sell
2019-10-03,1,2,0,2,1,0,3,2,0,1,1,1,2,3,2,2,1,-0.00138220,-0.002637767,-0.002484857,-0.00248486, 0.00131032,sell
2019-10-04,1,1,0,2,0,1,2,1,1,2,2,2,1,1,2,2,1,-0.00011159,-0.002912351,-0.003377630,-0.00398179,-0.00129370,sell
2019-10-05,1,2,1,1,0,1,1,1,1,1,1,2,2,0,3,2,0, 0.00084946, 0.002444364, 0.001150160, 0.00244436, 0.00241440,buy
2019-10-06,2,3,0,0,2,1,1,1,1,2,2,1,2,1,3,3,1,-0.00063334,-0.000107722,-0.002125028,-0.00237914,-0.00056328,sell
2019-10-07,0,1,1,1,2,1,1,3,0,3,2,2,3,0,2,3,1,-0.00112204,-0.001120575,-0.001305743, 0.00048293,-0.00079565,sell
2019-10-08,0,2,0,2,2,1,4,0,1,1,1,2,3,1,3,2,1, 0.00237218, 0.002828173, 0.002722291,-0.00142086, 0.00267428,buy
2019-10-09,0,1,1,1,3,0,2,2,2,1,2,2,2,1,3,2,1,-0.00109209,-0.001094505,-0.001017694, 0.00077462,-0.00026784,sell
2019-10-10,1,1,0,1,3,1,1,2,3,1,2,2,3,3,1,3,0,-0.00131405,-0.001911375, 0.000136560,-0.00327695,-0.00176905,sell
2019-10-11,1,1,0,2,2,1,1,2,4,2,3,1,3,3,2,3,1,-0.00100343,-0.001218643,-0.001489862,-0.00136240,-0.00120689,sell
2019-10-12,0,2,0,0,3,2,2,1,2,1,3,2,1,2,1,3,1, 0.00203054, 0.002121814, 0.002071563, 0.00209873, 0.00135522,buy
2019-10-13,0,1,2,0,1,1,2,1,2,3,3,1,2,3,2,2,0, 0.00133999, 0.001142398, 0.000105302, 0.00014508, 0.00133999,buy
2019-10-14,1,3,2,1,1,1,1,2,2,2,4,1,2,4,2,3,0,-0.00017085, 0.000222665,-0.001404432,-0.00126263,-0.00124124,sell
2019-10-15,1,2,2,1,2,1,1,0,3,1,2,2,2,3,2,2,1, 0.00126199, 0.000728489, 0.000692373, 0.00094227, 0.00025860,buy
2019-10-16,0,1,3,2,1,0,2,0,4,1,3,2,2,4,3,0,0, 0.00028916, 0.000299933, 0.000469941, 0.00035004,-0.00039854,buy
2019-10-17,0,1,2,2,1,0,2,0,2,0,1,1,1,3,2,1,1,-0.00110792,-0.000856047,-0.000813897,-0.00065274, 0.00059935,sell
2019-10-18,0,1,0,0,3,1,1,1,2,1,2,0,1,3,2,1,1,-0.00342124,-0.001606931,-0.002628846,-0.00202613,-0.00299612,sell
2019-10-19,0,3,1,1,0,0,1,0,3,0,1,1,2,2,1,1,1, 0.00104370, 0.001257425, 0.001034156, 0.00140748, 0.00164560,buy
2019-10-20,0,0,3,0,1,2,1,0,2,1,2,1,2,2,2,0,1,-0.00204754,-0.001644868,-0.001866533,-0.00204357,-0.00188394,sell
2019-10-21,0,1,1,2,1,1,1,0,2,2,2,0,3,2,2,1,1,-0.00005956, 0.000101953, 0.000601539,-0.00026357, 0.00009517,sell
2019-10-22,0,2,1,2,3,0,1,1,4,3,2,2,3,3,3,2,2,-0.00019595, 0.000030398,-0.001433839, 0.00196825, 0.00181822,sell
2019-10-23,0,1,2,2,1,0,2,2,1,2,3,2,2,2,2,1,1, 0.00105251, 0.002076623, 0.001185996, 0.00118591, 0.00104135,buy
2019-10-24,0,1,2,2,1,1,2,1,1,1,2,2,3,2,2,1,0,-0.00004558, 0.001570858, 0.001937342, 0.00000648,-0.00058989,sell
2019-10-25,0,1,1,2,1,2,1,1,2,2,2,1,3,2,2,2,1, 0.00037122, 0.000433520, 0.000072774, 0.00049343, 0.00100883,buy
2019-10-26,2,2,0,1,3,1,1,1,1,2,1,1,3,2,3,2,2,-0.00072818,-0.001158160,-0.000703740,-0.00075278,-0.00121017,sell
2019-10-27,1,0,0,1,2,2,2,1,2,2,2,0,3,2,2,2,2,-0.00186081,-0.002272730,-0.002272730,-0.00241884,-0.00227273,sell
2019-10-28,1,0,1,1,1,2,2,3,1,1,3,1,3,0,3,2,1,-0.00029945,-0.000292816,-0.000190665,-0.00035365,-0.00036713,sell
2019-10-29,2,0,1,0,1,1,2,4,2,1,2,2,2,1,4,1,2, 0.00135254, 0.001371829, 0.001371829, 0.00184500, 0.00102133,buy
2019-10-30,1,1,0,0,2,1,1,6,0,3,1,1,3,2,5,2,1, 0.00011187, 0.000172590, 0.000150014,-0.00037566,-0.00152406,buy
2019-10-31,2,0,0,1,1,0,3,3,1,3,2,1,2,2,4,1,2, 0.00146448, 0.001523826, 0.001643186, 0.00139012, 0.00005405,buy
2019-11-01,1,1,1,0,1,0,1,3,0,1,1,1,2,1,1,1,2,-0.00118020,-0.001225467,-0.001225467,-0.00122547,-0.00122547,sell
2019-11-02,2,2,0,0,1,0,2,4,1,2,3,2,2,2,2,2,1, 0.00014681, 0.000144147, 0.000671652, 0.00048038, 0.00059509,buy
2019-11-03,0,2,0,0,1,0,2,4,1,2,3,2,2,1,1,2,1,-0.00197858,-0.001145921,-0.002142716,-0.00170413,-0.00078347,sell
2019-11-04,0,1,0,0,1,0,3,3,1,1,3,1,2,2,1,1,0, 0.00220314, 0.000577647, 0.000349098,-0.00061698, 0.00180953,buy
2019-11-05,0,1,2,0,1,0,2,3,3,1,3,2,2,3,2,1,0,-0.00081958,-0.000310078,-0.000462332,-0.00070395,-0.00053124,sell
2019-11-06,0,0,1,1,1,0,2,4,3,2,2,3,1,3,2,2,1,-0.00138980,-0.001445393,-0.001239248,-0.00139630,-0.00039100,sell
2019-11-07,1,1,1,0,1,0,2,3,5,2,3,3,2,4,2,1,1,-0.00094151,-0.000941507,-0.000202283,-0.00020228, 0.00083192,sell
2019-11-08,0,0,1,0,1,0,3,2,3,2,3,3,1,3,1,1,0, 0.00089478, 0.001837993, 0.002656263, 0.00264270, 0.00223405,buy
2019-11-09,0,1,2,0,0,0,3,1,3,1,2,2,2,1,2,1,1, 0.00255759, 0.003067809, 0.002429543, 0.00306096, 0.00255668,buy
2019-11-10,0,1,2,1,0,1,0,2,4,1,2,2,2,3,2,0,1,-0.00087689, 0.000244258,-0.000476062,-0.00064465,-0.00093974,sell
2019-11-11,1,2,1,1,1,0,1,2,4,0,2,1,2,3,3,1,1,-0.00302854,-0.001276235,-0.000390744,-0.00130528,-0.00090181,sell
2019-11-12,0,0,3,0,3,0,2,0,4,1,2,1,3,2,3,0,2,-0.00031265, 0.000729645,-0.000365735, 0.00173708, 0.00077058,buy
2019-11-13,0,0,1,2,2,0,3,0,3,1,2,1,2,2,3,1,1, 0.00074151,-0.000553852,-0.000759934, 0.00085685, 0.00118282,buy
2019-11-14,0,0,1,2,2,1,2,1,3,2,1,1,3,2,3,2,2,-0.00160274, 0.000320273, 0.000320273,-0.00000446, 0.00040693,buy
2019-11-15,0,1,2,2,1,1,4,1,4,1,4,1,4,3,2,2,1,-0.00030103,-0.000301029,-0.000948574,-0.00050676,-0.00091508,sell
2019-11-16,0,1,1,2,1,1,3,1,2,1,3,1,3,1,2,2,1,-0.00250047,-0.000339629,-0.002952910, 0.00151108,-0.00227466,sell
2019-11-17,0,0,1,3,2,2,3,1,1,1,4,2,3,2,1,1,1,-0.00236704,-0.000627762,-0.000735379,-0.00315707,-0.00313291,sell
2019-11-18,0,1,0,5,1,0,3,1,0,1,3,1,3,1,0,3,1,-0.00339774,-0.002236583,-0.002869923,-0.00148197,-0.00317700,sell
2019-11-19,0,1,2,1,3,1,3,1,0,0,3,1,2,2,1,2,1,-0.00003985, 0.000296882, 0.000455811, 0.00118708, 0.00027243,buy
2019-11-20,0,2,2,3,0,1,3,2,1,0,4,2,1,2,2,2,1, 0.00289404, 0.001903279, 0.001190620, 0.00182642, 0.00256729,buy
2019-11-21,1,1,2,2,0,2,2,4,0,2,5,2,2,1,2,2,2, 0.00277692, 0.003354189, 0.002814157, 0.00278504, 0.00277692,buy
2019-11-22,1,3,0,1,2,1,3,3,0,1,4,2,2,1,2,3,1,-0.00138468, 0.000069481, 0.001110576,-0.00130345,-0.00163124,sell
2019-11-23,1,1,1,1,2,1,1,3,1,2,2,1,4,1,2,2,2,-0.00319134,-0.003319921,-0.003191338,-0.00330000,-0.00329909,sell
2019-11-24,2,1,1,1,1,2,1,3,2,0,3,2,3,0,1,3,2,-0.00048431,-0.000272118,-0.000697391,-0.00041287,-0.00019908,sell
2019-11-25,1,1,2,0,1,1,1,6,2,0,3,1,3,2,2,2,2, 0.00369895, 0.001555630, 0.000887817, 0.00252332, 0.00204734,buy
2019-11-26,1,2,2,0,2,1,4,6,1,0,3,2,3,2,3,4,2, 0.00054433, 0.001235119, 0.000544335, 0.00150793, 0.00004118,buy
2019-11-27,0,1,2,1,1,1,3,5,2,1,1,3,3,2,3,4,1, 0.00210805, 0.002286637, 0.001286619, 0.00287713, 0.00160301,buy
2019-11-28,2,0,3,0,0,0,2,3,3,0,2,3,1,2,1,2,2,-0.00104819,-0.001187637,-0.001024605,-0.00167827,-0.00088535,sell
2019-11-29,2,1,2,0,0,0,1,1,5,0,0,3,2,3,2,2,0, 0.00087942,-0.000439730, 0.001261975, 0.00183252, 0.00102555,buy
2019-11-30,2,1,2,0,0,0,2,2,3,1,1,2,2,3,2,3,0, 0.00172339, 0.001312591,-0.000517818, 0.00109532,-0.00115383,buy
2019-12-01,0,0,0,0,0,0,3,2,3,2,1,3,2,1,1,1,1,-0.00181140,-0.001811405,-0.002191043,-0.00103061,-0.00163417,sell
2019-12-02,0,1,0,0,0,0,4,2,3,0,1,3,1,2,2,0,1, 0.00017337,-0.000266008, 0.000151894,-0.00006324,-0.00012856,buy
2019-12-03,0,0,1,0,0,0,1,3,5,0,1,3,0,2,1,1,2, 0.00030629,-0.000070675, 0.000361848, 0.00053325, 0.00055953,buy
2019-12-04,1,0,1,0,0,0,1,3,5,1,0,3,2,3,1,1,2,-0.00047284,-0.000689626, 0.000402746,-0.00074879,-0.00026750,sell
2019-12-05,0,0,0,1,0,0,1,1,4,2,1,2,2,1,1,1,1,-0.00320119,-0.003062880,-0.003062880,-0.00231709,-0.00299218,sell
2019-12-06,0,1,0,1,1,0,1,1,2,3,2,2,2,0,0,2,2, 0.00057984, 0.001395474, 0.001327498, 0.00132750, 0.00053295,buy
2019-12-07,0,2,1,1,0,0,2,1,2,4,1,1,4,1,2,1,3, 0.00176086, 0.002133698, 0.002133698, 0.00225274, 0.00225274,buy
2019-12-08,2,3,2,1,0,0,2,3,1,1,3,0,4,1,3,2,2, 0.00127354,-0.001026452,-0.001134181,-0.00115943,-0.00102645,sell
2019-12-09,1,2,4,2,1,1,2,3,2,1,3,1,5,1,4,3,2, 0.00180830, 0.001803447, 0.001582732, 0.00196508, 0.00180345,buy
2019-12-10,2,2,2,3,2,0,4,3,1,1,3,0,4,3,4,4,2, 0.00140708, 0.001515364, 0.001407080, 0.00151536, 0.00140788,buy
2019-12-11,2,2,1,4,2,0,4,4,0,1,2,1,3,3,4,5,2,-0.00173681,-0.000443503,-0.001514403,-0.00039931,-0.00016929,sell
2019-12-12,2,3,1,2,5,0,3,5,1,1,2,2,4,4,5,4,2,-0.00193785,-0.001366986,-0.001815728,-0.00136699, 0.00027281,sell
2019-12-13,2,2,1,1,0,1,2,4,2,0,2,1,2,3,4,2,1,-0.00133078,-0.000763461,-0.000869796,-0.00076346,-0.00026755,sell
2019-12-14,1,0,3,0,0,3,1,3,1,0,1,1,2,4,2,0,2, 0.00267807, 0.001417840, 0.003178020, 0.00228497, 0.00294702,buy
2019-12-15,1,1,1,1,1,0,1,3,1,1,2,1,2,3,1,1,1,-0.00123983,-0.000293988,-0.000460553,-0.00029399,-0.00068570,sell
2019-12-16,0,1,1,1,4,0,1,2,2,1,2,1,2,3,2,1,2, 0.00159664, 0.001960642, 0.001606419,-0.00071111, 0.00159664,buy
2019-12-17,0,0,2,2,1,0,0,2,2,1,2,0,1,2,2,1,2,-0.00196977,-0.000147115, 0.001722169,-0.00024412, 0.00027303,sell
2019-12-18,0,1,2,2,0,1,0,3,3,1,2,1,3,2,2,1,2,-0.00003301, 0.000529347, 0.000650810, 0.00009646, 0.00062005,sell
2019-12-19,0,2,1,1,1,0,0,4,2,2,2,1,2,2,2,2,2,-0.00108855,-0.000081236,-0.000284961,-0.00022807, 0.00056800,sell
2019-12-20,0,3,0,1,1,0,3,3,2,4,2,1,3,3,4,2,2,-0.00120148, 0.000438603, 0.000258920, 0.00036839,-0.00096400,buy
2019-12-21,0,0,1,2,0,1,5,3,3,4,3,2,3,3,2,4,2, 0.00522808, 0.005248400, 0.003695175, 0.00520517, 0.00420923,buy
2019-12-22,0,0,2,1,0,0,4,3,3,1,2,1,2,2,3,3,1, 0.00321990, 0.003443244, 0.002152514, 0.00233544, 0.00197215,buy
2019-12-23,2,1,1,0,1,0,5,2,5,1,4,2,1,3,4,3,1,-0.00113329,-0.000875999,-0.000186125,-0.00142331,-0.00085971,sell
2019-12-24,1,1,1,1,1,0,5,2,2,2,3,1,2,3,2,4,1, 0.00050327, 0.000122562, 0.001196646, 0.00058153, 0.00072499,buy
2019-12-25,1,0,1,1,0,0,6,1,1,1,2,2,1,3,1,2,1, 0.00210894, 0.001251508, 0.001203852, 0.00033742, 0.00072648,buy
2019-12-26,2,0,2,0,0,0,3,1,0,0,3,2,0,0,0,2,1,-0.00124804,-0.001110189,-0.000731008,-0.00059726,-0.00109381,sell
2019-12-27,3,1,0,0,0,0,1,0,2,0,1,2,1,1,1,1,0,-0.00298537,-0.003066801,-0.002558497,-0.00256012,-0.00151790,sell
2019-12-28,2,0,0,0,0,0,1,1,1,1,2,1,1,0,0,1,1,-0.00117966,-0.000080366,-0.000028037,-0.00006368, 0.00004849,sell
2019-12-29,2,0,1,0,0,0,3,1,0,0,2,0,1,1,1,1,1, 0.00012706, 0.001925774, 0.002275397, 0.00237996, 0.00241622,buy
2019-12-30,1,0,1,0,0,0,3,2,1,1,2,2,1,1,1,2,0,-0.00168331,-0.001310245,-0.000633769,-0.00183525,-0.00121728,sell
2019-12-31,2,1,1,0,0,0,2,3,2,0,2,2,2,1,1,2,1,-0.00170809,-0.001760465,-0.002257760,-0.00202858,-0.00194530,sell
2020-01-01,2,0,2,0,1,0,2,2,2,0,1,2,2,1,1,3,1,-0.00056543,-0.001012783,-0.001892216,-0.00154439,-0.00191065,sell
2020-01-02,1,0,1,0,1,0,2,2,0,1,2,2,1,0,0,2,1,-0.00291221,-0.001058602,-0.001947173,-0.00200157,-0.00078663,sell
2020-01-03,1,2,0,1,1,0,2,1,2,2,2,2,4,1,1,1,1, 0.00026263,-0.000765905, 0.000423313,-0.00176108,-0.00076180,sell
2020-01-04,2,3,0,0,2,0,3,3,1,2,3,2,4,2,3,2,0, 0.00015530,-0.000313931, 0.000659151, 0.00015530,-0.00004634,buy
2020-01-05,1,3,1,0,1,0,2,2,2,0,2,1,3,2,2,2,0,-0.00018983,-0.001679537,-0.000107124,-0.00207957, 0.00277331,sell
2020-01-06,0,1,2,1,1,0,2,3,2,1,2,2,3,2,2,1,1, 0.00027621, 0.000165055,-0.000025548, 0.00027621,-0.00005267,buy
2020-01-07,0,3,0,2,2,1,3,3,2,0,2,3,3,2,2,3,1,-0.00022097, 0.000329018, 0.000184646, 0.00010994,-0.00026299,sell
2020-01-08,0,3,1,0,3,0,2,5,2,1,1,2,4,2,3,4,1, 0.00087956, 0.000197574, 0.001012281, 0.00125400, 0.00107781,buy
2020-01-09,1,4,1,0,2,1,2,5,3,0,2,3,4,2,3,4,1, 0.00139605, 0.000879938, 0.001905088, 0.00190509, 0.00187932,buy
2020-01-10,4,3,1,2,1,3,0,5,0,0,2,3,2,4,4,3,1, 0.00107953, 0.001201109, 0.001442018, 0.00143909, 0.00080652,buy
2020-01-11,4,3,1,1,2,2,1,4,0,1,2,3,2,4,4,3,1, 0.00013504, 0.000386438, 0.000247741, 0.00049616, 0.00024774,buy
2020-01-12,4,2,1,0,4,0,1,4,0,0,2,3,1,4,4,2,0, 0.00204410, 0.001836838, 0.001837636, 0.00315584, 0.00153674,buy
2020-01-13,4,1,1,1,2,1,1,3,1,1,2,3,0,4,4,2,1, 0.00124875, 0.001019370, 0.001019370, 0.00134601,-0.00000380,buy
2020-01-14,2,0,1,3,0,1,1,3,1,1,2,2,1,3,3,2,0, 0.00087033, 0.001159468, 0.001159468, 0.00094550, 0.00121771,buy
2020-01-15,2,1,2,0,2,0,1,3,1,0,2,1,0,3,3,2,1,-0.00092590,-0.000430729,-0.000191794,-0.00055868,-0.00092590,sell
2020-01-16,0,2,0,1,1,0,2,4,2,2,2,2,2,2,2,2,2,-0.00006959,-0.000139575,-0.000064958,-0.00046874, 0.00061828,sell
2020-01-17,0,0,0,2,0,1,2,5,1,3,1,1,2,3,2,3,2, 0.00048419, 0.000269446, 0.000145011, 0.00034890, 0.00034890,buy
2020-01-18,0,0,2,1,0,1,3,6,1,1,2,1,4,2,2,2,2, 0.00207944, 0.002079444, 0.001143085, 0.00207944, 0.00207944,buy
2020-01-19,0,1,1,0,0,0,2,4,2,2,2,0,2,2,2,2,2,-0.00072619, 0.001510264, 0.001518055, 0.00093310, 0.00119655,buy
2020-01-20,1,1,0,0,1,0,3,5,1,3,3,2,2,2,2,2,2, 0.00047410,-0.000097255, 0.000001461,-0.00078751, 0.00106564,buy
2020-01-21,0,0,0,1,0,0,5,3,1,3,3,1,2,2,2,2,1, 0.00069859, 0.000145744, 0.000810991, 0.00045739, 0.00171564,buy
2020-01-22,1,0,1,0,0,0,3,3,3,2,4,2,1,1,1,2,2, 0.00188333, 0.001339446, 0.001802488, 0.00177113, 0.00101068,buy
2020-01-23,3,1,0,1,0,0,4,1,4,3,4,3,3,1,1,3,2, 0.00166202, 0.001710089, 0.002539394,-0.00076611, 0.00153983,buy
2020-01-24,2,0,0,1,0,0,3,4,2,4,2,3,4,1,1,3,2, 0.00120905, 0.003155039,-0.000173725, 0.00054634, 0.00035549,buy
2020-01-25,1,0,0,1,0,0,6,1,3,3,3,3,4,0,0,3,2, 0.00259745, 0.002631307, 0.002641804, 0.00150473, 0.00263131,buy
2020-01-26,1,0,0,1,0,0,5,2,1,2,1,2,4,1,1,2,1, 0.00200738, 0.001916235, 0.002162629, 0.00200356, 0.00251808,buy
2020-01-27,1,0,0,1,0,0,2,3,3,2,1,2,3,1,1,3,1, 0.00280891, 0.002752575, 0.000999658, 0.00057417, 0.00084843,buy
2020-01-28,3,0,0,1,0,0,1,2,3,3,1,2,3,2,1,3,1, 0.00178659, 0.001703611, 0.000943730,-0.00012245, 0.00053564,buy
2020-01-29,1,1,0,1,0,0,3,1,2,2,0,2,2,2,2,3,0,-0.00195786,-0.001615202,-0.002160939,-0.00188688,-0.00211708,sell
2020-01-30,0,0,1,1,0,0,4,1,1,3,2,2,2,2,1,2,0, 0.00039453,-0.001134220, 0.001150217, 0.00020461, 0.00114710,buy
2020-01-31,0,1,1,1,0,0,5,2,1,3,3,1,3,3,2,1,1, 0.00032253, 0.000410981,-0.000837853, 0.00032253,-0.00050934,buy
2020-02-01,1,2,0,2,0,0,3,3,2,0,2,1,1,3,3,2,1,-0.00244410,-0.001824519,-0.001747920,-0.00070824,-0.00208792,sell
2020-02-02,0,0,3,0,1,0,2,1,5,0,3,1,1,3,2,1,1, 0.00181413, 0.001718900, 0.001183897, 0.00265310, 0.00170247,buy
2020-02-03,0,0,2,1,0,0,5,1,4,0,3,0,1,3,3,2,1, 0.00075206,-0.000285240,-0.001117909,-0.00141405,-0.00174542,sell
2020-02-04,0,0,0,2,1,0,4,2,3,1,3,0,2,3,3,2,0, 0.00168062, 0.001607255, 0.000284507, 0.00163688, 0.00101846,buy
2020-02-05,0,1,0,0,2,1,4,1,3,1,1,1,2,2,3,3,1,-0.00112282,-0.001373077,-0.001266759,-0.00065068,-0.00220677,sell
2020-02-06,0,1,1,0,0,1,4,0,2,0,2,0,2,1,1,2,1, 0.00164052, 0.001630903, 0.000549031, 0.00163090, 0.00098567,buy
2020-02-07,0,0,2,0,1,3,4,1,0,0,1,1,2,3,2,1,1,-0.00062101, 0.000522180,-0.000043374,-0.00074570, 0.00053735,sell
2020-02-08,0,1,1,3,1,0,4,2,0,1,1,1,2,2,2,3,2,-0.00064605,-0.001163666,-0.000980105,-0.00059579,-0.00024839,sell
2020-02-09,0,1,1,2,4,0,4,2,0,0,2,1,1,4,3,2,1, 0.00206675, 0.001531280, 0.001550981, 0.00158009, 0.00211866,buy
2020-02-10,0,1,2,3,1,1,4,2,0,0,2,1,1,4,3,2,1,-0.00157741,-0.002214794,-0.001010302,-0.00131558,-0.00038570,sell
2020-02-11,0,1,3,1,0,1,3,2,0,1,1,2,1,3,3,2,0,-0.00138447, 0.001683789,-0.001510381, 0.00073140, 0.00193388,buy
2020-02-12,0,3,0,0,1,1,4,2,1,1,2,1,0,3,4,2,1,-0.00294586,-0.002827151,-0.002657142,-0.00255129,-0.00306608,sell
2020-02-13,0,1,0,0,1,0,3,1,2,3,1,2,1,2,5,0,0,-0.00112331,-0.000756970,-0.001435049,-0.00107149,-0.00096815,sell
2020-02-14,0,1,0,1,1,1,3,2,2,0,0,4,1,1,3,1,1, 0.00084693,-0.000735465,-0.000627397,-0.00281463,-0.00074710,sell
2020-02-15,0,1,2,1,0,0,3,2,4,0,1,3,1,2,3,1,2,-0.00142370,-0.000807329,-0.001154887,-0.00087601, 0.00190746,sell
2020-02-16,0,2,2,0,1,0,3,4,2,0,1,3,1,1,4,2,2,-0.00049512, 0.001015310, 0.000949917, 0.00034585,-0.00006384,buy
2020-02-17,0,1,2,1,0,0,4,4,1,1,2,2,1,2,3,2,2,-0.00177266,-0.001173388,-0.001201540,-0.00134207,-0.00078486,sell
2020-02-18,1,2,2,0,0,0,4,3,2,0,1,3,0,2,3,3,2,-0.00320081,-0.000787649,-0.002186608,-0.00250606,-0.00182152,sell
2020-02-19,1,2,1,0,0,0,1,3,3,2,3,2,1,1,1,3,2, 0.00012282, 0.000122822,-0.000501711,-0.00028512,-0.00061990,sell
2020-02-20,2,2,1,0,0,0,3,4,2,2,2,3,2,2,2,4,1,-0.00065092,-0.000646227,-0.000728210,-0.00098921,-0.00073219,sell
2020-02-21,0,1,1,0,0,0,2,4,2,2,2,3,2,1,1,3,0, 0.00044709, 0.001333503, 0.000946545, 0.00143851, 0.00115817,buy
2020-02-22,0,1,1,0,0,0,5,4,3,1,3,3,2,2,2,2,1, 0.00056102,-0.000051644, 0.000967008, 0.00002286,-0.00016671,buy
2020-02-23,0,1,1,0,0,0,2,5,4,1,3,3,1,2,1,3,1, 0.00158480, 0.001738611, 0.000713760, 0.00088362, 0.00176639,buy
2020-02-24,1,1,1,0,0,0,2,6,4,1,3,3,2,2,1,3,2, 0.00190613, 0.002045023, 0.001043128, 0.00124580, 0.00223309,buy
2020-02-25,0,1,0,0,0,0,3,3,5,2,1,3,1,4,1,2,2,-0.00022108, 0.000254764,-0.000223023,-0.00050701, 0.00002956,sell
2020-02-26,0,1,0,0,0,0,1,3,3,2,1,4,0,2,0,2,1,-0.00060991,-0.000447294,-0.001272856,-0.00228113,-0.00162337,sell
2020-02-27,1,2,0,0,0,0,1,3,3,4,2,4,1,3,1,1,2, 0.00104538, 0.000027817, 0.000897163, 0.00108601,-0.00082232,buy
2020-02-28,1,2,1,0,0,0,0,4,2,3,2,2,1,3,3,2,0, 0.00138063, 0.000810765, 0.000803620, 0.00125098, 0.00183016,buy
2020-02-29,0,2,2,0,0,0,0,3,3,2,2,2,1,3,3,1,0, 0.00075191, 0.000751908, 0.000684943, 0.00075191, 0.00068494,buy
2020-03-01,0,0,3,1,0,0,3,3,2,2,2,2,0,3,4,2,1,-0.00129113, 0.000026121, 0.000194556,-0.00057941,-0.00021117,sell
2020-03-02,0,0,0,3,1,0,2,2,2,1,1,2,0,1,4,2,1,-0.00189333,-0.001842380,-0.002092764,-0.00195857,-0.00146562,sell
2020-03-03,0,0,0,1,3,0,1,2,2,2,1,0,1,1,5,1,2,-0.00263571,-0.001272365,-0.001925153,-0.00127237,-0.00127237,sell
2020-03-04,1,2,0,0,1,1,1,3,3,1,1,2,3,0,4,1,2, 0.00332117, 0.003641401, 0.003605758, 0.00365072, 0.00372795,buy
2020-03-05,2,1,1,0,0,3,1,4,1,1,2,2,3,1,3,2,1, 0.00058008, 0.000568937, 0.000625348, 0.00058008, 0.00086364,buy
2020-03-06,2,1,0,1,0,2,1,3,1,2,1,1,3,1,2,3,2,-0.00131303,-0.001313032,-0.001313032,-0.00131303,-0.00073928,sell
2020-03-07,2,3,0,0,4,0,1,3,1,0,3,2,3,1,1,3,1, 0.00123314, 0.001271019, 0.001537464, 0.00147009, 0.00130996,buy
2020-03-08,2,1,2,3,2,0,1,3,2,0,3,2,3,2,2,3,1, 0.00009636, 0.001191481,-0.000910134, 0.00124266,-0.00051724,buy
2020-03-09,2,2,3,4,0,1,2,3,2,0,3,2,4,4,2,3,1,-0.00033734,-0.000627805,-0.000585906,-0.00032799,-0.00016886,sell
2020-03-10,2,4,2,0,2,0,2,2,2,0,3,1,3,3,2,3,1, 0.00166877, 0.001161235, 0.002020032, 0.00169134, 0.00114694,buy
2020-03-11,0,4,0,0,1,0,1,1,3,3,3,1,2,4,2,1,0, 0.00081802, 0.000767317, 0.000575456,-0.00116250, 0.00058276,buy
2020-03-12,0,2,0,1,0,2,1,0,3,2,1,0,2,3,2,2,1, 0.00211094, 0.000171378, 0.000288716, 0.00207802, 0.00229890,buy
2020-03-13,1,3,1,0,0,1,1,0,6,0,3,1,2,3,2,1,1, 0.00292263, 0.003237541,-0.000775254, 0.00323754,-0.00058286,buy
2020-03-14,1,4,0,0,1,0,1,2,5,0,3,1,2,3,3,2,0,-0.00240560,-0.002446875,-0.002847414,-0.00198718,-0.00303991,sell
2020-03-15,1,3,0,1,1,0,3,3,3,1,3,1,3,2,4,2,1,-0.00080170,-0.000145642,-0.000168885, 0.00170600,-0.00002211,sell
2020-03-16,1,2,1,2,0,0,5,0,3,0,2,1,1,2,4,3,1,-0.00299864,-0.002093112, 0.002046037,-0.00040691,-0.00296439,sell
2020-03-17,1,2,2,0,0,0,1,0,3,0,1,0,1,0,3,3,1,-0.00111437, 0.000818520,-0.003011230,-0.00158828,-0.00123196,sell
2020-03-18,6,3,0,0,0,0,1,0,3,0,2,1,1,2,4,3,0, 0.00011660,-0.000827187, 0.000338154, 0.00020940,-0.00032439,buy
2020-03-19,3,3,0,0,0,0,1,1,3,1,1,0,2,1,4,3,1, 0.00172821, 0.001903736, 0.001421860, 0.00097821, 0.00121488,buy
2020-03-20,2,1,0,0,0,0,4,0,3,1,2,1,2,2,1,2,1,-0.00179472,-0.002198872,-0.001794720, 0.00090414,-0.00179933,sell
2020-03-21,2,1,0,0,0,0,5,0,4,0,2,1,1,2,2,4,0, 0.00065026, 0.000407952, 0.001042165, 0.00135693,-0.00214113,buy
2020-03-22,3,0,0,0,0,0,1,5,5,0,3,1,2,2,2,3,1, 0.00209722, 0.001877504, 0.001389619, 0.00157921, 0.00259628,buy
2020-03-23,3,0,1,0,0,0,1,2,7,0,4,1,2,2,1,3,1, 0.00108308,-0.000454205, 0.001882334, 0.00143275, 0.00188233,buy
2020-03-24,2,0,1,0,0,0,2,3,3,0,3,0,1,2,1,3,1, 0.00031222,-0.000131446,-0.000488085, 0.00036420, 0.00007147,sell
2020-03-25,2,0,2,0,0,0,3,3,1,2,3,1,2,4,1,1,1,-0.00113731,-0.002312147,-0.002029188,-0.00202975,-0.00106362,sell
2020-03-26,3,0,2,0,0,0,2,4,0,4,3,2,1,4,2,2,1,-0.00118812,-0.001397077,-0.001330531,-0.00146435,-0.00112593,sell
2020-03-27,2,4,2,0,0,0,1,4,0,0,3,2,1,3,2,2,0, 0.00041742,-0.003566015, 0.001122904,-0.00335608,-0.00259190,sell
2020-03-28,2,0,6,0,0,0,0,3,1,0,3,2,1,3,2,0,1,-0.00094018, 0.001026648, 0.000138860,-0.00096667,-0.00013545,sell
2020-03-29,1,0,5,2,0,0,1,3,0,0,2,3,0,3,3,1,0,-0.00159859, 0.000302017, 0.000303386,-0.00156846,-0.00143084,sell
2020-03-30,1,0,3,3,2,0,0,3,0,1,2,3,1,3,3,1,0, 0.00284182, 0.002412453, 0.002412453, 0.00233321,-0.00212462,buy
2020-03-31,1,1,2,0,4,0,1,3,1,0,1,3,2,2,3,1,1, 0.00374130, 0.002850418, 0.003313724, 0.00401299, 0.00086871,buy
2020-04-01,2,0,3,0,0,0,0,4,1,1,0,2,3,0,3,2,1,-0.00106637,-0.001588451,-0.000258706,-0.00063927,-0.00165248,sell
2020-04-02,2,0,3,1,0,4,0,4,1,1,1,3,4,1,4,2,1, 0.00092143, 0.001892912, 0.001892912, 0.00091887, 0.00105655,buy
2020-04-03,2,1,2,1,0,1,0,3,0,2,0,3,3,0,2,4,0,-0.00045062, 0.001509567,-0.000326609,-0.00059792,-0.00021828,sell
2020-04-04,1,1,2,0,4,0,0,3,0,2,1,2,3,1,2,3,1, 0.00040814, 0.000835692, 0.000637329, 0.00117912, 0.00062215,buy
2020-04-05,1,1,3,3,2,0,1,2,2,2,2,2,3,2,3,3,2,-0.00072532, 0.002738214,-0.000659064, 0.00285871, 0.00311978,buy
2020-04-06,0,1,6,3,0,1,2,2,2,1,2,2,3,2,3,4,2, 0.00240297, 0.002326277, 0.002167206, 0.00205778, 0.00268550,buy
2020-04-07,0,3,5,0,1,0,2,1,2,1,2,2,2,2,3,3,1,-0.00279163,-0.001239093, 0.001907513,-0.00149972,-0.00431705,sell
2020-04-08,0,2,1,1,1,0,2,1,2,4,2,2,3,2,2,2,1,-0.00071739,-0.000861735,-0.001298409,-0.00221557,-0.00014412,sell
2020-04-09,0,0,1,1,1,1,2,1,2,3,1,2,3,1,1,3,1, 0.00019305, 0.000935962, 0.000862827, 0.00079977, 0.00086283,buy
2020-04-10,0,0,2,0,0,0,2,0,4,2,1,1,2,2,2,2,0, 0.00040264,-0.000125154, 0.000398821, 0.00046787, 0.00009404,buy
2020-04-11,0,1,1,2,1,1,2,3,3,2,3,2,2,3,3,2,1, 0.00707911, 0.004620929, 0.007139357, 0.00707911, 0.00714241,buy
2020-04-12,0,0,1,3,0,0,5,2,1,3,3,2,1,3,3,3,0, 0.00465978, 0.003939530, 0.004850770, 0.00454749, 0.00430087,buy
2020-04-13,0,0,2,2,1,0,3,0,1,2,2,2,0,2,2,2,1,-0.00027638,-0.000405814,-0.000612153,-0.00029729,-0.00017547,sell
2020-04-14,2,1,1,3,0,0,1,0,2,2,3,1,1,3,0,2,2,-0.00060132,-0.000753530,-0.000293307, 0.00103530, 0.00070528,sell
2020-04-15,3,0,1,3,0,0,1,1,1,3,3,1,1,3,1,2,2,-0.00233037, 0.000406213, 0.001369208, 0.00019683, 0.00019683,buy
2020-04-16,1,0,2,2,0,0,2,0,2,2,2,3,1,2,0,1,2, 0.00562639, 0.004997235, 0.005459976, 0.00485143, 0.00479170,buy
2020-04-17,0,1,1,2,0,0,4,0,2,2,3,2,1,2,2,0,2,-0.00196517,-0.001209790,-0.002136348,-0.00194738,-0.00194738,sell
2020-04-18,0,0,1,2,0,0,2,2,3,2,2,3,0,2,2,1,2,-0.00035445,-0.001087298, 0.000140209,-0.00107889,-0.00071561,sell
2020-04-19,1,0,1,2,0,0,1,2,4,1,2,3,1,1,3,1,1,-0.00247346,-0.001004359,-0.000924553, 0.00007694, 0.00036944,sell
2020-04-20,0,0,1,2,0,0,2,1,5,1,2,3,1,1,3,1,1,-0.00223897,-0.001059946,-0.000838541,-0.00087310,-0.00118404,sell
2020-04-21,0,0,1,1,0,0,2,1,2,1,0,2,3,0,2,0,1, 0.00210552, 0.002685688, 0.000511149, 0.00312677, 0.00257675,buy
2020-04-22,1,0,1,1,0,0,2,3,0,4,1,1,4,1,3,1,1, 0.00229755, 0.002265605, 0.001744588, 0.00204353, 0.00204353,buy
2020-04-23,2,4,1,1,0,0,3,2,0,3,1,1,4,3,4,2,1,-0.00202715,-0.002270767,-0.001615342,-0.00197921,-0.00197921,sell
2020-04-24,1,2,3,1,0,0,2,1,1,3,2,2,3,3,2,1,1, 0.00029718,-0.002905045,-0.002017090,-0.00164205,-0.00164205,sell
2020-04-25,1,2,4,2,0,0,2,1,0,3,2,2,3,4,2,2,0,-0.00508262,-0.003691747,-0.005369576,-0.00538659,-0.00536958,sell
2020-04-26,2,2,2,4,0,0,2,2,0,5,3,2,4,3,3,3,1, 0.00116031, 0.001288884, 0.000874950, 0.00086960, 0.00148710,buy
2020-04-27,1,3,2,2,3,0,1,2,0,4,3,3,4,2,3,2,1, 0.00044532, 0.002117243, 0.001344329, 0.00179002, 0.00201323,buy
2020-04-28,1,3,1,2,1,0,1,3,1,2,1,2,4,1,3,3,1,-0.00141655,-0.001021507,-0.002797580,-0.00034188,-0.00164966,sell
2020-04-29,1,2,1,1,1,2,2,3,0,2,2,1,4,2,2,2,2,-0.00256007,-0.002337062,-0.002199307,-0.00166845,-0.00038543,sell
2020-04-30,1,2,0,2,0,1,2,4,0,2,1,0,4,2,2,3,2,-0.00332726,-0.002263390,-0.002448054,-0.00226339,-0.00098657,sell
2020-05-01,1,5,0,0,3,1,2,2,1,1,3,1,4,3,1,3,1, 0.00369761, 0.003016993, 0.003552999, 0.00347373, 0.00348936,buy
2020-05-02,1,3,1,2,3,0,1,1,0,1,3,0,1,4,2,3,0, 0.00030615, 0.000092648,-0.000551743,-0.00031183,-0.00070673,sell
2020-05-03,0,3,1,4,1,1,2,1,0,2,3,1,2,3,3,2,1, 0.00367946, 0.003744284, 0.002949035, 0.00158747, 0.00499544,buy
2020-05-04,0,3,3,1,2,0,2,1,0,1,2,2,1,2,3,2,1, 0.00350304, 0.005208796,-0.002086456, 0.00234618, 0.00379139,buy
2020-05-05,0,5,2,1,1,0,3,1,1,2,2,2,3,3,3,1,2,-0.00236665,-0.002408227,-0.001264666,-0.00057457,-0.00120227,sell
2020-05-06,0,1,1,2,0,1,3,1,2,4,2,1,4,2,2,2,2,-0.00101087,-0.000282451,-0.001150832,-0.00118819,-0.00015023,sell
2020-05-07,0,2,1,0,2,0,3,1,3,2,1,2,4,3,1,1,2, 0.00076033, 0.000804944, 0.000727721,-0.00074712, 0.00097515,buy
2020-05-08,0,1,1,0,2,0,3,3,5,3,3,2,4,5,1,2,1,-0.00360389,-0.002991875,-0.004355989,-0.00402453,-0.00398756,sell
2020-05-09,0,0,2,1,1,1,2,4,1,3,3,1,3,4,1,2,1, 0.00110588, 0.001253849,-0.001753980, 0.00054334, 0.00093350,buy
2020-05-10,0,0,3,0,1,0,5,1,2,2,3,2,2,3,2,2,0, 0.00298841, 0.004047567, 0.004314776, 0.00389936, 0.00469236,buy
2020-05-11,0,0,3,0,2,0,2,2,2,2,2,2,3,1,2,2,1,-0.00059283,-0.000544005,-0.000399147,-0.00014445,-0.00000345,sell
2020-05-12,3,1,2,0,2,0,3,2,2,2,2,2,4,3,3,2,1, 0.00135470, 0.001790602, 0.002484055, 0.00157248, 0.00087592,buy
2020-05-13,0,0,2,1,1,0,2,2,0,2,0,0,2,2,2,3,1, 0.00003954, 0.001723461, 0.001108834, 0.00051398, 0.00030843,buy
2020-05-14,0,0,3,0,1,0,5,1,0,1,2,0,2,3,1,2,1,-0.00058234, 0.000069378, 0.001080384, 0.00083261, 0.00098733,buy
2020-05-15,1,1,2,1,0,0,3,3,1,1,2,1,1,3,2,3,1, 0.00024685,-0.000419934,-0.000868019, 0.00093621, 0.00016150,buy
2020-05-16,1,0,2,2,0,0,2,5,0,2,3,0,2,3,2,3,1,-0.00100667,-0.001102288,-0.000990589,-0.00102858,-0.00090669,sell
2020-05-17,0,0,2,2,0,0,2,2,3,2,3,1,1,3,2,2,1, 0.00273769, 0.001846297, 0.002237855, 0.00096739, 0.00184630,buy
2020-05-18,0,1,1,1,0,0,3,1,0,1,2,2,1,0,1,2,0,-0.00108882,-0.000043105, 0.000336596,-0.00072985, 0.00007590,sell
2020-05-19,0,2,2,2,0,0,1,2,2,3,3,3,2,1,2,2,1, 0.00131142,-0.002833133,-0.002844476, 0.00146891,-0.00291649,sell
2020-05-20,1,4,1,2,0,0,0,3,2,3,2,3,2,1,4,3,1,-0.00177785,-0.001545256,-0.001873369,-0.00166864,-0.00216619,sell
2020-05-21,1,4,1,2,0,0,1,0,2,2,1,2,3,0,4,1,2, 0.00174401,-0.000042566, 0.000670862, 0.00068188, 0.00015106,buy
2020-05-22,1,2,4,1,0,0,0,2,1,3,1,3,2,2,3,2,1, 0.00077739,-0.003075380,-0.004134059, 0.00047615,-0.00393892,sell
2020-05-23,2,2,1,4,1,0,1,2,1,4,1,3,3,3,3,3,2, 0.00203151, 0.002201450,-0.000261635, 0.00139654, 0.00198188,buy
2020-05-24,1,2,1,2,5,0,0,3,1,3,2,3,2,3,4,3,1, 0.00239355, 0.002276889, 0.001440981, 0.00241705, 0.00171361,buy
2020-05-25,0,2,1,1,3,0,1,3,2,2,2,3,2,2,2,4,0, 0.00159574, 0.001649353, 0.001649353, 0.00099827, 0.00164935,buy
2020-05-26,0,0,1,2,2,2,2,2,1,1,3,2,1,3,1,2,1,-0.00072627, 0.001023138,-0.002139817,-0.00151004, 0.00069712,sell
2020-05-27,0,0,0,3,3,3,1,3,1,2,3,2,1,3,3,3,1,-0.00324820,-0.003433831,-0.003280655,-0.00336529,-0.00346686,sell
2020-05-28,0,2,0,2,4,0,1,2,2,2,2,2,2,2,2,4,1, 0.00063958, 0.000712501, 0.000349163, 0.00063958, 0.00071250,buy
2020-05-29,0,2,1,3,4,0,1,2,0,1,3,1,1,3,3,3,0, 0.00137921, 0.001448832, 0.002430422, 0.00149824, 0.00194435,buy
2020-05-30,0,1,1,6,1,2,1,2,0,2,3,2,2,3,3,2,1, 0.00280650, 0.000871097, 0.004134019, 0.00094175, 0.00140501,buy
2020-05-31,0,2,3,5,1,1,1,1,0,2,4,2,2,2,3,2,1, 0.00081294, 0.002139558, 0.000196737, 0.00053085,-0.00000890,buy
2020-06-01,0,4,1,4,3,0,0,2,0,2,4,3,2,2,3,1,1,-0.00105639, 0.002142263,-0.001195885,-0.00118526,-0.00097470,sell
2020-06-02,0,2,0,6,1,0,0,2,1,5,4,3,3,1,4,1,1,-0.00539909,-0.004999548,-0.005943332,-0.00532853,-0.00533221,sell
2020-06-03,0,0,2,4,1,1,0,1,1,2,2,3,2,0,2,2,1,-0.00127105,-0.000062729,-0.002282036,-0.00161558,-0.00215714,sell
2020-06-04,0,1,1,3,0,0,0,1,4,2,2,3,1,2,3,1,0,-0.00066124,-0.000261336,-0.000656124,-0.00065612,-0.00120177,sell
2020-06-05,0,2,0,3,1,1,1,4,1,2,2,3,1,2,3,3,1,-0.00136070,-0.001287729,-0.001598392,-0.00112938,-0.00115206,sell
2020-06-06,0,0,0,4,0,0,5,2,1,2,2,1,1,2,4,3,1, 0.00349939, 0.003578912, 0.004207222, 0.00389727, 0.00425893,buy
2020-06-07,0,0,1,3,1,0,3,1,2,2,1,2,1,1,3,3,2,-0.00130670,-0.001272894,-0.000731265,-0.00130670,-0.00071956,sell
2020-06-08,4,1,0,4,0,0,2,1,3,2,2,2,3,2,3,3,2,-0.00178472,-0.003263971,-0.001663084,-0.00110552, 0.00072029,sell
2020-06-09,2,0,1,2,0,0,2,3,0,3,1,2,3,1,2,2,2, 0.00237474, 0.003625271, 0.001588827, 0.00159490, 0.00158883,buy
2020-06-10,1,1,0,2,0,0,5,1,0,2,2,2,3,2,0,2,1, 0.00305552, 0.001660599, 0.001972087, 0.00185530, 0.00178257,buy
2020-06-11,1,1,0,2,1,0,4,1,0,3,2,1,2,3,1,2,2, 0.00430424, 0.002588785, 0.002284151, 0.00247552, 0.00272380,buy
2020-06-12,3,0,0,1,1,0,1,5,1,3,1,2,3,3,1,4,1, 0.00517220, 0.001025321, 0.004626559, 0.00095140, 0.00550306,buy
2020-06-13,3,0,0,1,2,0,1,3,4,2,2,2,3,4,1,4,0, 0.00189242, 0.000624423, 0.002133776,-0.00016024, 0.00189242,buy
2020-06-14,1,0,0,1,2,0,2,2,3,0,1,0,1,3,1,4,1, 0.00089607, 0.000567348, 0.000520119, 0.00002090, 0.00028135,buy
2020-06-15,1,0,0,0,2,0,3,3,2,2,3,1,2,3,0,3,1, 0.00145030, 0.001375229, 0.000732087, 0.00049435, 0.00136133,buy
2020-06-16,2,2,0,0,2,0,1,4,2,3,4,1,2,4,1,3,1,-0.00088492,-0.002744947,-0.002366616,-0.00307627,-0.00050963,sell
2020-06-17,1,3,0,0,2,0,1,4,2,0,3,1,1,3,1,3,1, 0.00107925,-0.000035126, 0.002124555, 0.00111712,-0.00069429,buy
2020-06-18,0,0,3,0,2,0,0,1,4,0,3,1,1,2,2,1,0, 0.00093670, 0.000999385, 0.001230520, 0.00102849, 0.00110174,buy
2020-06-19,1,0,1,2,1,0,1,1,2,0,2,0,0,2,2,2,1,-0.00063217,-0.000514606, 0.000730538,-0.00063405, 0.00053983,sell
2020-06-20,0,0,0,1,3,0,0,2,2,2,2,1,1,2,2,2,0,-0.00012143, 0.000903271,-0.000184023, 0.00053576, 0.00064527,buy
2020-06-21,0,3,0,0,3,0,1,1,3,1,2,2,2,1,2,2,1, 0.00141676, 0.001416756, 0.000580226, 0.00126064, 0.00095863,buy
2020-06-22,0,2,1,0,1,1,0,2,3,0,1,1,2,2,1,2,1, 0.00123447, 0.000982629, 0.001303448, 0.00023258, 0.00229370,buy
2020-06-23,0,2,1,1,1,3,0,0,3,0,2,2,2,1,3,0,1,-0.00363075,-0.003047440,-0.003310876,-0.00356260,-0.00328065,sell
2020-06-24,0,3,0,2,1,0,0,0,3,1,0,2,3,0,1,3,1,-0.00116984,-0.001010800,-0.001169843, 0.00002844,-0.00163469,sell
2020-06-25,0,3,0,1,5,0,0,0,2,1,1,2,2,2,2,2,1, 0.00072345, 0.000591710,-0.004127963, 0.00059171, 0.00054314,buy
2020-06-26,0,3,1,4,0,0,0,0,2,1,1,1,1,2,2,2,2,-0.00202885,-0.000874305,-0.001217747,-0.00191356,-0.00089061,sell
2020-06-27,0,3,3,2,0,2,0,0,3,0,1,2,2,2,2,3,1, 0.00029325,-0.001414107,-0.002399630, 0.00029325,-0.00168344,sell
2020-06-28,0,4,2,2,1,0,0,0,3,0,2,1,0,2,3,3,1,-0.00106921,-0.002227699,-0.001391357, 0.00131692,-0.00136326,sell
2020-06-29,0,1,0,3,2,0,0,0,3,3,2,1,1,2,3,2,1, 0.00320362, 0.000885282, 0.001520162,-0.00009284, 0.00233178,buy
2020-06-30,0,0,0,3,2,1,1,0,3,1,1,1,1,1,2,4,1, 0.00047355, 0.000423307, 0.000682698, 0.00032703, 0.00051771,buy
2020-07-01,0,0,1,3,0,0,2,0,6,0,2,1,1,2,2,3,1, 0.00110958, 0.001185492,-0.001595341,-0.00168887, 0.00128166,buy
2020-07-02,0,1,1,2,1,1,2,3,4,0,2,2,1,2,2,4,2, 0.00194244, 0.001635069, 0.001526981, 0.00133256, 0.00164426,buy
2020-07-03,0,1,0,3,0,0,4,1,3,1,2,2,1,2,1,4,1, 0.00065753, 0.000026682, 0.001642190, 0.00072054, 0.00234823,buy
2020-07-04,0,1,1,2,1,0,3,0,2,2,1,4,0,1,1,3,2, 0.00136339,-0.000240810, 0.001365972,-0.00260713,-0.00043724,sell
2020-07-05,2,2,1,3,0,0,2,0,2,1,2,3,2,2,0,2,2, 0.00108997, 0.001016453, 0.001465609, 0.00091247, 0.00093360,buy
2020-07-06,3,3,1,2,0,0,2,1,2,1,2,4,2,2,1,2,2, 0.00080232, 0.000831686, 0.000828558, 0.00007536, 0.00037865,buy
2020-07-07,0,2,1,2,0,0,4,2,1,2,2,4,3,1,0,2,2,-0.00042832,-0.000734027, 0.000210565,-0.00073050,-0.00073050,sell
2020-07-08,0,3,0,2,0,0,6,1,1,1,2,4,2,2,1,1,2, 0.00020396, 0.001094091, 0.001441083, 0.00019470, 0.00008050,buy
2020-07-09,0,2,1,2,0,0,3,3,2,2,2,4,2,2,1,3,1,-0.00218796,-0.001320853,-0.001594705,-0.00175758,-0.00098439,sell
2020-07-10,1,2,1,2,0,0,2,2,3,1,2,3,3,2,1,3,0,-0.00029595,-0.005883452,-0.000828690, 0.00060019, 0.00114135,sell
2020-07-11,1,2,1,2,0,1,3,0,3,1,2,4,2,1,1,3,1,-0.00242447,-0.000296378,-0.001182475,-0.00089346,-0.00045591,sell
2020-07-12,1,2,1,2,0,2,4,0,2,1,2,3,3,2,1,3,1,-0.00305529,-0.003082581,-0.002575191,-0.00331752,-0.00333673,sell
2020-07-13,0,2,1,2,0,2,3,1,1,3,2,2,3,3,2,2,1, 0.00013881, 0.000138815, 0.000184298, 0.00060806, 0.00038570,buy
2020-07-14,1,5,1,1,0,2,4,1,1,0,2,3,3,2,2,3,1,-0.00103743,-0.001763326,-0.002826851,-0.00078573,-0.00089952,sell
2020-07-15,0,2,2,1,0,2,2,1,2,0,2,3,2,2,1,2,0,-0.00356515,-0.003663181,-0.003984070,-0.00286801,-0.00234906,sell
2020-07-16,0,1,1,3,0,2,2,1,1,0,2,3,0,2,2,2,0,-0.00266672,-0.000945793,-0.003853034,-0.00303768,-0.00274630,sell
2020-07-17,1,1,0,3,2,2,2,0,2,1,1,2,1,3,3,3,1, 0.00256350,-0.001005269, 0.001661568, 0.00166819, 0.00115032,buy
2020-07-18,0,2,0,1,3,1,1,1,1,1,1,1,2,1,3,3,0,-0.00126455,-0.001000343,-0.000123232,-0.00104486,-0.00017212,sell
2020-07-19,0,2,0,1,0,1,2,0,2,1,0,2,1,0,2,3,1, 0.00006717, 0.000468803, 0.000766723, 0.00067771, 0.00051496,buy
2020-07-20,0,1,1,1,0,4,0,1,1,0,1,1,1,1,3,1,1,-0.00179398,-0.000980554,-0.001192889,-0.00166688,-0.00098055,sell
2020-07-21,0,0,1,2,0,1,0,1,2,2,0,2,1,0,2,2,2,-0.00078263,-0.002313714,-0.001397662,-0.00192248,-0.00061684,sell
2020-07-22,0,1,0,1,4,1,0,0,2,1,1,2,1,1,2,2,1,-0.00041334,-0.000239152,-0.001938497,-0.00029853,-0.00019097,sell
2020-07-23,0,0,1,4,3,0,0,0,1,2,2,3,1,1,2,2,0,-0.00142400,-0.001424218,-0.001126706,-0.00107387,-0.00107805,sell
2020-07-24,0,0,3,2,2,1,0,0,1,3,2,2,2,1,2,2,1, 0.00069328, 0.000553893, 0.000276330, 0.00039248, 0.00020929,buy
2020-07-25,0,4,1,1,2,0,0,0,0,2,2,1,2,1,2,1,1,-0.00001639,-0.000113503, 0.001583576,-0.00085244,-0.00095066,sell
2020-07-26,0,1,1,1,3,1,0,0,0,5,2,2,3,2,2,0,1, 0.00345638, 0.002228878, 0.003513842, 0.00233215, 0.00333179,buy
2020-07-27,0,0,0,3,2,1,0,0,0,3,1,1,3,1,1,1,1, 0.00056821, 0.000531573, 0.000716599, 0.00052784, 0.00101525,buy
2020-07-28,0,0,2,1,4,2,1,0,2,2,3,2,4,2,0,1,2,-0.00116093,-0.001171250, 0.000516038,-0.00085881,-0.00100194,sell
2020-07-29,0,1,1,2,3,1,2,3,1,4,4,2,5,2,1,3,1,-0.00097850,-0.000535665, 0.000847873,-0.00035033,-0.00087593,sell
2020-07-30,0,1,2,2,2,3,4,3,0,4,3,1,6,4,1,4,2,-0.00013173,-0.000185199,-0.000511347,-0.00013173,-0.00013173,sell
2020-07-31,0,1,1,1,1,3,4,1,0,2,2,1,2,3,1,3,2, 0.00169638, 0.001233179, 0.000857970, 0.00176344, 0.00123318,buy
2020-08-01,1,1,1,0,2,1,2,1,1,3,2,2,2,2,1,3,1,-0.00038776, 0.000649381, 0.000597766, 0.00064938, 0.00096514,buy
2020-08-02,3,1,0,0,3,2,2,1,1,3,2,1,2,3,3,3,2, 0.00067307, 0.000244702, 0.002142756, 0.00015943, 0.00053432,buy
2020-08-03,0,0,0,1,1,1,2,2,0,3,1,0,2,0,2,3,2,-0.00072849,-0.000896919,-0.000266909,-0.00083904,-0.00083904,sell
2020-08-04,0,1,1,0,1,1,6,1,1,3,2,2,2,2,3,2,2,-0.00170771,-0.000565560,-0.000639659,-0.00056556,-0.00186549,sell
2020-08-05,0,1,1,0,1,0,2,5,1,2,2,2,1,2,3,2,1,-0.00221657,-0.001766141,-0.001766141,-0.00337819, 0.00168570,sell
2020-08-06,1,2,0,1,1,0,2,1,3,2,2,2,3,2,2,1,1,-0.00074865,-0.000979311,-0.000736737,-0.00178044,-0.00070537,sell
2020-08-07,0,2,0,1,1,0,1,1,2,3,2,1,3,2,1,1,1, 0.00085867, 0.000784906, 0.000975323,-0.00153114, 0.00122164,buy
2020-08-08,0,2,0,1,2,0,2,0,0,2,2,1,4,1,0,1,0, 0.00121905, 0.001445691, 0.001709502, 0.00103140, 0.00128896,buy
2020-08-09,1,1,0,0,2,0,2,0,0,5,2,1,4,2,1,1,0, 0.00168108, 0.001681080, 0.001692309, 0.00091117, 0.00345074,buy
2020-08-10,1,4,1,0,2,0,1,1,1,2,2,1,4,2,1,2,1, 0.00136525, 0.000433998, 0.000567158,-0.00053737, 0.00169137,buy
2020-08-11,1,2,3,0,3,0,2,1,1,2,2,2,4,3,1,2,1, 0.00043480, 0.002921244, 0.000434802,-0.00235326,-0.00215819,sell
2020-08-12,0,2,3,1,4,0,2,0,0,1,3,2,2,3,1,1,1, 0.00119119, 0.002308411, 0.005317186, 0.00043789, 0.00121226,buy
2020-08-13,0,2,1,3,6,0,2,1,0,2,4,2,3,3,2,2,1, 0.00011718, 0.000163088, 0.000709252,-0.00167945,-0.00143528,buy
2020-08-14,0,1,1,0,7,0,0,2,1,3,2,2,3,3,2,2,1, 0.00088399, 0.001499409, 0.001494985,-0.00201028,-0.00070225,sell
2020-08-15,1,3,2,0,5,0,0,1,2,2,1,2,2,3,2,4,2,-0.00053148, 0.001015391,-0.000786928,-0.00063562,-0.00063562,sell
2020-08-16,0,2,3,0,5,3,0,1,1,3,1,3,2,4,4,3,1,-0.00124649,-0.001211020,-0.001169883,-0.00124649,-0.00215285,sell
2020-08-17,0,3,2,1,4,1,1,1,1,3,0,3,1,3,4,4,2,-0.00019327, 0.000434404,-0.000197451,-0.00038410,-0.00108061,sell
2020-08-18,0,2,3,0,6,0,1,2,1,3,1,3,1,2,4,4,3,-0.00118253,-0.000164743,-0.000593044,-0.00095940,-0.00074358,sell
2020-08-19,0,1,3,4,4,0,0,1,1,2,2,3,0,3,4,3,1, 0.00233649, 0.002328475, 0.003649374, 0.00200879,-0.00180934,buy
2020-08-20,0,0,3,4,2,1,0,0,2,1,2,2,1,2,3,2,1,-0.00196717,-0.001212720,-0.001303388,-0.00110959,-0.00121981,sell
2020-08-21,0,2,2,2,2,0,0,0,0,1,2,1,0,2,3,1,0,-0.00044650, 0.001105654, 0.000327347, 0.00023939,-0.00059544,buy
2020-08-22,0,2,0,3,2,0,0,0,0,4,3,0,1,3,2,1,1,-0.00089507,-0.000215937, 0.000062219,-0.00072487,-0.00072487,sell
2020-08-23,0,1,1,3,0,2,0,0,0,3,2,1,1,2,2,1,1, 0.00219679, 0.001669084, 0.001038996, 0.00195264, 0.00191781,buy
2020-08-24,0,0,3,4,0,2,0,0,2,1,3,1,1,2,2,2,1,-0.00393423, 0.000001388,-0.003558299,-0.00374410,-0.00431768,sell
2020-08-25,0,1,2,5,1,1,0,2,2,1,3,2,2,3,3,1,1,-0.00135449,-0.001999790,-0.002056658,-0.00297484,-0.00262257,sell
2020-08-26,0,1,2,4,2,1,1,2,0,2,3,2,3,1,3,2,1,-0.00247637, 0.001153071,-0.000772428,-0.00050966,-0.00213834,sell
2020-08-27,0,0,3,5,1,2,2,0,0,2,3,2,2,3,3,1,1, 0.00221291, 0.000891750, 0.000512304, 0.00064300, 0.00059197,buy
2020-08-28,1,2,3,1,0,1,0,0,0,1,3,1,1,2,1,1,0,-0.00365540,-0.003846773,-0.003822769,-0.00024830,-0.00018754,sell
2020-08-29,3,2,2,1,0,3,0,0,1,2,3,1,3,3,2,1,1,-0.00016140,-0.001554682, 0.000408215,-0.00107753, 0.00040821,sell
2020-08-30,0,1,3,2,0,3,0,1,1,2,2,0,2,3,3,2,1, 0.00046865,-0.001594300, 0.000409545, 0.00046473,-0.00099761,sell
2020-08-31,0,1,2,3,1,3,4,0,1,3,2,2,2,4,4,2,2,-0.00135790,-0.001342255,-0.000759153,-0.00168775,-0.00136336,sell
2020-09-01,0,1,3,5,1,2,1,2,2,2,2,3,0,4,5,2,3, 0.00532498, 0.000032279, 0.002854695,-0.00050865, 0.00007635,buy
2020-09-02,1,1,3,4,1,1,0,3,3,2,2,4,1,2,5,3,2, 0.00533512, 0.002555008, 0.000511494, 0.00247352, 0.00058306,buy
2020-09-03,1,1,3,3,1,1,1,1,3,2,1,4,1,1,5,3,2,-0.00077038, 0.001065176, 0.001075220, 0.00054401, 0.00107336,buy
2020-09-04,0,1,2,3,1,1,1,0,1,1,1,3,0,0,3,3,1,-0.00135567,-0.001203479,-0.001396777,-0.00112173,-0.00166976,sell
2020-09-05,0,2,0,1,1,0,1,0,1,4,2,3,1,1,1,0,2, 0.00037452, 0.000283744, 0.000853886, 0.00028374, 0.00039332,buy
2020-09-06,1,5,1,1,0,0,0,1,1,3,4,3,1,1,2,0,2, 0.00040961, 0.001182321, 0.000665168, 0.00137431, 0.00124527,buy
2020-09-07,1,4,2,2,0,0,0,0,2,0,4,1,2,1,1,1,1, 0.00023825, 0.000716726, 0.002052230, 0.00144044, 0.00082166,buy
2020-09-08,0,2,4,2,0,1,1,0,2,0,5,1,3,1,1,0,1, 0.00409319, 0.004050750, 0.004117264, 0.00371115, 0.00145222,buy
2020-09-09,0,2,1,4,0,1,1,1,1,0,4,1,2,1,1,1,1,-0.00102509, 0.001202565,-0.003845275,-0.00276750,-0.00342535,sell
2020-09-10,0,2,1,1,4,1,0,3,0,1,3,1,3,2,1,2,1,-0.00399792,-0.001460197,-0.001648995,-0.00224985,-0.00164772,sell
2020-09-11,0,2,2,1,2,1,1,1,1,0,1,1,3,2,1,2,1,-0.00236664,-0.001653382,-0.002494889,-0.00200083,-0.00310543,sell
2020-09-12,0,2,2,1,1,3,0,0,1,1,1,0,3,3,2,2,0,-0.00080423,-0.001340637,-0.001231816,-0.00142009,-0.00134064,sell
2020-09-13,0,3,2,1,1,3,0,0,0,3,0,2,3,3,3,2,0, 0.00082597, 0.001548918, 0.000248818,-0.00066345,-0.00131756,buy
2020-09-14,1,3,2,2,2,0,0,0,0,4,2,2,2,1,3,3,1, 0.00000475,-0.000298670,-0.000744924,-0.00074696,-0.00033810,sell
2020-09-15,0,3,3,2,4,0,0,0,0,3,3,2,1,2,4,3,0,-0.00174946, 0.000832411,-0.004623566, 0.00108910,-0.00494220,sell
2020-09-16,0,1,4,5,1,1,1,0,0,3,3,2,2,2,3,3,1, 0.00192879, 0.002296344, 0.000958934, 0.00191792, 0.00112915,buy
2020-09-17,0,2,5,2,3,1,0,1,0,3,3,3,2,2,3,3,1,-0.00433769,-0.004430147,-0.004333791,-0.00286153,-0.00467258,sell
2020-09-18,0,3,1,1,4,0,0,0,1,4,3,1,2,2,3,2,1, 0.00169034,-0.002117964, 0.001345180,-0.00188477,-0.00217138,sell
2020-09-19,0,0,1,2,4,1,0,0,0,5,2,2,3,2,3,1,0,-0.00086366,-0.000895921,-0.000281020,-0.00058708,-0.00014462,sell
2020-09-20,0,0,1,1,4,1,0,0,1,3,2,1,4,1,1,1,1,-0.00109802,-0.001697701,-0.000782005,-0.00136526,-0.00223603,sell
2020-09-21,0,1,1,0,4,0,0,1,3,4,3,2,2,2,3,0,2,-0.00235388,-0.000628768,-0.000699327,-0.00193256, 0.00035923,sell
2020-09-22,0,1,0,1,3,1,1,3,0,3,3,2,2,2,3,1,0, 0.00202789, 0.001318910, 0.001825305, 0.00154987, 0.00223644,buy
2020-09-23,0,2,2,1,3,1,3,0,0,3,3,2,2,2,3,2,1, 0.00133219,-0.002389918, 0.001499172,-0.00175249, 0.00086565,sell
2020-09-24,0,3,1,1,2,1,0,0,0,2,1,2,1,1,2,2,1, 0.00098829, 0.002059467, 0.000891716, 0.00086644, 0.00085154,buy
2020-09-25,3,4,0,0,4,1,0,0,1,4,2,3,2,3,4,2,1,-0.00075780, 0.001905091,-0.001002722,-0.00056057, 0.00236060,sell
2020-09-26,1,3,1,0,2,0,0,1,0,4,1,2,1,2,3,3,0, 0.00175807, 0.001457164, 0.002271763, 0.00149408, 0.00012365,buy
2020-09-27,0,2,1,0,2,0,3,0,0,3,2,1,1,3,2,2,0, 0.00148815, 0.001693216, 0.001670750, 0.00199020, 0.00061248,buy
2020-09-28,0,2,1,1,2,1,2,1,1,2,2,2,1,3,3,1,1, 0.00044593,-0.002632862,-0.001606013,-0.00236781, 0.00038663,sell
2020-09-29,0,2,1,1,2,0,0,4,2,2,3,2,1,3,3,2,0,-0.00127119,-0.001700442,-0.001700442,-0.00127119,-0.00170044,sell
2020-09-30,1,1,1,1,3,0,1,1,3,2,1,2,2,3,3,2,1, 0.00265122, 0.001413025, 0.001321491, 0.00049203, 0.00188943,buy
2020-10-01,0,2,0,1,2,0,1,0,0,2,0,0,1,2,2,2,1, 0.00006738,-0.001000591, 0.001131797, 0.00170007, 0.00006738,buy
2020-10-02,0,2,0,3,1,0,2,0,0,4,2,0,2,3,2,2,1,-0.00066588,-0.000927209, 0.000105532,-0.00116573,-0.00189735,sell
2020-10-03,1,4,1,2,1,1,0,1,0,4,2,1,2,4,3,2,1, 0.00146096, 0.001626325, 0.002612226, 0.00250627, 0.00250627,buy
2020-10-04,1,4,0,1,1,1,0,1,0,2,1,0,1,3,3,3,0, 0.00043921,-0.000535560,-0.000704975,-0.00064222,-0.00102718,sell
2020-10-05,0,2,3,1,0,1,1,0,1,2,2,1,1,2,3,1,1,-0.00300159,-0.003373786,-0.003143947,-0.00320996,-0.00316783,sell
2020-10-06,0,1,0,5,0,1,1,1,0,3,2,1,0,3,3,2,1, 0.00041427,-0.000448467,-0.001462839, 0.00078696,-0.00039946,sell
2020-10-07,0,1,0,4,2,1,1,2,2,2,2,3,1,3,2,3,1, 0.00088167,-0.001340662, 0.000776312,-0.00215994,-0.00215994,sell
2020-10-08,0,1,1,3,3,1,0,1,2,2,1,2,2,3,2,3,1, 0.00097567, 0.002700475,-0.000258833, 0.00019416, 0.00019416,buy
2020-10-09,0,0,1,3,1,2,1,0,3,2,2,1,2,2,1,3,2, 0.00077677,-0.000867872,-0.000117795,-0.00012662,-0.00068209,sell
2020-10-10,0,0,2,3,1,4,1,1,1,4,3,2,3,3,2,2,2, 0.00023011,-0.000154629, 0.001253728, 0.00184881,-0.00004244,buy
2020-10-11,0,1,1,2,1,2,2,0,1,5,2,2,3,2,1,3,2,-0.00143357, 0.000232240,-0.001411127,-0.00172481, 0.00070884,sell
2020-10-12,0,1,2,1,5,2,1,0,1,4,3,2,3,3,2,3,1, 0.00083923, 0.001232060, 0.000768831, 0.00116860, 0.00083923,buy
2020-10-13,0,0,1,5,2,1,1,0,1,4,3,2,2,3,3,1,1,-0.00073129, 0.000817256,-0.002085542,-0.00247352,-0.00006009,sell
2020-10-14,1,0,3,2,1,2,1,0,1,4,2,2,2,3,3,1,2, 0.00176146,-0.000558218, 0.001267616,-0.00078245, 0.00121487,buy
2020-10-15,0,3,2,1,1,2,1,0,0,4,3,1,1,3,3,3,0, 0.00128133, 0.001252566, 0.001446135,-0.00010323,-0.00077556,buy
2020-10-16,0,2,1,0,2,3,2,0,0,6,3,2,3,3,3,1,1, 0.00006183,-0.000204895, 0.000467308, 0.00177825, 0.00012199,buy
2020-10-17,0,0,1,1,1,3,1,1,0,4,2,1,3,1,2,2,1,-0.00140681,-0.000145419, 0.000737165, 0.00087613,-0.00002787,buy
2020-10-18,0,0,3,0,2,2,1,0,4,2,3,2,3,2,2,1,1, 0.00038522, 0.000551680, 0.000776315, 0.00248361, 0.00122279,buy
2020-10-19,0,1,2,1,2,2,1,3,1,2,3,2,3,2,3,2,0, 0.00068407, 0.000232608, 0.000672649, 0.00049504,-0.00016492,buy
2020-10-20,0,0,3,2,1,2,4,2,0,4,3,2,3,2,3,3,2,-0.00077232,-0.000626412,-0.000066235,-0.00043680,-0.00057510,sell
2020-10-21,0,2,4,2,0,1,2,1,0,1,2,1,1,1,2,4,2, 0.00126953, 0.000760703, 0.001995722,-0.00124244, 0.00025283,buy
2020-10-22,2,0,4,3,0,1,1,1,1,2,2,1,4,2,1,3,2, 0.00015671, 0.001263385, 0.000591129,-0.00076515, 0.00182192,buy
2020-10-23,2,1,3,3,0,0,1,1,0,2,1,0,4,2,2,3,1,-0.00216945,-0.002613593,-0.002457017,-0.00246275,-0.00261359,sell
2020-10-24,0,0,1,4,0,0,3,0,1,2,2,1,4,0,1,2,1,-0.00454794,-0.002561181,-0.004730330,-0.00330969,-0.00437871,sell
2020-10-25,0,0,1,2,1,0,5,1,1,0,1,2,4,1,2,0,1,-0.00112088,-0.002003610,-0.001159010,-0.00169886,-0.00018401,sell
2020-10-26,0,0,1,2,0,0,2,4,1,0,1,1,3,1,2,1,1, 0.00154853, 0.001974771, 0.001319655, 0.00109777, 0.00202019,buy
2020-10-27,1,0,0,1,0,0,3,1,3,0,1,1,3,1,1,1,1, 0.00116183, 0.000229364, 0.000440546, 0.00154452, 0.00051120,buy
2020-10-28,0,0,0,1,0,2,3,1,1,1,0,0,2,0,2,3,2,-0.00032899,-0.001142296,-0.001593867,-0.00076790,-0.00142466,sell
2020-10-29,1,0,0,0,0,1,3,0,0,2,1,1,2,0,1,2,0,-0.00124505,-0.003087727,-0.003091809,-0.00391210,-0.00199248,sell
2020-10-30,0,0,0,0,1,1,2,1,0,4,1,0,3,1,2,1,1,-0.00079355,-0.001332092,-0.000846904,-0.00081493,-0.00066153,sell
2020-10-31,1,4,0,0,1,1,1,1,0,1,2,0,2,1,2,2,1, 0.00116386, 0.000245135,-0.000279456, 0.00093336, 0.00017674,buy
2020-11-01,0,1,3,1,1,1,1,0,1,2,2,1,1,2,2,2,1, 0.00053283, 0.000719950, 0.000354568, 0.00029949, 0.00034283,buy
2020-11-02,0,2,2,2,1,1,0,1,0,2,2,1,0,3,2,2,1,-0.00097968,-0.000738225,-0.000153920,-0.00026923,-0.00048882,sell
2020-11-03,0,2,1,3,1,0,1,0,1,3,2,1,1,3,2,2,1, 0.00204712, 0.003343352, 0.003057543, 0.00185414, 0.00307014,buy
2020-11-04,0,5,0,0,5,0,0,1,0,3,2,1,2,3,3,2,1, 0.00246323, 0.002076172,-0.001503504, 0.00168496, 0.00174338,buy
2020-11-05,0,4,0,0,2,0,0,0,1,2,1,1,1,1,2,2,1,-0.00016397, 0.001157146, 0.000656736, 0.00001025,-0.00026149,sell
2020-11-06,0,2,1,0,1,4,0,0,0,2,1,3,1,2,3,0,0,-0.00081740,-0.000817404,-0.001398685, 0.00015644,-0.00083076,sell
2020-11-07,0,2,1,1,1,2,0,0,0,2,0,3,2,0,3,1,0, 0.00365734, 0.003396184, 0.002368395, 0.00525441, 0.00382595,buy
2020-11-08,0,2,2,0,4,1,0,0,1,2,1,3,2,1,2,2,1,-0.00054547, 0.000493299,-0.000610328,-0.00054547,-0.00007066,sell
2020-11-09,0,2,1,2,5,1,0,1,0,1,2,3,2,1,3,1,1,-0.00169433,-0.002741561,-0.001765289,-0.00324632,-0.00120453,sell
2020-11-10,0,0,3,4,2,2,1,0,1,0,3,2,4,1,1,1,1,-0.00187152, 0.000687128, 0.000093993,-0.00100191,-0.00184855,sell
2020-11-11,0,0,4,2,1,2,0,0,2,0,2,1,4,2,1,1,0,-0.00183206,-0.001812862,-0.001878704,-0.00169634,-0.00184224,sell
2020-11-12,1,3,1,1,3,1,0,0,2,0,2,1,4,2,1,1,1,-0.00041570,-0.000919047,-0.001831928,-0.00185166,-0.00052212,sell
2020-11-13,1,0,0,2,2,0,0,0,2,5,3,0,4,3,1,0,1, 0.00160027, 0.001611659, 0.001375746,-0.00088187, 0.00140642,buy
2020-11-14,0,0,1,2,1,2,2,0,2,2,2,1,4,2,0,2,1,-0.00086522,-0.000890916,-0.000101691,-0.00086522,-0.00010169,sell
2020-11-15,0,1,1,2,0,1,2,0,6,2,3,1,4,3,2,1,1, 0.00118576, 0.000145663,-0.000012278, 0.00014566,-0.00004498,buy
2020-11-16,0,1,1,0,1,1,1,4,3,4,3,1,3,3,3,2,1, 0.00073017, 0.000857720,-0.000275211, 0.00052678, 0.00052866,buy
2020-11-17,0,1,0,1,0,1,4,0,3,4,3,1,2,2,3,2,1,-0.00300939,-0.002707811,-0.003304080,-0.00301342,-0.00195228,sell
2020-11-18,0,0,1,1,0,1,1,0,2,3,1,2,2,0,2,2,0, 0.00028528, 0.000435012, 0.000236273, 0.00099241, 0.00107324,buy
2020-11-19,3,1,0,1,1,0,1,1,2,2,1,2,3,1,3,1,1,-0.00030202, 0.000556869,-0.000091163, 0.00008566, 0.00023343,buy
2020-11-20,0,1,0,2,1,0,1,1,2,2,0,3,3,0,2,1,1, 0.00130917, 0.000972762,-0.000912686, 0.00122977, 0.00097276,buy
2020-11-21,0,0,1,2,1,0,5,0,2,1,1,3,4,1,3,0,0,-0.00100591,-0.000379365,-0.000710693,-0.00176908,-0.00039197,sell
2020-11-22,0,0,2,2,1,0,2,3,1,0,1,3,3,1,1,1,1, 0.00064445, 0.000330665, 0.000591364, 0.00077199, 0.00059136,buy
2020-11-23,1,1,1,3,1,0,2,3,1,0,1,3,5,1,1,1,1, 0.00045648,-0.000266664,-0.000867436,-0.00026666,-0.00188780,sell
2020-11-24,0,1,1,2,2,1,1,1,3,0,1,2,4,1,1,2,1, 0.00067997, 0.001667254, 0.000760758, 0.00145248, 0.00123730,buy
2020-11-25,1,1,1,1,1,1,2,0,1,0,0,1,4,1,0,2,1,-0.00362040,-0.003036736,-0.003622704,-0.00304276,-0.00362544,sell
2020-11-26,1,1,0,0,1,1,2,1,1,3,1,1,3,3,1,2,0, 0.00013710,-0.000383909,-0.001206119,-0.00099377,-0.00042631,sell
2020-11-27,1,4,0,0,1,2,1,2,2,1,2,0,3,3,2,3,1,-0.00182234,-0.001251813,-0.000141645,-0.00125181,-0.00125181,sell
2020-11-28,0,3,1,0,1,1,2,2,4,0,3,1,3,3,2,2,0, 0.00295237, 0.002916760, 0.002529542, 0.00142073, 0.00297433,buy
2020-11-29,0,0,3,0,1,1,1,3,2,0,3,1,1,2,2,2,0,-0.00057945, 0.002142464, 0.002195412, 0.00267875, 0.00321264,buy
2020-11-30,0,0,0,3,2,0,2,2,3,0,3,1,1,2,2,2,1, 0.00304478, 0.003044785, 0.003788211, 0.00451215, 0.00301266,buy
2020-12-01,0,0,0,2,4,0,1,3,2,1,2,2,2,2,2,2,1, 0.00044296,-0.000252861,-0.000449101, 0.00030403,-0.00035140,buy
2020-12-02,0,2,0,2,2,0,1,3,2,0,2,1,3,1,3,1,1, 0.00107369,-0.001732375, 0.003410858,-0.00220342, 0.00067895,sell
2020-12-03,0,1,3,1,1,1,1,2,0,1,1,3,4,1,1,0,1,-0.00000942,-0.000260097,-0.000305973,-0.00026010,-0.00003654,sell
2020-12-04,0,3,1,2,2,3,1,2,0,1,2,3,4,1,2,2,1, 0.00059902, 0.000762838, 0.000703265, 0.00215599, 0.00070327,buy
2020-12-05,0,2,2,1,3,0,1,3,0,2,1,3,4,1,1,3,1, 0.00132690, 0.002862220, 0.001716656, 0.00171666, 0.00292534,buy
2020-12-06,0,2,3,1,6,0,1,2,0,2,1,4,5,2,2,2,1, 0.00097547, 0.001375975, 0.001051920, 0.00088630, 0.00142007,buy
2020-12-07,0,0,3,4,2,0,1,3,1,1,2,3,3,3,2,2,0,-0.00155149,-0.003565359,-0.003565359,-0.00356382,-0.00403437,sell
2020-12-08,0,0,4,2,2,1,1,3,2,1,2,3,3,3,3,1,1,-0.00298956,-0.002690719,-0.003069132,-0.00291374,-0.00306913,sell
2020-12-09,0,2,2,0,1,0,1,3,1,1,2,1,2,2,2,1,1,-0.00077935,-0.000921668,-0.000854182,-0.00085418,-0.00029279,sell
2020-12-10,0,2,1,1,1,1,2,2,1,4,3,2,3,2,3,1,1, 0.00029674, 0.000277110, 0.000267673, 0.00033765, 0.00285301,buy
2020-12-11,0,0,1,2,0,1,2,2,2,5,3,1,4,3,2,2,0,-0.00242487, 0.001656736,-0.002949191,-0.00228671, 0.00060170,sell
2020-12-12,1,0,3,1,1,0,2,1,6,2,2,3,3,4,3,1,1, 0.00005335,-0.000340168,-0.000469149,-0.00004466, 0.00005881,buy
2020-12-13,1,1,2,2,1,0,2,2,4,2,3,3,3,3,2,2,1, 0.00031187, 0.000311869, 0.000676756, 0.00048001, 0.00066577,buy
2020-12-14,0,0,3,3,0,0,5,2,2,3,3,3,2,4,2,3,1, 0.00033737, 0.000337372, 0.005019092,-0.00026568,-0.00056319,sell
2020-12-15,0,1,2,2,0,0,5,0,2,1,2,2,0,3,2,3,1,-0.00362267,-0.002901310,-0.001032330,-0.00279614,-0.00252752,sell
2020-12-16,1,2,1,1,0,0,2,1,3,2,1,2,2,4,1,2,1,-0.00099383,-0.000535315,-0.001660524,-0.00064798,-0.00053532,sell
2020-12-17,2,1,0,1,0,0,4,1,2,2,2,0,2,3,3,2,1, 0.00066205, 0.000005086,-0.000082291, 0.00015106,-0.00022486,buy
2020-12-18,0,1,0,1,1,0,7,0,1,1,2,2,2,3,2,1,0, 0.00008800, 0.000344997, 0.000540746,-0.00039954, 0.00032667,buy
2020-12-19,0,1,0,1,1,0,7,0,2,2,3,2,1,2,3,2,1,-0.00104419,-0.000906139,-0.001631655,-0.00167326,-0.00131491,sell
2020-12-20,1,2,0,1,1,0,4,5,1,2,3,2,2,3,3,2,2, 0.00117876, 0.001893547, 0.001402157,-0.00012569, 0.00151468,buy
2020-12-21,1,2,0,1,1,0,5,2,3,1,3,2,2,3,3,2,1, 0.00015814, 0.001184145,-0.000445406,-0.00014046, 0.00025575,buy
2020-12-22,0,0,1,1,1,0,5,1,2,1,3,1,0,2,3,2,1,-0.00001232,-0.001357636,-0.001281390,-0.00215671,-0.00168444,sell
2020-12-23,1,0,1,2,0,0,3,1,0,2,1,2,1,3,1,1,1,-0.00100708,-0.000883130,-0.000813461,-0.00114815,-0.00063260,sell
2020-12-24,2,1,2,2,0,0,2,2,0,4,2,2,1,4,2,3,1,-0.00421008,-0.000736417,-0.002579591,-0.00379018,-0.00427928,sell
2020-12-25,1,3,2,0,1,0,0,2,1,1,2,0,1,2,2,3,1, 0.00361489, 0.004960928, 0.003407683, 0.00268661, 0.00338532,buy
2020-12-26,0,1,5,0,0,0,1,2,1,1,2,2,1,2,2,2,0,-0.00581075,-0.003894083, 0.000145409,-0.00579019,-0.00550509,sell
2020-12-27,0,1,3,1,0,0,1,3,0,2,2,2,1,2,2,2,0,-0.00098584, 0.001798348,-0.000699304,-0.00036843,-0.00086201,sell
2020-12-28,0,1,1,2,1,1,0,4,0,3,2,2,2,2,2,2,1, 0.00043958, 0.000608258,-0.000774336,-0.00077434,-0.00077434,buy
2020-12-29,0,2,1,0,3,0,1,2,2,2,2,2,2,2,2,2,1,-0.00020766,-0.000844987,-0.000674206,-0.00023755,-0.00096702,sell
2020-12-30,0,1,2,1,1,0,1,2,2,1,1,1,3,0,1,3,2, 0.00315441, 0.002539795, 0.003098532, 0.00091276, 0.00179709,buy
2020-12-31,0,1,1,2,1,3,2,1,1,2,2,2,4,2,1,1,2, 0.00129712, 0.001843881, 0.002039623, 0.00155584, 0.00200158,buy
2021-01-01,0,2,0,3,0,2,2,0,1,2,1,2,3,1,1,2,2, 0.00146878, 0.002986211, 0.000982545,-0.00006697, 0.00204821,buy
2021-01-02,0,2,2,1,2,0,2,0,1,1,0,2,2,2,1,2,2, 0.00146880, 0.001666721, 0.001648668, 0.00164867, 0.00171344,buy
2021-01-03,1,3,2,3,2,0,2,0,0,1,1,3,0,3,2,3,2, 0.00022690,-0.001936151, 0.000420919, 0.00049961, 0.00047505,buy
2021-01-04,1,3,1,4,0,1,2,0,0,2,1,2,1,3,2,2,3,-0.00075461,-0.001072718,-0.000767428,-0.00200241,-0.00134465,sell
2021-01-05,1,3,3,0,2,0,2,0,1,2,1,3,1,3,2,2,2, 0.00008205, 0.001969061,-0.000263806, 0.00116650,-0.00030956,buy
2021-01-06,1,4,1,0,1,0,1,1,1,3,1,3,3,3,2,0,1, 0.00223359, 0.002830474, 0.002939235, 0.00274218, 0.00206207,buy
2021-01-07,1,1,1,1,0,2,1,1,2,5,1,4,3,1,3,1,2, 0.00098971, 0.001605209, 0.001089974, 0.00148174, 0.00182564,buy
2021-01-08,1,1,2,0,0,0,2,3,2,3,1,3,4,1,3,0,2, 0.00355276, 0.003110778, 0.003110778, 0.00323967, 0.00241720,buy
2021-01-09,2,2,1,0,2,0,4,2,4,3,4,4,4,1,4,1,2,-0.00101325,-0.001029140, 0.000062150,-0.00148191,-0.00071269,sell
2021-01-10,2,3,1,2,1,0,3,5,1,5,4,4,5,1,4,4,1, 0.00089882, 0.000977645, 0.001630717, 0.00177542, 0.00094301,buy
2021-01-11,4,1,4,1,0,0,6,3,0,3,5,2,2,2,4,5,2, 0.00222648, 0.002193209, 0.003541430, 0.00225061, 0.00232838,buy
2021-01-12,2,2,3,0,0,0,4,2,1,3,4,2,3,1,2,4,1, 0.00101821, 0.001980987, 0.001384207, 0.00118397, 0.00138331,buy
2021-01-13,5,3,1,0,0,0,2,2,1,4,3,2,3,2,2,5,1, 0.00166840, 0.002173404, 0.002908401, 0.00166840, 0.00137932,buy
2021-01-14,4,1,1,0,0,0,3,2,0,4,3,1,3,1,2,4,1, 0.00296748, 0.001411572, 0.001459629, 0.00141157, 0.00058160,buy
2021-01-15,2,2,1,0,0,0,4,2,0,2,2,0,2,3,2,3,1, 0.00051871, 0.000335462,-0.000259645, 0.00064416, 0.00006139,buy
2021-01-16,2,1,0,0,0,0,2,2,3,2,2,1,1,3,2,2,1, 0.00070152, 0.000761229, 0.001507195, 0.00109063, 0.00147105,buy
2021-01-17,2,1,0,0,0,0,0,5,1,2,2,1,2,2,2,2,0, 0.00135633, 0.001215935, 0.000578159, 0.00031554, 0.00035803,buy
2021-01-18,1,1,0,0,0,0,3,1,3,2,2,1,2,2,2,2,0,-0.00414394,-0.004136397,-0.004024076,-0.00237198,-0.00350907,sell
2021-01-19,2,1,0,0,0,0,3,2,1,2,2,0,4,1,1,2,1, 0.00124540, 0.000813117, 0.000609381, 0.00098092, 0.00042541,buy
2021-01-20,2,2,0,0,0,0,2,2,1,3,1,0,5,2,2,1,1, 0.00058414, 0.003197686, 0.000462871, 0.00135719, 0.00058201,buy
2021-01-21,4,2,0,0,0,0,1,2,1,3,2,1,4,2,2,2,0, 0.00295892, 0.002618920, 0.002795120, 0.00274936, 0.00228719,buy
2021-01-22,2,3,2,0,0,0,2,1,2,1,2,0,4,2,2,1,2,-0.00119881, 0.000270951,-0.001112736,-0.00134566, 0.00028920,sell
2021-01-23,2,1,3,2,0,0,4,1,1,2,2,1,2,4,2,3,2, 0.00152594, 0.000391682, 0.002392659, 0.00154961, 0.00179661,buy
2021-01-24,3,2,1,2,1,0,4,2,1,4,3,2,3,3,2,5,2, 0.00107520, 0.001075203, 0.001075203, 0.00078382, 0.00093705,buy
2021-01-25,2,3,0,2,2,0,2,3,1,4,3,2,4,3,2,3,2, 0.00129770, 0.002411046, 0.002243983, 0.00245262, 0.00267032,buy
2021-01-26,3,3,0,0,2,0,2,0,2,3,3,2,1,3,2,3,1,-0.00410318,-0.002527034,-0.004985760,-0.00410570,-0.00410318,sell
2021-01-27,2,3,1,0,0,2,2,0,0,3,2,2,1,4,0,2,2,-0.00090823, 0.000099534,-0.001100140,-0.00115240,-0.00083906,sell
2021-01-28,2,2,0,1,0,2,2,0,0,5,3,3,1,2,1,3,1,-0.00029534,-0.000086676, 0.000649977,-0.00029534, 0.00062477,sell
2021-01-29,2,4,0,0,3,0,2,0,0,3,2,4,1,3,0,2,2,-0.00204016,-0.002494630, 0.004819586,-0.00204016,-0.00264857,sell
2021-01-30,2,2,2,1,4,0,2,0,0,2,3,4,0,4,1,1,2, 0.00195367, 0.001196488, 0.003643233, 0.00161137, 0.00388854,buy
2021-01-31,1,1,1,4,1,1,2,0,0,1,2,3,1,2,1,1,2, 0.00003317, 0.000441676,-0.000555498,-0.00208361,-0.00208361,sell
2021-02-01,0,1,3,3,1,0,1,1,0,1,1,3,1,2,1,2,1, 0.00054079, 0.002314260, 0.002503734, 0.00137760, 0.00046318,buy
2021-02-02,0,4,1,0,3,0,1,1,0,1,1,3,2,2,1,1,1,-0.00225580,-0.002306792,-0.002473522,-0.00237792,-0.00243421,sell
2021-02-03,1,3,0,1,0,1,1,1,0,4,1,2,2,2,3,1,1, 0.00124892, 0.002776852, 0.001468074, 0.00067314, 0.00171985,buy
2021-02-04,1,1,1,1,0,2,2,1,0,4,1,3,4,1,2,2,0,-0.00249128, 0.001559237, 0.001120570, 0.00000744, 0.00210336,buy
2021-02-05,1,1,1,0,0,0,3,1,2,2,0,1,4,2,2,1,1, 0.00033621, 0.000452663, 0.000047960, 0.00067076, 0.00126937,buy
2021-02-06,1,2,0,0,2,0,2,2,3,1,1,1,4,1,3,2,1, 0.00009410,-0.002960867, 0.000063498,-0.00350302,-0.00475142,sell
2021-02-07,1,1,0,2,0,0,3,3,1,2,1,1,4,1,3,2,1, 0.00178911, 0.001748499,-0.000864447, 0.00246542, 0.00163251,buy
2021-02-08,2,1,2,1,0,0,5,0,1,2,2,3,3,0,3,2,1, 0.00226311, 0.002818611, 0.001761500, 0.00262176, 0.00137360,buy
2021-02-09,2,2,1,0,0,0,2,0,2,1,1,2,4,1,1,1,0,-0.00433204,-0.004884863,-0.004222543,-0.00549441,-0.00421121,sell
2021-02-10,4,2,0,0,0,0,3,1,1,2,2,2,4,1,2,1,1, 0.00101074, 0.001010740,-0.000592601,-0.00005523,-0.00056259,buy
2021-02-11,4,1,0,0,0,0,3,0,1,2,2,2,2,2,1,0,2,-0.00063870,-0.000886296,-0.000726600,-0.00088630,-0.00088630,sell
2021-02-12,3,1,0,0,0,0,3,0,2,0,2,0,1,2,2,1,1,-0.00088890,-0.000883743,-0.001245486,-0.00000330,-0.00061483,sell
2021-02-13,4,1,0,0,0,0,3,3,3,0,3,1,2,2,2,2,2,-0.00146612,-0.001442279,-0.001591061,-0.00109947,-0.00160964,sell
2021-02-14,3,1,0,0,0,0,2,5,2,1,2,2,3,2,2,1,2, 0.00237093, 0.001830367, 0.000942190, 0.00092868, 0.00053457,buy
2021-02-15,1,1,0,0,0,0,3,1,3,1,2,2,2,1,2,1,0,-0.00003604,-0.001795045, 0.002377710, 0.00019907, 0.00073517,sell
2021-02-16,1,1,0,0,0,0,4,0,2,2,1,2,3,2,1,0,1, 0.00043042,-0.000203855, 0.000430423, 0.00039742, 0.00079819,buy
2021-02-17,2,3,0,0,0,0,1,1,1,2,1,2,3,1,2,1,0,-0.00270260,-0.002407434,-0.003152611,-0.00322900,-0.00243049,sell
2021-02-18,1,4,1,0,0,0,1,0,1,3,1,3,2,2,2,0,1, 0.00210837,-0.000055443,-0.000680754, 0.00001673,-0.00014241,buy
2021-02-19,2,4,2,0,0,0,2,0,0,3,1,3,1,3,2,1,2, 0.00135066,-0.000530210, 0.000442630, 0.00064996,-0.00068452,buy
2021-02-20,1,2,3,1,0,0,2,0,0,2,1,2,0,3,2,2,1,-0.00247865,-0.001528323,-0.002299802,-0.00164787,-0.00235175,sell
2021-02-21,1,2,3,1,1,0,2,1,0,3,2,3,1,3,2,2,1,-0.00305506,-0.002375575,-0.003467204,-0.00338445,-0.00302318,sell
2021-02-22,1,3,1,2,1,0,2,1,2,1,2,3,1,2,3,2,1, 0.00246379, 0.005996243, 0.002762224,-0.00115376, 0.00363207,buy
2021-02-23,0,2,2,1,1,1,2,1,1,0,2,2,1,3,1,1,1, 0.00168775, 0.001282652, 0.001561355, 0.00112597, 0.00332040,buy
2021-02-24,1,2,1,1,1,1,1,0,2,1,2,2,1,2,1,2,1, 0.00268227, 0.002726527, 0.002455666, 0.00286317, 0.00276344,buy
2021-02-25,1,3,1,1,1,2,1,1,1,1,3,1,2,2,2,3,0,-0.00062990,-0.000490859, 0.000156006,-0.00013633,-0.00254236,buy
2021-02-26,1,3,1,0,2,1,1,1,1,1,2,2,1,3,1,2,1,-0.00066315,-0.000448165,-0.000991014,-0.00075681,-0.00111954,sell
2021-02-27,1,3,2,1,2,0,1,1,1,0,3,2,0,3,2,2,0, 0.00459241, 0.001959317, 0.004066681, 0.00359851, 0.00462826,buy
2021-02-28,1,2,3,3,2,1,1,1,0,0,4,2,1,3,2,1,1, 0.00470761, 0.003046243, 0.004865816, 0.00482919, 0.00411597,buy
2021-03-01,1,3,2,2,2,0,1,1,1,0,4,2,0,2,2,2,1, 0.00379049, 0.001825453, 0.003587716, 0.00378779, 0.00291156,buy
2021-03-02,1,3,1,1,2,0,1,1,1,1,3,2,1,2,2,1,1, 0.00421985, 0.005051054, 0.004219854, 0.00423191, 0.00406752,buy
2021-03-03,1,3,1,1,0,1,1,2,1,2,4,1,1,2,2,2,1, 0.00138763, 0.001821059, 0.001591202, 0.00037935, 0.00050451,buy
2021-03-04,1,3,1,0,0,1,3,1,2,1,4,2,2,2,1,1,1, 0.00337731, 0.002535686, 0.001925765, 0.00288614, 0.00271084,buy
2021-03-05,1,3,0,0,1,1,3,2,2,1,3,2,2,2,2,2,1,-0.00180773,-0.000874461,-0.001832891,-0.00129165,-0.00176426,sell
2021-03-06,1,2,0,1,0,0,4,2,1,1,4,1,2,2,2,1,0, 0.00002695,-0.000451345,-0.000798645,-0.00065783,-0.00007095,sell
2021-03-07,2,2,1,0,1,0,3,2,1,0,4,2,2,1,1,1,1, 0.00182622, 0.002026232, 0.003660822, 0.00136439, 0.00380844,buy
2021-03-08,2,3,0,1,0,0,3,1,2,0,3,2,3,2,0,1,1, 0.00155513, 0.000772717, 0.000959228, 0.00199380, 0.00110796,buy
2021-03-09,3,3,1,0,0,0,3,3,0,1,3,2,3,1,1,3,1,-0.00045198,-0.000773235,-0.002187836,-0.00184948,-0.00143675,sell
2021-03-10,3,2,0,0,0,0,5,1,0,1,4,1,2,1,1,2,1, 0.00133054, 0.001302854, 0.001120631, 0.00205213, 0.00158363,buy
2021-03-11,2,1,0,0,0,0,6,2,0,1,2,2,3,2,1,2,0, 0.00054401, 0.000149659, 0.000997509, 0.00060714, 0.00075825,buy
2021-03-12,2,0,0,0,0,0,4,3,1,1,1,1,2,2,2,3,0, 0.00149131,-0.002277693,-0.002121542,-0.00257210,-0.00121508,sell
2021-03-13,4,0,0,0,0,0,4,5,2,0,2,0,3,3,2,4,1, 0.00112111, 0.000957150, 0.000983130, 0.00104132, 0.00103451,buy
2021-03-14,1,0,1,0,0,0,4,5,3,0,2,1,1,2,4,4,0,-0.00091548,-0.000718122,-0.001061716, 0.00124817,-0.00012516,sell
2021-03-15,1,0,1,0,0,0,3,5,2,0,1,1,2,1,3,3,1,-0.00008301, 0.000691410, 0.000444816, 0.00176686, 0.00069675,buy
2021-03-16,1,0,1,0,0,0,3,4,2,1,0,1,1,3,3,3,1,-0.00294267,-0.002728934,-0.002694100,-0.00039831,-0.00280510,sell
2021-03-17,1,1,1,1,0,0,2,5,2,1,0,1,1,4,4,3,1,-0.00274549,-0.003188299,-0.003883671,-0.00145895,-0.00308660,sell
2021-03-18,0,1,2,1,0,0,1,1,4,1,1,0,1,4,3,1,1, 0.00033657, 0.000287892, 0.000379508,-0.00057200, 0.00115995,buy
2021-03-19,1,1,2,2,0,0,2,1,2,0,1,1,0,3,3,3,0,-0.00178482,-0.000792483,-0.000792483,-0.00059780,-0.00044384,sell
2021-03-20,0,0,3,2,0,0,1,1,2,2,1,1,1,3,2,3,0,-0.00195142,-0.000129177,-0.001331161,-0.00004235,-0.00115112,sell
2021-03-21,0,1,1,3,1,0,2,1,1,2,1,1,1,2,3,3,1, 0.00092560,-0.000088148, 0.003100515, 0.00271469, 0.00248226,buy
2021-03-22,0,2,1,2,1,0,3,1,2,1,1,2,1,2,3,3,1,-0.00234453,-0.001822694,-0.001267439,-0.00073805, 0.00001559,sell
2021-03-23,0,0,2,1,1,1,1,3,1,1,2,2,1,3,2,1,0,-0.00000357,-0.001281368,-0.000206796,-0.00123456,-0.00128137,sell
2021-03-24,0,0,2,2,0,1,1,3,1,2,2,2,1,2,3,1,1, 0.00239835, 0.002373815, 0.000685301, 0.00067002, 0.00067005,buy
2021-03-25,0,1,1,2,2,1,2,3,0,1,3,1,1,3,1,3,1,-0.00114395, 0.000872813,-0.001673008,-0.00318466,-0.00051575,sell
2021-03-26,0,0,2,2,3,0,2,2,0,2,2,2,0,3,2,3,1, 0.00351754, 0.003666672, 0.003570334, 0.00351754,-0.00079426,buy
2021-03-27,0,1,1,4,2,1,2,2,1,1,3,2,1,3,3,3,0, 0.00136316, 0.001135799, 0.001624211,-0.00123312,-0.00066629,buy
2021-03-28,1,1,2,2,1,1,3,2,2,0,4,1,1,1,4,3,1, 0.00385803,-0.001088827, 0.002935843, 0.00414470, 0.00428183,buy
2021-03-29,1,1,3,0,1,0,3,2,2,1,4,1,2,2,3,2,0,-0.00142464,-0.000023274, 0.001303761, 0.00139149, 0.00156427,buy
2021-03-30,1,2,0,2,1,1,3,2,3,2,3,1,2,2,4,4,1, 0.00668676, 0.004716930, 0.006692275, 0.00668676, 0.00655304,buy
2021-03-31,1,1,1,0,2,0,2,2,5,2,3,2,2,2,4,2,1,-0.00139046,-0.000618935,-0.001963261, 0.00130690,-0.00046173,sell
2021-04-01,0,1,0,1,1,0,1,3,6,0,1,1,1,3,4,2,1,-0.00263934,-0.002584325,-0.000715343,-0.00093874,-0.00023724,sell
2021-04-02,0,0,1,1,1,1,0,3,5,1,1,2,1,2,4,2,1, 0.00228187, 0.002297135, 0.002264106, 0.00306279, 0.00229430,buy
2021-04-03,0,1,1,1,0,0,1,3,4,1,2,1,1,2,3,2,1, 0.00226104, 0.002166626, 0.002293523, 0.00043828, 0.00264060,buy
2021-04-04,0,0,1,0,1,0,2,1,3,2,2,3,2,0,1,1,1,-0.00168761,-0.001992811,-0.001707980,-0.00132582,-0.00197198,sell
2021-04-05,1,1,0,1,0,0,2,1,3,1,1,3,4,1,0,1,0,-0.00041463,-0.000770909, 0.001492685, 0.00155726, 0.00087822,buy
2021-04-06,1,0,1,1,0,0,2,1,3,2,0,4,4,0,1,1,1,-0.00022523,-0.000246311,-0.002510311,-0.00037310,-0.00040092,sell
2021-04-07,1,0,1,0,0,0,5,1,4,1,3,3,4,1,0,1,1, 0.00213943, 0.002139433, 0.002163258, 0.00213943, 0.00213943,buy
2021-04-08,0,1,1,0,0,0,4,4,5,1,3,3,3,1,2,3,1, 0.00181723, 0.001864585, 0.000551731, 0.00043001, 0.00202290,buy
2021-04-09,1,0,1,0,0,0,5,4,5,3,4,3,4,2,2,3,1,-0.00108170, 0.000287486,-0.001041238, 0.00009801,-0.00067085,sell
2021-04-10,0,0,1,0,0,0,4,4,4,2,5,1,2,2,2,3,0, 0.00047862, 0.000425714, 0.000370626, 0.00068779, 0.00042681,buy
2021-04-11,0,0,1,0,0,0,3,2,5,2,4,1,3,1,2,2,0,-0.00116894,-0.001563172,-0.001089090,-0.00113314,-0.00108909,sell
2021-04-12,1,0,1,1,1,0,2,1,5,4,4,2,3,4,1,1,1,-0.00287531,-0.002801217,-0.003831688,-0.00081421,-0.00292658,sell
2021-04-13,1,1,1,1,1,0,1,3,2,4,2,2,3,4,2,2,0, 0.00085048, 0.000651917, 0.000467057, 0.00112933, 0.00063738,buy
2021-04-14,0,1,2,1,1,0,2,1,3,2,3,2,2,3,2,1,0,-0.00086757,-0.000598745,-0.000598745,-0.00059998,-0.00070520,sell
2021-04-15,0,2,2,1,1,0,4,1,4,2,5,3,1,3,2,2,1,-0.00028612,-0.000627037,-0.000176575,-0.00070668,-0.00063193,sell
2021-04-16,0,1,2,2,1,0,2,2,4,3,4,2,2,4,2,2,1,-0.00009677,-0.000099164,-0.000962735,-0.00034693,-0.00011065,sell
2021-04-17,1,0,2,2,2,0,0,3,4,3,4,3,2,4,2,2,0,-0.00022612,-0.000226120,-0.001297890,-0.00071204,-0.00035247,sell
2021-04-18,0,1,1,2,2,0,0,2,6,2,4,2,2,3,2,2,1,-0.00168910,-0.001387256,-0.000652620,-0.00129727,-0.00132173,sell
2021-04-19,0,1,2,1,3,1,1,1,2,0,2,3,2,3,2,0,0, 0.00038471, 0.000352169, 0.000380863, 0.00006898, 0.00010807,buy
2021-04-20,1,1,1,2,2,1,1,1,0,2,2,1,2,3,1,2,1,-0.00273719,-0.002536476,-0.002442161,-0.00251236,-0.00273719,sell
2021-04-21,2,3,1,1,2,1,0,3,0,2,1,1,3,2,2,3,3,-0.00189835,-0.002193458,-0.002108513,-0.00167793,-0.00139989,sell
2021-04-22,3,4,0,1,2,1,0,2,1,1,1,1,3,3,2,3,2, 0.00057246,-0.001573002, 0.003218268, 0.00289657, 0.00370668,buy
2021-04-23,3,2,2,2,1,0,0,1,0,2,0,0,1,3,4,3,2, 0.00088904, 0.000665875, 0.001934830, 0.00077106,-0.00020352,buy
2021-04-24,3,2,1,3,1,1,0,2,0,3,1,2,2,3,3,3,2, 0.00123541, 0.001142261, 0.001758505, 0.00123541, 0.00123541,buy
2021-04-25,2,2,1,1,2,0,0,3,0,2,1,3,1,1,3,2,2,-0.00202427,-0.002703656, 0.003494643,-0.00561998,-0.00521029,sell
2021-04-26,1,3,2,0,1,0,0,3,0,3,1,3,3,2,3,0,1, 0.00218321, 0.004341764, 0.001908298, 0.00260401, 0.00189970,buy
2021-04-27,2,3,0,2,0,2,0,3,0,1,1,3,3,1,1,2,2, 0.00333313,-0.001955280, 0.003217494, 0.00327472, 0.00378548,buy
2021-04-28,2,2,1,0,1,0,0,3,2,1,1,3,4,2,0,1,1, 0.00042247, 0.000305838, 0.000329210, 0.00042247, 0.00081828,buy
2021-04-29,1,3,0,0,3,0,0,4,3,1,0,3,5,2,2,2,1, 0.00092790, 0.002423691, 0.001343099, 0.00137556, 0.00092790,buy
2021-04-30,1,3,0,2,1,1,1,2,3,2,1,2,4,2,3,2,2,-0.00031661,-0.001076542,-0.001813097,-0.00031661, 0.00277070,sell
2021-05-01,1,3,2,1,0,1,1,2,2,2,2,2,3,2,3,2,1, 0.00052646, 0.000316941,-0.000907224, 0.00030584,-0.00090722,buy
2021-05-02,2,3,2,0,0,0,1,1,2,2,2,1,3,2,2,2,1, 0.00312434, 0.002029484, 0.001624867,-0.00037436, 0.00192953,buy
2021-05-03,2,4,2,0,1,0,0,2,1,3,1,2,3,2,4,2,1, 0.00000710,-0.000673161, 0.000007102,-0.00045531, 0.00000710,sell
2021-05-04,1,2,1,1,0,0,2,0,1,4,3,1,3,2,2,0,1, 0.00071175, 0.000911722, 0.000626216,-0.00001228, 0.00069358,buy
2021-05-05,1,2,2,0,0,0,0,1,2,2,2,1,1,2,2,2,0, 0.00094565,-0.001003725,-0.000316134,-0.00018556, 0.00069283,sell
2021-05-06,1,2,1,0,0,0,2,1,2,1,1,2,1,2,2,2,0,-0.00319804,-0.002862391,-0.003732793,-0.00369329,-0.00367569,sell
2021-05-07,1,2,1,0,0,0,2,2,3,2,2,3,1,2,2,2,1,-0.00162817,-0.002360695,-0.002078656, 0.00164298,-0.00236070,sell
2021-05-08,0,0,1,0,0,0,3,2,2,2,2,2,0,1,1,3,1,-0.00038848,-0.001257927, 0.000730139,-0.00093264,-0.00122279,sell
2021-05-09,0,1,0,1,1,0,4,0,3,2,3,1,2,2,1,2,1, 0.00005683,-0.000118889,-0.000118889, 0.00018487,-0.00011889,buy
2021-05-10,1,2,1,1,1,0,3,1,4,2,3,2,2,2,3,3,1,-0.00496567,-0.005133644,-0.004597892,-0.00421586,-0.00487211,sell
2021-05-11,1,1,1,1,1,0,2,0,4,1,1,2,2,1,3,3,0, 0.00014978, 0.000995136, 0.001493279, 0.00008902, 0.00029315,buy
2021-05-12,1,2,2,2,1,0,2,1,3,1,3,2,2,2,3,2,1, 0.00533593, 0.005584913, 0.002505778, 0.00117539, 0.00437281,buy
2021-05-13,1,3,3,3,1,0,3,0,2,0,3,2,1,3,4,2,1, 0.00375447, 0.005463631, 0.001016937, 0.00063852, 0.00094070,buy
2021-05-14,0,2,3,2,2,0,0,2,2,1,3,1,2,2,4,2,0,-0.00347381,-0.002919197,-0.003826667,-0.00303093,-0.00368263,sell
2021-05-15,0,2,2,2,1,0,2,1,3,0,2,1,2,1,3,3,1, 0.00191263, 0.001513097, 0.001903331, 0.00170567, 0.00157438,buy
2021-05-16,1,1,3,3,2,0,1,2,1,0,2,2,1,2,4,2,1, 0.00335524, 0.003378813,-0.001080403,-0.00039467, 0.00362993,buy
2021-05-17,0,2,3,2,2,1,1,2,0,2,4,1,2,3,3,1,1,-0.00068448, 0.000155784,-0.000541378,-0.00045334, 0.00036253,sell
2021-05-18,0,2,2,3,1,1,3,1,1,3,3,3,2,2,4,2,1, 0.00284713, 0.002041404, 0.002847132, 0.00284713, 0.00282967,buy
2021-05-19,0,3,2,2,2,1,2,2,0,2,4,3,2,3,2,2,0,-0.00039002,-0.000578706,-0.000790408,-0.00107316,-0.00039002,sell
2021-05-20,0,1,2,3,1,1,2,2,0,3,4,3,1,2,2,2,1, 0.00043409,-0.000029285,-0.000892102,-0.00067421,-0.00063553,buy
2021-05-21,0,2,2,3,1,1,1,1,1,3,3,3,2,1,3,1,2, 0.00320379, 0.000514674,-0.004399464, 0.00090280,-0.00132202,buy
2021-05-22,0,2,1,2,2,0,1,1,0,2,3,2,1,1,2,1,1, 0.00002277, 0.000062781, 0.000196373, 0.00031318,-0.00013840,sell
2021-05-23,0,1,2,1,3,0,1,2,0,4,2,3,2,3,1,2,1, 0.00315453, 0.002216165, 0.002216165, 0.00157747, 0.00221043,buy
2021-05-24,0,2,1,2,1,1,1,2,0,3,1,3,2,2,2,2,1, 0.00044306, 0.001880263,-0.002455823,-0.00245582,-0.00231941,sell
2021-05-25,0,1,3,0,2,1,1,2,1,3,1,3,4,2,1,2,1, 0.00091402, 0.000749875, 0.000968719, 0.00096308, 0.00173948,buy
2021-05-26,1,1,1,1,2,0,1,3,2,3,1,3,4,3,1,2,1,-0.00007413,-0.000055049, 0.002023668,-0.00062381, 0.00188381,sell
2021-05-27,1,0,1,1,3,1,3,4,1,3,0,4,4,3,2,3,2, 0.00058664,-0.000494031,-0.000209106, 0.00114373, 0.00128559,buy
2021-05-28,1,0,2,2,2,0,3,5,1,2,2,2,3,3,3,4,1, 0.00124476, 0.001453040, 0.000205950, 0.00139130, 0.00084792,buy
2021-05-29,2,0,2,3,3,1,2,4,1,2,1,3,4,4,3,3,2, 0.00143659, 0.001467993, 0.000491410, 0.00146799, 0.00239878,buy
2021-05-30,3,1,1,4,3,1,3,3,0,2,1,2,3,5,3,4,3,-0.00142077, 0.000250257,-0.001714117, 0.00013388, 0.00013388,sell
2021-05-31,1,0,3,3,3,1,3,2,0,2,1,3,3,4,3,3,1, 0.00173881, 0.000192872, 0.000714505,-0.00181206, 0.00073076,buy
2021-06-01,1,1,4,3,3,1,4,1,0,1,3,3,3,5,2,2,1, 0.00283162, 0.002967353, 0.003068670, 0.00230173, 0.00284016,buy
2021-06-02,0,2,3,3,0,1,3,2,1,1,2,2,2,3,3,3,1,-0.00258981,-0.002126741,-0.000549606,-0.00236646,-0.00236646,sell
2021-06-03,1,1,4,1,0,1,3,2,1,2,3,2,3,3,2,2,1,-0.00308832,-0.003034490,-0.001637875,-0.00148422,-0.00129859,sell
2021-06-04,0,3,2,0,0,1,4,0,1,2,3,2,2,1,2,2,1,-0.00402892,-0.000939369,-0.001020070, 0.00009583,-0.00010331,sell
2021-06-05,0,2,2,0,0,1,2,1,1,3,3,1,3,2,2,1,0, 0.00131736, 0.001153275,-0.000275214, 0.00005276, 0.00135083,buy
2021-06-06,0,3,0,0,0,1,0,1,2,3,2,1,3,3,0,0,1, 0.00109199, 0.001637250, 0.001370344, 0.00032901, 0.00110064,buy
2021-06-07,1,3,0,0,0,1,0,2,0,2,1,0,3,2,1,1,1, 0.00017941, 0.000127966, 0.000792211,-0.00030904,-0.00044302,sell
2021-06-08,0,2,1,0,0,1,0,1,2,2,1,1,3,2,1,0,1, 0.00221986, 0.002219864, 0.001290336, 0.00159142, 0.00167203,buy
2021-06-09,0,2,1,1,1,0,2,1,1,2,3,1,2,1,1,2,1, 0.00074148, 0.000742497, 0.000938126, 0.00090398, 0.00072240,buy
2021-06-10,0,1,1,0,3,0,1,1,1,2,2,1,2,1,2,2,0, 0.00015133,-0.000194927, 0.000527146, 0.00122299,-0.00085618,buy
2021-06-11,0,1,1,1,3,0,1,1,1,1,2,1,2,1,2,2,0, 0.00020662, 0.001283385, 0.001072865, 0.00150061, 0.00107286,buy
2021-06-12,1,0,0,1,3,0,0,0,2,1,2,0,1,0,2,2,1, 0.00333638, 0.004046394, 0.003479198, 0.00165894, 0.00413378,buy
2021-06-13,1,1,1,1,4,1,0,1,1,1,4,2,2,2,1,1,0,-0.00315562,-0.003136391,-0.003191734,-0.00348589,-0.00296724,sell
2021-06-14,1,1,0,2,4,1,1,1,1,2,4,2,2,1,2,2,1, 0.00017017, 0.001900953, 0.001506929, 0.00141833, 0.00110757,buy
2021-06-15,0,2,0,2,4,0,2,2,0,1,3,1,2,2,1,2,2, 0.00117894, 0.001127957, 0.001040510, 0.00154112, 0.00116648,buy
2021-06-16,0,1,0,3,2,1,2,3,0,1,4,2,1,2,1,1,2, 0.00162336, 0.002867375, 0.001623355, 0.00158696, 0.00276071,buy
2021-06-17,0,1,2,3,3,1,1,3,1,0,3,2,1,3,2,2,2, 0.00453817, 0.006038140, 0.004538170, 0.00464607, 0.00423725,buy
2021-06-18,0,1,2,4,3,1,2,2,1,0,4,2,2,2,2,3,1,-0.00034681, 0.001906632,-0.000826282, 0.00018910,-0.00141673,sell
2021-06-19,0,2,3,3,3,0,1,1,0,1,2,0,3,2,3,3,1,-0.00014116, 0.000857221,-0.001049318, 0.00085722,-0.00038966,sell
2021-06-20,0,3,4,3,1,0,1,1,0,3,3,1,4,1,3,2,2,-0.00101346,-0.001117870,-0.001658752,-0.00143642,-0.00117888,sell
2021-06-21,0,4,4,3,0,2,1,1,0,2,3,2,4,1,3,3,1, 0.00076934, 0.001064007, 0.000759794, 0.00076934, 0.00037405,buy
2021-06-22,0,1,6,1,0,1,1,0,1,1,3,1,3,2,1,1,1, 0.00254349, 0.002648000, 0.002094846, 0.00209818,-0.00024405,buy
2021-06-23,0,2,3,3,1,1,1,1,1,1,2,2,4,2,1,2,1, 0.00059993,-0.000369866,-0.001017878,-0.00103729,-0.00055555,sell
2021-06-24,0,2,1,3,1,1,1,1,1,1,3,1,3,2,1,1,1, 0.00043794, 0.000895083,-0.000083226, 0.00029109, 0.00040544,buy
2021-06-25,0,2,2,1,1,2,1,2,0,0,3,1,2,1,2,1,1, 0.00049048, 0.000115963, 0.000628725, 0.00038897, 0.00112232,buy
2021-06-26,1,3,0,1,1,2,1,1,1,0,3,0,3,1,1,1,2,-0.00021298,-0.000640023, 0.000024828,-0.00106924,-0.00064002,sell
2021-06-27,1,2,0,1,1,2,1,2,0,2,2,2,3,0,2,2,1,-0.00140419,-0.000007797,-0.001045391,-0.00266298,-0.00008543,sell
2021-06-28,1,1,0,1,2,1,3,1,0,1,2,1,3,1,1,1,2, 0.00123842, 0.000681558,-0.001669947, 0.00108882, 0.00118739,buy
2021-06-29,1,1,0,0,3,1,2,2,1,1,2,2,1,1,2,2,2, 0.00241313, 0.002413128, 0.003425568, 0.00251743, 0.00296697,buy
2021-06-30,1,0,0,2,2,1,2,3,1,1,2,2,1,1,3,2,2, 0.00168236, 0.000931365, 0.001311578, 0.00007681, 0.00013312,buy
2021-07-01,0,0,2,1,1,1,2,3,2,2,1,2,2,0,4,3,2, 0.00118691, 0.000236569, 0.000068983, 0.00021933,-0.00046481,buy
2021-07-02,0,1,1,1,1,1,3,2,2,2,1,2,3,0,3,3,2, 0.00281096, 0.001891324, 0.002683992, 0.00248023, 0.00243458,buy
2021-07-03,0,2,0,1,1,1,2,1,2,3,1,2,3,1,2,2,2, 0.00159894, 0.002780051, 0.002887023, 0.00276752, 0.00343807,buy
2021-07-04,1,1,0,1,1,2,1,1,1,5,0,2,3,1,4,3,1,-0.00025463, 0.001150702,-0.000414386,-0.00005612,-0.00185904,sell
2021-07-05,0,1,1,2,2,1,1,0,2,3,1,1,3,2,3,3,0,-0.00116979,-0.001169789,-0.001116871, 0.00104750,-0.00145489,sell
2021-07-06,0,0,1,3,1,1,1,0,2,4,2,1,1,2,3,3,1,-0.00055435,-0.000010984,-0.000545287,-0.00082187, 0.00068128,sell
2021-07-07,1,1,1,3,1,1,2,0,3,4,2,3,2,2,3,4,1, 0.00184463,-0.000166301, 0.000241108, 0.00001433, 0.00019887,buy
2021-07-08,1,1,1,3,2,1,1,4,0,3,2,3,3,2,3,3,1, 0.00040198, 0.000681252, 0.000781647, 0.00040198, 0.00040198,buy
2021-07-09,1,1,0,3,2,0,3,2,1,1,2,3,1,1,2,3,2, 0.00299642, 0.001623474, 0.002565574, 0.00185443, 0.00261991,buy
2021-07-10,1,0,1,3,1,1,3,2,0,1,2,3,1,2,1,2,2,-0.00042171,-0.000875979,-0.000571773,-0.00060474,-0.00368997,sell
2021-07-11,1,0,2,1,1,1,1,3,0,0,2,3,2,0,1,1,1,-0.00106668,-0.001068379,-0.000259741,-0.00019662,-0.00144739,sell
2021-07-12,3,0,2,0,3,1,1,3,0,1,1,4,3,1,1,2,2, 0.00078602, 0.000287475, 0.000250724, 0.00065499, 0.00025072,buy
2021-07-13,1,1,2,0,3,1,1,2,0,0,2,3,3,1,0,1,1, 0.00138795, 0.001851586, 0.001811212, 0.00185159, 0.00158631,buy
2021-07-14,1,1,3,1,3,2,3,2,0,0,1,4,5,2,1,1,2, 0.00147558, 0.001431844, 0.001235275, 0.00019324, 0.00180503,buy
2021-07-15,1,1,2,2,3,2,2,3,0,0,1,4,5,2,1,1,2, 0.00205803, 0.000912336, 0.001709183, 0.00081965, 0.00094881,buy
2021-07-16,1,2,2,1,5,1,0,4,0,0,1,3,4,3,2,1,2, 0.00494083, 0.000558600, 0.000234265, 0.00046738,-0.00125713,buy
2021-07-17,1,2,2,0,6,1,0,2,2,1,1,3,4,4,2,1,2,-0.00008854, 0.000851500, 0.000275398, 0.00044679, 0.00011190,sell
2021-07-18,0,2,0,1,4,2,0,1,1,1,1,0,2,3,2,3,1,-0.00301671,-0.003461814,-0.003016706,-0.00301671,-0.00301671,sell
2021-07-19,0,2,1,1,5,2,0,1,2,3,5,1,2,4,1,2,2, 0.00176686, 0.001805789, 0.001960051, 0.00196005, 0.00231781,buy
2021-07-20,0,5,0,1,4,1,0,2,2,1,4,1,2,2,1,4,2,-0.00016539,-0.000110080, 0.000067703,-0.00106517,-0.00106517,sell
2021-07-21,0,2,2,2,4,1,1,2,2,1,4,1,2,2,1,5,2, 0.00152725, 0.001064007, 0.001065093, 0.00117734, 0.00150156,buy
2021-07-22,0,1,2,4,2,1,1,1,1,0,5,1,0,1,1,3,2, 0.00163786, 0.000790708, 0.000577146, 0.00180317, 0.00122752,buy
2021-07-23,1,1,2,1,3,1,1,1,1,0,4,1,2,2,0,2,1, 0.00058777, 0.001096286, 0.000683354, 0.00112107, 0.00094196,buy
2021-07-24,1,2,1,0,3,3,2,1,0,1,4,1,2,2,1,3,1, 0.00076112, 0.002085583, 0.000959999, 0.00086113, 0.00066226,buy
2021-07-25,0,1,1,0,2,3,3,0,0,1,2,2,2,3,0,2,0,-0.00016579, 0.000682379, 0.000446521, 0.00077829, 0.00071118,buy
2021-07-26,1,1,0,0,1,4,2,1,0,0,3,2,0,2,1,1,1, 0.00014398, 0.000024910,-0.000719322, 0.00502044, 0.00424773,buy
2021-07-27,1,1,0,1,1,1,2,2,2,0,2,1,2,2,2,2,0, 0.00375463,-0.001393995, 0.002506081,-0.00207533,-0.00082585,sell
2021-07-28,1,1,0,2,4,1,2,2,1,0,3,2,2,2,2,2,1, 0.00012278,-0.000239312, 0.000475871, 0.00063659,-0.00040363,buy
2021-07-29,0,1,0,3,2,1,1,1,1,0,2,1,1,1,2,2,1, 0.00379582, 0.003487024, 0.003709060, 0.00338011, 0.00463626,buy
2021-07-30,0,0,1,4,1,2,1,0,1,1,2,1,3,2,2,0,1,-0.00184495, 0.000556852,-0.000920768,-0.00154703,-0.00184530,sell
2021-07-31,1,1,3,3,1,3,0,1,0,1,1,1,3,2,4,2,1, 0.00142009, 0.003019069, 0.002693530,-0.00275231, 0.00318537,buy
2021-08-01,1,2,3,3,1,3,1,0,1,0,1,1,3,2,4,2,2, 0.00078327,-0.000164998,-0.000872246,-0.00069666,-0.00002183,buy
2021-08-02,0,1,2,0,0,2,1,0,0,3,1,1,0,1,2,2,2,-0.00063067,-0.000926180,-0.002986709,-0.00077635,-0.00107900,sell
2021-08-03,0,1,2,1,0,1,2,0,0,3,1,0,0,1,2,4,2, 0.00106830, 0.001054416, 0.000457894,-0.00060015, 0.00106830,buy
2021-08-04,0,0,2,1,1,1,1,1,0,3,1,0,1,1,2,4,1, 0.00118779, 0.002010874, 0.001979831, 0.00076702, 0.00122895,buy
2021-08-05,0,1,0,1,1,0,1,1,2,2,1,1,1,0,1,4,1, 0.00205428, 0.001344437, 0.001791672, 0.00066188, 0.00018157,buy
2021-08-06,0,0,1,1,1,1,1,1,2,1,1,1,2,1,0,2,2, 0.00012423,-0.001633107,-0.001467309, 0.00034339,-0.00074073,sell
2021-08-07,0,0,0,1,3,3,2,1,0,1,1,1,3,2,1,1,2, 0.00032370,-0.001456529,-0.001196335, 0.00019649,-0.00182878,sell
2021-08-08,0,1,0,2,4,2,1,0,0,2,0,0,4,1,3,3,1,-0.00335789,-0.003376816,-0.001852215,-0.00377590,-0.00185222,sell
2021-08-09,0,2,1,2,5,3,1,0,0,1,2,0,3,4,2,3,1,-0.00269334,-0.002406234,-0.002936119,-0.00326819,-0.00210352,sell
2021-08-10,1,1,2,3,3,2,0,0,0,0,1,1,1,4,3,2,0,-0.00363227,-0.003890676,-0.004934467,-0.00389068,-0.00129609,sell
2021-08-11,1,1,2,4,4,3,0,0,0,0,3,0,3,3,3,2,1,-0.00120479,-0.001321485,-0.001747158,-0.00240923,-0.00134411,sell
2021-08-12,0,1,2,4,4,1,1,0,0,0,3,1,1,3,3,2,0,-0.00021567,-0.000538271,-0.000431662,-0.00033379, 0.00052657,sell
2021-08-13,0,1,2,3,6,0,1,1,0,1,2,1,2,4,3,2,1,-0.00495116,-0.005084932,-0.006149165,-0.00510063,-0.00230795,sell
2021-08-14,0,1,1,3,4,1,0,1,1,1,3,1,2,2,2,2,1,-0.00427550,-0.004131407,-0.004234670,-0.00413141,-0.00280931,sell
2021-08-15,0,1,1,3,5,1,0,1,1,1,3,0,2,4,2,2,1,-0.00453717,-0.004061449,-0.005603838,-0.00540331,-0.00208053,sell
2021-08-16,1,1,1,3,4,1,0,1,2,2,2,2,2,4,3,2,1, 0.00230258, 0.002374438,-0.000765749, 0.00217315, 0.00130020,buy
2021-08-17,1,2,1,3,4,1,1,1,1,2,2,3,2,4,2,4,0, 0.00007268, 0.000030988,-0.000283571,-0.00000795, 0.00035538,buy
2021-08-18,1,2,2,2,2,1,2,0,1,1,2,2,0,3,2,4,1,-0.00155059,-0.003536571,-0.001308731, 0.00050597,-0.00126618,sell
2021-08-19,2,2,4,0,1,1,1,1,1,0,2,2,1,2,1,4,1, 0.00162807,-0.000576882,-0.001876995, 0.00144229, 0.00157270,buy
2021-08-20,3,2,4,1,0,1,1,1,0,0,2,2,1,1,2,4,1,-0.00360766, 0.000080423,-0.003902272,-0.00507550,-0.00425256,sell
2021-08-21,2,1,3,1,1,1,1,1,0,1,1,2,2,0,2,4,1,-0.00433046,-0.000006907,-0.005231837,-0.00571291,-0.00561526,sell
2021-08-22,1,1,2,1,0,1,2,0,0,0,1,0,2,1,1,2,1,-0.00085783,-0.000550481,-0.002363220,-0.00093948, 0.00010620,sell
2021-08-23,0,1,2,2,1,2,1,1,1,0,1,1,1,2,3,2,1, 0.00391057, 0.003812339, 0.003878893, 0.00391057, 0.00329342,buy
2021-08-24,1,1,3,2,0,1,1,2,1,0,2,0,2,3,3,2,0,-0.00181418,-0.001814177,-0.002079181,-0.00207918,-0.00181418,sell
2021-08-25,0,1,3,2,1,2,1,1,1,0,2,0,1,2,3,3,1,-0.00184434,-0.001645117,-0.001844341,-0.00164512,-0.00082358,sell
2021-08-26,0,1,1,2,3,1,2,0,1,1,3,1,2,3,1,2,0, 0.00027570,-0.000860188, 0.000224280, 0.00123784, 0.00056181,buy
2021-08-27,0,2,1,4,2,1,0,1,1,1,3,1,2,3,2,2,0, 0.00398571, 0.000690066, 0.002615360, 0.00258692, 0.00299636,buy
2021-08-28,1,1,1,1,4,1,0,0,1,1,1,1,2,0,3,3,1,-0.00200628,-0.001042103,-0.001120332,-0.00262470,-0.00092205,sell
2021-08-29,0,1,1,4,2,1,1,0,1,1,1,1,2,2,3,2,1, 0.00037296,-0.001185843, 0.001448206,-0.00098300,-0.00087924,sell
2021-08-30,0,2,2,4,2,1,2,0,0,0,1,2,1,2,3,3,1,-0.00133928,-0.001648022,-0.000689208,-0.00133928,-0.00143506,sell
2021-08-31,0,0,3,4,2,1,2,0,0,2,1,2,2,3,3,2,1,-0.00049834,-0.000979292, 0.000071093,-0.00157016,-0.00047929,sell
2021-09-01,0,2,2,3,3,1,1,1,0,0,2,1,3,2,3,1,1,-0.00458264,-0.004238206,-0.001833995,-0.00496243,-0.00349517,sell
2021-09-02,0,0,3,3,4,1,1,0,2,1,2,2,3,2,4,1,1, 0.00112600, 0.001125998, 0.001166656, 0.00146717, 0.00116804,buy
2021-09-03,0,1,5,3,3,2,1,0,1,2,4,2,3,4,3,1,1, 0.00006108,-0.000102204,-0.000197692,-0.00034771,-0.00001642,buy
2021-09-04,0,1,4,3,2,2,1,1,0,2,3,2,3,2,4,2,0,-0.00448016,-0.003061829,-0.004192776,-0.00448016,-0.00424507,sell
2021-09-05,0,3,4,2,4,2,2,0,1,1,4,2,3,4,3,2,1, 0.00414058, 0.004245305, 0.004218769, 0.00417537, 0.00462143,buy
2021-09-06,0,2,5,3,2,0,1,1,0,1,3,1,0,4,4,2,1,-0.00243469,-0.000712429,-0.002158289,-0.00056638,-0.00243469,sell
2021-09-07,1,2,5,2,3,1,2,0,0,1,4,2,1,4,2,3,1,-0.00276924,-0.001926867,-0.002134173,-0.00029128,-0.00179903,sell
2021-09-08,0,3,4,4,2,0,2,0,0,0,4,1,0,3,2,4,1,-0.00017805, 0.001221838, 0.001940343, 0.00113319, 0.00132380,buy
2021-09-09,0,3,3,1,4,0,2,0,0,1,2,2,1,4,1,4,0,-0.00025348,-0.000461511,-0.000045513,-0.00051100, 0.00016782,sell
2021-09-10,1,2,1,2,1,0,1,0,0,2,2,1,1,1,2,2,1,-0.00027834,-0.001828592,-0.002433506,-0.00399200,-0.00203118,sell
2021-09-11,0,1,1,2,1,2,0,1,1,1,2,1,2,1,1,3,0,-0.00217932,-0.001397216,-0.000719774,-0.00011998, 0.00034377,sell
2021-09-12,0,1,0,2,1,1,1,1,3,1,1,1,2,2,2,2,1, 0.00056623,-0.000477429, 0.000632270, 0.00066006, 0.00047831,buy
2021-09-13,0,1,1,3,2,1,1,3,2,1,2,0,4,3,3,2,1,-0.00156648,-0.001984975,-0.001844212,-0.00166719,-0.00136834,sell
2021-09-14,0,0,1,4,2,1,2,2,2,3,3,1,4,2,4,2,1,-0.00292772,-0.001291885,-0.002077097,-0.00293995,-0.00232469,sell
2021-09-15,0,1,2,3,2,1,1,1,1,1,2,1,4,1,3,2,0,-0.00100103, 0.000219654,-0.000309235,-0.00254954,-0.00207454,sell
2021-09-16,1,1,3,3,2,1,1,1,1,1,3,1,5,2,2,2,0,-0.00048240,-0.000424755,-0.000558150,-0.00175434,-0.00082455,sell
2021-09-17,1,2,2,4,2,0,0,1,0,4,3,1,3,2,4,2,1,-0.00033773,-0.000690243, 0.002619786, 0.00009597, 0.00032278,sell
2021-09-18,1,3,2,3,3,0,2,0,0,2,4,2,3,3,2,1,1, 0.00069305, 0.001043880, 0.002454190,-0.00161182,-0.00077513,buy
2021-09-19,0,2,3,1,2,0,1,1,1,1,2,1,1,3,2,2,1, 0.00293939, 0.004244025, 0.002276193, 0.00380514, 0.00331154,buy
2021-09-20,1,2,2,2,1,1,1,2,2,1,3,0,2,2,3,4,1,-0.00096354,-0.001702278,-0.002238868,-0.00085405,-0.00085405,sell
2021-09-21,0,2,2,2,1,2,0,2,1,1,3,1,1,1,3,3,1, 0.00063926, 0.000641464, 0.000644998, 0.00065190,-0.00186823,buy
2021-09-22,0,1,2,2,1,1,2,0,1,2,3,0,1,2,2,3,1,-0.00256757,-0.001215221,-0.000438369,-0.00136802,-0.00026270,sell
2021-09-23,0,1,2,2,1,1,1,1,1,3,3,1,2,2,3,2,0,-0.00035135, 0.000339362,-0.000404070, 0.00014458, 0.00066327,sell
2021-09-24,1,2,2,2,1,2,0,1,0,2,2,1,1,2,3,3,1,-0.00293585,-0.002639047,-0.002881121,-0.00359184,-0.00314567,sell
2021-09-25,0,2,3,2,0,2,0,0,1,2,3,1,1,2,3,1,1, 0.00115912, 0.000010090, 0.001492125, 0.00124110, 0.00123920,buy
2021-09-26,1,3,4,2,0,0,0,0,0,1,2,2,0,3,4,0,0,-0.00125490,-0.000218549,-0.000109881, 0.00008945, 0.00076819,buy
2021-09-27,1,2,4,3,2,0,1,0,0,3,4,1,2,3,4,1,1,-0.00106854,-0.001366151,-0.000874758,-0.00085931,-0.00082777,sell
2021-09-28,1,4,5,4,2,0,0,2,0,3,5,3,4,3,4,1,1,-0.00100319,-0.000732313, 0.000026649, 0.00007992,-0.00090738,sell
2021-09-29,1,3,3,4,2,0,1,1,2,3,5,3,3,3,3,1,2,-0.00114286,-0.001312247,-0.001142092,-0.00114209,-0.00126065,sell
2021-09-30,1,3,5,2,3,1,1,1,1,2,5,2,3,5,2,1,2, 0.00094441,-0.000086693,-0.000331033, 0.00009220, 0.00077355,buy
2021-10-01,1,4,3,2,2,1,1,1,2,2,3,3,3,4,3,1,2,-0.00294687,-0.002944943,-0.003428199,-0.00282971,-0.00286977,sell
2021-10-02,1,5,1,1,4,1,1,1,2,4,4,3,2,5,1,3,3, 0.00036624, 0.000960122, 0.000153604,-0.00064071,-0.00016855,buy
2021-10-03,1,4,1,1,5,0,1,2,1,2,1,3,1,6,2,3,2, 0.00152666, 0.001678798, 0.001609051, 0.00082969, 0.00069834,buy
2021-10-04,1,3,2,2,5,1,1,1,1,1,2,3,2,5,3,3,0, 0.00238455, 0.001853574, 0.001979055, 0.00213649, 0.00203449,buy
2021-10-05,1,2,3,3,4,1,0,1,1,0,3,2,2,3,2,3,1,-0.00026903, 0.001168097, 0.000912728, 0.00072072, 0.00135944,buy
2021-10-06,2,2,3,1,5,0,0,2,0,0,3,3,2,2,1,3,1, 0.00065475, 0.001375811, 0.001399970, 0.00295337, 0.00066620,buy
2021-10-07,2,1,1,1,4,0,1,2,0,2,1,3,3,1,2,2,2, 0.00292932, 0.002712008, 0.002666316, 0.00260252, 0.00287003,buy
2021-10-08,2,1,1,1,2,1,1,2,0,1,1,4,2,0,1,3,1,-0.00297797,-0.002935871,-0.002912564,-0.00188919,-0.00268373,sell
2021-10-09,3,0,1,0,2,0,0,3,2,1,1,4,1,1,1,2,2,-0.00271451,-0.002696442,-0.002447837,-0.00213245,-0.00269644,sell
2021-10-10,2,1,0,0,3,0,0,3,3,1,0,4,3,1,2,2,1,-0.00122499,-0.001465390,-0.000685518, 0.00023358,-0.00033148,sell
2021-10-11,2,1,0,1,3,0,2,2,2,1,1,3,3,2,2,2,1,-0.00116628,-0.001535213,-0.001540406, 0.00013238,-0.00073162,sell
2021-10-12,1,2,2,0,3,0,2,1,1,1,2,2,3,1,2,2,1, 0.00238359, 0.002470097, 0.002210871, 0.00231268, 0.00234682,buy
2021-10-13,2,5,2,0,3,0,1,2,2,1,3,3,4,3,2,2,1, 0.00204175, 0.000783110, 0.002642659, 0.00234330, 0.00117348,buy
2021-10-14,2,5,2,0,3,0,0,2,2,2,2,2,4,3,3,3,1, 0.00053018, 0.000268863, 0.000969172, 0.00041851, 0.00040647,buy
2021-10-15,1,4,3,0,2,0,2,1,2,2,3,1,4,4,3,1,1, 0.00007911, 0.000394667,-0.001321247,-0.00063955,-0.00149093,sell
2021-10-16,0,4,3,2,3,0,1,2,2,3,3,1,3,5,4,2,2, 0.00032341, 0.000323413,-0.000594739, 0.00012903, 0.00005527,buy
2021-10-17,1,4,3,1,3,0,1,2,3,3,4,1,2,5,4,2,3,-0.00248159,-0.002826317,-0.002765764,-0.00248159,-0.00263369,sell
2021-10-18,0,4,2,1,2,0,0,2,3,2,3,0,1,4,4,2,2,-0.00180313,-0.001675635,-0.001610722,-0.00219887,-0.00229265,sell
2021-10-19,0,3,2,0,3,0,2,1,1,2,2,0,2,3,3,3,1, 0.00000291,-0.002095727,-0.002349401,-0.00206300, 0.00042178,sell
2021-10-20,0,2,1,1,2,1,1,0,1,2,2,1,1,3,1,2,1, 0.00015730, 0.000003054, 0.000785219,-0.00017238, 0.00002419,buy
2021-10-21,1,3,1,0,3,0,0,1,0,2,1,0,1,3,2,3,1, 0.00035525,-0.000401241,-0.000789389, 0.00034861,-0.00071681,buy
2021-10-22,1,3,2,0,3,0,0,0,1,2,2,1,1,3,2,2,1,-0.00082784,-0.000812959,-0.002098156, 0.00158807, 0.00226781,sell
2021-10-23,0,3,2,1,2,0,0,0,0,2,1,1,1,4,2,1,0, 0.00037655,-0.000504212,-0.000423662, 0.00008706,-0.00062668,sell
2021-10-24,0,2,1,2,1,1,1,1,0,3,0,1,2,3,3,2,1, 0.00029443, 0.000478903, 0.000288850, 0.00063591, 0.00044311,buy
2021-10-25,0,0,2,2,2,1,0,2,1,3,2,1,3,2,2,2,1,-0.00183845,-0.001769543,-0.001769543,-0.00353956,-0.00176714,sell
2021-10-26,0,2,0,2,2,0,0,1,2,2,2,1,3,0,3,2,0, 0.00062428,-0.001434202,-0.001376944,-0.00121395,-0.00151332,sell
2021-10-27,0,1,1,1,2,1,1,1,2,2,2,1,3,2,2,1,1,-0.00017336, 0.000231562, 0.000771004,-0.00014187,-0.00051656,sell
2021-10-28,0,0,0,3,1,2,1,1,1,3,1,1,4,2,3,0,1,-0.00011411,-0.000114109, 0.000498300,-0.00011411,-0.00105198,sell
2021-10-29,0,1,1,3,2,1,1,1,1,3,3,0,5,1,3,1,1,-0.00047468,-0.000474680, 0.000477771,-0.00055585,-0.00063057,sell
2021-10-30,0,2,2,2,3,1,1,1,3,1,4,1,3,2,2,2,2, 0.00030010, 0.001051014,-0.000306166, 0.00105101, 0.00144230,buy
2021-10-31,0,3,2,2,2,0,1,1,1,2,2,1,1,3,3,2,2,-0.00138019,-0.000901818,-0.001232883,-0.00044487,-0.00138019,sell
2021-11-01,0,2,2,3,2,2,2,1,1,3,3,2,2,3,3,3,2,-0.00276235,-0.002395257,-0.002791875,-0.00261232,-0.00164359,sell
2021-11-02,0,3,2,3,1,1,1,0,1,1,3,1,1,2,2,3,1, 0.00070681,-0.000107659, 0.002121998, 0.00076880,-0.00008472,buy
2021-11-03,0,3,1,2,2,1,0,0,2,2,2,0,2,2,2,3,2, 0.00267269, 0.002640642, 0.001501322, 0.00389572, 0.00266822,buy
2021-11-04,1,2,0,3,0,2,0,1,2,1,2,1,2,0,1,3,3,-0.00083074,-0.000939916,-0.001305699, 0.00056631,-0.00119896,sell
2021-11-05,0,0,1,2,0,2,1,1,2,2,1,0,2,1,1,3,3,-0.00173379,-0.003323464,-0.002624990,-0.00197370,-0.00256732,sell
2021-11-06,1,1,0,1,1,1,2,1,3,1,0,3,2,1,2,2,2,-0.00028779,-0.000889092,-0.000287793,-0.00000810,-0.00177154,sell
2021-11-07,1,0,0,3,1,0,1,2,3,2,1,3,3,1,2,2,1,-0.00022778, 0.000349387,-0.000141523, 0.00025122, 0.00203317,buy
2021-11-08,2,1,1,3,0,0,1,1,3,2,2,3,2,0,3,2,2,-0.00153422, 0.004378454,-0.002012683, 0.00198209, 0.00289145,buy
2021-11-09,2,2,2,2,0,0,2,0,3,2,2,2,4,1,3,2,1,-0.00161996,-0.000730844,-0.000734076, 0.00004878,-0.00172141,sell
2021-11-10,2,3,1,2,0,0,2,2,1,4,3,3,4,0,4,2,1, 0.00083581, 0.000997079, 0.001148874, 0.00114887, 0.00114887,buy
2021-11-11,2,3,1,0,0,1,3,2,1,4,5,3,2,1,3,2,1,-0.00115388,-0.000576798,-0.000623720,-0.00117412,-0.00073151,sell
2021-11-12,1,2,2,0,0,2,3,2,2,2,4,3,1,2,3,2,1,-0.00072525,-0.003076056,-0.001357495,-0.00061405,-0.00135750,sell
2021-11-13,1,2,2,0,0,2,2,3,4,2,4,2,2,2,4,3,1,-0.00069979,-0.002353995,-0.001324074,-0.00013455,-0.00212185,sell
2021-11-14,1,1,1,1,0,2,2,3,3,2,4,2,2,2,3,3,0,-0.00242519,-0.003420283,-0.002443965,-0.00187749,-0.00156365,sell
2021-11-15,0,1,1,0,1,1,2,2,3,2,4,2,0,1,2,3,1, 0.00528687, 0.003949757, 0.004448116, 0.00530301, 0.00552992,buy
2021-11-16,0,2,2,0,0,1,2,1,3,2,4,1,2,2,1,2,1, 0.00278339, 0.002723748, 0.002192594, 0.00327785, 0.00274359,buy
2021-11-17,1,2,3,0,0,1,0,2,2,2,3,1,2,2,1,3,1,-0.00085693,-0.000936200,-0.001653895,-0.00001679,-0.00140544,sell
2021-11-18,1,2,3,0,0,2,0,0,3,2,3,2,2,1,1,3,1, 0.00178278, 0.002012254, 0.001016968, 0.00368354, 0.00178278,buy
2021-11-19,0,1,3,1,0,1,0,0,2,2,2,1,1,2,1,2,1,-0.00141496,-0.001030341,-0.000572377,-0.00101701,-0.00014779,sell
2021-11-20,0,1,2,1,2,1,1,0,2,1,2,2,0,2,1,3,1, 0.00258918, 0.001804671, 0.002709038, 0.00200543, 0.00247414,buy
2021-11-21,0,0,2,1,2,0,0,2,2,2,2,2,1,2,1,2,1, 0.00415103, 0.004180701, 0.004297642, 0.00376598, 0.00417894,buy
2021-11-22,0,1,0,2,1,0,0,2,2,1,2,2,1,1,1,1,1, 0.00454549, 0.004149449, 0.004545494, 0.00077479, 0.00455181,buy
2021-11-23,0,0,2,1,1,1,0,1,2,0,1,2,1,0,1,1,2,-0.00073810, 0.000960635, 0.001460511, 0.00145674, 0.00256824,buy
2021-11-24,0,1,2,1,1,1,0,1,1,0,1,2,3,1,0,0,1,-0.00439600,-0.004395995,-0.004258511,-0.00439600,-0.00402673,sell
2021-11-25,0,1,1,1,1,1,0,1,2,1,0,2,3,0,1,1,2, 0.00138772, 0.001732043, 0.001295209, 0.00196317, 0.00181611,buy
2021-11-26,0,3,1,0,3,1,0,1,2,1,1,2,5,1,0,1,2, 0.00100301, 0.000879592, 0.000858421, 0.00109693, 0.00100301,buy
2021-11-27,0,2,2,2,1,0,0,1,3,0,0,1,4,1,2,1,2, 0.00110664, 0.001298858, 0.001567111, 0.00085232, 0.00177356,buy
2021-11-28,0,2,4,2,1,1,0,2,5,0,1,2,5,3,3,1,2,-0.00180839,-0.001397151,-0.001419760,-0.00094923,-0.00133273,sell
2021-11-29,0,3,3,2,2,0,0,3,4,0,1,2,4,3,4,2,1,-0.00128785,-0.000780454,-0.000772153,-0.00059374,-0.00000673,sell
2021-11-30,0,4,3,1,4,0,1,2,5,1,2,2,5,4,3,3,2,-0.00357545,-0.002775270,-0.003434796, 0.00128361,-0.00189956,sell
2021-12-01,0,2,2,1,2,0,1,2,5,3,2,2,4,4,4,2,0,-0.00022686,-0.000282470,-0.000339754,-0.00013498,-0.00003778,sell
2021-12-02,1,1,2,1,2,1,0,2,5,2,2,2,4,3,2,3,1,-0.00160595, 0.002308457, 0.003165145, 0.00221196,-0.00152056,buy
2021-12-03,2,1,1,0,2,0,0,2,6,2,2,2,3,4,1,2,2,-0.00339893, 0.000177107,-0.003698175, 0.00011796, 0.00055170,sell
2021-12-04,1,1,0,0,2,0,2,3,4,2,2,1,3,4,1,2,2, 0.00024935, 0.002274006, 0.003060913, 0.00024935, 0.00002936,buy
2021-12-05,1,0,0,1,1,0,4,2,3,2,3,3,1,3,1,2,1, 0.00023660, 0.000769680,-0.000021178, 0.00020912,-0.00194401,buy
2021-12-06,3,0,1,0,0,0,2,2,3,2,3,2,2,3,1,1,1,-0.00003769,-0.000030207,-0.000164150,-0.00028780, 0.00063742,sell
2021-12-07,3,1,0,0,0,0,3,1,3,2,3,2,2,3,0,1,2,-0.00109126,-0.001706260,-0.001091256, 0.00085420,-0.00184578,sell
2021-12-08,2,0,0,0,0,0,4,2,1,4,2,0,4,3,2,1,1, 0.00064796, 0.000930485, 0.000511882, 0.00064796, 0.00094101,buy
2021-12-09,2,0,0,1,0,0,6,1,1,3,3,1,2,4,1,1,2, 0.00232087, 0.002714958, 0.001612340, 0.00265778, 0.00376638,buy
2021-12-10,1,2,0,1,0,0,5,3,2,2,3,2,1,3,2,3,2, 0.00041649, 0.000186306, 0.002024592, 0.00041907, 0.00033254,buy
2021-12-11,2,1,1,1,0,0,5,3,3,2,4,2,2,3,2,3,2,-0.00031231, 0.000373019, 0.002547552, 0.00020371, 0.00041706,sell
2021-12-12,1,1,0,2,0,0,5,1,2,1,3,2,1,2,1,3,1,-0.00010814,-0.000056482,-0.000161073,-0.00019934, 0.00062550,sell
2021-12-13,1,1,0,1,0,0,4,2,2,3,4,2,2,3,1,1,1, 0.00119052, 0.001261839,-0.000441182, 0.00132786, 0.00150861,buy
2021-12-14,1,3,0,1,1,0,3,2,1,3,2,2,2,4,1,2,2, 0.00156087, 0.001958167, 0.003379514, 0.00267566, 0.00136926,buy
2021-12-15,2,3,0,1,0,0,3,1,2,1,2,1,1,3,2,3,1, 0.00014150,-0.003278752, 0.000157061, 0.00089595, 0.00014150,buy
2021-12-16,1,2,2,1,0,1,3,1,2,1,3,2,1,3,2,2,1, 0.00254918, 0.003013418, 0.003048168, 0.00261900, 0.00322997,buy
2021-12-17,1,2,1,3,0,1,3,1,1,0,3,1,0,3,2,3,1, 0.00415450, 0.004761001, 0.004563121, 0.00476739, 0.00498118,buy
2021-12-18,1,2,0,3,2,0,3,2,1,1,2,0,2,3,3,3,2, 0.00106125, 0.002899446, 0.003129368, 0.00421469, 0.00290479,buy
2021-12-19,1,3,2,2,3,0,3,2,1,0,3,1,2,3,3,4,1,-0.00019285, 0.001145598, 0.001450867, 0.00122840, 0.00096001,buy
2021-12-20,1,2,2,2,1,0,2,1,2,0,4,1,2,1,2,3,0, 0.00036349, 0.002045150, 0.003534264, 0.00353426, 0.00382968,buy
2021-12-21,1,2,2,1,1,2,1,1,1,0,3,1,2,2,1,2,1,-0.00272010,-0.002191208,-0.002584499,-0.00258450,-0.00309485,sell
2021-12-22,1,2,2,1,0,1,0,1,1,1,2,1,2,1,1,3,0, 0.00009511,-0.001449186,-0.000845184, 0.00038567,-0.00068416,sell
2021-12-23,1,4,0,0,4,1,0,3,1,0,2,2,2,3,1,3,1, 0.00242542, 0.002501199, 0.003178985, 0.00340492, 0.00240750,buy
2021-12-24,1,3,0,0,3,1,0,2,2,1,1,3,2,3,1,2,1,-0.00320046,-0.000343373,-0.003494639,-0.00163097,-0.00333505,sell
2021-12-25,1,1,1,2,2,1,0,2,2,1,0,2,3,3,2,2,1, 0.00065582, 0.000660807, 0.002858750, 0.00076095, 0.00149074,buy
2021-12-26,1,1,2,2,2,1,0,2,2,0,1,1,3,3,2,2,1,-0.00216181,-0.000671789,-0.000761222,-0.00064720,-0.00082292,sell
2021-12-27,2,3,1,1,2,0,0,3,3,0,1,3,2,3,2,2,2,-0.00082055,-0.001978004,-0.000878439,-0.00050584, 0.00085398,sell
2021-12-28,3,1,2,0,2,0,1,4,2,2,1,4,2,4,2,2,2,-0.00379397,-0.002635601,-0.002622142,-0.00252423,-0.00257276,sell
2021-12-29,3,1,2,1,1,1,3,3,2,1,2,4,2,3,3,3,1, 0.00051697, 0.000064992, 0.000154692,-0.00033608,-0.00026373,buy
2021-12-30,3,2,2,0,1,0,2,2,4,1,2,2,2,4,2,3,2,-0.00425414,-0.002178650,-0.003061026,-0.00419661,-0.00325002,sell
2021-12-31,2,2,1,0,2,0,3,4,3,1,2,3,2,3,3,4,1, 0.00003372,-0.000543871, 0.000545973,-0.00030475,-0.00031264,sell
2022-01-01,0,1,1,1,0,0,5,2,3,1,2,2,2,1,3,3,1, 0.00234237, 0.001286785, 0.001933313, 0.00192036, 0.00167158,buy
2022-01-02,0,1,2,0,0,0,5,2,3,0,3,3,1,0,3,3,0, 0.00130187, 0.001262210, 0.001401883, 0.00244083, 0.00250899,buy
2022-01-03,2,1,1,0,0,0,5,4,2,0,4,4,2,1,1,2,1, 0.00102761, 0.000083966,-0.000411362,-0.00025896, 0.00065630,buy
2022-01-04,1,0,0,0,0,0,4,4,2,1,3,3,3,0,2,1,0, 0.00190474, 0.003036413, 0.001710480, 0.00147503, 0.00299714,buy
2022-01-05,0,0,0,0,0,0,4,2,2,0,1,2,3,1,0,0,1, 0.00263524, 0.003951803, 0.002347539, 0.00284307, 0.00263524,buy
2022-01-06,1,0,0,0,0,0,3,5,2,1,3,2,3,1,1,1,1, 0.00214693, 0.002325755,-0.001866974,-0.00130612, 0.00139385,buy
2022-01-07,1,0,0,0,0,0,3,5,4,2,2,3,5,1,2,1,1, 0.00315982, 0.003109737, 0.003105105, 0.00424967, 0.00311377,buy
2022-01-08,0,1,0,0,0,0,4,5,4,2,3,3,4,1,2,3,0, 0.00110777, 0.001654342,-0.001659521, 0.00071021, 0.00053397,buy
2022-01-09,0,0,1,0,0,0,4,4,2,3,3,3,4,0,1,2,1,-0.00181578,-0.001573709,-0.001420519,-0.00161370,-0.00153107,sell
2022-01-10,1,1,0,1,0,0,3,2,2,3,2,3,4,1,1,1,1,-0.00079816,-0.000872933,-0.000772025,-0.00027310,-0.00084273,sell
2022-01-11,2,1,1,1,0,0,2,3,1,3,1,3,3,1,3,2,1, 0.00016419, 0.000057534, 0.000004702, 0.00087522,-0.00025703,buy
2022-01-12,1,1,2,0,1,0,2,2,2,2,1,3,3,1,3,1,1,-0.00059591, 0.000533320,-0.000973682, 0.00172082, 0.00105142,buy
2022-01-13,2,0,0,3,0,0,3,2,1,3,2,2,2,2,2,3,1,-0.00197841,-0.001627779,-0.002620183,-0.00220784,-0.00102606,sell
2022-01-14,2,2,1,2,1,1,4,1,0,3,1,3,2,3,3,4,1,-0.00218217,-0.000715249,-0.001257749,-0.00203899,-0.00113559,sell
2022-01-15,1,2,1,2,1,1,3,2,0,2,1,3,2,3,2,4,0,-0.00014712,-0.000373779,-0.000361436,-0.00063227, 0.00214514,sell
2022-01-16,1,2,2,1,1,1,3,2,1,1,1,2,2,2,2,5,1, 0.00040870,-0.001705345,-0.000543721,-0.00153956,-0.00098272,sell
2022-01-17,1,1,2,2,1,2,2,3,0,1,1,2,2,3,2,4,1, 0.00190097, 0.000721038, 0.000816360, 0.00058694, 0.00118102,buy
2022-01-18,1,1,1,3,1,1,2,3,0,2,1,2,2,3,2,5,0,-0.00038710,-0.000863517,-0.000877024,-0.00070516, 0.00177091,sell
2022-01-19,0,2,1,2,2,1,3,2,0,1,1,1,2,1,3,5,1,-0.00266148,-0.000795379,-0.002695020,-0.00181175,-0.00289991,sell
2022-01-20,0,1,2,2,2,1,3,2,0,0,2,1,2,2,2,3,1,-0.00200416,-0.000592032,-0.001907491,-0.00009001,-0.00265054,sell
2022-01-21,0,1,3,2,1,1,4,2,0,0,3,1,1,2,3,3,1,-0.00100841,-0.000698144,-0.000466603,-0.00099400,-0.00069814,sell
2022-01-22,0,1,2,2,0,1,3,3,0,1,2,1,3,2,2,2,1, 0.00021023, 0.003123392, 0.000471894, 0.00235863, 0.00216769,buy
2022-01-23,0,1,2,1,2,0,3,2,0,1,3,1,1,1,3,2,1,-0.00074700,-0.001335853,-0.001348213,-0.00134931,-0.00123634,sell
2022-01-24,0,1,2,1,1,0,2,2,0,1,2,1,2,2,2,1,0, 0.00054780, 0.000604616, 0.000684956, 0.00065241,-0.00004128,buy
2022-01-25,1,2,2,1,0,1,2,2,2,1,2,2,2,2,2,3,1, 0.00037693, 0.001313513, 0.000587265, 0.00058726, 0.00164436,buy
2022-01-26,1,2,2,0,0,1,2,4,2,1,2,2,2,2,2,3,2, 0.00141160, 0.000836601, 0.000941301, 0.00080793,-0.00003548,buy
2022-01-27,1,2,1,0,1,0,3,3,1,2,2,1,2,2,1,4,2, 0.00167231, 0.000855901, 0.001962440, 0.00215239, 0.00188621,buy
2022-01-28,1,2,1,0,1,0,3,2,2,2,2,0,3,3,1,4,1, 0.00226929, 0.002114235, 0.002250212, 0.00201956, 0.00215209,buy
2022-01-29,2,1,1,1,0,0,1,1,2,1,2,1,0,2,1,4,0,-0.00131249,-0.001866092,-0.000562481,-0.00109327,-0.00179656,sell
2022-01-30,2,1,2,0,0,0,1,1,2,1,2,0,1,1,1,4,1, 0.00085359, 0.000361906, 0.000771894,-0.00023849, 0.00085359,buy
2022-01-31,3,1,1,0,0,0,2,2,1,1,3,1,1,2,1,3,0,-0.00011311,-0.001224648,-0.000610487,-0.00076600, 0.00032005,sell
2022-02-01,3,0,1,0,0,0,3,2,3,2,4,1,2,1,2,3,1,-0.00067195,-0.000906680, 0.000469136,-0.00087262,-0.00094863,sell
2022-02-02,2,0,1,0,0,0,2,2,4,0,4,1,2,1,1,1,1, 0.00062863, 0.000623308, 0.000103801, 0.00005288, 0.00004401,buy
2022-02-03,3,0,2,0,0,0,1,2,6,0,4,1,2,1,2,3,1, 0.00083891, 0.000644645, 0.001379401, 0.00137940, 0.00164711,buy
2022-02-04,3,0,2,0,0,0,0,3,4,0,3,1,2,1,2,3,0, 0.00001452, 0.001708928, 0.002405902, 0.00246648, 0.00246648,buy
2022-02-05,3,1,2,0,0,0,3,1,2,2,3,2,0,1,3,4,1,-0.00241278,-0.002049721,-0.002283365,-0.00289497,-0.00232558,sell
2022-02-06,3,3,2,0,0,0,2,2,2,1,3,2,1,2,3,3,1,-0.00076323,-0.001276767,-0.001598649,-0.00144303,-0.00252504,sell
2022-02-07,4,2,4,0,0,0,2,2,2,0,3,2,2,2,2,4,1, 0.00243364, 0.000487007, 0.004907442, 0.00149754, 0.00242693,buy
2022-02-08,3,1,3,1,0,0,2,1,2,1,2,2,2,1,2,4,1, 0.00055999, 0.000599895, 0.000297995,-0.00225087, 0.00059989,buy
2022-02-09,2,2,2,2,0,0,2,1,0,1,2,2,1,2,2,2,1, 0.00058743, 0.002543188, 0.001912776, 0.00201396, 0.00068971,buy
2022-02-10,2,1,2,1,2,0,3,1,0,1,2,2,1,2,2,3,1,-0.00053970,-0.000552737, 0.001598094,-0.00163421,-0.00094399,sell
2022-02-11,2,2,2,0,1,0,3,1,0,1,1,1,2,2,3,3,0,-0.00194667,-0.001048886,-0.002061798,-0.00284678,-0.00191654,sell
2022-02-12,2,2,1,1,0,0,4,0,1,0,1,1,2,2,3,2,0,-0.00182781,-0.000234755, 0.001247474,-0.00088122,-0.00241212,sell
2022-02-13,2,1,1,1,1,2,3,0,1,0,1,2,1,2,3,2,1, 0.00016226, 0.000728889, 0.000688587, 0.00115340, 0.00047302,buy
2022-02-14,2,1,0,2,0,1,3,0,0,0,1,1,1,3,2,1,0, 0.00166984,-0.001853285, 0.000986365, 0.00098637, 0.00101999,buy
2022-02-15,1,1,0,1,3,1,3,0,0,1,1,2,1,1,3,2,1, 0.00094412, 0.000356886, 0.000522221,-0.00073498, 0.00090550,buy
2022-02-16,1,1,0,2,2,1,3,1,0,0,0,3,1,2,3,1,1, 0.00158270, 0.001462276, 0.002205901, 0.00204432, 0.00158270,buy
2022-02-17,1,0,1,3,0,1,3,1,0,0,1,3,0,2,2,1,1,-0.00023795,-0.001206508,-0.000432669,-0.00043582,-0.00023795,sell
2022-02-18,1,0,3,1,1,1,3,2,2,0,0,3,4,2,3,1,1,-0.00353430,-0.001161762,-0.001176509,-0.00101120,-0.00299943,sell
2022-02-19,1,2,1,2,2,0,2,2,2,0,1,3,3,1,3,2,1,-0.00214970,-0.000413637, 0.001480256,-0.00086770,-0.00023891,sell
2022-02-20,1,1,1,0,3,0,2,2,2,3,1,3,4,2,3,1,1,-0.00104863,-0.000626072, 0.000060515,-0.00080777,-0.00041779,sell
2022-02-21,1,1,0,2,0,0,1,2,2,1,1,2,4,1,2,0,0, 0.00149189, 0.001759313, 0.000462971, 0.00180177, 0.00165692,buy
2022-02-22,1,0,2,1,0,1,0,2,4,2,1,3,5,0,1,2,1,-0.00158222, 0.000529982, 0.000363888,-0.00218950, 0.00013025,sell
2022-02-23,1,1,1,0,0,0,1,4,5,1,2,4,4,1,0,1,2, 0.00169154, 0.000008395, 0.002138635, 0.00081166, 0.00004579,buy
2022-02-24,1,1,0,0,1,0,1,4,3,2,2,3,3,1,1,2,1, 0.00170530, 0.001723247, 0.001892195, 0.00109705, 0.00168184,buy
2022-02-25,2,0,0,1,0,0,4,2,3,2,1,3,3,2,2,2,1, 0.00075288, 0.000477266, 0.000797404, 0.00105866,-0.00043643,buy
2022-02-26,2,0,1,0,0,0,2,3,4,1,3,2,2,1,2,3,0, 0.00057853,-0.000206093,-0.001332831,-0.00199263, 0.00032041,sell
2022-02-27,7,3,0,0,0,0,2,5,3,0,4,3,2,4,2,4,1, 0.00433953, 0.002939537, 0.004450380, 0.00294308, 0.00432341,buy
2022-02-28,6,2,0,0,0,0,2,5,1,1,5,2,1,3,2,4,0, 0.00108441, 0.001073652, 0.001613246, 0.00130255, 0.00125693,buy
2022-03-01,6,2,0,0,0,0,4,4,1,0,3,3,1,4,2,3,1, 0.00040206, 0.000187185, 0.000535493, 0.00068097, 0.00051791,buy
2022-03-02,6,2,0,0,0,0,0,7,2,0,4,3,0,4,1,4,1, 0.00244893,-0.000114260, 0.003657428,-0.00024140, 0.00244893,buy
2022-03-03,7,2,0,0,0,0,2,5,4,0,4,3,2,4,2,4,1, 0.00341105, 0.001978561, 0.003743796, 0.00188491, 0.00339156,buy
2022-03-04,5,2,0,0,0,0,3,5,4,0,4,3,1,4,2,4,1, 0.00132945,-0.000056102, 0.001130782, 0.00068712, 0.00113078,buy
2022-03-05,4,2,0,0,0,0,4,4,1,0,4,2,2,3,1,3,0, 0.00175052, 0.002186191, 0.001488658, 0.00149431, 0.00147927,buy
2022-03-06,4,2,0,0,0,0,3,5,0,3,4,3,2,4,1,2,1, 0.00008677,-0.002242002,-0.002446905,-0.00250024, 0.00051964,sell
2022-03-07,3,5,0,0,0,0,2,4,1,1,4,3,1,2,2,3,1, 0.00017744,-0.003187807, 0.000294966,-0.00323834,-0.00401085,sell
2022-03-08,2,1,3,0,0,0,2,3,1,1,3,3,1,2,3,0,1, 0.00055733, 0.000482284, 0.000606258, 0.00030043,-0.00049486,buy
2022-03-09,2,1,2,1,0,0,4,3,0,1,3,4,1,2,2,1,1,-0.00119337,-0.000627705, 0.000877522, 0.00152561,-0.00141564,buy
2022-03-10,2,0,1,3,0,0,4,3,0,2,2,4,2,2,2,1,2,-0.00270009,-0.003089095,-0.002790650,-0.00140803,-0.00325712,sell
2022-03-11,2,2,0,1,3,0,3,4,0,0,1,4,4,1,2,1,2,-0.00003767, 0.000187895,-0.000329504, 0.00011508,-0.00162285,sell
2022-03-12,2,0,1,0,1,0,3,2,1,0,1,2,3,0,2,1,1, 0.00243039, 0.002430394,-0.001956172, 0.00336006, 0.00290799,buy
2022-03-13,2,0,1,1,1,1,2,2,0,0,1,2,4,1,1,0,1,-0.00030749,-0.000074380,-0.002032745,-0.00004559,-0.00021386,sell
2022-03-14,2,0,0,2,0,2,2,3,0,1,1,3,4,0,0,2,2, 0.00257770, 0.001673852, 0.003224390, 0.00263697, 0.00322439,buy
2022-03-15,2,1,0,0,3,1,2,3,2,1,1,2,4,2,1,4,1, 0.00164669, 0.000616412, 0.001359983, 0.00148879, 0.00028596,buy
2022-03-16,1,0,0,0,3,0,1,4,2,1,0,2,2,3,0,3,2,-0.00056585,-0.000559437,-0.000822908,-0.00025123,-0.00066187,sell
2022-03-17,1,0,1,2,2,2,1,4,2,2,1,2,3,3,1,5,2, 0.00127111, 0.001373303, 0.000081321, 0.00059724, 0.00131470,buy
2022-03-18,0,0,1,4,0,1,0,3,2,2,0,1,2,3,1,5,1, 0.00292280, 0.002765008,-0.000127894, 0.00008475, 0.00313203,buy
2022-03-19,1,1,3,1,2,0,0,3,1,2,2,1,1,3,2,4,1, 0.00675554, 0.006181264, 0.006162600, 0.00618714, 0.00618126,buy
2022-03-20,1,2,1,1,1,0,1,0,1,3,2,1,1,2,2,2,1, 0.00110634, 0.002099972, 0.000388409, 0.00067506, 0.00014005,buy
2022-03-21,1,1,1,2,0,1,1,0,0,4,3,1,1,0,2,3,1,-0.00022502,-0.000569613,-0.001688049,-0.00181819,-0.00108229,sell
2022-03-22,2,0,2,0,0,0,2,0,1,2,3,0,2,1,2,1,0, 0.00125950, 0.001113714, 0.000618287, 0.00118516, 0.00080514,buy
2022-03-23,1,2,0,0,1,0,2,3,2,1,2,1,2,1,2,3,1,-0.00143304,-0.002509429,-0.001290790,-0.00239484,-0.00129079,sell
2022-03-24,1,0,0,1,0,0,2,4,2,3,2,1,2,1,2,3,2, 0.00080580, 0.001515200, 0.001426916, 0.00113191,-0.00001542,buy
2022-03-25,1,0,1,0,0,0,2,5,1,1,1,2,0,1,3,3,1,-0.00351985,-0.003624636,-0.003237613,-0.00248921,-0.00149672,sell
2022-03-26,2,1,0,0,0,0,5,3,3,0,2,2,2,2,3,2,1,-0.00128246,-0.000531194,-0.000404039,-0.00071358,-0.00008368,sell
2022-03-27,2,1,0,0,0,0,2,5,1,1,2,1,2,2,2,3,0,-0.00039719,-0.000849962,-0.001081473,-0.00065880,-0.00187515,sell
2022-03-28,4,0,0,0,0,0,6,3,0,1,3,2,2,1,4,1,1, 0.00055105, 0.000802644, 0.001124574, 0.00079001, 0.00012057,buy
2022-03-29,1,0,0,0,0,0,5,5,0,0,2,1,1,2,3,1,1,-0.00108069,-0.000726454,-0.000286351,-0.00032094,-0.00090273,sell
2022-03-30,4,0,0,0,0,0,6,3,1,0,2,1,2,1,4,2,2, 0.00063478, 0.001840442, 0.001860950, 0.00164937, 0.00101578,buy
2022-03-31,2,0,0,0,0,0,5,5,1,0,1,1,2,1,3,3,2, 0.00027366, 0.001454564, 0.001454564, 0.00145077, 0.00151528,buy
2022-04-01,1,0,0,0,0,0,9,3,2,0,2,1,3,1,3,3,2,-0.00324215,-0.003527778,-0.003191338,-0.00230786,-0.00313868,sell
2022-04-02,1,0,0,0,0,0,7,1,3,1,2,1,2,2,2,2,2,-0.00051627,-0.002489846,-0.000567003,-0.00091681,-0.00021278,sell
2022-04-03,2,1,0,0,0,0,5,3,0,0,2,0,2,2,1,3,1, 0.00239767,-0.000426140, 0.000920601, 0.00091052, 0.00191497,buy
2022-04-04,1,0,1,0,0,0,4,0,2,3,2,1,2,2,2,1,1, 0.00011837, 0.000006293,-0.000055555, 0.00093973,-0.00102791,buy
2022-04-05,1,2,1,0,0,0,4,0,0,1,2,1,1,2,2,0,1,-0.00256137,-0.003071618,-0.000120590,-0.00012059,-0.00271350,sell
2022-04-06,1,1,2,1,0,0,6,0,2,2,3,2,3,2,3,1,1, 0.00287562, 0.002875625, 0.002014294, 0.00285311, 0.00285999,buy
2022-04-07,1,0,3,0,1,0,4,1,2,2,3,2,3,1,3,1,1, 0.00059473, 0.001352937, 0.000520003, 0.00078008,-0.00023986,buy
2022-04-08,1,2,1,2,0,0,5,0,4,1,3,2,3,2,4,1,1,-0.00235554,-0.001998437,-0.001269301,-0.00106439,-0.00167644,sell
2022-04-09,0,0,2,1,2,1,4,0,2,1,2,2,3,3,2,0,1,-0.00131288,-0.002468575,-0.001667384,-0.00195515,-0.00155477,sell
2022-04-10,0,0,0,2,2,1,3,0,2,1,2,2,2,3,1,0,1, 0.00083061, 0.000960449, 0.001028754, 0.00196324, 0.00061524,buy
2022-04-11,0,0,0,2,2,1,3,0,1,2,3,0,3,2,2,1,0, 0.00001488, 0.000635680, 0.000484911,-0.00000726, 0.00019425,buy
2022-04-12,0,1,0,0,3,2,3,0,1,0,2,1,2,2,2,1,0, 0.00077300, 0.002160425, 0.000773001, 0.00040931, 0.00080536,buy
2022-04-13,0,0,1,1,0,1,3,1,2,0,2,0,1,2,1,1,2, 0.00037328,-0.002702008,-0.001058156,-0.00219988,-0.00120636,sell
2022-04-14,0,0,1,1,2,2,3,2,2,0,3,1,3,2,2,1,1, 0.00182275, 0.002794013, 0.000808975, 0.00201018,-0.00069086,buy
2022-04-15,0,2,0,2,3,0,3,3,3,1,2,2,2,5,2,2,2,-0.00069940, 0.001886510,-0.000238413, 0.00007595,-0.00032836,sell
2022-04-16,1,2,1,2,3,0,2,3,2,2,3,1,3,5,1,3,2, 0.00239461, 0.001322636, 0.000676764,-0.00173276,-0.00089722,buy
2022-04-17,1,2,2,2,0,1,1,2,2,2,3,1,1,4,1,3,2,-0.00061088,-0.000549014,-0.000604422, 0.00088853,-0.00006924,sell
2022-04-18,1,2,3,0,0,1,0,1,3,2,1,1,1,4,1,3,2, 0.00048545, 0.000332344, 0.003267178,-0.00099970, 0.00325411,buy
2022-04-19,1,3,0,0,1,0,0,2,3,2,1,1,1,4,0,3,2, 0.00111270, 0.002399248, 0.001111589,-0.00000422, 0.00031013,buy
2022-04-20,0,2,0,1,1,0,1,1,4,4,2,1,2,3,1,3,2, 0.00035058, 0.003072143,-0.000157306,-0.00022550, 0.00000668,sell
2022-04-21,0,0,0,1,0,0,1,1,3,1,1,2,0,1,1,1,1,-0.00117809,-0.001085617,-0.001085617,-0.00117752,-0.00108562,sell
2022-04-22,0,0,1,0,0,0,1,1,5,1,1,2,2,0,2,1,1,-0.00241592,-0.002374303,-0.002748496,-0.00196002,-0.00203648,sell
2022-04-23,1,1,0,0,0,0,1,3,4,1,2,2,3,1,1,1,1,-0.00143709, 0.000893155, 0.001143864,-0.00377427, 0.00131350,sell
2022-04-24,2,0,0,0,0,0,3,2,3,2,2,1,4,0,3,1,1, 0.00191631, 0.001770714, 0.000465700, 0.00171522, 0.00057299,buy
2022-04-25,3,0,1,0,0,0,4,0,3,1,2,2,3,2,3,0,0,-0.00311928,-0.000899040,-0.001488901,-0.00092185,-0.00350398,sell
2022-04-26,2,0,1,0,0,0,1,2,4,1,1,2,3,2,2,1,0, 0.00021995, 0.000086134, 0.000347135, 0.00048569, 0.00034713,buy
2022-04-27,5,0,1,0,0,0,2,2,3,0,3,1,3,2,2,1,1,-0.00054254,-0.000527766,-0.000084253,-0.00059767, 0.00028780,sell
2022-04-28,2,1,1,0,0,0,3,4,4,0,3,2,2,4,2,1,1,-0.00110355, 0.000056821, 0.000726604,-0.00043281, 0.00083641,buy
2022-04-29,2,1,1,0,0,0,4,5,6,1,4,2,3,5,2,2,2,-0.00196871,-0.000428943,-0.000879595,-0.00095422,-0.00083281,sell
2022-04-30,2,2,1,0,0,0,0,7,5,1,3,2,2,6,0,3,2,-0.00013182,-0.000584139,-0.000331059,-0.00029687, 0.00004890,sell
2022-05-01,3,2,0,0,0,0,0,6,6,1,3,2,2,4,1,4,2,-0.00134838,-0.001674819,-0.001021712,-0.00165487,-0.00094437,sell
2022-05-02,2,2,1,0,0,0,0,4,7,1,3,1,2,4,2,3,2,-0.00625164,-0.004966071,-0.004966071,-0.00496607,-0.00450995,sell
2022-05-03,2,2,0,1,0,0,1,3,4,1,2,2,0,4,1,4,1,-0.00431382,-0.004313819,-0.004313819,-0.00529371,-0.00351845,sell
2022-05-04,1,2,1,0,1,0,0,4,3,2,2,2,1,3,1,4,1,-0.00074854,-0.000445823,-0.000445823,-0.00074854,-0.00043770,sell
2022-05-05,1,3,0,1,1,0,0,3,3,2,3,1,1,2,2,3,2,-0.00171570,-0.001864161,-0.001548774,-0.00154877,-0.00211830,sell
2022-05-06,1,3,2,0,1,0,0,1,4,0,2,2,1,0,2,3,2,-0.00324138,-0.002456264,-0.002706796,-0.00218034,-0.00252685,sell
2022-05-07,1,1,3,1,1,1,0,0,3,0,1,2,1,1,2,2,2,-0.00197284,-0.001029057,-0.000713068,-0.00197284,-0.00122903,sell
2022-05-08,0,1,1,2,1,0,0,1,2,1,1,2,1,0,2,1,2, 0.00137074,-0.000629371,-0.000365081,-0.00036508, 0.00083439,sell
2022-05-09,0,2,0,1,4,1,0,1,1,0,1,2,1,1,3,1,1,-0.00283852,-0.001663973,-0.001867333,-0.00309930,-0.00209178,sell
2022-05-10,0,1,0,1,2,0,0,1,1,0,1,1,0,1,2,0,1,-0.00351093,-0.002543384,-0.002612654,-0.00373054,-0.00312240,sell
2022-05-11,0,0,1,1,1,2,0,1,2,0,0,2,2,1,2,1,0, 0.00130594, 0.001880692, 0.002344968, 0.00131828, 0.00247154,buy
2022-05-12,0,0,1,2,1,2,1,1,2,1,1,1,2,1,4,2,0,-0.00166588,-0.001170263,-0.001147172,-0.00118347,-0.00157826,sell
2022-05-13,1,1,1,1,3,1,2,0,2,1,0,2,3,1,4,2,1,-0.00202516,-0.002765900,-0.000601642,-0.00309892,-0.00164447,sell
2022-05-14,1,0,1,1,3,0,2,0,3,2,2,3,3,1,3,1,0,-0.00038422, 0.000173460, 0.000640471, 0.00120813, 0.00131639,buy
2022-05-15,1,1,2,3,1,1,2,0,3,1,2,3,3,1,3,2,1,-0.00062574, 0.002132089, 0.000509473, 0.00240017, 0.00152727,buy
2022-05-16,1,0,4,1,0,0,2,1,4,2,2,2,3,2,3,1,2,-0.00130320,-0.001670089,-0.001298990,-0.00043588,-0.00071851,sell
2022-05-17,1,3,2,0,1,0,2,2,2,1,2,1,3,2,2,2,2,-0.00019303, 0.000449054, 0.001267962, 0.00014737,-0.00025715,sell
2022-05-18,1,1,2,1,0,0,2,1,3,3,2,1,2,4,2,1,2,-0.00145665,-0.000126200,-0.001525102,-0.00042156,-0.00150081,sell
2022-05-19,1,1,3,0,0,0,1,2,3,1,2,0,1,3,2,1,3,-0.00009642, 0.001460068, 0.000755869,-0.00042482, 0.00000517,sell
2022-05-20,2,1,2,0,0,0,2,1,6,0,3,1,2,4,2,2,0, 0.00412716, 0.004034810, 0.001970337, 0.00478127, 0.00221577,buy
2022-05-21,1,0,2,0,0,0,2,4,6,1,3,2,3,3,2,2,1, 0.00092600, 0.001290817, 0.001315996, 0.00034780, 0.00205898,buy
2022-05-22,1,0,1,0,0,0,5,1,6,0,3,2,2,3,2,1,1, 0.00037821,-0.000215816, 0.000147281,-0.00040687,-0.00054137,buy
2022-05-23,1,0,1,0,0,0,1,3,5,0,2,1,1,3,1,2,1,-0.00015605,-0.000609846, 0.001743705, 0.00133338, 0.00289177,buy
2022-05-24,4,0,1,0,0,0,4,2,5,2,3,2,2,4,3,2,2, 0.00176401, 0.002059899, 0.002186667, 0.00208049, 0.00214421,buy
2022-05-25,3,1,1,0,0,0,3,3,5,2,3,2,2,3,4,3,1,-0.00043273,-0.000345645, 0.000227306, 0.00001384,-0.00034564,sell
2022-05-26,2,1,1,0,0,0,5,1,4,2,2,1,3,2,4,2,2,-0.00365391,-0.003676899,-0.003174589,-0.00346383,-0.00287997,sell
2022-05-27,2,1,1,0,0,0,5,2,2,3,2,2,3,3,3,1,2,-0.00105703, 0.000377223, 0.000062841, 0.00007465, 0.00181128,buy
2022-05-28,2,2,1,0,0,0,3,4,1,2,3,2,2,3,2,2,1,-0.00058957,-0.001250093,-0.000121938,-0.00063751, 0.00024275,sell
2022-05-29,1,1,2,0,0,0,3,1,4,2,3,2,2,2,3,1,1, 0.00096040, 0.000359998, 0.000960401, 0.00142029,-0.00092299,buy
2022-05-30,1,2,1,1,0,0,4,0,3,1,3,2,1,2,3,1,1, 0.00329443, 0.003676593, 0.003717949, 0.00164829,-0.00216390,buy
2022-05-31,1,1,2,2,1,0,3,1,1,2,2,1,2,4,3,1,1,-0.00021305,-0.001733686, 0.000097547, 0.00006074,-0.00166140,sell
2022-06-01,1,1,1,2,1,0,2,1,2,4,3,2,3,2,3,1,1,-0.00095757,-0.001810246,-0.001858241,-0.00180701,-0.00074122,sell
2022-06-02,0,3,0,2,0,0,2,1,2,1,2,2,2,1,3,1,0, 0.00066903,-0.001721310,-0.001713304,-0.00071497,-0.00281563,sell
2022-06-03,0,1,1,1,1,1,2,2,1,1,0,2,3,2,3,1,0,-0.00020463, 0.000135507, 0.000200592,-0.00046045,-0.00199837,sell
2022-06-04,0,1,3,2,0,0,2,3,1,2,1,3,3,3,2,1,1, 0.00095474, 0.001241380, 0.000533442, 0.00053344, 0.00046540,buy
2022-06-05,0,3,1,3,1,1,2,3,1,2,1,3,3,3,3,3,1, 0.00415287, 0.004229673, 0.004268144, 0.00415287, 0.00415287,buy
2022-06-06,0,2,1,0,4,1,2,3,1,1,1,3,3,3,3,2,0, 0.00046993, 0.000877033, 0.000650403, 0.00013144, 0.00029188,buy
2022-06-07,0,1,3,1,1,0,2,3,1,1,0,3,2,3,2,2,1,-0.00157028,-0.000359997,-0.000051081,-0.00154932,-0.00156169,sell
2022-06-08,1,1,2,2,1,2,2,3,1,1,1,2,3,3,3,3,1, 0.00340339, 0.003802988, 0.003937762, 0.00380299, 0.00402169,buy
2022-06-09,1,1,1,1,2,2,1,2,1,0,1,2,1,2,2,3,1, 0.00143291, 0.001712321, 0.001712321, 0.00222705, 0.00235616,buy
2022-06-10,1,0,2,0,2,0,0,2,0,1,0,1,1,2,2,2,0,-0.00313310,-0.003794641,-0.003507981,-0.00326422,-0.00355531,sell
2022-06-11,1,1,1,1,2,2,1,2,0,0,2,2,1,1,1,3,1,-0.00004095, 0.000689891, 0.000689891,-0.00009994,-0.00028569,sell
2022-06-12,1,0,2,2,0,2,1,2,1,2,2,2,2,2,1,3,1,-0.00163718,-0.003429525,-0.001705181,-0.00195841,-0.00223902,sell
2022-06-13,1,1,4,1,1,0,1,3,0,1,2,3,2,2,1,3,0,-0.00107622, 0.001991648, 0.001991648,-0.00150949,-0.00105034,sell
2022-06-14,0,2,2,1,2,0,2,2,1,2,2,3,2,1,2,3,1,-0.00037702,-0.000436694, 0.000778991,-0.00025117,-0.00030894,sell
2022-06-15,0,1,2,2,1,0,1,3,1,3,2,3,2,1,2,3,1,-0.00321250,-0.003394505,-0.005380232,-0.00009916,-0.00418479,sell
2022-06-16,1,0,3,0,1,0,2,2,3,3,2,2,3,2,3,2,1,-0.00035883,-0.000358834,-0.000972567, 0.00011908,-0.00038504,sell
2022-06-17,0,2,1,0,1,0,1,3,3,3,3,1,3,1,2,3,1,-0.00055955,-0.001229349,-0.000476662,-0.00033921,-0.00033921,sell
2022-06-18,1,1,2,0,1,0,3,2,3,4,2,2,3,3,4,2,1,-0.00336322,-0.002003752,-0.004993378,-0.00113419,-0.00257870,sell
2022-06-19,0,1,1,0,1,0,2,4,2,1,2,2,1,3,2,2,0,-0.00123608,-0.001234631,-0.001236076,-0.00123608, 0.00079848,sell
2022-06-20,1,1,1,0,1,0,3,3,5,1,1,2,2,4,3,3,1,-0.00064112,-0.000641116,-0.001200648,-0.00089572, 0.00079751,sell
2022-06-21,1,1,1,0,1,0,0,3,3,0,2,0,0,3,2,2,1, 0.00193744, 0.001732999, 0.001649039, 0.00222908, 0.00252536,buy
2022-06-22,1,1,1,0,0,0,1,3,2,0,1,1,0,1,3,2,1, 0.00028872,-0.000857160, 0.000088704,-0.00006336, 0.00085743,buy
2022-06-23,0,1,1,1,0,0,4,1,2,1,1,0,2,3,3,1,1, 0.00158375, 0.000862326, 0.000057392, 0.00051726,-0.00028062,buy
2022-06-24,1,1,0,1,0,0,2,2,1,1,2,0,2,2,1,2,0, 0.00150008,-0.000844673,-0.000990849,-0.00041307, 0.00143079,buy
2022-06-25,1,0,1,1,0,0,2,2,3,2,3,1,2,2,2,2,0,-0.00209895,-0.001265783,-0.001835984,-0.00187355,-0.00183598,sell
2022-06-26,1,2,0,2,0,0,2,2,3,2,3,1,2,3,2,2,1,-0.00032891,-0.000363389,-0.000208774,-0.00215709, 0.00077292,sell
2022-06-27,0,2,1,1,0,0,3,0,3,3,2,1,3,2,3,2,0,-0.00356387,-0.003278342,-0.004217790,-0.00272326,-0.00345126,sell
2022-06-28,0,3,1,1,1,0,3,2,3,4,3,2,4,2,4,2,1,-0.00103181,-0.001132058,-0.001103418,-0.00223067,-0.00108114,sell
2022-06-29,0,3,0,2,0,0,3,1,3,3,3,1,3,1,4,2,1, 0.00144644, 0.001549393, 0.001425126, 0.00142513, 0.00082297,buy
2022-06-30,0,3,2,1,1,1,1,2,3,4,3,2,4,2,5,1,1, 0.00069439, 0.000942784, 0.000636083, 0.00083111, 0.00074383,buy
2022-07-01,0,3,2,3,0,1,1,1,1,3,2,2,4,3,3,0,1, 0.00085824,-0.000302402,-0.000622578,-0.00038799,-0.00045235,sell
2022-07-02,0,2,1,4,1,1,0,1,2,3,1,3,3,3,3,1,1, 0.00089152, 0.001504636,-0.000795837,-0.00076983,-0.00119650,sell
2022-07-03,0,1,2,3,3,1,0,1,1,2,1,3,2,4,3,1,0,-0.00078332,-0.000958280,-0.000984401,-0.00048844,-0.00067882,sell
2022-07-04,0,0,1,3,2,0,0,2,1,2,1,3,0,4,0,2,1,-0.00025456,-0.001795576,-0.001770762,-0.00228856,-0.00171177,sell
2022-07-05,0,1,2,1,3,1,1,2,1,0,0,3,1,3,1,3,1, 0.00089312, 0.001015535, 0.001015535, 0.00218883,-0.00247494,buy
2022-07-06,0,1,0,2,1,1,1,2,2,0,1,3,0,1,1,4,0, 0.00148180, 0.001481801, 0.001481801,-0.00029378, 0.00129412,buy
2022-07-07,0,1,2,0,2,0,1,2,1,2,1,1,1,2,1,4,1, 0.00462105, 0.004711928, 0.004296817, 0.00364506, 0.00432964,buy
2022-07-08,0,2,0,3,2,1,1,1,1,2,2,2,3,1,2,2,1,-0.00230551,-0.001418726,-0.004593696,-0.00147419,-0.00242268,sell
2022-07-09,0,3,1,3,1,1,1,1,1,2,3,1,3,0,3,3,1, 0.00017206, 0.000520849, 0.000224504, 0.00093029,-0.00223019,buy
2022-07-10,0,2,3,2,1,0,0,1,2,2,4,2,2,1,3,1,0,-0.00171726,-0.001314223,-0.004130681,-0.00101129,-0.00152402,sell
2022-07-11,0,3,2,1,1,1,1,1,2,2,4,1,3,1,2,2,1,-0.00030158, 0.000927154,-0.000058251, 0.00118061, 0.00087783,buy
2022-07-12,0,2,2,1,1,1,2,1,3,3,4,1,2,1,4,3,1, 0.00315329, 0.000175541, 0.003245837, 0.00268852, 0.00307053,buy
2022-07-13,0,3,2,0,3,0,2,1,2,2,4,1,2,1,4,2,1,-0.00072745, 0.000462473,-0.002035921,-0.00011199, 0.00047385,sell
2022-07-14,1,4,2,1,3,0,2,1,3,2,4,2,4,2,3,2,2,-0.00243741,-0.003980401,-0.002451983,-0.00007093,-0.00243759,sell
2022-07-15,1,3,2,1,3,0,2,3,1,2,5,0,6,2,3,1,1, 0.00117945,-0.000957732, 0.000763130, 0.00088671, 0.00088671,buy
2022-07-16,1,2,3,0,3,1,4,2,1,0,4,1,4,4,3,0,1,-0.00018287,-0.001003610,-0.001372011,-0.00029330,-0.00017189,sell
2022-07-17,1,2,2,0,3,2,4,4,2,0,2,2,4,5,3,2,2,-0.00075641,-0.000392593, 0.000886473,-0.00068112,-0.00002771,sell
2022-07-18,2,1,2,0,1,2,3,4,1,1,2,1,4,4,2,2,2,-0.00005956,-0.001543499,-0.000863466,-0.00078892, 0.00014057,sell
2022-07-19,1,1,1,0,0,2,4,3,0,0,2,1,2,3,1,2,1,-0.00166456,-0.001841237,-0.000280674,-0.00137256,-0.00205829,sell
2022-07-20,0,1,1,0,0,1,4,2,2,1,1,0,3,3,1,2,2, 0.00152036, 0.000027934, 0.000484198, 0.00145832, 0.00082737,buy
2022-07-21,1,2,0,0,0,1,2,3,1,0,1,1,2,3,0,1,2,-0.00003268, 0.000912618, 0.001317044,-0.00116445,-0.00002654,sell
2022-07-22,1,2,2,1,0,1,1,4,1,2,3,0,3,3,2,2,2, 0.00053692, 0.000464058, 0.000824882, 0.00102615, 0.00071046,buy
2022-07-23,0,3,2,2,0,0,2,1,1,2,3,1,3,2,2,0,2,-0.00007489, 0.000692382, 0.000418658, 0.00085045, 0.00043249,buy
2022-07-24,0,1,1,3,0,0,2,0,1,2,3,2,2,1,1,1,0,-0.00133007,-0.001277396,-0.001057245,-0.00130588,-0.00064342,sell
2022-07-25,0,1,1,2,1,0,0,2,0,3,1,2,3,1,2,1,0, 0.00055433, 0.001763801, 0.000642524, 0.00174987, 0.00185602,buy
2022-07-26,1,2,0,2,0,0,0,1,1,4,2,2,2,0,2,2,1, 0.00278143, 0.002297521, 0.002297521, 0.00233562, 0.00087133,buy
2022-07-27,1,1,1,0,1,1,0,0,3,2,1,3,1,1,1,3,0,-0.00011884,-0.000297950,-0.000496179,-0.00011884,-0.00064387,sell
2022-07-28,1,0,3,0,0,1,0,0,1,2,2,2,1,1,0,2,0, 0.00170439, 0.002412401, 0.001678936, 0.00167894, 0.00183352,buy
2022-07-29,1,0,2,2,0,0,1,0,1,3,3,2,1,0,0,3,1, 0.00170998, 0.000515473, 0.002105611, 0.00115022, 0.00130048,buy
2022-07-30,1,2,1,3,3,2,0,1,2,0,3,2,3,1,2,3,1,-0.00114578, 0.001249523, 0.000138426, 0.00124952, 0.00111927,buy
2022-07-31,1,1,1,3,3,1,0,0,2,0,3,1,2,2,1,3,0,-0.00104029,-0.001006634,-0.000987834, 0.00139158, 0.00029524,sell
2022-08-01,1,0,4,2,3,2,0,0,3,0,2,2,3,2,2,3,1,-0.00281831,-0.002816733,-0.002816733,-0.00137352,-0.00137856,sell
2022-08-02,1,1,2,4,2,1,0,0,2,1,3,2,2,2,2,3,0, 0.00126778, 0.002727761, 0.002984354, 0.00298435, 0.00413762,buy
2022-08-03,1,3,2,1,4,1,0,1,2,2,4,2,1,2,3,4,1, 0.00137790, 0.002950875, 0.002055659, 0.00218287, 0.00237791,buy
2022-08-04,1,4,2,1,2,0,0,1,2,2,2,2,3,1,3,3,1, 0.00072055,-0.001025482, 0.002081564, 0.00263719, 0.00219666,buy
2022-08-05,1,4,1,1,2,2,0,1,1,2,3,3,2,0,4,3,0, 0.00006849, 0.000580290, 0.000199460,-0.00021869,-0.00122235,buy
2022-08-06,0,3,3,1,1,3,0,1,3,2,3,3,3,2,3,2,1, 0.00224050, 0.003064760, 0.001805367, 0.00238886, 0.00225231,buy
2022-08-07,0,2,2,1,3,1,0,2,1,1,3,1,3,2,2,1,1, 0.00101123, 0.000356374, 0.000120702, 0.00029482,-0.00023358,buy
2022-08-08,0,2,1,1,4,1,1,1,2,3,3,2,3,2,2,3,1, 0.00148544, 0.003022267, 0.001668228, 0.00101154, 0.00135776,buy
2022-08-09,0,1,3,2,1,1,0,3,1,3,3,2,2,2,2,3,1, 0.00052736, 0.002594587, 0.000527358, 0.00035032, 0.00027996,buy
2022-08-10,1,0,3,1,1,2,1,2,2,2,2,1,2,4,2,2,2, 0.00165880, 0.000909636, 0.001409755, 0.00114089, 0.00113299,buy
2022-08-11,0,2,1,1,0,1,0,3,2,2,2,1,2,2,1,3,1,-0.00061897,-0.000618966,-0.000659363,-0.00061897,-0.00066213,sell
2022-08-12,1,0,1,2,1,1,2,3,1,3,3,1,2,3,2,2,2, 0.00166969, 0.000159094, 0.001718684, 0.00184373, 0.00170022,buy
2022-08-13,0,0,1,3,2,1,1,2,2,1,2,0,2,3,1,2,3,-0.00019013,-0.002371274, 0.000049368,-0.00005540, 0.00022247,sell
2022-08-14,1,0,2,2,1,1,1,1,4,0,1,1,3,2,2,2,2,-0.00233869,-0.001007540,-0.000614000,-0.00123205,-0.00087341,sell
2022-08-15,1,0,4,1,1,1,0,4,1,0,3,1,2,1,2,2,2, 0.00167590, 0.001652057, 0.002364963, 0.00188339, 0.00170793,buy
2022-08-16,0,1,3,2,3,1,3,1,1,1,2,1,3,3,3,2,2,-0.00310766,-0.003107658,-0.003107658,-0.00292288,-0.00292288,sell
2022-08-17,0,1,3,2,3,0,2,2,0,3,3,2,3,4,1,1,2, 0.00486703, 0.005824757, 0.006246913, 0.00299533, 0.00237539,buy
2022-08-18,1,1,3,2,3,1,0,3,1,2,3,1,5,3,2,2,1,-0.00266007,-0.002090004,-0.002090004,-0.00219079,-0.00235504,sell
2022-08-19,1,1,3,1,3,1,0,2,1,1,2,2,4,3,2,0,1,-0.00131831,-0.001826590,-0.001418600,-0.00095825,-0.00024302,sell
2022-08-20,0,1,1,2,2,1,1,1,2,1,1,1,2,3,2,1,2, 0.00153284, 0.001736668, 0.002122680, 0.00126950, 0.00127718,buy
2022-08-21,0,2,2,1,2,1,2,2,0,2,0,2,3,3,2,2,2,-0.00172973, 0.000952345,-0.001628578, 0.00015804,-0.00116182,sell
2022-08-22,0,3,1,1,0,1,1,2,0,2,1,2,2,1,2,2,1,-0.00048556,-0.000347541,-0.000964212,-0.00032508,-0.00150264,sell
2022-08-23,0,3,2,0,1,0,1,1,1,1,1,2,1,1,2,2,1,-0.00282502,-0.001651936,-0.002248607,-0.00215228,-0.00270691,sell
2022-08-24,0,2,2,0,0,1,0,0,1,2,0,2,1,2,1,2,0, 0.00123794,-0.000208802, 0.000342914, 0.00124803, 0.00121735,buy
2022-08-25,1,2,2,1,0,1,0,0,0,3,1,2,1,0,2,3,1,-0.00261167,-0.002015578,-0.002030891,-0.00230308,-0.00230565,sell
2022-08-26,1,2,1,1,2,2,0,0,1,3,2,2,1,1,3,3,1,-0.00261320,-0.002034639,-0.002012336,-0.00226873,-0.00226873,sell
2022-08-27,0,3,1,3,2,1,0,0,1,3,4,3,0,1,2,4,0, 0.00024609, 0.000689578,-0.001459770,-0.00203869,-0.00208685,sell
2022-08-28,0,2,2,3,3,2,1,0,1,2,3,3,2,1,3,3,1,-0.00109429, 0.000161994,-0.000792841,-0.00068608,-0.00108803,sell
2022-08-29,0,1,3,5,2,4,0,1,1,1,5,3,2,1,4,2,1,-0.00296410,-0.002259410,-0.001798043,-0.00156949,-0.00234595,sell
2022-08-30,0,2,2,6,4,3,0,1,1,1,5,3,1,3,5,2,1,-0.00054226, 0.000271676, 0.000547492,-0.00109279, 0.00038666,sell
2022-08-31,0,0,2,5,5,1,0,0,2,2,4,3,2,3,2,2,1, 0.00045451, 0.000667584, 0.000667584,-0.00019185, 0.00078858,buy
2022-09-01,0,1,1,4,5,1,0,0,1,1,4,3,2,2,2,1,0,-0.00365267,-0.003374863,-0.003652669,-0.00375172,-0.00354533,sell
2022-09-02,0,0,2,3,2,2,0,0,2,2,3,1,2,3,2,1,1,-0.00087796, 0.000137790,-0.000052476,-0.00083934,-0.00138769,sell
2022-09-03,0,3,2,3,1,2,0,1,1,0,3,2,1,4,1,1,1, 0.00120291, 0.000845620, 0.001202906, 0.00093665, 0.00102087,buy
2022-09-04,0,2,2,3,1,1,1,0,2,1,3,1,1,3,2,2,1,-0.00152522, 0.000939670,-0.000106542,-0.00048163, 0.00149732,buy
2022-09-05,0,1,2,3,1,1,0,1,0,1,2,2,0,2,1,2,1, 0.00270027, 0.002902682, 0.002130109, 0.00274355, 0.00161787,buy
2022-09-06,1,1,2,3,0,1,1,0,1,0,1,2,1,2,1,2,1, 0.00077736, 0.000606840,-0.000000059, 0.00296411, 0.00260629,buy
2022-09-07,1,2,3,1,2,0,0,1,1,0,2,2,1,2,0,3,1, 0.00259881, 0.002581151, 0.001866377, 0.00193586, 0.00229318,buy
2022-09-08,1,2,2,1,1,0,2,1,0,1,2,2,1,2,1,3,0, 0.00148453, 0.000455788, 0.000284458, 0.00041346, 0.00147628,buy
2022-09-09,0,1,2,1,2,1,3,1,0,1,2,3,0,3,1,1,2, 0.00175234, 0.001874889, 0.002013871, 0.00139789, 0.00056214,buy
2022-09-10,1,0,1,1,2,0,2,1,2,1,1,1,1,3,2,2,1,-0.00047125,-0.000442389,-0.000682420, 0.00008632,-0.00040380,sell
2022-09-11,2,0,1,2,3,0,1,2,2,0,2,1,1,2,3,2,2, 0.00094278, 0.000847859, 0.001496339,-0.00133607, 0.00142031,buy
2022-09-12,0,0,1,4,2,1,3,0,2,1,1,2,1,2,3,2,3, 0.00097708, 0.000504747, 0.002139420, 0.00050475, 0.00050475,buy
2022-09-13,0,0,1,4,1,2,3,2,0,2,2,2,3,3,2,1,2, 0.00327960,-0.000214422, 0.003305181, 0.00153191, 0.00051829,buy
2022-09-14,1,1,1,3,1,2,2,2,0,2,3,2,2,3,3,1,1, 0.00314470, 0.002729913, 0.003357614, 0.00242460, 0.00138866,buy
2022-09-15,1,2,2,3,0,2,0,1,1,2,2,1,2,3,3,2,1,-0.00142807,-0.000728413,-0.001426127,-0.00142613,-0.00092546,sell
2022-09-16,1,3,1,3,0,2,0,0,1,2,2,3,1,2,2,1,2,-0.00164599,-0.001578937,-0.002540722,-0.00294049,-0.00231146,sell
2022-09-17,1,1,3,2,1,2,2,0,0,3,1,3,2,2,2,4,1,-0.00296950,-0.002131701,-0.004557518,-0.00328277,-0.00374426,sell
2022-09-18,0,2,2,3,2,2,1,1,0,2,2,2,2,2,3,4,0,-0.00040036, 0.000273938,-0.001824075, 0.00009204, 0.00061489,sell
2022-09-19,0,3,2,2,2,1,2,0,2,1,2,3,1,1,3,4,1, 0.00232891,-0.000243613, 0.000907294,-0.00200595,-0.00047914,buy
2022-09-20,0,1,4,2,2,2,1,1,2,0,1,2,1,2,4,4,1, 0.00154247, 0.001835546,-0.000242919, 0.00144802, 0.00233443,buy
2022-09-21,0,2,4,3,1,2,1,2,0,0,2,3,2,1,3,3,1, 0.00054746,-0.000641498, 0.000851738,-0.00102439,-0.00132980,buy
2022-09-22,0,2,1,2,3,2,2,0,1,1,1,3,2,1,3,3,1, 0.00179207, 0.001352765, 0.001174873, 0.00001171, 0.00117487,buy
2022-09-23,0,3,3,2,2,2,1,0,0,0,2,2,1,3,2,3,0, 0.00127342, 0.003322778, 0.001876823, 0.00128930, 0.00128930,buy
2022-09-24,0,2,4,3,1,2,1,0,0,1,1,3,1,3,3,3,0,-0.00294605,-0.002436995,-0.001526372,-0.00294605,-0.00289437,sell
2022-09-25,2,2,4,4,1,4,1,0,0,0,2,2,2,3,4,3,2, 0.00089770,-0.000529526,-0.002281425,-0.00193011,-0.00021037,sell
2022-09-26,1,2,4,4,1,3,1,0,0,0,2,2,1,3,3,4,1,-0.00311868,-0.003278662,-0.003076225,-0.00228618,-0.00156394,sell
2022-09-27,1,1,5,2,2,2,2,0,0,1,1,2,2,3,3,3,2,-0.00430333,-0.002216157,-0.001893020,-0.00235915,-0.00195159,sell
2022-09-28,0,2,2,4,1,2,1,1,0,0,2,2,2,1,3,2,1, 0.00131618, 0.004886167, 0.002868674, 0.00190434, 0.00072635,buy
2022-09-29,0,1,3,4,1,3,1,1,1,1,2,2,2,2,4,3,1,-0.00172594,-0.001975551,-0.001942481,-0.00175974,-0.00190098,sell
2022-09-30,0,2,3,2,0,2,1,1,2,1,2,1,3,3,2,2,1, 0.00060771, 0.001416831, 0.000695925,-0.00244389, 0.00036113,sell
2022-10-01,0,3,2,2,1,3,2,1,1,3,2,3,4,3,3,3,0,-0.00039968,-0.000906217,-0.000906217,-0.00108097,-0.00105999,sell
2022-10-02,0,2,2,3,0,2,1,1,0,5,2,2,3,3,3,2,1, 0.00041095, 0.000629176,-0.000281681,-0.00010940,-0.00030783,buy
2022-10-03,0,3,3,2,1,2,1,0,1,2,1,3,3,2,3,2,1,-0.00127823,-0.001844979, 0.000779841,-0.00113725,-0.00172901,sell
2022-10-04,1,3,2,2,0,1,0,1,2,2,1,3,4,3,1,1,1,-0.00083547,-0.000655041,-0.001027441,-0.00150886,-0.00186849,sell
2022-10-05,1,1,3,2,0,1,1,2,0,2,1,2,4,2,1,1,2, 0.00073329, 0.000733285, 0.001067468, 0.00073329, 0.00067446,buy
2022-10-06,0,1,2,1,0,1,3,0,0,1,1,1,3,3,0,0,1,-0.00188264,-0.002217384,-0.001782677,-0.00178268,-0.00166454,sell
2022-10-07,0,3,1,0,2,0,1,1,1,2,0,2,1,4,1,2,1,-0.00128366, 0.001253649, 0.000047937,-0.00078069,-0.00128366,sell
2022-10-08,2,2,2,0,2,0,1,2,1,2,1,1,2,5,3,2,0,-0.00249170,-0.002307881,-0.002258446,-0.00151878,-0.00225845,sell
2022-10-09,0,1,2,0,2,2,1,2,1,1,1,0,1,3,3,3,1, 0.00193360, 0.002119386, 0.001786043, 0.00200455, 0.00193360,buy
2022-10-10,0,1,1,1,2,1,3,0,2,2,2,1,2,3,3,2,0,-0.00231251,-0.002603772,-0.002694725, 0.00253998,-0.00169136,sell
2022-10-11,0,2,2,2,4,1,1,2,0,1,2,1,2,3,3,3,1,-0.00171708,-0.000791046,-0.001369453,-0.00039289,-0.00295073,sell
2022-10-12,1,0,4,2,4,1,1,1,1,2,2,2,2,2,4,4,1,-0.00387111,-0.003777322,-0.004480321,-0.00380584,-0.00367312,sell
2022-10-13,0,2,4,4,4,1,0,0,1,1,2,2,2,3,4,3,1,-0.00332011,-0.005476148,-0.003010125,-0.00541149,-0.00125308,sell
2022-10-14,0,1,5,3,3,0,1,0,0,2,0,2,3,2,4,3,1,-0.00247118,-0.002583706,-0.002460464,-0.00292958,-0.00193761,sell
2022-10-15,1,1,2,2,5,0,0,1,0,3,1,3,4,2,3,2,0, 0.00072858, 0.000609675, 0.000965244, 0.00072858, 0.00080518,buy
2022-10-16,0,4,2,1,3,0,0,1,1,2,1,3,4,2,1,2,1, 0.00121418, 0.001957595, 0.002200314, 0.00218729, 0.00208242,buy
2022-10-17,0,3,3,0,4,1,1,0,1,4,1,4,4,5,1,1,1, 0.00048119, 0.001150206, 0.000277668,-0.00014803,-0.00001475,buy
2022-10-18,0,1,3,1,3,1,0,1,0,3,1,3,4,5,0,0,0, 0.00064012, 0.000824719, 0.000471188, 0.00016513, 0.00056446,buy
2022-10-19,0,1,2,2,2,1,0,1,0,4,1,3,3,4,1,1,0, 0.00163496, 0.001485539, 0.001048934, 0.00107008, 0.00073266,buy
2022-10-20,0,2,2,0,6,0,0,0,2,3,2,3,2,5,0,2,1, 0.00137210, 0.001372096, 0.002877571,-0.00054565,-0.00130858,buy
2022-10-21,0,0,2,1,4,0,0,1,0,3,2,0,1,4,1,2,1,-0.00007095,-0.000007080,-0.000898806,-0.00078696,-0.00197892,sell
2022-10-22,0,0,3,0,5,2,1,0,0,2,3,1,2,2,2,2,1,-0.00246352, 0.002413431,-0.004292513,-0.00380796,-0.00427230,sell
2022-10-23,0,2,1,2,4,1,1,0,0,0,3,1,0,2,2,2,1,-0.00110434, 0.001674472, 0.001107515,-0.00061887,-0.00149013,sell
2022-10-24,0,1,3,0,6,0,0,0,0,1,2,1,2,3,2,1,0,-0.00268059,-0.000372346,-0.001736967,-0.00273497,-0.00026455,sell
2022-10-25,1,3,2,2,5,0,0,0,0,2,3,3,2,3,3,0,1,-0.00183284,-0.000353631,-0.001220527,-0.00062461,-0.00085742,sell
2022-10-26,0,2,2,3,3,1,0,0,0,2,1,3,3,2,3,1,0, 0.00076569, 0.000823619, 0.001000375, 0.00024743, 0.00149673,buy
2022-10-27,0,2,3,1,3,0,1,0,1,1,2,2,2,3,2,0,1, 0.00093938, 0.001003277, 0.003975331, 0.00127602, 0.00169004,buy
2022-10-28,0,4,1,3,3,0,1,2,1,2,2,2,4,3,3,1,2,-0.00096518,-0.003083508,-0.000274515,-0.00268088,-0.00301841,sell
2022-10-29,0,2,0,4,2,1,1,2,0,2,2,2,3,2,3,1,1,-0.00210344,-0.002414337,-0.000274396,-0.00252860,-0.00147385,sell
2022-10-30,0,1,1,4,2,0,1,0,2,0,1,2,3,1,2,1,1, 0.00049500, 0.001190255, 0.001138993, 0.00006565, 0.00267108,buy
2022-10-31,1,3,0,4,2,0,0,0,2,0,1,3,3,2,2,1,0, 0.00027683, 0.000743497, 0.000653966,-0.00091722,-0.00106427,buy
2022-11-01,1,2,0,6,1,0,0,2,0,3,2,3,4,1,2,2,1,-0.00150750,-0.001544402,-0.001186398,-0.00173926,-0.00174166,sell
2022-11-02,1,2,1,5,1,0,3,0,0,2,2,3,4,2,2,1,1,-0.00378924,-0.003453610,-0.003168233,-0.00213807,-0.00338826,sell
2022-11-03,0,2,1,5,1,1,0,1,1,1,2,3,2,2,1,2,1,-0.00151549,-0.000549676,-0.000539276,-0.00024088, 0.00004049,sell
2022-11-04,2,0,0,6,1,1,1,0,2,4,4,3,3,2,2,2,1,-0.00178336,-0.000541061,-0.001239767,-0.00257794,-0.00148557,sell
2022-11-05,1,0,0,4,1,1,1,2,0,2,3,1,1,1,2,3,1,-0.00103085,-0.000812032,-0.001429806,-0.00050162,-0.00059601,sell
2022-11-06,0,0,0,3,2,3,3,0,2,3,3,2,2,2,2,4,1,-0.00167173,-0.002594057,-0.001719362,-0.00245482,-0.00052374,sell
2022-11-07,0,1,0,2,1,3,1,2,1,4,3,2,2,3,2,3,0,-0.00401491,-0.003875753,-0.003275836,-0.00390796,-0.00388007,sell
2022-11-08,1,1,1,2,1,3,1,2,1,5,3,2,3,2,4,3,1,-0.00197017,-0.001854102,-0.001914374,-0.00191437,-0.00177460,sell
2022-11-09,0,1,2,0,2,3,1,0,2,3,1,2,3,2,3,2,1, 0.00028950,-0.000887041, 0.000401175, 0.00061358, 0.00046417,buy
2022-11-10,1,0,3,1,2,2,1,0,0,3,0,1,3,2,3,3,1,-0.00497910,-0.004155211,-0.004982914,-0.00509018,-0.00446253,sell
2022-11-11,2,0,4,0,5,1,1,0,1,5,1,3,5,3,3,2,2, 0.00103899, 0.001724447, 0.000879743, 0.00103899, 0.00149525,buy
2022-11-12,1,2,4,2,3,0,0,1,1,3,3,2,5,2,2,1,2, 0.00112702, 0.000290680, 0.001147316,-0.00134085, 0.00111730,buy
2022-11-13,1,1,4,1,4,0,1,0,3,2,2,4,4,2,2,1,2, 0.00042219,-0.002401664, 0.000123675,-0.00282384, 0.00069670,sell
2022-11-14,1,0,6,0,2,1,1,0,2,1,2,3,4,3,0,0,2,-0.00090848, 0.002226718,-0.001535526,-0.00032022,-0.00134253,sell
2022-11-15,1,1,3,2,1,1,0,1,3,2,3,2,3,3,1,1,2, 0.00410595, 0.003897325, 0.003689671, 0.00017438, 0.00289582,buy
2022-11-16,1,2,3,0,4,1,0,0,3,3,3,2,3,3,1,2,3,-0.00140211,-0.001279755,-0.000398192,-0.00131492,-0.00146237,sell
2022-11-17,1,1,3,1,2,0,0,0,1,2,3,1,2,2,0,1,2, 0.00085540, 0.003419632, 0.003419632, 0.00419778, 0.00341963,buy
2022-11-18,1,0,3,1,1,1,0,0,1,2,1,1,2,2,2,1,1,-0.00307665,-0.003734032,-0.002518609,-0.00325179,-0.00302381,sell
2022-11-19,1,1,3,2,0,2,0,0,2,2,2,2,2,2,2,1,2,-0.00014272,-0.000965261,-0.001203381,-0.00230254,-0.00036609,sell
2022-11-20,1,3,3,0,1,0,0,1,1,1,1,1,2,2,2,1,2,-0.00048212,-0.000588206,-0.000002385, 0.00030021, 0.00001691,sell
2022-11-21,1,3,4,0,2,0,0,1,0,2,2,1,4,1,3,0,2, 0.00597663, 0.001955764, 0.003614022, 0.00163693, 0.00097757,buy
2022-11-22,1,3,2,3,0,1,1,2,0,1,2,1,4,2,2,1,2, 0.00018713, 0.000010134,-0.000574624,-0.00034552, 0.00199297,buy
2022-11-23,1,2,4,0,1,1,0,2,1,2,2,1,4,3,2,1,1, 0.00121030, 0.000699652, 0.001047992, 0.00069850,-0.00271114,buy
2022-11-24,2,4,1,0,1,0,0,3,0,1,1,0,4,3,1,1,2, 0.00247334,-0.000474196, 0.001578233, 0.00129098, 0.00242675,buy
2022-11-25,1,4,1,1,1,1,1,2,1,3,4,1,3,3,2,2,1, 0.00166730, 0.001519229, 0.001326340, 0.00143573, 0.00134407,buy
2022-11-26,1,2,2,1,2,0,1,3,0,1,2,0,1,2,2,4,2, 0.00012496, 0.001029634,-0.000670870, 0.00041662,-0.00086502,buy
2022-11-27,2,2,2,0,3,0,1,2,2,0,3,1,1,2,2,3,2,-0.00130914,-0.001164383,-0.001235624,-0.00138003,-0.00328328,sell
2022-11-28,1,4,1,1,2,1,1,3,2,1,3,2,2,0,2,5,3,-0.00095999,-0.001044198,-0.001482787,-0.00096284,-0.00273101,sell
2022-11-29,1,2,2,0,2,2,4,1,3,1,3,3,2,1,4,4,1,-0.00440584,-0.001974147, 0.001046376,-0.00129490,-0.00177720,sell
2022-11-30,0,3,1,0,1,2,2,2,2,1,2,3,2,2,3,2,0,-0.00236712,-0.002809464,-0.002588728,-0.00286520,-0.00058486,sell
2022-12-01,1,1,1,0,0,1,2,2,4,4,0,2,4,3,4,2,1,-0.00006646, 0.000121664, 0.000336624,-0.00042510,-0.00070596,sell
2022-12-02,1,2,1,0,0,1,2,3,2,2,1,1,3,3,3,2,1,-0.00022091,-0.000145191,-0.000484040,-0.00045416,-0.00070001,sell
2022-12-03,0,1,2,0,0,0,4,1,3,3,1,1,4,2,3,2,1,-0.00042084, 0.001096277,-0.002292096,-0.00025229,-0.00270503,sell
2022-12-04,0,1,1,0,1,0,4,3,0,3,3,1,3,3,0,2,1, 0.00190697, 0.001091553, 0.000179374, 0.00122885, 0.00167226,buy
2022-12-05,1,2,0,2,1,1,4,3,0,3,3,2,2,4,1,4,1, 0.00030511, 0.001022545, 0.000994743, 0.00083874, 0.00049132,buy
2022-12-06,0,1,1,1,2,1,3,1,2,3,4,1,1,4,1,3,1,-0.00173462,-0.001967780,-0.003628945,-0.00196778,-0.00194129,sell
2022-12-07,0,2,0,3,1,1,2,0,0,2,3,1,0,2,1,4,0, 0.00318606, 0.003732497, 0.003638772, 0.00318606, 0.00318606,buy
2022-12-08,1,1,1,3,2,1,3,1,1,2,2,2,1,3,3,5,0,-0.00128648,-0.001395252, 0.000011053,-0.00129467, 0.00070413,sell
2022-12-09,0,2,0,3,2,2,2,2,1,2,3,1,1,3,3,4,1,-0.00006249, 0.000325865,-0.000398993,-0.00060536, 0.00014371,sell
2022-12-10,0,2,0,2,1,0,2,1,2,1,3,1,0,1,3,3,0, 0.00218352, 0.002591351, 0.004807325, 0.00369032, 0.00311483,buy
2022-12-11,0,0,2,2,2,1,1,2,1,2,2,1,2,2,3,2,1,-0.00106143,-0.001076421,-0.000836951,-0.00307353,-0.00183168,sell
2022-12-12,0,0,0,4,1,0,1,2,2,1,1,1,2,1,3,2,1, 0.00016042,-0.000199861, 0.000831340, 0.00083134, 0.00267286,buy
2022-12-13,0,0,0,3,2,1,1,1,2,2,1,1,2,2,3,2,1, 0.00360805, 0.001031747, 0.002585455, 0.00012575, 0.00136220,buy
2022-12-14,0,1,1,1,3,0,1,1,1,1,1,1,1,2,2,2,1, 0.00212272, 0.000589249, 0.000576952, 0.00086731, 0.00212272,buy
2022-12-15,0,0,3,2,2,0,2,1,0,2,0,2,1,3,2,3,1,-0.00027752, 0.000333977, 0.000646577,-0.00039920,-0.00020267,sell
2022-12-16,0,2,2,2,2,2,1,1,0,1,1,2,2,3,2,2,1, 0.00218763, 0.002289088, 0.002187631, 0.00201451, 0.00225662,buy
2022-12-17,0,1,2,3,3,0,1,0,0,1,0,3,0,3,1,3,1, 0.00007132,-0.000510236, 0.000071315,-0.00014143, 0.00046781,buy
2022-12-18,0,1,2,2,3,0,1,0,0,2,1,2,1,4,1,2,0,-0.00108295, 0.003007569,-0.000374373,-0.00089044, 0.00177135,sell
2022-12-19,0,1,2,4,3,0,1,0,1,2,2,3,1,3,1,3,1, 0.00078678, 0.002939008, 0.000763740, 0.00076374,-0.00032688,buy
2022-12-20,0,0,2,3,2,1,2,0,1,2,2,2,1,2,2,3,1, 0.00072142, 0.000026770, 0.000774993, 0.00019769, 0.00056727,buy
2022-12-21,0,1,2,2,1,1,2,1,2,1,2,2,2,3,1,2,1, 0.00115336, 0.001778989, 0.001721958, 0.00012085,-0.00027216,buy
2022-12-22,0,2,1,2,1,1,3,1,2,2,2,1,3,3,2,3,1,-0.00239525, 0.000418714, 0.000418714,-0.00351585,-0.00011485,sell
2022-12-23,0,0,1,3,1,0,2,1,1,2,2,1,1,2,2,3,0, 0.00088979, 0.000889785, 0.001464317, 0.00088979, 0.00129539,buy
2022-12-24,1,0,1,4,1,0,3,0,2,1,1,3,2,1,3,2,1,-0.00286021,-0.002691761,-0.002972904,-0.00297692,-0.00249898,sell
2022-12-25,2,1,1,3,0,0,2,2,3,0,1,3,3,2,3,1,1, 0.00017479, 0.000232516, 0.000118561,-0.00029017,-0.00002613,buy
2022-12-26,2,0,1,1,0,0,4,2,2,1,1,2,3,0,4,1,2, 0.00250743, 0.002740520, 0.002564905, 0.00256490, 0.00239134,buy
2022-12-27,2,1,0,2,1,0,4,2,2,1,1,5,2,2,3,0,2, 0.00107605, 0.001058026, 0.001075182, 0.00089066, 0.00073657,buy
2022-12-28,3,0,0,2,1,0,2,2,4,1,0,4,3,2,3,1,2,-0.00037312,-0.000373124,-0.000314721,-0.00121043,-0.00043021,sell
2022-12-29,5,0,0,2,1,0,3,3,4,0,1,3,3,3,5,1,2,-0.00273457,-0.002664713,-0.002722658,-0.00065452,-0.00049333,sell
2022-12-30,2,0,0,2,1,0,2,2,3,0,0,4,1,1,4,1,1,-0.00276707,-0.002764561,-0.002909055,-0.00216780,-0.00166997,sell
2022-12-31,1,1,0,2,1,0,3,2,2,2,1,4,2,2,4,0,1,-0.00270195,-0.001996567,-0.003915394,-0.00301841,-0.00439102,sell
